Effective Date,Fund Name,Option Name,Asset Class Name,Int/Ext,Name/Kind of Investment Item,Currency,Stock ID,Listed Country,Units Held,% Ownership,Address,Value (AUD),Weighting
31/12/2024,Care Super,Balanced,Cash,1,Australia and New Zealand Banking Group,AUD,,,,,,110893396.0,0.0026
31/12/2024,Care Super,Balanced,Cash,1,Bank of America Merrill Lynch,AUD,,,,,,2160863.0,0.0001
31/12/2024,Care Super,Balanced,Cash,1,Bank of America Merrill Lynch,USD,,,,,,-860394.0,0.0
31/12/2024,Care Super,Balanced,Cash,1,Bank of New York Mellon,USD,,,,,,351428.0,0.0
31/12/2024,Care Super,Balanced,Cash,1,The Bank Of Nova Scotia,AUD,,,,,,140846685.0,0.0033
31/12/2024,Care Super,Balanced,Cash,1,Bank of Queensland,AUD,,,,,,127249299.0,0.003
31/12/2024,Care Super,Balanced,Cash,1,Barclays Bank,AUD,,,,,,107590.0,0.0
31/12/2024,Care Super,Balanced,Cash,1,Barclays Bank,CAD,,,,,,-76536.0,0.0
31/12/2024,Care Super,Balanced,Cash,1,Barclays Bank,EUR,,,,,,-662516.0,0.0
31/12/2024,Care Super,Balanced,Cash,1,Barclays Bank,GBP,,,,,,847820.0,0.0
31/12/2024,Care Super,Balanced,Cash,1,Barclays Bank,ILS,,,,,,47.0,0.0
31/12/2024,Care Super,Balanced,Cash,1,Barclays Bank,JPY,,,,,,-319087.0,0.0
31/12/2024,Care Super,Balanced,Cash,1,Barclays Bank,NZD,,,,,,-10377.0,0.0
31/12/2024,Care Super,Balanced,Cash,1,Barclays Bank,SEK,,,,,,17608.0,0.0
31/12/2024,Care Super,Balanced,Cash,1,Barclays Bank,SGD,,,,,,23101.0,0.0
31/12/2024,Care Super,Balanced,Cash,1,Barclays Bank,THB,,,,,,1341.0,0.0
31/12/2024,Care Super,Balanced,Cash,1,Barclays Bank,USD,,,,,,6815139.0,0.0002
31/12/2024,Care Super,Balanced,Cash,1,Bendigo and Adelaide Bank,AUD,,,,,,109399820.0,0.0026
31/12/2024,Care Super,Balanced,Cash,1,BNP Paribas,USD,,,,,,5127220.0,0.0001
31/12/2024,Care Super,Balanced,Cash,1,Canadian Imperial Bank of Commerce,AUD,,,,,,179177870.0,0.0042
31/12/2024,Care Super,Balanced,Cash,1,Challenger,AUD,,,,,,46095867.0,0.0011
31/12/2024,Care Super,Balanced,Cash,1,Citigroup,AUD,,,,,,35277182.0,0.0008
31/12/2024,Care Super,Balanced,Cash,1,Citigroup,CAD,,,,,,-8079.0,0.0
31/12/2024,Care Super,Balanced,Cash,1,Citigroup,EUR,,,,,,-255336.0,0.0
31/12/2024,Care Super,Balanced,Cash,1,Citigroup,GBP,,,,,,136499.0,0.0
31/12/2024,Care Super,Balanced,Cash,1,Citigroup,JPY,,,,,,44753.0,0.0
31/12/2024,Care Super,Balanced,Cash,1,Citigroup,USD,,,,,,5453846.0,0.0001
31/12/2024,Care Super,Balanced,Cash,1,Commonwealth Bank Of Australia,AUD,,,,,,286532906.0,0.0068000000000000005
31/12/2024,Care Super,Balanced,Cash,1,Credit Agricole,AUD,,,,,,179606716.0,0.0042
31/12/2024,Care Super,Balanced,Cash,1,Credit Union Australia,AUD,,,,,,30690135.0,0.0007000000000000001
31/12/2024,Care Super,Balanced,Cash,1,Cuscal,AUD,,,,,,3701202.0,0.0001
31/12/2024,Care Super,Balanced,Cash,1,DBS Bank Ltd,AUD,,,,,,177978745.0,0.0042
31/12/2024,Care Super,Balanced,Cash,1,Deutsche Bank,USD,,,,,,1381477.0,0.0
31/12/2024,Care Super,Balanced,Cash,1,Goldman Sachs,AUD,,,,,,1095438.0,0.0
31/12/2024,Care Super,Balanced,Cash,1,Goldman Sachs,USD,,,,,,-10227299.0,-0.0002
31/12/2024,Care Super,Balanced,Cash,1,HSBC Bank,CHF,,,,,,4772.0,0.0
31/12/2024,Care Super,Balanced,Cash,1,HSBC Bank,EUR,,,,,,184889.0,0.0
31/12/2024,Care Super,Balanced,Cash,1,HSBC Bank,GBP,,,,,,42778.0,0.0
31/12/2024,Care Super,Balanced,Cash,1,HSBC Bank,JPY,,,,,,48500.0,0.0
31/12/2024,Care Super,Balanced,Cash,1,HSBC Bank,USD,,,,,,1685769.0,0.0
31/12/2024,Care Super,Balanced,Cash,1,ING Bank (Australia),AUD,,,,,,171379074.0,0.004
31/12/2024,Care Super,Balanced,Cash,1,JP Morgan Chase & Co,AED,,,,,,706.0,0.0
31/12/2024,Care Super,Balanced,Cash,1,JP Morgan Chase & Co,AUD,,,,,,532686006.0,0.0126
31/12/2024,Care Super,Balanced,Cash,1,JP Morgan Chase & Co,BRL,,,,,,225189.0,0.0
31/12/2024,Care Super,Balanced,Cash,1,JP Morgan Chase & Co,CAD,,,,,,1333927.0,0.0
31/12/2024,Care Super,Balanced,Cash,1,JP Morgan Chase & Co,CHF,,,,,,401752.0,0.0
31/12/2024,Care Super,Balanced,Cash,1,JP Morgan Chase & Co,CNH,,,,,,-131396730.0,-0.0031
31/12/2024,Care Super,Balanced,Cash,1,JP Morgan Chase & Co,CNY,,,,,,132330249.0,0.0031
31/12/2024,Care Super,Balanced,Cash,1,JP Morgan Chase & Co,COP,,,,,,-4.0,0.0
31/12/2024,Care Super,Balanced,Cash,1,JP Morgan Chase & Co,CZK,,,,,,1459488.0,0.0
31/12/2024,Care Super,Balanced,Cash,1,JP Morgan Chase & Co,DKK,,,,,,98042.0,0.0
31/12/2024,Care Super,Balanced,Cash,1,JP Morgan Chase & Co,EUR,,,,,,6140744.0,0.0001
31/12/2024,Care Super,Balanced,Cash,1,JP Morgan Chase & Co,GBP,,,,,,2454679.0,0.0001
31/12/2024,Care Super,Balanced,Cash,1,JP Morgan Chase & Co,HKD,,,,,,1592797.0,0.0
31/12/2024,Care Super,Balanced,Cash,1,JP Morgan Chase & Co,HUF,,,,,,61022.0,0.0
31/12/2024,Care Super,Balanced,Cash,1,JP Morgan Chase & Co,IDR,,,,,,10470.0,0.0
31/12/2024,Care Super,Balanced,Cash,1,JP Morgan Chase & Co,ILS,,,,,,333138.0,0.0
31/12/2024,Care Super,Balanced,Cash,1,JP Morgan Chase & Co,INR,,,,,,233925.0,0.0
31/12/2024,Care Super,Balanced,Cash,1,JP Morgan Chase & Co,JPY,,,,,,3926297.0,0.0001
31/12/2024,Care Super,Balanced,Cash,1,JP Morgan Chase & Co,KRW,,,,,,12130.0,0.0
31/12/2024,Care Super,Balanced,Cash,1,JP Morgan Chase & Co,MXN,,,,,,304722.0,0.0
31/12/2024,Care Super,Balanced,Cash,1,JP Morgan Chase & Co,NOK,,,,,,22800.0,0.0
31/12/2024,Care Super,Balanced,Cash,1,JP Morgan Chase & Co,NZD,,,,,,165070.0,0.0
31/12/2024,Care Super,Balanced,Cash,1,JP Morgan Chase & Co,PHP,,,,,,1218.0,0.0
31/12/2024,Care Super,Balanced,Cash,1,JP Morgan Chase & Co,PLN,,,,,,132982.0,0.0
31/12/2024,Care Super,Balanced,Cash,1,JP Morgan Chase & Co,RON,,,,,,5570.0,0.0
31/12/2024,Care Super,Balanced,Cash,1,JP Morgan Chase & Co,RUB,,,,,,93726.0,0.0
31/12/2024,Care Super,Balanced,Cash,1,JP Morgan Chase & Co,SAR,,,,,,82627.0,0.0
31/12/2024,Care Super,Balanced,Cash,1,JP Morgan Chase & Co,SEK,,,,,,106521.0,0.0
31/12/2024,Care Super,Balanced,Cash,1,JP Morgan Chase & Co,SGD,,,,,,2733053.0,0.0001
31/12/2024,Care Super,Balanced,Cash,1,JP Morgan Chase & Co,THB,,,,,,862.0,0.0
31/12/2024,Care Super,Balanced,Cash,1,JP Morgan Chase & Co,TRY,,,,,,15144.0,0.0
31/12/2024,Care Super,Balanced,Cash,1,JP Morgan Chase & Co,TWD,,,,,,216525.0,0.0
31/12/2024,Care Super,Balanced,Cash,1,JP Morgan Chase & Co,USD,,,,,,293896978.0,0.0069
31/12/2024,Care Super,Balanced,Cash,1,JP Morgan Chase & Co,ZAR,,,,,,256731.0,0.0
31/12/2024,Care Super,Balanced,Cash,1,Macquarie Bank,AUD,,,,,,38983009.0,0.0009
31/12/2024,Care Super,Balanced,Cash,1,Macquarie Bank,CHF,,,,,,-352808.0,0.0
31/12/2024,Care Super,Balanced,Cash,1,Macquarie Bank,EUR,,,,,,1356796.0,0.0
31/12/2024,Care Super,Balanced,Cash,1,Macquarie Bank,GBP,,,,,,-95725.0,0.0
31/12/2024,Care Super,Balanced,Cash,1,Macquarie Bank,JPY,,,,,,-502274.0,0.0
31/12/2024,Care Super,Balanced,Cash,1,Macquarie Bank,USD,,,,,,8957298.0,0.0002
31/12/2024,Care Super,Balanced,Cash,1,Members Equity Bank,AUD,,,,,,15352942.0,0.0004
31/12/2024,Care Super,Balanced,Cash,1,MSCI Inc,AUD,,,,,,58.0,0.0
31/12/2024,Care Super,Balanced,Cash,1,MSCI Inc,CAD,,,,,,-194605.0,0.0
31/12/2024,Care Super,Balanced,Cash,1,MSCI Inc,EUR,,,,,,546406.0,0.0
31/12/2024,Care Super,Balanced,Cash,1,MSCI Inc,GBP,,,,,,-84088.0,0.0
31/12/2024,Care Super,Balanced,Cash,1,MSCI Inc,JPY,,,,,,-168.0,0.0
31/12/2024,Care Super,Balanced,Cash,1,MSCI Inc,USD,,,,,,5032742.0,0.0001
31/12/2024,Care Super,Balanced,Cash,1,MUFG Bank Ltd,AUD,,,,,,179834754.0,0.0042
31/12/2024,Care Super,Balanced,Cash,1,National Australia Bank,AUD,,,,,,412350276.0,0.0097
31/12/2024,Care Super,Balanced,Cash,1,Hungarian National Bank,HUF,,,,,,1451473.0,0.0
31/12/2024,Care Super,Balanced,Cash,1,Norfina,AUD,,,,,,53710665.0,0.0013
31/12/2024,Care Super,Balanced,Cash,1,Sumitomo Mitsui Banking Corporation,AUD,,,,,,181398953.0,0.0043
31/12/2024,Care Super,Balanced,Cash,1,UBS,AUD,,,,,,9248202.0,0.0002
31/12/2024,Care Super,Balanced,Cash,1,UBS,USD,,,,,,1368136.0,0.0
31/12/2024,Care Super,Balanced,Cash,1,Wells Fargo,USD,,,,,,4298334.0,0.0001
31/12/2024,Care Super,Balanced,Cash,1,Westpac Banking Corporation,AUD,,,,,,276736523.0,0.006500000000000001
31/12/2024,Care Super,Balanced,Cash,1,Westpac Banking Corporation,USD,,,,,,-206010.0,0.0
31/12/2024,Care Super,Balanced,Cash,1,Sub Total,,,,,,,3651069396.0,0.0861
31/12/2024,Care Super,Balanced,Fixed Income,1,"Apollo Global Management, LLC",,,,,,,161325379.0,0.0038
31/12/2024,Care Super,Balanced,Fixed Income,1,"Bain Capital Credit, LP",,,,,,,678107650.0,0.016
31/12/2024,Care Super,Balanced,Fixed Income,1,Barings LLC,,,,,,,2380492.0,0.0001
31/12/2024,Care Super,Balanced,Fixed Income,1,Capula Investment Management LLP,,,,,,,385866573.0,0.0091
31/12/2024,Care Super,Balanced,Fixed Income,1,Citigroup Global Market Australia Pty Ltd,,,,,,,1129968984.0,0.026699999999999998
31/12/2024,Care Super,Balanced,Fixed Income,1,Coolabah Capital Institutional Investments Pty Ltd,,,,,,,371358069.0,0.0088
31/12/2024,Care Super,Balanced,Fixed Income,1,"Elementum Advisors, LLC",,,,,,,239240132.0,0.005600000000000001
31/12/2024,Care Super,Balanced,Fixed Income,1,"Fermat Capital Management, LLC",,,,,,,304426507.0,0.0072
31/12/2024,Care Super,Balanced,Fixed Income,1,Hayfin Management limited,,,,,,,11079214.0,0.0003
31/12/2024,Care Super,Balanced,Fixed Income,1,IFM Investors Pty Ltd,,,,,,,6950602.0,0.0002
31/12/2024,Care Super,Balanced,Fixed Income,1,Jamieson Coote Bonds Pty Ltd,,,,,,,635572105.0,0.015
31/12/2024,Care Super,Balanced,Fixed Income,1,Janus Henderson Investors (Australia) Institutional Funds Management Limited,,,,,,,631650774.0,0.0149
31/12/2024,Care Super,Balanced,Fixed Income,1,JPMorgan Asset Management (Australia) Limited,,,,,,,113107911.0,0.0027
31/12/2024,Care Super,Balanced,Fixed Income,1,"Marathon Asset Management, L.P.",,,,,,,790847662.0,0.0187
31/12/2024,Care Super,Balanced,Fixed Income,1,Metrics Credit Partners Pty Ltd,,,,,,,298588056.0,0.006999999999999999
31/12/2024,Care Super,Balanced,Fixed Income,1,Partners Group Holding AG,,,,,,,8803437.0,0.0002
31/12/2024,Care Super,Balanced,Fixed Income,1,PIMCO Australia Pty Ltd,,,,,,,422099785.0,0.01
31/12/2024,Care Super,Balanced,Fixed Income,1,QIC Limited,,,,,,,135509409.0,0.0032
31/12/2024,Care Super,Balanced,Fixed Income,1,"Shenkman Capital Management, Inc",,,,,,,530015057.0,0.0125
31/12/2024,Care Super,Balanced,Fixed Income,1,State Street Bank and Trust Company,,,,,,,3744.0,0.0
31/12/2024,Care Super,Balanced,Fixed Income,1,TCW Asset Management Company LLC,,,,,,,585733119.0,0.0138
31/12/2024,Care Super,Balanced,Fixed Income,1,Sub Total,,,,,,,7442634664.0,0.17559999999999998
31/12/2024,Care Super,Balanced,Listed Equity,1,3i Group PLC,,III LN,United Kingdom,109771.0,,,7913584.0,0.0002
31/12/2024,Care Super,Balanced,Listed Equity,1,3M Co,,MMM US,United States,31378.0,,,6542247.0,0.0002
31/12/2024,Care Super,Balanced,Listed Equity,1,A O Smith Corp,,AOS US,United States,18472.0,,,2035056.0,0.0
31/12/2024,Care Super,Balanced,Listed Equity,1,a2 Milk Co Ltd/The,,A2M AU,Australia,4179644.0,,,24158341.0,0.0006
31/12/2024,Care Super,Balanced,Listed Equity,1,A2A SpA,,A2A IM,Italy,734539.0,,,2635095.0,0.0001
31/12/2024,Care Super,Balanced,Listed Equity,1,AAC Technologies Holdings Inc,,2018 HK,Hong Kong,403516.0,,,3146226.0,0.0001
31/12/2024,Care Super,Balanced,Listed Equity,1,ABB Ltd,,ABBN SW,Switzerland,124208.0,,,10862266.0,0.0003
31/12/2024,Care Super,Balanced,Listed Equity,1,Abbott Laboratories,,ABT US,United States,37532.0,,,6856614.0,0.0002
31/12/2024,Care Super,Balanced,Listed Equity,1,AbbVie Inc,,ABBV US,United States,91557.0,,,26277431.0,0.0006
31/12/2024,Care Super,Balanced,Listed Equity,1,ABN AMRO Bank NV,,ABN NA,Netherlands,259927.0,,,6472933.0,0.0002
31/12/2024,Care Super,Balanced,Listed Equity,1,Abu Dhabi Commercial Bank PJSC,,ADCB UH,United Arab Emirates,571402.0,,,2618102.0,0.0001
31/12/2024,Care Super,Balanced,Listed Equity,1,Abu Dhabi Islamic Bank PJSC,,ADIB UH,United Arab Emirates,223291.0,,,1356924.0,0.0
31/12/2024,Care Super,Balanced,Listed Equity,1,Accent Group Ltd,,AX1 AU,Australia,70732.0,,,165513.0,0.0
31/12/2024,Care Super,Balanced,Listed Equity,1,Accenture PLC,,ACN US,United States,40385.0,,,22946131.0,0.0005
31/12/2024,Care Super,Balanced,Listed Equity,1,Accton Technology Corp,,2345 TT,Taiwan,95886.0,,,3651497.0,0.0001
31/12/2024,Care Super,Balanced,Listed Equity,1,ACS Actividades de Construccion y Servicios SA,,ACS SM,Spain,9176.0,,,743396.0,0.0
31/12/2024,Care Super,Balanced,Listed Equity,1,Acuity Brands Inc,,AYI US,United States,5943.0,,,2804265.0,0.0001
31/12/2024,Care Super,Balanced,Listed Equity,1,Adairs Ltd,,ADH AU,Australia,31874.0,,,86059.0,0.0
31/12/2024,Care Super,Balanced,Listed Equity,1,adidas AG,,ADS GR,Germany,3467.0,,,1372989.0,0.0
31/12/2024,Care Super,Balanced,Listed Equity,1,Adnoc Gas PLC,,ADNOCGAS UH,United Arab Emirates,1458562.0,,,2251175.0,0.0001
31/12/2024,Care Super,Balanced,Listed Equity,1,ADNOC Logistics & Services,,ADNOCLS UH,United Arab Emirates,105983.0,,,253054.0,0.0
31/12/2024,Care Super,Balanced,Listed Equity,1,Adobe Inc,,ADBE US,United States,78112.0,,,56100565.0,0.0013
31/12/2024,Care Super,Balanced,Listed Equity,1,Adriatic Metals PLC,,ADT AU,Australia,56209.0,,,219215.0,0.0
31/12/2024,Care Super,Balanced,Listed Equity,1,Advanced Micro Devices Inc,,AMD US,United States,112952.0,,,22035737.0,0.0005
31/12/2024,Care Super,Balanced,Listed Equity,1,Advantech Co Ltd,,2395 TT,Taiwan,312601.0,,,5336160.0,0.0001
31/12/2024,Care Super,Balanced,Listed Equity,1,Advantest Corp,,6857 JP,Japan,77215.0,,,7298911.0,0.0002
31/12/2024,Care Super,Balanced,Listed Equity,1,Adyen NV,,ADYEN NA,Netherlands,12015.0,,,28876440.0,0.0007000000000000001
31/12/2024,Care Super,Balanced,Listed Equity,1,Aena SME SA,,AENA SM,Spain,945.0,,,311848.0,0.0
31/12/2024,Care Super,Balanced,Listed Equity,1,AerCap Holdings NV,,AER US,United States,85981.0,,,13289837.0,0.0003
31/12/2024,Care Super,Balanced,Listed Equity,1,Aeroports de Paris SA,,ADP FP,France,372.0,,,69545.0,0.0
31/12/2024,Care Super,Balanced,Listed Equity,1,Aflac Inc,,AFL US,United States,10757.0,,,1797165.0,0.0
31/12/2024,Care Super,Balanced,Listed Equity,1,Agilent Technologies Inc,,A US,United States,1682.0,,,364917.0,0.0
31/12/2024,Care Super,Balanced,Listed Equity,1,AGL Energy Ltd,,AGL AU,Australia,927531.0,,,10471826.0,0.0002
31/12/2024,Care Super,Balanced,Listed Equity,1,Agnico Eagle Mines Limited/Mines Agnico Eagle Limitee,,AEM CN,Canada,35581.0,,,4493659.0,0.0001
31/12/2024,Care Super,Balanced,Listed Equity,1,AIA Group Ltd,,1299 HK,Hong Kong,3642314.0,,,42636694.0,0.001
31/12/2024,Care Super,Balanced,Listed Equity,1,AIB Group PLC,,AIBG ID,Ireland,28044.0,,,249992.0,0.0
31/12/2024,Care Super,Balanced,Listed Equity,1,Aier Eye Hospital Group Co Ltd,,300015 C2,China,55764.0,,,163491.0,0.0
31/12/2024,Care Super,Balanced,Listed Equity,1,Air Canada,,AC CN,Canada,16196.0,,,404875.0,0.0
31/12/2024,Care Super,Balanced,Listed Equity,1,Air Liquide SA,,AI FP,France,11288.0,,,2962380.0,0.0001
31/12/2024,Care Super,Balanced,Listed Equity,1,Airbnb Inc,,ABNB US,United States,106510.0,,,22605922.0,0.0005
31/12/2024,Care Super,Balanced,Listed Equity,1,Airbus SE,,AIR FP,France,60780.0,,,15733618.0,0.0004
31/12/2024,Care Super,Balanced,Listed Equity,1,Airtac International Group,,1590 TT,Taiwan,64337.0,,,2675081.0,0.0001
31/12/2024,Care Super,Balanced,Listed Equity,1,Ajinomoto Co Inc,,2802 JP,Japan,6620.0,,,438976.0,0.0
31/12/2024,Care Super,Balanced,Listed Equity,1,Akamai Technologies Inc,,AKAM US,United States,14730.0,,,2275518.0,0.0001
31/12/2024,Care Super,Balanced,Listed Equity,1,Akbank TAS,,AKBNK TI,Turkey,8775.0,,,25992.0,0.0
31/12/2024,Care Super,Balanced,Listed Equity,1,Al Rajhi Bank,,RJHI AB,Saudi Arabia,83501.0,,,3395487.0,0.0001
31/12/2024,Care Super,Balanced,Listed Equity,1,Al Rajhi Co for Co-operative Insurance,,ARCCI AB,Saudi Arabia,3760.0,,,277329.0,0.0
31/12/2024,Care Super,Balanced,Listed Equity,1,Albertsons Cos Inc,,ACI US,United States,5317.0,,,168663.0,0.0
31/12/2024,Care Super,Balanced,Listed Equity,1,Alcoa Corp,,AAI AU,Australia,847287.0,,,50261048.0,0.0012
31/12/2024,Care Super,Balanced,Listed Equity,1,Alcoa Corp,,AA US,United States,114291.0,,,6973945.0,0.0002
31/12/2024,Care Super,Balanced,Listed Equity,1,Alcon Inc,,ALC SW,Switzerland,175103.0,,,23998089.0,0.0006
31/12/2024,Care Super,Balanced,Listed Equity,1,Alfresa Holdings Corp,,2784 JP,Japan,400.0,,,8894.0,0.0
31/12/2024,Care Super,Balanced,Listed Equity,1,Algonquin Power & Utilities Corp,,AQN CN,Canada,8836.0,,,63310.0,0.0
31/12/2024,Care Super,Balanced,Listed Equity,1,Alibaba Group Holding Ltd,,BABA US,United States,33025.0,,,4522634.0,0.0001
31/12/2024,Care Super,Balanced,Listed Equity,1,Alibaba Group Holding Ltd,,9988 HK,Hong Kong,1684531.0,,,28860507.0,0.0007000000000000001
31/12/2024,Care Super,Balanced,Listed Equity,1,Align Technology Inc,,ALGN US,United States,26868.0,,,9048295.0,0.0002
31/12/2024,Care Super,Balanced,Listed Equity,1,Allegion plc,,ALLE US,United States,87110.0,,,18385780.0,0.0004
31/12/2024,Care Super,Balanced,Listed Equity,1,Allegro.eu SA,,ALE PW,Poland,90336.0,,,956535.0,0.0
31/12/2024,Care Super,Balanced,Listed Equity,1,ALLETE Inc,,ALE US,United States,686.0,,,71789.0,0.0
31/12/2024,Care Super,Balanced,Listed Equity,1,Alliance Aviation Services Ltd,,AQZ AU,Australia,1422167.0,,,4223835.0,0.0001
31/12/2024,Care Super,Balanced,Listed Equity,1,Alliant Energy Corp,,LNT US,United States,2922.0,,,279096.0,0.0
31/12/2024,Care Super,Balanced,Listed Equity,1,Allianz SE,,ALV GR,Germany,39841.0,,,19716529.0,0.0005
31/12/2024,Care Super,Balanced,Listed Equity,1,Ally Financial Inc,,ALLY US,United States,210681.0,,,12253285.0,0.0003
31/12/2024,Care Super,Balanced,Listed Equity,1,Alnylam Pharmaceuticals Inc,,ALNY US,United States,10864.0,,,4129042.0,0.0001
31/12/2024,Care Super,Balanced,Listed Equity,1,Alpha Dhabi Holding PJSC,,ALPHADHA UH,United Arab Emirates,944938.0,,,4944557.0,0.0001
31/12/2024,Care Super,Balanced,Listed Equity,1,Alpha HPA Ltd,,A4N AU,Australia,213646.0,,,190145.0,0.0
31/12/2024,Care Super,Balanced,Listed Equity,1,Alphabet Inc,,GOOGL US,United States,589910.0,,,180360106.0,0.0043
31/12/2024,Care Super,Balanced,Listed Equity,1,Alphabet Inc,,GOOG US,United States,516231.0,,,158783793.0,0.0037
31/12/2024,Care Super,Balanced,Listed Equity,1,Alps Alpine Co Ltd,,6770 JP,Japan,19168.0,,,317648.0,0.0
31/12/2024,Care Super,Balanced,Listed Equity,1,ALS Ltd,,ALQ AU,Australia,2953403.0,,,44537317.0,0.0011
31/12/2024,Care Super,Balanced,Listed Equity,1,Amadeus IT Group SA,,AMS SM,Spain,53032.0,,,6048909.0,0.0001
31/12/2024,Care Super,Balanced,Listed Equity,1,Amazon.com Inc,,AMZN US,United States,860213.0,,,304808515.0,0.0072
31/12/2024,Care Super,Balanced,Listed Equity,1,Ambev SA,,ABEV US,United States,4437468.0,,,13259008.0,0.0003
31/12/2024,Care Super,Balanced,Listed Equity,1,Ambev SA,,ABEV3 BZ,Brazil,157658.0,,,483894.0,0.0
31/12/2024,Care Super,Balanced,Listed Equity,1,Amcor PLC,,AMC AU,Australia,3228288.0,,,48327480.0,0.0011
31/12/2024,Care Super,Balanced,Listed Equity,1,Amdocs Ltd,,DOX US,United States,52975.0,,,7284716.0,0.0002
31/12/2024,Care Super,Balanced,Listed Equity,1,Ameren Corp,,AEE US,United States,3096.0,,,445760.0,0.0
31/12/2024,Care Super,Balanced,Listed Equity,1,America Movil SAB de CV,,AMXB MM,Mexico,2768013.0,,,3214412.0,0.0001
31/12/2024,Care Super,Balanced,Listed Equity,1,American Electric Power Co Inc,,AEP US,United States,77987.0,,,11617123.0,0.0003
31/12/2024,Care Super,Balanced,Listed Equity,1,American Express Co,,AXP US,United States,126091.0,,,60442030.0,0.0014000000000000002
31/12/2024,Care Super,Balanced,Listed Equity,1,American International Group Inc,,AIG US,United States,58504.0,,,6878965.0,0.0002
31/12/2024,Care Super,Balanced,Listed Equity,1,American States Water Co,,AWR US,United States,416.0,,,52198.0,0.0
31/12/2024,Care Super,Balanced,Listed Equity,1,American Water Works Co Inc,,AWK US,United States,2273.0,,,457067.0,0.0
31/12/2024,Care Super,Balanced,Listed Equity,1,Ameriprise Financial Inc,,AMP US,United States,13272.0,,,11413386.0,0.0003
31/12/2024,Care Super,Balanced,Listed Equity,1,Amgen Inc,,AMGN US,United States,29401.0,,,12376647.0,0.0003
31/12/2024,Care Super,Balanced,Listed Equity,1,Amotiv Ltd,,AOV AU,Australia,1511113.0,,,16017800.0,0.0004
31/12/2024,Care Super,Balanced,Listed Equity,1,AMP Ltd,,AMP AU,Australia,16807286.0,,,26639548.0,0.0006
31/12/2024,Care Super,Balanced,Listed Equity,1,Amphenol Corp,,APH US,United States,22949.0,,,2574177.0,0.0001
31/12/2024,Care Super,Balanced,Listed Equity,1,Amplitude Energy Ltd,,AEL AU,Australia,4840618.0,,,992327.0,0.0
31/12/2024,Care Super,Balanced,Listed Equity,1,Ampol Ltd,,ALD AU,Australia,2593728.0,,,73117184.0,0.0017000000000000001
31/12/2024,Care Super,Balanced,Listed Equity,1,Amundi SA,,AMUN FP,France,100872.0,,,10830753.0,0.0003
31/12/2024,Care Super,Balanced,Listed Equity,1,ANA Holdings Inc,,9202 JP,Japan,24788.0,,,729968.0,0.0
31/12/2024,Care Super,Balanced,Listed Equity,1,Analog Devices Inc,,ADI US,United States,40933.0,,,14046033.0,0.0003
31/12/2024,Care Super,Balanced,Listed Equity,1,ANDRITZ AG,,ANDR AV,Austria,2454.0,,,201037.0,0.0
31/12/2024,Care Super,Balanced,Listed Equity,1,Anglo American Platinum Ltd,,AMS SJ,South Africa,65342.0,,,3181977.0,0.0001
31/12/2024,Care Super,Balanced,Listed Equity,1,Anheuser-Busch InBev SA/NV,,ABI BB,Belgium,37874.0,,,3056268.0,0.0001
31/12/2024,Care Super,Balanced,Listed Equity,1,Anritsu Corp,,6754 JP,Japan,2181.0,,,31608.0,0.0
31/12/2024,Care Super,Balanced,Listed Equity,1,Ansell Ltd,,ANN AU,Australia,476507.0,,,16115471.0,0.0004
31/12/2024,Care Super,Balanced,Listed Equity,1,ANSYS Inc,,ANSS US,United States,29341.0,,,15985786.0,0.0004
31/12/2024,Care Super,Balanced,Listed Equity,1,ANZ Group Holdings Ltd,,ANZ AU,Australia,6901147.0,,,196958728.0,0.0046
31/12/2024,Care Super,Balanced,Listed Equity,1,Aon PLC,,AON US,United States,35041.0,,,20326856.0,0.0005
31/12/2024,Care Super,Balanced,Listed Equity,1,AP Moller - Maersk A/S,,MAERSKB DC,Denmark,221.0,,,590101.0,0.0
31/12/2024,Care Super,Balanced,Listed Equity,1,AP Moller - Maersk A/S,,MAERSKA DC,Denmark,137.0,,,354639.0,0.0
31/12/2024,Care Super,Balanced,Listed Equity,1,APA Corp,,APA US,United States,33786.0,,,1259967.0,0.0
31/12/2024,Care Super,Balanced,Listed Equity,1,Apple Inc,,AAPL US,United States,706544.0,,,285767163.0,0.0067
31/12/2024,Care Super,Balanced,Listed Equity,1,Applied Materials Inc,,AMAT US,United States,171783.0,,,45121697.0,0.0011
31/12/2024,Care Super,Balanced,Listed Equity,1,AppLovin Corp,,APP US,United States,49975.0,,,26137963.0,0.0006
31/12/2024,Care Super,Balanced,Listed Equity,1,Aptiv PLC,,APTV US,United States,41432.0,,,4047187.0,0.0001
31/12/2024,Care Super,Balanced,Listed Equity,1,Arab National Bank,,ARNB AB,Saudi Arabia,53628.0,,,485931.0,0.0
31/12/2024,Care Super,Balanced,Listed Equity,1,Arafura Rare Earths Ltd,,ARU AU,Australia,468743.0,,,53905.0,0.0
31/12/2024,Care Super,Balanced,Listed Equity,1,Aramark,,ARMK US,United States,61500.0,,,3705969.0,0.0001
31/12/2024,Care Super,Balanced,Listed Equity,1,ARB Corp Ltd,,ARB AU,Australia,102212.0,,,4150809.0,0.0001
31/12/2024,Care Super,Balanced,Listed Equity,1,ARC Resources Ltd,,ARX CN,Canada,39781.0,,,1164663.0,0.0
31/12/2024,Care Super,Balanced,Listed Equity,1,Arca Continental SAB de CV,,AC* MM,Mexico,129296.0,,,1734888.0,0.0
31/12/2024,Care Super,Balanced,Listed Equity,1,Arcadium Lithium PLC,,LTM AU,Australia,54798.0,,,449340.0,0.0
31/12/2024,Care Super,Balanced,Listed Equity,1,ArcelorMittal SA,,MT NA,Netherlands,308556.0,,,11574899.0,0.0003
31/12/2024,Care Super,Balanced,Listed Equity,1,Arch Capital Group Ltd,,ACGL US,United States,58209.0,,,8682189.0,0.0002
31/12/2024,Care Super,Balanced,Listed Equity,1,Ares Management Corp,,ARES US,United States,38002.0,,,10865646.0,0.0003
31/12/2024,Care Super,Balanced,Listed Equity,1,Arhaus Inc,,ARHS US,United States,261449.0,,,3969340.0,0.0001
31/12/2024,Care Super,Balanced,Listed Equity,1,Arista Networks Inc,,ANET US,United States,138013.0,,,24637912.0,0.0006
31/12/2024,Care Super,Balanced,Listed Equity,1,Aristocrat Leisure Ltd,,ALL AU,Australia,2534086.0,,,173230151.0,0.0040999999999999995
31/12/2024,Care Super,Balanced,Listed Equity,1,Armstrong World Industries Inc,,AWI US,United States,5286.0,,,1206677.0,0.0
31/12/2024,Care Super,Balanced,Listed Equity,1,ASE Technology Holding Co Ltd,,3711 TT,Taiwan,270971.0,,,2162587.0,0.0001
31/12/2024,Care Super,Balanced,Listed Equity,1,Aselsan Elektronik Sanayi Ve Ticaret AS,,ASELS TI,Turkey,57501.0,,,190415.0,0.0
31/12/2024,Care Super,Balanced,Listed Equity,1,Ashtead Group PLC,,AHT LN,United Kingdom,89919.0,,,9030592.0,0.0002
31/12/2024,Care Super,Balanced,Listed Equity,1,Asia Vital Components Co Ltd,,3017 TT,Taiwan,15396.0,,,472540.0,0.0
31/12/2024,Care Super,Balanced,Listed Equity,1,Asics Corp,,7936 JP,Japan,77648.0,,,2481715.0,0.0001
31/12/2024,Care Super,Balanced,Listed Equity,1,ASML Holding NV,,ASML NA,Netherlands,80113.0,,,90936340.0,0.0021
31/12/2024,Care Super,Balanced,Listed Equity,1,ASPEED Technology Inc,,5274 TT,Taiwan,51320.0,,,8406535.0,0.0002
31/12/2024,Care Super,Balanced,Listed Equity,1,Aspen Pharmacare Holdings Ltd,,APN SJ,South Africa,43128.0,,,608528.0,0.0
31/12/2024,Care Super,Balanced,Listed Equity,1,ASR Nederland NV,,ASRNL NA,Netherlands,8636.0,,,661197.0,0.0
31/12/2024,Care Super,Balanced,Listed Equity,1,Assa Abloy AB,,ASSAB SS,Sweden,21933.0,,,1047723.0,0.0
31/12/2024,Care Super,Balanced,Listed Equity,1,Associated British Foods PLC,,ABF LN,United Kingdom,19067.0,,,787938.0,0.0
31/12/2024,Care Super,Balanced,Listed Equity,1,Assurant Inc,,AIZ US,United States,13040.0,,,4490609.0,0.0001
31/12/2024,Care Super,Balanced,Listed Equity,1,Assured Guaranty Ltd,,AGO US,United States,4587.0,,,666889.0,0.0
31/12/2024,Care Super,Balanced,Listed Equity,1,AstraZeneca PLC,,AZN LN,United Kingdom,99862.0,,,21145110.0,0.0005
31/12/2024,Care Super,Balanced,Listed Equity,1,Asustek Computer Inc,,2357 TT,Taiwan,76258.0,,,2314202.0,0.0001
31/12/2024,Care Super,Balanced,Listed Equity,1,ASX Ltd,,ASX AU,Australia,180866.0,,,11770785.0,0.0003
31/12/2024,Care Super,Balanced,Listed Equity,1,AT&T Inc,,T US,United States,400228.0,,,14718891.0,0.0003
31/12/2024,Care Super,Balanced,Listed Equity,1,Atco Ltd/Canada,,ACO/X CN,Canada,897.0,,,47951.0,0.0
31/12/2024,Care Super,Balanced,Listed Equity,1,ATI Inc,,ATI US,United States,21345.0,,,1897452.0,0.0
31/12/2024,Care Super,Balanced,Listed Equity,1,Atlas Copco AB,,ATCOBS M0,France,39739.0,,,868119.0,0.0
31/12/2024,Care Super,Balanced,Listed Equity,1,Atlas Copco AB,,ATCOA SS,Sweden,69625.0,,,1718453.0,0.0
31/12/2024,Care Super,Balanced,Listed Equity,1,Atlas Copco AB,,ATCOB SS,Sweden,84989.0,,,1856640.0,0.0
31/12/2024,Care Super,Balanced,Listed Equity,1,Atlassian Corp,,TEAM US,United States,78909.0,,,31018098.0,0.0007000000000000001
31/12/2024,Care Super,Balanced,Listed Equity,1,Atmos Energy Corp,,ATO US,United States,31579.0,,,7103327.0,0.0002
31/12/2024,Care Super,Balanced,Listed Equity,1,AU Small Finance Bank Ltd,,AUBANK IN,India,929477.0,,,9803673.0,0.0002
31/12/2024,Care Super,Balanced,Listed Equity,1,AUB Group Ltd,,AUB AU,Australia,370928.0,,,11572950.0,0.0003
31/12/2024,Care Super,Balanced,Listed Equity,1,Auckland International Airport Ltd,,AIA NZ,New Zealand,19264.0,,,151651.0,0.0
31/12/2024,Care Super,Balanced,Listed Equity,1,Auckland International Airport Ltd,,AIA AU,Australia,1250069.0,,,9700536.0,0.0002
31/12/2024,Care Super,Balanced,Listed Equity,1,Audinate Group Ltd,,AD8 AU,Australia,13277.0,,,98383.0,0.0
31/12/2024,Care Super,Balanced,Listed Equity,1,Aurizon Holdings Ltd,,AZJ AU,Australia,5941325.0,,,19309305.0,0.0005
31/12/2024,Care Super,Balanced,Listed Equity,1,Aurora Solar Technologies Inc,,ACU CN,Canada,12352779.0,,,312128.0,0.0
31/12/2024,Care Super,Balanced,Listed Equity,1,Aussie Broadband Ltd,,ABB AU,Australia,4410121.0,,,15788232.0,0.0004
31/12/2024,Care Super,Balanced,Listed Equity,1,Austal Ltd,,ASB AU,Australia,47954.0,,,148657.0,0.0
31/12/2024,Care Super,Balanced,Listed Equity,1,Austin Engineering Ltd,,ANG AU,Australia,4416658.0,,,2252496.0,0.0001
31/12/2024,Care Super,Balanced,Listed Equity,1,Australian Clinical Labs Ltd,,ACL AU,Australia,19553.0,,,67264.0,0.0
31/12/2024,Care Super,Balanced,Listed Equity,1,Australian Ethical Investment Ltd,,AEF AU,Australia,29259.0,,,157415.0,0.0
31/12/2024,Care Super,Balanced,Listed Equity,1,Australian Finance Group Ltd,,AFG AU,Australia,56861.0,,,85860.0,0.0
31/12/2024,Care Super,Balanced,Listed Equity,1,Auto Trader Group PLC,,AUTO LN,United Kingdom,58841.0,,,943852.0,0.0
31/12/2024,Care Super,Balanced,Listed Equity,1,Autodesk Inc,,ADSK US,United States,88349.0,,,42175918.0,0.001
31/12/2024,Care Super,Balanced,Listed Equity,1,Autohome Inc,,ATHM US,United States,6163.0,,,258311.0,0.0
31/12/2024,Care Super,Balanced,Listed Equity,1,Autoliv Inc,,ALIV SS,Sweden,5774.0,,,866064.0,0.0
31/12/2024,Care Super,Balanced,Listed Equity,1,Automatic Data Processing Inc,,ADP US,United States,69035.0,,,32639162.0,0.0008
31/12/2024,Care Super,Balanced,Listed Equity,1,AutoZone Inc,,AZO US,United States,402.0,,,2078028.0,0.0
31/12/2024,Care Super,Balanced,Listed Equity,1,Avery Dennison Corp,,AVY US,United States,4808.0,,,1453274.0,0.0
31/12/2024,Care Super,Balanced,Listed Equity,1,Avista Corp,,AVA US,United States,942.0,,,55716.0,0.0
31/12/2024,Care Super,Balanced,Listed Equity,1,Aviva PLC,,AV/ LN,United Kingdom,3076.0,,,29172.0,0.0
31/12/2024,Care Super,Balanced,Listed Equity,1,Avnet Inc,,AVT US,United States,133530.0,,,11283702.0,0.0003
31/12/2024,Care Super,Balanced,Listed Equity,1,AXA SA,,CS FP,France,27911.0,,,1602026.0,0.0
31/12/2024,Care Super,Balanced,Listed Equity,1,Axis Bank Ltd,,AXSB IN,India,608357.0,,,12219307.0,0.0003
31/12/2024,Care Super,Balanced,Listed Equity,1,Axis Capital Holdings Ltd,,AXS US,United States,4781.0,,,684357.0,0.0
31/12/2024,Care Super,Balanced,Listed Equity,1,Axon Enterprise Inc,,AXON US,United States,3240.0,,,3110203.0,0.0001
31/12/2024,Care Super,Balanced,Listed Equity,1,B3 SA - Brasil Bolsa Balcao,,B3SA3 BZ,Brazil,418388.0,,,1128822.0,0.0
31/12/2024,Care Super,Balanced,Listed Equity,1,Bachem Holding AG,,BANB SW,Switzerland,5245.0,,,541201.0,0.0
31/12/2024,Care Super,Balanced,Listed Equity,1,BAE Systems PLC,,BA/ LN,United Kingdom,38538.0,,,895289.0,0.0
31/12/2024,Care Super,Balanced,Listed Equity,1,Baidu Inc,,BIDU US,United States,17698.0,,,2409948.0,0.0001
31/12/2024,Care Super,Balanced,Listed Equity,1,Baidu Inc,,9888 HK,Hong Kong,28901.0,,,496961.0,0.0
31/12/2024,Care Super,Balanced,Listed Equity,1,Baillie Gifford Worldwide Positive Change Fund,,BGWPCAA ID,Ireland,102953.0,,,2720943.0,0.0001
31/12/2024,Care Super,Balanced,Listed Equity,1,Bajaj Auto Ltd,,BJAUT IN,India,1048.0,,,173907.0,0.0
31/12/2024,Care Super,Balanced,Listed Equity,1,Baker Hughes Co,,BKR US,United States,376860.0,,,24967776.0,0.0006
31/12/2024,Care Super,Balanced,Listed Equity,1,Balchem Corp,,BCPC US,United States,19686.0,,,5182371.0,0.0001
31/12/2024,Care Super,Balanced,Listed Equity,1,Ball Corp,,BALL US,United States,26971.0,,,2401519.0,0.0001
31/12/2024,Care Super,Balanced,Listed Equity,1,Banco Bilbao Vizcaya Argentaria SA,,BBVA SM,Spain,229771.0,,,3632225.0,0.0001
31/12/2024,Care Super,Balanced,Listed Equity,1,Banco BPM SpA,,BAMI IM,Italy,199479.0,,,2606241.0,0.0001
31/12/2024,Care Super,Balanced,Listed Equity,1,Banco Bradesco SA,,BBDC3 BZ,Brazil,783848.0,,,2180421.0,0.0001
31/12/2024,Care Super,Balanced,Listed Equity,1,Banco Bradesco SA,,BBDC4 BZ,Brazil,74765.0,,,225956.0,0.0
31/12/2024,Care Super,Balanced,Listed Equity,1,Banco BTG Pactual SA,,BPAC11 BZ,Brazil,607944.0,,,4323140.0,0.0001
31/12/2024,Care Super,Balanced,Listed Equity,1,Banco de Chile,,BCH US,United States,22325.0,,,817769.0,0.0
31/12/2024,Care Super,Balanced,Listed Equity,1,Banco do Brasil SA,,BBAS3 BZ,Brazil,1049684.0,,,6632875.0,0.0002
31/12/2024,Care Super,Balanced,Listed Equity,1,Banco Santander SA,,SAN SM,Spain,1506863.0,,,11251248.0,0.0003
31/12/2024,Care Super,Balanced,Listed Equity,1,Bancolombia SA,,BCOLO CB,Colombia,28074.0,,,386981.0,0.0
31/12/2024,Care Super,Balanced,Listed Equity,1,Bancolombia SA,,PFBCOLO CB,Colombia,65119.0,,,839867.0,0.0
31/12/2024,Care Super,Balanced,Listed Equity,1,Bangkok Dusit Medical Services PCL,,BDMS/F TB,Thailand,1695140.0,,,1967366.0,0.0
31/12/2024,Care Super,Balanced,Listed Equity,1,Bank AlBilad,,ALBI AB,Saudi Arabia,10362.0,,,173927.0,0.0
31/12/2024,Care Super,Balanced,Listed Equity,1,Bank Central Asia Tbk PT,,BBCA IJ,Indonesia,17926066.0,,,17404001.0,0.0004
31/12/2024,Care Super,Balanced,Listed Equity,1,Bank Leumi Le-Israel BM,,LUMI IT,Israel,52517.0,,,1009145.0,0.0
31/12/2024,Care Super,Balanced,Listed Equity,1,Bank Mandiri Persero Tbk PT,,BMRI IJ,Indonesia,19210384.0,,,10988136.0,0.0003
31/12/2024,Care Super,Balanced,Listed Equity,1,Bank of America Corp,,BAC US,United States,571112.0,,,40540063.0,0.001
31/12/2024,Care Super,Balanced,Listed Equity,1,Bank of China Ltd,,3988 HK,Hong Kong,6728051.0,,,5553637.0,0.0001
31/12/2024,Care Super,Balanced,Listed Equity,1,Bank of New York Mellon Corp/The,,BK US,United States,88872.0,,,11028054.0,0.0003
31/12/2024,Care Super,Balanced,Listed Equity,1,Bank of Ningbo Co Ltd,,002142 C2,China,60353.0,,,324648.0,0.0
31/12/2024,Care Super,Balanced,Listed Equity,1,Bank of Nova Scotia/The,,BNS CN,Canada,40845.0,,,3540643.0,0.0001
31/12/2024,Care Super,Balanced,Listed Equity,1,Bank of Queensland Ltd,,BOQ AU,Australia,985406.0,,,6602217.0,0.0002
31/12/2024,Care Super,Balanced,Listed Equity,1,Bank of the Philippine Islands,,BPI PM,Philippines,96348.0,,,328200.0,0.0
31/12/2024,Care Super,Balanced,Listed Equity,1,Bank OZK,,OZK US,United States,97588.0,,,7018678.0,0.0002
31/12/2024,Care Super,Balanced,Listed Equity,1,Bank Polska Kasa Opieki SA,,PEO PW,Poland,11331.0,,,610969.0,0.0
31/12/2024,Care Super,Balanced,Listed Equity,1,Bank Rakyat Indonesia Persero Tbk PT,,BBRI IJ,Indonesia,54921.0,,,22486.0,0.0
31/12/2024,Care Super,Balanced,Listed Equity,1,Bapcor Ltd,,BAP AU,Australia,1373418.0,,,6482532.0,0.0002
31/12/2024,Care Super,Balanced,Listed Equity,1,Barclays PLC,,BARC LN,United Kingdom,2618676.0,,,14203873.0,0.0003
31/12/2024,Care Super,Balanced,Listed Equity,1,Barratt Redrow PLC,,BTRW LN,United Kingdom,253554.0,,,2257193.0,0.0001
31/12/2024,Care Super,Balanced,Listed Equity,1,Barrick Gold Corp,,ABX CN,Canada,43896.0,,,1098791.0,0.0
31/12/2024,Care Super,Balanced,Listed Equity,1,Barrick Gold Corp,,GOLD US,United States,659552.0,,,16511441.0,0.0004
31/12/2024,Care Super,Balanced,Listed Equity,1,BASF SE,,BAS GR,Germany,245467.0,,,17431222.0,0.0004
31/12/2024,Care Super,Balanced,Listed Equity,1,Baxter International Inc,,BAX US,United States,405681.0,,,19106280.0,0.0005
31/12/2024,Care Super,Balanced,Listed Equity,1,BayCurrent Inc,,6532 JP,Japan,269419.0,,,14729987.0,0.0003
31/12/2024,Care Super,Balanced,Listed Equity,1,Bayerische Motoren Werke AG,,BMW GR,Germany,794.0,,,104939.0,0.0
31/12/2024,Care Super,Balanced,Listed Equity,1,BB Seguridade Participacoes SA,,BBSE3 BZ,Brazil,107323.0,,,1015143.0,0.0
31/12/2024,Care Super,Balanced,Listed Equity,1,BDO Unibank Inc,,BDO PM,Philippines,58185.0,,,233943.0,0.0
31/12/2024,Care Super,Balanced,Listed Equity,1,Beach Energy Ltd,,BPT AU,Australia,2276236.0,,,3175350.0,0.0001
31/12/2024,Care Super,Balanced,Listed Equity,1,Bechtle AG,,BC8 GR,Germany,6219.0,,,323448.0,0.0
31/12/2024,Care Super,Balanced,Listed Equity,1,Becton Dickinson & Co,,BDX US,United States,40723.0,,,14921836.0,0.0004
31/12/2024,Care Super,Balanced,Listed Equity,1,Bega Cheese Ltd,,BGA AU,Australia,660072.0,,,3808613.0,0.0001
31/12/2024,Care Super,Balanced,Listed Equity,1,Beiersdorf AG,,BEI GR,Germany,139614.0,,,28953777.0,0.0007000000000000001
31/12/2024,Care Super,Balanced,Listed Equity,1,BeiGene Ltd,,BGNE US,United States,41582.0,,,12405160.0,0.0003
31/12/2024,Care Super,Balanced,Listed Equity,1,BeiGene Ltd,,688235 C1,China,46981.0,,,1673892.0,0.0
31/12/2024,Care Super,Balanced,Listed Equity,1,Beijing Oriental Yuhong Waterproof Technology Co Ltd,,002271 C2,China,1708524.0,,,4907062.0,0.0001
31/12/2024,Care Super,Balanced,Listed Equity,1,Beijing-Shanghai High Speed Railway Co Ltd,,601816 C1,China,175374.0,,,239041.0,0.0
31/12/2024,Care Super,Balanced,Listed Equity,1,Bellevue Gold Ltd,,BGL AU,Australia,4391745.0,,,4940714.0,0.0001
31/12/2024,Care Super,Balanced,Listed Equity,1,BellRing Brands Inc,,BRBR US,United States,88871.0,,,10814097.0,0.0003
31/12/2024,Care Super,Balanced,Listed Equity,1,Bellway PLC,,BWY LN,United Kingdom,11778.0,,,593707.0,0.0
31/12/2024,Care Super,Balanced,Listed Equity,1,Bendigo & Adelaide Bank Ltd,,BEN AU,Australia,983826.0,,,12888120.0,0.0003
31/12/2024,Care Super,Balanced,Listed Equity,1,Berkshire Hathaway Inc,,BRK/B US,United States,48972.0,,,35852184.0,0.0008
31/12/2024,Care Super,Balanced,Listed Equity,1,Best Buy Co Inc,,BBY US,United States,4416.0,,,611888.0,0.0
31/12/2024,Care Super,Balanced,Listed Equity,1,Betmakers Technology Group Ltd,,BET AU,Australia,4737259.0,,,497412.0,0.0
31/12/2024,Care Super,Balanced,Listed Equity,1,Bhagwan Marine Ltd,,BWN AU,Australia,2533933.0,,,1596378.0,0.0
31/12/2024,Care Super,Balanced,Listed Equity,1,Bharat Electronics Ltd,,BHE IN,India,569165.0,,,3147668.0,0.0001
31/12/2024,Care Super,Balanced,Listed Equity,1,Bharti Airtel Ltd,,BHARTI IN,India,555751.0,,,16646516.0,0.0004
31/12/2024,Care Super,Balanced,Listed Equity,1,BHP Group Ltd,,BHP AU,Australia,16339964.0,,,646245567.0,0.0152
31/12/2024,Care Super,Balanced,Listed Equity,1,Bid Corp Ltd,,BID SJ,South Africa,107770.0,,,3971679.0,0.0001
31/12/2024,Care Super,Balanced,Listed Equity,1,Bilibili Inc,,BILI US,United States,16947.0,,,495686.0,0.0
31/12/2024,Care Super,Balanced,Listed Equity,1,Biogen Inc,,BIIB US,United States,25726.0,,,6353787.0,0.0001
31/12/2024,Care Super,Balanced,Listed Equity,1,BioMerieux,,BIM FP,France,3818.0,,,660939.0,0.0
31/12/2024,Care Super,Balanced,Listed Equity,1,BioNTech SE,,BNTX US,United States,82483.0,,,15180423.0,0.0004
31/12/2024,Care Super,Balanced,Listed Equity,1,Bizlink Holding Inc,,3665 TT,Taiwan,727.0,,,21922.0,0.0
31/12/2024,Care Super,Balanced,Listed Equity,1,Black Hills Corp,,BKH US,United States,789.0,,,74564.0,0.0
31/12/2024,Care Super,Balanced,Listed Equity,1,Blackrock Inc,,BLK US,United States,2742.0,,,4539980.0,0.0001
31/12/2024,Care Super,Balanced,Listed Equity,1,Blackstone Inc,,BX US,United States,7540.0,,,2099603.0,0.0
31/12/2024,Care Super,Balanced,Listed Equity,1,Block Inc,,SQ2 AU,Australia,922940.0,,,130116074.0,0.0031
31/12/2024,Care Super,Balanced,Listed Equity,1,Block Inc,,SQ US,United States,13679.0,,,1877675.0,0.0
31/12/2024,Care Super,Balanced,Listed Equity,1,BlueScope Steel Ltd,,BSL AU,Australia,3981549.0,,,74415149.0,0.0018
31/12/2024,Care Super,Balanced,Listed Equity,1,BNP Paribas SA,,BNP FP,France,58206.0,,,5764916.0,0.0001
31/12/2024,Care Super,Balanced,Listed Equity,1,BOC Hong Kong Holdings Ltd,,2388 HK,Hong Kong,1016662.0,,,5274058.0,0.0001
31/12/2024,Care Super,Balanced,Listed Equity,1,BOE Technology Group Co Ltd,,000725 C2,China,140799.0,,,136770.0,0.0
31/12/2024,Care Super,Balanced,Listed Equity,1,Booking Holdings Inc,,BKNG US,United States,9626.0,,,77244937.0,0.0018
31/12/2024,Care Super,Balanced,Listed Equity,1,BorgWarner Inc,,BWA US,United States,5139.0,,,263858.0,0.0
31/12/2024,Care Super,Balanced,Listed Equity,1,Bosch Ltd,,BOS IN,India,37.0,,,24011.0,0.0
31/12/2024,Care Super,Balanced,Listed Equity,1,Bosideng International Holdings Ltd,,3998 HK,Hong Kong,18662.0,,,15056.0,0.0
31/12/2024,Care Super,Balanced,Listed Equity,1,Boss Energy Ltd,,BOE AU,Australia,53196.0,,,129266.0,0.0
31/12/2024,Care Super,Balanced,Listed Equity,1,Boston Scientific Corp,,BSX US,United States,294999.0,,,42557302.0,0.001
31/12/2024,Care Super,Balanced,Listed Equity,1,Botanix Pharmaceuticals Ltd,,BOT AU,Australia,12516363.0,,,5444618.0,0.0001
31/12/2024,Care Super,Balanced,Listed Equity,1,BP PLC,,BP/ LN,United Kingdom,372483.0,,,2961056.0,0.0001
31/12/2024,Care Super,Balanced,Listed Equity,1,Brady Corp,,BRC US,United States,233.0,,,27810.0,0.0
31/12/2024,Care Super,Balanced,Listed Equity,1,BrainChip Holdings Ltd,,BRN AU,Australia,297125.0,,,115879.0,0.0
31/12/2024,Care Super,Balanced,Listed Equity,1,Brambles Ltd,,BXB AU,Australia,5902806.0,,,113569980.0,0.0027
31/12/2024,Care Super,Balanced,Listed Equity,1,Bravura Solutions Ltd,,BVS AU,Australia,704960.0,,,1586159.0,0.0
31/12/2024,Care Super,Balanced,Listed Equity,1,Breville Group Ltd,,BRG AU,Australia,446651.0,,,15802524.0,0.0004
31/12/2024,Care Super,Balanced,Listed Equity,1,Brickworks Ltd,,BKW AU,Australia,13610.0,,,349106.0,0.0
31/12/2024,Care Super,Balanced,Listed Equity,1,Bridgestone Corp,,5108 JP,Japan,9931.0,,,544977.0,0.0
31/12/2024,Care Super,Balanced,Listed Equity,1,Bristol-Myers Squibb Co,,BMY US,United States,280399.0,,,25614748.0,0.0006
31/12/2024,Care Super,Balanced,Listed Equity,1,Britannia Industries Ltd,,BRIT IN,India,6815.0,,,612342.0,0.0
31/12/2024,Care Super,Balanced,Listed Equity,1,Broadcom Inc,,AVGO US,United States,291240.0,,,109054334.0,0.0026
31/12/2024,Care Super,Balanced,Listed Equity,1,Broadridge Financial Solutions Inc,,BR US,United States,4270.0,,,1559298.0,0.0
31/12/2024,Care Super,Balanced,Listed Equity,1,Brookdale Senior Living Inc,,BKD US,United States,396311.0,,,3219650.0,0.0001
31/12/2024,Care Super,Balanced,Listed Equity,1,Brookfield Asset Management Ltd,,BAM CN,Canada,28895.0,,,2529755.0,0.0001
31/12/2024,Care Super,Balanced,Listed Equity,1,Brookfield Infrastructure Corp,,BIPC CN,Canada,1516.0,,,98200.0,0.0
31/12/2024,Care Super,Balanced,Listed Equity,1,Brother Industries Ltd,,6448 JP,Japan,183457.0,,,5085773.0,0.0001
31/12/2024,Care Super,Balanced,Listed Equity,1,Brown & Brown Inc,,BRO US,United States,33786.0,,,5567119.0,0.0001
31/12/2024,Care Super,Balanced,Listed Equity,1,Builders FirstSource Inc,,BLDR US,United States,5589.0,,,1290178.0,0.0
31/12/2024,Care Super,Balanced,Listed Equity,1,Bumrungrad Hospital PCL,,BH/F TB,Thailand,86450.0,,,816999.0,0.0
31/12/2024,Care Super,Balanced,Listed Equity,1,Bunge Global SA,,BG US,United States,2193.0,,,275447.0,0.0
31/12/2024,Care Super,Balanced,Listed Equity,1,Bunzl PLC,,BNZL LN,United Kingdom,1028.0,,,68517.0,0.0
31/12/2024,Care Super,Balanced,Listed Equity,1,Bupa Arabia for Cooperative Insurance Co,,BUPA AB,Saudi Arabia,22393.0,,,1992501.0,0.0
31/12/2024,Care Super,Balanced,Listed Equity,1,Bureau Veritas SA,,BVI FP,France,48563.0,,,2382972.0,0.0001
31/12/2024,Care Super,Balanced,Listed Equity,1,Burgundy Diamond Mines Ltd,,BDM AU,Australia,9231605.0,,,821613.0,0.0
31/12/2024,Care Super,Balanced,Listed Equity,1,BYD Co Ltd,,1211 HK,Hong Kong,31341.0,,,1737263.0,0.0
31/12/2024,Care Super,Balanced,Listed Equity,1,C4 Therapeutics Inc,,CCCC US,United States,142540.0,,,828789.0,0.0
31/12/2024,Care Super,Balanced,Listed Equity,1,Cadence Design Systems Inc,,CDNS US,United States,31318.0,,,15198151.0,0.0004
31/12/2024,Care Super,Balanced,Listed Equity,1,Caixa Seguridade Participacoes S/A,,CXSE3 BZ,Brazil,70284.0,,,261841.0,0.0
31/12/2024,Care Super,Balanced,Listed Equity,1,CaixaBank SA,,CABK SM,Spain,134387.0,,,1176821.0,0.0
31/12/2024,Care Super,Balanced,Listed Equity,1,California Water Service Group,,CWT US,United States,707.0,,,51785.0,0.0
31/12/2024,Care Super,Balanced,Listed Equity,1,Canadian Imperial Bank of Commerce,,CM CN,Canada,66234.0,,,6763542.0,0.0002
31/12/2024,Care Super,Balanced,Listed Equity,1,Canadian National Railway Co,,CNR CN,Canada,13983.0,,,2292137.0,0.0001
31/12/2024,Care Super,Balanced,Listed Equity,1,Canadian Natural Resources Ltd,,CNQ CN,Canada,53020.0,,,2642487.0,0.0001
31/12/2024,Care Super,Balanced,Listed Equity,1,Canadian Pacific Kansas City Ltd,,CP CN,Canada,11046.0,,,1291039.0,0.0
31/12/2024,Care Super,Balanced,Listed Equity,1,Canadian Pacific Kansas City Ltd,,CP US,United States,5731.0,,,669823.0,0.0
31/12/2024,Care Super,Balanced,Listed Equity,1,Canadian Tire Corp Ltd,,CTC/A CN,Canada,8112.0,,,1377515.0,0.0
31/12/2024,Care Super,Balanced,Listed Equity,1,Canadian Utilities Ltd,,CU CN,Canada,27381.0,,,1071599.0,0.0
31/12/2024,Care Super,Balanced,Listed Equity,1,Capcom Co Ltd,,9697 JP,Japan,16146.0,,,576446.0,0.0
31/12/2024,Care Super,Balanced,Listed Equity,1,Capgemini SE,,CAP FP,France,42809.0,,,11323006.0,0.0003
31/12/2024,Care Super,Balanced,Listed Equity,1,Capital One Financial Corp,,COF US,United States,156927.0,,,45196322.0,0.0011
31/12/2024,Care Super,Balanced,Listed Equity,1,Capitec Bank Holdings Ltd,,CPI SJ,South Africa,9355.0,,,2509583.0,0.0001
31/12/2024,Care Super,Balanced,Listed Equity,1,Capricorn Metals Ltd,,CMM AU,Australia,199775.0,,,1254588.0,0.0
31/12/2024,Care Super,Balanced,Listed Equity,1,Capstone Copper Corp,,CSC AU,Australia,770011.0,,,7553810.0,0.0002
31/12/2024,Care Super,Balanced,Listed Equity,1,CAR Group Ltd,,CAR AU,Australia,1208432.0,,,43539802.0,0.001
31/12/2024,Care Super,Balanced,Listed Equity,1,Cardinal Health Inc,,CAH US,United States,31982.0,,,6109139.0,0.0001
31/12/2024,Care Super,Balanced,Listed Equity,1,Carlisle Cos Inc,,CSL US,United States,2292.0,,,1365600.0,0.0
31/12/2024,Care Super,Balanced,Listed Equity,1,Catapult Group International Ltd,,CAT AU,Australia,324491.0,,,1203863.0,0.0
31/12/2024,Care Super,Balanced,Listed Equity,1,Caterpillar Inc,,CAT US,United States,21633.0,,,12674496.0,0.0003
31/12/2024,Care Super,Balanced,Listed Equity,1,Cathay Financial Holding Co Ltd,,2882 TT,Taiwan,7877.0,,,26504.0,0.0
31/12/2024,Care Super,Balanced,Listed Equity,1,Cboe Global Markets Inc,,CBOE US,United States,19019.0,,,6002400.0,0.0001
31/12/2024,Care Super,Balanced,Listed Equity,1,CD Projekt SA,,CDR PW,Poland,67.0,,,5008.0,0.0
31/12/2024,Care Super,Balanced,Listed Equity,1,CDW Corp/DE,,CDW US,United States,50962.0,,,14325065.0,0.0003
31/12/2024,Care Super,Balanced,Listed Equity,1,Celanese Corp,,CE US,United States,7775.0,,,869120.0,0.0
31/12/2024,Care Super,Balanced,Listed Equity,1,Celestica Inc,,CLS CN,Canada,6861.0,,,1022196.0,0.0
31/12/2024,Care Super,Balanced,Listed Equity,1,Cellnex Telecom SA,,CLNX SM,Spain,6825.0,,,348266.0,0.0
31/12/2024,Care Super,Balanced,Listed Equity,1,Celltrion Inc,,068270 KS,South Korea,20.0,,,4188.0,0.0
31/12/2024,Care Super,Balanced,Listed Equity,1,Celsius Holdings Inc,,CELH US,United States,15039.0,,,639795.0,0.0
31/12/2024,Care Super,Balanced,Listed Equity,1,Cemex SAB de CV,,CX US,United States,805436.0,,,7336925.0,0.0002
31/12/2024,Care Super,Balanced,Listed Equity,1,Cencora Inc,,COR US,United States,42678.0,,,15487088.0,0.0004
31/12/2024,Care Super,Balanced,Listed Equity,1,Cenovus Energy Inc,,CVE CN,Canada,23411.0,,,572873.0,0.0
31/12/2024,Care Super,Balanced,Listed Equity,1,Centene Corp,,CNC US,United States,48362.0,,,4731931.0,0.0001
31/12/2024,Care Super,Balanced,Listed Equity,1,CenterPoint Energy Inc,,CNP US,United States,124808.0,,,6396135.0,0.0002
31/12/2024,Care Super,Balanced,Listed Equity,1,Centrais Eletricas Brasileiras SA,,ELET3 BZ,Brazil,321154.0,,,2865603.0,0.0001
31/12/2024,Care Super,Balanced,Listed Equity,1,Central Japan Railway Co,,9022 JP,Japan,17940.0,,,546656.0,0.0
31/12/2024,Care Super,Balanced,Listed Equity,1,Centrica PLC,,CNA LN,United Kingdom,59527.0,,,160868.0,0.0
31/12/2024,Care Super,Balanced,Listed Equity,1,Cettire Ltd,,CTT AU,Australia,1773982.0,,,2678712.0,0.0001
31/12/2024,Care Super,Balanced,Listed Equity,1,CF Industries Holdings Inc,,CF US,United States,3410.0,,,469942.0,0.0
31/12/2024,Care Super,Balanced,Listed Equity,1,CGI Inc,,GIB/A CN,Canada,31124.0,,,5497411.0,0.0001
31/12/2024,Care Super,Balanced,Listed Equity,1,CH Robinson Worldwide Inc,,CHRW US,United States,227.0,,,37958.0,0.0
31/12/2024,Care Super,Balanced,Listed Equity,1,Chalice Mining Ltd,,CHN AU,Australia,69035.0,,,76284.0,0.0
31/12/2024,Care Super,Balanced,Listed Equity,1,Challenger Ltd,,CGF AU,Australia,1600170.0,,,9617020.0,0.0002
31/12/2024,Care Super,Balanced,Listed Equity,1,Champion Iron Ltd,,CIA AU,Australia,2468612.0,,,14194520.0,0.0003
31/12/2024,Care Super,Balanced,Listed Equity,1,Changchun High-Tech Industry Group Co Ltd,,000661 C2,China,4773.0,,,105018.0,0.0
31/12/2024,Care Super,Balanced,Listed Equity,1,Charles Schwab Corp/The,,SCHW US,United States,76712.0,,,9169745.0,0.0002
31/12/2024,Care Super,Balanced,Listed Equity,1,Charter Communications Inc,,CHTR US,United States,35894.0,,,19871461.0,0.0005
31/12/2024,Care Super,Balanced,Listed Equity,1,Check Point Software Technologies Ltd,,CHKP US,United States,96826.0,,,29197020.0,0.0007000000000000001
31/12/2024,Care Super,Balanced,Listed Equity,1,Cheng Shin Rubber Industry Co Ltd,,2105 TT,Taiwan,265810.0,,,642311.0,0.0
31/12/2024,Care Super,Balanced,Listed Equity,1,Cheniere Energy Inc,,LNG US,United States,43573.0,,,15121632.0,0.0004
31/12/2024,Care Super,Balanced,Listed Equity,1,Chesapeake Utilities Corp,,CPK US,United States,259.0,,,50763.0,0.0
31/12/2024,Care Super,Balanced,Listed Equity,1,Chevron Corp,,CVX US,United States,58549.0,,,13696561.0,0.0003
31/12/2024,Care Super,Balanced,Listed Equity,1,China Airlines Ltd,,2610 TT,Taiwan,451111.0,,,570041.0,0.0
31/12/2024,Care Super,Balanced,Listed Equity,1,China CITIC Financial Asset Management Co Ltd,,2799 HK,Hong Kong,118551.0,,,16022.0,0.0
31/12/2024,Care Super,Balanced,Listed Equity,1,China Construction Bank Corp,,939 HK,Hong Kong,11210144.0,,,15103719.0,0.0004
31/12/2024,Care Super,Balanced,Listed Equity,1,China Everbright Bank Co Ltd,,601818 C1,China,186218.0,,,159462.0,0.0
31/12/2024,Care Super,Balanced,Listed Equity,1,China Everbright Bank Co Ltd,,6818 HK,Hong Kong,490371.0,,,307914.0,0.0
31/12/2024,Care Super,Balanced,Listed Equity,1,China Feihe Ltd,,6186 HK,Hong Kong,56038.0,,,63500.0,0.0
31/12/2024,Care Super,Balanced,Listed Equity,1,China Life Insurance Co Ltd,,2628 HK,Hong Kong,293100.0,,,894623.0,0.0
31/12/2024,Care Super,Balanced,Listed Equity,1,China Mengniu Dairy Co Ltd,,2319 HK,Hong Kong,960396.0,,,3506490.0,0.0001
31/12/2024,Care Super,Balanced,Listed Equity,1,China Merchants Bank Co Ltd,,3968 HK,Hong Kong,35275.0,,,293377.0,0.0
31/12/2024,Care Super,Balanced,Listed Equity,1,China Merchants Port Holdings Co Ltd,,144 HK,Hong Kong,9452.0,,,27200.0,0.0
31/12/2024,Care Super,Balanced,Listed Equity,1,China National Nuclear Power Co Ltd,,601985 C1,China,87990.0,,,203068.0,0.0
31/12/2024,Care Super,Balanced,Listed Equity,1,China Oilfield Services Ltd,,2883 HK,Hong Kong,17693.0,,,25898.0,0.0
31/12/2024,Care Super,Balanced,Listed Equity,1,China Pacific Insurance Group Co Ltd,,2601 HK,Hong Kong,103925.0,,,544524.0,0.0
31/12/2024,Care Super,Balanced,Listed Equity,1,China Resources Beer Holdings Co Ltd,,291 HK,Hong Kong,449600.0,,,2360399.0,0.0001
31/12/2024,Care Super,Balanced,Listed Equity,1,China State Construction Engineering Corp Ltd,,601668 C1,China,124479.0,,,165262.0,0.0
31/12/2024,Care Super,Balanced,Listed Equity,1,China Tourism Group Duty Free Corp Ltd,,601888 C1,China,4080.0,,,60496.0,0.0
31/12/2024,Care Super,Balanced,Listed Equity,1,Chipotle Mexican Grill Inc,,CMG US,United States,57524.0,,,5602383.0,0.0001
31/12/2024,Care Super,Balanced,Listed Equity,1,Chocoladefabriken Lindt & Spruengli AG,,LISP SW,Switzerland,65.0,,,1174329.0,0.0
31/12/2024,Care Super,Balanced,Listed Equity,1,Chongqing Changan Automobile Co Ltd,,000625 C2,China,8614.0,,,25465.0,0.0
31/12/2024,Care Super,Balanced,Listed Equity,1,Chorus Ltd,,CNU AU,Australia,1483994.0,,,11782912.0,0.0003
31/12/2024,Care Super,Balanced,Listed Equity,1,Chrysos Corp Ltd,,C79 AU,Australia,368809.0,,,1821914.0,0.0
31/12/2024,Care Super,Balanced,Listed Equity,1,Chubb Ltd,,CB US,United States,16064.0,,,7168774.0,0.0002
31/12/2024,Care Super,Balanced,Listed Equity,1,Chubu Electric Power Co Inc,,9502 JP,Japan,8000.0,,,136104.0,0.0
31/12/2024,Care Super,Balanced,Listed Equity,1,Chugai Pharmaceutical Co Ltd,,4519 JP,Japan,38554.0,,,2773098.0,0.0001
31/12/2024,Care Super,Balanced,Listed Equity,1,Chugoku Electric Power Co Inc/The,,9504 JP,Japan,3564.0,,,33403.0,0.0
31/12/2024,Care Super,Balanced,Listed Equity,1,Church & Dwight Co Inc,,CHD US,United States,12503.0,,,2114546.0,0.0
31/12/2024,Care Super,Balanced,Listed Equity,1,Cia Cervecerias Unidas SA,,CCU US,United States,102589.0,,,1877306.0,0.0
31/12/2024,Care Super,Balanced,Listed Equity,1,Cia de Minas Buenaventura SAA,,BVN US,United States,16258.0,,,302507.0,0.0
31/12/2024,Care Super,Balanced,Listed Equity,1,Cia de Saneamento Basico do Estado de Sao Paulo SABESP,,SBSP3 BZ,Brazil,97282.0,,,2250821.0,0.0001
31/12/2024,Care Super,Balanced,Listed Equity,1,Cia Energetica de Minas Gerais,,CMIG4 BZ,Brazil,222180.0,,,645337.0,0.0
31/12/2024,Care Super,Balanced,Listed Equity,1,Cia Paranaense de Energia - Copel,,CPLE3 BZ,Brazil,314493.0,,,677493.0,0.0
31/12/2024,Care Super,Balanced,Listed Equity,1,Cie de Saint-Gobain SA,,SGO FP,France,69389.0,,,9945430.0,0.0002
31/12/2024,Care Super,Balanced,Listed Equity,1,Cie Generale des Etablissements Michelin SCA,,ML FP,France,249890.0,,,13290164.0,0.0003
31/12/2024,Care Super,Balanced,Listed Equity,1,Cigna Group/The,,CI US,United States,2984.0,,,1330769.0,0.0
31/12/2024,Care Super,Balanced,Listed Equity,1,CIMB Group Holdings Bhd,,CIMB MK,Malaysia,678660.0,,,2010097.0,0.0
31/12/2024,Care Super,Balanced,Listed Equity,1,Cintas Corp,,CTAS US,United States,64548.0,,,19047067.0,0.0004
31/12/2024,Care Super,Balanced,Listed Equity,1,Cipla Ltd/India,,CIPLA IN,India,528960.0,,,15257757.0,0.0004
31/12/2024,Care Super,Balanced,Listed Equity,1,Cisco Systems Inc,,CSCO US,United States,153564.0,,,14683005.0,0.0003
31/12/2024,Care Super,Balanced,Listed Equity,1,Citigroup Inc,,C US,United States,302648.0,,,34407513.0,0.0008
31/12/2024,Care Super,Balanced,Listed Equity,1,Citizens Financial Group Inc,,CFG US,United States,42082.0,,,2974241.0,0.0001
31/12/2024,Care Super,Balanced,Listed Equity,1,CK Hutchison Holdings Ltd,,1 HK,Hong Kong,112862.0,,,973849.0,0.0
31/12/2024,Care Super,Balanced,Listed Equity,1,CK Infrastructure Holdings Ltd,,1038 HK,Hong Kong,7168.0,,,86071.0,0.0
31/12/2024,Care Super,Balanced,Listed Equity,1,Clarity Pharmaceuticals Ltd,,CU6 AU,Australia,42810.0,,,178518.0,0.0
31/12/2024,Care Super,Balanced,Listed Equity,1,Cleanaway Waste Management Ltd,,CWY AU,Australia,8117712.0,,,21511938.0,0.0005
31/12/2024,Care Super,Balanced,Listed Equity,1,Clearwater Analytics Holdings Inc,,CWAN US,United States,168071.0,,,7470427.0,0.0002
31/12/2024,Care Super,Balanced,Listed Equity,1,Clicks Group Ltd,,CLS SJ,South Africa,120080.0,,,3834682.0,0.0001
31/12/2024,Care Super,Balanced,Listed Equity,1,Clinuvel Pharmaceuticals Ltd,,CUV AU,Australia,24917.0,,,300499.0,0.0
31/12/2024,Care Super,Balanced,Listed Equity,1,Clorox Co/The,,CLX US,United States,21963.0,,,5761182.0,0.0001
31/12/2024,Care Super,Balanced,Listed Equity,1,Cloudflare Inc,,NET US,United States,210435.0,,,36598051.0,0.0009
31/12/2024,Care Super,Balanced,Listed Equity,1,CLP Holdings Ltd,,2 HK,Hong Kong,19009.0,,,258096.0,0.0
31/12/2024,Care Super,Balanced,Listed Equity,1,CME Group Inc,,CME US,United States,71286.0,,,26737719.0,0.0006
31/12/2024,Care Super,Balanced,Listed Equity,1,CMOC Group Ltd,,603993 C1,China,108775.0,,,160057.0,0.0
31/12/2024,Care Super,Balanced,Listed Equity,1,CMS Energy Corp,,CMS US,United States,3406.0,,,366633.0,0.0
31/12/2024,Care Super,Balanced,Listed Equity,1,CNOOC Energy Technology & Services Ltd,,600968 C1,China,23595.0,,,22293.0,0.0
31/12/2024,Care Super,Balanced,Listed Equity,1,Co for Cooperative Insurance/The,,TAWUNIYA AB,Saudi Arabia,15821.0,,,1003762.0,0.0
31/12/2024,Care Super,Balanced,Listed Equity,1,Coca-Cola Co/The,,KO US,United States,54918.0,,,5522372.0,0.0001
31/12/2024,Care Super,Balanced,Listed Equity,1,Coca-Cola Femsa SAB de CV,,KOFUBL MM,Mexico,37323.0,,,469629.0,0.0
31/12/2024,Care Super,Balanced,Listed Equity,1,Coca-Cola HBC AG,,CCH LN,United Kingdom,242857.0,,,13420783.0,0.0003
31/12/2024,Care Super,Balanced,Listed Equity,1,Cochlear Ltd,,COH AU,Australia,224412.0,,,65052416.0,0.0015
31/12/2024,Care Super,Balanced,Listed Equity,1,Codan Ltd,,CDA AU,Australia,175750.0,,,2829569.0,0.0001
31/12/2024,Care Super,Balanced,Listed Equity,1,Cogent Communications Holdings Inc,,CCOI US,United States,537.0,,,66846.0,0.0
31/12/2024,Care Super,Balanced,Listed Equity,1,Cognizant Technology Solutions Corp,,CTSH US,United States,226989.0,,,28192571.0,0.0007000000000000001
31/12/2024,Care Super,Balanced,Listed Equity,1,Coinbase Global Inc,,COIN US,United States,4121.0,,,1652584.0,0.0
31/12/2024,Care Super,Balanced,Listed Equity,1,Coles Group Ltd,,COL AU,Australia,4371094.0,,,82569975.0,0.0019
31/12/2024,Care Super,Balanced,Listed Equity,1,Colgate-Palmolive Co,,CL US,United States,146862.0,,,21563801.0,0.0005
31/12/2024,Care Super,Balanced,Listed Equity,1,Colgate-Palmolive India Ltd,,CLGT IN,India,19496.0,,,985906.0,0.0
31/12/2024,Care Super,Balanced,Listed Equity,1,Collins Foods Ltd,,CKF AU,Australia,871036.0,,,6323718.0,0.0001
31/12/2024,Care Super,Balanced,Listed Equity,1,Comcast Corp,,CMCSA US,United States,129239.0,,,7833842.0,0.0002
31/12/2024,Care Super,Balanced,Listed Equity,1,ComfortDelGro Corp Ltd,,CD SP,Singapore,1938350.0,,,3396409.0,0.0001
31/12/2024,Care Super,Balanced,Listed Equity,1,Commercial International Bank - Egypt (CIB),,COMI EY,Egypt,38498.0,,,96028.0,0.0
31/12/2024,Care Super,Balanced,Listed Equity,1,Commonwealth Bank of Australia,,CBA AU,Australia,3578010.0,,,548330014.0,0.0129
31/12/2024,Care Super,Balanced,Listed Equity,1,Compal Electronics Inc,,2324 TT,Taiwan,369950.0,,,686189.0,0.0
31/12/2024,Care Super,Balanced,Listed Equity,1,Compass Group PLC,,CPG LN,United Kingdom,421781.0,,,22711297.0,0.0005
31/12/2024,Care Super,Balanced,Listed Equity,1,Computershare Ltd,,CPU AU,Australia,701882.0,,,23828905.0,0.0006
31/12/2024,Care Super,Balanced,Listed Equity,1,Conagra Brands Inc,,CAG US,United States,31478.0,,,1410814.0,0.0
31/12/2024,Care Super,Balanced,Listed Equity,1,ConocoPhillips,,COP US,United States,41869.0,,,6706145.0,0.0002
31/12/2024,Care Super,Balanced,Listed Equity,1,Consolidated Edison Inc,,ED US,United States,97301.0,,,14022759.0,0.0003
31/12/2024,Care Super,Balanced,Listed Equity,1,Constellation Energy Corp,,CEG US,United States,3257.0,,,1176841.0,0.0
31/12/2024,Care Super,Balanced,Listed Equity,1,Constellation Software Inc/Canada,,CSU CN,Canada,1617.0,,,8073452.0,0.0002
31/12/2024,Care Super,Balanced,Listed Equity,1,Contact Energy Ltd,,CEN AU,Australia,434430.0,,,3588390.0,0.0001
31/12/2024,Care Super,Balanced,Listed Equity,1,Contemporary Amperex Technology Co Ltd,,300750 C2,China,245339.0,,,14440219.0,0.0003
31/12/2024,Care Super,Balanced,Listed Equity,1,Continental AG,,CON GR,Germany,12769.0,,,1384256.0,0.0
31/12/2024,Care Super,Balanced,Listed Equity,1,Control Bionics Ltd,,CBL AU,Australia,365768.0,,,0.0,0.0
31/12/2024,Care Super,Balanced,Listed Equity,1,Cooper Cos Inc/The,,COO US,United States,136016.0,,,20195358.0,0.0005
31/12/2024,Care Super,Balanced,Listed Equity,1,Copa Holdings SA,,CPA US,United States,8799.0,,,1248895.0,0.0
31/12/2024,Care Super,Balanced,Listed Equity,1,Copart Inc,,CPRT US,United States,125375.0,,,11621197.0,0.0003
31/12/2024,Care Super,Balanced,Listed Equity,1,Coronado Global Resources Inc,,CRN AU,Australia,172221.0,,,131749.0,0.0
31/12/2024,Care Super,Balanced,Listed Equity,1,Corporate Travel Management Ltd,,CTD AU,Australia,19733.0,,,261461.0,0.0
31/12/2024,Care Super,Balanced,Listed Equity,1,COSCO SHIPPING Holdings Co Ltd,,601919 C1,China,46805.0,,,160526.0,0.0
31/12/2024,Care Super,Balanced,Listed Equity,1,COSCO SHIPPING Holdings Co Ltd,,1919 HK,Hong Kong,4241.0,,,11288.0,0.0
31/12/2024,Care Super,Balanced,Listed Equity,1,Costco Wholesale Corp,,COST US,United States,21609.0,,,31978303.0,0.0008
31/12/2024,Care Super,Balanced,Listed Equity,1,Coterra Energy Inc,,CTRA US,United States,73032.0,,,3012585.0,0.0001
31/12/2024,Care Super,Balanced,Listed Equity,1,Coupang Inc,,CPNG US,United States,720858.0,,,25590656.0,0.0006
31/12/2024,Care Super,Balanced,Listed Equity,1,Coway Co Ltd,,021240 KS,South Korea,4313.0,,,316581.0,0.0
31/12/2024,Care Super,Balanced,Listed Equity,1,CP ALL PCL,,CPALL/F TB,Thailand,554455.0,,,1464281.0,0.0
31/12/2024,Care Super,Balanced,Listed Equity,1,CPFL Energia SA,,CPFE3 BZ,Brazil,34939.0,,,288552.0,0.0
31/12/2024,Care Super,Balanced,Listed Equity,1,Credicorp Ltd,,BAP US,United States,16795.0,,,4972713.0,0.0001
31/12/2024,Care Super,Balanced,Listed Equity,1,Credit Agricole SA,,ACA FP,France,76670.0,,,1704128.0,0.0
31/12/2024,Care Super,Balanced,Listed Equity,1,Credit Agricole SA,,XCA TH,Germany,43130.0,,,961883.0,0.0
31/12/2024,Care Super,Balanced,Listed Equity,1,Credit Corp Group Ltd,,CCP AU,Australia,443409.0,,,7090102.0,0.0002
31/12/2024,Care Super,Balanced,Listed Equity,1,CRH PLC,,CRH LN,United Kingdom,38775.0,,,5815085.0,0.0001
31/12/2024,Care Super,Balanced,Listed Equity,1,CRH PLC,,CRH US,United States,31307.0,,,4678300.0,0.0001
31/12/2024,Care Super,Balanced,Listed Equity,1,Criteo SA,,CRTO US,United States,53681.0,,,3429872.0,0.0001
31/12/2024,Care Super,Balanced,Listed Equity,1,Croda International PLC,,CRDA LN,United Kingdom,55718.0,,,3815077.0,0.0001
31/12/2024,Care Super,Balanced,Listed Equity,1,Crowdstrike Holdings Inc,,CRWD US,United States,9475.0,,,5236080.0,0.0001
31/12/2024,Care Super,Balanced,Listed Equity,1,Crown Holdings Inc,,CCK US,United States,6180.0,,,825343.0,0.0
31/12/2024,Care Super,Balanced,Listed Equity,1,CRRC Corp Ltd,,1766 HK,Hong Kong,239443.0,,,249423.0,0.0
31/12/2024,Care Super,Balanced,Listed Equity,1,CSL Ltd,,CSL AU,Australia,1578777.0,,,444552067.0,0.0105
31/12/2024,Care Super,Balanced,Listed Equity,1,CSPC Pharmaceutical Group Ltd,,1093 HK,Hong Kong,498838.0,,,495776.0,0.0
31/12/2024,Care Super,Balanced,Listed Equity,1,CSX Corp,,CSX US,United States,49881.0,,,2599793.0,0.0001
31/12/2024,Care Super,Balanced,Listed Equity,1,CTBC Financial Holding Co Ltd,,2891 TT,Taiwan,434512.0,,,836978.0,0.0
31/12/2024,Care Super,Balanced,Listed Equity,1,Cummins Inc,,CMI US,United States,18695.0,,,10525674.0,0.0002
31/12/2024,Care Super,Balanced,Listed Equity,1,Cummins India Ltd,,KKC IN,India,18788.0,,,1160436.0,0.0
31/12/2024,Care Super,Balanced,Listed Equity,1,CVS Health Corp,,CVS US,United States,265205.0,,,19228080.0,0.0005
31/12/2024,Care Super,Balanced,Listed Equity,1,CyberArk Software Ltd,,CYBR US,United States,13111.0,,,7054553.0,0.0002
31/12/2024,Care Super,Balanced,Listed Equity,1,Dai Nippon Printing Co Ltd,,7912 JP,Japan,2072.0,,,47267.0,0.0
31/12/2024,Care Super,Balanced,Listed Equity,1,Dai-ichi Life Holdings Inc,,8750 JP,Japan,104618.0,,,4553238.0,0.0001
31/12/2024,Care Super,Balanced,Listed Equity,1,Daiichi Sankyo Co Ltd,,4568 JP,Japan,21324.0,,,953710.0,0.0
31/12/2024,Care Super,Balanced,Listed Equity,1,Daimler Truck Holding AG,,DTG GR,Germany,384697.0,,,23708867.0,0.0006
31/12/2024,Care Super,Balanced,Listed Equity,1,Daiwa Securities Group Inc,,8601 JP,Japan,227249.0,,,2447514.0,0.0001
31/12/2024,Care Super,Balanced,Listed Equity,1,Danaher Corp,,DHR US,United States,99072.0,,,36730865.0,0.0009
31/12/2024,Care Super,Balanced,Listed Equity,1,Danone SA,,BN FP,France,36942.0,,,4023412.0,0.0001
31/12/2024,Care Super,Balanced,Listed Equity,1,Danske Bank A/S,,DANSKE DC,Denmark,18344.0,,,838026.0,0.0
31/12/2024,Care Super,Balanced,Listed Equity,1,Daqin Railway Co Ltd,,601006 C1,China,16397.0,,,24599.0,0.0
31/12/2024,Care Super,Balanced,Listed Equity,1,Darden Restaurants Inc,,DRI US,United States,5241.0,,,1580266.0,0.0
31/12/2024,Care Super,Balanced,Listed Equity,1,Dassault Aviation SA,,AM FP,France,2621.0,,,864497.0,0.0
31/12/2024,Care Super,Balanced,Listed Equity,1,Data#3 Ltd,,DTL AU,Australia,867060.0,,,5540514.0,0.0001
31/12/2024,Care Super,Balanced,Listed Equity,1,Datadog Inc,,DDOG US,United States,82743.0,,,19095683.0,0.0005
31/12/2024,Care Super,Balanced,Listed Equity,1,DaVita Inc,,DVA US,United States,426.0,,,102826.0,0.0
31/12/2024,Care Super,Balanced,Listed Equity,1,DB Insurance Co Ltd,,005830 KS,South Korea,5804.0,,,654639.0,0.0
31/12/2024,Care Super,Balanced,Listed Equity,1,DBS Group Holdings Ltd,,DBS SP,Singapore,264511.0,,,13691457.0,0.0003
31/12/2024,Care Super,Balanced,Listed Equity,1,De Grey Mining Ltd,,DEG AU,Australia,2960698.0,,,5225632.0,0.0001
31/12/2024,Care Super,Balanced,Listed Equity,1,Deckers Outdoor Corp,,DECK US,United States,18966.0,,,6221222.0,0.0001
31/12/2024,Care Super,Balanced,Listed Equity,1,Deere & Co,,DE US,United States,4182.0,,,2861601.0,0.0001
31/12/2024,Care Super,Balanced,Listed Equity,1,Dell Technologies Inc,,DELL US,United States,11142.0,,,2073869.0,0.0
31/12/2024,Care Super,Balanced,Listed Equity,1,Delta Air Lines Inc,,DAL US,United States,52597.0,,,5139543.0,0.0001
31/12/2024,Care Super,Balanced,Listed Equity,1,Delta Electronics Inc,,2308 TT,Taiwan,104453.0,,,2215276.0,0.0001
31/12/2024,Care Super,Balanced,Listed Equity,1,Descartes Systems Group Inc/The,,DSG CN,Canada,2033.0,,,373070.0,0.0
31/12/2024,Care Super,Balanced,Listed Equity,1,Deterra Royalties Ltd,,DRR AU,Australia,2898799.0,,,10783532.0,0.0003
31/12/2024,Care Super,Balanced,Listed Equity,1,Deutsche Boerse AG,,DB1 GR,Germany,10277.0,,,3822460.0,0.0001
31/12/2024,Care Super,Balanced,Listed Equity,1,Deutsche Lufthansa AG,,LHA GR,Germany,76151.0,,,786574.0,0.0
31/12/2024,Care Super,Balanced,Listed Equity,1,Deutsche Post AG,,DHL GR,Germany,19553.0,,,1111212.0,0.0
31/12/2024,Care Super,Balanced,Listed Equity,1,Deutsche Telekom AG,,DTE GR,Germany,131865.0,,,6371356.0,0.0002
31/12/2024,Care Super,Balanced,Listed Equity,1,Develop Global Ltd,,DVP AU,Australia,563992.0,,,1319742.0,0.0
31/12/2024,Care Super,Balanced,Listed Equity,1,Devon Energy Corp,,DVN US,United States,8884.0,,,469655.0,0.0
31/12/2024,Care Super,Balanced,Listed Equity,1,Dexco SA,,DXCO3 BZ,Brazil,733167.0,,,1142394.0,0.0
31/12/2024,Care Super,Balanced,Listed Equity,1,Dexcom Inc,,DXCM US,United States,134804.0,,,16932458.0,0.0004
31/12/2024,Care Super,Balanced,Listed Equity,1,Dexerials Corp,,4980 JP,Japan,24018.0,,,610046.0,0.0
31/12/2024,Care Super,Balanced,Listed Equity,1,Diageo PLC,,DGE LN,United Kingdom,682964.0,,,35055112.0,0.0008
31/12/2024,Care Super,Balanced,Listed Equity,1,Diamondback Energy Inc,,FANG US,United States,7252.0,,,1918818.0,0.0
31/12/2024,Care Super,Balanced,Listed Equity,1,DiaSorin SpA,,DIA IM,Italy,13436.0,,,2237276.0,0.0001
31/12/2024,Care Super,Balanced,Listed Equity,1,Dicker Data Ltd,,DDR AU,Australia,48379.0,,,407348.0,0.0
31/12/2024,Care Super,Balanced,Listed Equity,1,Dick's Sporting Goods Inc,,DKS US,United States,3127.0,,,1155743.0,0.0
31/12/2024,Care Super,Balanced,Listed Equity,1,DiDi Global Inc,,DIDIY US,United States,1005016.0,,,7418110.0,0.0002
31/12/2024,Care Super,Balanced,Listed Equity,1,Diploma PLC,,DPLM LN,United Kingdom,81706.0,,,7024128.0,0.0002
31/12/2024,Care Super,Balanced,Listed Equity,1,Disco Corp,,6146 JP,Japan,770.0,,,338050.0,0.0
31/12/2024,Care Super,Balanced,Listed Equity,1,Discover Financial Services,,DFS US,United States,11899.0,,,3329184.0,0.0001
31/12/2024,Care Super,Balanced,Listed Equity,1,Divi's Laboratories Ltd,,DIVI IN,India,70817.0,,,8147890.0,0.0002
31/12/2024,Care Super,Balanced,Listed Equity,1,DKSH Holding AG,,DKSH SW,Switzerland,21.0,,,2500.0,0.0
31/12/2024,Care Super,Balanced,Listed Equity,1,DNB Bank ASA,,DNB NO,Norway,38817.0,,,1252528.0,0.0
31/12/2024,Care Super,Balanced,Listed Equity,1,DocuSign Inc,,DOCU US,United States,1925.0,,,279677.0,0.0
31/12/2024,Care Super,Balanced,Listed Equity,1,Dollar General Corp,,DG US,United States,220017.0,,,26942919.0,0.0006
31/12/2024,Care Super,Balanced,Listed Equity,1,Dollarama Inc,,DOL CN,Canada,20793.0,,,3275719.0,0.0001
31/12/2024,Care Super,Balanced,Listed Equity,1,Domain Holdings Australia Ltd,,DHG AU,Australia,38900.0,,,98416.0,0.0
31/12/2024,Care Super,Balanced,Listed Equity,1,Dominion Energy Inc,,D US,United States,9723.0,,,845768.0,0.0
31/12/2024,Care Super,Balanced,Listed Equity,1,Domino's Pizza Enterprises Ltd,,DMP AU,Australia,611963.0,,,18016197.0,0.0004
31/12/2024,Care Super,Balanced,Listed Equity,1,DoorDash Inc,,DASH US,United States,23552.0,,,6381129.0,0.0002
31/12/2024,Care Super,Balanced,Listed Equity,1,Doosan Bobcat Inc,,241560 KS,South Korea,4241.0,,,194950.0,0.0
31/12/2024,Care Super,Balanced,Listed Equity,1,Dover Corp,,DOV US,United States,3012.0,,,912475.0,0.0
31/12/2024,Care Super,Balanced,Listed Equity,1,Dow Inc,,DOW US,United States,234472.0,,,15197227.0,0.0004
31/12/2024,Care Super,Balanced,Listed Equity,1,Downer EDI Ltd,,DOW AU,Australia,12784164.0,,,67116857.0,0.0016
31/12/2024,Care Super,Balanced,Listed Equity,1,DR Horton Inc,,DHI US,United States,15744.0,,,3555450.0,0.0001
31/12/2024,Care Super,Balanced,Listed Equity,1,Dr Ing hc F Porsche AG,,P911 GR,Germany,11380.0,,,1111895.0,0.0
31/12/2024,Care Super,Balanced,Listed Equity,1,Dr Lal PathLabs Ltd,,DLPL IN,India,70399.0,,,3984822.0,0.0001
31/12/2024,Care Super,Balanced,Listed Equity,1,Dr Reddy's Laboratories Ltd,,RDY US,United States,1007.0,,,25682.0,0.0
31/12/2024,Care Super,Balanced,Listed Equity,1,DroneShield Ltd,,DRO AU,Australia,127606.0,,,97618.0,0.0
31/12/2024,Care Super,Balanced,Listed Equity,1,Dropbox Inc,,DBX US,United States,109713.0,,,5323071.0,0.0001
31/12/2024,Care Super,Balanced,Listed Equity,1,DSM-Firmenich AG,,DSFIR NA,Netherlands,78746.0,,,12869556.0,0.0003
31/12/2024,Care Super,Balanced,Listed Equity,1,DSV A/S,,DSV DC,Denmark,38819.0,,,13311363.0,0.0003
31/12/2024,Care Super,Balanced,Listed Equity,1,Duke Energy Corp,,DUK US,United States,11739.0,,,2042702.0,0.0
31/12/2024,Care Super,Balanced,Listed Equity,1,DuPont de Nemours Inc,,DD US,United States,55916.0,,,6886226.0,0.0002
31/12/2024,Care Super,Balanced,Listed Equity,1,Dutch Bros Inc,,BROS US,United States,31691.0,,,2681046.0,0.0001
31/12/2024,Care Super,Balanced,Listed Equity,1,Dynatrace Inc,,DT US,United States,53588.0,,,4704064.0,0.0001
31/12/2024,Care Super,Balanced,Listed Equity,1,E Ink Holdings Inc,,8069 TT,Taiwan,41570.0,,,559084.0,0.0
31/12/2024,Care Super,Balanced,Listed Equity,1,E.ON SE,,EOAN GR,Germany,29599.0,,,556652.0,0.0
31/12/2024,Care Super,Balanced,Listed Equity,1,E.Sun Financial Holding Co Ltd,,2884 TT,Taiwan,19632.0,,,26065.0,0.0
31/12/2024,Care Super,Balanced,Listed Equity,1,Eagers Automotive Ltd,,APE AU,Australia,338980.0,,,4013521.0,0.0001
31/12/2024,Care Super,Balanced,Listed Equity,1,East Japan Railway Co,,9020 JP,Japan,13069.0,,,375394.0,0.0
31/12/2024,Care Super,Balanced,Listed Equity,1,Eastroc Beverage Group Co Ltd,,605499 C1,China,25528.0,,,1403799.0,0.0
31/12/2024,Care Super,Balanced,Listed Equity,1,Eaton Corp PLC,,ETN US,United States,21877.0,,,11726444.0,0.0003
31/12/2024,Care Super,Balanced,Listed Equity,1,eBay Inc,,EBAY US,United States,95158.0,,,9521163.0,0.0002
31/12/2024,Care Super,Balanced,Listed Equity,1,EBOS Group Ltd,,EBO AU,Australia,410519.0,,,13953524.0,0.0003
31/12/2024,Care Super,Balanced,Listed Equity,1,Ecolab Inc,,ECL US,United States,23825.0,,,9016647.0,0.0002
31/12/2024,Care Super,Balanced,Listed Equity,1,Edison International,,EIX US,United States,124167.0,,,16011396.0,0.0004
31/12/2024,Care Super,Balanced,Listed Equity,1,EDP SA,,EDP PL,Portugal,40216.0,,,207898.0,0.0
31/12/2024,Care Super,Balanced,Listed Equity,1,Edwards Lifesciences Corp,,EW US,United States,167678.0,,,20048831.0,0.0005
31/12/2024,Care Super,Balanced,Listed Equity,1,Eiffage SA,,FGR FP,France,7737.0,,,1096314.0,0.0
31/12/2024,Care Super,Balanced,Listed Equity,1,Elders Ltd,,ELD AU,Australia,1453801.0,,,10409217.0,0.0002
31/12/2024,Care Super,Balanced,Listed Equity,1,Eldorado Gold Corp,,EGO US,United States,140683.0,,,3378746.0,0.0001
31/12/2024,Care Super,Balanced,Listed Equity,1,Electronic Arts Inc,,EA US,United States,152754.0,,,36094462.0,0.0009
31/12/2024,Care Super,Balanced,Listed Equity,1,Elevance Health Inc,,ELV US,United States,8715.0,,,5192570.0,0.0001
31/12/2024,Care Super,Balanced,Listed Equity,1,elf Beauty Inc,,ELF US,United States,90625.0,,,18376702.0,0.0004
31/12/2024,Care Super,Balanced,Listed Equity,1,Elgi Equipments Ltd,,ELEQ IN,India,205914.0,,,2252287.0,0.0001
31/12/2024,Care Super,Balanced,Listed Equity,1,Eli Lilly & Co,,LLY US,United States,40908.0,,,51006654.0,0.0012
31/12/2024,Care Super,Balanced,Listed Equity,1,Elia Group SA/NV,,ELI BB,Belgium,442.0,,,54995.0,0.0
31/12/2024,Care Super,Balanced,Listed Equity,1,Embraer SA,,EMBR3 BZ,Brazil,235583.0,,,3460750.0,0.0001
31/12/2024,Care Super,Balanced,Listed Equity,1,EMCOR Group Inc,,EME US,United States,4429.0,,,3246714.0,0.0001
31/12/2024,Care Super,Balanced,Listed Equity,1,Emera Inc,,EMA CN,Canada,3434.0,,,207229.0,0.0
31/12/2024,Care Super,Balanced,Listed Equity,1,Emerald Resources NL,,EMR AU,Australia,717803.0,,,2332861.0,0.0001
31/12/2024,Care Super,Balanced,Listed Equity,1,Emerson Electric Co,,EMR US,United States,11914.0,,,2384650.0,0.0001
31/12/2024,Care Super,Balanced,Listed Equity,1,Empire Co Ltd,,EMP/A CN,Canada,7878.0,,,388312.0,0.0
31/12/2024,Care Super,Balanced,Listed Equity,1,Empresas Copec SA,,COPEC CI,Chile,49317.0,,,486870.0,0.0
31/12/2024,Care Super,Balanced,Listed Equity,1,EMS-Chemie Holding AG,,EMSN SW,Switzerland,1005.0,,,1094835.0,0.0
31/12/2024,Care Super,Balanced,Listed Equity,1,Enagas SA,,ENG SM,Spain,3012.0,,,59345.0,0.0
31/12/2024,Care Super,Balanced,Listed Equity,1,Enbridge Inc,,ENB CN,Canada,65304.0,,,4474331.0,0.0001
31/12/2024,Care Super,Balanced,Listed Equity,1,Enchem Co Ltd,,348370 KS,South Korea,226.0,,,33000.0,0.0
31/12/2024,Care Super,Balanced,Listed Equity,1,Endava PLC,,DAVA US,United States,63890.0,,,3188561.0,0.0001
31/12/2024,Care Super,Balanced,Listed Equity,1,Endeavour Group Ltd/Australia,,EDV AU,Australia,2581500.0,,,10842299.0,0.0003
31/12/2024,Care Super,Balanced,Listed Equity,1,Endesa SA,,ELE SM,Spain,61055.0,,,2120848.0,0.0001
31/12/2024,Care Super,Balanced,Listed Equity,1,Enel Chile SA,,ENELCHIL CI,Chile,2766033.0,,,258294.0,0.0
31/12/2024,Care Super,Balanced,Listed Equity,1,Enel SpA,,ENEL IM,Italy,1379003.0,,,15881312.0,0.0004
31/12/2024,Care Super,Balanced,Listed Equity,1,ENEOS Holdings Inc,,5020 JP,Japan,80445.0,,,683127.0,0.0
31/12/2024,Care Super,Balanced,Listed Equity,1,Engie SA,,ENGI FP,France,172933.0,,,4428001.0,0.0001
31/12/2024,Care Super,Balanced,Listed Equity,1,Eni SpA,,ENI IM,Italy,87603.0,,,1917847.0,0.0
31/12/2024,Care Super,Balanced,Listed Equity,1,Enphase Energy Inc,,ENPH US,United States,96328.0,,,10685336.0,0.0003
31/12/2024,Care Super,Balanced,Listed Equity,1,Ensign Group Inc/The,,ENSG US,United States,53383.0,,,11455266.0,0.0003
31/12/2024,Care Super,Balanced,Listed Equity,1,Entergy Corp,,ETR US,United States,4985.0,,,610483.0,0.0
31/12/2024,Care Super,Balanced,Listed Equity,1,EOG Resources Inc,,EOG US,United States,30883.0,,,6114171.0,0.0001
31/12/2024,Care Super,Balanced,Listed Equity,1,Eoptolink Technology Inc Ltd,,300502 C2,China,6543.0,,,167345.0,0.0
31/12/2024,Care Super,Balanced,Listed Equity,1,EPAM Systems Inc,,EPAM US,United States,2528.0,,,954716.0,0.0
31/12/2024,Care Super,Balanced,Listed Equity,1,Epiroc AB,,EPIA SS,Sweden,5267.0,,,148246.0,0.0
31/12/2024,Care Super,Balanced,Listed Equity,1,EQT AB,,EQT SS,Sweden,14553.0,,,651174.0,0.0
31/12/2024,Care Super,Balanced,Listed Equity,1,EQT Corp,,EQT US,United States,135787.0,,,10112444.0,0.0002
31/12/2024,Care Super,Balanced,Listed Equity,1,Equifax Inc,,EFX US,United States,62566.0,,,25752880.0,0.0006
31/12/2024,Care Super,Balanced,Listed Equity,1,Equinor ASA,,EQNR NO,Norway,160426.0,,,6054842.0,0.0001
31/12/2024,Care Super,Balanced,Listed Equity,1,Equitable Holdings Inc,,EQH US,United States,102297.0,,,7793513.0,0.0002
31/12/2024,Care Super,Balanced,Listed Equity,1,Erste Group Bank AG,,EBS AV,Austria,45927.0,,,4582487.0,0.0001
31/12/2024,Care Super,Balanced,Listed Equity,1,Esperion Therapeutics Inc,,ESPR US,United States,223335.0,,,793568.0,0.0
31/12/2024,Care Super,Balanced,Listed Equity,1,Essential Utilities Inc,,WTRG US,United States,2912.0,,,170845.0,0.0
31/12/2024,Care Super,Balanced,Listed Equity,1,EssilorLuxottica SA,,EL FP,France,3367.0,,,1326764.0,0.0
31/12/2024,Care Super,Balanced,Listed Equity,1,Essity AB,,ESSITYB SS,Sweden,4042.0,,,174723.0,0.0
31/12/2024,Care Super,Balanced,Listed Equity,1,Etihad Etisalat Co,,EEC AB,Saudi Arabia,6383.0,,,146522.0,0.0
31/12/2024,Care Super,Balanced,Listed Equity,1,Etsy Inc,,ETSY US,United States,2689.0,,,229700.0,0.0
31/12/2024,Care Super,Balanced,Listed Equity,1,Eurazeo SE,,RF FP,France,1507.0,,,181377.0,0.0
31/12/2024,Care Super,Balanced,Listed Equity,1,Eurobank Ergasias Services and Holdings SA,,EUROB GA,Greece,136773.0,,,510104.0,0.0
31/12/2024,Care Super,Balanced,Listed Equity,1,Euronext NV,,ENX FP,France,6005.0,,,1087752.0,0.0
31/12/2024,Care Super,Balanced,Listed Equity,1,Eutelsat Communications SACA,,ETL FP,France,1582.0,,,6000.0,0.0
31/12/2024,Care Super,Balanced,Listed Equity,1,Eva Airways Corp,,2618 TT,Taiwan,329933.0,,,720866.0,0.0
31/12/2024,Care Super,Balanced,Listed Equity,1,Evercore Inc,,EVR US,United States,1266.0,,,566590.0,0.0
31/12/2024,Care Super,Balanced,Listed Equity,1,Everest Group Ltd,,EG US,United States,2341.0,,,1370286.0,0.0
31/12/2024,Care Super,Balanced,Listed Equity,1,Evergreen Marine Corp Taiwan Ltd,,2603 TT,Taiwan,43879.0,,,486383.0,0.0
31/12/2024,Care Super,Balanced,Listed Equity,1,Evergy Inc,,EVRG US,United States,11312.0,,,1124538.0,0.0
31/12/2024,Care Super,Balanced,Listed Equity,1,Eversource Energy,,ES US,United States,4110.0,,,381229.0,0.0
31/12/2024,Care Super,Balanced,Listed Equity,1,EVN AG,,EVN AV,Austria,442.0,,,16262.0,0.0
31/12/2024,Care Super,Balanced,Listed Equity,1,Evolution AB,,EVO SS,Sweden,21726.0,,,2708268.0,0.0001
31/12/2024,Care Super,Balanced,Listed Equity,1,Evolution Mining Ltd,,EVN AU,Australia,6172873.0,,,29691519.0,0.0007000000000000001
31/12/2024,Care Super,Balanced,Listed Equity,1,Evonik Industries AG,,EVK GR,Germany,178488.0,,,4994126.0,0.0001
31/12/2024,Care Super,Balanced,Listed Equity,1,EVT Ltd,,EVT AU,Australia,23250.0,,,264587.0,0.0
31/12/2024,Care Super,Balanced,Listed Equity,1,Exelixis Inc,,EXEL US,United States,20028.0,,,1077187.0,0.0
31/12/2024,Care Super,Balanced,Listed Equity,1,Exelon Corp,,EXC US,United States,182565.0,,,11098648.0,0.0003
31/12/2024,Care Super,Balanced,Listed Equity,1,EXOR NV,,EXO NA,Netherlands,1574.0,,,233107.0,0.0
31/12/2024,Care Super,Balanced,Listed Equity,1,Chesapeake Energy Corp,,CHK US,United States,10400.0,,,1672192.0,0.0
31/12/2024,Care Super,Balanced,Listed Equity,1,Expedia Group Inc,,EXPE US,United States,21088.0,,,6346173.0,0.0001
31/12/2024,Care Super,Balanced,Listed Equity,1,Experian PLC,,EXPN LN,United Kingdom,6718.0,,,468158.0,0.0
31/12/2024,Care Super,Balanced,Listed Equity,1,Exxon Mobil Corp,,XOM US,United States,151993.0,,,26406938.0,0.0006
31/12/2024,Care Super,Balanced,Listed Equity,1,F5 Inc,,FFIV US,United States,11581.0,,,4703694.0,0.0001
31/12/2024,Care Super,Balanced,Listed Equity,1,Fabrinet,,FN US,United States,1505.0,,,534468.0,0.0
31/12/2024,Care Super,Balanced,Listed Equity,1,FactSet Research Systems Inc,,FDS US,United States,29427.0,,,22826687.0,0.0005
31/12/2024,Care Super,Balanced,Listed Equity,1,Fair Isaac Corp,,FICO US,United States,1538.0,,,4945851.0,0.0001
31/12/2024,Care Super,Balanced,Listed Equity,1,Fairfax Financial Holdings Ltd,,FFH CN,Canada,3709.0,,,8330423.0,0.0002
31/12/2024,Care Super,Balanced,Listed Equity,1,Falabella SA,,FALAB CI,Chile,136269.0,,,777878.0,0.0
31/12/2024,Care Super,Balanced,Listed Equity,1,FANUC Corp,,6954 JP,Japan,5274.0,,,226286.0,0.0
31/12/2024,Care Super,Balanced,Listed Equity,1,Fast Retailing Co Ltd,,9983 JP,Japan,4400.0,,,2433682.0,0.0001
31/12/2024,Care Super,Balanced,Listed Equity,1,Fastenal Co,,FAST US,United States,59352.0,,,6893306.0,0.0002
31/12/2024,Care Super,Balanced,Listed Equity,1,FedEx Corp,,FDX US,United States,3079.0,,,1399154.0,0.0
31/12/2024,Care Super,Balanced,Listed Equity,1,Ferrari NV,,RACEM BQ,Germany,3587.0,,,2473723.0,0.0001
31/12/2024,Care Super,Balanced,Listed Equity,1,Fidelity National Financial Inc,,FNF US,United States,39704.0,,,3600059.0,0.0001
31/12/2024,Care Super,Balanced,Listed Equity,1,Fidelity National Information Services Inc,,FIS US,United States,202471.0,,,26412964.0,0.0006
31/12/2024,Care Super,Balanced,Listed Equity,1,Fifth Third Bancorp,,FITB US,United States,24838.0,,,1696118.0,0.0
31/12/2024,Care Super,Balanced,Listed Equity,1,Firefinch Ltd,,FFX AU,Australia,431197.0,,,0.0,0.0
31/12/2024,Care Super,Balanced,Listed Equity,1,First Abu Dhabi Bank PJSC,,FAB UH,United Arab Emirates,603318.0,,,3645107.0,0.0001
31/12/2024,Care Super,Balanced,Listed Equity,1,First Citizens BancShares Inc/NC,,FCNCA US,United States,834.0,,,2845258.0,0.0001
31/12/2024,Care Super,Balanced,Listed Equity,1,First Horizon Corp,,FHN US,United States,17913.0,,,582675.0,0.0
31/12/2024,Care Super,Balanced,Listed Equity,1,First Solar Inc,,FSLR US,United States,3479.0,,,990231.0,0.0
31/12/2024,Care Super,Balanced,Listed Equity,1,FirstEnergy Corp,,FE US,United States,6640.0,,,426606.0,0.0
31/12/2024,Care Super,Balanced,Listed Equity,1,Firstgroup PLC,,FGP LN,United Kingdom,7089.0,,,23043.0,0.0
31/12/2024,Care Super,Balanced,Listed Equity,1,Fiserv Inc,,FI US,United States,87652.0,,,29080854.0,0.0007000000000000001
31/12/2024,Care Super,Balanced,Listed Equity,1,Fisher & Paykel Healthcare Corp Ltd,,FPH AU,Australia,1500585.0,,,52445453.0,0.0012
31/12/2024,Care Super,Balanced,Listed Equity,1,Five Below Inc,,FIVE US,United States,46039.0,,,7804604.0,0.0002
31/12/2024,Care Super,Balanced,Listed Equity,1,Five-Star Business Finance Ltd,,FIVESTAR IN,India,352340.0,,,5143418.0,0.0001
31/12/2024,Care Super,Balanced,Listed Equity,1,Corpay Inc,,CPAY US,United States,11666.0,,,6376360.0,0.0002
31/12/2024,Care Super,Balanced,Listed Equity,1,FleetPartners Group Ltd,,FPR AU,Australia,1818995.0,,,4893096.0,0.0001
31/12/2024,Care Super,Balanced,Listed Equity,1,Fletcher Building Ltd,,FBU AU,Australia,11941717.0,,,30451379.0,0.0007000000000000001
31/12/2024,Care Super,Balanced,Listed Equity,1,Flex Ltd,,FLEX US,United States,155631.0,,,9649822.0,0.0002
31/12/2024,Care Super,Balanced,Listed Equity,1,Flight Centre Travel Group Ltd,,FLT AU,Australia,917688.0,,,15307031.0,0.0004
31/12/2024,Care Super,Balanced,Listed Equity,1,Floor & Decor Holdings Inc,,FND US,United States,12924.0,,,2081055.0,0.0
31/12/2024,Care Super,Balanced,Listed Equity,1,Fluence Corp Ltd,,FLC AU,Australia,157669.0,,,11352.0,0.0
31/12/2024,Care Super,Balanced,Listed Equity,1,Flughafen Zurich AG,,FHZN SW,Switzerland,238.0,,,92150.0,0.0
31/12/2024,Care Super,Balanced,Listed Equity,1,Flutter Entertainment PLC,,FLTRL TQ,United Kingdom,45576.0,,,19101760.0,0.0005
31/12/2024,Care Super,Balanced,Listed Equity,1,FMC Corp,,FMC US,United States,20169.0,,,1583494.0,0.0
31/12/2024,Care Super,Balanced,Listed Equity,1,Fomento Economico Mexicano SAB de CV,,FMX US,United States,141035.0,,,19473651.0,0.0005
31/12/2024,Care Super,Balanced,Listed Equity,1,Ford Motor Co,,F US,United States,81653.0,,,1305597.0,0.0
31/12/2024,Care Super,Balanced,Listed Equity,1,Fortescue Ltd,,FMG AU,Australia,2191391.0,,,39992881.0,0.0009
31/12/2024,Care Super,Balanced,Listed Equity,1,Fortinet Inc,,FTNT US,United States,51943.0,,,7926277.0,0.0002
31/12/2024,Care Super,Balanced,Listed Equity,1,Fortis Inc/Canada,,FTS CN,Canada,97043.0,,,6509378.0,0.0002
31/12/2024,Care Super,Balanced,Listed Equity,1,Fortive Corp,,FTV US,United States,11133.0,,,1348588.0,0.0
31/12/2024,Care Super,Balanced,Listed Equity,1,Fortune Electric Co Ltd,,1519 TT,Taiwan,14626.0,,,405679.0,0.0
31/12/2024,Care Super,Balanced,Listed Equity,1,Fox Corp,,FOXA US,United States,26752.0,,,2098990.0,0.0
31/12/2024,Care Super,Balanced,Listed Equity,1,Foxconn Industrial Internet Co Ltd,,601138 C1,China,61662.0,,,293347.0,0.0
31/12/2024,Care Super,Balanced,Listed Equity,1,Franco-Nevada Corp,,FNV CN,Canada,8156.0,,,1547221.0,0.0
31/12/2024,Care Super,Balanced,Listed Equity,1,Franco-Nevada Corp,,FNV US,United States,32310.0,,,6136350.0,0.0001
31/12/2024,Care Super,Balanced,Listed Equity,1,Fraport AG Frankfurt Airport Services Worldwide,,FRA GR,Germany,440.0,,,43009.0,0.0
31/12/2024,Care Super,Balanced,Listed Equity,1,Freeport-McMoRan Inc,,FCX US,United States,58225.0,,,3581041.0,0.0001
31/12/2024,Care Super,Balanced,Listed Equity,1,Fresenius Medical Care AG,,FME GR,Germany,230829.0,,,17047976.0,0.0004
31/12/2024,Care Super,Balanced,Listed Equity,1,Fresenius SE & Co KGaA,,FRE GR,Germany,100698.0,,,5648562.0,0.0001
31/12/2024,Care Super,Balanced,Listed Equity,1,Freshpet Inc,,FRPT US,United States,31538.0,,,7544295.0,0.0002
31/12/2024,Care Super,Balanced,Listed Equity,1,Frontier Communications Parent Inc,,FYBR US,United States,30712.0,,,1721224.0,0.0
31/12/2024,Care Super,Balanced,Listed Equity,1,Fubon Financial Holding Co Ltd,,2881 TT,Taiwan,6059.0,,,26955.0,0.0
31/12/2024,Care Super,Balanced,Listed Equity,1,Fuji Electric Co Ltd,,6504 JP,Japan,33795.0,,,2972243.0,0.0001
31/12/2024,Care Super,Balanced,Listed Equity,1,Fujikura Ltd,,5803 JP,Japan,27636.0,,,1859733.0,0.0
31/12/2024,Care Super,Balanced,Listed Equity,1,Fujitsu Ltd,,6702 JP,Japan,328424.0,,,9448815.0,0.0002
31/12/2024,Care Super,Balanced,Listed Equity,1,Furukawa Electric Co Ltd,,5801 JP,Japan,8237.0,,,565891.0,0.0
31/12/2024,Care Super,Balanced,Listed Equity,1,Futu Holdings Ltd,,FUTU US,United States,6499.0,,,839596.0,0.0
31/12/2024,Care Super,Balanced,Listed Equity,1,G8 Education Ltd,,GEM AU,Australia,162550.0,,,212128.0,0.0
31/12/2024,Care Super,Balanced,Listed Equity,1,Galaxy Entertainment Group Ltd,,27 HK,Hong Kong,1201679.0,,,8245176.0,0.0002
31/12/2024,Care Super,Balanced,Listed Equity,1,Garmin Ltd,,GRMN US,United States,20081.0,,,6689783.0,0.0002
31/12/2024,Care Super,Balanced,Listed Equity,1,Gartner Inc,,IT US,United States,22127.0,,,17313645.0,0.0004
31/12/2024,Care Super,Balanced,Listed Equity,1,Gaztransport Et Technigaz SA,,GTT FP,France,5155.0,,,1108820.0,0.0
31/12/2024,Care Super,Balanced,Listed Equity,1,GE Aerospace,,GE US,United States,53457.0,,,14400639.0,0.0003
31/12/2024,Care Super,Balanced,Listed Equity,1,GE Vernova Inc,,GEV US,United States,4155.0,,,2207628.0,0.0001
31/12/2024,Care Super,Balanced,Listed Equity,1,GEA Group AG,,G1A GR,Germany,40182.0,,,3213655.0,0.0001
31/12/2024,Care Super,Balanced,Listed Equity,1,Geberit AG,,GEBN SW,Switzerland,786.0,,,720837.0,0.0
31/12/2024,Care Super,Balanced,Listed Equity,1,Geely Automobile Holdings Ltd,,175 HK,Hong Kong,8362.0,,,25766.0,0.0
31/12/2024,Care Super,Balanced,Listed Equity,1,General Mills Inc,,GIS US,United States,36.0,,,3732.0,0.0
31/12/2024,Care Super,Balanced,Listed Equity,1,General Motors Co,,GM US,United States,48457.0,,,4169081.0,0.0001
31/12/2024,Care Super,Balanced,Listed Equity,1,Generali,,G IM,Italy,24195.0,,,1103492.0,0.0
31/12/2024,Care Super,Balanced,Listed Equity,1,Generation Development Group Ltd,,GDG AU,Australia,1008100.0,,,3629159.0,0.0001
31/12/2024,Care Super,Balanced,Listed Equity,1,Genesis Minerals Ltd,,GMD AU,Australia,1595883.0,,,3941831.0,0.0001
31/12/2024,Care Super,Balanced,Listed Equity,1,Genmab A/S,,GMAB DC,Denmark,5252.0,,,1757869.0,0.0
31/12/2024,Care Super,Balanced,Listed Equity,1,Genmab A/S,,GMAB US,United States,18622.0,,,627694.0,0.0
31/12/2024,Care Super,Balanced,Listed Equity,1,Genting Singapore Ltd,,GENS SP,Singapore,781582.0,,,707884.0,0.0
31/12/2024,Care Super,Balanced,Listed Equity,1,Gentrack Group Ltd,,GTK AU,Australia,645136.0,,,7477129.0,0.0002
31/12/2024,Care Super,Balanced,Listed Equity,1,George Weston Ltd,,WN CN,Canada,1053.0,,,264252.0,0.0
31/12/2024,Care Super,Balanced,Listed Equity,1,Gerdau SA,,GGBR4 BZ,Brazil,48744.0,,,231166.0,0.0
31/12/2024,Care Super,Balanced,Listed Equity,1,Getlink SE,,GET FP,France,5315.0,,,136926.0,0.0
31/12/2024,Care Super,Balanced,Listed Equity,1,Gildan Activewear Inc,,GIL CN,Canada,27354.0,,,2078136.0,0.0
31/12/2024,Care Super,Balanced,Listed Equity,1,Gilead Sciences Inc,,GILD US,United States,75913.0,,,11325315.0,0.0003
31/12/2024,Care Super,Balanced,Listed Equity,1,Givaudan SA,,GIVN SW,Switzerland,795.0,,,5618037.0,0.0001
31/12/2024,Care Super,Balanced,Listed Equity,1,Glencore PLC,,GLEN LN,United Kingdom,172840.0,,,1235543.0,0.0
31/12/2024,Care Super,Balanced,Listed Equity,1,Global Payments Inc,,GPN US,United States,108313.0,,,19603528.0,0.0005
31/12/2024,Care Super,Balanced,Listed Equity,1,Globant SA,,GLOB US,United States,57008.0,,,19742766.0,0.0005
31/12/2024,Care Super,Balanced,Listed Equity,1,GMO Payment Gateway Inc,,3769 JP,Japan,46574.0,,,3815186.0,0.0001
31/12/2024,Care Super,Balanced,Listed Equity,1,GMR Airports Ltd,,GMRAIRPO IN,India,1744571.0,,,2585537.0,0.0001
31/12/2024,Care Super,Balanced,Listed Equity,1,GoDaddy Inc,,GDDY US,United States,45077.0,,,14369514.0,0.0003
31/12/2024,Care Super,Balanced,Listed Equity,1,Gold Fields Ltd,,GFI SJ,South Africa,19837.0,,,419538.0,0.0
31/12/2024,Care Super,Balanced,Listed Equity,1,Gold Road Resources Ltd,,GOR AU,Australia,4834803.0,,,9911346.0,0.0002
31/12/2024,Care Super,Balanced,Listed Equity,1,Goldman Sachs Group Inc/The,,GS US,United States,15866.0,,,14673511.0,0.0003
31/12/2024,Care Super,Balanced,Listed Equity,1,GQG Partners Inc,,GQG AU,Australia,6721691.0,,,13913901.0,0.0003
31/12/2024,Care Super,Balanced,Listed Equity,1,Grab Holdings Ltd,,GRAB US,United States,384161.0,,,2928599.0,0.0001
31/12/2024,Care Super,Balanced,Listed Equity,1,Graco Inc,,GGG US,United States,25445.0,,,3464094.0,0.0001
31/12/2024,Care Super,Balanced,Listed Equity,1,GrainCorp Ltd,,GNC AU,Australia,378133.0,,,2775500.0,0.0001
31/12/2024,Care Super,Balanced,Listed Equity,1,Graphic Packaging Holding Co,,GPK US,United States,13456.0,,,590284.0,0.0
31/12/2024,Care Super,Balanced,Listed Equity,1,Great-West Lifeco Inc,,GWO CN,Canada,41123.0,,,2201503.0,0.0001
31/12/2024,Care Super,Balanced,Listed Equity,1,Gree Electric Appliances Inc of Zhuhai,,000651 C2,China,19784.0,,,198966.0,0.0
31/12/2024,Care Super,Balanced,Listed Equity,1,Grupo Aeroportuario del Sureste SAB de CV,,ASURB MM,Mexico,11170.0,,,463916.0,0.0
31/12/2024,Care Super,Balanced,Listed Equity,1,Grupo Financiero Banorte SAB de CV,,GFNORTEO MM,Mexico,2339.0,,,24339.0,0.0
31/12/2024,Care Super,Balanced,Listed Equity,1,Grupo Financiero Inbursa SAB de CV,,GFINBURO MM,Mexico,28087.0,,,94666.0,0.0
31/12/2024,Care Super,Balanced,Listed Equity,1,Grupo Mexico SAB de CV,,GMEXICOB MM,Mexico,779595.0,,,5990864.0,0.0001
31/12/2024,Care Super,Balanced,Listed Equity,1,GS Yuasa Corp,,6674 JP,Japan,109.0,,,2971.0,0.0
31/12/2024,Care Super,Balanced,Listed Equity,1,GSK PLC,,GSK LN,United Kingdom,509774.0,,,13884522.0,0.0003
31/12/2024,Care Super,Balanced,Listed Equity,1,Gudeng Precision Industrial Co Ltd,,3680 TT,Taiwan,120861.0,,,2899677.0,0.0001
31/12/2024,Care Super,Balanced,Listed Equity,1,Guidewire Software Inc,,GWRE US,United States,25441.0,,,6926929.0,0.0002
31/12/2024,Care Super,Balanced,Listed Equity,1,Guzman y Gomez Ltd,,GYG AU,Australia,342568.0,,,13897986.0,0.0003
31/12/2024,Care Super,Balanced,Listed Equity,1,GWA Group Ltd,,GWA AU,Australia,54560.0,,,132035.0,0.0
31/12/2024,Care Super,Balanced,Listed Equity,1,H Lundbeck A/S,,HLUNB DC,Denmark,299485.0,,,2775304.0,0.0001
31/12/2024,Care Super,Balanced,Listed Equity,1,H World Group Ltd,,HTHT US,United States,23787.0,,,1268985.0,0.0
31/12/2024,Care Super,Balanced,Listed Equity,1,H&R Block Inc,,HRB US,United States,54129.0,,,4619497.0,0.0001
31/12/2024,Care Super,Balanced,Listed Equity,1,Haidilao International Holding Ltd,,6862 HK,Hong Kong,202461.0,,,669323.0,0.0
31/12/2024,Care Super,Balanced,Listed Equity,1,Haleon PLC,,HLN LN,United Kingdom,6185439.0,,,47219304.0,0.0011
31/12/2024,Care Super,Balanced,Listed Equity,1,Halliburton Co,,HAL US,United States,1124.0,,,49339.0,0.0
31/12/2024,Care Super,Balanced,Listed Equity,1,Hamilton Lane Inc,,HLNE US,United States,27639.0,,,6608892.0,0.0002
31/12/2024,Care Super,Balanced,Listed Equity,1,Hana Financial Group Inc,,086790 KS,South Korea,23585.0,,,1469711.0,0.0
31/12/2024,Care Super,Balanced,Listed Equity,1,Hang Seng Bank Ltd,,11 HK,Hong Kong,49313.0,,,979702.0,0.0
31/12/2024,Care Super,Balanced,Listed Equity,1,Hangzhou Robam Appliances Co Ltd,,002508 C2,China,386702.0,,,1833682.0,0.0
31/12/2024,Care Super,Balanced,Listed Equity,1,Hangzhou Tigermed Consulting Co Ltd,,3347 HK,Hong Kong,350446.0,,,2244240.0,0.0001
31/12/2024,Care Super,Balanced,Listed Equity,1,Hankook Tire & Technology Co Ltd,,161390 KS,South Korea,6988.0,,,294414.0,0.0
31/12/2024,Care Super,Balanced,Listed Equity,1,Hannover Rueck SE,,HNR1 GR,Germany,14294.0,,,5770821.0,0.0001
31/12/2024,Care Super,Balanced,Listed Equity,1,Hansen Technologies Ltd,,HSN AU,Australia,29905.0,,,159994.0,0.0
31/12/2024,Care Super,Balanced,Listed Equity,1,Hansoh Pharmaceutical Group Co Ltd,,3692 HK,Hong Kong,130868.0,,,470193.0,0.0
31/12/2024,Care Super,Balanced,Listed Equity,1,Hargreaves Lansdown PLC,,HL/ LN,United Kingdom,49670.0,,,1103171.0,0.0
31/12/2024,Care Super,Balanced,Listed Equity,1,Harmony Gold Mining Co Ltd,,HAR SJ,South Africa,79238.0,,,1021936.0,0.0
31/12/2024,Care Super,Balanced,Listed Equity,1,Hartford Financial Services Group Inc/The,,HIG US,United States,48020.0,,,8484819.0,0.0002
31/12/2024,Care Super,Balanced,Listed Equity,1,Harvey Norman Holdings Ltd,,HVN AU,Australia,808306.0,,,3774790.0,0.0001
31/12/2024,Care Super,Balanced,Listed Equity,1,Hasbro Inc,,HAS US,United States,43462.0,,,3924688.0,0.0001
31/12/2024,Care Super,Balanced,Listed Equity,1,Hawaiian Electric Industries Inc,,HE US,United States,1929.0,,,30322.0,0.0
31/12/2024,Care Super,Balanced,Listed Equity,1,HCA Healthcare Inc,,HCA US,United States,39201.0,,,19003862.0,0.0004
31/12/2024,Care Super,Balanced,Listed Equity,1,HCL Technologies Ltd,,HCLT IN,India,106669.0,,,3858439.0,0.0001
31/12/2024,Care Super,Balanced,Listed Equity,1,HD Hyundai Electric Co Ltd,,267260 KS,South Korea,1825.0,,,764949.0,0.0
31/12/2024,Care Super,Balanced,Listed Equity,1,HDFC Asset Management Co Ltd,,HDFCAMC IN,India,5328.0,,,422052.0,0.0
31/12/2024,Care Super,Balanced,Listed Equity,1,HDFC Bank Ltd,,HDB US,United States,266926.0,,,27531149.0,0.0006
31/12/2024,Care Super,Balanced,Listed Equity,1,HDFC Bank Ltd,,HDFCB IN,India,802643.0,,,26844491.0,0.0006
31/12/2024,Care Super,Balanced,Listed Equity,1,HDFC Life Insurance Co Ltd,,HDFCLIFE IN,India,23017.0,,,267931.0,0.0
31/12/2024,Care Super,Balanced,Listed Equity,1,Healius Ltd,,HLS AU,Australia,2367734.0,,,3243796.0,0.0001
31/12/2024,Care Super,Balanced,Listed Equity,1,HealthEquity Inc,,HQY US,United States,119342.0,,,18494468.0,0.0004
31/12/2024,Care Super,Balanced,Listed Equity,1,HEICO Corp,,HEI US,United States,6935.0,,,2662983.0,0.0001
31/12/2024,Care Super,Balanced,Listed Equity,1,Heineken Holding NV,,HEIO NA,Netherlands,52234.0,,,5053715.0,0.0001
31/12/2024,Care Super,Balanced,Listed Equity,1,Heineken NV,,HEIA NA,Netherlands,152916.0,,,17569649.0,0.0004
31/12/2024,Care Super,Balanced,Listed Equity,1,Helia Group Ltd,,HLI AU,Australia,58127.0,,,259827.0,0.0
31/12/2024,Care Super,Balanced,Listed Equity,1,Helios Technologies Inc,,HLIO US,United States,51953.0,,,3745763.0,0.0001
31/12/2024,Care Super,Balanced,Listed Equity,1,Helios Towers PLC,,HTWS LN,United Kingdom,11719.0,,,21691.0,0.0
31/12/2024,Care Super,Balanced,Listed Equity,1,Hellenic Telecommunications Organization SA,,HTO GA,Greece,7032.0,,,175005.0,0.0
31/12/2024,Care Super,Balanced,Listed Equity,1,Helvetia Holding AG,,HELN SW,Switzerland,1065.0,,,283680.0,0.0
31/12/2024,Care Super,Balanced,Listed Equity,1,Henkel AG & Co KGaA,,HEN GR,Germany,16429.0,,,2044300.0,0.0
31/12/2024,Care Super,Balanced,Listed Equity,1,Henkel AG & Co KGaA,,HEN3 GR,Germany,38671.0,,,5477943.0,0.0001
31/12/2024,Care Super,Balanced,Listed Equity,1,Hera SpA,,HER IM,Italy,9855.0,,,56565.0,0.0
31/12/2024,Care Super,Balanced,Listed Equity,1,Hermes International SCA,,RMS FP,France,5159.0,,,20035781.0,0.0005
31/12/2024,Care Super,Balanced,Listed Equity,1,Hero MotoCorp Ltd,,HMCL IN,India,2472.0,,,194018.0,0.0
31/12/2024,Care Super,Balanced,Listed Equity,1,Hershey Co/The,,HSY US,United States,5717.0,,,1563614.0,0.0
31/12/2024,Care Super,Balanced,Listed Equity,1,Hess Midstream LP,,HESM US,United States,18391.0,,,1099916.0,0.0
31/12/2024,Care Super,Balanced,Listed Equity,1,Hewlett Packard Enterprise Co,,HPE US,United States,78841.0,,,2718665.0,0.0001
31/12/2024,Care Super,Balanced,Listed Equity,1,HF Sinclair Corp,,DINO US,United States,13874.0,,,785425.0,0.0
31/12/2024,Care Super,Balanced,Listed Equity,1,Hilton Worldwide Holdings Inc,,HLT US,United States,17081.0,,,6818788.0,0.0002
31/12/2024,Care Super,Balanced,Listed Equity,1,Hims & Hers Health Inc,,HIMS US,United States,34273.0,,,1338476.0,0.0
31/12/2024,Care Super,Balanced,Listed Equity,1,Hindustan Aeronautics Ltd,,HNAL IN,India,34258.0,,,2700423.0,0.0001
31/12/2024,Care Super,Balanced,Listed Equity,1,Hindustan Unilever Ltd,,HUVR IN,India,69076.0,,,3032208.0,0.0001
31/12/2024,Care Super,Balanced,Listed Equity,1,Hitachi Ltd,,6501 JP,Japan,267298.0,,,10814935.0,0.0003
31/12/2024,Care Super,Balanced,Listed Equity,1,HMM Co Ltd,,011200 KS,South Korea,36832.0,,,713631.0,0.0
31/12/2024,Care Super,Balanced,Listed Equity,1,HOCHTIEF AG,,HOT GR,Germany,6914.0,,,1499700.0,0.0
31/12/2024,Care Super,Balanced,Listed Equity,1,Hokkaido Electric Power Co Inc,,9509 JP,Japan,2297.0,,,19687.0,0.0
31/12/2024,Care Super,Balanced,Listed Equity,1,Hokkaido Gas Co Ltd,,9534 JP,Japan,792.0,,,4542.0,0.0
31/12/2024,Care Super,Balanced,Listed Equity,1,Hokuriku Electric Power Co,,9505 JP,Japan,1743.0,,,15403.0,0.0
31/12/2024,Care Super,Balanced,Listed Equity,1,Holcim AG,,HOLN SW,Switzerland,86120.0,,,13408236.0,0.0003
31/12/2024,Care Super,Balanced,Listed Equity,1,Hologic Inc,,HOLX US,United States,21066.0,,,2452788.0,0.0001
31/12/2024,Care Super,Balanced,Listed Equity,1,Home Depot Inc/The,,HD US,United States,33272.0,,,20903583.0,0.0005
31/12/2024,Care Super,Balanced,Listed Equity,1,Hon Hai Precision Industry Co Ltd,,2317 TT,Taiwan,563237.0,,,5105576.0,0.0001
31/12/2024,Care Super,Balanced,Listed Equity,1,Honda Motor Co Ltd,,7267 JP,Japan,83742.0,,,1321031.0,0.0
31/12/2024,Care Super,Balanced,Listed Equity,1,Hong Kong & China Gas Co Ltd,,3 HK,Hong Kong,127522.0,,,164655.0,0.0
31/12/2024,Care Super,Balanced,Listed Equity,1,Hong Kong Exchanges & Clearing Ltd,,388 HK,Hong Kong,58546.0,,,3588586.0,0.0001
31/12/2024,Care Super,Balanced,Listed Equity,1,Hong Leong Bank Bhd,,HLBK MK,Malaysia,17722.0,,,131608.0,0.0
31/12/2024,Care Super,Balanced,Listed Equity,1,Horizon Robotics Inc,,9660 HK,Hong Kong,6808229.0,,,5096058.0,0.0001
31/12/2024,Care Super,Balanced,Listed Equity,1,Howmet Aerospace Inc,,HWM US,United States,32639.0,,,5765449.0,0.0001
31/12/2024,Care Super,Balanced,Listed Equity,1,Hoya Corp,,7741 JP,Japan,6451.0,,,1313744.0,0.0
31/12/2024,Care Super,Balanced,Listed Equity,1,HP Inc,,HPQ US,United States,72473.0,,,3819436.0,0.0001
31/12/2024,Care Super,Balanced,Listed Equity,1,HSBC Holdings PLC,,HSBA LN,United Kingdom,1277138.0,,,20287129.0,0.0005
31/12/2024,Care Super,Balanced,Listed Equity,1,HSBC Holdings PLC,,5 HK,Hong Kong,37875.0,,,596922.0,0.0
31/12/2024,Care Super,Balanced,Listed Equity,1,HUB24 Ltd,,HUB AU,Australia,387556.0,,,26973918.0,0.0006
31/12/2024,Care Super,Balanced,Listed Equity,1,Hubbell Inc,,HUBB US,United States,13630.0,,,9221187.0,0.0002
31/12/2024,Care Super,Balanced,Listed Equity,1,HubSpot Inc,,HUBS US,United States,5322.0,,,5988767.0,0.0001
31/12/2024,Care Super,Balanced,Listed Equity,1,Humana Inc,,HUM US,United States,42116.0,,,17258134.0,0.0004
31/12/2024,Care Super,Balanced,Listed Equity,1,Huntington Bancshares Inc/OH,,HBAN US,United States,57081.0,,,1499969.0,0.0
31/12/2024,Care Super,Balanced,Listed Equity,1,Huntington Ingalls Industries Inc,,HII US,United States,7382.0,,,2252972.0,0.0001
31/12/2024,Care Super,Balanced,Listed Equity,1,Hydro One Ltd,,H CN,Canada,153841.0,,,7648337.0,0.0002
31/12/2024,Care Super,Balanced,Listed Equity,1,Hyundai Glovis Co Ltd,,086280 KS,South Korea,11494.0,,,1489311.0,0.0
31/12/2024,Care Super,Balanced,Listed Equity,1,Hyundai Mobis Co Ltd,,012330 KS,South Korea,97.0,,,25249.0,0.0
31/12/2024,Care Super,Balanced,Listed Equity,1,Hyundai Motor Co,,005380 KS,South Korea,44080.0,,,10252379.0,0.0002
31/12/2024,Care Super,Balanced,Listed Equity,1,Hyundai Motor Co,,005387 KS,South Korea,2778.0,,,475498.0,0.0
31/12/2024,Care Super,Balanced,Listed Equity,1,Hyundai Rotem Co Ltd,,064350 KS,South Korea,8396.0,,,457825.0,0.0
31/12/2024,Care Super,Balanced,Listed Equity,1,iA Financial Corp Inc,,IAG CN,Canada,2093.0,,,313369.0,0.0
31/12/2024,Care Super,Balanced,Listed Equity,1,Iberdrola SA,,IBE SM,Spain,509423.0,,,11331426.0,0.0003
31/12/2024,Care Super,Balanced,Listed Equity,1,ICICI Bank Ltd,,IBN US,United States,218863.0,,,10555191.0,0.0002
31/12/2024,Care Super,Balanced,Listed Equity,1,ICICI Bank Ltd,,ICICIBC IN,India,201433.0,,,4870349.0,0.0001
31/12/2024,Care Super,Balanced,Listed Equity,1,ICL Group Ltd,,ICL IT,Israel,23372.0,,,186478.0,0.0
31/12/2024,Care Super,Balanced,Listed Equity,1,ICON PLC,,ICLR US,United States,73967.0,,,25053000.0,0.0006
31/12/2024,Care Super,Balanced,Listed Equity,1,IDACORP Inc,,IDA US,United States,616.0,,,108764.0,0.0
31/12/2024,Care Super,Balanced,Listed Equity,1,IDEX Corp,,IEX US,United States,7904.0,,,2671923.0,0.0001
31/12/2024,Care Super,Balanced,Listed Equity,1,IDEXX Laboratories Inc,,IDXX US,United States,3690.0,,,2464337.0,0.0001
31/12/2024,Care Super,Balanced,Listed Equity,1,IDFC First Bank Ltd,,IDFCFB IN,India,1940540.0,,,2311467.0,0.0001
31/12/2024,Care Super,Balanced,Listed Equity,1,IDP Education Ltd,,IEL AU,Australia,2903311.0,,,36668817.0,0.0009
31/12/2024,Care Super,Balanced,Listed Equity,1,IGM Financial Inc,,IGM CN,Canada,12871.0,,,663572.0,0.0
31/12/2024,Care Super,Balanced,Listed Equity,1,IGO Ltd,,IGO AU,Australia,11518015.0,,,54940930.0,0.0013
31/12/2024,Care Super,Balanced,Listed Equity,1,Illinois Tool Works Inc,,ITW US,United States,10117.0,,,4143160.0,0.0001
31/12/2024,Care Super,Balanced,Listed Equity,1,Illumina Inc,,ILMN US,United States,18668.0,,,4029045.0,0.0001
31/12/2024,Care Super,Balanced,Listed Equity,1,Iluka Resources Ltd,,ILU AU,Australia,1079572.0,,,5451840.0,0.0001
31/12/2024,Care Super,Balanced,Listed Equity,1,Imdex Ltd,,IMD AU,Australia,5306307.0,,,12310631.0,0.0003
31/12/2024,Care Super,Balanced,Listed Equity,1,Immutep Ltd,,IMM AU,Australia,2575940.0,,,940218.0,0.0
31/12/2024,Care Super,Balanced,Listed Equity,1,Imperial Oil Ltd,,IMO CN,Canada,32874.0,,,3270570.0,0.0001
31/12/2024,Care Super,Balanced,Listed Equity,1,Imugene Ltd,,IMU AU,Australia,1655378.0,,,61249.0,0.0
31/12/2024,Care Super,Balanced,Listed Equity,1,Incitec Pivot Ltd,,IPL AU,Australia,17267074.0,,,50592528.0,0.0012
31/12/2024,Care Super,Balanced,Listed Equity,1,Incyte Corp,,INCY US,United States,53650.0,,,5984969.0,0.0001
31/12/2024,Care Super,Balanced,Listed Equity,1,Indian Railway Catering & Tourism Corp Ltd,,IRCTC IN,India,19207.0,,,285126.0,0.0
31/12/2024,Care Super,Balanced,Listed Equity,1,Indofood Sukses Makmur Tbk PT,,INDF IJ,Indonesia,392913.0,,,303599.0,0.0
31/12/2024,Care Super,Balanced,Listed Equity,1,Industria de Diseno Textil SA,,ITX SM,Spain,409190.0,,,33971225.0,0.0008
31/12/2024,Care Super,Balanced,Listed Equity,1,Industrial & Commercial Bank of China Ltd,,1398 HK,Hong Kong,6121507.0,,,6631225.0,0.0002
31/12/2024,Care Super,Balanced,Listed Equity,1,Industrial & Commercial Bank of China Ltd,,601398 C1,China,475591.0,,,728225.0,0.0
31/12/2024,Care Super,Balanced,Listed Equity,1,Industrial Bank of Korea,,024110 KS,South Korea,28471.0,,,447608.0,0.0
31/12/2024,Care Super,Balanced,Listed Equity,1,Industrivarden AB,,INDUA SS,Sweden,255.0,,,13020.0,0.0
31/12/2024,Care Super,Balanced,Listed Equity,1,Infineon Technologies AG,,IFX GR,Germany,7824.0,,,410857.0,0.0
31/12/2024,Care Super,Balanced,Listed Equity,1,Infomedia Ltd,,IFM AU,Australia,8174316.0,,,12588447.0,0.0003
31/12/2024,Care Super,Balanced,Listed Equity,1,Informa PLC,,INF LN,United Kingdom,221.0,,,3568.0,0.0
31/12/2024,Care Super,Balanced,Listed Equity,1,Infosys Ltd,,INFY US,United States,81669.0,,,2891353.0,0.0001
31/12/2024,Care Super,Balanced,Listed Equity,1,Infosys Ltd,,INFO IN,India,58276.0,,,2066833.0,0.0
31/12/2024,Care Super,Balanced,Listed Equity,1,Infrastrutture Wireless Italiane SpA,,INW IM,Italy,4165.0,,,68376.0,0.0
31/12/2024,Care Super,Balanced,Listed Equity,1,Infratil Ltd,,IFT AU,Australia,1084369.0,,,12546144.0,0.0003
31/12/2024,Care Super,Balanced,Listed Equity,1,ING Groep NV,,INGA NA,Netherlands,758782.0,,,19200392.0,0.0005
31/12/2024,Care Super,Balanced,Listed Equity,1,Ingersoll Rand Inc,,IR US,United States,347.0,,,50709.0,0.0
31/12/2024,Care Super,Balanced,Listed Equity,1,Inghams Group Ltd,,ING AU,Australia,50428.0,,,160362.0,0.0
31/12/2024,Care Super,Balanced,Listed Equity,1,Inpex Corp,,1605 JP,Japan,152602.0,,,3090295.0,0.0001
31/12/2024,Care Super,Balanced,Listed Equity,1,InPost SA,,INPST NA,Netherlands,20947.0,,,578383.0,0.0
31/12/2024,Care Super,Balanced,Listed Equity,1,Insignia Financial Ltd,,IFL AU,Australia,1499606.0,,,5323601.0,0.0001
31/12/2024,Care Super,Balanced,Listed Equity,1,Inspire Medical Systems Inc,,INSP US,United States,20837.0,,,6238908.0,0.0001
31/12/2024,Care Super,Balanced,Listed Equity,1,Insurance Australia Group Ltd,,IAG AU,Australia,8975401.0,,,75931889.0,0.0018
31/12/2024,Care Super,Balanced,Listed Equity,1,Intact Financial Corp,,IFC CN,Canada,3259.0,,,958020.0,0.0
31/12/2024,Care Super,Balanced,Listed Equity,1,Integral Diagnostics Ltd,,IDX AU,Australia,5048925.0,,,14692372.0,0.0003
31/12/2024,Care Super,Balanced,Listed Equity,1,Intel Corp,,INTC US,United States,81363.0,,,2634801.0,0.0001
31/12/2024,Care Super,Balanced,Listed Equity,1,Interactive Brokers Group Inc,,IBKR US,United States,20804.0,,,5936330.0,0.0001
31/12/2024,Care Super,Balanced,Listed Equity,1,Intercontinental Exchange Inc,,ICE US,United States,8712.0,,,2096624.0,0.0
31/12/2024,Care Super,Balanced,Listed Equity,1,InterContinental Hotels Group PLC,,IHG LN,United Kingdom,8142.0,,,1639274.0,0.0
31/12/2024,Care Super,Balanced,Listed Equity,1,InterGlobe Aviation Ltd,,INDIGO IN,India,29475.0,,,2532361.0,0.0001
31/12/2024,Care Super,Balanced,Listed Equity,1,International Business Machines Corp,,IBM US,United States,26487.0,,,9404413.0,0.0002
31/12/2024,Care Super,Balanced,Listed Equity,1,International Flavors & Fragrances Inc,,IFF US,United States,41354.0,,,5647278.0,0.0001
31/12/2024,Care Super,Balanced,Listed Equity,1,International Games System Co Ltd,,3293 TT,Taiwan,37315.0,,,1790495.0,0.0
31/12/2024,Care Super,Balanced,Listed Equity,1,International Holding Co PJSC,,IHC UH,United Arab Emirates,48279.0,,,8597869.0,0.0002
31/12/2024,Care Super,Balanced,Listed Equity,1,International Paper Co,,IP US,United States,23697.0,,,2059881.0,0.0
31/12/2024,Care Super,Balanced,Listed Equity,1,Intertek Group PLC,,ITRK LN,United Kingdom,9500.0,,,908501.0,0.0
31/12/2024,Care Super,Balanced,Listed Equity,1,Intesa Sanpaolo SpA,,ISP IM,Italy,1052970.0,,,6802916.0,0.0002
31/12/2024,Care Super,Balanced,Listed Equity,1,Intouch Holdings PCL,,INTUCH/F TB,Thailand,14961.0,,,68747.0,0.0
31/12/2024,Care Super,Balanced,Listed Equity,1,Intra-Cellular Therapies Inc,,ITCI US,United States,48593.0,,,6554924.0,0.0002
31/12/2024,Care Super,Balanced,Listed Equity,1,Intuit Inc,,INTU US,United States,43219.0,,,43872109.0,0.001
31/12/2024,Care Super,Balanced,Listed Equity,1,Intuitive Surgical Inc,,ISRG US,United States,61101.0,,,51510048.0,0.0012
31/12/2024,Care Super,Balanced,Listed Equity,1,Investec Ltd,,INL SJ,South Africa,1267.0,,,13557.0,0.0
31/12/2024,Care Super,Balanced,Listed Equity,1,Investec PLC,,INVP LN,United Kingdom,225615.0,,,2482637.0,0.0001
31/12/2024,Care Super,Balanced,Listed Equity,1,ioneer Ltd,,INR AU,Australia,379857.0,,,60777.0,0.0
31/12/2024,Care Super,Balanced,Listed Equity,1,IperionX Ltd,,IPX AU,Australia,42371.0,,,233040.0,0.0
31/12/2024,Care Super,Balanced,Listed Equity,1,IPH Ltd,,IPH AU,Australia,1408720.0,,,7085862.0,0.0002
31/12/2024,Care Super,Balanced,Listed Equity,1,Ipsen SA,,IPN FP,France,11653.0,,,2157382.0,0.0001
31/12/2024,Care Super,Balanced,Listed Equity,1,IQVIA Holdings Inc,,IQV US,United States,50731.0,,,16101250.0,0.0004
31/12/2024,Care Super,Balanced,Listed Equity,1,IRESS Ltd,,IRE AU,Australia,2577369.0,,,23995304.0,0.0006
31/12/2024,Care Super,Balanced,Listed Equity,1,Iridium Communications Inc,,IRDM US,United States,1320.0,,,61887.0,0.0
31/12/2024,Care Super,Balanced,Listed Equity,1,Isuzu Motors Ltd,,7202 JP,Japan,32563.0,,,722337.0,0.0
31/12/2024,Care Super,Balanced,Listed Equity,1,Italgas SpA,,IG IM,Italy,6043.0,,,54674.0,0.0
31/12/2024,Care Super,Balanced,Listed Equity,1,Itau Unibanco Holding SA,,ITUB US,United States,1514502.0,,,12132650.0,0.0003
31/12/2024,Care Super,Balanced,Listed Equity,1,ITOCHU Corp,,8001 JP,Japan,41621.0,,,3350059.0,0.0001
31/12/2024,Care Super,Balanced,Listed Equity,1,J Sainsbury PLC,,SBRY LN,United Kingdom,2107122.0,,,11661462.0,0.0003
31/12/2024,Care Super,Balanced,Listed Equity,1,Jabil Inc,,JBL US,United States,53022.0,,,12323051.0,0.0003
31/12/2024,Care Super,Balanced,Listed Equity,1,James Hardie Industries PLC,,JHX AU,Australia,2874793.0,,,143940891.0,0.0034000000000000002
31/12/2024,Care Super,Balanced,Listed Equity,1,Japan Airlines Co Ltd,,9201 JP,Japan,22402.0,,,573820.0,0.0
31/12/2024,Care Super,Balanced,Listed Equity,1,Japan Aviation Electronics Industry Ltd,,6807 JP,Japan,14780.0,,,452501.0,0.0
31/12/2024,Care Super,Balanced,Listed Equity,1,Japan Elevator Service Holdings Co Ltd,,6544 JP,Japan,149890.0,,,4491830.0,0.0001
31/12/2024,Care Super,Balanced,Listed Equity,1,Japan Exchange Group Inc,,8697 JP,Japan,36643.0,,,666542.0,0.0
31/12/2024,Care Super,Balanced,Listed Equity,1,Japan Post Holdings Co Ltd,,6178 JP,Japan,34641.0,,,530620.0,0.0
31/12/2024,Care Super,Balanced,Listed Equity,1,Jarir Marketing Co,,JARIR AB,Saudi Arabia,90212.0,,,490925.0,0.0
31/12/2024,Care Super,Balanced,Listed Equity,1,JB Hi-Fi Ltd,,JBH AU,Australia,192342.0,,,17826264.0,0.0004
31/12/2024,Care Super,Balanced,Listed Equity,1,JD Logistics Inc,,2618 HK,Hong Kong,776.0,,,2064.0,0.0
31/12/2024,Care Super,Balanced,Listed Equity,1,JD.com Inc,,9618 HK,Hong Kong,18399.0,,,520259.0,0.0
31/12/2024,Care Super,Balanced,Listed Equity,1,JD.com Inc,,JD US,United States,86443.0,,,4840479.0,0.0001
31/12/2024,Care Super,Balanced,Listed Equity,1,Jeronimo Martins SGPS SA,,JMT PL,Portugal,353680.0,,,10913423.0,0.0003
31/12/2024,Care Super,Balanced,Listed Equity,1,JMDC Inc,,4483 JP,Japan,72408.0,,,2921448.0,0.0001
31/12/2024,Care Super,Balanced,Listed Equity,1,Joby Aviation Inc,,JOBY US,United States,471704.0,,,6193899.0,0.0001
31/12/2024,Care Super,Balanced,Listed Equity,1,Johns Lyng Group Ltd,,JLG AU,Australia,32960.0,,,123271.0,0.0
31/12/2024,Care Super,Balanced,Listed Equity,1,Johnson & Johnson,,JNJ US,United States,211451.0,,,49390478.0,0.0012
31/12/2024,Care Super,Balanced,Listed Equity,1,Johnson Controls International plc,,JCI US,United States,66855.0,,,8522814.0,0.0002
31/12/2024,Care Super,Balanced,Listed Equity,1,JPMorgan Chase & Co,,JPM US,United States,128707.0,,,49830002.0,0.0012
31/12/2024,Care Super,Balanced,Listed Equity,1,JSW Energy Ltd,,JSW IN,India,726286.0,,,8805271.0,0.0002
31/12/2024,Care Super,Balanced,Listed Equity,1,JSW Steel Ltd,,JSTL IN,India,371601.0,,,6319804.0,0.0001
31/12/2024,Care Super,Balanced,Listed Equity,1,JTEKT Corp,,6473 JP,Japan,57505.0,,,697053.0,0.0
31/12/2024,Care Super,Balanced,Listed Equity,1,Judo Capital Holdings Ltd,,JDO AU,Australia,13569430.0,,,24696364.0,0.0006
31/12/2024,Care Super,Balanced,Listed Equity,1,Jumbo Interactive Ltd,,JIN AU,Australia,6959.0,,,96876.0,0.0
31/12/2024,Care Super,Balanced,Listed Equity,1,JUMBO SA,,BELA GA,Greece,118455.0,,,5063698.0,0.0001
31/12/2024,Care Super,Balanced,Listed Equity,1,Juniper Networks Inc,,JNPR US,United States,12720.0,,,769408.0,0.0
31/12/2024,Care Super,Balanced,Listed Equity,1,Jupiter Mines Ltd,,JMS AU,Australia,5525337.0,,,801174.0,0.0
31/12/2024,Care Super,Balanced,Listed Equity,1,Kadant Inc,,KAI US,United States,10784.0,,,6008584.0,0.0001
31/12/2024,Care Super,Balanced,Listed Equity,1,Kalbe Farma Tbk PT,,KLBF IJ,Indonesia,3217570.0,,,439117.0,0.0
31/12/2024,Care Super,Balanced,Listed Equity,1,Kansai Electric Power Co Inc/The,,9503 JP,Japan,25176.0,,,453693.0,0.0
31/12/2024,Care Super,Balanced,Listed Equity,1,Kansai Paint Co Ltd,,4613 JP,Japan,27867.0,,,648098.0,0.0
31/12/2024,Care Super,Balanced,Listed Equity,1,Kanzhun Ltd,,BZ US,United States,9968.0,,,222180.0,0.0
31/12/2024,Care Super,Balanced,Listed Equity,1,Kao Corp,,4452 JP,Japan,36228.0,,,2378301.0,0.0001
31/12/2024,Care Super,Balanced,Listed Equity,1,Karoon Energy Ltd,,KAR AU,Australia,2457443.0,,,3415846.0,0.0001
31/12/2024,Care Super,Balanced,Listed Equity,1,Kasikornbank PCL,,KBANK/F TB,Thailand,88123.0,,,649133.0,0.0
31/12/2024,Care Super,Balanced,Listed Equity,1,Kawasaki Kisen Kaisha Ltd,,9107 JP,Japan,46420.0,,,1075512.0,0.0
31/12/2024,Care Super,Balanced,Listed Equity,1,KB Financial Group Inc,,105560 KS,South Korea,58224.0,,,5295526.0,0.0001
31/12/2024,Care Super,Balanced,Listed Equity,1,KBC Group NV,,KBC BB,Belgium,40460.0,,,5043916.0,0.0001
31/12/2024,Care Super,Balanced,Listed Equity,1,KDDI Corp,,9433 JP,Japan,170575.0,,,8838515.0,0.0002
31/12/2024,Care Super,Balanced,Listed Equity,1,Kelsian Group Ltd,,KLS AU,Australia,36321.0,,,132934.0,0.0
31/12/2024,Care Super,Balanced,Listed Equity,1,Kerry Group PLC,,KYGA LN,United Kingdom,42986.0,,,6535050.0,0.0002
31/12/2024,Care Super,Balanced,Listed Equity,1,Kerry Group PLC,,KYGA ID,Ireland,6399.0,,,997918.0,0.0
31/12/2024,Care Super,Balanced,Listed Equity,1,Keurig Dr Pepper Inc,,KDP US,United States,100762.0,,,5227269.0,0.0001
31/12/2024,Care Super,Balanced,Listed Equity,1,Kewpie Corp,,2809 JP,Japan,14703.0,,,506809.0,0.0
31/12/2024,Care Super,Balanced,Listed Equity,1,KeyCorp,,KEY US,United States,42615.0,,,1179725.0,0.0
31/12/2024,Care Super,Balanced,Listed Equity,1,Keyence Corp,,6861 JP,Japan,61650.0,,,40947588.0,0.001
31/12/2024,Care Super,Balanced,Listed Equity,1,Keysight Technologies Inc,,KEYS US,United States,38891.0,,,10089736.0,0.0002
31/12/2024,Care Super,Balanced,Listed Equity,1,Kia Corp,,000270 KS,South Korea,29617.0,,,3272073.0,0.0001
31/12/2024,Care Super,Balanced,Listed Equity,1,Kikkoman Corp,,2801 JP,Japan,12933.0,,,234253.0,0.0
31/12/2024,Care Super,Balanced,Listed Equity,1,Kimberly-Clark Corp,,KMB US,United States,50714.0,,,10733314.0,0.0003
31/12/2024,Care Super,Balanced,Listed Equity,1,Kinder Morgan Inc,,KMI US,United States,22486.0,,,995093.0,0.0
31/12/2024,Care Super,Balanced,Listed Equity,1,Kingdee International Software Group Co Ltd,,268 HK,Hong Kong,1857178.0,,,3293824.0,0.0001
31/12/2024,Care Super,Balanced,Listed Equity,1,Kingfisher PLC,,KGF LN,United Kingdom,147108.0,,,740049.0,0.0
31/12/2024,Care Super,Balanced,Listed Equity,1,Kingspan Group PLC,,KSP ID,Ireland,6309.0,,,743400.0,0.0
31/12/2024,Care Super,Balanced,Listed Equity,1,Kinross Gold Corp,,K CN,Canada,207087.0,,,3104691.0,0.0001
31/12/2024,Care Super,Balanced,Listed Equity,1,KKR & Co Inc,,KKR US,United States,42384.0,,,10125291.0,0.0002
31/12/2024,Care Super,Balanced,Listed Equity,1,KLA Corp,,KLAC US,United States,6432.0,,,6545938.0,0.0002
31/12/2024,Care Super,Balanced,Listed Equity,1,KMD Brands Ltd,,KMD AU,Australia,7307897.0,,,2850080.0,0.0001
31/12/2024,Care Super,Balanced,Listed Equity,1,Knorr-Bremse AG,,KBX GR,Germany,240.0,,,28203.0,0.0
31/12/2024,Care Super,Balanced,Listed Equity,1,Kogan.com Ltd,,KGN AU,Australia,15833.0,,,98320.0,0.0
31/12/2024,Care Super,Balanced,Listed Equity,1,Kokuyo Co Ltd,,7984 JP,Japan,933.0,,,26822.0,0.0
31/12/2024,Care Super,Balanced,Listed Equity,1,Komatsu Ltd,,6301 JP,Japan,28242.0,,,1262551.0,0.0
31/12/2024,Care Super,Balanced,Listed Equity,1,Komercni Banka AS,,KOMB CP,Czech Republic,8498.0,,,479017.0,0.0
31/12/2024,Care Super,Balanced,Listed Equity,1,Konami Group Corp,,9766 JP,Japan,40107.0,,,6100240.0,0.0001
31/12/2024,Care Super,Balanced,Listed Equity,1,Kone Oyj,,KNEBV FH,Finland,50401.0,,,3961805.0,0.0001
31/12/2024,Care Super,Balanced,Listed Equity,1,Kongsberg Gruppen ASA,,KOG NO,Norway,40351.0,,,7345048.0,0.0002
31/12/2024,Care Super,Balanced,Listed Equity,1,Konica Minolta Inc,,4902 JP,Japan,94533.0,,,643623.0,0.0
31/12/2024,Care Super,Balanced,Listed Equity,1,Koninklijke Ahold Delhaize NV,,AD NA,Netherlands,110728.0,,,5831569.0,0.0001
31/12/2024,Care Super,Balanced,Listed Equity,1,Koninklijke KPN NV,,KPN NA,Netherlands,547555.0,,,3218899.0,0.0001
31/12/2024,Care Super,Balanced,Listed Equity,1,Koninklijke Philips NV,,PHIA NA,Netherlands,117311.0,,,4787217.0,0.0001
31/12/2024,Care Super,Balanced,Listed Equity,1,Koninklijke Vopak NV,,VPK NA,Netherlands,718.0,,,51063.0,0.0
31/12/2024,Care Super,Balanced,Listed Equity,1,Korea Electric Power Corp,,015760 KS,South Korea,3075.0,,,67636.0,0.0
31/12/2024,Care Super,Balanced,Listed Equity,1,Korea Gas Corp,,036460 KS,South Korea,325.0,,,12363.0,0.0
31/12/2024,Care Super,Balanced,Listed Equity,1,Korean Air Lines Co Ltd,,003490 KS,South Korea,28612.0,,,709420.0,0.0
31/12/2024,Care Super,Balanced,Listed Equity,1,Kotak Mahindra Bank Ltd,,KMB IN,India,153002.0,,,5155262.0,0.0001
31/12/2024,Care Super,Balanced,Listed Equity,1,Kraft Heinz Co/The,,KHC US,United States,7522.0,,,373085.0,0.0
31/12/2024,Care Super,Balanced,Listed Equity,1,Krafton Inc,,259960 KS,South Korea,8318.0,,,2851676.0,0.0001
31/12/2024,Care Super,Balanced,Listed Equity,1,Kroger Co/The,,KR US,United States,95847.0,,,9466289.0,0.0002
31/12/2024,Care Super,Balanced,Listed Equity,1,Krung Thai Bank PCL,,KTB/F TB,Thailand,3539.0,,,3520.0,0.0
31/12/2024,Care Super,Balanced,Listed Equity,1,K's Holdings Corp,,8282 JP,Japan,14472.0,,,209415.0,0.0
31/12/2024,Care Super,Balanced,Listed Equity,1,KT Corp,,KT US,United States,32458.0,,,813600.0,0.0
31/12/2024,Care Super,Balanced,Listed Equity,1,Kuehne + Nagel International AG,,KNIN SW,Switzerland,303.0,,,112042.0,0.0
31/12/2024,Care Super,Balanced,Listed Equity,1,Kumba Iron Ore Ltd,,KIO SJ,South Africa,6346.0,,,177198.0,0.0
31/12/2024,Care Super,Balanced,Listed Equity,1,Kunlun Energy Co Ltd,,135 HK,Hong Kong,94841.0,,,165643.0,0.0
31/12/2024,Care Super,Balanced,Listed Equity,1,Kweichow Moutai Co Ltd,,600519 C1,China,36348.0,,,12257036.0,0.0003
31/12/2024,Care Super,Balanced,Listed Equity,1,Kyowa Kirin Co Ltd,,4151 JP,Japan,37058.0,,,904690.0,0.0
31/12/2024,Care Super,Balanced,Listed Equity,1,Kyushu Electric Power Co Inc,,9508 JP,Japan,5148.0,,,74761.0,0.0
31/12/2024,Care Super,Balanced,Listed Equity,1,La Francaise des Jeux SAEM,,FDJ FP,France,87032.0,,,5417633.0,0.0001
31/12/2024,Care Super,Balanced,Listed Equity,1,Lam Research Corp,,LRCX US,United States,46294.0,,,5400660.0,0.0001
31/12/2024,Care Super,Balanced,Listed Equity,1,Largan Precision Co Ltd,,3008 TT,Taiwan,12798.0,,,1686578.0,0.0
31/12/2024,Care Super,Balanced,Listed Equity,1,Larsen & Toubro Ltd,,LT IN,India,123075.0,,,8376325.0,0.0002
31/12/2024,Care Super,Balanced,Listed Equity,1,Las Vegas Sands Corp,,LVS US,United States,4965.0,,,411820.0,0.0
31/12/2024,Care Super,Balanced,Listed Equity,1,Latam Airlines Group SA,,LTM CI,Chile,15074498.0,,,336126.0,0.0
31/12/2024,Care Super,Balanced,Listed Equity,1,Latin Resources Ltd,,LRS AU,Australia,899808.0,,,143969.0,0.0
31/12/2024,Care Super,Balanced,Listed Equity,1,Lear Corp,,LEA US,United States,99435.0,,,15208782.0,0.0004
31/12/2024,Care Super,Balanced,Listed Equity,1,LEENO Industrial Inc,,058470 KS,South Korea,23453.0,,,4930017.0,0.0001
31/12/2024,Care Super,Balanced,Listed Equity,1,Legal & General Group PLC,,LGEN LN,United Kingdom,1849533.0,,,8597245.0,0.0002
31/12/2024,Care Super,Balanced,Listed Equity,1,Legrand SA,,LR FP,France,3899.0,,,613163.0,0.0
31/12/2024,Care Super,Balanced,Listed Equity,1,Leidos Holdings Inc,,LDOS US,United States,25679.0,,,5974753.0,0.0001
31/12/2024,Care Super,Balanced,Listed Equity,1,Lennar Corp,,LEN US,United States,56744.0,,,12498174.0,0.0003
31/12/2024,Care Super,Balanced,Listed Equity,1,Lennox International Inc,,LII US,United States,2625.0,,,2583301.0,0.0001
31/12/2024,Care Super,Balanced,Listed Equity,1,Lenovo Group Ltd,,992 HK,Hong Kong,1152036.0,,,2414485.0,0.0001
31/12/2024,Care Super,Balanced,Listed Equity,1,Leonardo SpA,,LDO IM,Italy,105760.0,,,4586467.0,0.0001
31/12/2024,Care Super,Balanced,Listed Equity,1,LG Chem Ltd,,051910 KS,South Korea,376.0,,,103038.0,0.0
31/12/2024,Care Super,Balanced,Listed Equity,1,LG Corp,,003550 KS,South Korea,3127.0,,,247007.0,0.0
31/12/2024,Care Super,Balanced,Listed Equity,1,LGI Homes Inc,,LGIH US,United States,27085.0,,,3910860.0,0.0001
31/12/2024,Care Super,Balanced,Listed Equity,1,Li Ning Co Ltd,,2331 HK,Hong Kong,1199239.0,,,4104245.0,0.0001
31/12/2024,Care Super,Balanced,Listed Equity,1,Liberty Media Corp-Liberty Formula One,,FWONK US,United States,2909.0,,,435397.0,0.0
31/12/2024,Care Super,Balanced,Listed Equity,1,Life360 Inc,,360 AU,Australia,1705115.0,,,38433300.0,0.0009
31/12/2024,Care Super,Balanced,Listed Equity,1,Light & Wonder Inc,,LNW AU,Australia,54116.0,,,7422542.0,0.0002
31/12/2024,Care Super,Balanced,Listed Equity,1,Linde PLC,,LIN US,United States,67290.0,,,45501461.0,0.0011
31/12/2024,Care Super,Balanced,Listed Equity,1,Linde PLC,,LIN GR,Germany,30.0,,,20185.0,0.0
31/12/2024,Care Super,Balanced,Listed Equity,1,Lintec Corp,,7966 JP,Japan,14626.0,,,460714.0,0.0
31/12/2024,Care Super,Balanced,Listed Equity,1,Liontown Resources Ltd,,LTR AU,Australia,326394.0,,,171357.0,0.0
31/12/2024,Care Super,Balanced,Listed Equity,1,Live Nation Entertainment Inc,,LYV US,United States,8303.0,,,1736680.0,0.0
31/12/2024,Care Super,Balanced,Listed Equity,1,Lloyds Banking Group PLC,,LLOY LN,United Kingdom,787795.0,,,872936.0,0.0
31/12/2024,Care Super,Balanced,Listed Equity,1,Loblaw Cos Ltd,,L CN,Canada,42590.0,,,9047901.0,0.0002
31/12/2024,Care Super,Balanced,Listed Equity,1,Lockheed Martin Corp,,LMT US,United States,3536.0,,,2775036.0,0.0001
31/12/2024,Care Super,Balanced,Listed Equity,1,Loews Corp,,L US,United States,37095.0,,,5074013.0,0.0001
31/12/2024,Care Super,Balanced,Listed Equity,1,Logitech International SA,,LOGN SW,Switzerland,17552.0,,,2347303.0,0.0001
31/12/2024,Care Super,Balanced,Listed Equity,1,Lojas Renner SA,,LREN3 BZ,Brazil,370666.0,,,1174497.0,0.0
31/12/2024,Care Super,Balanced,Listed Equity,1,London Stock Exchange Group PLC,,LSEG LN,United Kingdom,193799.0,,,44238433.0,0.001
31/12/2024,Care Super,Balanced,Listed Equity,1,Lonza Group AG,,LONN SW,Switzerland,30.0,,,28467.0,0.0
31/12/2024,Care Super,Balanced,Listed Equity,1,L'Oreal SA,,OR FP,France,3836.0,,,2193139.0,0.0001
31/12/2024,Care Super,Balanced,Listed Equity,1,Lotes Co Ltd,,3533 TT,Taiwan,6928.0,,,667283.0,0.0
31/12/2024,Care Super,Balanced,Listed Equity,1,Lottery Corp Ltd/The,,TLC AU,Australia,7603257.0,,,37560091.0,0.0009
31/12/2024,Care Super,Balanced,Listed Equity,1,Lovisa Holdings Ltd,,LOV AU,Australia,372553.0,,,11236207.0,0.0003
31/12/2024,Care Super,Balanced,Listed Equity,1,Lowe's Cos Inc,,LOW US,United States,4541.0,,,1810198.0,0.0
31/12/2024,Care Super,Balanced,Listed Equity,1,LPL Financial Holdings Inc,,LPLA US,United States,3491.0,,,1841040.0,0.0
31/12/2024,Care Super,Balanced,Listed Equity,1,LS Electric Co Ltd,,010120 KS,South Korea,1169.0,,,206156.0,0.0
31/12/2024,Care Super,Balanced,Listed Equity,1,Lupin Ltd,,LPC IN,India,17767.0,,,789556.0,0.0
31/12/2024,Care Super,Balanced,Listed Equity,1,LVMH Moet Hennessy Louis Vuitton SE,,MC FP,France,34465.0,,,36631271.0,0.0009
31/12/2024,Care Super,Balanced,Listed Equity,1,LY Corp,,4689 JP,Japan,112239.0,,,483764.0,0.0
31/12/2024,Care Super,Balanced,Listed Equity,1,Lynas Rare Earths Ltd,,LYC AU,Australia,5430020.0,,,34915028.0,0.0008
31/12/2024,Care Super,Balanced,Listed Equity,1,LyondellBasell Industries NV,,LYB US,United States,3814.0,,,457558.0,0.0
31/12/2024,Care Super,Balanced,Listed Equity,1,M&T Bank Corp,,MTB US,United States,5205.0,,,1580452.0,0.0
31/12/2024,Care Super,Balanced,Listed Equity,1,MA Financial Group Ltd,,MAF AU,Australia,1221211.0,,,7473809.0,0.0002
31/12/2024,Care Super,Balanced,Listed Equity,1,Maas Group Holdings Ltd,,MGH AU,Australia,1364061.0,,,6533852.0,0.0002
31/12/2024,Care Super,Balanced,Listed Equity,1,Metals Acquisition Ltd,,MAC AU,Australia,121885.0,,,2097637.0,0.0
31/12/2024,Care Super,Balanced,Listed Equity,1,Macquarie Group Ltd,,MQG AU,Australia,1278763.0,,,283437786.0,0.0067
31/12/2024,Care Super,Balanced,Listed Equity,1,Macquarie Technology Group Ltd,,MAQ AU,Australia,2251.0,,,198746.0,0.0
31/12/2024,Care Super,Balanced,Listed Equity,1,Magellan Financial Group Ltd,,MFG AU,Australia,618061.0,,,6872837.0,0.0002
31/12/2024,Care Super,Balanced,Listed Equity,1,Magna International Inc,,MG CN,Canada,24557.0,,,1656879.0,0.0
31/12/2024,Care Super,Balanced,Listed Equity,1,Magna International Inc,,MGA US,United States,290832.0,,,19629953.0,0.0005
31/12/2024,Care Super,Balanced,Listed Equity,1,Mahindra & Mahindra Ltd,,MM IN,India,67554.0,,,3832275.0,0.0001
31/12/2024,Care Super,Balanced,Listed Equity,1,MakeMyTrip Ltd,,MMYT US,United States,19220.0,,,3485463.0,0.0001
31/12/2024,Care Super,Balanced,Listed Equity,1,Makita Corp,,6586 JP,Japan,60584.0,,,3015343.0,0.0001
31/12/2024,Care Super,Balanced,Listed Equity,1,Manhattan Associates Inc,,MANH US,United States,12552.0,,,5478479.0,0.0001
31/12/2024,Care Super,Balanced,Listed Equity,1,ManpowerGroup Inc,,MAN US,United States,15860.0,,,1478559.0,0.0
31/12/2024,Care Super,Balanced,Listed Equity,1,Manulife Financial Corp,,MFC CN,Canada,322241.0,,,15980667.0,0.0004
31/12/2024,Care Super,Balanced,Listed Equity,1,MarketAxess Holdings Inc,,MKTX US,United States,6616.0,,,2415393.0,0.0001
31/12/2024,Care Super,Balanced,Listed Equity,1,Marks & Spencer Group PLC,,MKS LN,United Kingdom,295442.0,,,2244034.0,0.0001
31/12/2024,Care Super,Balanced,Listed Equity,1,Marriott International Inc/MD,,MAR US,United States,20999.0,,,9460473.0,0.0002
31/12/2024,Care Super,Balanced,Listed Equity,1,Marsh & McLennan Cos Inc,,MMC US,United States,99802.0,,,34238931.0,0.0008
31/12/2024,Care Super,Balanced,Listed Equity,1,Marvell Technology Inc,,MRVL US,United States,120578.0,,,21509925.0,0.0005
31/12/2024,Care Super,Balanced,Listed Equity,1,Masco Corp,,MAS US,United States,7644.0,,,895975.0,0.0
31/12/2024,Care Super,Balanced,Listed Equity,1,Mastercard Inc,,MA US,United States,101698.0,,,86491711.0,0.002
31/12/2024,Care Super,Balanced,Listed Equity,1,Match Group Inc,,MTCH US,United States,7015.0,,,370582.0,0.0
31/12/2024,Care Super,Balanced,Listed Equity,1,Max Healthcare Institute Ltd,,MAXHEALT IN,India,607618.0,,,12931770.0,0.0003
31/12/2024,Care Super,Balanced,Listed Equity,1,Mayne Pharma Group Ltd,,MYX AU,Australia,16036.0,,,79699.0,0.0
31/12/2024,Care Super,Balanced,Listed Equity,1,Mazda Motor Corp,,7261 JP,Japan,11701.0,,,130293.0,0.0
31/12/2024,Care Super,Balanced,Listed Equity,1,McCormick & Co Inc/MD,,MKC US,United States,44274.0,,,5451804.0,0.0001
31/12/2024,Care Super,Balanced,Listed Equity,1,McDonald's Corp,,MCD US,United States,60440.0,,,28298560.0,0.0007000000000000001
31/12/2024,Care Super,Balanced,Listed Equity,1,McDonald's Holdings Co Japan Ltd,,2702 JP,Japan,13425.0,,,854004.0,0.0
31/12/2024,Care Super,Balanced,Listed Equity,1,McKesson Corp,,MCK US,United States,913.0,,,840132.0,0.0
31/12/2024,Care Super,Balanced,Listed Equity,1,McMillan Shakespeare Ltd,,MMS AU,Australia,9915.0,,,148725.0,0.0
31/12/2024,Care Super,Balanced,Listed Equity,1,MediaTek Inc,,2454 TT,Taiwan,362550.0,,,25273169.0,0.0006
31/12/2024,Care Super,Balanced,Listed Equity,1,Medibank Pvt Ltd,,MPL AU,Australia,19324800.0,,,73240991.0,0.0017000000000000001
31/12/2024,Care Super,Balanced,Listed Equity,1,Medipal Holdings Corp,,7459 JP,Japan,12856.0,,,314508.0,0.0
31/12/2024,Care Super,Balanced,Listed Equity,1,Medpace Holdings Inc,,MEDP US,United States,12601.0,,,6761616.0,0.0002
31/12/2024,Care Super,Balanced,Listed Equity,1,Medtronic PLC,,MDT US,United States,222531.0,,,28709928.0,0.0007000000000000001
31/12/2024,Care Super,Balanced,Listed Equity,1,MEG Energy Corp,,MEG CN,Canada,21308.0,,,564740.0,0.0
31/12/2024,Care Super,Balanced,Listed Equity,1,Megaport Ltd,,MP1 AU,Australia,782915.0,,,5770086.0,0.0001
31/12/2024,Care Super,Balanced,Listed Equity,1,MEIJI Holdings Co Ltd,,2269 JP,Japan,43343.0,,,1425838.0,0.0
31/12/2024,Care Super,Balanced,Listed Equity,1,Meituan,,3690 HK,Hong Kong,1350333.0,,,42591635.0,0.001
31/12/2024,Care Super,Balanced,Listed Equity,1,Melexis NV,,MELE BB,Belgium,29432.0,,,2781163.0,0.0001
31/12/2024,Care Super,Balanced,Listed Equity,1,MercadoLibre Inc,,MELI US,United States,13965.0,,,38354932.0,0.0009
31/12/2024,Care Super,Balanced,Listed Equity,1,Mercedes-Benz Group AG,,MBG GR,Germany,9947.0,,,894990.0,0.0
31/12/2024,Care Super,Balanced,Listed Equity,1,Merck & Co Inc,,MRK US,United States,169535.0,,,27239543.0,0.0006
31/12/2024,Care Super,Balanced,Listed Equity,1,Mercury NZ Ltd,,MCY NZ,New Zealand,95164.0,,,503751.0,0.0
31/12/2024,Care Super,Balanced,Listed Equity,1,Meritz Financial Group Inc,,138040 KS,South Korea,1560.0,,,178043.0,0.0
31/12/2024,Care Super,Balanced,Listed Equity,1,Mesoblast Ltd,,MSB AU,Australia,146282.0,,,453474.0,0.0
31/12/2024,Care Super,Balanced,Listed Equity,1,Meta Platforms Inc,,META US,United States,144517.0,,,136665221.0,0.0032
31/12/2024,Care Super,Balanced,Listed Equity,1,Metcash Ltd,,MTS AU,Australia,16204870.0,,,50235098.0,0.0012
31/12/2024,Care Super,Balanced,Listed Equity,1,Meteoric Resources NL,,MEI AU,Australia,234803.0,,,19958.0,0.0
31/12/2024,Care Super,Balanced,Listed Equity,1,MetLife Inc,,MET US,United States,122056.0,,,16141348.0,0.0004
31/12/2024,Care Super,Balanced,Listed Equity,1,Metropolitan Bank & Trust Co,,MBT PM,Philippines,266308.0,,,535372.0,0.0
31/12/2024,Care Super,Balanced,Listed Equity,1,Mettler-Toledo International Inc,,MTD US,United States,311.0,,,615628.0,0.0
31/12/2024,Care Super,Balanced,Listed Equity,1,MGE Energy Inc,,MGEE US,United States,421.0,,,63826.0,0.0
31/12/2024,Care Super,Balanced,Listed Equity,1,MGM Resorts International,,MGM US,United States,32053.0,,,1793792.0,0.0
31/12/2024,Care Super,Balanced,Listed Equity,1,Microchip Technology Inc,,MCHP US,United States,8083.0,,,748708.0,0.0
31/12/2024,Care Super,Balanced,Listed Equity,1,Micron Technology Inc,,MU US,United States,32783.0,,,4456174.0,0.0001
31/12/2024,Care Super,Balanced,Listed Equity,1,Microsoft Corp,,MSFT US,United States,590532.0,,,402017686.0,0.0095
31/12/2024,Care Super,Balanced,Listed Equity,1,MicroStrategy Inc,,MSTR US,United States,3729.0,,,1744385.0,0.0
31/12/2024,Care Super,Balanced,Listed Equity,1,Midea Group Co Ltd,,000333 C2,China,32563.0,,,541982.0,0.0
31/12/2024,Care Super,Balanced,Listed Equity,1,Mineral Resources Ltd,,MIN AU,Australia,384578.0,,,13171796.0,0.0003
31/12/2024,Care Super,Balanced,Listed Equity,1,MINISO Group Holding Ltd,,9896 HK,Hong Kong,5850.0,,,57227.0,0.0
31/12/2024,Care Super,Balanced,Listed Equity,1,Minor International PCL,,MINT/F TB,Thailand,806287.0,,,993062.0,0.0
31/12/2024,Care Super,Balanced,Listed Equity,1,Mitsubishi Chemical Group Corp,,4188 JP,Japan,28945.0,,,237882.0,0.0
31/12/2024,Care Super,Balanced,Listed Equity,1,Mitsubishi Corp,,8058 JP,Japan,130698.0,,,3497619.0,0.0001
31/12/2024,Care Super,Balanced,Listed Equity,1,Mitsubishi Electric Corp,,6503 JP,Japan,232637.0,,,6424042.0,0.0002
31/12/2024,Care Super,Balanced,Listed Equity,1,Mitsubishi Heavy Industries Ltd,,7011 JP,Japan,15319.0,,,349977.0,0.0
31/12/2024,Care Super,Balanced,Listed Equity,1,Mitsubishi UFJ Financial Group Inc,,8306 JP,Japan,147573.0,,,2799634.0,0.0001
31/12/2024,Care Super,Balanced,Listed Equity,1,Mitsui & Co Ltd,,8031 JP,Japan,78912.0,,,2685125.0,0.0001
31/12/2024,Care Super,Balanced,Listed Equity,1,Mitsui Mining & Smelting Co Ltd,,5706 JP,Japan,20708.0,,,993202.0,0.0
31/12/2024,Care Super,Balanced,Listed Equity,1,Mitsui OSK Lines Ltd,,9104 JP,Japan,19784.0,,,1119888.0,0.0
31/12/2024,Care Super,Balanced,Listed Equity,1,Mizuho Financial Group Inc,,8411 JP,Japan,98613.0,,,3925040.0,0.0001
31/12/2024,Care Super,Balanced,Listed Equity,1,Moderna Inc,,MRNA US,United States,121964.0,,,8190674.0,0.0002
31/12/2024,Care Super,Balanced,Listed Equity,1,Modine Manufacturing Co,,MOD US,United States,23719.0,,,4441250.0,0.0001
31/12/2024,Care Super,Balanced,Listed Equity,1,Monadelphous Group Ltd,,MND AU,Australia,375631.0,,,5258836.0,0.0001
31/12/2024,Care Super,Balanced,Listed Equity,1,Monash IVF Group Ltd,,MVF AU,Australia,8008800.0,,,10171176.0,0.0002
31/12/2024,Care Super,Balanced,Listed Equity,1,Moncler SpA,,MONC IM,Italy,157346.0,,,13415589.0,0.0003
31/12/2024,Care Super,Balanced,Listed Equity,1,Monday.com Ltd,,MNDY US,United States,5389.0,,,2049122.0,0.0
31/12/2024,Care Super,Balanced,Listed Equity,1,Mondelez International Inc,,MDLZ US,United States,4450.0,,,429250.0,0.0
31/12/2024,Care Super,Balanced,Listed Equity,1,Mondi PLC,,MNDI LN,United Kingdom,68391.0,,,1649017.0,0.0
31/12/2024,Care Super,Balanced,Listed Equity,1,Monolithic Power Systems Inc,,MPWR US,United States,2239.0,,,2139368.0,0.0001
31/12/2024,Care Super,Balanced,Listed Equity,1,MonotaRO Co Ltd,,3064 JP,Japan,466199.0,,,12801764.0,0.0003
31/12/2024,Care Super,Balanced,Listed Equity,1,Monster Beverage Corp,,MNST US,United States,232147.0,,,19707110.0,0.0005
31/12/2024,Care Super,Balanced,Listed Equity,1,Moody's Corp,,MCO US,United States,74543.0,,,56991438.0,0.0013
31/12/2024,Care Super,Balanced,Listed Equity,1,Morgan Stanley,,MS US,United States,56532.0,,,11478970.0,0.0003
31/12/2024,Care Super,Balanced,Listed Equity,1,Morinaga & Co Ltd/Japan,,2201 JP,Japan,69748.0,,,1947168.0,0.0
31/12/2024,Care Super,Balanced,Listed Equity,1,Morinaga Milk Industry Co Ltd,,2264 JP,Japan,94995.0,,,2857983.0,0.0001
31/12/2024,Care Super,Balanced,Listed Equity,1,Mosaic Co/The,,MOS US,United States,3015.0,,,119709.0,0.0
31/12/2024,Care Super,Balanced,Listed Equity,1,Motorola Solutions Inc,,MSI US,United States,31454.0,,,23482464.0,0.0006
31/12/2024,Care Super,Balanced,Listed Equity,1,Mowi ASA,,MOWI NO,Norway,34642.0,,,959406.0,0.0
31/12/2024,Care Super,Balanced,Listed Equity,1,Mr Price Group Ltd,,MRP SJ,South Africa,988.0,,,24968.0,0.0
31/12/2024,Care Super,Balanced,Listed Equity,1,MS&AD Insurance Group Holdings Inc,,8725 JP,Japan,419133.0,,,14856191.0,0.0004
31/12/2024,Care Super,Balanced,Listed Equity,1,MSCI Inc,,MSCI US,United States,23778.0,,,23043304.0,0.0005
31/12/2024,Care Super,Balanced,Listed Equity,1,MTN Group Ltd,,MTN SJ,South Africa,184948.0,,,1456208.0,0.0
31/12/2024,Care Super,Balanced,Listed Equity,1,MTR Corp Ltd,,66 HK,Hong Kong,17029.0,,,95954.0,0.0
31/12/2024,Care Super,Balanced,Listed Equity,1,MTU Aero Engines AG,,MTX GR,Germany,579.0,,,311755.0,0.0
31/12/2024,Care Super,Balanced,Listed Equity,1,Muenchener Rueckversicherungs-Gesellschaft AG in Muenchen,,MUV2 GR,Germany,3446.0,,,2807662.0,0.0001
31/12/2024,Care Super,Balanced,Listed Equity,1,Multiply Group PJSC,,MULTIPLY UH,United Arab Emirates,155438.0,,,141483.0,0.0
31/12/2024,Care Super,Balanced,Listed Equity,1,MyState Ltd,,MYS AU,Australia,26078.0,,,116308.0,0.0
31/12/2024,Care Super,Balanced,Listed Equity,1,Nanosonics Ltd,,NAN AU,Australia,57069.0,,,171779.0,0.0
31/12/2024,Care Super,Balanced,Listed Equity,1,NARI Technology Co Ltd,,600406 C1,China,1450398.0,,,8093908.0,0.0002
31/12/2024,Care Super,Balanced,Listed Equity,1,Nasdaq Inc,,NDAQ US,United States,30394.0,,,3795110.0,0.0001
31/12/2024,Care Super,Balanced,Listed Equity,1,Naspers Ltd,,NPN SJ,South Africa,8809.0,,,3146663.0,0.0001
31/12/2024,Care Super,Balanced,Listed Equity,1,National Australia Bank Ltd,,NAB AU,Australia,10114120.0,,,375233837.0,0.0089
31/12/2024,Care Super,Balanced,Listed Equity,1,National Bank of Canada,,NA CN,Canada,7769.0,,,1143321.0,0.0
31/12/2024,Care Super,Balanced,Listed Equity,1,National Bank of Greece SA,,ETE GA,Greece,266992.0,,,3420441.0,0.0001
31/12/2024,Care Super,Balanced,Listed Equity,1,National Grid PLC,,NG/ LN,United Kingdom,195125.0,,,3749596.0,0.0001
31/12/2024,Care Super,Balanced,Listed Equity,1,Naturgy Energy Group SA,,NTGY SM,Spain,1438.0,,,56244.0,0.0
31/12/2024,Care Super,Balanced,Listed Equity,1,NatWest Group PLC,,NWG LN,United Kingdom,2930786.0,,,23837752.0,0.0006
31/12/2024,Care Super,Balanced,Listed Equity,1,nCino Inc,,NCNO US,United States,70352.0,,,3815570.0,0.0001
31/12/2024,Care Super,Balanced,Listed Equity,1,NEC Corp,,6701 JP,Japan,17287.0,,,2437497.0,0.0001
31/12/2024,Care Super,Balanced,Listed Equity,1,Nedbank Group Ltd,,NED SJ,South Africa,798.0,,,19230.0,0.0
31/12/2024,Care Super,Balanced,Listed Equity,1,Nestle India Ltd,,NEST IN,India,12925.0,,,529135.0,0.0
31/12/2024,Care Super,Balanced,Listed Equity,1,Nestle Malaysia Bhd,,NESZ MK,Malaysia,616.0,,,22240.0,0.0
31/12/2024,Care Super,Balanced,Listed Equity,1,Nestle SA,,NESN SW,Switzerland,422544.0,,,56388981.0,0.0013
31/12/2024,Care Super,Balanced,Listed Equity,1,NetApp Inc,,NTAP US,United States,41983.0,,,7871032.0,0.0002
31/12/2024,Care Super,Balanced,Listed Equity,1,NetEase Inc,,NTES US,United States,128969.0,,,18582470.0,0.0004
31/12/2024,Care Super,Balanced,Listed Equity,1,NetEase Inc,,9999 HK,Hong Kong,65383.0,,,1881464.0,0.0
31/12/2024,Care Super,Balanced,Listed Equity,1,Netflix Inc,,NFLX US,United States,72751.0,,,104731800.0,0.0025
31/12/2024,Care Super,Balanced,Listed Equity,1,Netwealth Group Ltd,,NWL AU,Australia,776120.0,,,22313448.0,0.0005
31/12/2024,Care Super,Balanced,Listed Equity,1,Neuren Pharmaceuticals Ltd,,NEU AU,Australia,100277.0,,,1253466.0,0.0
31/12/2024,Care Super,Balanced,Listed Equity,1,Neurocrine Biosciences Inc,,NBIX US,United States,13640.0,,,3007024.0,0.0001
31/12/2024,Care Super,Balanced,Listed Equity,1,New Oriental Education & Technology Group Inc,,9901 HK,Hong Kong,12086.0,,,123009.0,0.0
31/12/2024,Care Super,Balanced,Listed Equity,1,Newell Brands Inc,,NWL US,United States,563625.0,,,9066793.0,0.0002
31/12/2024,Care Super,Balanced,Listed Equity,1,Newmont Corp,,NEM AU,Australia,730811.0,,,43512481.0,0.001
31/12/2024,Care Super,Balanced,Listed Equity,1,News Corp,,NWS AU,Australia,727441.0,,,36008335.0,0.0008
31/12/2024,Care Super,Balanced,Listed Equity,1,News Corp,,NWSA US,United States,44.0,,,1946.0,0.0
31/12/2024,Care Super,Balanced,Listed Equity,1,NexGen Energy Ltd,,NXG AU,Australia,191799.0,,,2073350.0,0.0
31/12/2024,Care Super,Balanced,Listed Equity,1,Nexon Co Ltd,,3659 JP,Japan,178402.0,,,4357120.0,0.0001
31/12/2024,Care Super,Balanced,Listed Equity,1,Next PLC,,NXT LN,United Kingdom,22346.0,,,4293207.0,0.0001
31/12/2024,Care Super,Balanced,Listed Equity,1,NEXTDC Ltd,,NXT AU,Australia,2272766.0,,,34250580.0,0.0008
31/12/2024,Care Super,Balanced,Listed Equity,1,NextEra Energy Inc,,NEE US,United States,63236.0,,,7321915.0,0.0002
31/12/2024,Care Super,Balanced,Listed Equity,1,NGK Insulators Ltd,,5333 JP,Japan,25712.0,,,531910.0,0.0
31/12/2024,Care Super,Balanced,Listed Equity,1,nib holdings Ltd/Australia,,NHF AU,Australia,77637.0,,,425451.0,0.0
31/12/2024,Care Super,Balanced,Listed Equity,1,Nice Ltd,,NICE IT,Israel,5082.0,,,1399458.0,0.0
31/12/2024,Care Super,Balanced,Listed Equity,1,Nick Scali Ltd,,NCK AU,Australia,1459278.0,,,21903768.0,0.0005
31/12/2024,Care Super,Balanced,Listed Equity,1,Nickel Industries Ltd,,NIC AU,Australia,401082.0,,,330893.0,0.0
31/12/2024,Care Super,Balanced,Listed Equity,1,Nien Made Enterprise Co Ltd,,8464 TT,Taiwan,26997.0,,,487437.0,0.0
31/12/2024,Care Super,Balanced,Listed Equity,1,NIKE Inc,,NKE US,United States,115256.0,,,14086081.0,0.0003
31/12/2024,Care Super,Balanced,Listed Equity,1,Nine Entertainment Co Holdings Ltd,,NEC AU,Australia,234818.0,,,290000.0,0.0
31/12/2024,Care Super,Balanced,Listed Equity,1,Nintendo Co Ltd,,7974 JP,Japan,37149.0,,,3536766.0,0.0001
31/12/2024,Care Super,Balanced,Listed Equity,1,Nippon Steel Corp,,5401 JP,Japan,12953.0,,,423572.0,0.0
31/12/2024,Care Super,Balanced,Listed Equity,1,Nippon Telegraph & Telephone Corp,,9432 JP,Japan,716157.0,,,1162860.0,0.0
31/12/2024,Care Super,Balanced,Listed Equity,1,Nippon Yusen KK,,9101 JP,Japan,12163.0,,,659117.0,0.0
31/12/2024,Care Super,Balanced,Listed Equity,1,NiSource Inc,,NI US,United States,30445.0,,,1807597.0,0.0
31/12/2024,Care Super,Balanced,Listed Equity,1,Nitto Denko Corp,,6988 JP,Japan,228227.0,,,6285836.0,0.0001
31/12/2024,Care Super,Balanced,Listed Equity,1,NMDC Ltd,,NMDC IN,India,129680.0,,,161269.0,0.0
31/12/2024,Care Super,Balanced,Listed Equity,1,NN Group NV,,NN NA,Netherlands,13608.0,,,957460.0,0.0
31/12/2024,Care Super,Balanced,Listed Equity,1,NOK Corp,,7240 JP,Japan,16320.0,,,415273.0,0.0
31/12/2024,Care Super,Balanced,Listed Equity,1,Nokia Oyj,,NOK US,United States,1026046.0,,,7341332.0,0.0002
31/12/2024,Care Super,Balanced,Listed Equity,1,Nokia Oyj,,NOKIA FH,Finland,1555157.0,,,11117667.0,0.0003
31/12/2024,Care Super,Balanced,Listed Equity,1,Nomura Holdings Inc,,8604 JP,Japan,501533.0,,,4800114.0,0.0001
31/12/2024,Care Super,Balanced,Listed Equity,1,Nomura Research Institute Ltd,,4307 JP,Japan,15781.0,,,755604.0,0.0
31/12/2024,Care Super,Balanced,Listed Equity,1,Nordea Bank Abp,,NDA FH,Finland,289.0,,,5078.0,0.0
31/12/2024,Care Super,Balanced,Listed Equity,1,Norfolk Southern Corp,,NSC US,United States,2585.0,,,979700.0,0.0
31/12/2024,Care Super,Balanced,Listed Equity,1,Northern Star Resources Ltd,,NST AU,Australia,2228482.0,,,34407760.0,0.0008
31/12/2024,Care Super,Balanced,Listed Equity,1,Northern Trust Corp,,NTRS US,United States,34869.0,,,5772496.0,0.0001
31/12/2024,Care Super,Balanced,Listed Equity,1,Northland Power Inc,,NPI CN,Canada,64707.0,,,1300744.0,0.0
31/12/2024,Care Super,Balanced,Listed Equity,1,Northwest Natural Holding Co,,NWN US,United States,402.0,,,25709.0,0.0
31/12/2024,Care Super,Balanced,Listed Equity,1,Northwestern Energy Group Inc,,NWE US,United States,749.0,,,64628.0,0.0
31/12/2024,Care Super,Balanced,Listed Equity,1,NOV Inc,,NOV US,United States,596709.0,,,14070831.0,0.0003
31/12/2024,Care Super,Balanced,Listed Equity,1,Nova Ltd,,NVMI US,United States,31346.0,,,9971090.0,0.0002
31/12/2024,Care Super,Balanced,Listed Equity,1,Novartis AG,,NOVN SW,Switzerland,213354.0,,,33727226.0,0.0008
31/12/2024,Care Super,Balanced,Listed Equity,1,Novo Nordisk A/S,,NOVOB DC,Denmark,290299.0,,,40639181.0,0.001
31/12/2024,Care Super,Balanced,Listed Equity,1,Novonesis (Novozymes) B,,NSISB DC,Denmark,5663.0,,,517811.0,0.0
31/12/2024,Care Super,Balanced,Listed Equity,1,Novonix Ltd,,NVX AU,Australia,90285.0,,,66359.0,0.0
31/12/2024,Care Super,Balanced,Listed Equity,1,NRG Energy Inc,,NRG US,United States,36511.0,,,5320302.0,0.0001
31/12/2024,Care Super,Balanced,Listed Equity,1,NRW Holdings Ltd,,NWH AU,Australia,2680593.0,,,10293475.0,0.0002
31/12/2024,Care Super,Balanced,Listed Equity,1,NU Holdings Ltd/Cayman Islands,,NU US,United States,1059631.0,,,17730401.0,0.0004
31/12/2024,Care Super,Balanced,Listed Equity,1,Nucor Corp,,NUE US,United States,9545.0,,,1799220.0,0.0
31/12/2024,Care Super,Balanced,Listed Equity,1,Nufarm Ltd,,NUF AU,Australia,60534.0,,,214291.0,0.0
31/12/2024,Care Super,Balanced,Listed Equity,1,Nuix Ltd,,NXL AU,Australia,37051.0,,,234165.0,0.0
31/12/2024,Care Super,Balanced,Listed Equity,1,Nutanix Inc,,NTNX US,United States,29632.0,,,2928065.0,0.0001
31/12/2024,Care Super,Balanced,Listed Equity,1,Nutrien Ltd,,NTR US,United States,65902.0,,,4763179.0,0.0001
31/12/2024,Care Super,Balanced,Listed Equity,1,Nutrien Ltd,,NTR CN,Canada,1705.0,,,123166.0,0.0
31/12/2024,Care Super,Balanced,Listed Equity,1,NVIDIA Corp,,NVDA US,United States,1548065.0,,,335766145.0,0.0079
31/12/2024,Care Super,Balanced,Listed Equity,1,NVR Inc,,NVR US,United States,550.0,,,7260769.0,0.0002
31/12/2024,Care Super,Balanced,Listed Equity,1,NXP Semiconductors NV,,NXPI US,United States,7728.0,,,2594359.0,0.0001
31/12/2024,Care Super,Balanced,Listed Equity,1,Obic Co Ltd,,4684 JP,Japan,48533.0,,,2340716.0,0.0001
31/12/2024,Care Super,Balanced,Listed Equity,1,Occidental Petroleum Corp,,OXY US,United States,95162.0,,,7594210.0,0.0002
31/12/2024,Care Super,Balanced,Listed Equity,1,OFX Group Ltd,,OFX AU,Australia,51731.0,,,73199.0,0.0
31/12/2024,Care Super,Balanced,Listed Equity,1,OGE Energy Corp,,OGE US,United States,2330.0,,,155249.0,0.0
31/12/2024,Care Super,Balanced,Listed Equity,1,Okinawa Electric Power Co Inc/The,,9511 JP,Japan,554.0,,,5470.0,0.0
31/12/2024,Care Super,Balanced,Listed Equity,1,Okta Inc,,OKTA US,United States,9702.0,,,1234840.0,0.0
31/12/2024,Care Super,Balanced,Listed Equity,1,Old Dominion Freight Line Inc,,ODFL US,United States,2447.0,,,697234.0,0.0
31/12/2024,Care Super,Balanced,Listed Equity,1,Ollie's Bargain Outlet Holdings Inc,,OLLI US,United States,43347.0,,,7682326.0,0.0002
31/12/2024,Care Super,Balanced,Listed Equity,1,Olympus Corp,,7733 JP,Japan,20708.0,,,504475.0,0.0
31/12/2024,Care Super,Balanced,Listed Equity,1,Omni Bridgeway Ltd,,OBL AU,Australia,2098780.0,,,3043231.0,0.0001
31/12/2024,Care Super,Balanced,Listed Equity,1,OMV AG,,OMV AV,Austria,8904.0,,,556029.0,0.0
31/12/2024,Care Super,Balanced,Listed Equity,1,ON Semiconductor Corp,,ON US,United States,28006.0,,,2851920.0,0.0001
31/12/2024,Care Super,Balanced,Listed Equity,1,ONE Gas Inc,,OGS US,United States,681.0,,,76187.0,0.0
31/12/2024,Care Super,Balanced,Listed Equity,1,ONEOK Inc,,OKE US,United States,68345.0,,,11082707.0,0.0003
31/12/2024,Care Super,Balanced,Listed Equity,1,oOh!media Ltd,,OML AU,Australia,6613281.0,,,7803672.0,0.0002
31/12/2024,Care Super,Balanced,Listed Equity,1,OPAP SA,,OPAP GA,Greece,11137.0,,,292427.0,0.0
31/12/2024,Care Super,Balanced,Listed Equity,1,Open House Group Co Ltd,,3288 JP,Japan,17321.0,,,948584.0,0.0
31/12/2024,Care Super,Balanced,Listed Equity,1,Open Lending Corp,,LPRO US,United States,259037.0,,,2497698.0,0.0001
31/12/2024,Care Super,Balanced,Listed Equity,1,Open Text Corp,,OTEX CN,Canada,28961.0,,,1323066.0,0.0
31/12/2024,Care Super,Balanced,Listed Equity,1,Opthea Ltd,,OPT AU,Australia,169511.0,,,137304.0,0.0
31/12/2024,Care Super,Balanced,Listed Equity,1,Ora Banda Mining Ltd,,OBM AU,Australia,3405250.0,,,2213412.0,0.0001
31/12/2024,Care Super,Balanced,Listed Equity,1,Oracle Corp,,ORCL US,United States,215926.0,,,58114980.0,0.0014000000000000002
31/12/2024,Care Super,Balanced,Listed Equity,1,Oracle Corp Japan,,4716 JP,Japan,3541.0,,,551520.0,0.0
31/12/2024,Care Super,Balanced,Listed Equity,1,Oracle Financial Services Software Ltd,,OFSS IN,India,2510.0,,,605502.0,0.0
31/12/2024,Care Super,Balanced,Listed Equity,1,O'Reilly Automotive Inc,,ORLY US,United States,6355.0,,,12170770.0,0.0003
31/12/2024,Care Super,Balanced,Listed Equity,1,Orica Ltd,,ORI AU,Australia,3132036.0,,,51929164.0,0.0012
31/12/2024,Care Super,Balanced,Listed Equity,1,Orient Overseas International Ltd,,316 HK,Hong Kong,19430.0,,,465002.0,0.0
31/12/2024,Care Super,Balanced,Listed Equity,1,Origin Energy Ltd,,ORG AU,Australia,9425734.0,,,102740499.0,0.0024
31/12/2024,Care Super,Balanced,Listed Equity,1,Orion Corp/Republic of Korea,,271560 KS,South Korea,370.0,,,41512.0,0.0
31/12/2024,Care Super,Balanced,Listed Equity,1,Orion Oyj,,ORNBV FH,Finland,16219.0,,,1160444.0,0.0
31/12/2024,Care Super,Balanced,Listed Equity,1,ORIX Corp,,8591 JP,Japan,17454.0,,,611307.0,0.0
31/12/2024,Care Super,Balanced,Listed Equity,1,Orkla ASA,,ORK NO,Norway,125073.0,,,1749297.0,0.0
31/12/2024,Care Super,Balanced,Listed Equity,1,ORLEN SA,,PKN PW,Poland,31518.0,,,581684.0,0.0
31/12/2024,Care Super,Balanced,Listed Equity,1,Orora Ltd,,ORA AU,Australia,4242487.0,,,10436519.0,0.0002
31/12/2024,Care Super,Balanced,Listed Equity,1,Osaka Gas Co Ltd,,9532 JP,Japan,4436.0,,,157719.0,0.0
31/12/2024,Care Super,Balanced,Listed Equity,1,Otis Worldwide Corp,,OTIS US,United States,7623.0,,,1140172.0,0.0
31/12/2024,Care Super,Balanced,Listed Equity,1,OTP Bank Nyrt,,OTP HB,Hungary,9409.0,,,829737.0,0.0
31/12/2024,Care Super,Balanced,Listed Equity,1,Otsuka Corp,,4768 JP,Japan,6842.0,,,253769.0,0.0
31/12/2024,Care Super,Balanced,Listed Equity,1,Oversea-Chinese Banking Corp Ltd,,OCBC SP,Singapore,401027.0,,,7924217.0,0.0002
31/12/2024,Care Super,Balanced,Listed Equity,1,Ovintiv Inc,,OVV US,United States,98338.0,,,6432528.0,0.0002
31/12/2024,Care Super,Balanced,Listed Equity,1,Owens Corning,,OC US,United States,23245.0,,,6394409.0,0.0002
31/12/2024,Care Super,Balanced,Listed Equity,1,PACCAR Inc,,PCAR US,United States,75580.0,,,12697827.0,0.0003
31/12/2024,Care Super,Balanced,Listed Equity,1,Packaging Corp of America,,PKG US,United States,4263.0,,,1550044.0,0.0
31/12/2024,Care Super,Balanced,Listed Equity,1,Paladin Energy Ltd,,PDN AU,Australia,19160.0,,,144848.0,0.0
31/12/2024,Care Super,Balanced,Listed Equity,1,Palantir Technologies Inc,,PLTR US,United States,61580.0,,,7522134.0,0.0002
31/12/2024,Care Super,Balanced,Listed Equity,1,Palo Alto Networks Inc,,PANW US,United States,25220.0,,,7411799.0,0.0002
31/12/2024,Care Super,Balanced,Listed Equity,1,Pan American Silver Corp,,PAAS CN,Canada,83197.0,,,2716976.0,0.0001
31/12/2024,Care Super,Balanced,Listed Equity,1,Panasonic Holdings Corp,,6752 JP,Japan,26328.0,,,444540.0,0.0
31/12/2024,Care Super,Balanced,Listed Equity,1,Parker-Hannifin Corp,,PH US,United States,1889.0,,,1940625.0,0.0
31/12/2024,Care Super,Balanced,Listed Equity,1,Patanjali Foods Ltd,,PATANJAL IN,India,200183.0,,,6729493.0,0.0002
31/12/2024,Care Super,Balanced,Listed Equity,1,Patriot Battery Metals Inc,,PMT AU,Australia,384249.0,,,155621.0,0.0
31/12/2024,Care Super,Balanced,Listed Equity,1,Paychex Inc,,PAYX US,United States,17329.0,,,3924590.0,0.0001
31/12/2024,Care Super,Balanced,Listed Equity,1,Paylocity Holding Corp,,PCTY US,United States,32293.0,,,10403722.0,0.0002
31/12/2024,Care Super,Balanced,Listed Equity,1,PayPal Holdings Inc,,PYPL US,United States,65234.0,,,8992565.0,0.0002
31/12/2024,Care Super,Balanced,Listed Equity,1,PB Fintech Ltd,,POLICYBZ IN,India,66700.0,,,2653570.0,0.0001
31/12/2024,Care Super,Balanced,Listed Equity,1,PDD Holdings Inc,,PDD US,United States,189905.0,,,29748703.0,0.0007000000000000001
31/12/2024,Care Super,Balanced,Listed Equity,1,Pegasus Hava Tasimaciligi AS,,PGSUS TI,Turkey,34966.0,,,340179.0,0.0
31/12/2024,Care Super,Balanced,Listed Equity,1,Pegatron Corp,,4938 TT,Taiwan,29948.0,,,135587.0,0.0
31/12/2024,Care Super,Balanced,Listed Equity,1,Pembina Pipeline Corp,,PPL CN,Canada,6722.0,,,400935.0,0.0
31/12/2024,Care Super,Balanced,Listed Equity,1,Pennon Group PLC,,PNN LN,United Kingdom,2905.0,,,34878.0,0.0
31/12/2024,Care Super,Balanced,Listed Equity,1,Pentair PLC,,PNR US,United States,12431.0,,,2020593.0,0.0
31/12/2024,Care Super,Balanced,Listed Equity,1,People's Insurance Co Group of China Ltd/The,,1339 HK,Hong Kong,1126237.0,,,906230.0,0.0
31/12/2024,Care Super,Balanced,Listed Equity,1,PepsiCo Inc,,PEP US,United States,36030.0,,,8848674.0,0.0002
31/12/2024,Care Super,Balanced,Listed Equity,1,Perenti Ltd,,PRN AU,Australia,160102.0,,,223343.0,0.0
31/12/2024,Care Super,Balanced,Listed Equity,1,Perpetual Ltd,,PPT AU,Australia,17953.0,,,357077.0,0.0
31/12/2024,Care Super,Balanced,Listed Equity,1,Perseus Mining Ltd,,PRU AU,Australia,3250564.0,,,8353948.0,0.0002
31/12/2024,Care Super,Balanced,Listed Equity,1,Persistent Systems Ltd,,PSYS IN,India,70571.0,,,8597364.0,0.0002
31/12/2024,Care Super,Balanced,Listed Equity,1,Persol Holdings Co Ltd,,2181 JP,Japan,114573.0,,,278469.0,0.0
31/12/2024,Care Super,Balanced,Listed Equity,1,PetroChina Co Ltd,,857 HK,Hong Kong,4624827.0,,,5875359.0,0.0001
31/12/2024,Care Super,Balanced,Listed Equity,1,Petroleo Brasileiro SA,,PBR US,United States,934789.0,,,19415953.0,0.0005
31/12/2024,Care Super,Balanced,Listed Equity,1,Petroleo Brasileiro SA,,PETR3 BZ,Brazil,41760.0,,,430263.0,0.0
31/12/2024,Care Super,Balanced,Listed Equity,1,Petroleo Brasileiro SA,,PETR4 BZ,Brazil,25655.0,,,242730.0,0.0
31/12/2024,Care Super,Balanced,Listed Equity,1,Petronas Gas Bhd,,PTG MK,Malaysia,95278.0,,,608453.0,0.0
31/12/2024,Care Super,Balanced,Listed Equity,1,Petronet LNG Ltd,,PLNG IN,India,76828.0,,,501774.0,0.0
31/12/2024,Care Super,Balanced,Listed Equity,1,Pfizer Inc,,PFE US,United States,239537.0,,,10263944.0,0.0002
31/12/2024,Care Super,Balanced,Listed Equity,1,PG&E Corp,,PCG US,United States,24754.0,,,806793.0,0.0
31/12/2024,Care Super,Balanced,Listed Equity,1,Phillips 66,,PSX US,United States,3286.0,,,604578.0,0.0
31/12/2024,Care Super,Balanced,Listed Equity,1,Phoenix Group Holdings PLC,,PHNX LN,United Kingdom,108956.0,,,1124009.0,0.0
31/12/2024,Care Super,Balanced,Listed Equity,1,PICC Property & Casualty Co Ltd,,2328 HK,Hong Kong,581301.0,,,1481799.0,0.0
31/12/2024,Care Super,Balanced,Listed Equity,1,Piedmont Lithium Inc,,PLL AU,Australia,5385163.0,,,780849.0,0.0
31/12/2024,Care Super,Balanced,Listed Equity,1,Pilbara Minerals Ltd,,PLS AU,Australia,23507666.0,,,51481788.0,0.0012
31/12/2024,Care Super,Balanced,Listed Equity,1,Ping An Bank Co Ltd,,000001 C2,China,177442.0,,,459376.0,0.0
31/12/2024,Care Super,Balanced,Listed Equity,1,Ping An Insurance Group Co of China Ltd,,2318 HK,Hong Kong,755666.0,,,7235316.0,0.0002
31/12/2024,Care Super,Balanced,Listed Equity,1,Pinnacle Investment Management Group Ltd,,PNI AU,Australia,827791.0,,,18915035.0,0.0004
31/12/2024,Care Super,Balanced,Listed Equity,1,Pinnacle West Capital Corp,,PNW US,United States,1296.0,,,177414.0,0.0
31/12/2024,Care Super,Balanced,Listed Equity,1,Pinterest Inc,,PINS US,United States,35341.0,,,1655297.0,0.0
31/12/2024,Care Super,Balanced,Listed Equity,1,Piraeus Financial Holdings SA,,TPEIR GA,Greece,137785.0,,,887191.0,0.0
31/12/2024,Care Super,Balanced,Listed Equity,1,Pirelli & C SpA,,PIRC IM,Italy,244696.0,,,2240195.0,0.0001
31/12/2024,Care Super,Balanced,Listed Equity,1,Platinum Asset Management Ltd,,PTM AU,Australia,98469.0,,,67943.0,0.0
31/12/2024,Care Super,Balanced,Listed Equity,1,PLDT Inc,,TEL PM,Philippines,7229.0,,,261372.0,0.0
31/12/2024,Care Super,Balanced,Listed Equity,1,PNC Financial Services Group Inc/The,,PNC US,United States,11106.0,,,3459276.0,0.0001
31/12/2024,Care Super,Balanced,Listed Equity,1,PolyNovo Ltd,,PNV AU,Australia,117058.0,,,238799.0,0.0
31/12/2024,Care Super,Balanced,Listed Equity,1,Pop Mart International Group Ltd,,9992 HK,Hong Kong,197215.0,,,3676098.0,0.0001
31/12/2024,Care Super,Balanced,Listed Equity,1,Popular Inc,,BPOP US,United States,3819.0,,,580181.0,0.0
31/12/2024,Care Super,Balanced,Listed Equity,1,Porsche Automobil Holding SE,,PAH3 GR,Germany,23179.0,,,1409142.0,0.0
31/12/2024,Care Super,Balanced,Listed Equity,1,Portland General Electric Co,,POR US,United States,1168.0,,,82252.0,0.0
31/12/2024,Care Super,Balanced,Listed Equity,1,POSCO Holdings Inc,,005490 KS,South Korea,803.0,,,223306.0,0.0
31/12/2024,Care Super,Balanced,Listed Equity,1,Poste Italiane SpA,,PST IM,Italy,68010.0,,,1549186.0,0.0
31/12/2024,Care Super,Balanced,Listed Equity,1,Power Assets Holdings Ltd,,6 HK,Hong Kong,170574.0,,,1922246.0,0.0
31/12/2024,Care Super,Balanced,Listed Equity,1,Power Corp of Canada,,POW CN,Canada,84862.0,,,4273325.0,0.0001
31/12/2024,Care Super,Balanced,Listed Equity,1,Power Finance Corp Ltd,,POWF IN,India,405610.0,,,3431874.0,0.0001
31/12/2024,Care Super,Balanced,Listed Equity,1,Power Grid Corp of India Ltd,,PWGR IN,India,1949419.0,,,11352783.0,0.0003
31/12/2024,Care Super,Balanced,Listed Equity,1,Powszechna Kasa Oszczednosci Bank Polski SA,,PKO PW,Poland,77093.0,,,1801422.0,0.0
31/12/2024,Care Super,Balanced,Listed Equity,1,Powszechny Zaklad Ubezpieczen SA,,PZU PW,Poland,91771.0,,,1644898.0,0.0
31/12/2024,Care Super,Balanced,Listed Equity,1,PPB Group Bhd,,PEP MK,Malaysia,97150.0,,,435128.0,0.0
31/12/2024,Care Super,Balanced,Listed Equity,1,PPL Corp,,PPL US,United States,46233.0,,,2423833.0,0.0001
31/12/2024,Care Super,Balanced,Listed Equity,1,Predictive Discovery Ltd,,PDI AU,Australia,427631.0,,,98355.0,0.0
31/12/2024,Care Super,Balanced,Listed Equity,1,Premier Investments Ltd,,PMV AU,Australia,515668.0,,,16568407.0,0.0004
31/12/2024,Care Super,Balanced,Listed Equity,1,President Chain Store Corp,,2912 TT,Taiwan,397374.0,,,5148617.0,0.0001
31/12/2024,Care Super,Balanced,Listed Equity,1,Primerica Inc,,PRI US,United States,1481.0,,,649287.0,0.0
31/12/2024,Care Super,Balanced,Listed Equity,1,Principal Financial Group Inc,,PFG US,United States,37167.0,,,4646804.0,0.0001
31/12/2024,Care Super,Balanced,Listed Equity,1,PRIO SA/Brazil,,PRIO3 BZ,Brazil,132467.0,,,1390460.0,0.0
31/12/2024,Care Super,Balanced,Listed Equity,1,Pro Medicus Ltd,,PME AU,Australia,68485.0,,,17129350.0,0.0004
31/12/2024,Care Super,Balanced,Listed Equity,1,Progress Software Corp,,PRGS US,United States,5429.0,,,571237.0,0.0
31/12/2024,Care Super,Balanced,Listed Equity,1,Progressive Corp/The,,PGR US,United States,14325.0,,,5543629.0,0.0001
31/12/2024,Care Super,Balanced,Listed Equity,1,Propel Funeral Partners Ltd,,PFP AU,Australia,2051828.0,,,12044229.0,0.0003
31/12/2024,Care Super,Balanced,Listed Equity,1,Prosus NV,,PRX NA,Netherlands,43245.0,,,2773669.0,0.0001
31/12/2024,Care Super,Balanced,Listed Equity,1,Prudential Financial Inc,,PRU US,United States,6825.0,,,1306502.0,0.0
31/12/2024,Care Super,Balanced,Listed Equity,1,Prysmian SpA,,PRY IM,Italy,40351.0,,,4161137.0,0.0001
31/12/2024,Care Super,Balanced,Listed Equity,1,Public Bank Bhd,,PBK MK,Malaysia,548580.0,,,903557.0,0.0
31/12/2024,Care Super,Balanced,Listed Equity,1,Public Service Enterprise Group Inc,,PEG US,United States,5751.0,,,784811.0,0.0
31/12/2024,Care Super,Balanced,Listed Equity,1,Publicis Groupe SA,,PUB FP,France,85111.0,,,14661392.0,0.0003
31/12/2024,Care Super,Balanced,Listed Equity,1,PulteGroup Inc,,PHM US,United States,45804.0,,,8056277.0,0.0002
31/12/2024,Care Super,Balanced,Listed Equity,1,Pure Storage Inc,,PSTG US,United States,10510.0,,,1042793.0,0.0
31/12/2024,Care Super,Balanced,Listed Equity,1,PVH Corp,,PVH US,United States,64434.0,,,11005266.0,0.0003
31/12/2024,Care Super,Balanced,Listed Equity,1,PWR Holdings Ltd,,PWH AU,Australia,17233.0,,,135454.0,0.0
31/12/2024,Care Super,Balanced,Listed Equity,1,Q2 Holdings Inc,,QTWO US,United States,48907.0,,,7950400.0,0.0002
31/12/2024,Care Super,Balanced,Listed Equity,1,Qantas Airways Ltd,,QAN AU,Australia,7212218.0,,,64693599.0,0.0015
31/12/2024,Care Super,Balanced,Listed Equity,1,QBE Insurance Group Ltd,,QBE AU,Australia,8090034.0,,,155328649.0,0.0037
31/12/2024,Care Super,Balanced,Listed Equity,1,QIAGEN NV,,QIAD S1,United Kingdom,4240.0,,,305250.0,0.0
31/12/2024,Care Super,Balanced,Listed Equity,1,Qifu Technology Inc,,QFIN US,United States,14740.0,,,913730.0,0.0
31/12/2024,Care Super,Balanced,Listed Equity,1,Qorvo Inc,,QRVO US,United States,32656.0,,,3688366.0,0.0001
31/12/2024,Care Super,Balanced,Listed Equity,1,QUALCOMM Inc,,QCOM US,United States,69444.0,,,17230159.0,0.0004
31/12/2024,Care Super,Balanced,Listed Equity,1,Quanta Computer Inc,,2382 TT,Taiwan,62355.0,,,881633.0,0.0
31/12/2024,Care Super,Balanced,Listed Equity,1,Quanta Services Inc,,PWR US,United States,2684.0,,,1369849.0,0.0
31/12/2024,Care Super,Balanced,Listed Equity,1,Qube Holdings Ltd,,QUB AU,Australia,7035637.0,,,27931477.0,0.0007000000000000001
31/12/2024,Care Super,Balanced,Listed Equity,1,Quest Diagnostics Inc,,DGX US,United States,267.0,,,65087.0,0.0
31/12/2024,Care Super,Balanced,Listed Equity,1,Radian Group Inc,,RDN US,United States,14665.0,,,751307.0,0.0
31/12/2024,Care Super,Balanced,Listed Equity,1,RAI Way SpA,,RWAY IM,Italy,1059.0,,,9741.0,0.0
31/12/2024,Care Super,Balanced,Listed Equity,1,Raia Drogasil SA,,RADL3 BZ,Brazil,998460.0,,,5742751.0,0.0001
31/12/2024,Care Super,Balanced,Listed Equity,1,Rakus Co Ltd,,3923 JP,Japan,235975.0,,,4505814.0,0.0001
31/12/2024,Care Super,Balanced,Listed Equity,1,Ramelius Resources Ltd,,RMS AU,Australia,1691656.0,,,3501728.0,0.0001
31/12/2024,Care Super,Balanced,Listed Equity,1,Ramsay Health Care Ltd,,RHC AU,Australia,1018047.0,,,35163354.0,0.0008
31/12/2024,Care Super,Balanced,Listed Equity,1,Randstad NV,,RAND NA,Netherlands,242406.0,,,16504342.0,0.0004
31/12/2024,Care Super,Balanced,Listed Equity,1,Raymond James Financial Inc,,RJF US,United States,23232.0,,,5828405.0,0.0001
31/12/2024,Care Super,Balanced,Listed Equity,1,RB Global Inc,,RBA CN,Canada,4379.0,,,638087.0,0.0
31/12/2024,Care Super,Balanced,Listed Equity,1,RBC Bearings Inc,,RBC US,United States,24174.0,,,11679793.0,0.0003
31/12/2024,Care Super,Balanced,Listed Equity,1,REA Group Ltd,,REA AU,Australia,212283.0,,,49527804.0,0.0012
31/12/2024,Care Super,Balanced,Listed Equity,1,Realindex Global Share Fund,,N/A,,536353312.0,,,845131902.0,0.0199
31/12/2024,Care Super,Balanced,Listed Equity,1,Reckitt Benckiser Group PLC,,RKT LN,United Kingdom,169481.0,,,16568612.0,0.0004
31/12/2024,Care Super,Balanced,Listed Equity,1,Recruit Holdings Co Ltd,,6098 JP,Japan,110616.0,,,12669464.0,0.0003
31/12/2024,Care Super,Balanced,Listed Equity,1,Redeia Corp SA,,RED SM,Spain,28333.0,,,781863.0,0.0
31/12/2024,Care Super,Balanced,Listed Equity,1,Redox Ltd/Australia,,RDX AU,Australia,34152.0,,,155732.0,0.0
31/12/2024,Care Super,Balanced,Listed Equity,1,Reece Ltd,,REH AU,Australia,205952.0,,,4609195.0,0.0001
31/12/2024,Care Super,Balanced,Listed Equity,1,Regeneron Pharmaceuticals Inc,,REGN US,United States,8801.0,,,10125621.0,0.0002
31/12/2024,Care Super,Balanced,Listed Equity,1,Regions Financial Corp,,RF US,United States,49123.0,,,1866049.0,0.0
31/12/2024,Care Super,Balanced,Listed Equity,1,Regis Healthcare Ltd,,REG AU,Australia,352352.0,,,2114111.0,0.0
31/12/2024,Care Super,Balanced,Listed Equity,1,Regis Resources Ltd,,RRL AU,Australia,1526754.0,,,3893222.0,0.0001
31/12/2024,Care Super,Balanced,Listed Equity,1,Reinsurance Group of America Inc,,RGA US,United States,3535.0,,,1219702.0,0.0
31/12/2024,Care Super,Balanced,Listed Equity,1,Reliance Inc,,RS US,United States,8297.0,,,3608274.0,0.0001
31/12/2024,Care Super,Balanced,Listed Equity,1,Reliance Industries Ltd,,RELIANCE IN,India,174087.0,,,3991755.0,0.0001
31/12/2024,Care Super,Balanced,Listed Equity,1,Reliance Worldwide Corp Ltd,,RWC AU,Australia,4569545.0,,,22939115.0,0.0005
31/12/2024,Care Super,Balanced,Listed Equity,1,RELX PLC,,REL LN,United Kingdom,299633.0,,,21994983.0,0.0005
31/12/2024,Care Super,Balanced,Listed Equity,1,RELX PLC,,REN NA,Netherlands,854.0,,,62408.0,0.0
31/12/2024,Care Super,Balanced,Listed Equity,1,REN - Redes Energeticas Nacionais SGPS SA,,RENE PL,Portugal,4975.0,,,18970.0,0.0
31/12/2024,Care Super,Balanced,Listed Equity,1,RenaissanceRe Holdings Ltd,,RNR US,United States,28771.0,,,11561892.0,0.0003
31/12/2024,Care Super,Balanced,Listed Equity,1,Repsol SA,,REP SM,Spain,58733.0,,,1148286.0,0.0
31/12/2024,Care Super,Balanced,Listed Equity,1,Republic Services Inc,,RSG US,United States,10689.0,,,3473145.0,0.0001
31/12/2024,Care Super,Balanced,Listed Equity,1,ResMed Inc,,RMD AU,Australia,5157784.0,,,189651727.0,0.0045000000000000005
31/12/2024,Care Super,Balanced,Listed Equity,1,ResMed Inc,,RMD US,United States,2379.0,,,878608.0,0.0
31/12/2024,Care Super,Balanced,Listed Equity,1,Resolute Mining Ltd,,RSG AU,Australia,397800.0,,,157131.0,0.0
31/12/2024,Care Super,Balanced,Listed Equity,1,Resona Holdings Inc,,8308 JP,Japan,299380.0,,,3521286.0,0.0001
31/12/2024,Care Super,Balanced,Listed Equity,1,Resonac Holdings Corp,,4004 JP,Japan,27174.0,,,1121264.0,0.0
31/12/2024,Care Super,Balanced,Listed Equity,1,Rexel SA,,RXL FP,France,350717.0,,,14429319.0,0.0003
31/12/2024,Care Super,Balanced,Listed Equity,1,Rheinmetall AG,,RHM GR,Germany,12550.0,,,12899506.0,0.0003
31/12/2024,Care Super,Balanced,Listed Equity,1,Richter Gedeon Nyrt,,RICHT HB,Hungary,21128.0,,,893356.0,0.0
31/12/2024,Care Super,Balanced,Listed Equity,1,Ridley Corp Ltd,,RIC AU,Australia,3627529.0,,,9794328.0,0.0002
31/12/2024,Care Super,Balanced,Listed Equity,1,Rincon Resources Ltd,,RCR AU,Australia,1373166.0,,,0.0,0.0
31/12/2024,Care Super,Balanced,Listed Equity,1,Rio Tinto Ltd,,RIO AU,Australia,1527863.0,,,179462761.0,0.0042
31/12/2024,Care Super,Balanced,Listed Equity,1,Rio Tinto PLC,,RIO LN,United Kingdom,96868.0,,,9254332.0,0.0002
31/12/2024,Care Super,Balanced,Listed Equity,1,Rivian Automotive Inc,,RIVN US,United States,471558.0,,,10129575.0,0.0002
31/12/2024,Care Super,Balanced,Listed Equity,1,Robinhood Markets Inc,,HOOD US,United States,51467.0,,,3097271.0,0.0001
31/12/2024,Care Super,Balanced,Listed Equity,1,ROBLOX Corp,,RBLX US,United States,244540.0,,,22852474.0,0.0005
31/12/2024,Care Super,Balanced,Listed Equity,1,Roche Holding AG,,ROG SW,Switzerland,99763.0,,,45427347.0,0.0011
31/12/2024,Care Super,Balanced,Listed Equity,1,Roche Holding AG,,RO SW,Switzerland,2405.0,,,1159827.0,0.0
31/12/2024,Care Super,Balanced,Listed Equity,1,ROCKWOOL A/S,,ROCKB DC,Denmark,1416.0,,,810698.0,0.0
31/12/2024,Care Super,Balanced,Listed Equity,1,Roku Inc,,ROKU US,United States,394.0,,,47347.0,0.0
31/12/2024,Care Super,Balanced,Listed Equity,1,Rollins Inc,,ROL US,United States,32956.0,,,2467087.0,0.0001
31/12/2024,Care Super,Balanced,Listed Equity,1,Rolls-Royce Holdings PLC,,RR/ LN,United Kingdom,756799.0,,,8704313.0,0.0002
31/12/2024,Care Super,Balanced,Listed Equity,1,Roper Technologies Inc,,ROP US,United States,2835.0,,,2380506.0,0.0001
31/12/2024,Care Super,Balanced,Listed Equity,1,Ross Stores Inc,,ROST US,United States,4534.0,,,1107635.0,0.0
31/12/2024,Care Super,Balanced,Listed Equity,1,Royal Bank of Canada,,RY CN,Canada,23883.0,,,4648542.0,0.0001
31/12/2024,Care Super,Balanced,Listed Equity,1,Royalty Pharma PLC,,RPRX US,United States,31577.0,,,1301023.0,0.0
31/12/2024,Care Super,Balanced,Listed Equity,1,RPM International Inc,,RPM US,United States,4576.0,,,909463.0,0.0
31/12/2024,Care Super,Balanced,Listed Equity,1,RPMGlobal Holdings Ltd,,RUL AU,Australia,29815.0,,,90934.0,0.0
31/12/2024,Care Super,Balanced,Listed Equity,1,RTX Corp,,RTX US,United States,39984.0,,,7473085.0,0.0002
31/12/2024,Care Super,Balanced,Listed Equity,1,RWE AG,,RWE GR,Germany,204815.0,,,9875534.0,0.0002
31/12/2024,Care Super,Balanced,Listed Equity,1,S&P Global Inc,,SPGI US,United States,118213.0,,,95087747.0,0.0022
31/12/2024,Care Super,Balanced,Listed Equity,1,Saab AB,,SAABB SS,Sweden,7325.0,,,250221.0,0.0
31/12/2024,Care Super,Balanced,Listed Equity,1,Safran SA,,SAF FP,France,61417.0,,,21786387.0,0.0005
31/12/2024,Care Super,Balanced,Listed Equity,1,Saia Inc,,SAIA US,United States,12747.0,,,9382207.0,0.0002
31/12/2024,Care Super,Balanced,Listed Equity,1,Saibu Gas Holdings Co Ltd,,9536 JP,Japan,238.0,,,4230.0,0.0
31/12/2024,Care Super,Balanced,Listed Equity,1,Saipem SpA,,SPM IM,Italy,132757.0,,,557075.0,0.0
31/12/2024,Care Super,Balanced,Listed Equity,1,Salesforce Inc,,CRM US,United States,96914.0,,,52331870.0,0.0012
31/12/2024,Care Super,Balanced,Listed Equity,1,Salmar ASA,,SALM NO,Norway,8898.0,,,683957.0,0.0
31/12/2024,Care Super,Balanced,Listed Equity,1,Samsara Inc,,IOT US,United States,319637.0,,,22554984.0,0.0005
31/12/2024,Care Super,Balanced,Listed Equity,1,Samsonite International SA,,1910 HK,Hong Kong,727.0,,,3266.0,0.0
31/12/2024,Care Super,Balanced,Listed Equity,1,Samsung C&T Corp,,028260 KS,South Korea,11944.0,,,1504322.0,0.0
31/12/2024,Care Super,Balanced,Listed Equity,1,Samsung E&A Co Ltd,,028050 KS,South Korea,42623.0,,,773921.0,0.0
31/12/2024,Care Super,Balanced,Listed Equity,1,Samsung Electronics Co Ltd,,005930 KS,South Korea,257115.0,,,15006891.0,0.0004
31/12/2024,Care Super,Balanced,Listed Equity,1,Samsung Electronics Co Ltd,,SMSN LI,United Kingdom,4716.0,,,6931192.0,0.0002
31/12/2024,Care Super,Balanced,Listed Equity,1,Samsung Electronics Co Ltd,,005935 KS,South Korea,254201.0,,,12326850.0,0.0003
31/12/2024,Care Super,Balanced,Listed Equity,1,Samsung Fire & Marine Insurance Co Ltd,,000810 KS,South Korea,1.0,,,298.0,0.0
31/12/2024,Care Super,Balanced,Listed Equity,1,Samsung SDS Co Ltd,,018260 KS,South Korea,3307.0,,,463695.0,0.0
31/12/2024,Care Super,Balanced,Listed Equity,1,Sandfire Resources Ltd,,SFR AU,Australia,3287184.0,,,30505064.0,0.0007000000000000001
31/12/2024,Care Super,Balanced,Listed Equity,1,Sangamo Therapeutics Inc,,SGMO US,United States,149552.0,,,246374.0,0.0
31/12/2024,Care Super,Balanced,Listed Equity,1,Sankyo Co Ltd,,6417 JP,Japan,218011.0,,,4767738.0,0.0001
31/12/2024,Care Super,Balanced,Listed Equity,1,Sanlam Ltd,,SLM SJ,South Africa,267078.0,,,1986047.0,0.0
31/12/2024,Care Super,Balanced,Listed Equity,1,Sanofi SA,,SAN FP,France,266972.0,,,41854766.0,0.001
31/12/2024,Care Super,Balanced,Listed Equity,1,Santander Bank Polska SA,,SPL PW,Poland,5639.0,,,1008951.0,0.0
31/12/2024,Care Super,Balanced,Listed Equity,1,Santen Pharmaceutical Co Ltd,,4536 JP,Japan,61123.0,,,1016672.0,0.0
31/12/2024,Care Super,Balanced,Listed Equity,1,Santos Ltd,,STO AU,Australia,16606351.0,,,110930425.0,0.0026
31/12/2024,Care Super,Balanced,Listed Equity,1,Sanwa Holdings Corp,,5929 JP,Japan,151576.0,,,6857144.0,0.0002
31/12/2024,Care Super,Balanced,Listed Equity,1,SAP SE,,SAP GR,Germany,48320.0,,,19096178.0,0.0005
31/12/2024,Care Super,Balanced,Listed Equity,1,Sappi Ltd,,SAP SJ,South Africa,4548.0,,,19177.0,0.0
31/12/2024,Care Super,Balanced,Listed Equity,1,Sartorius AG,,SRT3 GR,Germany,250.0,,,89969.0,0.0
31/12/2024,Care Super,Balanced,Listed Equity,1,Saudi Arabian Oil Co,,ARAMCO AB,Saudi Arabia,372530.0,,,4491696.0,0.0001
31/12/2024,Care Super,Balanced,Listed Equity,1,Saudi Awwal Bank,,SABB AB,Saudi Arabia,100196.0,,,1449287.0,0.0
31/12/2024,Care Super,Balanced,Listed Equity,1,Saudi Basic Industries Corp,,SABIC AB,Saudi Arabia,4872.0,,,140318.0,0.0
31/12/2024,Care Super,Balanced,Listed Equity,1,Sayona Mining Ltd,,SYA AU,Australia,31019467.0,,,837526.0,0.0
31/12/2024,Care Super,Balanced,Listed Equity,1,SBI Holdings Inc,,8473 JP,Japan,37413.0,,,1531035.0,0.0
31/12/2024,Care Super,Balanced,Listed Equity,1,SBI Life Insurance Co Ltd,,SBILIFE IN,India,63538.0,,,1666612.0,0.0
31/12/2024,Care Super,Balanced,Listed Equity,1,SCB X PCL,,SCB/F TB,Thailand,99269.0,,,552541.0,0.0
31/12/2024,Care Super,Balanced,Listed Equity,1,Schlumberger NV,,SLB US,United States,182.0,,,11256.0,0.0
31/12/2024,Care Super,Balanced,Listed Equity,1,Schneider Electric SE,,SU FP,France,109936.0,,,44292493.0,0.001
31/12/2024,Care Super,Balanced,Listed Equity,1,Schroders PLC,,SDR LN,United Kingdom,110175.0,,,721171.0,0.0
31/12/2024,Care Super,Balanced,Listed Equity,1,SCOR SE,,SCR FP,France,217146.0,,,8585256.0,0.0002
31/12/2024,Care Super,Balanced,Listed Equity,1,SCREEN Holdings Co Ltd,,7735 JP,Japan,36489.0,,,3558706.0,0.0001
31/12/2024,Care Super,Balanced,Listed Equity,1,Sea Ltd,,SE US,United States,230545.0,,,39507150.0,0.0009
31/12/2024,Care Super,Balanced,Listed Equity,1,Seagate Technology Holdings PLC,,STX US,United States,5570.0,,,776514.0,0.0
31/12/2024,Care Super,Balanced,Listed Equity,1,SEB SA,,SK FP,France,3541.0,,,518210.0,0.0
31/12/2024,Care Super,Balanced,Listed Equity,1,Secom Co Ltd,,9735 JP,Japan,65032.0,,,3588265.0,0.0001
31/12/2024,Care Super,Balanced,Listed Equity,1,Securitas AB,,SECUB SS,Sweden,47658.0,,,953689.0,0.0
31/12/2024,Care Super,Balanced,Listed Equity,1,SEEK Ltd,,SEK AU,Australia,2440470.0,,,55081418.0,0.0013
31/12/2024,Care Super,Balanced,Listed Equity,1,Sega Sammy Holdings Inc,,6460 JP,Japan,24480.0,,,773857.0,0.0
31/12/2024,Care Super,Balanced,Listed Equity,1,SEI Investments Co,,SEIC US,United States,16337.0,,,2176329.0,0.0001
31/12/2024,Care Super,Balanced,Listed Equity,1,Seiko Epson Corp,,6724 JP,Japan,23789.0,,,703008.0,0.0
31/12/2024,Care Super,Balanced,Listed Equity,1,Select Harvests Ltd,,SHV AU,Australia,70886.0,,,301266.0,0.0
31/12/2024,Care Super,Balanced,Listed Equity,1,Sempra,,SRE US,United States,22201.0,,,3145402.0,0.0001
31/12/2024,Care Super,Balanced,Listed Equity,1,Sendas Distribuidora S/A,,ASAIY US,United States,615741.0,,,4445391.0,0.0001
31/12/2024,Care Super,Balanced,Listed Equity,1,Sendas Distribuidora S/A,,ASAI3 BZ,Brazil,262791.0,,,386800.0,0.0
31/12/2024,Care Super,Balanced,Listed Equity,1,Sensata Technologies Holding PLC,,ST US,United States,924.0,,,40892.0,0.0
31/12/2024,Care Super,Balanced,Listed Equity,1,Service Stream Ltd,,SSM AU,Australia,1474999.0,,,2300999.0,0.0001
31/12/2024,Care Super,Balanced,Listed Equity,1,ServiceNow Inc,,NOW US,United States,10749.0,,,18404611.0,0.0004
31/12/2024,Care Super,Balanced,Listed Equity,1,SES SA,,SESG FP,France,3947.0,,,20186.0,0.0
31/12/2024,Care Super,Balanced,Listed Equity,1,Severn Trent PLC,,SVT LN,United Kingdom,3068.0,,,155626.0,0.0
31/12/2024,Care Super,Balanced,Listed Equity,1,SGH Ltd,,SGH AU,Australia,1386614.0,,,63936787.0,0.0015
31/12/2024,Care Super,Balanced,Listed Equity,1,SGS SA,,SGSN SW,Switzerland,8826.0,,,1429499.0,0.0
31/12/2024,Care Super,Balanced,Listed Equity,1,Shanghai Commercial & Savings Bank Ltd/The,,5876 TT,Taiwan,535790.0,,,1045263.0,0.0
31/12/2024,Care Super,Balanced,Listed Equity,1,Shell PLC,,SHEL LN,United Kingdom,88616.0,,,4438207.0,0.0001
31/12/2024,Care Super,Balanced,Listed Equity,1,Shell PLC,,SHELLA S4,S4,503495.0,,,25359000.0,0.0006
31/12/2024,Care Super,Balanced,Listed Equity,1,Shenwan Hongyuan Group Co Ltd,,000166 C2,China,46651.0,,,55225.0,0.0
31/12/2024,Care Super,Balanced,Listed Equity,1,Shenzhen Mindray Bio-Medical Electronics Co Ltd,,300760 C2,China,9315.0,,,525578.0,0.0
31/12/2024,Care Super,Balanced,Listed Equity,1,Sherwin-Williams Co/The,,SHW US,United States,5919.0,,,3249742.0,0.0001
31/12/2024,Care Super,Balanced,Listed Equity,1,Shift4 Payments Inc,,FOUR US,United States,92375.0,,,15483659.0,0.0004
31/12/2024,Care Super,Balanced,Listed Equity,1,Shikoku Electric Power Co Inc,,9507 JP,Japan,1822.0,,,23112.0,0.0
31/12/2024,Care Super,Balanced,Listed Equity,1,Shimamura Co Ltd,,8227 JP,Japan,15396.0,,,1394603.0,0.0
31/12/2024,Care Super,Balanced,Listed Equity,1,Shimano Inc,,7309 JP,Japan,6466.0,,,1421470.0,0.0
31/12/2024,Care Super,Balanced,Listed Equity,1,Shin-Etsu Chemical Co Ltd,,4063 JP,Japan,440499.0,,,23974827.0,0.0006
31/12/2024,Care Super,Balanced,Listed Equity,1,Shinhan Financial Group Co Ltd,,SHG US,United States,83940.0,,,4457662.0,0.0001
31/12/2024,Care Super,Balanced,Listed Equity,1,Shinhan Financial Group Co Ltd,,055550 KS,South Korea,221800.0,,,11595129.0,0.0003
31/12/2024,Care Super,Balanced,Listed Equity,1,Shionogi & Co Ltd,,4507 JP,Japan,113167.0,,,2580714.0,0.0001
31/12/2024,Care Super,Balanced,Listed Equity,1,Shizuoka Gas Co Ltd,,9543 JP,Japan,713.0,,,7839.0,0.0
31/12/2024,Care Super,Balanced,Listed Equity,1,Shopify Inc,,SHOP CN,Canada,36815.0,,,6325139.0,0.0001
31/12/2024,Care Super,Balanced,Listed Equity,1,Shopify Inc,,SHOP US,United States,206141.0,,,35401780.0,0.0008
31/12/2024,Care Super,Balanced,Listed Equity,1,Sichuan Chuantou Energy Co Ltd,,600674 C1,China,45111.0,,,172186.0,0.0
31/12/2024,Care Super,Balanced,Listed Equity,1,Siemens AG,,SIE GR,Germany,53108.0,,,16747992.0,0.0004
31/12/2024,Care Super,Balanced,Listed Equity,1,Siemens Energy AG,,ENR GR,Germany,124989.0,,,10531333.0,0.0002
31/12/2024,Care Super,Balanced,Listed Equity,1,Sigma Healthcare Ltd,,SIG AU,Australia,6933088.0,,,18164690.0,0.0004
31/12/2024,Care Super,Balanced,Listed Equity,1,Signify NV,,LIGHT NA,Netherlands,1193.0,,,43046.0,0.0
31/12/2024,Care Super,Balanced,Listed Equity,1,Sika AG,,SIKA SW,Switzerland,19751.0,,,7596198.0,0.0002
31/12/2024,Care Super,Balanced,Listed Equity,1,Silergy Corp,,6415 TT,Taiwan,377978.0,,,7513564.0,0.0002
31/12/2024,Care Super,Balanced,Listed Equity,1,Silex Systems Ltd,,SLX AU,Australia,40302.0,,,203525.0,0.0
31/12/2024,Care Super,Balanced,Listed Equity,1,Sims Ltd,,SGM AU,Australia,1154140.0,,,13711188.0,0.0003
31/12/2024,Care Super,Balanced,Listed Equity,1,Singapore Airlines Ltd,,SIA SP,Singapore,231329.0,,,1763770.0,0.0
31/12/2024,Care Super,Balanced,Listed Equity,1,Singapore Exchange Ltd,,SGX SP,Singapore,48113.0,,,725706.0,0.0
31/12/2024,Care Super,Balanced,Listed Equity,1,Singapore Technologies Engineering Ltd,,STE SP,Singapore,235255.0,,,1297928.0,0.0
31/12/2024,Care Super,Balanced,Listed Equity,1,Singapore Telecommunications Ltd,,ST SP,Singapore,3492215.0,,,12734379.0,0.0003
31/12/2024,Care Super,Balanced,Listed Equity,1,Sinotruk Hong Kong Ltd,,3808 HK,Hong Kong,105849.0,,,501788.0,0.0
31/12/2024,Care Super,Balanced,Listed Equity,1,Sirius XM Holdings Inc,,SIRI US,United States,25273.0,,,930669.0,0.0
31/12/2024,Care Super,Balanced,Listed Equity,1,SITC International Holdings Co Ltd,,1308 HK,Hong Kong,100846.0,,,434035.0,0.0
31/12/2024,Care Super,Balanced,Listed Equity,1,SiteMinder Ltd,,SDR AU,Australia,1929483.0,,,11654076.0,0.0003
31/12/2024,Care Super,Balanced,Listed Equity,1,SJW Group,,SJW US,United States,385.0,,,30601.0,0.0
31/12/2024,Care Super,Balanced,Listed Equity,1,SK Hynix Inc,,000660 KS,South Korea,17510.0,,,3340738.0,0.0001
31/12/2024,Care Super,Balanced,Listed Equity,1,SK Telecom Co Ltd,,017670 KS,South Korea,6358.0,,,385038.0,0.0
31/12/2024,Care Super,Balanced,Listed Equity,1,Skandinaviska Enskilda Banken AB,,SEBA SS,Sweden,38872.0,,,860547.0,0.0
31/12/2024,Care Super,Balanced,Listed Equity,1,SKF AB,,SKFB SS,Sweden,28623.0,,,868594.0,0.0
31/12/2024,Care Super,Balanced,Listed Equity,1,SKY Network Television Ltd,,SKT NZ,New Zealand,6838.0,,,16088.0,0.0
31/12/2024,Care Super,Balanced,Listed Equity,1,SKYCITY Entertainment Group Ltd,,SKC AU,Australia,89312.0,,,116998.0,0.0
31/12/2024,Care Super,Balanced,Listed Equity,1,Skyworks Solutions Inc,,SWKS US,United States,52751.0,,,7555518.0,0.0002
31/12/2024,Care Super,Balanced,Listed Equity,1,SmartGroup Corp Ltd,,SIQ AU,Australia,1737238.0,,,13498340.0,0.0003
31/12/2024,Care Super,Balanced,Listed Equity,1,SMC Corp,,6273 JP,Japan,2466.0,,,1576125.0,0.0
31/12/2024,Care Super,Balanced,Listed Equity,1,Smith Douglas Homes Corp,,SDHC US,United States,62941.0,,,2606508.0,0.0001
31/12/2024,Care Super,Balanced,Listed Equity,1,SMS Co Ltd,,2175 JP,Japan,278441.0,,,4501163.0,0.0001
31/12/2024,Care Super,Balanced,Listed Equity,1,Smurfit WestRock PLC,,SW US,United States,8109.0,,,705382.0,0.0
31/12/2024,Care Super,Balanced,Listed Equity,1,Snam SpA,,SRG IM,Italy,27774.0,,,198667.0,0.0
31/12/2024,Care Super,Balanced,Listed Equity,1,Snap-on Inc,,SNA US,United States,9797.0,,,5371923.0,0.0001
31/12/2024,Care Super,Balanced,Listed Equity,1,Snowflake Inc,,SNOW US,United States,4684.0,,,1168222.0,0.0
31/12/2024,Care Super,Balanced,Listed Equity,1,Societe Generale SA,,GLE FP,France,298098.0,,,13540755.0,0.0003
31/12/2024,Care Super,Balanced,Listed Equity,1,SoftBank Corp,,9434 JP,Japan,889743.0,,,1818701.0,0.0
31/12/2024,Care Super,Balanced,Listed Equity,1,Softcat PLC,,SCT LN,United Kingdom,84539.0,,,2606076.0,0.0001
31/12/2024,Care Super,Balanced,Listed Equity,1,Solventum Corp,,SOLV US,United States,2276.0,,,242791.0,0.0
31/12/2024,Care Super,Balanced,Listed Equity,1,Sompo Holdings Inc,,8630 JP,Japan,67541.0,,,2859052.0,0.0001
31/12/2024,Care Super,Balanced,Listed Equity,1,Sonic Healthcare Ltd,,SHL AU,Australia,1422646.0,,,38425672.0,0.0009
31/12/2024,Care Super,Balanced,Listed Equity,1,Sonova Holding AG,,SOON SW,Switzerland,3620.0,,,1911825.0,0.0
31/12/2024,Care Super,Balanced,Listed Equity,1,Sony Group Corp,,6758 JP,Japan,505522.0,,,17502631.0,0.0004
31/12/2024,Care Super,Balanced,Listed Equity,1,South Bow Corp,,SOBO CN,Canada,2351.0,,,89550.0,0.0
31/12/2024,Care Super,Balanced,Listed Equity,1,South32 Ltd,,S32 AU,Australia,26356214.0,,,89611129.0,0.0021
31/12/2024,Care Super,Balanced,Listed Equity,1,Southern Copper Corp,,SCCO US,United States,1306.0,,,192279.0,0.0
31/12/2024,Care Super,Balanced,Listed Equity,1,Southern Cross Media Group Ltd,,SXL AU,Australia,3823540.0,,,2294124.0,0.0001
31/12/2024,Care Super,Balanced,Listed Equity,1,Southern Cross Payments Ltd,,SP1 AU,Australia,141856.0,,,151786.0,0.0
31/12/2024,Care Super,Balanced,Listed Equity,1,Spark New Zealand Ltd,,SPK AU,Australia,958754.0,,,2579047.0,0.0001
31/12/2024,Care Super,Balanced,Listed Equity,1,Spartan Resources Ltd/Australia,,SPR AU,Australia,5198705.0,,,7330174.0,0.0002
31/12/2024,Care Super,Balanced,Listed Equity,1,Spire Inc,,SR US,United States,662.0,,,72542.0,0.0
31/12/2024,Care Super,Balanced,Listed Equity,1,Spotify Technology SA,,SPOT US,United States,55776.0,,,40302173.0,0.001
31/12/2024,Care Super,Balanced,Listed Equity,1,SRG Global Ltd,,SRG AU,Australia,4194491.0,,,5809369.0,0.0001
31/12/2024,Care Super,Balanced,Listed Equity,1,SS&C Technologies Holdings Inc,,SSNC US,United States,171865.0,,,21035136.0,0.0005
31/12/2024,Care Super,Balanced,Listed Equity,1,St James's Place PLC,,STJ LN,United Kingdom,651301.0,,,11435321.0,0.0003
31/12/2024,Care Super,Balanced,Listed Equity,1,Standard Bank Group Ltd,,SBK SJ,South Africa,209297.0,,,3972642.0,0.0001
31/12/2024,Care Super,Balanced,Listed Equity,1,Stanmore Resources Ltd,,SMR AU,Australia,928183.0,,,2793831.0,0.0001
31/12/2024,Care Super,Balanced,Listed Equity,1,Stantec Inc,,STN CN,Canada,95.0,,,12079.0,0.0
31/12/2024,Care Super,Balanced,Listed Equity,1,Star Entertainment Grp Ltd/The,,SGR AU,Australia,430615.0,,,81817.0,0.0
31/12/2024,Care Super,Balanced,Listed Equity,1,Starbucks Corp,,SBUX US,United States,25150.0,,,3706564.0,0.0001
31/12/2024,Care Super,Balanced,Listed Equity,1,State Bank of India,,SBIN IN,India,647872.0,,,9716051.0,0.0002
31/12/2024,Care Super,Balanced,Listed Equity,1,State Street Corp,,STT US,United States,38261.0,,,6065320.0,0.0001
31/12/2024,Care Super,Balanced,Listed Equity,1,Steadfast Group Ltd,,SDF AU,Australia,4918956.0,,,28529945.0,0.0007000000000000001
31/12/2024,Care Super,Balanced,Listed Equity,1,Steel Dynamics Inc,,STLD US,United States,8542.0,,,1573720.0,0.0
31/12/2024,Care Super,Balanced,Listed Equity,1,Stellantis NV,,STLAM IM,Italy,190435.0,,,4009834.0,0.0001
31/12/2024,Care Super,Balanced,Listed Equity,1,Stifel Financial Corp,,SF US,United States,1600.0,,,274074.0,0.0
31/12/2024,Care Super,Balanced,Listed Equity,1,STMicroelectronics NV,,STMPA FP,France,135459.0,,,5499494.0,0.0001
31/12/2024,Care Super,Balanced,Listed Equity,1,Straumann Holding AG,,STMN SW,Switzerland,9761.0,,,1987545.0,0.0
31/12/2024,Care Super,Balanced,Listed Equity,1,Strike Energy Ltd,,STX AU,Australia,1532194.0,,,321761.0,0.0
31/12/2024,Care Super,Balanced,Listed Equity,1,Stryker Corp,,SYK US,United States,10889.0,,,6332210.0,0.0001
31/12/2024,Care Super,Balanced,Listed Equity,1,Subaru Corp,,7270 JP,Japan,95729.0,,,2775303.0,0.0001
31/12/2024,Care Super,Balanced,Listed Equity,1,Sugi Holdings Co Ltd,,7649 JP,Japan,221968.0,,,5628719.0,0.0001
31/12/2024,Care Super,Balanced,Listed Equity,1,Sumitomo Chemical Co Ltd,,4005 JP,Japan,205771.0,,,738026.0,0.0
31/12/2024,Care Super,Balanced,Listed Equity,1,Sumitomo Corp,,8053 JP,Japan,50500.0,,,1779066.0,0.0
31/12/2024,Care Super,Balanced,Listed Equity,1,Sumitomo Electric Industries Ltd,,5802 JP,Japan,60276.0,,,1767613.0,0.0
31/12/2024,Care Super,Balanced,Listed Equity,1,Sumitomo Forestry Co Ltd,,1911 JP,Japan,11855.0,,,644989.0,0.0
31/12/2024,Care Super,Balanced,Listed Equity,1,Sumitomo Mitsui Financial Group Inc,,8316 JP,Japan,181982.0,,,7039456.0,0.0002
31/12/2024,Care Super,Balanced,Listed Equity,1,Sun Life Financial Inc,,SLF CN,Canada,96759.0,,,9274306.0,0.0002
31/12/2024,Care Super,Balanced,Listed Equity,1,Sun Pharmaceutical Industries Ltd,,SUNP IN,India,257753.0,,,9172488.0,0.0002
31/12/2024,Care Super,Balanced,Listed Equity,1,Suncor Energy Inc,,SU CN,Canada,20707.0,,,1193187.0,0.0
31/12/2024,Care Super,Balanced,Listed Equity,1,Suncorp Group Ltd,,SUN AU,Australia,3932228.0,,,74751646.0,0.0018
31/12/2024,Care Super,Balanced,Listed Equity,1,Sunway Bhd,,SWB MK,Malaysia,14179.0,,,24531.0,0.0
31/12/2024,Care Super,Balanced,Listed Equity,1,Super Retail Group Ltd,,SUL AU,Australia,237227.0,,,3601109.0,0.0001
31/12/2024,Care Super,Balanced,Listed Equity,1,Superloop Ltd,,SLC AU,Australia,3050852.0,,,6681366.0,0.0002
31/12/2024,Care Super,Balanced,Listed Equity,1,Suzano SA,,SUZ US,United States,297223.0,,,4858113.0,0.0001
31/12/2024,Care Super,Balanced,Listed Equity,1,Suzuken Co Ltd/Aichi Japan,,9987 JP,Japan,7394.0,,,359942.0,0.0
31/12/2024,Care Super,Balanced,Listed Equity,1,Swire Pacific Ltd,,19 HK,Hong Kong,45034.0,,,659660.0,0.0
31/12/2024,Care Super,Balanced,Listed Equity,1,Swisscom AG,,SCMN SW,Switzerland,1142.0,,,1027156.0,0.0
31/12/2024,Care Super,Balanced,Listed Equity,1,Swissquote Group Holding SA,,SQN SW,Switzerland,668.0,,,414420.0,0.0
31/12/2024,Care Super,Balanced,Listed Equity,1,Symal Group Ltd,,SYL AU,Australia,1774276.0,,,3016269.0,0.0001
31/12/2024,Care Super,Balanced,Listed Equity,1,Symbotic Inc,,SYM US,United States,157659.0,,,6037474.0,0.0001
31/12/2024,Care Super,Balanced,Listed Equity,1,Symrise AG,,SY1 GR,Germany,1013.0,,,173922.0,0.0
31/12/2024,Care Super,Balanced,Listed Equity,1,Synchrony Financial,,SYF US,United States,113209.0,,,11884964.0,0.0003
31/12/2024,Care Super,Balanced,Listed Equity,1,Syngene International Ltd,,SYNG IN,India,148415.0,,,2403551.0,0.0001
31/12/2024,Care Super,Balanced,Listed Equity,1,Synopsys Inc,,SNPS US,United States,4508.0,,,3533903.0,0.0001
31/12/2024,Care Super,Balanced,Listed Equity,1,Syrah Resources Ltd,,SYR AU,Australia,112149.0,,,22991.0,0.0
31/12/2024,Care Super,Balanced,Listed Equity,1,Sysco Corp,,SYY US,United States,150758.0,,,18617331.0,0.0004
31/12/2024,Care Super,Balanced,Listed Equity,1,T Rowe Price Group Inc,,TROW US,United States,33810.0,,,6175556.0,0.0001
31/12/2024,Care Super,Balanced,Listed Equity,1,Tabcorp Holdings Ltd,,TAH AU,Australia,18686184.0,,,10557694.0,0.0002
31/12/2024,Care Super,Balanced,Listed Equity,1,Taiwan Mobile Co Ltd,,3045 TT,Taiwan,29781.0,,,166522.0,0.0
31/12/2024,Care Super,Balanced,Listed Equity,1,Taiwan Semiconductor Manufacturing Co Ltd,,TSM US,United States,287361.0,,,91659448.0,0.0022
31/12/2024,Care Super,Balanced,Listed Equity,1,Taiwan Semiconductor Manufacturing Co Ltd,,2330 TT,Taiwan,1325417.0,,,70193453.0,0.0017000000000000001
31/12/2024,Care Super,Balanced,Listed Equity,1,Takara Holdings Inc,,2531 JP,Japan,75442.0,,,1050541.0,0.0
31/12/2024,Care Super,Balanced,Listed Equity,1,Takeda Pharmaceutical Co Ltd,,4502 JP,Japan,3530.0,,,151689.0,0.0
31/12/2024,Care Super,Balanced,Listed Equity,1,Take-Two Interactive Software Inc,,TTWO US,United States,123.0,,,36714.0,0.0
31/12/2024,Care Super,Balanced,Listed Equity,1,Targa Resources Corp,,TRGP US,United States,53700.0,,,15481615.0,0.0004
31/12/2024,Care Super,Balanced,Listed Equity,1,Target Corp,,TGT US,United States,14117.0,,,3082151.0,0.0001
31/12/2024,Care Super,Balanced,Listed Equity,1,TasFoods Ltd,,TFL AU,Australia,39360504.0,,,669129.0,0.0
31/12/2024,Care Super,Balanced,Listed Equity,1,Tata Consultancy Services Ltd,,TCS IN,India,99909.0,,,7717887.0,0.0002
31/12/2024,Care Super,Balanced,Listed Equity,1,Tata Elxsi Ltd,,TELX IN,India,913.0,,,117063.0,0.0
31/12/2024,Care Super,Balanced,Listed Equity,1,Taylor Wimpey PLC,,TW/ LN,United Kingdom,414875.0,,,1024662.0,0.0
31/12/2024,Care Super,Balanced,Listed Equity,1,TC Energy Corp,,TRP CN,Canada,12042.0,,,905906.0,0.0
31/12/2024,Care Super,Balanced,Listed Equity,1,TDK Corp,,6762 JP,Japan,367586.0,,,7829165.0,0.0002
31/12/2024,Care Super,Balanced,Listed Equity,1,TE Connectivity PLC,,TEL US,United States,38483.0,,,8886192.0,0.0002
31/12/2024,Care Super,Balanced,Listed Equity,1,Tech Mahindra Ltd,,TECHM IN,India,15385.0,,,495206.0,0.0
31/12/2024,Care Super,Balanced,Listed Equity,1,Technology One Ltd,,TNE AU,Australia,1597856.0,,,50028874.0,0.0012
31/12/2024,Care Super,Balanced,Listed Equity,1,Teck Resources Ltd,,TECK/B CN,Canada,12325.0,,,806643.0,0.0
31/12/2024,Care Super,Balanced,Listed Equity,1,Teleflex Inc,,TFX US,United States,1579.0,,,453865.0,0.0
31/12/2024,Care Super,Balanced,Listed Equity,1,Telefonaktiebolaget LM Ericsson,,ERICB SS,Sweden,433005.0,,,5688884.0,0.0001
31/12/2024,Care Super,Balanced,Listed Equity,1,Telefonica Brasil SA,,VIV US,United States,1843.0,,,22472.0,0.0
31/12/2024,Care Super,Balanced,Listed Equity,1,Telefonica Brasil SA,,VIVT3 BZ,Brazil,63125.0,,,771851.0,0.0
31/12/2024,Care Super,Balanced,Listed Equity,1,Telefonica SA,,TEF SM,Spain,32601.0,,,214659.0,0.0
31/12/2024,Care Super,Balanced,Listed Equity,1,Teleperformance SE,,TEP FP,France,7929.0,,,1102256.0,0.0
31/12/2024,Care Super,Balanced,Listed Equity,1,Telia Co AB,,TELIA SS,Sweden,593710.0,,,2661702.0,0.0001
31/12/2024,Care Super,Balanced,Listed Equity,1,Telix Pharmaceuticals Ltd,,TLX AU,Australia,673758.0,,,16581180.0,0.0004
31/12/2024,Care Super,Balanced,Listed Equity,1,Telstra Group Ltd,,TLS AU,Australia,45333167.0,,,181786002.0,0.0043
31/12/2024,Care Super,Balanced,Listed Equity,1,Temple & Webster Group Ltd,,TPW AU,Australia,21254.0,,,278422.0,0.0
31/12/2024,Care Super,Balanced,Listed Equity,1,Tenaga Nasional Bhd,,TNB MK,Malaysia,262968.0,,,1419073.0,0.0
31/12/2024,Care Super,Balanced,Listed Equity,1,Tenaris SA,,TEN IM,Italy,25043.0,,,756830.0,0.0
31/12/2024,Care Super,Balanced,Listed Equity,1,Tencent Holdings Ltd,,700 HK,Hong Kong,816233.0,,,70769823.0,0.0017000000000000001
31/12/2024,Care Super,Balanced,Listed Equity,1,Tencent Music Entertainment Group,,TME US,United States,3868.0,,,70912.0,0.0
31/12/2024,Care Super,Balanced,Listed Equity,1,Teradyne Inc,,TER US,United States,13155.0,,,2675318.0,0.0001
31/12/2024,Care Super,Balanced,Listed Equity,1,Terna - Rete Elettrica Nazionale,,TRN IM,Italy,172256.0,,,2195247.0,0.0001
31/12/2024,Care Super,Balanced,Listed Equity,1,Ternium SA,,TX US,United States,38636.0,,,1814645.0,0.0
31/12/2024,Care Super,Balanced,Listed Equity,1,Tesco PLC,,TSCO LN,United Kingdom,2421029.0,,,18036359.0,0.0004
31/12/2024,Care Super,Balanced,Listed Equity,1,Tesla Inc,,TSLA US,United States,157265.0,,,102575659.0,0.0024
31/12/2024,Care Super,Balanced,Listed Equity,1,Texas Instruments Inc,,TXN US,United States,28662.0,,,8680445.0,0.0002
31/12/2024,Care Super,Balanced,Listed Equity,1,Texas Pacific Land Corp,,TPL US,United States,289.0,,,515656.0,0.0
31/12/2024,Care Super,Balanced,Listed Equity,1,Textron Inc,,TXT US,United States,49355.0,,,6097338.0,0.0001
31/12/2024,Care Super,Balanced,Listed Equity,1,TFI International Inc,,TFII CN,Canada,38325.0,,,8360022.0,0.0002
31/12/2024,Care Super,Balanced,Listed Equity,1,Thales SA,,HO FP,France,39537.0,,,9168031.0,0.0002
31/12/2024,Care Super,Balanced,Listed Equity,1,Allstate Corp/The,,ALL US,United States,6105.0,,,1901087.0,0.0
31/12/2024,Care Super,Balanced,Listed Equity,1,Campbell Soup Co,,CPB US,United States,2331.0,,,157671.0,0.0
31/12/2024,Care Super,Balanced,Listed Equity,1,Procter & Gamble Co/The,,PG US,United States,98985.0,,,26802527.0,0.0006
31/12/2024,Care Super,Balanced,Listed Equity,1,Southern Co/The,,SO US,United States,24843.0,,,3303024.0,0.0001
31/12/2024,Care Super,Balanced,Listed Equity,1,Walt Disney Co/The,,DIS US,United States,53061.0,,,9542670.0,0.0002
31/12/2024,Care Super,Balanced,Listed Equity,1,Thermo Fisher Scientific Inc,,TMO US,United States,39865.0,,,33496111.0,0.0008
31/12/2024,Care Super,Balanced,Listed Equity,1,Thomson Reuters Corp,,TRI CN,Canada,768.0,,,198948.0,0.0
31/12/2024,Care Super,Balanced,Listed Equity,1,TIM SA/Brazil,,TIMB US,United States,623.0,,,11833.0,0.0
31/12/2024,Care Super,Balanced,Listed Equity,1,TIM SA/Brazil,,TIMS3 BZ,Brazil,93378.0,,,353494.0,0.0
31/12/2024,Care Super,Balanced,Listed Equity,1,Titan Co Ltd,,TTAN IN,India,188535.0,,,11570620.0,0.0003
31/12/2024,Care Super,Balanced,Listed Equity,1,TJX Cos Inc/The,,TJX US,United States,216746.0,,,42291999.0,0.001
31/12/2024,Care Super,Balanced,Listed Equity,1,TMBThanachart Bank PCL,,TTB/F TB,Thailand,272193.0,,,23983.0,0.0
31/12/2024,Care Super,Balanced,Listed Equity,1,T-Mobile US Inc,,TMUS US,United States,39080.0,,,13932058.0,0.0003
31/12/2024,Care Super,Balanced,Listed Equity,1,TMX Group Ltd,,X CN,Canada,5417.0,,,269380.0,0.0
31/12/2024,Care Super,Balanced,Listed Equity,1,Toho Gas Co Ltd,,9533 JP,Japan,1030.0,,,44984.0,0.0
31/12/2024,Care Super,Balanced,Listed Equity,1,Tohoku Electric Power Co Inc,,9506 JP,Japan,5703.0,,,69509.0,0.0
31/12/2024,Care Super,Balanced,Listed Equity,1,Tokio Marine Holdings Inc,,8766 JP,Japan,119061.0,,,7008635.0,0.0002
31/12/2024,Care Super,Balanced,Listed Equity,1,Tokyo Electric Power Co Holdings Inc,,9501 JP,Japan,18059.0,,,88156.0,0.0
31/12/2024,Care Super,Balanced,Listed Equity,1,Tokyo Electron Ltd,,8035 JP,Japan,21660.0,,,5383521.0,0.0001
31/12/2024,Care Super,Balanced,Listed Equity,1,Tokyo Gas Co Ltd,,9531 JP,Japan,4198.0,,,188529.0,0.0
31/12/2024,Care Super,Balanced,Listed Equity,1,Toll Brothers Inc,,TOL US,United States,1162.0,,,236307.0,0.0
31/12/2024,Care Super,Balanced,Listed Equity,1,Tongwei Co Ltd,,600438 C1,China,4619.0,,,22597.0,0.0
31/12/2024,Care Super,Balanced,Listed Equity,1,TOPPAN Holdings Inc,,7911 JP,Japan,24301.0,,,1051171.0,0.0
31/12/2024,Care Super,Balanced,Listed Equity,1,Toray Industries Inc,,3402 JP,Japan,75442.0,,,776470.0,0.0
31/12/2024,Care Super,Balanced,Listed Equity,1,Toromont Industries Ltd,,TIH CN,Canada,12343.0,,,1575228.0,0.0
31/12/2024,Care Super,Balanced,Listed Equity,1,Toronto-Dominion Bank/The,,TD CN,Canada,12824.0,,,1102110.0,0.0
31/12/2024,Care Super,Balanced,Listed Equity,1,TotalEnergies SE,,TTE FP,France,278071.0,,,24820313.0,0.0006
31/12/2024,Care Super,Balanced,Listed Equity,1,TOTO Ltd,,5332 JP,Japan,4989.0,,,195094.0,0.0
31/12/2024,Care Super,Balanced,Listed Equity,1,Tourmaline Oil Corp,,TOU CN,Canada,10137.0,,,757255.0,0.0
31/12/2024,Care Super,Balanced,Listed Equity,1,Toyota Motor Corp,,7203 JP,Japan,139771.0,,,4518959.0,0.0001
31/12/2024,Care Super,Balanced,Listed Equity,1,Toyota Tsusho Corp,,8015 JP,Japan,20323.0,,,590651.0,0.0
31/12/2024,Care Super,Balanced,Listed Equity,1,TPG Telecom Ltd,,TPG AU,Australia,7730434.0,,,34709649.0,0.0008
31/12/2024,Care Super,Balanced,Listed Equity,1,Tractor Supply Co,,TSCO US,United States,11401.0,,,977039.0,0.0
31/12/2024,Care Super,Balanced,Listed Equity,1,Trade Desk Inc/The,,TTD US,United States,212438.0,,,40326077.0,0.001
31/12/2024,Care Super,Balanced,Listed Equity,1,Tradeweb Markets Inc,,TW US,United States,39131.0,,,8274328.0,0.0002
31/12/2024,Care Super,Balanced,Listed Equity,1,Trane Technologies PLC,,TT US,United States,15364.0,,,9165313.0,0.0002
31/12/2024,Care Super,Balanced,Listed Equity,1,TransDigm Group Inc,,TDG US,United States,13931.0,,,28513117.0,0.0007000000000000001
31/12/2024,Care Super,Balanced,Listed Equity,1,TransMedics Group Inc,,TMDX US,United States,8572.0,,,863210.0,0.0
31/12/2024,Care Super,Balanced,Listed Equity,1,Travelers Cos Inc/The,,TRV US,United States,7989.0,,,3108183.0,0.0001
31/12/2024,Care Super,Balanced,Listed Equity,1,Travis Perkins PLC,,TPK LN,United Kingdom,309724.0,,,4567201.0,0.0001
31/12/2024,Care Super,Balanced,Listed Equity,1,Treasury Wine Estates Ltd,,TWE AU,Australia,9659033.0,,,109436844.0,0.0026
31/12/2024,Care Super,Balanced,Listed Equity,1,Trelleborg AB,,TRELB SS,Sweden,32258.0,,,1785224.0,0.0
31/12/2024,Care Super,Balanced,Listed Equity,1,Trend Micro Inc/Japan,,4704 JP,Japan,32255.0,,,2839817.0,0.0001
31/12/2024,Care Super,Balanced,Listed Equity,1,Trent Ltd,,TRENT IN,India,109143.0,,,14667011.0,0.0003
31/12/2024,Care Super,Balanced,Listed Equity,1,Trex Co Inc,,TREX US,United States,97151.0,,,10831540.0,0.0003
31/12/2024,Care Super,Balanced,Listed Equity,1,Trimble Inc,,TRMB US,United States,28.0,,,3250.0,0.0
31/12/2024,Care Super,Balanced,Listed Equity,1,Trip.com Group Ltd,,TCOM US,United States,84852.0,,,9409534.0,0.0002
31/12/2024,Care Super,Balanced,Listed Equity,1,Trip.com Group Ltd,,9961 HK,Hong Kong,11678.0,,,1311175.0,0.0
31/12/2024,Care Super,Balanced,Listed Equity,1,True Corp PCL,,TRUE/F TB,Thailand,42706.0,,,22455.0,0.0
31/12/2024,Care Super,Balanced,Listed Equity,1,Truist Financial Corp,,TFC US,United States,22980.0,,,1610045.0,0.0
31/12/2024,Care Super,Balanced,Listed Equity,1,TS Tech Co Ltd,,7313 JP,Japan,1600.0,,,29541.0,0.0
31/12/2024,Care Super,Balanced,Listed Equity,1,Tuas Ltd,,TUA AU,Australia,35946.0,,,228614.0,0.0
31/12/2024,Care Super,Balanced,Listed Equity,1,Tube Investments of India Ltd,,TIINDIA IN,India,59618.0,,,4022233.0,0.0001
31/12/2024,Care Super,Balanced,Listed Equity,1,Turkiye Petrol Rafinerileri AS,,TUPRS TI,Turkey,139549.0,,,904474.0,0.0
31/12/2024,Care Super,Balanced,Listed Equity,1,Turk Hava Yollari AO,,THYAO TI,Turkey,71661.0,,,919763.0,0.0
31/12/2024,Care Super,Balanced,Listed Equity,1,Turkcell Iletisim Hizmetleri AS,,TCELL TI,Turkey,55837.0,,,236676.0,0.0
31/12/2024,Care Super,Balanced,Listed Equity,1,Turkiye Is Bankasi AS,,ISCTR TI,Turkey,280537.0,,,173498.0,0.0
31/12/2024,Care Super,Balanced,Listed Equity,1,Twilio Inc,,TWLO US,United States,31534.0,,,5504611.0,0.0001
31/12/2024,Care Super,Balanced,Listed Equity,1,TXNM Energy Inc,,TXNM US,United States,1069.0,,,84917.0,0.0
31/12/2024,Care Super,Balanced,Listed Equity,1,Tyler Technologies Inc,,TYL US,United States,1821.0,,,1696325.0,0.0
31/12/2024,Care Super,Balanced,Listed Equity,1,Tyro Payments Ltd,,TYR AU,Australia,5698397.0,,,4644193.0,0.0001
31/12/2024,Care Super,Balanced,Listed Equity,1,Tyson Foods Inc,,TSN US,United States,170068.0,,,15777601.0,0.0004
31/12/2024,Care Super,Balanced,Listed Equity,1,Uber Technologies Inc,,UBER US,United States,414645.0,,,40396283.0,0.001
31/12/2024,Care Super,Balanced,Listed Equity,1,UBS Group AG,,UBSG SW,Switzerland,875553.0,,,43270167.0,0.001
31/12/2024,Care Super,Balanced,Listed Equity,1,UCB SA,,UCB BB,Belgium,2318.0,,,745111.0,0.0
31/12/2024,Care Super,Balanced,Listed Equity,1,Ulta Beauty Inc,,ULTA US,United States,4682.0,,,3288935.0,0.0001
31/12/2024,Care Super,Balanced,Listed Equity,1,UniCredit SpA,,UCG IM,Italy,139461.0,,,8985641.0,0.0002
31/12/2024,Care Super,Balanced,Listed Equity,1,Unilever PLC,,UL US,United States,33540.0,,,3071486.0,0.0001
31/12/2024,Care Super,Balanced,Listed Equity,1,Unilever PLC,,ULVR LN,United Kingdom,299501.0,,,27552816.0,0.0007000000000000001
31/12/2024,Care Super,Balanced,Listed Equity,1,Unilever PLC,,UNAA I2,Netherlands,97236.0,,,8924720.0,0.0002
31/12/2024,Care Super,Balanced,Listed Equity,1,Unimicron Technology Corp,,3037 TT,Taiwan,27793.0,,,193056.0,0.0
31/12/2024,Care Super,Balanced,Listed Equity,1,Union Pacific Corp,,UNP US,United States,18157.0,,,6687575.0,0.0002
31/12/2024,Care Super,Balanced,Listed Equity,1,Unipol Assicurazioni SpA,,UNI IM,Italy,51935.0,,,1044922.0,0.0
31/12/2024,Care Super,Balanced,Listed Equity,1,United Microelectronics Corp,,2303 TT,Taiwan,199703.0,,,423538.0,0.0
31/12/2024,Care Super,Balanced,Listed Equity,1,United Overseas Bank Ltd,,UOB SP,Singapore,28516.0,,,1226535.0,0.0
31/12/2024,Care Super,Balanced,Listed Equity,1,United Parcel Service Inc,,UPS US,United States,2623.0,,,534167.0,0.0
31/12/2024,Care Super,Balanced,Listed Equity,1,United Rentals Inc,,URI US,United States,2898.0,,,3296819.0,0.0001
31/12/2024,Care Super,Balanced,Listed Equity,1,United Therapeutics Corp,,UTHR US,United States,38411.0,,,21889361.0,0.0005
31/12/2024,Care Super,Balanced,Listed Equity,1,United Utilities Group PLC,,UU/ LN,United Kingdom,7832.0,,,166580.0,0.0
31/12/2024,Care Super,Balanced,Listed Equity,1,UnitedHealth Group Inc,,UNH US,United States,71982.0,,,58810947.0,0.0014000000000000002
31/12/2024,Care Super,Balanced,Listed Equity,1,Universal Health Services Inc,,UHS US,United States,1701.0,,,492783.0,0.0
31/12/2024,Care Super,Balanced,Listed Equity,1,Varun Beverages Ltd,,VBL IN,India,794725.0,,,32856378.0,0.0008
31/12/2024,Care Super,Balanced,Listed Equity,1,Universal Robina Corp,,URC PM,Philippines,804572.0,,,1774723.0,0.0
31/12/2024,Care Super,Balanced,Listed Equity,1,Universal Store Holdings Ltd,,UNI AU,Australia,972296.0,,,8342299.0,0.0002
31/12/2024,Care Super,Balanced,Listed Equity,1,Unum Group,,UNM US,United States,5283.0,,,623168.0,0.0
31/12/2024,Care Super,Balanced,Listed Equity,1,US Bancorp,,USB US,United States,38726.0,,,2991643.0,0.0001
31/12/2024,Care Super,Balanced,Listed Equity,1,US Foods Holding Corp,,USFD US,United States,104207.0,,,11353994.0,0.0003
31/12/2024,Care Super,Balanced,Listed Equity,1,Vale SA,,VALE US,United States,122530.0,,,1755382.0,0.0
31/12/2024,Care Super,Balanced,Listed Equity,1,Vale SA,,VALE3 BZ,Brazil,48243.0,,,688007.0,0.0
31/12/2024,Care Super,Balanced,Listed Equity,1,Valeo SE,,FR FP,France,2006.0,,,31241.0,0.0
31/12/2024,Care Super,Balanced,Listed Equity,1,Valero Energy Corp,,VLO US,United States,9087.0,,,1799177.0,0.0
31/12/2024,Care Super,Balanced,Listed Equity,1,Valvoline Inc,,VVV US,United States,135907.0,,,7941746.0,0.0002
31/12/2024,Care Super,Balanced,Listed Equity,1,Varun Beverages Ltd,,VBL IN,India,338665.0,,,4079364.0,0.0001
31/12/2024,Care Super,Balanced,Listed Equity,1,Vault Minerals Ltd,,VAU AU,Australia,9289851.0,,,3065651.0,0.0001
31/12/2024,Care Super,Balanced,Listed Equity,1,Vector Ltd,,VCT NZ,New Zealand,3322.0,,,11723.0,0.0
31/12/2024,Care Super,Balanced,Listed Equity,1,Vedanta Ltd,,VEDL IN,India,191085.0,,,1602179.0,0.0
31/12/2024,Care Super,Balanced,Listed Equity,1,Veeva Systems Inc,,VEEV US,United States,15264.0,,,5183182.0,0.0001
31/12/2024,Care Super,Balanced,Listed Equity,1,Ventia Services Group Pty Ltd,,VNT AU,Australia,2016789.0,,,7260442.0,0.0002
31/12/2024,Care Super,Balanced,Listed Equity,1,Veralto Corp,,VLTO US,United States,6513.0,,,1071324.0,0.0
31/12/2024,Care Super,Balanced,Listed Equity,1,Verbund AG,,VER AV,Austria,10168.0,,,1190440.0,0.0
31/12/2024,Care Super,Balanced,Listed Equity,1,VeriSign Inc,,VRSN US,United States,96765.0,,,32345046.0,0.0008
31/12/2024,Care Super,Balanced,Listed Equity,1,Verisk Analytics Inc,,VRSK US,United States,4107.0,,,1826986.0,0.0
31/12/2024,Care Super,Balanced,Listed Equity,1,Verizon Communications Inc,,VZ US,United States,252367.0,,,16300005.0,0.0004
31/12/2024,Care Super,Balanced,Listed Equity,1,Vertex Pharmaceuticals Inc,,VRTX US,United States,21546.0,,,14013472.0,0.0003
31/12/2024,Care Super,Balanced,Listed Equity,1,Vertiv Holdings Co,,VRT US,United States,31149.0,,,5715631.0,0.0001
31/12/2024,Care Super,Balanced,Listed Equity,1,Viatris Inc,,VTRS US,United States,103436.0,,,2079912.0,0.0
31/12/2024,Care Super,Balanced,Listed Equity,1,Vibra Energia SA,,VBBR3 BZ,Brazil,152731.0,,,712342.0,0.0
31/12/2024,Care Super,Balanced,Listed Equity,1,Vinci SA,,DG FP,France,7867.0,,,1312252.0,0.0
31/12/2024,Care Super,Balanced,Listed Equity,1,Vipshop Holdings Ltd,,VIPS US,United States,38495.0,,,837473.0,0.0
31/12/2024,Care Super,Balanced,Listed Equity,1,Visa Inc,,V US,United States,277487.0,,,141640807.0,0.0033
31/12/2024,Care Super,Balanced,Listed Equity,1,Vista Energy SAB de CV,,VIST US,United States,14046.0,,,1227522.0,0.0
31/12/2024,Care Super,Balanced,Listed Equity,1,Vistra Corp,,VST US,United States,8828.0,,,1965835.0,0.0
31/12/2024,Care Super,Balanced,Listed Equity,1,Viva Energy Group Ltd,,VEA AU,Australia,15299110.0,,,40236661.0,0.0009
31/12/2024,Care Super,Balanced,Listed Equity,1,Vodacom Group Ltd,,VOD SJ,South Africa,745.0,,,6461.0,0.0
31/12/2024,Care Super,Balanced,Listed Equity,1,Vodafone Group PLC,,VOD LN,United Kingdom,1743269.0,,,2408421.0,0.0001
31/12/2024,Care Super,Balanced,Listed Equity,1,Volkswagen AG,,VOW3 GR,Germany,17944.0,,,2672074.0,0.0001
31/12/2024,Care Super,Balanced,Listed Equity,1,Voltronic Power Technology Corp,,6409 TT,Taiwan,177530.0,,,16267472.0,0.0004
31/12/2024,Care Super,Balanced,Listed Equity,1,Volvo AB,,VOLVB SS,Sweden,443010.0,,,17393649.0,0.0004
31/12/2024,Care Super,Balanced,Listed Equity,1,Voya Financial Inc,,VOYA US,United States,49160.0,,,5464994.0,0.0001
31/12/2024,Care Super,Balanced,Listed Equity,1,Vulcan Energy Resources Ltd,,VUL AU,Australia,29110.0,,,155740.0,0.0
31/12/2024,Care Super,Balanced,Listed Equity,1,Vulcan Steel Ltd,,VSL AU,Australia,556692.0,,,3757670.0,0.0001
31/12/2024,Care Super,Balanced,Listed Equity,1,W R Berkley Corp,,WRB US,United States,24921.0,,,2355466.0,0.0001
31/12/2024,Care Super,Balanced,Listed Equity,1,WA1 Resources Ltd,,WA1 AU,Australia,12759.0,,,169051.0,0.0
31/12/2024,Care Super,Balanced,Listed Equity,1,Wal-Mart de Mexico SAB de CV,,WALMEX* MM,Mexico,1148647.0,,,4897471.0,0.0001
31/12/2024,Care Super,Balanced,Listed Equity,1,Walmart Inc,,WMT US,United States,119028.0,,,17369261.0,0.0004
31/12/2024,Care Super,Balanced,Listed Equity,1,Wartsila OYJ Abp,,WRT1V FH,Finland,112433.0,,,3217341.0,0.0001
31/12/2024,Care Super,Balanced,Listed Equity,1,Washington H Soul Pattinson & Co Ltd,,SOL AU,Australia,42040.0,,,1438600.0,0.0
31/12/2024,Care Super,Balanced,Listed Equity,1,Waste Connections Inc,,WCN CN,Canada,2002.0,,,554503.0,0.0
31/12/2024,Care Super,Balanced,Listed Equity,1,Waste Connections Inc,,WCN US,United States,8432.0,,,2336626.0,0.0001
31/12/2024,Care Super,Balanced,Listed Equity,1,Waste Management Inc,,WM US,United States,23829.0,,,7766153.0,0.0002
31/12/2024,Care Super,Balanced,Listed Equity,1,Waters Corp,,WAT US,United States,1253.0,,,750921.0,0.0
31/12/2024,Care Super,Balanced,Listed Equity,1,Webjet Ltd,,WEB AU,Australia,3604032.0,,,16542506.0,0.0004
31/12/2024,Care Super,Balanced,Listed Equity,1,Webjet Group Ltd,,WJL AU,Australia,4370769.0,,,3802569.0,0.0001
31/12/2024,Care Super,Balanced,Listed Equity,1,WEC Energy Group Inc,,WEC US,United States,3701.0,,,562055.0,0.0
31/12/2024,Care Super,Balanced,Listed Equity,1,Weebit Nano Ltd,,WBT AU,Australia,29931.0,,,107751.0,0.0
31/12/2024,Care Super,Balanced,Listed Equity,1,WEG SA,,WEGE3 BZ,Brazil,349840.0,,,4826405.0,0.0001
31/12/2024,Care Super,Balanced,Listed Equity,1,Wells Fargo & Co,,WFC US,United States,368719.0,,,41829643.0,0.001
31/12/2024,Care Super,Balanced,Listed Equity,1,Wesfarmers Ltd,,WES AU,Australia,2363285.0,,,169045754.0,0.004
31/12/2024,Care Super,Balanced,Listed Equity,1,West African Resources Ltd,,WAF AU,Australia,254668.0,,,365448.0,0.0
31/12/2024,Care Super,Balanced,Listed Equity,1,Westgold Resources Ltd,,WGX AU,Australia,1992705.0,,,5639355.0,0.0001
31/12/2024,Care Super,Balanced,Listed Equity,1,Westinghouse Air Brake Technologies Corp,,WAB US,United States,19454.0,,,5956960.0,0.0001
31/12/2024,Care Super,Balanced,Listed Equity,1,Westpac Banking Corp,,WBC AU,Australia,489.0,,,51660.0,0.0
31/12/2024,Care Super,Balanced,Listed Equity,1,Westpac Banking Corp,,WBC AU,Australia,7470039.0,,,241431659.0,0.005699999999999999
31/12/2024,Care Super,Balanced,Listed Equity,1,WH Group Ltd,,288 HK,Hong Kong,2690790.0,,,3362420.0,0.0001
31/12/2024,Care Super,Balanced,Listed Equity,1,Wheaton Precious Metals Corp,,WPM CN,Canada,16414.0,,,1491418.0,0.0
31/12/2024,Care Super,Balanced,Listed Equity,1,Wildcat Resources Ltd,,WC8 AU,Australia,313268.0,,,86149.0,0.0
31/12/2024,Care Super,Balanced,Listed Equity,1,Williams Cos Inc/The,,WMB US,United States,14110.0,,,1233339.0,0.0
31/12/2024,Care Super,Balanced,Listed Equity,1,Williams-Sonoma Inc,,WSM US,United States,1976.0,,,590994.0,0.0
31/12/2024,Care Super,Balanced,Listed Equity,1,Willis Towers Watson PLC,,WTW US,United States,1678.0,,,849030.0,0.0
31/12/2024,Care Super,Balanced,Listed Equity,1,Wipro Ltd,,WPRO IN,India,198247.0,,,1128907.0,0.0
31/12/2024,Care Super,Balanced,Listed Equity,1,Wise PLC,,WISE LN,United Kingdom,144609.0,,,3118162.0,0.0001
31/12/2024,Care Super,Balanced,Listed Equity,1,WiseTech Global Ltd,,WTC AU,Australia,689673.0,,,83491771.0,0.002
31/12/2024,Care Super,Balanced,Listed Equity,1,Wistron Corp,,3231 TT,Taiwan,56966.0,,,291868.0,0.0
31/12/2024,Care Super,Balanced,Listed Equity,1,Wiwynn Corp,,6669 TT,Taiwan,1426.0,,,184019.0,0.0
31/12/2024,Care Super,Balanced,Listed Equity,1,Wix.com Ltd,,WIX US,United States,4311.0,,,1493847.0,0.0
31/12/2024,Care Super,Balanced,Listed Equity,1,Wolters Kluwer NV,,WKL NA,Netherlands,125338.0,,,33623437.0,0.0008
31/12/2024,Care Super,Balanced,Listed Equity,1,Woodside Energy Group Ltd,,WDS AU,Australia,3903593.0,,,96028396.0,0.0023
31/12/2024,Care Super,Balanced,Listed Equity,1,Woolworths Group Ltd,,WOW AU,Australia,1940444.0,,,59164133.0,0.0014000000000000002
31/12/2024,Care Super,Balanced,Listed Equity,1,Woori Financial Group Inc,,316140 KS,South Korea,46289.0,,,780553.0,0.0
31/12/2024,Care Super,Balanced,Listed Equity,1,Workday Inc,,WDAY US,United States,66856.0,,,27862281.0,0.0007000000000000001
31/12/2024,Care Super,Balanced,Listed Equity,1,Worldline SA/France,,WLN FP,France,168240.0,,,2385492.0,0.0001
31/12/2024,Care Super,Balanced,Listed Equity,1,Worley Ltd,,WOR AU,Australia,2993472.0,,,41010560.0,0.001
31/12/2024,Care Super,Balanced,Listed Equity,1,WSP Global Inc,,WSP CN,Canada,179.0,,,50847.0,0.0
31/12/2024,Care Super,Balanced,Listed Equity,1,WW Grainger Inc,,GWW US,United States,4602.0,,,7834416.0,0.0002
31/12/2024,Care Super,Balanced,Listed Equity,1,Xcel Energy Inc,,XEL US,United States,24668.0,,,2690068.0,0.0001
31/12/2024,Care Super,Balanced,Listed Equity,1,Xero Ltd,,XRO AU,Australia,973019.0,,,164012023.0,0.0039000000000000003
31/12/2024,Care Super,Balanced,Listed Equity,1,Xiaomi Corp,,1810 HK,Hong Kong,1402954.0,,,10063760.0,0.0002
31/12/2024,Care Super,Balanced,Listed Equity,1,XPEL Inc,,XPEL US,United States,39196.0,,,2528435.0,0.0001
31/12/2024,Care Super,Balanced,Listed Equity,1,Xylem Inc/NY,,XYL US,United States,36989.0,,,6931195.0,0.0002
31/12/2024,Care Super,Balanced,Listed Equity,1,Yakult Honsha Co Ltd,,2267 JP,Japan,16944.0,,,520143.0,0.0
31/12/2024,Care Super,Balanced,Listed Equity,1,Yamada Holdings Co Ltd,,9831 JP,Japan,237872.0,,,1107644.0,0.0
31/12/2024,Care Super,Balanced,Listed Equity,1,Yamaha Motor Co Ltd,,7272 JP,Japan,33410.0,,,482235.0,0.0
31/12/2024,Care Super,Balanced,Listed Equity,1,Yang Ming Marine Transport Corp,,2609 TT,Taiwan,132408.0,,,493793.0,0.0
31/12/2024,Care Super,Balanced,Listed Equity,1,Yangzijiang Shipbuilding Holdings Ltd,,YZJSGD SP,Singapore,363275.0,,,1285975.0,0.0
31/12/2024,Care Super,Balanced,Listed Equity,1,Yantai Jereh Oilfield Services Group Co Ltd,,002353 C2,China,2848.0,,,23309.0,0.0
31/12/2024,Care Super,Balanced,Listed Equity,1,Yapi ve Kredi Bankasi AS,,YKBNK TI,Turkey,17734.0,,,24803.0,0.0
31/12/2024,Care Super,Balanced,Listed Equity,1,Yaskawa Electric Corp,,6506 JP,Japan,7929.0,,,331405.0,0.0
31/12/2024,Care Super,Balanced,Listed Equity,1,YETI Holdings Inc,,YETI US,United States,46770.0,,,2909009.0,0.0001
31/12/2024,Care Super,Balanced,Listed Equity,1,Yifeng Pharmacy Chain Co Ltd,,603939 C1,China,1238432.0,,,6612342.0,0.0002
31/12/2024,Care Super,Balanced,Listed Equity,1,Yokogawa Electric Corp,,6841 JP,Japan,167367.0,,,5844598.0,0.0001
31/12/2024,Care Super,Balanced,Listed Equity,1,Yuanta Financial Holding Co Ltd,,2885 TT,Taiwan,15512.0,,,25982.0,0.0
31/12/2024,Care Super,Balanced,Listed Equity,1,Yum! Brands Inc,,YUM US,United States,8587.0,,,1860558.0,0.0
31/12/2024,Care Super,Balanced,Listed Equity,1,Zalando SE,,ZAL GR,Germany,19794.0,,,1072268.0,0.0
31/12/2024,Care Super,Balanced,Listed Equity,1,Zebra Technologies Corp,,ZBRA US,United States,83.0,,,52009.0,0.0
31/12/2024,Care Super,Balanced,Listed Equity,1,Zhongji Innolight Co Ltd,,300308 C2,China,10392.0,,,284019.0,0.0
31/12/2024,Care Super,Balanced,Listed Equity,1,Zhongsheng Group Holdings Ltd,,881 HK,Hong Kong,37721.0,,,109488.0,0.0
31/12/2024,Care Super,Balanced,Listed Equity,1,Zijin Mining Group Co Ltd,,2899 HK,Hong Kong,1444306.0,,,4246259.0,0.0001
31/12/2024,Care Super,Balanced,Listed Equity,1,Zimmer Biomet Holdings Inc,,ZBH US,United States,3483.0,,,594286.0,0.0
31/12/2024,Care Super,Balanced,Listed Equity,1,Zip Co Ltd,,ZIP AU,Australia,4329723.0,,,12815980.0,0.0003
31/12/2024,Care Super,Balanced,Listed Equity,1,Zoetis Inc,,ZTS US,United States,79817.0,,,21004016.0,0.0005
31/12/2024,Care Super,Balanced,Listed Equity,1,Zomato Ltd,,ZOMATO IN,India,61338.0,,,321746.0,0.0
31/12/2024,Care Super,Balanced,Listed Equity,1,Zoom Video Communications Inc,,ZM US,United States,62946.0,,,8296917.0,0.0002
31/12/2024,Care Super,Balanced,Listed Equity,1,ZOZO Inc,,3092 JP,Japan,2079.0,,,104602.0,0.0
31/12/2024,Care Super,Balanced,Listed Equity,1,Zscaler Inc,,ZS US,United States,3074.0,,,895673.0,0.0
31/12/2024,Care Super,Balanced,Listed Equity,1,ZTE Corp,,000063 C2,China,9546.0,,,85332.0,0.0
31/12/2024,Care Super,Balanced,Listed Equity,1,ZTE Corp,,763 HK,Hong Kong,117320.0,,,593973.0,0.0
31/12/2024,Care Super,Balanced,Listed Equity,1,Zurich Insurance Group AG,,ZURN SW,Switzerland,2711.0,,,2603505.0,0.0001
31/12/2024,Care Super,Balanced,Listed Equity,1,Zydus Lifesciences Ltd,,ZYDUSLIF IN,India,34384.0,,,630297.0,0.0
31/12/2024,Care Super,Balanced,Listed Equity,1,Sub Total,,,,,,,20656832970.0,0.48729999999999996
31/12/2024,Care Super,Balanced,Unlisted Equity,0,Industry Super Holdings Pty Ltd,,,,,0.0359,,,
31/12/2024,Care Super,Balanced,Unlisted Equity,0,Sub Total,,,,,,,156157014.0,0.0037
31/12/2024,Care Super,Balanced,Unlisted Equity,1,"Adams Street Partners, LLC",,,,,,,407367121.0,0.0096
31/12/2024,Care Super,Balanced,Unlisted Equity,1,Avenue Capital Group,,,,,,,14887150.0,0.0004
31/12/2024,Care Super,Balanced,Unlisted Equity,1,Blackbird Ventures Pty Ltd,,,,,,,36206659.0,0.0009
31/12/2024,Care Super,Balanced,Unlisted Equity,1,Carnegie Venture Capital Pty Limited,,,,,,,254771.0,0.0
31/12/2024,Care Super,Balanced,Unlisted Equity,1,"HarbourVest Partners, LLC",,,,,,,283132269.0,0.0067
31/12/2024,Care Super,Balanced,Unlisted Equity,1,IFM Investors Pty Ltd,,,,,,,5583923.0,0.0001
31/12/2024,Care Super,Balanced,Unlisted Equity,1,Intermediate Capital Group,,,,,,,4697318.0,0.0001
31/12/2024,Care Super,Balanced,Unlisted Equity,1,Lennox Capital Partners Pty Ltd,,,,,,,2281467.0,0.0001
31/12/2024,Care Super,Balanced,Unlisted Equity,1,Lexington Partners,,,,,,,20381030.0,0.0005
31/12/2024,Care Super,Balanced,Unlisted Equity,1,LGT Capital Partners Limited,,,,,,,191675133.0,0.0045000000000000005
31/12/2024,Care Super,Balanced,Unlisted Equity,1,Partners Group Holding AG,,,,,,,312472712.0,0.0074
31/12/2024,Care Super,Balanced,Unlisted Equity,1,Roc Capital Pty Limited,,,,,,,312301834.0,0.0074
31/12/2024,Care Super,Balanced,Unlisted Equity,1,"Siguler Guff Advisers, LLC",,,,,,,289341158.0,0.0068000000000000005
31/12/2024,Care Super,Balanced,Unlisted Equity,1,Square Peg Capital Pty Ltd,,,,,,,26589570.0,0.0006
31/12/2024,Care Super,Balanced,Unlisted Equity,1,Stafford Capital Partners Limited,,,,,,,10327263.0,0.0002
31/12/2024,Care Super,Balanced,Unlisted Equity,1,State Street Bank and Trust Company,,,,,,,2177.0,0.0
31/12/2024,Care Super,Balanced,Unlisted Equity,1,StepStone Group Holdings LLC,,,,,,,258531900.0,0.0060999999999999995
31/12/2024,Care Super,Balanced,Unlisted Equity,1,"Wilshire Associates, Inc",,,,,,,1857940.0,0.0
31/12/2024,Care Super,Balanced,Unlisted Equity,1,Sub Total,,,,,,,2177891396.0,0.051399999999999994
31/12/2024,Care Super,Balanced,Listed Property,1,Abacus Group,,ABG AU,Australia,72525.0,,,79778.0,0.0
31/12/2024,Care Super,Balanced,Listed Property,1,Abacus Storage King,,ASK AU,Australia,111917.0,,,125907.0,0.0
31/12/2024,Care Super,Balanced,Listed Property,1,Acadia Realty Trust,,AKR US,United States,13527.0,,,527834.0,0.0
31/12/2024,Care Super,Balanced,Listed Property,1,Activia Properties Inc,,3279 JP,Japan,97.0,,,328850.0,0.0
31/12/2024,Care Super,Balanced,Listed Property,1,Advance Residence Investment Corp,,3269 JP,Japan,173.0,,,520888.0,0.0
31/12/2024,Care Super,Balanced,Listed Property,1,Aedifica SA,,AED BB,Belgium,6515.0,,,612349.0,0.0
31/12/2024,Care Super,Balanced,Listed Property,1,Aeon Mall Co Ltd,,8905 JP,Japan,20246.0,,,423416.0,0.0
31/12/2024,Care Super,Balanced,Listed Property,1,AEON REIT Investment Corp,,3292 JP,Japan,251.0,,,326575.0,0.0
31/12/2024,Care Super,Balanced,Listed Property,1,Agree Realty Corp,,ADC US,United States,13144.0,,,1495602.0,0.0
31/12/2024,Care Super,Balanced,Listed Property,1,Aldar Properties PJSC,,ALDAR UH,United Arab Emirates,1845913.0,,,6233754.0,0.0001
31/12/2024,Care Super,Balanced,Listed Property,1,Alexander & Baldwin Inc,,ALEX US,United States,9518.0,,,272726.0,0.0
31/12/2024,Care Super,Balanced,Listed Property,1,Alexandria Real Estate Equities Inc,,ARE US,United States,46052.0,,,7255646.0,0.0002
31/12/2024,Care Super,Balanced,Listed Property,1,Allied Properties Real Estate Investment Trust,,AP-U CN,Canada,17864.0,,,344059.0,0.0
31/12/2024,Care Super,Balanced,Listed Property,1,Allreal Holding AG,,ALLN SW,Switzerland,2241.0,,,661444.0,0.0
31/12/2024,Care Super,Balanced,Listed Property,1,American Assets Trust Inc,,AAT US,United States,6661.0,,,282498.0,0.0
31/12/2024,Care Super,Balanced,Listed Property,1,American Homes 4 Rent,,AMH US,United States,44601.0,,,2695592.0,0.0001
31/12/2024,Care Super,Balanced,Listed Property,1,American Tower Corp,,AMT US,United States,5413.0,,,1603471.0,0.0
31/12/2024,Care Super,Balanced,Listed Property,1,Americold Realty Trust Inc,,COLD US,United States,37455.0,,,1294576.0,0.0
31/12/2024,Care Super,Balanced,Listed Property,1,Amot Investments Ltd,,AMOT IT,Israel,29909.0,,,273642.0,0.0
31/12/2024,Care Super,Balanced,Listed Property,1,Annaly Capital Management Inc,,NLY US,United States,38545.0,,,1139248.0,0.0
31/12/2024,Care Super,Balanced,Listed Property,1,Apartment Investment and Management Co,,AIV US,United States,19269.0,,,282902.0,0.0
31/12/2024,Care Super,Balanced,Listed Property,1,Apple Hospitality REIT Inc,,APLE US,United States,29977.0,,,743184.0,0.0
31/12/2024,Care Super,Balanced,Listed Property,1,Arena REIT,,ARF AU,Australia,61433.0,,,238974.0,0.0
31/12/2024,Care Super,Balanced,Listed Property,1,ARGAN SA,,ARG FP,France,1912.0,,,193476.0,0.0
31/12/2024,Care Super,Balanced,Listed Property,1,Aroundtown SA,,AT1 GR,Germany,94039.0,,,459403.0,0.0
31/12/2024,Care Super,Balanced,Listed Property,1,Assura PLC,,AGR LN,United Kingdom,461450.0,,,357869.0,0.0
31/12/2024,Care Super,Balanced,Listed Property,1,Atrium Ljungberg AB,,ATRLJB SS,Sweden,7257.0,,,210259.0,0.0
31/12/2024,Care Super,Balanced,Listed Property,1,AvalonBay Communities Inc,,AVB US,United States,38516.0,,,13683815.0,0.0003
31/12/2024,Care Super,Balanced,Listed Property,1,Azrieli Group Ltd,,AZRG IT,Israel,4791.0,,,638981.0,0.0
31/12/2024,Care Super,Balanced,Listed Property,1,Big Yellow Group PLC,,BYG LN,United Kingdom,26932.0,,,522992.0,0.0
31/12/2024,Care Super,Balanced,Listed Property,1,Boardwalk Real Estate Investment Trust,,BEI-U CN,Canada,5364.0,,,387061.0,0.0
31/12/2024,Care Super,Balanced,Listed Property,1,British Land Co PLC/The,,BLND LN,United Kingdom,122669.0,,,894265.0,0.0
31/12/2024,Care Super,Balanced,Listed Property,1,Brixmor Property Group Inc,,BRX US,United States,39419.0,,,1772483.0,0.0
31/12/2024,Care Super,Balanced,Listed Property,1,Broadstone Net Lease Inc,,BNL US,United States,25045.0,,,641544.0,0.0
31/12/2024,Care Super,Balanced,Listed Property,1,BWP Trust,,BWP AU,Australia,84700.0,,,277816.0,0.0
31/12/2024,Care Super,Balanced,Listed Property,1,BXP Inc,,BXP US,United States,20763.0,,,2493607.0,0.0001
31/12/2024,Care Super,Balanced,Listed Property,1,CA Immobilien Anlagen AG,,CAI AV,Austria,5124.0,,,199828.0,0.0
31/12/2024,Care Super,Balanced,Listed Property,1,Camden Property Trust,,CPT US,United States,40054.0,,,7506800.0,0.0002
31/12/2024,Care Super,Balanced,Listed Property,1,Canadian Apartment Properties REIT,,CAR-U CN,Canada,21685.0,,,1038170.0,0.0
31/12/2024,Care Super,Balanced,Listed Property,1,CapitaLand Ascendas REIT,,CLAR SP,Singapore,481370.0,,,1464665.0,0.0
31/12/2024,Care Super,Balanced,Listed Property,1,CapitaLand Ascott Trust,,CLAS SP,Singapore,368928.0,,,380003.0,0.0
31/12/2024,Care Super,Balanced,Listed Property,1,CapitaLand Integrated Commercial Trust,,CICT SP,Singapore,678183.0,,,1549638.0,0.0
31/12/2024,Care Super,Balanced,Listed Property,1,CapitaLand Investment Ltd/Singapore,,CLI SP,Singapore,339245.0,,,1052302.0,0.0
31/12/2024,Care Super,Balanced,Listed Property,1,CareTrust REIT Inc,,CTRE US,United States,17708.0,,,773633.0,0.0
31/12/2024,Care Super,Balanced,Listed Property,1,Carmila SA,,CARM FP,France,8230.0,,,220502.0,0.0
31/12/2024,Care Super,Balanced,Listed Property,1,Castellum AB,,CAST SS,Sweden,57519.0,,,1013561.0,0.0
31/12/2024,Care Super,Balanced,Listed Property,1,Catena AB,,CATE SS,Sweden,5099.0,,,352549.0,0.0
31/12/2024,Care Super,Balanced,Listed Property,1,CBRE Group Inc,,CBRE US,United States,47155.0,,,9999193.0,0.0002
31/12/2024,Care Super,Balanced,Listed Property,1,CDL Hospitality Trusts,,CDREIT SP,Singapore,152403.0,,,155174.0,0.0
31/12/2024,Care Super,Balanced,Listed Property,1,Centerspace,,CSR US,United States,2077.0,,,221911.0,0.0
31/12/2024,Care Super,Balanced,Listed Property,1,Centuria Capital Group,,CNI AU,Australia,165026.0,,,292921.0,0.0
31/12/2024,Care Super,Balanced,Listed Property,1,Centuria Industrial REIT,,CIP AU,Australia,82085.0,,,231480.0,0.0
31/12/2024,Care Super,Balanced,Listed Property,1,Centuria Office REIT,,COF AU,Australia,68663.0,,,75530.0,0.0
31/12/2024,Care Super,Balanced,Listed Property,1,Charter Hall Group,,CHC AU,Australia,2920162.0,,,41904321.0,0.001
31/12/2024,Care Super,Balanced,Listed Property,1,Charter Hall Long Wale REIT,,CLW AU,Australia,110019.0,,,411469.0,0.0
31/12/2024,Care Super,Balanced,Listed Property,1,Charter Hall Retail REIT,,CQR AU,Australia,2172085.0,,,6842067.0,0.0002
31/12/2024,Care Super,Balanced,Listed Property,1,Charter Hall Social Infrastructure REIT,,CQE AU,Australia,57937.0,,,148898.0,0.0
31/12/2024,Care Super,Balanced,Listed Property,1,Chartwell Retirement Residences,,CSH-U CN,Canada,32940.0,,,557834.0,0.0
31/12/2024,Care Super,Balanced,Listed Property,1,China Overseas Land & Investment Ltd,,688 HK,Hong Kong,5234731.0,,,13496268.0,0.0003
31/12/2024,Care Super,Balanced,Listed Property,1,Choice Properties Real Estate Investment Trust,,CHP-U CN,Canada,35360.0,,,530130.0,0.0
31/12/2024,Care Super,Balanced,Listed Property,1,Cofinimmo SA,,COFB BB,Belgium,5370.0,,,499327.0,0.0
31/12/2024,Care Super,Balanced,Listed Property,1,Comforia Residential REIT Inc,,3282 JP,Japan,97.0,,,278196.0,0.0
31/12/2024,Care Super,Balanced,Listed Property,1,COPT Defense Properties,,CDP US,United States,15036.0,,,751594.0,0.0
31/12/2024,Care Super,Balanced,Listed Property,1,CoStar Group Inc,,CSGP US,United States,3941.0,,,455734.0,0.0
31/12/2024,Care Super,Balanced,Listed Property,1,Country Garden Services Holdings Co Ltd,,6098 HK,Hong Kong,3066262.0,,,3519217.0,0.0001
31/12/2024,Care Super,Balanced,Listed Property,1,Cousins Properties Inc,,CUZ US,United States,20115.0,,,995416.0,0.0
31/12/2024,Care Super,Balanced,Listed Property,1,Covivio SA/France,,COV FP,France,8139.0,,,663755.0,0.0
31/12/2024,Care Super,Balanced,Listed Property,1,Crombie Real Estate Investment Trust,,CRR-U CN,Canada,15074.0,,,223621.0,0.0
31/12/2024,Care Super,Balanced,Listed Property,1,Cromwell Property Group,,CMW AU,Australia,243657.0,,,92590.0,0.0
31/12/2024,Care Super,Balanced,Listed Property,1,Crown Castle Inc,,CCI US,United States,5366.0,,,786556.0,0.0
31/12/2024,Care Super,Balanced,Listed Property,1,CubeSmart,,CUBE US,United States,29251.0,,,2024406.0,0.0
31/12/2024,Care Super,Balanced,Listed Property,1,Curbline Properties Corp,,CURB US,United States,12314.0,,,461820.0,0.0
31/12/2024,Care Super,Balanced,Listed Property,1,Daito Trust Construction Co Ltd,,1878 JP,Japan,10543.0,,,1904166.0,0.0
31/12/2024,Care Super,Balanced,Listed Property,1,Daiwa House Industry Co Ltd,,1925 JP,Japan,194.0,,,9680.0,0.0
31/12/2024,Care Super,Balanced,Listed Property,1,Daiwa House REIT Investment Corp,,8984 JP,Japan,298.0,,,710757.0,0.0
31/12/2024,Care Super,Balanced,Listed Property,1,Daiwa Office Investment Corp,,8976 JP,Japan,77.0,,,223939.0,0.0
31/12/2024,Care Super,Balanced,Listed Property,1,Daiwa Securities Living Investments Corp,,8986 JP,Japan,272.0,,,248622.0,0.0
31/12/2024,Care Super,Balanced,Listed Property,1,Derwent London PLC,,DLN LN,United Kingdom,15452.0,,,612303.0,0.0
31/12/2024,Care Super,Balanced,Listed Property,1,Deutsche Wohnen SE,,DWNI GR,Germany,7466.0,,,287815.0,0.0
31/12/2024,Care Super,Balanced,Listed Property,1,Dexus,,DXS AU,Australia,5441399.0,,,36239717.0,0.0009
31/12/2024,Care Super,Balanced,Listed Property,1,Dexus Industria REIT,,DXI AU,Australia,28405.0,,,73000.0,0.0
31/12/2024,Care Super,Balanced,Listed Property,1,DiamondRock Hospitality Co,,DRH US,United States,27869.0,,,406456.0,0.0
31/12/2024,Care Super,Balanced,Listed Property,1,DigiCo Infrastructure REIT,,DGT AU,Australia,733222.0,,,3262837.0,0.0001
31/12/2024,Care Super,Balanced,Listed Property,1,Digital Realty Trust Inc,,DLR US,United States,57103.0,,,16354699.0,0.0004
31/12/2024,Care Super,Balanced,Listed Property,1,Dios Fastigheter AB,,DIOS SS,Sweden,15003.0,,,173694.0,0.0
31/12/2024,Care Super,Balanced,Listed Property,1,Douglas Emmett Inc,,DEI US,United States,21917.0,,,656999.0,0.0
31/12/2024,Care Super,Balanced,Listed Property,1,Dream Industrial Real Estate Investment Trust,,DIR-U CN,Canada,35007.0,,,464297.0,0.0
31/12/2024,Care Super,Balanced,Listed Property,1,Easterly Government Properties Inc,,DEA US,United States,13653.0,,,250495.0,0.0
31/12/2024,Care Super,Balanced,Listed Property,1,EastGroup Properties Inc,,EGP US,United States,6194.0,,,1605428.0,0.0
31/12/2024,Care Super,Balanced,Listed Property,1,Elme Communities,,ELME US,United States,12006.0,,,296099.0,0.0
31/12/2024,Care Super,Balanced,Listed Property,1,Emaar Properties PJSC,,EMAAR UH,United Arab Emirates,959177.0,,,5419752.0,0.0001
31/12/2024,Care Super,Balanced,Listed Property,1,Empire State Realty Trust Inc,,ESRT US,United States,18282.0,,,304729.0,0.0
31/12/2024,Care Super,Balanced,Listed Property,1,Empiric Student Property PLC,,ESP LN,United Kingdom,113960.0,,,192479.0,0.0
31/12/2024,Care Super,Balanced,Listed Property,1,Entra ASA,,ENTRA NO,Norway,11043.0,,,181532.0,0.0
31/12/2024,Care Super,Balanced,Listed Property,1,EPR Properties,,EPR US,United States,9907.0,,,708549.0,0.0
31/12/2024,Care Super,Balanced,Listed Property,1,Equinix Inc,,EQIX US,United States,23532.0,,,35836735.0,0.0008
31/12/2024,Care Super,Balanced,Listed Property,1,Equity LifeStyle Properties Inc,,ELS US,United States,24233.0,,,2606711.0,0.0001
31/12/2024,Care Super,Balanced,Listed Property,1,Equity Residential,,EQR US,United States,107806.0,,,12494770.0,0.0003
31/12/2024,Care Super,Balanced,Listed Property,1,ESR-REIT,,EREIT SP,Singapore,899770.0,,,271642.0,0.0
31/12/2024,Care Super,Balanced,Listed Property,1,Essential Properties Realty Trust Inc,,EPRT US,United States,22735.0,,,1148615.0,0.0
31/12/2024,Care Super,Balanced,Listed Property,1,Essex Property Trust Inc,,ESS US,United States,21241.0,,,9792323.0,0.0002
31/12/2024,Care Super,Balanced,Listed Property,1,Eurocommercial Properties NV,,ECMPA NA,Netherlands,7753.0,,,287852.0,0.0
31/12/2024,Care Super,Balanced,Listed Property,1,Extra Space Storage Inc,,EXR US,United States,35580.0,,,8596792.0,0.0002
31/12/2024,Care Super,Balanced,Listed Property,1,Fabege AB,,FABG SS,Sweden,35642.0,,,431381.0,0.0
31/12/2024,Care Super,Balanced,Listed Property,1,Fastighets AB Balder,,BALDB SS,Sweden,83531.0,,,937736.0,0.0
31/12/2024,Care Super,Balanced,Listed Property,1,Federal Realty Investment Trust,,FRT US,United States,10810.0,,,1954604.0,0.0
31/12/2024,Care Super,Balanced,Listed Property,1,Fibra Uno Administracion SA de CV,,FUNO11 MM,Mexico,316817.0,,,509907.0,0.0
31/12/2024,Care Super,Balanced,Listed Property,1,First Capital Real Estate Investment Trust,,FCR-U CN,Canada,27539.0,,,524520.0,0.0
31/12/2024,Care Super,Balanced,Listed Property,1,First Industrial Realty Trust Inc,,FR US,United States,17243.0,,,1396091.0,0.0
31/12/2024,Care Super,Balanced,Listed Property,1,FirstService Corp,,FSV CN,Canada,15840.0,,,4631861.0,0.0001
31/12/2024,Care Super,Balanced,Listed Property,1,Fortune Real Estate Investment Trust,,778 HK,Hong Kong,250810.0,,,208072.0,0.0
31/12/2024,Care Super,Balanced,Listed Property,1,Four Corners Property Trust Inc,,FCPT US,United States,12029.0,,,527278.0,0.0
31/12/2024,Care Super,Balanced,Listed Property,1,Frasers Centrepoint Trust,,FCT SP,Singapore,163371.0,,,408117.0,0.0
31/12/2024,Care Super,Balanced,Listed Property,1,Frasers Logistics & Commercial Trust,,FLT SP,Singapore,417172.0,,,434634.0,0.0
31/12/2024,Care Super,Balanced,Listed Property,1,Frontier Real Estate Investment Corp,,8964 JP,Japan,384.0,,,306231.0,0.0
31/12/2024,Care Super,Balanced,Listed Property,1,Fukuoka REIT Corp,,8968 JP,Japan,133.0,,,198873.0,0.0
31/12/2024,Care Super,Balanced,Listed Property,1,Gaming and Leisure Properties Inc,,GLPI US,United States,64023.0,,,4979943.0,0.0001
31/12/2024,Care Super,Balanced,Listed Property,1,Gecina SA,,GFC FP,France,6960.0,,,1052829.0,0.0
31/12/2024,Care Super,Balanced,Listed Property,1,Getty Realty Corp,,GTY US,United States,6628.0,,,322562.0,0.0
31/12/2024,Care Super,Balanced,Listed Property,1,Global Net Lease Inc,,GNL US,United States,27522.0,,,324489.0,0.0
31/12/2024,Care Super,Balanced,Listed Property,1,Global One Real Estate Investment Corp,,8958 JP,Japan,200.0,,,203673.0,0.0
31/12/2024,Care Super,Balanced,Listed Property,1,GLP J-Reit,,3281 JP,Japan,618.0,,,783986.0,0.0
31/12/2024,Care Super,Balanced,Listed Property,1,Goodman Group,,GMG AU,Australia,4952541.0,,,176508564.0,0.0042
31/12/2024,Care Super,Balanced,Listed Property,1,Goodman Property Trust,,GMT NZ,New Zealand,165853.0,,,301651.0,0.0
31/12/2024,Care Super,Balanced,Listed Property,1,GPT Group/The,,GPT AU,Australia,2528853.0,,,11051088.0,0.0003
31/12/2024,Care Super,Balanced,Listed Property,1,Grand City Properties SA,,GYC GR,Germany,14605.0,,,287013.0,0.0
31/12/2024,Care Super,Balanced,Listed Property,1,Granite Real Estate Investment Trust,,GRT-U CN,Canada,8166.0,,,639757.0,0.0
31/12/2024,Care Super,Balanced,Listed Property,1,Great Portland Estates PLC,,GPE LN,United Kingdom,56562.0,,,329505.0,0.0
31/12/2024,Care Super,Balanced,Listed Property,1,Growthpoint Properties Australia Ltd,,GOZ AU,Australia,54054.0,,,128649.0,0.0
31/12/2024,Care Super,Balanced,Listed Property,1,H&R Real Estate Investment Trust,,HR-U CN,Canada,34629.0,,,360884.0,0.0
31/12/2024,Care Super,Balanced,Listed Property,1,Hammerson PLC,,HMSO LN,United Kingdom,61400.0,,,347258.0,0.0
31/12/2024,Care Super,Balanced,Listed Property,1,Healthcare Realty Trust Inc,,HR US,United States,50890.0,,,1393171.0,0.0
31/12/2024,Care Super,Balanced,Listed Property,1,HealthCo REIT,,HCW AU,Australia,80375.0,,,81982.0,0.0
31/12/2024,Care Super,Balanced,Listed Property,1,Healthpeak Properties Inc,,DOC US,United States,158370.0,,,5184798.0,0.0001
31/12/2024,Care Super,Balanced,Listed Property,1,Heiwa Real Estate REIT Inc,,8966 JP,Japan,160.0,,,197073.0,0.0
31/12/2024,Care Super,Balanced,Listed Property,1,Highwoods Properties Inc,,HIW US,United States,14014.0,,,692150.0,0.0
31/12/2024,Care Super,Balanced,Listed Property,1,HMC Capital Ltd,,HMC AU,Australia,1073976.0,,,10589405.0,0.0002
31/12/2024,Care Super,Balanced,Listed Property,1,HomeCo Daily Needs REIT,,HDN AU,Australia,276564.0,,,316666.0,0.0
31/12/2024,Care Super,Balanced,Listed Property,1,Hongkong Land Holdings Ltd,,HKL SP,Singapore,149795.0,,,1076620.0,0.0
31/12/2024,Care Super,Balanced,Listed Property,1,Hoshino Resorts REIT Inc,,3287 JP,Japan,77.0,,,177854.0,0.0
31/12/2024,Care Super,Balanced,Listed Property,1,Host Hotels & Resorts Inc,,HST US,United States,159593.0,,,4515987.0,0.0001
31/12/2024,Care Super,Balanced,Listed Property,1,Hotel Property Investments Ltd,,HPI AU,Australia,21698.0,,,81369.0,0.0
31/12/2024,Care Super,Balanced,Listed Property,1,Hufvudstaden AB,,HUFVA SS,Sweden,16993.0,,,300804.0,0.0
31/12/2024,Care Super,Balanced,Listed Property,1,Hulic Reit Inc,,3295 JP,Japan,197.0,,,278139.0,0.0
31/12/2024,Care Super,Balanced,Listed Property,1,Hysan Development Co Ltd,,14 HK,Hong Kong,97409.0,,,239800.0,0.0
31/12/2024,Care Super,Balanced,Listed Property,1,ICADE,,ICAD FP,France,5262.0,,,202220.0,0.0
31/12/2024,Care Super,Balanced,Listed Property,1,Independence Realty Trust Inc,,IRT US,United States,29575.0,,,947693.0,0.0
31/12/2024,Care Super,Balanced,Listed Property,1,Industrial & Infrastructure Fund Investment Corp,,3249 JP,Japan,315.0,,,372238.0,0.0
31/12/2024,Care Super,Balanced,Listed Property,1,Ingenia Communities Group,,INA AU,Australia,568420.0,,,2603363.0,0.0001
31/12/2024,Care Super,Balanced,Listed Property,1,Inmobiliaria Colonial Socimi SA,,COL SM,Spain,42508.0,,,367905.0,0.0
31/12/2024,Care Super,Balanced,Listed Property,1,Innovative Industrial Properties Inc,,IIPR US,United States,3654.0,,,393285.0,0.0
31/12/2024,Care Super,Balanced,Listed Property,1,InterRent Real Estate Investment Trust,,IIP-U CN,Canada,17442.0,,,198818.0,0.0
31/12/2024,Care Super,Balanced,Listed Property,1,InvenTrust Properties Corp,,IVT US,United States,9063.0,,,441032.0,0.0
31/12/2024,Care Super,Balanced,Listed Property,1,Invincible Investment Corp,,8963 JP,Japan,918.0,,,624612.0,0.0
31/12/2024,Care Super,Balanced,Listed Property,1,Invitation Homes Inc,,INVH US,United States,79889.0,,,4125071.0,0.0001
31/12/2024,Care Super,Balanced,Listed Property,1,Iron Mountain Inc,,IRM US,United States,38177.0,,,6481073.0,0.0002
31/12/2024,Care Super,Balanced,Listed Property,1,Japan Excellent Inc,,8987 JP,Japan,189.0,,,225320.0,0.0
31/12/2024,Care Super,Balanced,Listed Property,1,Japan Hotel REIT Investment Corp,,8985 JP,Japan,636.0,,,461336.0,0.0
31/12/2024,Care Super,Balanced,Listed Property,1,Japan Logistics Fund Inc,,8967 JP,Japan,120.0,,,323645.0,0.0
31/12/2024,Care Super,Balanced,Listed Property,1,Japan Metropolitan Fund Invest,,8953 JP,Japan,927.0,,,859590.0,0.0
31/12/2024,Care Super,Balanced,Listed Property,1,Japan Prime Realty Investment Corp,,8955 JP,Japan,125.0,,,405364.0,0.0
31/12/2024,Care Super,Balanced,Listed Property,1,Japan Real Estate Investment Corp,,8952 JP,Japan,867.0,,,961077.0,0.0
31/12/2024,Care Super,Balanced,Listed Property,1,JBG SMITH Properties,,JBGS US,United States,12167.0,,,302037.0,0.0
31/12/2024,Care Super,Balanced,Listed Property,1,KDX Realty Investment Corp,,8972 JP,Japan,542.0,,,831963.0,0.0
31/12/2024,Care Super,Balanced,Listed Property,1,KE Holdings Inc,,BEKE US,United States,361139.0,,,10744063.0,0.0003
31/12/2024,Care Super,Balanced,Listed Property,1,Kennedy-Wilson Holdings Inc,,KW US,United States,16304.0,,,263068.0,0.0
31/12/2024,Care Super,Balanced,Listed Property,1,Keppel DC REIT,,KDCREIT SP,Singapore,178098.0,,,459665.0,0.0
31/12/2024,Care Super,Balanced,Listed Property,1,Keppel REIT,,KREIT SP,Singapore,377748.0,,,389088.0,0.0
31/12/2024,Care Super,Balanced,Listed Property,1,Killam Apartment Real Estate Investment Trust,,KMP-U CN,Canada,15625.0,,,300062.0,0.0
31/12/2024,Care Super,Balanced,Listed Property,1,Kilroy Realty Corp,,KRC US,United States,15696.0,,,1025438.0,0.0
31/12/2024,Care Super,Balanced,Listed Property,1,Kimco Realty Corp,,KIM US,United States,162900.0,,,6164489.0,0.0001
31/12/2024,Care Super,Balanced,Listed Property,1,Kite Realty Group Trust,,KRG US,United States,28542.0,,,1163517.0,0.0
31/12/2024,Care Super,Balanced,Listed Property,1,Kiwi Property Group Ltd,,KPG NZ,New Zealand,301238.0,,,245323.0,0.0
31/12/2024,Care Super,Balanced,Listed Property,1,Klepierre SA,,LI FP,France,83692.0,,,3891174.0,0.0001
31/12/2024,Care Super,Balanced,Listed Property,1,Kojamo Oyj,,KOJAMO FH,Finland,22475.0,,,352950.0,0.0
31/12/2024,Care Super,Balanced,Listed Property,1,Land Securities Group PLC,,LAND LN,United Kingdom,90347.0,,,1067274.0,0.0
31/12/2024,Care Super,Balanced,Listed Property,1,LaSalle Logiport REIT,,3466 JP,Japan,257.0,,,375230.0,0.0
31/12/2024,Care Super,Balanced,Listed Property,1,LEG Immobilien SE,,LEG GR,Germany,9917.0,,,1356771.0,0.0
31/12/2024,Care Super,Balanced,Listed Property,1,Lendlease Corp Ltd,,LLC AU,Australia,3312434.0,,,20636462.0,0.0005
31/12/2024,Care Super,Balanced,Listed Property,1,Lendlease Global Commercial REIT,,LREIT SP,Singapore,300204.0,,,195482.0,0.0
31/12/2024,Care Super,Balanced,Listed Property,1,Lifestyle Communities Ltd,,LIC AU,Australia,15768.0,,,134974.0,0.0
31/12/2024,Care Super,Balanced,Listed Property,1,Link REIT,,823 HK,Hong Kong,340165.0,,,2323394.0,0.0001
31/12/2024,Care Super,Balanced,Listed Property,1,LondonMetric Property PLC,,LMP LN,United Kingdom,263167.0,,,958720.0,0.0
31/12/2024,Care Super,Balanced,Listed Property,1,LTC Properties Inc,,LTC US,United States,5733.0,,,319891.0,0.0
31/12/2024,Care Super,Balanced,Listed Property,1,LXP Industrial Trust,,LXP US,United States,38224.0,,,501302.0,0.0
31/12/2024,Care Super,Balanced,Listed Property,1,Macerich Co/The,,MAC US,United States,28461.0,,,915684.0,0.0
31/12/2024,Care Super,Balanced,Listed Property,1,Macrotech Developers Ltd,,LODHA IN,India,185770.0,,,4869276.0,0.0001
31/12/2024,Care Super,Balanced,Listed Property,1,Mapletree Industrial Trust,,MINT SP,Singapore,278728.0,,,729289.0,0.0
31/12/2024,Care Super,Balanced,Listed Property,1,Mapletree Logistics Trust,,MLT SP,Singapore,459434.0,,,690801.0,0.0
31/12/2024,Care Super,Balanced,Listed Property,1,Mapletree Pan Asia Commercial Trust,,MPACT SP,Singapore,324979.0,,,465550.0,0.0
31/12/2024,Care Super,Balanced,Listed Property,1,Medical Properties Trust Inc,,MPW US,United States,79942.0,,,510004.0,0.0
31/12/2024,Care Super,Balanced,Listed Property,1,Melisron Ltd,,MLSR IT,Israel,3376.0,,,484907.0,0.0
31/12/2024,Care Super,Balanced,Listed Property,1,Mercialys SA,,MERY FP,France,14351.0,,,242647.0,0.0
31/12/2024,Care Super,Balanced,Listed Property,1,Merlin Properties Socimi SA,,MRL SM,Spain,45131.0,,,766874.0,0.0
31/12/2024,Care Super,Balanced,Listed Property,1,Mid-America Apartment Communities Inc,,MAA US,United States,22676.0,,,5661071.0,0.0001
31/12/2024,Care Super,Balanced,Listed Property,1,Mirvac Group,,MGR AU,Australia,24148466.0,,,45278374.0,0.0011
31/12/2024,Care Super,Balanced,Listed Property,1,Mitsubishi Estate Co Ltd,,8802 JP,Japan,15627.0,,,353399.0,0.0
31/12/2024,Care Super,Balanced,Listed Property,1,Mitsubishi Estate Logistics REIT Investment Corp,,3481 JP,Japan,71.0,,,254006.0,0.0
31/12/2024,Care Super,Balanced,Listed Property,1,Mitsui Fudosan Co Ltd,,8801 JP,Japan,39491.0,,,515429.0,0.0
31/12/2024,Care Super,Balanced,Listed Property,1,Mitsui Fudosan Logistics Park Inc,,3471 JP,Japan,301.0,,,313625.0,0.0
31/12/2024,Care Super,Balanced,Listed Property,1,Mobimo Holding AG,,MOBN SW,Switzerland,1146.0,,,598371.0,0.0
31/12/2024,Care Super,Balanced,Listed Property,1,Montea NV,,MONT BB,Belgium,2559.0,,,270882.0,0.0
31/12/2024,Care Super,Balanced,Listed Property,1,Mori Hills REIT Investment Corp,,3234 JP,Japan,226.0,,,288106.0,0.0
31/12/2024,Care Super,Balanced,Listed Property,1,Mori Trust Reit Inc,,8961 JP,Japan,381.0,,,241321.0,0.0
31/12/2024,Care Super,Balanced,Listed Property,1,Multiplan Empreendimentos Imobiliarios SA,,MULT3 BZ,Brazil,279774.0,,,1541857.0,0.0
31/12/2024,Care Super,Balanced,Listed Property,1,National Health Investors Inc,,NHI US,United States,5512.0,,,616909.0,0.0
31/12/2024,Care Super,Balanced,Listed Property,1,National Storage Affiliates Trust,,NSA US,United States,9524.0,,,583137.0,0.0
31/12/2024,Care Super,Balanced,Listed Property,1,National Storage REIT,,NSR AU,Australia,2392693.0,,,5598901.0,0.0001
31/12/2024,Care Super,Balanced,Listed Property,1,NEPI Rockcastle NV,,NRP SJ,South Africa,686.0,,,8104.0,0.0
31/12/2024,Care Super,Balanced,Listed Property,1,NETSTREIT Corp,,NTST US,United States,9927.0,,,226860.0,0.0
31/12/2024,Care Super,Balanced,Listed Property,1,NexPoint Residential Trust Inc,,NXRT US,United States,3109.0,,,209620.0,0.0
31/12/2024,Care Super,Balanced,Listed Property,1,Nippon Accommodations Fund Inc,,3226 JP,Japan,64.0,,,384038.0,0.0
31/12/2024,Care Super,Balanced,Listed Property,1,Nippon Building Fund Inc,,8951 JP,Japan,1010.0,,,1270649.0,0.0
31/12/2024,Care Super,Balanced,Listed Property,1,Nippon Prologis REIT Inc,,3283 JP,Japan,330.0,,,755504.0,0.0
31/12/2024,Care Super,Balanced,Listed Property,1,NIPPON REIT Investment Corp,,3296 JP,Japan,285.0,,,223144.0,0.0
31/12/2024,Care Super,Balanced,Listed Property,1,NNN REIT Inc,,NNN US,United States,23779.0,,,1568903.0,0.0
31/12/2024,Care Super,Balanced,Listed Property,1,Nomura Real Estate Master Fund Inc,,3462 JP,Japan,606.0,,,857471.0,0.0
31/12/2024,Care Super,Balanced,Listed Property,1,NorthWest Healthcare Properties Real Estate Investment Trust,,NWH-U CN,Canada,31987.0,,,159852.0,0.0
31/12/2024,Care Super,Balanced,Listed Property,1,NP3 Fastigheter AB,,NP3 SS,Sweden,4076.0,,,148946.0,0.0
31/12/2024,Care Super,Balanced,Listed Property,1,NTT UD REIT Investment Corp,,8956 JP,Japan,220.0,,,270565.0,0.0
31/12/2024,Care Super,Balanced,Listed Property,1,Nyfosa AB,,NYF SS,Sweden,25083.0,,,395619.0,0.0
31/12/2024,Care Super,Balanced,Listed Property,1,Omega Healthcare Investors Inc,,OHI US,United States,49709.0,,,3038816.0,0.0001
31/12/2024,Care Super,Balanced,Listed Property,1,Orix JREIT Inc,,8954 JP,Japan,355.0,,,598891.0,0.0
31/12/2024,Care Super,Balanced,Listed Property,1,Pandox AB,,PNDXB SS,Sweden,12319.0,,,345373.0,0.0
31/12/2024,Care Super,Balanced,Listed Property,1,Paramount Group Inc,,PGRE US,United States,26599.0,,,212224.0,0.0
31/12/2024,Care Super,Balanced,Listed Property,1,Park Hotels & Resorts Inc,,PK US,United States,27608.0,,,627389.0,0.0
31/12/2024,Care Super,Balanced,Listed Property,1,Parkway Life Real Estate Investment Trust,,PREIT SP,Singapore,62894.0,,,279233.0,0.0
31/12/2024,Care Super,Balanced,Listed Property,1,Pebblebrook Hotel Trust,,PEB US,United States,16056.0,,,351375.0,0.0
31/12/2024,Care Super,Balanced,Listed Property,1,PEXA Group Ltd,,PXA AU,Australia,1001409.0,,,13078402.0,0.0003
31/12/2024,Care Super,Balanced,Listed Property,1,Phillips Edison & Co Inc,,PECO US,United States,16239.0,,,982494.0,0.0
31/12/2024,Care Super,Balanced,Listed Property,1,Phoenix Mills Ltd/The,,PHNX IN,India,15321.0,,,472275.0,0.0
31/12/2024,Care Super,Balanced,Listed Property,1,Piedmont Office Realty Trust Inc,,PDM US,United States,17564.0,,,259560.0,0.0
31/12/2024,Care Super,Balanced,Listed Property,1,Precinct Properties Group,,PCT NZ,New Zealand,238966.0,,,255155.0,0.0
31/12/2024,Care Super,Balanced,Listed Property,1,Primaris Real Estate Investment Trust,,PMZ-U CN,Canada,13961.0,,,242544.0,0.0
31/12/2024,Care Super,Balanced,Listed Property,1,Primary Health Properties PLC,,PHP LN,United Kingdom,213355.0,,,402653.0,0.0
31/12/2024,Care Super,Balanced,Listed Property,1,Prologis Inc,,PLD US,United States,131567.0,,,22460911.0,0.0005
31/12/2024,Care Super,Balanced,Listed Property,1,PRS REIT Plc/The,,PRSR LN,United Kingdom,111604.0,,,242907.0,0.0
31/12/2024,Care Super,Balanced,Listed Property,1,PSP Swiss Property AG,,PSPN SW,Switzerland,12920.0,,,2968029.0,0.0001
31/12/2024,Care Super,Balanced,Listed Property,1,Public Storage,,PSA US,United States,32157.0,,,15552099.0,0.0004
31/12/2024,Care Super,Balanced,Listed Property,1,Qualitas Real Estate Income Fund,,QRI AU,Australia,57651.0,,,96565.0,0.0
31/12/2024,Care Super,Balanced,Listed Property,1,Realty Income Corp,,O US,United States,137372.0,,,11850208.0,0.0003
31/12/2024,Care Super,Balanced,Listed Property,1,Regency Centers Corp,,REG US,United States,35049.0,,,4185059.0,0.0001
31/12/2024,Care Super,Balanced,Listed Property,1,Region RE Ltd,,RGN AU,Australia,5494738.0,,,11374108.0,0.0003
31/12/2024,Care Super,Balanced,Listed Property,1,Retail Estates NV,,RET BB,Belgium,2302.0,,,228282.0,0.0
31/12/2024,Care Super,Balanced,Listed Property,1,Retail Opportunity Investments Corp,,ROIC US,United States,16584.0,,,464993.0,0.0
31/12/2024,Care Super,Balanced,Listed Property,1,Rexford Industrial Realty Inc,,REXR US,United States,28149.0,,,1757633.0,0.0
31/12/2024,Care Super,Balanced,Listed Property,1,RioCan Real Estate Investment Trust,,REI-U CN,Canada,38982.0,,,800251.0,0.0
31/12/2024,Care Super,Balanced,Listed Property,1,RLJ Lodging Trust,,RLJ US,United States,20694.0,,,341259.0,0.0
31/12/2024,Care Super,Balanced,Listed Property,1,Rural Funds Group,,RFF AU,Australia,89891.0,,,155960.0,0.0
31/12/2024,Care Super,Balanced,Listed Property,1,Ryman Hospitality Properties Inc,,RHP US,United States,7641.0,,,1287650.0,0.0
31/12/2024,Care Super,Balanced,Listed Property,1,Sabra Health Care REIT Inc,,SBRA US,United States,30491.0,,,852961.0,0.0
31/12/2024,Care Super,Balanced,Listed Property,1,Safehold Inc,,SAFE US,United States,6915.0,,,206403.0,0.0
31/12/2024,Care Super,Balanced,Listed Property,1,Safestore Holdings PLC,,SAFE LN,United Kingdom,31422.0,,,409320.0,0.0
31/12/2024,Care Super,Balanced,Listed Property,1,Sagax AB,,SAGAB SS,Sweden,28508.0,,,942604.0,0.0
31/12/2024,Care Super,Balanced,Listed Property,1,Samhallsbyggnadsbolaget i Norden AB,,SBBB SS,Sweden,160961.0,,,106596.0,0.0
31/12/2024,Care Super,Balanced,Listed Property,1,SBA Communications Corp,,SBAC US,United States,7356.0,,,2421435.0,0.0001
31/12/2024,Care Super,Balanced,Listed Property,1,Scentre Group,,SCG AU,Australia,10204022.0,,,34999795.0,0.0008
31/12/2024,Care Super,Balanced,Listed Property,1,Segro PLC,,SGRO LN,United Kingdom,174052.0,,,2468696.0,0.0001
31/12/2024,Care Super,Balanced,Listed Property,1,Sekisui House Reit Inc,,3309 JP,Japan,595.0,,,472890.0,0.0
31/12/2024,Care Super,Balanced,Listed Property,1,Service Properties Trust,,SVC US,United States,23641.0,,,96983.0,0.0
31/12/2024,Care Super,Balanced,Listed Property,1,Shaftesbury Capital PLC,,SHC LN,United Kingdom,204271.0,,,518558.0,0.0
31/12/2024,Care Super,Balanced,Listed Property,1,Shurgard Self Storage Ltd,,SHUR BB,Belgium,4547.0,,,272614.0,0.0
31/12/2024,Care Super,Balanced,Listed Property,1,Simon Property Group Inc,,SPG US,United States,56028.0,,,15583505.0,0.0004
31/12/2024,Care Super,Balanced,Listed Property,1,Sino Land Co Ltd,,83 HK,Hong Kong,195878.0,,,319708.0,0.0
31/12/2024,Care Super,Balanced,Listed Property,1,Sirius Real Estate Ltd,,SRE LN,United Kingdom,193686.0,,,307549.0,0.0
31/12/2024,Care Super,Balanced,Listed Property,1,SITE Centers Corp,,SITC US,United States,6157.0,,,152041.0,0.0
31/12/2024,Care Super,Balanced,Listed Property,1,SL Green Realty Corp,,SLG US,United States,8738.0,,,958597.0,0.0
31/12/2024,Care Super,Balanced,Listed Property,1,SmartCentres Real Estate Investment Trust,,SRU-U CN,Canada,17465.0,,,479734.0,0.0
31/12/2024,Care Super,Balanced,Listed Property,1,STAG Industrial Inc,,STAG US,United States,23542.0,,,1285918.0,0.0
31/12/2024,Care Super,Balanced,Listed Property,1,Star Asia Investment Corp,,3468 JP,Japan,405.0,,,214754.0,0.0
31/12/2024,Care Super,Balanced,Listed Property,1,Starhill Global REIT,,SGREIT SP,Singapore,289313.0,,,171263.0,0.0
31/12/2024,Care Super,Balanced,Listed Property,1,Stockland,,SGP AU,Australia,5499444.0,,,26397332.0,0.0006
31/12/2024,Care Super,Balanced,Listed Property,1,StorageVault Canada Inc,,SVI CN,Canada,31218.0,,,138128.0,0.0
31/12/2024,Care Super,Balanced,Listed Property,1,Summit Hotel Properties Inc,,INN US,United States,15019.0,,,166168.0,0.0
31/12/2024,Care Super,Balanced,Listed Property,1,Sun Communities Inc,,SUI US,United States,16221.0,,,3221732.0,0.0001
31/12/2024,Care Super,Balanced,Listed Property,1,Sun Hung Kai Properties Ltd,,16 HK,Hong Kong,213198.0,,,3309110.0,0.0001
31/12/2024,Care Super,Balanced,Listed Property,1,Sunstone Hotel Investors Inc,,SHO US,United States,26748.0,,,511495.0,0.0
31/12/2024,Care Super,Balanced,Listed Property,1,Suntec Real Estate Investment Trust,,SUN SP,Singapore,325746.0,,,451222.0,0.0
31/12/2024,Care Super,Balanced,Listed Property,1,Supermarket Income Reit PLC,,SUPR LN,United Kingdom,217071.0,,,299017.0,0.0
31/12/2024,Care Super,Balanced,Listed Property,1,Swire Properties Ltd,,1972 HK,Hong Kong,148798.0,,,489443.0,0.0
31/12/2024,Care Super,Balanced,Listed Property,1,TAG Immobilien AG,,TEG GR,Germany,20485.0,,,491979.0,0.0
31/12/2024,Care Super,Balanced,Listed Property,1,Tanger Inc,,SKT US,United States,13961.0,,,769584.0,0.0
31/12/2024,Care Super,Balanced,Listed Property,1,Target Healthcare REIT PLC,,THRL LN,United Kingdom,128467.0,,,218281.0,0.0
31/12/2024,Care Super,Balanced,Listed Property,1,Terreno Realty Corp,,TRNO US,United States,12326.0,,,1177328.0,0.0
31/12/2024,Care Super,Balanced,Listed Property,1,Tokyu Fudosan Holdings Corp,,3289 JP,Japan,145033.0,,,1442196.0,0.0
31/12/2024,Care Super,Balanced,Listed Property,1,Tokyu REIT Inc,,8957 JP,Japan,149.0,,,239776.0,0.0
31/12/2024,Care Super,Balanced,Listed Property,1,Tritax Big Box REIT PLC,,BBOX LN,United Kingdom,323394.0,,,868060.0,0.0
31/12/2024,Care Super,Balanced,Listed Property,1,UDR Inc,,UDR US,United States,42990.0,,,3014102.0,0.0001
31/12/2024,Care Super,Balanced,Listed Property,1,Unibail-Rodamco-Westfield,,URW AU,Australia,20268.0,,,122011.0,0.0
31/12/2024,Care Super,Balanced,Listed Property,1,Unibail-Rodamco-Westfield,,URW FP,France,13804.0,,,1678887.0,0.0
31/12/2024,Care Super,Balanced,Listed Property,1,UNITE Group PLC/The,,UTG LN,United Kingdom,48990.0,,,799205.0,0.0
31/12/2024,Care Super,Balanced,Listed Property,1,United Urban Investment Corp,,8960 JP,Japan,405.0,,,585996.0,0.0
31/12/2024,Care Super,Balanced,Listed Property,1,UOL Group Ltd,,UOL SP,Singapore,660423.0,,,4034576.0,0.0001
31/12/2024,Care Super,Balanced,Listed Property,1,Urban Edge Properties,,UE US,United States,15795.0,,,548477.0,0.0
31/12/2024,Care Super,Balanced,Listed Property,1,Urban Logistics REIT PLC,,SHED LN,United Kingdom,88978.0,,,184303.0,0.0
31/12/2024,Care Super,Balanced,Listed Property,1,Ventas Inc,,VTR US,United States,139461.0,,,13264774.0,0.0003
31/12/2024,Care Super,Balanced,Listed Property,1,Veris Residential Inc,,VRE US,United States,10746.0,,,288623.0,0.0
31/12/2024,Care Super,Balanced,Listed Property,1,VICI Properties Inc,,VICI US,United States,421923.0,,,19905323.0,0.0005
31/12/2024,Care Super,Balanced,Listed Property,1,Vicinity Ltd,,VCX AU,Australia,10369640.0,,,21776244.0,0.0005
31/12/2024,Care Super,Balanced,Listed Property,1,Vonovia SE,,VNA GR,Germany,91539.0,,,4488755.0,0.0001
31/12/2024,Care Super,Balanced,Listed Property,1,Vornado Realty Trust,,VNO US,United States,23324.0,,,1583672.0,0.0
31/12/2024,Care Super,Balanced,Listed Property,1,Wallenstam AB,,WALLB SS,Sweden,47362.0,,,330927.0,0.0
31/12/2024,Care Super,Balanced,Listed Property,1,Warehouse Reit PLC,,WHR LN,United Kingdom,89722.0,,,142649.0,0.0
31/12/2024,Care Super,Balanced,Listed Property,1,Warehouses De Pauw CVA,,WDP BB,Belgium,22487.0,,,714560.0,0.0
31/12/2024,Care Super,Balanced,Listed Property,1,Waypoint REIT Ltd,,WPR AU,Australia,6323230.0,,,14733125.0,0.0003
31/12/2024,Care Super,Balanced,Listed Property,1,Welltower Inc,,WELL US,United States,145671.0,,,29651906.0,0.0007000000000000001
31/12/2024,Care Super,Balanced,Listed Property,1,Weyerhaeuser Co,,WY US,United States,54135.0,,,2461269.0,0.0001
31/12/2024,Care Super,Balanced,Listed Property,1,Wharf Real Estate Investment Co Ltd,,1997 HK,Hong Kong,208624.0,,,861474.0,0.0
31/12/2024,Care Super,Balanced,Listed Property,1,Wihlborgs Fastigheter AB,,WIHL SS,Sweden,37384.0,,,572683.0,0.0
31/12/2024,Care Super,Balanced,Listed Property,1,Workspace Group PLC,,WKP LN,United Kingdom,22154.0,,,220030.0,0.0
31/12/2024,Care Super,Balanced,Listed Property,1,WP Carey Inc,,WPC US,United States,40399.0,,,3554759.0,0.0001
31/12/2024,Care Super,Balanced,Listed Property,1,Xenia Hotels & Resorts Inc,,XHR US,United States,13643.0,,,327433.0,0.0
31/12/2024,Care Super,Balanced,Listed Property,1,Xior Student Housing NV,,XIOR BB,Belgium,4951.0,,,245511.0,0.0
31/12/2024,Care Super,Balanced,Listed Property,1,Zillow Group Inc,,Z US,United States,8465.0,,,1012393.0,0.0
31/12/2024,Care Super,Balanced,Listed Property,1,Sub Total,,,,,,,1006022437.0,0.023700000000000002
31/12/2024,Care Super,Balanced,Unlisted Property,0,Flagstone & Spring,,,,,0.0,Spring Mountain Drive and Pademelon Court Greenbank QLD 4124,,
31/12/2024,Care Super,Balanced,Unlisted Property,0,Flinders Ports Wineshed,,,,,1.0,"Lot 5, Pelican Point Road, Outer Harbour, SA, 5018",,
31/12/2024,Care Super,Balanced,Unlisted Property,0,PEET Alkimos Pty Ltd,,,,,0.5372,"47 Painted Pkwy, Alkimos WA 6038",,
31/12/2024,Care Super,Balanced,Unlisted Property,0,Sub Total,,,,,,,47216770.0,0.0011
31/12/2024,Care Super,Balanced,Unlisted Property,1,Charter Hall Holdings Pty Ltd,,,,,,,656737830.0,0.0155
31/12/2024,Care Super,Balanced,Unlisted Property,1,Dexus Wholesale Property Limited,,,,,,,542670029.0,0.0128
31/12/2024,Care Super,Balanced,Unlisted Property,1,Gresham Partners Group Limited,,,,,,,22535.0,0.0
31/12/2024,Care Super,Balanced,Unlisted Property,1,HMC Capital,,,,,,,74474345.0,0.0018
31/12/2024,Care Super,Balanced,Unlisted Property,1,Investa Property Group,,,,,,,80831767.0,0.0019
31/12/2024,Care Super,Balanced,Unlisted Property,1,ISPT Pty Ltd,,,,,,,456614723.0,0.0108
31/12/2024,Care Super,Balanced,Unlisted Property,1,JGS Private Capital,,,,,,,560880154.0,0.0132
31/12/2024,Care Super,Balanced,Unlisted Property,1,Lendlease Real Estate Investments Limited,,,,,,,204397575.0,0.0048
31/12/2024,Care Super,Balanced,Unlisted Property,1,Nuveen Alternative Advisors LLC,,,,,,,307081107.0,0.0072
31/12/2024,Care Super,Balanced,Unlisted Property,1,Sub Total,,,,,,,2883710065.0,0.068
31/12/2024,Care Super,Balanced,Listed Infrastructure,1,APA Group,,APA AU,Australia,481517.0,,,3356175.0,0.0001
31/12/2024,Care Super,Balanced,Listed Infrastructure,1,Atlas Arteria Ltd,,ALX AU,Australia,1450053.0,,,6887752.0,0.0002
31/12/2024,Care Super,Balanced,Listed Infrastructure,1,Dalrymple Bay Infrastructure Ltd,,DBI AU,Australia,36335.0,,,130806.0,0.0
31/12/2024,Care Super,Balanced,Listed Infrastructure,1,Hutchison Port Holdings Trust,,HPHT SP,Singapore,99270.0,,,26295.0,0.0
31/12/2024,Care Super,Balanced,Listed Infrastructure,1,NETLINK NBN TRUST,,NETLINK SP,Singapore,35728.0,,,36801.0,0.0
31/12/2024,Care Super,Balanced,Listed Infrastructure,1,Transurban Group,,TCL AU,Australia,5969566.0,,,79932482.0,0.0019
31/12/2024,Care Super,Balanced,Listed Infrastructure,1,Sub Total,,,,,,,90370311.0,0.0021
31/12/2024,Care Super,Balanced,Unlisted Infrastructure,0,Brisbane Airport Corp,,,,,0.048600000000000004,,,
31/12/2024,Care Super,Balanced,Unlisted Infrastructure,0,Flinders Ports Pty Limited,,,,,0.20809999999999998,,,
31/12/2024,Care Super,Balanced,Unlisted Infrastructure,0,Hobart Airport,,,,,0.3,,,
31/12/2024,Care Super,Balanced,Unlisted Infrastructure,0,Port Of Geelong,,,,,0.3,,,
31/12/2024,Care Super,Balanced,Unlisted Infrastructure,0,Sub Total,,,,,,,1230576384.0,0.028999999999999998
31/12/2024,Care Super,Balanced,Unlisted Infrastructure,1,Antin Infrastructure Partners SAS,,,,,,,342244598.0,0.008100000000000001
31/12/2024,Care Super,Balanced,Unlisted Infrastructure,1,Dexus Capital Investment Services Pty Limited,,,,,,,300141760.0,0.0070999999999999995
31/12/2024,Care Super,Balanced,Unlisted Infrastructure,1,"Digital Bridge Investments, LLC",,,,,,,278619548.0,0.0066
31/12/2024,Care Super,Balanced,Unlisted Infrastructure,1,IFM Investors Pty Ltd,,,,,,,818630430.0,0.019299999999999998
31/12/2024,Care Super,Balanced,Unlisted Infrastructure,1,Macquarie Group Limited,,,,,,,436311587.0,0.0103
31/12/2024,Care Super,Balanced,Unlisted Infrastructure,1,Morrison Private Markets Pty Limited,,,,,,,741357721.0,0.0175
31/12/2024,Care Super,Balanced,Unlisted Infrastructure,1,Partners Group Holding AG,,,,,,,4779894.0,0.0001
31/12/2024,Care Super,Balanced,Unlisted Infrastructure,1,Patrizia Pty Ltd,,,,,,,382234419.0,0.009000000000000001
31/12/2024,Care Super,Balanced,Unlisted Infrastructure,1,Sub Total,,,,,,,3304319957.0,0.078
31/12/2024,Care Super,Balanced,Unlisted Alternatives,1,PIMCO Australia Pty Ltd,,,,,,,229417936.0,0.0054
31/12/2024,Care Super,Balanced,Unlisted Alternatives,1,Winton Group Ltd,,,,,,,202738466.0,0.0048
31/12/2024,Care Super,Balanced,Unlisted Alternatives,1,Sub Total,,,,,,,432156402.0,0.0102
