Effective Date,Fund Name,Option Name,Asset Class Name,Int/Ext,Name/Kind of Investment Item,Currency,Stock ID,Listed Country,Units Held,% Ownership,Address,Value (AUD),Weighting
31/12/2024,HESTA,Balanced Growth,Cash,1,JPMorgan Chase & Co,AED,,,,,,90349.30802,1.3e-06
31/12/2024,HESTA,Balanced Growth,Cash,1,JPMorgan Chase & Co,ARS,,,,,,11705.31485,1.7e-07
31/12/2024,HESTA,Balanced Growth,Cash,1,Australia Government Bond,AUD,,,,,,384994668.1,0.00555518
31/12/2024,HESTA,Balanced Growth,Cash,1,Australia & New Zealand Banking Group Ltd,AUD,,,,,,515530908.1,0.00743872
31/12/2024,HESTA,Balanced Growth,Cash,1,Bank of America Corp,AUD,,,,,,-7214699.672,-0.0001041
31/12/2024,HESTA,Balanced Growth,Cash,1,Bank of Nova Scotia/Australia,AUD,,,,,,110758384.4,0.00159816
31/12/2024,HESTA,Balanced Growth,Cash,1,Bank of Queensland Ltd,AUD,,,,,,15799693.63,0.00022798
31/12/2024,HESTA,Balanced Growth,Cash,1,Barclays Bank PLC,AUD,,,,,,-4108203.428,-5.928e-05
31/12/2024,HESTA,Balanced Growth,Cash,1,Bendigo & Adelaide Bank Ltd,AUD,,,,,,188010733.0,0.00271285
31/12/2024,HESTA,Balanced Growth,Cash,1,Canadian Imperial Bank of Commerce/Sydney,AUD,,,,,,44673772.49,0.00064461
31/12/2024,HESTA,Balanced Growth,Cash,1,Citigroup Inc,AUD,,,,,,141581188.6,0.00204291
31/12/2024,HESTA,Balanced Growth,Cash,1,Commonwealth Bank of Australia,AUD,,,,,,983688071.0,0.01419387
31/12/2024,HESTA,Balanced Growth,Cash,1,Cooperatieve Rabobank UA/Australia,AUD,,,,,,208210880.1,0.00300432
31/12/2024,HESTA,Balanced Growth,Cash,1,Credit Union Australia Ltd,AUD,,,,,,152498231.1,0.00220043
31/12/2024,HESTA,Balanced Growth,Cash,1,DBS Bank Ltd/Australia,AUD,,,,,,39909531.06,0.00057586
31/12/2024,HESTA,Balanced Growth,Cash,1,Defence Bank Ltd,AUD,,,,,,26860231.69,0.00038757
31/12/2024,HESTA,Balanced Growth,Cash,1,Goldman Sachs Group Inc/The,AUD,,,,,,-1684607.259,-2.431e-05
31/12/2024,HESTA,Balanced Growth,Cash,1,Great Southern Bank,AUD,,,,,,2501680.711,3.61e-05
31/12/2024,HESTA,Balanced Growth,Cash,1,Heritage and People's Choice Ltd,AUD,,,,,,23724533.92,0.00034233
31/12/2024,HESTA,Balanced Growth,Cash,1,HSBC Holdings PLC,AUD,,,,,,-10882894.78,-0.00015703
31/12/2024,HESTA,Balanced Growth,Cash,1,IMB Ltd,AUD,,,,,,20616376.5,0.00029748
31/12/2024,HESTA,Balanced Growth,Cash,1,ING Bank Australia Ltd,AUD,,,,,,15627794.84,0.0002255
31/12/2024,HESTA,Balanced Growth,Cash,1,JPMorgan Chase & Co,AUD,,,,,,436110167.9,0.00629274
31/12/2024,HESTA,Balanced Growth,Cash,1,Macquarie Bank Ltd,AUD,,,,,,111738493.2,0.0016123
31/12/2024,HESTA,Balanced Growth,Cash,1,Macquarie Group Ltd,AUD,,,,,,121052083.2,0.00174669
31/12/2024,HESTA,Balanced Growth,Cash,1,Merrill Lynch & Co,AUD,,,,,,-119487.9809,-1.72e-06
31/12/2024,HESTA,Balanced Growth,Cash,1,Mitsubishi UFJ Financial Group Inc,AUD,,,,,,37461505.9,0.00054054
31/12/2024,HESTA,Balanced Growth,Cash,1,Mizuho Bank Ltd/Sydney,AUD,,,,,,58263612.8,0.0008407
31/12/2024,HESTA,Balanced Growth,Cash,1,MSI Banking,AUD,,,,,,-0.04,0.0
31/12/2024,HESTA,Balanced Growth,Cash,1,MUFG Bank Ltd/Sydney,AUD,,,,,,109137863.0,0.00157478
31/12/2024,HESTA,Balanced Growth,Cash,1,National Australia Bank Ltd,AUD,,,,,,915738269.6,0.0132134
31/12/2024,HESTA,Balanced Growth,Cash,1,NBN Co Ltd,AUD,,,,,,164621536.6,0.00237536
31/12/2024,HESTA,Balanced Growth,Cash,1,Newcastle Greater Mutual Group Ltd,AUD,,,,,,43484230.41,0.00062744
31/12/2024,HESTA,Balanced Growth,Cash,1,Norfina Ltd,AUD,,,,,,175157601.3,0.00252739
31/12/2024,HESTA,Balanced Growth,Cash,1,Oversea-Chinese Banking Corp Ltd,AUD,,,,,,11972859.32,0.00017276
31/12/2024,HESTA,Balanced Growth,Cash,1,Police & Nurses Ltd,AUD,,,,,,85803883.1,0.00123808
31/12/2024,HESTA,Balanced Growth,Cash,1,Royal Bank of Canada,AUD,,,,,,165887369.2,0.00239363
31/12/2024,HESTA,Balanced Growth,Cash,1,Standard Chartered PLC,AUD,,,,,,35918577.96,0.00051828
31/12/2024,HESTA,Balanced Growth,Cash,1,State Street Corp,AUD,,,,,,-1869206.097,-2.697e-05
31/12/2024,HESTA,Balanced Growth,Cash,1,Sumitomo Mitsui Banking Corp/Sydney,AUD,,,,,,425390949.5,0.00613807
31/12/2024,HESTA,Balanced Growth,Cash,1,Suncorp Bank,AUD,,,,,,100349157.5,0.00144796
31/12/2024,HESTA,Balanced Growth,Cash,1,Teachers Mutual Bank Ltd,AUD,,,,,,59125637.75,0.00085314
31/12/2024,HESTA,Balanced Growth,Cash,1,UBS AG/Australia,AUD,,,,,,141016930.2,0.00203477
31/12/2024,HESTA,Balanced Growth,Cash,1,UBS Group AG,AUD,,,,,,-464702.2714,-6.71e-06
31/12/2024,HESTA,Balanced Growth,Cash,1,United Overseas Bank Ltd/Sydney,AUD,,,,,,45580110.09,0.00065769
31/12/2024,HESTA,Balanced Growth,Cash,1,Warburg Dillon,AUD,,,,,,1912579.339,2.76e-05
31/12/2024,HESTA,Balanced Growth,Cash,1,Westpac Banking Corp,AUD,,,,,,706608942.6,0.01019583
31/12/2024,HESTA,Balanced Growth,Cash,1,JPMorgan Chase & Co,BRL,,,,,,1578112.644,2.277e-05
31/12/2024,HESTA,Balanced Growth,Cash,1,Barclays Bank PLC,CAD,,,,,,931741.6871,1.344e-05
31/12/2024,HESTA,Balanced Growth,Cash,1,Citigroup Inc,CAD,,,,,,-2124742.629,-3.066e-05
31/12/2024,HESTA,Balanced Growth,Cash,1,Goldman Sachs Group Inc/The,CAD,,,,,,-330665.9216,-4.77e-06
31/12/2024,HESTA,Balanced Growth,Cash,1,JPMorgan Chase & Co,CAD,,,,,,3578515.757,5.164e-05
31/12/2024,HESTA,Balanced Growth,Cash,1,Merrill Lynch & Co,CAD,,,,,,-21547.04079,-3.1e-07
31/12/2024,HESTA,Balanced Growth,Cash,1,Barclays Bank PLC,CHF,,,,,,53857.00753,7.8e-07
31/12/2024,HESTA,Balanced Growth,Cash,1,CIT Bank,CHF,,,,,,2.058948,0.0
31/12/2024,HESTA,Balanced Growth,Cash,1,JPMorgan Chase & Co,CHF,,,,,,11842456.52,0.00017088
31/12/2024,HESTA,Balanced Growth,Cash,1,JPMorgan Chase & Co,CLP,,,,,,2528.526675,4e-08
31/12/2024,HESTA,Balanced Growth,Cash,1,JPMorgan Chase & Co,CNH,,,,,,-0.008129,0.0
31/12/2024,HESTA,Balanced Growth,Cash,1,JPMorgan Chase & Co,CNY,,,,,,98489.43951,1.42e-06
31/12/2024,HESTA,Balanced Growth,Cash,1,JPMorgan Chase & Co,COP,,,,,,13379.33319,1.9e-07
31/12/2024,HESTA,Balanced Growth,Cash,1,JPMorgan Chase & Co,CZK,,,,,,67856.88269,9.8e-07
31/12/2024,HESTA,Balanced Growth,Cash,1,JPMorgan Chase & Co,DKK,,,,,,1384666.916,1.998e-05
31/12/2024,HESTA,Balanced Growth,Cash,1,Barclays Bank PLC,EUR,,,,,,16968171.56,0.00024484
31/12/2024,HESTA,Balanced Growth,Cash,1,Citigroup Inc,EUR,,,,,,-3006649.441,-4.338e-05
31/12/2024,HESTA,Balanced Growth,Cash,1,Credit Suisse Group AG,EUR,,,,,,0.021826,0.0
31/12/2024,HESTA,Balanced Growth,Cash,1,Goldman Sachs Group Inc/The,EUR,,,,,,3353027.439,4.838e-05
31/12/2024,HESTA,Balanced Growth,Cash,1,JPMorgan Chase & Co,EUR,,,,,,30026947.98,0.00043327
31/12/2024,HESTA,Balanced Growth,Cash,1,Macquarie Group Ltd,EUR,,,,,,4.838243,0.0
31/12/2024,HESTA,Balanced Growth,Cash,1,Merrill Lynch & Co,EUR,,,,,,-76161.45925,-1.1e-06
31/12/2024,HESTA,Balanced Growth,Cash,1,Morgan Stanley,EUR,,,,,,-11077.55432,-1.6e-07
31/12/2024,HESTA,Balanced Growth,Cash,1,Royal Bank of Canada,EUR,,,,,,1584.238187,2e-08
31/12/2024,HESTA,Balanced Growth,Cash,1,Warburg Dillon,EUR,,,,,,112242.6452,1.62e-06
31/12/2024,HESTA,Balanced Growth,Cash,1,Barclays Bank PLC,GBP,,,,,,1410696.517,2.036e-05
31/12/2024,HESTA,Balanced Growth,Cash,1,Citigroup Inc,GBP,,,,,,-997976.47,-1.44e-05
31/12/2024,HESTA,Balanced Growth,Cash,1,Goldman Sachs Group Inc/The,GBP,,,,,,1135282.189,1.638e-05
31/12/2024,HESTA,Balanced Growth,Cash,1,JPMorgan Chase & Co,GBP,,,,,,10172646.79,0.00014678
31/12/2024,HESTA,Balanced Growth,Cash,1,Macquarie Group Ltd,GBP,,,,,,-2.012992,0.0
31/12/2024,HESTA,Balanced Growth,Cash,1,Merrill Lynch & Co,GBP,,,,,,1863.593041,3e-08
31/12/2024,HESTA,Balanced Growth,Cash,1,Royal Bank of Canada,GBP,,,,,,5326.6747,8e-08
31/12/2024,HESTA,Balanced Growth,Cash,1,Warburg Dillon,GBP,,,,,,56301.72152,8.1e-07
31/12/2024,HESTA,Balanced Growth,Cash,1,Goldman Sachs Group Inc/The,HKD,,,,,,0.072754,0.0
31/12/2024,HESTA,Balanced Growth,Cash,1,JPMorgan Chase & Co,HKD,,,,,,1374153.826,1.983e-05
31/12/2024,HESTA,Balanced Growth,Cash,1,JPMorgan Chase & Co,HUF,,,,,,38511.59587,5.6e-07
31/12/2024,HESTA,Balanced Growth,Cash,1,JPMorgan Chase & Co,IDR,,,,,,341189.6805,4.92e-06
31/12/2024,HESTA,Balanced Growth,Cash,1,Barclays Bank PLC,ILS,,,,,,-335.001652,0.0
31/12/2024,HESTA,Balanced Growth,Cash,1,JPMorgan Chase & Co,ILS,,,,,,259624.8533,3.75e-06
31/12/2024,HESTA,Balanced Growth,Cash,1,CSI Bank,INR,,,,,,0.00183,0.0
31/12/2024,HESTA,Balanced Growth,Cash,1,JPMorgan Chase & Co,INR,,,,,,12790.85395,1.8e-07
31/12/2024,HESTA,Balanced Growth,Cash,1,Barclays Bank PLC,JPY,,,,,,1424783.986,2.056e-05
31/12/2024,HESTA,Balanced Growth,Cash,1,Citigroup Inc,JPY,,,,,,-1746469.825,-2.52e-05
31/12/2024,HESTA,Balanced Growth,Cash,1,Goldman Sachs Group Inc/The,JPY,,,,,,-384305.3256,-5.55e-06
31/12/2024,HESTA,Balanced Growth,Cash,1,JPMorgan Chase & Co,JPY,,,,,,5487200.293,7.918e-05
31/12/2024,HESTA,Balanced Growth,Cash,1,Merrill Lynch & Co,JPY,,,,,,5563.507399,8e-08
31/12/2024,HESTA,Balanced Growth,Cash,1,Warburg Dillon,JPY,,,,,,27503.13014,4e-07
31/12/2024,HESTA,Balanced Growth,Cash,1,JPMorgan Chase & Co,KRW,,,,,,5853291.062,8.446e-05
31/12/2024,HESTA,Balanced Growth,Cash,1,JPMorgan Chase & Co,KWD,,,,,,5172.00175,7e-08
31/12/2024,HESTA,Balanced Growth,Cash,1,Barclays Bank PLC,MXN,,,,,,-0.018303,0.0
31/12/2024,HESTA,Balanced Growth,Cash,1,JPMorgan Chase & Co,MXN,,,,,,74653.46896,1.08e-06
31/12/2024,HESTA,Balanced Growth,Cash,1,JPMorgan Chase & Co,MYR,,,,,,228914.6496,3.3e-06
31/12/2024,HESTA,Balanced Growth,Cash,1,CSI Bank,NOK,,,,,,-1.004835,0.0
31/12/2024,HESTA,Balanced Growth,Cash,1,JPMorgan Chase & Co,NOK,,,,,,531620.3292,7.67e-06
31/12/2024,HESTA,Balanced Growth,Cash,1,Barclays Bank PLC,NZD,,,,,,-215203.9681,-3.11e-06
31/12/2024,HESTA,Balanced Growth,Cash,1,Goldman Sachs Group Inc/The,NZD,,,,,,18.799566,0.0
31/12/2024,HESTA,Balanced Growth,Cash,1,JPMorgan Chase & Co,NZD,,,,,,3125170.324,4.509e-05
31/12/2024,HESTA,Balanced Growth,Cash,1,JPMorgan Chase & Co,PEN,,,,,,14210.61995,2.1e-07
31/12/2024,HESTA,Balanced Growth,Cash,1,JPMorgan Chase & Co,PHP,,,,,,7309.003858,1.1e-07
31/12/2024,HESTA,Balanced Growth,Cash,1,JPMorgan Chase & Co,PLN,,,,,,102994.8199,1.49e-06
31/12/2024,HESTA,Balanced Growth,Cash,1,JPMorgan Chase & Co,QAR,,,,,,95773.39344,1.38e-06
31/12/2024,HESTA,Balanced Growth,Cash,1,JPMorgan Chase & Co,RON,,,,,,140448.1062,2.03e-06
31/12/2024,HESTA,Balanced Growth,Cash,1,JPMorgan Chase & Co,RUB,,,,,,1.210493,0.0
31/12/2024,HESTA,Balanced Growth,Cash,1,Barclays Bank PLC,SEK,,,,,,-2091.610357,-3e-08
31/12/2024,HESTA,Balanced Growth,Cash,1,Goldman Sachs Group Inc/The,SEK,,,,,,0.014551,0.0
31/12/2024,HESTA,Balanced Growth,Cash,1,JPMorgan Chase & Co,SEK,,,,,,805889.0337,1.163e-05
31/12/2024,HESTA,Balanced Growth,Cash,1,Barclays Bank PLC,SGD,,,,,,227491.7028,3.28e-06
31/12/2024,HESTA,Balanced Growth,Cash,1,CSI Bank,SGD,,,,,,-416.257869,-1e-08
31/12/2024,HESTA,Balanced Growth,Cash,1,JPMorgan Chase & Co,SGD,,,,,,1825728.951,2.634e-05
31/12/2024,HESTA,Balanced Growth,Cash,1,Barclays Bank PLC,THB,,,,,,-340.745133,0.0
31/12/2024,HESTA,Balanced Growth,Cash,1,JPMorgan Chase & Co,THB,,,,,,11982.62156,1.7e-07
31/12/2024,HESTA,Balanced Growth,Cash,1,JPMorgan Chase & Co,TRY,,,,,,51033.56127,7.4e-07
31/12/2024,HESTA,Balanced Growth,Cash,1,JPMorgan Chase & Co,TWD,,,,,,1662503.374,2.399e-05
31/12/2024,HESTA,Balanced Growth,Cash,1,Barclays Bank PLC,USD,,,,,,8946202.902,0.00012909
31/12/2024,HESTA,Balanced Growth,Cash,1,BNP Paribas SA,USD,,,,,,29422477.78,0.00042454
31/12/2024,HESTA,Balanced Growth,Cash,1,Citigroup Inc,USD,,,,,,-33436269.64,-0.00048246
31/12/2024,HESTA,Balanced Growth,Cash,1,Credit Suisse Group AG,USD,,,,,,-325.149956,0.0
31/12/2024,HESTA,Balanced Growth,Cash,1,Goldman Sachs Group Inc/The,USD,,,,,,15169680.03,0.00021889
31/12/2024,HESTA,Balanced Growth,Cash,1,HSBC Holdings PLC,USD,,,,,,-3764058.739,-5.431e-05
31/12/2024,HESTA,Balanced Growth,Cash,1,JPMorgan Chase & Co,USD,,,,,,175339549.4,0.00253002
31/12/2024,HESTA,Balanced Growth,Cash,1,Macquarie Group Ltd,USD,,,,,,2308.30123,3e-08
31/12/2024,HESTA,Balanced Growth,Cash,1,Merrill Lynch & Co,USD,,,,,,599427.6225,8.65e-06
31/12/2024,HESTA,Balanced Growth,Cash,1,Royal Bank of Canada,USD,,,,,,1519331.708,2.192e-05
31/12/2024,HESTA,Balanced Growth,Cash,1,SSB Bank,USD,,,,,,13080.57541,1.9e-07
31/12/2024,HESTA,Balanced Growth,Cash,1,Warburg Dillon,USD,,,,,,742366.8124,1.071e-05
31/12/2024,HESTA,Balanced Growth,Cash,1,Westpac Banking Corp,USD,,,,,,-489691.8563,-7.07e-06
31/12/2024,HESTA,Balanced Growth,Cash,1,JPMorgan Chase & Co,ZA1,,,,,,0.007921,0.0
31/12/2024,HESTA,Balanced Growth,Cash,1,JPMorgan Chase & Co,ZAR,,,,,,133457.9544,1.93e-06
31/12/2024,HESTA,Balanced Growth,Cash,1,Sub Total,,,,,,,7092888076.0,0.10234495
31/12/2024,HESTA,Balanced Growth,Fixed Income,1,BlackRock Inc,,,,,,,995863461.2,0.01436955
31/12/2024,HESTA,Balanced Growth,Fixed Income,1,Challenger Limited,,,,,,,113603295.3,0.00163921
31/12/2024,HESTA,Balanced Growth,Fixed Income,1,GoldenTree AM,,,,,,,175706429.9,0.00253531
31/12/2024,HESTA,Balanced Growth,Fixed Income,1,IFM Investors Pty Ltd,,,,,,,190125292.2,0.00274336
31/12/2024,HESTA,Balanced Growth,Fixed Income,1,JPMorgan Chase & Co,,,,,,,2216764724.0,0.03198622
31/12/2024,HESTA,Balanced Growth,Fixed Income,1,Macquarie Asset Management,,,,,,,89096947.26,0.0012856
31/12/2024,HESTA,Balanced Growth,Fixed Income,1,Generate Capital,,,,,,,1840626.55,2.656e-05
31/12/2024,HESTA,Balanced Growth,Fixed Income,1,Oaktree Capital Management LP,,,,,,,1331084833.0,0.01920654
31/12/2024,HESTA,Balanced Growth,Fixed Income,1,PIMCO Australia Pty Ltd,,,,,,,1972994283.0,0.0284688
31/12/2024,HESTA,Balanced Growth,Fixed Income,1,Schroders PLC,,,,,,,38135922.65,0.00055027
31/12/2024,HESTA,Balanced Growth,Fixed Income,1,Wellington,,,,,,,304892769.8,0.00439937
31/12/2024,HESTA,Balanced Growth,Fixed Income,1,Westbourne Credit Management Limited,,,,,,,1040776.403,1.502e-05
31/12/2024,HESTA,Balanced Growth,Fixed Income,0,AGI Finance Pty Ltd,,,,,,,2175015.391,3.138e-05
31/12/2024,HESTA,Balanced Growth,Fixed Income,0,Airservices Australia,,,,,,,12038168.34,0.0001737
31/12/2024,HESTA,Balanced Growth,Fixed Income,0,AusNet Services Holdings Pty Ltd,,,,,,,3597535.875,5.191e-05
31/12/2024,HESTA,Balanced Growth,Fixed Income,0,Australia Government Bond,,,,,,,878179119.1,0.01267145
31/12/2024,HESTA,Balanced Growth,Fixed Income,0,Australian Capital Territory,,,,,,,1234058.427,1.781e-05
31/12/2024,HESTA,Balanced Growth,Fixed Income,0,Australian Catholic University Ltd,,,,,,,22733602.44,0.00032803
31/12/2024,HESTA,Balanced Growth,Fixed Income,0,Australia & New Zealand Banking Group Ltd,,,,,,,9403696.438,0.00013569
31/12/2024,HESTA,Balanced Growth,Fixed Income,0,Australian Gas Networks Ltd,,,,,,,5001901.994,7.217e-05
31/12/2024,HESTA,Balanced Growth,Fixed Income,0,Australian Postal Corp,,,,,,,17572104.54,0.00025355
31/12/2024,HESTA,Balanced Growth,Fixed Income,0,Australian Rail Track Corp Ltd,,,,,,,2170028.046,3.131e-05
31/12/2024,HESTA,Balanced Growth,Fixed Income,0,Barclays PLC,,,,,,,1705067.142,2.46e-05
31/12/2024,HESTA,Balanced Growth,Fixed Income,0,Bendigo & Adelaide Bank Ltd,,,,,,,5164177.245,7.452e-05
31/12/2024,HESTA,Balanced Growth,Fixed Income,0,Brisbane Airport Corp Pty Ltd,,,,,,,18315423.73,0.00026428
31/12/2024,HESTA,Balanced Growth,Fixed Income,0,Charter Hall LWR Pty Ltd,,,,,,,18267380.81,0.00026358
31/12/2024,HESTA,Balanced Growth,Fixed Income,0,Chorus Ltd,,,,,,,5387773.73,7.774e-05
31/12/2024,HESTA,Balanced Growth,Fixed Income,0,CIP Funding Pty Ltd,,,,,,,3833764.105,5.532e-05
31/12/2024,HESTA,Balanced Growth,Fixed Income,0,Commonwealth Bank of Australia,,,,,,,52370014.41,0.00075566
31/12/2024,HESTA,Balanced Growth,Fixed Income,0,ConnectEast Finance Pty Ltd,,,,,,,6248654.466,9.016e-05
31/12/2024,HESTA,Balanced Growth,Fixed Income,0,Cooperatieve Rabobank UA,,,,,,,7160810.715,0.00010333
31/12/2024,HESTA,Balanced Growth,Fixed Income,0,Cooperatieve Rabobank UA/Australia,,,,,,,20148121.2,0.00029072
31/12/2024,HESTA,Balanced Growth,Fixed Income,0,ElectraNet Pty Ltd,,,,,,,6075578.429,8.767e-05
31/12/2024,HESTA,Balanced Growth,Fixed Income,0,ETSA Utilities Finance Pty Ltd,,,,,,,18590716.66,0.00026825
31/12/2024,HESTA,Balanced Growth,Fixed Income,0,Export Finance & Insurance Corp,,,,,,,22667366.42,0.00032707
31/12/2024,HESTA,Balanced Growth,Fixed Income,0,GAIF Bond Issuer Pty Ltd,,,,,,,1506400.603,2.174e-05
31/12/2024,HESTA,Balanced Growth,Fixed Income,0,GTA Finance Co Pty Ltd,,,,,,,2562966.184,3.698e-05
31/12/2024,HESTA,Balanced Growth,Fixed Income,0,Housing Australia,,,,,,,10282620.84,0.00014837
31/12/2024,HESTA,Balanced Growth,Fixed Income,0,ING Bank Australia Ltd,,,,,,,18845993.76,0.00027193
31/12/2024,HESTA,Balanced Growth,Fixed Income,0,Lloyds Banking Group PLC,,,,,,,4317551.626,6.23e-05
31/12/2024,HESTA,Balanced Growth,Fixed Income,0,Lonsdale Finance Pty Ltd,,,,,,,48714250.88,0.00070291
31/12/2024,HESTA,Balanced Growth,Fixed Income,0,Macquarie Bank Ltd,,,,,,,28711282.89,0.00041428
31/12/2024,HESTA,Balanced Growth,Fixed Income,0,Mirvac Group Finance Ltd,,,,,,,1707016.681,2.463e-05
31/12/2024,HESTA,Balanced Growth,Fixed Income,0,Monash University,,,,,,,4975292.308,7.179e-05
31/12/2024,HESTA,Balanced Growth,Fixed Income,0,National Australia Bank Ltd,,,,,,,52799927.13,0.00076186
31/12/2024,HESTA,Balanced Growth,Fixed Income,0,NBN Co Ltd,,,,,,,60299360.07,0.00087007
31/12/2024,HESTA,Balanced Growth,Fixed Income,0,Network Finance Co Pty Ltd,,,,,,,8803780.789,0.00012703
31/12/2024,HESTA,Balanced Growth,Fixed Income,0,New South Wales Treasury Corp,,,,,,,200641881.9,0.00289511
31/12/2024,HESTA,Balanced Growth,Fixed Income,0,New Terminal Financing Co Pty Ltd,,,,,,,3925503.495,5.664e-05
31/12/2024,HESTA,Balanced Growth,Fixed Income,0,New Zealand Local Government Funding Agency Bond,,,,,,,6029916.826,8.701e-05
31/12/2024,HESTA,Balanced Growth,Fixed Income,0,Northern Territory Treasury Corp,,,,,,,10842422.6,0.00015645
31/12/2024,HESTA,Balanced Growth,Fixed Income,0,NSW Electricity Networks Finance Pty Ltd,,,,,,,3583083.855,5.17e-05
31/12/2024,HESTA,Balanced Growth,Fixed Income,0,QPH Finance Co Pty Ltd,,,,,,,5737831.75,8.279e-05
31/12/2024,HESTA,Balanced Growth,Fixed Income,0,Qube Treasury Pty Ltd,,,,,,,8942791.423,0.00012904
31/12/2024,HESTA,Balanced Growth,Fixed Income,0,Queensland Treasury Corp,,,,,,,126948306.7,0.00183177
31/12/2024,HESTA,Balanced Growth,Fixed Income,0,Region Retail Trust,,,,,,,15510025.04,0.0002238
31/12/2024,HESTA,Balanced Growth,Fixed Income,0,Registry Finance Pty Ltd,,,,,,,34840429.83,0.00050272
31/12/2024,HESTA,Balanced Growth,Fixed Income,0,Scentre Group Trust 1,,,,,,,12073336.33,0.00017421
31/12/2024,HESTA,Balanced Growth,Fixed Income,0,South Australian Government Financing Authority,,,,,,,31887323.01,0.00046011
31/12/2024,HESTA,Balanced Growth,Fixed Income,0,Tasmanian Public Finance Corp,,,,,,,34257776.42,0.00049431
31/12/2024,HESTA,Balanced Growth,Fixed Income,0,Telstra Group Ltd,,,,,,,17413967.4,0.00025127
31/12/2024,HESTA,Balanced Growth,Fixed Income,0,Transpower New Zealand Ltd,,,,,,,12430988.57,0.00017937
31/12/2024,HESTA,Balanced Growth,Fixed Income,0,Transurban Queensland Finance Pty Ltd,,,,,,,8846746.857,0.00012765
31/12/2024,HESTA,Balanced Growth,Fixed Income,0,Treasury Corp of Victoria,,,,,,,210114615.7,0.00303179
31/12/2024,HESTA,Balanced Growth,Fixed Income,0,UBS AG/Australia,,,,,,,3195442.971,4.611e-05
31/12/2024,HESTA,Balanced Growth,Fixed Income,0,United Energy Distribution Pty Ltd,,,,,,,1301709.139,1.878e-05
31/12/2024,HESTA,Balanced Growth,Fixed Income,0,United Overseas Bank Ltd/Sydney,,,,,,,1375730.607,1.985e-05
31/12/2024,HESTA,Balanced Growth,Fixed Income,0,University Of Melbourne,,,,,,,2563373.892,3.699e-05
31/12/2024,HESTA,Balanced Growth,Fixed Income,0,University of Sydney/The,,,,,,,18276868.96,0.00026372
31/12/2024,HESTA,Balanced Growth,Fixed Income,0,University of Technology Sydney,,,,,,,18137755.77,0.00026171
31/12/2024,HESTA,Balanced Growth,Fixed Income,0,University of Wollongong/The,,,,,,,8292718.365,0.00011966
31/12/2024,HESTA,Balanced Growth,Fixed Income,0,Western Australian Treasury Corp,,,,,,,52565320.11,0.00075848
31/12/2024,HESTA,Balanced Growth,Fixed Income,0,Westpac Banking Corp,,,,,,,20683204.91,0.00029844
31/12/2024,HESTA,Balanced Growth,Fixed Income,0,Woolworths Group Ltd,,,,,,,28651982.31,0.00041343
31/12/2024,HESTA,Balanced Growth,Fixed Income,1,Sub Total,,,,,,,7431149362.0,0.1072258
31/12/2024,HESTA,Balanced Growth,Fixed Income,0,Sub Total,,,,,,,2282637578.0,0.03293671
31/12/2024,HESTA,Balanced Growth,Listed Equity,1,360 Security Technology Inc,,CNE100002RZ2,China,24711.37752,,,56593.04573,8.2e-07
31/12/2024,HESTA,Balanced Growth,Listed Equity,1,37 Interactive Entertainment Network Technology Group Co Ltd,,CNE1000010N2,China,7884.880327,,,27287.11593,3.9e-07
31/12/2024,HESTA,Balanced Growth,Listed Equity,1,3i Group PLC,,GB00B1YW4409,United Kingdom,58097.74184,,,4188359.591,6.043e-05
31/12/2024,HESTA,Balanced Growth,Listed Equity,1,3M Co,,US88579Y1010,United States,116604.3427,,,24311482.84,0.0003508
31/12/2024,HESTA,Balanced Growth,Listed Equity,1,a2 Milk Co Ltd/The,,NZATME0002S8,New Zealand,3037412.715,,,17556245.49,0.00025332
31/12/2024,HESTA,Balanced Growth,Listed Equity,1,AAC Technologies Holdings Inc,,KYG2953R1149,Hong Kong,42675.89867,,,332744.9574,4.8e-06
31/12/2024,HESTA,Balanced Growth,Listed Equity,1,ABB India Ltd,,INE117A01022,India,3148.262011,,,410535.5528,5.92e-06
31/12/2024,HESTA,Balanced Growth,Listed Equity,1,ABB Ltd,,CH0012221716,Switzerland,282211.4008,,,24680074.91,0.00035611
31/12/2024,HESTA,Balanced Growth,Listed Equity,1,Abbott Laboratories,,US0028241000,United States,180834.2736,,,33035879.34,0.00047668
31/12/2024,HESTA,Balanced Growth,Listed Equity,1,AbbVie Inc,,US00287Y1091,United States,272615.0789,,,78242266.85,0.00112898
31/12/2024,HESTA,Balanced Growth,Listed Equity,1,ABIOMED Inc,,US003CVR0169,,1224.686818,,,69230.46159,1e-06
31/12/2024,HESTA,Balanced Growth,Listed Equity,1,ABN AMRO Bank NV,,NL0011540547,Netherlands,431275.3901,,,10739977.92,0.00015497
31/12/2024,HESTA,Balanced Growth,Listed Equity,1,Absa Group Ltd,,ZAE000255915,South Africa,50862.08403,,,826053.2159,1.192e-05
31/12/2024,HESTA,Balanced Growth,Listed Equity,1,Abu Dhabi Commercial Bank PJSC,,AEA000201011,,176419.1145,,,808333.2261,1.166e-05
31/12/2024,HESTA,Balanced Growth,Listed Equity,1,Abu Dhabi Islamic Bank PJSC,,AEA000801018,,86336.18808,,,524660.0345,7.57e-06
31/12/2024,HESTA,Balanced Growth,Listed Equity,1,Abu Dhabi National Oil Co for Distribution PJSC,,AEA006101017,,185710.0664,,,287445.2795,4.15e-06
31/12/2024,HESTA,Balanced Growth,Listed Equity,1,Accent Group Ltd,,AU000000AX19,Australia,1652884.783,,,3867750.391,5.581e-05
31/12/2024,HESTA,Balanced Growth,Listed Equity,1,Accenture PLC,,IE00B4BNMY34,United States,100434.1785,,,57064911.01,0.0008234
31/12/2024,HESTA,Balanced Growth,Listed Equity,1,Acciona SA,,ES0125220311,Spain,5366.139247,,,975540.9349,1.408e-05
31/12/2024,HESTA,Balanced Growth,Listed Equity,1,Accor SA,,FR0000120404,France,7050.419004,,,554672.0147,8e-06
31/12/2024,HESTA,Balanced Growth,Listed Equity,1,Accton Technology Corp,,TW0002345006,Taiwan,30145.7898,,,1147999.225,1.656e-05
31/12/2024,HESTA,Balanced Growth,Listed Equity,1,Acer Inc,,TW0002353000,Taiwan,172329.3432,,,337891.8659,4.88e-06
31/12/2024,HESTA,Balanced Growth,Listed Equity,1,ACS Actividades de Construccion y Servicios SA,,ES0167050915,Spain,21135.47722,,,1712261.956,2.471e-05
31/12/2024,HESTA,Balanced Growth,Listed Equity,1,Acuity Brands Inc,,US00508Y1029,United States,15195.21016,,,7169469.023,0.00010345
31/12/2024,HESTA,Balanced Growth,Listed Equity,1,Adairs Ltd,,AU000000ADH2,Australia,2074.303476,,,5600.619386,8e-08
31/12/2024,HESTA,Balanced Growth,Listed Equity,1,AddTech AB,,SE0014781795,Sweden,59291.59708,,,2610473.69,3.767e-05
31/12/2024,HESTA,Balanced Growth,Listed Equity,1,Adecco Group AG,,CH0012138605,Switzerland,12065.58124,,,480812.6781,6.94e-06
31/12/2024,HESTA,Balanced Growth,Listed Equity,1,adidas AG,,DE000A1EWWW0,Germany,17953.87669,,,7110398.64,0.0001026
31/12/2024,HESTA,Balanced Growth,Listed Equity,1,Admiral Group PLC,,GB00B02J6398,United Kingdom,62807.17321,,,3359059.614,4.847e-05
31/12/2024,HESTA,Balanced Growth,Listed Equity,1,ADNOC Drilling Co PJSC,,AEA007301012,,186561.9586,,,437247.544,6.31e-06
31/12/2024,HESTA,Balanced Growth,Listed Equity,1,Adobe Inc,,US00724F1012,United States,82902.16736,,,59541202.91,0.00085913
31/12/2024,HESTA,Balanced Growth,Listed Equity,1,Adriatic Metals PLC,,AU0000004772,Australia,12714.32177,,,49585.85489,7.2e-07
31/12/2024,HESTA,Balanced Growth,Listed Equity,1,Advanced Drainage Systems Inc,,US00790R1041,United States,14614.49644,,,2728637.307,3.937e-05
31/12/2024,HESTA,Balanced Growth,Listed Equity,1,Advanced Info Service PCL,,TH0268010Z11,Germany,312.489735,,,4248.454198,6e-08
31/12/2024,HESTA,Balanced Growth,Listed Equity,1,Advanced Info Service PCL,,TH0268010R11,Thailand,66574.40193,,,905112.2815,1.306e-05
31/12/2024,HESTA,Balanced Growth,Listed Equity,1,Advanced Micro Devices Inc,,US0079031078,United States,206114.594,,,40210904.96,0.00058021
31/12/2024,HESTA,Balanced Growth,Listed Equity,1,Advanced Micro-Fabrication Equipment Inc China,,CNE100003MM9,China,2200.450623,,,92101.49877,1.33e-06
31/12/2024,HESTA,Balanced Growth,Listed Equity,1,Advantech Co Ltd,,TW0002395001,Taiwan,27715.76079,,,473113.6454,6.83e-06
31/12/2024,HESTA,Balanced Growth,Listed Equity,1,Advantest Corp,,JP3122400009,Japan,64668.10801,,,6112875.189,8.82e-05
31/12/2024,HESTA,Balanced Growth,Listed Equity,1,Adyen NV,,NL0012969182,Netherlands,19288.87684,,,46357256.14,0.0006689
31/12/2024,HESTA,Balanced Growth,Listed Equity,1,AECC Aero-Engine Control Co Ltd,,CNE000000RM5,China,13412.4253,,,66003.63414,9.5e-07
31/12/2024,HESTA,Balanced Growth,Listed Equity,1,AECC Aviation Power Co Ltd,,CNE000000JW1,China,9510.628847,,,87228.72402,1.26e-06
31/12/2024,HESTA,Balanced Growth,Listed Equity,1,AECOM,,US00766T1007,United States,71920.61995,,,12408238.1,0.00017904
31/12/2024,HESTA,Balanced Growth,Listed Equity,1,Aegon Ltd,,BMG0112X1056,Netherlands,724894.9963,,,6934659.558,0.00010006
31/12/2024,HESTA,Balanced Growth,Listed Equity,1,Aena SME SA,,ES0105046009,Spain,17007.26766,,,5614818.331,8.102e-05
31/12/2024,HESTA,Balanced Growth,Listed Equity,1,Aeon Co Ltd,,JP3388200002,Japan,46544.77926,,,1767451.017,2.55e-05
31/12/2024,HESTA,Balanced Growth,Listed Equity,1,AerCap Holdings NV,,NL0000687663,United States,16293.77264,,,2518475.396,3.634e-05
31/12/2024,HESTA,Balanced Growth,Listed Equity,1,Aeroports de Paris SA,,FR0010340141,France,29959.45593,,,5596817.039,8.076e-05
31/12/2024,HESTA,Balanced Growth,Listed Equity,1,AES Corp/The,,US00130H1059,United States,52817.26244,,,1097889.31,1.584e-05
31/12/2024,HESTA,Balanced Growth,Listed Equity,1,Aflac Inc,,US0010551028,United States,124637.6439,,,20822931.25,0.00030046
31/12/2024,HESTA,Balanced Growth,Listed Equity,1,AGC Inc,,JP3112000009,Japan,10182.77944,,,483994.0724,6.98e-06
31/12/2024,HESTA,Balanced Growth,Listed Equity,1,AGCO Corp,,US0010841023,United States,1583.531412,,,239083.447,3.45e-06
31/12/2024,HESTA,Balanced Growth,Listed Equity,1,Ageas SA/NV,,BE0974264930,Belgium,36890.08969,,,2893587.154,4.175e-05
31/12/2024,HESTA,Balanced Growth,Listed Equity,1,Agilent Technologies Inc,,US00846U1016,United States,45110.12844,,,9787764.916,0.00014123
31/12/2024,HESTA,Balanced Growth,Listed Equity,1,AGL Energy Ltd,,AU000000AGL7,Australia,601173.8845,,,6787253.156,9.793e-05
31/12/2024,HESTA,Balanced Growth,Listed Equity,1,Agnico Eagle Mines Ltd,,CA0084741085,United States,54712.94573,,,6909916.288,9.97e-05
31/12/2024,HESTA,Balanced Growth,Listed Equity,1,Agricultural Bank of China Ltd,,CNE100000RJ0,China,303535.3776,,,358654.536,5.18e-06
31/12/2024,HESTA,Balanced Growth,Listed Equity,1,Agricultural Bank of China Ltd,,CNE100000Q43,Hong Kong,6566701.491,,,6048511.953,8.728e-05
31/12/2024,HESTA,Balanced Growth,Listed Equity,1,AIA Group Ltd,,HK0000069689,Hong Kong,1793521.986,,,20994843.52,0.00030294
31/12/2024,HESTA,Balanced Growth,Listed Equity,1,AIB Group PLC,,IE00BF0L3536,Ireland,280545.189,,,2500829.301,3.609e-05
31/12/2024,HESTA,Balanced Growth,Listed Equity,1,Aier Eye Hospital Group Co Ltd,,CNE100000GR6,China,33232.73839,,,97433.37678,1.41e-06
31/12/2024,HESTA,Balanced Growth,Listed Equity,1,Ainsworth Game Technology Ltd,,AU000000AGI3,Australia,655502.3591,,,567009.5444,8.18e-06
31/12/2024,HESTA,Balanced Growth,Listed Equity,1,Airbnb Inc,,US0090661010,United States,83979.32561,,,17823989.62,0.00025719
31/12/2024,HESTA,Balanced Growth,Listed Equity,1,Airbus SE,,NL0000235190,France,247166.6068,,,63982123.83,0.00092321
31/12/2024,HESTA,Balanced Growth,Listed Equity,1,Air Canada,,CA0089118776,Canada,281396.6868,,,7034427.349,0.0001015
31/12/2024,HESTA,Balanced Growth,Listed Equity,1,Air China Ltd,,CNE000001NN0,China,60396.55755,,,105709.5992,1.53e-06
31/12/2024,HESTA,Balanced Growth,Listed Equity,1,Air Liquide SA,,FR0000120073,France,27248.52824,,,7151141.374,0.00010319
31/12/2024,HESTA,Balanced Growth,Listed Equity,1,Air New Zealand Ltd,,NZAIRE0001S2,New Zealand,2806236.274,,,1529398.773,2.207e-05
31/12/2024,HESTA,Balanced Growth,Listed Equity,1,Airports of Thailand PCL,,TH0765010Z16,Germany,1180.516778,,,3327.380286,5e-08
31/12/2024,HESTA,Balanced Growth,Listed Equity,1,Airports of Thailand PCL,,TH0765010R16,Thailand,254429.6435,,,717130.1177,1.035e-05
31/12/2024,HESTA,Balanced Growth,Listed Equity,1,Air Products and Chemicals Inc,,US0091581068,United States,15615.01072,,,7314831.16,0.00010555
31/12/2024,HESTA,Balanced Growth,Listed Equity,1,Airtac International Group,,KYG014081064,Taiwan,8108.420748,,,337143.0055,4.86e-06
31/12/2024,HESTA,Balanced Growth,Listed Equity,1,Aisin Corp,,JP3102000001,Japan,200591.1304,,,3664234.875,5.287e-05
31/12/2024,HESTA,Balanced Growth,Listed Equity,1,Ajinomoto Co Inc,,JP3119600009,Japan,19926.39495,,,1321250.184,1.906e-05
31/12/2024,HESTA,Balanced Growth,Listed Equity,1,Akamai Technologies Inc,,US00971T1016,United States,13911.99224,,,2149207.882,3.101e-05
31/12/2024,HESTA,Balanced Growth,Listed Equity,1,Akbank TAS,,TRAAKBNK91N6,Turkey,185413.3673,,,549207.6991,7.92e-06
31/12/2024,HESTA,Balanced Growth,Listed Equity,1,Aker BP ASA,,NO0010345853,Norway,100066.2854,,,3154862.796,4.552e-05
31/12/2024,HESTA,Balanced Growth,Listed Equity,1,Akeso Inc,,KYG0146B1032,Hong Kong,37392.21598,,,471918.9723,6.81e-06
31/12/2024,HESTA,Balanced Growth,Listed Equity,1,Akzo Nobel NV,,NL0013267909,Netherlands,25737.08008,,,2494834.06,3.6e-05
31/12/2024,HESTA,Balanced Growth,Listed Equity,1,Albemarle Corp,,US0126531013,United States,10812.07325,,,1503195.126,2.169e-05
31/12/2024,HESTA,Balanced Growth,Listed Equity,1,Albertsons Cos Inc,,US0130911037,United States,37170.01288,,,1179066.543,1.701e-05
31/12/2024,HESTA,Balanced Growth,Listed Equity,1,Alchip Technologies Ltd,,KYG022421088,Taiwan,4064.371302,,,656753.8901,9.48e-06
31/12/2024,HESTA,Balanced Growth,Listed Equity,1,Alcoa Corp,,US0138721065,United States,289701.2585,,,17677321.4,0.00025507
31/12/2024,HESTA,Balanced Growth,Listed Equity,1,Alcoa Corp,,AU0000339426,Australia,623688.5151,,,36997202.72,0.00053384
31/12/2024,HESTA,Balanced Growth,Listed Equity,1,Alcon AG,,CH0432492467,Switzerland,195236.7154,,,26757386.62,0.00038609
31/12/2024,HESTA,Balanced Growth,Listed Equity,1,Aldar Properties PJSC,,AEA002001013,,228525.721,,,771744.2155,1.114e-05
31/12/2024,HESTA,Balanced Growth,Listed Equity,1,Alfa Laval AB,,SE0000695876,Sweden,16044.87367,,,1084958.523,1.566e-05
31/12/2024,HESTA,Balanced Growth,Listed Equity,1,Alfa SAB de CV,,MXP000511016,Mexico,214713.42,,,251675.2435,3.63e-06
31/12/2024,HESTA,Balanced Growth,Listed Equity,1,Alibaba Group Holding Ltd,,KYG017191142,Hong Kong,2116895.254,,,36268043.13,0.00052332
31/12/2024,HESTA,Balanced Growth,Listed Equity,1,Alibaba Group Holding Ltd,,US01609W1027,United States,331090.1822,,,45341414.12,0.00065424
31/12/2024,HESTA,Balanced Growth,Listed Equity,1,Alibaba Health Information Technology Ltd,,BMG0171K1018,Hong Kong,281254.4941,,,194148.9693,2.8e-06
31/12/2024,HESTA,Balanced Growth,Listed Equity,1,Align Technology Inc,,US0162551016,United States,8453.09703,,,2846733.844,4.108e-05
31/12/2024,HESTA,Balanced Growth,Listed Equity,1,Alimentation Couche-Tard Inc,,CA01626P1484,Canada,51172.73074,,,4581318.565,6.61e-05
31/12/2024,HESTA,Balanced Growth,Listed Equity,1,Alior Bank SA,,PLALIOR00045,Poland,5327.577903,,,179109.2673,2.58e-06
31/12/2024,HESTA,Balanced Growth,Listed Equity,1,Alkem Laboratories Ltd,,INE540L01014,India,2409.359308,,,256077.3559,3.7e-06
31/12/2024,HESTA,Balanced Growth,Listed Equity,1,Allegion plc,,IE00BFRT3W74,United States,14316.53171,,,3021698.076,4.36e-05
31/12/2024,HESTA,Balanced Growth,Listed Equity,1,Allegro.eu SA,,LU2237380790,Germany,35577.06776,,,376712.1475,5.44e-06
31/12/2024,HESTA,Balanced Growth,Listed Equity,1,Alliant Energy Corp,,US0188021085,United States,19760.08135,,,1887444.418,2.723e-05
31/12/2024,HESTA,Balanced Growth,Listed Equity,1,Allianz SE,,DE0008404005,Germany,45155.93321,,,22346720.71,0.00032245
31/12/2024,HESTA,Balanced Growth,Listed Equity,1,Allstate Corp/The,,US0200021014,United States,48086.42608,,,14973079.35,0.00021605
31/12/2024,HESTA,Balanced Growth,Listed Equity,1,Ally Financial Inc,,US02005N1000,United States,576031.7919,,,33502228.59,0.00048341
31/12/2024,HESTA,Balanced Growth,Listed Equity,1,Alnylam Pharmaceuticals Inc,,US02043Q1076,United States,49008.46395,,,18625828.39,0.00026876
31/12/2024,HESTA,Balanced Growth,Listed Equity,1,Alphabet Inc,,US02079K3059,,1071763.564,,,327682859.9,0.00472821
31/12/2024,HESTA,Balanced Growth,Listed Equity,1,Alphabet Inc,,US02079K1079,United States,1186839.222,,,365051540.7,0.00526741
31/12/2024,HESTA,Balanced Growth,Listed Equity,1,Alpha HPA Ltd,,AU0000033060,Australia,9799212.216,,,8721298.872,0.00012584
31/12/2024,HESTA,Balanced Growth,Listed Equity,1,Alpha Services and Holdings SA,,GRS015003007,,132609.8682,,,358624.4352,5.17e-06
31/12/2024,HESTA,Balanced Growth,Listed Equity,1,Al Rayan Bank,,QA000A0M8VM3,Qatar,331603.9258,,,362299.1797,5.23e-06
31/12/2024,HESTA,Balanced Growth,Listed Equity,1,ALS Ltd,,AU000000ALQ6,Australia,4207086.836,,,63442869.49,0.00091543
31/12/2024,HESTA,Balanced Growth,Listed Equity,1,Alstom SA,,FR0010220475,France,21913.54141,,,790160.547,1.14e-05
31/12/2024,HESTA,Balanced Growth,Listed Equity,1,AltaGas Ltd,,CA0213611001,Canada,13486.17423,,,507059.3833,7.32e-06
31/12/2024,HESTA,Balanced Growth,Listed Equity,1,Alteogen Inc,,KR7196170005,South Korea,2303.085244,,,782028.5191,1.128e-05
31/12/2024,HESTA,Balanced Growth,Listed Equity,1,Aluminum Corp of China Ltd,,CNE1000001T8,Hong Kong,234107.787,,,218554.4948,3.15e-06
31/12/2024,HESTA,Balanced Growth,Listed Equity,1,Aluminum Corp of China Ltd,,CNE1000000T0,China,53405.83891,,,86856.40322,1.25e-06
31/12/2024,HESTA,Balanced Growth,Listed Equity,1,Amadeus IT Group SA,,ES0109067019,Spain,28417.67642,,,3241357.652,4.677e-05
31/12/2024,HESTA,Balanced Growth,Listed Equity,1,Amazon.com Inc,,US0231351067,United States,1667997.178,,,591039167.9,0.00852824
31/12/2024,HESTA,Balanced Growth,Listed Equity,1,Ambev SA,,BRABEVACNOR1,Brazil,269540.6886,,,827292.4467,1.194e-05
31/12/2024,HESTA,Balanced Growth,Listed Equity,1,Ambuja Cements Ltd,,INE079A01024,India,35400.67404,,,357828.3143,5.16e-06
31/12/2024,HESTA,Balanced Growth,Listed Equity,1,Amcor PLC,,JE00BJ1F3079,United States,110395.014,,,1677811.647,2.421e-05
31/12/2024,HESTA,Balanced Growth,Listed Equity,1,Amcor PLC,,AU000000AMC4,Germany,6388518.638,,,95636124.01,0.00137996
31/12/2024,HESTA,Balanced Growth,Listed Equity,1,Ameren Corp,,US0236081024,United States,19592.34678,,,2820741.007,4.07e-05
31/12/2024,HESTA,Balanced Growth,Listed Equity,1,America Movil SAB de CV,,MX01AM050019,Mexico,1041351.819,,,1209290.762,1.745e-05
31/12/2024,HESTA,Balanced Growth,Listed Equity,1,America Movil SAB de CV,,US02390A1016,United States,208718.6056,,,4823973.591,6.961e-05
31/12/2024,HESTA,Balanced Growth,Listed Equity,1,Americana Restaurants International PLC - Foreign Co,,AEE01135A222,,150177.7067,,,145940.1607,2.11e-06
31/12/2024,HESTA,Balanced Growth,Listed Equity,1,American Electric Power Co Inc,,US0255371017,United States,245392.9284,,,36554291.84,0.00052745
31/12/2024,HESTA,Balanced Growth,Listed Equity,1,American Express Co,,US0258161092,United States,67829.89081,,,32514307.19,0.00046916
31/12/2024,HESTA,Balanced Growth,Listed Equity,1,American Financial Group Inc/OH,,US0259321042,United States,11724.46347,,,2592959.35,3.741e-05
31/12/2024,HESTA,Balanced Growth,Listed Equity,1,American International Group Inc,,US0268747849,United States,70348.12875,,,8271571.961,0.00011935
31/12/2024,HESTA,Balanced Growth,Listed Equity,1,American Water Works Co Inc,,US0304201033,United States,77547.05146,,,15592073.7,0.00022498
31/12/2024,HESTA,Balanced Growth,Listed Equity,1,Ameriprise Financial Inc,,US03076C1062,United States,18976.7912,,,16318845.09,0.00023547
31/12/2024,HESTA,Balanced Growth,Listed Equity,1,AMETEK Inc,,US0311001004,United States,33021.92422,,,9614038.698,0.00013872
31/12/2024,HESTA,Balanced Growth,Listed Equity,1,Amgen Inc,,US0311621009,United States,58659.58015,,,24693584.72,0.00035631
31/12/2024,HESTA,Balanced Growth,Listed Equity,1,Amlogic Shanghai Co Ltd,,CNE100003LZ3,China,3266.941653,,,49647.50664,7.2e-07
31/12/2024,HESTA,Balanced Growth,Listed Equity,1,Amman Mineral Internasional PT,,ID1000191109,Indonesia,377538.6374,,,321080.6426,4.63e-06
31/12/2024,HESTA,Balanced Growth,Listed Equity,1,AMMB Holdings Bhd,,MYL1015OO006,Malaysia,129247.0074,,,255830.2096,3.69e-06
31/12/2024,HESTA,Balanced Growth,Listed Equity,1,Amorepacific Corp,,KR7090430000,South Korea,1737.925169,,,199822.4496,2.88e-06
31/12/2024,HESTA,Balanced Growth,Listed Equity,1,Amotiv Ltd,,AU0000340770,Australia,407967.8368,,,4324459.07,6.24e-05
31/12/2024,HESTA,Balanced Growth,Listed Equity,1,Amphenol Corp,,US0320951017,United States,244487.8163,,,27424176.43,0.00039571
31/12/2024,HESTA,Balanced Growth,Listed Equity,1,Amplifon SpA,,IT0004056880,Italy,9141.119833,,,379909.2031,5.48e-06
31/12/2024,HESTA,Balanced Growth,Listed Equity,1,Amplitude Energy Ltd,,AU0000361909,Australia,38055337.44,,,7801344.18,0.00011257
31/12/2024,HESTA,Balanced Growth,Listed Equity,1,AMP Ltd,,AU000000AMP6,Australia,18411047.9,,,29181510.92,0.00042107
31/12/2024,HESTA,Balanced Growth,Listed Equity,1,Ampol Ltd,,AU0000088338,Australia,1458184.481,,,41106220.51,0.00059313
31/12/2024,HESTA,Balanced Growth,Listed Equity,1,Amundi SA,,FR0004125920,France,3415.942095,,,366774.8427,5.29e-06
31/12/2024,HESTA,Balanced Growth,Listed Equity,1,Anadolu Efes Biracilik Ve Malt Sanayii AS,,TRAAEFES91A9,Turkey,11965.50911,,,104715.8197,1.51e-06
31/12/2024,HESTA,Balanced Growth,Listed Equity,1,ANA Holdings Inc,,JP3429800000,Japan,4633.847737,,,136459.6131,1.97e-06
31/12/2024,HESTA,Balanced Growth,Listed Equity,1,Analog Devices Inc,,US0326541051,United States,54911.6812,,,18842826.12,0.00027189
31/12/2024,HESTA,Balanced Growth,Listed Equity,1,Angel Yeast Co Ltd,,CNE0000014G0,China,4877.245563,,,38905.02375,5.6e-07
31/12/2024,HESTA,Balanced Growth,Listed Equity,1,Anglo American Platinum Ltd,,ZAE000013181,South Africa,171204.38,,,8337216.233,0.0001203
31/12/2024,HESTA,Balanced Growth,Listed Equity,1,Anglo American PLC,,GB00B1XZS820,Switzerland,61820.92228,,,2956173.808,4.266e-05
31/12/2024,HESTA,Balanced Growth,Listed Equity,1,Anglogold Ashanti Plc,,GB00BRXH2664,United States,29136.54718,,,1049910.487,1.515e-05
31/12/2024,HESTA,Balanced Growth,Listed Equity,1,Anheuser-Busch InBev SA/NV,,BE0974293251,Belgium,52301.36057,,,4220504.022,6.09e-05
31/12/2024,HESTA,Balanced Growth,Listed Equity,1,Anhui Conch Cement Co Ltd,,CNE1000001W2,Hong Kong,1382153.359,,,5713078.037,8.244e-05
31/12/2024,HESTA,Balanced Growth,Listed Equity,1,Anhui Conch Cement Co Ltd,,CNE0000019V8,China,14225.29956,,,74851.2421,1.08e-06
31/12/2024,HESTA,Balanced Growth,Listed Equity,1,Anhui Gujing Distillery Co Ltd,,CNE000000MD5,China,1410.336842,,,54081.30491,7.8e-07
31/12/2024,HESTA,Balanced Growth,Listed Equity,1,Anhui Gujing Distillery Co Ltd,,CNE000000K82,China,6421.706658,,,149556.3294,2.16e-06
31/12/2024,HESTA,Balanced Growth,Listed Equity,1,Anhui Jianghuai Automobile Group Corp Ltd,,CNE0000018M9,China,15851.04808,,,131527.0303,1.9e-06
31/12/2024,HESTA,Balanced Growth,Listed Equity,1,Anhui Yingjia Distillery Co Ltd,,CNE1000022H9,China,4405.778492,,,52584.69772,7.6e-07
31/12/2024,HESTA,Balanced Growth,Listed Equity,1,Anjoy Foods Group Co Ltd,,CNE100002YQ7,China,1300.598817,,,23448.77244,3.4e-07
31/12/2024,HESTA,Balanced Growth,Listed Equity,1,Annaly Capital Management Inc,,US0357108390,United States,70208.35939,,,2075123.923,2.994e-05
31/12/2024,HESTA,Balanced Growth,Listed Equity,1,Ansell Ltd,,AU000000ANN9,Australia,1654305.296,,,55948605.11,0.0008073
31/12/2024,HESTA,Balanced Growth,Listed Equity,1,ANSYS Inc,,US03662Q1058,,33979.34048,,,18512882.06,0.00026713
31/12/2024,HESTA,Balanced Growth,Listed Equity,1,ANTA Sports Products Ltd,,KYG040111059,Hong Kong,102209.0773,,,1654419.448,2.387e-05
31/12/2024,HESTA,Balanced Growth,Listed Equity,1,Antofagasta PLC,,GB0000456144,United Kingdom,287583.6452,,,9249288.412,0.00013346
31/12/2024,HESTA,Balanced Growth,Listed Equity,1,ANZ Group Holdings Ltd,,AU000000ANZ3,Australia,15591955.67,,,444994414.8,0.00642093
31/12/2024,HESTA,Balanced Growth,Listed Equity,1,Aon PLC,,IE00BLP1HW54,United States,22033.64547,,,12781400.48,0.00018443
31/12/2024,HESTA,Balanced Growth,Listed Equity,1,A O Smith Corp,,US8318652091,United States,24839.1721,,,2736461.163,3.949e-05
31/12/2024,HESTA,Balanced Growth,Listed Equity,1,APA Corp,,US03743Q1085,United States,53357.92354,,,1989880.41,2.871e-05
31/12/2024,HESTA,Balanced Growth,Listed Equity,1,APL Apollo Tubes Ltd,,INE702C01027,India,9699.215676,,,286954.0595,4.14e-06
31/12/2024,HESTA,Balanced Growth,Listed Equity,1,AP Moller - Maersk A/S,,DK0010244425,Denmark,144.981224,,,375225.6937,5.41e-06
31/12/2024,HESTA,Balanced Growth,Listed Equity,1,AP Moller - Maersk A/S,,DK0010244508,Denmark,1855.336949,,,4953671.325,7.148e-05
31/12/2024,HESTA,Balanced Growth,Listed Equity,1,Apollo Global Management Inc,,US03769M1062,United States,36722.07993,,,9795717.876,0.00014134
31/12/2024,HESTA,Balanced Growth,Listed Equity,1,Apollo Hospitals Enterprise Ltd,,INE437A01024,India,68141.10177,,,9379404.716,0.00013534
31/12/2024,HESTA,Balanced Growth,Listed Equity,1,Apple Inc,,US0378331005,United States,2401611.542,,,971350339.1,0.01401584
31/12/2024,HESTA,Balanced Growth,Listed Equity,1,Applied Materials Inc,,US0382221051,United States,140080.4396,,,36794447.05,0.00053092
31/12/2024,HESTA,Balanced Growth,Listed Equity,1,AppLovin Corp,,US03831W1080,United States,88961.6858,,,46529052.27,0.00067138
31/12/2024,HESTA,Balanced Growth,Listed Equity,1,Aptiv PLC,,JE00BTDN8H13,United States,175141.1774,,,17108194.15,0.00024686
31/12/2024,HESTA,Balanced Growth,Listed Equity,1,Arafura Rare Earths Ltd,,AU000000ARU5,Australia,69616.44681,,,8005.89207,1.2e-07
31/12/2024,HESTA,Balanced Growth,Listed Equity,1,ARB Corp Ltd,,AU000000ARB5,Australia,1208336.188,,,49070532.61,0.00070805
31/12/2024,HESTA,Balanced Growth,Listed Equity,1,Arca Continental SAB de CV,,MX01AC100006,Mexico,116597.6012,,,1564496.489,2.257e-05
31/12/2024,HESTA,Balanced Growth,Listed Equity,1,Arcadium Lithium PLC,,AU0000305724,,1427282.172,,,11703713.81,0.00016888
31/12/2024,HESTA,Balanced Growth,Listed Equity,1,ArcelorMittal SA,,LU1598757687,Netherlands,24461.74244,,,917636.4917,1.324e-05
31/12/2024,HESTA,Balanced Growth,Listed Equity,1,Arch Capital Group Ltd,,BMG0450A1053,United States,84095.36207,,,12543336.32,0.00018099
31/12/2024,HESTA,Balanced Growth,Listed Equity,1,Archer-Daniels-Midland Co,,US0394831020,United States,37596.15913,,,3067686.275,4.426e-05
31/12/2024,HESTA,Balanced Growth,Listed Equity,1,ARC Resources Ltd,,CA00208D4084,Canada,55474.1949,,,1624114.517,2.343e-05
31/12/2024,HESTA,Balanced Growth,Listed Equity,1,Ares Management Corp,,US03990B1017,United States,16526.24908,,,4725255.383,6.818e-05
31/12/2024,HESTA,Balanced Growth,Listed Equity,1,Argenx SE,,NL0010832176,Belgium,4616.664329,,,4632693.444,6.685e-05
31/12/2024,HESTA,Balanced Growth,Listed Equity,1,Arista Networks Inc,,US0404132054,United States,282037.9565,,,50349116.26,0.0007265
31/12/2024,HESTA,Balanced Growth,Listed Equity,1,Aristocrat Leisure Ltd,,AU000000ALL7,Australia,3437072.145,,,234958251.8,0.00339027
31/12/2024,HESTA,Balanced Growth,Listed Equity,1,Arkema SA,,FR0010313833,France,2210.666045,,,271931.6938,3.92e-06
31/12/2024,HESTA,Balanced Growth,Listed Equity,1,Arthur J Gallagher & Co,,US3635761097,United States,23506.7976,,,10776717.28,0.0001555
31/12/2024,HESTA,Balanced Growth,Listed Equity,1,Asahi Group Holdings Ltd,,JP3116000005,Japan,156944.5075,,,2672579.283,3.856e-05
31/12/2024,HESTA,Balanced Growth,Listed Equity,1,Asahi Kasei Corp,,JP3111200006,Japan,141873.5939,,,1592887.068,2.298e-05
31/12/2024,HESTA,Balanced Growth,Listed Equity,1,ASE Technology Holding Co Ltd,,TW0003711008,Taiwan,1459623.918,,,11649074.41,0.00016809
31/12/2024,HESTA,Balanced Growth,Listed Equity,1,Ashok Leyland Ltd,,INE208A01029,India,99810.39182,,,415188.0224,5.99e-06
31/12/2024,HESTA,Balanced Growth,Listed Equity,1,Ashtead Group PLC,,GB0000536739,United Kingdom,27216.92837,,,2733413.755,3.944e-05
31/12/2024,HESTA,Balanced Growth,Listed Equity,1,Asia Cement Corp,,TW0001102002,Taiwan,271477.3416,,,540319.1828,7.8e-06
31/12/2024,HESTA,Balanced Growth,Listed Equity,1,Asian Paints Ltd,,INE021A01026,India,22913.0802,,,986133.8384,1.423e-05
31/12/2024,HESTA,Balanced Growth,Listed Equity,1,Asia Vital Components Co Ltd,,TW0003017000,Taiwan,18765.55015,,,575949.9972,8.31e-06
31/12/2024,HESTA,Balanced Growth,Listed Equity,1,Asics Corp,,JP3118000003,Japan,214396.322,,,6852352.381,9.887e-05
31/12/2024,HESTA,Balanced Growth,Listed Equity,1,ASM International NV,,NL0000334118,Netherlands,3858.186337,,,3605733.378,5.203e-05
31/12/2024,HESTA,Balanced Growth,Listed Equity,1,ASML Holding NV,,NL0010273215,Netherlands,85928.33895,,,97536749.9,0.00140738
31/12/2024,HESTA,Balanced Growth,Listed Equity,1,ASMPT Ltd,,KYG0535Q1331,Hong Kong,218829.0947,,,3407881.019,4.917e-05
31/12/2024,HESTA,Balanced Growth,Listed Equity,1,Aspen Pharmacare Holdings Ltd,,ZAE000066692,South Africa,22744.22181,,,320916.5558,4.63e-06
31/12/2024,HESTA,Balanced Growth,Listed Equity,1,Aspen Technology Inc,,US29109X1063,,10647.74121,,,4292975.276,6.194e-05
31/12/2024,HESTA,Balanced Growth,Listed Equity,1,ASR Nederland NV,,NL0011872643,Netherlands,7214.440954,,,552373.0558,7.97e-06
31/12/2024,HESTA,Balanced Growth,Listed Equity,1,Assa Abloy AB,,SE0007100581,Sweden,65461.69924,,,3127091.05,4.512e-05
31/12/2024,HESTA,Balanced Growth,Listed Equity,1,Associated British Foods PLC,,GB0006731235,United Kingdom,13602.54443,,,562128.4068,8.11e-06
31/12/2024,HESTA,Balanced Growth,Listed Equity,1,Assurant Inc,,US04621X1081,United States,5309.465331,,,1828449.0,2.638e-05
31/12/2024,HESTA,Balanced Growth,Listed Equity,1,Astellas Pharma Inc,,JP3942400007,Japan,473093.0816,,,7460629.253,0.00010765
31/12/2024,HESTA,Balanced Growth,Listed Equity,1,Astral Ltd,,INE006I01046,India,9005.021057,,,280686.1324,4.05e-06
31/12/2024,HESTA,Balanced Growth,Listed Equity,1,AstraZeneca PLC,,GB0009895292,United Kingdom,263688.8593,,,55834484.21,0.00080565
31/12/2024,HESTA,Balanced Growth,Listed Equity,1,AstraZeneca PLC,,US0463531089,United States,283285.9951,,,29978031.81,0.00043256
31/12/2024,HESTA,Balanced Growth,Listed Equity,1,Asustek Computer Inc,,TW0002357001,Taiwan,328491.6039,,,9968743.452,0.00014384
31/12/2024,HESTA,Balanced Growth,Listed Equity,1,ASX Ltd,,AU000000ASX7,Australia,1048975.043,,,68267295.81,0.00098504
31/12/2024,HESTA,Balanced Growth,Listed Equity,1,Atkore Inc,,US0476491081,United States,16360.13566,,,2205044.527,3.182e-05
31/12/2024,HESTA,Balanced Growth,Listed Equity,1,Atlas Copco AB,,SE0017486897,United Kingdom,139558.7584,,,3048766.905,4.399e-05
31/12/2024,HESTA,Balanced Growth,Listed Equity,1,Atlas Copco AB,,SE0017486889,Sweden,916665.6432,,,22624720.55,0.00032646
31/12/2024,HESTA,Balanced Growth,Listed Equity,1,Atlassian Corp,,US0494681010,United States,86079.35399,,,33836700.6,0.00048824
31/12/2024,HESTA,Balanced Growth,Listed Equity,1,Atmos Energy Corp,,US0495601058,United States,12653.33388,,,2846208.208,4.107e-05
31/12/2024,HESTA,Balanced Growth,Listed Equity,1,AT&T Inc,,US00206R1023,United States,1559279.466,,,57344413.21,0.00082744
31/12/2024,HESTA,Balanced Growth,Listed Equity,1,AUB Group Ltd,,AU000000AUB9,Australia,1237730.538,,,38617192.79,0.00055722
31/12/2024,HESTA,Balanced Growth,Listed Equity,1,Auckland International Airport Ltd,,NZAIAE0002S6,New Zealand,10532731.81,,,81741874.46,0.00117947
31/12/2024,HESTA,Balanced Growth,Listed Equity,1,Audinate Group Ltd,,AU000000AD88,Australia,399984.9017,,,2963888.121,4.277e-05
31/12/2024,HESTA,Balanced Growth,Listed Equity,1,AUO Corp,,TW0002409000,Taiwan,388716.4714,,,280547.2447,4.05e-06
31/12/2024,HESTA,Balanced Growth,Listed Equity,1,Aurizon Holdings Ltd,,AU000000AZJ1,Australia,11255646.68,,,36580851.72,0.00052783
31/12/2024,HESTA,Balanced Growth,Listed Equity,1,Aurobindo Pharma Ltd,,INE406A01037,India,15668.96425,,,394474.8645,5.69e-06
31/12/2024,HESTA,Balanced Growth,Listed Equity,1,AU Small Finance Bank Ltd,,INE949L01017,India,21020.1155,,,221709.8857,3.2e-06
31/12/2024,HESTA,Balanced Growth,Listed Equity,1,Aussie Broadband Ltd,,AU0000106643,Australia,16747.40253,,,59955.70105,8.7e-07
31/12/2024,HESTA,Balanced Growth,Listed Equity,1,Austal Ltd,,AU000000ASB3,Australia,856943.9576,,,2656526.269,3.833e-05
31/12/2024,HESTA,Balanced Growth,Listed Equity,1,Australian Clinical Labs Ltd,,AU0000148496,Australia,741285.7405,,,2550022.947,3.679e-05
31/12/2024,HESTA,Balanced Growth,Listed Equity,1,Australian Ethical Investment Ltd,,AU000000AEF4,Australia,10220.99495,,,54988.9528,7.9e-07
31/12/2024,HESTA,Balanced Growth,Listed Equity,1,Australian Finance Group Ltd,,AU000000AFG9,Australia,13009.58978,,,19644.48056,2.8e-07
31/12/2024,HESTA,Balanced Growth,Listed Equity,1,Australian Vintage Ltd,,AU000000AVG6,Australia,707099.2645,,,98993.89703,1.43e-06
31/12/2024,HESTA,Balanced Growth,Listed Equity,1,Autodesk Inc,,US0527691069,United States,99200.10511,,,47356173.9,0.00068331
31/12/2024,HESTA,Balanced Growth,Listed Equity,1,Autohome Inc,,US05278C1071,United States,108461.3109,,,4545862.904,6.559e-05
31/12/2024,HESTA,Balanced Growth,Listed Equity,1,Automatic Data Processing Inc,,US0530151036,United States,84446.48227,,,39925734.89,0.0005761
31/12/2024,HESTA,Balanced Growth,Listed Equity,1,Auto Trader Group PLC,,GB00BVYVFW23,United Kingdom,42296.3473,,,678458.1508,9.79e-06
31/12/2024,HESTA,Balanced Growth,Listed Equity,1,AutoZone Inc,,US0533321024,United States,1875.892253,,,9701376.074,0.00013998
31/12/2024,HESTA,Balanced Growth,Listed Equity,1,Avantor Inc,,US05352A1007,United States,49230.61655,,,1675343.759,2.417e-05
31/12/2024,HESTA,Balanced Growth,Listed Equity,1,Avary Holding Shenzhen Co Ltd,,CNE100003GF5,China,6909.431214,,,55772.8556,8e-07
31/12/2024,HESTA,Balanced Growth,Listed Equity,1,Avenue Supermarts Ltd,,INE192R01011,India,9681.349249,,,650536.9633,9.39e-06
31/12/2024,HESTA,Balanced Growth,Listed Equity,1,Avery Dennison Corp,,US0536111091,United States,8138.159645,,,2459652.448,3.549e-05
31/12/2024,HESTA,Balanced Growth,Listed Equity,1,AviChina Industry & Technology Co Ltd,,CNE1000001Y8,Hong Kong,147943.1154,,,118735.2345,1.71e-06
31/12/2024,HESTA,Balanced Growth,Listed Equity,1,AVICOPTER PLC,,CNE0000015V6,China,4226.946154,,,36065.2963,5.2e-07
31/12/2024,HESTA,Balanced Growth,Listed Equity,1,Aviva PLC,,GB00BPQY8M80,United Kingdom,472411.1836,,,4479760.398,6.464e-05
31/12/2024,HESTA,Balanced Growth,Listed Equity,1,Avolta AG,,CH0023405456,Switzerland,6323.84207,,,409564.0274,5.91e-06
31/12/2024,HESTA,Balanced Growth,Listed Equity,1,AXA SA,,FR0000120628,France,163386.9876,,,9378184.199,0.00013532
31/12/2024,HESTA,Balanced Growth,Listed Equity,1,Axiata Group Bhd,,MYL6888OO001,Malaysia,163631.5886,,,147169.316,2.12e-06
31/12/2024,HESTA,Balanced Growth,Listed Equity,1,Axis Bank Ltd,,INE238A01034,India,325553.3359,,,6538977.904,9.435e-05
31/12/2024,HESTA,Balanced Growth,Listed Equity,1,Axon Enterprise Inc,,US05464C1018,United States,17577.27293,,,16872365.09,0.00024346
31/12/2024,HESTA,Balanced Growth,Listed Equity,1,Ayala Corp,,PHY0486V1154,,13575.00015,,,227041.276,3.28e-06
31/12/2024,HESTA,Balanced Growth,Listed Equity,1,Ayala Land Inc,,PHY0488F1004,,400990.8727,,,293341.7881,4.23e-06
31/12/2024,HESTA,Balanced Growth,Listed Equity,1,AZEK Co Inc/The,,US05478C1053,,63486.00236,,,4867448.169,7.023e-05
31/12/2024,HESTA,Balanced Growth,Listed Equity,1,Azrieli Group Ltd,,IL0011194789,Israel,3064.556665,,,408749.3749,5.9e-06
31/12/2024,HESTA,Balanced Growth,Listed Equity,1,B3 SA - Brasil Bolsa Balcao,,BRB3SAACNOR6,Brazil,2111622.993,,,5697216.32,8.221e-05
31/12/2024,HESTA,Balanced Growth,Listed Equity,1,Bachem Holding AG,,CH1176493729,Switzerland,1495.6015,,,154329.9873,2.23e-06
31/12/2024,HESTA,Balanced Growth,Listed Equity,1,BAIC BluePark New Energy Technology Co Ltd,,CNE000000LP1,China,45114.52146,,,79860.5147,1.15e-06
31/12/2024,HESTA,Balanced Growth,Listed Equity,1,Baidu Inc,,KYG070341048,Hong Kong,132731.6685,,,2282325.622,3.293e-05
31/12/2024,HESTA,Balanced Growth,Listed Equity,1,Bajaj Auto Ltd,,INE917I01010,India,3997.078477,,,663463.0122,9.57e-06
31/12/2024,HESTA,Balanced Growth,Listed Equity,1,Bajaj Finance Ltd,,INE296A01024,India,16058.12734,,,2066953.634,2.982e-05
31/12/2024,HESTA,Balanced Growth,Listed Equity,1,Bajaj Finserv Ltd,,INE918I01026,India,22817.58596,,,675000.2247,9.74e-06
31/12/2024,HESTA,Balanced Growth,Listed Equity,1,Bajaj Holdings & Investment Ltd,,INE118A01012,India,1587.543431,,,355999.3554,5.14e-06
31/12/2024,HESTA,Balanced Growth,Listed Equity,1,Baker Hughes Co,,US05722G1004,United States,225156.3096,,,14917082.81,0.00021524
31/12/2024,HESTA,Balanced Growth,Listed Equity,1,Balkrishna Industries Ltd,,INE787D01026,India,4595.178194,,,252272.9824,3.64e-06
31/12/2024,HESTA,Balanced Growth,Listed Equity,1,Ball Corp,,US0584981064,United States,34939.38638,,,3111052.852,4.489e-05
31/12/2024,HESTA,Balanced Growth,Listed Equity,1,Baloise Holding AG,,CH0012410517,Switzerland,2583.809164,,,755657.2905,1.09e-05
31/12/2024,HESTA,Balanced Growth,Listed Equity,1,Banco Bilbao Vizcaya Argentaria SA,,ES0113211835,Spain,424302.344,,,6707383.811,9.678e-05
31/12/2024,HESTA,Balanced Growth,Listed Equity,1,Banco BPM SpA,,IT0005218380,Italy,200433.0727,,,2618699.314,3.779e-05
31/12/2024,HESTA,Balanced Growth,Listed Equity,1,Banco Bradesco SA,,BRBBDCACNPR8,Brazil,298043.1249,,,900748.5521,1.3e-05
31/12/2024,HESTA,Balanced Growth,Listed Equity,1,Banco Bradesco SA,,BRBBDCACNOR1,Brazil,93855.27499,,,261075.9961,3.77e-06
31/12/2024,HESTA,Balanced Growth,Listed Equity,1,Banco BTG Pactual SA,,BRBPACUNT006,Brazil,70390.75138,,,500554.2264,7.22e-06
31/12/2024,HESTA,Balanced Growth,Listed Equity,1,Banco de Chile,,CLP0939W1081,Chile,2701426.656,,,495966.1421,7.16e-06
31/12/2024,HESTA,Balanced Growth,Listed Equity,1,Banco de Credito e Inversiones SA,,CLP321331116,Chile,4546.405739,,,203781.8789,2.94e-06
31/12/2024,HESTA,Balanced Growth,Listed Equity,1,Banco de Sabadell SA,,ES0113860A34,Spain,1377722.132,,,4324938.353,6.241e-05
31/12/2024,HESTA,Balanced Growth,Listed Equity,1,Banco do Brasil SA,,BRBBASACNOR3,Brazil,1273739.052,,,8048663.026,0.00011614
31/12/2024,HESTA,Balanced Growth,Listed Equity,1,Bancolombia SA,,COB07PA00078,,14957.69927,,,206185.1985,2.98e-06
31/12/2024,HESTA,Balanced Growth,Listed Equity,1,Bancolombia SA,,US05968L1026,,15706.14095,,,799322.4601,1.153e-05
31/12/2024,HESTA,Balanced Growth,Listed Equity,1,Bancolombia SA,,COB07PA00086,,26325.7458,,,339532.5063,4.9e-06
31/12/2024,HESTA,Balanced Growth,Listed Equity,1,Banco Santander Chile,,CLP1506A1070,Chile,3919593.519,,,301085.9273,4.34e-06
31/12/2024,HESTA,Balanced Growth,Listed Equity,1,Banco Santander SA,,ES0113900J37,Spain,1188074.401,,,8870957.111,0.000128
31/12/2024,HESTA,Balanced Growth,Listed Equity,1,Bandai Namco Holdings Inc,,JP3778630008,Japan,63398.78533,,,2462179.99,3.553e-05
31/12/2024,HESTA,Balanced Growth,Listed Equity,1,Bangkok Dusit Medical Services PCL,,TH0264A10Z12,United States,3083.232056,,,3578.372736,5e-08
31/12/2024,HESTA,Balanced Growth,Listed Equity,1,Bangkok Dusit Medical Services PCL,,TH0264010R10,Thailand,661273.2109,,,767468.0472,1.107e-05
31/12/2024,HESTA,Balanced Growth,Listed Equity,1,Bangkok Expressway & Metro PCL,,TH6999010R15,Thailand,454152.8493,,,152747.3486,2.2e-06
31/12/2024,HESTA,Balanced Growth,Listed Equity,1,Bank Central Asia Tbk PT,,ID1000109507,Indonesia,6906840.935,,,6705689.43,9.676e-05
31/12/2024,HESTA,Balanced Growth,Listed Equity,1,Bank Hapoalim BM,,IL0006625771,Israel,91378.90144,,,1783048.794,2.573e-05
31/12/2024,HESTA,Balanced Growth,Listed Equity,1,Bank Leumi Le-Israel BM,,IL0006046119,Israel,98545.29762,,,1893617.529,2.732e-05
31/12/2024,HESTA,Balanced Growth,Listed Equity,1,Bank Mandiri Persero Tbk PT,,ID1000095003,Indonesia,11024598.18,,,6305951.589,9.099e-05
31/12/2024,HESTA,Balanced Growth,Listed Equity,1,Bank Negara Indonesia Persero Tbk PT,,ID1000096605,Indonesia,11838451.56,,,5167698.478,7.457e-05
31/12/2024,HESTA,Balanced Growth,Listed Equity,1,Bank of America Corp,,US0605051046,United States,1090012.793,,,77373919.52,0.00111645
31/12/2024,HESTA,Balanced Growth,Listed Equity,1,Bank of Baroda,,INE028A01039,India,61463.86146,,,278923.8617,4.02e-06
31/12/2024,HESTA,Balanced Growth,Listed Equity,1,Bank of Beijing Co Ltd,,CNE100000734,China,75353.44395,,,102542.5191,1.48e-06
31/12/2024,HESTA,Balanced Growth,Listed Equity,1,Bank of Chengdu Co Ltd,,CNE100002SN6,China,20321.85651,,,76937.68711,1.11e-06
31/12/2024,HESTA,Balanced Growth,Listed Equity,1,Bank of China Ltd,,CNE000001N05,China,125263.9235,,,152722.621,2.2e-06
31/12/2024,HESTA,Balanced Growth,Listed Equity,1,Bank of China Ltd,,CNE1000001Z5,Hong Kong,16217315.86,,,13386499.45,0.00019316
31/12/2024,HESTA,Balanced Growth,Listed Equity,1,Bank of Communications Co Ltd,,CNE1000000S2,China,139964.7545,,,240638.6952,3.47e-06
31/12/2024,HESTA,Balanced Growth,Listed Equity,1,Bank of Communications Co Ltd,,CNE100000205,Hong Kong,4958595.839,,,6588053.428,9.506e-05
31/12/2024,HESTA,Balanced Growth,Listed Equity,1,Bank of Hangzhou Co Ltd,,CNE100002GQ4,China,21134.73077,,,68323.90243,9.9e-07
31/12/2024,HESTA,Balanced Growth,Listed Equity,1,Bank of Ireland Group PLC,,IE00BD1RP616,Ireland,54035.66972,,,795817.0392,1.148e-05
31/12/2024,HESTA,Balanced Growth,Listed Equity,1,Bank of Jiangsu Co Ltd,,CNE100002G76,China,52641.73711,,,114384.5689,1.65e-06
31/12/2024,HESTA,Balanced Growth,Listed Equity,1,Bank of Montreal,,CA0636711016,Canada,56164.02628,,,8801824.074,0.000127
31/12/2024,HESTA,Balanced Growth,Listed Equity,1,Bank of Nanjing Co Ltd,,CNE100000627,China,36904.49143,,,86967.01915,1.25e-06
31/12/2024,HESTA,Balanced Growth,Listed Equity,1,Bank of New York Mellon Corp/The,,US0640581007,United States,157019.2106,,,19484431.8,0.00028115
31/12/2024,HESTA,Balanced Growth,Listed Equity,1,Bank of Ningbo Co Ltd,,CNE1000005P7,China,23524.5811,,,126541.3961,1.83e-06
31/12/2024,HESTA,Balanced Growth,Listed Equity,1,Bank of Nova Scotia/The,,CA0641491075,Canada,99335.31147,,,8610915.112,0.00012425
31/12/2024,HESTA,Balanced Growth,Listed Equity,1,Bank of Queensland Ltd,,AU000000BOQ8,Australia,3604730.564,,,24151694.78,0.00034849
31/12/2024,HESTA,Balanced Growth,Listed Equity,1,Bank of Shanghai Co Ltd,,CNE100002FM5,China,50642.06643,,,102531.7241,1.48e-06
31/12/2024,HESTA,Balanced Growth,Listed Equity,1,Bank of the Philippine Islands,,PHY0967S1694,,98364.28851,,,335069.9241,4.83e-06
31/12/2024,HESTA,Balanced Growth,Listed Equity,1,Bank Polska Kasa Opieki SA,,PLPEKAO00016,Poland,10215.65231,,,550834.5601,7.95e-06
31/12/2024,HESTA,Balanced Growth,Listed Equity,1,Bank Rakyat Indonesia Persero Tbk PT,,ID1000118201,Indonesia,23831652.07,,,9757247.473,0.00014079
31/12/2024,HESTA,Balanced Growth,Listed Equity,1,Bannerman Energy Ltd,,AU000000BMN9,Australia,1988.44942,,,5766.503319,8e-08
31/12/2024,HESTA,Balanced Growth,Listed Equity,1,Banque Cantonale Vaudoise,,CH0531751755,Switzerland,1516.975417,,,225746.4204,3.26e-06
31/12/2024,HESTA,Balanced Growth,Listed Equity,1,Baoshan Iron & Steel Co Ltd,,CNE0000015R4,China,79417.81525,,,123010.3678,1.77e-06
31/12/2024,HESTA,Balanced Growth,Listed Equity,1,Bapcor Ltd,,AU000000BAP9,Australia,1880988.707,,,8878266.699,0.00012811
31/12/2024,HESTA,Balanced Growth,Listed Equity,1,Barclays PLC,,GB0031348658,United Kingdom,1085933.624,,,5890173.591,8.499e-05
31/12/2024,HESTA,Balanced Growth,Listed Equity,1,Barito Pacific Tbk PT,,ID1000085707,Indonesia,1680579.328,,,155152.8874,2.24e-06
31/12/2024,HESTA,Balanced Growth,Listed Equity,1,Barratt Redrow PLC,,GB0000811801,United Kingdom,377182.2626,,,3357759.939,4.845e-05
31/12/2024,HESTA,Balanced Growth,Listed Equity,1,Barrick Gold Corp,,CA0679011084,,1759739.176,,,44053672.77,0.00063566
31/12/2024,HESTA,Balanced Growth,Listed Equity,1,Barry Callebaut AG,,CH0009002962,Switzerland,145.678313,,,312591.5633,4.51e-06
31/12/2024,HESTA,Balanced Growth,Listed Equity,1,Barwa Real Estate Co,,QA000A0KD6J5,Qatar,127185.5583,,,159664.1851,2.3e-06
31/12/2024,HESTA,Balanced Growth,Listed Equity,1,BASF SE,,DE000BASF111,Germany,48924.68903,,,3474258.09,5.013e-05
31/12/2024,HESTA,Balanced Growth,Listed Equity,1,Baxter International Inc,,US0718131099,United States,42847.82473,,,2017996.559,2.912e-05
31/12/2024,HESTA,Balanced Growth,Listed Equity,1,Bayer AG,,DE000BAY0017,Germany,64798.85097,,,2093117.206,3.02e-05
31/12/2024,HESTA,Balanced Growth,Listed Equity,1,Bayerische Motoren Werke AG,,DE0005190003,Germany,292560.9159,,,38644478.46,0.00055761
31/12/2024,HESTA,Balanced Growth,Listed Equity,1,Bayerische Motoren Werke AG,,DE0005190037,Germany,2988.17185,,,361824.6543,5.22e-06
31/12/2024,HESTA,Balanced Growth,Listed Equity,1,BB Seguridade Participacoes SA,,BRBBSEACNOR5,Brazil,1394977.478,,,13194787.14,0.00019039
31/12/2024,HESTA,Balanced Growth,Listed Equity,1,BCE Inc,,CA05534B7604,Canada,19921.48832,,,745437.7531,1.076e-05
31/12/2024,HESTA,Balanced Growth,Listed Equity,1,BDO Unibank Inc,,PHY077751022,,137936.6333,,,554600.5264,8e-06
31/12/2024,HESTA,Balanced Growth,Listed Equity,1,Beach Energy Ltd,,AU000000BPT9,Australia,25729925.29,,,35893245.79,0.00051791
31/12/2024,HESTA,Balanced Growth,Listed Equity,1,Beacon Lighting Group Ltd,,AU000000BLX0,Australia,3252816.892,,,9921091.52,0.00014315
31/12/2024,HESTA,Balanced Growth,Listed Equity,1,Bechtle AG,,DE0005158703,Germany,4302.548765,,,223789.7588,3.23e-06
31/12/2024,HESTA,Balanced Growth,Listed Equity,1,Becton Dickinson & Co,,US0758871091,United States,37923.6514,,,13896049.09,0.00020051
31/12/2024,HESTA,Balanced Growth,Listed Equity,1,Bega Cheese Ltd,,AU000000BGA8,Australia,357581.1517,,,2063243.245,2.977e-05
31/12/2024,HESTA,Balanced Growth,Listed Equity,1,Beiersdorf AG,,DE0005200000,Germany,9121.584732,,,1891672.695,2.73e-05
31/12/2024,HESTA,Balanced Growth,Listed Equity,1,BeiGene Ltd,,US07725L1026,United States,37134.67409,,,11078326.17,0.00015985
31/12/2024,HESTA,Balanced Growth,Listed Equity,1,BeiGene Ltd,,KYG1146Y1017,Hong Kong,40912.86594,,,928923.784,1.34e-05
31/12/2024,HESTA,Balanced Growth,Listed Equity,1,Beijer Ref AB,,SE0015949748,Sweden,21527.06808,,,513227.6513,7.41e-06
31/12/2024,HESTA,Balanced Growth,Listed Equity,1,Beijing Enterprises Holdings Ltd,,HK0392044647,Hong Kong,30076.34764,,,166968.2505,2.41e-06
31/12/2024,HESTA,Balanced Growth,Listed Equity,1,Beijing Enterprises Water Group Ltd,,BMG0957L1090,Hong Kong,316351.1092,,,165097.5487,2.38e-06
31/12/2024,HESTA,Balanced Growth,Listed Equity,1,Beijing Kingsoft Office Software Inc,,CNE100003PM2,China,1644.444629,,,104208.4317,1.5e-06
31/12/2024,HESTA,Balanced Growth,Listed Equity,1,Beijing New Building Materials PLC,,CNE000000QS4,China,4145.658728,,,27803.86823,4e-07
31/12/2024,HESTA,Balanced Growth,Listed Equity,1,Beijing Oriental Yuhong Waterproof Technology Co Ltd,,CNE100000CS3,China,4333216.212,,,12445455.75,0.00017958
31/12/2024,HESTA,Balanced Growth,Listed Equity,1,Beijing Roborock Technology Co Ltd,,CNE100003R80,China,1447.729058,,,70247.65878,1.01e-06
31/12/2024,HESTA,Balanced Growth,Listed Equity,1,Beijing-Shanghai High Speed Railway Co Ltd,,CNE100003RV9,China,172410.6306,,,235001.4285,3.39e-06
31/12/2024,HESTA,Balanced Growth,Listed Equity,1,Beijing Tong Ren Tang Co Ltd,,CNE000000R69,China,4389.521007,,,39424.11713,5.7e-07
31/12/2024,HESTA,Balanced Growth,Listed Equity,1,Beijing Wantai Biological Pharmacy Enterprise Co Ltd,,CNE100004090,China,2373.592841,,,37006.21451,5.3e-07
31/12/2024,HESTA,Balanced Growth,Listed Equity,1,Bellevue Gold Ltd,,AU0000019374,Australia,8084381.264,,,9094928.927,0.00013123
31/12/2024,HESTA,Balanced Growth,Listed Equity,1,Bendigo & Adelaide Bank Ltd,,AU000000BEN6,Australia,2359100.487,,,30904216.38,0.00044592
31/12/2024,HESTA,Balanced Growth,Listed Equity,1,Bentley Systems Inc,,US08265T2087,United States,25772.3493,,,1943904.888,2.805e-05
31/12/2024,HESTA,Balanced Growth,Listed Equity,1,Berkeley Group Holdings PLC,,GB00BP0RGD03,United Kingdom,5359.379883,,,422791.4153,6.1e-06
31/12/2024,HESTA,Balanced Growth,Listed Equity,1,Berkshire Hathaway Inc,,US0846707026,United States,119554.8888,,,87526189.15,0.00126294
31/12/2024,HESTA,Balanced Growth,Listed Equity,1,BE Semiconductor Industries NV,,NL0012866412,Netherlands,42680.16042,,,9443650.399,0.00013626
31/12/2024,HESTA,Balanced Growth,Listed Equity,1,Best Buy Co Inc,,US0865161014,United States,87771.98657,,,12163185.73,0.00017551
31/12/2024,HESTA,Balanced Growth,Listed Equity,1,Bethel Automotive Safety Systems Co Ltd,,CNE1000030Y7,China,9624.431244,,,94959.47525,1.37e-06
31/12/2024,HESTA,Balanced Growth,Listed Equity,1,Bharat Electronics Ltd,,INE263A01024,India,212224.9131,,,1173671.958,1.694e-05
31/12/2024,HESTA,Balanced Growth,Listed Equity,1,Bharat Forge Ltd,,INE465A01025,India,15217.81903,,,373068.9995,5.38e-06
31/12/2024,HESTA,Balanced Growth,Listed Equity,1,Bharat Heavy Electricals Ltd,,INE257A01026,India,60701.3854,,,262695.4123,3.79e-06
31/12/2024,HESTA,Balanced Growth,Listed Equity,1,Bharat Petroleum Corp Ltd,,INE029A01011,India,90238.7974,,,497857.8875,7.18e-06
31/12/2024,HESTA,Balanced Growth,Listed Equity,1,Bharti Airtel Ltd,,INE397D01024,India,150546.7145,,,4509349.216,6.507e-05
31/12/2024,HESTA,Balanced Growth,Listed Equity,1,BHP Group Ltd,,AU000000BHP4,Australia,29309935.63,,,1159207954.0,0.01672648
31/12/2024,HESTA,Balanced Growth,Listed Equity,1,Bid Corp Ltd,,ZAE000216537,South Africa,20067.16629,,,739540.4056,1.067e-05
31/12/2024,HESTA,Balanced Growth,Listed Equity,1,Bidvest Group Ltd,,ZAE000117321,South Africa,290116.5682,,,6547346.762,9.447e-05
31/12/2024,HESTA,Balanced Growth,Listed Equity,1,Bilibili Inc,,KYG1098A1013,Hong Kong,14386.24866,,,424750.0574,6.13e-06
31/12/2024,HESTA,Balanced Growth,Listed Equity,1,BIM Birlesik Magazalar AS,,TREBIMM00018,Turkey,196440.4394,,,4741999.306,6.842e-05
31/12/2024,HESTA,Balanced Growth,Listed Equity,1,Biogen Inc,,US09062X1037,United States,36221.06627,,,8946015.437,0.00012908
31/12/2024,HESTA,Balanced Growth,Listed Equity,1,BioMarin Pharmaceutical Inc,,US09061G1013,United States,24844.10043,,,2637491.265,3.806e-05
31/12/2024,HESTA,Balanced Growth,Listed Equity,1,BioMerieux,,FR0013280286,France,2012.121975,,,348296.1484,5.03e-06
31/12/2024,HESTA,Balanced Growth,Listed Equity,1,BioNTech SE,,US09075V1026,Germany,73369.48773,,,13503114.15,0.00019484
31/12/2024,HESTA,Balanced Growth,Listed Equity,1,Bio-Rad Laboratories Inc,,US0905722072,United States,2653.972708,,,1408150.81,2.032e-05
31/12/2024,HESTA,Balanced Growth,Listed Equity,1,Bio-Techne Corp,,US09073M1045,United States,14471.83463,,,1683608.575,2.429e-05
31/12/2024,HESTA,Balanced Growth,Listed Equity,1,BKW AG,,CH0130293662,Switzerland,2773.835897,,,742517.2685,1.071e-05
31/12/2024,HESTA,Balanced Growth,Listed Equity,1,Blackrock Inc,,US09290D1019,United States,23349.07864,,,38658441.41,0.00055781
31/12/2024,HESTA,Balanced Growth,Listed Equity,1,Blackstone Inc,,US09260D1072,United States,63025.79644,,,17551332.99,0.00025325
31/12/2024,HESTA,Balanced Growth,Listed Equity,1,Block Inc,,AU0000187353,,426628.4656,,,60146081.07,0.00086786
31/12/2024,HESTA,Balanced Growth,Listed Equity,1,Block Inc,,US8522341036,United States,59217.18735,,,8128674.39,0.00011729
31/12/2024,HESTA,Balanced Growth,Listed Equity,1,Bloomage Biotechnology Corp Ltd,,CNE100003NL9,China,3147.449137,,,35546.35737,5.1e-07
31/12/2024,HESTA,Balanced Growth,Listed Equity,1,BlueScope Steel Ltd,,AU000000BSL0,Australia,2626359.317,,,49086655.63,0.00070828
31/12/2024,HESTA,Balanced Growth,Listed Equity,1,BNP Paribas SA,,FR0000131104,France,810962.8621,,,80319941.48,0.00115896
31/12/2024,HESTA,Balanced Growth,Listed Equity,1,BOC Aviation Ltd,,SG9999015267,Hong Kong,12355.68876,,,155039.2882,2.24e-06
31/12/2024,HESTA,Balanced Growth,Listed Equity,1,BOC Hong Kong Holdings Ltd,,HK2388011192,Hong Kong,867732.6115,,,4501466.391,6.495e-05
31/12/2024,HESTA,Balanced Growth,Listed Equity,1,BOE Technology Group Co Ltd,,CNE0000016L5,China,133717.8158,,,129891.1452,1.87e-06
31/12/2024,HESTA,Balanced Growth,Listed Equity,1,Boise Cascade Co,,US09739D1000,United States,20322.01964,,,3901276.357,5.629e-05
31/12/2024,HESTA,Balanced Growth,Listed Equity,1,Boliden AB,,SE0020050417,Sweden,51195.27276,,,2323606.977,3.353e-05
31/12/2024,HESTA,Balanced Growth,Listed Equity,1,Bollore SE,,FR0000039299,France,32222.42589,,,320109.5921,4.62e-06
31/12/2024,HESTA,Balanced Growth,Listed Equity,1,Booking Holdings Inc,,US09857L1089,United States,9916.780501,,,79578019.18,0.00114825
31/12/2024,HESTA,Balanced Growth,Listed Equity,1,Booz Allen Hamilton Holding Corp,,US0995021062,United States,18475.49286,,,3840419.819,5.541e-05
31/12/2024,HESTA,Balanced Growth,Listed Equity,1,BorgWarner Inc,,US0997241064,United States,55633.46755,,,2856477.318,4.122e-05
31/12/2024,HESTA,Balanced Growth,Listed Equity,1,Bosch Ltd,,INE323A01026,India,434.074855,,,279242.8254,4.03e-06
31/12/2024,HESTA,Balanced Growth,Listed Equity,1,Bosideng International Holdings Ltd,,KYG126521064,Hong Kong,268248.506,,,216404.6456,3.12e-06
31/12/2024,HESTA,Balanced Growth,Listed Equity,1,Boss Energy Ltd,,AU000000BOE4,Australia,590678.9822,,,1435349.927,2.071e-05
31/12/2024,HESTA,Balanced Growth,Listed Equity,1,Boston Scientific Corp,,US1011371077,United States,218948.5794,,,31586024.57,0.00045576
31/12/2024,HESTA,Balanced Growth,Listed Equity,1,Boubyan Bank KSCP,,KW0EQ0102065,Kuwait,87374.22851,,,256789.1655,3.71e-06
31/12/2024,HESTA,Balanced Growth,Listed Equity,1,Bouygues SA,,FR0000120503,France,15091.74579,,,720356.475,1.039e-05
31/12/2024,HESTA,Balanced Growth,Listed Equity,1,BPER Banca SPA,,IT0000066123,Italy,230081.5059,,,2360366.801,3.406e-05
31/12/2024,HESTA,Balanced Growth,Listed Equity,1,BP PLC,,GB0007980591,United Kingdom,975820.8848,,,7757283.646,0.00011193
31/12/2024,HESTA,Balanced Growth,Listed Equity,1,BrainChip Holdings Ltd,,AU000000BRN8,Australia,60943.63489,,,23768.01761,3.4e-07
31/12/2024,HESTA,Balanced Growth,Listed Equity,1,Brambles Ltd,,AU000000BXB1,Australia,9382520.542,,,180519695.2,0.00260476
31/12/2024,HESTA,Balanced Growth,Listed Equity,1,Brenntag SE,,DE000A1DAHH0,Germany,14008.18238,,,1356014.474,1.957e-05
31/12/2024,HESTA,Balanced Growth,Listed Equity,1,Breville Group Ltd,,AU000000BRG2,Australia,1651983.615,,,58447180.31,0.00084335
31/12/2024,HESTA,Balanced Growth,Listed Equity,1,BRF SA,,BRBRFSACNOR8,Brazil,190652.5138,,,1264033.01,1.824e-05
31/12/2024,HESTA,Balanced Growth,Listed Equity,1,Bridgestone Corp,,JP3830800003,Japan,137478.1421,,,7544611.485,0.00010886
31/12/2024,HESTA,Balanced Growth,Listed Equity,1,Bristol-Myers Squibb Co,,US1101221083,United States,506367.3448,,,46257186.5,0.00066746
31/12/2024,HESTA,Balanced Growth,Listed Equity,1,Britannia Industries Ltd,,INE216A01030,India,6494.894432,,,583566.4944,8.42e-06
31/12/2024,HESTA,Balanced Growth,Listed Equity,1,Broadcom Inc,,US11135F1012,United States,495520.3195,,,185547009.4,0.0026773
31/12/2024,HESTA,Balanced Growth,Listed Equity,1,Broadridge Financial Solutions Inc,,US11133T1034,United States,13810.81341,,,5043183.077,7.277e-05
31/12/2024,HESTA,Balanced Growth,Listed Equity,1,Brookdale Senior Living Inc,,US1124631045,United States,1008373.399,,,8192066.865,0.00011821
31/12/2024,HESTA,Balanced Growth,Listed Equity,1,Brookfield Asset Management Ltd,,CA1130041058,Canada,31340.37474,,,2743851.632,3.959e-05
31/12/2024,HESTA,Balanced Growth,Listed Equity,1,Brookfield Corp,,CA11271J1075,Canada,104935.4503,,,9736257.03,0.00014049
31/12/2024,HESTA,Balanced Growth,Listed Equity,1,Brookfield Renewable Corp,,CA11285B1085,United States,19389.90925,,,866213.9341,1.25e-05
31/12/2024,HESTA,Balanced Growth,Listed Equity,1,Brother Industries Ltd,,JP3830000000,Japan,174575.5847,,,4839571.695,6.983e-05
31/12/2024,HESTA,Balanced Growth,Listed Equity,1,Brown & Brown Inc,,US1152361010,United States,76677.62239,,,12634500.59,0.00018231
31/12/2024,HESTA,Balanced Growth,Listed Equity,1,Brown-Forman Corp,,US1156372096,United States,28458.59672,,,1745711.868,2.519e-05
31/12/2024,HESTA,Balanced Growth,Listed Equity,1,BSE Ltd,,INE118H01025,India,2453.254518,,,246465.0284,3.56e-06
31/12/2024,HESTA,Balanced Growth,Listed Equity,1,BT Group PLC,,GB0030913577,United Kingdom,444011.3079,,,1293761.75,1.867e-05
31/12/2024,HESTA,Balanced Growth,Listed Equity,1,Budimex SA,,PLBUDMX00013,Germany,738.089829,,,134661.9124,1.94e-06
31/12/2024,HESTA,Balanced Growth,Listed Equity,1,Builders FirstSource Inc,,US12008R1077,United States,10274.66099,,,2371892.581,3.422e-05
31/12/2024,HESTA,Balanced Growth,Listed Equity,1,Bumrungrad Hospital PCL,,TH0168010R13,Thailand,36579.34172,,,345694.1826,4.99e-06
31/12/2024,HESTA,Balanced Growth,Listed Equity,1,Bunge Global SA,,CH1300646267,United States,11723.5077,,,1472373.35,2.125e-05
31/12/2024,HESTA,Balanced Growth,Listed Equity,1,Bunzl PLC,,GB00B0744B38,United Kingdom,24763.11674,,,1650971.29,2.382e-05
31/12/2024,HESTA,Balanced Growth,Listed Equity,1,Bureau Veritas SA,,FR0006174348,France,28830.80959,,,1414721.524,2.041e-05
31/12/2024,HESTA,Balanced Growth,Listed Equity,1,Burlington Stores Inc,,US1220171060,United States,9193.742978,,,4232848.854,6.108e-05
31/12/2024,HESTA,Balanced Growth,Listed Equity,1,Cadence Design Systems Inc,,US1273871087,United States,112431.8999,,,54560750.45,0.00078727
31/12/2024,HESTA,Balanced Growth,Listed Equity,1,CAE Inc,,CA1247651088,Canada,96191.93075,,,3942903.198,5.689e-05
31/12/2024,HESTA,Balanced Growth,Listed Equity,1,Caitong Securities Co Ltd,,CNE100002V44,China,14217.17082,,,25701.64533,3.7e-07
31/12/2024,HESTA,Balanced Growth,Listed Equity,1,CaixaBank SA,,ES0140609019,Spain,581998.8377,,,5096543.91,7.354e-05
31/12/2024,HESTA,Balanced Growth,Listed Equity,1,Caixa Seguridade Participacoes S/A,,BRCXSEACNOR7,Brazil,34737.36865,,,129413.1508,1.87e-06
31/12/2024,HESTA,Balanced Growth,Listed Equity,1,Calix Ltd,,AU0000017840,Australia,1466.284121,,,1099.71309,2e-08
31/12/2024,HESTA,Balanced Growth,Listed Equity,1,Cambricon Technologies Corp Ltd,,CNE1000041R8,China,1288.405703,,,187587.6678,2.71e-06
31/12/2024,HESTA,Balanced Growth,Listed Equity,1,Cameco Corp,,CA13321L1085,Canada,41833.46512,,,3472255.309,5.01e-05
31/12/2024,HESTA,Balanced Growth,Listed Equity,1,Canadian Imperial Bank of Commerce,,CA1360691010,Canada,105053.1083,,,10727553.95,0.00015479
31/12/2024,HESTA,Balanced Growth,Listed Equity,1,Canadian National Railway Co,,CA1363751027,Canada,25031.64331,,,4103340.706,5.921e-05
31/12/2024,HESTA,Balanced Growth,Listed Equity,1,Canadian Natural Resources Ltd,,CA1363851017,Canada,111310.264,,,5547625.294,8.005e-05
31/12/2024,HESTA,Balanced Growth,Listed Equity,1,Canadian Pacific Kansas City Ltd,,CA13646K1084,Canada,45372.68875,,,5303335.267,7.652e-05
31/12/2024,HESTA,Balanced Growth,Listed Equity,1,Canadian Tire Corp Ltd,,CA1366812024,Canada,31327.17904,,,5320042.872,7.676e-05
31/12/2024,HESTA,Balanced Growth,Listed Equity,1,Canadian Utilities Ltd,,CA1367178326,Canada,5058.210635,,,197963.1295,2.86e-06
31/12/2024,HESTA,Balanced Growth,Listed Equity,1,Canal+ SA,,FR001400T0D6,United Kingdom,93528.95186,,,384051.1912,5.54e-06
31/12/2024,HESTA,Balanced Growth,Listed Equity,1,Canara Bank,,INE476A01022,India,105511.8919,,,199288.7164,2.88e-06
31/12/2024,HESTA,Balanced Growth,Listed Equity,1,Canon Inc,,JP3242800005,Japan,186057.0691,,,9868292.262,0.00014239
31/12/2024,HESTA,Balanced Growth,Listed Equity,1,Capcom Co Ltd,,JP3218900003,Japan,21301.47674,,,760503.9838,1.097e-05
31/12/2024,HESTA,Balanced Growth,Listed Equity,1,Capgemini SE,,FR0000125338,France,9649.444844,,,2552263.669,3.683e-05
31/12/2024,HESTA,Balanced Growth,Listed Equity,1,CapitaLand Investment Ltd/Singapore,,SGXE62145532,Singapore,96823.02903,,,300334.8579,4.33e-06
31/12/2024,HESTA,Balanced Growth,Listed Equity,1,Capital One Financial Corp,,US14040H1059,United States,234192.0617,,,67449129.35,0.00097324
31/12/2024,HESTA,Balanced Growth,Listed Equity,1,Capitec Bank Holdings Ltd,,ZAE000035861,South Africa,47135.533,,,12645226.7,0.00018246
31/12/2024,HESTA,Balanced Growth,Listed Equity,1,Capral Ltd,,AU000000CAA9,Australia,167022.3026,,,1661871.911,2.398e-05
31/12/2024,HESTA,Balanced Growth,Listed Equity,1,Capricorn Metals Ltd,,AU000000CMM9,Australia,1630268.913,,,10238088.77,0.00014773
31/12/2024,HESTA,Balanced Growth,Listed Equity,1,Capstone Copper Corp,,AU0000318552,Australia,2524541.202,,,24765749.19,0.00035735
31/12/2024,HESTA,Balanced Growth,Listed Equity,1,Cardinal Health Inc,,US14149Y1082,United States,96561.1265,,,18445101.24,0.00026615
31/12/2024,HESTA,Balanced Growth,Listed Equity,1,CAR Group Ltd,,AU000000CAR3,Australia,3522361.179,,,126910673.3,0.00183122
31/12/2024,HESTA,Balanced Growth,Listed Equity,1,Carlisle Cos Inc,,US1423391002,United States,20356.89691,,,12127009.37,0.00017498
31/12/2024,HESTA,Balanced Growth,Listed Equity,1,Carlsberg AS,,DK0010181759,Denmark,6010.996222,,,930187.5838,1.342e-05
31/12/2024,HESTA,Balanced Growth,Listed Equity,1,Carlyle Group Inc/The,,US14316J1088,United States,24658.79925,,,2010858.075,2.902e-05
31/12/2024,HESTA,Balanced Growth,Listed Equity,1,Carl Zeiss Meditec AG,,DE0005313704,Germany,1298.657883,,,98866.9222,1.43e-06
31/12/2024,HESTA,Balanced Growth,Listed Equity,1,CarMax Inc,,US1431301027,United States,12901.59572,,,1703681.612,2.458e-05
31/12/2024,HESTA,Balanced Growth,Listed Equity,1,Carnival Corp,,PA1436583006,United States,75291.65808,,,3030393.475,4.373e-05
31/12/2024,HESTA,Balanced Growth,Listed Equity,1,Carrefour SA,,FR0000120172,France,97037.57745,,,2228252.986,3.215e-05
31/12/2024,HESTA,Balanced Growth,Listed Equity,1,Carrier Global Corp,,US14448C1045,United States,76255.62152,,,8407023.699,0.00012131
31/12/2024,HESTA,Balanced Growth,Listed Equity,1,Carvana Co,,US1468691027,United States,8338.068921,,,2738641.187,3.952e-05
31/12/2024,HESTA,Balanced Growth,Listed Equity,1,Catcher Technology Co Ltd,,TW0002474004,Taiwan,247077.2423,,,2361401.901,3.407e-05
31/12/2024,HESTA,Balanced Growth,Listed Equity,1,Caterpillar Inc,,US1491231015,United States,76551.12031,,,44851303.24,0.00064717
31/12/2024,HESTA,Balanced Growth,Listed Equity,1,Cathay Financial Holding Co Ltd,,TW0002882008,Taiwan,538219.3606,,,1810987.507,2.613e-05
31/12/2024,HESTA,Balanced Growth,Listed Equity,1,Cboe Global Markets Inc,,US12503M1080,United States,51828.80856,,,16356858.89,0.00023602
31/12/2024,HESTA,Balanced Growth,Listed Equity,1,CBRE Group Inc,,US12504L1098,United States,47758.86816,,,10127209.55,0.00014613
31/12/2024,HESTA,Balanced Growth,Listed Equity,1,CCL Industries Inc,,CA1249003098,Canada,13188.61856,,,1095272.283,1.58e-05
31/12/2024,HESTA,Balanced Growth,Listed Equity,1,CCR SA,,BRCCROACNOR2,Brazil,1341487.925,,,3566763.812,5.147e-05
31/12/2024,HESTA,Balanced Growth,Listed Equity,1,C&D International Investment Group Ltd,,KYG3165D1097,Hong Kong,36579.34172,,,99329.12149,1.43e-06
31/12/2024,HESTA,Balanced Growth,Listed Equity,1,CD Projekt SA,,PLOPTTC00011,Poland,3232.800934,,,242005.4457,3.49e-06
31/12/2024,HESTA,Balanced Growth,Listed Equity,1,CDW Corp/DE,,US12514G1085,United States,20065.13365,,,5640209.735,8.138e-05
31/12/2024,HESTA,Balanced Growth,Listed Equity,1,Celanese Corp,,US1508701034,United States,7247.211086,,,810109.7917,1.169e-05
31/12/2024,HESTA,Balanced Growth,Listed Equity,1,CELCOMDIGI BHD,,MYL6947OO005,Malaysia,209152.5472,,,273478.0594,3.95e-06
31/12/2024,HESTA,Balanced Growth,Listed Equity,1,Cellnex Telecom SA,,ES0105066007,Spain,27995.99523,,,1428539.106,2.061e-05
31/12/2024,HESTA,Balanced Growth,Listed Equity,1,Celltrion Inc,,KR7068270008,South Korea,9333.344926,,,1919952.623,2.77e-05
31/12/2024,HESTA,Balanced Growth,Listed Equity,1,Cemex SAB de CV,,US1512908898,Germany,2658923.058,,,24220828.63,0.00034949
31/12/2024,HESTA,Balanced Growth,Listed Equity,1,Cemex SAB de CV,,MXP225611567,Mexico,902704.6069,,,818993.7049,1.182e-05
31/12/2024,HESTA,Balanced Growth,Listed Equity,1,Cencora Inc,,US03073E1055,United States,18744.7245,,,6802171.847,9.815e-05
31/12/2024,HESTA,Balanced Growth,Listed Equity,1,Cencosud SA,,CL0000000100,Chile,74039.83914,,,264530.9149,3.82e-06
31/12/2024,HESTA,Balanced Growth,Listed Equity,1,Cenovus Energy Inc,,CA15135U1093,Canada,65290.36645,,,1597684.222,2.305e-05
31/12/2024,HESTA,Balanced Growth,Listed Equity,1,Centene Corp,,US15135B1017,United States,99185.34296,,,9704672.651,0.00014003
31/12/2024,HESTA,Balanced Growth,Listed Equity,1,CenterPoint Energy Inc,,US15189T1079,United States,43727.28309,,,2240921.738,3.233e-05
31/12/2024,HESTA,Balanced Growth,Listed Equity,1,Centrais Eletricas Brasileiras SA,,BRELETACNPB7,Brazil,14972.331,,,148117.7777,2.14e-06
31/12/2024,HESTA,Balanced Growth,Listed Equity,1,Centrais Eletricas Brasileiras SA,,BRELETACNOR6,Brazil,72584.53607,,,647659.9264,9.35e-06
31/12/2024,HESTA,Balanced Growth,Listed Equity,1,Central Japan Railway Co,,JP3566800003,Japan,85605.58477,,,2608487.53,3.764e-05
31/12/2024,HESTA,Balanced Growth,Listed Equity,1,Central Pattana PCL,,TH0481010R10,Thailand,119980.2408,,,323964.8343,4.67e-06
31/12/2024,HESTA,Balanced Growth,Listed Equity,1,Central Retail Corp PCL,,TH9597010R14,Thailand,107543.2647,,,173210.9785,2.5e-06
31/12/2024,HESTA,Balanced Growth,Listed Equity,1,Centrica PLC,,GB00B033F229,United Kingdom,1655693.251,,,4474385.001,6.456e-05
31/12/2024,HESTA,Balanced Growth,Listed Equity,1,Cettire Ltd,,AU0000122210,Australia,7401.746332,,,11176.63696,1.6e-07
31/12/2024,HESTA,Balanced Growth,Listed Equity,1,CEZ AS,,CZ0005112300,Czechia,9435.068651,,,599847.951,8.66e-06
31/12/2024,HESTA,Balanced Growth,Listed Equity,1,CF Industries Holdings Inc,,US1252691001,United States,14150.27154,,,1949933.243,2.814e-05
31/12/2024,HESTA,Balanced Growth,Listed Equity,1,CGI Inc,,CA12532H1047,Canada,44196.45184,,,7806304.977,0.00011264
31/12/2024,HESTA,Balanced Growth,Listed Equity,1,CGN Power Co Ltd,,CNE100001T80,Hong Kong,629977.5519,,,373308.1552,5.39e-06
31/12/2024,HESTA,Balanced Growth,Listed Equity,1,CGN Power Co Ltd,,CNE100003N43,China,94212.12679,,,86095.92683,1.24e-06
31/12/2024,HESTA,Balanced Growth,Listed Equity,1,CG Power & Industrial Solutions Ltd,,INE067A01029,India,36301.33872,,,498556.6179,7.19e-06
31/12/2024,HESTA,Balanced Growth,Listed Equity,1,Chailease Holding Co Ltd,,KYG202881093,Taiwan,84693.67423,,,471481.7109,6.8e-06
31/12/2024,HESTA,Balanced Growth,Listed Equity,1,Chalice Mining Ltd,,AU000000CHN7,Australia,14164.05854,,,15651.28515,2.3e-07
31/12/2024,HESTA,Balanced Growth,Listed Equity,1,Challenger Ltd,,AU000000CGF5,Australia,2076020.247,,,12476881.68,0.00018003
31/12/2024,HESTA,Balanced Growth,Listed Equity,1,Champion Iron Ltd,,AU000000CIA2,Australia,1794064.098,,,10315868.56,0.00014885
31/12/2024,HESTA,Balanced Growth,Listed Equity,1,Chandra Asri Pacific Tbk PT,,ID1000090301,Indonesia,449438.1786,,,338255.0093,4.88e-06
31/12/2024,HESTA,Balanced Growth,Listed Equity,1,Changchun High-Tech Industry Group Co Ltd,,CNE0000007J8,China,1483.495525,,,32641.7219,4.7e-07
31/12/2024,HESTA,Balanced Growth,Listed Equity,1,Chang Hwa Commercial Bank Ltd,,TW0002801008,Taiwan,332632.2118,,,292508.1449,4.22e-06
31/12/2024,HESTA,Balanced Growth,Listed Equity,1,Changjiang Securities Co Ltd,,CNE000000SH3,China,12111.82648,,,18277.62406,2.6e-07
31/12/2024,HESTA,Balanced Growth,Listed Equity,1,Changzhou Xingyu Automotive Lighting Systems Co Ltd,,CNE1000011H2,China,2763.772486,,,81628.95517,1.18e-06
31/12/2024,HESTA,Balanced Growth,Listed Equity,1,Chaozhou Three-Circle Group Co Ltd,,CNE100001Y42,China,5690.119823,,,48486.48646,7e-07
31/12/2024,HESTA,Balanced Growth,Listed Equity,1,Charles River Laboratories International Inc,,US1598641074,United States,4708.062395,,,1403712.052,2.025e-05
31/12/2024,HESTA,Balanced Growth,Listed Equity,1,Charles Schwab Corp/The,,US8085131055,United States,160601.9182,,,19197525.59,0.00027701
31/12/2024,HESTA,Balanced Growth,Listed Equity,1,Charoen Pokphand Foods PCL,,TH0101010R14,Thailand,230287.278,,,248724.2254,3.59e-06
31/12/2024,HESTA,Balanced Growth,Listed Equity,1,Charoen Pokphand Indonesia Tbk PT,,ID1000117708,Indonesia,438545.6635,,,209476.2419,3.02e-06
31/12/2024,HESTA,Balanced Growth,Listed Equity,1,Charter Communications Inc,,US16119P1084,United States,10093.42104,,,5587857.435,8.063e-05
31/12/2024,HESTA,Balanced Growth,Listed Equity,1,Check Point Software Technologies Ltd,,IL0010824113,United States,37468.11832,,,11298227.71,0.00016302
31/12/2024,HESTA,Balanced Growth,Listed Equity,1,Cheng Shin Rubber Industry Co Ltd,,TW0002105004,Taiwan,115428.145,,,278924.1787,4.02e-06
31/12/2024,HESTA,Balanced Growth,Listed Equity,1,Cheniere Energy Inc,,US16411R2085,United States,20935.21527,,,7265363.329,0.00010483
31/12/2024,HESTA,Balanced Growth,Listed Equity,1,Chevron Corp,,US1667641005,United States,182083.8701,,,42595538.64,0.00061462
31/12/2024,HESTA,Balanced Growth,Listed Equity,1,Chiba Bank Ltd/The,,JP3511800009,Japan,59101.19461,,,742518.1918,1.071e-05
31/12/2024,HESTA,Balanced Growth,Listed Equity,1,China Airlines Ltd,,TW0002610003,Taiwan,171516.469,,,216734.7945,3.13e-06
31/12/2024,HESTA,Balanced Growth,Listed Equity,1,China CITIC Bank Corp Ltd,,CNE1000001Q4,Hong Kong,4340917.567,,,4846780.661,6.994e-05
31/12/2024,HESTA,Balanced Growth,Listed Equity,1,China Communications Services Corp Ltd,,CNE1000002G3,Hong Kong,105673.6539,,,100191.0934,1.45e-06
31/12/2024,HESTA,Balanced Growth,Listed Equity,1,China Construction Bank Corp,,CNE1000002H1,Hong Kong,21978040.17,,,29611575.25,0.00042727
31/12/2024,HESTA,Balanced Growth,Listed Equity,1,China Construction Bank Corp,,CNE100000742,China,34222.00637,,,66561.03828,9.6e-07
31/12/2024,HESTA,Balanced Growth,Listed Equity,1,China CSSC Holdings Ltd,,CNE000000W05,China,15944.52862,,,126869.4721,1.83e-06
31/12/2024,HESTA,Balanced Growth,Listed Equity,1,China Eastern Airlines Corp Ltd,,CNE000000TR0,China,46675.24004,,,41311.62742,6e-07
31/12/2024,HESTA,Balanced Growth,Listed Equity,1,China Energy Engineering Corp Ltd,,CNE100004QL0,China,115590.7198,,,58571.20776,8.5e-07
31/12/2024,HESTA,Balanced Growth,Listed Equity,1,China Everbright Bank Co Ltd,,CNE100000SL4,China,165489.0063,,,141711.7514,2.04e-06
31/12/2024,HESTA,Balanced Growth,Listed Equity,1,China Everbright Bank Co Ltd,,CNE100001QW3,Hong Kong,231669.1642,,,145469.7585,2.1e-06
31/12/2024,HESTA,Balanced Growth,Listed Equity,1,China Feihe Ltd,,KYG2121Q1055,Hong Kong,651038.6674,,,737735.7474,1.064e-05
31/12/2024,HESTA,Balanced Growth,Listed Equity,1,China Galaxy Securities Co Ltd,,CNE100001NT6,Hong Kong,208502.2478,,,307365.0721,4.44e-06
31/12/2024,HESTA,Balanced Growth,Listed Equity,1,China Galaxy Securities Co Ltd,,CNE100002FG7,China,31360.68897,,,105684.4895,1.52e-06
31/12/2024,HESTA,Balanced Growth,Listed Equity,1,China Gas Holdings Ltd,,BMG2109G1033,Hong Kong,161599.403,,,227470.9613,3.28e-06
31/12/2024,HESTA,Balanced Growth,Listed Equity,1,China Greatwall Technology Group Co Ltd,,CNE000000RL7,China,8860.329439,,,28565.05994,4.1e-07
31/12/2024,HESTA,Balanced Growth,Listed Equity,1,China Hongqiao Group Ltd,,KYG211501005,Hong Kong,170297.1576,,,416401.4811,6.01e-06
31/12/2024,HESTA,Balanced Growth,Listed Equity,1,China International Capital Corp Ltd,,CNE1000048J0,China,10486.07796,,,78169.95571,1.13e-06
31/12/2024,HESTA,Balanced Growth,Listed Equity,1,China International Capital Corp Ltd,,CNE100002359,Hong Kong,90391.61776,,,240942.6777,3.48e-06
31/12/2024,HESTA,Balanced Growth,Listed Equity,1,China Jushi Co Ltd,,CNE000000YM1,China,23227.88199,,,58540.85503,8.4e-07
31/12/2024,HESTA,Balanced Growth,Listed Equity,1,China Life Insurance Co Ltd,,CNE1000002L3,Hong Kong,441313.1342,,,1347008.859,1.944e-05
31/12/2024,HESTA,Balanced Growth,Listed Equity,1,China Life Insurance Co Ltd,,CNE000001Q93,China,9449.663278,,,87652.31279,1.26e-06
31/12/2024,HESTA,Balanced Growth,Listed Equity,1,China Literature Ltd,,KYG2121R1039,Hong Kong,24223.65296,,,126922.2358,1.83e-06
31/12/2024,HESTA,Balanced Growth,Listed Equity,1,China Longyuan Power Group Corp Ltd,,CNE100000HD4,Hong Kong,198341.3196,,,265580.7583,3.83e-06
31/12/2024,HESTA,Balanced Growth,Listed Equity,1,China Medical System Holdings Ltd,,KYG211081248,Hong Kong,2760950.604,,,4334141.948,6.254e-05
31/12/2024,HESTA,Balanced Growth,Listed Equity,1,China Mengniu Dairy Co Ltd,,KYG210961051,Hong Kong,2632783.22,,,9612517.77,0.0001387
31/12/2024,HESTA,Balanced Growth,Listed Equity,1,China Merchants Bank Co Ltd,,CNE1000002M1,Hong Kong,2630330.912,,,21876000.41,0.00031565
31/12/2024,HESTA,Balanced Growth,Listed Equity,1,China Merchants Bank Co Ltd,,CNE000001B33,China,71756.47534,,,623992.5456,9e-06
31/12/2024,HESTA,Balanced Growth,Listed Equity,1,China Merchants Energy Shipping Co Ltd,,CNE000001PQ8,China,18696.10799,,,26517.64916,3.8e-07
31/12/2024,HESTA,Balanced Growth,Listed Equity,1,China Merchants Expressway Network & Technology Holdings Co Ltd,,CNE1000032B1,China,26906.13802,,,83052.23297,1.2e-06
31/12/2024,HESTA,Balanced Growth,Listed Equity,1,China Merchants Port Holdings Co Ltd,,HK0144000764,Hong Kong,82913.17457,,,238592.7151,3.44e-06
31/12/2024,HESTA,Balanced Growth,Listed Equity,1,China Merchants Securities Co Ltd,,CNE100000HK9,China,26499.70089,,,112347.1971,1.62e-06
31/12/2024,HESTA,Balanced Growth,Listed Equity,1,China Merchants Shekou Industrial Zone Holdings Co Ltd,,CNE100002FC6,China,27637.72486,,,62622.15038,9e-07
31/12/2024,HESTA,Balanced Growth,Listed Equity,1,China Minsheng Banking Corp Ltd,,CNE0000015Y0,China,126442.5912,,,115549.7997,1.67e-06
31/12/2024,HESTA,Balanced Growth,Listed Equity,1,China Minsheng Banking Corp Ltd,,CNE100000HF9,Hong Kong,2506218.19,,,1792564.799,2.587e-05
31/12/2024,HESTA,Balanced Growth,Listed Equity,1,China National Building Material Co Ltd,,CNE1000002N9,Hong Kong,230856.29,,,169919.2279,2.45e-06
31/12/2024,HESTA,Balanced Growth,Listed Equity,1,China National Chemical Engineering Co Ltd,,CNE100000KC0,China,39261.82678,,,72019.61087,1.04e-06
31/12/2024,HESTA,Balanced Growth,Listed Equity,1,China National Nuclear Power Co Ltd,,CNE1000022N7,China,67305.98877,,,155333.0122,2.24e-06
31/12/2024,HESTA,Balanced Growth,Listed Equity,1,China National Software & Service Co Ltd,,CNE000001BB0,China,3032.020992,,,31324.3291,4.5e-07
31/12/2024,HESTA,Balanced Growth,Listed Equity,1,China Northern Rare Earth Group High-Tech Co Ltd,,CNE000000T18,China,18659.52865,,,87613.65249,1.26e-06
31/12/2024,HESTA,Balanced Growth,Listed Equity,1,China Oilfield Services Ltd,,CNE1000002P4,Hong Kong,107299.4024,,,157060.6952,2.27e-06
31/12/2024,HESTA,Balanced Growth,Listed Equity,1,China Overseas Land & Investment Ltd,,HK0688002218,Hong Kong,221365.2781,,,570727.407,8.24e-06
31/12/2024,HESTA,Balanced Growth,Listed Equity,1,China Pacific Insurance Group Co Ltd,,CNE1000009Q7,Hong Kong,157430.4675,,,824872.5792,1.19e-05
31/12/2024,HESTA,Balanced Growth,Listed Equity,1,China Pacific Insurance Group Co Ltd,,CNE1000008M8,China,24426.87153,,,184201.51,2.66e-06
31/12/2024,HESTA,Balanced Growth,Listed Equity,1,China Petroleum & Chemical Corp,,CNE0000018G1,China,113009.8441,,,167039.2307,2.41e-06
31/12/2024,HESTA,Balanced Growth,Listed Equity,1,China Petroleum & Chemical Corp,,CNE1000002Q2,Hong Kong,1412424.244,,,1306840.897,1.886e-05
31/12/2024,HESTA,Balanced Growth,Listed Equity,1,China Power International Development Ltd,,HK2380027329,Hong Kong,294260.4823,,,193949.5388,2.8e-06
31/12/2024,HESTA,Balanced Growth,Listed Equity,1,China Railway Group Ltd,,CNE1000007Z2,Hong Kong,250365.2722,,,206142.1568,2.97e-06
31/12/2024,HESTA,Balanced Growth,Listed Equity,1,China Railway Group Ltd,,CNE100000866,China,73239.97087,,,103555.8807,1.49e-06
31/12/2024,HESTA,Balanced Growth,Listed Equity,1,China Railway Signal & Communication Corp Ltd,,CNE100003MP2,China,16111.98072,,,22317.6823,3.2e-07
31/12/2024,HESTA,Balanced Growth,Listed Equity,1,China Resources Beer Holdings Co Ltd,,HK0291001490,Hong Kong,94987.83585,,,498685.7039,7.2e-06
31/12/2024,HESTA,Balanced Growth,Listed Equity,1,China Resources Gas Group Ltd,,BMG2113B1081,Hong Kong,55031.58743,,,351847.6895,5.08e-06
31/12/2024,HESTA,Balanced Growth,Listed Equity,1,China Resources Land Ltd,,KYG2108Y1052,Hong Kong,197920.593,,,927972.4267,1.339e-05
31/12/2024,HESTA,Balanced Growth,Listed Equity,1,China Resources Microelectronics Ltd,,CNE100003S06,China,4707.354842,,,49153.29535,7.1e-07
31/12/2024,HESTA,Balanced Growth,Listed Equity,1,China Resources Mixc Lifestyle Services Ltd,,KYG2122G1064,Hong Kong,40806.28788,,,245201.1308,3.54e-06
31/12/2024,HESTA,Balanced Growth,Listed Equity,1,China Resources Pharmaceutical Group Ltd,,HK0000311099,Hong Kong,93480.53995,,,110788.2262,1.6e-06
31/12/2024,HESTA,Balanced Growth,Listed Equity,1,China Resources Power Holdings Co Ltd,,HK0836012952,Hong Kong,113802.3965,,,446735.9895,6.45e-06
31/12/2024,HESTA,Balanced Growth,Listed Equity,1,China Resources Sanjiu Medical & Pharmaceutical Co Ltd,,CNE0000011K8,China,4860.988078,,,47692.04819,6.9e-07
31/12/2024,HESTA,Balanced Growth,Listed Equity,1,China Ruyi Holdings Ltd,,BMG4404N1149,Hong Kong,351161.6805,,,178883.6866,2.58e-06
31/12/2024,HESTA,Balanced Growth,Listed Equity,1,China Southern Airlines Co Ltd,,CNE000001FG0,China,38692.8148,,,55564.93049,8e-07
31/12/2024,HESTA,Balanced Growth,Listed Equity,1,China State Construction Engineering Corp Ltd,,CNE100000F46,China,149495.7052,,,198474.9561,2.86e-06
31/12/2024,HESTA,Balanced Growth,Listed Equity,1,China State Construction International Holdings Ltd,,KYG216771363,Hong Kong,120305.3905,,,306671.2758,4.43e-06
31/12/2024,HESTA,Balanced Growth,Listed Equity,1,China Steel Corp,,TW0002002003,Taiwan,692274.8071,,,670156.938,9.67e-06
31/12/2024,HESTA,Balanced Growth,Listed Equity,1,China Taiping Insurance Holdings Co Ltd,,HK0000055878,Hong Kong,85514.3722,,,206605.926,2.98e-06
31/12/2024,HESTA,Balanced Growth,Listed Equity,1,China Three Gorges Renewables Group Co Ltd,,CNE1000051F2,China,102097.0071,,,98723.42449,1.42e-06
31/12/2024,HESTA,Balanced Growth,Listed Equity,1,China Tourism Group Duty Free Corp Ltd,,CNE100000G29,China,10181.25011,,,150961.5939,2.18e-06
31/12/2024,HESTA,Balanced Growth,Listed Equity,1,China Tower Corp Ltd,,CNE100003688,Hong Kong,2633712.604,,,613315.5073,8.85e-06
31/12/2024,HESTA,Balanced Growth,Listed Equity,1,China United Network Communications Ltd,,CNE000001CS2,China,113395.9593,,,133234.8547,1.92e-06
31/12/2024,HESTA,Balanced Growth,Listed Equity,1,China Vanke Co Ltd,,CNE100001SR9,Hong Kong,131197.9056,,,144304.5845,2.08e-06
31/12/2024,HESTA,Balanced Growth,Listed Equity,1,China Vanke Co Ltd,,CNE0000000T2,China,34717.85966,,,55771.88828,8e-07
31/12/2024,HESTA,Balanced Growth,Listed Equity,1,China Yangtze Power Co Ltd,,CNE000001G87,China,84498.27938,,,552498.4986,7.97e-06
31/12/2024,HESTA,Balanced Growth,Listed Equity,1,China Zheshang Bank Co Ltd,,CNE100003PS9,China,88920.31535,,,57255.83089,8.3e-07
31/12/2024,HESTA,Balanced Growth,Listed Equity,1,Chipotle Mexican Grill Inc,,US1696561059,United States,394841.9024,,,38454278.79,0.00055487
31/12/2024,HESTA,Balanced Growth,Listed Equity,1,Chocoladefabriken Lindt & Spruengli AG,,CH0010570759,Switzerland,11.381281,,,2028369.142,2.927e-05
31/12/2024,HESTA,Balanced Growth,Listed Equity,1,Chocoladefabriken Lindt & Spruengli AG,,CH0010570767,Switzerland,57.997636,,,1040867.918,1.502e-05
31/12/2024,HESTA,Balanced Growth,Listed Equity,1,Cholamandalam Investment and Finance Co Ltd,,INE121A01024,India,24425.24578,,,546469.3208,7.89e-06
31/12/2024,HESTA,Balanced Growth,Listed Equity,1,Chongqing Brewery Co Ltd,,CNE000000TL3,China,1300.598817,,,18136.24897,2.6e-07
31/12/2024,HESTA,Balanced Growth,Listed Equity,1,Chongqing Changan Automobile Co Ltd,,CNE000000R36,China,29503.27128,,,87217.24623,1.26e-06
31/12/2024,HESTA,Balanced Growth,Listed Equity,1,Chongqing Zhifei Biological Products Co Ltd,,CNE100000V20,China,11599.7157,,,67503.89926,9.7e-07
31/12/2024,HESTA,Balanced Growth,Listed Equity,1,Chorus Ltd,,NZCNUE0001S2,New Zealand,2532660.519,,,20109324.52,0.00029016
31/12/2024,HESTA,Balanced Growth,Listed Equity,1,Chow Tai Fook Jewellery Group Ltd,,KYG211461085,Hong Kong,118842.2169,,,166296.5969,2.4e-06
31/12/2024,HESTA,Balanced Growth,Listed Equity,1,CH Robinson Worldwide Inc,,US12541W2098,United States,28580.69265,,,4769372.787,6.882e-05
31/12/2024,HESTA,Balanced Growth,Listed Equity,1,Chrysos Corp Ltd,,AU0000218190,Australia,141403.1121,,,698531.3737,1.008e-05
31/12/2024,HESTA,Balanced Growth,Listed Equity,1,Chubb Ltd,,CH0044328745,United States,72728.04578,,,32455396.99,0.00046831
31/12/2024,HESTA,Balanced Growth,Listed Equity,1,Chubu Electric Power Co Inc,,JP3526600006,Japan,100743.2187,,,1713984.84,2.473e-05
31/12/2024,HESTA,Balanced Growth,Listed Equity,1,Chugai Pharmaceutical Co Ltd,,JP3519400000,Japan,126891.4981,,,9127051.215,0.0001317
31/12/2024,HESTA,Balanced Growth,Listed Equity,1,Chunghwa Telecom Co Ltd,,TW0002412004,Taiwan,438331.7263,,,2666891.192,3.848e-05
31/12/2024,HESTA,Balanced Growth,Listed Equity,1,Church & Dwight Co Inc,,US1713401024,United States,25907.31047,,,4381417.231,6.322e-05
31/12/2024,HESTA,Balanced Growth,Listed Equity,1,Cia de Minas Buenaventura SAA,,US2044481040,United States,9599.232142,,,178604.7894,2.58e-06
31/12/2024,HESTA,Balanced Growth,Listed Equity,1,Cia de Saneamento Basico do Estado de Sao Paulo SABESP,,BRSBSPACNOR5,Brazil,28530.67822,,,660118.6372,9.53e-06
31/12/2024,HESTA,Balanced Growth,Listed Equity,1,Cia Energetica de Minas Gerais,,BRCMIGACNPR3,Brazil,1222722.35,,,3551473.183,5.125e-05
31/12/2024,HESTA,Balanced Growth,Listed Equity,1,Cia Paranaense de Energia - Copel,,BRCPLEACNPB9,Brazil,48218.88826,,,115346.63,1.66e-06
31/12/2024,HESTA,Balanced Growth,Listed Equity,1,Cia Siderurgica Nacional SA,,BRCSNAACNOR6,Brazil,39403.2669,,,91270.95262,1.32e-06
31/12/2024,HESTA,Balanced Growth,Listed Equity,1,Cie de Saint-Gobain SA,,FR0000125007,France,154329.1148,,,22119876.68,0.00031917
31/12/2024,HESTA,Balanced Growth,Listed Equity,1,Cie Financiere Richemont SA,,CH0210483332,Switzerland,39054.6341,,,9598264.215,0.0001385
31/12/2024,HESTA,Balanced Growth,Listed Equity,1,Cie Generale des Etablissements Michelin SCA,,FR001400AJ45,France,31845.31386,,,1693661.706,2.444e-05
31/12/2024,HESTA,Balanced Growth,Listed Equity,1,Cigna Group/The,,US1255231003,United States,164110.8271,,,73193190.33,0.00105612
31/12/2024,HESTA,Balanced Growth,Listed Equity,1,CIMB Group Holdings Bhd,,MYL1023OO000,Malaysia,434541.7726,,,1287052.163,1.857e-05
31/12/2024,HESTA,Balanced Growth,Listed Equity,1,Cincinnati Financial Corp,,US1720621010,United States,17588.97579,,,4082267.332,5.89e-05
31/12/2024,HESTA,Balanced Growth,Listed Equity,1,Cintas Corp,,US1729081059,United States,70611.00869,,,20836035.34,0.00030065
31/12/2024,HESTA,Balanced Growth,Listed Equity,1,Cipla Ltd/India,,INE059A01026,India,31355.47433,,,904443.2617,1.305e-05
31/12/2024,HESTA,Balanced Growth,Listed Equity,1,Cisco Systems Inc,,US17275R1023,United States,739029.4856,,,70662271.74,0.0010196
31/12/2024,HESTA,Balanced Growth,Listed Equity,1,CITIC Ltd,,HK0267001375,Hong Kong,347902.0364,,,666214.5954,9.61e-06
31/12/2024,HESTA,Balanced Growth,Listed Equity,1,CITIC Securities Co Ltd,,CNE000001DB6,China,43635.0903,,,281642.414,4.06e-06
31/12/2024,HESTA,Balanced Growth,Listed Equity,1,CITIC Securities Co Ltd,,CNE1000016V2,Hong Kong,96955.57742,,,430395.9894,6.21e-06
31/12/2024,HESTA,Balanced Growth,Listed Equity,1,Citigroup Inc,,US1729674242,United States,444160.5479,,,50495778.03,0.00072862
31/12/2024,HESTA,Balanced Growth,Listed Equity,1,Citizens Financial Group Inc,,US1746101054,United States,14423.34321,,,1019406.446,1.471e-05
31/12/2024,HESTA,Balanced Growth,Listed Equity,1,CJ CheilJedang Corp,,KR7097950000,South Korea,491.788928,,,137854.6955,1.99e-06
31/12/2024,HESTA,Balanced Growth,Listed Equity,1,CK Asset Holdings Ltd,,KYG2177B1014,Hong Kong,157240.974,,,1042927.094,1.505e-05
31/12/2024,HESTA,Balanced Growth,Listed Equity,1,CK Hutchison Holdings Ltd,,KYG217651051,Hong Kong,136404.533,,,1176994.523,1.698e-05
31/12/2024,HESTA,Balanced Growth,Listed Equity,1,CK Infrastructure Holdings Ltd,,BMG2178K1009,Hong Kong,27338.18065,,,328260.8863,4.74e-06
31/12/2024,HESTA,Balanced Growth,Listed Equity,1,Clariant AG,,CH0012142631,Switzerland,9927.879952,,,178526.8503,2.58e-06
31/12/2024,HESTA,Balanced Growth,Listed Equity,1,Clarity Pharmaceuticals Ltd,,AU0000165375,Australia,2798758.855,,,11670824.42,0.0001684
31/12/2024,HESTA,Balanced Growth,Listed Equity,1,Cleanaway Waste Management Ltd,,AU000000CWY3,Australia,26583066.39,,,70445125.94,0.00101647
31/12/2024,HESTA,Balanced Growth,Listed Equity,1,Clean Harbors Inc,,US1844961078,United States,17225.29999,,,6402698.117,9.239e-05
31/12/2024,HESTA,Balanced Growth,Listed Equity,1,Clicks Group Ltd,,ZAE000134854,South Africa,14417.95076,,,460427.1006,6.64e-06
31/12/2024,HESTA,Balanced Growth,Listed Equity,1,Clinuvel Pharmaceuticals Ltd,,AU000000CUV3,Australia,59966.31023,,,723193.7013,1.044e-05
31/12/2024,HESTA,Balanced Growth,Listed Equity,1,Clorox Co/The,,US1890541097,United States,30496.01027,,,7999446.056,0.00011543
31/12/2024,HESTA,Balanced Growth,Listed Equity,1,Close The Loop Ltd,,AU0000186504,Australia,4580477.369,,,1076412.185,1.553e-05
31/12/2024,HESTA,Balanced Growth,Listed Equity,1,Cloudflare Inc,,US18915M1071,United States,207177.4643,,,36031445.3,0.00051991
31/12/2024,HESTA,Balanced Growth,Listed Equity,1,CLP Holdings Ltd,,HK0002007356,Hong Kong,79273.36009,,,1076311.523,1.553e-05
31/12/2024,HESTA,Balanced Growth,Listed Equity,1,CME Group Inc,,US12572Q1058,United States,61917.82888,,,23224061.05,0.00033511
31/12/2024,HESTA,Balanced Growth,Listed Equity,1,CMOC Group Ltd,,CNE100000114,Hong Kong,221914.6731,,,242238.3342,3.5e-06
31/12/2024,HESTA,Balanced Growth,Listed Equity,1,CMOC Group Ltd,,CNE100001NR0,China,56681.72218,,,83404.67899,1.2e-06
31/12/2024,HESTA,Balanced Growth,Listed Equity,1,CMS Energy Corp,,US1258961002,United States,20664.23547,,,2224454.971,3.21e-05
31/12/2024,HESTA,Balanced Growth,Listed Equity,1,CNGR Advanced Material Co Ltd,,CNE1000049X9,China,2839.369792,,,22693.18143,3.3e-07
31/12/2024,HESTA,Balanced Growth,Listed Equity,1,CNH Industrial NV,,NL0010545661,United States,106394.6425,,,1930859.675,2.786e-05
31/12/2024,HESTA,Balanced Growth,Listed Equity,1,CNPC Capital Co Ltd,,CNE000000MS3,China,42513.32382,,,64814.17962,9.4e-07
31/12/2024,HESTA,Balanced Growth,Listed Equity,1,Coca-Cola Co/The,,US1912161007,United States,702735.6838,,,70665143.62,0.00101964
31/12/2024,HESTA,Balanced Growth,Listed Equity,1,Coca-Cola Europacific Partners PLC,,GB00BDCPN049,Netherlands,17368.12808,,,2154640.902,3.109e-05
31/12/2024,HESTA,Balanced Growth,Listed Equity,1,Coca-Cola Femsa SAB de CV,,MX01KO000002,Mexico,31211.93298,,,392736.1996,5.67e-06
31/12/2024,HESTA,Balanced Growth,Listed Equity,1,Coca-Cola Femsa SAB de CV,,US1912411089,United States,36552.03018,,,4598300.297,6.635e-05
31/12/2024,HESTA,Balanced Growth,Listed Equity,1,Coca-Cola HBC AG,,CH0198251305,United Kingdom,25633.39117,,,1416556.082,2.044e-05
31/12/2024,HESTA,Balanced Growth,Listed Equity,1,Coca-Cola Icecek AS,,TRECOLA00011,Turkey,43527.7909,,,119190.436,1.72e-06
31/12/2024,HESTA,Balanced Growth,Listed Equity,1,Cochlear Ltd,,AU000000COH5,Australia,500570.6578,,,145105422.3,0.00209376
31/12/2024,HESTA,Balanced Growth,Listed Equity,1,Codan Ltd,,AU000000CDA3,Australia,385235.3609,,,6202289.311,8.949e-05
31/12/2024,HESTA,Balanced Growth,Listed Equity,1,Cognizant Technology Solutions Corp,,US1924461023,United States,65913.93002,,,8186677.239,0.00011813
31/12/2024,HESTA,Balanced Growth,Listed Equity,1,Coinbase Global Inc,,US19260Q1076,United States,18844.80075,,,7557399.712,0.00010905
31/12/2024,HESTA,Balanced Growth,Listed Equity,1,Coles Group Ltd,,AU0000030678,Australia,8512977.602,,,160810146.9,0.00232037
31/12/2024,HESTA,Balanced Growth,Listed Equity,1,Colgate-Palmolive Co,,US1941621039,United States,175161.0739,,,25718958.63,0.0003711
31/12/2024,HESTA,Balanced Growth,Listed Equity,1,Colgate-Palmolive India Ltd,,INE259A01022,India,8596.145304,,,434714.7009,6.27e-06
31/12/2024,HESTA,Balanced Growth,Listed Equity,1,Collins Foods Ltd,,AU000000CKF7,Australia,1173053.614,,,8516369.239,0.00012288
31/12/2024,HESTA,Balanced Growth,Listed Equity,1,Coloplast A/S,,DK0060448595,Denmark,97706.01209,,,17227780.19,0.00024858
31/12/2024,HESTA,Balanced Growth,Listed Equity,1,Comcast Corp,,US20030N1019,United States,580956.0455,,,35214859.69,0.00050812
31/12/2024,HESTA,Balanced Growth,Listed Equity,1,Comfort Systems USA Inc,,US1999081045,United States,4735.251539,,,3243205.631,4.68e-05
31/12/2024,HESTA,Balanced Growth,Listed Equity,1,Commercial Bank PSQC/The,,QA0007227752,Qatar,192413.8404,,,371286.2281,5.36e-06
31/12/2024,HESTA,Balanced Growth,Listed Equity,1,Commercial International Bank - Egypt (CIB),,EGS60121C018,,125956.6159,,,314177.0979,4.53e-06
31/12/2024,HESTA,Balanced Growth,Listed Equity,1,Commercial International Bank - Egypt (CIB),,US2017122050,United Kingdom,1478584.492,,,3539145.952,5.107e-05
31/12/2024,HESTA,Balanced Growth,Listed Equity,1,Commerzbank AG,,DE000CBK1001,Germany,80744.72659,,,2123532.134,3.064e-05
31/12/2024,HESTA,Balanced Growth,Listed Equity,1,Commonwealth Bank of Australia,,AU000000CBA7,Australia,9016441.637,,,1381769681.0,0.01993788
31/12/2024,HESTA,Balanced Growth,Listed Equity,1,Compal Electronics Inc,,TW0002324001,Taiwan,3512690.989,,,6515389.157,9.401e-05
31/12/2024,HESTA,Balanced Growth,Listed Equity,1,Compass Group PLC,,GB00BD6K4575,United Kingdom,918622.3556,,,49464323.56,0.00071373
31/12/2024,HESTA,Balanced Growth,Listed Equity,1,Computershare Ltd,,AU000000CPU5,Australia,2473986.077,,,83991827.31,0.00121194
31/12/2024,HESTA,Balanced Growth,Listed Equity,1,Conagra Brands Inc,,US2058871029,United States,36115.85889,,,1618695.122,2.336e-05
31/12/2024,HESTA,Balanced Growth,Listed Equity,1,Concordia Financial Group Ltd,,JP3305990008,Japan,207752.3029,,,1859841.053,2.684e-05
31/12/2024,HESTA,Balanced Growth,Listed Equity,1,ConocoPhillips,,US20825C1045,United States,138366.2167,,,22162283.31,0.00031978
31/12/2024,HESTA,Balanced Growth,Listed Equity,1,Consolidated Edison Inc,,US2091151041,United States,66762.25378,,,9621571.359,0.00013883
31/12/2024,HESTA,Balanced Growth,Listed Equity,1,Constellation Brands Inc,,US21036P1084,United States,21215.81651,,,7572794.073,0.00010927
31/12/2024,HESTA,Balanced Growth,Listed Equity,1,Constellation Energy Corp,,US21037T1097,United States,27668.5231,,,9997133.655,0.00014425
31/12/2024,HESTA,Balanced Growth,Listed Equity,1,Constellation Software Inc/Canada,,CA21037X1006,Canada,5967.919182,,,29790000.75,0.00042985
31/12/2024,HESTA,Balanced Growth,Listed Equity,1,Container Corp Of India Ltd,,INE111A01025,India,16294.06455,,,242223.4098,3.5e-06
31/12/2024,HESTA,Balanced Growth,Listed Equity,1,Contemporary Amperex Technology Co Ltd,,CNE100003662,China,587129.1985,,,34557400.69,0.00049864
31/12/2024,HESTA,Balanced Growth,Listed Equity,1,Continental AG,,DE0005439004,Germany,6531.465909,,,708065.9394,1.022e-05
31/12/2024,HESTA,Balanced Growth,Listed Equity,1,Cooper Cos Inc/The,,US2166485019,United States,23205.88052,,,3445556.968,4.972e-05
31/12/2024,HESTA,Balanced Growth,Listed Equity,1,Copart Inc,,US2172041061,United States,126044.8336,,,11683296.45,0.00016858
31/12/2024,HESTA,Balanced Growth,Listed Equity,1,Corebridge Financial Inc,,US21871X1090,United States,95262.6376,,,4605040.363,6.645e-05
31/12/2024,HESTA,Balanced Growth,Listed Equity,1,Corning Inc,,US2193501051,United States,60642.90635,,,4654366.32,6.716e-05
31/12/2024,HESTA,Balanced Growth,Listed Equity,1,Coronado Global Resources Inc,,AU0000026122,Australia,4014147.5,,,3070822.849,4.431e-05
31/12/2024,HESTA,Balanced Growth,Listed Equity,1,Corpay Inc,,US2199481068,United States,7760.500184,,,4241796.776,6.121e-05
31/12/2024,HESTA,Balanced Growth,Listed Equity,1,Corteva Inc,,US22052L1044,United States,81101.14806,,,7461069.848,0.00010766
31/12/2024,HESTA,Balanced Growth,Listed Equity,1,Cosan SA,,BRCSANACNOR6,Brazil,1151044.311,,,2455550.287,3.543e-05
31/12/2024,HESTA,Balanced Growth,Listed Equity,1,COSCO SHIPPING Energy Transportation Co Ltd,,CNE000001BD6,China,21459.88048,,,55082.1726,7.9e-07
31/12/2024,HESTA,Balanced Growth,Listed Equity,1,COSCO SHIPPING Energy Transportation Co Ltd,,CNE1000002S8,Hong Kong,76410.18048,,,98818.70148,1.43e-06
31/12/2024,HESTA,Balanced Growth,Listed Equity,1,COSCO SHIPPING Holdings Co Ltd,,CNE1000002J7,Hong Kong,189195.6712,,,503522.2961,7.27e-06
31/12/2024,HESTA,Balanced Growth,Listed Equity,1,COSCO SHIPPING Holdings Co Ltd,,CNE100000601,China,45390.8987,,,155677.6384,2.25e-06
31/12/2024,HESTA,Balanced Growth,Listed Equity,1,CoStar Group Inc,,US22160N1090,United States,48588.79533,,,5618140.771,8.107e-05
31/12/2024,HESTA,Balanced Growth,Listed Equity,1,Costco Wholesale Corp,,US22160K1051,United States,75967.13853,,,112422530.9,0.00162217
31/12/2024,HESTA,Balanced Growth,Listed Equity,1,Country Garden Holdings Co Ltd,,KYG245241032,Hong Kong,432733.6126,,,43637.50454,6.3e-07
31/12/2024,HESTA,Balanced Growth,Listed Equity,1,Country Garden Services Holdings Co Ltd,,KYG2453A1085,Hong Kong,7754973.29,,,8900551.686,0.00012843
31/12/2024,HESTA,Balanced Growth,Listed Equity,1,Coupang Inc,,US22266T1097,United States,617223.8611,,,21911621.53,0.00031617
31/12/2024,HESTA,Balanced Growth,Listed Equity,1,Covestro AG,,DE000A40KY26,Germany,9293.738596,,,901513.9668,1.301e-05
31/12/2024,HESTA,Balanced Growth,Listed Equity,1,Coway Co Ltd,,KR7021240007,South Korea,57026.29678,,,4185556.534,6.039e-05
31/12/2024,HESTA,Balanced Growth,Listed Equity,1,CP ALL PCL,,TH0737010Y16,Germany,1833.273114,,,4841.56041,7e-08
31/12/2024,HESTA,Balanced Growth,Listed Equity,1,CP ALL PCL,,TH0737010R15,Thailand,337342.8181,,,890901.3779,1.286e-05
31/12/2024,HESTA,Balanced Growth,Listed Equity,1,CP AXTRA PCL,,THC450010R16,Thailand,123937.3127,,,159985.9614,2.31e-06
31/12/2024,HESTA,Balanced Growth,Listed Equity,1,CPFL Energia SA,,BRCPFEACNOR0,Brazil,13695.30554,,,113106.6086,1.63e-06
31/12/2024,HESTA,Balanced Growth,Listed Equity,1,Credicorp Ltd,,BMG2519Y1084,United States,16374.97846,,,4848358.312,6.996e-05
31/12/2024,HESTA,Balanced Growth,Listed Equity,1,Credit Agricole SA,,FR0000045072,France,127219.4454,,,2827694.539,4.08e-05
31/12/2024,HESTA,Balanced Growth,Listed Equity,1,Credit Corp Group Ltd,,AU000000CCP3,Australia,362310.2381,,,5793340.708,8.359e-05
31/12/2024,HESTA,Balanced Growth,Listed Equity,1,CRH PLC,,IE0001827041,United States,48451.36136,,,7240119.445,0.00010447
31/12/2024,HESTA,Balanced Growth,Listed Equity,1,Criteo SA,,US2267181046,United States,136411.4862,,,8715882.089,0.00012576
31/12/2024,HESTA,Balanced Growth,Listed Equity,1,Croda International PLC,,GB00BJFFLV09,United Kingdom,179012.9495,,,12257167.88,0.00017686
31/12/2024,HESTA,Balanced Growth,Listed Equity,1,Crowdstrike Holdings Inc,,US22788C1053,United States,25423.83136,,,14049936.43,0.00020273
31/12/2024,HESTA,Balanced Growth,Listed Equity,1,Crown Holdings Inc,,US2283681060,United States,8972.363933,,,1198295.683,1.729e-05
31/12/2024,HESTA,Balanced Growth,Listed Equity,1,CRRC Corp Ltd,,CNE100000BG0,Hong Kong,260119.7633,,,270962.1404,3.91e-06
31/12/2024,HESTA,Balanced Growth,Listed Equity,1,CRRC Corp Ltd,,CNE100000CP9,China,86733.68359,,,160826.4815,2.32e-06
31/12/2024,HESTA,Balanced Growth,Listed Equity,1,CSC Financial Co Ltd,,CNE1000031T5,China,15444.61095,,,87999.45075,1.27e-06
31/12/2024,HESTA,Balanced Growth,Listed Equity,1,CSL Ltd,,AU000000CSL8,Australia,3312264.717,,,932667498.9,0.01345768
31/12/2024,HESTA,Balanced Growth,Listed Equity,1,CSPC Pharmaceutical Group Ltd,,HK1093012172,Hong Kong,467599.6204,,,464728.7981,6.71e-06
31/12/2024,HESTA,Balanced Growth,Listed Equity,1,CSX Corp,,US1264081035,United States,162436.5192,,,8466165.665,0.00012216
31/12/2024,HESTA,Balanced Growth,Listed Equity,1,CTBC Financial Holding Co Ltd,,TW0002891009,Taiwan,909757.4664,,,1752418.459,2.529e-05
31/12/2024,HESTA,Balanced Growth,Listed Equity,1,CTS Eventim AG & Co KGaA,,DE0005470306,Germany,8976.510248,,,1225794.69,1.769e-05
31/12/2024,HESTA,Balanced Growth,Listed Equity,1,Cummins Inc,,US2310211063,United States,34506.58645,,,19428242.0,0.00028033
31/12/2024,HESTA,Balanced Growth,Listed Equity,1,Cummins India Ltd,,INE298A01020,India,8440.073446,,,521297.1655,7.52e-06
31/12/2024,HESTA,Balanced Growth,Listed Equity,1,CVC Capital Partners PLC,,JE00BRX98089,Netherlands,1828.337467,,,65009.02221,9.4e-07
31/12/2024,HESTA,Balanced Growth,Listed Equity,1,CVS Health Corp,,US1266501006,United States,183185.8151,,,13281452.38,0.00019164
31/12/2024,HESTA,Balanced Growth,Listed Equity,1,CyberArk Software Ltd,,IL0011334468,United States,12026.97846,,,6471433.212,9.338e-05
31/12/2024,HESTA,Balanced Growth,Listed Equity,1,Dabur India Ltd,,INE016A01026,India,30725.0213,,,293873.6273,4.24e-06
31/12/2024,HESTA,Balanced Growth,Listed Equity,1,Daifuku Co Ltd,,JP3497400006,Japan,11822.57936,,,400948.0865,5.79e-06
31/12/2024,HESTA,Balanced Growth,Listed Equity,1,Dai-ichi Life Holdings Inc,,JP3476480003,Japan,92448.82895,,,4023618.512,5.806e-05
31/12/2024,HESTA,Balanced Growth,Listed Equity,1,Daiichi Sankyo Co Ltd,,JP3475350009,Japan,190415.3281,,,8516335.48,0.00012288
31/12/2024,HESTA,Balanced Growth,Listed Equity,1,Daikin Industries Ltd,,JP3481800005,Japan,25649.94458,,,4918809.908,7.097e-05
31/12/2024,HESTA,Balanced Growth,Listed Equity,1,Daimler Truck Holding AG,,DE000DTR0CK8,Germany,631191.2105,,,38900255.07,0.0005613
31/12/2024,HESTA,Balanced Growth,Listed Equity,1,Dai Nippon Printing Co Ltd,,JP3493800001,Japan,20574.90977,,,469304.8659,6.77e-06
31/12/2024,HESTA,Balanced Growth,Listed Equity,1,Daito Trust Construction Co Ltd,,JP3486800000,Japan,10193.30299,,,1841078.212,2.657e-05
31/12/2024,HESTA,Balanced Growth,Listed Equity,1,Daiwa House Industry Co Ltd,,JP3505000004,Japan,55479.68714,,,2769832.344,3.997e-05
31/12/2024,HESTA,Balanced Growth,Listed Equity,1,Daiwa Securities Group Inc,,JP3502200003,Japan,143816.5505,,,1548931.164,2.235e-05
31/12/2024,HESTA,Balanced Growth,Listed Equity,1,Danaher Corp,,US2358511028,United States,73781.33877,,,27354447.74,0.0003947
31/12/2024,HESTA,Balanced Growth,Listed Equity,1,Danone SA,,FR0000120644,France,28064.94663,,,3056557.897,4.41e-05
31/12/2024,HESTA,Balanced Growth,Listed Equity,1,Danske Bank A/S,,DK0010274414,Denmark,111249.5009,,,5082344.439,7.333e-05
31/12/2024,HESTA,Balanced Growth,Listed Equity,1,Daqin Railway Co Ltd,,CNE000001NG4,China,52999.40178,,,79510.85684,1.15e-06
31/12/2024,HESTA,Balanced Growth,Listed Equity,1,Darden Restaurants Inc,,US2371941053,United States,10753.16223,,,3242361.068,4.678e-05
31/12/2024,HESTA,Balanced Growth,Listed Equity,1,DaShenLin Pharmaceutical Group Co Ltd,,CNE100002RG2,China,1296891.361,,,4321697.079,6.236e-05
31/12/2024,HESTA,Balanced Growth,Listed Equity,1,Dassault Systemes SE,,FR0014003TT8,France,46092.86528,,,2582453.603,3.726e-05
31/12/2024,HESTA,Balanced Growth,Listed Equity,1,Data#3 Ltd,,AU000000DTL4,Australia,634176.146,,,4052385.573,5.847e-05
31/12/2024,HESTA,Balanced Growth,Listed Equity,1,Datadog Inc,,US23804L1035,United States,92863.74059,,,21431478.46,0.00030924
31/12/2024,HESTA,Balanced Growth,Listed Equity,1,Davide Campari-Milano NV,,NL0015435975,Italy,34858.26041,,,350842.2719,5.06e-06
31/12/2024,HESTA,Balanced Growth,Listed Equity,1,DaVita Inc,,US23918K1088,United States,6952.381678,,,1679283.986,2.423e-05
31/12/2024,HESTA,Balanced Growth,Listed Equity,1,Dayforce Inc,,US15677J1088,United States,23411.88814,,,2746732.714,3.963e-05
31/12/2024,HESTA,Balanced Growth,Listed Equity,1,DB Insurance Co Ltd,,KR7005830005,South Korea,2734.509012,,,308407.12,4.45e-06
31/12/2024,HESTA,Balanced Growth,Listed Equity,1,DBS Group Holdings Ltd,,SG1L01001701,Singapore,773645.7511,,,40044980.13,0.00057782
31/12/2024,HESTA,Balanced Growth,Listed Equity,1,DCC PLC,,IE0002424939,United Kingdom,8507.377388,,,884516.2804,1.276e-05
31/12/2024,HESTA,Balanced Growth,Listed Equity,1,Deckers Outdoor Corp,,US2435371073,United States,115710.3988,,,37954655.4,0.00054766
31/12/2024,HESTA,Balanced Growth,Listed Equity,1,Deep Yellow Ltd,,AU000000DYL4,Australia,5033631.226,,,5662835.134,8.171e-05
31/12/2024,HESTA,Balanced Growth,Listed Equity,1,Deere & Co,,US2441991054,United States,35062.74729,,,23994324.52,0.00034622
31/12/2024,HESTA,Balanced Growth,Listed Equity,1,De Grey Mining Ltd,,AU000000DEG6,,2010441.762,,,3548429.71,5.12e-05
31/12/2024,HESTA,Balanced Growth,Listed Equity,1,Delivery Hero SE,,DE000A2E4K43,Germany,11867.78807,,,538286.4922,7.77e-06
31/12/2024,HESTA,Balanced Growth,Listed Equity,1,Dell Technologies Inc,,US24703L2025,United States,32778.42632,,,6100921.986,8.803e-05
31/12/2024,HESTA,Balanced Growth,Listed Equity,1,Delta Air Lines Inc,,US2473617023,United States,514720.0428,,,50295667.59,0.00072573
31/12/2024,HESTA,Balanced Growth,Listed Equity,1,Delta Electronics Inc,,TW0002308004,Taiwan,797593.4016,,,16915706.52,0.00024408
31/12/2024,HESTA,Balanced Growth,Listed Equity,1,Delta Electronics Thailand PCL,,TH0528010R18,Thailand,173629.942,,,1254318.284,1.81e-05
31/12/2024,HESTA,Balanced Growth,Listed Equity,1,Delta Electronics Thailand PCL,,TH0528A10Z14,Germany,459.846006,,,3321.968659,5e-08
31/12/2024,HESTA,Balanced Growth,Listed Equity,1,Demant A/S,,DK0060738599,Denmark,118226.0688,,,7005208.353,0.00010108
31/12/2024,HESTA,Balanced Growth,Listed Equity,1,Denso Corp,,JP3551500006,Japan,161065.4642,,,3665557.89,5.289e-05
31/12/2024,HESTA,Balanced Growth,Listed Equity,1,Dentsu Group Inc,,JP3551520004,Japan,16368.18954,,,641232.4732,9.25e-06
31/12/2024,HESTA,Balanced Growth,Listed Equity,1,Descartes Systems Group Inc/The,,CA2499061083,Canada,21402.66513,,,3927394.411,5.667e-05
31/12/2024,HESTA,Balanced Growth,Listed Equity,1,Deterra Royalties Ltd,,AU0000107484,Australia,2843933.094,,,10579431.11,0.00015265
31/12/2024,HESTA,Balanced Growth,Listed Equity,1,Deutsche Bank AG,,DE0005140008,Germany,379260.6409,,,10554680.96,0.0001523
31/12/2024,HESTA,Balanced Growth,Listed Equity,1,Deutsche Boerse AG,,DE0005810055,Germany,17368.0804,,,6460120.482,9.321e-05
31/12/2024,HESTA,Balanced Growth,Listed Equity,1,Deutsche Lufthansa AG,,DE0008232125,Germany,21693.73641,,,224076.165,3.23e-06
31/12/2024,HESTA,Balanced Growth,Listed Equity,1,Deutsche Post AG,,DE0005552004,Germany,64516.10146,,,3666447.789,5.29e-05
31/12/2024,HESTA,Balanced Growth,Listed Equity,1,Deutsche Telekom AG,,DE0005557508,Germany,264292.7278,,,12769878.62,0.00018426
31/12/2024,HESTA,Balanced Growth,Listed Equity,1,Develop Global Ltd,,AU0000179707,Australia,2059.125869,,,4818.354533,7e-08
31/12/2024,HESTA,Balanced Growth,Listed Equity,1,Devon Energy Corp,,US25179M1036,United States,118893.5174,,,6285043.736,9.069e-05
31/12/2024,HESTA,Balanced Growth,Listed Equity,1,Dexcom Inc,,US2521311074,United States,166499.7191,,,20913644.76,0.00030177
31/12/2024,HESTA,Balanced Growth,Listed Equity,1,Diageo PLC,,GB0002374006,United Kingdom,389491.8092,,,19991776.75,0.00028847
31/12/2024,HESTA,Balanced Growth,Listed Equity,1,DiaSorin SpA,,IT0003492391,Italy,1622.683868,,,270192.2094,3.9e-06
31/12/2024,HESTA,Balanced Growth,Listed Equity,1,Dicker Data Ltd,,AU000000DDR5,Australia,508.266982,,,4279.60799,6e-08
31/12/2024,HESTA,Balanced Growth,Listed Equity,1,Dick's Sporting Goods Inc,,US2533931026,United States,17770.80389,,,6568151.117,9.477e-05
31/12/2024,HESTA,Balanced Growth,Listed Equity,1,DiDi Global Inc,,US23292E1082,Germany,2667666.128,,,19690275.71,0.00028412
31/12/2024,HESTA,Balanced Growth,Listed Equity,1,D'ieteren Group,,BE0974259880,Belgium,1600.125952,,,430055.0572,6.21e-06
31/12/2024,HESTA,Balanced Growth,Listed Equity,1,Dino Polska SA,,PLDINPL00011,Poland,2895.458116,,,441316.2642,6.37e-06
31/12/2024,HESTA,Balanced Growth,Listed Equity,1,Disco Corp,,JP3548600000,Japan,5135.510186,,,2255165.693,3.254e-05
31/12/2024,HESTA,Balanced Growth,Listed Equity,1,Discover Financial Services,,US2547091080,,55717.78698,,,15589101.57,0.00022494
31/12/2024,HESTA,Balanced Growth,Listed Equity,1,Discovery Ltd,,ZAE000022331,South Africa,32002.85964,,,533510.4631,7.7e-06
31/12/2024,HESTA,Balanced Growth,Listed Equity,1,Divi's Laboratories Ltd,,INE361B01024,India,7116.816437,,,818824.113,1.182e-05
31/12/2024,HESTA,Balanced Growth,Listed Equity,1,Dixon Technologies India Ltd,,INE935N01020,India,1899.687147,,,642799.3183,9.28e-06
31/12/2024,HESTA,Balanced Growth,Listed Equity,1,DLF Ltd,,INE271C01023,India,45467.26905,,,707555.7089,1.021e-05
31/12/2024,HESTA,Balanced Growth,Listed Equity,1,DNB Bank ASA,,NO0010161896,Norway,87595.71467,,,2826469.876,4.078e-05
31/12/2024,HESTA,Balanced Growth,Listed Equity,1,DocuSign Inc,,US2561631068,United States,94910.49774,,,13787047.03,0.00019894
31/12/2024,HESTA,Balanced Growth,Listed Equity,1,Dollarama Inc,,CA25675T1075,Canada,72410.82007,,,11407325.45,0.0001646
31/12/2024,HESTA,Balanced Growth,Listed Equity,1,Dollar General Corp,,US2566771059,United States,21154.85141,,,2590585.218,3.738e-05
31/12/2024,HESTA,Balanced Growth,Listed Equity,1,Dollar Tree Inc,,US2567461080,United States,19573.67093,,,2369136.561,3.418e-05
31/12/2024,HESTA,Balanced Growth,Listed Equity,1,Domain Holdings Australia Ltd,,AU000000DHG9,,1345088.882,,,3403074.871,4.91e-05
31/12/2024,HESTA,Balanced Growth,Listed Equity,1,Dominion Energy Inc,,US25746U1097,United States,60329.84759,,,5248107.233,7.573e-05
31/12/2024,HESTA,Balanced Growth,Listed Equity,1,Domino's Pizza Enterprises Ltd,,AU000000DMP0,Australia,399327.2363,,,11756193.84,0.00016963
31/12/2024,HESTA,Balanced Growth,Listed Equity,1,Domino's Pizza Inc,,US25754A2015,United States,3705.10615,,,2511920.148,3.625e-05
31/12/2024,HESTA,Balanced Growth,Listed Equity,1,Dongfang Electric Corp Ltd,,CNE000000J28,China,6828.143788,,,24007.7942,3.5e-07
31/12/2024,HESTA,Balanced Growth,Listed Equity,1,Dongxing Securities Co Ltd,,CNE100002177,China,9429.341421,,,22971.7697,3.3e-07
31/12/2024,HESTA,Balanced Growth,Listed Equity,1,DoorDash Inc,,US25809K1051,United States,59005.419,,,15986689.88,0.00023068
31/12/2024,HESTA,Balanced Growth,Listed Equity,1,Doosan Bobcat Inc,,KR7241560002,South Korea,2978.37129,,,136913.0295,1.98e-06
31/12/2024,HESTA,Balanced Growth,Listed Equity,1,Doosan Enerbility Co Ltd,,KR7034020008,South Korea,26055.21138,,,501676.3672,7.24e-06
31/12/2024,HESTA,Balanced Growth,Listed Equity,1,Dover Corp,,US2600031080,United States,13292.65407,,,4027621.582,5.812e-05
31/12/2024,HESTA,Balanced Growth,Listed Equity,1,Dow Inc,,US2605571031,United States,52040.51553,,,3372988.59,4.867e-05
31/12/2024,HESTA,Balanced Growth,Listed Equity,1,Downer EDI Ltd,,AU000000DOW2,Australia,4805799.322,,,25230446.44,0.00036406
31/12/2024,HESTA,Balanced Growth,Listed Equity,1,DraftKings Inc,,US26142V1052,United States,37312.97382,,,2241851.935,3.235e-05
31/12/2024,HESTA,Balanced Growth,Listed Equity,1,DR Horton Inc,,US23331A1097,United States,42411.26577,,,9577555.003,0.0001382
31/12/2024,HESTA,Balanced Growth,Listed Equity,1,Dr Ing hc F Porsche AG,,DE000PAG9113,Germany,8256.640036,,,806712.7454,1.164e-05
31/12/2024,HESTA,Balanced Growth,Listed Equity,1,Dropbox Inc,,US26210C1045,United States,166510.2889,,,8078767.795,0.00011657
31/12/2024,HESTA,Balanced Growth,Listed Equity,1,Dr Reddy's Laboratories Ltd,,INE089A01031,India,34995.66841,,,916686.0944,1.323e-05
31/12/2024,HESTA,Balanced Growth,Listed Equity,1,DSM-Firmenich AG,,CH1216478797,Netherlands,35082.27185,,,5733570.83,8.273e-05
31/12/2024,HESTA,Balanced Growth,Listed Equity,1,DSV A/S,,DK0060079531,Denmark,15203.18451,,,5213351.966,7.522e-05
31/12/2024,HESTA,Balanced Growth,Listed Equity,1,DTE Energy Co,,US2333311072,United States,14494.33305,,,2826763.653,4.079e-05
31/12/2024,HESTA,Balanced Growth,Listed Equity,1,Dubai Islamic Bank PJSC,,AED000201015,United Arab Emirates,172118.8088,,,536601.198,7.74e-06
31/12/2024,HESTA,Balanced Growth,Listed Equity,1,Duke Energy Corp,,US26441C2044,United States,53301.39065,,,9275122.069,0.00013383
31/12/2024,HESTA,Balanced Growth,Listed Equity,1,Dukhan Bank,,QA000B982PM1,Qatar,108866.624,,,178440.1092,2.57e-06
31/12/2024,HESTA,Balanced Growth,Listed Equity,1,DuPont de Nemours Inc,,US26614N1028,United States,77951.13467,,,9599893.428,0.00013852
31/12/2024,HESTA,Balanced Growth,Listed Equity,1,Dynatrace Inc,,US2681501092,United States,29204.10264,,,2563583.91,3.699e-05
31/12/2024,HESTA,Balanced Growth,Listed Equity,1,Eagers Automotive Ltd,,AU000000APE3,Australia,696776.4623,,,8249833.313,0.00011904
31/12/2024,HESTA,Balanced Growth,Listed Equity,1,East Japan Railway Co,,JP3783600004,Japan,58088.75299,,,1668536.974,2.408e-05
31/12/2024,HESTA,Balanced Growth,Listed Equity,1,Eastman Chemical Co,,US2774321002,United States,9465.841222,,,1396140.868,2.015e-05
31/12/2024,HESTA,Balanced Growth,Listed Equity,1,East Money Information Co Ltd,,CNE100000MD4,China,56539.46919,,,323023.2007,4.66e-06
31/12/2024,HESTA,Balanced Growth,Listed Equity,1,Eastroc Beverage Group Co Ltd,,CNE100005576,China,2007.799423,,,110409.7519,1.59e-06
31/12/2024,HESTA,Balanced Growth,Listed Equity,1,Eaton Corp PLC,,IE00B8KQN827,United States,59656.47513,,,31976410.23,0.0004614
31/12/2024,HESTA,Balanced Growth,Listed Equity,1,eBay Inc,,US2786421030,United States,190727.1025,,,19083491.88,0.00027536
31/12/2024,HESTA,Balanced Growth,Listed Equity,1,EBOS Group Ltd,,NZEBOE0001S6,New Zealand,178921.0456,,,6081526.341,8.775e-05
31/12/2024,HESTA,Balanced Growth,Listed Equity,1,EBR Systems Inc,,AU0000182552,Australia,12112619.17,,,12415434.65,0.00017915
31/12/2024,HESTA,Balanced Growth,Listed Equity,1,Eclat Textile Co Ltd,,TW0001476000,Taiwan,10567.36539,,,264984.1736,3.82e-06
31/12/2024,HESTA,Balanced Growth,Listed Equity,1,Ecolab Inc,,US2788651006,United States,61693.76037,,,23348270.89,0.0003369
31/12/2024,HESTA,Balanced Growth,Listed Equity,1,Ecopro BM Co Ltd,,KR7247540008,South Korea,2897.99075,,,349419.0792,5.04e-06
31/12/2024,HESTA,Balanced Growth,Listed Equity,1,Ecopro Co Ltd,,KR7086520004,South Korea,5816.626126,,,366936.5073,5.29e-06
31/12/2024,HESTA,Balanced Growth,Listed Equity,1,Ecopro Materials Co Ltd,,KR7450080007,South Korea,798.242524,,,57625.23347,8.3e-07
31/12/2024,HESTA,Balanced Growth,Listed Equity,1,Ecovacs Robotics Co Ltd,,CNE1000031N8,China,3983.083876,,,41423.14564,6e-07
31/12/2024,HESTA,Balanced Growth,Listed Equity,1,Edenred SE,,FR0010908533,France,12842.67652,,,681951.1882,9.84e-06
31/12/2024,HESTA,Balanced Growth,Listed Equity,1,Edison International,,US2810201077,United States,78592.11129,,,10134529.87,0.00014623
31/12/2024,HESTA,Balanced Growth,Listed Equity,1,EDP Renovaveis SA,,ES0127797019,Portugal,73635.94115,,,1236452.876,1.784e-05
31/12/2024,HESTA,Balanced Growth,Listed Equity,1,EDP SA,,PTEDP0AM0009,Portugal,137879.4411,,,712775.121,1.028e-05
31/12/2024,HESTA,Balanced Growth,Listed Equity,1,Edwards Lifesciences Corp,,US28176E1082,United States,86463.09822,,,10338146.11,0.00014917
31/12/2024,HESTA,Balanced Growth,Listed Equity,1,Eicher Motors Ltd,,INE066A01021,India,8170.677524,,,743253.1147,1.072e-05
31/12/2024,HESTA,Balanced Growth,Listed Equity,1,Eiffage SA,,FR0000130452,France,7467.13967,,,1058020.872,1.527e-05
31/12/2024,HESTA,Balanced Growth,Listed Equity,1,E Ink Holdings Inc,,TW0008069006,Taiwan,51349.96274,,,690618.5107,9.97e-06
31/12/2024,HESTA,Balanced Growth,Listed Equity,1,Eisai Co Ltd,,JP3160400002,Japan,21003.44923,,,934415.8087,1.348e-05
31/12/2024,HESTA,Balanced Growth,Listed Equity,1,Elders Ltd,,AU000000ELD6,Germany,870861.9298,,,6235371.418,8.997e-05
31/12/2024,HESTA,Balanced Growth,Listed Equity,1,Eldorado Gold Corp,,CA2849025093,Canada,357086.0385,,,8576062.976,0.00012375
31/12/2024,HESTA,Balanced Growth,Listed Equity,1,Electronic Arts Inc,,US2855121099,United States,77969.31901,,,18423502.17,0.00026584
31/12/2024,HESTA,Balanced Growth,Listed Equity,1,Element Fleet Management Corp,,CA2861812014,Canada,18274.12338,,,596371.347,8.61e-06
31/12/2024,HESTA,Balanced Growth,Listed Equity,1,Elevance Health Inc,,US0367521038,United States,95087.99335,,,56655028.26,0.00081749
31/12/2024,HESTA,Balanced Growth,Listed Equity,1,elf Beauty Inc,,US26856L1035,United States,80965.51185,,,16418024.73,0.0002369
31/12/2024,HESTA,Balanced Growth,Listed Equity,1,Elia Group SA/NV,,BE0003822393,Belgium,1372.374613,,,170765.3022,2.46e-06
31/12/2024,HESTA,Balanced Growth,Listed Equity,1,Eli Lilly & Co,,US5324571083,United States,142762.3496,,,178006192.1,0.00256849
31/12/2024,HESTA,Balanced Growth,Listed Equity,1,Elisa Oyj,,FI0009007884,Finland,11120.69311,,,777431.5261,1.122e-05
31/12/2024,HESTA,Balanced Growth,Listed Equity,1,Emaar Properties PJSC,,AEE000301011,United Arab Emirates,390672.5825,,,2207461.482,3.185e-05
31/12/2024,HESTA,Balanced Growth,Listed Equity,1,Embraer SA,,BREMBRACNOR4,Brazil,124479.1451,,,1828614.921,2.639e-05
31/12/2024,HESTA,Balanced Growth,Listed Equity,1,EMCOR Group Inc,,US29084Q1004,United States,22687.41655,,,16632186.66,0.00023999
31/12/2024,HESTA,Balanced Growth,Listed Equity,1,Emeco Holdings Ltd,,AU000000EHL7,Australia,630331.7116,,,576753.5199,8.32e-06
31/12/2024,HESTA,Balanced Growth,Listed Equity,1,eMemory Technology Inc,,TW0003529004,Taiwan,3251.497042,,,537416.9011,7.75e-06
31/12/2024,HESTA,Balanced Growth,Listed Equity,1,Emera Inc,,CA2908761018,Canada,9725.786914,,,586848.7702,8.47e-06
31/12/2024,HESTA,Balanced Growth,Listed Equity,1,Emerald Resources NL,,AU000000EMR4,Australia,2346881.535,,,7627364.987,0.00011006
31/12/2024,HESTA,Balanced Growth,Listed Equity,1,Emerson Electric Co,,US2910111044,United States,61676.72071,,,12345305.65,0.00017813
31/12/2024,HESTA,Balanced Growth,Listed Equity,1,Emirates NBD Bank PJSC,,AEE000801010,United Arab Emirates,112356.7501,,,1059750.278,1.529e-05
31/12/2024,HESTA,Balanced Growth,Listed Equity,1,Emirates Telecommunications Group Co PJSC,,AEE000401019,,202619.6614,,,1454048.236,2.098e-05
31/12/2024,HESTA,Balanced Growth,Listed Equity,1,Empire Co Ltd,,CA2918434077,Canada,12834.84764,,,632617.0685,9.13e-06
31/12/2024,HESTA,Balanced Growth,Listed Equity,1,Empresas CMPC SA,,CL0000001314,Chile,66855.65643,,,169473.3908,2.45e-06
31/12/2024,HESTA,Balanced Growth,Listed Equity,1,Empresas Copec SA,,CLP7847L1080,Chile,23174.23229,,,228784.0703,3.3e-06
31/12/2024,HESTA,Balanced Growth,Listed Equity,1,EMS-Chemie Holding AG,,CH0016440353,Switzerland,422.687895,,,460651.1231,6.65e-06
31/12/2024,HESTA,Balanced Growth,Listed Equity,1,Enbridge Inc,,CA29250N1050,Canada,107642.8269,,,7375147.813,0.00010642
31/12/2024,HESTA,Balanced Growth,Listed Equity,1,Enchem Co Ltd,,KR7348370008,South Korea,647.860786,,,94462.32136,1.36e-06
31/12/2024,HESTA,Balanced Growth,Listed Equity,1,Endeavour Group Ltd/Australia,,AU0000154833,Germany,6705201.466,,,28161846.16,0.00040635
31/12/2024,HESTA,Balanced Growth,Listed Equity,1,Endeavour Mining PLC,,GB00BL6K5J42,Canada,20074.58603,,,578640.0314,8.35e-06
31/12/2024,HESTA,Balanced Growth,Listed Equity,1,Endesa SA,,ES0130670112,Spain,69179.4357,,,2403076.115,3.467e-05
31/12/2024,HESTA,Balanced Growth,Listed Equity,1,Enel Americas SA,,CLP371861061,Chile,1275091.635,,,180673.7739,2.61e-06
31/12/2024,HESTA,Balanced Growth,Listed Equity,1,Enel Chile SA,,CL0002266774,Chile,1644151.994,,,153531.7154,2.22e-06
31/12/2024,HESTA,Balanced Growth,Listed Equity,1,Enel SpA,,IT0003128367,Italy,387712.0541,,,4465091.217,6.443e-05
31/12/2024,HESTA,Balanced Growth,Listed Equity,1,ENEOS Holdings Inc,,JP3386450005,Japan,263849.8068,,,2240559.606,3.233e-05
31/12/2024,HESTA,Balanced Growth,Listed Equity,1,Engie Brasil Energia SA,,BREGIEACNOR9,Brazil,390176.495,,,3621229.808,5.225e-05
31/12/2024,HESTA,Balanced Growth,Listed Equity,1,Engie SA,,FR0010208488,France,80586.46422,,,2063437.442,2.977e-05
31/12/2024,HESTA,Balanced Growth,Listed Equity,1,Eni SpA,,IT0003132476,Italy,274273.822,,,6004516.176,8.664e-05
31/12/2024,HESTA,Balanced Growth,Listed Equity,1,ENN Energy Holdings Ltd,,KYG3066L1014,Hong Kong,49970.11966,,,580271.3273,8.37e-06
31/12/2024,HESTA,Balanced Growth,Listed Equity,1,ENN Natural Gas Co Ltd,,CNE000000DG7,China,1121848.044,,,5381694.816,7.765e-05
31/12/2024,HESTA,Balanced Growth,Listed Equity,1,Enphase Energy Inc,,US29355A1079,United States,97581.31975,,,10824331.81,0.00015619
31/12/2024,HESTA,Balanced Growth,Listed Equity,1,Entain PLC,,IM00B5VQMV65,United Kingdom,48762.85231,,,677827.6454,9.78e-06
31/12/2024,HESTA,Balanced Growth,Listed Equity,1,Entegris Inc,,US29362U1043,United States,13444.19221,,,2150983.892,3.104e-05
31/12/2024,HESTA,Balanced Growth,Listed Equity,1,Entergy Corp,,US29364G1031,United States,30066.9382,,,3681943.396,5.313e-05
31/12/2024,HESTA,Balanced Growth,Listed Equity,1,Environmental Group Ltd/The,,AU000000EGL9,Australia,5795292.317,,,1825517.084,2.634e-05
31/12/2024,HESTA,Balanced Growth,Listed Equity,1,EOG Resources Inc,,US26875P1012,United States,94091.67882,,,18628374.36,0.00026879
31/12/2024,HESTA,Balanced Growth,Listed Equity,1,E.ON SE,,DE000ENAG999,Germany,233679.2413,,,4394744.278,6.341e-05
31/12/2024,HESTA,Balanced Growth,Listed Equity,1,Eoptolink Technology Inc Ltd,,CNE100002615,China,2519.910207,,,64445.63869,9.3e-07
31/12/2024,HESTA,Balanced Growth,Listed Equity,1,EPAM Systems Inc,,US29414B1044,United States,17562.26572,,,6632332.989,9.57e-05
31/12/2024,HESTA,Balanced Growth,Listed Equity,1,Epiroc AB,,SE0015658109,Germany,37873.64332,,,1065986.765,1.538e-05
31/12/2024,HESTA,Balanced Growth,Listed Equity,1,Epiroc AB,,SE0015658117,,41017.69667,,,1033664.825,1.491e-05
31/12/2024,HESTA,Balanced Growth,Listed Equity,1,EQT AB,,SE0012853455,Germany,19535.93978,,,874115.5384,1.261e-05
31/12/2024,HESTA,Balanced Growth,Listed Equity,1,EQT Holdings Ltd,,AU000000EQT1,Australia,54560.7966,,,1745945.491,2.519e-05
31/12/2024,HESTA,Balanced Growth,Listed Equity,1,Equatorial Energia SA,,BREQTLACNOR0,Brazil,66782.98444,,,478391.0148,6.9e-06
31/12/2024,HESTA,Balanced Growth,Listed Equity,1,Equifax Inc,,US2944291051,United States,12378.13627,,,5094998.027,7.352e-05
31/12/2024,HESTA,Balanced Growth,Listed Equity,1,Equinor ASA,,NO0010096985,Norway,277567.7421,,,10476034.4,0.00015116
31/12/2024,HESTA,Balanced Growth,Listed Equity,1,Equitable Holdings Inc,,US29452E1010,United States,38619.47229,,,2942228.063,4.245e-05
31/12/2024,HESTA,Balanced Growth,Listed Equity,1,Eregli Demir ve Celik Fabrikalari TAS,,TRAEREGL91G3,Turkey,153194.2831,,,170733.1996,2.46e-06
31/12/2024,HESTA,Balanced Growth,Listed Equity,1,Erie Indemnity Co,,US29530P1021,United States,3017.91772,,,2009329.276,2.899e-05
31/12/2024,HESTA,Balanced Growth,Listed Equity,1,Erste Group Bank AG,,AT0000652011,Austria,54388.80171,,,5426836.705,7.831e-05
31/12/2024,HESTA,Balanced Growth,Listed Equity,1,Essential Utilities Inc,,US29670G1022,United States,19776.258,,,1160096.407,1.674e-05
31/12/2024,HESTA,Balanced Growth,Listed Equity,1,EssilorLuxottica SA,,FR0000121667,France,56186.57679,,,22139197.44,0.00031945
31/12/2024,HESTA,Balanced Growth,Listed Equity,1,Essity AB,,SE0009922164,Sweden,23722.79883,,,1025388.529,1.48e-05
31/12/2024,HESTA,Balanced Growth,Listed Equity,1,Estee Lauder Cos Inc/The,,US5184391044,United States,30151.33903,,,3651372.683,5.269e-05
31/12/2024,HESTA,Balanced Growth,Listed Equity,1,E.Sun Financial Holding Co Ltd,,TW0002884004,Taiwan,835796.5125,,,1109672.331,1.601e-05
31/12/2024,HESTA,Balanced Growth,Listed Equity,1,Etsy Inc,,US29786A1060,United States,17207.26604,,,1469906.002,2.121e-05
31/12/2024,HESTA,Balanced Growth,Listed Equity,1,Eurazeo SE,,FR0000121121,France,2019.382067,,,242998.3412,3.51e-06
31/12/2024,HESTA,Balanced Growth,Listed Equity,1,Eurobank Ergasias Services and Holdings SA,,GRS323003012,Greece,509458.8071,,,1900062.787,2.742e-05
31/12/2024,HESTA,Balanced Growth,Listed Equity,1,Eurofins Scientific SE,,FR0014000MR3,France,7636.104919,,,629739.4529,9.09e-06
31/12/2024,HESTA,Balanced Growth,Listed Equity,1,Euronext NV,,NL0006294274,France,11992.5999,,,2172180.028,3.134e-05
31/12/2024,HESTA,Balanced Growth,Listed Equity,1,Eva Airways Corp,,TW0002618006,Taiwan,152820.361,,,333895.2802,4.82e-06
31/12/2024,HESTA,Balanced Growth,Listed Equity,1,Eve Energy Co Ltd,,CNE100000GS4,China,6941.946184,,,71795.24945,1.04e-06
31/12/2024,HESTA,Balanced Growth,Listed Equity,1,Everbright Securities Co Ltd,,CNE100000FD8,China,13900.14985,,,55701.08693,8e-07
31/12/2024,HESTA,Balanced Growth,Listed Equity,1,Everest Group Ltd,,BMG3223R1088,United States,3793.952811,,,2221038.745,3.205e-05
31/12/2024,HESTA,Balanced Growth,Listed Equity,1,Evergreen Marine Corp Taiwan Ltd,,TW0002603008,Taiwan,60152.69527,,,666765.3796,9.62e-06
31/12/2024,HESTA,Balanced Growth,Listed Equity,1,Evergy Inc,,US30034W1062,United States,17205.49174,,,1710406.228,2.468e-05
31/12/2024,HESTA,Balanced Growth,Listed Equity,1,Eversource Energy,,US30040W1080,United States,160883.843,,,14922973.61,0.00021533
31/12/2024,HESTA,Balanced Growth,Listed Equity,1,Evolution AB,,SE0012673267,Sweden,19793.72928,,,2467436.712,3.56e-05
31/12/2024,HESTA,Balanced Growth,Listed Equity,1,Evolution Mining Ltd,,AU000000EVN4,Australia,23435601.21,,,112725241.8,0.00162654
31/12/2024,HESTA,Balanced Growth,Listed Equity,1,Evonik Industries AG,,DE000EVNK013,Germany,115318.8623,,,3226638.445,4.656e-05
31/12/2024,HESTA,Balanced Growth,Listed Equity,1,EVT Ltd,,AU000000EVT1,Australia,272661.1201,,,3102883.547,4.477e-05
31/12/2024,HESTA,Balanced Growth,Listed Equity,1,Exact Sciences Corp,,US30063P1057,United States,15699.61028,,,1424793.821,2.056e-05
31/12/2024,HESTA,Balanced Growth,Listed Equity,1,Exelon Corp,,US30161N1019,United States,218820.8296,,,13302779.65,0.00019195
31/12/2024,HESTA,Balanced Growth,Listed Equity,1,EXOR NV,,NL0012059018,Netherlands,5079.645293,,,752273.8532,1.085e-05
31/12/2024,HESTA,Balanced Growth,Listed Equity,1,Expand Energy Corp,,US1651677353,United States,40160.8801,,,6457264.976,9.317e-05
31/12/2024,HESTA,Balanced Growth,Listed Equity,1,Expedia Group Inc,,US30212P3038,United States,54513.58039,,,16405580.93,0.00023672
31/12/2024,HESTA,Balanced Growth,Listed Equity,1,Expeditors International of Washington Inc,,US3021301094,United States,42916.11657,,,7677975.02,0.00011079
31/12/2024,HESTA,Balanced Growth,Listed Equity,1,Experian PLC,,GB00B19NLV48,United Kingdom,54882.66303,,,3824471.382,5.518e-05
31/12/2024,HESTA,Balanced Growth,Listed Equity,1,Exxon Mobil Corp,,US30231G1022,United States,450300.4406,,,78234383.26,0.00112886
31/12/2024,HESTA,Balanced Growth,Listed Equity,1,F5 Inc,,US3156161024,United States,20887.67164,,,8483602.99,0.00012241
31/12/2024,HESTA,Balanced Growth,Listed Equity,1,FactSet Research Systems Inc,,US3030751057,United States,4734.360886,,,3672484.604,5.299e-05
31/12/2024,HESTA,Balanced Growth,Listed Equity,1,Fairfax Financial Holdings Ltd,,CA3039011026,Canada,1540.989185,,,3461100.385,4.994e-05
31/12/2024,HESTA,Balanced Growth,Listed Equity,1,Fair Isaac Corp,,US3032501047,United States,7270.152906,,,23377801.07,0.00033732
31/12/2024,HESTA,Balanced Growth,Listed Equity,1,Falabella SA,,CLP3880F1085,Chile,51584.1877,,,294462.6441,4.25e-06
31/12/2024,HESTA,Balanced Growth,Listed Equity,1,FANUC Corp,,JP3802400006,Japan,66139.53057,,,2837785.442,4.095e-05
31/12/2024,HESTA,Balanced Growth,Listed Equity,1,Far Eastern New Century Corp,,TW0001402006,Taiwan,174767.966,,,272072.3152,3.93e-06
31/12/2024,HESTA,Balanced Growth,Listed Equity,1,Far East Horizon Ltd,,HK0000077468,Hong Kong,128434.1332,,,151412.2677,2.18e-06
31/12/2024,HESTA,Balanced Growth,Listed Equity,1,Far EasTone Telecommunications Co Ltd,,TW0004904008,Taiwan,368998.6301,,,1625165.915,2.345e-05
31/12/2024,HESTA,Balanced Growth,Listed Equity,1,Fastenal Co,,US3119001044,United States,107230.8952,,,12454128.52,0.0001797
31/12/2024,HESTA,Balanced Growth,Listed Equity,1,Fastighets AB Balder,,SE0017832488,Sweden,41540.55734,,,466342.2242,6.73e-06
31/12/2024,HESTA,Balanced Growth,Listed Equity,1,Fast Retailing Co Ltd,,JP3802300008,Japan,17273.3318,,,9553923.891,0.00013786
31/12/2024,HESTA,Balanced Growth,Listed Equity,1,FAW Jiefang Group Co Ltd,,CNE000000R85,China,15525.89838,,,28170.61271,4.1e-07
31/12/2024,HESTA,Balanced Growth,Listed Equity,1,FedEx Corp,,US31428X1063,United States,20546.08135,,,9335749.121,0.00013471
31/12/2024,HESTA,Balanced Growth,Listed Equity,1,Feng TAY Enterprise Co Ltd,,TW0009910000,Taiwan,28951.32966,,,189694.8736,2.74e-06
31/12/2024,HESTA,Balanced Growth,Listed Equity,1,Ferguson Enterprises Inc,,US31488V1070,United States,51527.72569,,,14445073.65,0.00020843
31/12/2024,HESTA,Balanced Growth,Listed Equity,1,Ferrari NV,,NL0011585146,Italy,45222.55733,,,31190891.56,0.00045006
31/12/2024,HESTA,Balanced Growth,Listed Equity,1,Ferrovial SE,,NL0015001FS8,Spain,22423.99367,,,1522625.185,2.197e-05
31/12/2024,HESTA,Balanced Growth,Listed Equity,1,Fidelity National Financial Inc,,US31620R3030,United States,22227.4345,,,2015421.422,2.908e-05
31/12/2024,HESTA,Balanced Growth,Listed Equity,1,Fidelity National Information Services Inc,,US31620M1062,United States,60686.76753,,,7916773.347,0.00011423
31/12/2024,HESTA,Balanced Growth,Listed Equity,1,Fifth Third Bancorp,,US3167731005,United States,43659.03788,,,2981352.045,4.302e-05
31/12/2024,HESTA,Balanced Growth,Listed Equity,1,FinecoBank Banca Fineco SpA,,IT0000072170,Italy,41451.51442,,,1163978.918,1.68e-05
31/12/2024,HESTA,Balanced Growth,Listed Equity,1,First Abu Dhabi Bank PJSC,,AEN000101016,,256709.5809,,,1550978.884,2.238e-05
31/12/2024,HESTA,Balanced Growth,Listed Equity,1,First Citizens BancShares Inc/NC,,US31946M1036,United States,585.230565,,,1997260.584,2.882e-05
31/12/2024,HESTA,Balanced Growth,Listed Equity,1,FirstEnergy Corp,,US3379321074,United States,40091.50498,,,2575854.102,3.717e-05
31/12/2024,HESTA,Balanced Growth,Listed Equity,1,First Financial Holding Co Ltd,,TW0002892007,Taiwan,1638672.246,,,2187745.618,3.157e-05
31/12/2024,HESTA,Balanced Growth,Listed Equity,1,First Quantum Minerals Ltd,,CA3359341052,Canada,32693.11069,,,680324.7548,9.82e-06
31/12/2024,HESTA,Balanced Growth,Listed Equity,1,FirstRand Ltd,,ZAE000066304,South Africa,294831.892,,,1916864.917,2.766e-05
31/12/2024,HESTA,Balanced Growth,Listed Equity,1,FirstService Corp,,CA33767E2024,Canada,8395.489818,,,2455019.523,3.542e-05
31/12/2024,HESTA,Balanced Growth,Listed Equity,1,First Solar Inc,,US3364331070,United States,16853.39447,,,4797290.211,6.922e-05
31/12/2024,HESTA,Balanced Growth,Listed Equity,1,Fiserv Inc,,US3377381088,United States,175430.4217,,,58203855.64,0.00083984
31/12/2024,HESTA,Balanced Growth,Listed Equity,1,Fisher & Paykel Healthcare Corp Ltd,,NZFAPE0001S2,New Zealand,3981532.451,,,139145786.4,0.00200777
31/12/2024,HESTA,Balanced Growth,Listed Equity,1,Flat Glass Group Co Ltd,,CNE100003HV0,China,2032.185651,,,8853.907732,1.3e-07
31/12/2024,HESTA,Balanced Growth,Listed Equity,1,FleetPartners Group Ltd,,AU0000272924,Australia,1225364.057,,,3296229.313,4.756e-05
31/12/2024,HESTA,Balanced Growth,Listed Equity,1,Fletcher Building Ltd,,NZFBUE0001S0,New Zealand,7527306.154,,,19194630.69,0.00027696
31/12/2024,HESTA,Balanced Growth,Listed Equity,1,Flight Centre Travel Group Ltd,,AU000000FLT9,Australia,1060628.062,,,17691276.07,0.00025527
31/12/2024,HESTA,Balanced Growth,Listed Equity,1,Flutter Entertainment PLC,,IE00BWT6H894,United States,92752.86706,,,38847160.04,0.00056053
31/12/2024,HESTA,Balanced Growth,Listed Equity,1,Focus Media Information Technology Co Ltd,,CNE000001KK2,China,72886.37057,,,113377.6371,1.64e-06
31/12/2024,HESTA,Balanced Growth,Listed Equity,1,Fomento Economico Mexicano SAB de CV,,US3444191064,United States,131359.7807,,,18137684.97,0.00026171
31/12/2024,HESTA,Balanced Growth,Listed Equity,1,Fomento Economico Mexicano SAB de CV,,MXP320321310,Mexico,99166.63934,,,1368816.041,1.975e-05
31/12/2024,HESTA,Balanced Growth,Listed Equity,1,Ford Motor Co,,US3453708600,United States,815528.2583,,,13040022.21,0.00018816
31/12/2024,HESTA,Balanced Growth,Listed Equity,1,Ford Otomotiv Sanayi AS,,TRAOTOSN91H6,Turkey,4426.100348,,,189428.9905,2.73e-06
31/12/2024,HESTA,Balanced Growth,Listed Equity,1,Formosa Chemicals & Fibre Corp,,TW0001326007,Taiwan,210297.5282,,,282834.4153,4.08e-06
31/12/2024,HESTA,Balanced Growth,Listed Equity,1,Formosa Plastics Corp,,TW0001301000,Taiwan,229340.847,,,401093.1098,5.79e-06
31/12/2024,HESTA,Balanced Growth,Listed Equity,1,Fortescue Ltd,,AU000000FMG4,Australia,8229329.636,,,150185265.9,0.00216706
31/12/2024,HESTA,Balanced Growth,Listed Equity,1,Fortinet Inc,,US34959E1091,United States,192826.5182,,,29424613.5,0.00042457
31/12/2024,HESTA,Balanced Growth,Listed Equity,1,Fortis Inc/Canada,,CA3495531079,Canada,21607.32057,,,1449365.903,2.091e-05
31/12/2024,HESTA,Balanced Growth,Listed Equity,1,Fortive Corp,,US34959J1088,United States,52807.87314,,,6396819.003,9.23e-05
31/12/2024,HESTA,Balanced Growth,Listed Equity,1,Fortum Oyj,,FI0009007132,Finland,17859.10618,,,403673.079,5.82e-06
31/12/2024,HESTA,Balanced Growth,Listed Equity,1,Fortune Brands Innovations Inc,,US34964C1062,United States,11164.88696,,,1232167.857,1.778e-05
31/12/2024,HESTA,Balanced Growth,Listed Equity,1,Fortune Electric Co Ltd,,TW0001519007,Taiwan,7153.293492,,,198403.7483,2.86e-06
31/12/2024,HESTA,Balanced Growth,Listed Equity,1,Foshan Haitian Flavouring & Food Co Ltd,,CNE100001SL2,China,16533.86246,,,167923.9956,2.42e-06
31/12/2024,HESTA,Balanced Growth,Listed Equity,1,Fosun International Ltd,,HK0656038673,Hong Kong,146723.804,,,138501.337,2e-06
31/12/2024,HESTA,Balanced Growth,Listed Equity,1,Founder Securities Co Ltd,,CNE1000015Y8,China,38530.23995,,,71018.66189,1.02e-06
31/12/2024,HESTA,Balanced Growth,Listed Equity,1,Foxconn Industrial Internet Co Ltd,,CNE1000031P3,China,52918.11436,,,251749.4752,3.63e-06
31/12/2024,HESTA,Balanced Growth,Listed Equity,1,Fox Corp,,US35137L2043,United States,24577.45638,,,1815671.258,2.62e-05
31/12/2024,HESTA,Balanced Growth,Listed Equity,1,Fox Corp,,US35137L1052,United States,39061.56959,,,3064864.816,4.422e-05
31/12/2024,HESTA,Balanced Growth,Listed Equity,1,Franco-Nevada Corp,,CA3518581051,Canada,37830.33316,,,7176386.946,0.00010355
31/12/2024,HESTA,Balanced Growth,Listed Equity,1,Franklin Resources Inc,,US3546131018,United States,162636.0788,,,5329703.686,7.69e-05
31/12/2024,HESTA,Balanced Growth,Listed Equity,1,Freeport-McMoRan Inc,,US35671D8570,United States,149630.7701,,,9202842.156,0.00013279
31/12/2024,HESTA,Balanced Growth,Listed Equity,1,Freightways Group Ltd,,NZFREE0001S0,New Zealand,74037.92265,,,712822.9874,1.029e-05
31/12/2024,HESTA,Balanced Growth,Listed Equity,1,Fresenius Medical Care AG,,DE0005785802,Germany,13831.69003,,,1021546.942,1.474e-05
31/12/2024,HESTA,Balanced Growth,Listed Equity,1,Fresenius SE & Co KGaA,,DE0005785604,Germany,26799.93728,,,1503317.975,2.169e-05
31/12/2024,HESTA,Balanced Growth,Listed Equity,1,Frontier Communications Parent Inc,,US35909D1090,United States,77938.27876,,,4368017.881,6.303e-05
31/12/2024,HESTA,Balanced Growth,Listed Equity,1,Fubon Financial Holding Co Ltd,,TW0002881000,Taiwan,465743.0431,,,2071903.675,2.99e-05
31/12/2024,HESTA,Balanced Growth,Listed Equity,1,Fuji Electric Co Ltd,,JP3820000002,Japan,8238.63034,,,724584.8791,1.046e-05
31/12/2024,HESTA,Balanced Growth,Listed Equity,1,FUJIFILM Holdings Corp,,JP3814000000,Japan,167864.903,,,5708455.764,8.237e-05
31/12/2024,HESTA,Balanced Growth,Listed Equity,1,Fujikura Ltd,,JP3811000003,Japan,14145.07579,,,951866.2275,1.373e-05
31/12/2024,HESTA,Balanced Growth,Listed Equity,1,Fujitsu Ltd,,JP3818000006,Japan,876353.7562,,,25212847.27,0.0003638
31/12/2024,HESTA,Balanced Growth,Listed Equity,1,Futu Holdings Ltd,,US36118L1061,Germany,9815.164157,,,1268052.946,1.83e-05
31/12/2024,HESTA,Balanced Growth,Listed Equity,1,Fuyao Glass Industry Group Co Ltd,,CNE100001TR7,Hong Kong,36091.61717,,,419859.4889,6.06e-06
31/12/2024,HESTA,Balanced Growth,Listed Equity,1,Fuyao Glass Industry Group Co Ltd,,CNE000000230,China,6990.71864,,,96523.29901,1.39e-06
31/12/2024,HESTA,Balanced Growth,Listed Equity,1,G8 Education Ltd,,AU000000GEM7,Australia,5553574.778,,,7247415.09,0.00010457
31/12/2024,HESTA,Balanced Growth,Listed Equity,1,GAIL India Ltd,,INE129A01019,India,755236.1315,,,2721016.116,3.926e-05
31/12/2024,HESTA,Balanced Growth,Listed Equity,1,Galaxy Entertainment Group Ltd,,HK0027032686,Hong Kong,101223.1652,,,694530.6172,1.002e-05
31/12/2024,HESTA,Balanced Growth,Listed Equity,1,Galderma Group AG,,CH1335392721,Switzerland,1662.494495,,,298185.6305,4.3e-06
31/12/2024,HESTA,Balanced Growth,Listed Equity,1,Galp Energia SGPS SA,,PTGAL0AM0009,Portugal,118472.6185,,,3160331.861,4.56e-05
31/12/2024,HESTA,Balanced Growth,Listed Equity,1,Gamuda Bhd,,MYL5398OO002,Malaysia,221264.3737,,,378826.718,5.47e-06
31/12/2024,HESTA,Balanced Growth,Listed Equity,1,Ganfeng Lithium Group Co Ltd,,CNE100000SF6,China,5787.664735,,,44835.42108,6.5e-07
31/12/2024,HESTA,Balanced Growth,Listed Equity,1,Garmin Ltd,,CH0114405324,United States,37832.31477,,,12603235.48,0.00018186
31/12/2024,HESTA,Balanced Growth,Listed Equity,1,Gartner Inc,,US3666511072,United States,9310.373426,,,7285143.521,0.00010512
31/12/2024,HESTA,Balanced Growth,Listed Equity,1,GCL Technology Holdings Ltd,,KYG3774X1088,Hong Kong,1207118.277,,,271063.5545,3.91e-06
31/12/2024,HESTA,Balanced Growth,Listed Equity,1,GD Power Development Co Ltd,,CNE000000PC0,China,63591.1534,,,64444.80956,9.3e-07
31/12/2024,HESTA,Balanced Growth,Listed Equity,1,GEA Group AG,,DE0006602006,Germany,10071.81535,,,805510.745,1.162e-05
31/12/2024,HESTA,Balanced Growth,Listed Equity,1,Geberit AG,,CH0030170408,Switzerland,3910.055248,,,3585985.565,5.174e-05
31/12/2024,HESTA,Balanced Growth,Listed Equity,1,Geely Automobile Holdings Ltd,,KYG3777B1032,Hong Kong,387920.77,,,1195332.642,1.725e-05
31/12/2024,HESTA,Balanced Growth,Listed Equity,1,GE HealthCare Technologies Inc,,US36266G1076,United States,40897.28828,,,5164095.934,7.451e-05
31/12/2024,HESTA,Balanced Growth,Listed Equity,1,GEM Co Ltd,,CNE100000KT4,China,18318.12146,,,26467.92564,3.8e-07
31/12/2024,HESTA,Balanced Growth,Listed Equity,1,Gen Digital Inc,,US6687711084,United States,61453.65183,,,2717598.305,3.921e-05
31/12/2024,HESTA,Balanced Growth,Listed Equity,1,General Electric Co,,US3696043013,United States,154052.3901,,,41499472.09,0.00059881
31/12/2024,HESTA,Balanced Growth,Listed Equity,1,Generali,,IT0000062072,Italy,69326.50573,,,3161829.612,4.562e-05
31/12/2024,HESTA,Balanced Growth,Listed Equity,1,General Mills Inc,,US3703341046,United States,68642.90233,,,7069947.321,0.00010201
31/12/2024,HESTA,Balanced Growth,Listed Equity,1,General Motors Co,,US37045V1008,United States,143701.5164,,,12363691.8,0.0001784
31/12/2024,HESTA,Balanced Growth,Listed Equity,1,Genesis Minerals Ltd,,AU000000GMD9,Australia,11005018.51,,,27182395.73,0.00039222
31/12/2024,HESTA,Balanced Growth,Listed Equity,1,Genmab A/S,,DK0010272202,Denmark,9071.369973,,,3036422.592,4.381e-05
31/12/2024,HESTA,Balanced Growth,Listed Equity,1,Genscript Biotech Corp,,KYG3825B1059,Hong Kong,69907.1864,,,143025.8277,2.06e-06
31/12/2024,HESTA,Balanced Growth,Listed Equity,1,Genting Bhd,,MYL3182OO002,Malaysia,126727.0972,,,176688.2026,2.55e-06
31/12/2024,HESTA,Balanced Growth,Listed Equity,1,Genting Malaysia Bhd,,MYL4715OO008,Malaysia,176475.0019,,,144059.6655,2.08e-06
31/12/2024,HESTA,Balanced Growth,Listed Equity,1,Genting Singapore Ltd,,SGXE21576413,Singapore,432411.2321,,,391637.4218,5.65e-06
31/12/2024,HESTA,Balanced Growth,Listed Equity,1,Gentrack Group Ltd,,NZGTKE0002S9,New Zealand,130590.4932,,,1513543.816,2.184e-05
31/12/2024,HESTA,Balanced Growth,Listed Equity,1,Genuine Parts Co,,US3724601055,United States,16483.41114,,,3108460.124,4.485e-05
31/12/2024,HESTA,Balanced Growth,Listed Equity,1,GenusPlus Group Ltd,,AU0000117160,Australia,210944.0271,,,552673.351,7.97e-06
31/12/2024,HESTA,Balanced Growth,Listed Equity,1,George Weston Ltd,,CA9611485090,Canada,28901.94179,,,7255492.17,0.00010469
31/12/2024,HESTA,Balanced Growth,Listed Equity,1,Gerdau SA,,BRGGBRACNPR8,Brazil,82475.84822,,,391138.6253,5.64e-06
31/12/2024,HESTA,Balanced Growth,Listed Equity,1,Getinge AB,,SE0000202624,Sweden,12485.55144,,,331341.0056,4.78e-06
31/12/2024,HESTA,Balanced Growth,Listed Equity,1,Getlink SE,,FR0010533075,France,33560.63583,,,864661.0664,1.248e-05
31/12/2024,HESTA,Balanced Growth,Listed Equity,1,GE Vernova Inc,,US36828A1016,United States,40094.29455,,,21300518.95,0.00030735
31/12/2024,HESTA,Balanced Growth,Listed Equity,1,GFL Environmental Inc,,CA36168Q1046,Germany,9910.135067,,,713159.5257,1.029e-05
31/12/2024,HESTA,Balanced Growth,Listed Equity,1,GF Securities Co Ltd,,CNE0000008L2,China,21134.73077,,,75806.33684,1.09e-06
31/12/2024,HESTA,Balanced Growth,Listed Equity,1,Giant Biogene Holding Co ltd,,KYG3887G1091,Hong Kong,17395.50917,,,180482.5533,2.6e-06
31/12/2024,HESTA,Balanced Growth,Listed Equity,1,Gigabyte Technology Co Ltd,,TW0002376001,Taiwan,29263.47338,,,392850.9531,5.67e-06
31/12/2024,HESTA,Balanced Growth,Listed Equity,1,GigaDevice Semiconductor Inc,,CNE1000030S9,China,4084.693159,,,96528.6965,1.39e-06
31/12/2024,HESTA,Balanced Growth,Listed Equity,1,Gildan Activewear Inc,,CA3759161035,Germany,69262.41982,,,5261990.629,7.593e-05
31/12/2024,HESTA,Balanced Growth,Listed Equity,1,Gilead Sciences Inc,,US3755581036,United States,309510.1024,,,46175318.03,0.00066627
31/12/2024,HESTA,Balanced Growth,Listed Equity,1,Ginlong Technologies Co Ltd,,CNE100003JZ7,China,2341.07787,,,31635.12345,4.6e-07
31/12/2024,HESTA,Balanced Growth,Listed Equity,1,Givaudan SA,,CH0010645932,Switzerland,1359.722824,,,9610787.142,0.00013868
31/12/2024,HESTA,Balanced Growth,Listed Equity,1,Gjensidige Forsikring ASA,,NO0010582521,Norway,35101.26182,,,1003334.604,1.448e-05
31/12/2024,HESTA,Balanced Growth,Listed Equity,1,Glencore PLC,,JE00B4T3BW64,United Kingdom,1177449.559,,,8416971.747,0.00012145
31/12/2024,HESTA,Balanced Growth,Listed Equity,1,Global-e Online Ltd,,IL0011741688,United States,3447.32195,,,303613.7733,4.38e-06
31/12/2024,HESTA,Balanced Growth,Listed Equity,1,Global Payments Inc,,US37940X1028,United States,33833.88335,,,6123596.818,8.836e-05
31/12/2024,HESTA,Balanced Growth,Listed Equity,1,Global Unichip Corp,,TW0003443008,Taiwan,4877.245563,,,326775.1032,4.72e-06
31/12/2024,HESTA,Balanced Growth,Listed Equity,1,Globalwafers Co Ltd,,TW0006488000,Taiwan,472038.4824,,,8871710.903,0.00012801
31/12/2024,HESTA,Balanced Growth,Listed Equity,1,Globant SA,,LU0974299876,United States,32665.82032,,,11312614.38,0.00016323
31/12/2024,HESTA,Balanced Growth,Listed Equity,1,GMR Airports Ltd,,INE776C01039,India,139365.6662,,,206546.448,2.98e-06
31/12/2024,HESTA,Balanced Growth,Listed Equity,1,GoDaddy Inc,,US3802371076,United States,36163.04993,,,11527903.04,0.00016634
31/12/2024,HESTA,Balanced Growth,Listed Equity,1,Godrej Consumer Products Ltd,,INE102D01028,India,24310.63051,,,496253.9971,7.16e-06
31/12/2024,HESTA,Balanced Growth,Listed Equity,1,Godrej Properties Ltd,,INE484J01027,India,7434.547986,,,390817.5725,5.64e-06
31/12/2024,HESTA,Balanced Growth,Listed Equity,1,GoerTek Inc,,CNE100000BP1,China,8860.329439,,,50601.52839,7.3e-07
31/12/2024,HESTA,Balanced Growth,Listed Equity,1,Gold Fields Ltd,,ZAE000018123,South Africa,52587.67617,,,1112215.176,1.605e-05
31/12/2024,HESTA,Balanced Growth,Listed Equity,1,Goldman Sachs Group Inc/The,,US38141G1040,United States,29465.02869,,,27250690.02,0.00039321
31/12/2024,HESTA,Balanced Growth,Listed Equity,1,Gold Road Resources Ltd,,AU000000GOR5,Australia,4899967.479,,,10044933.33,0.00014494
31/12/2024,HESTA,Balanced Growth,Listed Equity,1,Goldwind Science & Technology Co Ltd,,CNE1000008S5,China,7559.730622,,,17279.55266,2.5e-07
31/12/2024,HESTA,Balanced Growth,Listed Equity,1,Goneo Group Co Ltd,,CNE100003RL0,China,4007.470104,,,62284.57995,9e-07
31/12/2024,HESTA,Balanced Growth,Listed Equity,1,Gotion High-tech Co Ltd,,CNE000001NY7,China,7604.438707,,,35705.76201,5.2e-07
31/12/2024,HESTA,Balanced Growth,Listed Equity,1,GoTo Gojek Tokopedia Tbk PT,,ID1000166903,Indonesia,49681470.2,,,348983.9784,5.04e-06
31/12/2024,HESTA,Balanced Growth,Listed Equity,1,GQG Partners Inc,,AU0000180499,Australia,609767.8658,,,1262219.482,1.821e-05
31/12/2024,HESTA,Balanced Growth,Listed Equity,1,Grab Holdings Ltd,,KYG4124C1096,United States,137164.4238,,,1045653.04,1.509e-05
31/12/2024,HESTA,Balanced Growth,Listed Equity,1,Graco Inc,,US3841091040,United States,25065.44661,,,3412366.142,4.924e-05
31/12/2024,HESTA,Balanced Growth,Listed Equity,1,GrainCorp Ltd,,AU000000GNC9,Australia,922708.9286,,,6772683.536,9.772e-05
31/12/2024,HESTA,Balanced Growth,Listed Equity,1,Grasim Industries Ltd,,INE047A01021,India,15357.05419,,,707682.5986,1.021e-05
31/12/2024,HESTA,Balanced Growth,Listed Equity,1,Great Wall Motor Co Ltd,,CNE100000338,Hong Kong,137782.1871,,,391328.3502,5.65e-06
31/12/2024,HESTA,Balanced Growth,Listed Equity,1,Great Wall Motor Co Ltd,,CNE1000018V8,China,14123.69028,,,82285.78196,1.19e-06
31/12/2024,HESTA,Balanced Growth,Listed Equity,1,Great-West Lifeco Inc,,CA39138C1068,Canada,26008.57249,,,1392343.137,2.009e-05
31/12/2024,HESTA,Balanced Growth,Listed Equity,1,Gree Electric Appliances Inc of Zhuhai,,CNE0000001D4,China,374115.7091,,,3762405.365,5.429e-05
31/12/2024,HESTA,Balanced Growth,Listed Equity,1,GRG Banking Equipment Co Ltd,,CNE100000650,China,8697.754587,,,22440.44257,3.2e-07
31/12/2024,HESTA,Balanced Growth,Listed Equity,1,Grifols SA,,ES0171996087,Spain,17090.61937,,,261479.6902,3.77e-06
31/12/2024,HESTA,Balanced Growth,Listed Equity,1,Groupe Bruxelles Lambert NV,,BE0003797140,Belgium,5666.029568,,,625901.0362,9.03e-06
31/12/2024,HESTA,Balanced Growth,Listed Equity,1,Gruma SAB de CV,,MXP4948K1056,Mexico,10999.00162,,,278438.7546,4.02e-06
31/12/2024,HESTA,Balanced Growth,Listed Equity,1,Grupo Aeroportuario del Centro Norte SAB de CV,,MX01OM000018,Mexico,16590.76366,,,231273.6196,3.34e-06
31/12/2024,HESTA,Balanced Growth,Listed Equity,1,Grupo Aeroportuario del Pacifico SAB de CV,,US4005061019,United States,17031.1419,,,4813501.611,6.946e-05
31/12/2024,HESTA,Balanced Growth,Listed Equity,1,Grupo Aeroportuario del Pacifico SAB de CV,,MX01GA000004,Mexico,22978.33024,,,654232.1809,9.44e-06
31/12/2024,HESTA,Balanced Growth,Listed Equity,1,Grupo Aeroportuario del Sureste SAB de CV,,MXP001661018,Mexico,9921.130349,,,412047.377,5.95e-06
31/12/2024,HESTA,Balanced Growth,Listed Equity,1,Grupo Bimbo SAB de CV,,MXP495211262,Mexico,79527.06262,,,341240.5813,4.92e-06
31/12/2024,HESTA,Balanced Growth,Listed Equity,1,Grupo Carso SAB de CV,,MXP461181085,Mexico,33398.56474,,,299070.6739,4.32e-06
31/12/2024,HESTA,Balanced Growth,Listed Equity,1,Grupo Comercial Chedraui SA de CV,,MX01CH170002,Mexico,16623.27863,,,161793.0296,2.33e-06
31/12/2024,HESTA,Balanced Growth,Listed Equity,1,Grupo Financiero Banorte SAB de CV,,MXP370711014,Mexico,1207179.338,,,12562365.13,0.00018127
31/12/2024,HESTA,Balanced Growth,Listed Equity,1,Grupo Financiero Inbursa SAB de CV,,MXP370641013,Mexico,106438.5685,,,358740.7738,5.18e-06
31/12/2024,HESTA,Balanced Growth,Listed Equity,1,Grupo Mexico SAB de CV,,MXP370841019,Mexico,606855.7036,,,4663430.502,6.729e-05
31/12/2024,HESTA,Balanced Growth,Listed Equity,1,GS Holdings Corp,,KR7078930005,South Korea,2760.520989,,,119024.2682,1.72e-06
31/12/2024,HESTA,Balanced Growth,Listed Equity,1,GSK PLC,,GB00BN7SWP63,United Kingdom,527988.822,,,14380636.2,0.0002075
31/12/2024,HESTA,Balanced Growth,Listed Equity,1,Guangdong Haid Group Co Ltd,,CNE100000HP8,China,5933.982101,,,64403.72689,9.3e-07
31/12/2024,HESTA,Balanced Growth,Listed Equity,1,Guangdong Investment Ltd,,HK0270001396,Hong Kong,177247.4522,,,247286.3073,3.57e-06
31/12/2024,HESTA,Balanced Growth,Listed Equity,1,Guangzhou Automobile Group Co Ltd,,CNE100001NQ2,China,29881.25782,,,61754.91109,8.9e-07
31/12/2024,HESTA,Balanced Growth,Listed Equity,1,Guangzhou Baiyunshan Pharmaceutical Holdings Co Ltd,,CNE000001733,China,5039.820415,,,31693.1139,4.6e-07
31/12/2024,HESTA,Balanced Growth,Listed Equity,1,Guangzhou Haige Communications Group Inc Co,,CNE100000T24,China,8860.329439,,,21526.72313,3.1e-07
31/12/2024,HESTA,Balanced Growth,Listed Equity,1,Guangzhou Tinci Materials Technology Co Ltd,,CNE100001RG4,China,11217.66479,,,48948.02021,7.1e-07
31/12/2024,HESTA,Balanced Growth,Listed Equity,1,Gulf Bank KSCP,,KW0EQ0100028,Kuwait,124283.5972,,,212256.914,3.06e-06
31/12/2024,HESTA,Balanced Growth,Listed Equity,1,Gulf Energy Development PCL,,TH8319010R14,,174280.2414,,,491222.6794,7.09e-06
31/12/2024,HESTA,Balanced Growth,Listed Equity,1,Guosen Securities Co Ltd,,CNE100001WS9,China,22841.76672,,,56607.4336,8.2e-07
31/12/2024,HESTA,Balanced Growth,Listed Equity,1,Guotai Junan Securities Co Ltd,,CNE1000022F3,China,26800.46437,,,110597.9079,1.6e-06
31/12/2024,HESTA,Balanced Growth,Listed Equity,1,Guzman y Gomez Ltd,,AU0000336679,Australia,302266.0441,,,12262933.41,0.00017694
31/12/2024,HESTA,Balanced Growth,Listed Equity,1,GWA Group Ltd,,AU000000GWA4,Australia,4692.316182,,,11355.40516,1.6e-07
31/12/2024,HESTA,Balanced Growth,Listed Equity,1,Haci Omer Sabanci Holding AS,,TRASAHOL91Q5,Turkey,60627.41384,,,265843.398,3.84e-06
31/12/2024,HESTA,Balanced Growth,Listed Equity,1,Haidilao International Holding Ltd,,KYG4290A1013,Hong Kong,99170.65978,,,327852.0234,4.73e-06
31/12/2024,HESTA,Balanced Growth,Listed Equity,1,Haier Smart Home Co Ltd,,CNE1000048K8,Germany,158372.424,,,905544.5043,1.307e-05
31/12/2024,HESTA,Balanced Growth,Listed Equity,1,Haier Smart Home Co Ltd,,CNE000000CG9,China,21622.45533,,,136212.8927,1.97e-06
31/12/2024,HESTA,Balanced Growth,Listed Equity,1,Hainan Airlines Holding Co Ltd,,CNE0000011C5,China,98845.51007,,,37181.90102,5.4e-07
31/12/2024,HESTA,Balanced Growth,Listed Equity,1,Hainan Airport Infrastructure Co Ltd,,CNE000001C32,China,69988.47383,,,58538.8391,8.4e-07
31/12/2024,HESTA,Balanced Growth,Listed Equity,1,Haitian International Holdings Ltd,,KYG4232C1087,Hong Kong,33327.84468,,,146213.4165,2.11e-06
31/12/2024,HESTA,Balanced Growth,Listed Equity,1,Haitong Securities Co Ltd,,CNE1000019K9,,162249.7024,,,231085.1385,3.33e-06
31/12/2024,HESTA,Balanced Growth,Listed Equity,1,Haitong Securities Co Ltd,,CNE000000CK1,,28767.62008,,,70783.89568,1.02e-06
31/12/2024,HESTA,Balanced Growth,Listed Equity,1,Haleon PLC,,GB00BMX86B70,United Kingdom,353544.2895,,,2698936.93,3.894e-05
31/12/2024,HESTA,Balanced Growth,Listed Equity,1,Halliburton Co,,US4062161017,United States,496411.1514,,,21799917.96,0.00031456
31/12/2024,HESTA,Balanced Growth,Listed Equity,1,Halma PLC,,GB0004052071,United Kingdom,49325.17518,,,2682912.148,3.871e-05
31/12/2024,HESTA,Balanced Growth,Listed Equity,1,Hana Financial Group Inc,,KR7086790003,South Korea,83258.2747,,,5188330.916,7.486e-05
31/12/2024,HESTA,Balanced Growth,Listed Equity,1,Hang Seng Bank Ltd,,HK0011000095,Hong Kong,65405.34939,,,1299395.932,1.875e-05
31/12/2024,HESTA,Balanced Growth,Listed Equity,1,Hangzhou First Applied Material Co Ltd,,CNE100001VX1,China,6759.86235,,,22137.33801,3.2e-07
31/12/2024,HESTA,Balanced Growth,Listed Equity,1,Hangzhou GreatStar Industrial Co Ltd,,CNE100000RC5,China,13493.71272,,,96589.84903,1.39e-06
31/12/2024,HESTA,Balanced Growth,Listed Equity,1,Hangzhou Silan Microelectronics Co Ltd,,CNE000001DN1,China,3483.166206,,,20054.29082,2.9e-07
31/12/2024,HESTA,Balanced Growth,Listed Equity,1,Hangzhou Tigermed Consulting Co Ltd,,CNE100001KV8,China,975.449113,,,11789.13979,1.7e-07
31/12/2024,HESTA,Balanced Growth,Listed Equity,1,Hanjin Kal Corp,,KR7180640005,South Korea,1514.384747,,,125273.5805,1.81e-06
31/12/2024,HESTA,Balanced Growth,Listed Equity,1,Hankook Tire & Technology Co Ltd,,KR7161390000,South Korea,4417.158731,,,186091.337,2.69e-06
31/12/2024,HESTA,Balanced Growth,Listed Equity,1,Hankyu Hanshin Holdings Inc,,JP3774200004,Japan,26448.84915,,,1119050.319,1.615e-05
31/12/2024,HESTA,Balanced Growth,Listed Equity,1,Hanmi Pharm Co Ltd,,KR7128940004,South Korea,418.630244,,,128829.5233,1.86e-06
31/12/2024,HESTA,Balanced Growth,Listed Equity,1,Hanmi Semiconductor Co Ltd,,KR7042700005,South Korea,2531.290447,,,229112.0081,3.31e-06
31/12/2024,HESTA,Balanced Growth,Listed Equity,1,Hannover Rueck SE,,DE0008402215,Germany,10005.07451,,,4039351.131,5.828e-05
31/12/2024,HESTA,Balanced Growth,Listed Equity,1,Hansen Technologies Ltd,,AU000000HSN3,Australia,259637.1114,,,1389058.546,2.004e-05
31/12/2024,HESTA,Balanced Growth,Listed Equity,1,Hansoh Pharmaceutical Group Co Ltd,,KYG549581067,Germany,69907.1864,,,251167.3027,3.62e-06
31/12/2024,HESTA,Balanced Growth,Listed Equity,1,Hanwha Ocean Co Ltd,,KR7042660001,South Korea,5812.863837,,,238195.0245,3.44e-06
31/12/2024,HESTA,Balanced Growth,Listed Equity,1,Hapvida Participacoes e Investimentos S/A,,BRHAPVACNOR4,Brazil,272718.5015,,,158995.9618,2.29e-06
31/12/2024,HESTA,Balanced Growth,Listed Equity,1,Hargreaves Lansdown PLC,,GB00B1VZ0M25,,83907.56501,,,1863590.433,2.689e-05
31/12/2024,HESTA,Balanced Growth,Listed Equity,1,Harmony Gold Mining Co Ltd,,ZAE000015228,South Africa,33057.15755,,,426337.1863,6.15e-06
31/12/2024,HESTA,Balanced Growth,Listed Equity,1,Hartford Financial Services Group Inc/The,,US4165151048,United States,115115.956,,,20340281.98,0.00029349
31/12/2024,HESTA,Balanced Growth,Listed Equity,1,Harvey Norman Holdings Ltd,,AU000000HVN7,Australia,4611747.094,,,21536858.93,0.00031076
31/12/2024,HESTA,Balanced Growth,Listed Equity,1,HA Sustainable Infrastructure Capital Inc,,US41068X1000,United States,97666.08616,,,4232223.355,6.107e-05
31/12/2024,HESTA,Balanced Growth,Listed Equity,1,Havas NV,,NL0015002AH0,Netherlands,93528.95186,,,253780.37,3.66e-06
31/12/2024,HESTA,Balanced Growth,Listed Equity,1,Havells India Ltd,,INE176B01034,India,14892.66933,,,470623.6571,6.79e-06
31/12/2024,HESTA,Balanced Growth,Listed Equity,1,HCA Healthcare Inc,,US40412C1018,United States,215165.2901,,,104307295.2,0.00150507
31/12/2024,HESTA,Balanced Growth,Listed Equity,1,HCL Technologies Ltd,,INE860A01027,India,56547.82887,,,2045451.208,2.951e-05
31/12/2024,HESTA,Balanced Growth,Listed Equity,1,HDFC Asset Management Co Ltd,,INE127D01025,India,5741.330902,,,454803.8072,6.56e-06
31/12/2024,HESTA,Balanced Growth,Listed Equity,1,HDFC Bank Ltd,,INE040A01034,India,1067073.961,,,35688391.95,0.00051496
31/12/2024,HESTA,Balanced Growth,Listed Equity,1,HDFC Life Insurance Co Ltd,,INE795G01014,India,57889.32626,,,673874.9586,9.72e-06
31/12/2024,HESTA,Balanced Growth,Listed Equity,1,HD Hyundai Co Ltd,,KR7267250009,South Korea,2581.688651,,,224326.6986,3.24e-06
31/12/2024,HESTA,Balanced Growth,Listed Equity,1,HD Hyundai Electric Co Ltd,,KR7267260008,South Korea,1250.200613,,,523956.2154,7.56e-06
31/12/2024,HESTA,Balanced Growth,Listed Equity,1,HD Hyundai Heavy Industries Co Ltd,,KR7329180004,South Korea,1318.48205,,,415876.1286,6e-06
31/12/2024,HESTA,Balanced Growth,Listed Equity,1,HD Korea Shipbuilding & Offshore Engineering Co Ltd,,KR7009540006,South Korea,2523.161704,,,631148.9362,9.11e-06
31/12/2024,HESTA,Balanced Growth,Listed Equity,1,Healius Ltd,,AU0000033359,Australia,9064919.244,,,12418939.36,0.0001792
31/12/2024,HESTA,Balanced Growth,Listed Equity,1,HEICO Corp,,US4228061093,United States,10502.03189,,,4032549.561,5.819e-05
31/12/2024,HESTA,Balanced Growth,Listed Equity,1,HEICO Corp,,US4228062083,United States,15237.05512,,,4579360.767,6.608e-05
31/12/2024,HESTA,Balanced Growth,Listed Equity,1,Heidelberg Materials AG,,DE0006047004,Germany,6240.57389,,,1245142.301,1.797e-05
31/12/2024,HESTA,Balanced Growth,Listed Equity,1,Heilongjiang Agriculture Co Ltd,,CNE0000019Z9,China,6828.143788,,,22285.40306,3.2e-07
31/12/2024,HESTA,Balanced Growth,Listed Equity,1,Heineken Holding NV,,NL0000008977,Netherlands,17456.7892,,,1688969.258,2.437e-05
31/12/2024,HESTA,Balanced Growth,Listed Equity,1,Heineken NV,,NL0000009165,Netherlands,298534.2382,,,34300851.21,0.00049494
31/12/2024,HESTA,Balanced Growth,Listed Equity,1,Helia Group Ltd,,AU0000251498,Australia,1509095.962,,,6745658.951,9.733e-05
31/12/2024,HESTA,Balanced Growth,Listed Equity,1,Hellenic Telecommunications Organization SA,,GRS260333000,Greece,99814.48583,,,2483993.871,3.584e-05
31/12/2024,HESTA,Balanced Growth,Listed Equity,1,Helloworld Travel Ltd,,AU000000HLO6,Australia,264625.3886,,,517342.6385,7.46e-06
31/12/2024,HESTA,Balanced Growth,Listed Equity,1,Helvetia Holding AG,,CH0466642201,Switzerland,1902.316439,,,506511.393,7.31e-06
31/12/2024,HESTA,Balanced Growth,Listed Equity,1,Henan Shuanghui Investment & Development Co Ltd,,CNE000000XM3,China,10404.79053,,,59767.31972,8.6e-07
31/12/2024,HESTA,Balanced Growth,Listed Equity,1,Henderson Land Development Co Ltd,,HK0012000102,Hong Kong,86868.4015,,,426256.8523,6.15e-06
31/12/2024,HESTA,Balanced Growth,Listed Equity,1,Hengan International Group Co Ltd,,KYG4402L1510,Hong Kong,1059650.921,,,4946257.343,7.137e-05
31/12/2024,HESTA,Balanced Growth,Listed Equity,1,Hengli Petrochemical Co Ltd,,CNE0000018V0,China,25117.81465,,,85313.15331,1.23e-06
31/12/2024,HESTA,Balanced Growth,Listed Equity,1,Hengtong Optic-electric Co Ltd,,CNE000001FQ9,China,13810.73369,,,52623.00849,7.6e-07
31/12/2024,HESTA,Balanced Growth,Listed Equity,1,Henkel AG & Co KGaA,,DE0006048408,Germany,13094.07874,,,1629303.155,2.351e-05
31/12/2024,HESTA,Balanced Growth,Listed Equity,1,Henkel AG & Co KGaA,,DE0006048432,Germany,25107.06459,,,3556586.405,5.132e-05
31/12/2024,HESTA,Balanced Growth,Listed Equity,1,Henry Schein Inc,,US8064071025,United States,13799.85795,,,1542356.731,2.226e-05
31/12/2024,HESTA,Balanced Growth,Listed Equity,1,Hermes International SCA,,FR0000052292,France,5900.148862,,,22912854.57,0.00033061
31/12/2024,HESTA,Balanced Growth,Listed Equity,1,Hero MotoCorp Ltd,,INE158A01026,India,7295.975553,,,572663.8919,8.26e-06
31/12/2024,HESTA,Balanced Growth,Listed Equity,1,Hershey Co/The,,US4278661081,United States,25553.65758,,,6989440.213,0.00010085
31/12/2024,HESTA,Balanced Growth,Listed Equity,1,Hess Corp,,US42809H1077,,44252.8862,,,9506704.992,0.00013717
31/12/2024,HESTA,Balanced Growth,Listed Equity,1,Hewlett Packard Enterprise Co,,US42824C1099,United States,326325.9019,,,11252617.3,0.00016237
31/12/2024,HESTA,Balanced Growth,Listed Equity,1,Hexagon AB,,SE0015961909,Sweden,123678.8957,,,1909108.986,2.755e-05
31/12/2024,HESTA,Balanced Growth,Listed Equity,1,HF Sinclair Corp,,US4039491000,United States,58567.42195,,,3315494.054,4.784e-05
31/12/2024,HESTA,Balanced Growth,Listed Equity,1,Hikari Tsushin Inc,,JP3783420007,Japan,812.955743,,,288068.7377,4.16e-06
31/12/2024,HESTA,Balanced Growth,Listed Equity,1,Hikma Pharmaceuticals PLC,,GB00B0LCW083,United Kingdom,24003.41648,,,967670.214,1.396e-05
31/12/2024,HESTA,Balanced Growth,Listed Equity,1,Hilton Worldwide Holdings Inc,,US43300A2033,United States,18797.88658,,,7503974.229,0.00010828
31/12/2024,HESTA,Balanced Growth,Listed Equity,1,Hindalco Industries Ltd,,INE038A01020,India,79965.07925,,,908828.3115,1.311e-05
31/12/2024,HESTA,Balanced Growth,Listed Equity,1,Hindustan Aeronautics Ltd,,INE066F01020,India,11618.06523,,,915796.7393,1.321e-05
31/12/2024,HESTA,Balanced Growth,Listed Equity,1,Hindustan Petroleum Corp Ltd,,INE094A01015,India,59632.45575,,,459833.8406,6.64e-06
31/12/2024,HESTA,Balanced Growth,Listed Equity,1,Hindustan Unilever Ltd,,INE030A01027,India,47595.89344,,,2089288.131,3.015e-05
31/12/2024,HESTA,Balanced Growth,Listed Equity,1,Hisense Home Appliances Group Co Ltd,,CNE000000LC9,China,13005.98817,,,83170.05096,1.2e-06
31/12/2024,HESTA,Balanced Growth,Listed Equity,1,Hisense Home Appliances Group Co Ltd,,CNE100000353,Hong Kong,20321.85651,,,103731.9167,1.5e-06
31/12/2024,HESTA,Balanced Growth,Listed Equity,1,Hitachi Construction Machinery Co Ltd,,JP3787000003,Japan,5806.70686,,,209876.7048,3.03e-06
31/12/2024,HESTA,Balanced Growth,Listed Equity,1,Hitachi Ltd,,JP3788600009,Japan,582186.3633,,,23555341.89,0.00033989
31/12/2024,HESTA,Balanced Growth,Listed Equity,1,Hithink RoyalFlush Information Network Co Ltd,,CNE100000JG3,China,1950.898225,,,124107.553,1.79e-06
31/12/2024,HESTA,Balanced Growth,Listed Equity,1,HLA Group Corp Ltd,,CNE0000016H3,China,52999.40178,,,87954.48254,1.27e-06
31/12/2024,HESTA,Balanced Growth,Listed Equity,1,HLB Inc,,KR7028300002,South Korea,6907.017289,,,553936.3217,7.99e-06
31/12/2024,HESTA,Balanced Growth,Listed Equity,1,HMC Capital Ltd,,AU0000058943,Australia,8382409.255,,,82650555.25,0.00119258
31/12/2024,HESTA,Balanced Growth,Listed Equity,1,H & M Hennes & Mauritz AB,,SE0000106270,Sweden,166792.3104,,,3635171.22,5.245e-05
31/12/2024,HESTA,Balanced Growth,Listed Equity,1,HMM Co Ltd,,KR7011200003,South Korea,14530.94028,,,281537.5613,4.06e-06
31/12/2024,HESTA,Balanced Growth,Listed Equity,1,Holcim AG,,CH0012214059,Switzerland,24520.79954,,,3817711.564,5.509e-05
31/12/2024,HESTA,Balanced Growth,Listed Equity,1,Holmen AB,,SE0011090018,Sweden,3582.695961,,,212726.2432,3.07e-06
31/12/2024,HESTA,Balanced Growth,Listed Equity,1,Hologic Inc,,US4364401012,United States,32594.86052,,,3795144.139,5.476e-05
31/12/2024,HESTA,Balanced Growth,Listed Equity,1,Home Depot Inc/The,,US4370761029,United States,104671.058,,,65761115.81,0.00094888
31/12/2024,HESTA,Balanced Growth,Listed Equity,1,Home Product Center PCL,,TH0661010R17,Thailand,351730.6925,,,156621.5073,2.26e-06
31/12/2024,HESTA,Balanced Growth,Listed Equity,1,Honda Motor Co Ltd,,JP3854600008,Japan,518214.7514,,,8174856.155,0.00011796
31/12/2024,HESTA,Balanced Growth,Listed Equity,1,Hong Kong & China Gas Co Ltd,,HK0003000038,Hong Kong,478424.4815,,,617735.4713,8.91e-06
31/12/2024,HESTA,Balanced Growth,Listed Equity,1,Hong Kong Exchanges & Clearing Ltd,,HK0388045442,Hong Kong,122360.3952,,,7500079.942,0.00010822
31/12/2024,HESTA,Balanced Growth,Listed Equity,1,Hongkong Land Holdings Ltd,,BMG4587L1090,Singapore,175614.1248,,,1262186.63,1.821e-05
31/12/2024,HESTA,Balanced Growth,Listed Equity,1,Hong Leong Bank Bhd,,MYL5819OO007,Malaysia,38611.52737,,,286741.7043,4.14e-06
31/12/2024,HESTA,Balanced Growth,Listed Equity,1,Hon Hai Precision Industry Co Ltd,,TW0002317005,Taiwan,1471494.689,,,13338652.41,0.00019247
31/12/2024,HESTA,Balanced Growth,Listed Equity,1,Horizon Robotics Inc,,KYG4602S1057,Hong Kong,4542995.799,,,3400496.864,4.907e-05
31/12/2024,HESTA,Balanced Growth,Listed Equity,1,Hormel Foods Corp,,US4404521001,United States,20315.69345,,,1029319.714,1.485e-05
31/12/2024,HESTA,Balanced Growth,Listed Equity,1,Hoshizaki Corp,,JP3845770001,Japan,9783.103315,,,629782.1642,9.09e-06
31/12/2024,HESTA,Balanced Growth,Listed Equity,1,Hotai Motor Co Ltd,,TW0002207008,Taiwan,18311.72941,,,558412.9,8.06e-06
31/12/2024,HESTA,Balanced Growth,Listed Equity,1,Howmet Aerospace Inc,,US4432011082,United States,67619.40943,,,11944657.7,0.00017235
31/12/2024,HESTA,Balanced Growth,Listed Equity,1,Hoya Corp,,JP3837800006,Japan,31103.27168,,,6333767.531,9.139e-05
31/12/2024,HESTA,Balanced Growth,Listed Equity,1,HP Inc,,US40434L1052,United States,294503.7244,,,15520724.42,0.00022395
31/12/2024,HESTA,Balanced Growth,Listed Equity,1,HSBC Holdings PLC,,GB0005405286,United Kingdom,3379295.825,,,53679544.56,0.00077455
31/12/2024,HESTA,Balanced Growth,Listed Equity,1,Huadong Medicine Co Ltd,,CNE0000011S1,China,6259.131806,,,47919.90498,6.9e-07
31/12/2024,HESTA,Balanced Growth,Listed Equity,1,Huafon Chemical Co Ltd,,CNE000001NK6,China,8697.754587,,,15742.95206,2.3e-07
31/12/2024,HESTA,Balanced Growth,Listed Equity,1,Hua Hong Semiconductor Ltd,,HK0000218211,Germany,34953.5932,,,157342.9414,2.27e-06
31/12/2024,HESTA,Balanced Growth,Listed Equity,1,Hualan Biological Engineering Inc,,CNE000001JN8,China,12030.53906,,,44854.98696,6.5e-07
31/12/2024,HESTA,Balanced Growth,Listed Equity,1,Hua Nan Financial Holdings Co Ltd,,TW0002880002,Taiwan,750862.8865,,,967314.6502,1.396e-05
31/12/2024,HESTA,Balanced Growth,Listed Equity,1,Huaneng Lancang River Hydropower Inc,,CNE100002T71,China,26743.56317,,,56276.30115,8.1e-07
31/12/2024,HESTA,Balanced Growth,Listed Equity,1,Huaneng Power International Inc,,CNE1000006Z4,Hong Kong,251991.0207,,,224246.8663,3.24e-06
31/12/2024,HESTA,Balanced Growth,Listed Equity,1,Huaneng Power International Inc,,CNE000001998,China,56876.81201,,,85201.97649,1.23e-06
31/12/2024,HESTA,Balanced Growth,Listed Equity,1,Huatai Securities Co Ltd,,CNE100000LQ8,China,24516.2877,,,95421.51298,1.38e-06
31/12/2024,HESTA,Balanced Growth,Listed Equity,1,Huatai Securities Co Ltd,,CNE100001YQ9,Hong Kong,76572.75534,,,208884.2256,3.01e-06
31/12/2024,HESTA,Balanced Growth,Listed Equity,1,Huaxia Bank Co Ltd,,CNE000001FW7,China,47309.28196,,,83850.30479,1.21e-06
31/12/2024,HESTA,Balanced Growth,Listed Equity,1,Huayu Automotive Systems Co Ltd,,CNE000000M15,China,1089763.815,,,4246366.669,6.127e-05
31/12/2024,HESTA,Balanced Growth,Listed Equity,1,HUB24 Ltd,,AU000000HUB4,Australia,1136472.759,,,79098504.06,0.00114133
31/12/2024,HESTA,Balanced Growth,Listed Equity,1,Hubbell Inc,,US4435106079,United States,8795.087289,,,5950374.093,8.586e-05
31/12/2024,HESTA,Balanced Growth,Listed Equity,1,HubSpot Inc,,US4435731009,United States,6476.072332,,,7287947.858,0.00010516
31/12/2024,HESTA,Balanced Growth,Listed Equity,1,Huizhou Desay Sv Automotive Co Ltd,,CNE1000033C7,China,2288.241043,,,55751.20876,8e-07
31/12/2024,HESTA,Balanced Growth,Listed Equity,1,Hulic Co Ltd,,JP3360800001,Japan,18697.9821,,,263255.3936,3.8e-06
31/12/2024,HESTA,Balanced Growth,Listed Equity,1,Humana Inc,,US4448591028,United States,32189.91979,,,13190510.46,0.00019033
31/12/2024,HESTA,Balanced Growth,Listed Equity,1,Humanwell Healthcare Group Co Ltd,,CNE000000QW6,China,9429.341421,,,48781.10461,7e-07
31/12/2024,HESTA,Balanced Growth,Listed Equity,1,Hunan Valin Steel Co Ltd,,CNE000001006,China,43813.92264,,,40524.17174,5.8e-07
31/12/2024,HESTA,Balanced Growth,Listed Equity,1,Hundsun Technologies Inc,,CNE000001GD5,China,9630.934238,,,59648.16048,8.6e-07
31/12/2024,HESTA,Balanced Growth,Listed Equity,1,Huntington Bancshares Inc/OH,,US4461501045,United States,43325.75376,,,1138512.501,1.643e-05
31/12/2024,HESTA,Balanced Growth,Listed Equity,1,H World Group Ltd,,US44332N1063,United States,14911.50463,,,795488.9738,1.148e-05
31/12/2024,HESTA,Balanced Growth,Listed Equity,1,Hyatt Hotels Corp,,US4485791028,United States,2752.670919,,,697915.3392,1.007e-05
31/12/2024,HESTA,Balanced Growth,Listed Equity,1,HYBE Co Ltd,,KR7352820005,South Korea,1455.044926,,,308734.2369,4.45e-06
31/12/2024,HESTA,Balanced Growth,Listed Equity,1,Hydro One Ltd,,CA4488112083,Canada,97342.20444,,,4839442.208,6.983e-05
31/12/2024,HESTA,Balanced Growth,Listed Equity,1,Hygon Information Technology Co Ltd,,CNE100005PT2,China,9228.561479,,,305874.0168,4.41e-06
31/12/2024,HESTA,Balanced Growth,Listed Equity,1,Hypera SA,,BRHYPEACNOR0,Brazil,19790.23675,,,93595.76488,1.35e-06
31/12/2024,HESTA,Balanced Growth,Listed Equity,1,Hyundai Glovis Co Ltd,,KR7086280005,South Korea,2228.901222,,,288796.9756,4.17e-06
31/12/2024,HESTA,Balanced Growth,Listed Equity,1,Hyundai Mobis Co Ltd,,KR7012330007,South Korea,30293.25731,,,7860117.589,0.00011342
31/12/2024,HESTA,Balanced Growth,Listed Equity,1,Hyundai Motor Co,,KR7005380001,South Korea,109456.9651,,,25458404.83,0.00036735
31/12/2024,HESTA,Balanced Growth,Listed Equity,1,Hyundai Motor Co,,KR7005381009,South Korea,1361.564386,,,227952.6462,3.29e-06
31/12/2024,HESTA,Balanced Growth,Listed Equity,1,Hyundai Motor Co,,KR7005382007,South Korea,2146.800922,,,367424.6526,5.3e-06
31/12/2024,HESTA,Balanced Growth,Listed Equity,1,Hyundai Rotem Co Ltd,,KR7064350002,South Korea,4397.649749,,,239788.827,3.46e-06
31/12/2024,HESTA,Balanced Growth,Listed Equity,1,iA Financial Corp Inc,,CA45075E1043,Canada,27793.79697,,,4161288.194,6.004e-05
31/12/2024,HESTA,Balanced Growth,Listed Equity,1,Iberdrola SA,,ES0144580Y14,Spain,1083425.92,,,24099324.89,0.00034773
31/12/2024,HESTA,Balanced Growth,Listed Equity,1,ICICI Bank Ltd,,INE090A01021,India,1158511.25,,,28011099.94,0.00040418
31/12/2024,HESTA,Balanced Growth,Listed Equity,1,ICICI Lombard General Insurance Co Ltd,,INE765G01017,India,14301.70974,,,482342.15,6.96e-06
31/12/2024,HESTA,Balanced Growth,Listed Equity,1,ICICI Prudential Life Insurance Co Ltd,,INE726G01019,India,21372.90293,,,264037.6222,3.81e-06
31/12/2024,HESTA,Balanced Growth,Listed Equity,1,ICL Group Ltd,,IL0002810146,United States,38620.07354,,,308143.3886,4.45e-06
31/12/2024,HESTA,Balanced Growth,Listed Equity,1,Idemitsu Kosan Co Ltd,,JP3142500002,Japan,58804.65547,,,625783.0266,9.03e-06
31/12/2024,HESTA,Balanced Growth,Listed Equity,1,IDEX Corp,,US45167R1041,United States,6424.867012,,,2171784.578,3.134e-05
31/12/2024,HESTA,Balanced Growth,Listed Equity,1,IDEXX Laboratories Inc,,US45168D1046,United States,29295.03921,,,19561884.87,0.00028226
31/12/2024,HESTA,Balanced Growth,Listed Equity,1,IDFC First Bank Ltd,,INE092T01019,India,217169.1132,,,258680.1468,3.73e-06
31/12/2024,HESTA,Balanced Growth,Listed Equity,1,IDP Education Ltd,,AU000000IEL5,Australia,3173048.493,,,40075602.47,0.00057826
31/12/2024,HESTA,Balanced Growth,Listed Equity,1,IEIT Systems Co Ltd,,CNE0000012M2,China,5202.395267,,,59721.27039,8.6e-07
31/12/2024,HESTA,Balanced Growth,Listed Equity,1,Iflytek Co Ltd,,CNE100000B81,China,8307.574942,,,88823.30694,1.28e-06
31/12/2024,HESTA,Balanced Growth,Listed Equity,1,IGM Financial Inc,,CA4495861060,Canada,46155.11187,,,2379642.454,3.434e-05
31/12/2024,HESTA,Balanced Growth,Listed Equity,1,IGO Ltd,,AU000000IGO4,Australia,4320806.685,,,20610247.89,0.00029739
31/12/2024,HESTA,Balanced Growth,Listed Equity,1,IHH Healthcare Bhd,,MYL5225OO007,Malaysia,130872.7559,,,345082.454,4.98e-06
31/12/2024,HESTA,Balanced Growth,Listed Equity,1,Illinois Tool Works Inc,,US4523081093,United States,58104.4658,,,23795475.01,0.00034335
31/12/2024,HESTA,Balanced Growth,Listed Equity,1,Illumina Inc,,US4523271090,United States,51917.72652,,,11205306.95,0.00016168
31/12/2024,HESTA,Balanced Growth,Listed Equity,1,Iluka Resources Ltd,,AU000000ILU1,Australia,7039781.38,,,35550895.97,0.00051297
31/12/2024,HESTA,Balanced Growth,Listed Equity,1,IMCD NV,,NL0010801007,Netherlands,4612.600571,,,1107010.558,1.597e-05
31/12/2024,HESTA,Balanced Growth,Listed Equity,1,Imdex Ltd,,AU000000IMD5,Australia,1244851.348,,,2888055.127,4.167e-05
31/12/2024,HESTA,Balanced Growth,Listed Equity,1,Imeik Technology Development Co Ltd,,CNE100004868,China,1024.221568,,,41360.18853,6e-07
31/12/2024,HESTA,Balanced Growth,Listed Equity,1,Immutep Ltd,,AU000000IMM6,Australia,32510296.07,,,11866258.07,0.00017122
31/12/2024,HESTA,Balanced Growth,Listed Equity,1,Impala Platinum Holdings Ltd,,ZAE000083648,South Africa,47997.4439,,,360493.4084,5.2e-06
31/12/2024,HESTA,Balanced Growth,Listed Equity,1,Imperial Oil Ltd,,CA4530384086,Canada,8506.585542,,,846300.4711,1.221e-05
31/12/2024,HESTA,Balanced Growth,Listed Equity,1,Imugene Ltd,,AU000000IMU9,Australia,288675.4326,,,10680.99105,1.5e-07
31/12/2024,HESTA,Balanced Growth,Listed Equity,1,Inari Amertron Bhd,,MYQ0166OO007,Malaysia,155258.9837,,,171604.6008,2.48e-06
31/12/2024,HESTA,Balanced Growth,Listed Equity,1,Incitec Pivot Ltd,,AU000000IPL1,Australia,19372037.28,,,56760069.23,0.000819
31/12/2024,HESTA,Balanced Growth,Listed Equity,1,Incyte Corp,,US45337C1027,United States,91875.65813,,,10249296.15,0.00014789
31/12/2024,HESTA,Balanced Growth,Listed Equity,1,Indah Kiat Pulp & Paper Tbk PT,,ID1000062201,Indonesia,162574.8521,,,110936.7139,1.6e-06
31/12/2024,HESTA,Balanced Growth,Listed Equity,1,Indian Hotels Co Ltd/The,,INE053A01029,India,50646.1308,,,838452.7797,1.21e-05
31/12/2024,HESTA,Balanced Growth,Listed Equity,1,Indian Oil Corp Ltd,,INE242A01010,India,167837.4001,,,431912.1462,6.23e-06
31/12/2024,HESTA,Balanced Growth,Listed Equity,1,Indian Railway Catering & Tourism Corp Ltd,,INE335Y01020,India,14262.69177,,,211729.57,3.06e-06
31/12/2024,HESTA,Balanced Growth,Listed Equity,1,Indofood CBP Sukses Makmur Tbk PT,,ID1000116700,Indonesia,138595.0614,,,158202.0763,2.28e-06
31/12/2024,HESTA,Balanced Growth,Listed Equity,1,Indofood Sukses Makmur Tbk PT,,ID1000057003,Indonesia,260932.6376,,,201619.3163,2.91e-06
31/12/2024,HESTA,Balanced Growth,Listed Equity,1,IndusInd Bank Ltd,,INE095A01012,India,16673.67683,,,302016.6846,4.36e-06
31/12/2024,HESTA,Balanced Growth,Listed Equity,1,Indus Towers Ltd,,INE121J01017,India,1633018.297,,,10529883.71,0.00015194
31/12/2024,HESTA,Balanced Growth,Listed Equity,1,Industria de Diseno Textil SA,,ES0148396007,Spain,195673.4075,,,16244920.67,0.0002344
31/12/2024,HESTA,Balanced Growth,Listed Equity,1,Industrial Bank Co Ltd,,CNE000001QZ7,China,72215.7493,,,306163.3351,4.42e-06
31/12/2024,HESTA,Balanced Growth,Listed Equity,1,Industrial Bank of Korea,,KR7024110009,South Korea,253617.3578,,,3987283.258,5.753e-05
31/12/2024,HESTA,Balanced Growth,Listed Equity,1,Industrial & Commercial Bank of China Ltd,,CNE000001P37,China,224276.0728,,,343411.4691,4.96e-06
31/12/2024,HESTA,Balanced Growth,Listed Equity,1,Industrial & Commercial Bank of China Ltd,,CNE1000003G1,Hong Kong,6661418.727,,,7216090.97,0.00010412
31/12/2024,HESTA,Balanced Growth,Listed Equity,1,Industrial Securities Co Ltd,,CNE100000V95,China,30767.29076,,,42617.63185,6.1e-07
31/12/2024,HESTA,Balanced Growth,Listed Equity,1,Industrias Penoles SAB de CV,,MXP554091415,Mexico,11810.25013,,,244207.6196,3.52e-06
31/12/2024,HESTA,Balanced Growth,Listed Equity,1,Industrie De Nora SpA,,IT0005186371,Italy,65031.1945,,,823325.6104,1.188e-05
31/12/2024,HESTA,Balanced Growth,Listed Equity,1,Industries Qatar QSC,,QA000A0KD6K3,Qatar,89883.57135,,,529096.0519,7.63e-06
31/12/2024,HESTA,Balanced Growth,Listed Equity,1,Industrivarden AB,,SE0000190126,Sweden,11379.75875,,,581202.0819,8.39e-06
31/12/2024,HESTA,Balanced Growth,Listed Equity,1,Industrivarden AB,,SE0000107203,Sweden,11480.56101,,,585846.9392,8.45e-06
31/12/2024,HESTA,Balanced Growth,Listed Equity,1,Indutrade AB,,SE0001515552,Sweden,19362.29241,,,783984.9869,1.131e-05
31/12/2024,HESTA,Balanced Growth,Listed Equity,1,Infineon Technologies AG,,DE0006231004,Germany,300755.9942,,,15794211.66,0.0002279
31/12/2024,HESTA,Balanced Growth,Listed Equity,1,Info Edge India Ltd,,INE663F01024,India,4213.940166,,,689812.3076,9.95e-06
31/12/2024,HESTA,Balanced Growth,Listed Equity,1,Infomedia Ltd,,AU000000IFM0,Australia,791071.8411,,,1218250.635,1.758e-05
31/12/2024,HESTA,Balanced Growth,Listed Equity,1,Informa PLC,,GB00BMJ6DW54,United Kingdom,211898.7749,,,3422125.926,4.938e-05
31/12/2024,HESTA,Balanced Growth,Listed Equity,1,Infosys Ltd,,INE009A01021,India,193757.1715,,,6871888.449,9.916e-05
31/12/2024,HESTA,Balanced Growth,Listed Equity,1,Infrastrutture Wireless Italiane SpA,,IT0005090300,Italy,9438.310454,,,154931.0885,2.24e-06
31/12/2024,HESTA,Balanced Growth,Listed Equity,1,Infratil Ltd,,NZIFTE0003S3,New Zealand,3834199.151,,,44354556.34,0.00064
31/12/2024,HESTA,Balanced Growth,Listed Equity,1,Ingenic Semiconductor Co Ltd,,CNE100001377,China,3739.221598,,,56427.56892,8.1e-07
31/12/2024,HESTA,Balanced Growth,Listed Equity,1,Ingersoll Rand Inc,,US45687V1061,United States,39649.01437,,,5792860.922,8.359e-05
31/12/2024,HESTA,Balanced Growth,Listed Equity,1,ING Groep NV,,NL0011821202,Netherlands,3389975.873,,,85780692.8,0.00123775
31/12/2024,HESTA,Balanced Growth,Listed Equity,1,Inghams Group Ltd,,AU000000ING6,Australia,686669.3501,,,2183608.533,3.151e-05
31/12/2024,HESTA,Balanced Growth,Listed Equity,1,Inner Mongolia BaoTou Steel Union Co Ltd,,CNE0000017H1,China,105084.32,,,43249.05632,6.2e-07
31/12/2024,HESTA,Balanced Growth,Listed Equity,1,Inner Mongolia Junzheng Energy & Chemical Industry Group Co Ltd,,CNE1000010F8,China,64460.92886,,,75025.35164,1.08e-06
31/12/2024,HESTA,Balanced Growth,Listed Equity,1,Inner Mongolia Yili Industrial Group Co Ltd,,CNE000000JP5,China,22780.80115,,,152129.6942,2.2e-06
31/12/2024,HESTA,Balanced Growth,Listed Equity,1,Innolux Corp,,TW0003481008,Taiwan,451215.9346,,,318986.1014,4.6e-06
31/12/2024,HESTA,Balanced Growth,Listed Equity,1,Innovent Biologics Inc,,KYG4818G1010,Hong Kong,68628.6487,,,522256.7696,7.54e-06
31/12/2024,HESTA,Balanced Growth,Listed Equity,1,Inpex Corp,,JP3294460005,Japan,73915.63555,,,1496837.738,2.16e-05
31/12/2024,HESTA,Balanced Growth,Listed Equity,1,InPost SA,,LU2290522684,Netherlands,9509.956843,,,262590.8746,3.79e-06
31/12/2024,HESTA,Balanced Growth,Listed Equity,1,Insignia Financial Ltd,,AU000000IFL2,Australia,2570934.168,,,9126816.297,0.00013169
31/12/2024,HESTA,Balanced Growth,Listed Equity,1,Insulet Corp,,US45784P1012,United States,8312.124189,,,3504879.696,5.057e-05
31/12/2024,HESTA,Balanced Growth,Listed Equity,1,Insurance Australia Group Ltd,,AU000000IAG3,Australia,16484204.14,,,139456367.0,0.00201225
31/12/2024,HESTA,Balanced Growth,Listed Equity,1,Intact Financial Corp,,CA45823T1066,Canada,25202.44608,,,7407656.036,0.00010689
31/12/2024,HESTA,Balanced Growth,Listed Equity,1,Integral Diagnostics Ltd,,AU000000IDX2,Australia,3610878.785,,,10507657.26,0.00015162
31/12/2024,HESTA,Balanced Growth,Listed Equity,1,Intel Corp,,US4581401001,United States,406989.9467,,,13179598.53,0.00019017
31/12/2024,HESTA,Balanced Growth,Listed Equity,1,Intelligent Monitoring Group Ltd,,AU0000199713,Australia,1610407.205,,,901828.0349,1.301e-05
31/12/2024,HESTA,Balanced Growth,Listed Equity,1,Inter & Co Inc,,KYG4R20B1074,United States,14062.72471,,,95848.66215,1.38e-06
31/12/2024,HESTA,Balanced Growth,Listed Equity,1,Interconexion Electrica SA ESP,,COE15PA00026,,29775.74437,,,182298.8511,2.63e-06
31/12/2024,HESTA,Balanced Growth,Listed Equity,1,Intercontinental Exchange Inc,,US45866F1049,United States,62936.40037,,,15146819.06,0.00021856
31/12/2024,HESTA,Balanced Growth,Listed Equity,1,InterContinental Hotels Group PLC,,GB00BHJYC057,United Kingdom,8509.009252,,,1713261.463,2.472e-05
31/12/2024,HESTA,Balanced Growth,Listed Equity,1,InterGlobe Aviation Ltd,,INE646L01027,India,11084.41096,,,952335.4508,1.374e-05
31/12/2024,HESTA,Balanced Growth,Listed Equity,1,International Business Machines Corp,,US4592001014,United States,136521.2558,,,48472046.62,0.00069941
31/12/2024,HESTA,Balanced Growth,Listed Equity,1,International Container Terminal Services Inc,,PHY411571011,,60380.30007,,,650759.8204,9.39e-06
31/12/2024,HESTA,Balanced Growth,Listed Equity,1,International Flavors & Fragrances Inc,,US4595061015,United States,53640.17033,,,7325004.281,0.00010569
31/12/2024,HESTA,Balanced Growth,Listed Equity,1,International Games System Co Ltd,,TW0003293007,Taiwan,13818.86243,,,663081.1489,9.57e-06
31/12/2024,HESTA,Balanced Growth,Listed Equity,1,International Paper Co,,US4601461035,United States,23221.51545,,,2018544.716,2.913e-05
31/12/2024,HESTA,Balanced Growth,Listed Equity,1,Interpublic Group of Cos Inc/The,,US4606901001,United States,160570.8783,,,7266730.208,0.00010485
31/12/2024,HESTA,Balanced Growth,Listed Equity,1,Intertek Group PLC,,GB0031638363,United Kingdom,8656.669169,,,827895.0841,1.195e-05
31/12/2024,HESTA,Balanced Growth,Listed Equity,1,Intesa Sanpaolo SpA,,IT0000072618,Italy,3136362.933,,,20263060.22,0.00029238
31/12/2024,HESTA,Balanced Growth,Listed Equity,1,Intouch Holdings PCL,,TH0201010R12,,57185.70422,,,262768.0101,3.79e-06
31/12/2024,HESTA,Balanced Growth,Listed Equity,1,Intuit Inc,,US4612021034,United States,41382.34893,,,42007278.21,0.00060613
31/12/2024,HESTA,Balanced Growth,Listed Equity,1,Intuitive Surgical Inc,,US46120E6023,United States,99453.10593,,,83841626.7,0.00120977
31/12/2024,HESTA,Balanced Growth,Listed Equity,1,Inventec Corp,,TW0002356003,Taiwan,160136.2293,,,395241.6975,5.7e-06
31/12/2024,HESTA,Balanced Growth,Listed Equity,1,Investment AB Latour,,SE0010100958,Sweden,3409.536388,,,137504.9197,1.98e-06
31/12/2024,HESTA,Balanced Growth,Listed Equity,1,Investor AB,,SE0015811963,Sweden,107222.4578,,,4587538.11,6.619e-05
31/12/2024,HESTA,Balanced Growth,Listed Equity,1,IOI Corp Bhd,,MYL1961OO001,Malaysia,149406.2891,,,209387.8012,3.02e-06
31/12/2024,HESTA,Balanced Growth,Listed Equity,1,ioneer Ltd,,AU0000028946,Australia,20079.60875,,,3212.737399,5e-08
31/12/2024,HESTA,Balanced Growth,Listed Equity,1,IPD Group Ltd/Australia,,AU0000189318,Australia,1112800.566,,,4306538.19,6.214e-05
31/12/2024,HESTA,Balanced Growth,Listed Equity,1,IperionX Ltd,,AU0000208910,Australia,3837.542376,,,21106.48307,3e-07
31/12/2024,HESTA,Balanced Growth,Listed Equity,1,IPH Ltd,,AU000000IPH9,Australia,1033807.041,,,5200049.419,7.503e-05
31/12/2024,HESTA,Balanced Growth,Listed Equity,1,Ipsen SA,,FR0010259150,France,15414.85017,,,2853914.404,4.118e-05
31/12/2024,HESTA,Balanced Growth,Listed Equity,1,IQVIA Holdings Inc,,US46266C1053,United States,22885.23735,,,7263470.881,0.00010481
31/12/2024,HESTA,Balanced Growth,Listed Equity,1,IRESS Ltd,,AU000000IRE2,Australia,737400.3013,,,6865196.805,9.906e-05
31/12/2024,HESTA,Balanced Growth,Listed Equity,1,iShares MSCI Saudi Arabia Capped UCITS ETF,,IE00BYYR0489,United Kingdom,2839139.748,,,29269529.22,0.00042234
31/12/2024,HESTA,Balanced Growth,Listed Equity,1,iShares MSCI Saudi Arabia ETF,,US46434V4234,United States,225218.0011,,,14855694.36,0.00021436
31/12/2024,HESTA,Balanced Growth,Listed Equity,1,Israel Discount Bank Ltd,,IL0006912120,Israel,176475.7492,,,1949397.167,2.813e-05
31/12/2024,HESTA,Balanced Growth,Listed Equity,1,Isuzu Motors Ltd,,JP3137200006,Japan,41455.84019,,,919601.6519,1.327e-05
31/12/2024,HESTA,Balanced Growth,Listed Equity,1,Itausa SA,,BRITSAACNPR7,Brazil,1642244.708,,,3791099.692,5.47e-05
31/12/2024,HESTA,Balanced Growth,Listed Equity,1,Itau Unibanco Holding SA,,BRITUBACNPR1,Brazil,279545.7317,,,2245856.775,3.241e-05
31/12/2024,HESTA,Balanced Growth,Listed Equity,1,ITOCHU Corp,,JP3143600009,Japan,94083.15409,,,7572626.13,0.00010927
31/12/2024,HESTA,Balanced Growth,Listed Equity,1,Ivanhoe Mines Ltd,,CA46579R1047,Canada,36473.0949,,,698773.2255,1.008e-05
31/12/2024,HESTA,Balanced Growth,Listed Equity,1,Jabil Inc,,US4663131039,United States,11051.31835,,,2568496.667,3.706e-05
31/12/2024,HESTA,Balanced Growth,Listed Equity,1,Jack Henry & Associates Inc,,US4262811015,United States,10468.42087,,,2963925.018,4.277e-05
31/12/2024,HESTA,Balanced Growth,Listed Equity,1,Jacobs Solutions Inc,,US46982L1089,United States,13244.63127,,,2858350.365,4.124e-05
31/12/2024,HESTA,Balanced Growth,Listed Equity,1,James Hardie Industries PLC,,AU000000JHX1,Australia,3771811.202,,,188854586.9,0.00272503
31/12/2024,HESTA,Balanced Growth,Listed Equity,1,Japan Airlines Co Ltd,,JP3705200008,Japan,7992.980869,,,204741.5138,2.95e-06
31/12/2024,HESTA,Balanced Growth,Listed Equity,1,Japan Exchange Group Inc,,JP3183200009,Japan,65481.45628,,,1191114.642,1.719e-05
31/12/2024,HESTA,Balanced Growth,Listed Equity,1,Japan Post Bank Co Ltd,,JP3946750001,Japan,84349.2651,,,1295505.294,1.869e-05
31/12/2024,HESTA,Balanced Growth,Listed Equity,1,Japan Post Holdings Co Ltd,,JP3752900005,Japan,158555.5545,,,2428708.59,3.504e-05
31/12/2024,HESTA,Balanced Growth,Listed Equity,1,Japan Post Insurance Co Ltd,,JP3233250004,Japan,11418.3532,,,341122.5811,4.92e-06
31/12/2024,HESTA,Balanced Growth,Listed Equity,1,Jardine Matheson Holdings Ltd,,BMG507361001,Singapore,17675.35498,,,1169602.354,1.688e-05
31/12/2024,HESTA,Balanced Growth,Listed Equity,1,JA Solar Technology Co Ltd,,CNE100000SD1,China,9776.438731,,,29744.67055,4.3e-07
31/12/2024,HESTA,Balanced Growth,Listed Equity,1,Jazz Pharmaceuticals PLC,,IE00B4Q5ZN47,United States,20660.58521,,,4109425.939,5.93e-05
31/12/2024,HESTA,Balanced Growth,Listed Equity,1,JB Hi-Fi Ltd,,AU000000JBH7,Australia,886067.8148,,,82120765.08,0.00118494
31/12/2024,HESTA,Balanced Growth,Listed Equity,1,JB Hunt Transport Services Inc,,US4456581077,United States,7221.242486,,,1990434.045,2.872e-05
31/12/2024,HESTA,Balanced Growth,Listed Equity,1,JBS S/A,,BRJBSSACNOR8,,46135.49153,,,437832.911,6.32e-06
31/12/2024,HESTA,Balanced Growth,Listed Equity,1,JCET Group Co Ltd,,CNE000001F05,China,9348.053995,,,84517.24373,1.22e-06
31/12/2024,HESTA,Balanced Growth,Listed Equity,1,JD.com Inc,,KYG8208B1014,Hong Kong,187750.6694,,,5309063.81,7.661e-05
31/12/2024,HESTA,Balanced Growth,Listed Equity,1,JD.com Inc,,US47215P1066,United States,418582.4468,,,23438994.47,0.00033821
31/12/2024,HESTA,Balanced Growth,Listed Equity,1,JDE Peet's NV,,NL0014332678,Germany,4504.078814,,,124518.2025,1.8e-06
31/12/2024,HESTA,Balanced Growth,Listed Equity,1,JD Health International Inc,,KYG5074A1004,Hong Kong,66512.7251,,,388605.1955,5.61e-06
31/12/2024,HESTA,Balanced Growth,Listed Equity,1,JD Logistics Inc,,KYG5074S1012,Germany,1484402.595,,,3950565.05,5.7e-05
31/12/2024,HESTA,Balanced Growth,Listed Equity,1,JD Sports Fashion PLC,,GB00BM8Q5M07,United Kingdom,147239.284,,,285620.4657,4.12e-06
31/12/2024,HESTA,Balanced Growth,Listed Equity,1,Jentech Precision Industrial Co Ltd,,TW0003653002,Taiwan,4877.245563,,,366420.6147,5.29e-06
31/12/2024,HESTA,Balanced Growth,Listed Equity,1,Jeronimo Martins SGPS SA,,PTJMT0AE0001,Portugal,113083.8908,,,3489402.976,5.035e-05
31/12/2024,HESTA,Balanced Growth,Listed Equity,1,JFE Holdings Inc,,JP3386030005,Japan,19194.73478,,,351028.2539,5.07e-06
31/12/2024,HESTA,Balanced Growth,Listed Equity,1,JG Summit Holdings Inc,,PHY444251177,,156427.8969,,,89756.14518,1.3e-06
31/12/2024,HESTA,Balanced Growth,Listed Equity,1,Jiangsu Eastern Shenghong Co Ltd,,CNE0000012K6,China,33409.13211,,,60692.37063,8.8e-07
31/12/2024,HESTA,Balanced Growth,Listed Equity,1,Jiangsu Expressway Co Ltd,,CNE1000003J5,Hong Kong,60152.69527,,,107309.9291,1.55e-06
31/12/2024,HESTA,Balanced Growth,Listed Equity,1,Jiangsu Hengli Hydraulic Co Ltd,,CNE1000019R4,China,4795.958137,,,56000.02957,8.1e-07
31/12/2024,HESTA,Balanced Growth,Listed Equity,1,Jiangsu Hengrui Pharmaceuticals Co Ltd,,CNE0000014W7,China,22711.70684,,,230668.4591,3.33e-06
31/12/2024,HESTA,Balanced Growth,Listed Equity,1,Jiangsu King's Luck Brewery JSC Ltd,,CNE100001TH8,China,4470.808433,,,44744.37103,6.5e-07
31/12/2024,HESTA,Balanced Growth,Listed Equity,1,Jiangsu Yanghe Distillery Co Ltd,,CNE100000HB8,China,5364.970119,,,99159.77539,1.43e-06
31/12/2024,HESTA,Balanced Growth,Listed Equity,1,Jiangsu Yuyue Medical Equipment & Supply Co Ltd,,CNE1000009X3,China,3739.221598,,,30191.23116,4.4e-07
31/12/2024,HESTA,Balanced Growth,Listed Equity,1,Jiangsu Zhongtian Technology Co Ltd,,CNE000001CW4,China,16936.23522,,,53664.3248,7.7e-07
31/12/2024,HESTA,Balanced Growth,Listed Equity,1,Jiangxi Copper Co Ltd,,CNE0000019P0,China,12111.82648,,,55315.27242,8e-07
31/12/2024,HESTA,Balanced Growth,Listed Equity,1,Jiangxi Copper Co Ltd,,CNE1000003K3,Hong Kong,65842.8151,,,170578.3795,2.46e-06
31/12/2024,HESTA,Balanced Growth,Listed Equity,1,Jindal Stainless Ltd,,INE220G01021,India,18979.80111,,,250353.4286,3.61e-06
31/12/2024,HESTA,Balanced Growth,Listed Equity,1,Jindal Steel & Power Ltd,,INE749A01030,India,21217.64395,,,372535.2175,5.38e-06
31/12/2024,HESTA,Balanced Growth,Listed Equity,1,Jinko Solar Co Ltd,,CNE100005R96,China,51707.74458,,,81348.76554,1.17e-06
31/12/2024,HESTA,Balanced Growth,Listed Equity,1,Jio Financial Services Ltd,,INE758E01017,India,165565.4991,,,932965.3834,1.346e-05
31/12/2024,HESTA,Balanced Growth,Listed Equity,1,J M Smucker Co/The,,US8326964058,United States,8215.407799,,,1461165.642,2.108e-05
31/12/2024,HESTA,Balanced Growth,Listed Equity,1,Joby Aviation Inc,,KYG651631007,United States,404193.2713,,,5307423.558,7.658e-05
31/12/2024,HESTA,Balanced Growth,Listed Equity,1,Johns Lyng Group Ltd,,AU000000JLG8,Australia,884424.033,,,3307745.883,4.773e-05
31/12/2024,HESTA,Balanced Growth,Listed Equity,1,Johnson Controls International plc,,IE00BY7QL619,United States,239315.3745,,,30508216.92,0.00044021
31/12/2024,HESTA,Balanced Growth,Listed Equity,1,Johnson & Johnson,,US4781601046,United States,466061.4367,,,108861834.7,0.00157079
31/12/2024,HESTA,Balanced Growth,Listed Equity,1,Jointown Pharmaceutical Group Co Ltd,,CNE100000W45,China,19029.38644,,,21558.59593,3.1e-07
31/12/2024,HESTA,Balanced Growth,Listed Equity,1,Jollibee Foods Corp,,PHY4466S1007,,28897.67996,,,217046.8162,3.13e-06
31/12/2024,HESTA,Balanced Growth,Listed Equity,1,Jones Lang LaSalle Inc,,US48020Q1076,United States,1326.854129,,,542485.4303,7.83e-06
31/12/2024,HESTA,Balanced Growth,Listed Equity,1,JPMorgan Chase & Co,,US46625H1005,United States,471428.9433,,,182518342.9,0.0026336
31/12/2024,HESTA,Balanced Growth,Listed Equity,1,J Sainsbury PLC,,GB00B019KW72,United Kingdom,770959.8319,,,4266727.017,6.157e-05
31/12/2024,HESTA,Balanced Growth,Listed Equity,1,JSW Energy Ltd,,INE121E01018,India,25372.24429,,,307605.3333,4.44e-06
31/12/2024,HESTA,Balanced Growth,Listed Equity,1,JSW Steel Ltd,,INE019A01038,India,35911.97195,,,610752.7748,8.81e-06
31/12/2024,HESTA,Balanced Growth,Listed Equity,1,Jubilant Foodworks Ltd,,INE797F01020,India,23484.75026,,,318149.5725,4.59e-06
31/12/2024,HESTA,Balanced Growth,Listed Equity,1,Judo Capital Holdings Ltd,,AU0000182271,Australia,7655961.189,,,13933849.36,0.00020105
31/12/2024,HESTA,Balanced Growth,Listed Equity,1,Julius Baer Group Ltd,,CH0102484968,Switzerland,18247.57147,,,1907668.875,2.753e-05
31/12/2024,HESTA,Balanced Growth,Listed Equity,1,Jumbo Interactive Ltd,,AU000000JIN0,Australia,76639.63595,,,1066823.732,1.539e-05
31/12/2024,HESTA,Balanced Growth,Listed Equity,1,JUMBO SA,,GRS282183003,Greece,6791.564446,,,290325.171,4.19e-06
31/12/2024,HESTA,Balanced Growth,Listed Equity,1,Juneyao Airlines Co Ltd,,CNE100001ZY0,China,17801.9463,,,53965.20208,7.8e-07
31/12/2024,HESTA,Balanced Growth,Listed Equity,1,Juniper Networks Inc,,US48203R1041,,35478.26472,,,2145943.658,3.096e-05
31/12/2024,HESTA,Balanced Growth,Listed Equity,1,Kajima Corp,,JP3210200006,Japan,57721.91793,,,1709015.42,2.466e-05
31/12/2024,HESTA,Balanced Growth,Listed Equity,1,KakaoBank Corp,,KR7323410001,South Korea,9916.253103,,,229008.513,3.3e-06
31/12/2024,HESTA,Balanced Growth,Listed Equity,1,Kakao Corp,,KR7035720002,South Korea,18114.5646,,,759177.2549,1.095e-05
31/12/2024,HESTA,Balanced Growth,Listed Equity,1,Kalbe Farma Tbk PT,,ID1000125107,Indonesia,1253533.397,,,171075.5009,2.47e-06
31/12/2024,HESTA,Balanced Growth,Listed Equity,1,Kalyan Jewellers India Ltd,,INE303R01014,India,23745.6829,,,343254.0072,4.95e-06
31/12/2024,HESTA,Balanced Growth,Listed Equity,1,Kansai Electric Power Co Inc/The,,JP3228600007,Japan,28083.72925,,,506083.8958,7.3e-06
31/12/2024,HESTA,Balanced Growth,Listed Equity,1,Kanzhun Ltd,,US48553T1060,Germany,15359.25915,,,342336.7111,4.94e-06
31/12/2024,HESTA,Balanced Growth,Listed Equity,1,Kao Corp,,JP3205800000,Japan,39903.98267,,,2619649.082,3.78e-05
31/12/2024,HESTA,Balanced Growth,Listed Equity,1,Karoon Energy Ltd,,AU000000KAR6,Australia,5348434.63,,,7434324.135,0.00010727
31/12/2024,HESTA,Balanced Growth,Listed Equity,1,Kasikornbank PCL,,TH0016010017,United States,2353241.364,,,17334453.57,0.00025012
31/12/2024,HESTA,Balanced Growth,Listed Equity,1,Kasikornbank PCL,,TH0016010R14,Thailand,35197.45548,,,259271.6022,3.74e-06
31/12/2024,HESTA,Balanced Growth,Listed Equity,1,Kawasaki Kisen Kaisha Ltd,,JP3223800008,Japan,17072.07061,,,395547.2834,5.71e-06
31/12/2024,HESTA,Balanced Growth,Listed Equity,1,KBC Group NV,,BE0003565737,Belgium,21751.07352,,,2711590.475,3.913e-05
31/12/2024,HESTA,Balanced Growth,Listed Equity,1,KB Financial Group Inc,,KR7105560007,South Korea,114767.6337,,,10438206.46,0.00015062
31/12/2024,HESTA,Balanced Growth,Listed Equity,1,KDDI Corp,,JP3496400007,Japan,256192.3455,,,13274890.88,0.00019155
31/12/2024,HESTA,Balanced Growth,Listed Equity,1,KE Holdings Inc,,US4824971042,United States,767639.5569,,,22837633.27,0.00032953
31/12/2024,HESTA,Balanced Growth,Listed Equity,1,Kellanova,,US4878361082,United States,19329.92468,,,2527891.464,3.648e-05
31/12/2024,HESTA,Balanced Growth,Listed Equity,1,Kelsian Group Ltd,,AU0000186678,Australia,2758152.672,,,10094838.78,0.00014566
31/12/2024,HESTA,Balanced Growth,Listed Equity,1,Kenvue Inc,,US49177J1025,United States,297062.3503,,,10243529.32,0.00014781
31/12/2024,HESTA,Balanced Growth,Listed Equity,1,Keppel Ltd,,SG1U68934629,Singapore,121359.5922,,,982779.2786,1.418e-05
31/12/2024,HESTA,Balanced Growth,Listed Equity,1,Kering SA,,FR0000121485,France,32340.69565,,,12886538.66,0.00018594
31/12/2024,HESTA,Balanced Growth,Listed Equity,1,Kerry Group PLC,,IE0004906560,Ireland,7434.742312,,,1159494.717,1.673e-05
31/12/2024,HESTA,Balanced Growth,Listed Equity,1,Kesko Oyj,,FI0009000202,,24374.02766,,,741097.2321,1.069e-05
31/12/2024,HESTA,Balanced Growth,Listed Equity,1,Keurig Dr Pepper Inc,,US49271V1008,United States,157094.9456,,,8149704.674,0.00011759
31/12/2024,HESTA,Balanced Growth,Listed Equity,1,KeyCorp,,US4932671088,United States,31257.17876,,,865296.0452,1.249e-05
31/12/2024,HESTA,Balanced Growth,Listed Equity,1,Keyence Corp,,JP3236200006,Japan,15945.36081,,,10590841.67,0.00015282
31/12/2024,HESTA,Balanced Growth,Listed Equity,1,Keyera Corp,,CA4932711001,Canada,18832.32411,,,929707.2328,1.341e-05
31/12/2024,HESTA,Balanced Growth,Listed Equity,1,Keysight Technologies Inc,,US49338L1035,United States,126675.5289,,,32864233.56,0.00047421
31/12/2024,HESTA,Balanced Growth,Listed Equity,1,KGHM Polska Miedz SA,,PLKGHM000017,Poland,8217.345899,,,369504.9117,5.33e-06
31/12/2024,HESTA,Balanced Growth,Listed Equity,1,KGI Financial Holding Co Ltd,,TW0002883006,Taiwan,956530.006,,,810517.6543,1.17e-05
31/12/2024,HESTA,Balanced Growth,Listed Equity,1,Kia Corp,,KR7000270009,South Korea,92301.84974,,,10197455.05,0.00014714
31/12/2024,HESTA,Balanced Growth,Listed Equity,1,Kikkoman Corp,,JP3240400006,Japan,39553.35489,,,716431.0831,1.034e-05
31/12/2024,HESTA,Balanced Growth,Listed Equity,1,Kimberly-Clark Corp,,US4943681035,United States,25459.8782,,,5388455.854,7.775e-05
31/12/2024,HESTA,Balanced Growth,Listed Equity,1,Kimberly-Clark de Mexico SAB de CV,,MXP606941179,Mexico,1727853.003,,,3945900.992,5.694e-05
31/12/2024,HESTA,Balanced Growth,Listed Equity,1,Kinder Morgan Inc,,US49456B1017,United States,306307.6576,,,13555406.31,0.00019559
31/12/2024,HESTA,Balanced Growth,Listed Equity,1,Kingdee International Software Group Co Ltd,,KYG525681477,Hong Kong,4879633.456,,,8654336.431,0.00012488
31/12/2024,HESTA,Balanced Growth,Listed Equity,1,Kingfisher PLC,,GB0033195214,United Kingdom,873546.9148,,,4394495.575,6.341e-05
31/12/2024,HESTA,Balanced Growth,Listed Equity,1,Kingsoft Corp Ltd,,KYG5264Y1089,Hong Kong,56738.62338,,,396973.3961,5.73e-06
31/12/2024,HESTA,Balanced Growth,Listed Equity,1,Kingspan Group PLC,,IE0004927939,Ireland,216447.6693,,,25502803.53,0.00036799
31/12/2024,HESTA,Balanced Growth,Listed Equity,1,Kinross Gold Corp,,CA4969024047,Canada,189322.7108,,,2838367.268,4.096e-05
31/12/2024,HESTA,Balanced Growth,Listed Equity,1,Kirin Holdings Co Ltd,,JP3258000003,Japan,38022.62622,,,800656.1316,1.155e-05
31/12/2024,HESTA,Balanced Growth,Listed Equity,1,KKR & Co Inc,,US48251W1045,United States,56492.4993,,,13495607.8,0.00019473
31/12/2024,HESTA,Balanced Growth,Listed Equity,1,Klabin SA,,BRKLBNCDAM18,Brazil,49762.53648,,,301826.3339,4.36e-06
31/12/2024,HESTA,Balanced Growth,Listed Equity,1,KLA Corp,,US4824801009,United States,25004.94498,,,25447978.57,0.00036719
31/12/2024,HESTA,Balanced Growth,Listed Equity,1,KMD Brands Ltd,,NZKMDE0001S3,New Zealand,4433138.244,,,1728923.915,2.495e-05
31/12/2024,HESTA,Balanced Growth,Listed Equity,1,Knight-Swift Transportation Holdings Inc,,US4990491049,United States,19187.16012,,,1643684.039,2.372e-05
31/12/2024,HESTA,Balanced Growth,Listed Equity,1,Knorr-Bremse AG,,DE000KBX1006,Germany,4542.654085,,,534475.4787,7.71e-06
31/12/2024,HESTA,Balanced Growth,Listed Equity,1,Kobe Bussan Co Ltd,,JP3291200008,Japan,6064.482741,,,214394.7657,3.09e-06
31/12/2024,HESTA,Balanced Growth,Listed Equity,1,KOC Holding AS,,TRAKCHOL91Q8,Turkey,44840.83356,,,365797.4973,5.28e-06
31/12/2024,HESTA,Balanced Growth,Listed Equity,1,Kogan.com Ltd,,AU000000KGN2,Australia,213725.7479,,,1327236.894,1.915e-05
31/12/2024,HESTA,Balanced Growth,Listed Equity,1,Komatsu Ltd,,JP3304200003,Japan,107039.0252,,,4785125.921,6.905e-05
31/12/2024,HESTA,Balanced Growth,Listed Equity,1,Komercni Banka AS,,CZ0008019106,Czechia,4461.866816,,,251508.4742,3.63e-06
31/12/2024,HESTA,Balanced Growth,Listed Equity,1,Konami Group Corp,,JP3300200007,Japan,31806.90639,,,4837768.858,6.981e-05
31/12/2024,HESTA,Balanced Growth,Listed Equity,1,Kone Oyj,,FI0009013403,Finland,38955.2464,,,3062089.129,4.418e-05
31/12/2024,HESTA,Balanced Growth,Listed Equity,1,Kongsberg Gruppen ASA,,NO0003043309,,64224.09693,,,11690551.01,0.00016869
31/12/2024,HESTA,Balanced Growth,Listed Equity,1,Koninklijke Ahold Delhaize NV,,NL0011794037,Netherlands,338069.0706,,,17804595.63,0.00025691
31/12/2024,HESTA,Balanced Growth,Listed Equity,1,Koninklijke KPN NV,,NL0000009082,Netherlands,1175996.855,,,6913301.616,9.975e-05
31/12/2024,HESTA,Balanced Growth,Listed Equity,1,Koninklijke Philips NV,,NL0000009538,Netherlands,212859.5766,,,8686344.196,0.00012534
31/12/2024,HESTA,Balanced Growth,Listed Equity,1,Korea Electric Power Corp,,KR7015760002,South Korea,15260.08849,,,335678.3686,4.84e-06
31/12/2024,HESTA,Balanced Growth,Listed Equity,1,Korea Investment Holdings Co Ltd,,KR7071050009,South Korea,2483.330866,,,194256.7158,2.8e-06
31/12/2024,HESTA,Balanced Growth,Listed Equity,1,Korean Air Lines Co Ltd,,KR7003490000,South Korea,10941.28755,,,271286.8836,3.91e-06
31/12/2024,HESTA,Balanced Growth,Listed Equity,1,Korea Zinc Co Ltd,,KR7010130003,South Korea,236.54641,,,261075.5897,3.77e-06
31/12/2024,HESTA,Balanced Growth,Listed Equity,1,Kotak Mahindra Bank Ltd,,INE237A01028,India,317142.7577,,,10685845.16,0.00015419
31/12/2024,HESTA,Balanced Growth,Listed Equity,1,Kraft Heinz Co/The,,US5007541064,United States,197372.0794,,,9789706.143,0.00014126
31/12/2024,HESTA,Balanced Growth,Listed Equity,1,Krafton Inc,,KR7259960003,South Korea,1585.917682,,,543729.1136,7.85e-06
31/12/2024,HESTA,Balanced Growth,Listed Equity,1,Kroger Co/The,,US5010441013,United States,148202.1675,,,14637103.36,0.0002112
31/12/2024,HESTA,Balanced Growth,Listed Equity,1,Krung Thai Bank PCL,,TH0150010R11,Thailand,207608.0861,,,206527.004,2.98e-06
31/12/2024,HESTA,Balanced Growth,Listed Equity,1,Krungthai Card PCL,,TH0689010R18,Thailand,52918.11436,,,125339.4152,1.81e-06
31/12/2024,HESTA,Balanced Growth,Listed Equity,1,KT Corp,,US48268K1016,Germany,51730.70487,,,1296714.106,1.871e-05
31/12/2024,HESTA,Balanced Growth,Listed Equity,1,KT Corp,,KR7030200000,South Korea,94994.08364,,,4570019.786,6.594e-05
31/12/2024,HESTA,Balanced Growth,Listed Equity,1,Kuaishou Technology,,KYG532631028,Hong Kong,1606791.842,,,13814420.6,0.00019933
31/12/2024,HESTA,Balanced Growth,Listed Equity,1,Kuala Lumpur Kepong Bhd,,MYL2445OO004,Malaysia,28531.88654,,,224666.2037,3.24e-06
31/12/2024,HESTA,Balanced Growth,Listed Equity,1,Kuang-Chi Technologies Co Ltd,,CNE1000018P0,China,9510.628847,,,100591.8729,1.45e-06
31/12/2024,HESTA,Balanced Growth,Listed Equity,1,Kubota Corp,,JP3266400005,Japan,58509.11276,,,1105776.124,1.596e-05
31/12/2024,HESTA,Balanced Growth,Listed Equity,1,Kuehne + Nagel International AG,,CH0025238863,Switzerland,12569.68968,,,4655067.258,6.717e-05
31/12/2024,HESTA,Balanced Growth,Listed Equity,1,Kumba Iron Ore Ltd,,ZAE000085346,South Africa,16009.93857,,,447066.6515,6.45e-06
31/12/2024,HESTA,Balanced Growth,Listed Equity,1,Kumho Petrochemical Co Ltd,,KR7011780004,South Korea,1045.356299,,,103906.9204,1.5e-06
31/12/2024,HESTA,Balanced Growth,Listed Equity,1,Kunlun Energy Co Ltd,,BMG5320C1082,Hong Kong,230856.29,,,403198.1596,5.82e-06
31/12/2024,HESTA,Balanced Growth,Listed Equity,1,Kunlun Tech Co Ltd,,CNE100001YF2,China,3576.646746,,,30453.47252,4.4e-07
31/12/2024,HESTA,Balanced Growth,Listed Equity,1,Kuwait Finance House KSCP,,KW0EQ0100085,Kuwait,601135.0619,,,2349315.6,3.39e-05
31/12/2024,HESTA,Balanced Growth,Listed Equity,1,Kweichow Moutai Co Ltd,,CNE0000018R8,China,37428.72556,,,12621639.15,0.00018212
31/12/2024,HESTA,Balanced Growth,Listed Equity,1,Kyocera Corp,,JP3249600002,Japan,56620.51086,,,916756.838,1.323e-05
31/12/2024,HESTA,Balanced Growth,Listed Equity,1,Kyowa Kirin Co Ltd,,JP3256000005,Japan,33883.11915,,,827180.6903,1.194e-05
31/12/2024,HESTA,Balanced Growth,Listed Equity,1,L3Harris Technologies Inc,,US5024311095,United States,38374.24557,,,13032926.37,0.00018806
31/12/2024,HESTA,Balanced Growth,Listed Equity,1,Labcorp Holdings Inc,,US5049221055,United States,7453.967176,,,2760791.002,3.984e-05
31/12/2024,HESTA,Balanced Growth,Listed Equity,1,La Francaise des Jeux SACA,,FR0013451333,France,44307.33507,,,2758074.628,3.98e-05
31/12/2024,HESTA,Balanced Growth,Listed Equity,1,Lamb Weston Holdings Inc,,US5132721045,United States,9428.519705,,,1017698.416,1.468e-05
31/12/2024,HESTA,Balanced Growth,Listed Equity,1,Lam Research Corp,,US5128073062,United States,275575.5469,,,32148625.94,0.00046388
31/12/2024,HESTA,Balanced Growth,Listed Equity,1,Largan Precision Co Ltd,,TW0003008009,Taiwan,5283.682693,,,696299.28,1.005e-05
31/12/2024,HESTA,Balanced Growth,Listed Equity,1,Larsen & Toubro Ltd,,INE018A01030,India,141.523129,,,9631.907225,1.4e-07
31/12/2024,HESTA,Balanced Growth,Listed Equity,1,Lasertec Corp,,JP3979200007,Japan,4729.032625,,,737987.6206,1.065e-05
31/12/2024,HESTA,Balanced Growth,Listed Equity,1,Las Vegas Sands Corp,,US5178341070,United States,34317.21923,,,2846696.887,4.108e-05
31/12/2024,HESTA,Balanced Growth,Listed Equity,1,Latam Airlines Group SA,,CL0000000423,Chile,10520864.91,,,234590.4148,3.38e-06
31/12/2024,HESTA,Balanced Growth,Listed Equity,1,Latin Resources Ltd,,AU000000LRS6,,29424.26042,,,4707.881667,7e-08
31/12/2024,HESTA,Balanced Growth,Listed Equity,1,LB Group Co Ltd,,CNE1000015M3,China,13005.98817,,,50851.72296,7.3e-07
31/12/2024,HESTA,Balanced Growth,Listed Equity,1,Lear Corp,,US5218652049,United States,7538.13492,,,1152970.0,1.664e-05
31/12/2024,HESTA,Balanced Growth,Listed Equity,1,Legal & General Group PLC,,GB0005603997,United Kingdom,442766.9536,,,2058127.31,2.97e-05
31/12/2024,HESTA,Balanced Growth,Listed Equity,1,Legend Biotech Corp,,US52490G1022,United States,4231.8234,,,222407.3887,3.21e-06
31/12/2024,HESTA,Balanced Growth,Listed Equity,1,LEG Immobilien SE,,DE000LEG1110,Germany,3789.717083,,,518458.6326,7.48e-06
31/12/2024,HESTA,Balanced Growth,Listed Equity,1,Legrand SA,,FR0010307819,France,98395.78782,,,15475444.84,0.0002233
31/12/2024,HESTA,Balanced Growth,Listed Equity,1,Leidos Holdings Inc,,US5253271028,United States,17511.89114,,,4074558.728,5.879e-05
31/12/2024,HESTA,Balanced Growth,Listed Equity,1,L E Lundbergforetagen AB,,SE0000108847,Sweden,2137.530026,,,156538.495,2.26e-06
31/12/2024,HESTA,Balanced Growth,Listed Equity,1,Lennar Corp,,US5260571048,United States,49173.20193,,,10830573.44,0.00015628
31/12/2024,HESTA,Balanced Growth,Listed Equity,1,Lennox International Inc,,US5261071071,United States,16019.13049,,,15764283.62,0.00022747
31/12/2024,HESTA,Balanced Growth,Listed Equity,1,Lenovo Group Ltd,,HK0992009065,Hong Kong,7805473.973,,,16359022.69,0.00023605
31/12/2024,HESTA,Balanced Growth,Listed Equity,1,Lens Technology Co Ltd,,CNE100001YW7,China,11380.23965,,,55146.91803,8e-07
31/12/2024,HESTA,Balanced Growth,Listed Equity,1,Leo Lithium Ltd,,AU0000221251,,9274.158086,,,4683.450291,7e-08
31/12/2024,HESTA,Balanced Growth,Listed Equity,1,Leonardo SpA,,IT0003856405,Italy,47918.4585,,,2078066.163,2.998e-05
31/12/2024,HESTA,Balanced Growth,Listed Equity,1,L&F Co Ltd,,KR7066970005,South Korea,1457.483549,,,129521.1249,1.87e-06
31/12/2024,HESTA,Balanced Growth,Listed Equity,1,LG Chem Ltd,,KR7051910008,South Korea,14576.3369,,,3997977.362,5.769e-05
31/12/2024,HESTA,Balanced Growth,Listed Equity,1,LG Chem Ltd,,KR7051911006,South Korea,447.893718,,,78032.84008,1.13e-06
31/12/2024,HESTA,Balanced Growth,Listed Equity,1,LG Corp,,KR7003550001,South Korea,5485.602545,,,433320.0236,6.25e-06
31/12/2024,HESTA,Balanced Growth,Listed Equity,1,LG Display Co Ltd,,KR7034220004,South Korea,18214.88643,,,182452.229,2.63e-06
31/12/2024,HESTA,Balanced Growth,Listed Equity,1,LG Electronics Inc,,KR7066570003,South Korea,20300.32894,,,1859693.933,2.683e-05
31/12/2024,HESTA,Balanced Growth,Listed Equity,1,LG Energy Solution Ltd,,KR7373220003,South Korea,2731.968359,,,1043054.099,1.505e-05
31/12/2024,HESTA,Balanced Growth,Listed Equity,1,LG H&H Co Ltd,,KR7051900009,South Korea,556.818868,,,186322.6728,2.69e-06
31/12/2024,HESTA,Balanced Growth,Listed Equity,1,LG Innotek Co Ltd,,KR7011070000,South Korea,843.763482,,,149964.2216,2.16e-06
31/12/2024,HESTA,Balanced Growth,Listed Equity,1,LG Uplus Corp,,KR7032640005,South Korea,12714.16631,,,144092.0911,2.08e-06
31/12/2024,HESTA,Balanced Growth,Listed Equity,1,Li Auto Inc,,KYG5479M1050,Hong Kong,75712.96505,,,1478987.766,2.134e-05
31/12/2024,HESTA,Balanced Growth,Listed Equity,1,Liberty Media Corp-Liberty Formula One,,US5312297550,United States,19245.49279,,,2880218.626,4.156e-05
31/12/2024,HESTA,Balanced Growth,Listed Equity,1,Lifco AB,,SE0015949201,Germany,23267.56038,,,1090399.322,1.573e-05
31/12/2024,HESTA,Balanced Growth,Listed Equity,1,Life360 Inc,,AU0000045098,Australia,1484772.121,,,33466763.6,0.0004829
31/12/2024,HESTA,Balanced Growth,Listed Equity,1,Life Healthcare Group Holdings Ltd,,ZAE000145892,South Africa,3156915.921,,,4425975.494,6.386e-05
31/12/2024,HESTA,Balanced Growth,Listed Equity,1,Lifestyle Communities Ltd,,AU000000LIC9,Australia,2304798.219,,,19729072.75,0.00028468
31/12/2024,HESTA,Balanced Growth,Listed Equity,1,Light & Wonder Inc,,AU0000278103,Australia,306447.3448,,,42032317.81,0.00060649
31/12/2024,HESTA,Balanced Growth,Listed Equity,1,Linde PLC,,IE000S9YS762,United States,69797.00596,,,47185361.04,0.00068085
31/12/2024,HESTA,Balanced Growth,Listed Equity,1,Lingyi iTech Guangdong Co,,CNE1000015L5,China,20890.86849,,,36980.45453,5.3e-07
31/12/2024,HESTA,Balanced Growth,Listed Equity,1,Li Ning Co Ltd,,KYG5496K1242,Hong Kong,3106599.468,,,10631942.94,0.00015341
31/12/2024,HESTA,Balanced Growth,Listed Equity,1,Liontown Resources Ltd,,AU000000LTR4,Australia,7520080.758,,,3948042.403,5.697e-05
31/12/2024,HESTA,Balanced Growth,Listed Equity,1,Lite-On Technology Corp,,TW0002301009,Taiwan,1087135.545,,,5328956.928,7.689e-05
31/12/2024,HESTA,Balanced Growth,Listed Equity,1,Live Nation Entertainment Inc,,US5380341090,United States,12816.81831,,,2680736.44,3.868e-05
31/12/2024,HESTA,Balanced Growth,Listed Equity,1,LKQ Corp,,US5018892084,United States,34574.98388,,,2052217.808,2.961e-05
31/12/2024,HESTA,Balanced Growth,Listed Equity,1,Lloyds Banking Group PLC,,GB0008706128,United Kingdom,27299845.17,,,30250267.9,0.00043649
31/12/2024,HESTA,Balanced Growth,Listed Equity,1,Loblaw Cos Ltd,,CA5394811015,Canada,74988.75929,,,15930633.3,0.00022987
31/12/2024,HESTA,Balanced Growth,Listed Equity,1,Localiza Rent a Car SA,,BRRENTACNOR4,Brazil,53039.39902,,,446499.6219,6.44e-06
31/12/2024,HESTA,Balanced Growth,Listed Equity,1,Loews Corp,,US5404241086,United States,25342.24381,,,3466421.108,5.002e-05
31/12/2024,HESTA,Balanced Growth,Listed Equity,1,Logitech International SA,,CH0025751329,Switzerland,61612.51536,,,8239818.126,0.00011889
31/12/2024,HESTA,Balanced Growth,Listed Equity,1,London Stock Exchange Group PLC,,GB00B0SWJX34,United Kingdom,25603.68188,,,5844548.933,8.433e-05
31/12/2024,HESTA,Balanced Growth,Listed Equity,1,Longfor Group Holdings Ltd,,KYG5635P1090,Hong Kong,113395.9593,,,235773.5696,3.4e-06
31/12/2024,HESTA,Balanced Growth,Listed Equity,1,LONGi Green Energy Technology Co Ltd,,CNE100001FR6,China,27043.51377,,,94008.05471,1.36e-06
31/12/2024,HESTA,Balanced Growth,Listed Equity,1,Lonza Group AG,,CH0013841017,Switzerland,5834.073399,,,5570965.376,8.038e-05
31/12/2024,HESTA,Balanced Growth,Listed Equity,1,L'Oreal SA,,FR0000120321,France,71985.33106,,,41156042.28,0.00059385
31/12/2024,HESTA,Balanced Growth,Listed Equity,1,Lotte Chemical Corp,,KR7011170008,South Korea,950.25001,,,62343.47269,9e-07
31/12/2024,HESTA,Balanced Growth,Listed Equity,1,Lottery Corp Ltd/The,,AU0000219529,Australia,6900632.702,,,34089125.55,0.00049188
31/12/2024,HESTA,Balanced Growth,Listed Equity,1,Lotus Bakeries NV,,BE0003604155,Belgium,14.633203,,,263822.7148,3.81e-06
31/12/2024,HESTA,Balanced Growth,Listed Equity,1,Lotus Resources Ltd,,AU0000058737,Australia,11859.38005,,,2371.876011,3e-08
31/12/2024,HESTA,Balanced Growth,Listed Equity,1,Louis Hachette Group,,FR001400TL40,France,93528.95186,,,236198.4404,3.41e-06
31/12/2024,HESTA,Balanced Growth,Listed Equity,1,Lovisa Holdings Ltd,,AU000000LOV7,Australia,449563.5269,,,13558835.97,0.00019564
31/12/2024,HESTA,Balanced Growth,Listed Equity,1,Lowe's Cos Inc,,US5486611073,United States,71424.53792,,,28470606.41,0.00041081
31/12/2024,HESTA,Balanced Growth,Listed Equity,1,LPL Financial Holdings Inc,,US50212V1008,United States,9903.818066,,,5222798.414,7.536e-05
31/12/2024,HESTA,Balanced Growth,Listed Equity,1,LPP SA,,PLLPP0000011,Poland,65.842815,,,400340.5652,5.78e-06
31/12/2024,HESTA,Balanced Growth,Listed Equity,1,LS Electric Co Ltd,,KR7010120004,South Korea,865.711087,,,152725.2872,2.2e-06
31/12/2024,HESTA,Balanced Growth,Listed Equity,1,Lululemon Athletica Inc,,US5500211090,United States,18620.6333,,,11500793.65,0.00016595
31/12/2024,HESTA,Balanced Growth,Listed Equity,1,Lundin Mining Corp,,CA5503721063,Canada,33725.39353,,,468501.8801,6.76e-06
31/12/2024,HESTA,Balanced Growth,Listed Equity,1,Lupin Ltd,,INE326A01037,India,55489.28544,,,2465980.168,3.558e-05
31/12/2024,HESTA,Balanced Growth,Listed Equity,1,Luxshare Precision Industry Co Ltd,,CNE100000TP3,China,25442.96435,,,229470.9084,3.31e-06
31/12/2024,HESTA,Balanced Growth,Listed Equity,1,Luzhou Laojiao Co Ltd,,CNE000000GF2,China,5259.296465,,,145699.3874,2.1e-06
31/12/2024,HESTA,Balanced Growth,Listed Equity,1,LVMH Moet Hennessy Louis Vuitton SE,,FR0000121014,France,35863.35913,,,38117159.92,0.00055
31/12/2024,HESTA,Balanced Growth,Listed Equity,1,Lycopodium Ltd,,AU000000LYL7,Australia,49393.9246,,,490975.6105,7.08e-06
31/12/2024,HESTA,Balanced Growth,Listed Equity,1,LY Corp,,JP3933800009,Japan,189390.1011,,,816296.004,1.178e-05
31/12/2024,HESTA,Balanced Growth,Listed Equity,1,Lynas Rare Earths Ltd,,AU000000LYC6,Australia,13080448.58,,,84107284.35,0.0012136
31/12/2024,HESTA,Balanced Growth,Listed Equity,1,LyondellBasell Industries NV,,NL0009434992,United States,24875.53152,,,2983938.83,4.306e-05
31/12/2024,HESTA,Balanced Growth,Listed Equity,1,M3 Inc,,JP3435750009,Japan,50904.4062,,,730825.6065,1.055e-05
31/12/2024,HESTA,Balanced Growth,Listed Equity,1,Maas Group Holdings Ltd,,AU0000118564,Australia,1476.250889,,,7071.24176,1e-07
31/12/2024,HESTA,Balanced Growth,Listed Equity,1,Mabanee Co KPSC,,KW0EQ0400725,Kuwait,41454.96154,,,165486.2832,2.39e-06
31/12/2024,HESTA,Balanced Growth,Listed Equity,1,MAC Copper Ltd,,AU0000319733,Australia,577067.7902,,,9931336.67,0.0001433
31/12/2024,HESTA,Balanced Growth,Listed Equity,1,Macmahon Holdings Ltd,,AU000000MAH3,Australia,6073402.743,,,2095323.95,3.023e-05
31/12/2024,HESTA,Balanced Growth,Listed Equity,1,Macquarie Group Ltd,,AU000000MQG1,Australia,2391959.415,,,530177804.4,0.00765006
31/12/2024,HESTA,Balanced Growth,Listed Equity,1,Macquarie Technology Group Ltd,,AU000000MAQ4,Australia,209.007954,,,18457.49245,2.7e-07
31/12/2024,HESTA,Balanced Growth,Listed Equity,1,Macrotech Developers Ltd,,INE670K01029,India,19961.75321,,,523222.5395,7.55e-06
31/12/2024,HESTA,Balanced Growth,Listed Equity,1,Mader Group Ltd,,AU0000056269,Australia,248601.2267,,,1496579.385,2.159e-05
31/12/2024,HESTA,Balanced Growth,Listed Equity,1,MA Financial Group Ltd,,AU0000156218,Australia,2145.435283,,,13130.06393,1.9e-07
31/12/2024,HESTA,Balanced Growth,Listed Equity,1,Magellan Financial Group Ltd,,AU0000215808,,16101.36496,,,1690.643321,2e-08
31/12/2024,HESTA,Balanced Growth,Listed Equity,1,Magellan Financial Group Ltd,,AU000000MFG4,Australia,878383.0214,,,9767619.198,0.00014094
31/12/2024,HESTA,Balanced Growth,Listed Equity,1,Magna International Inc,,CA5592224011,Canada,73144.30438,,,4935089.653,7.121e-05
31/12/2024,HESTA,Balanced Growth,Listed Equity,1,Magontec Ltd,,AU000000MGL2,Australia,634460.508,,,117375.194,1.69e-06
31/12/2024,HESTA,Balanced Growth,Listed Equity,1,Mahindra & Mahindra Ltd,,INE101A01026,India,55330.40809,,,3138861.909,4.529e-05
31/12/2024,HESTA,Balanced Growth,Listed Equity,1,Mainfreight Ltd,,NZMFTE0001S9,New Zealand,113944.7691,,,7578226.428,0.00010935
31/12/2024,HESTA,Balanced Growth,Listed Equity,1,MakeMyTrip Ltd,,MU0295S00016,United States,25135.17949,,,4558148.996,6.577e-05
31/12/2024,HESTA,Balanced Growth,Listed Equity,1,Makita Corp,,JP3862400003,Japan,56503.99277,,,2812260.677,4.058e-05
31/12/2024,HESTA,Balanced Growth,Listed Equity,1,Malayan Banking Bhd,,MYL1155OO000,Malaysia,669159.6607,,,2475030.046,3.571e-05
31/12/2024,HESTA,Balanced Growth,Listed Equity,1,Mango Excellent Media Co Ltd,,CNE100001Y83,China,5771.407249,,,34339.84062,5e-07
31/12/2024,HESTA,Balanced Growth,Listed Equity,1,Manhattan Associates Inc,,US5627501092,United States,20940.48207,,,9139878.666,0.00013188
31/12/2024,HESTA,Balanced Growth,Listed Equity,1,Manila Electric Co,,PHY5764J1483,,16745.20977,,,228164.7658,3.29e-06
31/12/2024,HESTA,Balanced Growth,Listed Equity,1,Mankind Pharma Ltd,,INE634S01028,India,5768.968627,,,313481.1624,4.52e-06
31/12/2024,HESTA,Balanced Growth,Listed Equity,1,Manulife Financial Corp,,CA56501R1064,Canada,272724.1945,,,13525002.12,0.00019516
31/12/2024,HESTA,Balanced Growth,Listed Equity,1,Marathon Petroleum Corp,,US56585A1025,United States,27053.47755,,,6095389.036,8.795e-05
31/12/2024,HESTA,Balanced Growth,Listed Equity,1,Marico Ltd,,INE196A01026,India,30738.02729,,,370831.8314,5.35e-06
31/12/2024,HESTA,Balanced Growth,Listed Equity,1,Markel Group Inc,,US5705351048,United States,1215.549425,,,3389029.933,4.89e-05
31/12/2024,HESTA,Balanced Growth,Listed Equity,1,MarketAxess Holdings Inc,,US57060D1081,United States,4947.16609,,,1806117.128,2.606e-05
31/12/2024,HESTA,Balanced Growth,Listed Equity,1,Marks & Spencer Group PLC,,GB0031274896,United Kingdom,106784.5131,,,811082.8655,1.17e-05
31/12/2024,HESTA,Balanced Growth,Listed Equity,1,Marriott International Inc/MD,,US5719032022,United States,17973.16043,,,8097283.964,0.00011684
31/12/2024,HESTA,Balanced Growth,Listed Equity,1,Marsh & McLennan Cos Inc,,US5717481023,United States,96588.22368,,,33136242.56,0.00047813
31/12/2024,HESTA,Balanced Growth,Listed Equity,1,Martin Marietta Materials Inc,,US5732841060,United States,4242.467598,,,3539101.207,5.107e-05
31/12/2024,HESTA,Balanced Growth,Listed Equity,1,Marubeni Corp,,JP3877600001,Japan,109685.37,,,2696886.193,3.891e-05
31/12/2024,HESTA,Balanced Growth,Listed Equity,1,Maruti Suzuki India Ltd,,INE585B01010,India,52301.62822,,,10713750.07,0.00015459
31/12/2024,HESTA,Balanced Growth,Listed Equity,1,Marvell Technology Inc,,US5738741041,United States,97987.51735,,,17479966.55,0.00025222
31/12/2024,HESTA,Balanced Growth,Listed Equity,1,Masco Corp,,US5745991068,United States,57262.3536,,,6711667.606,9.684e-05
31/12/2024,HESTA,Balanced Growth,Listed Equity,1,Mastercard Inc,,US57636Q1040,United States,213907.9268,,,181922792.5,0.00262501
31/12/2024,HESTA,Balanced Growth,Listed Equity,1,Match Group Inc,,US57667L1070,United States,226463.25,,,11964165.24,0.00017263
31/12/2024,HESTA,Balanced Growth,Listed Equity,1,MatsukiyoCocokara & Co,,JP3869010003,Japan,15550.32237,,,368359.8585,5.32e-06
31/12/2024,HESTA,Balanced Growth,Listed Equity,1,Max Healthcare Institute Ltd,,INE027H01010,India,46293.71324,,,985256.548,1.422e-05
31/12/2024,HESTA,Balanced Growth,Listed Equity,1,Maxis Bhd,,MYL6012OO008,Malaysia,308538.5159,,,406773.8388,5.87e-06
31/12/2024,HESTA,Balanced Growth,Listed Equity,1,Maxscend Microelectronics Co Ltd,,CNE100003QK4,China,1892.371278,,,37559.91194,5.4e-07
31/12/2024,HESTA,Balanced Growth,Listed Equity,1,Mayne Pharma Group Ltd,,AU000000MYX0,Australia,784.755443,,,3900.234552,6e-08
31/12/2024,HESTA,Balanced Growth,Listed Equity,1,Mazda Motor Corp,,JP3868400007,Japan,220170.4313,,,2451601.491,3.537e-05
31/12/2024,HESTA,Balanced Growth,Listed Equity,1,mBank SA,,PLBRE0000012,Poland,882.781447,,,188881.7961,2.73e-06
31/12/2024,HESTA,Balanced Growth,Listed Equity,1,McCormick & Co Inc/MD,,US5797802064,United States,36519.22089,,,4496851.168,6.489e-05
31/12/2024,HESTA,Balanced Growth,Listed Equity,1,McDonald's Corp,,US5801351017,United States,79139.25229,,,37053505.36,0.00053465
31/12/2024,HESTA,Balanced Growth,Listed Equity,1,McDonald's Holdings Co Japan Ltd,,JP3750500005,Japan,22676.54168,,,1442545.23,2.081e-05
31/12/2024,HESTA,Balanced Growth,Listed Equity,1,McKesson Corp,,US58155Q1031,United States,22781.33364,,,20969570.94,0.00030257
31/12/2024,HESTA,Balanced Growth,Listed Equity,1,McMillan Shakespeare Ltd,,AU000000MMS5,Australia,71149.92113,,,1067248.817,1.54e-05
31/12/2024,HESTA,Balanced Growth,Listed Equity,1,MediaTek Inc,,TW0002454006,Taiwan,375594.6503,,,26182509.58,0.00037779
31/12/2024,HESTA,Balanced Growth,Listed Equity,1,Medibank Pvt Ltd,,AU000000MPL3,Australia,9760647.702,,,36992854.79,0.00053378
31/12/2024,HESTA,Balanced Growth,Listed Equity,1,Mediobanca Banca di Credito Finanziario SpA,,IT0000062957,Italy,65622.91082,,,1544748.96,2.229e-05
31/12/2024,HESTA,Balanced Growth,Listed Equity,1,Medtronic PLC,,IE00BTN1Y115,United States,147540.2015,,,19034985.53,0.00027466
31/12/2024,HESTA,Balanced Growth,Listed Equity,1,Mega Financial Holding Co Ltd,,TW0002886009,Taiwan,696567.825,,,1328035.883,1.916e-05
31/12/2024,HESTA,Balanced Growth,Listed Equity,1,Megaport Ltd,,AU000000MP15,Australia,1392946.909,,,10266018.72,0.00014813
31/12/2024,HESTA,Balanced Growth,Listed Equity,1,MEIJI Holdings Co Ltd,,JP3918000005,Japan,10165.37016,,,334403.5195,4.83e-06
31/12/2024,HESTA,Balanced Growth,Listed Equity,1,Meituan,,KYG596691041,Hong Kong,1750703.905,,,55219926.45,0.00079678
31/12/2024,HESTA,Balanced Growth,Listed Equity,1,Melrose Industries PLC,,GB00BNGDN821,United Kingdom,52547.27681,,,588640.5599,8.49e-06
31/12/2024,HESTA,Balanced Growth,Listed Equity,1,MercadoLibre Inc,,US58733R1023,United States,15297.31315,,,42012699.95,0.00060621
31/12/2024,HESTA,Balanced Growth,Listed Equity,1,Mercedes-Benz Group AG,,DE0007100000,Germany,127876.2778,,,11506050.51,0.00016602
31/12/2024,HESTA,Balanced Growth,Listed Equity,1,Merck & Co Inc,,US58933Y1055,United States,787430.0938,,,126517880.5,0.00182556
31/12/2024,HESTA,Balanced Growth,Listed Equity,1,Merck KGaA,,DE0006599905,Germany,7743.664344,,,1811833.343,2.614e-05
31/12/2024,HESTA,Balanced Growth,Listed Equity,1,Mercury NZ Ltd,,NZMRPE0001S2,New Zealand,93352.76059,,,494161.4637,7.13e-06
31/12/2024,HESTA,Balanced Growth,Listed Equity,1,Merdeka Copper Gold Tbk PT,,ID1000134406,Indonesia,466111.0426,,,75539.64092,1.09e-06
31/12/2024,HESTA,Balanced Growth,Listed Equity,1,Meridian Energy Ltd,,NZMELE0002S7,New Zealand,954816.8329,,,5106147.933,7.368e-05
31/12/2024,HESTA,Balanced Growth,Listed Equity,1,Meritz Financial Group Inc,,KR7138040001,South Korea,5425.122814,,,619005.9685,8.93e-06
31/12/2024,HESTA,Balanced Growth,Listed Equity,1,Mesaieed Petrochemical Holding Co,,QA000VSUG130,Qatar,261308.1855,,,173291.5913,2.5e-06
31/12/2024,HESTA,Balanced Growth,Listed Equity,1,Mesoblast Ltd,,AU000000MSB8,Australia,28974.63589,,,89821.37126,1.3e-06
31/12/2024,HESTA,Balanced Growth,Listed Equity,1,Metallurgical Corp of China Ltd,,CNE100000FX6,China,63648.05459,,,46475.58186,6.7e-07
31/12/2024,HESTA,Balanced Growth,Listed Equity,1,Meta Platforms Inc,,US30303M1027,United States,537104.6682,,,507922400.5,0.00732893
31/12/2024,HESTA,Balanced Growth,Listed Equity,1,Metcash Ltd,,AU000000MTS0,Australia,15572869.32,,,48275894.89,0.00069658
31/12/2024,HESTA,Balanced Growth,Listed Equity,1,Meteoric Resources NL,,AU000000MEI3,Australia,23554.36651,,,2002.121153,3e-08
31/12/2024,HESTA,Balanced Growth,Listed Equity,1,Metlen Energy & Metals SA,,GRS393503008,Greece,72824.24957,,,4082573.782,5.891e-05
31/12/2024,HESTA,Balanced Growth,Listed Equity,1,MetLife Inc,,US59156R1086,United States,79141.91694,,,10466187.77,0.00015102
31/12/2024,HESTA,Balanced Growth,Listed Equity,1,Metro Inc/CN,,CA59162N1096,Canada,20193.2773,,,2044358.939,2.95e-05
31/12/2024,HESTA,Balanced Growth,Listed Equity,1,Metropolitan Bank & Trust Co,,PHY6028G1361,,106909.2227,,,214924.4503,3.1e-06
31/12/2024,HESTA,Balanced Growth,Listed Equity,1,Metso Oyj,,FI0009014575,Finland,31900.87348,,,479107.4509,6.91e-06
31/12/2024,HESTA,Balanced Growth,Listed Equity,1,Mettler-Toledo International Inc,,US5926881054,United States,11526.26353,,,22780357.19,0.0003287
31/12/2024,HESTA,Balanced Growth,Listed Equity,1,MGM Resorts International,,US5529531015,United States,22341.24462,,,1250301.419,1.804e-05
31/12/2024,HESTA,Balanced Growth,Listed Equity,1,M&G PLC,,GB00BKFB1C65,United Kingdom,128304.8376,,,513483.0462,7.41e-06
31/12/2024,HESTA,Balanced Growth,Listed Equity,1,Microchip Technology Inc,,US5950171042,United States,56995.36648,,,5279309.154,7.618e-05
31/12/2024,HESTA,Balanced Growth,Listed Equity,1,Micron Technology Inc,,US5951121038,United States,142014.5236,,,19303791.17,0.00027854
31/12/2024,HESTA,Balanced Growth,Listed Equity,1,Microsoft Corp,,US5949181045,United States,1277147.039,,,869445977.3,0.01254544
31/12/2024,HESTA,Balanced Growth,Listed Equity,1,Micro-Star International Co Ltd,,TW0002377009,Taiwan,39830.83876,,,360073.3267,5.2e-06
31/12/2024,HESTA,Balanced Growth,Listed Equity,1,MicroStrategy Inc,,US5949724083,United States,14890.15616,,,6965173.267,0.0001005
31/12/2024,HESTA,Balanced Growth,Listed Equity,1,Midea Group Co Ltd,,CNE100006M58,Hong Kong,16826.49719,,,264317.381,3.81e-06
31/12/2024,HESTA,Balanced Growth,Listed Equity,1,Midea Group Co Ltd,,CNE100001QQ5,China,407131.9448,,,6776325.543,9.778e-05
31/12/2024,HESTA,Balanced Growth,Listed Equity,1,MINEBEA MITSUMI Inc,,JP3906000009,Japan,13462.37928,,,355494.1145,5.13e-06
31/12/2024,HESTA,Balanced Growth,Listed Equity,1,Mineral Resources Ltd,,AU000000MIN4,Australia,647289.9894,,,22169682.14,0.00031989
31/12/2024,HESTA,Balanced Growth,Listed Equity,1,MINISO Group Holding Ltd,,KYG6180F1081,Hong Kong,22529.623,,,220399.7519,3.18e-06
31/12/2024,HESTA,Balanced Growth,Listed Equity,1,Minor International PCL,,TH0128010R17,Thailand,189724.8524,,,233674.2487,3.37e-06
31/12/2024,HESTA,Balanced Growth,Listed Equity,1,Minth Group Ltd,,KYG6145U1094,Hong Kong,2429501.088,,,7637767.456,0.00011021
31/12/2024,HESTA,Balanced Growth,Listed Equity,1,Mirae Asset Securities Co Ltd,,KR7006800007,South Korea,10136.54203,,,89301.20385,1.29e-06
31/12/2024,HESTA,Balanced Growth,Listed Equity,1,MISC Bhd,,MYL3816OO005,Malaysia,79580.3901,,,218459.2422,3.15e-06
31/12/2024,HESTA,Balanced Growth,Listed Equity,1,Mitsubishi Chemical Group Corp,,JP3897700005,Japan,161936.9141,,,1330867.821,1.92e-05
31/12/2024,HESTA,Balanced Growth,Listed Equity,1,Mitsubishi Corp,,JP3898400001,Japan,204958.3838,,,5484899.019,7.914e-05
31/12/2024,HESTA,Balanced Growth,Listed Equity,1,Mitsubishi Electric Corp,,JP3902400005,Japan,233568.8205,,,6449774.083,9.307e-05
31/12/2024,HESTA,Balanced Growth,Listed Equity,1,Mitsubishi Estate Co Ltd,,JP3899600005,Japan,94130.15962,,,2128688.621,3.072e-05
31/12/2024,HESTA,Balanced Growth,Listed Equity,1,Mitsubishi HC Capital Inc,,JP3499800005,Japan,47314.03473,,,506663.5604,7.31e-06
31/12/2024,HESTA,Balanced Growth,Listed Equity,1,Mitsubishi Heavy Industries Ltd,,JP3900000005,Japan,568686.3263,,,12991946.32,0.00018746
31/12/2024,HESTA,Balanced Growth,Listed Equity,1,Mitsubishi UFJ Financial Group Inc,,JP3902900004,Japan,845114.403,,,16032792.37,0.00023134
31/12/2024,HESTA,Balanced Growth,Listed Equity,1,Mitsui Chemicals Inc,,JP3888300005,Japan,6653.767094,,,237278.859,3.42e-06
31/12/2024,HESTA,Balanced Growth,Listed Equity,1,Mitsui & Co Ltd,,JP3893600001,Japan,155229.1932,,,5281953.21,7.621e-05
31/12/2024,HESTA,Balanced Growth,Listed Equity,1,Mitsui Fudosan Co Ltd,,JP3893200000,Japan,263085.6726,,,3433704.26,4.955e-05
31/12/2024,HESTA,Balanced Growth,Listed Equity,1,Mitsui OSK Lines Ltd,,JP3362700001,Japan,19262.14192,,,1090336.319,1.573e-05
31/12/2024,HESTA,Balanced Growth,Listed Equity,1,Mizrahi Tefahot Bank Ltd,,IL0006954379,Israel,14537.12938,,,1015551.905,1.465e-05
31/12/2024,HESTA,Balanced Growth,Listed Equity,1,Mizuho Financial Group Inc,,JP3885780001,Japan,368247.5303,,,14657142.45,0.00021149
31/12/2024,HESTA,Balanced Growth,Listed Equity,1,MMG Ltd,,HK1208013172,Hong Kong,245813.1764,,,130840.6393,1.89e-06
31/12/2024,HESTA,Balanced Growth,Listed Equity,1,Mobile Telecommunications Co KSCP,,KW0EQ0601058,Kuwait,115715.0896,,,284310.7794,4.1e-06
31/12/2024,HESTA,Balanced Growth,Listed Equity,1,Moderna Inc,,US60770K1079,United States,135709.85,,,9113810.163,0.00013151
31/12/2024,HESTA,Balanced Growth,Listed Equity,1,MOL Hungarian Oil & Gas PLC,,HU0000153937,Bangladesh,445008.8536,,,4939216.285,7.127e-05
31/12/2024,HESTA,Balanced Growth,Listed Equity,1,Molina Healthcare Inc,,US60855R1005,United States,9671.788221,,,4546513.701,6.56e-05
31/12/2024,HESTA,Balanced Growth,Listed Equity,1,Molson Coors Beverage Co,,US60871R2094,United States,18258.25309,,,1690322.321,2.439e-05
31/12/2024,HESTA,Balanced Growth,Listed Equity,1,Monadelphous Group Ltd,,AU000000MND5,Australia,437954.0758,,,6131357.061,8.847e-05
31/12/2024,HESTA,Balanced Growth,Listed Equity,1,Monash IVF Group Ltd,,AU000000MVF3,Australia,546135.7773,,,693592.4372,1.001e-05
31/12/2024,HESTA,Balanced Growth,Listed Equity,1,Moncler SpA,,IT0004965148,Italy,496714.6582,,,42350722.29,0.00061109
31/12/2024,HESTA,Balanced Growth,Listed Equity,1,Monday.com Ltd,,IL0011762130,United States,24619.24203,,,9361793.339,0.00013508
31/12/2024,HESTA,Balanced Growth,Listed Equity,1,Mondelez International Inc,,US6092071058,United States,150361.9028,,,14505558.35,0.0002093
31/12/2024,HESTA,Balanced Growth,Listed Equity,1,Mondi PLC,,GB00BMWC6P49,United Kingdom,23248.53199,,,560555.7382,8.09e-06
31/12/2024,HESTA,Balanced Growth,Listed Equity,1,Moneta Money Bank AS,,CZ0008040318,Czechia,9338.299504,,,76802.01839,1.11e-06
31/12/2024,HESTA,Balanced Growth,Listed Equity,1,MongoDB Inc,,US60937P1066,United States,7800.684157,,,2933178.191,4.232e-05
31/12/2024,HESTA,Balanced Growth,Listed Equity,1,Monolithic Power Systems Inc,,US6098391054,United States,8723.764024,,,8336996.167,0.0001203
31/12/2024,HESTA,Balanced Growth,Listed Equity,1,MonotaRO Co Ltd,,JP3922950005,Japan,28778.41525,,,790251.4457,1.14e-05
31/12/2024,HESTA,Balanced Growth,Listed Equity,1,Monster Beverage Corp,,US61174X1090,United States,134022.8267,,,11377274.93,0.00016417
31/12/2024,HESTA,Balanced Growth,Listed Equity,1,Montage Technology Co Ltd,,CNE100003MN7,China,6002.263539,,,90180.07537,1.3e-06
31/12/2024,HESTA,Balanced Growth,Listed Equity,1,Moody's Corp,,US6153691059,United States,43296.31894,,,33102121.46,0.00047764
31/12/2024,HESTA,Balanced Growth,Listed Equity,1,Morgan Stanley,,US6174464486,United States,137914.915,,,28003978.22,0.00040408
31/12/2024,HESTA,Balanced Growth,Listed Equity,1,Mosaic Co/The,,US61945C1036,United States,25229.76274,,,1001611.193,1.445e-05
31/12/2024,HESTA,Balanced Growth,Listed Equity,1,Motorola Solutions Inc,,US6200763075,United States,34268.40147,,,25583272.57,0.00036915
31/12/2024,HESTA,Balanced Growth,Listed Equity,1,Mowi ASA,,NO0003054108,Norway,32225.07821,,,892479.9202,1.288e-05
31/12/2024,HESTA,Balanced Growth,Listed Equity,1,Mphasis Ltd,,INE356A01018,India,6044.533001,,,324669.2792,4.68e-06
31/12/2024,HESTA,Balanced Growth,Listed Equity,1,MP Materials Corp,,US5533681012,United States,76049.64748,,,1916134.22,2.765e-05
31/12/2024,HESTA,Balanced Growth,Listed Equity,1,MR DIY Group M Bhd,,MYL5296OO008,Malaysia,196227.8465,,,131124.2836,1.89e-06
31/12/2024,HESTA,Balanced Growth,Listed Equity,1,MRF Ltd,,INE883A01011,India,135.750002,,,334548.7091,4.83e-06
31/12/2024,HESTA,Balanced Growth,Listed Equity,1,MS&AD Insurance Group Holdings Inc,,JP3890310000,Japan,266804.9618,,,9456905.841,0.00013646
31/12/2024,HESTA,Balanced Growth,Listed Equity,1,MSCI Inc,,US55354G1004,United States,10330.35382,,,10011007.99,0.00014445
31/12/2024,HESTA,Balanced Growth,Listed Equity,1,M&T Bank Corp,,US55261F1049,United States,11665.87136,,,3542437.974,5.111e-05
31/12/2024,HESTA,Balanced Growth,Listed Equity,1,MTN Group Ltd,,ZAE000042164,South Africa,99416.7434,,,782766.5256,1.129e-05
31/12/2024,HESTA,Balanced Growth,Listed Equity,1,MTR Corp Ltd,,HK0066009694,Hong Kong,127301.5825,,,717299.685,1.035e-05
31/12/2024,HESTA,Balanced Growth,Listed Equity,1,MTU Aero Engines AG,,DE000A0D9PT0,Germany,12946.23714,,,6971936.83,0.0001006
31/12/2024,HESTA,Balanced Growth,Listed Equity,1,Muenchener Rueckversicherungs-Gesellschaft AG in Muenchen,,DE0008430026,Germany,13659.22462,,,11127515.06,0.00016056
31/12/2024,HESTA,Balanced Growth,Listed Equity,1,MultiChoice Group,,ZAE000265971,South Africa,72441.67977,,,669644.5793,9.66e-06
31/12/2024,HESTA,Balanced Growth,Listed Equity,1,Multiply Group PJSC,,AEM001001019,,160978.367,,,146526.0805,2.11e-06
31/12/2024,HESTA,Balanced Growth,Listed Equity,1,Murata Manufacturing Co Ltd,,JP3914400001,Japan,101780.9998,,,2677218.489,3.863e-05
31/12/2024,HESTA,Balanced Growth,Listed Equity,1,Muthoot Finance Ltd,,INE414G01012,India,7157.357863,,,288432.9948,4.16e-06
31/12/2024,HESTA,Balanced Growth,Listed Equity,1,Muyuan Foods Co Ltd,,CNE100001RQ3,China,19480.53165,,,165695.2,2.39e-06
31/12/2024,HESTA,Balanced Growth,Listed Equity,1,Myer Holdings Ltd,,AU000000MYR2,Australia,1199216.512,,,1475036.31,2.128e-05
31/12/2024,HESTA,Balanced Growth,Listed Equity,1,MyState Ltd,,AU000000MYS0,Australia,5285.564144,,,23573.61608,3.4e-07
31/12/2024,HESTA,Balanced Growth,Listed Equity,1,Nanosonics Ltd,,AU000000NAN9,Australia,2393924.696,,,7205713.335,0.00010397
31/12/2024,HESTA,Balanced Growth,Listed Equity,1,Nan Ya Plastics Corp,,TW0001303006,Taiwan,310419.9466,,,457252.6577,6.6e-06
31/12/2024,HESTA,Balanced Growth,Listed Equity,1,Nanya Technology Corp,,TW0002408002,Taiwan,73971.5577,,,106592.3562,1.54e-06
31/12/2024,HESTA,Balanced Growth,Listed Equity,1,NARI Technology Co Ltd,,CNE000001G38,China,3730405.566,,,20817419.11,0.00030038
31/12/2024,HESTA,Balanced Growth,Listed Equity,1,Nasdaq Inc,,US6311031081,United States,38418.67591,,,4797137.753,6.922e-05
31/12/2024,HESTA,Balanced Growth,Listed Equity,1,Naspers Ltd,,ZAE000325783,South Africa,9777.251861,,,3492369.412,5.039e-05
31/12/2024,HESTA,Balanced Growth,Listed Equity,1,National Australia Bank Ltd,,AU000000NAB4,Australia,19187719.64,,,711864398.7,0.01027166
31/12/2024,HESTA,Balanced Growth,Listed Equity,1,National Bank of Canada,,CA6330671034,Canada,30495.81035,,,4487750.165,6.475e-05
31/12/2024,HESTA,Balanced Growth,Listed Equity,1,National Bank of Greece SA,,GRS003003035,Greece,500396.144,,,6410571.352,9.25e-05
31/12/2024,HESTA,Balanced Growth,Listed Equity,1,National Bank of Kuwait SAKP,,KW0EQ0100010,Kuwait,462879.4258,,,2172732.994,3.135e-05
31/12/2024,HESTA,Balanced Growth,Listed Equity,1,National Grid PLC,,GB00BDR05C01,United Kingdom,285265.5831,,,5481759.729,7.91e-05
31/12/2024,HESTA,Balanced Growth,Listed Equity,1,National Silicon Industry Group Co Ltd,,CNE1000040F5,China,13137.6738,,,54709.64045,7.9e-07
31/12/2024,HESTA,Balanced Growth,Listed Equity,1,Natura & Co Holding SA,,BRNTCOACNOR5,,53427.78652,,,178231.5094,2.57e-06
31/12/2024,HESTA,Balanced Growth,Listed Equity,1,NatWest Group PLC,,GB00BM8PJY71,United Kingdom,8434595.888,,,68603356.76,0.00098989
31/12/2024,HESTA,Balanced Growth,Listed Equity,1,NAURA Technology Group Co Ltd,,CNE100000ML7,China,1877.739542,,,162456.7902,2.34e-06
31/12/2024,HESTA,Balanced Growth,Listed Equity,1,NAVER Corp,,KR7035420009,South Korea,8349.088943,,,1821905.285,2.629e-05
31/12/2024,HESTA,Balanced Growth,Listed Equity,1,NCSoft Corp,,KR7036570000,South Korea,847.827854,,,170313.0574,2.46e-06
31/12/2024,HESTA,Balanced Growth,Listed Equity,1,NEC Corp,,JP3733000008,Japan,53117.96367,,,7489580.581,0.00010807
31/12/2024,HESTA,Balanced Growth,Listed Equity,1,Nedbank Group Ltd,,ZAE000004875,South Africa,376011.177,,,9066404.905,0.00013082
31/12/2024,HESTA,Balanced Growth,Listed Equity,1,Nemetschek SE,,DE0006452907,Germany,3384.575395,,,529826.9593,7.64e-06
31/12/2024,HESTA,Balanced Growth,Listed Equity,1,NEPI Rockcastle NV,,NL0015000RT3,South Africa,32432.05724,,,383048.8844,5.53e-06
31/12/2024,HESTA,Balanced Growth,Listed Equity,1,Neste Oyj,,FI0009013296,Finland,33710.35554,,,683595.3488,9.86e-06
31/12/2024,HESTA,Balanced Growth,Listed Equity,1,Nestle India Ltd,,INE239A01024,India,20183.53429,,,826280.3502,1.192e-05
31/12/2024,HESTA,Balanced Growth,Listed Equity,1,Nestle Malaysia Bhd,,MYL4707OO005,Malaysia,4145.658728,,,149712.2875,2.16e-06
31/12/2024,HESTA,Balanced Growth,Listed Equity,1,Nestle SA,,CH0038863350,Switzerland,376790.3487,,,50283033.14,0.00072555
31/12/2024,HESTA,Balanced Growth,Listed Equity,1,NetApp Inc,,US64110D1046,United States,124282.2636,,,23300791.67,0.00033621
31/12/2024,HESTA,Balanced Growth,Listed Equity,1,NetEase Inc,,KYG6427A1022,Germany,199496.8052,,,5740762.469,8.283e-05
31/12/2024,HESTA,Balanced Growth,Listed Equity,1,NetEase Inc,,US64110W1027,United States,83675.92517,,,12056414.9,0.00017396
31/12/2024,HESTA,Balanced Growth,Listed Equity,1,Netflix Inc,,US64110L1061,United States,94894.31569,,,136608578.7,0.00197116
31/12/2024,HESTA,Balanced Growth,Listed Equity,1,Netmarble Corp,,KR7251270005,South Korea,1277.025463,,,72433.92475,1.05e-06
31/12/2024,HESTA,Balanced Growth,Listed Equity,1,Netwealth Group Ltd,,AU000000NWL7,Australia,1493420.349,,,42935835.04,0.00061953
31/12/2024,HESTA,Balanced Growth,Listed Equity,1,Neuren Pharmaceuticals Ltd,,NZNEUE0001S8,Australia,1498937.893,,,18736723.66,0.00027036
31/12/2024,HESTA,Balanced Growth,Listed Equity,1,Neurocrine Biosciences Inc,,US64125C1099,United States,11825.34486,,,2607057.376,3.762e-05
31/12/2024,HESTA,Balanced Growth,Listed Equity,1,New China Life Insurance Co Ltd,,CNE100001922,Hong Kong,132159.3322,,,648496.1219,9.36e-06
31/12/2024,HESTA,Balanced Growth,Listed Equity,1,New China Life Insurance Co Ltd,,CNE1000019Y0,China,7397.15577,,,81348.00144,1.17e-06
31/12/2024,HESTA,Balanced Growth,Listed Equity,1,New Hope Liuhe Co Ltd,,CNE000000VB0,China,26174.55119,,,52009.33719,7.5e-07
31/12/2024,HESTA,Balanced Growth,Listed Equity,1,Newmont Corp,,AU0000297962,Australia,1432440.359,,,85287499.0,0.00123063
31/12/2024,HESTA,Balanced Growth,Listed Equity,1,Newmont Corp,,US6516391066,United States,93995.14897,,,5650487.672,8.153e-05
31/12/2024,HESTA,Balanced Growth,Listed Equity,1,New Oriental Education & Technology Group Inc,,KYG6470A1168,Hong Kong,95549.85968,,,972479.1391,1.403e-05
31/12/2024,HESTA,Balanced Growth,Listed Equity,1,News Corp,,AU000000NWS2,Australia,138254.0627,,,6843576.103,9.875e-05
31/12/2024,HESTA,Balanced Growth,Listed Equity,1,News Corp,,AU0000NWSLV3,Australia,239161.0359,,,9566441.435,0.00013804
31/12/2024,HESTA,Balanced Growth,Listed Equity,1,News Corp,,US65249B1098,United States,29038.49532,,,1291642.032,1.864e-05
31/12/2024,HESTA,Balanced Growth,Listed Equity,1,NexGen Energy Ltd,,AU0000159329,Australia,1456877.216,,,15748842.71,0.00022724
31/12/2024,HESTA,Balanced Growth,Listed Equity,1,Nexi SpA,,IT0005366767,Italy,64749.81826,,,580440.0324,8.38e-06
31/12/2024,HESTA,Balanced Growth,Listed Equity,1,Nexon Co Ltd,,JP3758190007,Japan,21185.462,,,517413.4673,7.47e-06
31/12/2024,HESTA,Balanced Growth,Listed Equity,1,NEXTDC Ltd,,AU000000NXT8,Australia,3191875.346,,,48101561.47,0.00069407
31/12/2024,HESTA,Balanced Growth,Listed Equity,1,NextEra Energy Inc,,US65339F1012,United States,256537.9304,,,29703955.8,0.00042861
31/12/2024,HESTA,Balanced Growth,Listed Equity,1,Next PLC,,GB0032089863,United Kingdom,8223.586252,,,1579939.405,2.28e-05
31/12/2024,HESTA,Balanced Growth,Listed Equity,1,NH Investment & Securities Co Ltd,,KR7005940002,South Korea,8869.271056,,,135741.9459,1.96e-06
31/12/2024,HESTA,Balanced Growth,Listed Equity,1,NHPC Ltd,,INE848E01016,India,173949.4016,,,264790.9372,3.82e-06
31/12/2024,HESTA,Balanced Growth,Listed Equity,1,Nibe Industrier AB,,SE0015988019,Sweden,112487.6425,,,710987.0738,1.026e-05
31/12/2024,HESTA,Balanced Growth,Listed Equity,1,nib holdings Ltd/Australia,,AU000000NHF0,Australia,2176898.805,,,11929405.45,0.00017213
31/12/2024,HESTA,Balanced Growth,Listed Equity,1,Nice Ltd,,IL0002730112,Israel,8431.834397,,,2321778.435,3.35e-05
31/12/2024,HESTA,Balanced Growth,Listed Equity,1,Nickel Industries Ltd,,AU0000018236,Australia,7323766.667,,,6042107.505,8.718e-05
31/12/2024,HESTA,Balanced Growth,Listed Equity,1,Nick Scali Ltd,,AU000000NCK1,Australia,227907.1888,,,3420886.904,4.936e-05
31/12/2024,HESTA,Balanced Growth,Listed Equity,1,NIDEC CORP,,JP3734800000,Japan,111106.8429,,,3259934.607,4.704e-05
31/12/2024,HESTA,Balanced Growth,Listed Equity,1,Nien Made Enterprise Co Ltd,,TW0008464009,Taiwan,10567.36539,,,190799.017,2.75e-06
31/12/2024,HESTA,Balanced Growth,Listed Equity,1,NIKE Inc,,US6541061031,United States,182506.6598,,,22305223.2,0.00032185
31/12/2024,HESTA,Balanced Growth,Listed Equity,1,Nine Entertainment Co Holdings Ltd,,AU000000NEC4,Australia,18352029.36,,,22664756.27,0.00032704
31/12/2024,HESTA,Balanced Growth,Listed Equity,1,Ningbo Deye Technology Co Ltd,,CNE1000052S3,China,3010.886261,,,56495.76907,8.2e-07
31/12/2024,HESTA,Balanced Growth,Listed Equity,1,Ningbo Orient Wires & Cables Co Ltd,,CNE100001T23,China,4137.529986,,,48110.47522,6.9e-07
31/12/2024,HESTA,Balanced Growth,Listed Equity,1,Ningbo Sanxing Medical Electric Co Ltd,,CNE100001567,China,10160.92826,,,69158.48856,1e-06
31/12/2024,HESTA,Balanced Growth,Listed Equity,1,Ningbo Tuopu Group Co Ltd,,CNE1000023J3,China,9069.238124,,,98331.49716,1.42e-06
31/12/2024,HESTA,Balanced Growth,Listed Equity,1,Ningxia Baofeng Energy Group Co Ltd,,CNE100003LF5,China,24223.65296,,,90262.5252,1.3e-06
31/12/2024,HESTA,Balanced Growth,Listed Equity,1,Nintendo Co Ltd,,JP3756600007,Japan,130857.2466,,,12458285.9,0.00017976
31/12/2024,HESTA,Balanced Growth,Listed Equity,1,NIO Inc,,KYG6525F1028,Hong Kong,81074.05571,,,586622.4563,8.46e-06
31/12/2024,HESTA,Balanced Growth,Listed Equity,1,NIPPON EXPRESS HOLDINGS INC,,JP3688370000,Japan,53396.81555,,,1313167.193,1.895e-05
31/12/2024,HESTA,Balanced Growth,Listed Equity,1,Nippon Paint Holdings Co Ltd,,JP3749400002,Japan,176664.0463,,,1858223.666,2.681e-05
31/12/2024,HESTA,Balanced Growth,Listed Equity,1,Nippon Sanso Holdings Corp,,JP3711600001,Japan,9430.286623,,,428747.8756,6.19e-06
31/12/2024,HESTA,Balanced Growth,Listed Equity,1,Nippon Steel Corp,,JP3381000003,Japan,40403.76934,,,1321247.039,1.906e-05
31/12/2024,HESTA,Balanced Growth,Listed Equity,1,Nippon Telegraph & Telephone Corp,,JP3735400008,Japan,2623681.073,,,4260201.081,6.147e-05
31/12/2024,HESTA,Balanced Growth,Listed Equity,1,Nippon Yusen KK,,JP3753000003,Japan,20191.11432,,,1094157.973,1.579e-05
31/12/2024,HESTA,Balanced Growth,Listed Equity,1,NiSource Inc,,US65473P1057,United States,30719.65255,,,1823878.586,2.632e-05
31/12/2024,HESTA,Balanced Growth,Listed Equity,1,Nissan Motor Co Ltd,,JP3672400003,Japan,175937.5497,,,867884.1258,1.252e-05
31/12/2024,HESTA,Balanced Growth,Listed Equity,1,Nissin Foods Holdings Co Ltd,,JP3675600005,Japan,11850.35623,,,465583.5953,6.72e-06
31/12/2024,HESTA,Balanced Growth,Listed Equity,1,Nitori Holdings Co Ltd,,JP3756100008,Japan,4729.032522,,,905656.8305,1.307e-05
31/12/2024,HESTA,Balanced Growth,Listed Equity,1,Nitto Denko Corp,,JP3684000007,Japan,56943.67446,,,1568347.334,2.263e-05
31/12/2024,HESTA,Balanced Growth,Listed Equity,1,NMDC Ltd,,INE584A01023,India,178858.3493,,,222426.6782,3.21e-06
31/12/2024,HESTA,Balanced Growth,Listed Equity,1,NN Group NV,,NL0010773842,Netherlands,123000.5964,,,8654335.825,0.00012488
31/12/2024,HESTA,Balanced Growth,Listed Equity,1,Nokia Oyj,,FI0009000681,Finland,2177198.811,,,15564580.65,0.00022458
31/12/2024,HESTA,Balanced Growth,Listed Equity,1,Nomura Holdings Inc,,JP3762600009,Japan,325568.3254,,,3115973.232,4.496e-05
31/12/2024,HESTA,Balanced Growth,Listed Equity,1,Nomura Research Institute Ltd,,JP3762800005,Japan,23684.4905,,,1134014.806,1.636e-05
31/12/2024,HESTA,Balanced Growth,Listed Equity,1,Nongfu Spring Co Ltd,,CNE100004272,Hong Kong,117599.6287,,,830124.5754,1.198e-05
31/12/2024,HESTA,Balanced Growth,Listed Equity,1,Nordea Bank Abp,,FI4000297767,Finland,630803.1495,,,11087780.54,0.00015999
31/12/2024,HESTA,Balanced Growth,Listed Equity,1,Nordson Corp,,US6556631025,United States,5317.285997,,,1796961.845,2.593e-05
31/12/2024,HESTA,Balanced Growth,Listed Equity,1,Norfolk Southern Corp,,US6558441084,United States,17247.92338,,,6538137.152,9.434e-05
31/12/2024,HESTA,Balanced Growth,Listed Equity,1,Norsk Hydro ASA,,NO0005052605,Norway,59728.06423,,,531206.4267,7.66e-06
31/12/2024,HESTA,Balanced Growth,Listed Equity,1,Northern Star Resources Ltd,,AU000000NST8,Australia,6855589.248,,,105850298.0,0.00152734
31/12/2024,HESTA,Balanced Growth,Listed Equity,1,Northern Trust Corp,,US6658591044,United States,64928.39917,,,10748866.86,0.0001551
31/12/2024,HESTA,Balanced Growth,Listed Equity,1,Novartis AG,,CH0012005267,Switzerland,457833.6564,,,72374770.01,0.00104431
31/12/2024,HESTA,Balanced Growth,Listed Equity,1,Novatek Microelectronics Corp,,TW0003034005,Taiwan,394999.5876,,,9768677.965,0.00014095
31/12/2024,HESTA,Balanced Growth,Listed Equity,1,Novonesis (Novozymes) B,,DK0060336014,Denmark,122834.2287,,,11231431.42,0.00016206
31/12/2024,HESTA,Balanced Growth,Listed Equity,1,Novonix Ltd,,AU000000NVX4,Australia,11094.79753,,,8154.67687,1.2e-07
31/12/2024,HESTA,Balanced Growth,Listed Equity,1,Novo Nordisk A/S,,DK0062498333,Denmark,539353.1977,,,75504357.61,0.00108947
31/12/2024,HESTA,Balanced Growth,Listed Equity,1,NRG Energy Inc,,US6293775085,United States,16288.29511,,,2373463.598,3.425e-05
31/12/2024,HESTA,Balanced Growth,Listed Equity,1,NRW Holdings Ltd,,AU000000NWH5,Australia,1873307.146,,,7193499.44,0.0001038
31/12/2024,HESTA,Balanced Growth,Listed Equity,1,NTPC Ltd,,INE733E01010,India,262377.769,,,1650015.256,2.381e-05
31/12/2024,HESTA,Balanced Growth,Listed Equity,1,NTT Data Group Corp,,JP3165700000,Japan,44633.31632,,,1389836.633,2.005e-05
31/12/2024,HESTA,Balanced Growth,Listed Equity,1,Nucor Corp,,US6703461052,United States,17157.47902,,,3234191.029,4.667e-05
31/12/2024,HESTA,Balanced Growth,Listed Equity,1,Nufarm Ltd,,AU000000NUF3,Australia,4246828.825,,,15033774.04,0.00021693
31/12/2024,HESTA,Balanced Growth,Listed Equity,1,NU Holdings Ltd/Cayman Islands,,KYG6683N1034,United States,1088938.68,,,18220794.19,0.00026291
31/12/2024,HESTA,Balanced Growth,Listed Equity,1,Nuix Ltd,,AU0000119307,Australia,578191.2563,,,3654168.74,5.273e-05
31/12/2024,HESTA,Balanced Growth,Listed Equity,1,Nutanix Inc,,US67059N1081,United States,18475.13179,,,1825581.141,2.634e-05
31/12/2024,HESTA,Balanced Growth,Listed Equity,1,Nutrien Ltd,,CA67077M1086,Canada,190452.7246,,,13764241.35,0.00019861
31/12/2024,HESTA,Balanced Growth,Listed Equity,1,nVent Electric PLC,,IE00BDVJJQ56,United States,12507.10803,,,1376862.607,1.987e-05
31/12/2024,HESTA,Balanced Growth,Listed Equity,1,NVIDIA Corp,,US67066G1040,United States,3880505.817,,,841658929.5,0.01214449
31/12/2024,HESTA,Balanced Growth,Listed Equity,1,NVR Inc,,US62944T1051,United States,999.49383,,,13203198.07,0.00019051
31/12/2024,HESTA,Balanced Growth,Listed Equity,1,NXP Semiconductors NV,,NL0009538784,United States,24027.86956,,,8066207.996,0.00011639
31/12/2024,HESTA,Balanced Growth,Listed Equity,1,Obayashi Corp,,JP3190000004,Japan,120267.4809,,,2586898.641,3.733e-05
31/12/2024,HESTA,Balanced Growth,Listed Equity,1,Oberoi Realty Ltd,,INE093I01010,India,7325.622835,,,319447.0742,4.61e-06
31/12/2024,HESTA,Balanced Growth,Listed Equity,1,Obic Co Ltd,,JP3173400007,Japan,20312.04251,,,979639.1154,1.414e-05
31/12/2024,HESTA,Balanced Growth,Listed Equity,1,Objective Corp Ltd,,AU000000OCL7,Australia,114140.6226,,,1812553.086,2.615e-05
31/12/2024,HESTA,Balanced Growth,Listed Equity,1,Occidental Petroleum Corp,,US6745991058,United States,410517.2367,,,32760488.84,0.00047271
31/12/2024,HESTA,Balanced Growth,Listed Equity,1,Odontoprev SA,,BRODPVACNOR4,Brazil,1114718.478,,,3164912.124,4.567e-05
31/12/2024,HESTA,Balanced Growth,Listed Equity,1,OFX Group Ltd,,AU000000OFX5,Australia,1835540.684,,,2597290.068,3.748e-05
31/12/2024,HESTA,Balanced Growth,Listed Equity,1,Oil India Ltd,,INE274J01014,India,28167.71887,,,228895.5885,3.3e-06
31/12/2024,HESTA,Balanced Growth,Listed Equity,1,Oil & Natural Gas Corp Ltd,,INE213A01029,India,187831.828,,,847776.9393,1.223e-05
31/12/2024,HESTA,Balanced Growth,Listed Equity,1,Okta Inc,,US6792951054,United States,57258.28808,,,7287334.404,0.00010515
31/12/2024,HESTA,Balanced Growth,Listed Equity,1,Old Dominion Freight Line Inc,,US6795801009,United States,26935.41113,,,7674079.823,0.00011073
31/12/2024,HESTA,Balanced Growth,Listed Equity,1,Old Mutual Ltd,,ZAE000255360,South Africa,292018.5751,,,312679.8391,4.51e-06
31/12/2024,HESTA,Balanced Growth,Listed Equity,1,Olympus Corp,,JP3201200007,Japan,141420.3058,,,3445194.147,4.971e-05
31/12/2024,HESTA,Balanced Growth,Listed Equity,1,Omni Bridgeway Ltd,,AU0000082489,Germany,2676400.396,,,3880780.574,5.6e-05
31/12/2024,HESTA,Balanced Growth,Listed Equity,1,Omnicom Group Inc,,US6819191064,United States,40058.69877,,,5566745.441,8.032e-05
31/12/2024,HESTA,Balanced Growth,Listed Equity,1,Omron Corp,,JP3197800000,Japan,17750.21777,,,976478.9779,1.409e-05
31/12/2024,HESTA,Balanced Growth,Listed Equity,1,OMV AG,,AT0000743059,Austria,57467.99685,,,3588842.404,5.178e-05
31/12/2024,HESTA,Balanced Growth,Listed Equity,1,ONEOK Inc,,US6826801036,United States,44892.3006,,,7279636.569,0.00010504
31/12/2024,HESTA,Balanced Growth,Listed Equity,1,Onex Corp,,CA68272K1030,Canada,11939.88961,,,1505522.762,2.172e-05
31/12/2024,HESTA,Balanced Growth,Listed Equity,1,Ono Pharmaceutical Co Ltd,,JP3197600004,Germany,262843.641,,,4415138.86,6.371e-05
31/12/2024,HESTA,Balanced Growth,Listed Equity,1,ON Semiconductor Corp,,US6821891057,United States,29227.31249,,,2976309.541,4.295e-05
31/12/2024,HESTA,Balanced Growth,Listed Equity,1,oOh!media Ltd,,AU000000OML6,Australia,3973200.965,,,4688377.139,6.765e-05
31/12/2024,HESTA,Balanced Growth,Listed Equity,1,Ooredoo QPSC,,QA0007227737,Qatar,47589.72358,,,243825.1217,3.52e-06
31/12/2024,HESTA,Balanced Growth,Listed Equity,1,OPAP SA,,GRS419003009,Greece,283565.1695,,,7445717.459,0.00010744
31/12/2024,HESTA,Balanced Growth,Listed Equity,1,Open Text Corp,,CA6837151068,United States,125375.2565,,,5727662.086,8.265e-05
31/12/2024,HESTA,Balanced Growth,Listed Equity,1,Operadora De Sites Mexicanos SAB de CV,,MX01SI0C0002,Mexico,72704.28673,,,69971.85868,1.01e-06
31/12/2024,HESTA,Balanced Growth,Listed Equity,1,Oppein Home Group Inc,,CNE100002RB3,China,3576.646746,,,54559.83586,7.9e-07
31/12/2024,HESTA,Balanced Growth,Listed Equity,1,Opthea Ltd,,AU000000OPT2,,46735.44146,,,37855.70759,5.5e-07
31/12/2024,HESTA,Balanced Growth,Listed Equity,1,Oracle Corp,,US68389X1054,United States,241170.984,,,64909525.61,0.00093659
31/12/2024,HESTA,Balanced Growth,Listed Equity,1,Oracle Corp Japan,,JP3689500001,Japan,5364.413783,,,835487.9315,1.206e-05
31/12/2024,HESTA,Balanced Growth,Listed Equity,1,Oracle Financial Services Software Ltd,,INE881D01027,India,1252.639235,,,302230.5356,4.36e-06
31/12/2024,HESTA,Balanced Growth,Listed Equity,1,Orange SA,,FR0000133308,France,113790.7934,,,1832302.7,2.644e-05
31/12/2024,HESTA,Balanced Growth,Listed Equity,1,O'Reilly Automotive Inc,,US67103H1077,United States,5754.728264,,,11021492.0,0.00015903
31/12/2024,HESTA,Balanced Growth,Listed Equity,1,Orica Ltd,,AU000000ORI1,Australia,3450862.775,,,57215304.81,0.00082557
31/12/2024,HESTA,Balanced Growth,Listed Equity,1,Oriental Land Co Ltd/Japan,,JP3198900007,Japan,89326.58938,,,3141396.284,4.533e-05
31/12/2024,HESTA,Balanced Growth,Listed Equity,1,Orient Overseas International Ltd,,BMG677491539,Hong Kong,7722.305474,,,184807.6053,2.67e-06
31/12/2024,HESTA,Balanced Growth,Listed Equity,1,Orient Securities Co Ltd/China,,CNE100001ZV6,China,26623.25778,,,62208.66563,9e-07
31/12/2024,HESTA,Balanced Growth,Listed Equity,1,Origin Energy Ltd,,AU000000ORG5,Australia,7952396.438,,,86681121.17,0.00125074
31/12/2024,HESTA,Balanced Growth,Listed Equity,1,Orion Corp/Republic of Korea,,KR7271560005,South Korea,1409.523968,,,158352.2873,2.28e-06
31/12/2024,HESTA,Balanced Growth,Listed Equity,1,Orion Oyj,,FI0009014377,Finland,30242.56611,,,2163781.657,3.122e-05
31/12/2024,HESTA,Balanced Growth,Listed Equity,1,ORIX Corp,,JP3200450009,Japan,89374.97009,,,3130238.755,4.517e-05
31/12/2024,HESTA,Balanced Growth,Listed Equity,1,Orkla ASA,,NO0003733800,Norway,266384.5155,,,3725721.129,5.376e-05
31/12/2024,HESTA,Balanced Growth,Listed Equity,1,ORLEN SA,,PLPKN0000018,Poland,33867.85117,,,625058.1946,9.02e-06
31/12/2024,HESTA,Balanced Growth,Listed Equity,1,Orora Ltd,,AU000000ORA8,Australia,12978093.33,,,31926109.59,0.00046067
31/12/2024,HESTA,Balanced Growth,Listed Equity,1,Orsted AS,,DK0060094928,Denmark,131090.4014,,,9531448.335,0.00013753
31/12/2024,HESTA,Balanced Growth,Listed Equity,1,Osaka Gas Co Ltd,,JP3180400008,Japan,21280.64285,,,756698.3945,1.092e-05
31/12/2024,HESTA,Balanced Growth,Listed Equity,1,Otis Worldwide Corp,,US68902V1070,United States,60265.67213,,,9014300.075,0.00013007
31/12/2024,HESTA,Balanced Growth,Listed Equity,1,OTP Bank Nyrt,,HU0000061726,Bangladesh,183344.2727,,,16167901.16,0.00023329
31/12/2024,HESTA,Balanced Growth,Listed Equity,1,Otsuka Corp,,JP3188200004,Japan,14885.3692,,,552088.197,7.97e-06
31/12/2024,HESTA,Balanced Growth,Listed Equity,1,Otsuka Holdings Co Ltd,,JP3188220002,Japan,23401.1682,,,2068225.838,2.984e-05
31/12/2024,HESTA,Balanced Growth,Listed Equity,1,OUTsurance Group Ltd,,ZAE000314084,South Africa,47418.20711,,,269897.5027,3.89e-06
31/12/2024,HESTA,Balanced Growth,Listed Equity,1,Oversea-Chinese Banking Corp Ltd,,SG1S04926220,Singapore,509864.6035,,,10074812.77,0.00014537
31/12/2024,HESTA,Balanced Growth,Listed Equity,1,Ovintiv Inc,,US69047Q1022,United States,104114.1589,,,6810342.305,9.827e-05
31/12/2024,HESTA,Balanced Growth,Listed Equity,1,Owens Corning,,US6907421019,United States,21767.70452,,,5988008.448,8.64e-05
31/12/2024,HESTA,Balanced Growth,Listed Equity,1,PACCAR Inc,,US6937181088,United States,65208.30929,,,10955290.86,0.00015808
31/12/2024,HESTA,Balanced Growth,Listed Equity,1,Packaging Corp of America,,US6951561090,United States,6892.846402,,,2506317.552,3.616e-05
31/12/2024,HESTA,Balanced Growth,Listed Equity,1,Page Industries Ltd,,INE761H01022,India,364.167669,,,326427.7701,4.71e-06
31/12/2024,HESTA,Balanced Growth,Listed Equity,1,Paladin Energy Ltd,,AU000000PDN8,Australia,1351475.836,,,10217157.32,0.00014743
31/12/2024,HESTA,Balanced Growth,Listed Equity,1,Palantir Technologies Inc,,US69608A1088,United States,300079.485,,,36655110.15,0.00052891
31/12/2024,HESTA,Balanced Growth,Listed Equity,1,Palo Alto Networks Inc,,US6974351057,United States,96246.14385,,,28285469.32,0.00040814
31/12/2024,HESTA,Balanced Growth,Listed Equity,1,Pan American Silver Corp,,CA6979001089,Canada,45219.6848,,,1476748.514,2.131e-05
31/12/2024,HESTA,Balanced Growth,Listed Equity,1,Panasonic Holdings Corp,,JP3866800000,Japan,160625.9893,,,2712160.249,3.913e-05
31/12/2024,HESTA,Balanced Growth,Listed Equity,1,Pandora A/S,,DK0060252690,Denmark,32356.37987,,,9556980.393,0.0001379
31/12/2024,HESTA,Balanced Growth,Listed Equity,1,Pan Pacific International Holdings Corp,,JP3639650005,Japan,19329.55202,,,857363.9031,1.237e-05
31/12/2024,HESTA,Balanced Growth,Listed Equity,1,Parker-Hannifin Corp,,US7010941042,United States,20869.68559,,,21438659.65,0.00030934
31/12/2024,HESTA,Balanced Growth,Listed Equity,1,Parkland Corp,,CA70137W1086,Canada,30124.29476,,,1099812.04,1.587e-05
31/12/2024,HESTA,Balanced Growth,Listed Equity,1,Partners Group Holding AG,,CH0024608827,Switzerland,9593.839447,,,21030685.03,0.00030346
31/12/2024,HESTA,Balanced Growth,Listed Equity,1,Patriot Battery Metals Inc,,AU0000251258,Australia,9270990.482,,,3754751.146,5.418e-05
31/12/2024,HESTA,Balanced Growth,Listed Equity,1,Paychex Inc,,US7043261079,United States,66883.1661,,,15147149.39,0.00021856
31/12/2024,HESTA,Balanced Growth,Listed Equity,1,Paycom Software Inc,,US70432V1026,United States,9752.729932,,,3228647.429,4.659e-05
31/12/2024,HESTA,Balanced Growth,Listed Equity,1,PayPal Holdings Inc,,US70450Y1038,United States,154365.4694,,,21279322.97,0.00030704
31/12/2024,HESTA,Balanced Growth,Listed Equity,1,PB Fintech Ltd,,INE417T01026,India,19164.32357,,,762429.4298,1.1e-05
31/12/2024,HESTA,Balanced Growth,Listed Equity,1,PDD Holdings Inc,,US7223041028,Germany,329757.4527,,,51656586.2,0.00074537
31/12/2024,HESTA,Balanced Growth,Listed Equity,1,Pearson PLC,,GB0006776081,United Kingdom,30632.65017,,,794364.0951,1.146e-05
31/12/2024,HESTA,Balanced Growth,Listed Equity,1,Peet Ltd,,AU000000PPC5,Australia,3077298.799,,,4477469.756,6.461e-05
31/12/2024,HESTA,Balanced Growth,Listed Equity,1,Pegasus Hava Tasimaciligi AS,,TREPEGS00016,Turkey,12882.43128,,,125332.3106,1.81e-06
31/12/2024,HESTA,Balanced Growth,Listed Equity,1,Pegatron Corp,,TW0004938006,Taiwan,118679.642,,,537312.78,7.75e-06
31/12/2024,HESTA,Balanced Growth,Listed Equity,1,Pembina Pipeline Corp,,CA7063271034,Canada,29127.83485,,,1737277.175,2.507e-05
31/12/2024,HESTA,Balanced Growth,Listed Equity,1,Pentair PLC,,IE00BLS09M33,United States,47374.37362,,,7700487.701,0.00011111
31/12/2024,HESTA,Balanced Growth,Listed Equity,1,People's Insurance Co Group of China Ltd/The,,CNE100003F27,China,33734.28181,,,56879.03115,8.2e-07
31/12/2024,HESTA,Balanced Growth,Listed Equity,1,People's Insurance Co Group of China Ltd/The,,CNE100001MK7,Hong Kong,3881719.147,,,3123436.04,4.507e-05
31/12/2024,HESTA,Balanced Growth,Listed Equity,1,Pepkor Holdings Ltd,,ZAE000259479,South Africa,154527.3969,,,382900.6893,5.52e-06
31/12/2024,HESTA,Balanced Growth,Listed Equity,1,PepsiCo Inc,,US7134481081,United States,297436.3637,,,73048814.43,0.00105404
31/12/2024,HESTA,Balanced Growth,Listed Equity,1,Perenti Ltd,,AU0000061897,Australia,1898422.334,,,2648299.161,3.821e-05
31/12/2024,HESTA,Balanced Growth,Listed Equity,1,Pernod Ricard SA,,FR0000120693,France,99476.54239,,,18134316.6,0.00026166
31/12/2024,HESTA,Balanced Growth,Listed Equity,1,Perpetual Ltd,,AU000000PPT9,Australia,417589.1598,,,8305848.388,0.00011985
31/12/2024,HESTA,Balanced Growth,Listed Equity,1,Perseus Mining Ltd,,AU000000PRU3,Australia,5868948.243,,,15083196.99,0.00021764
31/12/2024,HESTA,Balanced Growth,Listed Equity,1,Persimmon PLC,,GB0006825383,United Kingdom,25980.3749,,,629577.5673,9.08e-06
31/12/2024,HESTA,Balanced Growth,Listed Equity,1,Persistent Systems Ltd,,INE262H01021,India,6589.158755,,,802727.8014,1.158e-05
31/12/2024,HESTA,Balanced Growth,Listed Equity,1,Persol Holdings Co Ltd,,JP3547670004,Japan,998853.673,,,2427699.816,3.503e-05
31/12/2024,HESTA,Balanced Growth,Listed Equity,1,PetroChina Co Ltd,,CNE1000003W8,Hong Kong,1231369.758,,,1564325.902,2.257e-05
31/12/2024,HESTA,Balanced Growth,Listed Equity,1,PetroChina Co Ltd,,CNE1000007Q1,China,77060.47989,,,152438.6108,2.2e-06
31/12/2024,HESTA,Balanced Growth,Listed Equity,1,Petroleo Brasileiro SA,,US71654V1017,United States,115993.813,,,2218148.662,3.201e-05
31/12/2024,HESTA,Balanced Growth,Listed Equity,1,Petroleo Brasileiro SA,,BRPETRACNOR9,Brazil,213850.283,,,2203346.978,3.179e-05
31/12/2024,HESTA,Balanced Growth,Listed Equity,1,Petroleo Brasileiro SA,,BRPETRACNPR6,Brazil,259535.7883,,,2455570.83,3.543e-05
31/12/2024,HESTA,Balanced Growth,Listed Equity,1,Petroleo Brasileiro SA,,US71654V4086,United States,395715.1339,,,8219165.99,0.0001186
31/12/2024,HESTA,Balanced Growth,Listed Equity,1,Petronas Chemicals Group Bhd,,MYL5183OO008,Malaysia,166395.3611,,,310729.5262,4.48e-06
31/12/2024,HESTA,Balanced Growth,Listed Equity,1,Petronas Dagangan Bhd,,MYL5681OO001,Malaysia,17720.65888,,,123662.4231,1.78e-06
31/12/2024,HESTA,Balanced Growth,Listed Equity,1,Petronas Gas Bhd,,MYL6033OO004,Malaysia,47065.41968,,,300562.6151,4.34e-06
31/12/2024,HESTA,Balanced Growth,Listed Equity,1,Petronet LNG Ltd,,INE347G01014,India,44570.70858,,,291096.5562,4.2e-06
31/12/2024,HESTA,Balanced Growth,Listed Equity,1,PEXA Group Ltd,,AU0000158594,Australia,1689307.304,,,22062353.4,0.00031834
31/12/2024,HESTA,Balanced Growth,Listed Equity,1,Pfizer Inc,,US7170811035,United States,982135.028,,,42083569.88,0.00060723
31/12/2024,HESTA,Balanced Growth,Listed Equity,1,PG&E Corp,,US69331C1080,United States,178807.5277,,,5827886.476,8.409e-05
31/12/2024,HESTA,Balanced Growth,Listed Equity,1,PGE Polska Grupa Energetyczna SA,,PLPGER000010,Poland,53335.11885,,,126588.0632,1.83e-06
31/12/2024,HESTA,Balanced Growth,Listed Equity,1,PharmaEssentia Corp,,TW0006446008,Taiwan,13818.86243,,,418680.6017,6.04e-06
31/12/2024,HESTA,Balanced Growth,Listed Equity,1,Phillips 66,,US7185461040,United States,40991.04291,,,7542775.609,0.00010884
31/12/2024,HESTA,Balanced Growth,Listed Equity,1,Phoenix Group Holdings PLC,,GB00BGXQNP29,United Kingdom,52881.14519,,,545529.2527,7.87e-06
31/12/2024,HESTA,Balanced Growth,Listed Equity,1,Phoenix Mills Ltd/The,,INE211B01039,India,11354.22767,,,350001.6683,5.05e-06
31/12/2024,HESTA,Balanced Growth,Listed Equity,1,PICC Property & Casualty Co Ltd,,CNE100000593,Hong Kong,415578.9265,,,1059355.023,1.529e-05
31/12/2024,HESTA,Balanced Growth,Listed Equity,1,Pidilite Industries Ltd,,INE318A01026,India,8821.311475,,,483312.0472,6.97e-06
31/12/2024,HESTA,Balanced Growth,Listed Equity,1,PI Industries Ltd,,INE603J01030,India,4378.953641,,,304470.2805,4.39e-06
31/12/2024,HESTA,Balanced Growth,Listed Equity,1,Pilbara Minerals Ltd,,AU000000PLS0,Australia,24162926.22,,,52916808.43,0.00076355
31/12/2024,HESTA,Balanced Growth,Listed Equity,1,Ping An Bank Co Ltd,,CNE000000040,China,69217.86903,,,179196.6269,2.59e-06
31/12/2024,HESTA,Balanced Growth,Listed Equity,1,Ping An Insurance Group Co of China Ltd,,CNE1000003X6,Hong Kong,3237349.58,,,30996793.88,0.00044726
31/12/2024,HESTA,Balanced Growth,Listed Equity,1,Ping An Insurance Group Co of China Ltd,,CNE000001R84,China,37538.53335,,,437322.1008,6.31e-06
31/12/2024,HESTA,Balanced Growth,Listed Equity,1,Pinnacle Investment Management Group Ltd,,AU000000PNI7,Australia,2587919.963,,,59133971.15,0.00085326
31/12/2024,HESTA,Balanced Growth,Listed Equity,1,Pinterest Inc,,US72352L1061,United States,184140.6273,,,8624853.733,0.00012445
31/12/2024,HESTA,Balanced Growth,Listed Equity,1,Piotech Inc,,CNE100005998,China,1855.791937,,,63102.1445,9.1e-07
31/12/2024,HESTA,Balanced Growth,Listed Equity,1,Piraeus Financial Holdings SA,,GRS014003032,Greece,61779.25667,,,397793.2611,5.74e-06
31/12/2024,HESTA,Balanced Growth,Listed Equity,1,Platinum Asset Management Ltd,,AU000000PTM6,Australia,21003.00862,,,14492.07594,2.1e-07
31/12/2024,HESTA,Balanced Growth,Listed Equity,1,PLDT Inc,,PHY7072Q1032,,4401.71412,,,159158.4716,2.3e-06
31/12/2024,HESTA,Balanced Growth,Listed Equity,1,PNC Financial Services Group Inc/The,,US6934751057,United States,33816.48711,,,10533004.19,0.00015198
31/12/2024,HESTA,Balanced Growth,Listed Equity,1,Polycab India Ltd,,INE455K01017,India,3324.655725,,,456122.9395,6.58e-06
31/12/2024,HESTA,Balanced Growth,Listed Equity,1,Poly Developments and Holdings Group Co Ltd,,CNE000001ND1,China,42708.41365,,,83728.42242,1.21e-06
31/12/2024,HESTA,Balanced Growth,Listed Equity,1,PolyNovo Ltd,,AU000000PNV0,Australia,2652212.715,,,5410513.939,7.807e-05
31/12/2024,HESTA,Balanced Growth,Listed Equity,1,Pool Corp,,US73278L1052,United States,5352.203635,,,2947234.605,4.253e-05
31/12/2024,HESTA,Balanced Growth,Listed Equity,1,Pop Mart International Group Ltd,,KYG7170M1033,Hong Kong,255530.5303,,,4763110.232,6.873e-05
31/12/2024,HESTA,Balanced Growth,Listed Equity,1,Porsche Automobil Holding SE,,DE000PAH0038,Germany,33854.091,,,2058114.757,2.97e-05
31/12/2024,HESTA,Balanced Growth,Listed Equity,1,Posco DX Co Ltd,,KR7022100002,South Korea,3087.296441,,,64626.20245,9.3e-07
31/12/2024,HESTA,Balanced Growth,Listed Equity,1,POSCO Future M Co Ltd,,KR7003670007,South Korea,1794.801926,,,279809.5471,4.04e-06
31/12/2024,HESTA,Balanced Growth,Listed Equity,1,POSCO Holdings Inc,,KR7005490008,South Korea,3980.416623,,,1107027.527,1.597e-05
31/12/2024,HESTA,Balanced Growth,Listed Equity,1,Posco International Corp,,KR7047050000,South Korea,3136.068897,,,136420.8341,1.97e-06
31/12/2024,HESTA,Balanced Growth,Listed Equity,1,Postal Savings Bank of China Co Ltd,,CNE100003PZ4,China,103722.7556,,,130361.1329,1.88e-06
31/12/2024,HESTA,Balanced Growth,Listed Equity,1,Postal Savings Bank of China Co Ltd,,CNE1000029W3,Hong Kong,472279.9453,,,449741.0474,6.49e-06
31/12/2024,HESTA,Balanced Growth,Listed Equity,1,Poste Italiane SpA,,IT0003796171,Italy,143401.5893,,,3266518.228,4.713e-05
31/12/2024,HESTA,Balanced Growth,Listed Equity,1,Pou Chen Corp,,TW0009904003,Taiwan,131685.6302,,,239386.7957,3.45e-06
31/12/2024,HESTA,Balanced Growth,Listed Equity,1,Power Assets Holdings Ltd,,HK0006000050,Hong Kong,303951.6166,,,3425321.075,4.942e-05
31/12/2024,HESTA,Balanced Growth,Listed Equity,1,Power Construction Corp of China Ltd,,CNE1000017G1,China,81827.98743,,,98859.92233,1.43e-06
31/12/2024,HESTA,Balanced Growth,Listed Equity,1,Power Corp of Canada,,CA7392391016,Canada,57751.27967,,,2908116.668,4.196e-05
31/12/2024,HESTA,Balanced Growth,Listed Equity,1,Power Finance Corp Ltd,,INE134E01011,India,86381.06141,,,730872.2138,1.055e-05
31/12/2024,HESTA,Balanced Growth,Listed Equity,1,Power Grid Corp of India Ltd,,INE752E01010,India,1533403.125,,,8930040.725,0.00012885
31/12/2024,HESTA,Balanced Growth,Listed Equity,1,Powszechna Kasa Oszczednosci Bank Polski SA,,PLPKO0000016,Poland,268914.2122,,,6283695.841,9.067e-05
31/12/2024,HESTA,Balanced Growth,Listed Equity,1,Powszechny Zaklad Ubezpieczen SA,,PLPZU0000011,Poland,33303.39029,,,596930.6372,8.61e-06
31/12/2024,HESTA,Balanced Growth,Listed Equity,1,PPB Group Bhd,,MYL4065OO008,Malaysia,38042.51539,,,170389.0449,2.46e-06
31/12/2024,HESTA,Balanced Growth,Listed Equity,1,PPG Industries Inc,,US6935061076,United States,43576.16612,,,8406966.076,0.00012131
31/12/2024,HESTA,Balanced Growth,Listed Equity,1,PPL Corp,,US69351T1060,United States,52542.1312,,,2754611.289,3.975e-05
31/12/2024,HESTA,Balanced Growth,Listed Equity,1,Praemium Ltd,,AU000000PPS1,Australia,720877.714,,,529845.1198,7.65e-06
31/12/2024,HESTA,Balanced Growth,Listed Equity,1,Predictive Discovery Ltd,,AU000000PDI8,Australia,66809.6646,,,15366.22286,2.2e-07
31/12/2024,HESTA,Balanced Growth,Listed Equity,1,Premier Investments Ltd,,AU000000PMV2,Australia,480645.1039,,,15443127.19,0.00022283
31/12/2024,HESTA,Balanced Growth,Listed Equity,1,President Chain Store Corp,,TW0002912003,Taiwan,34953.5932,,,452879.8638,6.53e-06
31/12/2024,HESTA,Balanced Growth,Listed Equity,1,Press Metal Aluminium Holdings Bhd,,MYL8869OO009,Malaysia,220370.212,,,390031.5475,5.63e-06
31/12/2024,HESTA,Balanced Growth,Listed Equity,1,Prestige Estates Projects Ltd,,INE811K01011,India,10090.2082,,,322458.627,4.65e-06
31/12/2024,HESTA,Balanced Growth,Listed Equity,1,Principal Financial Group Inc,,US74251V1026,United States,28760.436,,,3595809.334,5.188e-05
31/12/2024,HESTA,Balanced Growth,Listed Equity,1,PRIO SA/Brazil,,BRPRIOACNOR1,Brazil,422397.3951,,,4433772.551,6.398e-05
31/12/2024,HESTA,Balanced Growth,Listed Equity,1,Procter & Gamble Co/The,,US7427181091,United States,486381.4999,,,131699682.6,0.00190033
31/12/2024,HESTA,Balanced Growth,Listed Equity,1,Progressive Corp/The,,US7433151039,United States,86789.23812,,,33587287.96,0.00048464
31/12/2024,HESTA,Balanced Growth,Listed Equity,1,Pro Medicus Ltd,,AU000000PME8,Australia,214541.8387,,,53661204.69,0.00077429
31/12/2024,HESTA,Balanced Growth,Listed Equity,1,Promotora y Operadora de Infraestructura SAB de CV,,MX01PI000005,Mexico,11294.88785,,,154966.7229,2.24e-06
31/12/2024,HESTA,Balanced Growth,Listed Equity,1,Propel Funeral Partners Ltd,,AU000000PFP8,Australia,1332.70364,,,7822.970364,1.1e-07
31/12/2024,HESTA,Balanced Growth,Listed Equity,1,Prosus NV,,NL0013654783,Netherlands,117284.4211,,,7522456.949,0.00010854
31/12/2024,HESTA,Balanced Growth,Listed Equity,1,Proya Cosmetics Co Ltd,,CNE100002TP9,China,175184.0918,,,3283249.067,4.737e-05
31/12/2024,HESTA,Balanced Growth,Listed Equity,1,Prudential Financial Inc,,US7443201022,United States,51140.72277,,,9790373.686,0.00014127
31/12/2024,HESTA,Balanced Growth,Listed Equity,1,Prudential PLC,,GB0007099541,United Kingdom,159499.4435,,,2055159.903,2.965e-05
31/12/2024,HESTA,Balanced Growth,Listed Equity,1,Prysmian SpA,,IT0004176001,Italy,49698.56233,,,5125088.397,7.395e-05
31/12/2024,HESTA,Balanced Growth,Listed Equity,1,PTC Inc,,US69370C1009,United States,26641.81059,,,7911862.578,0.00011416
31/12/2024,HESTA,Balanced Growth,Listed Equity,1,PTT Exploration & Production PCL,,TH0355A10Z12,United States,626668.2714,,,3532628.407,5.097e-05
31/12/2024,HESTA,Balanced Growth,Listed Equity,1,PTT Exploration & Production PCL,,TH0355010R16,Thailand,81531.28833,,,459604.797,6.63e-06
31/12/2024,HESTA,Balanced Growth,Listed Equity,1,PTT Global Chemical PCL,,TH1074010R12,Thailand,133961.6781,,,154840.1909,2.23e-06
31/12/2024,HESTA,Balanced Growth,Listed Equity,1,PTT Oil & Retail Business PCL,,THA099010R13,Thailand,178263.3253,,,112312.2029,1.62e-06
31/12/2024,HESTA,Balanced Growth,Listed Equity,1,PTT PCL,,TH0646010Z18,United States,2881.849782,,,4334.393736,6e-08
31/12/2024,HESTA,Balanced Growth,Listed Equity,1,PTT PCL,,TH0646010R18,Thailand,589577.7011,,,886743.6074,1.28e-05
31/12/2024,HESTA,Balanced Growth,Listed Equity,1,Public Bank Bhd,,MYL1295OO004,Malaysia,852767.2347,,,1404578.815,2.027e-05
31/12/2024,HESTA,Balanced Growth,Listed Equity,1,Publicis Groupe SA,,FR0000130577,France,144213.7587,,,24842650.82,0.00035846
31/12/2024,HESTA,Balanced Growth,Listed Equity,1,Public Power Corp SA,,GRS434003000,Greece,12485.74864,,,257681.8071,3.72e-06
31/12/2024,HESTA,Balanced Growth,Listed Equity,1,Public Service Enterprise Group Inc,,US7445731067,United States,34836.21011,,,4753793.737,6.859e-05
31/12/2024,HESTA,Balanced Growth,Listed Equity,1,PulteGroup Inc,,US7458671010,United States,68619.09028,,,12069157.6,0.00017415
31/12/2024,HESTA,Balanced Growth,Listed Equity,1,Puma SE,,DE0006969603,Germany,9548.756583,,,708422.5504,1.022e-05
31/12/2024,HESTA,Balanced Growth,Listed Equity,1,Punjab National Bank,,INE160A01022,India,128002.4969,,,248191.8497,3.58e-06
31/12/2024,HESTA,Balanced Growth,Listed Equity,1,Pure Storage Inc,,US74624M1027,United States,33287.32554,,,3302657.526,4.765e-05
31/12/2024,HESTA,Balanced Growth,Listed Equity,1,PWR Holdings Ltd,,AU000000PWH0,Australia,138222.3273,,,1086427.492,1.568e-05
31/12/2024,HESTA,Balanced Growth,Listed Equity,1,PYC Therapeutics Ltd,,AU000000PYC7,Australia,9340990.571,,,12330107.55,0.00017791
31/12/2024,HESTA,Balanced Growth,Listed Equity,1,Qantas Airways Ltd,,AU000000QAN2,Australia,4502982.491,,,40391752.95,0.00058282
31/12/2024,HESTA,Balanced Growth,Listed Equity,1,Qatar Electricity & Water Co QSC,,QA0006929812,Qatar,26147.72634,,,182102.9044,2.63e-06
31/12/2024,HESTA,Balanced Growth,Listed Equity,1,Qatar Fuel QSC,,QA0001200771,Qatar,35451.88512,,,235892.3549,3.4e-06
31/12/2024,HESTA,Balanced Growth,Listed Equity,1,Qatar Gas Transport Co Ltd,,QA000A0KD6L1,Qatar,148159.34,,,272681.5482,3.93e-06
31/12/2024,HESTA,Balanced Growth,Listed Equity,1,Qatar International Islamic Bank QSC,,QA0006929879,Qatar,58470.04556,,,282711.3274,4.08e-06
31/12/2024,HESTA,Balanced Growth,Listed Equity,1,Qatar Islamic Bank QPSC,,QA0006929853,Qatar,98585.1558,,,934105.7717,1.348e-05
31/12/2024,HESTA,Balanced Growth,Listed Equity,1,Qatar National Bank QPSC,,QA0006929895,Qatar,268403.9634,,,2058577.39,2.97e-05
31/12/2024,HESTA,Balanced Growth,Listed Equity,1,QBE Insurance Group Ltd,,AU000000QBE9,Australia,8543512.643,,,164035442.7,0.00236691
31/12/2024,HESTA,Balanced Growth,Listed Equity,1,QIAGEN NV,,NL0015001WM6,Italy,16301.16109,,,1173532.891,1.693e-05
31/12/2024,HESTA,Balanced Growth,Listed Equity,1,Qifu Technology Inc,,US88557W1018,United States,6615.983606,,,410112.9802,5.92e-06
31/12/2024,HESTA,Balanced Growth,Listed Equity,1,Qinghai Salt Lake Industry Co Ltd,,CNE000000SW2,China,28153.90001,,,102540.1943,1.48e-06
31/12/2024,HESTA,Balanced Growth,Listed Equity,1,QL Resources Bhd,,MYL7084OO006,Malaysia,97666.8424,,,167920.9473,2.42e-06
31/12/2024,HESTA,Balanced Growth,Listed Equity,1,Qorvo Inc,,US74736K1016,United States,57909.78742,,,6540630.598,9.438e-05
31/12/2024,HESTA,Balanced Growth,Listed Equity,1,QUALCOMM Inc,,US7475251036,United States,271617.0946,,,67392098.95,0.00097242
31/12/2024,HESTA,Balanced Growth,Listed Equity,1,Qualitas Real Estate Income Fund,,AU0000027310,Australia,8292.093748,,,13889.25703,2e-07
31/12/2024,HESTA,Balanced Growth,Listed Equity,1,Quanta Computer Inc,,TW0002382009,Taiwan,687960.5323,,,9727043.407,0.00014035
31/12/2024,HESTA,Balanced Growth,Listed Equity,1,Quanta Services Inc,,US74762E1029,United States,15770.55552,,,8050204.417,0.00011616
31/12/2024,HESTA,Balanced Growth,Listed Equity,1,Qube Holdings Ltd,,AU000000QUB5,Australia,17157583.99,,,68115608.43,0.00098286
31/12/2024,HESTA,Balanced Growth,Listed Equity,1,Quebecor Inc,,CA7481932084,Canada,3712.604821,,,131333.0043,1.9e-06
31/12/2024,HESTA,Balanced Growth,Listed Equity,1,Quest Diagnostics Inc,,US74834L1008,United States,11836.60959,,,2884068.362,4.161e-05
31/12/2024,HESTA,Balanced Growth,Listed Equity,1,Raia Drogasil SA,,BRRADLACNOR0,Brazil,77045.24033,,,443134.0496,6.39e-06
31/12/2024,HESTA,Balanced Growth,Listed Equity,1,Rail Vikas Nigam Ltd,,INE415G01027,India,30087.72788,,,239928.6495,3.46e-06
31/12/2024,HESTA,Balanced Growth,Listed Equity,1,Rakuten Group Inc,,JP3967200001,Japan,113555.2155,,,1002332.142,1.446e-05
31/12/2024,HESTA,Balanced Growth,Listed Equity,1,Ramelius Resources Ltd,,AU000000RMS4,Australia,3721740.904,,,7704003.671,0.00011116
31/12/2024,HESTA,Balanced Growth,Listed Equity,1,Ramsay Health Care Ltd,,AU000000RHC8,Australia,2084574.751,,,72001211.91,0.00103892
31/12/2024,HESTA,Balanced Growth,Listed Equity,1,Randstad NV,,NL0000379121,Netherlands,8208.958384,,,558911.6611,8.06e-06
31/12/2024,HESTA,Balanced Growth,Listed Equity,1,Range Intelligent Computing Technology Group Co Ltd,,CNE100001Z58,China,10486.07796,,,120561.3159,1.74e-06
31/12/2024,HESTA,Balanced Growth,Listed Equity,1,Rational AG,,DE0007010803,Germany,326.537774,,,450002.2112,6.49e-06
31/12/2024,HESTA,Balanced Growth,Listed Equity,1,Raymond James Financial Inc,,US7547301090,United States,19496.84506,,,4891294.419,7.058e-05
31/12/2024,HESTA,Balanced Growth,Listed Equity,1,RB Global Inc,,CA74935Q1072,United States,11318.78282,,,1649142.681,2.38e-05
31/12/2024,HESTA,Balanced Growth,Listed Equity,1,REA Group Ltd,,AU000000REA9,Australia,570122.391,,,133015255.1,0.00191931
31/12/2024,HESTA,Balanced Growth,Listed Equity,1,Realtek Semiconductor Corp,,TW0002379005,Taiwan,179758.2756,,,5030054.177,7.258e-05
31/12/2024,HESTA,Balanced Growth,Listed Equity,1,Reckitt Benckiser Group PLC,,GB00B24CGK77,United Kingdom,43982.06028,,,4299712.11,6.204e-05
31/12/2024,HESTA,Balanced Growth,Listed Equity,1,REC Ltd,,INE020B01018,India,77048.65609,,,727785.0421,1.05e-05
31/12/2024,HESTA,Balanced Growth,Listed Equity,1,Recordati Industria Chimica e Farmaceutica SpA,,IT0003828271,Italy,5110.278493,,,432463.1391,6.24e-06
31/12/2024,HESTA,Balanced Growth,Listed Equity,1,Recruit Holdings Co Ltd,,JP3970300004,Japan,214243.2715,,,24538569.01,0.00035407
31/12/2024,HESTA,Balanced Growth,Listed Equity,1,Rede D'Or Sao Luiz SA,,BRRDORACNOR8,Brazil,46285.87327,,,307603.0492,4.44e-06
31/12/2024,HESTA,Balanced Growth,Listed Equity,1,Redeia Corp SA,,ES0173093024,Spain,41546.00072,,,1146481.851,1.654e-05
31/12/2024,HESTA,Balanced Growth,Listed Equity,1,Redox Ltd/Australia,,AU0000284895,Australia,4319929.304,,,19698877.63,0.00028424
31/12/2024,HESTA,Balanced Growth,Listed Equity,1,Reece Ltd,,AU000000REH4,Australia,2547306.194,,,57008712.63,0.00082259
31/12/2024,HESTA,Balanced Growth,Listed Equity,1,Regeneron Pharmaceuticals Inc,,US75886F1075,United States,12216.11622,,,14054600.77,0.0002028
31/12/2024,HESTA,Balanced Growth,Listed Equity,1,Regions Financial Corp,,US7591EP1005,United States,22198.90194,,,843282.1971,1.217e-05
31/12/2024,HESTA,Balanced Growth,Listed Equity,1,Regis Healthcare Ltd,,AU000000REG6,Australia,1110.891137,,,6665.346825,1e-07
31/12/2024,HESTA,Balanced Growth,Listed Equity,1,Regis Resources Ltd,,AU000000RRL8,Australia,3405011.782,,,8682780.043,0.00012529
31/12/2024,HESTA,Balanced Growth,Listed Equity,1,Reinet Investments SCA,,LU0383812293,Netherlands,8150.69021,,,311953.1864,4.5e-06
31/12/2024,HESTA,Balanced Growth,Listed Equity,1,Reliance Inc,,US7595091023,United States,10625.1813,,,4620748.313,6.667e-05
31/12/2024,HESTA,Balanced Growth,Listed Equity,1,Reliance Industries Ltd,,INE002A01018,India,965971.1493,,,22149387.41,0.0003196
31/12/2024,HESTA,Balanced Growth,Listed Equity,1,Reliance Worldwide Corp Ltd,,AU000000RWC7,Australia,9472618.893,,,47552546.84,0.00068615
31/12/2024,HESTA,Balanced Growth,Listed Equity,1,RELX PLC,,GB00B2B0DG97,United Kingdom,150278.4887,,,11031404.25,0.00015917
31/12/2024,HESTA,Balanced Growth,Listed Equity,1,Remgro Ltd,,ZAE000026480,South Africa,26500.51377,,,351801.9003,5.08e-06
31/12/2024,HESTA,Balanced Growth,Listed Equity,1,Renault SA,,FR0000131906,France,58894.78144,,,4634367.366,6.687e-05
31/12/2024,HESTA,Balanced Growth,Listed Equity,1,Renesas Electronics Corp,,JP3164720009,Japan,91342.7118,,,1921089.584,2.772e-05
31/12/2024,HESTA,Balanced Growth,Listed Equity,1,Rentokil Initial PLC,,GB00B082RF11,United Kingdom,130189.9096,,,1055484.958,1.523e-05
31/12/2024,HESTA,Balanced Growth,Listed Equity,1,Repsol SA,,ES0173516115,Spain,178380.9338,,,3487522.019,5.032e-05
31/12/2024,HESTA,Balanced Growth,Listed Equity,1,Republic Services Inc,,US7607591002,United States,72016.25783,,,23400195.03,0.00033765
31/12/2024,HESTA,Balanced Growth,Listed Equity,1,ResMed Inc,,US7611521078,United States,21618.80091,,,7985146.7,0.00011522
31/12/2024,HESTA,Balanced Growth,Listed Equity,1,ResMed Inc,,AU000000RMD6,Australia,4865244.468,,,178895039.1,0.00258132
31/12/2024,HESTA,Balanced Growth,Listed Equity,1,Resolute Mining Ltd,,AU000000RSG6,Australia,2366626.24,,,934817.3698,1.349e-05
31/12/2024,HESTA,Balanced Growth,Listed Equity,1,Resona Holdings Inc,,JP3500610005,Japan,200312.0137,,,2356051.413,3.4e-05
31/12/2024,HESTA,Balanced Growth,Listed Equity,1,Restaurant Brands International Inc,,CA76131D1033,United States,25226.30607,,,2654186.942,3.83e-05
31/12/2024,HESTA,Balanced Growth,Listed Equity,1,Revvity Inc,,US7140461093,United States,11618.75084,,,2094433.944,3.022e-05
31/12/2024,HESTA,Balanced Growth,Listed Equity,1,Rexel SA,,FR0010451203,France,13783.65059,,,567091.8057,8.18e-06
31/12/2024,HESTA,Balanced Growth,Listed Equity,1,RHB Bank Bhd,,MYL1066OO009,Malaysia,88359.43211,,,206813.404,2.98e-06
31/12/2024,HESTA,Balanced Growth,Listed Equity,1,Rheinmetall AG,,DE0007030009,Germany,7665.304137,,,7879088.183,0.00011369
31/12/2024,HESTA,Balanced Growth,Listed Equity,1,Richter Gedeon Nyrt,,HU0000123096,,20659.5222,,,873535.0893,1.26e-05
31/12/2024,HESTA,Balanced Growth,Listed Equity,1,Ricoh Co Ltd,,JP3973400009,Japan,439227.2784,,,8176917.413,0.00011799
31/12/2024,HESTA,Balanced Growth,Listed Equity,1,Ridley Corp Ltd,,AU000000RIC6,Germany,400196.2057,,,1080529.755,1.559e-05
31/12/2024,HESTA,Balanced Growth,Listed Equity,1,Rio Tinto Ltd,,AU000000RIO1,Australia,2611104.802,,,306700370.0,0.00442545
31/12/2024,HESTA,Balanced Growth,Listed Equity,1,Rio Tinto PLC,,GB0007188757,United Kingdom,53028.28118,,,5066085.431,7.31e-05
31/12/2024,HESTA,Balanced Growth,Listed Equity,1,Rivian Automotive Inc,,US76954A1034,United States,477978.7329,,,10267491.16,0.00014815
31/12/2024,HESTA,Balanced Growth,Listed Equity,1,Robert Half Inc,,US7703231032,United States,23215.83008,,,2641988.836,3.812e-05
31/12/2024,HESTA,Balanced Growth,Listed Equity,1,Robinhood Markets Inc,,US7707001027,United States,96743.18482,,,5821935.019,8.401e-05
31/12/2024,HESTA,Balanced Growth,Listed Equity,1,Robinsons Retail Holdings Inc,,PHY7318T1017,,486395.8684,,,488911.824,7.05e-06
31/12/2024,HESTA,Balanced Growth,Listed Equity,1,ROBLOX Corp,,US7710491033,United States,219348.6542,,,20498284.95,0.00029577
31/12/2024,HESTA,Balanced Growth,Listed Equity,1,Roche Holding AG,,CH0012032048,Switzerland,220730.1396,,,100509798.8,0.00145028
31/12/2024,HESTA,Balanced Growth,Listed Equity,1,Roche Holding AG,,CH0012032113,Switzerland,6369.310947,,,3071680.949,4.432e-05
31/12/2024,HESTA,Balanced Growth,Listed Equity,1,Rockwell Automation Inc,,US7739031091,United States,32149.63481,,,14839770.86,0.00021413
31/12/2024,HESTA,Balanced Growth,Listed Equity,1,ROCKWOOL A/S,,DK0010219153,United Kingdom,3854.925213,,,2206335.845,3.184e-05
31/12/2024,HESTA,Balanced Growth,Listed Equity,1,Rogers Communications Inc,,CA7751092007,Canada,24974.0937,,,1239362.489,1.788e-05
31/12/2024,HESTA,Balanced Growth,Listed Equity,1,Roku Inc,,US77543R1023,United States,26241.77161,,,3150792.704,4.546e-05
31/12/2024,HESTA,Balanced Growth,Listed Equity,1,Rollins Inc,,US7757111049,United States,54841.0687,,,4105440.579,5.924e-05
31/12/2024,HESTA,Balanced Growth,Listed Equity,1,Rolls-Royce Holdings PLC,,GB00B63H8491,United Kingdom,1046294.324,,,12033937.13,0.00017364
31/12/2024,HESTA,Balanced Growth,Listed Equity,1,Rongsheng Petrochemical Co Ltd,,CNE100000W60,China,50125.89127,,,100377.5179,1.45e-06
31/12/2024,HESTA,Balanced Growth,Listed Equity,1,Roper Technologies Inc,,US7766961061,United States,19431.28335,,,16314871.43,0.00023541
31/12/2024,HESTA,Balanced Growth,Listed Equity,1,Ross Stores Inc,,US7782961038,United States,34950.88662,,,8539159.529,0.00012321
31/12/2024,HESTA,Balanced Growth,Listed Equity,1,Royal Bank of Canada,,CA7800871021,Canada,128999.7143,,,25108573.41,0.0003623
31/12/2024,HESTA,Balanced Growth,Listed Equity,1,Royal Caribbean Cruises Ltd,,LR0008862868,United States,34648.03869,,,12909563.18,0.00018628
31/12/2024,HESTA,Balanced Growth,Listed Equity,1,Royalty Pharma PLC,,GB00BMVP7Y09,United States,42805.18388,,,1763644.089,2.545e-05
31/12/2024,HESTA,Balanced Growth,Listed Equity,1,RPMGlobal Holdings Ltd,,AU000000RUL2,Australia,1097937.984,,,3348710.85,4.832e-05
31/12/2024,HESTA,Balanced Growth,Listed Equity,1,RPM International Inc,,US7496851038,United States,33166.93529,,,6592139.313,9.512e-05
31/12/2024,HESTA,Balanced Growth,Listed Equity,1,Ruentex Development Co Ltd,,TW0009945006,Taiwan,92948.10731,,,196441.5186,2.83e-06
31/12/2024,HESTA,Balanced Growth,Listed Equity,1,Rumo SA,,BRRAILACNOR9,Brazil,77131.19995,,,359742.3487,5.19e-06
31/12/2024,HESTA,Balanced Growth,Listed Equity,1,RWE AG,,DE0007037129,Germany,548639.3334,,,26453649.6,0.00038171
31/12/2024,HESTA,Balanced Growth,Listed Equity,1,Ryman Healthcare Ltd,,NZRYME0001S4,New Zealand,4194581.284,,,17877029.94,0.00025795
31/12/2024,HESTA,Balanced Growth,Listed Equity,1,Saab AB,,SE0021921269,Sweden,43629.07969,,,1490410.733,2.151e-05
31/12/2024,HESTA,Balanced Growth,Listed Equity,1,Safran SA,,FR0000073272,France,45364.52313,,,16092037.38,0.0002322
31/12/2024,HESTA,Balanced Growth,Listed Equity,1,Sagax AB,,SE0005127818,,103096.6195,,,3408852.66,4.919e-05
31/12/2024,HESTA,Balanced Growth,Listed Equity,1,Sage Group PLC/The,,GB00B8C3BL03,United Kingdom,55459.98256,,,1428088.579,2.061e-05
31/12/2024,HESTA,Balanced Growth,Listed Equity,1,SAIC Motor Corp Ltd,,CNE000000TY6,China,27800.29971,,,127703.4324,1.84e-06
31/12/2024,HESTA,Balanced Growth,Listed Equity,1,Sailun Group Co Ltd,,CNE1000015F7,China,11380.23965,,,36084.72399,5.2e-07
31/12/2024,HESTA,Balanced Growth,Listed Equity,1,Salesforce Inc,,US79466L3024,United States,120435.1148,,,65032822.32,0.00093837
31/12/2024,HESTA,Balanced Growth,Listed Equity,1,Salmar ASA,,NO0010310956,Norway,4540.271011,,,348983.1641,5.04e-06
31/12/2024,HESTA,Balanced Growth,Listed Equity,1,Sampo Oyj,,FI4000552500,Finland,52165.90143,,,3435709.555,4.957e-05
31/12/2024,HESTA,Balanced Growth,Listed Equity,1,Samsara Inc,,US79589L1061,United States,314809.2229,,,22214350.23,0.00032054
31/12/2024,HESTA,Balanced Growth,Listed Equity,1,Samsung Biologics Co Ltd,,KR7207940008,South Korea,999.61072,,,1040756.282,1.502e-05
31/12/2024,HESTA,Balanced Growth,Listed Equity,1,Samsung C&T Corp,,KR7028260008,South Korea,5145.102113,,,648019.1075,9.35e-06
31/12/2024,HESTA,Balanced Growth,Listed Equity,1,Samsung E&A Co Ltd,,KR7028050003,South Korea,9317.977648,,,169188.7873,2.44e-06
31/12/2024,HESTA,Balanced Growth,Listed Equity,1,Samsung Electro-Mechanics Co Ltd,,KR7009150004,South Korea,3261.958367,,,443048.2089,6.39e-06
31/12/2024,HESTA,Balanced Growth,Listed Equity,1,Samsung Electronics Co Ltd,,KR7005930003,South Korea,2118160.435,,,123629584.2,0.00178388
31/12/2024,HESTA,Balanced Growth,Listed Equity,1,Samsung Electronics Co Ltd,,KR7005931001,South Korea,47913.50628,,,2323443.671,3.353e-05
31/12/2024,HESTA,Balanced Growth,Listed Equity,1,Samsung Fire & Marine Insurance Co Ltd,,KR7000810002,South Korea,1771.555351,,,696780.2192,1.005e-05
31/12/2024,HESTA,Balanced Growth,Listed Equity,1,Samsung Heavy Industries Co Ltd,,KR7010140002,South Korea,36606.97945,,,453831.1137,6.55e-06
31/12/2024,HESTA,Balanced Growth,Listed Equity,1,Samsung Life Insurance Co Ltd,,KR7032830002,South Korea,4754.501549,,,494498.8146,7.14e-06
31/12/2024,HESTA,Balanced Growth,Listed Equity,1,Samsung SDI Co Ltd,,KR7006400006,South Korea,3241.64052,,,880221.5166,1.27e-05
31/12/2024,HESTA,Balanced Growth,Listed Equity,1,Samsung SDS Co Ltd,,KR7018260000,South Korea,2298.808409,,,322318.7395,4.65e-06
31/12/2024,HESTA,Balanced Growth,Listed Equity,1,Samvardhana Motherson International Ltd,,INE775A01035,India,188877.0245,,,556286.0131,8.03e-06
31/12/2024,HESTA,Balanced Growth,Listed Equity,1,Sanan Optoelectronics Co Ltd,,CNE000000KB3,China,14144.01213,,,38088.06886,5.5e-07
31/12/2024,HESTA,Balanced Growth,Listed Equity,1,Sandfire Resources Ltd,,AU000000SFR8,Australia,4152005.371,,,38530609.84,0.00055597
31/12/2024,HESTA,Balanced Growth,Listed Equity,1,Sandoz Group AG,,CH1243598427,Switzerland,26951.70494,,,1785396.442,2.576e-05
31/12/2024,HESTA,Balanced Growth,Listed Equity,1,Sands China Ltd,,KYG7800X1079,Hong Kong,131195.5095,,,570115.4391,8.23e-06
31/12/2024,HESTA,Balanced Growth,Listed Equity,1,Sandvik AB,,SE0000667891,Sweden,61352.85366,,,1778396.881,2.566e-05
31/12/2024,HESTA,Balanced Growth,Listed Equity,1,Sanlam Ltd,,ZAE000070660,South Africa,999635.2011,,,7433501.711,0.00010726
31/12/2024,HESTA,Balanced Growth,Listed Equity,1,Sanofi SA,,FR0000120578,France,382551.6485,,,59974832.13,0.00086539
31/12/2024,HESTA,Balanced Growth,Listed Equity,1,Santander Bank Polska SA,,PLBZ00000044,Poland,2125.666191,,,380339.8996,5.49e-06
31/12/2024,HESTA,Balanced Growth,Listed Equity,1,Santos Ltd,,AU000000STO6,Australia,17794933.27,,,118870154.3,0.00171521
31/12/2024,HESTA,Balanced Growth,Listed Equity,1,Sany Heavy Industry Co Ltd,,CNE000001F70,China,27475.15,,,100189.6871,1.45e-06
31/12/2024,HESTA,Balanced Growth,Listed Equity,1,SAP SE,,DE0007164600,Germany,81551.02753,,,32229025.43,0.00046504
31/12/2024,HESTA,Balanced Growth,Listed Equity,1,Saputo Inc,,CA8029121057,Canada,8839.899707,,,248083.6869,3.58e-06
31/12/2024,HESTA,Balanced Growth,Listed Equity,1,Sartorius AG,,DE0007165631,Germany,1605.738746,,,577924.585,8.34e-06
31/12/2024,HESTA,Balanced Growth,Listed Equity,1,Sartorius Stedim Biotech,,FR0013154002,France,29835.64724,,,9415890.036,0.00013586
31/12/2024,HESTA,Balanced Growth,Listed Equity,1,Sasa Polyester Sanayi AS,,TRASASAW91E4,Turkey,660756.2229,,,122834.7545,1.77e-06
31/12/2024,HESTA,Balanced Growth,Listed Equity,1,Sasol Ltd,,ZAE000006896,South Africa,33996.79183,,,242302.8905,3.5e-06
31/12/2024,HESTA,Balanced Growth,Listed Equity,1,Satellite Chemical Co Ltd,,CNE100001B07,China,8396.178236,,,34908.7388,5e-07
31/12/2024,HESTA,Balanced Growth,Listed Equity,1,Sayona Mining Ltd,,AU000000SYA5,Australia,333997.9982,,,9017.946179,1.3e-07
31/12/2024,HESTA,Balanced Growth,Listed Equity,1,SBI Cards & Payment Services Ltd,,INE018E01016,India,16867.14091,,,211237.9274,3.05e-06
31/12/2024,HESTA,Balanced Growth,Listed Equity,1,SBI Holdings Inc,,JP3436120004,Japan,17508.53188,,,716494.6499,1.034e-05
31/12/2024,HESTA,Balanced Growth,Listed Equity,1,SBI Life Insurance Co Ltd,,INE123W01016,India,26938.95687,,,706611.9883,1.02e-05
31/12/2024,HESTA,Balanced Growth,Listed Equity,1,SCB X PCL,,THA790010013,Germany,2110701.044,,,11748377.17,0.00016952
31/12/2024,HESTA,Balanced Growth,Listed Equity,1,SCB X PCL,,THA790010R17,Thailand,49991.76702,,,278259.2719,4.02e-06
31/12/2024,HESTA,Balanced Growth,Listed Equity,1,Schindler Holding AG,,CH0024638212,Switzerland,1008.332364,,,444769.2649,6.42e-06
31/12/2024,HESTA,Balanced Growth,Listed Equity,1,Schindler Holding AG,,CH0024638196,Switzerland,1605.542068,,,716492.8763,1.034e-05
31/12/2024,HESTA,Balanced Growth,Listed Equity,1,Schlumberger NV,,AN8068571086,United States,428196.7617,,,26515487.12,0.0003826
31/12/2024,HESTA,Balanced Growth,Listed Equity,1,Schneider Electric SE,,FR0000121972,France,122043.0141,,,49170399.73,0.00070949
31/12/2024,HESTA,Balanced Growth,Listed Equity,1,Schroders PLC,,GB00BP9LHF23,United Kingdom,53413.63379,,,349629.1535,5.04e-06
31/12/2024,HESTA,Balanced Growth,Listed Equity,1,SCOR SE,,FR0010411983,France,551997.5425,,,21824214.96,0.00031491
31/12/2024,HESTA,Balanced Growth,Listed Equity,1,Scout24 SE,,DE000A12DM80,Germany,5209.126973,,,741393.0565,1.07e-05
31/12/2024,HESTA,Balanced Growth,Listed Equity,1,SCREEN Holdings Co Ltd,,JP3494600004,Japan,5792.81993,,,564960.6651,8.15e-06
31/12/2024,HESTA,Balanced Growth,Listed Equity,1,SCSK Corp,,JP3400400002,Japan,11625.26817,,,397960.1471,5.74e-06
31/12/2024,HESTA,Balanced Growth,Listed Equity,1,SD Guthrie Bhd,,MYL5285OO001,Malaysia,123313.0253,,,220477.8284,3.18e-06
31/12/2024,HESTA,Balanced Growth,Listed Equity,1,SDIC Power Holdings Co Ltd,,CNE000000JM2,China,41294.01243,,,151860.1614,2.19e-06
31/12/2024,HESTA,Balanced Growth,Listed Equity,1,Seagate Technology Holdings PLC,,IE00BKVD2N49,United States,262945.3508,,,36654790.0,0.0005289
31/12/2024,HESTA,Balanced Growth,Listed Equity,1,Sea Ltd,,US81141R1005,United States,174717.3204,,,29940253.07,0.00043201
31/12/2024,HESTA,Balanced Growth,Listed Equity,1,SEB SA,,FR0000121709,France,836.53146,,,122417.7374,1.77e-06
31/12/2024,HESTA,Balanced Growth,Listed Equity,1,Secom Co Ltd,,JP3421800008,Japan,37668.56932,,,2078425.672,2.999e-05
31/12/2024,HESTA,Balanced Growth,Listed Equity,1,Securitas AB,,SE0000163594,Sweden,57789.01628,,,1156431.615,1.669e-05
31/12/2024,HESTA,Balanced Growth,Listed Equity,1,SEEK Ltd,,AU000000SEK6,Australia,4143213.233,,,93512322.66,0.00134931
31/12/2024,HESTA,Balanced Growth,Listed Equity,1,SEI Investments Co,,US7841171033,United States,16334.41696,,,2175987.585,3.14e-05
31/12/2024,HESTA,Balanced Growth,Listed Equity,1,Seiko Epson Corp,,JP3414750004,Japan,304345.0208,,,8993765.122,0.00012977
31/12/2024,HESTA,Balanced Growth,Listed Equity,1,Sekisui Chemical Co Ltd,,JP3419400001,Japan,19802.81749,,,552533.723,7.97e-06
31/12/2024,HESTA,Balanced Growth,Listed Equity,1,Sekisui House Ltd,,JP3420600003,Japan,168915.4258,,,6565273.243,9.473e-05
31/12/2024,HESTA,Balanced Growth,Listed Equity,1,Select Harvests Ltd,,AU000000SHV6,Germany,4988.842238,,,21202.57951,3.1e-07
31/12/2024,HESTA,Balanced Growth,Listed Equity,1,Sembcorp Industries Ltd,,SG1R50925390,Singapore,21055.55375,,,137604.1491,1.99e-06
31/12/2024,HESTA,Balanced Growth,Listed Equity,1,Sempra,,US8168511090,United States,84548.94479,,,11978734.45,0.00017284
31/12/2024,HESTA,Balanced Growth,Listed Equity,1,Sendas Distribuidora S/A,,US81689T1043,United States,135794.0375,,,980375.2679,1.415e-05
31/12/2024,HESTA,Balanced Growth,Listed Equity,1,Sendas Distribuidora S/A,,BRASAIACNOR0,Brazil,7937294.527,,,11682815.58,0.00016857
31/12/2024,HESTA,Balanced Growth,Listed Equity,1,Seres Group Co Ltd,,CNE1000028B9,China,5202.395267,,,153550.8992,2.22e-06
31/12/2024,HESTA,Balanced Growth,Listed Equity,1,ServiceNow Inc,,US81762P1021,United States,20532.88374,,,35156780.6,0.00050729
31/12/2024,HESTA,Balanced Growth,Listed Equity,1,Service Stream Ltd,,AU000000SSM2,Australia,2873935.368,,,4483339.174,6.469e-05
31/12/2024,HESTA,Balanced Growth,Listed Equity,1,ServiceTitan Inc,,US81764X1037,United States,150.444845,,,24995.98029,3.6e-07
31/12/2024,HESTA,Balanced Growth,Listed Equity,1,SES SA,,LU0088087324,United States,143891.0078,,,735910.7507,1.062e-05
31/12/2024,HESTA,Balanced Growth,Listed Equity,1,Seven & i Holdings Co Ltd,,JP3422950000,Japan,155710.0324,,,3979736.782,5.742e-05
31/12/2024,HESTA,Balanced Growth,Listed Equity,1,Severn Trent PLC,,GB00B1FH8J72,United Kingdom,35567.80062,,,1804394.748,2.604e-05
31/12/2024,HESTA,Balanced Growth,Listed Equity,1,SF Holding Co Ltd,,CNE100000L63,China,17415.83103,,,155301.2695,2.24e-06
31/12/2024,HESTA,Balanced Growth,Listed Equity,1,SGH Ltd,,AU0000364754,Australia,1431821.052,,,66021268.72,0.00095264
31/12/2024,HESTA,Balanced Growth,Listed Equity,1,SG Holdings Co Ltd,,JP3162770006,Japan,20323.89452,,,314553.0293,4.54e-06
31/12/2024,HESTA,Balanced Growth,Listed Equity,1,SG Micro Corp,,CNE100002NT4,China,3566.079381,,,64530.32393,9.3e-07
31/12/2024,HESTA,Balanced Growth,Listed Equity,1,SGS SA,,CH1256740924,Switzerland,13660.022,,,2212460.768,3.192e-05
31/12/2024,HESTA,Balanced Growth,Listed Equity,1,Shandong Gold Mining Co Ltd,,CNE1000036N7,Hong Kong,43488.77294,,,113570.1827,1.64e-06
31/12/2024,HESTA,Balanced Growth,Listed Equity,1,Shandong Gold Mining Co Ltd,,CNE000001FR7,China,9510.628847,,,47623.30342,6.9e-07
31/12/2024,HESTA,Balanced Growth,Listed Equity,1,Shandong Hualu Hengsheng Chemical Co Ltd,,CNE000001BM7,China,12258.14385,,,58614.52583,8.5e-07
31/12/2024,HESTA,Balanced Growth,Listed Equity,1,Shandong Linglong Tyre Co Ltd,,CNE100002GM3,China,7884.880327,,,31474.39382,4.5e-07
31/12/2024,HESTA,Balanced Growth,Listed Equity,1,Shandong Nanshan Aluminum Co Ltd,,CNE000001139,China,62591.31806,,,54152.2607,7.8e-07
31/12/2024,HESTA,Balanced Growth,Listed Equity,1,Shandong Weigao Group Medical Polymer Co Ltd,,CNE100000171,Hong Kong,147943.1154,,,141497.9492,2.04e-06
31/12/2024,HESTA,Balanced Growth,Listed Equity,1,Shanghai Baosight Software Co Ltd,,CNE000000C66,China,10458.44024,,,67712.21455,9.8e-07
31/12/2024,HESTA,Balanced Growth,Listed Equity,1,Shanghai Baosight Software Co Ltd,,CNE000000GG0,China,43028.6861,,,111541.6956,1.61e-06
31/12/2024,HESTA,Balanced Growth,Listed Equity,1,Shanghai BOCHU Electronic Technology Corp Ltd,,CNE100003LY6,China,643.796414,,,27671.67049,4e-07
31/12/2024,HESTA,Balanced Growth,Listed Equity,1,Shanghai Commercial & Savings Bank Ltd/The,,TW0005876007,Taiwan,228309.5549,,,445404.6071,6.43e-06
31/12/2024,HESTA,Balanced Growth,Listed Equity,1,Shanghai Electric Group Co Ltd,,CNE100000D55,China,36469.6037,,,65445.1814,9.4e-07
31/12/2024,HESTA,Balanced Growth,Listed Equity,1,Shanghai Electric Power Co Ltd,,CNE000001G53,China,10079.64083,,,20452.20903,3e-07
31/12/2024,HESTA,Balanced Growth,Listed Equity,1,Shanghai Fosun Pharmaceutical Group Co Ltd,,CNE000000X38,China,7535.344395,,,41433.84306,6e-07
31/12/2024,HESTA,Balanced Growth,Listed Equity,1,Shanghai International Airport Co Ltd,,CNE000000V89,China,4470.808433,,,33783.33877,4.9e-07
31/12/2024,HESTA,Balanced Growth,Listed Equity,1,Shanghai M&G Stationery Inc,,CNE100001V60,China,7559.730622,,,50600.80493,7.3e-07
31/12/2024,HESTA,Balanced Growth,Listed Equity,1,Shanghai Pharmaceuticals Holding Co Ltd,,CNE000000C82,China,16415.99569,,,76280.28318,1.1e-06
31/12/2024,HESTA,Balanced Growth,Listed Equity,1,Shanghai Pharmaceuticals Holding Co Ltd,,CNE1000012B3,Hong Kong,43732.63521,,,114752.6058,1.66e-06
31/12/2024,HESTA,Balanced Growth,Listed Equity,1,Shanghai Pudong Development Bank Co Ltd,,CNE0000011B7,China,104653.4967,,,238283.9936,3.44e-06
31/12/2024,HESTA,Balanced Growth,Listed Equity,1,Shanghai Putailai New Energy Technology Co Ltd,,CNE100002TX3,China,7169.550977,,,25239.91649,3.6e-07
31/12/2024,HESTA,Balanced Growth,Listed Equity,1,Shanghai RAAS Blood Products Co Ltd,,CNE100000C31,China,18452.24571,,,29478.95821,4.3e-07
31/12/2024,HESTA,Balanced Growth,Listed Equity,1,Shanghai Rural Commercial Bank Co Ltd,,CNE100004QD7,China,33490.41953,,,63063.18344,9.1e-07
31/12/2024,HESTA,Balanced Growth,Listed Equity,1,Shanghai United Imaging Healthcare Co Ltd,,CNE100005PN5,China,2869.446139,,,80254.7831,1.16e-06
31/12/2024,HESTA,Balanced Growth,Listed Equity,1,Shanjin International Gold Co Ltd,,CNE0000012L4,China,19508.98225,,,66348.97564,9.6e-07
31/12/2024,HESTA,Balanced Growth,Listed Equity,1,Shanxi Xinghuacun Fen Wine Factory Co Ltd,,CNE000000DH5,China,4361.070407,,,177759.1888,2.56e-06
31/12/2024,HESTA,Balanced Growth,Listed Equity,1,Shell PLC,,GB00BP6MXD84,United Kingdom,648824.5748,,,32561093.48,0.00046983
31/12/2024,HESTA,Balanced Growth,Listed Equity,1,Shenergy Co Ltd,,CNE0000005Q7,China,42919.76095,,,90125.82414,1.3e-06
31/12/2024,HESTA,Balanced Growth,Listed Equity,1,Shengyi Technology Co Ltd,,CNE000000XL5,China,3007.634764,,,16005.38039,2.3e-07
31/12/2024,HESTA,Balanced Growth,Listed Equity,1,Shennan Circuits Co Ltd,,CNE100003373,China,812.87426,,,22483.24853,3.2e-07
31/12/2024,HESTA,Balanced Growth,Listed Equity,1,Shenwan Hongyuan Group Co Ltd,,CNE100002FD4,China,74747.85262,,,88486.75261,1.28e-06
31/12/2024,HESTA,Balanced Growth,Listed Equity,1,Shenzhen Inovance Technology Co Ltd,,CNE100000V46,China,501015.0628,,,6494203.657,9.371e-05
31/12/2024,HESTA,Balanced Growth,Listed Equity,1,Shenzhen Mindray Bio-Medical Electronics Co Ltd,,CNE100003G67,China,46450.6884,,,2620946.091,3.782e-05
31/12/2024,HESTA,Balanced Growth,Listed Equity,1,Shenzhen New Industries Biomedical Engineering Co Ltd,,CNE100003T39,China,5043.071912,,,79060.71959,1.14e-06
31/12/2024,HESTA,Balanced Growth,Listed Equity,1,Shenzhen Salubris Pharmaceuticals Co Ltd,,CNE100000FW8,China,3820.509024,,,26147.30364,3.8e-07
31/12/2024,HESTA,Balanced Growth,Listed Equity,1,Shenzhen Transsion Holdings Co Ltd,,CNE100003P74,China,4012.34735,,,84342.77653,1.22e-06
31/12/2024,HESTA,Balanced Growth,Listed Equity,1,Shenzhou International Group Holdings Ltd,,KYG8087W1015,Germany,53825.34977,,,693866.7741,1.001e-05
31/12/2024,HESTA,Balanced Growth,Listed Equity,1,Sherwin-Williams Co/The,,US8243481061,United States,42686.3913,,,23435976.73,0.00033816
31/12/2024,HESTA,Balanced Growth,Listed Equity,1,Shijiazhuang Yiling Pharmaceutical Co Ltd,,CNE1000015S0,China,6031.527013,,,21367.04211,3.1e-07
31/12/2024,HESTA,Balanced Growth,Listed Equity,1,Shimadzu Corp,,JP3357200009,Japan,153989.9526,,,7059705.376,0.00010187
31/12/2024,HESTA,Balanced Growth,Listed Equity,1,Shimano Inc,,JP3358000002,Japan,7249.163072,,,1593531.389,2.299e-05
31/12/2024,HESTA,Balanced Growth,Listed Equity,1,Shin-Etsu Chemical Co Ltd,,JP3371200001,Japan,87500.97907,,,4762366.965,6.872e-05
31/12/2024,HESTA,Balanced Growth,Listed Equity,1,Shinhan Financial Group Co Ltd,,KR7055550008,South Korea,836929.2936,,,43752573.06,0.00063132
31/12/2024,HESTA,Balanced Growth,Listed Equity,1,Shin Kong Financial Holding Co Ltd,,TW0002888005,,844479.6246,,,490915.356,7.08e-06
31/12/2024,HESTA,Balanced Growth,Listed Equity,1,Shionogi & Co Ltd,,JP3347200002,Japan,175026.5473,,,3991381.102,5.759e-05
31/12/2024,HESTA,Balanced Growth,Listed Equity,1,Shiseido Co Ltd,,JP3351600006,Japan,28773.7307,,,823980.9853,1.189e-05
31/12/2024,HESTA,Balanced Growth,Listed Equity,1,Shizuoka Financial Group Inc,,JP3351500008,Japan,157141.1111,,,2074368.446,2.993e-05
31/12/2024,HESTA,Balanced Growth,Listed Equity,1,Shopify Inc,,CA82509L1076,United States,297676.2801,,,51129867.89,0.00073776
31/12/2024,HESTA,Balanced Growth,Listed Equity,1,Shoprite Holdings Ltd,,ZAE000012084,South Africa,27897.8093,,,703213.9762,1.015e-05
31/12/2024,HESTA,Balanced Growth,Listed Equity,1,Shree Cement Ltd,,INE070A01015,India,535.684138,,,259659.579,3.75e-06
31/12/2024,HESTA,Balanced Growth,Listed Equity,1,Shriram Finance Ltd,,INE721A01047,India,15917.36535,,,867564.4396,1.252e-05
31/12/2024,HESTA,Balanced Growth,Listed Equity,1,Siam Cement PCL/The,,TH0003010Z12,United States,131.940111,,,1050.024537,2e-08
31/12/2024,HESTA,Balanced Growth,Listed Equity,1,Siam Cement PCL/The,,TH0003010R12,Thailand,46333.83285,,,368740.4685,5.32e-06
31/12/2024,HESTA,Balanced Growth,Listed Equity,1,Sibanye Stillwater Ltd,,ZAE000259701,South Africa,168212.948,,,215676.7492,3.11e-06
31/12/2024,HESTA,Balanced Growth,Listed Equity,1,Sichuan Chuantou Energy Co Ltd,,CNE000000BQ0,China,22057.34306,,,84191.45999,1.21e-06
31/12/2024,HESTA,Balanced Growth,Listed Equity,1,Sichuan Kelun Pharmaceutical Co Ltd,,CNE100000PW7,China,9673.2037,,,64062.34409,9.2e-07
31/12/2024,HESTA,Balanced Growth,Listed Equity,1,Sichuan Road and Bridge Group Co Ltd,,CNE000001DQ4,China,37879.94054,,,61019.18672,8.8e-07
31/12/2024,HESTA,Balanced Growth,Listed Equity,1,Siemens AG,,DE0007236101,Germany,210022.9548,,,66232377.97,0.00095568
31/12/2024,HESTA,Balanced Growth,Listed Equity,1,Siemens Energy AG,,DE000ENER6Y0,Germany,402413.9496,,,33906675.06,0.00048925
31/12/2024,HESTA,Balanced Growth,Listed Equity,1,Siemens Healthineers AG,,DE000SHL1006,Germany,22784.96595,,,1951067.788,2.815e-05
31/12/2024,HESTA,Balanced Growth,Listed Equity,1,Siemens Ltd,,INE003A01024,India,5137.671802,,,633493.5362,9.14e-06
31/12/2024,HESTA,Balanced Growth,Listed Equity,1,Sieyuan Electric Co Ltd,,CNE000001KM8,China,4958.532989,,,79765.18081,1.15e-06
31/12/2024,HESTA,Balanced Growth,Listed Equity,1,SIG Group AG,,CH0435377954,Switzerland,15614.64762,,,497571.5769,7.18e-06
31/12/2024,HESTA,Balanced Growth,Listed Equity,1,Sigma Healthcare Ltd,,AU000000SIG5,Australia,39079929.01,,,102389414.0,0.0014774
31/12/2024,HESTA,Balanced Growth,Listed Equity,1,Sika AG,,CH0418792922,Switzerland,13499.67994,,,5191953.257,7.492e-05
31/12/2024,HESTA,Balanced Growth,Listed Equity,1,Silergy Corp,,KYG8190F1028,Taiwan,19508.98225,,,387805.1662,5.6e-06
31/12/2024,HESTA,Balanced Growth,Listed Equity,1,Silex Systems Ltd,,AU000000SLX4,Australia,3809.217857,,,19236.55018,2.8e-07
31/12/2024,HESTA,Balanced Growth,Listed Equity,1,Sime Darby Bhd,,MYL4197OO009,Malaysia,162005.8401,,,138099.9234,1.99e-06
31/12/2024,HESTA,Balanced Growth,Listed Equity,1,Sims Ltd,,AU000000SGM7,Australia,2464542.168,,,29278760.96,0.00042247
31/12/2024,HESTA,Balanced Growth,Listed Equity,1,Singapore Airlines Ltd,,SG1V61937297,Singapore,332969.4627,,,2538727.325,3.663e-05
31/12/2024,HESTA,Balanced Growth,Listed Equity,1,Singapore Exchange Ltd,,SG1J26887955,Singapore,161029.5052,,,2428849.862,3.505e-05
31/12/2024,HESTA,Balanced Growth,Listed Equity,1,Singapore Technologies Engineering Ltd,,SG1F60858221,Singapore,1040336.062,,,5739649.26,8.282e-05
31/12/2024,HESTA,Balanced Growth,Listed Equity,1,Singapore Telecommunications Ltd,,SG1T75931496,Singapore,563365.2742,,,2054312.817,2.964e-05
31/12/2024,HESTA,Balanced Growth,Listed Equity,1,Sino Biopharmaceutical Ltd,,KYG8167W1380,Hong Kong,614532.9409,,,408877.0048,5.9e-06
31/12/2024,HESTA,Balanced Growth,Listed Equity,1,Sino Land Co Ltd,,HK0083000502,Hong Kong,1226913.83,,,2002540.286,2.89e-05
31/12/2024,HESTA,Balanced Growth,Listed Equity,1,SinoPac Financial Holdings Co Ltd,,TW0002890001,Taiwan,4041011.211,,,4558909.5,6.578e-05
31/12/2024,HESTA,Balanced Growth,Listed Equity,1,Sinopharm Group Co Ltd,,CNE100000FN7,Hong Kong,2183812.269,,,9671469.076,0.00013955
31/12/2024,HESTA,Balanced Growth,Listed Equity,1,Sinotruk Hong Kong Ltd,,HK3808041546,Hong Kong,48366.0185,,,229283.4596,3.31e-06
31/12/2024,HESTA,Balanced Growth,Listed Equity,1,SITC International Holdings Co Ltd,,KYG8187G1055,Hong Kong,55065.94175,,,237001.4242,3.42e-06
31/12/2024,HESTA,Balanced Growth,Listed Equity,1,SiteMinder Ltd,,AU0000183543,Australia,926312.4229,,,5594927.034,8.073e-05
31/12/2024,HESTA,Balanced Growth,Listed Equity,1,Skandinaviska Enskilda Banken AB,,SE0000148884,Sweden,290936.2342,,,6440777.479,9.294e-05
31/12/2024,HESTA,Balanced Growth,Listed Equity,1,Skanska AB,,SE0000113250,Sweden,22889.94866,,,778596.4264,1.123e-05
31/12/2024,HESTA,Balanced Growth,Listed Equity,1,SK Biopharmaceuticals Co Ltd,,KR7326030004,South Korea,1861.482056,,,226894.9505,3.27e-06
31/12/2024,HESTA,Balanced Growth,Listed Equity,1,SK Bioscience Co Ltd,,KR7302440003,South Korea,1411.149716,,,78028.9139,1.13e-06
31/12/2024,HESTA,Balanced Growth,Listed Equity,1,SKC Co Ltd,,KR7011790003,South Korea,1125.017976,,,129722.1405,1.87e-06
31/12/2024,HESTA,Balanced Growth,Listed Equity,1,Skellerup Holdings Ltd,,NZSKXE0001S8,New Zealand,124725.8515,,,583489.2615,8.42e-06
31/12/2024,HESTA,Balanced Growth,Listed Equity,1,SKF AB,,SE0000108227,Sweden,12467.39089,,,378332.917,5.46e-06
31/12/2024,HESTA,Balanced Growth,Listed Equity,1,SK Hynix Inc,,KR7000660001,South Korea,172561.7262,,,32922740.86,0.00047505
31/12/2024,HESTA,Balanced Growth,Listed Equity,1,SK Inc,,KR7034730002,South Korea,2175.251521,,,313824.7237,4.53e-06
31/12/2024,HESTA,Balanced Growth,Listed Equity,1,SK Innovation Co Ltd,,KR7096770003,South Korea,3600.71046,,,442443.8329,6.38e-06
31/12/2024,HESTA,Balanced Growth,Listed Equity,1,SK Square Co Ltd,,KR7402340004,South Korea,5160.125805,,,448937.001,6.48e-06
31/12/2024,HESTA,Balanced Growth,Listed Equity,1,SK Telecom Co Ltd,,KR7017670001,South Korea,3170.209616,,,191990.1623,2.77e-06
31/12/2024,HESTA,Balanced Growth,Listed Equity,1,SKYCITY Entertainment Group Ltd,,NZSKCE0001S2,New Zealand,3835696.07,,,5024761.851,7.25e-05
31/12/2024,HESTA,Balanced Growth,Listed Equity,1,SKY Network Television Ltd,,NZSKTE0001S6,New Zealand,114094.898,,,271545.8573,3.92e-06
31/12/2024,HESTA,Balanced Growth,Listed Equity,1,Skyworks Solutions Inc,,US83088M1027,United States,55535.75525,,,7954309.573,0.00011477
31/12/2024,HESTA,Balanced Growth,Listed Equity,1,SmartGroup Corp Ltd,,AU000000SIQ4,Australia,916801.5634,,,7123548.148,0.00010279
31/12/2024,HESTA,Balanced Growth,Listed Equity,1,SMC Corp,,JP3162600005,Japan,3177.471926,,,2030459.857,2.93e-05
31/12/2024,HESTA,Balanced Growth,Listed Equity,1,SM Investments Corp,,PHY806761029,,12579.22918,,,315756.1943,4.56e-06
31/12/2024,HESTA,Balanced Growth,Listed Equity,1,Smith & Nephew PLC,,GB0009223206,United Kingdom,46576.50384,,,934034.2769,1.348e-05
31/12/2024,HESTA,Balanced Growth,Listed Equity,1,Smiths Group PLC,,GB00B1WY2338,United Kingdom,61071.22159,,,2123535.362,3.064e-05
31/12/2024,HESTA,Balanced Growth,Listed Equity,1,SM Prime Holdings Inc,,PHY8076N1120,,594833.2572,,,417706.6524,6.03e-06
31/12/2024,HESTA,Balanced Growth,Listed Equity,1,Smurfit WestRock PLC,,IE00028FXN24,United States,90577.8249,,,7880569.25,0.00011371
31/12/2024,HESTA,Balanced Growth,Listed Equity,1,Snam SpA,,IT0003153415,Italy,87135.89521,,,623290.2944,8.99e-06
31/12/2024,HESTA,Balanced Growth,Listed Equity,1,Snap Inc,,US83304A1060,United States,92619.96464,,,1611107.19,2.325e-05
31/12/2024,HESTA,Balanced Growth,Listed Equity,1,Snap-on Inc,,US8330341012,United States,7132.711472,,,3910866.337,5.643e-05
31/12/2024,HESTA,Balanced Growth,Listed Equity,1,Snowflake Inc,,US8334451098,United States,31470.97475,,,7848555.628,0.00011325
31/12/2024,HESTA,Balanced Growth,Listed Equity,1,Sociedad Quimica y Minera de Chile SA,,US8336351056,United States,44324.66977,,,2602996.035,3.756e-05
31/12/2024,HESTA,Balanced Growth,Listed Equity,1,Sociedad Quimica y Minera de Chile SA,,CLP8716X1082,Chile,8863.148373,,,526814.1,7.6e-06
31/12/2024,HESTA,Balanced Growth,Listed Equity,1,Societe Generale SA,,FR0000130809,France,763718.1677,,,34691006.62,0.00050056
31/12/2024,HESTA,Balanced Growth,Listed Equity,1,Sodexo SA,,FR0000121220,France,15546.83942,,,2068408.491,2.985e-05
31/12/2024,HESTA,Balanced Growth,Listed Equity,1,Sofina SA,,BE0003717312,Belgium,1325.427939,,,484130.8661,6.99e-06
31/12/2024,HESTA,Balanced Growth,Listed Equity,1,SoftBank Corp,,JP3732000009,Japan,3339926.521,,,6827059.133,9.851e-05
31/12/2024,HESTA,Balanced Growth,Listed Equity,1,SoftBank Group Corp,,JP3436100006,Japan,76538.62234,,,7224732.476,0.00010425
31/12/2024,HESTA,Balanced Growth,Listed Equity,1,S-Oil Corp,,KR7010950004,South Korea,2675.982065,,,160885.0491,2.32e-06
31/12/2024,HESTA,Balanced Growth,Listed Equity,1,Solventum Corp,,US83444M1018,United States,21317.79234,,,2274494.654,3.282e-05
31/12/2024,HESTA,Balanced Growth,Listed Equity,1,Sompo Holdings Inc,,JP3165000005,Japan,72892.77243,,,3085590.084,4.452e-05
31/12/2024,HESTA,Balanced Growth,Listed Equity,1,Sona Blw Precision Forgings Ltd,,INE073K01018,India,24352.0871,,,273254.6815,3.94e-06
31/12/2024,HESTA,Balanced Growth,Listed Equity,1,Songtradr Inc,,,,112660.3879,,,3878897.154,5.597e-05
31/12/2024,HESTA,Balanced Growth,Listed Equity,1,Sonic Healthcare Ltd,,AU000000SHL7,Australia,1650613.518,,,44583071.12,0.0006433
31/12/2024,HESTA,Balanced Growth,Listed Equity,1,Sonova Holding AG,,CH0012549785,Switzerland,15952.85577,,,8424147.291,0.00012155
31/12/2024,HESTA,Balanced Growth,Listed Equity,1,Sony Group Corp,,JP3435000009,Japan,572176.8397,,,19810400.44,0.00028585
31/12/2024,HESTA,Balanced Growth,Listed Equity,1,South32 Ltd,,AU000000S320,Australia,18232296.93,,,61989809.56,0.00089447
31/12/2024,HESTA,Balanced Growth,Listed Equity,1,Southern Copper Corp,,US84265V1052,United States,5059.1662,,,744636.7075,1.074e-05
31/12/2024,HESTA,Balanced Growth,Listed Equity,1,Southern Co/The,,US8425871071,United States,77712.84368,,,10332425.57,0.00014909
31/12/2024,HESTA,Balanced Growth,Listed Equity,1,Southwest Airlines Co,,US8447411088,United States,10567.45372,,,573815.3833,8.28e-06
31/12/2024,HESTA,Balanced Growth,Listed Equity,1,Spark New Zealand Ltd,,NZTELE0001S4,New Zealand,930072.0029,,,2501893.688,3.61e-05
31/12/2024,HESTA,Balanced Growth,Listed Equity,1,Spartan Resources Ltd/Australia,,AU0000294233,,6191.458038,,,8729.955833,1.3e-07
31/12/2024,HESTA,Balanced Growth,Listed Equity,1,Spectris PLC,,GB0003308607,United Kingdom,78911.86791,,,4003288.314,5.776e-05
31/12/2024,HESTA,Balanced Growth,Listed Equity,1,S&P Global Inc,,US78409V1044,United States,40782.42037,,,32804439.67,0.00047334
31/12/2024,HESTA,Balanced Growth,Listed Equity,1,Spirax Group PLC,,GB00BWFGQN14,United Kingdom,19202.81808,,,2662682.843,3.842e-05
31/12/2024,HESTA,Balanced Growth,Listed Equity,1,Spotify Technology SA,,LU1778762911,United States,60776.5632,,,43915398.27,0.00063367
31/12/2024,HESTA,Balanced Growth,Listed Equity,1,Spring Airlines Co Ltd,,CNE100001V45,China,3088.92219,,,39416.91506,5.7e-07
31/12/2024,HESTA,Balanced Growth,Listed Equity,1,SRF Ltd,,INE647A01010,India,7319.932715,,,309042.3081,4.46e-06
31/12/2024,HESTA,Balanced Growth,Listed Equity,1,SRG Global Ltd,,AU0000032914,Australia,1272851.297,,,1762899.05,2.544e-05
31/12/2024,HESTA,Balanced Growth,Listed Equity,1,SS&C Technologies Holdings Inc,,US78467J1007,United States,36189.93489,,,4429416.555,6.391e-05
31/12/2024,HESTA,Balanced Growth,Listed Equity,1,SSE PLC,,GB0007908733,United Kingdom,48415.98443,,,1570869.628,2.267e-05
31/12/2024,HESTA,Balanced Growth,Listed Equity,1,SSR Mining Inc,,AU0000091407,United States,122562.3191,,,1337154.901,1.929e-05
31/12/2024,HESTA,Balanced Growth,Listed Equity,1,Standard Bank Group Ltd,,ZAE000109815,South Africa,446563.1741,,,8476141.761,0.0001223
31/12/2024,HESTA,Balanced Growth,Listed Equity,1,Standard Chartered PLC,,GB0004082847,United Kingdom,302955.9364,,,6058248.53,8.742e-05
31/12/2024,HESTA,Balanced Growth,Listed Equity,1,Stanley Black & Decker Inc,,US8545021011,United States,15386.80305,,,1995326.516,2.879e-05
31/12/2024,HESTA,Balanced Growth,Listed Equity,1,Stanmore Resources Ltd,,AU000000SMR4,Australia,1433182.039,,,4313877.937,6.225e-05
31/12/2024,HESTA,Balanced Growth,Listed Equity,1,Stantec Inc,,CA85472N1096,Canada,13314.31318,,,1686302.437,2.433e-05
31/12/2024,HESTA,Balanced Growth,Listed Equity,1,Starbucks Corp,,US8552441094,United States,111354.2639,,,16411332.6,0.0002368
31/12/2024,HESTA,Balanced Growth,Listed Equity,1,Star Entertainment Grp Ltd/The,,AU000000SGR6,Australia,8967736.993,,,1703870.029,2.459e-05
31/12/2024,HESTA,Balanced Growth,Listed Equity,1,State Bank of India,,INE062A01020,India,101946.7804,,,1528881.388,2.206e-05
31/12/2024,HESTA,Balanced Growth,Listed Equity,1,State Street Corp,,US8574771031,United States,40029.60653,,,6345644.646,9.156e-05
31/12/2024,HESTA,Balanced Growth,Listed Equity,1,Steadfast Group Ltd,,AU000000SDF8,Australia,3789566.726,,,21979487.01,0.00031715
31/12/2024,HESTA,Balanced Growth,Listed Equity,1,Steel Dynamics Inc,,US8581191009,United States,11349.97999,,,2091080.057,3.017e-05
31/12/2024,HESTA,Balanced Growth,Listed Equity,1,Stellantis NV,,NL00150001Q9,Italy,303742.8257,,,6395665.964,9.228e-05
31/12/2024,HESTA,Balanced Growth,Listed Equity,1,Step One Clothing Ltd,,AU0000181174,Australia,397628.9043,,,501012.4194,7.23e-06
31/12/2024,HESTA,Balanced Growth,Listed Equity,1,STERIS PLC,,IE00BFY8C754,United States,14080.13447,,,4674654.672,6.745e-05
31/12/2024,HESTA,Balanced Growth,Listed Equity,1,St James's Place PLC,,GB0007669376,United Kingdom,470239.2059,,,8256302.063,0.00011913
31/12/2024,HESTA,Balanced Growth,Listed Equity,1,STMicroelectronics NV,,NL0000226223,France,380718.5407,,,15456717.88,0.00022303
31/12/2024,HESTA,Balanced Growth,Listed Equity,1,StoneCo Ltd,,KYG851581069,United States,14498.42531,,,186630.7847,2.69e-06
31/12/2024,HESTA,Balanced Growth,Listed Equity,1,Stora Enso Oyj,,FI0009005961,Finland,27249.54812,,,442884.2317,6.39e-06
31/12/2024,HESTA,Balanced Growth,Listed Equity,1,Straumann Holding AG,,CH1175448666,Switzerland,7729.207548,,,1573790.94,2.271e-05
31/12/2024,HESTA,Balanced Growth,Listed Equity,1,Strike Energy Ltd,,AU000000STX7,Australia,28426.65275,,,5969.597077,9e-08
31/12/2024,HESTA,Balanced Growth,Listed Equity,1,Stryker Corp,,US8636671013,United States,48647.48842,,,28289636.12,0.0004082
31/12/2024,HESTA,Balanced Growth,Listed Equity,1,Subaru Corp,,JP3814800003,Japan,244898.6336,,,7099886.683,0.00010245
31/12/2024,HESTA,Balanced Growth,Listed Equity,1,Sumber Alfaria Trijaya Tbk PT,,ID1000128705,Indonesia,987073.2145,,,282297.6313,4.07e-06
31/12/2024,HESTA,Balanced Growth,Listed Equity,1,Sumitomo Corp,,JP3404600003,Japan,168556.9681,,,5938127.15,8.568e-05
31/12/2024,HESTA,Balanced Growth,Listed Equity,1,Sumitomo Electric Industries Ltd,,JP3407400005,Japan,275884.8389,,,8090356.897,0.00011674
31/12/2024,HESTA,Balanced Growth,Listed Equity,1,Sumitomo Metal Mining Co Ltd,,JP3402600005,Japan,20223.80634,,,750918.5407,1.084e-05
31/12/2024,HESTA,Balanced Growth,Listed Equity,1,Sumitomo Mitsui Financial Group Inc,,JP3890350006,Japan,1251350.984,,,48405055.56,0.00069845
31/12/2024,HESTA,Balanced Growth,Listed Equity,1,Sumitomo Mitsui Trust Group Inc,,JP3892100003,Japan,47344.593,,,1796362.782,2.592e-05
31/12/2024,HESTA,Balanced Growth,Listed Equity,1,Sumitomo Realty & Development Co Ltd,,JP3409000001,Japan,25635.88879,,,1301479.392,1.878e-05
31/12/2024,HESTA,Balanced Growth,Listed Equity,1,Suncor Energy Inc,,CA8672241079,Canada,507447.8824,,,29240047.13,0.00042191
31/12/2024,HESTA,Balanced Growth,Listed Equity,1,Suncorp Group Ltd,,AU000000SUN6,Australia,8117797.385,,,154319328.3,0.00222671
31/12/2024,HESTA,Balanced Growth,Listed Equity,1,Sundaram Finance Ltd,,INE660A01013,India,3876.597348,,,303039.6544,4.37e-06
31/12/2024,HESTA,Balanced Growth,Listed Equity,1,Sungrow Power Supply Co Ltd,,CNE1000018M7,China,7454.056968,,,121773.0919,1.76e-06
31/12/2024,HESTA,Balanced Growth,Listed Equity,1,Sun Hung Kai Properties Ltd,,HK0016000132,Hong Kong,114696.2315,,,1780231.592,2.569e-05
31/12/2024,HESTA,Balanced Growth,Listed Equity,1,Sun Life Financial Inc,,CA8667961053,Canada,53116.9032,,,5091208.477,7.346e-05
31/12/2024,HESTA,Balanced Growth,Listed Equity,1,Sunny Optical Technology Group Co Ltd,,KYG8586D1097,Hong Kong,42572.96389,,,609446.1964,8.79e-06
31/12/2024,HESTA,Balanced Growth,Listed Equity,1,Sun Pharmaceutical Industries Ltd,,INE044A01036,India,55155.18711,,,1962768.612,2.832e-05
31/12/2024,HESTA,Balanced Growth,Listed Equity,1,Suntory Beverage & Food Ltd,,JP3336560002,Japan,18874.26121,,,972365.7023,1.403e-05
31/12/2024,HESTA,Balanced Growth,Listed Equity,1,Sunway Bhd,,MYL5211OO007,Malaysia,131441.7679,,,227415.2957,3.28e-06
31/12/2024,HESTA,Balanced Growth,Listed Equity,1,Sunwoda Electronic Co Ltd,,CNE100001260,China,13575.00015,,,67013.9393,9.7e-07
31/12/2024,HESTA,Balanced Growth,Listed Equity,1,SUPCON Technology Co Ltd,,CNE100005D92,China,3675.817406,,,40399.29799,5.8e-07
31/12/2024,HESTA,Balanced Growth,Listed Equity,1,Superloop Ltd,,AU000000SLC8,Australia,28638.64631,,,62718.63541,9e-07
31/12/2024,HESTA,Balanced Growth,Listed Equity,1,Super Micro Computer Inc,,US86800U3023,United States,63518.82892,,,3126954.551,4.512e-05
31/12/2024,HESTA,Balanced Growth,Listed Equity,1,Super Retail Group Ltd,,AU000000SUL0,Australia,1143104.04,,,17352319.32,0.00025038
31/12/2024,HESTA,Balanced Growth,Listed Equity,1,Supply Network Ltd,,AU000000SNL5,Australia,14673.76407,,,484234.2143,6.99e-06
31/12/2024,HESTA,Balanced Growth,Listed Equity,1,Supreme Industries Ltd,,INE195A01028,India,3609.974591,,,320120.3536,4.62e-06
31/12/2024,HESTA,Balanced Growth,Listed Equity,1,Suzano SA,,BRSUZBACNOR0,Brazil,779656.1176,,,12592664.28,0.0001817
31/12/2024,HESTA,Balanced Growth,Listed Equity,1,Suzhou Dongshan Precision Manufacturing Co Ltd,,CNE100000N79,China,4633.383285,,,29936.89906,4.3e-07
31/12/2024,HESTA,Balanced Growth,Listed Equity,1,Suzhou Maxwell Technologies Co Ltd,,CNE100003FS0,China,536.497012,,,12482.52153,1.8e-07
31/12/2024,HESTA,Balanced Growth,Listed Equity,1,Suzlon Energy Ltd,,INE040H01021,India,565134.8661,,,663349.761,9.57e-06
31/12/2024,HESTA,Balanced Growth,Listed Equity,1,Suzuki Motor Corp,,JP3397200001,Japan,234939.8832,,,4321870.483,6.236e-05
31/12/2024,HESTA,Balanced Growth,Listed Equity,1,Svenska Cellulosa AB SCA,,SE0000112724,Sweden,22370.22468,,,459264.9434,6.63e-06
31/12/2024,HESTA,Balanced Growth,Listed Equity,1,Svenska Handelsbanken AB,,SE0007100599,Sweden,107550.8624,,,1795358.595,2.591e-05
31/12/2024,HESTA,Balanced Growth,Listed Equity,1,Swatch Group AG/The,,CH0012255151,Switzerland,3323.604699,,,977347.8668,1.41e-05
31/12/2024,HESTA,Balanced Growth,Listed Equity,1,Swedbank AB,,SE0000242455,Sweden,62655.61338,,,1999332.034,2.885e-05
31/12/2024,HESTA,Balanced Growth,Listed Equity,1,Swedish Orphan Biovitrum AB,,SE0000872095,Sweden,8289.478524,,,384596.5056,5.55e-06
31/12/2024,HESTA,Balanced Growth,Listed Equity,1,Swire Pacific Ltd,,HK0019000162,Hong Kong,26561.176,,,389068.2882,5.61e-06
31/12/2024,HESTA,Balanced Growth,Listed Equity,1,Swisscom AG,,CH0008742519,Switzerland,4922.27699,,,4425711.307,6.386e-05
31/12/2024,HESTA,Balanced Growth,Listed Equity,1,Swiss Life Holding AG,,CH0014852781,Switzerland,1971.311454,,,2457881.307,3.547e-05
31/12/2024,HESTA,Balanced Growth,Listed Equity,1,Swiss Prime Site AG,,CH0008038389,Switzerland,14069.49405,,,2477372.346,3.575e-05
31/12/2024,HESTA,Balanced Growth,Listed Equity,1,Swiss Re AG,,CH0126881561,Switzerland,29207.56886,,,6829440.186,9.854e-05
31/12/2024,HESTA,Balanced Growth,Listed Equity,1,Syensqo SA,,BE0974464977,Belgium,2751.608474,,,324712.6605,4.69e-06
31/12/2024,HESTA,Balanced Growth,Listed Equity,1,Symbotic Inc,,US87151X1019,United States,140709.5856,,,5388394.21,7.775e-05
31/12/2024,HESTA,Balanced Growth,Listed Equity,1,Symrise AG,,DE000SYM9999,Germany,14775.20147,,,2536567.241,3.66e-05
31/12/2024,HESTA,Balanced Growth,Listed Equity,1,Synchrony Financial,,US87165B1035,United States,204007.6794,,,21417264.25,0.00030903
31/12/2024,HESTA,Balanced Growth,Listed Equity,1,Synnex Technology International Corp,,TW0002347002,Taiwan,538857.0752,,,1879499.789,2.712e-05
31/12/2024,HESTA,Balanced Growth,Listed Equity,1,Synopsys Inc,,US8716071076,United States,51345.68363,,,40250570.95,0.00058078
31/12/2024,HESTA,Balanced Growth,Listed Equity,1,Syrah Resources Ltd,,AU000000SYR9,Australia,29620.79551,,,6072.263537,9e-08
31/12/2024,HESTA,Balanced Growth,Listed Equity,1,Sysco Corp,,US8718291078,United States,58237.67394,,,7191880.077,0.00010377
31/12/2024,HESTA,Balanced Growth,Listed Equity,1,Sysmex Corp,,JP3351100007,Japan,50384.05338,,,1510139.45,2.179e-05
31/12/2024,HESTA,Balanced Growth,Listed Equity,1,Tabcorp Holdings Ltd,,AU000000TAH8,Australia,9066657.223,,,5122661.335,7.392e-05
31/12/2024,HESTA,Balanced Growth,Listed Equity,1,Taisei Corp,,JP3443600006,Japan,16530.78457,,,1127867.557,1.627e-05
31/12/2024,HESTA,Balanced Growth,Listed Equity,1,Taishin Financial Holding Co Ltd,,TW0002887007,Taiwan,698925.1971,,,599122.1567,8.64e-06
31/12/2024,HESTA,Balanced Growth,Listed Equity,1,Taiwan Business Bank,,TW0002834009,Taiwan,408366.8937,,,298753.092,4.31e-06
31/12/2024,HESTA,Balanced Growth,Listed Equity,1,Taiwan Cooperative Financial Holding Co Ltd,,TW0005880009,Taiwan,636184.1229,,,761595.7844,1.099e-05
31/12/2024,HESTA,Balanced Growth,Listed Equity,1,Taiwan High Speed Rail Corp,,TW0002633005,Taiwan,117053.8935,,,160312.0215,2.31e-06
31/12/2024,HESTA,Balanced Growth,Listed Equity,1,Taiwan Mobile Co Ltd,,TW0003045001,Taiwan,321861.1248,,,1799698.769,2.597e-05
31/12/2024,HESTA,Balanced Growth,Listed Equity,1,Taiwan Semiconductor Manufacturing Co Ltd,,TW0002330008,Taiwan,3988805.179,,,211245138.4,0.00304811
31/12/2024,HESTA,Balanced Growth,Listed Equity,1,Taiwan Semiconductor Manufacturing Co Ltd,,US8740391003,United States,716041.0073,,,228395281.5,0.00329557
31/12/2024,HESTA,Balanced Growth,Listed Equity,1,Takeda Pharmaceutical Co Ltd,,JP3463000004,Japan,223229.5007,,,9591658.855,0.0001384
31/12/2024,HESTA,Balanced Growth,Listed Equity,1,Take-Two Interactive Software Inc,,US8740541094,United States,15707.05805,,,4669878.458,6.738e-05
31/12/2024,HESTA,Balanced Growth,Listed Equity,1,Talaat Moustafa Group,,EGS691S1C011,,54058.57694,,,96191.45936,1.39e-06
31/12/2024,HESTA,Balanced Growth,Listed Equity,1,Talanx AG,,DE000TLX1005,Germany,9823.211135,,,1349631.048,1.947e-05
31/12/2024,HESTA,Balanced Growth,Listed Equity,1,TAL Education Group,,US8740801043,United States,26814.28323,,,433948.3475,6.26e-06
31/12/2024,HESTA,Balanced Growth,Listed Equity,1,Targa Resources Corp,,US87612G1013,United States,37032.24713,,,10676340.32,0.00015405
31/12/2024,HESTA,Balanced Growth,Listed Equity,1,Target Corp,,US87612E1064,United States,55175.95001,,,12046652.54,0.00017382
31/12/2024,HESTA,Balanced Growth,Listed Equity,1,Tata Communications Ltd,,INE151A01013,India,6508.684204,,,209155.9938,3.02e-06
31/12/2024,HESTA,Balanced Growth,Listed Equity,1,Tata Consultancy Services Ltd,,INE467B01029,India,216306.2634,,,16709453.86,0.0002411
31/12/2024,HESTA,Balanced Growth,Listed Equity,1,Tata Consumer Products Ltd,,INE192A01025,India,34562.26315,,,596405.0591,8.61e-06
31/12/2024,HESTA,Balanced Growth,Listed Equity,1,Tata Elxsi Ltd,,INE670A01012,India,2035.437148,,,260979.6705,3.77e-06
31/12/2024,HESTA,Balanced Growth,Listed Equity,1,Tata Motors Ltd,,INE155A01022,India,120662.4998,,,1684816.189,2.431e-05
31/12/2024,HESTA,Balanced Growth,Listed Equity,1,Tata Steel Ltd,,INE081A01020,India,437897.5406,,,1140431.966,1.646e-05
31/12/2024,HESTA,Balanced Growth,Listed Equity,1,Taylor Wimpey PLC,,GB0008782301,United Kingdom,720636.74,,,1779832.272,2.568e-05
31/12/2024,HESTA,Balanced Growth,Listed Equity,1,TCC Group Holdings Co Ltd,,TW0001101004,Taiwan,401934.4989,,,627696.8929,9.06e-06
31/12/2024,HESTA,Balanced Growth,Listed Equity,1,TC Energy Corp,,CA87807B1076,Canada,46986.6083,,,3534831.237,5.1e-05
31/12/2024,HESTA,Balanced Growth,Listed Equity,1,TCL Technology Group Corp,,CNE000001GL8,China,106055.7048,,,118039.6092,1.7e-06
31/12/2024,HESTA,Balanced Growth,Listed Equity,1,TCL Zhonghuan Renewable Energy Technology Co Ltd,,CNE1000000B8,China,17761.30259,,,34859.74687,5e-07
31/12/2024,HESTA,Balanced Growth,Listed Equity,1,T&D Holdings Inc,,JP3539220008,Japan,43887.33466,,,1310454.822,1.891e-05
31/12/2024,HESTA,Balanced Growth,Listed Equity,1,TDK Corp,,JP3538800008,Japan,100096.8808,,,2131950.183,3.076e-05
31/12/2024,HESTA,Balanced Growth,Listed Equity,1,Tech Mahindra Ltd,,INE669C01036,India,31995.83523,,,1029873.433,1.486e-05
31/12/2024,HESTA,Balanced Growth,Listed Equity,1,Technology One Ltd,,AU000000TNE8,Australia,2336012.85,,,73140562.34,0.00105536
31/12/2024,HESTA,Balanced Growth,Listed Equity,1,Techtronic Industries Co Ltd,,HK0669013440,Hong Kong,83129.82553,,,1771651.424,2.556e-05
31/12/2024,HESTA,Balanced Growth,Listed Equity,1,Teck Resources Ltd,,CA8787422044,Canada,24576.2728,,,1608496.69,2.321e-05
31/12/2024,HESTA,Balanced Growth,Listed Equity,1,TE Connectivity PLC,,IE000IVNQZ81,United States,90130.86273,,,20812419.36,0.00030031
31/12/2024,HESTA,Balanced Growth,Listed Equity,1,Tele2 AB,,SE0005190238,Sweden,36073.76136,,,576081.6929,8.31e-06
31/12/2024,HESTA,Balanced Growth,Listed Equity,1,Telecom Italia SpA/Milano,,IT0003497168,Italy,695308.8934,,,286764.1568,4.14e-06
31/12/2024,HESTA,Balanced Growth,Listed Equity,1,Teledyne Technologies Inc,,US8793601050,United States,9113.025848,,,6831347.315,9.857e-05
31/12/2024,HESTA,Balanced Growth,Listed Equity,1,Teleflex Inc,,US8793691069,United States,5052.405523,,,1452357.483,2.096e-05
31/12/2024,HESTA,Balanced Growth,Listed Equity,1,Telefonaktiebolaget LM Ericsson,,SE0000108656,Sweden,1499299.619,,,19698025.65,0.00028423
31/12/2024,HESTA,Balanced Growth,Listed Equity,1,Telefonica Brasil SA,,BRVIVTACNOR0,Brazil,24913.78321,,,304630.7094,4.4e-06
31/12/2024,HESTA,Balanced Growth,Listed Equity,1,Telefonica Brasil SA,,US87936R2058,Germany,424523.3766,,,5176696.269,7.47e-05
31/12/2024,HESTA,Balanced Growth,Listed Equity,1,Telefonica SA,,ES0178430E18,Spain,870775.4551,,,5733576.442,8.273e-05
31/12/2024,HESTA,Balanced Growth,Listed Equity,1,Telekom Malaysia Bhd,,MYL4863OO006,Malaysia,54543.86288,,,131014.1798,1.89e-06
31/12/2024,HESTA,Balanced Growth,Listed Equity,1,Telenor ASA,,NO0010063308,Norway,53096.5031,,,958196.4257,1.383e-05
31/12/2024,HESTA,Balanced Growth,Listed Equity,1,Teleperformance SE,,FR0000051807,France,16231.93927,,,2256472.051,3.256e-05
31/12/2024,HESTA,Balanced Growth,Listed Equity,1,Telia Co AB,,SE0000667925,Sweden,243249.4584,,,1090528.107,1.574e-05
31/12/2024,HESTA,Balanced Growth,Listed Equity,1,Telix Pharmaceuticals Ltd,,AU000000TLX2,Australia,2889949.973,,,71121668.83,0.00102623
31/12/2024,HESTA,Balanced Growth,Listed Equity,1,Telkom Indonesia Persero Tbk PT,,US7156841063,United States,241980.7905,,,6429110.879,9.277e-05
31/12/2024,HESTA,Balanced Growth,Listed Equity,1,Telkom Indonesia Persero Tbk PT,,ID1000129000,Indonesia,2909938.85,,,791345.5466,1.142e-05
31/12/2024,HESTA,Balanced Growth,Listed Equity,1,Telstra Group Ltd,,AU000000TLS2,Australia,64546981.66,,,258833396.5,0.00373477
31/12/2024,HESTA,Balanced Growth,Listed Equity,1,TELUS Corp,,CA87971M9969,,67436.81469,,,1476024.269,2.13e-05
31/12/2024,HESTA,Balanced Growth,Listed Equity,1,TELUS Corp,,CA87971M1032,Canada,824.170022,,,18039.02966,2.6e-07
31/12/2024,HESTA,Balanced Growth,Listed Equity,1,Temenos AG,,CH0012453913,Switzerland,12056.60088,,,1377332.432,1.987e-05
31/12/2024,HESTA,Balanced Growth,Listed Equity,1,Temple & Webster Group Ltd,,AU000000TPW5,Australia,2045044.661,,,26790085.05,0.00038656
31/12/2024,HESTA,Balanced Growth,Listed Equity,1,Tenaga Nasional Bhd,,MYL5347OO009,Malaysia,168954.9063,,,911742.4389,1.316e-05
31/12/2024,HESTA,Balanced Growth,Listed Equity,1,Tenaris SA,,LU2598331598,Italy,56039.12101,,,1693571.287,2.444e-05
31/12/2024,HESTA,Balanced Growth,Listed Equity,1,Tencent Holdings Ltd,,KYG875721634,Hong Kong,1295220.172,,,112299338.3,0.00162039
31/12/2024,HESTA,Balanced Growth,Listed Equity,1,Tencent Music Entertainment Group,,US88034P1093,Germany,42451.05656,,,778195.095,1.123e-05
31/12/2024,HESTA,Balanced Growth,Listed Equity,1,Teradyne Inc,,US8807701029,United States,23239.42369,,,4726331.639,6.82e-05
31/12/2024,HESTA,Balanced Growth,Listed Equity,1,Terna - Rete Elettrica Nazionale,,IT0003242622,Italy,163720.7953,,,2086473.293,3.011e-05
31/12/2024,HESTA,Balanced Growth,Listed Equity,1,Ternium SA,,US8808901081,United States,70256.811,,,3299794.985,4.761e-05
31/12/2024,HESTA,Balanced Growth,Listed Equity,1,Terumo Corp,,JP3546800008,Japan,121781.8223,,,3832212.861,5.53e-05
31/12/2024,HESTA,Balanced Growth,Listed Equity,1,Tesco PLC,,GB00BLGZ9862,United Kingdom,4826224.723,,,35954749.88,0.0005188
31/12/2024,HESTA,Balanced Growth,Listed Equity,1,Tesla Inc,,US88160R1014,United States,338716.9886,,,220927834.4,0.00318782
31/12/2024,HESTA,Balanced Growth,Listed Equity,1,Tetra Tech Inc,,US88162G1031,United States,107571.3616,,,6921817.08,9.988e-05
31/12/2024,HESTA,Balanced Growth,Listed Equity,1,Teva Pharmaceutical Industries Ltd,,US8816242098,United States,101756.6725,,,3622251.575,5.227e-05
31/12/2024,HESTA,Balanced Growth,Listed Equity,1,Texas Instruments Inc,,US8825081040,United States,119787.9927,,,36277875.33,0.00052346
31/12/2024,HESTA,Balanced Growth,Listed Equity,1,Texas Pacific Land Corp,,US88262P1021,United States,7648.286507,,,13661792.69,0.00019713
31/12/2024,HESTA,Balanced Growth,Listed Equity,1,Textron Inc,,US8832031012,United States,54272.4807,,,6704840.583,9.675e-05
31/12/2024,HESTA,Balanced Growth,Listed Equity,1,TFI International Inc,,CA87241L1094,Canada,3629.76877,,,791775.8255,1.142e-05
31/12/2024,HESTA,Balanced Growth,Listed Equity,1,Thai Oil PCL,,TH0796010R11,Thailand,73052.19691,,,97760.85943,1.41e-06
31/12/2024,HESTA,Balanced Growth,Listed Equity,1,Thales SA,,FR0000121329,France,99094.87889,,,22978681.17,0.00033156
31/12/2024,HESTA,Balanced Growth,Listed Equity,1,The Campbell's Company,,US1344291091,United States,15162.72587,,,1025623.772,1.48e-05
31/12/2024,HESTA,Balanced Growth,Listed Equity,1,Thermax Ltd,,INE152A01029,India,2404.482062,,,183246.8379,2.64e-06
31/12/2024,HESTA,Balanced Growth,Listed Equity,1,Thermo Fisher Scientific Inc,,US8835561023,United States,41742.61426,,,35073504.34,0.00050608
31/12/2024,HESTA,Balanced Growth,Listed Equity,1,Thomson Reuters Corp,,CA8849038085,Canada,20984.48595,,,5439467.433,7.849e-05
31/12/2024,HESTA,Balanced Growth,Listed Equity,1,Tianqi Lithium Corp,,CNE100000T32,China,4174.109327,,,30479.19999,4.4e-07
31/12/2024,HESTA,Balanced Growth,Listed Equity,1,Tianshui Huatian Technology Co Ltd,,CNE100000825,China,7966.167753,,,20464.79232,3e-07
31/12/2024,HESTA,Balanced Growth,Listed Equity,1,TIM SA/Brazil,,BRTIMSACNOR5,Brazil,50351.87032,,,190612.2428,2.75e-06
31/12/2024,HESTA,Balanced Growth,Listed Equity,1,TIM SA/Brazil,,US88706T1088,Mexico,88824.01784,,,1687104.011,2.434e-05
31/12/2024,HESTA,Balanced Growth,Listed Equity,1,Tingyi Cayman Islands Holding Corp,,KYG8878S1030,Hong Kong,3843809.225,,,8087976.484,0.0001167
31/12/2024,HESTA,Balanced Growth,Listed Equity,1,TIS Inc,,JP3104890003,Japan,29542.60524,,,1134576.693,1.637e-05
31/12/2024,HESTA,Balanced Growth,Listed Equity,1,Titan Co Ltd,,INE280A01028,India,442883.7829,,,27180305.42,0.00039219
31/12/2024,HESTA,Balanced Growth,Listed Equity,1,TJX Cos Inc/The,,US8725401090,United States,224644.4265,,,43833147.31,0.00063248
31/12/2024,HESTA,Balanced Growth,Listed Equity,1,TMBThanachart Bank PCL,,TH0068010R15,Thailand,1406516.333,,,123928.4524,1.79e-06
31/12/2024,HESTA,Balanced Growth,Listed Equity,1,T-Mobile US Inc,,US8725901040,United States,57473.81887,,,20489697.23,0.00029565
31/12/2024,HESTA,Balanced Growth,Listed Equity,1,TMX Group Ltd,,CA87262K1057,Canada,10463.91003,,,520338.8125,7.51e-06
31/12/2024,HESTA,Balanced Growth,Listed Equity,1,Toast Inc,,US8887871080,United States,110716.7623,,,6518010.152,9.405e-05
31/12/2024,HESTA,Balanced Growth,Listed Equity,1,Toho Co Ltd/Tokyo,,JP3598600009,Japan,4552.552163,,,287921.6984,4.15e-06
31/12/2024,HESTA,Balanced Growth,Listed Equity,1,Tokio Marine Holdings Inc,,JP3910660004,Japan,283279.9148,,,16675572.82,0.00024062
31/12/2024,HESTA,Balanced Growth,Listed Equity,1,Tokyo Electric Power Co Holdings Inc,,JP3585800000,Japan,130898.9678,,,638986.6755,9.22e-06
31/12/2024,HESTA,Balanced Growth,Listed Equity,1,Tokyo Electron Ltd,,JP3571400005,Japan,40250.52149,,,10004135.65,0.00014435
31/12/2024,HESTA,Balanced Growth,Listed Equity,1,Tokyo Gas Co Ltd,,JP3573000001,Japan,19959.08101,,,896363.0531,1.293e-05
31/12/2024,HESTA,Balanced Growth,Listed Equity,1,Tokyu Corp,,JP3574200006,Japan,64292.96874,,,1115315.895,1.609e-05
31/12/2024,HESTA,Balanced Growth,Listed Equity,1,Tongcheng Travel Holdings Ltd,,KYG8918W1069,Germany,84864.07279,,,321138.8119,4.63e-06
31/12/2024,HESTA,Balanced Growth,Listed Equity,1,Tongkun Group Co Ltd,,CNE1000012X7,China,5725.073416,,,14948.19677,2.2e-07
31/12/2024,HESTA,Balanced Growth,Listed Equity,1,Tongling Nonferrous Metals Group Co Ltd,,CNE000000529,China,16769.59599,,,11985.35138,1.7e-07
31/12/2024,HESTA,Balanced Growth,Listed Equity,1,Tongwei Co Ltd,,CNE000001GS3,China,16070.52413,,,78622.08451,1.13e-06
31/12/2024,HESTA,Balanced Growth,Listed Equity,1,TopBuild Corp,,US89055F1030,United States,9015.580987,,,4533491.049,6.541e-05
31/12/2024,HESTA,Balanced Growth,Listed Equity,1,TOPPAN Holdings Inc,,JP3629000005,Japan,8942.513177,,,386812.4885,5.58e-06
31/12/2024,HESTA,Balanced Growth,Listed Equity,1,Toray Industries Inc,,JP3621000003,Japan,44295.43047,,,455902.368,6.58e-06
31/12/2024,HESTA,Balanced Growth,Listed Equity,1,Toro Co/The,,US8910921084,United States,17326.38542,,,2241530.273,3.234e-05
31/12/2024,HESTA,Balanced Growth,Listed Equity,1,Toromont Industries Ltd,,CA8911021050,Canada,5472.217507,,,698359.7315,1.008e-05
31/12/2024,HESTA,Balanced Growth,Listed Equity,1,Toronto-Dominion Bank/The,,CA8911605092,United States,122287.984,,,10509936.88,0.00015165
31/12/2024,HESTA,Balanced Growth,Listed Equity,1,Torrent Pharmaceuticals Ltd,,INE685A01028,India,6033.965635,,,382480.2707,5.52e-06
31/12/2024,HESTA,Balanced Growth,Listed Equity,1,Torrent Power Ltd,,INE813H01021,India,9709.783041,,,272191.2713,3.93e-06
31/12/2024,HESTA,Balanced Growth,Listed Equity,1,TotalEnergies SE,,FR0000120271,France,468455.8157,,,41813820.62,0.00060334
31/12/2024,HESTA,Balanced Growth,Listed Equity,1,TOTO Ltd,,JP3596200000,Japan,11543.16171,,,451379.0592,6.51e-06
31/12/2024,HESTA,Balanced Growth,Listed Equity,1,TOTVS SA,,BRTOTSACNOR8,Brazil,31176.16651,,,218028.4269,3.15e-06
31/12/2024,HESTA,Balanced Growth,Listed Equity,1,Tourmaline Oil Corp,,CA89156V1067,Canada,22869.27691,,,1708398.902,2.465e-05
31/12/2024,HESTA,Balanced Growth,Listed Equity,1,Toyota Industries Corp,,JP3634600005,Germany,5467.63613,,,722888.5768,1.043e-05
31/12/2024,HESTA,Balanced Growth,Listed Equity,1,Toyota Motor Corp,,JP3633400001,Japan,795600.9852,,,25722667.23,0.00037116
31/12/2024,HESTA,Balanced Growth,Listed Equity,1,Toyota Tsusho Corp,,JP3635000007,Japan,52518.99081,,,1526362.711,2.202e-05
31/12/2024,HESTA,Balanced Growth,Listed Equity,1,TPG Telecom Ltd,,AU0000090128,Australia,3173751.776,,,14250145.47,0.00020562
31/12/2024,HESTA,Balanced Growth,Listed Equity,1,Tractor Supply Co,,US8923561067,United States,68340.8918,,,5856686.937,8.451e-05
31/12/2024,HESTA,Balanced Growth,Listed Equity,1,Trade Desk Inc/The,,US88339J1051,United States,222191.588,,,42177464.81,0.00060859
31/12/2024,HESTA,Balanced Growth,Listed Equity,1,Tradeweb Markets Inc,,US8926721064,United States,39239.53374,,,8297245.829,0.00011972
31/12/2024,HESTA,Balanced Growth,Listed Equity,1,Trane Technologies PLC,,IE00BK9ZQ967,United States,58447.43979,,,34866448.98,0.0005031
31/12/2024,HESTA,Balanced Growth,Listed Equity,1,TransDigm Group Inc,,US8936411003,United States,7455.278918,,,15259510.41,0.00022018
31/12/2024,HESTA,Balanced Growth,Listed Equity,1,TransUnion,,US89400J1079,United States,21553.33859,,,3227343.968,4.657e-05
31/12/2024,HESTA,Balanced Growth,Listed Equity,1,Travelers Cos Inc/The,,US89417E1091,United States,54430.33887,,,21176975.42,0.00030557
31/12/2024,HESTA,Balanced Growth,Listed Equity,1,TravelSky Technology Ltd,,CNE1000004J3,Hong Kong,55275.44971,,,119526.2181,1.72e-06
31/12/2024,HESTA,Balanced Growth,Listed Equity,1,Treasury Wine Estates Ltd,,AU000000TWE9,Australia,4449582.829,,,50413773.45,0.00072743
31/12/2024,HESTA,Balanced Growth,Listed Equity,1,Trelleborg AB,,SE0000114837,Sweden,10778.11795,,,596478.4322,8.61e-06
31/12/2024,HESTA,Balanced Growth,Listed Equity,1,Trend Micro Inc/Japan,,JP3637300009,Japan,71967.53106,,,6336177.567,9.143e-05
31/12/2024,HESTA,Balanced Growth,Listed Equity,1,Trent Ltd,,INE849A01020,India,10806.95936,,,1452273.012,2.096e-05
31/12/2024,HESTA,Balanced Growth,Listed Equity,1,Trimble Inc,,US8962391004,United States,35373.5474,,,4036977.895,5.825e-05
31/12/2024,HESTA,Balanced Growth,Listed Equity,1,Trina Solar Co Ltd,,CNE100003ZR0,China,7581.678227,,,32377.87918,4.7e-07
31/12/2024,HESTA,Balanced Growth,Listed Equity,1,Trip.com Group Ltd,,US89677Q1076,Germany,256813.1346,,,28479027.41,0.00041093
31/12/2024,HESTA,Balanced Growth,Listed Equity,1,Trip.com Group Ltd,,KYG9066F1019,Hong Kong,35716.40521,,,4010135.465,5.786e-05
31/12/2024,HESTA,Balanced Growth,Listed Equity,1,T Rowe Price Group Inc,,US74144T1088,United States,38880.0345,,,7101579.752,0.00010247
31/12/2024,HESTA,Balanced Growth,Listed Equity,1,True Corp PCL,,THB231010R11,Thailand,616009.9334,,,323909.7214,4.67e-06
31/12/2024,HESTA,Balanced Growth,Listed Equity,1,Truist Financial Corp,,US89832Q1094,United States,80756.11452,,,5658080.025,8.164e-05
31/12/2024,HESTA,Balanced Growth,Listed Equity,1,Tryg A/S,,DK0060636678,Denmark,215478.8788,,,7321369.655,0.00010564
31/12/2024,HESTA,Balanced Growth,Listed Equity,1,Tsingtao Brewery Co Ltd,,CNE0000009Y3,China,1219.311391,,,21832.13624,3.2e-07
31/12/2024,HESTA,Balanced Growth,Listed Equity,1,Tsingtao Brewery Co Ltd,,CNE1000004K1,Hong Kong,37808.86896,,,446518.6079,6.44e-06
31/12/2024,HESTA,Balanced Growth,Listed Equity,1,Tuas Ltd,,AU0000089724,Australia,2041.156227,,,12981.7536,1.9e-07
31/12/2024,HESTA,Balanced Growth,Listed Equity,1,Tube Investments of India Ltd,,INE974X01010,India,6311.968633,,,425846.5842,6.14e-06
31/12/2024,HESTA,Balanced Growth,Listed Equity,1,Turkcell Iletisim Hizmetleri AS,,TRATCELL91M1,Turkey,70454.25078,,,298635.0464,4.31e-06
31/12/2024,HESTA,Balanced Growth,Listed Equity,1,Turk Hava Yollari AO,,TRATHYAO91M5,Turkey,31029.84915,,,398264.4843,5.75e-06
31/12/2024,HESTA,Balanced Growth,Listed Equity,1,Turkiye Is Bankasi AS,,TRAISCTR91N2,Turkey,519981.8456,,,321582.5274,4.64e-06
31/12/2024,HESTA,Balanced Growth,Listed Equity,1,Turkiye Petrol Rafinerileri AS,,TRATUPRS91E8,Turkey,56095.63984,,,363577.587,5.25e-06
31/12/2024,HESTA,Balanced Growth,Listed Equity,1,Turkiye Sise ve Cam Fabrikalari AS,,TRASISEW91Q3,Turkey,81917.4036,,,155352.8138,2.24e-06
31/12/2024,HESTA,Balanced Growth,Listed Equity,1,TVS Motor Co Ltd,,INE494B01023,India,14116.37441,,,630749.6605,9.1e-06
31/12/2024,HESTA,Balanced Growth,Listed Equity,1,Twilio Inc,,US90138F1021,United States,58124.19041,,,10146269.08,0.0001464
31/12/2024,HESTA,Balanced Growth,Listed Equity,1,Tyler Technologies Inc,,US9022521051,United States,9627.341626,,,8966341.397,0.00012938
31/12/2024,HESTA,Balanced Growth,Listed Equity,1,Tyro Payments Ltd,,AU0000066508,Australia,1133723.741,,,923984.8531,1.333e-05
31/12/2024,HESTA,Balanced Growth,Listed Equity,1,Tyson Foods Inc,,US9024941034,United States,21216.00909,,,1968259.0,2.84e-05
31/12/2024,HESTA,Balanced Growth,Listed Equity,1,Uber Technologies Inc,,US90353T1007,United States,205135.3121,,,19985079.59,0.00028837
31/12/2024,HESTA,Balanced Growth,Listed Equity,1,Ubisoft Entertainment SA,,FR0000054470,France,66347.77835,,,1459170.877,2.105e-05
31/12/2024,HESTA,Balanced Growth,Listed Equity,1,UBS Group AG,,CH0244767585,Switzerland,705939.4302,,,34887766.82,0.0005034
31/12/2024,HESTA,Balanced Growth,Listed Equity,1,UCB SA,,BE0003739530,Belgium,25657.42804,,,8247465.68,0.000119
31/12/2024,HESTA,Balanced Growth,Listed Equity,1,U-Haul Holding Co,,US0235865062,United States,13038.36549,,,1348796.424,1.946e-05
31/12/2024,HESTA,Balanced Growth,Listed Equity,1,UL Solutions Inc,,US9037311076,United States,68292.74165,,,5501804.009,7.939e-05
31/12/2024,HESTA,Balanced Growth,Listed Equity,1,Ulta Beauty Inc,,US90384S3031,United States,7611.036748,,,5346472.134,7.715e-05
31/12/2024,HESTA,Balanced Growth,Listed Equity,1,Ultrapar Participacoes SA,,BRUGPAACNOR8,Brazil,43077.45856,,,178841.0432,2.58e-06
31/12/2024,HESTA,Balanced Growth,Listed Equity,1,UltraTech Cement Ltd,,INE481G01011,India,48734.91358,,,10505293.47,0.00015158
31/12/2024,HESTA,Balanced Growth,Listed Equity,1,Unibail-Rodamco-Westfield,,AU0000009771,United States,10315.34258,,,62098.36235,9e-07
31/12/2024,HESTA,Balanced Growth,Listed Equity,1,Unicharm Corp,,JP3951600000,Japan,62378.61334,,,834978.7379,1.205e-05
31/12/2024,HESTA,Balanced Growth,Listed Equity,1,UniCredit SpA,,IT0005239360,Italy,496394.0276,,,31983295.4,0.00046149
31/12/2024,HESTA,Balanced Growth,Listed Equity,1,Unigroup Guoxin Microelectronics Co Ltd,,CNE000001M14,China,4437.480588,,,63204.16835,9.1e-07
31/12/2024,HESTA,Balanced Growth,Listed Equity,1,Unilever Indonesia Tbk PT,,ID1000095706,Indonesia,1670494.798,,,315987.2052,4.56e-06
31/12/2024,HESTA,Balanced Growth,Listed Equity,1,Unilever PLC,,GB00B10RZP78,United Kingdom,753205.5474,,,69273668.9,0.00099957
31/12/2024,HESTA,Balanced Growth,Listed Equity,1,Unimicron Technology Corp,,TW0003037008,Taiwan,81634.63686,,,567060.0005,8.18e-06
31/12/2024,HESTA,Balanced Growth,Listed Equity,1,Union Bank of India Ltd,,INE692A01016,India,85950.07281,,,195175.3531,2.82e-06
31/12/2024,HESTA,Balanced Growth,Listed Equity,1,Union Pacific Corp,,US9078181081,United States,44573.08916,,,16416776.63,0.00023688
31/12/2024,HESTA,Balanced Growth,Listed Equity,1,Uni-President Enterprises Corp,,TW0001216000,Taiwan,284616.2967,,,1134341.236,1.637e-05
31/12/2024,HESTA,Balanced Growth,Listed Equity,1,Unisplendour Corp Ltd,,CNE0000010T1,China,10193.44323,,,62771.11771,9.1e-07
31/12/2024,HESTA,Balanced Growth,Listed Equity,1,United Airlines Holdings Inc,,US9100471096,United States,233348.6884,,,36595586.93,0.00052805
31/12/2024,HESTA,Balanced Growth,Listed Equity,1,UnitedHealth Group Inc,,US91324P1021,United States,222072.4127,,,181438344.0,0.00261802
31/12/2024,HESTA,Balanced Growth,Listed Equity,1,United Microelectronics Corp,,TW0002303005,Taiwan,2227607.629,,,4724406.8,6.817e-05
31/12/2024,HESTA,Balanced Growth,Listed Equity,1,United Overseas Bank Ltd,,SG1M31001969,Singapore,794696.3191,,,34181599.69,0.00049321
31/12/2024,HESTA,Balanced Growth,Listed Equity,1,United Parcel Service Inc,,US9113121068,United States,67251.59769,,,13696885.19,0.00019764
31/12/2024,HESTA,Balanced Growth,Listed Equity,1,United Rentals Inc,,US9113631090,United States,8244.325868,,,9380009.552,0.00013535
31/12/2024,HESTA,Balanced Growth,Listed Equity,1,United Spirits Ltd,,INE854D01024,India,17289.83552,,,530181.9544,7.65e-06
31/12/2024,HESTA,Balanced Growth,Listed Equity,1,United Therapeutics Corp,,US91307C1027,United States,7847.935438,,,4472366.22,6.453e-05
31/12/2024,HESTA,Balanced Growth,Listed Equity,1,United Utilities Group PLC,,GB00B39J2M42,United Kingdom,137349.3,,,2921344.283,4.215e-05
31/12/2024,HESTA,Balanced Growth,Listed Equity,1,Universal Health Services Inc,,US9139031002,United States,18417.48023,,,5337098.122,7.701e-05
31/12/2024,HESTA,Balanced Growth,Listed Equity,1,Universal Music Group NV,,NL0015000IY2,Netherlands,50534.79341,,,2089262.334,3.015e-05
31/12/2024,HESTA,Balanced Growth,Listed Equity,1,Universal Robina Corp,,PHY9297P1004,,37676.72197,,,83107.14262,1.2e-06
31/12/2024,HESTA,Balanced Growth,Listed Equity,1,Universal Store Holdings Ltd,,AU0000113565,Australia,112456.4357,,,964876.218,1.392e-05
31/12/2024,HESTA,Balanced Growth,Listed Equity,1,UPL Ltd,,INE628A01036,India,500961.8192,,,4734812.869,6.832e-05
31/12/2024,HESTA,Balanced Growth,Listed Equity,1,UPM-Kymmene Oyj,,FI0009005987,Finland,25622.05058,,,1138140.739,1.642e-05
31/12/2024,HESTA,Balanced Growth,Listed Equity,1,US Bancorp,,US9029733048,United States,157741.8727,,,12185728.45,0.00017583
31/12/2024,HESTA,Balanced Growth,Listed Equity,1,Valeo SE,,FR0013176526,France,92960.03602,,,1447748.974,2.089e-05
31/12/2024,HESTA,Balanced Growth,Listed Equity,1,Valero Energy Corp,,US91913Y1001,United States,47029.9939,,,9311809.657,0.00013436
31/12/2024,HESTA,Balanced Growth,Listed Equity,1,Vale SA,,BRVALEACNOR0,Brazil,196236.389,,,2798600.637,4.038e-05
31/12/2024,HESTA,Balanced Growth,Listed Equity,1,Vale SA,,US91912E1055,United States,415218.8658,,,5948463.763,8.583e-05
31/12/2024,HESTA,Balanced Growth,Listed Equity,1,Vanguard Australian Shares Index ETF,,AU000000VAS1,Australia,98021.36746,,,9971713.712,0.00014388
31/12/2024,HESTA,Balanced Growth,Listed Equity,1,Vanguard FTSE All-World ex-US ETF,,US9220427754,United States,403463.2792,,,37410687.01,0.00053981
31/12/2024,HESTA,Balanced Growth,Listed Equity,1,Vanguard International Semiconductor Corp,,TW0005347009,Taiwan,58559.46172,,,288202.6669,4.16e-06
31/12/2024,HESTA,Balanced Growth,Listed Equity,1,Varun Beverages Ltd,,INE200M01039,India,66949.67348,,,806435.8619,1.164e-05
31/12/2024,HESTA,Balanced Growth,Listed Equity,1,VAT Group AG,,CH0311864901,Switzerland,1536.380036,,,938631.9437,1.354e-05
31/12/2024,HESTA,Balanced Growth,Listed Equity,1,Vault Minerals Ltd,,AU0000355588,Australia,27811405.03,,,9177763.66,0.00013243
31/12/2024,HESTA,Balanced Growth,Listed Equity,1,Vedanta Ltd,,INE205A01025,India,79766.22147,,,668809.443,9.65e-06
31/12/2024,HESTA,Balanced Growth,Listed Equity,1,Veeva Systems Inc,,US9224751084,United States,63826.45937,,,21674090.42,0.00031274
31/12/2024,HESTA,Balanced Growth,Listed Equity,1,Ventia Services Group Pty Ltd,,AU0000184459,Australia,2968458.587,,,10686450.91,0.0001542
31/12/2024,HESTA,Balanced Growth,Listed Equity,1,Veolia Environnement SA,,FR0000124141,France,27620.29664,,,1252310.06,1.807e-05
31/12/2024,HESTA,Balanced Growth,Listed Equity,1,Veralto Corp,,US92338C1036,United States,82845.41375,,,13628047.15,0.00019664
31/12/2024,HESTA,Balanced Growth,Listed Equity,1,Verbund AG,,AT0000746409,Austria,8764.650992,,,1026092.902,1.481e-05
31/12/2024,HESTA,Balanced Growth,Listed Equity,1,VeriSign Inc,,US92343E1029,United States,19462.89269,,,6505758.329,9.387e-05
31/12/2024,HESTA,Balanced Growth,Listed Equity,1,Verisk Analytics Inc,,US92345Y1064,United States,35480.07408,,,15783375.28,0.00022774
31/12/2024,HESTA,Balanced Growth,Listed Equity,1,Verizon Communications Inc,,US92343V1044,United States,598814.1539,,,38676537.22,0.00055807
31/12/2024,HESTA,Balanced Growth,Listed Equity,1,Vertex Pharmaceuticals Inc,,US92532F1003,United States,38066.60031,,,24758814.41,0.00035725
31/12/2024,HESTA,Balanced Growth,Listed Equity,1,Vertiv Holdings Co,,US92537N1081,United States,72794.06137,,,13357237.05,0.00019273
31/12/2024,HESTA,Balanced Growth,Listed Equity,1,Vestas Wind Systems A/S,,DK0061539921,Denmark,352880.3505,,,7762166.028,0.000112
31/12/2024,HESTA,Balanced Growth,Listed Equity,1,Viatris Inc,,US92556V1061,United States,364038.5995,,,7320165.647,0.00010562
31/12/2024,HESTA,Balanced Growth,Listed Equity,1,Vibra Energia SA,,BRVBBRACNOR1,Brazil,975606.5795,,,4550259.882,6.566e-05
31/12/2024,HESTA,Balanced Growth,Listed Equity,1,Vinci SA,,FR0000125486,France,37678.69693,,,6285202.187,9.069e-05
31/12/2024,HESTA,Balanced Growth,Listed Equity,1,Vipshop Holdings Ltd,,US92763W1036,United States,259940.8669,,,5655178.032,8.16e-05
31/12/2024,HESTA,Balanced Growth,Listed Equity,1,Visa Inc,,US92826C8394,United States,376807.1096,,,192338074.7,0.00277529
31/12/2024,HESTA,Balanced Growth,Listed Equity,1,Vistra Corp,,US92840M1027,United States,23956.68703,,,5334585.22,7.697e-05
31/12/2024,HESTA,Balanced Growth,Listed Equity,1,Viva Energy Group Ltd,,AU0000016875,Australia,9323875.721,,,24521793.15,0.00035383
31/12/2024,HESTA,Balanced Growth,Listed Equity,1,Vivendi SE,,FR0000127771,France,93528.95186,,,402475.8965,5.81e-06
31/12/2024,HESTA,Balanced Growth,Listed Equity,1,Vodacom Group Ltd,,ZAE000132577,South Africa,780271.3873,,,6769309.571,9.768e-05
31/12/2024,HESTA,Balanced Growth,Listed Equity,1,Vodafone Group PLC,,GB00BH4HKS39,United Kingdom,5091233.137,,,7033811.127,0.00010149
31/12/2024,HESTA,Balanced Growth,Listed Equity,1,Vodafone Idea Ltd,,INE669E01016,India,1371364.398,,,205415.7968,2.96e-06
31/12/2024,HESTA,Balanced Growth,Listed Equity,1,Volkswagen AG,,DE0007664039,Germany,71379.24993,,,10629458.62,0.00015337
31/12/2024,HESTA,Balanced Growth,Listed Equity,1,Voltas Ltd,,INE226A01021,India,12376.82349,,,417936.7486,6.03e-06
31/12/2024,HESTA,Balanced Growth,Listed Equity,1,Voltronic Power Technology Corp,,TW0006409006,Taiwan,43043.62151,,,3944184.131,5.691e-05
31/12/2024,HESTA,Balanced Growth,Listed Equity,1,Volvo AB,,SE0000115446,Italy,125917.2883,,,4943819.146,7.134e-05
31/12/2024,HESTA,Balanced Growth,Listed Equity,1,Volvo AB,,SE0000115420,Sweden,27622.48389,,,1090986.251,1.574e-05
31/12/2024,HESTA,Balanced Growth,Listed Equity,1,Vonovia SE,,DE000A1ML7J1,Germany,46543.97413,,,2282345.781,3.293e-05
31/12/2024,HESTA,Balanced Growth,Listed Equity,1,Vulcan Energy Resources Ltd,,AU0000066086,Germany,9154.592159,,,48977.06805,7.1e-07
31/12/2024,HESTA,Balanced Growth,Listed Equity,1,Vulcan Materials Co,,US9291601097,United States,9089.378499,,,3776242.97,5.449e-05
31/12/2024,HESTA,Balanced Growth,Listed Equity,1,Vulcan Steel Ltd,,AU0000181984,Australia,2518.31307,,,16998.61322,2.5e-07
31/12/2024,HESTA,Balanced Growth,Listed Equity,1,WA1 Resources Ltd,,AU0000196594,Australia,351.370752,,,4655.662469,7e-08
31/12/2024,HESTA,Balanced Growth,Listed Equity,1,Walgreens Boots Alliance Inc,,US9314271084,,142360.3183,,,2145234.216,3.095e-05
31/12/2024,HESTA,Balanced Growth,Listed Equity,1,Wal-Mart de Mexico SAB de CV,,MX01WA000038,Mexico,1444104.238,,,6157208.141,8.884e-05
31/12/2024,HESTA,Balanced Growth,Listed Equity,1,Walmart Inc,,US9311421039,United States,538498.147,,,78580808.49,0.00113386
31/12/2024,HESTA,Balanced Growth,Listed Equity,1,Walsin Lihwa Corp,,TW0001605004,Taiwan,153126.0017,,,178785.6783,2.58e-06
31/12/2024,HESTA,Balanced Growth,Listed Equity,1,Walt Disney Co/The,,US2546871060,United States,194261.1732,,,34936576.97,0.00050411
31/12/2024,HESTA,Balanced Growth,Listed Equity,1,Wan Hai Lines Ltd,,TW0002615002,Taiwan,41814.25196,,,167063.1292,2.41e-06
31/12/2024,HESTA,Balanced Growth,Listed Equity,1,Wanhua Chemical Group Co Ltd,,CNE0000016J9,China,11181.08545,,,176523.9776,2.55e-06
31/12/2024,HESTA,Balanced Growth,Listed Equity,1,Want Want China Holdings Ltd,,KYG9431R1039,Hong Kong,4249258.528,,,4028798.433,5.813e-05
31/12/2024,HESTA,Balanced Growth,Listed Equity,1,Warner Bros Discovery Inc,,US9344231041,United States,566536.4558,,,9671792.521,0.00013956
31/12/2024,HESTA,Balanced Growth,Listed Equity,1,Wartsila OYJ Abp,,FI0009003727,Finland,61110.56145,,,1748720.087,2.523e-05
31/12/2024,HESTA,Balanced Growth,Listed Equity,1,Waste Connections Inc,,CA94106B1013,United States,18007.56286,,,4990289.33,7.201e-05
31/12/2024,HESTA,Balanced Growth,Listed Equity,1,Waste Management Inc,,US94106L1098,United States,98409.52715,,,32073097.78,0.00046279
31/12/2024,HESTA,Balanced Growth,Listed Equity,1,Waters Corp,,US9418481035,United States,8788.150576,,,5265651.461,7.598e-05
31/12/2024,HESTA,Balanced Growth,Listed Equity,1,Watsco Inc,,US9426222009,United States,13845.10499,,,10596877.66,0.0001529
31/12/2024,HESTA,Balanced Growth,Listed Equity,1,Watts Water Technologies Inc,,US9427491025,United States,974.363132,,,319935.4355,4.62e-06
31/12/2024,HESTA,Balanced Growth,Listed Equity,1,Webjet Group Ltd,,AU0000350118,Australia,38823.03023,,,33776.0363,4.9e-07
31/12/2024,HESTA,Balanced Growth,Listed Equity,1,WEB Travel Group Ltd,,AU000000WEB7,Australia,1974045.552,,,9060869.083,0.00013074
31/12/2024,HESTA,Balanced Growth,Listed Equity,1,WEC Energy Group Inc,,US92939U1060,United States,23339.22244,,,3544892.962,5.115e-05
31/12/2024,HESTA,Balanced Growth,Listed Equity,1,Weebit Nano Ltd,,AU000000WBT5,Australia,5646.236312,,,20326.45072,2.9e-07
31/12/2024,HESTA,Balanced Growth,Listed Equity,1,WEG SA,,BRWEGEACNOR0,Brazil,872909.3585,,,12042672.45,0.00017377
31/12/2024,HESTA,Balanced Growth,Listed Equity,1,Weichai Power Co Ltd,,CNE1000004L9,Hong Kong,2631637.82,,,6500400.31,9.38e-05
31/12/2024,HESTA,Balanced Growth,Listed Equity,1,Weichai Power Co Ltd,,CNE1000000D4,China,45764.82086,,,138732.4615,2e-06
31/12/2024,HESTA,Balanced Growth,Listed Equity,1,Weihai Guangwei Composites Co Ltd,,CNE1000034T9,China,2731.257515,,,20940.72207,3e-07
31/12/2024,HESTA,Balanced Growth,Listed Equity,1,Wells Fargo & Co,,US9497461015,United States,370919.5748,,,42079287.62,0.00060717
31/12/2024,HESTA,Balanced Growth,Listed Equity,1,Wens Foodstuff Group Co Ltd,,CNE100002508,China,23008.40594,,,84054.18991,1.21e-06
31/12/2024,HESTA,Balanced Growth,Listed Equity,1,Wesfarmers Ltd,,AU000000WES1,Australia,5982157.7,,,427903740.3,0.00617432
31/12/2024,HESTA,Balanced Growth,Listed Equity,1,West African Resources Ltd,,AU000000WAF6,Australia,4437337.545,,,6367579.381,9.188e-05
31/12/2024,HESTA,Balanced Growth,Listed Equity,1,Western Digital Corp,,US9581021055,United States,29012.72298,,,2794199.583,4.032e-05
31/12/2024,HESTA,Balanced Growth,Listed Equity,1,Western Superconducting Technologies Co Ltd,,CNE100003MF3,China,2711.748533,,,25693.41091,3.7e-07
31/12/2024,HESTA,Balanced Growth,Listed Equity,1,Western Union Co/The,,US9598021098,United States,113134.6045,,,1936892.201,2.795e-05
31/12/2024,HESTA,Balanced Growth,Listed Equity,1,West Fraser Timber Co Ltd,,CA9528451052,Canada,2079.397083,,,290847.7917,4.2e-06
31/12/2024,HESTA,Balanced Growth,Listed Equity,1,Westgold Resources Ltd,,AU000000WGX6,Australia,4102499.019,,,11610072.22,0.00016752
31/12/2024,HESTA,Balanced Growth,Listed Equity,1,Westinghouse Air Brake Technologies Corp,,US9297401088,United States,68391.21509,,,20942082.64,0.00030218
31/12/2024,HESTA,Balanced Growth,Listed Equity,1,West Japan Railway Co,,JP3659000008,Japan,45831.92138,,,1317414.687,1.901e-05
31/12/2024,HESTA,Balanced Growth,Listed Equity,1,Westlake Corp,,US9604131022,United States,3873.837942,,,717331.0512,1.035e-05
31/12/2024,HESTA,Balanced Growth,Listed Equity,1,Westpac Banking Corp,,AU000000WBC1,Australia,15892910.85,,,513658878.7,0.0074117
31/12/2024,HESTA,Balanced Growth,Listed Equity,1,West Pharmaceutical Services Inc,,US9553061055,United States,8423.451008,,,4456408.971,6.43e-05
31/12/2024,HESTA,Balanced Growth,Listed Equity,1,Wharf Holdings Ltd/The,,HK0004000045,Hong Kong,118691.5836,,,539223.6281,7.78e-06
31/12/2024,HESTA,Balanced Growth,Listed Equity,1,Wharf Real Estate Investment Co Ltd,,KYG9593A1040,Hong Kong,98575.99372,,,407050.1767,5.87e-06
31/12/2024,HESTA,Balanced Growth,Listed Equity,1,Wheaton Precious Metals Corp,,CA9628791027,Canada,67535.77736,,,6136499.642,8.854e-05
31/12/2024,HESTA,Balanced Growth,Listed Equity,1,WH Group Ltd,,KYG960071028,Hong Kong,392181.1251,,,490070.6568,7.07e-06
31/12/2024,HESTA,Balanced Growth,Listed Equity,1,Whitbread PLC,,GB00B1KJJ408,United Kingdom,9844.574688,,,586646.8127,8.46e-06
31/12/2024,HESTA,Balanced Growth,Listed Equity,1,Wildcat Resources Ltd,,AU0000096828,Australia,9664.204308,,,2657.656642,4e-08
31/12/2024,HESTA,Balanced Growth,Listed Equity,1,Williams Cos Inc/The,,US9694571004,United States,88432.70776,,,7729917.057,0.00011154
31/12/2024,HESTA,Balanced Growth,Listed Equity,1,Williams-Sonoma Inc,,US9699041011,United States,20541.6096,,,6143737.826,8.865e-05
31/12/2024,HESTA,Balanced Growth,Listed Equity,1,Willis Towers Watson PLC,,IE00BDB6Q211,United States,13315.62331,,,6736632.234,9.72e-05
31/12/2024,HESTA,Balanced Growth,Listed Equity,1,Will Semiconductor Co Ltd Shanghai,,CNE100002XM8,China,4235.074897,,,97842.81342,1.41e-06
31/12/2024,HESTA,Balanced Growth,Listed Equity,1,Wilmar International Ltd,,SG1T56930848,Singapore,87418.84098,,,320842.9701,4.63e-06
31/12/2024,HESTA,Balanced Growth,Listed Equity,1,Wingtech Technology Co Ltd,,CNE000000M72,China,4425.287474,,,37973.01464,5.5e-07
31/12/2024,HESTA,Balanced Growth,Listed Equity,1,Wintime Energy Group Co Ltd,,CNE000000WD4,China,194683.3854,,,73663.22637,1.06e-06
31/12/2024,HESTA,Balanced Growth,Listed Equity,1,Wipro Ltd,,INE075A01022,India,161116.6847,,,917470.6131,1.324e-05
31/12/2024,HESTA,Balanced Growth,Listed Equity,1,Wise PLC,,GB00BL9YR756,United Kingdom,420030.5124,,,9057014.381,0.00013069
31/12/2024,HESTA,Balanced Growth,Listed Equity,1,WiseTech Global Ltd,,AU000000WTC3,Germany,1667823.97,,,201906769.8,0.00291336
31/12/2024,HESTA,Balanced Growth,Listed Equity,1,Wistron Corp,,TW0003231007,Taiwan,155606.1946,,,797252.0692,1.15e-05
31/12/2024,HESTA,Balanced Growth,Listed Equity,1,Wiwynn Corp,,TW0006669005,Taiwan,6502.994084,,,839363.5078,1.211e-05
31/12/2024,HESTA,Balanced Growth,Listed Equity,1,Wix.com Ltd,,IL0011301780,United States,27569.89416,,,9553615.102,0.00013785
31/12/2024,HESTA,Balanced Growth,Listed Equity,1,Wolters Kluwer NV,,NL0000395903,Netherlands,49543.97625,,,13290742.28,0.00019178
31/12/2024,HESTA,Balanced Growth,Listed Equity,1,Woodside Energy Group Ltd,,AU0000224040,Australia,11956771.09,,,294136568.7,0.00424417
31/12/2024,HESTA,Balanced Growth,Listed Equity,1,Woolworths Group Ltd,,AU000000WOW2,Australia,5700735.387,,,173815421.9,0.00250802
31/12/2024,HESTA,Balanced Growth,Listed Equity,1,Woolworths Holdings Ltd/South Africa,,ZAE000063863,South Africa,56503.70272,,,301540.3647,4.35e-06
31/12/2024,HESTA,Balanced Growth,Listed Equity,1,Woori Financial Group Inc,,KR7316140003,South Korea,85808.56459,,,1446959.675,2.088e-05
31/12/2024,HESTA,Balanced Growth,Listed Equity,1,Workday Inc,,US98138H1014,United States,69960.09063,,,29155781.6,0.0004207
31/12/2024,HESTA,Balanced Growth,Listed Equity,1,Worldline SA/France,,FR0011981968,France,426983.6724,,,6054226.922,8.736e-05
31/12/2024,HESTA,Balanced Growth,Listed Equity,1,Worley Ltd,,AU000000WOR2,Australia,9611196.434,,,131673391.1,0.00189995
31/12/2024,HESTA,Balanced Growth,Listed Equity,1,WPG Holdings Ltd,,TW0003702007,Taiwan,425175.0059,,,1432713.197,2.067e-05
31/12/2024,HESTA,Balanced Growth,Listed Equity,1,WPP PLC,,JE00B8KF9B49,United Kingdom,69854.59437,,,1169115.74,1.687e-05
31/12/2024,HESTA,Balanced Growth,Listed Equity,1,W R Berkley Corp,,US0844231029,United States,28913.34433,,,2732793.208,3.943e-05
31/12/2024,HESTA,Balanced Growth,Listed Equity,1,WSP Global Inc,,CA92938W2022,Canada,18960.02645,,,5386112.262,7.772e-05
31/12/2024,HESTA,Balanced Growth,Listed Equity,1,Wuhan Guide Infrared Co Ltd,,CNE100000RK8,China,7112.649779,,,11693.53764,1.7e-07
31/12/2024,HESTA,Balanced Growth,Listed Equity,1,Wuliangye Yibin Co Ltd,,CNE000000VQ8,China,13526.22769,,,419135.5999,6.05e-06
31/12/2024,HESTA,Balanced Growth,Listed Equity,1,WUS Printed Circuit Kunshan Co Ltd,,CNE100000SP5,China,6080.299468,,,53345.02779,7.7e-07
31/12/2024,HESTA,Balanced Growth,Listed Equity,1,WuXi AppTec Co Ltd,,CNE100003F19,Hong Kong,21508.65293,,,252673.2092,3.65e-06
31/12/2024,HESTA,Balanced Growth,Listed Equity,1,WuXi AppTec Co Ltd,,CNE1000031K4,China,9136.706688,,,111274.0405,1.61e-06
31/12/2024,HESTA,Balanced Growth,Listed Equity,1,Wuxi Biologics Cayman Inc,,KYG970081173,Hong Kong,221459.2255,,,808566.6627,1.167e-05
31/12/2024,HESTA,Balanced Growth,Listed Equity,1,WW Grainger Inc,,US3848021040,United States,12475.01611,,,21237649.57,0.00030644
31/12/2024,HESTA,Balanced Growth,Listed Equity,1,Wynn Resorts Ltd,,US9831341071,United States,7644.873668,,,1063849.338,1.535e-05
31/12/2024,HESTA,Balanced Growth,Listed Equity,1,Xcel Energy Inc,,US98389B1008,United States,35111.00763,,,3828951.363,5.525e-05
31/12/2024,HESTA,Balanced Growth,Listed Equity,1,XCMG Construction Machinery Co Ltd,,CNE000000FH0,China,25930.68891,,,45500.16526,6.6e-07
31/12/2024,HESTA,Balanced Growth,Listed Equity,1,Xero Ltd,,NZXROE0001S2,Australia,998773.7299,,,168353299.9,0.00242921
31/12/2024,HESTA,Balanced Growth,Listed Equity,1,Xiamen C & D Inc,,CNE000000WL7,China,15818.53311,,,36822.02533,5.3e-07
31/12/2024,HESTA,Balanced Growth,Listed Equity,1,Xiaomi Corp,,KYG9830T1067,Hong Kong,910317.892,,,6529947.902,9.422e-05
31/12/2024,HESTA,Balanced Growth,Listed Equity,1,Xinyi Solar Holdings Ltd,,KYG9829N1025,Hong Kong,291008.9852,,,189991.2475,2.74e-06
31/12/2024,HESTA,Balanced Growth,Listed Equity,1,XPeng Inc,,KYG982AW1003,Hong Kong,78577.25566,,,762159.8134,1.1e-05
31/12/2024,HESTA,Balanced Growth,Listed Equity,1,XP Inc,,KYG982391099,United States,21428.17838,,,410116.9551,5.92e-06
31/12/2024,HESTA,Balanced Growth,Listed Equity,1,Xylem Inc/NY,,US98419M1009,United States,60734.92302,,,11380870.17,0.00016422
31/12/2024,HESTA,Balanced Growth,Listed Equity,1,Yadea Group Holdings Ltd,,KYG9830F1063,Hong Kong,3019340.345,,,8123513.166,0.00011722
31/12/2024,HESTA,Balanced Growth,Listed Equity,1,Yageo Corp,,TW0002327004,Taiwan,248481.8795,,,6622583.189,9.556e-05
31/12/2024,HESTA,Balanced Growth,Listed Equity,1,Yakult Honsha Co Ltd,,JP3931600005,Japan,11281.28721,,,346302.6788,5e-06
31/12/2024,HESTA,Balanced Growth,Listed Equity,1,Yamaha Motor Co Ltd,,JP3942800008,Japan,139046.8932,,,2006989.041,2.896e-05
31/12/2024,HESTA,Balanced Growth,Listed Equity,1,Yang Ming Marine Transport Corp,,TW0002609005,Taiwan,104047.9053,,,388029.4219,5.6e-06
31/12/2024,HESTA,Balanced Growth,Listed Equity,1,Yangzijiang Shipbuilding Holdings Ltd,,SG1U76934819,Singapore,791563.459,,,2802094.064,4.043e-05
31/12/2024,HESTA,Balanced Growth,Listed Equity,1,Yantai Jereh Oilfield Services Group Co Ltd,,CNE100000L55,China,853.517973,,,6985.906424,1e-07
31/12/2024,HESTA,Balanced Growth,Listed Equity,1,Yapi ve Kredi Bankasi AS,,TRAYKBNK91N6,Turkey,183664.8748,,,256872.0706,3.71e-06
31/12/2024,HESTA,Balanced Growth,Listed Equity,1,Yara International ASA,,NO0010208051,Norway,6166.375685,,,263775.7175,3.81e-06
31/12/2024,HESTA,Balanced Growth,Listed Equity,1,Yaskawa Electric Corp,,JP3932000007,Japan,21558.89212,,,901078.401,1.3e-05
31/12/2024,HESTA,Balanced Growth,Listed Equity,1,Yealink Network Technology Corp Ltd,,CNE100002PC5,China,7271.973134,,,62110.54357,9e-07
31/12/2024,HESTA,Balanced Growth,Listed Equity,1,Yes Bank Ltd,,INE528G01035,India,768974.986,,,284188.9052,4.1e-06
31/12/2024,HESTA,Balanced Growth,Listed Equity,1,Yifeng Pharmacy Chain Co Ltd,,CNE100001TS5,China,3550.63477,,,18957.8535,2.7e-07
31/12/2024,HESTA,Balanced Growth,Listed Equity,1,Yihai Kerry Arawana Holdings Co Ltd,,CNE1000048D3,China,7315.868344,,,52788.87548,7.6e-07
31/12/2024,HESTA,Balanced Growth,Listed Equity,1,Yokogawa Electric Corp,,JP3955000009,Japan,178402.765,,,6229983.897,8.989e-05
31/12/2024,HESTA,Balanced Growth,Listed Equity,1,Yonyou Network Technology Co Ltd,,CNE0000017Y6,China,11461.52707,,,27212.46969,3.9e-07
31/12/2024,HESTA,Balanced Growth,Listed Equity,1,Youngor Fashion Co Ltd,,CNE000000XR2,China,32189.82071,,,63391.98295,9.1e-07
31/12/2024,HESTA,Balanced Growth,Listed Equity,1,YTL Corp Bhd,,MYL4677OO000,Malaysia,196878.1459,,,189871.3974,2.74e-06
31/12/2024,HESTA,Balanced Growth,Listed Equity,1,YTL Power International Bhd,,MYL6742OO000,Malaysia,130059.8817,,,207642.5682,3e-06
31/12/2024,HESTA,Balanced Growth,Listed Equity,1,YTO Express Group Co Ltd,,CNE0000012J8,China,21228.21131,,,66653.28325,9.6e-07
31/12/2024,HESTA,Balanced Growth,Listed Equity,1,Yuanta Financial Holding Co Ltd,,TW0002885001,Taiwan,575878.8007,,,964595.9699,1.392e-05
31/12/2024,HESTA,Balanced Growth,Listed Equity,1,Yuhan Corp,,KR7000100008,South Korea,3347.416205,,,438863.5868,6.33e-06
31/12/2024,HESTA,Balanced Growth,Listed Equity,1,Yum! Brands Inc,,US9884981013,United States,27911.68141,,,6048019.344,8.727e-05
31/12/2024,HESTA,Balanced Growth,Listed Equity,1,Yum China Holdings Inc,,US98850P1093,United States,23837.21181,,,1854540.082,2.676e-05
31/12/2024,HESTA,Balanced Growth,Listed Equity,1,Yunnan Aluminium Co Ltd,,CNE000000VG9,China,19834.13196,,,59379.52992,8.6e-07
31/12/2024,HESTA,Balanced Growth,Listed Equity,1,Yunnan Baiyao Group Co Ltd,,CNE0000008X7,China,6389.191687,,,84754.13155,1.22e-06
31/12/2024,HESTA,Balanced Growth,Listed Equity,1,Yutong Bus Co Ltd,,CNE000000PY4,China,16907.78462,,,98693.20182,1.42e-06
31/12/2024,HESTA,Balanced Growth,Listed Equity,1,Zalando SE,,DE000ZAL1111,Germany,134841.9755,,,7304492.856,0.0001054
31/12/2024,HESTA,Balanced Growth,Listed Equity,1,Zangge Mining Co Ltd,,CNE000000L08,China,3251.497042,,,19950.73877,2.9e-07
31/12/2024,HESTA,Balanced Growth,Listed Equity,1,Zealand Pharma A/S,,DK0060257814,Denmark,2669.108657,,,428302.7677,6.18e-06
31/12/2024,HESTA,Balanced Growth,Listed Equity,1,Zebra Technologies Corp,,US9892071054,United States,14411.01083,,,8989454.255,0.00012971
31/12/2024,HESTA,Balanced Growth,Listed Equity,1,Zensho Holdings Co Ltd,,JP3429300001,Japan,6178.46365,,,569173.0299,8.21e-06
31/12/2024,HESTA,Balanced Growth,Listed Equity,1,Zhangzhou Pientzehuang Pharmaceutical Co Ltd,,CNE000001F21,China,2113.473077,,,100311.2768,1.45e-06
31/12/2024,HESTA,Balanced Growth,Listed Equity,1,Zhaojin Mining Industry Co Ltd,,CNE1000004R6,Hong Kong,76410.18048,,,174124.2753,2.51e-06
31/12/2024,HESTA,Balanced Growth,Listed Equity,1,Zhejiang China Commodities City Group Co Ltd,,CNE000001BC8,China,31539.52131,,,93585.72588,1.35e-06
31/12/2024,HESTA,Balanced Growth,Listed Equity,1,Zhejiang Chint Electrics Co Ltd,,CNE100000KD8,China,7641.018048,,,39580.23776,5.7e-07
31/12/2024,HESTA,Balanced Growth,Listed Equity,1,Zhejiang Dahua Technology Co Ltd,,CNE100000BJ4,China,11542.8145,,,40865.56267,5.9e-07
31/12/2024,HESTA,Balanced Growth,Listed Equity,1,Zhejiang Dingli Machinery Co Ltd,,CNE1000023M7,China,1544.461095,,,22049.41753,3.2e-07
31/12/2024,HESTA,Balanced Growth,Listed Equity,1,Zhejiang Expressway Co Ltd,,CNE1000004S4,Hong Kong,1103645.308,,,1282740.695,1.851e-05
31/12/2024,HESTA,Balanced Growth,Listed Equity,1,Zhejiang Huahai Pharmaceutical Co Ltd,,CNE000001DL5,China,3332.784468,,,13178.24435,1.9e-07
31/12/2024,HESTA,Balanced Growth,Listed Equity,1,Zhejiang Huayou Cobalt Co Ltd,,CNE100001VW3,China,3901.79645,,,25261.82345,3.6e-07
31/12/2024,HESTA,Balanced Growth,Listed Equity,1,Zhejiang Jingsheng Mechanical & Electrical Co Ltd,,CNE100001DJ8,China,4389.521007,,,30983.71853,4.5e-07
31/12/2024,HESTA,Balanced Growth,Listed Equity,1,Zhejiang Juhua Co Ltd,,CNE000000WQ6,China,16086.78162,,,85856.30776,1.24e-06
31/12/2024,HESTA,Balanced Growth,Listed Equity,1,Zhejiang Leapmotor Technology Co Ltd,,CNE100005K77,Hong Kong,38205.09024,,,258565.0194,3.73e-06
31/12/2024,HESTA,Balanced Growth,Listed Equity,1,Zhejiang NHU Co Ltd,,CNE000001J84,China,7299.610859,,,35485.8714,5.1e-07
31/12/2024,HESTA,Balanced Growth,Listed Equity,1,Zhejiang Sanhua Intelligent Controls Co Ltd,,CNE000001M22,China,1589462.827,,,8268538.593,0.00011931
31/12/2024,HESTA,Balanced Growth,Listed Equity,1,Zhejiang Supor Co Ltd,,CNE000001KS5,China,7722.305474,,,90921.37605,1.31e-06
31/12/2024,HESTA,Balanced Growth,Listed Equity,1,Zhejiang Wanfeng Auto Wheel Co Ltd,,CNE000001PF1,China,7315.868344,,,30676.1513,4.4e-07
31/12/2024,HESTA,Balanced Growth,Listed Equity,1,Zhejiang Weiming Environment Protection Co Ltd,,CNE1000023N5,China,10087.76957,,,48281.13004,7e-07
31/12/2024,HESTA,Balanced Growth,Listed Equity,1,Zhejiang Zheneng Electric Power Co Ltd,,CNE100001SP3,China,39830.83876,,,49884.04492,7.2e-07
31/12/2024,HESTA,Balanced Growth,Listed Equity,1,Zhen Ding Technology Holding Ltd,,KYG989221000,Taiwan,39017.9645,,,230664.7768,3.33e-06
31/12/2024,HESTA,Balanced Growth,Listed Equity,1,Zheshang Securities Co Ltd,,CNE100002R65,China,7941.781525,,,21509.2382,3.1e-07
31/12/2024,HESTA,Balanced Growth,Listed Equity,1,Zhongji Innolight Co Ltd,,CNE100001CY9,China,3983.083876,,,108854.7316,1.57e-06
31/12/2024,HESTA,Balanced Growth,Listed Equity,1,Zhongjin Gold Corp Ltd,,CNE000001FM8,China,17314.22175,,,46088.68623,6.7e-07
31/12/2024,HESTA,Balanced Growth,Listed Equity,1,Zhongsheng Group Holdings Ltd,,KYG9894K1085,Germany,67062.12649,,,194652.6343,2.81e-06
31/12/2024,HESTA,Balanced Growth,Listed Equity,1,Zhuzhou CRRC Times Electric Co Ltd,,CNE1000004X4,Hong Kong,30889.2219,,,210658.1936,3.04e-06
31/12/2024,HESTA,Balanced Growth,Listed Equity,1,Zhuzhou CRRC Times Electric Co Ltd,,CNE100004QK2,China,5539.738085,,,58739.70846,8.5e-07
31/12/2024,HESTA,Balanced Growth,Listed Equity,1,Zijin Mining Group Co Ltd,,CNE100000502,Hong Kong,325329.4519,,,956467.7546,1.38e-05
31/12/2024,HESTA,Balanced Growth,Listed Equity,1,Zijin Mining Group Co Ltd,,CNE100000B24,China,73455.38255,,,245754.3243,3.55e-06
31/12/2024,HESTA,Balanced Growth,Listed Equity,1,Zillow Group Inc,,US98954M2008,United States,131936.967,,,15779588.8,0.00022769
31/12/2024,HESTA,Balanced Growth,Listed Equity,1,Zimmer Biomet Holdings Inc,,US98956P1021,United States,19014.40885,,,3243950.587,4.681e-05
31/12/2024,HESTA,Balanced Growth,Listed Equity,1,Zip Co Ltd,,AU0000218307,Australia,9751076.665,,,28863186.93,0.00041647
31/12/2024,HESTA,Balanced Growth,Listed Equity,1,Zoetis Inc,,US98978V1035,United States,113971.6301,,,29991759.17,0.00043276
31/12/2024,HESTA,Balanced Growth,Listed Equity,1,Zomato Ltd,,INE758T01015,India,384187.9103,,,2015241.323,2.908e-05
31/12/2024,HESTA,Balanced Growth,Listed Equity,1,Zoom Communications Inc,,US98980L1017,United States,91340.8777,,,12039617.26,0.00017372
31/12/2024,HESTA,Balanced Growth,Listed Equity,1,Zoomlion Heavy Industry Science and Technology Co Ltd,,CNE000001527,China,16094.91036,,,25748.54005,3.7e-07
31/12/2024,HESTA,Balanced Growth,Listed Equity,1,ZOZO Inc,,JP3399310006,Japan,74287.45862,,,3738587.708,5.394e-05
31/12/2024,HESTA,Balanced Growth,Listed Equity,1,Zscaler Inc,,US98980G1022,United States,18591.52554,,,5417260.969,7.817e-05
31/12/2024,HESTA,Balanced Growth,Listed Equity,1,ZTE Corp,,CNE000000TK5,China,14225.29956,,,127165.2771,1.83e-06
31/12/2024,HESTA,Balanced Growth,Listed Equity,1,ZTE Corp,,CNE1000004Y2,Hong Kong,45033.23403,,,227997.2649,3.29e-06
31/12/2024,HESTA,Balanced Growth,Listed Equity,1,ZTO Express Cayman Inc,,KYG9897K1058,Germany,25333.92203,,,796964.3604,1.15e-05
31/12/2024,HESTA,Balanced Growth,Listed Equity,1,Zurich Insurance Group AG,,CH0011075394,Switzerland,12009.53853,,,11532136.34,0.0001664
31/12/2024,HESTA,Balanced Growth,Listed Equity,1,Zydus Lifesciences Ltd,,INE010B01027,India,14520.37292,,,266176.9447,3.84e-06
31/12/2024,HESTA,Balanced Growth,Listed Equity,1,Sub Total,,,,1916142982.0,,,36397880394.0,0.52519358
31/12/2024,HESTA,Balanced Growth,Listed Infrastructure,1,APA Group,,AU000000APA1,Australia,4692857.658,,,32709217.88,0.00047197
31/12/2024,HESTA,Balanced Growth,Listed Infrastructure,1,Atlas Arteria Ltd,,AU0000013559,Australia,4313236.857,,,20487875.07,0.00029562
31/12/2024,HESTA,Balanced Growth,Listed Infrastructure,1,Dalrymple Bay Infrastructure Ltd,,AU0000120628,Australia,1780.625918,,,6410.253304,9e-08
31/12/2024,HESTA,Balanced Growth,Listed Infrastructure,1,Energisa S/A,,BRENGICDAM16,Brazil,12771.88038,,,121808.1349,1.76e-06
31/12/2024,HESTA,Balanced Growth,Listed Infrastructure,1,HKT Trust & HKT Ltd,,HK0000093390,Hong Kong,1297731.686,,,2590321.58,3.738e-05
31/12/2024,HESTA,Balanced Growth,Listed Infrastructure,1,Transurban Group,,AU000000TCL6,Australia,17373207.26,,,232627245.3,0.00335663
31/12/2024,HESTA,Balanced Growth,Listed Infrastructure,1,Sub Total,,,,27691585.97,,,288542878.2,0.00416345
31/12/2024,HESTA,Balanced Growth,Listed Property,1,Abacus Group,,AU0000291882,Australia,1115412.693,,,1226953.963,1.77e-05
31/12/2024,HESTA,Balanced Growth,Listed Property,1,Abacus Storage King,,AU0000286213,Australia,1633809.362,,,1838035.536,2.652e-05
31/12/2024,HESTA,Balanced Growth,Listed Property,1,Alexandria Real Estate Equities Inc,,US0152711091,United States,17789.21496,,,2802774.647,4.044e-05
31/12/2024,HESTA,Balanced Growth,Listed Property,1,American Homes 4 Rent,,US02665T3068,United States,68657.25035,,,4149486.084,5.987e-05
31/12/2024,HESTA,Balanced Growth,Listed Property,1,American Tower Corp,,US03027X1000,United States,49646.45157,,,14706703.84,0.00021221
31/12/2024,HESTA,Balanced Growth,Listed Property,1,Arena REIT,,AU000000ARF6,Australia,1882585.694,,,7323258.352,0.00010567
31/12/2024,HESTA,Balanced Growth,Listed Property,1,AvalonBay Communities Inc,,US0534841012,United States,22825.11961,,,8109249.065,0.00011701
31/12/2024,HESTA,Balanced Growth,Listed Property,1,BWP Trust,,AU000000BWP3,Australia,3344785.158,,,10970895.32,0.0001583
31/12/2024,HESTA,Balanced Growth,Listed Property,1,BXP Inc,,US1011211018,United States,19171.40279,,,2302488.112,3.322e-05
31/12/2024,HESTA,Balanced Growth,Listed Property,1,Camden Property Trust,,US1331311027,United States,9731.298159,,,1823822.716,2.632e-05
31/12/2024,HESTA,Balanced Growth,Listed Property,1,Canadian Apartment Properties REIT,,CA1349211054,Canada,2158.397499,,,103331.1788,1.49e-06
31/12/2024,HESTA,Balanced Growth,Listed Property,1,CapitaLand Ascendas REIT,,SG1M77906915,Singapore,153356.8307,,,466618.579,6.73e-06
31/12/2024,HESTA,Balanced Growth,Listed Property,1,CapitaLand Integrated Commercial Trust,,SG1M51904654,Singapore,397792.8011,,,908950.0408,1.312e-05
31/12/2024,HESTA,Balanced Growth,Listed Property,1,Centuria Capital Group,,AU000000CNI5,Australia,5400740.459,,,9586314.322,0.00013832
31/12/2024,HESTA,Balanced Growth,Listed Property,1,Centuria Industrial REIT,,AU000000CIP0,Australia,3267728.659,,,9214994.817,0.00013297
31/12/2024,HESTA,Balanced Growth,Listed Property,1,Centuria Office REIT,,AU0000077893,Australia,1638.998727,,,1802.898599,3e-08
31/12/2024,HESTA,Balanced Growth,Listed Property,1,Charter Hall Group,,AU000000CHC0,Australia,3587228.92,,,51476735.0,0.00074277
31/12/2024,HESTA,Balanced Growth,Listed Property,1,Charter Hall Long Wale REIT,,AU000000CLW0,Australia,2716124.127,,,10158304.23,0.00014658
31/12/2024,HESTA,Balanced Growth,Listed Property,1,Charter Hall Retail REIT,,AU000000CQR9,Australia,2079174.069,,,6549398.316,9.45e-05
31/12/2024,HESTA,Balanced Growth,Listed Property,1,Charter Hall Social Infrastructure REIT,,AU0000030645,Australia,883920.7627,,,2271676.36,3.278e-05
31/12/2024,HESTA,Balanced Growth,Listed Property,1,Covivio SA/France,,FR0000064578,France,1844.538167,,,150419.9212,2.17e-06
31/12/2024,HESTA,Balanced Growth,Listed Property,1,Cromwell Property Group,,AU000000CMW8,Australia,50225.48502,,,19085.68431,2.8e-07
31/12/2024,HESTA,Balanced Growth,Listed Property,1,Crown Castle Inc,,US22822V1017,United States,52380.97815,,,7678426.188,0.00011079
31/12/2024,HESTA,Balanced Growth,Listed Property,1,Dexus,,AU000000DXS1,Australia,4848069.058,,,32288139.93,0.00046589
31/12/2024,HESTA,Balanced Growth,Listed Property,1,Dexus Industria REIT,,AU0000192833,Australia,413348.2976,,,1062305.125,1.533e-05
31/12/2024,HESTA,Balanced Growth,Listed Property,1,DigiCo Infrastructure REIT,,AU0000367088,Australia,6361408.999,,,28308270.05,0.00040847
31/12/2024,HESTA,Balanced Growth,Listed Property,1,Digital Realty Trust Inc,,US2538681030,United States,23094.14819,,,6614366.953,9.544e-05
31/12/2024,HESTA,Balanced Growth,Listed Property,1,Equinix Inc,,US29444U7000,United States,6489.680716,,,9882992.891,0.0001426
31/12/2024,HESTA,Balanced Growth,Listed Property,1,Equity LifeStyle Properties Inc,,US29472R1086,United States,21287.76255,,,2289857.039,3.304e-05
31/12/2024,HESTA,Balanced Growth,Listed Property,1,Equity Residential,,US29476L1070,United States,36550.86024,,,4236275.104,6.113e-05
31/12/2024,HESTA,Balanced Growth,Listed Property,1,Essex Property Trust Inc,,US2971781057,United States,8316.912057,,,3834255.641,5.533e-05
31/12/2024,HESTA,Balanced Growth,Listed Property,1,Extra Space Storage Inc,,US30225T1025,United States,19017.56711,,,4595054.572,6.63e-05
31/12/2024,HESTA,Balanced Growth,Listed Property,1,Fibra Uno Administracion SA de CV,,MXCFFU000001,Mexico,170785.695,,,274873.7726,3.97e-06
31/12/2024,HESTA,Balanced Growth,Listed Property,1,Gaming and Leisure Properties Inc,,US36467J1088,United States,35303.11086,,,2746019.246,3.962e-05
31/12/2024,HESTA,Balanced Growth,Listed Property,1,Gecina SA,,FR0010040865,France,7830.948232,,,1184614.215,1.709e-05
31/12/2024,HESTA,Balanced Growth,Listed Property,1,Goodman Group,,AU000000GMG2,Australia,13721527.04,,,489035223.6,0.0070564
31/12/2024,HESTA,Balanced Growth,Listed Property,1,GPT Group/The,,AU000000GPT8,Australia,6787020.288,,,29659278.66,0.00042796
31/12/2024,HESTA,Balanced Growth,Listed Property,1,Growthpoint Properties Australia Ltd,,AU000000GOZ8,Australia,40605.03722,,,96639.98859,1.39e-06
31/12/2024,HESTA,Balanced Growth,Listed Property,1,HealthCo REIT,,AU0000169302,Australia,5253.737914,,,5358.812672,8e-08
31/12/2024,HESTA,Balanced Growth,Listed Property,1,Healthpeak Properties Inc,,US42250P1030,United States,56187.45624,,,1839489.203,2.654e-05
31/12/2024,HESTA,Balanced Growth,Listed Property,1,HomeCo Daily Needs REIT,,AU0000113136,Australia,5312395.538,,,6082692.891,8.777e-05
31/12/2024,HESTA,Balanced Growth,Listed Property,1,Host Hotels & Resorts Inc,,US44107P1049,United States,86447.43777,,,2446190.924,3.53e-05
31/12/2024,HESTA,Balanced Growth,Listed Property,1,Ingenia Communities Group,,AU000000INA9,Australia,1194474.916,,,5470695.114,7.894e-05
31/12/2024,HESTA,Balanced Growth,Listed Property,1,Invitation Homes Inc,,US46187W1071,United States,131512.3653,,,6790681.284,9.798e-05
31/12/2024,HESTA,Balanced Growth,Listed Property,1,Iron Mountain Inc,,US46284V1017,United States,28357.98989,,,4814194.162,6.947e-05
31/12/2024,HESTA,Balanced Growth,Listed Property,1,Japan Real Estate Investment Corp,,JP3027680002,Japan,237.49322,,,263350.7937,3.8e-06
31/12/2024,HESTA,Balanced Growth,Listed Property,1,Kimco Realty Corp,,US49446R1095,United States,90166.22283,,,3412088.512,4.923e-05
31/12/2024,HESTA,Balanced Growth,Listed Property,1,Klepierre SA,,FR0000121964,France,15385.40533,,,715332.1628,1.032e-05
31/12/2024,HESTA,Balanced Growth,Listed Property,1,Land Securities Group PLC,,GB00BYW0PQ60,United Kingdom,38447.7604,,,454183.0333,6.55e-06
31/12/2024,HESTA,Balanced Growth,Listed Property,1,Lendlease Corp Ltd,,AU000000LLC3,Australia,9573933.364,,,59645604.86,0.00086064
31/12/2024,HESTA,Balanced Growth,Listed Property,1,Link REIT,,HK0823032773,Hong Kong,131584.0942,,,898744.6388,1.297e-05
31/12/2024,HESTA,Balanced Growth,Listed Property,1,Mid-America Apartment Communities Inc,,US59522J1034,United States,12601.22104,,,3145878.598,4.539e-05
31/12/2024,HESTA,Balanced Growth,Listed Property,1,Mirvac Group,,AU000000MGR9,Australia,33391043.3,,,62608206.19,0.00090339
31/12/2024,HESTA,Balanced Growth,Listed Property,1,National Storage REIT,,AU000000NSR2,Australia,3725460.261,,,8717577.011,0.00012579
31/12/2024,HESTA,Balanced Growth,Listed Property,1,Nippon Building Fund Inc,,JP3027670003,Japan,276.515095,,,347826.154,5.02e-06
31/12/2024,HESTA,Balanced Growth,Listed Property,1,Prologis Inc,,US74340W1036,United States,112023.0721,,,19124345.83,0.00027595
31/12/2024,HESTA,Balanced Growth,Listed Property,1,Prologis Property Mexico SA de CV,,MXCFFI170008,Mexico,51911.77602,,,233513.2427,3.37e-06
31/12/2024,HESTA,Balanced Growth,Listed Property,1,Public Storage,,US74460D1090,United States,18877.50129,,,9129740.753,0.00013174
31/12/2024,HESTA,Balanced Growth,Listed Property,1,Realty Income Corp,,US7561091049,United States,83605.30235,,,7212079.781,0.00010406
31/12/2024,HESTA,Balanced Growth,Listed Property,1,Regency Centers Corp,,US7588491032,United States,32297.79258,,,3856538.487,5.565e-05
31/12/2024,HESTA,Balanced Growth,Listed Property,1,Region RE Ltd,,AU0000253502,Australia,8011394.581,,,16583586.78,0.00023929
31/12/2024,HESTA,Balanced Growth,Listed Property,1,Rural Funds Trust,,AU000000RFF5,Australia,3340.445079,,,5795.672669,8e-08
31/12/2024,HESTA,Balanced Growth,Listed Property,1,SBA Communications Corp,,US78410G1040,United States,15325.56858,,,5044578.655,7.279e-05
31/12/2024,HESTA,Balanced Growth,Listed Property,1,Scentre Group,,AU000000SCG8,Australia,28718017.92,,,98502801.45,0.00142132
31/12/2024,HESTA,Balanced Growth,Listed Property,1,Segro PLC,,GB00B5ZN1N88,United Kingdom,78765.57397,,,1117185.691,1.612e-05
31/12/2024,HESTA,Balanced Growth,Listed Property,1,Simon Property Group Inc,,US8288061091,United States,40525.22123,,,11271660.1,0.00016264
31/12/2024,HESTA,Balanced Growth,Listed Property,1,Stockland,,AU000000SGP0,Australia,10316611.78,,,49519736.55,0.00071453
31/12/2024,HESTA,Balanced Growth,Listed Property,1,Sun Communities Inc,,US8666741041,United States,11448.61788,,,2273821.437,3.281e-05
31/12/2024,HESTA,Balanced Growth,Listed Property,1,UDR Inc,,US9026531049,United States,37073.55649,,,2599310.489,3.751e-05
31/12/2024,HESTA,Balanced Growth,Listed Property,1,Unibail-Rodamco-Westfield,,FR0013326246,France,23448.91911,,,2851876.492,4.115e-05
31/12/2024,HESTA,Balanced Growth,Listed Property,1,Ventas Inc,,US92276F1003,United States,254990.7624,,,24253260.11,0.00034996
31/12/2024,HESTA,Balanced Growth,Listed Property,1,Vicinity Ltd,,AU000000VCX7,Australia,13641630.19,,,28647423.39,0.00041336
31/12/2024,HESTA,Balanced Growth,Listed Property,1,VICI Properties Inc,,US9256521090,United States,128345.8427,,,6055046.535,8.737e-05
31/12/2024,HESTA,Balanced Growth,Listed Property,1,Warehouses De Pauw CVA,,BE0974349814,Belgium,5385.938171,,,171146.8803,2.47e-06
31/12/2024,HESTA,Balanced Growth,Listed Property,1,Waypoint REIT Ltd,,AU0000088064,Australia,2324070.055,,,5415083.228,7.814e-05
31/12/2024,HESTA,Balanced Growth,Listed Property,1,Welltower Inc,,US95040Q1040,United States,70393.8565,,,14328898.86,0.00020676
31/12/2024,HESTA,Balanced Growth,Listed Property,1,Weyerhaeuser Co,,US9621661043,United States,50339.51914,,,2288714.304,3.302e-05
31/12/2024,HESTA,Balanced Growth,Listed Property,1,WP Carey Inc,,US92936U1097,United States,29714.76864,,,2614650.08,3.773e-05
31/12/2024,HESTA,Balanced Growth,Listed Property,1,Sub Total,,,,177112687.7,,,1250706781.0,0.01804674
31/12/2024,HESTA,Balanced Growth,Unlisted Alternatives,1,AlphaCat Managers Ltd,,,,,,,96876655.48,0.00139786
31/12/2024,HESTA,Balanced Growth,Unlisted Alternatives,1,BlackRock Inc,,,,,,,4416999.235,6.373e-05
31/12/2024,HESTA,Balanced Growth,Unlisted Alternatives,1,Generate Capital,,,,,,,6574959.313,9.487e-05
31/12/2024,HESTA,Balanced Growth,Unlisted Alternatives,1,Integral ILS Ltd,,,,,,,34678474.36,0.00050038
31/12/2024,HESTA,Balanced Growth,Unlisted Alternatives,1,Invesco Ltd,,,,,,,5380013.67,7.763e-05
31/12/2024,HESTA,Balanced Growth,Unlisted Alternatives,1,Liverpool Partners Pty Ltd,,,,,,,51738532.39,0.00074655
31/12/2024,HESTA,Balanced Growth,Unlisted Alternatives,1,Nephila Capital Ltd,,,,,,,37688436.88,0.00054382
31/12/2024,HESTA,Balanced Growth,Unlisted Alternatives,1,Oaktree Capital Management LP,,,,,,,453016.222,6.54e-06
31/12/2024,HESTA,Balanced Growth,Unlisted Alternatives,1,Sub Total,,,,,,,237807087.5,0.00343137
31/12/2024,HESTA,Balanced Growth,Unlisted Equity,1,Anarake Private Capital Limited,,,,,,,727052.2795,1.049e-05
31/12/2024,HESTA,Balanced Growth,Unlisted Equity,1,Ascendent Capital Partners Ltd,,,,,,,128215381.0,0.00185005
31/12/2024,HESTA,Balanced Growth,Unlisted Equity,1,Blackbird Ventures Pty Ltd,,,,,,,472371367.7,0.00681596
31/12/2024,HESTA,Balanced Growth,Unlisted Equity,1,Brandon Capital Partners,,,,,,,194480933.5,0.00280621
31/12/2024,HESTA,Balanced Growth,Unlisted Equity,1,Castik Capital,,,,,,,155801979.3,0.0022481
31/12/2024,HESTA,Balanced Growth,Unlisted Equity,1,Continuity Capital Partners Pty Limited,,,,,,,502383.5402,7.25e-06
31/12/2024,HESTA,Balanced Growth,Unlisted Equity,1,Denham Capital Management LP,,,,,,,38934661.13,0.0005618
31/12/2024,HESTA,Balanced Growth,Unlisted Equity,1,FTV Management Company LP,,,,,,,491495777.0,0.00709191
31/12/2024,HESTA,Balanced Growth,Unlisted Equity,1,Generation Investment Management LLP,,,,,,,45851955.42,0.00066161
31/12/2024,HESTA,Balanced Growth,Unlisted Equity,1,IFM Investors Pty Ltd,,,,,,,189099299.1,0.00272856
31/12/2024,HESTA,Balanced Growth,Unlisted Equity,1,LeapFrog Investments Group Ltd,,,,,,,34059910.95,0.00049146
31/12/2024,HESTA,Balanced Growth,Unlisted Equity,1,Lexington Partners LP,,,,,,,277849.5758,4.01e-06
31/12/2024,HESTA,Balanced Growth,Unlisted Equity,1,Madison India Capital Advisors Pvt Ltd,,,,,,,21168230.49,0.00030544
31/12/2024,HESTA,Balanced Growth,Unlisted Equity,1,Newbury Equity Partners,,,,,,,494977.0992,7.14e-06
31/12/2024,HESTA,Balanced Growth,Unlisted Equity,1,Pacific Equity Partners Pty Limited,,,,,,,196460607.0,0.00283478
31/12/2024,HESTA,Balanced Growth,Unlisted Equity,1,Perennial Investment Management Limited,,,,,,,7159879.306,0.00010331
31/12/2024,HESTA,Balanced Growth,Unlisted Equity,1,Pomona Australia Pty Limited,,,,,,,82114.78301,1.18e-06
31/12/2024,HESTA,Balanced Growth,Unlisted Equity,1,Rockbridge Capital LLC,,,,,,,315875282.3,0.00455784
31/12/2024,HESTA,Balanced Growth,Unlisted Equity,1,ROC Partners,,,,,,,3862557.518,5.573e-05
31/12/2024,HESTA,Balanced Growth,Unlisted Equity,1,Schroders PLC,,,,,,,169069.7761,2.44e-06
31/12/2024,HESTA,Balanced Growth,Unlisted Equity,1,Stafford Capital Management LLC,,,,,,,519462973.7,0.00749545
31/12/2024,HESTA,Balanced Growth,Unlisted Equity,1,Stafford Capital Partners Pty Limited,,,,,,,14755744.3,0.00021291
31/12/2024,HESTA,Balanced Growth,Unlisted Equity,1,Stone Point Capital LLC,,,,,,,340551271.2,0.00491389
31/12/2024,HESTA,Balanced Growth,Unlisted Equity,1,TDR Capital LLP,,,,,,,192846823.5,0.00278263
31/12/2024,HESTA,Balanced Growth,Unlisted Equity,1,VenCap International PLC,,,,,,,194691467.8,0.00280925
31/12/2024,HESTA,Balanced Growth,Unlisted Equity,0,Assemble Holdco 1 Pty Ltd ,,,,,0.40399999999999997,,,
31/12/2024,HESTA,Balanced Growth,Unlisted Equity,0,Frontier Advisors Pty Ltd,,,,,0.31,,,
31/12/2024,HESTA,Balanced Growth,Unlisted Equity,0,Industry Super Holdings Pty Ltd,,,,,0.1888,,,
31/12/2024,HESTA,Balanced Growth,Unlisted Equity,1,Sub Total,,,,,,,3559399549.0,0.05135941
31/12/2024,HESTA,Balanced Growth,Unlisted Equity,0,Sub Total,,,,,,,410426776.7,0.00592214
31/12/2024,HESTA,Balanced Growth,Unlisted Infrastructure,1,Antin Infrastructure Partners,,,,,,,11601273.1,0.0001674
31/12/2024,HESTA,Balanced Growth,Unlisted Infrastructure,1,Generate Capital,,,,,,,220455753.9,0.00318101
31/12/2024,HESTA,Balanced Growth,Unlisted Infrastructure,1,HRL Morrison & Co Limited,,,,,,,523674521.3,0.00755622
31/12/2024,HESTA,Balanced Growth,Unlisted Infrastructure,1,IFM Investors Pty Ltd,,,,,,,4905354449.0,0.07078051
31/12/2024,HESTA,Balanced Growth,Unlisted Infrastructure,1,KKR & Co Inc,,,,,,,873194199.3,0.01259952
31/12/2024,HESTA,Balanced Growth,Unlisted Infrastructure,1,Pacific Equity Partners Pty Limited,,,,,,,19635112.57,0.00028332
31/12/2024,HESTA,Balanced Growth,Unlisted Infrastructure,1,Palisade Investment Partners Limited,,,,,,,107247496.5,0.0015475
31/12/2024,HESTA,Balanced Growth,Unlisted Infrastructure,1,Stafford Capital Management LLC,,,,,,,122162170.9,0.00176271
31/12/2024,HESTA,Balanced Growth,Unlisted Infrastructure,0,Generate Capital PBC,,,,,0.0138,,,
31/12/2024,HESTA,Balanced Growth,Unlisted Infrastructure,0,NSW Ports Operations Hold Trust,,,,,0.0233,,,
31/12/2024,HESTA,Balanced Growth,Unlisted Infrastructure,0,NSW Ports Operations Hold Co Pty Ltd,,,,,0.0233,,,
31/12/2024,HESTA,Balanced Growth,Unlisted Infrastructure,0,NSW Ports Property Hold Trust ,,,,,0.0233,,,
31/12/2024,HESTA,Balanced Growth,Unlisted Infrastructure,0,Intera Hold Co Pty Ltd,,,,,0.20199999999999999,,,
31/12/2024,HESTA,Balanced Growth,Unlisted Infrastructure,0,Intera Hold Trust and Intera Hold (T) Pty Ltd,,,,,0.20199999999999999,,,
31/12/2024,HESTA,Balanced Growth,Unlisted Infrastructure,0,Land Services SA Holding Trust (LSSA),,,,,0.1,,,
31/12/2024,HESTA,Balanced Growth,Unlisted Infrastructure,0,Land Services WA Holdings Pty Limited (LSWA),,,,,0.1,,,
31/12/2024,HESTA,Balanced Growth,Unlisted Infrastructure,0,Land Services WA Holdings Trust (LSWA),,,,,0.1,,,
31/12/2024,HESTA,Balanced Growth,Unlisted Infrastructure,0,Land Services SA Holding Pty Limited (LSSA),,,,,0.1,,,
31/12/2024,HESTA,Balanced Growth,Unlisted Infrastructure,1,Sub Total,,,,,,,6783324978.0,0.09787819
31/12/2024,HESTA,Balanced Growth,Unlisted Infrastructure,0,Sub Total,,,,,,,549971014.7,0.00793566
31/12/2024,HESTA,Balanced Growth,Unlisted Property,1,AEW Capital Management LP,,,,,,,309002063.4,0.00445866
31/12/2024,HESTA,Balanced Growth,Unlisted Property,1,Assemble HoldCo 1 Pty Ltd,,,,,,,13372096.83,0.00019295
31/12/2024,HESTA,Balanced Growth,Unlisted Property,1,AXA Investment Managers Australia Limited,,,,,,,113950736.6,0.00164422
31/12/2024,HESTA,Balanced Growth,Unlisted Property,1,Channel Capital,,,,,,,349963045.1,0.0050497
31/12/2024,HESTA,Balanced Growth,Unlisted Property,1,EG Funds Management Pty Ltd,,,,,,,133637157.8,0.00192828
31/12/2024,HESTA,Balanced Growth,Unlisted Property,1,Franklin Templeton Australia Limited,,,,,,,7948559.688,0.00011469
31/12/2024,HESTA,Balanced Growth,Unlisted Property,1,IFM Investors Pty Ltd,,,,,,,1597026354.0,0.02304387
31/12/2024,HESTA,Balanced Growth,Unlisted Property,1,Investa Property Group,,,,,,,199391199.8,0.00287706
31/12/2024,HESTA,Balanced Growth,Unlisted Property,1,KKR & Co Inc,,,,,,,85379210.23,0.00123196
31/12/2024,HESTA,Balanced Growth,Unlisted Property,1,Nuveen LLC,,,,,,,106591889.2,0.00153804
31/12/2024,HESTA,Balanced Growth,Unlisted Property,1,QIC Limited,,,,,,,312932740.8,0.00451538
31/12/2024,HESTA,Balanced Growth,Unlisted Property,1,Stride Property Limited,,,,,,,94432138.93,0.00136258
31/12/2024,HESTA,Balanced Growth,Unlisted Property,1,"Heitman Capital Management, LLC",,,,,,,437518422.1,0.00631306
31/12/2024,HESTA,Balanced Growth,Unlisted Property,1,Sub Total,,,,,,,3761145615.0,0.05427045
