Effective Date,Fund Name,Option Name,Asset Class Name,Int/Ext,Name/Kind of Investment Item,Currency,Stock ID,Listed Country,Units Held,% Ownership,Address,Value (AUD),Weighting
Dec 31 2024,UniSuper,Balanced,Cash,1,AUSTRALIA AND NEW ZEALAND BANKING GROUP LIMITED,AUD,,,,,,9288,0
Dec 31 2024,UniSuper,Balanced,Cash,1,BNP PARIBAS SA (AUSTRALIA),AUD,,,,,,4663490322,0.0883
Dec 31 2024,UniSuper,Balanced,Cash,1,BNP PARIBAS SA (AUSTRALIA),BRL,,,,,,64450,0
Dec 31 2024,UniSuper,Balanced,Cash,1,BNP PARIBAS SA (AUSTRALIA),CAD,,,,,,7564296,0.0001
Dec 31 2024,UniSuper,Balanced,Cash,1,BNP PARIBAS SA (AUSTRALIA),CHF,,,,,,324696,0
Dec 31 2024,UniSuper,Balanced,Cash,1,BNP PARIBAS SA (AUSTRALIA),CLP,,,,,,417,0
Dec 31 2024,UniSuper,Balanced,Cash,1,BNP PARIBAS SA (AUSTRALIA),CNY,,,,,,1088,0
Dec 31 2024,UniSuper,Balanced,Cash,1,BNP PARIBAS SA (AUSTRALIA),DKK,,,,,,1503851,0
Dec 31 2024,UniSuper,Balanced,Cash,1,BNP PARIBAS SA (AUSTRALIA),EUR,,,,,,4091457,0.0001
Dec 31 2024,UniSuper,Balanced,Cash,1,BNP PARIBAS SA (AUSTRALIA),GBP,,,,,,7616463,0.0001
Dec 31 2024,UniSuper,Balanced,Cash,1,BNP PARIBAS SA (AUSTRALIA),HKD,,,,,,1259592,0
Dec 31 2024,UniSuper,Balanced,Cash,1,BNP PARIBAS SA (AUSTRALIA),HUF,,,,,,23276,0
Dec 31 2024,UniSuper,Balanced,Cash,1,BNP PARIBAS SA (AUSTRALIA),ILS,,,,,,62046,0
Dec 31 2024,UniSuper,Balanced,Cash,1,BNP PARIBAS SA (AUSTRALIA),INR,,,,,,768084,0
Dec 31 2024,UniSuper,Balanced,Cash,1,BNP PARIBAS SA (AUSTRALIA),JPY,,,,,,8248811,0.0002
Dec 31 2024,UniSuper,Balanced,Cash,1,BNP PARIBAS SA (AUSTRALIA),KRW,,,,,,1062,0
Dec 31 2024,UniSuper,Balanced,Cash,1,BNP PARIBAS SA (AUSTRALIA),MXN,,,,,,165,0
Dec 31 2024,UniSuper,Balanced,Cash,1,BNP PARIBAS SA (AUSTRALIA),NOK,,,,,,346366,0
Dec 31 2024,UniSuper,Balanced,Cash,1,BNP PARIBAS SA (AUSTRALIA),NZD,,,,,,321492,0
Dec 31 2024,UniSuper,Balanced,Cash,1,BNP PARIBAS SA (AUSTRALIA),PHP,,,,,,30408,0
Dec 31 2024,UniSuper,Balanced,Cash,1,BNP PARIBAS SA (AUSTRALIA),PLN,,,,,,1741,0
Dec 31 2024,UniSuper,Balanced,Cash,1,BNP PARIBAS SA (AUSTRALIA),SEK,,,,,,107743,0
Dec 31 2024,UniSuper,Balanced,Cash,1,BNP PARIBAS SA (AUSTRALIA),SGD,,,,,,551769,0
Dec 31 2024,UniSuper,Balanced,Cash,1,BNP PARIBAS SA (AUSTRALIA),THB,,,,,,470,0
Dec 31 2024,UniSuper,Balanced,Cash,1,BNP PARIBAS SA (AUSTRALIA),TRY,,,,,,305,0
Dec 31 2024,UniSuper,Balanced,Cash,1,BNP PARIBAS SA (AUSTRALIA),TWD,,,,,,407336,0
Dec 31 2024,UniSuper,Balanced,Cash,1,BNP PARIBAS SA (AUSTRALIA),USD,,,,,,148418833,0.0028
Dec 31 2024,UniSuper,Balanced,Cash,1,BNP PARIBAS SA (AUSTRALIA),ZAR,,,,,,41765,0
Dec 31 2024,UniSuper,Balanced,Cash,1,COMMONWEALTH BANK OF AUSTRALIA,AUD,,,,,,2063336149,0.0391
Dec 31 2024,UniSuper,Balanced,Cash,1,HSBC,AUD,,,,,,5899,0
Dec 31 2024,UniSuper,Balanced,Cash,1,NATIONAL AUSTRALIA BANK LIMITED,AUD,,,,,,261231074,0.0049
Dec 31 2024,UniSuper,Balanced,Cash,1,WESTPAC BANKING CORPORATION,AUD,,,,,,841407937,0.0159
Dec 31 2024,UniSuper,Balanced,Cash,1,Sub Total,,,,,,,8011238651,0.1517
Dec 31 2024,UniSuper,Balanced,Fixed Income,0,ABA TRUST 2023-1,,,,,,,7750769,0.0001
Dec 31 2024,UniSuper,Balanced,Fixed Income,0,AFG 2022-2 TRUST,,,,,,,209737,0
Dec 31 2024,UniSuper,Balanced,Fixed Income,0,AFG 2023-1 TRUST,,,,,,,827835,0
Dec 31 2024,UniSuper,Balanced,Fixed Income,0,AGI FINANCE PTY LTD,,,,,,,9046010,0.0002
Dec 31 2024,UniSuper,Balanced,Fixed Income,0,AIRSERVICES AUSTRALIA,,,,,,,15169083,0.0003
Dec 31 2024,UniSuper,Balanced,Fixed Income,0,AMP BANK LTD,,,,,,,1720365,0
Dec 31 2024,UniSuper,Balanced,Fixed Income,0,AMP LTD,,,,,,,643626,0
Dec 31 2024,UniSuper,Balanced,Fixed Income,0,AMPOL LTD,,,,,,,477058,0
Dec 31 2024,UniSuper,Balanced,Fixed Income,0,ANZ HOLDINGS (NEW ZEALAND) LTD,,,,,,,90969189,0.0017
Dec 31 2024,UniSuper,Balanced,Fixed Income,0,APOLLO SERIES 2018-1 TRUST,,,,,,,35311,0
Dec 31 2024,UniSuper,Balanced,Fixed Income,0,APOLLO SERIES 2023-1 TRUST,,,,,,,1476951,0
Dec 31 2024,UniSuper,Balanced,Fixed Income,0,APOLLO SERIES 2024-1 TRUST,,,,,,,6027399,0.0001
Dec 31 2024,UniSuper,Balanced,Fixed Income,0,AQUASURE FINANCE PTY LTD,,,,,,,64625671,0.0012
Dec 31 2024,UniSuper,Balanced,Fixed Income,0,ASX LTD,,,,,,,1150167,0
Dec 31 2024,UniSuper,Balanced,Fixed Income,0,AUCKLAND INTERNATIONAL AIRPORT LTD,,,,,,,89300,0
Dec 31 2024,UniSuper,Balanced,Fixed Income,0,AUSGRID FINANCE PTY LTD,,,,,,,4670528,0.0001
Dec 31 2024,UniSuper,Balanced,Fixed Income,0,AUSNET SERVICES HOLDINGS PTY LTD,,,,,,,6279494,0.0001
Dec 31 2024,UniSuper,Balanced,Fixed Income,0,AUSTRALIA AND NEW ZEALAND BANKING GROUP LTD,,,,,,,348673431,0.0066
Dec 31 2024,UniSuper,Balanced,Fixed Income,0,AUSTRALIA PACIFIC AIRPORTS (MELBOURNE) PTY LTD,,,,,,,1388242,0
Dec 31 2024,UniSuper,Balanced,Fixed Income,0,"AUSTRALIA, COMMONWEALTH OF (GOVERNMENT)",,,,,,,616655828,0.0117
Dec 31 2024,UniSuper,Balanced,Fixed Income,0,AUSTRALIAN ENERGY MARKET OPERATOR LTD,,,,,,,3821007,0.0001
Dec 31 2024,UniSuper,Balanced,Fixed Income,0,AUSTRALIAN GAS NETWORKS LTD,,,,,,,3942077,0.0001
Dec 31 2024,UniSuper,Balanced,Fixed Income,0,AUSTRALIAN POSTAL CORP,,,,,,,1559364,0
Dec 31 2024,UniSuper,Balanced,Fixed Income,0,AUSTRALIAN PRIME PROPERTY FUND COMMERCIAL,,,,,,,1000487,0
Dec 31 2024,UniSuper,Balanced,Fixed Income,0,AUSTRALIAN UNITY FUNDS MANAGEMENT LTD,,,,,,,3452105,0.0001
Dec 31 2024,UniSuper,Balanced,Fixed Income,0,"AUSTRALIAN, CAPITAL TERRITORY OF",,,,,,,61452422,0.0012
Dec 31 2024,UniSuper,Balanced,Fixed Income,0,AUSWIDE BANK LTD,,,,,,,59404,0
Dec 31 2024,UniSuper,Balanced,Fixed Income,0,BANCO SANTANDER SA,,,,,,,16314559,0.0003
Dec 31 2024,UniSuper,Balanced,Fixed Income,0,BANK AUSTRALIA LTD,,,,,,,1986066,0
Dec 31 2024,UniSuper,Balanced,Fixed Income,0,BANK OF QUEENSLAND LTD,,,,,,,41523454,0.0008
Dec 31 2024,UniSuper,Balanced,Fixed Income,0,BANQUE FEDERATIVE DU CREDIT MUTUEL SA,,,,,,,3562005,0.0001
Dec 31 2024,UniSuper,Balanced,Fixed Income,0,BARCLAYS PLC,,,,,,,4074099,0.0001
Dec 31 2024,UniSuper,Balanced,Fixed Income,0,BENDIGO AND ADELAIDE BANK LIMITED,,,,,,,90605361,0.0017
Dec 31 2024,UniSuper,Balanced,Fixed Income,0,BNP PARIBAS SA,,,,,,,33325240,0.0006
Dec 31 2024,UniSuper,Balanced,Fixed Income,0,BPCE SA,,,,,,,7423542,0.0001
Dec 31 2024,UniSuper,Balanced,Fixed Income,0,CHARTER HALL EXCHANGE FINANCE PTY LTD,,,,,,,960592,0
Dec 31 2024,UniSuper,Balanced,Fixed Income,0,CHARTER HALL LWR PTY LTD,,,,,,,2128754,0
Dec 31 2024,UniSuper,Balanced,Fixed Income,0,CHC FINANCE PTY LTD,,,,,,,15270,0
Dec 31 2024,UniSuper,Balanced,Fixed Income,0,CHORUS LTD,,,,,,,1642320,0
Dec 31 2024,UniSuper,Balanced,Fixed Income,0,CNH INDUSTRIAL CAPITAL AUSTRALIA PTY LTD,,,,,,,2179186,0
Dec 31 2024,UniSuper,Balanced,Fixed Income,0,COLES GROUP TREASURY PTY LTD,,,,,,,6507623,0.0001
Dec 31 2024,UniSuper,Balanced,Fixed Income,0,COMMONWEALTH BANK OF AUSTRALIA,,,,,,,226413550,0.0043
Dec 31 2024,UniSuper,Balanced,Fixed Income,0,COMPUTERSHARE US INC,,,,,,,2318208,0
Dec 31 2024,UniSuper,Balanced,Fixed Income,0,CONNECTEAST FINANCE PTY LTD,,,,,,,4030347,0.0001
Dec 31 2024,UniSuper,Balanced,Fixed Income,0,CONQUEST 2022-1 TRUST,,,,,,,746694,0
Dec 31 2024,UniSuper,Balanced,Fixed Income,0,CONQUEST 2023-2 TRUST,,,,,,,788800,0
Dec 31 2024,UniSuper,Balanced,Fixed Income,0,CONQUEST 2024-1 TRUST,,,,,,,2262004,0
Dec 31 2024,UniSuper,Balanced,Fixed Income,0,CONTACT ENERGY LTD,,,,,,,2706737,0.0001
Dec 31 2024,UniSuper,Balanced,Fixed Income,0,COOPERATIEVE RABOBANK UA,,,,,,,3356455,0.0001
Dec 31 2024,UniSuper,Balanced,Fixed Income,0,COOPERATIEVE RABOBANK UA (SYDNEY BRANCH),,,,,,,4703068,0.0001
Dec 31 2024,UniSuper,Balanced,Fixed Income,0,CPIF FINANCE PTY LTD,,,,,,,1614006,0
Dec 31 2024,UniSuper,Balanced,Fixed Income,0,CREDIT AGRICOLE SA,,,,,,,15505801,0.0003
Dec 31 2024,UniSuper,Balanced,Fixed Income,0,DBL FUNDING TRUST NO. 1 SALUTE SERIES 2024-1,,,,,,,2321390,0
Dec 31 2024,UniSuper,Balanced,Fixed Income,0,DBNGP FINANCE CO PTY LTD,,,,,,,758009,0
Dec 31 2024,UniSuper,Balanced,Fixed Income,0,DBS BANK LTD (SYDNEY BRANCH),,,,,,,2300653,0
Dec 31 2024,UniSuper,Balanced,Fixed Income,0,DEUTSCHE BAHN FINANCE GMBH,,,,,,,7526561,0.0001
Dec 31 2024,UniSuper,Balanced,Fixed Income,0,DEXUS WHOLESALE PROPERTY FUND,,,,,,,59330,0
Dec 31 2024,UniSuper,Balanced,Fixed Income,0,DWPF FINANCE PTY LTD,,,,,,,2581601,0
Dec 31 2024,UniSuper,Balanced,Fixed Income,0,ELECTRANET PTY LTD,,,,,,,119394,0
Dec 31 2024,UniSuper,Balanced,Fixed Income,0,ENBW INTERNATIONAL FINANCE BV,,,,,,,5893197,0.0001
Dec 31 2024,UniSuper,Balanced,Fixed Income,0,ETSA UTILITIES FINANCE PTY LTD,,,,,,,1193378,0
Dec 31 2024,UniSuper,Balanced,Fixed Income,0,EXPORT-IMPORT BANK OF KOREA,,,,,,,3084910,0.0001
Dec 31 2024,UniSuper,Balanced,Fixed Income,0,FIRSTMAC MORTGAGE FUNDING TRUST NO. 4 SERIES 2024-1,,,,,,,1889646,0
Dec 31 2024,UniSuper,Balanced,Fixed Income,0,FIRSTMAC MORTGAGE FUNDING TRUST NO. 4 SERIES 2024-4,,,,,,,1897121,0
Dec 31 2024,UniSuper,Balanced,Fixed Income,0,FIRSTMAC MORTGAGE FUNDING TRUST SERIES 20223-1,,,,,,,1170989,0
Dec 31 2024,UniSuper,Balanced,Fixed Income,0,FLINDERS PORT HOLDINGS PTY LTD,,,,,,,3241559,0.0001
Dec 31 2024,UniSuper,Balanced,Fixed Income,0,GAIF BOND ISSUER PTY LTD,,,,,,,3314173,0.0001
Dec 31 2024,UniSuper,Balanced,Fixed Income,0,GOLDMAN SACHS GROUP INC,,,,,,,1901647,0
Dec 31 2024,UniSuper,Balanced,Fixed Income,0,GPT RE LTD,,,,,,,14694,0
Dec 31 2024,UniSuper,Balanced,Fixed Income,0,GPT WHOLESALE OFFICE FUND NO1,,,,,,,4545712,0.0001
Dec 31 2024,UniSuper,Balanced,Fixed Income,0,GPT WHOLESALE SHOPPING CENTRE FUND NO 1,,,,,,,1392635,0
Dec 31 2024,UniSuper,Balanced,Fixed Income,0,GTA FINANCE COMPANY PTY LIMITED,,,,,,,1913396,0
Dec 31 2024,UniSuper,Balanced,Fixed Income,0,HARBOURVEST PARTNERS,,,,,,,64937359,0.0012
Dec 31 2024,UniSuper,Balanced,Fixed Income,0,HEATHROW FUNDING LTD,,,,,,,7842159,0.0001
Dec 31 2024,UniSuper,Balanced,Fixed Income,0,HONGKONG AND SHANGHAI BANKING CORPORATION LTD (SYDNEY BRANCH),,,,,,,4626408,0.0001
Dec 31 2024,UniSuper,Balanced,Fixed Income,0,HSBC HOLDINGS PLC,,,,,,,5451281,0.0001
Dec 31 2024,UniSuper,Balanced,Fixed Income,0,ICPF FINANCE PTY LTD,,,,,,,1173739,0
Dec 31 2024,UniSuper,Balanced,Fixed Income,0,ILLAWARRA SERIES 2017-1 RMBS TRUST,,,,,,,17003,0
Dec 31 2024,UniSuper,Balanced,Fixed Income,0,ING BANK (AUSTRALIA) LTD,,,,,,,13721682,0.0003
Dec 31 2024,UniSuper,Balanced,Fixed Income,0,JOHN DEERE FINANCIAL LTD,,,,,,,4066961,0.0001
Dec 31 2024,UniSuper,Balanced,Fixed Income,0,KINGFISHER TRUST 2016-1,,,,,,,4377,0
Dec 31 2024,UniSuper,Balanced,Fixed Income,0,KIWIBANK LTD,,,,,,,2940584,0.0001
Dec 31 2024,UniSuper,Balanced,Fixed Income,0,KOREA HOUSING FINANCE CORP,,,,,,,3793878,0.0001
Dec 31 2024,UniSuper,Balanced,Fixed Income,0,LIGHT TRUST 2019-1,,,,,,,22168,0
Dec 31 2024,UniSuper,Balanced,Fixed Income,0,LIGHT TRUST 2023-1,,,,,,,37971,0
Dec 31 2024,UniSuper,Balanced,Fixed Income,0,LIGHT TRUST 2024-1,,,,,,,5008494,0.0001
Dec 31 2024,UniSuper,Balanced,Fixed Income,0,LION SERIES 2024-1 TRUST,,,,,,,4541634,0.0001
Dec 31 2024,UniSuper,Balanced,Fixed Income,0,LLITST FINANCE PTY LTD,,,,,,,1624887,0
Dec 31 2024,UniSuper,Balanced,Fixed Income,0,LLOYDS BANKING GROUP PLC,,,,,,,12810259,0.0002
Dec 31 2024,UniSuper,Balanced,Fixed Income,0,LONSDALE FINANCE PTY LTD,,,,,,,9651235,0.0002
Dec 31 2024,UniSuper,Balanced,Fixed Income,0,MACQUARIE BANK LTD,,,,,,,13287934,0.0003
Dec 31 2024,UniSuper,Balanced,Fixed Income,0,MEDALLION TRUST SERIES 2019-1,,,,,,,16604,0
Dec 31 2024,UniSuper,Balanced,Fixed Income,0,MEDALLION TRUST SERIES 2023-2,,,,,,,113054,0
Dec 31 2024,UniSuper,Balanced,Fixed Income,0,MIRVAC GROUP FINANCE LTD,,,,,,,2758208,0.0001
Dec 31 2024,UniSuper,Balanced,Fixed Income,0,MIZUHO BANK LTD (SYDNEY BRANCH),,,,,,,1144268,0
Dec 31 2024,UniSuper,Balanced,Fixed Income,0,MIZUHO FINANCIAL GROUP INC,,,,,,,4176681,0.0001
Dec 31 2024,UniSuper,Balanced,Fixed Income,0,MORTGAGE HOUSE RMBS PRIME SERIES 2024-2,,,,,,,3863436,0.0001
Dec 31 2024,UniSuper,Balanced,Fixed Income,0,MORTGAGE HOUSE RMBS SERIES 2022-2,,,,,,,53361,0
Dec 31 2024,UniSuper,Balanced,Fixed Income,0,MPF DELAWARE 1 LTD,,,,,,,222976953,0.0042
Dec 31 2024,UniSuper,Balanced,Fixed Income,0,MPF GENERAL PARTNER,,,,,,,458242818,0.0087
Dec 31 2024,UniSuper,Balanced,Fixed Income,0,NATIONAL AUSTRALIA BANK LIMITED,,,,,,,76159502,0.0014
Dec 31 2024,UniSuper,Balanced,Fixed Income,0,NATIONAL RMBS TRUST 2018-1,,,,,,,44666,0
Dec 31 2024,UniSuper,Balanced,Fixed Income,0,NATIONAL RMBS TRUST 2022-1,,,,,,,3884195,0.0001
Dec 31 2024,UniSuper,Balanced,Fixed Income,0,NATIONAL RMBS TRUST 2024-1,,,,,,,2592677,0
Dec 31 2024,UniSuper,Balanced,Fixed Income,0,NATIONWIDE BUILDING SOCIETY,,,,,,,5986136,0.0001
Dec 31 2024,UniSuper,Balanced,Fixed Income,0,NATWEST MARKETS PLC,,,,,,,4406917,0.0001
Dec 31 2024,UniSuper,Balanced,Fixed Income,0,NBN CO LTD,,,,,,,31075132,0.0006
Dec 31 2024,UniSuper,Balanced,Fixed Income,0,NETWORK FINANCE COMPANY PTY LIMITED,,,,,,,9123577,0.0002
Dec 31 2024,UniSuper,Balanced,Fixed Income,0,NEW SOUTH WALES TREASURY CORP,,,,,,,357767846,0.0068
Dec 31 2024,UniSuper,Balanced,Fixed Income,0,NEW TERMINAL FINANCING COMPANY PTY LTD,,,,,,,1953769,0
Dec 31 2024,UniSuper,Balanced,Fixed Income,0,NEXTERA ENERGY CAPITAL HOLDINGS INC,,,,,,,2299718,0
Dec 31 2024,UniSuper,Balanced,Fixed Income,0,NORFINA LTD,,,,,,,24504912,0.0005
Dec 31 2024,UniSuper,Balanced,Fixed Income,0,NORTHERN TERRITORY TREASURY CORP,,,,,,,48327192,0.0009
Dec 31 2024,UniSuper,Balanced,Fixed Income,0,NSW ELECTRICITY NETWORKS FINANCE PTY LTD,,,,,,,3377941,0.0001
Dec 31 2024,UniSuper,Balanced,Fixed Income,0,NSW PORTS FINANCE CO PTY LTD,,,,,,,3813391,0.0001
Dec 31 2024,UniSuper,Balanced,Fixed Income,0,PERTH AIRPORT PTY LTD,,,,,,,907849,0
Dec 31 2024,UniSuper,Balanced,Fixed Income,0,PROGRESS 2021-1 TRUST,,,,,,,49466,0
Dec 31 2024,UniSuper,Balanced,Fixed Income,0,PROGRESS 2023-2 TRUST,,,,,,,4506566,0.0001
Dec 31 2024,UniSuper,Balanced,Fixed Income,0,PROGRESS 2024-2 TRUST,,,,,,,782737,0
Dec 31 2024,UniSuper,Balanced,Fixed Income,0,PUMA SERIES 2023-1,,,,,,,106104,0
Dec 31 2024,UniSuper,Balanced,Fixed Income,0,QIC FINANCE (TOWN CENTRE FUND) PTY LTD,,,,,,,7625157,0.0001
Dec 31 2024,UniSuper,Balanced,Fixed Income,0,QPH FINANCE CO PTY LTD,,,,,,,2693664,0.0001
Dec 31 2024,UniSuper,Balanced,Fixed Income,0,QUBE HOLDINGS LTD,,,,,,,5445127,0.0001
Dec 31 2024,UniSuper,Balanced,Fixed Income,0,QUEENSLAND TREASURY CORP,,,,,,,304231979,0.0058
Dec 31 2024,UniSuper,Balanced,Fixed Income,0,REGION RE LTD,,,,,,,1262568,0
Dec 31 2024,UniSuper,Balanced,Fixed Income,0,REGISTRY FINANCE PTY LTD,,,,,,,7686558,0.0001
Dec 31 2024,UniSuper,Balanced,Fixed Income,0,ROYAL BANK OF CANADA,,,,,,,3129645,0.0001
Dec 31 2024,UniSuper,Balanced,Fixed Income,0,SCENTRE GROUP TRUST 1,,,,,,,7839807,0.0001
Dec 31 2024,UniSuper,Balanced,Fixed Income,0,SERIES 2017-1 HARVEY TRUST,,,,,,,11201,0
Dec 31 2024,UniSuper,Balanced,Fixed Income,0,SERIES 2018-1 REDS TRUST,,,,,,,49156,0
Dec 31 2024,UniSuper,Balanced,Fixed Income,0,SERIES 2023-1 REDS TRUST,,,,,,,1086681,0
Dec 31 2024,UniSuper,Balanced,Fixed Income,0,SERIES 2024-1 REDS TRUST,,,,,,,4054448,0.0001
Dec 31 2024,UniSuper,Balanced,Fixed Income,0,SERIES 2024-2 WST TRUST,,,,,,,9206419,0.0002
Dec 31 2024,UniSuper,Balanced,Fixed Income,0,SGSP (AUSTRALIA) ASSETS PTY LTD,,,,,,,2578170,0
Dec 31 2024,UniSuper,Balanced,Fixed Income,0,SMHL SERIES SECURITISATION FUND 2019-1,,,,,,,148946,0
Dec 31 2024,UniSuper,Balanced,Fixed Income,0,SOCIETE GENERALE SA,,,,,,,2585659,0
Dec 31 2024,UniSuper,Balanced,Fixed Income,0,SOUTH AUSTRALIAN GOVERNMENT FINANCING AUTHORITY,,,,,,,99357788,0.0019
Dec 31 2024,UniSuper,Balanced,Fixed Income,0,SPARK FINANCE LTD,,,,,,,3659705,0.0001
Dec 31 2024,UniSuper,Balanced,Fixed Income,0,STOCKLAND TRUST MANAGEMENT LTD,,,,,,,3180211,0.0001
Dec 31 2024,UniSuper,Balanced,Fixed Income,0,SUNCORP-METWAY LTD,,,,,,,14474022,0.0003
Dec 31 2024,UniSuper,Balanced,Fixed Income,0,SYDNEY AIRPORT ALLIANCE,,,,,,,1661061935,0.0315
Dec 31 2024,UniSuper,Balanced,Fixed Income,0,TASMANIAN PUBLIC FINANCE CORP,,,,,,,6778366,0.0001
Dec 31 2024,UniSuper,Balanced,Fixed Income,0,TEACHERS MUTUAL BANK LTD,,,,,,,1193840,0
Dec 31 2024,UniSuper,Balanced,Fixed Income,0,TELSTRA GROUP LTD,,,,,,,5109340,0.0001
Dec 31 2024,UniSuper,Balanced,Fixed Income,0,TORONTO-DOMINION BANK,,,,,,,11418563,0.0002
Dec 31 2024,UniSuper,Balanced,Fixed Income,0,TORRENS SERIES 2021-1 TRUST,,,,,,,9343,0
Dec 31 2024,UniSuper,Balanced,Fixed Income,0,TRANSPOWER NEW ZEALAND LTD,,,,,,,2583094,0
Dec 31 2024,UniSuper,Balanced,Fixed Income,0,TRANSURBAN QUEENSLAND FINANCE PTY LTD,,,,,,,141219,0
Dec 31 2024,UniSuper,Balanced,Fixed Income,0,TREASURY CORPORATION OF VICTORIA,,,,,,,431986346,0.0082
Dec 31 2024,UniSuper,Balanced,Fixed Income,0,TRITON BOND TRUST 2021-2,,,,,,,33245,0
Dec 31 2024,UniSuper,Balanced,Fixed Income,0,TRITON BOND TRUST 2023-1,,,,,,,85610,0
Dec 31 2024,UniSuper,Balanced,Fixed Income,0,TRITON BOND TRUST 2024-1,,,,,,,5794135,0.0001
Dec 31 2024,UniSuper,Balanced,Fixed Income,0,TRITON BOND TRUST 2024-3,,,,,,,1256957,0
Dec 31 2024,UniSuper,Balanced,Fixed Income,0,UBS AG (SYDNEY BRANCH),,,,,,,6374707,0.0001
Dec 31 2024,UniSuper,Balanced,Fixed Income,0,UNITED ENERGY DISTRIBUTION PTY LTD,,,,,,,2859600,0.0001
Dec 31 2024,UniSuper,Balanced,Fixed Income,0,VANTAGE TOWERS AG,,,,,,,471945003,0.0089
Dec 31 2024,UniSuper,Balanced,Fixed Income,0,VERIZON COMMUNICATIONS INC,,,,,,,1344138,0
Dec 31 2024,UniSuper,Balanced,Fixed Income,0,VICINITY CENTRES RE LTD,,,,,,,5600024,0.0001
Dec 31 2024,UniSuper,Balanced,Fixed Income,0,VICINITY CENTRES TRUST,,,,,,,5669397,0.0001
Dec 31 2024,UniSuper,Balanced,Fixed Income,0,VICTORIA POWER NETWORKS (FINANCE) PTY LTD,,,,,,,1413195,0
Dec 31 2024,UniSuper,Balanced,Fixed Income,0,WELLS FARGO & CO,,,,,,,3576811,0.0001
Dec 31 2024,UniSuper,Balanced,Fixed Income,0,WESFARMERS LTD,,,,,,,2597620,0
Dec 31 2024,UniSuper,Balanced,Fixed Income,0,WESTCONNEX FINANCE COMPANY PTY LTD,,,,,,,1843360,0
Dec 31 2024,UniSuper,Balanced,Fixed Income,0,WESTERN AUSTRALIAN TREASURY CORP,,,,,,,16462479,0.0003
Dec 31 2024,UniSuper,Balanced,Fixed Income,0,WESTPAC BANKING CORPORATION,,,,,,,79915101,0.0015
Dec 31 2024,UniSuper,Balanced,Fixed Income,0,WOOLWORTHS GROUP LTD,,,,,,,7861297,0.0001
Dec 31 2024,UniSuper,Balanced,Fixed Income,0,WSO FINANCE PTY LTD,,,,,,,5325648,0.0001
Dec 31 2024,UniSuper,Balanced,Fixed Income,0,Sub Total,,,,,,,6428109569,0.1217
Dec 31 2024,UniSuper,Balanced,Fixed Income,1,COOLABAH CAPITAL INSTITUTIONAL INVESTMENTS PTY LIMITED,,,,,,,663267335,0.0126
Dec 31 2024,UniSuper,Balanced,Fixed Income,1,FIRST SENTIER INVESTORS (AUSTRALIA) IM LIMITED,,,,,,,22801136,0.0004
Dec 31 2024,UniSuper,Balanced,Fixed Income,1,MANULIFE INVESTMENT MANAGEMENT,,,,,,,29814863,0.0006
Dec 31 2024,UniSuper,Balanced,Fixed Income,1,JAMIESON COOTE BONDS PTY LTD,,,,,,,464852276,0.0088
Dec 31 2024,UniSuper,Balanced,Fixed Income,1,MACQUARIE INVESTMENT MANAGEMENT GLOBAL LIMITED,,,,,,,969919695,0.0184
Dec 31 2024,UniSuper,Balanced,Fixed Income,1,MORGAN STANLEY INVESTMENT MANAGEMENT (AUSTRALIA) PTY LIMITED,,,,,,,153669285,0.0029
Dec 31 2024,UniSuper,Balanced,Fixed Income,1,PERENNIAL,,,,,,,3191293,0.0001
Dec 31 2024,UniSuper,Balanced,Fixed Income,1,"PGIM, INC.",,,,,,,183980080,0.0035
Dec 31 2024,UniSuper,Balanced,Fixed Income,1,Sub Total,,,,,,,2491495963,0.0472
Dec 31 2024,UniSuper,Balanced,Listed Equity,1,CI FINANCIAL CORP C,,CA1254911003,CA,3215,,,111698,0
Dec 31 2024,UniSuper,Balanced,Listed Equity,1,ZHUHAI COSMX BATTERY CO LTD A,,CNE100005030,CN,23652,,,84153,0
Dec 31 2024,UniSuper,Balanced,Listed Equity,1,360 DIGITECH INC,,US88557W1018,US,204461,,,12674144,0.0002
Dec 31 2024,UniSuper,Balanced,Listed Equity,1,3I GROUP PLC,,GB00B1YW4409,GB,11711,,,844300,0
Dec 31 2024,UniSuper,Balanced,Listed Equity,1,3M CO,,US88579Y1010,US,19516,,,4069058,0.0001
Dec 31 2024,UniSuper,Balanced,Listed Equity,1,4D MOLECULAR THERAPEUTICS INC,,US35104E1001,US,67778,,,609744,0
Dec 31 2024,UniSuper,Balanced,Listed Equity,1,4IMPRINT GROUP PLC,,GB0006640972,GB,972,,,95458,0
Dec 31 2024,UniSuper,Balanced,Listed Equity,1,89BIO INC,,US2825591033,US,199176,,,2515639,0
Dec 31 2024,UniSuper,Balanced,Listed Equity,1,A P MOLLER MAERSK AS,,DK0010244425,DK,35,,,89483,0
Dec 31 2024,UniSuper,Balanced,Listed Equity,1,A P MOLLER-MAERSK B,,DK0010244508,DK,51,,,135953,0
Dec 31 2024,UniSuper,Balanced,Listed Equity,1,A2 MILK COMPANY LTD,,NZATME0002S8,NZ,440326,,,2545082,0
Dec 31 2024,UniSuper,Balanced,Listed Equity,1,AAC TECHNOLOGIES,,KYG2953R1149,KY,1185607,,,9244211,0.0002
Dec 31 2024,UniSuper,Balanced,Listed Equity,1,AAON INC COM STK USD0.004,,US0003602069,US,1704,,,323887,0
Dec 31 2024,UniSuper,Balanced,Listed Equity,1,ABB INDIA LTD,,INE117A01022,IN,29740,,,3878058,0.0001
Dec 31 2024,UniSuper,Balanced,Listed Equity,1,ABB LTD,,CH0012221716,CH,24984,,,2184552,0
Dec 31 2024,UniSuper,Balanced,Listed Equity,1,ABBOTT LABS,,US0028241000,US,269158,,,49171338,0.0009
Dec 31 2024,UniSuper,Balanced,Listed Equity,1,ABBVIE INC COM,,US00287Y1091,US,102968,,,29552360,0.0006
Dec 31 2024,UniSuper,Balanced,Listed Equity,1,ABERCROMBIE FITCH CO CL-A,,US0028962076,US,3546,,,856133,0
Dec 31 2024,UniSuper,Balanced,Listed Equity,1,ABM INDUSTRIES INC,,US0009571003,US,9151,,,756451,0
Dec 31 2024,UniSuper,Balanced,Listed Equity,1,ABN AMRO BANK N V DR EACH REP SHS,,NL0011540547,NL,7945,,,197861,0
Dec 31 2024,UniSuper,Balanced,Listed Equity,1,ABN AMRO BK AMSTM BRH UN ADR REP ORD SHS,,US00080Q1058,US,10202,,,253082,0
Dec 31 2024,UniSuper,Balanced,Listed Equity,1,ACCELLERON N ORD SHS,,CH1169360919,CH,25177,,,2095408,0
Dec 31 2024,UniSuper,Balanced,Listed Equity,1,ACCENT GROUP LIMITED,,AU000000AX19,AU,274725,,,642856,0
Dec 31 2024,UniSuper,Balanced,Listed Equity,1,ACCENTURE PLC,,IE00B4BNMY34,IE,63036,,,35815910,0.0007
Dec 31 2024,UniSuper,Balanced,Listed Equity,1,ACCOR SA,,FR0000120404,FR,2210,,,173839,0
Dec 31 2024,UniSuper,Balanced,Listed Equity,1,ACCTON TECHNOLOGY CORPORATION,,TW0002345006,TW,258702,,,9851791,0.0002
Dec 31 2024,UniSuper,Balanced,Listed Equity,1,ACI WORLDWIDE INC,,US0044981019,US,12091,,,1013734,0
Dec 31 2024,UniSuper,Balanced,Listed Equity,1,ACKERMANS & VAN HAAREN NV,,BE0003764785,BE,1348,,,429543,0
Dec 31 2024,UniSuper,Balanced,Listed Equity,1,ACOM CO LTD JPY,,JP3108600002,JP,55081,,,217253,0
Dec 31 2024,UniSuper,Balanced,Listed Equity,1,ACS ACTIVIDADES CO EUR 0.5 RFD JANUARY 2024,,ES0167050915,ES,2628,,,212879,0
Dec 31 2024,UniSuper,Balanced,Listed Equity,1,ACUITY BRANDS INC,,US00508Y1029,US,1294,,,610622,0
Dec 31 2024,UniSuper,Balanced,Listed Equity,1,ADDTECH AB SER B NPV,,SE0014781795,SE,3127,,,137667,0
Dec 31 2024,UniSuper,Balanced,Listed Equity,1,ADECCO GROUP AG,,CH0012138605,CH,1919,,,76481,0
Dec 31 2024,UniSuper,Balanced,Listed Equity,1,ADIDAS AG,,DE000A1EWWW0,DE,2313,,,916113,0
Dec 31 2024,UniSuper,Balanced,Listed Equity,1,ADITYA BIRLA REAL ESTATE LIMITED,,INE055A01016,IN,1183,,,55979,0
Dec 31 2024,UniSuper,Balanced,Listed Equity,1,ADMA BIOLOGICS INC,,US0008991046,US,5170,,,143217,0
Dec 31 2024,UniSuper,Balanced,Listed Equity,1,ADMIRAL GROUP PLC,,GB00B02J6398,GB,3132,,,167532,0
Dec 31 2024,UniSuper,Balanced,Listed Equity,1,ADOBE INC COM,,US00724F1012,US,70723,,,50794209,0.001
Dec 31 2024,UniSuper,Balanced,Listed Equity,1,ADRIATIC METALS PLC CHESS DEPOSITARY INTERESTS 1 1,,AU0000004772,AU,3983523,,,15535739,0.0003
Dec 31 2024,UniSuper,Balanced,Listed Equity,1,ADT INC,,US00090Q1031,US,6875,,,76729,0
Dec 31 2024,UniSuper,Balanced,Listed Equity,1,ADVANCED MICRO DEVICES,,US0079031078,US,373255,,,72818287,0.0014
Dec 31 2024,UniSuper,Balanced,Listed Equity,1,ADVANTEST CORP,,JP3122400009,JP,12525,,,1183974,0
Dec 31 2024,UniSuper,Balanced,Listed Equity,1,ADYEN NV,,NL0012969182,NL,8851,,,21272319,0.0004
Dec 31 2024,UniSuper,Balanced,Listed Equity,1,AECOM,,US00766T1007,US,1634,,,281987,0
Dec 31 2024,UniSuper,Balanced,Listed Equity,1,AEGON ORD SHS,,BMG0112X1056,BM,16245,,,155409,0
Dec 31 2024,UniSuper,Balanced,Listed Equity,1,AEON CO LTD,,JP3388200002,JP,7858,,,298391,0
Dec 31 2024,UniSuper,Balanced,Listed Equity,1,AEON CREDIT SERVICE CO LTD,,JP3131400008,JP,26152,,,342942,0
Dec 31 2024,UniSuper,Balanced,Listed Equity,1,AERCAP HOLDINGS NV,,NL0000687663,NL,59286,,,9163655,0.0002
Dec 31 2024,UniSuper,Balanced,Listed Equity,1,AES CORP,,US00130H1059,US,57792,,,1201290,0
Dec 31 2024,UniSuper,Balanced,Listed Equity,1,AFLAC INC,,US0010551028,US,19560,,,3267788,0.0001
Dec 31 2024,UniSuper,Balanced,Listed Equity,1,AGC INC,,JP3112000009,JP,2200,,,104578,0
Dec 31 2024,UniSuper,Balanced,Listed Equity,1,AGEAS NPV POST SPLIT,,BE0974264930,BE,1821,,,142799,0
Dec 31 2024,UniSuper,Balanced,Listed Equity,1,AGILENT TECHNOLOGIES INC,,US00846U1016,US,11868,,,2575032,0
Dec 31 2024,UniSuper,Balanced,Listed Equity,1,AGNICO EAGLE MINES,,CA0084741085,CA,6035,,,762173,0
Dec 31 2024,UniSuper,Balanced,Listed Equity,1,AGNICO-EAGLE MINES LTD,,CA0084741085,CA,2129,,,268898,0
Dec 31 2024,UniSuper,Balanced,Listed Equity,1,AGRICULTURAL BANK OF CHINA,,CNE100000Q43,CN,31327,,,28855,0
Dec 31 2024,UniSuper,Balanced,Listed Equity,1,AGS ORD SHS,,JP3160460006,JP,1920,,,17206,0
Dec 31 2024,UniSuper,Balanced,Listed Equity,1,AIA GROUP LTD,,HK0000069689,HK,3983769,,,46633734,0.0009
Dec 31 2024,UniSuper,Balanced,Listed Equity,1,AIB GROUP PLC,,IE00BF0L3536,IE,35694,,,318182,0
Dec 31 2024,UniSuper,Balanced,Listed Equity,1,AIB GROUP PLC ORD,,IE00BF0L3536,IE,107061,,,972357,0
Dec 31 2024,UniSuper,Balanced,Listed Equity,1,AIB GROUP PLC UNSPONSORED ADR,,US00135T1043,US,101333,,,1777398,0
Dec 31 2024,UniSuper,Balanced,Listed Equity,1,AIR CANADA VAR VTG SHS NPV,,CA0089118776,CA,1572,,,39287,0
Dec 31 2024,UniSuper,Balanced,Listed Equity,1,AIR LIQUIDE,,FR0000120073,FR,6957,,,1825835,0
Dec 31 2024,UniSuper,Balanced,Listed Equity,1,AIR PROD & CHEMS INC COM USD,,US0091581068,US,7990,,,3742988,0.0001
Dec 31 2024,UniSuper,Balanced,Listed Equity,1,AIR WATER INC,,JP3160670000,JP,4627,,,91139,0
Dec 31 2024,UniSuper,Balanced,Listed Equity,1,AIRASIA BHD,,MYL5099OO006,MY,100500,,,36301,0
Dec 31 2024,UniSuper,Balanced,Listed Equity,1,AIRBNB INC,,US0090661010,US,16154,,,3428504,0.0001
Dec 31 2024,UniSuper,Balanced,Listed Equity,1,AIRBUS SE,,NL0000235190,NL,191839,,,49659928,0.0009
Dec 31 2024,UniSuper,Balanced,Listed Equity,1,AIRTAC INTERNATIONAL GROUP,,KYG014081064,KY,111798,,,4648497,0.0001
Dec 31 2024,UniSuper,Balanced,Listed Equity,1,AISIN SEIKI CO LTD,,JP3102000001,JP,7795,,,142394,0
Dec 31 2024,UniSuper,Balanced,Listed Equity,1,AJ BELL PLC,,GB00BFZNLB60,GB,22461,,,205587,0
Dec 31 2024,UniSuper,Balanced,Listed Equity,1,AJINOMOTO CO INC JPY,,JP3119600009,JP,5595,,,370976,0
Dec 31 2024,UniSuper,Balanced,Listed Equity,1,AKAMAI TECHNOLOGIES,,US00971T1016,US,20207,,,3121628,0.0001
Dec 31 2024,UniSuper,Balanced,Listed Equity,1,AKER BP ASA NOK1,,NO0010345853,NO,3601,,,113526,0
Dec 31 2024,UniSuper,Balanced,Listed Equity,1,AKERO THERAPEUTICS INC,,US00973Y1082,US,115662,,,5196991,0.0001
Dec 31 2024,UniSuper,Balanced,Listed Equity,1,AKZO NOBEL NV,,NL0013267909,NL,2055,,,199203,0
Dec 31 2024,UniSuper,Balanced,Listed Equity,1,ALAMOS GOLD INC,,CA0115321089,CA,24819,,,739183,0
Dec 31 2024,UniSuper,Balanced,Listed Equity,1,ALARM.COM HOLDINGS INC,,US0116421050,US,1780,,,174785,0
Dec 31 2024,UniSuper,Balanced,Listed Equity,1,ALBERMARLE CORP,,US0126531013,US,8362,,,1162556,0
Dec 31 2024,UniSuper,Balanced,Listed Equity,1,ALBERTSONS COMPANIES INC,,US0130911037,US,3960,,,125628,0
Dec 31 2024,UniSuper,Balanced,Listed Equity,1,ALCOA CORPORATION CDI 1 1 FOREIGN EXEMPT DEFERRED SETTLEMENT,,AU0000339426,AU,293365,,,17402392,0.0003
Dec 31 2024,UniSuper,Balanced,Listed Equity,1,ALCON AG,,CH0432492467,CH,6012,,,823989,0
Dec 31 2024,UniSuper,Balanced,Listed Equity,1,ALFA FINANCIAL SOFTWARE HOLDINGS ORDINARY SHARES,,GB00BDHXPG30,GB,5225,,,22671,0
Dec 31 2024,UniSuper,Balanced,Listed Equity,1,ALFA LAVAL AB,,SE0000695876,SE,4121,,,278668,0
Dec 31 2024,UniSuper,Balanced,Listed Equity,1,ALFRESA HOLDINGS CORP,,JP3126340003,JP,4717,,,104901,0
Dec 31 2024,UniSuper,Balanced,Listed Equity,1,ALGOMA STEEL GROUP INC,,CA0156581070,CA,2836,,,44840,0
Dec 31 2024,UniSuper,Balanced,Listed Equity,1,ALIBABA GROUP HOLDING LTD,,KYG017191142,KY,1560887,,,26742160,0.0005
Dec 31 2024,UniSuper,Balanced,Listed Equity,1,ALIBABA GROUP HOLDING LTD,,US01609W1027,US,123252,,,16878780,0.0003
Dec 31 2024,UniSuper,Balanced,Listed Equity,1,ALIGN TECHNOLOGY INC,,US0162551016,US,8776,,,2955477,0.0001
Dec 31 2024,UniSuper,Balanced,Listed Equity,1,ALIMENTATION COUCHE TARD INC,,CA01626P1484,CA,9115,,,816055,0
Dec 31 2024,UniSuper,Balanced,Listed Equity,1,ALIOR BANK SA,,PLALIOR00045,PL,5226,,,175697,0
Dec 31 2024,UniSuper,Balanced,Listed Equity,1,ALKAMI TECHNOLOGY INC,,US01644J1088,US,1083,,,64130,0
Dec 31 2024,UniSuper,Balanced,Listed Equity,1,ALLEGION PLC,,IE00BFRT3W74,IE,6072,,,1281664,0
Dec 31 2024,UniSuper,Balanced,Listed Equity,1,ALLIANCE AVIATION SERVICES LIMITED,,AU000000AQZ6,AU,374594,,,1112544,0
Dec 31 2024,UniSuper,Balanced,Listed Equity,1,ALLIANCE DATA SYSTEMS CORP,,US0185811082,US,9975,,,983739,0
Dec 31 2024,UniSuper,Balanced,Listed Equity,1,ALLIANZ SE-REG,,DE0008404005,DE,43139,,,21348645,0.0004
Dec 31 2024,UniSuper,Balanced,Listed Equity,1,ALLIANZ SE UNSPONSORED ADR EA REP 1 10 ORD,,US0188201000,US,3707,,,182836,0
Dec 31 2024,UniSuper,Balanced,Listed Equity,1,ALLISON TRANSMISSION HOLDINGS INC,,US01973R1014,US,14017,,,2446394,0
Dec 31 2024,UniSuper,Balanced,Listed Equity,1,ALLSTATE CORP,,US0200021014,US,13330,,,4150540,0.0001
Dec 31 2024,UniSuper,Balanced,Listed Equity,1,ALLY FINANCIAL INC,,US02005N1000,US,3877,,,225503,0
Dec 31 2024,UniSuper,Balanced,Listed Equity,1,ALNYLAM PHARMACEUTICALS INC,,US02043Q1076,US,12241,,,4652395,0.0001
Dec 31 2024,UniSuper,Balanced,Listed Equity,1,ALPHA GROUP INTERNATIONAL ORD SHS,,GB00BF1TM596,GB,1216,,,57570,0
Dec 31 2024,UniSuper,Balanced,Listed Equity,1,ALPHABET INC CLASS C EQUITY,,US02079K1079,US,806389,,,248031555,0.0047
Dec 31 2024,UniSuper,Balanced,Listed Equity,1,ALPHABET INC CLASS A EQUITY,,US02079K3059,US,1076584,,,329156606,0.0062
Dec 31 2024,UniSuper,Balanced,Listed Equity,1,ALS LIMITED,,AU000000ALQ6,AU,1291675,,,19478452,0.0004
Dec 31 2024,UniSuper,Balanced,Listed Equity,1,ALSTOM SA,,FR0010220475,FR,4454,,,160599,0
Dec 31 2024,UniSuper,Balanced,Listed Equity,1,ALUMINUM CORPORATION OF CHINA LTD,,CNE1000001T8,CN,278913,,,260383,0
Dec 31 2024,UniSuper,Balanced,Listed Equity,1,AMADA CO LTD,,JP3122800000,JP,8031,,,126850,0
Dec 31 2024,UniSuper,Balanced,Listed Equity,1,"AMADEUS IT GROUP, S.A.",,ES0109067019,ES,5420,,,618224,0
Dec 31 2024,UniSuper,Balanced,Listed Equity,1,AMANO CORP,,JP3124400007,JP,16599,,,731126,0
Dec 31 2024,UniSuper,Balanced,Listed Equity,1,AMAZON COM INC,,US0231351067,US,1607114,,,569465902,0.0108
Dec 31 2024,UniSuper,Balanced,Listed Equity,1,AMCOR PLC CDI,,AU000000AMC4,AU,543119,,,8130496,0.0002
Dec 31 2024,UniSuper,Balanced,Listed Equity,1,AMCOR PLC COM USD,,JE00BJ1F3079,JE,91250,,,1386842,0
Dec 31 2024,UniSuper,Balanced,Listed Equity,1,AMER SPORTS INC,,KYG0260P1028,KY,150321,,,6788296,0.0001
Dec 31 2024,UniSuper,Balanced,Listed Equity,1,AMERCO COM,,US0235865062,US,1132,,,117056,0
Dec 31 2024,UniSuper,Balanced,Listed Equity,1,AMERICAN AIRLINES COM USD1,,US02376R1023,US,2790,,,78556,0
Dec 31 2024,UniSuper,Balanced,Listed Equity,1,AMERICAN EAGLE OUTFITTERS INC,,US02553E1064,US,6394,,,172164,0
Dec 31 2024,UniSuper,Balanced,Listed Equity,1,AMERICAN EXPRESS USD,,US0258161092,US,40827,,,19570433,0.0004
Dec 31 2024,UniSuper,Balanced,Listed Equity,1,AMERICAN FINANCIAL GROUP INC,,US0259321042,US,880,,,194639,0
Dec 31 2024,UniSuper,Balanced,Listed Equity,1,AMERICAN INTERNATIONAL GROUP,,US0268747849,US,25230,,,2966520,0.0001
Dec 31 2024,UniSuper,Balanced,Listed Equity,1,AMERIPRISE FINANCIAL INC,,US03076C1062,US,3742,,,3217475,0.0001
Dec 31 2024,UniSuper,Balanced,Listed Equity,1,AMERIS BANCORP,,US03076K1088,US,1498,,,151362,0
Dec 31 2024,UniSuper,Balanced,Listed Equity,1,AMETEK INC,,US0311001004,US,9259,,,2695763,0.0001
Dec 31 2024,UniSuper,Balanced,Listed Equity,1,AMGEN INC,,US0311621009,US,54206,,,22818909,0.0004
Dec 31 2024,UniSuper,Balanced,Listed Equity,1,AMICUS THERAPEUTICS INC,,US03152W1099,US,99368,,,1511831,0
Dec 31 2024,UniSuper,Balanced,Listed Equity,1,AMOTIV LIMITED ORDINARY FULLY PAID,,AU0000340770,AU,23283,,,246795,0
Dec 31 2024,UniSuper,Balanced,Listed Equity,1,AMP LIMITED,,AU000000AMP6,AU,669270,,,1060793,0
Dec 31 2024,UniSuper,Balanced,Listed Equity,1,AMPHENOL ORD SHS CLASS A,,US0320951017,US,161129,,,18073772,0.0003
Dec 31 2024,UniSuper,Balanced,Listed Equity,1,AMPLIFON SPA,,IT0004056880,IT,1419,,,58967,0
Dec 31 2024,UniSuper,Balanced,Listed Equity,1,AMPOL LIMITED ORDINARY FULLY PAID,,AU0000088338,AU,1293209,,,36455554,0.0007
Dec 31 2024,UniSuper,Balanced,Listed Equity,1,AMUNDI SA,,FR0004125920,FR,700,,,75125,0
Dec 31 2024,UniSuper,Balanced,Listed Equity,1,ANA HOLDINGS INC,,JP3429800000,JP,1446,,,42578,0
Dec 31 2024,UniSuper,Balanced,Listed Equity,1,ANALOG DEVICES INCORPORATED COM,,US0326541051,US,135359,,,46448193,0.0009
Dec 31 2024,UniSuper,Balanced,Listed Equity,1,ANDRITZ AG,,AT0000730007,AT,2057,,,168474,0
Dec 31 2024,UniSuper,Balanced,Listed Equity,1,ANGLO AMERICAN PLC,,GB00B1XZS820,GB,15288,,,731067,0
Dec 31 2024,UniSuper,Balanced,Listed Equity,1,ANGLOGOLD ASHANTI ORD SHS,,GB00BRXH2664,GB,2988,,,111376,0
Dec 31 2024,UniSuper,Balanced,Listed Equity,1,ANHEUSER BUSCH INBEV SA NV,,BE0974293251,BE,213826,,,17254856,0.0003
Dec 31 2024,UniSuper,Balanced,Listed Equity,1,ANHUI CONSTRUCTION ENGINEERING GROUP CORP LTD,,CNE000001DV4,CN,498204,,,526940,0
Dec 31 2024,UniSuper,Balanced,Listed Equity,1,ANIMA HOLDINGS SPA,,IT0004998065,IT,139486,,,1546668,0
Dec 31 2024,UniSuper,Balanced,Listed Equity,1,ANSELL LIMITED,,AU000000ANN9,AU,33489,,,1132583,0
Dec 31 2024,UniSuper,Balanced,Listed Equity,1,ANSYS INC,,US03662Q1058,US,10139,,,5524176,0.0001
Dec 31 2024,UniSuper,Balanced,Listed Equity,1,ANTA SPORTS PRODUCTS LTD,,KYG040111059,KY,533543,,,8636256,0.0002
Dec 31 2024,UniSuper,Balanced,Listed Equity,1,ANTOFAGASTA PLC,,GB0000456144,GB,597043,,,19202169,0.0004
Dec 31 2024,UniSuper,Balanced,Listed Equity,1,ANTON OILFIELD SERVICES GROUP,,KYG039991024,KY,1475411,,,184061,0
Dec 31 2024,UniSuper,Balanced,Listed Equity,1,ANZ GROUP HOLDINGS LIMITED ORDINARY FULLY PAID,,AU000000ANZ3,AU,7392950,,,210994792,0.004
Dec 31 2024,UniSuper,Balanced,Listed Equity,1,AO WORLD PLC,,GB00BJTNFH41,GB,15293,,,31987,0
Dec 31 2024,UniSuper,Balanced,Listed Equity,1,AON PLC IE COM CL A,,IE00BLP1HW54,IE,7309,,,4239774,0.0001
Dec 31 2024,UniSuper,Balanced,Listed Equity,1,APA CORPORATION COM USD0.625,,US03743Q1085,US,33839,,,1261965,0
Dec 31 2024,UniSuper,Balanced,Listed Equity,1,APAR INDUSTRY LTD ORD SHS,,INE372A01015,IN,5411,,,1053292,0
Dec 31 2024,UniSuper,Balanced,Listed Equity,1,APELLIS PHARMACEUTICALS INC,,US03753U1060,US,39145,,,2017462,0
Dec 31 2024,UniSuper,Balanced,Listed Equity,1,APOGEE THERAPEUTICS INC,,US03770N1019,US,16007,,,1171157,0
Dec 31 2024,UniSuper,Balanced,Listed Equity,1,APOLLO GLOBAL MANAGEMENT INC,,US03769M1062,US,47201,,,12590871,0.0002
Dec 31 2024,UniSuper,Balanced,Listed Equity,1,APPEN LIMITED ORDINARY,,AU000000APX3,AU,25339,,,66895,0
Dec 31 2024,UniSuper,Balanced,Listed Equity,1,APPFOLIO INC ORD,,US03783C1009,US,764,,,304545,0
Dec 31 2024,UniSuper,Balanced,Listed Equity,1,APPLE INC,,US0378331005,US,2488609,,,1006536959,0.0191
Dec 31 2024,UniSuper,Balanced,Listed Equity,1,APPLIED MATERIALS US,,US0382221051,US,166170,,,43647249,0.0008
Dec 31 2024,UniSuper,Balanced,Listed Equity,1,APPLOVIN CORP,,US03831W1080,US,13210,,,6909014,0.0001
Dec 31 2024,UniSuper,Balanced,Listed Equity,1,APTIV PLC NEW ORD USD0.01,,JE00BTDN8H13,JE,16392,,,1601240,0
Dec 31 2024,UniSuper,Balanced,Listed Equity,1,ARAMIS GROUP SAS,,FR0014003U94,FR,10594,,,143865,0
Dec 31 2024,UniSuper,Balanced,Listed Equity,1,ARB CORPORATION LIMITED ORDINARY FULLY PAID,,AU000000ARB5,AU,159485,,,6476678,0.0001
Dec 31 2024,UniSuper,Balanced,Listed Equity,1,ARC RESOURCES COM NPV,,CA00208D4084,CA,7104,,,207971,0
Dec 31 2024,UniSuper,Balanced,Listed Equity,1,ARCADIS NV,,NL0006237562,NL,1846,,,181583,0
Dec 31 2024,UniSuper,Balanced,Listed Equity,1,ARCADIUM LITHIUM CDI DEFEERED,,AU0000305724,AU,1954964,,,16030708,0.0003
Dec 31 2024,UniSuper,Balanced,Listed Equity,1,ARCELLX INC,,US03940C1009,US,24064,,,2980667,0.0001
Dec 31 2024,UniSuper,Balanced,Listed Equity,1,ARCELORMITTAL NPV POST STK SPLIT,,LU1598757687,LU,5643,,,211697,0
Dec 31 2024,UniSuper,Balanced,Listed Equity,1,ARCH CAPITAL GROUPCOM,,BMG0450A1053,BM,16096,,,2400839,0
Dec 31 2024,UniSuper,Balanced,Listed Equity,1,ARCHER DANIELS MIDLAND CO COM STK NPV,,US0394831020,US,23340,,,1904485,0
Dec 31 2024,UniSuper,Balanced,Listed Equity,1,ARCPLUS GROUP PLCA,,CNE000000784,CN,202768,,,413672,0
Dec 31 2024,UniSuper,Balanced,Listed Equity,1,ARCUTIS BIOTHERAPEUTICS INC COM,,US03969K1088,US,453361,,,10199977,0.0002
Dec 31 2024,UniSuper,Balanced,Listed Equity,1,ARDELYX INC,,US0396971071,US,301867,,,2471879,0
Dec 31 2024,UniSuper,Balanced,Listed Equity,1,ARES MANAGEMNT COR COM,,US03990B1017,US,33691,,,9633093,0.0002
Dec 31 2024,UniSuper,Balanced,Listed Equity,1,ARGAN INC,,US04010E1091,US,1302,,,288231,0
Dec 31 2024,UniSuper,Balanced,Listed Equity,1,ARGENX NV,,US04016X1019,US,12523,,,12439274,0.0002
Dec 31 2024,UniSuper,Balanced,Listed Equity,1,ARGENX SE,,NL0010832176,NL,8964,,,8995232,0.0002
Dec 31 2024,UniSuper,Balanced,Listed Equity,1,ARISTA NETWORKS INC,,US0404132054,US,163829,,,29246609,0.0006
Dec 31 2024,UniSuper,Balanced,Listed Equity,1,ARISTOCRAT LEISURE LTD,,AU000000ALL7,AU,4142995,,,283215126,0.0054
Dec 31 2024,UniSuper,Balanced,Listed Equity,1,ARITZIA INC,,CA04045U1021,CA,2046,,,122782,0
Dec 31 2024,UniSuper,Balanced,Listed Equity,1,ARKEMA,,FR0010313833,FR,684,,,84133,0
Dec 31 2024,UniSuper,Balanced,Listed Equity,1,ARMSTRONG WORLD INDUSTRIES INC,,US04247X1028,US,4662,,,1064240,0
Dec 31 2024,UniSuper,Balanced,Listed Equity,1,ARTHUR J GALLAGHER CO,,US3635761097,US,8443,,,3870589,0.0001
Dec 31 2024,UniSuper,Balanced,Listed Equity,1,ARTIENCE CO LTD,,JP3606600009,JP,3612,,,117125,0
Dec 31 2024,UniSuper,Balanced,Listed Equity,1,ARYT INDUSTRIES ORD SHS,,IL0005870147,IL,26039,,,104448,0
Dec 31 2024,UniSuper,Balanced,Listed Equity,1,ASAHI GROUP HOLDINGS LTD,,JP3116000005,JP,17413,,,296527,0
Dec 31 2024,UniSuper,Balanced,Listed Equity,1,ASAHI INTECC CO LTD NPV,,JP3110650003,JP,4359,,,115389,0
Dec 31 2024,UniSuper,Balanced,Listed Equity,1,ASAHI KASEI CORPORATION,,JP3111200006,JP,14270,,,160217,0
Dec 31 2024,UniSuper,Balanced,Listed Equity,1,ASANA INC,,US04342Y1047,US,29523,,,966533,0
Dec 31 2024,UniSuper,Balanced,Listed Equity,1,ASCENDIS PHARMA AS,,US04351P1012,US,32445,,,7214206,0.0001
Dec 31 2024,UniSuper,Balanced,Listed Equity,1,ASGN INCORPORATED COM USD0.01,,US00191U1025,US,1057,,,142294,0
Dec 31 2024,UniSuper,Balanced,Listed Equity,1,ASHMORE GROUP PLC,,GB00B132NW22,GB,14277,,,46179,0
Dec 31 2024,UniSuper,Balanced,Listed Equity,1,ASHOT ASHKELON INDUSTRIES ORD SHS,,IL0003120172,IL,4649,,,105450,0
Dec 31 2024,UniSuper,Balanced,Listed Equity,1,ASHTEAD GROUP PLC,,GB0000536739,GB,5262,,,528434,0
Dec 31 2024,UniSuper,Balanced,Listed Equity,1,ASICS ORD SHS,,JP3118000003,JP,542011,,,17323284,0.0003
Dec 31 2024,UniSuper,Balanced,Listed Equity,1,ASM INTERNATIONAL NV,,NL0000334118,NL,668,,,624025,0
Dec 31 2024,UniSuper,Balanced,Listed Equity,1,ASML HOLDING NV,,NL0010273215,NL,73228,,,83120741,0.0016
Dec 31 2024,UniSuper,Balanced,Listed Equity,1,ASML HOLDING NV EUR 0.09 NY REG 2012 POST DEPOSITORY RECEIPT,,USN070592100,US,26502,,,29665988,0.0006
Dec 31 2024,UniSuper,Balanced,Listed Equity,1,ASMPT LTD,,KYG0535Q1331,KY,557386,,,8680314,0.0002
Dec 31 2024,UniSuper,Balanced,Listed Equity,1,ASPEN TECHNOLOGY,,US29109X1063,US,314,,,126727,0
Dec 31 2024,UniSuper,Balanced,Listed Equity,1,ASR NEDERLAND NV,,NL0011872643,NL,6732,,,515437,0
Dec 31 2024,UniSuper,Balanced,Listed Equity,1,ASSA ABLOY AB,,SE0007100581,SE,12059,,,576062,0
Dec 31 2024,UniSuper,Balanced,Listed Equity,1,ASSECO POLAND SA,,PLSOFTB00016,PL,724,,,27243,0
Dec 31 2024,UniSuper,Balanced,Listed Equity,1,ASSOCIATED BRITISH FOODS PLC,,GB0006731235,GB,4017,,,166003,0
Dec 31 2024,UniSuper,Balanced,Listed Equity,1,ASSURANT INC,,US04621X1081,US,3810,,,1312233,0
Dec 31 2024,UniSuper,Balanced,Listed Equity,1,ASSURED GUARANTY LTD,,BMG0585R1060,BM,1263,,,183629,0
Dec 31 2024,UniSuper,Balanced,Listed Equity,1,ASTELLAS PHARMA NPV,,JP3942400007,JP,21751,,,343008,0
Dec 31 2024,UniSuper,Balanced,Listed Equity,1,ASTON MARTIN LAGONDA GLOBAL HOLDINGS PLC,,GB00BN7CG237,GB,10552,,,22754,0
Dec 31 2024,UniSuper,Balanced,Listed Equity,1,ASTRAL POLY TECHNIK LTD,,INE006I01046,IN,57356,,,1787789,0
Dec 31 2024,UniSuper,Balanced,Listed Equity,1,ASTRAZENECA PLC,,GB0009895292,GB,430449,,,91144883,0.0017
Dec 31 2024,UniSuper,Balanced,Listed Equity,1,ASUSTEK COMPUTER INC,,TW0002357001,TW,1516,,,46001,0
Dec 31 2024,UniSuper,Balanced,Listed Equity,1,ASX LIMITED,,AU000000ASX7,AU,1329956,,,86553530,0.0016
Dec 31 2024,UniSuper,Balanced,Listed Equity,1,ATLAS COPCO AB,,SE0017486889,SE,32318,,,797647,0
Dec 31 2024,UniSuper,Balanced,Listed Equity,1,ATLAS COPCO AB SER`B`NPV (POST SPLIT),,SE0017486897,SE,18780,,,410261,0
Dec 31 2024,UniSuper,Balanced,Listed Equity,1,ATLASSIAN CL A ORD,,US0494681010,US,98271,,,38629064,0.0007
Dec 31 2024,UniSuper,Balanced,Listed Equity,1,ATMUS FILTRATION TECHNOLOGIES ORD SHS,,US04956D1072,US,4137,,,261821,0
Dec 31 2024,UniSuper,Balanced,Listed Equity,1,ATRAE ORD SHS,,JP3121890002,JP,64625,,,524674,0
Dec 31 2024,UniSuper,Balanced,Listed Equity,1,ATRESMEDIA CORPORATION DE MEDIOS COMMUNICATION SA,,ES0109427734,ES,23551,,,172125,0
Dec 31 2024,UniSuper,Balanced,Listed Equity,1,AUB GROUP LIMITED,,AU000000AUB9,AU,53326,,,1663757,0
Dec 31 2024,UniSuper,Balanced,Listed Equity,1,AUCTION TECHNOLOGY ORD,,GB00BMVQDZ64,GB,3780,,,42055,0
Dec 31 2024,UniSuper,Balanced,Listed Equity,1,AUDINATE GROUP LTD,,AU000000AD88,AU,18964,,,140520,0
Dec 31 2024,UniSuper,Balanced,Listed Equity,1,AUDIOCODES LTD,,IL0010829658,IL,4716,,,75462,0
Dec 31 2024,UniSuper,Balanced,Listed Equity,1,AURINIA PHARMACEUTICALS ORD SHS,,CA05156V1022,CA,19912,,,288806,0
Dec 31 2024,UniSuper,Balanced,Listed Equity,1,AURIZON HOLDINGS LIMITED,,AU000000AZJ1,AU,6509555,,,21156052,0.0004
Dec 31 2024,UniSuper,Balanced,Listed Equity,1,AUROBINDO PHARMA LTD,,INE406A01037,IN,234372,,,5900435,0.0001
Dec 31 2024,UniSuper,Balanced,Listed Equity,1,AUSTAL LIMITED,,AU000000ASB3,AU,2130045,,,6603141,0.0001
Dec 31 2024,UniSuper,Balanced,Listed Equity,1,AUSTRALIA AND NEW ZEALAND BANKING GROUP LIMITED,,AU0000261414,AU,559031,,,57574009,0.0011
Dec 31 2024,UniSuper,Balanced,Listed Equity,1,AUSTRALIA AND NEW ZEALAND BANKING GROUP LIMITED,,AU0000261422,AU,191024,,,19914256,0.0004
Dec 31 2024,UniSuper,Balanced,Listed Equity,1,AUSTRALIA AND NEW ZEALAND BANKING GROUP LIMITED,,AU0000267783,AU,296,,,30584,0
Dec 31 2024,UniSuper,Balanced,Listed Equity,1,AUSTRALIA AND NEW ZEALAND BANKING GROUP LIMITED CAP NOTE,,AU0000321788,AU,434,,,45395,0
Dec 31 2024,UniSuper,Balanced,Listed Equity,1,AUSTRALIAN CLINICAL LABS LTD ORD FULLY PAID DEFERRED SETTLEMENT,,AU0000148496,AU,67831,,,233338,0
Dec 31 2024,UniSuper,Balanced,Listed Equity,1,AUTO TRADER GROUP PLC,,GB00BVYVFW23,GB,47594,,,763441,0
Dec 31 2024,UniSuper,Balanced,Listed Equity,1,AUTODESK INC,,US0527691069,US,23737,,,11331744,0.0002
Dec 31 2024,UniSuper,Balanced,Listed Equity,1,AUTOHOME INC,,US05278C1071,US,5186,,,217364,0
Dec 31 2024,UniSuper,Balanced,Listed Equity,1,AUTOMATIC DATA PROC.,,US0530151036,US,13333,,,6303663,0.0001
Dec 31 2024,UniSuper,Balanced,Listed Equity,1,AUTOZONE INC,,US0533321024,US,598,,,3093876,0.0001
Dec 31 2024,UniSuper,Balanced,Listed Equity,1,AVADEL PHARMACEUTICALS ORD SHS,,IE00BDGMC594,IE,397746,,,6751691,0.0001
Dec 31 2024,UniSuper,Balanced,Listed Equity,1,AVANTOR INC,,US05352A1007,US,8172,,,278107,0
Dec 31 2024,UniSuper,Balanced,Listed Equity,1,AVANZA BANK HOLDING AB,,SE0012454072,SE,3795,,,151400,0
Dec 31 2024,UniSuper,Balanced,Listed Equity,1,AVENUE SUPERMARTS LTD,,INE192R01011,IN,41799,,,2808673,0.0001
Dec 31 2024,UniSuper,Balanced,Listed Equity,1,AVEPOINT INC,,US0536041041,US,34363,,,916315,0
Dec 31 2024,UniSuper,Balanced,Listed Equity,1,AVERY DENNISON CO US,,US0536111091,US,4812,,,1454230,0
Dec 31 2024,UniSuper,Balanced,Listed Equity,1,AVIDITY BIOSCIENCES INC,,US05370A1088,US,85204,,,4001814,0.0001
Dec 31 2024,UniSuper,Balanced,Listed Equity,1,AVITA MEDICAL INC,,AU000000AVH4,AU,19298,,,82017,0
Dec 31 2024,UniSuper,Balanced,Listed Equity,1,AVIVA ORD,,GB00BPQY8M80,GB,38198,,,362223,0
Dec 31 2024,UniSuper,Balanced,Listed Equity,1,AVNET INC,,US0538071038,US,24123,,,2038462,0
Dec 31 2024,UniSuper,Balanced,Listed Equity,1,AVON RUBBER PLC,,GB0000667013,GB,1035,,,30770,0
Dec 31 2024,UniSuper,Balanced,Listed Equity,1,AXA,,FR0000120628,FR,25162,,,1444290,0
Dec 31 2024,UniSuper,Balanced,Listed Equity,1,AXIS BANK INR2,,INE238A01034,IN,482473,,,9690830,0.0002
Dec 31 2024,UniSuper,Balanced,Listed Equity,1,AXIS CAPITAL HOLDING,,BMG0692U1099,BM,2671,,,382311,0
Dec 31 2024,UniSuper,Balanced,Listed Equity,1,AXON ENTERPRISE I COM USD 0.00001,,US05464C1018,US,2837,,,2723373,0.0001
Dec 31 2024,UniSuper,Balanced,Listed Equity,1,AZBIL CORP,,JP3937200008,JP,11912,,,150266,0
Dec 31 2024,UniSuper,Balanced,Listed Equity,1,AZEK COMPANY INC,,US05478C1053,US,25277,,,1937965,0
Dec 31 2024,UniSuper,Balanced,Listed Equity,1,AZIMUT HOLDING SPA,,IT0003261697,IT,17037,,,683578,0
Dec 31 2024,UniSuper,Balanced,Listed Equity,1,B AND M EUROPEAN VALUE RETAIL SA,,LU1072616219,LU,31598,,,234571,0
Dec 31 2024,UniSuper,Balanced,Listed Equity,1,B3 SA BRASIL BOLSA BALCAO,,BRB3SAACNOR6,BR,12733,,,34354,0
Dec 31 2024,UniSuper,Balanced,Listed Equity,1,BABCOCK INTERNATIONAL GROUP PLC,,GB0009697037,GB,6525,,,66058,0
Dec 31 2024,UniSuper,Balanced,Listed Equity,1,BACHEM HOLDING AG CHF0.01 REGD SUBD,,CH1176493729,CH,300,,,30942,0
Dec 31 2024,UniSuper,Balanced,Listed Equity,1,BADGER METER INC,,US0565251081,US,660,,,226242,0
Dec 31 2024,UniSuper,Balanced,Listed Equity,1,BAE SYSTEMS PLC,,GB0002634946,GB,36361,,,844721,0
Dec 31 2024,UniSuper,Balanced,Listed Equity,1,BAJAJ AUTO,,INE917I01010,IN,11840,,,1965304,0
Dec 31 2024,UniSuper,Balanced,Listed Equity,1,BAJAJ FINANCE LTD INR2,,INE296A01024,IN,42393,,,5456715,0.0001
Dec 31 2024,UniSuper,Balanced,Listed Equity,1,BAJAJ FINSERV LTD INR1 POST SUB,,INE918I01026,IN,44265,,,1309476,0
Dec 31 2024,UniSuper,Balanced,Listed Equity,1,BAKER HUGHES COMPANY,,US05722G1004,US,40273,,,2668160,0.0001
Dec 31 2024,UniSuper,Balanced,Listed Equity,1,BAKKAVOR GROUP PLC,,GB00BF8J3Z99,GB,11253,,,33232,0
Dec 31 2024,UniSuper,Balanced,Listed Equity,1,BALFOUR BEATTY PLC,,GB0000961622,GB,31856,,,293059,0
Dec 31 2024,UniSuper,Balanced,Listed Equity,1,BALL CORP COM NPV,,US0584981064,US,17395,,,1548875,0
Dec 31 2024,UniSuper,Balanced,Listed Equity,1,BALOISE HOLDING-REG,,CH0012410517,CH,522,,,152596,0
Dec 31 2024,UniSuper,Balanced,Listed Equity,1,BALTIC CLASSIFIEDS GROUP PLC,,GB00BN44P254,GB,14598,,,93013,0
Dec 31 2024,UniSuper,Balanced,Listed Equity,1,BANCA GENERALI SPA,,IT0001031084,IT,9969,,,747927,0
Dec 31 2024,UniSuper,Balanced,Listed Equity,1,BANCA IFIS SPA,,IT0003188064,IT,18336,,,649521,0
Dec 31 2024,UniSuper,Balanced,Listed Equity,1,BANCA MONTE DEI PASCHI DI SIENA ORD,,IT0005508921,IT,212352,,,2417143,0
Dec 31 2024,UniSuper,Balanced,Listed Equity,1,BANCA POPOL EMILIA ROMAGNA,,IT0000066123,IT,14808,,,151914,0
Dec 31 2024,UniSuper,Balanced,Listed Equity,1,BANCA POPOLARE DI SONDRIO SCPA,,IT0000784196,IT,10064,,,137006,0
Dec 31 2024,UniSuper,Balanced,Listed Equity,1,BANCO ABC BRASIL SA,,BRABCBACNPR4,BR,51738,,,261191,0
Dec 31 2024,UniSuper,Balanced,Listed Equity,1,BANCO BICAYA ARGENTARIA SA,,ES0113211835,ES,94004,,,1486025,0
Dec 31 2024,UniSuper,Balanced,Listed Equity,1,BANCO BPM SPA,,IT0005218380,IT,15496,,,202457,0
Dec 31 2024,UniSuper,Balanced,Listed Equity,1,BANCO BRADESCO SA-PREF,,BRBBDCACNPR8,BR,11874,,,35886,0
Dec 31 2024,UniSuper,Balanced,Listed Equity,1,BANCO COMERCIAL PORTUGUES SA,,PTBCP0AM0015,PT,9037609,,,7023935,0.0001
Dec 31 2024,UniSuper,Balanced,Listed Equity,1,BANCO DE SABADELL SA,,ES0113860A34,ES,77543,,,243421,0
Dec 31 2024,UniSuper,Balanced,Listed Equity,1,BANCO DEL BAJIO SA INSTITUCION DE BANCA MULTIPLE,,MX41BB000000,MX,24961,,,80948,0
Dec 31 2024,UniSuper,Balanced,Listed Equity,1,BANCO ESTADO RIO GRANDE DO SUL,,BRBRSRACNPB4,BR,42243,,,112649,0
Dec 31 2024,UniSuper,Balanced,Listed Equity,1,BANCO SANTANDER -GBP,,ES0113900J37,ES,4888,,,36485,0
Dec 31 2024,UniSuper,Balanced,Listed Equity,1,BANCO SANTANDER CENTRAL HISP,,ES0113900J37,ES,250428,,,1869864,0
Dec 31 2024,UniSuper,Balanced,Listed Equity,1,BANDAI NAMCO HOLDINGS NPV,,JP3778630008,JP,7166,,,278319,0
Dec 31 2024,UniSuper,Balanced,Listed Equity,1,BANG & OLUFSEN DKK10,,DK0010218429,DK,10390,,,21881,0
Dec 31 2024,UniSuper,Balanced,Listed Equity,1,BANGKOK LIFE ASSURANCE PCL,,TH1016010007,TH,49110,,,49087,0
Dec 31 2024,UniSuper,Balanced,Listed Equity,1,BANK CENTRAL ASIA TBK PT,,ID1000109507,ID,17002646,,,16507474,0.0003
Dec 31 2024,UniSuper,Balanced,Listed Equity,1,BANK HAPOALIM LTD,,IL0006625771,IL,18030,,,351820,0
Dec 31 2024,UniSuper,Balanced,Listed Equity,1,BANK LEUMI LE-ISRAEL,,IL0006046119,IL,24325,,,467418,0
Dec 31 2024,UniSuper,Balanced,Listed Equity,1,BANK MANDIRI PERS IDR125,,ID1000095003,ID,28118989,,,16083765,0.0003
Dec 31 2024,UniSuper,Balanced,Listed Equity,1,BANK OF AMERICA CORPORATION,,US0605051046,US,3131153,,,222263069,0.0042
Dec 31 2024,UniSuper,Balanced,Listed Equity,1,BANK OF CHANGSHA CO LTD,,CNE100003F50,CN,189277,,,372328,0
Dec 31 2024,UniSuper,Balanced,Listed Equity,1,BANK OF CHINA LTD HK,,CNE1000001Z5,CN,301146,,,248579,0
Dec 31 2024,UniSuper,Balanced,Listed Equity,1,BANK OF GEORGIA GR ORD,,GB00BF4HYT85,GB,1980,,,188642,0
Dec 31 2024,UniSuper,Balanced,Listed Equity,1,BANK OF INNOVATION INC,,JP3778460000,JP,5103,,,356634,0
Dec 31 2024,UniSuper,Balanced,Listed Equity,1,BANK OF IRELAND GROUP,,IE00BD1RP616,IE,2033,,,29424,0
Dec 31 2024,UniSuper,Balanced,Listed Equity,1,BANK OF IRELAND GR EUR1,,IE00BD1RP616,IE,15719,,,231502,0
Dec 31 2024,UniSuper,Balanced,Listed Equity,1,BANK OF MONTREAL CAD,,CA0636711016,CA,8801,,,1379247,0
Dec 31 2024,UniSuper,Balanced,Listed Equity,1,BANK OF NANJING CO LTD,,CNE100000627,CN,1200901,,,2829976,0.0001
Dec 31 2024,UniSuper,Balanced,Listed Equity,1,BANK OF NEW YORK MELLON CORP,,US0640581007,US,84176,,,10445333,0.0002
Dec 31 2024,UniSuper,Balanced,Listed Equity,1,BANK OF NOVA SCOTIA CAD,,CA0641491075,CA,14899,,,1291497,0
Dec 31 2024,UniSuper,Balanced,Listed Equity,1,BANK OF QINGDAO CO LTDA,,CNE100003K38,CN,81148,,,69668,0
Dec 31 2024,UniSuper,Balanced,Listed Equity,1,BANK OF QINGDAO ORD SHS,,CNE100002391,CN,26421,,,15876,0
Dec 31 2024,UniSuper,Balanced,Listed Equity,1,BANK OF QUEENSLAND,,AU000000BOQ8,AU,136533,,,914774,0
Dec 31 2024,UniSuper,Balanced,Listed Equity,1,BANK OZK COM USD0.01,,US06417N1037,US,2722,,,195798,0
Dec 31 2024,UniSuper,Balanced,Listed Equity,1,BANKINTER SA,,ES0113679I37,ES,243460,,,3110824,0.0001
Dec 31 2024,UniSuper,Balanced,Listed Equity,1,BANKUNITED INC,,US06652K1034,US,12314,,,759122,0
Dec 31 2024,UniSuper,Balanced,Listed Equity,1,BANQUE CANTONALE VAUDOISE,,CH0531751755,CH,267,,,39759,0
Dec 31 2024,UniSuper,Balanced,Listed Equity,1,BAOZUN INC,,KYG0891M1069,KY,294690,,,452801,0
Dec 31 2024,UniSuper,Balanced,Listed Equity,1,BAOZUN INC,,US06684L1035,US,260188,,,1143035,0
Dec 31 2024,UniSuper,Balanced,Listed Equity,1,BAPCOR LIMITED ORDINARY FULLY PAID,,AU000000BAP9,AU,552777,,,2609106,0
Dec 31 2024,UniSuper,Balanced,Listed Equity,1,BARCLAYS PLC,,GB0031348658,GB,236099,,,1280615,0
Dec 31 2024,UniSuper,Balanced,Listed Equity,1,BARCO NPV POST SPLIT,,BE0974362940,BE,8272,,,144984,0
Dec 31 2024,UniSuper,Balanced,Listed Equity,1,BARRATT REDROW PLC,,GB0000811801,GB,23439,,,208656,0
Dec 31 2024,UniSuper,Balanced,Listed Equity,1,BARRICK GOLD CORP,,CA0679011084,CA,28560,,,714909,0
Dec 31 2024,UniSuper,Balanced,Listed Equity,1,BARRY CALLEBAUT AG - REG,,CH0009002962,CH,41,,,87679,0
Dec 31 2024,UniSuper,Balanced,Listed Equity,1,BASF SE,,DE000BASF111,DE,10738,,,762557,0
Dec 31 2024,UniSuper,Balanced,Listed Equity,1,BATH AND BODY WORKS INC,,US0708301041,US,5145,,,322154,0
Dec 31 2024,UniSuper,Balanced,Listed Equity,1,BAUSCH HEALTH COMP COM NPV,,CA0717341071,CA,13718,,,178574,0
Dec 31 2024,UniSuper,Balanced,Listed Equity,1,BAWAG GROUP AG,,AT0000BAWAG2,AT,25627,,,3478090,0.0001
Dec 31 2024,UniSuper,Balanced,Listed Equity,1,BAXTER INTERNATIONAL INC EQUITY,,US0718131099,US,30727,,,1447139,0
Dec 31 2024,UniSuper,Balanced,Listed Equity,1,BAYCURRENT CONSULTING INC,,JP3835250006,JP,32332,,,1767687,0
Dec 31 2024,UniSuper,Balanced,Listed Equity,1,BAYER AG,,DE000BAY0017,DE,11820,,,381815,0
Dec 31 2024,UniSuper,Balanced,Listed Equity,1,BAYERISCHE MOTOREN WERKE AG,,DE0005190003,DE,3488,,,460688,0
Dec 31 2024,UniSuper,Balanced,Listed Equity,1,BAYERISCHE MOTOREN WERKE-PFD,,DE0005190037,DE,671,,,81295,0
Dec 31 2024,UniSuper,Balanced,Listed Equity,1,BB SEGURIDADE PARTICIPACOES COM NPV,,BRBBSEACNOR5,BR,333635,,,3155781,0.0001
Dec 31 2024,UniSuper,Balanced,Listed Equity,1,BB SEGURIDADE PARTISPON ADR,,US05541J1034,US,8801,,,83439,0
Dec 31 2024,UniSuper,Balanced,Listed Equity,1,BDO UNIBANK INC,,PHY077751022,PH,1452091,,,5838411,0.0001
Dec 31 2024,UniSuper,Balanced,Listed Equity,1,BE SEMICONDUCTOR EUR0,,NL0012866412,NL,50278,,,11124807,0.0002
Dec 31 2024,UniSuper,Balanced,Listed Equity,1,BEACH ENERGY LTD,,AU000000BPT9,AU,2754433,,,3842435,0.0001
Dec 31 2024,UniSuper,Balanced,Listed Equity,1,BECHTLE AG,,DE0005158703,DE,934,,,48556,0
Dec 31 2024,UniSuper,Balanced,Listed Equity,1,BECTON DICKINSON AND COMPANY,,US0758871091,US,10515,,,3853045,0.0001
Dec 31 2024,UniSuper,Balanced,Listed Equity,1,BEGA CHEESE LIMITED,,AU000000BGA8,AU,60615,,,349747,0
Dec 31 2024,UniSuper,Balanced,Listed Equity,1,BEIERSDORF AG,,DE0005200000,DE,1194,,,247571,0
Dec 31 2024,UniSuper,Balanced,Listed Equity,1,BEIJER REF AB SER`B`NPV,,SE0015949748,SE,4112,,,98032,0
Dec 31 2024,UniSuper,Balanced,Listed Equity,1,BEIJING JOIN CHEER SOFTWARE CO LTD,,CNE000001QL7,CN,230508,,,319800,0
Dec 31 2024,UniSuper,Balanced,Listed Equity,1,BELIMO HOLDING AG CHF0.05 (REGD),,CH1101098163,CH,322,,,344487,0
Dec 31 2024,UniSuper,Balanced,Listed Equity,1,BELLEVUE GOLD LIMITED ORDINARY FULLY PAID,,AU0000019374,AU,21171223,,,23817625,0.0005
Dec 31 2024,UniSuper,Balanced,Listed Equity,1,BELLRING BRANDS INC,,US07831C1036,US,3282,,,399310,0
Dec 31 2024,UniSuper,Balanced,Listed Equity,1,BELLWAY GBP0.125,,GB0000904986,GB,3857,,,194439,0
Dec 31 2024,UniSuper,Balanced,Listed Equity,1,BENDIGO AND ADELAIDE BANK LIMITED,,AU000000BEN6,AU,122919,,,1610240,0
Dec 31 2024,UniSuper,Balanced,Listed Equity,1,BENTLEY SYSTEMS INC,,US08265T2087,US,1886,,,142246,0
Dec 31 2024,UniSuper,Balanced,Listed Equity,1,BERKELEY GROUP HOLDINGS ORD GBP0.05611047,,GB00BP0RGD03,GB,1165,,,91894,0
Dec 31 2024,UniSuper,Balanced,Listed Equity,1,BERKSHIRE HATHAWAY INC - CLASS B,,US0846707026,US,51619,,,37790627,0.0007
Dec 31 2024,UniSuper,Balanced,Listed Equity,1,BEST BUY CO INC,,US0865161014,US,11898,,,1648781,0
Dec 31 2024,UniSuper,Balanced,Listed Equity,1,BETSSON ABB,,SE0022726485,SE,29448,,,618140,0
Dec 31 2024,UniSuper,Balanced,Listed Equity,1,BH CO LTD,,KR7090460007,KR,7678,,,146316,0
Dec 31 2024,UniSuper,Balanced,Listed Equity,1,BHARAT ELECTRONICS LTD,,INE263A01024,IN,208886,,,1155206,0
Dec 31 2024,UniSuper,Balanced,Listed Equity,1,BHP GROUP LIMITED ORDINARY FULLY PAID,,AU000000BHP4,AU,35083108,,,1387536921,0.0263
Dec 31 2024,UniSuper,Balanced,Listed Equity,1,BICARA THERAPEUTICS INC,,US0554771032,US,29978,,,843431,0
Dec 31 2024,UniSuper,Balanced,Listed Equity,1,BILFINGER SE,,DE0005909006,DE,2177,,,168367,0
Dec 31 2024,UniSuper,Balanced,Listed Equity,1,BILL COM HOLDINGS INC,,US0900431000,US,2497,,,341630,0
Dec 31 2024,UniSuper,Balanced,Listed Equity,1,BIMOBJECT AB,,SE0011644376,SE,3260,,,2120,0
Dec 31 2024,UniSuper,Balanced,Listed Equity,1,BIO RAD LABORATORIES INC CLASS A,,US0905722072,US,251,,,133417,0
Dec 31 2024,UniSuper,Balanced,Listed Equity,1,BIO TECHNE CORP,,US09073M1045,US,11280,,,1312338,0
Dec 31 2024,UniSuper,Balanced,Listed Equity,1,BIOGEN INC,,US09062X1037,US,7400,,,1827753,0
Dec 31 2024,UniSuper,Balanced,Listed Equity,1,BIOHAVEN LTD,,VGG1110E1079,VG,82163,,,4956448,0.0001
Dec 31 2024,UniSuper,Balanced,Listed Equity,1,BIOMARIN PHARMACEUTICAL INC,,US09061G1013,US,2829,,,300317,0
Dec 31 2024,UniSuper,Balanced,Listed Equity,1,BIOMERIEUX NPV,,FR0013280286,FR,472,,,81721,0
Dec 31 2024,UniSuper,Balanced,Listed Equity,1,BIPROGY INC,,JP3754200008,JP,14718,,,720734,0
Dec 31 2024,UniSuper,Balanced,Listed Equity,1,BIZLINK HOLDING INC,,KYG114741062,KY,3881,,,117013,0
Dec 31 2024,UniSuper,Balanced,Listed Equity,1,BEIJING ULTRAPOWER SOFTWARE,,CNE100000H51,CN,77800,,,199520,0
Dec 31 2024,UniSuper,Balanced,Listed Equity,1,BLACKBERRY LTD COM NPV,,CA09228F1036,CA,38007,,,232036,0
Dec 31 2024,UniSuper,Balanced,Listed Equity,1,BLACKLINE INC,,US09239B1098,US,1559,,,153019,0
Dec 31 2024,UniSuper,Balanced,Listed Equity,1,BLACKLINE SAFETY CORP,,CA0923821007,CA,13199,,,101238,0
Dec 31 2024,UniSuper,Balanced,Listed Equity,1,BLACKROCK INC,,US09290D1019,US,4697,,,7777006,0.0001
Dec 31 2024,UniSuper,Balanced,Listed Equity,1,BLACKSTONE  INC,,US09260D1072,US,23348,,,6502033,0.0001
Dec 31 2024,UniSuper,Balanced,Listed Equity,1,BLEND LABS ORD SHS CLASS A,,US09352U1088,US,35025,,,238160,0
Dec 31 2024,UniSuper,Balanced,Listed Equity,1,BLOCK INC,,US8522341036,US,255817,,,35115689,0.0007
Dec 31 2024,UniSuper,Balanced,Listed Equity,1,BLOCK INC CDI,,AU0000187353,AU,303879,,,42840908,0.0008
Dec 31 2024,UniSuper,Balanced,Listed Equity,1,BLOOMSBURY PUBLISHING PLC,,GB0033147751,GB,3215,,,43835,0
Dec 31 2024,UniSuper,Balanced,Listed Equity,1,BLUE STAR ORD SHS,,INE472A01039,IN,4775,,,192705,0
Dec 31 2024,UniSuper,Balanced,Listed Equity,1,BLUEPRINT MEDICINES CORP,,US09627Y1091,US,13048,,,1838118,0
Dec 31 2024,UniSuper,Balanced,Listed Equity,1,BLUESCOPE STEEL LIMITED,,AU000000BSL0,AU,5067526,,,94712054,0.0018
Dec 31 2024,UniSuper,Balanced,Listed Equity,1,BNK FINANCIAL GROUP INC,,KR7138930003,KR,19183,,,217619,0
Dec 31 2024,UniSuper,Balanced,Listed Equity,1,BNP PARIBAS SA,,FR0000131104,FR,256883,,,25442392,0.0005
Dec 31 2024,UniSuper,Balanced,Listed Equity,1,BNP PARIBAS SA,,US05565A2024,US,18043,,,894644,0
Dec 31 2024,UniSuper,Balanced,Listed Equity,1,BANK OF CHINA HONG KONG (HOLDINGS) LIMITED,,HK2388011192,HK,44633,,,231540,0
Dec 31 2024,UniSuper,Balanced,Listed Equity,1,BODYCOTE PLC,,GB00B3FLWH99,GB,12018,,,153882,0
Dec 31 2024,UniSuper,Balanced,Listed Equity,1,BOEING CO COM US$5,,US0970231058,US,55723,,,15929830,0.0003
Dec 31 2024,UniSuper,Balanced,Listed Equity,1,BOLIDEN ORD SHS,,SE0020050417,SE,3291,,,149365,0
Dec 31 2024,UniSuper,Balanced,Listed Equity,1,BOLLORE SE,,FR0000039299,FR,8118,,,80649,0
Dec 31 2024,UniSuper,Balanced,Listed Equity,1,BOMBARDIER INC CLASS`B`SUB-VTG NPV,,CA0977518616,CA,2106,,,231207,0
Dec 31 2024,UniSuper,Balanced,Listed Equity,1,BOOKING HOLDINGS INC COM,,US09857L1089,US,1396,,,11205271,0.0002
Dec 31 2024,UniSuper,Balanced,Listed Equity,1,BOOZ ALLEN HAMILTON A CS USD,,US0995021062,US,1572,,,326679,0
Dec 31 2024,UniSuper,Balanced,Listed Equity,1,BORGWARNER INC,,US0997241064,US,18142,,,931483,0
Dec 31 2024,UniSuper,Balanced,Listed Equity,1,BOSIDENG INTERNATIONAL HOLDING,,KYG126521064,KY,3257020,,,2627543,0
Dec 31 2024,UniSuper,Balanced,Listed Equity,1,BOSS ENERGY LTD,,AU000000BOE4,AU,1885946,,,4582849,0.0001
Dec 31 2024,UniSuper,Balanced,Listed Equity,1,BOSTON SCIENTIFIC CORP COM USD,,US1011371077,US,471443,,,68011411,0.0013
Dec 31 2024,UniSuper,Balanced,Listed Equity,1,BOTANIX PHARMACEUTICALS LTD ORDINARY FULLY PAID,,AU000000BOT2,AU,9884690,,,4299840,0.0001
Dec 31 2024,UniSuper,Balanced,Listed Equity,1,BOUYGUES,,FR0000120503,FR,2159,,,103070,0
Dec 31 2024,UniSuper,Balanced,Listed Equity,1,BOX INX,,US10316T1043,US,60659,,,3095879,0.0001
Dec 31 2024,UniSuper,Balanced,Listed Equity,1,BOYD GAMING CORPORATION,,US1033041013,US,16102,,,1886530,0
Dec 31 2024,UniSuper,Balanced,Listed Equity,1,BP P.L.C,,GB0007980591,GB,230659,,,1833621,0
Dec 31 2024,UniSuper,Balanced,Listed Equity,1,BRAMBLES LIMITED,,AU000000BXB1,AU,1454829,,,27990915,0.0005
Dec 31 2024,UniSuper,Balanced,Listed Equity,1,BRAVURA SOLUTIONS LIMITED ORDINARY FULLY PAID,,AU000000BVS9,AU,46455,,,104524,0
Dec 31 2024,UniSuper,Balanced,Listed Equity,1,BREEDON GROUP PLC,,GB00BM8NFJ84,GB,11909,,,107319,0
Dec 31 2024,UniSuper,Balanced,Listed Equity,1,BRENNTAG SE,,DE000A1DAHH0,DE,1563,,,151341,0
Dec 31 2024,UniSuper,Balanced,Listed Equity,1,BREVILLE GROUP LIMITED,,AU000000BRG2,AU,45717,,,1617461,0
Dec 31 2024,UniSuper,Balanced,Listed Equity,1,BRIDGEBIO PHARMA INC,,US10806X1028,US,61845,,,2740882,0.0001
Dec 31 2024,UniSuper,Balanced,Listed Equity,1,BRIDGEPOINT GROUP,,GB00BND88V85,GB,11585,,,84359,0
Dec 31 2024,UniSuper,Balanced,Listed Equity,1,BRIDGESTONE CORP,,JP3830800003,JP,6852,,,376036,0
Dec 31 2024,UniSuper,Balanced,Listed Equity,1,BRIGHTCOVE INC,,US10921T1016,US,30855,,,216782,0
Dec 31 2024,UniSuper,Balanced,Listed Equity,1,BRIGHTHOUSE FINANCIAL INC,,US10922N1037,US,8900,,,690537,0
Dec 31 2024,UniSuper,Balanced,Listed Equity,1,BRIGHTVIEW HOLDINGS INC,,US10948C1071,US,3196,,,82536,0
Dec 31 2024,UniSuper,Balanced,Listed Equity,1,BRILLIANCE CHINA AUTOMOTIVE HLDGS LTD,,BMG1368B1028,BM,1037841,,,824312,0
Dec 31 2024,UniSuper,Balanced,Listed Equity,1,BRINKER INTERNATIONAL INC,,US1096411004,US,1100,,,234993,0
Dec 31 2024,UniSuper,Balanced,Listed Equity,1,BRISTOL MYERS SQUIBB COMPANY,,US1101221083,US,66609,,,6084835,0.0001
Dec 31 2024,UniSuper,Balanced,Listed Equity,1,BRITANNIA INDUSTRIES LTD,,INE216A01030,IN,5051,,,453804,0
Dec 31 2024,UniSuper,Balanced,Listed Equity,1,BRITVIC PLC,,GB00B0N8QD54,GB,9607,,,254388,0
Dec 31 2024,UniSuper,Balanced,Listed Equity,1,BROADCOM ORD SHS,,US11135F1012,US,790409,,,295967619,0.0056
Dec 31 2024,UniSuper,Balanced,Listed Equity,1,BROADRIDGE FINANCIAL SOLUTIONS LLC,,US11133T1034,US,5455,,,1992026,0
Dec 31 2024,UniSuper,Balanced,Listed Equity,1,BROOKFIELD ASSET MNGMT CL A ORD,,CA1130041058,CA,4275,,,374253,0
Dec 31 2024,UniSuper,Balanced,Listed Equity,1,BROOKFIELD CORP,,CA11271J1075,CA,16470,,,1528166,0
Dec 31 2024,UniSuper,Balanced,Listed Equity,1,BROOKFIELD RENEWABLE CORP,,CA11285B1085,CA,2270,,,101394,0
Dec 31 2024,UniSuper,Balanced,Listed Equity,1,BROTHER INDUSTRIES LTD,,JP3830000000,JP,2640,,,73193,0
Dec 31 2024,UniSuper,Balanced,Listed Equity,1,BROWN BROWN INC,,US1152361010,US,11596,,,1910690,0
Dec 31 2024,UniSuper,Balanced,Listed Equity,1,BROWN FORMAN CORP,,US1156372096,US,16525,,,1013669,0
Dec 31 2024,UniSuper,Balanced,Listed Equity,1,BUILDERS FIRSTSOURCE INC,,US12008R1077,US,6189,,,1428667,0
Dec 31 2024,UniSuper,Balanced,Listed Equity,1,BUNGE GLOBAL SA COM USD0.01,,CH1300646267,CH,10406,,,1306910,0
Dec 31 2024,UniSuper,Balanced,Listed Equity,1,BUNKA SHUTTER CO LTD,,JP3831600006,JP,41228,,,824098,0
Dec 31 2024,UniSuper,Balanced,Listed Equity,1,BUNZL PLC,,GB00B0744B38,GB,4042,,,269491,0
Dec 31 2024,UniSuper,Balanced,Listed Equity,1,BURBERRY GROUP PLC,,GB0031743007,GB,11451,,,226995,0
Dec 31 2024,UniSuper,Balanced,Listed Equity,1,BUREAU VERITAS SA,,FR0006174348,FR,3823,,,187581,0
Dec 31 2024,UniSuper,Balanced,Listed Equity,1,BURGUNDY DIAMOND MINES LIMITED ORDINARY FULLY PAID,,AU0000118994,AU,9515510,,,846880,0
Dec 31 2024,UniSuper,Balanced,Listed Equity,1,BURLINGTON STORES INC,,US1220171060,US,899,,,414078,0
Dec 31 2024,UniSuper,Balanced,Listed Equity,1,BURSA MALAYSIA BERHAD,,MYL1818OO003,MY,133343,,,431547,0
Dec 31 2024,UniSuper,Balanced,Listed Equity,1,BUYSELL TECHNOLOGIES ORD SHS,,JP3778270003,JP,11621,,,324257,0
Dec 31 2024,UniSuper,Balanced,Listed Equity,1,BUZZI S.P.A,,IT0001347308,IT,5650,,,336237,0
Dec 31 2024,UniSuper,Balanced,Listed Equity,1,BWX TECHNOLOGIES I COM,,US05605H1005,US,3739,,,672715,0
Dec 31 2024,UniSuper,Balanced,Listed Equity,1,BYTES TECHNOLOGY LTD,,GB00BMH18Q19,GB,8335,,,71251,0
Dec 31 2024,UniSuper,Balanced,Listed Equity,1,C.H. ROBINSON WORLDWIDE INC,,US12541W2098,US,8129,,,1356449,0
Dec 31 2024,UniSuper,Balanced,Listed Equity,1,CABOT OIL AND GAS CORP,,US1270971039,US,40821,,,1683851,0
Dec 31 2024,UniSuper,Balanced,Listed Equity,1,CACI INTERNATIONAL INC - CLASS A,,US1271903049,US,558,,,363940,0
Dec 31 2024,UniSuper,Balanced,Listed Equity,1,CADENCE DESIGN SYSTEMS INC,,US1273871087,US,77464,,,37591526,0.0007
Dec 31 2024,UniSuper,Balanced,Listed Equity,1,CAE INC,,CA1247651088,CA,3646,,,149453,0
Dec 31 2024,UniSuper,Balanced,Listed Equity,1,CAESARS ENTERTAINMENT INC,,US12769G1004,US,16584,,,895159,0
Dec 31 2024,UniSuper,Balanced,Listed Equity,1,CAL-MAINE FOODS INC,,US1280302027,US,1013,,,168430,0
Dec 31 2024,UniSuper,Balanced,Listed Equity,1,CALERES INC COM USD 01,,US1295001044,US,5660,,,211709,0
Dec 31 2024,UniSuper,Balanced,Listed Equity,1,CALIBRE MINING CORP,,CA13000C2058,CA,15058,,,36357,0
Dec 31 2024,UniSuper,Balanced,Listed Equity,1,CAMDEN NATIONAL CORP,,US1330341082,US,16783,,,1158554,0
Dec 31 2024,UniSuper,Balanced,Listed Equity,1,CANADIAN IMPERIAL BANK OF COMMERCE COM NPV,,CA1360691010,CA,11315,,,1155483,0
Dec 31 2024,UniSuper,Balanced,Listed Equity,1,CANADIAN NATIONAL RAILWAY COMPANY,,CA1363751027,CA,7639,,,1252246,0
Dec 31 2024,UniSuper,Balanced,Listed Equity,1,CANADIAN NATURAL RESOURCES ORD SHS,,CA1363851017,CA,25460,,,1268897,0
Dec 31 2024,UniSuper,Balanced,Listed Equity,1,CANADIAN PACIFIC KANSAS CITY,,CA13646K1084,CA,307428,,,35933211,0.0007
Dec 31 2024,UniSuper,Balanced,Listed Equity,1,CANADIAN TIRE CLASS 'A' CUM NON-VTG COM NPV,,CA1366812024,CA,566,,,96081,0
Dec 31 2024,UniSuper,Balanced,Listed Equity,1,CANALSA,,FR001400T0D6,FR,8216,,,33735,0
Dec 31 2024,UniSuper,Balanced,Listed Equity,1,CANON INC,,JP3242800005,JP,15194,,,805862,0
Dec 31 2024,UniSuper,Balanced,Listed Equity,1,CAPCOM CO LTD,,JP3218900003,JP,57520,,,2053571,0
Dec 31 2024,UniSuper,Balanced,Listed Equity,1,CAPGEMINI SA,,FR0000125338,FR,30589,,,8090861,0.0002
Dec 31 2024,UniSuper,Balanced,Listed Equity,1,CAPITAL ONE FINANCIAL CORPORATION,,US14040H1059,US,14368,,,4138165,0.0001
Dec 31 2024,UniSuper,Balanced,Listed Equity,1,CAPRICORN METALS LTD ORDINARY FULLY PAID,,AU000000CMM9,AU,1955380,,,12279785,0.0002
Dec 31 2024,UniSuper,Balanced,Listed Equity,1,CAPSTONE COPPER CO COM NPV,,CA14071L1085,CA,526909,,,5260442,0.0001
Dec 31 2024,UniSuper,Balanced,Listed Equity,1,CAPSTONE COPPER CORP CDI,,AU0000318552,AU,6499775,,,63762795,0.0012
Dec 31 2024,UniSuper,Balanced,Listed Equity,1,CARSALES COM LTD,,AU000000CAR3,AU,1026407,,,36981449,0.0007
Dec 31 2024,UniSuper,Balanced,Listed Equity,1,CARDINAL HEALTH INC,,US14149Y1082,US,11317,,,2161841,0
Dec 31 2024,UniSuper,Balanced,Listed Equity,1,CARGO THERAPEUTICS ORD SHS,,US14179K1016,US,41306,,,962020,0
Dec 31 2024,UniSuper,Balanced,Listed Equity,1,CARGURUS INC,,US1417881091,US,126516,,,7466506,0.0001
Dec 31 2024,UniSuper,Balanced,Listed Equity,1,CARL ZEISS MEDITEC NPV,,DE0005313704,DE,459,,,34936,0
Dec 31 2024,UniSuper,Balanced,Listed Equity,1,CARLISLE COS INC,,US1423391002,US,566,,,337042,0
Dec 31 2024,UniSuper,Balanced,Listed Equity,1,CARLSBERG AS - B,,DK0010181759,DK,1460,,,225884,0
Dec 31 2024,UniSuper,Balanced,Listed Equity,1,CARLYLE GROUP INC,,US14316J1088,US,2766,,,225560,0
Dec 31 2024,UniSuper,Balanced,Listed Equity,1,CARMAX INC,,US1431301027,US,10209,,,1348058,0
Dec 31 2024,UniSuper,Balanced,Listed Equity,1,CARNIVAL CORP USD,,PA1436583006,PA,89584,,,3605631,0.0001
Dec 31 2024,UniSuper,Balanced,Listed Equity,1,CARNIVAL PLC ADR,,US14365C1036,US,2531,,,92008,0
Dec 31 2024,UniSuper,Balanced,Listed Equity,1,CARREFOUR SA,,FR0000120172,FR,6526,,,149852,0
Dec 31 2024,UniSuper,Balanced,Listed Equity,1,CARRIER GLOBAL CORPORATION,,US14448C1045,US,30468,,,3359067,0.0001
Dec 31 2024,UniSuper,Balanced,Listed Equity,1,CARTERS INC,,US1462291097,US,1566,,,137100,0
Dec 31 2024,UniSuper,Balanced,Listed Equity,1,CARVANA CO,,US1468691027,US,22336,,,7336385,0.0001
Dec 31 2024,UniSuper,Balanced,Listed Equity,1,CATALYST PHARMACEUTICAL INC,,US14888U1016,US,2128,,,71729,0
Dec 31 2024,UniSuper,Balanced,Listed Equity,1,CATAPULT GROUP INTERNATIONAL LTD ORDINARY FULLY PAID,,AU000000CAT9,AU,126366,,,468818,0
Dec 31 2024,UniSuper,Balanced,Listed Equity,1,CATERPILLAR INC,,US1491231015,US,15214,,,8914091,0.0002
Dec 31 2024,UniSuper,Balanced,Listed Equity,1,CAVA GROUP INC,,US1489291021,US,2004,,,365064,0
Dec 31 2024,UniSuper,Balanced,Listed Equity,1,COMMONWEALTH BANK OF AUSTRALIA CAP NOTE 3-BBSW+2.85% PERP NON-CUM RED T-06-28,,AU0000247348,AU,583825,,,60658828,0.0011
Dec 31 2024,UniSuper,Balanced,Listed Equity,1,CBOE GLOBAL MARKET,,US12503M1080,US,5472,,,1726976,0
Dec 31 2024,UniSuper,Balanced,Listed Equity,1,CCC SA,,PLCCC0000016,PL,1059,,,76124,0
Dec 31 2024,UniSuper,Balanced,Listed Equity,1,CCL INDUSTRIES INC,,CA1249003098,CA,1823,,,151398,0
Dec 31 2024,UniSuper,Balanced,Listed Equity,1,CD PROJEKT SA,,PLOPTTC00011,PL,22065,,,1651771,0
Dec 31 2024,UniSuper,Balanced,Listed Equity,1,CD PROJEKT SA,,US1251051066,US,3162,,,58833,0
Dec 31 2024,UniSuper,Balanced,Listed Equity,1,CDW CORP,,US12514G1085,US,15990,,,4494816,0.0001
Dec 31 2024,UniSuper,Balanced,Listed Equity,1,CECONOMY AG ORD NPV,,DE0007257503,DE,11197,,,49328,0
Dec 31 2024,UniSuper,Balanced,Listed Equity,1,CELANESE CORP SERIES A,,US1508701034,US,10603,,,1185257,0
Dec 31 2024,UniSuper,Balanced,Listed Equity,1,CELESTICA ORD SHS,,CA15101Q2071,CA,9500,,,1416150,0
Dec 31 2024,UniSuper,Balanced,Listed Equity,1,CELLDEX THERAPEUTICS INC,,US15117B2025,US,119870,,,4892390,0.0001
Dec 31 2024,UniSuper,Balanced,Listed Equity,1,CELSIUS HOLDINGS INC,,US15118V2079,US,62387,,,2654086,0.0001
Dec 31 2024,UniSuper,Balanced,Listed Equity,1,CEMBRA MONEY BANK AG,,CH0225173167,CH,2510,,,366744,0
Dec 31 2024,UniSuper,Balanced,Listed Equity,1,CENCORA INC COM,,US03073E1055,US,45133,,,16378128,0.0003
Dec 31 2024,UniSuper,Balanced,Listed Equity,1,CENOVUS ENERGY INC COM NPV,,CA15135U1093,CA,16533,,,404573,0
Dec 31 2024,UniSuper,Balanced,Listed Equity,1,CENOVUS ENERGY INC US LISTING,,CA15135U1093,CA,18715,,,457937,0
Dec 31 2024,UniSuper,Balanced,Listed Equity,1,CENTENE CORPORATION,,US15135B1017,US,47982,,,4694707,0.0001
Dec 31 2024,UniSuper,Balanced,Listed Equity,1,CENTERRA GOLD ORD SHS,,CA1520061021,CA,10295,,,94610,0
Dec 31 2024,UniSuper,Balanced,Listed Equity,1,CENTRAL CHINA LAND MEDIA CO LTD,,CNE0000000X4,CN,156146,,,392496,0
Dec 31 2024,UniSuper,Balanced,Listed Equity,1,CENTRAL JAPAN RAILWAY CO,,JP3566800003,JP,9304,,,283497,0
Dec 31 2024,UniSuper,Balanced,Listed Equity,1,CENTRAL PACIFIC FINANCIAL CORP,,US1547604090,US,627,,,29429,0
Dec 31 2024,UniSuper,Balanced,Listed Equity,1,CES ENERGY SOLUTION CORP,,CA15713J1049,CA,6409,,,71399,0
Dec 31 2024,UniSuper,Balanced,Listed Equity,1,CF INDUSTRIES HOLDINGS INC,,US1252691001,US,10751,,,1481547,0
Dec 31 2024,UniSuper,Balanced,Listed Equity,1,CG ONCOLOGY ORD SHS,,US1569441009,US,23576,,,1092084,0
Dec 31 2024,UniSuper,Balanced,Listed Equity,1,CG POWER AND INDUSTRIAL SOLUTIONS LTD,,INE067A01029,IN,236684,,,3250581,0.0001
Dec 31 2024,UniSuper,Balanced,Listed Equity,1,CGI INC,,CA12532H1047,CA,2452,,,433034,0
Dec 31 2024,UniSuper,Balanced,Listed Equity,1,CGI INC COM NPV SUB VTG SHS CL A,,CA12532H1047,CA,878,,,154965,0
Dec 31 2024,UniSuper,Balanced,Listed Equity,1,CHAILEASE HOLDING CO LTD,,KYG202881093,KY,298952,,,1664238,0
Dec 31 2024,UniSuper,Balanced,Listed Equity,1,CHALLENGER LIMITED,,AU000000CGF5,AU,1389115,,,8348584,0.0002
Dec 31 2024,UniSuper,Balanced,Listed Equity,1,CHAMPION IRON LTD,,AU000000CIA2,AU,446623,,,2568080,0
Dec 31 2024,UniSuper,Balanced,Listed Equity,1,CHANGHONG MEILING ORD SHS A,,CNE000000BT4,CN,336789,,,608099,0
Dec 31 2024,UniSuper,Balanced,Listed Equity,1,CHANGJIANG JINGGONG BUILA,,CNE000001BH7,CN,58814,,,39302,0
Dec 31 2024,UniSuper,Balanced,Listed Equity,1,CHANGZHENG ENGINEERING CO A,,CNE100001VQ5,CN,37926,,,130579,0
Dec 31 2024,UniSuper,Balanced,Listed Equity,1,CHARLES RIVER LABORATORIES INTERNATIONAL INC,,US1598641074,US,4141,,,1234669,0
Dec 31 2024,UniSuper,Balanced,Listed Equity,1,CHARTER COMMUNICATIONS INC,,US16119P1084,US,4492,,,2486977,0
Dec 31 2024,UniSuper,Balanced,Listed Equity,1,CHECK POINT SOFTWARE TECH,,IL0010824113,IL,1269,,,382588,0
Dec 31 2024,UniSuper,Balanced,Listed Equity,1,CHEIL WORLDWIDE INC,,KR7030000004,KR,2939,,,54645,0
Dec 31 2024,UniSuper,Balanced,Listed Equity,1,CHELVETIA HOLDING CHF0.02 POST SUBD,,CH0466642201,CH,423,,,112647,0
Dec 31 2024,UniSuper,Balanced,Listed Equity,1,CHESAPEAKE ENERGY COM USD0.01,,US1651677353,US,2452,,,394193,0
Dec 31 2024,UniSuper,Balanced,Listed Equity,1,CHEVRON CORP,,US1667641005,US,51855,,,12130551,0.0002
Dec 31 2024,UniSuper,Balanced,Listed Equity,1,CHIBA BANK LTD JPY,,JP3511800009,JP,6035,,,75820,0
Dec 31 2024,UniSuper,Balanced,Listed Equity,1,CHICONY ELECTRONICS CO LTD,,TW0002385002,TW,153748,,,1151303,0
Dec 31 2024,UniSuper,Balanced,Listed Equity,1,CHINA COMMUNICATIONS SERVICES CORPORATION LIMITED,,CNE1000002G3,CN,65686,,,62278,0
Dec 31 2024,UniSuper,Balanced,Listed Equity,1,CHINA CONSTRUCTION BANK,,CNE1000002H1,CN,204132,,,275033,0
Dec 31 2024,UniSuper,Balanced,Listed Equity,1,CHINA EASTERN AIRLINES CORPORATION LTD,,CNE1000002K5,CN,107119,,,57685,0
Dec 31 2024,UniSuper,Balanced,Listed Equity,1,CHINA HAINAN RUBBER INDUSTRY GROUP CO LTD,,CNE100000YM0,CN,34713,,,41554,0
Dec 31 2024,UniSuper,Balanced,Listed Equity,1,CHINA LIFE INSURANCE CO LTD,,CNE1000002L3,CN,16674,,,50894,0
Dec 31 2024,UniSuper,Balanced,Listed Equity,1,CHINA MENGNIU DAIRY CO,,KYG210961051,KY,1352078,,,4936555,0.0001
Dec 31 2024,UniSuper,Balanced,Listed Equity,1,CHINA MERCHANTS BANK CO LIMITED,,CNE1000002M1,CN,8590,,,71439,0
Dec 31 2024,UniSuper,Balanced,Listed Equity,1,CHINA MERCHANTS PORT GROUPA,,CNE000000818,CN,56945,,,257928,0
Dec 31 2024,UniSuper,Balanced,Listed Equity,1,CHINA PACIFIC INSURANCE GR H,,CNE1000009Q7,CN,3419573,,,17917201,0.0003
Dec 31 2024,UniSuper,Balanced,Listed Equity,1,CHINA PACIFIC INSURANCE GROUP CO LTD,,CNE1000008M8,CN,9499,,,71633,0
Dec 31 2024,UniSuper,Balanced,Listed Equity,1,CHINA PETROLEUM & CHEMICAL,,CNE1000002Q2,CN,12582363,,,11641795,0.0002
Dec 31 2024,UniSuper,Balanced,Listed Equity,1,CHINA RAILWAY SIGNAL AND COMMUNICATION CORP LTD,,CNE1000021L3,CN,778633,,,561772,0
Dec 31 2024,UniSuper,Balanced,Listed Equity,1,CHINA REINSURANCE GROUP CORP,,CNE100002342,CN,1708849,,,309115,0
Dec 31 2024,UniSuper,Balanced,Listed Equity,1,CHINA RESOURCES BUILDING MATERIALS TECHNOLOGY HOLDINGS,,KYG2113L1068,KY,197058,,,65146,0
Dec 31 2024,UniSuper,Balanced,Listed Equity,1,CHINA STATE CONSTRUCTION INTERNATIONAL HOLDINGS LIMITED,,KYG216771363,KY,354705,,,904181,0
Dec 31 2024,UniSuper,Balanced,Listed Equity,1,CHINA YANGTZE POWER CO LTD,,CNE000001G87,CN,783205,,,5121046,0.0001
Dec 31 2024,UniSuper,Balanced,Listed Equity,1,CHINA ZHESHANG BANK CO LTDH,,CNE1000025S9,CN,2204527,,,1017574,0
Dec 31 2024,UniSuper,Balanced,Listed Equity,1,CHIPOTLE MEXICAN GRILL ORD,,US1696561059,US,52508,,,5113832,0.0001
Dec 31 2024,UniSuper,Balanced,Listed Equity,1,CHOICE HOTELS INTERNATIONAL INC,,US1699051066,US,710,,,162797,0
Dec 31 2024,UniSuper,Balanced,Listed Equity,1,CHOLAMANDALAM INVEST AND FINANCE COMPANY LTD,,INE121A01024,IN,131818,,,2949184,0.0001
Dec 31 2024,UniSuper,Balanced,Listed Equity,1,CHOW SANG SANG HLDG,,BMG2113M1203,BM,2161843,,,2917202,0.0001
Dec 31 2024,UniSuper,Balanced,Listed Equity,1,CHROMA ATE INC,,TW0002360005,TW,10150,,,204522,0
Dec 31 2024,UniSuper,Balanced,Listed Equity,1,CHRYSOS CORPORATION LIMITED ORDINARY FULLY PAID,,AU0000218190,AU,323832,,,1599728,0
Dec 31 2024,UniSuper,Balanced,Listed Equity,1,CHUBB LIMITED ORD,,CH0044328745,CH,12591,,,5619004,0.0001
Dec 31 2024,UniSuper,Balanced,Listed Equity,1,CHUGAI PHARMACEUTICAL JPY,,JP3519400000,JP,270096,,,19427464,0.0004
Dec 31 2024,UniSuper,Balanced,Listed Equity,1,CHURCH & DWIGHT CO,,US1713401024,US,11918,,,2015625,0
Dec 31 2024,UniSuper,Balanced,Listed Equity,1,CHURCHILL DOWNS INCORPORATED,,US1714841087,US,1608,,,346869,0
Dec 31 2024,UniSuper,Balanced,Listed Equity,1,CIENA CORP,,US1717793095,US,56350,,,7718737,0.0001
Dec 31 2024,UniSuper,Balanced,Listed Equity,1,CIMPRESS PLC COM EUR0.01,,IE00BKYC3F77,IE,1370,,,158661,0
Dec 31 2024,UniSuper,Balanced,Listed Equity,1,CINCINNATI FINANCIAL CORP,,US1720621010,US,9739,,,2260362,0
Dec 31 2024,UniSuper,Balanced,Listed Equity,1,CINEMARK HOLDINGS INC,,US17243V1026,US,2688,,,134486,0
Dec 31 2024,UniSuper,Balanced,Listed Equity,1,CINEPLEX INC,,CA1724541000,CA,60317,,,826382,0
Dec 31 2024,UniSuper,Balanced,Listed Equity,1,CINTAS CORP,,US1729081059,US,21545,,,6357622,0.0001
Dec 31 2024,UniSuper,Balanced,Listed Equity,1,CIPLA LIMITED,,INE059A01026,IN,58945,,,1700271,0
Dec 31 2024,UniSuper,Balanced,Listed Equity,1,CISCO SYSTEMS INC,,US17275R1023,US,621278,,,59403432,0.0011
Dec 31 2024,UniSuper,Balanced,Listed Equity,1,CITIGROUP INC USD,,US1729674242,US,772575,,,87832569,0.0017
Dec 31 2024,UniSuper,Balanced,Listed Equity,1,CITIZEN WATCH CO LTD,,JP3352400000,JP,69052,,,662808,0
Dec 31 2024,UniSuper,Balanced,Listed Equity,1,CITYCHAMP WATCH AND JEWELLERY GROUP LTD,,KYG2161T1004,KY,443634,,,76560,0
Dec 31 2024,UniSuper,Balanced,Listed Equity,1,CJ CORP PREFERENCE S1,,KR7001041003,KR,901,,,56766,0
Dec 31 2024,UniSuper,Balanced,Listed Equity,1,CJ CORPORATION,,KR7001040005,KR,7586,,,824820,0
Dec 31 2024,UniSuper,Balanced,Listed Equity,1,CJ ENM CO LTD,,KR7035760008,KR,4933,,,290615,0
Dec 31 2024,UniSuper,Balanced,Listed Equity,1,CK HUTCHISON HOLDINGS LTD,,KYG217651051,KY,43743,,,377450,0
Dec 31 2024,UniSuper,Balanced,Listed Equity,1,CLAL INSURANCE ENTERPRISE HOLDINGS LIMITED,,IL0002240146,IL,2909,,,110522,0
Dec 31 2024,UniSuper,Balanced,Listed Equity,1,CLARIANT AG REG,,CH0012142631,CH,1918,,,34490,0
Dec 31 2024,UniSuper,Balanced,Listed Equity,1,CLARKSON PLC,,GB0002018363,GB,1055,,,84412,0
Dec 31 2024,UniSuper,Balanced,Listed Equity,1,CLEAN SCIENCE AND TECHNOLOGY LTD,,INE227W01023,IN,17524,,,470464,0
Dec 31 2024,UniSuper,Balanced,Listed Equity,1,CLEANAWAY WASTE MANAGEMENT LIMITED,,AU000000CWY3,AU,13739935,,,36410827,0.0007
Dec 31 2024,UniSuper,Balanced,Listed Equity,1,CLEAR SECURE INC,,US18467V1098,US,54979,,,2365550,0
Dec 31 2024,UniSuper,Balanced,Listed Equity,1,CLEARWATER ANALYTICS HOLDINGS ORD SHS CLASS A,,US1851231068,US,22435,,,997193,0
Dec 31 2024,UniSuper,Balanced,Listed Equity,1,CLIMB GLOBAL SOLUTIONS INC,,US9467601053,US,281,,,57615,0
Dec 31 2024,UniSuper,Balanced,Listed Equity,1,CLINUVEL PHARMACEUTICALS LTD,,AU000000CUV3,AU,18280,,,220454,0
Dec 31 2024,UniSuper,Balanced,Listed Equity,1,CLOROX CO DEL,,US1890541097,US,6601,,,1731438,0
Dec 31 2024,UniSuper,Balanced,Listed Equity,1,CLOUDFLARE INC,,US18915M1071,US,3646,,,634113,0
Dec 31 2024,UniSuper,Balanced,Listed Equity,1,CMC MARKETS PLC,,GB00B14SKR37,GB,4191,,,21025,0
Dec 31 2024,UniSuper,Balanced,Listed Equity,1,CME GROUP INC COM,,US12572Q1058,US,61364,,,23016302,0.0004
Dec 31 2024,UniSuper,Balanced,Listed Equity,1,CMST DEVELOPMENT CO LTD,,CNE000000NS1,CN,582484,,,822301,0
Dec 31 2024,UniSuper,Balanced,Listed Equity,1,CNH INDUSTRIAL NV COM,,NL0010545661,NL,10561,,,193260,0
Dec 31 2024,UniSuper,Balanced,Listed Equity,1,COAST ENTERTAINMENT HOLDINGS LIMITED ORDINARY FULLY PAID,,AU0000314254,AU,66358,,,32516,0
Dec 31 2024,UniSuper,Balanced,Listed Equity,1,COATS GROUP PLC,,GB00B4YZN328,GB,62541,,,119423,0
Dec 31 2024,UniSuper,Balanced,Listed Equity,1,COCA COLA BOTTLERS JAPAN HOLDINGS,,JP3293200006,JP,3224,,,82739,0
Dec 31 2024,UniSuper,Balanced,Listed Equity,1,COCA COLA BOTTLING CO CONSOLIDATED,,US1910981026,US,138,,,280683,0
Dec 31 2024,UniSuper,Balanced,Listed Equity,1,COCA COLA CO USD,,US1912161007,US,338824,,,34071158,0.0006
Dec 31 2024,UniSuper,Balanced,Listed Equity,1,COCA COLA HBC AG ORD,,CH0198251305,CH,2499,,,138125,0
Dec 31 2024,UniSuper,Balanced,Listed Equity,1,COCA-COLA EUROPACIFIC PARTNERS,,GB00BDCPN049,GB,2515,,,311947,0
Dec 31 2024,UniSuper,Balanced,Listed Equity,1,COCHLEAR LIMITED,,AU000000COH5,AU,126383,,,36635987,0.0007
Dec 31 2024,UniSuper,Balanced,Listed Equity,1,CODAN LIMITED,,AU000000CDA3,AU,44559,,,717402,0
Dec 31 2024,UniSuper,Balanced,Listed Equity,1,COFACE SA,,FR0010667147,FR,22998,,,553101,0
Dec 31 2024,UniSuper,Balanced,Listed Equity,1,COFOE MEDICAL TECHNOLOGY CA,,CNE100004Y98,CN,28319,,,221571,0
Dec 31 2024,UniSuper,Balanced,Listed Equity,1,COGNIZANT TECH SOLUTIONS A,,US1924461023,US,56166,,,6975948,0.0001
Dec 31 2024,UniSuper,Balanced,Listed Equity,1,COINBASE GLOBAL INC,,US19260Q1076,US,2326,,,932785,0
Dec 31 2024,UniSuper,Balanced,Listed Equity,1,COLES GROUP LTD,,AU0000030678,AU,3375416,,,63761600,0.0012
Dec 31 2024,UniSuper,Balanced,Listed Equity,1,COLGATE PALMOLIVE,,US1941621039,US,220011,,,32304224,0.0006
Dec 31 2024,UniSuper,Balanced,Listed Equity,1,COLLINS FOODS LIMITED,,AU000000CKF7,AU,20978,,,152298,0
Dec 31 2024,UniSuper,Balanced,Listed Equity,1,COLOPLAST,,DK0060448595,DK,1518,,,267574,0
Dec 31 2024,UniSuper,Balanced,Listed Equity,1,COLUMBIA SPORTSWEAR CO,,US1985161066,US,2009,,,272317,0
Dec 31 2024,UniSuper,Balanced,Listed Equity,1,COMCAST CORP,,US20030N1019,US,139254,,,8440906,0.0002
Dec 31 2024,UniSuper,Balanced,Listed Equity,1,COMFORT SYSTEMS USA INC,,US1999081045,US,1070,,,732829,0
Dec 31 2024,UniSuper,Balanced,Listed Equity,1,COMFORTDELGRO CORP LTD,,SG1N31909426,SG,50035,,,87673,0
Dec 31 2024,UniSuper,Balanced,Listed Equity,1,COMMERCE BANCSHARES INCORPORATED,,US2005251036,US,3174,,,319463,0
Dec 31 2024,UniSuper,Balanced,Listed Equity,1,COMMERZBANK AG NPV,,DE000CBK1001,DE,11403,,,299887,0
Dec 31 2024,UniSuper,Balanced,Listed Equity,1,COMMONWEALTH BANK OF AUSTRALIA,,AU000000CBA7,AU,5561106,,,852239545,0.0161
Dec 31 2024,UniSuper,Balanced,Listed Equity,1,COMMONWEALTH BANK OF AUSTRALIA CAP NOTE 3-BBSW+3.40% PERP NON-CUM RED T-04-25,,AU0000003832,AU,580725,,,58595133,0.0011
Dec 31 2024,UniSuper,Balanced,Listed Equity,1,COMMONWEALTH BANK OF AUSTRALIA CAP NOTE 3-BBSW+3.00% PERP NON-CUM RED T-04-27,,AU0000061327,AU,87231,,,9024085,0.0002
Dec 31 2024,UniSuper,Balanced,Listed Equity,1,COMMONWEALTH BANK OF AUSTRALIA CAP NOTE 3-BBSW+2.75% PERP NON-CUM RED T-06-29,,AU0000215618,AU,1408950,,,145685438,0.0028
Dec 31 2024,UniSuper,Balanced,Listed Equity,1,COMMONWEALTH BANK OF AUSTRALIA CAP NOTE 3-BBSW+2.75% PERP NON-CUM RED T-10-26,,AU0000138927,AU,185741,,,19038485,0.0004
Dec 31 2024,UniSuper,Balanced,Listed Equity,1,COMMVAULT SYSTEMS INC,,US2041661024,US,4815,,,1173635,0
Dec 31 2024,UniSuper,Balanced,Listed Equity,1,COMPAGNIE DE SAINT-GOBAIN,,FR0000125007,FR,5458,,,782265,0
Dec 31 2024,UniSuper,Balanced,Listed Equity,1,COMPAGNIE FINANCIERE RICHEMONT SA,,CH0210483332,CH,63640,,,15640549,0.0003
Dec 31 2024,UniSuper,Balanced,Listed Equity,1,COMPASS GROUP ORD,,GB00BD6K4575,GB,152965,,,8236572,0.0002
Dec 31 2024,UniSuper,Balanced,Listed Equity,1,COMPASS GROUP PLC,,US20449X4016,US,2088,,,113295,0
Dec 31 2024,UniSuper,Balanced,Listed Equity,1,COMPUTACENTER PLC,,GB00BV9FP302,GB,2416,,,103790,0
Dec 31 2024,UniSuper,Balanced,Listed Equity,1,COMPUTERSHARE LTD,,AU000000CPU5,AU,359075,,,12190587,0.0002
Dec 31 2024,UniSuper,Balanced,Listed Equity,1,COMSYS HOLDINGS CORP,,JP3305530002,JP,6538,,,217698,0
Dec 31 2024,UniSuper,Balanced,Listed Equity,1,CONAGRA BRANDS INC,,US2058871029,US,31684,,,1420047,0
Dec 31 2024,UniSuper,Balanced,Listed Equity,1,CONCORDIA FINANCIAL GROUP LTD,,JP3305990008,JP,11944,,,106926,0
Dec 31 2024,UniSuper,Balanced,Listed Equity,1,CONOCOPHILLIPS,,US20825C1045,US,242819,,,38892572,0.0007
Dec 31 2024,UniSuper,Balanced,Listed Equity,1,CONSTELLATION BRANDS INC-A,,US21036P1084,US,6648,,,2372920,0
Dec 31 2024,UniSuper,Balanced,Listed Equity,1,CONSTELLATION SOFTWARE COM,,CA21037X1006,CA,336,,,1678911,0
Dec 31 2024,UniSuper,Balanced,Listed Equity,1,CONTEMPORARY AMPEREX TECHNOLOGY CO LTD,,CNE100003662,CN,261879,,,15413771,0.0003
Dec 31 2024,UniSuper,Balanced,Listed Equity,1,CONTINENTAL AG,,DE0005439004,DE,1254,,,135890,0
Dec 31 2024,UniSuper,Balanced,Listed Equity,1,COOPER COS INC COM USD0.10 (P/S),,US2166485019,US,35706,,,5301561,0.0001
Dec 31 2024,UniSuper,Balanced,Listed Equity,1,COPART INC,,US2172041061,US,116034,,,10755396,0.0002
Dec 31 2024,UniSuper,Balanced,Listed Equity,1,CORCEPT THERAPEUTICS INC,,US2183521028,US,1970,,,160311,0
Dec 31 2024,UniSuper,Balanced,Listed Equity,1,CORE SCIENTIFIC INC,,US21874A1060,US,4719,,,107079,0
Dec 31 2024,UniSuper,Balanced,Listed Equity,1,COREBRIDGE FINANCIAL ORD,,US21871X1090,US,3206,,,154982,0
Dec 31 2024,UniSuper,Balanced,Listed Equity,1,CORECARD CORP,,US45816D1000,US,6015,,,220541,0
Dec 31 2024,UniSuper,Balanced,Listed Equity,1,CORECIVIC INC COM USD0.01,,US21871N1019,US,17531,,,615546,0
Dec 31 2024,UniSuper,Balanced,Listed Equity,1,CORNING INC,,US2193501051,US,117735,,,9036194,0.0002
Dec 31 2024,UniSuper,Balanced,Listed Equity,1,COROMANDEL INTERNATIONAL LTD,,INE169A01031,IN,17046,,,604562,0
Dec 31 2024,UniSuper,Balanced,Listed Equity,1,CORPAY INC COM USD 0.001,,US2199481068,US,13016,,,7114286,0.0001
Dec 31 2024,UniSuper,Balanced,Listed Equity,1,CORPORATE TRAVEL MANAGEMENT LIMITED,,AU000000CTD3,AU,392844,,,5205185,0.0001
Dec 31 2024,UniSuper,Balanced,Listed Equity,1,CORTEVA INC,,US22052L1044,US,28289,,,2602538,0
Dec 31 2024,UniSuper,Balanced,Listed Equity,1,COSCO SHIPPING  DEVELOPMENT CO,,CNE100000536,CN,1751798,,,378804,0
Dec 31 2024,UniSuper,Balanced,Listed Equity,1,COSMO ENERGY HOLDINGS CO LTD,,JP3298000005,JP,7016,,,499579,0
Dec 31 2024,UniSuper,Balanced,Listed Equity,1,COSTCO WHOLESALE CORP,,US22160K1051,US,13231,,,19579880,0.0004
Dec 31 2024,UniSuper,Balanced,Listed Equity,1,COUPANG INC COM CL A SHS ORD,,US22266T1097,US,399195,,,14171529,0.0003
Dec 31 2024,UniSuper,Balanced,Listed Equity,1,COVESTRO AG NPV,,DE000A40KY26,DE,3144,,,305018,0
Dec 31 2024,UniSuper,Balanced,Listed Equity,1,COWAY CO LTD,,KR7021240007,KR,53,,,3857,0
Dec 31 2024,UniSuper,Balanced,Listed Equity,1,CP SEVEN ELEVEN PCL - FOREIGN,,TH0737010Y16,TH,1289941,,,3452483,0.0001
Dec 31 2024,UniSuper,Balanced,Listed Equity,1,CPI CARD GROUP ORD HS,,US12634H2004,US,2789,,,134623,0
Dec 31 2024,UniSuper,Balanced,Listed Equity,1,CRANSWICK PLC,,GB0002318888,GB,2064,,,203145,0
Dec 31 2024,UniSuper,Balanced,Listed Equity,1,CREDICORP LIMITED,,BMG2519Y1084,BM,150,,,44283,0
Dec 31 2024,UniSuper,Balanced,Listed Equity,1,CREDIT AGRICOLE SA,,FR0000045072,FR,12806,,,284637,0
Dec 31 2024,UniSuper,Balanced,Listed Equity,1,CREDIT CORP GROUP LIMITED,,AU000000CCP3,AU,28456,,,455017,0
Dec 31 2024,UniSuper,Balanced,Listed Equity,1,CREDIT SAISON CO LIMITED,,JP3271400008,JP,9882,,,375544,0
Dec 31 2024,UniSuper,Balanced,Listed Equity,1,CREDITO EMILIANO SPA,,IT0003121677,IT,14212,,,258612,0
Dec 31 2024,UniSuper,Balanced,Listed Equity,1,CREST NICHOLSON HOLDINGS PLC,,GB00B8VZXT93,GB,8123,,,27750,0
Dec 31 2024,UniSuper,Balanced,Listed Equity,1,CRH PUBLIC LIMITED ORD SHS,,IE0001827041,IE,8241,,,1231427,0
Dec 31 2024,UniSuper,Balanced,Listed Equity,1,CRINETICS PHARMACEUTICALS INC,,US22663K1079,US,24931,,,2058833,0
Dec 31 2024,UniSuper,Balanced,Listed Equity,1,CRITERIA CAIXACORP SA,,ES0140609019,ES,1938717,,,16977285,0.0003
Dec 31 2024,UniSuper,Balanced,Listed Equity,1,CROCS INC,,US2270461096,US,1514,,,267920,0
Dec 31 2024,UniSuper,Balanced,Listed Equity,1,CRODA INTERNATIONAL PLC,,GB00BJFFLV09,GB,1512,,,103519,0
Dec 31 2024,UniSuper,Balanced,Listed Equity,1,CROMPTON GREAVES CONSUMER ELECTRICALS LTD,,INE299U01018,IN,107827,,,805123,0
Dec 31 2024,UniSuper,Balanced,Listed Equity,1,CROWDSTRIKE HOLDINGS INC,,US22788C1053,US,49921,,,27587524,0.0005
Dec 31 2024,UniSuper,Balanced,Listed Equity,1,CROWN HOLDINGS INC,,US2283681060,US,1446,,,193101,0
Dec 31 2024,UniSuper,Balanced,Listed Equity,1,CRYSTAL INTERNATIONAL GROUP LTD,,KYG2701R1011,KY,82866,,,75293,0
Dec 31 2024,UniSuper,Balanced,Listed Equity,1,CSL LIMITED,,AU000000CSL8,AU,2282459,,,642694785,0.0122
Dec 31 2024,UniSuper,Balanced,Listed Equity,1,CSX CORP COM,,US1264081035,US,753254,,,39259486,0.0007
Dec 31 2024,UniSuper,Balanced,Listed Equity,1,CTS EVENTIM AG AND CO. KGAA,,DE0005470306,DE,751,,,102584,0
Dec 31 2024,UniSuper,Balanced,Listed Equity,1,CUMMINS INC,,US2310211063,US,5239,,,2949675,0.0001
Dec 31 2024,UniSuper,Balanced,Listed Equity,1,CUMMINS INDIA LTD,,INE298A01020,IN,22221,,,1372449,0
Dec 31 2024,UniSuper,Balanced,Listed Equity,1,CVC CAPITAL PARTNERS PLC,,JE00BRX98089,JE,3163,,,112475,0
Dec 31 2024,UniSuper,Balanced,Listed Equity,1,CVS HEALTH CORP,,US1266501006,US,45599,,,3306080,0.0001
Dec 31 2024,UniSuper,Balanced,Listed Equity,1,CYBERAGENT INC,,JP3311400000,JP,71650,,,807025,0
Dec 31 2024,UniSuper,Balanced,Listed Equity,1,CYBERARK SOFTWARE LTD,,IL0011334468,IL,593,,,318998,0
Dec 31 2024,UniSuper,Balanced,Listed Equity,1,CYTOKINETICS INC,,US23282W6057,US,77976,,,5924235,0.0001
Dec 31 2024,UniSuper,Balanced,Listed Equity,1,D LINK CORP,,TW0002332004,TW,86402,,,108330,0
Dec 31 2024,UniSuper,Balanced,Listed Equity,1,DAMPSKIBSSELSKABET NORDEN A/S,,DK0060083210,DK,551,,,26224,0
Dec 31 2024,UniSuper,Balanced,Listed Equity,1,DAESANG CORPORATION,,KR7001680008,KR,5762,,,121314,0
Dec 31 2024,UniSuper,Balanced,Listed Equity,1,DAESANG HOLDINGS CO LTD,,KR7084690007,KR,45538,,,508602,0
Dec 31 2024,UniSuper,Balanced,Listed Equity,1,DAI ICHI LIFE HOLD NPV,,JP3476480003,JP,12897,,,561291,0
Dec 31 2024,UniSuper,Balanced,Listed Equity,1,DAI NIPPON PRINTING CO LTD,,JP3493800001,JP,4778,,,108976,0
Dec 31 2024,UniSuper,Balanced,Listed Equity,1,DAIFUKU CO LTD NPV,,JP3497400006,JP,48802,,,1655076,0
Dec 31 2024,UniSuper,Balanced,Listed Equity,1,DAIHEN CORP,,JP3497800007,JP,597,,,49641,0
Dec 31 2024,UniSuper,Balanced,Listed Equity,1,DAIICHI SANKYO COMPANY LIMITED,,JP3475350009,JP,25051,,,1120408,0
Dec 31 2024,UniSuper,Balanced,Listed Equity,1,DAIKIN INDUSTRIES,,JP3481800005,JP,18444,,,3536879,0.0001
Dec 31 2024,UniSuper,Balanced,Listed Equity,1,DAIMLER AG,,US2338252073,US,64527,,,1440302,0
Dec 31 2024,UniSuper,Balanced,Listed Equity,1,DAIMLER TRUCK HOLDING AG,,DE000DTR0CK8,DE,5941,,,366119,0
Dec 31 2024,UniSuper,Balanced,Listed Equity,1,DAISHIN SECURITIES CO LTD,,KR7003541000,KR,18302,,,315252,0
Dec 31 2024,UniSuper,Balanced,Listed Equity,1,DAIWA SECURITIES GROUP INC.,,JP3502200003,JP,16030,,,172648,0
Dec 31 2024,UniSuper,Balanced,Listed Equity,1,DANAHER CORP,,US2358511028,US,107721,,,39937698,0.0008
Dec 31 2024,UniSuper,Balanced,Listed Equity,1,DANIELI & C DI RISP EUR1,,IT0000076486,IT,908,,,29092,0
Dec 31 2024,UniSuper,Balanced,Listed Equity,1,DANONE,,FR0000120644,FR,7767,,,845952,0
Dec 31 2024,UniSuper,Balanced,Listed Equity,1,DARDEN RESTAURANTS INC,,US2371941053,US,6469,,,1950494,0
Dec 31 2024,UniSuper,Balanced,Listed Equity,1,DARFON ELECTRONICS CORP,,TW0008163007,TW,324514,,,696236,0
Dec 31 2024,UniSuper,Balanced,Listed Equity,1,DASHANG ORD SHS A,,CNE000000DW4,CN,96220,,,561435,0
Dec 31 2024,UniSuper,Balanced,Listed Equity,1,DASSAULT AVIATION EUR0.80 (POST SUBDIVISION),,FR0014004L86,FR,225,,,74224,0
Dec 31 2024,UniSuper,Balanced,Listed Equity,1,DASSAULT SYSTEMES SE,,FR0014003TT8,FR,9542,,,534619,0
Dec 31 2024,UniSuper,Balanced,Listed Equity,1,DATA3 LIMITED,,AU000000DTL4,AU,50258,,,321146,0
Dec 31 2024,UniSuper,Balanced,Listed Equity,1,DATADOG INC,,US23804L1035,US,99087,,,22867766,0.0004
Dec 31 2024,UniSuper,Balanced,Listed Equity,1,DATANG INTL POWER GEN CO-H,,CNE1000002Z3,CN,197058,,,59000,0
Dec 31 2024,UniSuper,Balanced,Listed Equity,1,DAVE AND BUSTERS ENTERTAINMENT INC,,US2383371091,US,12417,,,585398,0
Dec 31 2024,UniSuper,Balanced,Listed Equity,1,DAVIDE CAMPARI MIL,,NL0015435975,NL,7016,,,70611,0
Dec 31 2024,UniSuper,Balanced,Listed Equity,1,DAVITA INC,,US23918K1088,US,4623,,,1116630,0
Dec 31 2024,UniSuper,Balanced,Listed Equity,1,DAY ONE BIOPHARMAC COM,,US23954D1090,US,96557,,,1975903,0
Dec 31 2024,UniSuper,Balanced,Listed Equity,1,DAYFORCE INC,,US15677J1088,US,10901,,,1278903,0
Dec 31 2024,UniSuper,Balanced,Listed Equity,1,DBS GROUP HOLDINGS LTD,,SG1L01001701,SG,678225,,,35105895,0.0007
Dec 31 2024,UniSuper,Balanced,Listed Equity,1,DCC PLC,,IE0002424939,IE,1127,,,117124,0
Dec 31 2024,UniSuper,Balanced,Listed Equity,1,DE GREY MINING LTD,,AU000000DEG6,AU,27043305,,,47731433,0.0009
Dec 31 2024,UniSuper,Balanced,Listed Equity,1,DECKERS OUTDOOR ORD SHS A,,US2435371073,US,6864,,,2251462,0
Dec 31 2024,UniSuper,Balanced,Listed Equity,1,DEERE & CO,,US2441991054,US,54945,,,37600202,0.0007
Dec 31 2024,UniSuper,Balanced,Listed Equity,1,DEHUA TB NEW DECORATION MATERIAL CO LTD,,CNE000001LT1,CN,30,,,78,0
Dec 31 2024,UniSuper,Balanced,Listed Equity,1,DELEK GROUP LTD,,IL0010841281,IL,217,,,45635,0
Dec 31 2024,UniSuper,Balanced,Listed Equity,1,DELHIVERY LTD,,INE148O01028,IN,1122398,,,7329456,0.0001
Dec 31 2024,UniSuper,Balanced,Listed Equity,1,DELIVEROO PLC,,GB00BNC5T391,GB,43651,,,125291,0
Dec 31 2024,UniSuper,Balanced,Listed Equity,1,DELIVERY HERO SE,,DE000A2E4K43,DE,2187,,,99197,0
Dec 31 2024,UniSuper,Balanced,Listed Equity,1,DELL TECHNOLOGIES INC,,US24703L2025,US,34374,,,6397945,0.0001
Dec 31 2024,UniSuper,Balanced,Listed Equity,1,DELTA AIR LINES INC,,US2473617023,US,20411,,,1994438,0
Dec 31 2024,UniSuper,Balanced,Listed Equity,1,DELTA ELECTRONICS INC,,TW0002308004,TW,464487,,,9851051,0.0002
Dec 31 2024,UniSuper,Balanced,Listed Equity,1,DELTA GALIL INDUSTRIES LTD,,IL0006270347,IL,4761,,,424167,0
Dec 31 2024,UniSuper,Balanced,Listed Equity,1,DELTA ISREAL BRAND ORD SHS,,IL0011736993,IL,3585,,,98506,0
Dec 31 2024,UniSuper,Balanced,Listed Equity,1,DEMANT A S,,DK0060738599,DK,1134,,,67196,0
Dec 31 2024,UniSuper,Balanced,Listed Equity,1,DEN DANSKE BANK AS DKK,,DK0010274414,DK,11237,,,513368,0
Dec 31 2024,UniSuper,Balanced,Listed Equity,1,DENSO CORP NPV,,JP3551500006,JP,152616,,,3473259,0.0001
Dec 31 2024,UniSuper,Balanced,Listed Equity,1,DENTSU GROUP INC,,JP3551520004,JP,2326,,,91120,0
Dec 31 2024,UniSuper,Balanced,Listed Equity,1,DEPPON LOGISTICS ORD SHS A,,CNE100002SZ0,CN,127077,,,402940,0
Dec 31 2024,UniSuper,Balanced,Listed Equity,1,DESCARTES SYSTEMS GROUP INC,,CA2499061083,CA,1455,,,266892,0
Dec 31 2024,UniSuper,Balanced,Listed Equity,1,DETERRA ROYALTIES LIMITED ORDINARY FULLY PAID DEFERRED SETTLEMENT,,AU0000107484,AU,3083837,,,11471872,0.0002
Dec 31 2024,UniSuper,Balanced,Listed Equity,1,DEUTSCHE BANK AG (REG),,DE0005140008,DE,29195,,,812491,0
Dec 31 2024,UniSuper,Balanced,Listed Equity,1,DEUTSCHE BOERSE AG,,DE0005810055,DE,50609,,,18824205,0.0004
Dec 31 2024,UniSuper,Balanced,Listed Equity,1,DEUTSCHE LUFTHANSA AG,,DE0008232125,DE,6818,,,70426,0
Dec 31 2024,UniSuper,Balanced,Listed Equity,1,DEUTSCHE POST AG,,DE0005552004,DE,12272,,,697431,0
Dec 31 2024,UniSuper,Balanced,Listed Equity,1,DEVELOP GLOBAL LTD,,AU0000179707,AU,1388686,,,3249525,0.0001
Dec 31 2024,UniSuper,Balanced,Listed Equity,1,DEVON ENERGY CORPORATION,,US25179M1036,US,32252,,,1704919,0
Dec 31 2024,UniSuper,Balanced,Listed Equity,1,DEXCOM INC,,US2521311074,US,32552,,,4088816,0.0001
Dec 31 2024,UniSuper,Balanced,Listed Equity,1,DGB FINANCIAL GROUP,,KR7139130009,KR,74229,,,666159,0
Dec 31 2024,UniSuper,Balanced,Listed Equity,1,DIAGEO ORD,,GB0002374006,GB,26772,,,1374135,0
Dec 31 2024,UniSuper,Balanced,Listed Equity,1,DIAMONDBACK ENERGY INC,,US25278X1090,US,36726,,,9717938,0.0002
Dec 31 2024,UniSuper,Balanced,Listed Equity,1,DIASORIN SPA,,IT0003492391,IT,199,,,33077,0
Dec 31 2024,UniSuper,Balanced,Listed Equity,1,DICK'S SPORTING GOODS INC,,US2533931026,US,691,,,255581,0
Dec 31 2024,UniSuper,Balanced,Listed Equity,1,DIETEREN GROUP,,BE0974259880,BE,245,,,65723,0
Dec 31 2024,UniSuper,Balanced,Listed Equity,1,DIGITALOCEAN HLDGS COM,,US25402D1028,US,10811,,,594884,0
Dec 31 2024,UniSuper,Balanced,Listed Equity,1,DIP CORPORATION,,JP3548640006,JP,4150,,,106786,0
Dec 31 2024,UniSuper,Balanced,Listed Equity,1,DIRECT LINE INSURANCE GROUP PLC,,GB00BY9D0Y18,GB,43329,,,223670,0
Dec 31 2024,UniSuper,Balanced,Listed Equity,1,DISCO CORPORATION NPV,,JP3548600000,JP,5249,,,2304897,0
Dec 31 2024,UniSuper,Balanced,Listed Equity,1,DISCOVER FINANCIAL SERVICES,,US2547091080,US,10545,,,2950377,0.0001
Dec 31 2024,UniSuper,Balanced,Listed Equity,1,DISCOVERIE GROUP PLC,,GB0000055888,GB,3948,,,57094,0
Dec 31 2024,UniSuper,Balanced,Listed Equity,1,DISTRIBUIDORA INTERNACIONAL DE ALIMENTACION SA,,ES0126775032,ES,3174965,,,81243,0
Dec 31 2024,UniSuper,Balanced,Listed Equity,1,DIVERSIFIED ENERGY CO PLC,,GB00BQHP5P93,GB,2639,,,71731,0
Dec 31 2024,UniSuper,Balanced,Listed Equity,1,DIVIS LABORATORIES LTD,,INE361B01024,IN,41207,,,4741017,0.0001
Dec 31 2024,UniSuper,Balanced,Listed Equity,1,DIXON TECHNOLOGIES INR2.00 (POST SUBD),,INE935N01020,IN,2857,,,966632,0
Dec 31 2024,UniSuper,Balanced,Listed Equity,1,DNB BANK ASA,,NO0010161896,NO,10775,,,347674,0
Dec 31 2024,UniSuper,Balanced,Listed Equity,1,DOCEBO ORD SHS,,CA25609L1058,CA,6749,,,488586,0
Dec 31 2024,UniSuper,Balanced,Listed Equity,1,DOCUSIGN INC,,US2561631068,US,76666,,,11136765,0.0002
Dec 31 2024,UniSuper,Balanced,Listed Equity,1,DOF GROUP ORD SHS,,NO0012851874,NO,12551,,,150817,0
Dec 31 2024,UniSuper,Balanced,Listed Equity,1,DOLLAR GENERAL,,US2566771059,US,55706,,,6821598,0.0001
Dec 31 2024,UniSuper,Balanced,Listed Equity,1,DOLLAR TREE INC,,US2567461080,US,12882,,,1559187,0
Dec 31 2024,UniSuper,Balanced,Listed Equity,1,DOLLARAMA INC,,CA25675T1075,CA,4044,,,637063,0
Dec 31 2024,UniSuper,Balanced,Listed Equity,1,DOMAIN HOLDINGS AUSTRALIA LIMITED ORDINARY FULLY PAID,,AU000000DHG9,AU,268467,,,679221,0
Dec 31 2024,UniSuper,Balanced,Listed Equity,1,DOMINO`S PIZZA GRP ORD GBP0.00520833,,GB00BYN59130,GB,16940,,,107940,0
Dec 31 2024,UniSuper,Balanced,Listed Equity,1,DOMINOS PIZZA ENTERPRISES LTD,,AU000000DMP0,AU,205137,,,6039248,0.0001
Dec 31 2024,UniSuper,Balanced,Listed Equity,1,DOMINOS PIZZA INC,,US25754A2015,US,2099,,,1423257,0
Dec 31 2024,UniSuper,Balanced,Listed Equity,1,DONALDSON COMPANY INC,,US2576511099,US,3036,,,330268,0
Dec 31 2024,UniSuper,Balanced,Listed Equity,1,DOORDASH INC,,US25809K1051,US,117910,,,31946185,0.0006
Dec 31 2024,UniSuper,Balanced,Listed Equity,1,DORMA KABA HOLDING AG,,CH0011795959,CH,385,,,442356,0
Dec 31 2024,UniSuper,Balanced,Listed Equity,1,DORMAN PRODUCTS INC,,US2582781009,US,598,,,125120,0
Dec 31 2024,UniSuper,Balanced,Listed Equity,1,DOUYU INTERNATIONAL HOLDADR,,US25985W2044,US,4471,,,80953,0
Dec 31 2024,UniSuper,Balanced,Listed Equity,1,DOVER CORPORATION COM,,US2600031080,US,6533,,,1979438,0
Dec 31 2024,UniSuper,Balanced,Listed Equity,1,DOW INC,,US2605571031,US,32322,,,2094971,0
Dec 31 2024,UniSuper,Balanced,Listed Equity,1,DOWA HOLDINGS CO LTD,,JP3638600001,JP,2179,,,99801,0
Dec 31 2024,UniSuper,Balanced,Listed Equity,1,DOWLAIS GROUP PLC,,GB00BMWRZ071,GB,49475,,,67502,0
Dec 31 2024,UniSuper,Balanced,Listed Equity,1,DOWNER EDI LIMITED,,AU000000DOW2,AU,578304,,,3036095,0.0001
Dec 31 2024,UniSuper,Balanced,Listed Equity,1,DOXIMITY INC,,US26622P1075,US,7369,,,635478,0
Dec 31 2024,UniSuper,Balanced,Listed Equity,1,DR HORTON INC,,US23331A1097,US,12333,,,2785053,0.0001
Dec 31 2024,UniSuper,Balanced,Listed Equity,1,DR ING HC F PORSCHE AG,,DE000PAG9113,DE,111937,,,10936742,0.0002
Dec 31 2024,UniSuper,Balanced,Listed Equity,1,DR MARTENS PLC,,GB00BL6NGV24,GB,23212,,,33900,0
Dec 31 2024,UniSuper,Balanced,Listed Equity,1,DRAFTKINGS HOLDINGS INC,,US26142V1052,US,5281,,,317267,0
Dec 31 2024,UniSuper,Balanced,Listed Equity,1,DRAX GROUP PLC,,GB00B1VNSX38,GB,22710,,,297668,0
Dec 31 2024,UniSuper,Balanced,Listed Equity,1,DROPBOX INC,,US26210C1045,US,100076,,,4855522,0.0001
Dec 31 2024,UniSuper,Balanced,Listed Equity,1,DSM FIRMENICH AG EUR0.01,,CH1216478797,CH,2237,,,365649,0
Dec 31 2024,UniSuper,Balanced,Listed Equity,1,DSV A/S,,DK0060079531,DK,34560,,,11851004,0.0002
Dec 31 2024,UniSuper,Balanced,Listed Equity,1,DUFRY GROUP,,CH0023405456,CH,881,,,57081,0
Dec 31 2024,UniSuper,Balanced,Listed Equity,1,DUN AND BRADSTREET HOLDINGS INC,,US26484T1060,US,7209,,,145080,0
Dec 31 2024,UniSuper,Balanced,Listed Equity,1,DUNDEE PRECIOUS METALS INC,,CA2652692096,CA,5541,,,81137,0
Dec 31 2024,UniSuper,Balanced,Listed Equity,1,DUNELM GROUP PLC,,GB00B1CKQ739,GB,5043,,,108951,0
Dec 31 2024,UniSuper,Balanced,Listed Equity,1,DUPONT DE NEMOURS INC,,US26614N1028,US,18157,,,2236039,0
Dec 31 2024,UniSuper,Balanced,Listed Equity,1,DYNATRACE INC,,US2681501092,US,4086,,,358687,0
Dec 31 2024,UniSuper,Balanced,Listed Equity,1,DYNE THERAPEUTICS,,US26818M1080,US,100220,,,3813594,0.0001
Dec 31 2024,UniSuper,Balanced,Listed Equity,1,E INK HOLDINGS INC,,TW0008069006,TW,640523,,,8614558,0.0002
Dec 31 2024,UniSuper,Balanced,Listed Equity,1,E-MART CO LTD,,KR7139480008,KR,485,,,33744,0
Dec 31 2024,UniSuper,Balanced,Listed Equity,1,EAGERS AUTOMOTIVE LIMITED ORDINARY FULLY PAID,,AU000000APE3,AU,30975,,,366739,0
Dec 31 2024,UniSuper,Balanced,Listed Equity,1,EAST JAPAN RAILWAY JPY,,JP3783600004,JP,123216,,,3539242,0.0001
Dec 31 2024,UniSuper,Balanced,Listed Equity,1,EAST WEST BANCORP INC,,US27579R1041,US,6092,,,942168,0
Dec 31 2024,UniSuper,Balanced,Listed Equity,1,EASTMAN CHEMICAL COM,,US2774321002,US,8376,,,1235434,0
Dec 31 2024,UniSuper,Balanced,Listed Equity,1,EATON CORPORATION PLC COM,,IE00B8KQN827,IE,12708,,,6811739,0.0001
Dec 31 2024,UniSuper,Balanced,Listed Equity,1,EBAY INC,,US2786421030,US,22200,,,2221294,0
Dec 31 2024,UniSuper,Balanced,Listed Equity,1,EBOS GROUP LTD,,NZEBOE0001S6,NZ,472906,,,16074082,0.0003
Dec 31 2024,UniSuper,Balanced,Listed Equity,1,ECOLAB LTD,,US2788651006,US,9316,,,3525805,0.0001
Dec 31 2024,UniSuper,Balanced,Listed Equity,1,EDENRED,,FR0010908533,FR,2949,,,156589,0
Dec 31 2024,UniSuper,Balanced,Listed Equity,1,EDGEWISE THERAPEUTICS INC,,US28036F1057,US,50871,,,2193722,0
Dec 31 2024,UniSuper,Balanced,Listed Equity,1,EDP RENOVAVEIS SA,,ES0127797019,ES,3556,,,59714,0
Dec 31 2024,UniSuper,Balanced,Listed Equity,1,EDWARDS LIFESCIENCES CORP,,US28176E1082,US,58048,,,6940585,0.0001
Dec 31 2024,UniSuper,Balanced,Listed Equity,1,EICHER MOTORS INR1,,INE066A01021,IN,3906,,,355326,0
Dec 31 2024,UniSuper,Balanced,Listed Equity,1,EIFFAGE INC,,FR0000130452,FR,837,,,118643,0
Dec 31 2024,UniSuper,Balanced,Listed Equity,1,EISAI CO LTD JPY,,JP3160400002,JP,4212,,,187380,0
Dec 31 2024,UniSuper,Balanced,Listed Equity,1,ELASTIC NV,,NL0013056914,NL,2175,,,348131,0
Dec 31 2024,UniSuper,Balanced,Listed Equity,1,ELBIT SYSTEMS LTD,,IL0010811243,IL,304,,,128530,0
Dec 31 2024,UniSuper,Balanced,Listed Equity,1,ELDERS LIMITED,,AU000000ELD6,AU,52896,,,378736,0
Dec 31 2024,UniSuper,Balanced,Listed Equity,1,ELECTRIC POWER DEVELOPMENT CO LTD,,JP3551200003,JP,42751,,,1130002,0
Dec 31 2024,UniSuper,Balanced,Listed Equity,1,ELECTROCOMPONENTS PLC,,GB0003096442,GB,16113,,,222124,0
Dec 31 2024,UniSuper,Balanced,Listed Equity,1,ELECTROLUX AB SER B NPV,,SE0016589188,SE,5464,,,73399,0
Dec 31 2024,UniSuper,Balanced,Listed Equity,1,ELECTRONIC ARTS INC,,US2855121099,US,15834,,,3741411,0.0001
Dec 31 2024,UniSuper,Balanced,Listed Equity,1,ELEMENT FINANCIAL CORP,,CA2861812014,CA,4463,,,145659,0
Dec 31 2024,UniSuper,Balanced,Listed Equity,1,ELEMENTIS PLC,,GB0002418548,GB,24476,,,71887,0
Dec 31 2024,UniSuper,Balanced,Listed Equity,1,ELEVANCE HEALTH INC,,US0367521038,US,20606,,,12277366,0.0002
Dec 31 2024,UniSuper,Balanced,Listed Equity,1,EMCOR GROUP INC,,US29084Q1004,US,672,,,492927,0
Dec 31 2024,UniSuper,Balanced,Listed Equity,1,EMECO HOLDINGS LTD,,AU000000EHL7,AU,158174,,,144729,0
Dec 31 2024,UniSuper,Balanced,Listed Equity,1,EMERALD RESOURCES NL ORDINARY FULLY PAID,,AU000000EMR4,AU,120276,,,390896,0
Dec 31 2024,UniSuper,Balanced,Listed Equity,1,EMERSON ELECTRIC CO,,US2910111044,US,20206,,,4044523,0.0001
Dec 31 2024,UniSuper,Balanced,Listed Equity,1,EMIRATES NBD BANK PJSC,,AEE000801010,AE,8039,,,75824,0
Dec 31 2024,UniSuper,Balanced,Listed Equity,1,EML PAYMENTS LIMITED,,AU000000EML7,AU,56456,,,47140,0
Dec 31 2024,UniSuper,Balanced,Listed Equity,1,EMPIRE CO LIMITED,,CA2918434077,CA,1257,,,61970,0
Dec 31 2024,UniSuper,Balanced,Listed Equity,1,EMS CHEMIE HLDS REG,,CH0016440353,CH,80,,,87007,0
Dec 31 2024,UniSuper,Balanced,Listed Equity,1,ENACT HLDGS INC COM,,US29249E1091,US,2018,,,105543,0
Dec 31 2024,UniSuper,Balanced,Listed Equity,1,ENDEAVOUR GROUP LIMITED ORDINARY FULLY PAID DEFERRED SETTLEMENT,,AU0000154833,AU,3952509,,,16600537,0.0003
Dec 31 2024,UniSuper,Balanced,Listed Equity,1,ENDEAVOUR MINING PLC,,GB00BL6K5J42,GB,2094,,,60358,0
Dec 31 2024,UniSuper,Balanced,Listed Equity,1,ENEOS HOLDINGS INC,,JP3386450005,JP,39181,,,332720,0
Dec 31 2024,UniSuper,Balanced,Listed Equity,1,ENI SPA,,IT0003132476,IT,32396,,,709237,0
Dec 31 2024,UniSuper,Balanced,Listed Equity,1,ENLIVEN THERAPEUTICS ORD SHS,,US29337E1029,US,105759,,,3843312,0.0001
Dec 31 2024,UniSuper,Balanced,Listed Equity,1,ENOMOTO ORD SHS,,JP3165800008,JP,1314,,,19387,0
Dec 31 2024,UniSuper,Balanced,Listed Equity,1,ENOVA INTERNATIONAL INC,,US29357K1034,US,630,,,97594,0
Dec 31 2024,UniSuper,Balanced,Listed Equity,1,ENPHASE ENERGY INC,,US29355A1079,US,20279,,,2249516,0
Dec 31 2024,UniSuper,Balanced,Listed Equity,1,ENTAIN PLC,,IM00B5VQMV65,IM,7281,,,101216,0
Dec 31 2024,UniSuper,Balanced,Listed Equity,1,ENTEGRIS INC,,US29362U1043,US,1823,,,291675,0
Dec 31 2024,UniSuper,Balanced,Listed Equity,1,EOG RESOURCES INC,,US26875P1012,US,20235,,,4006130,0.0001
Dec 31 2024,UniSuper,Balanced,Listed Equity,1,EPAM SYSTEMS INC,,US29414B1044,US,7647,,,2887867,0.0001
Dec 31 2024,UniSuper,Balanced,Listed Equity,1,EPIROC AB,,SE0015658109,SE,7929,,,223168,0
Dec 31 2024,UniSuper,Balanced,Listed Equity,1,EPIROC AB SER B NPV POST SPLIT,,SE0015658117,SE,4444,,,111987,0
Dec 31 2024,UniSuper,Balanced,Listed Equity,1,EQT AB,,SE0012853455,SE,4480,,,200438,0
Dec 31 2024,UniSuper,Balanced,Listed Equity,1,EQT CORPORATION,,US26884L1098,US,27817,,,2071621,0
Dec 31 2024,UniSuper,Balanced,Listed Equity,1,EQT HOLDINGS LIMITED,,AU000000EQT1,AU,9060,,,289917,0
Dec 31 2024,UniSuper,Balanced,Listed Equity,1,EQUIFAX INC,,US2944291051,US,5514,,,2269696,0
Dec 31 2024,UniSuper,Balanced,Listed Equity,1,EQUINOR ASA,,NO0010096985,NO,12050,,,454809,0
Dec 31 2024,UniSuper,Balanced,Listed Equity,1,EQUITABLE HOLDINGS INC,,US29452E1010,US,88607,,,6750532,0.0001
Dec 31 2024,UniSuper,Balanced,Listed Equity,1,ERICSSON LM - B SHS,,SE0000108656,SE,45133,,,592963,0
Dec 31 2024,UniSuper,Balanced,Listed Equity,1,ERICSSON TELEFON,,SE0000108649,SE,8172,,,107268,0
Dec 31 2024,UniSuper,Balanced,Listed Equity,1,ERIE INDEMNITY CO,,US29530P1021,US,1922,,,1279521,0
Dec 31 2024,UniSuper,Balanced,Listed Equity,1,ERSTE GROUP BANK AG,,AT0000652011,AT,5300,,,528786,0
Dec 31 2024,UniSuper,Balanced,Listed Equity,1,ESSENTRA PLC,,GB00B0744359,GB,12255,,,32971,0
Dec 31 2024,UniSuper,Balanced,Listed Equity,1,ESSILORLUXOTTICA,,FR0000121667,FR,3576,,,1409174,0
Dec 31 2024,UniSuper,Balanced,Listed Equity,1,ESSITY AB SER B NPV,,SE0009922164,SE,8732,,,377430,0
Dec 31 2024,UniSuper,Balanced,Listed Equity,1,ESTEE LAUDER COMPANIES,,US5184391044,US,12840,,,1554897,0
Dec 31 2024,UniSuper,Balanced,Listed Equity,1,ETSY INC,,US29786A1060,US,2749,,,234852,0
Dec 31 2024,UniSuper,Balanced,Listed Equity,1,EURAZEO,,FR0000121121,FR,521,,,62635,0
Dec 31 2024,UniSuper,Balanced,Listed Equity,1,EUROFINS SCIENTIFIC,,FR0014000MR3,FR,1540,,,126963,0
Dec 31 2024,UniSuper,Balanced,Listed Equity,1,EURONET WORLDWIDE INC,,US2987361092,US,883,,,146679,0
Dec 31 2024,UniSuper,Balanced,Listed Equity,1,EURONEXT NV,,NL0006294274,NL,915,,,165784,0
Dec 31 2024,UniSuper,Balanced,Listed Equity,1,EVERBRIGHT SECURITIES CO LTD,,CNE1000029M4,CN,115506,,,192130,0
Dec 31 2024,UniSuper,Balanced,Listed Equity,1,EVERCORE INC COM USD 0.01 CLASS A,,US29977A1051,US,1125,,,503879,0
Dec 31 2024,UniSuper,Balanced,Listed Equity,1,EVEREST GROUP LTD,,BMG3223R1088,BM,2603,,,1523827,0
Dec 31 2024,UniSuper,Balanced,Listed Equity,1,EVOLUTION AB,,SE0012673267,SE,2448,,,305217,0
Dec 31 2024,UniSuper,Balanced,Listed Equity,1,EVOLUTION MINING LIMITED,,AU000000EVN4,AU,4108705,,,19762872,0.0004
Dec 31 2024,UniSuper,Balanced,Listed Equity,1,EVONIK INDUSTRIES AG,,DE000EVNK013,DE,2921,,,81720,0
Dec 31 2024,UniSuper,Balanced,Listed Equity,1,EVS BROADCAST EQUIPMENT,,BE0003820371,BE,3674,,,190169,0
Dec 31 2024,UniSuper,Balanced,Listed Equity,1,EXACT SCIENCES CORP,,US30063P1057,US,2200,,,199678,0
Dec 31 2024,UniSuper,Balanced,Listed Equity,1,EXELIXIS INC,,US30161Q1040,US,110896,,,5964391,0.0001
Dec 31 2024,UniSuper,Balanced,Listed Equity,1,EXOR NV,,NL0012059018,NL,1196,,,177166,0
Dec 31 2024,UniSuper,Balanced,Listed Equity,1,EXPEDIA GROUP INC,,US30212P3038,US,6719,,,2021922,0
Dec 31 2024,UniSuper,Balanced,Listed Equity,1,EXPEDITORS INTL WASH INC,,US3021301094,US,8165,,,1460770,0
Dec 31 2024,UniSuper,Balanced,Listed Equity,1,EXPENSIFY INC A,,US30219Q1067,US,9232,,,49953,0
Dec 31 2024,UniSuper,Balanced,Listed Equity,1,EXPERIAN GROUP LTD,,GB00B19NLV48,GB,11065,,,771033,0
Dec 31 2024,UniSuper,Balanced,Listed Equity,1,EXTREME CO LTD,,JP3161270008,JP,3992,,,61369,0
Dec 31 2024,UniSuper,Balanced,Listed Equity,1,EXXON MOBIL CORPORATION,,US30231G1022,US,191900,,,33340419,0.0006
Dec 31 2024,UniSuper,Balanced,Listed Equity,1,F.C.C. CO LTD,,JP3166900005,JP,21495,,,705779,0
Dec 31 2024,UniSuper,Balanced,Listed Equity,1,F5 NETWORKS INC,,US3156161024,US,7777,,,3158610,0.0001
Dec 31 2024,UniSuper,Balanced,Listed Equity,1,FABRINET,,KYG3323L1005,KY,5589,,,1984931,0
Dec 31 2024,UniSuper,Balanced,Listed Equity,1,FACTSET RESEARCH SYSTEMS INC,,US3030751057,US,2077,,,1611515,0
Dec 31 2024,UniSuper,Balanced,Listed Equity,1,FAIR ISAAC CORPORATION,,US3032501047,US,3677,,,11825073,0.0002
Dec 31 2024,UniSuper,Balanced,Listed Equity,1,FAIRFAX FINL HOLDINGS LTD CAD,,CA3039011026,CA,251,,,564773,0
Dec 31 2024,UniSuper,Balanced,Listed Equity,1,FANUC CORP NPV,,JP3802400006,JP,53552,,,2297702,0
Dec 31 2024,UniSuper,Balanced,Listed Equity,1,FAR EAST SMARTER ENERGY CO A,,CNE000000HQ7,CN,56126,,,58990,0
Dec 31 2024,UniSuper,Balanced,Listed Equity,1,FAST RETAILING CO LTD,,JP3802300008,JP,2326,,,1286491,0
Dec 31 2024,UniSuper,Balanced,Listed Equity,1,FASTENAL CO,,US3119001044,US,22753,,,2642652,0.0001
Dec 31 2024,UniSuper,Balanced,Listed Equity,1,FBD HOLDINGS PLC,,IE0003290289,IE,2617,,,55363,0
Dec 31 2024,UniSuper,Balanced,Listed Equity,1,FDXEX CORP COM,,US31428X1063,US,58296,,,26488802,0.0005
Dec 31 2024,UniSuper,Balanced,Listed Equity,1,FEDERAL BANK LTD,,INE171A01029,IN,509342,,,1921958,0
Dec 31 2024,UniSuper,Balanced,Listed Equity,1,FEDERATED HERMES COM NPV CLASS B,,US3142111034,US,1999,,,132750,0
Dec 31 2024,UniSuper,Balanced,Listed Equity,1,FERGUSON ENTERPRISES INC,,US31488V1070,US,2389,,,669671,0
Dec 31 2024,UniSuper,Balanced,Listed Equity,1,FERRARI NV COM,,NL0011585146,NL,1517,,,1046235,0
Dec 31 2024,UniSuper,Balanced,Listed Equity,1,FERREXPO PLC,,GB00B1XH2C03,GB,10938,,,23409,0
Dec 31 2024,UniSuper,Balanced,Listed Equity,1,FERROVIAL SE EUR0.01,,NL0015001FS8,NL,5822,,,395310,0
Dec 31 2024,UniSuper,Balanced,Listed Equity,1,FIDELITY NATIONAL INFORMATION SERVICES INC,,US31620M1062,US,44606,,,5819015,0.0001
Dec 31 2024,UniSuper,Balanced,Listed Equity,1,FIDELITY NATL FINL FNF GROUP,,US31620R3030,US,3143,,,285001,0
Dec 31 2024,UniSuper,Balanced,Listed Equity,1,FIH MOBILE LTD COM USD0.04,,KYG3472Y1017,KY,454245,,,86891,0
Dec 31 2024,UniSuper,Balanced,Listed Equity,1,FILA HOLDINGS CORP,,KR7081660003,KR,1164,,,51465,0
Dec 31 2024,UniSuper,Balanced,Listed Equity,1,FINANCIAL PRODUCTS GROUP CO LTD,,JP3166990006,JP,1523,,,45299,0
Dec 31 2024,UniSuper,Balanced,Listed Equity,1,FINECOBANK BANCO FINECO SPA,,IT0000072170,IT,7351,,,206427,0
Dec 31 2024,UniSuper,Balanced,Listed Equity,1,FINEOS CORPORATION HOLDINGS PLC,,AU0000054322,AU,1046615,,,1925772,0
Dec 31 2024,UniSuper,Balanced,Listed Equity,1,FIRAN TECHNOLOGY GROUP CORP,,CA3180931014,CA,4296,,,35173,0
Dec 31 2024,UniSuper,Balanced,Listed Equity,1,FIRST ABU DHABI BANK PJSC,,AEN000101016,AE,26198,,,158280,0
Dec 31 2024,UniSuper,Balanced,Listed Equity,1,FIRST BANCORP PUERTO RICO,,PR3186727065,PR,40448,,,1214463,0
Dec 31 2024,UniSuper,Balanced,Listed Equity,1,FIRST CITIZENS BCSHS - CL A,,US31946M1036,US,126,,,429079,0
Dec 31 2024,UniSuper,Balanced,Listed Equity,1,FIRST HAWAIIAN INC,,US32051X1081,US,4094,,,171597,0
Dec 31 2024,UniSuper,Balanced,Listed Equity,1,FIRST INTERNATIONAL BANK OF ISRAEL LTD,,IL0005930388,IL,3274,,,260388,0
Dec 31 2024,UniSuper,Balanced,Listed Equity,1,FIRST QUANTUM MINERALS LTD,,CA3359341052,CA,8549,,,177909,0
Dec 31 2024,UniSuper,Balanced,Listed Equity,1,FIRST SOLAR INC,,US3364331070,US,12914,,,3675856,0.0001
Dec 31 2024,UniSuper,Balanced,Listed Equity,1,FIRSTGROUP PLC,,GB0003452173,GB,22778,,,74042,0
Dec 31 2024,UniSuper,Balanced,Listed Equity,1,FIRSTRAND LTD,,ZAE000066304,ZA,11184,,,72712,0
Dec 31 2024,UniSuper,Balanced,Listed Equity,1,FISERV INC COM,,US3377381088,US,32535,,,10794228,0.0002
Dec 31 2024,UniSuper,Balanced,Listed Equity,1,FISHER & PAYKEL HEALTHCARE,,NZFAPE0001S2,NZ,56805,,,1985322,0
Dec 31 2024,UniSuper,Balanced,Listed Equity,1,FISHER & PAYKEL HEALTHCARE CORPORATION LTD,,NZFAPE0001S2,NZ,7052,,,245037,0
Dec 31 2024,UniSuper,Balanced,Listed Equity,1,FIVERR INTERNATIONAL LTD,,IL0011582033,IL,8690,,,445323,0
Dec 31 2024,UniSuper,Balanced,Listed Equity,1,FLEETPARTNERS GROUP LIMITED ORDINARY FULLY PAID,,AU0000272924,AU,34889,,,93852,0
Dec 31 2024,UniSuper,Balanced,Listed Equity,1,FLETCHER BUILDING LIMITED,,NZFBUE0001S0,NZ,6685074,,,17046938,0.0003
Dec 31 2024,UniSuper,Balanced,Listed Equity,1,FLEX LTD COM,,SG9999000020,SG,127967,,,7934538,0.0002
Dec 31 2024,UniSuper,Balanced,Listed Equity,1,FLIGHT CENTRE TRAVEL GROUP LIMITED,,AU000000FLT9,AU,19345,,,322672,0
Dec 31 2024,UniSuper,Balanced,Listed Equity,1,FLOWERS FOODS INC,,US3434981011,US,5670,,,189204,0
Dec 31 2024,UniSuper,Balanced,Listed Equity,1,FLUIDRA SA,,ES0137650018,ES,25748,,,1012835,0
Dec 31 2024,UniSuper,Balanced,Listed Equity,1,FLUTTER ENTERTAINM ORD,,IE00BWT6H894,IE,24889,,,10431621,0.0002
Dec 31 2024,UniSuper,Balanced,Listed Equity,1,FLUTTER ENTERTAINMENT ORD SHS,,IE00BWT6H894,IE,2122,,,885633,0
Dec 31 2024,UniSuper,Balanced,Listed Equity,1,FMC CORP,,US3024913036,US,10675,,,838127,0
Dec 31 2024,UniSuper,Balanced,Listed Equity,1,FOOD & LIFE COMPANIES LTD,,JP3397150008,JP,3135,,,107726,0
Dec 31 2024,UniSuper,Balanced,Listed Equity,1,FOOT LOCKER INC,,US3448491049,US,2086,,,73319,0
Dec 31 2024,UniSuper,Balanced,Listed Equity,1,FORD MOTOR COMPANY,,US3453708600,US,160181,,,2561236,0
Dec 31 2024,UniSuper,Balanced,Listed Equity,1,FORESIGHT GROUP HOLDINGS LTD,,GG00BMD8MJ76,GG,2994,,,24891,0
Dec 31 2024,UniSuper,Balanced,Listed Equity,1,FORTESCUE METALS GROUP LTD,,AU000000FMG4,AU,4280971,,,78127717,0.0015
Dec 31 2024,UniSuper,Balanced,Listed Equity,1,FORTINET INC COM,,US34959E1091,US,94683,,,14448202,0.0003
Dec 31 2024,UniSuper,Balanced,Listed Equity,1,FORTIVE CORP,,US34959J1088,US,16622,,,2013493,0
Dec 31 2024,UniSuper,Balanced,Listed Equity,1,FORTNOX AB,,SE0017161243,SE,4952,,,52189,0
Dec 31 2024,UniSuper,Balanced,Listed Equity,1,FORTUNA MINING COR COM NPV,,CA3499421020,CA,9274,,,64259,0
Dec 31 2024,UniSuper,Balanced,Listed Equity,1,FORTUNE BRANDS HOME AND SECURITY,,US34964C1062,US,1509,,,166505,0
Dec 31 2024,UniSuper,Balanced,Listed Equity,1,FOSCHINI GP ZAR,,ZAE000148466,ZA,8085,,,116263,0
Dec 31 2024,UniSuper,Balanced,Listed Equity,1,FOSSIL GROUP INC,,US34988V1061,US,20925,,,56439,0
Dec 31 2024,UniSuper,Balanced,Listed Equity,1,FOX CORP,,US35137L1052,US,13745,,,1078474,0
Dec 31 2024,UniSuper,Balanced,Listed Equity,1,FOX CORP COM,,US35137L2043,US,8131,,,600657,0
Dec 31 2024,UniSuper,Balanced,Listed Equity,1,FOXSEMICON INTEGRATED TECHNOLOGY INC,,TW0003413001,TW,47468,,,710902,0
Dec 31 2024,UniSuper,Balanced,Listed Equity,1,FRANCO NEVADA CORP,,CA3518581051,CA,3142,,,596211,0
Dec 31 2024,UniSuper,Balanced,Listed Equity,1,FRANKLIN RESOURCES INC,,US3546131018,US,30063,,,985183,0
Dec 31 2024,UniSuper,Balanced,Listed Equity,1,FRASERS GROUP PLC,,GB00B1QH8P22,GB,5213,,,64217,0
Dec 31 2024,UniSuper,Balanced,Listed Equity,1,FREAKOUT HOLDINGS INC,,JP3826550000,JP,2476,,,15953,0
Dec 31 2024,UniSuper,Balanced,Listed Equity,1,FREEPORT  MCMORAN INC,,US35671D8570,US,450505,,,27707718,0.0005
Dec 31 2024,UniSuper,Balanced,Listed Equity,1,FREIGHTWAYS GROUP LTD,,NZFREE0001S0,NZ,12076,,,116269,0
Dec 31 2024,UniSuper,Balanced,Listed Equity,1,FRESENIUS MEDICAL CARE AG & CO,,DE0005785802,DE,2340,,,172852,0
Dec 31 2024,UniSuper,Balanced,Listed Equity,1,FRESENIUS SE CO KGAA,,DE0005785604,DE,5083,,,285100,0
Dec 31 2024,UniSuper,Balanced,Listed Equity,1,FRESHWORKS ORD SHS CLASS A,,US3580541049,US,3717,,,97086,0
Dec 31 2024,UniSuper,Balanced,Listed Equity,1,FRONTDOOR INC,,US35905A1097,US,6405,,,565595,0
Dec 31 2024,UniSuper,Balanced,Listed Equity,1,FTAC OLYMPUS ACQUISITION CORP,,US70451X1046,US,7118,,,115430,0
Dec 31 2024,UniSuper,Balanced,Listed Equity,1,FUFENG GROUP LTD,,KYG368441195,KY,35825,,,40819,0
Dec 31 2024,UniSuper,Balanced,Listed Equity,1,FUJI ELECTRIC CO LTD,,JP3820000002,JP,1446,,,127163,0
Dec 31 2024,UniSuper,Balanced,Listed Equity,1,FUJI FILM HOLDINGS CORP,,JP3814000000,JP,99603,,,3387130,0.0001
Dec 31 2024,UniSuper,Balanced,Listed Equity,1,FUJIAN ANJOY FOODS CO LTD,,CNE100002YQ7,CN,354727,,,6395459,0.0001
Dec 31 2024,UniSuper,Balanced,Listed Equity,1,FUJIAN FOXIT SOFTWARE DEVELOPMENT JOINT STOCK ORD SHS A,,CNE100004348,CN,27004,,,401299,0
Dec 31 2024,UniSuper,Balanced,Listed Equity,1,FUJIKURA LIMITED,,JP3811000003,JP,3772,,,253817,0
Dec 31 2024,UniSuper,Balanced,Listed Equity,1,FUJITSU JPY,,JP3818000006,JP,115970,,,3336486,0.0001
Dec 31 2024,UniSuper,Balanced,Listed Equity,1,FUKUDA DENSHI CO LTD,,JP3806000000,JP,119,,,8922,0
Dec 31 2024,UniSuper,Balanced,Listed Equity,1,FURUKAWA ELECTRIC NPV,,JP3827200001,JP,13524,,,929105,0
Dec 31 2024,UniSuper,Balanced,Listed Equity,1,FUTU HOLDINGS LTD,,US36118L1061,US,629,,,81216,0
Dec 31 2024,UniSuper,Balanced,Listed Equity,1,FUTURE PLC,,GB00BYZN9041,GB,3650,,,68439,0
Dec 31 2024,UniSuper,Balanced,Listed Equity,1,G-III APPAREL GROUP LIMITED,,US36237H1014,US,21496,,,1132494,0
Dec 31 2024,UniSuper,Balanced,Listed Equity,1,GALAXY ENTERTAINMENT GROUP LIMITED,,HK0027032686,HK,1983797,,,13611588,0.0003
Dec 31 2024,UniSuper,Balanced,Listed Equity,1,GALDERMA GROUP N ORD SHS,,CH1335392721,CH,913,,,163829,0
Dec 31 2024,UniSuper,Balanced,Listed Equity,1,GALP ENERGIA SGPS SA-B SHRS,,PTGAL0AM0009,PT,5592,,,149163,0
Dec 31 2024,UniSuper,Balanced,Listed Equity,1,GAMEVIL INC,,KR7063080006,KR,2220,,,82208,0
Dec 31 2024,UniSuper,Balanced,Listed Equity,1,GAP INC COM STK USD0.05,,US3647601083,US,103235,,,3939988,0.0001
Dec 31 2024,UniSuper,Balanced,Listed Equity,1,GARMIN ORD,,CH0114405324,CH,6651,,,2215793,0
Dec 31 2024,UniSuper,Balanced,Listed Equity,1,GARTNER INC CL-A,,US3666511072,US,23207,,,18159209,0.0003
Dec 31 2024,UniSuper,Balanced,Listed Equity,1,GE AEROSPACE,,US3696043013,US,53596,,,14437912,0.0003
Dec 31 2024,UniSuper,Balanced,Listed Equity,1,GE HEALTHCARE HOLDING LLC,,US36266G1076,US,19148,,,2417792,0
Dec 31 2024,UniSuper,Balanced,Listed Equity,1,GE VERNOVA ORS SHS,,US36828A1016,US,9280,,,4930358,0.0001
Dec 31 2024,UniSuper,Balanced,Listed Equity,1,GEA GROUP AG,,DE0006602006,DE,1768,,,141377,0
Dec 31 2024,UniSuper,Balanced,Listed Equity,1,GEBERIT AG-REG,,CH0030170408,CH,402,,,368982,0
Dec 31 2024,UniSuper,Balanced,Listed Equity,1,GEELY AUTOMOBILE HOLDINGS LIMITED,,KYG3777B1032,KY,135414,,,417264,0
Dec 31 2024,UniSuper,Balanced,Listed Equity,1,GENERAC HOLDINGS INC,,US3687361044,US,9083,,,2274725,0
Dec 31 2024,UniSuper,Balanced,Listed Equity,1,GENERAL DYNAMICS CORP,,US3695501086,US,8990,,,3825945,0.0001
Dec 31 2024,UniSuper,Balanced,Listed Equity,1,GENERAL INTERFACE SOLUTION HOLDING LTD,,KYG3808R1011,KY,150763,,,375821,0
Dec 31 2024,UniSuper,Balanced,Listed Equity,1,GENERAL MILLS INC,,US3703341046,US,23628,,,2433610,0
Dec 31 2024,UniSuper,Balanced,Listed Equity,1,GENERAL MOTORS CO,,US37045V1008,US,46622,,,4011241,0.0001
Dec 31 2024,UniSuper,Balanced,Listed Equity,1,GENERALI,,IT0000062072,IT,15316,,,698508,0
Dec 31 2024,UniSuper,Balanced,Listed Equity,1,GENESCO INC,,US3715321028,US,4604,,,317916,0
Dec 31 2024,UniSuper,Balanced,Listed Equity,1,GENESIS MINERALS LTD,,AU000000GMD9,AU,1482575,,,3661959,0.0001
Dec 31 2024,UniSuper,Balanced,Listed Equity,1,GENMAB AS,,DK0010272202,DK,756,,,253136,0
Dec 31 2024,UniSuper,Balanced,Listed Equity,1,GENTERA SAB DE CV,,MX01GE0E0004,MX,428292,,,808422,0
Dec 31 2024,UniSuper,Balanced,Listed Equity,1,GENTING SINGAPORE LTD,,SGXE21576413,SG,68898,,,62402,0
Dec 31 2024,UniSuper,Balanced,Listed Equity,1,GENTRACK GROUP LIMITED ORDINARY FULLY PAID,,NZGTKE0002S9,NZ,180223,,,2088782,0
Dec 31 2024,UniSuper,Balanced,Listed Equity,1,GENUINE PARTS CO USD,,US3724601055,US,8077,,,1523117,0
Dec 31 2024,UniSuper,Balanced,Listed Equity,1,GENUIT GROUP PLC,,GB00BKRC5K31,GB,8870,,,69883,0
Dec 31 2024,UniSuper,Balanced,Listed Equity,1,GENUS PLC,,GB0002074580,GB,2119,,,66445,0
Dec 31 2024,UniSuper,Balanced,Listed Equity,1,GENUSPLUS GROUP LTD ORDINARY FULLY PAID,,AU0000117160,AU,35594,,,93255,0
Dec 31 2024,UniSuper,Balanced,Listed Equity,1,GENWORTH FINANCIAL-A,,US37247D1063,US,10880,,,122828,0
Dec 31 2024,UniSuper,Balanced,Listed Equity,1,GEORGE WESTON LTD,,CA9611485090,CA,691,,,173593,0
Dec 31 2024,UniSuper,Balanced,Listed Equity,1,GERON CORP,,US3741631036,US,218195,,,1247535,0
Dec 31 2024,UniSuper,Balanced,Listed Equity,1,GETINGE AB-B,,SE0000202624,SE,2606,,,69167,0
Dec 31 2024,UniSuper,Balanced,Listed Equity,1,GFL ENVIRONMENTAL INC,,CA36168Q1046,CA,2515,,,180953,0
Dec 31 2024,UniSuper,Balanced,Listed Equity,1,GILDAN ACTIVEWEAR INC,,CA3759161035,CA,1760,,,133724,0
Dec 31 2024,UniSuper,Balanced,Listed Equity,1,GILEAD SCIENCES INC,,US3755581036,US,58110,,,8669356,0.0002
Dec 31 2024,UniSuper,Balanced,Listed Equity,1,GIVAUDAN - REG,,CH0010645932,CH,111,,,786468,0
Dec 31 2024,UniSuper,Balanced,Listed Equity,1,GJENSIDIGE FORSIKR NOK,,NO0010582521,NO,1777,,,50798,0
Dec 31 2024,UniSuper,Balanced,Listed Equity,1,GLOBAL E ONLINE ORD,,IL0011741688,IL,219999,,,19375797,0.0004
Dec 31 2024,UniSuper,Balanced,Listed Equity,1,GLOBAL PAYMENTS INC,,US37940X1028,US,12300,,,2226145,0
Dec 31 2024,UniSuper,Balanced,Listed Equity,1,GLOBE LIFE INC,,US37959E1029,US,12612,,,2271603,0
Dec 31 2024,UniSuper,Balanced,Listed Equity,1,GLOBUS MEDICAL INC,,US3795772082,US,52032,,,6950743,0.0001
Dec 31 2024,UniSuper,Balanced,Listed Equity,1,GMO INTERNET GROUP INC,,JP3152750000,JP,1702,,,46868,0
Dec 31 2024,UniSuper,Balanced,Listed Equity,1,GODADDY INC,,US3802371076,US,42787,,,13639405,0.0003
Dec 31 2024,UniSuper,Balanced,Listed Equity,1,GODREJ CONSUMER PRODUCTS LTD,,INE102D01028,IN,20111,,,410533,0
Dec 31 2024,UniSuper,Balanced,Listed Equity,1,GOKURAKUYU HOLDINGS CO LTD,,JP3387850005,JP,8034,,,38062,0
Dec 31 2024,UniSuper,Balanced,Listed Equity,1,GOLD ROAD RESOURCES LTD,,AU000000GOR5,AU,22750984,,,46639518,0.0009
Dec 31 2024,UniSuper,Balanced,Listed Equity,1,GOLDEN AGRI-RESOURCE LTD,,MU0117U00026,MU,146374,,,45924,0
Dec 31 2024,UniSuper,Balanced,Listed Equity,1,GOLDEN OCEAN GROUP LTD,,BMG396372051,BM,36506,,,517586,0
Dec 31 2024,UniSuper,Balanced,Listed Equity,1,GOLDMAN SACHS GROUP INC.,,US38141G1040,US,47703,,,44118423,0.0008
Dec 31 2024,UniSuper,Balanced,Listed Equity,1,GOODWIN ORD SHS,,GB0003781050,GB,173,,,27430,0
Dec 31 2024,UniSuper,Balanced,Listed Equity,1,GOOSEHEAD INSURANCE INC,,US38267D1090,US,573,,,99159,0
Dec 31 2024,UniSuper,Balanced,Listed Equity,1,GPE BRUXELLES LAM NPV,,BE0003797140,BE,1003,,,110830,0
Dec 31 2024,UniSuper,Balanced,Listed Equity,1,GQG PARTNERS INC,,AU0000180499,AU,4549113,,,9416663,0.0002
Dec 31 2024,UniSuper,Balanced,Listed Equity,1,GRAB HOLDINGS LTD,,KYG4124C1096,KY,28604,,,218056,0
Dec 31 2024,UniSuper,Balanced,Listed Equity,1,GRACO INC,,US3841091040,US,2012,,,273860,0
Dec 31 2024,UniSuper,Balanced,Listed Equity,1,GRAFTON GROUP UT 1 ORD 1C ORD AND 17A ORD,,IE00B00MZ448,IE,7149,,,138777,0
Dec 31 2024,UniSuper,Balanced,Listed Equity,1,GRAINCORP LIMITED,,AU000000GNC9,AU,38784,,,284677,0
Dec 31 2024,UniSuper,Balanced,Listed Equity,1,GRAINGER W W INC,,US3848021040,US,1716,,,2921469,0.0001
Dec 31 2024,UniSuper,Balanced,Listed Equity,1,GRANITE CONSTRUCTION INC,,US3873281071,US,1058,,,149882,0
Dec 31 2024,UniSuper,Balanced,Listed Equity,1,GREAT WALL MOTOR COMPANY H,,CNE100000338,CN,535847,,,1521911,0
Dec 31 2024,UniSuper,Balanced,Listed Equity,1,GREAT WEST LIFECO,,CA39138C1068,CA,3206,,,171632,0
Dec 31 2024,UniSuper,Balanced,Listed Equity,1,GREATLAND GOLD PLC,,GB00B15XDH89,GB,67008653,,,8620554,0.0002
Dec 31 2024,UniSuper,Balanced,Listed Equity,1,GREENCORE GROUP PLC,,IE0003864109,IE,17809,,,69812,0
Dec 31 2024,UniSuper,Balanced,Listed Equity,1,GREGGS PLC,,GB00B63QSB39,GB,4272,,,240722,0
Dec 31 2024,UniSuper,Balanced,Listed Equity,1,GRIFFON CORPORATION,,US3984331021,US,907,,,104366,0
Dec 31 2024,UniSuper,Balanced,Listed Equity,1,GRIFOLS SA,,ES0171996087,ES,2652,,,40568,0
Dec 31 2024,UniSuper,Balanced,Listed Equity,1,GRUPO CATALANA OCCIDENTE SA,,ES0116920333,ES,962,,,57735,0
Dec 31 2024,UniSuper,Balanced,Listed Equity,1,GSK PLC,,GB00BN7SWP63,GB,49872,,,1358351,0
Dec 31 2024,UniSuper,Balanced,Listed Equity,1,GUANGDONG LINGXIAO PUMP INA,,CNE100002MZ3,CN,104623,,,422952,0
Dec 31 2024,UniSuper,Balanced,Listed Equity,1,GUANGDONG TCL SMART HOME APPLIANCES ORD SHS A,,CNE100001D05,CN,43945,,,127577,0
Dec 31 2024,UniSuper,Balanced,Listed Equity,1,GUANGDONG VANWARD NEW ELECTRIC ORD SHS A,,CNE100000ZT2,CN,111562,,,252780,0
Dec 31 2024,UniSuper,Balanced,Listed Equity,1,GUANGSHEN RAILWAY CO LTD,,CNE100000379,CN,607344,,,272763,0
Dec 31 2024,UniSuper,Balanced,Listed Equity,1,GUANGZHO GUANGRI STOCK ORD SHS A,,CNE000000JS9,CN,217560,,,702841,0
Dec 31 2024,UniSuper,Balanced,Listed Equity,1,GUANGZHOU AUTOMOBILE GROUP,,CNE100000Q35,CN,1249047,,,885586,0
Dec 31 2024,UniSuper,Balanced,Listed Equity,1,GUIDEWIRE SOFTWARE INC,,US40171V1008,US,12858,,,3500888,0.0001
Dec 31 2024,UniSuper,Balanced,Listed Equity,1,GUODIAN NANJING AUTOMATION ORD SHS A,,CNE0000010S3,CN,335050,,,498201,0
Dec 31 2024,UniSuper,Balanced,Listed Equity,1,GUOSHENG FINANCIAL HOLDING INC,,CNE100001D21,CN,208202,,,603046,0
Dec 31 2024,UniSuper,Balanced,Listed Equity,1,GUOTAI JUNAN SECURITIES CO LTD,,CNE1000022F3,CN,90596,,,373865,0
Dec 31 2024,UniSuper,Balanced,Listed Equity,1,GUZMAN Y GOMEZ ORD SHS,,AU0000336679,AU,81710,,,3314986,0.0001
Dec 31 2024,UniSuper,Balanced,Listed Equity,1,GWA GROUP LIMITED,,AU000000GWA4,AU,47202,,,114229,0
Dec 31 2024,UniSuper,Balanced,Listed Equity,1,H & R BLOCK INCORPORATED,,US0936711052,US,19002,,,1621642,0
Dec 31 2024,UniSuper,Balanced,Listed Equity,1,H LUNDBECK A S SER B DKK1,,DK0061804770,DK,391448,,,3627520,0.0001
Dec 31 2024,UniSuper,Balanced,Listed Equity,1,HAIDILAO INTERNATIONAL HOLDING LTD,,KYG4290A1013,KY,273861,,,905366,0
Dec 31 2024,UniSuper,Balanced,Listed Equity,1,HAIER SMART HOME ADR,,US40523H1068,US,4514,,,102072,0
Dec 31 2024,UniSuper,Balanced,Listed Equity,1,HAITIAN INTERNATIONAL HOLDINGS LTD,,KYG4232C1087,KY,16169,,,70935,0
Dec 31 2024,UniSuper,Balanced,Listed Equity,1,HALEON PLC,,GB00BMX86B70,GB,7152042,,,54598305,0.001
Dec 31 2024,UniSuper,Balanced,Listed Equity,1,HALLIBURTON CO,,US4062161017,US,42799,,,1879525,0
Dec 31 2024,UniSuper,Balanced,Listed Equity,1,HALMA PLC,,GB0004052071,GB,4568,,,248446,0
Dec 31 2024,UniSuper,Balanced,Listed Equity,1,HALOZYME THERAPEUTICS INC,,US40637H1095,US,2988,,,230714,0
Dec 31 2024,UniSuper,Balanced,Listed Equity,1,HAMAT GROUP LTD,,IL0003840167,IL,10075,,,76593,0
Dec 31 2024,UniSuper,Balanced,Listed Equity,1,HAMILTON LANE INC,,US4074971064,US,829,,,198240,0
Dec 31 2024,UniSuper,Balanced,Listed Equity,1,HANA FINANCIAL GROUP,,KR7086790003,KR,75838,,,4725919,0.0001
Dec 31 2024,UniSuper,Balanced,Listed Equity,1,HANESBRANDS INC,,US4103451021,US,125353,,,1648027,0
Dec 31 2024,UniSuper,Balanced,Listed Equity,1,HANG SENG BANK,,HK0011000095,HK,9052,,,179842,0
Dec 31 2024,UniSuper,Balanced,Listed Equity,1,HANKYU HANSHIN HOLDINGS NPV,,JP3774200004,JP,2577,,,109050,0
Dec 31 2024,UniSuper,Balanced,Listed Equity,1,HANNOVER RUECK SE,,DE0008402215,DE,725,,,292885,0
Dec 31 2024,UniSuper,Balanced,Listed Equity,1,HANSEN TECHNOLOGIES LIMITED,,AU000000HSN3,AU,42959,,,229828,0
Dec 31 2024,UniSuper,Balanced,Listed Equity,1,HANWA CO LTD,,JP3777800008,JP,687,,,35142,0
Dec 31 2024,UniSuper,Balanced,Listed Equity,1,HAREL INSURANCE INVESTMENTS AND FINANCIAL SERVICES LTD,,IL0005850180,IL,2926,,,65363,0
Dec 31 2024,UniSuper,Balanced,Listed Equity,1,HARGREAVES LANSDOWN PLC,,GB00B1VZ0M25,GB,4054,,,90041,0
Dec 31 2024,UniSuper,Balanced,Listed Equity,1,HARTFORD FINANCIAL SERVICES GROUP INC,,US4165151048,US,27927,,,4934506,0.0001
Dec 31 2024,UniSuper,Balanced,Listed Equity,1,HARVEY NORMAN HOLDINGS LTD,,AU000000HVN7,AU,429653,,,2006480,0
Dec 31 2024,UniSuper,Balanced,Listed Equity,1,HASBRO INC,,US4180561072,US,9632,,,869771,0
Dec 31 2024,UniSuper,Balanced,Listed Equity,1,HASHICORP INC,,US4181001037,US,3481,,,192353,0
Dec 31 2024,UniSuper,Balanced,Listed Equity,1,HAVAS NV,,NL0015002AH0,NL,8216,,,22292,0
Dec 31 2024,UniSuper,Balanced,Listed Equity,1,HAVELLS INDIA LTD,,INE176B01034,IN,20174,,,637529,0
Dec 31 2024,UniSuper,Balanced,Listed Equity,1,HAYS PLC,,GB0004161021,GB,56894,,,92470,0
Dec 31 2024,UniSuper,Balanced,Listed Equity,1,HAYWARD HOLDINGS INC,,US4212981009,US,2906,,,71771,0
Dec 31 2024,UniSuper,Balanced,Listed Equity,1,HD HYUNDAI HEAVY INDUSTRIES CO LTD,,KR7329180004,KR,2457,,,775040,0
Dec 31 2024,UniSuper,Balanced,Listed Equity,1,HD HYUNDAI MARINE SOLUTION C,,KR7443060009,KR,5036,,,891765,0
Dec 31 2024,UniSuper,Balanced,Listed Equity,1,HDFC ASSET MANAGEMENT COMPANY LTD,,INE127D01025,IN,4365,,,345782,0
Dec 31 2024,UniSuper,Balanced,Listed Equity,1,HDFC BANK INR1,,INE040A01034,IN,1094881,,,36618399,0.0007
Dec 31 2024,UniSuper,Balanced,Listed Equity,1,HDFC LIFE INSURANCE CO LTD,,INE795G01014,IN,127479,,,1483950,0
Dec 31 2024,UniSuper,Balanced,Listed Equity,1,HDHYUNDAI MARINE ENGINE,,KR7071970008,KR,1302,,,34928,0
Dec 31 2024,UniSuper,Balanced,Listed Equity,1,HEALIUS LTD ORDINARY FULLY PAID,,AU0000033359,AU,2442775,,,3346602,0.0001
Dec 31 2024,UniSuper,Balanced,Listed Equity,1,HEICO CORP,,US4228062083,US,8342,,,2506971,0
Dec 31 2024,UniSuper,Balanced,Listed Equity,1,HEICO CORP COM,,US4228061093,US,1205,,,462788,0
Dec 31 2024,UniSuper,Balanced,Listed Equity,1,HEIDELBERGCEMENT AG,,DE0006047004,DE,1951,,,389240,0
Dec 31 2024,UniSuper,Balanced,Listed Equity,1,HEINEKEN HOLDING NV,,NL0000008977,NL,2152,,,208253,0
Dec 31 2024,UniSuper,Balanced,Listed Equity,1,HEINEKEN NV,,NL0000009165,NL,3465,,,398125,0
Dec 31 2024,UniSuper,Balanced,Listed Equity,1,HELIA GROUP LIMITED ORDINARY FULLY PAID,,AU0000251498,AU,61011,,,272721,0
Dec 31 2024,UniSuper,Balanced,Listed Equity,1,HELLO GROUP INC,,US4234031049,US,3488,,,43433,0
Dec 31 2024,UniSuper,Balanced,Listed Equity,1,HELLOWORLD TRAVEL LIMITED,,AU000000HLO6,AU,39883,,,77971,0
Dec 31 2024,UniSuper,Balanced,Listed Equity,1,HEMNET GROUP AB,,SE0015671995,SE,2180,,,107052,0
Dec 31 2024,UniSuper,Balanced,Listed Equity,1,HENAN PINGGAO ELECTRIC CO LTD,,CNE000001774,CN,435690,,,1850993,0
Dec 31 2024,UniSuper,Balanced,Listed Equity,1,HENGDIAN GROUP TOSPO LIGHTING CO LTD,,CNE100002Y33,CN,121035,,,315221,0
Dec 31 2024,UniSuper,Balanced,Listed Equity,1,HENKEL AG & CO KGAA,,DE0006048408,DE,1184,,,147369,0
Dec 31 2024,UniSuper,Balanced,Listed Equity,1,HENKEL AG & CO KGAA NON VTG PREF,,DE0006048432,DE,2036,,,288435,0
Dec 31 2024,UniSuper,Balanced,Listed Equity,1,HENNES & MAURITZ,,SE0000106270,SE,6816,,,148545,0
Dec 31 2024,UniSuper,Balanced,Listed Equity,1,HENRY SCHEIN CORP COM,,US8064071025,US,10127,,,1131807,0
Dec 31 2024,UniSuper,Balanced,Listed Equity,1,HERMES INTERNATIONAL,,FR0000052292,FR,381,,,1479409,0
Dec 31 2024,UniSuper,Balanced,Listed Equity,1,HESS CORP,,US42809H1077,US,11457,,,2461347,0
Dec 31 2024,UniSuper,Balanced,Listed Equity,1,HEWLETT PACKARD CO,,US40434L1052,US,115055,,,6063543,0.0001
Dec 31 2024,UniSuper,Balanced,Listed Equity,1,HEWLETT PACKARD ENTERPRISE CO,,US42824C1099,US,151158,,,5212361,0.0001
Dec 31 2024,UniSuper,Balanced,Listed Equity,1,HEXAGON AB,,SE0015961909,SE,24980,,,385593,0
Dec 31 2024,UniSuper,Balanced,Listed Equity,1,HEXCEL CORP,,US4282911084,US,2369,,,239926,0
Dec 31 2024,UniSuper,Balanced,Listed Equity,1,HF SINCLAIR CORPOR COM,,US4039491000,US,1886,,,106761,0
Dec 31 2024,UniSuper,Balanced,Listed Equity,1,HIKARI TSUSHIN INC,,JP3783420007,JP,189,,,66827,0
Dec 31 2024,UniSuper,Balanced,Listed Equity,1,HIKMA PHARMACEUTICALS PLC,,GB00B0LCW083,GB,1897,,,76459,0
Dec 31 2024,UniSuper,Balanced,Listed Equity,1,HILL SMITH HOLDINGS PLC,,GB0004270301,GB,3186,,,120387,0
Dec 31 2024,UniSuper,Balanced,Listed Equity,1,HILTON FOOD GROUP PLC,,GB00B1V9NW54,GB,3716,,,68172,0
Dec 31 2024,UniSuper,Balanced,Listed Equity,1,HILTON WORLDWIDE H COM,,US43300A2033,US,14512,,,5793049,0.0001
Dec 31 2024,UniSuper,Balanced,Listed Equity,1,HIMS & HERS HEALTH ORD SHS CLASS A,,US4330001060,US,4290,,,167529,0
Dec 31 2024,UniSuper,Balanced,Listed Equity,1,HINDALCO INDUSTRIES LTD,,INE038A01020,IN,35681,,,405525,0
Dec 31 2024,UniSuper,Balanced,Listed Equity,1,HINDUSTAN AERONAUT INR5 POST SUBD,,INE066F01020,IN,15411,,,1214764,0
Dec 31 2024,UniSuper,Balanced,Listed Equity,1,HINDUSTAN UNILEVER LIMITED,,INE030A01027,IN,17611,,,773059,0
Dec 31 2024,UniSuper,Balanced,Listed Equity,1,HINO MOTORS LTD,,JP3792600003,JP,310627,,,1806832,0
Dec 31 2024,UniSuper,Balanced,Listed Equity,1,HIROSE ELECTRIC JPY,,JP3799000009,JP,1254,,,241482,0
Dec 31 2024,UniSuper,Balanced,Listed Equity,1,HISAMITSU PHARMACEUTICAL CO,,JP3784600003,JP,1254,,,52639,0
Dec 31 2024,UniSuper,Balanced,Listed Equity,1,HISCOX LTD,,BMG4593F1389,BM,18288,,,400622,0
Dec 31 2024,UniSuper,Balanced,Listed Equity,1,HISENSE KELON ELECTRICAL HOLDINGS CO LTD,,CNE100000353,CN,109140,,,557100,0
Dec 31 2024,UniSuper,Balanced,Listed Equity,1,HITACHI CONSTRUCTION MACHINE,,JP3787000003,JP,943,,,34082,0
Dec 31 2024,UniSuper,Balanced,Listed Equity,1,HITACHI ENERGY INDIA LTD,,INE07Y701011,IN,1647,,,447721,0
Dec 31 2024,UniSuper,Balanced,Listed Equity,1,HITACHI NPV,,JP3788600009,JP,240423,,,9727534,0.0002
Dec 31 2024,UniSuper,Balanced,Listed Equity,1,HITE JINRO CO LTD,,KR7000080002,KR,3727,,,79826,0
Dec 31 2024,UniSuper,Balanced,Listed Equity,1,HITEVISION ORD A,,CNE100003Q16,CN,271955,,,1415341,0
Dec 31 2024,UniSuper,Balanced,Listed Equity,1,HMC CAPITAL LTD,,AU0000058943,AU,18471,,,182124,0
Dec 31 2024,UniSuper,Balanced,Listed Equity,1,HOCHSCHILD MINING PLC,,GB00B1FW5029,GB,12763,,,55246,0
Dec 31 2024,UniSuper,Balanced,Listed Equity,1,HOEGH AUTOLINERS ORD SHS,,NO0011082075,NO,6929,,,111536,0
Dec 31 2024,UniSuper,Balanced,Listed Equity,1,HOKUHOKU FINANCIAL GROUP INC,,JP3842400008,JP,6927,,,136708,0
Dec 31 2024,UniSuper,Balanced,Listed Equity,1,HOLMEN AB SER B NPV,,SE0011090018,SE,678,,,40237,0
Dec 31 2024,UniSuper,Balanced,Listed Equity,1,HOLOGIC INC,,US4364401012,US,13472,,,1568650,0
Dec 31 2024,UniSuper,Balanced,Listed Equity,1,HOME DEPOT INC,,US4370761029,US,29712,,,18666799,0.0004
Dec 31 2024,UniSuper,Balanced,Listed Equity,1,HON HAI PRECISION INDUSTRY,,TW0002317005,TW,1852390,,,16791359,0.0003
Dec 31 2024,UniSuper,Balanced,Listed Equity,1,HONDA MOTOR CO LTD,,JP3854600008,JP,54000,,,851849,0
Dec 31 2024,UniSuper,Balanced,Listed Equity,1,HONEYWELL INTERNATIONAL INC,,US4385161066,US,206476,,,75330499,0.0014
Dec 31 2024,UniSuper,Balanced,Listed Equity,1,HONG KONG EXCHANGE & CLEARING,,HK0388045442,HK,98104,,,6013279,0.0001
Dec 31 2024,UniSuper,Balanced,Listed Equity,1,HONG LEONG BANK BHD,,MYL5819OO007,MY,44616,,,331333,0
Dec 31 2024,UniSuper,Balanced,Listed Equity,1,HONG TAI ELECTRIC INDUSTRIAL ORD SHS,,TW0001612000,TW,213755,,,356986,0
Dec 31 2024,UniSuper,Balanced,Listed Equity,1,HORIBA LTD,,JP3853000002,JP,836,,,78621,0
Dec 31 2024,UniSuper,Balanced,Listed Equity,1,HORMEL FOODS CORPORATION,,US4404521001,US,23161,,,1173476,0
Dec 31 2024,UniSuper,Balanced,Listed Equity,1,HORNBACH HOLDINGS AG AND CO KGAA,,DE0006083405,DE,11158,,,1354764,0
Dec 31 2024,UniSuper,Balanced,Listed Equity,1,HOSHIZAKI CORP,,JP3845770001,JP,1257,,,80936,0
Dec 31 2024,UniSuper,Balanced,Listed Equity,1,HOWMET AEROSPACE I COM USD,,US4432011082,US,16641,,,2939511,0.0001
Dec 31 2024,UniSuper,Balanced,Listed Equity,1,HOYA CORPORATION JPY,,JP3837800006,JP,13554,,,2760180,0.0001
Dec 31 2024,UniSuper,Balanced,Listed Equity,1,HSBC HOLDINGS PLC,,GB0005405286,GB,3763562,,,59783575,0.0011
Dec 31 2024,UniSuper,Balanced,Listed Equity,1,HUAZHU GROUP LIMIT SPONSORED,,US44332N1063,US,259731,,,13855965,0.0003
Dec 31 2024,UniSuper,Balanced,Listed Equity,1,HUAZHU GROUP LTD,,KYG465871120,KY,321806,,,1739662,0
Dec 31 2024,UniSuper,Balanced,Listed Equity,1,HUB24 LIMITED ORDINARY FULLY PAID,,AU000000HUB4,AU,76792,,,5344714,0.0001
Dec 31 2024,UniSuper,Balanced,Listed Equity,1,HUBBELL INC,,US4435106079,US,2595,,,1755991,0
Dec 31 2024,UniSuper,Balanced,Listed Equity,1,HUBEI BIOCAUSE PHARMACEUTICAL CO LTD,,CNE000000F48,CN,42039,,,43441,0
Dec 31 2024,UniSuper,Balanced,Listed Equity,1,HUBSPOT INC,,US4435731009,US,8569,,,9642773,0.0002
Dec 31 2024,UniSuper,Balanced,Listed Equity,1,HUDBAY MINERALS INC,,CA4436281022,CA,13292,,,174053,0
Dec 31 2024,UniSuper,Balanced,Listed Equity,1,HUMANA INC,,US4448591028,US,15877,,,6506001,0.0001
Dec 31 2024,UniSuper,Balanced,Listed Equity,1,HUNTINGTON INGALLS INDUSTRIES INC,,US4464131063,US,3724,,,1136458,0
Dec 31 2024,UniSuper,Balanced,Listed Equity,1,HUSQVARNA AB - B SHARES,,SE0001662230,SE,8816,,,74405,0
Dec 31 2024,UniSuper,Balanced,Listed Equity,1,HUT 8 CORP,,US44812J1043,US,27454,,,907995,0
Dec 31 2024,UniSuper,Balanced,Listed Equity,1,HUTCHMED CHINA LTD,,US44842L1035,US,306468,,,7132696,0.0001
Dec 31 2024,UniSuper,Balanced,Listed Equity,1,HYATT HOTELS CORP-CL A,,US4485791028,US,503,,,127508,0
Dec 31 2024,UniSuper,Balanced,Listed Equity,1,HYUNDAI CONSTRUCTION EQUIPMENT,,KR7267270007,KR,7655,,,489639,0
Dec 31 2024,UniSuper,Balanced,Listed Equity,1,HYUNDAI DEPT STORE CO,,KR7069960003,KR,672,,,34821,0
Dec 31 2024,UniSuper,Balanced,Listed Equity,1,HYUNDAI ELECTRIC ENERGY SYST,,KR7267260008,KR,24462,,,10252178,0.0002
Dec 31 2024,UniSuper,Balanced,Listed Equity,1,HYUNDAI MARINE FIRE INC CO,,KR7001450006,KR,15562,,,421703,0
Dec 31 2024,UniSuper,Balanced,Listed Equity,1,HYUNDAI MIPO DOCKYARD,,KR7010620003,KR,15466,,,2277046,0
Dec 31 2024,UniSuper,Balanced,Listed Equity,1,HYUNDAI MOBIS,,KR7012330007,KR,84,,,21763,0
Dec 31 2024,UniSuper,Balanced,Listed Equity,1,HYUNDAI MOTOR CO LTD,,KR7005380001,KR,558,,,129744,0
Dec 31 2024,UniSuper,Balanced,Listed Equity,1,HYUNDAI MOTOR INDIA LTD,,INE0V6F01027,IN,26922,,,917308,0
Dec 31 2024,UniSuper,Balanced,Listed Equity,1,IAMGOLD CORP,,CA4509131088,CA,16622,,,138692,0
Dec 31 2024,UniSuper,Balanced,Listed Equity,1,IBSTOCK PLC,,GB00BYXJC278,GB,16536,,,58869,0
Dec 31 2024,UniSuper,Balanced,Listed Equity,1,ICICI BANK INR2,,INE090A01021,IN,2548002,,,61606964,0.0012
Dec 31 2024,UniSuper,Balanced,Listed Equity,1,ICICI LOMBARD GENERAL INSURANCE COMPANY LTD,,INE765G01017,IN,30384,,,1024750,0
Dec 31 2024,UniSuper,Balanced,Listed Equity,1,ICICI PRUDENTIAL LIFE INSURANCE COMPANY LTD,,INE726G01019,IN,93454,,,1154517,0
Dec 31 2024,UniSuper,Balanced,Listed Equity,1,ICL GROUP LTD,,IL0002810146,IL,8818,,,70356,0
Dec 31 2024,UniSuper,Balanced,Listed Equity,1,ICON PLC,,IE0005711209,IE,5324,,,1803170,0
Dec 31 2024,UniSuper,Balanced,Listed Equity,1,IDEAYA BIOSCIENCES INC,,US45166A1025,US,93121,,,3865309,0.0001
Dec 31 2024,UniSuper,Balanced,Listed Equity,1,IDEX CORP,,US45167R1041,US,4306,,,1455411,0
Dec 31 2024,UniSuper,Balanced,Listed Equity,1,IDEXX LABORATORIES INC,,US45168D1046,US,3534,,,2359890,0
Dec 31 2024,UniSuper,Balanced,Listed Equity,1,IDREAMSKY TECHNOLOGY HOLDING,,KYG470811079,KY,546508,,,306802,0
Dec 31 2024,UniSuper,Balanced,Listed Equity,1,IES HOLDINGS INC COM,,US44951W1062,US,212,,,68895,0
Dec 31 2024,UniSuper,Balanced,Listed Equity,1,IG GROUP HOLDINGS PLC,,GB00B06QFB75,GB,45750,,,916627,0
Dec 31 2024,UniSuper,Balanced,Listed Equity,1,IGM FINANCIAL INC,,CA4495861060,CA,754,,,38893,0
Dec 31 2024,UniSuper,Balanced,Listed Equity,1,IGO LIMITED ORDINARY FULLY PAID,,AU000000IGO4,AU,10761086,,,51330380,0.001
Dec 31 2024,UniSuper,Balanced,Listed Equity,1,IHI CORP,,JP3134800006,JP,8329,,,797014,0
Dec 31 2024,UniSuper,Balanced,Listed Equity,1,IIDA GROUP HOLDING NPV,,JP3131090007,JP,6598,,,161408,0
Dec 31 2024,UniSuper,Balanced,Listed Equity,1,IINO KAIUN KAISHA LTD,,JP3131200002,JP,29794,,,359471,0
Dec 31 2024,UniSuper,Balanced,Listed Equity,1,IJM CORPORATION BHD,,MYL3336OO004,MY,86427,,,94902,0
Dec 31 2024,UniSuper,Balanced,Listed Equity,1,ILLINOIS TOOL WORKS,,US4523081093,US,11218,,,4594052,0.0001
Dec 31 2024,UniSuper,Balanced,Listed Equity,1,ILLUMINA INC,,US4523271090,US,16965,,,3661528,0.0001
Dec 31 2024,UniSuper,Balanced,Listed Equity,1,ILUKA RESOURCES LIMITED,,AU000000ILU1,AU,4208987,,,21255383,0.0004
Dec 31 2024,UniSuper,Balanced,Listed Equity,1,IMCD NV,,NL0010801007,NL,686,,,164600,0
Dec 31 2024,UniSuper,Balanced,Listed Equity,1,IMDEX LIMITED,,AU000000IMD5,AU,1862736,,,4321548,0.0001
Dec 31 2024,UniSuper,Balanced,Listed Equity,1,IMMUNNOMEDICS INC,,US45257U1088,US,61945,,,1062521,0
Dec 31 2024,UniSuper,Balanced,Listed Equity,1,IMPERIAL OIL LTD,,CA4530384086,CA,8599,,,855524,0
Dec 31 2024,UniSuper,Balanced,Listed Equity,1,INABATA & CO LTD,,JP3146000009,JP,1642,,,56192,0
Dec 31 2024,UniSuper,Balanced,Listed Equity,1,INCHCAPE PLC NEW,,GB00B61TVQ02,GB,12596,,,196063,0
Dec 31 2024,UniSuper,Balanced,Listed Equity,1,INCITEC PIVOT LTD,,AU000000IPL1,AU,4124786,,,12085624,0.0002
Dec 31 2024,UniSuper,Balanced,Listed Equity,1,INCYTE CORP,,US45337C1027,US,11247,,,1254676,0
Dec 31 2024,UniSuper,Balanced,Listed Equity,1,INDIAN HOTELS COMPANY LTD,,INE053A01029,IN,196921,,,3260052,0.0001
Dec 31 2024,UniSuper,Balanced,Listed Equity,1,INDITEX,,ES0148396007,ES,108078,,,8972668,0.0002
Dec 31 2024,UniSuper,Balanced,Listed Equity,1,INDRA SISTEMAS SA,,ES0118594417,ES,14208,,,405863,0
Dec 31 2024,UniSuper,Balanced,Listed Equity,1,INDUSIND BANK LTD,,INE095A01012,IN,408972,,,7407876,0.0001
Dec 31 2024,UniSuper,Balanced,Listed Equity,1,INDUSTRIAL ALLIANCE INSURANCE AND FINANCIAL SERVICES INC,,CA45075E1043,CA,1132,,,169415,0
Dec 31 2024,UniSuper,Balanced,Listed Equity,1,INDUSTRIAL AND COMMERCIAL BANK OF CHINA,,CNE1000003G1,CN,7178986,,,7776757,0.0001
Dec 31 2024,UniSuper,Balanced,Listed Equity,1,INDUSTRIVARDEN AB,,SE0000190126,SE,1406,,,71790,0
Dec 31 2024,UniSuper,Balanced,Listed Equity,1,INDUSTRIVARDEN AB SER C NPV,,SE0000107203,SE,1793,,,91521,0
Dec 31 2024,UniSuper,Balanced,Listed Equity,1,INDUTRADE AB,,SE0001515552,SE,3114,,,126072,0
Dec 31 2024,UniSuper,Balanced,Listed Equity,1,INFINEON TECHNOLOGIES AG,,DE0006231004,DE,590124,,,30990409,0.0006
Dec 31 2024,UniSuper,Balanced,Listed Equity,1,INFO EDGE INDIA,,INE663F01024,IN,21724,,,3556178,0.0001
Dec 31 2024,UniSuper,Balanced,Listed Equity,1,INFOMEDIA LIMITED,,AU000000IFM0,AU,1289141,,,1985278,0
Dec 31 2024,UniSuper,Balanced,Listed Equity,1,INFORMA PLC,,GB00BMJ6DW54,GB,18212,,,294114,0
Dec 31 2024,UniSuper,Balanced,Listed Equity,1,INFOSYS LTD,,INE009A01021,IN,784183,,,27812236,0.0005
Dec 31 2024,UniSuper,Balanced,Listed Equity,1,INFRATIL LIMITED,,NZIFTE0003S3,NZ,13663,,,155781,0
Dec 31 2024,UniSuper,Balanced,Listed Equity,1,ING GROEP NV,,NL0011821202,NL,53611,,,1356594,0
Dec 31 2024,UniSuper,Balanced,Listed Equity,1,INGERSOLL RAND INC,,US45687V1061,US,16471,,,2406540,0
Dec 31 2024,UniSuper,Balanced,Listed Equity,1,INGHAMS GROUP LIMITED,,AU000000ING6,AU,45796,,,145632,0
Dec 31 2024,UniSuper,Balanced,Listed Equity,1,INKEVERSE GROUP LTD,,KYG4809C1015,KY,501236,,,238657,0
Dec 31 2024,UniSuper,Balanced,Listed Equity,1,INNOVENT BIOLOGICS INC,,KYG4818G1010,KY,1687012,,,12837990,0.0002
Dec 31 2024,UniSuper,Balanced,Listed Equity,1,INNUOVO TECHNOLOGY CO LTD A,,CNE000000SL5,CN,107654,,,231776,0
Dec 31 2024,UniSuper,Balanced,Listed Equity,1,INPEX CORPORATION,,JP3294460005,JP,152180,,,3081743,0.0001
Dec 31 2024,UniSuper,Balanced,Listed Equity,1,INPOST SA,,LU2290522684,LU,2637,,,72817,0
Dec 31 2024,UniSuper,Balanced,Listed Equity,1,INSIGNIA FINANCIAL LTD,,AU000000IFL2,AU,114300,,,405764,0
Dec 31 2024,UniSuper,Balanced,Listed Equity,1,INSMED INC,,US4576693075,US,14891,,,1660427,0
Dec 31 2024,UniSuper,Balanced,Listed Equity,1,INSPIRE MEDICAL SYSTEMS INC,,US4577301090,US,11523,,,3450009,0.0001
Dec 31 2024,UniSuper,Balanced,Listed Equity,1,INSULET CORP,,US45784P1012,US,3828,,,1613997,0
Dec 31 2024,UniSuper,Balanced,Listed Equity,1,INSURANCE AUSTRALIA GROUP LIMITED,,AU000000IAG3,AU,23408846,,,198038836,0.0037
Dec 31 2024,UniSuper,Balanced,Listed Equity,1,INTACT FINANCIAL CORPORATION,,CA45823T1066,CA,2137,,,628227,0
Dec 31 2024,UniSuper,Balanced,Listed Equity,1,INTAPP INC,,US45827U1097,US,13254,,,1371991,0
Dec 31 2024,UniSuper,Balanced,Listed Equity,1,INTEGRAFIN HOLDINGS PLC,,GB00BD45SH49,GB,10311,,,72062,0
Dec 31 2024,UniSuper,Balanced,Listed Equity,1,INTEGRAL DIAGNOSTICS LTD,,AU000000IDX2,AU,791526,,,2303341,0
Dec 31 2024,UniSuper,Balanced,Listed Equity,1,INTEL CORP,,US4581401001,US,447642,,,14496038,0.0003
Dec 31 2024,UniSuper,Balanced,Listed Equity,1,INTERACTIVE BROKERS GRO-CL,,US45841N1072,US,17186,,,4903945,0.0001
Dec 31 2024,UniSuper,Balanced,Listed Equity,1,INTERCONTINENTAL EXCHANGE INC,,US45866F1049,US,92944,,,22368640,0.0004
Dec 31 2024,UniSuper,Balanced,Listed Equity,1,INTERCONTINENTAL HOTELS GROUP PLC,,GB00BHJYC057,GB,2257,,,454367,0
Dec 31 2024,UniSuper,Balanced,Listed Equity,1,INTERDIGITAL INC,,US45867G1013,US,1301,,,407070,0
Dec 31 2024,UniSuper,Balanced,Listed Equity,1,INTERFACE INC,,US4586653044,US,6898,,,271277,0
Dec 31 2024,UniSuper,Balanced,Listed Equity,1,INTERGLOBE AVIATION LTD,,INE646L01027,IN,220658,,,18958205,0.0004
Dec 31 2024,UniSuper,Balanced,Listed Equity,1,INTERNATIONAL BANCSHARES CORP,,US4590441030,US,1263,,,128822,0
Dec 31 2024,UniSuper,Balanced,Listed Equity,1,INTERNATIONAL BUSINESS MACHINES CORP CAP STK,,US4592001014,US,30772,,,10925763,0.0002
Dec 31 2024,UniSuper,Balanced,Listed Equity,1,INTERNATIONAL PERSONAL FINANCE PLC,,GB00B1YKG049,GB,11881,,,31241,0
Dec 31 2024,UniSuper,Balanced,Listed Equity,1,INTERNETWORKING BROADBAND CO,,JP3104940006,JP,2173,,,16032,0
Dec 31 2024,UniSuper,Balanced,Listed Equity,1,INTERPUBLIC GROUP COS INC USD,,US4606901001,US,27993,,,1266841,0
Dec 31 2024,UniSuper,Balanced,Listed Equity,1,INTERTEK GROUP INC,,GB0031638363,GB,1942,,,185713,0
Dec 31 2024,UniSuper,Balanced,Listed Equity,1,INTESA SANPAOLO S P A SPONSORED ADR,,US46115H1077,US,24137,,,941470,0
Dec 31 2024,UniSuper,Balanced,Listed Equity,1,INTESA SANPAOLO SPA,,IT0000072618,IT,232250,,,1500497,0
Dec 31 2024,UniSuper,Balanced,Listed Equity,1,INTERNATIONAL FLAVORS & FRAGRANCES INC,,US4595061015,US,12984,,,1773004,0
Dec 31 2024,UniSuper,Balanced,Listed Equity,1,INTL PAPER CO,,US4601461035,US,19024,,,1653711,0
Dec 31 2024,UniSuper,Balanced,Listed Equity,1,INTUIT INC,,US4612021034,US,28924,,,29360612,0.0006
Dec 31 2024,UniSuper,Balanced,Listed Equity,1,INTUITIVE SURGICAL INC,,US46120E6023,US,29159,,,24582202,0.0005
Dec 31 2024,UniSuper,Balanced,Listed Equity,1,INVESCO LIMITED,,BMG491BT1088,BM,42013,,,1186116,0
Dec 31 2024,UniSuper,Balanced,Listed Equity,1,INVESTEC PLC,,GB00B17BBQ50,GB,20146,,,221680,0
Dec 31 2024,UniSuper,Balanced,Listed Equity,1,INVESTMENT AB LATOUR,,SE0010100958,SE,1687,,,68046,0
Dec 31 2024,UniSuper,Balanced,Listed Equity,1,INVESTOR AB SER B NPV,,SE0015811963,SE,28161,,,1204895,0
Dec 31 2024,UniSuper,Balanced,Listed Equity,1,IONQ INC,,US46222L1089,US,1868,,,126040,0
Dec 31 2024,UniSuper,Balanced,Listed Equity,1,IP GROUP PLC,,GB00B128J450,GB,37987,,,41416,0
Dec 31 2024,UniSuper,Balanced,Listed Equity,1,IPH LIMITED ORDINARY FULLY PAID,,AU000000IPH9,AU,42612,,,214337,0
Dec 31 2024,UniSuper,Balanced,Listed Equity,1,IPSEN PROMESSES SA,,FR0010259150,FR,430,,,79608,0
Dec 31 2024,UniSuper,Balanced,Listed Equity,1,IQVIA HOLDINGS INC,,US46266C1053,US,11409,,,3621089,0.0001
Dec 31 2024,UniSuper,Balanced,Listed Equity,1,IRESS LIMITED,,AU000000IRE2,AU,424253,,,3949793,0.0001
Dec 31 2024,UniSuper,Balanced,Listed Equity,1,IRHYTHM TECHNOLOGIES ORD SHS,,US4500561067,US,19572,,,2850431,0.0001
Dec 31 2024,UniSuper,Balanced,Listed Equity,1,ISETAN MITSUKOSHI HOLDINGS LTD,,JP3894900004,JP,8479,,,239834,0
Dec 31 2024,UniSuper,Balanced,Listed Equity,1,ISRACARD LTD,,IL0011574030,IL,14084,,,101071,0
Dec 31 2024,UniSuper,Balanced,Listed Equity,1,ISRAEL DISCOUNT BANK,,IL0006912120,IL,14097,,,155714,0
Dec 31 2024,UniSuper,Balanced,Listed Equity,1,ISUZU MOTORS,,JP3137200006,JP,6789,,,150604,0
Dec 31 2024,UniSuper,Balanced,Listed Equity,1,ITAU UNIBANCO HOLDING SA,,BRITUBACNPR1,BR,97013,,,779401,0
Dec 31 2024,UniSuper,Balanced,Listed Equity,1,ITOCHU CORP JPY,,JP3143600009,JP,14333,,,1153636,0
Dec 31 2024,UniSuper,Balanced,Listed Equity,1,ITRON INC,,US4657411066,US,1082,,,189786,0
Dec 31 2024,UniSuper,Balanced,Listed Equity,1,ITV PLC - ORD SHS,,GB0033986497,GB,129848,,,193313,0
Dec 31 2024,UniSuper,Balanced,Listed Equity,1,IVANHOE MINES LTD COM NPV CL A,,CA46579R1047,CA,10750,,,205949,0
Dec 31 2024,UniSuper,Balanced,Listed Equity,1,IVE GROUP LIMITED ORDINARY FULLY PAID,,AU000000IGL0,AU,20446,,,42938,0
Dec 31 2024,UniSuper,Balanced,Listed Equity,1,IVECO GROUP NV,,NL0015000LU4,NL,4290,,,67009,0
Dec 31 2024,UniSuper,Balanced,Listed Equity,1,J B CHEMICALS AND PHARMACEUTICAL ORD SHS,,INE572A01036,IN,16437,,,571861,0
Dec 31 2024,UniSuper,Balanced,Listed Equity,1,J FRONT RETAILING CO LTD,,JP3386380004,JP,10598,,,231720,0
Dec 31 2024,UniSuper,Balanced,Listed Equity,1,JABIL INC,,US4663131039,US,58889,,,13686692,0.0003
Dec 31 2024,UniSuper,Balanced,Listed Equity,1,JACK HENRY & ASSOCIATES INC,,US4262811015,US,4861,,,1376279,0
Dec 31 2024,UniSuper,Balanced,Listed Equity,1,JACK TECHNOLOGY ORD SHS A,,CNE100002Z81,CN,297496,,,2005102,0
Dec 31 2024,UniSuper,Balanced,Listed Equity,1,JACKSON FINANCIAL COM USD0.01 CL A WI,,US46817M1071,US,16175,,,2274913,0
Dec 31 2024,UniSuper,Balanced,Listed Equity,1,JACOBS SOLUTIONS COM USD1.00,,US46982L1089,US,7322,,,1580087,0
Dec 31 2024,UniSuper,Balanced,Listed Equity,1,JAFCO GROUP CO LTD NPV TEMP,,JP3389900006,JP,71799,,,1596015,0
Dec 31 2024,UniSuper,Balanced,Listed Equity,1,JAMES HARDIE INDUSTRIES PLC,,AU000000JHX1,AU,3802050,,,190368644,0.0036
Dec 31 2024,UniSuper,Balanced,Listed Equity,1,JANUS HENDERSON GR ORD,,JE00BYPZJM29,JE,11085,,,761426,0
Dec 31 2024,UniSuper,Balanced,Listed Equity,1,JANUX THERAPEUTICS INC,,US47103J1051,US,38458,,,3325636,0.0001
Dec 31 2024,UniSuper,Balanced,Listed Equity,1,JAPAN AIRLINES CO LTD,,JP3705200008,JP,1320,,,33815,0
Dec 31 2024,UniSuper,Balanced,Listed Equity,1,JAPAN AVIATION ELECTRONICS,,JP3705600009,JP,5702,,,174570,0
Dec 31 2024,UniSuper,Balanced,Listed Equity,1,JAPAN EXCHANGE GROUP INC,,JP3183200009,JP,14066,,,255867,0
Dec 31 2024,UniSuper,Balanced,Listed Equity,1,JAPAN PETROLEUM EXPLORATION,,JP3421100003,JP,4657,,,54323,0
Dec 31 2024,UniSuper,Balanced,Listed Equity,1,JAPAN POST BANK CO LTD,,JP3946750001,JP,20596,,,316338,0
Dec 31 2024,UniSuper,Balanced,Listed Equity,1,JAPAN POST HOLDINGS CO LTD,,JP3752900005,JP,27732,,,424788,0
Dec 31 2024,UniSuper,Balanced,Listed Equity,1,JAPAN POST INSURANCE CO LTD,,JP3233250004,JP,2200,,,65732,0
Dec 31 2024,UniSuper,Balanced,Listed Equity,1,JB FINANCIAL GROUP CO LTD,,KR7175330000,KR,37219,,,664770,0
Dec 31 2024,UniSuper,Balanced,Listed Equity,1,JB HI-FI LIMITED,,AU000000JBH7,AU,434081,,,40230643,0.0008
Dec 31 2024,UniSuper,Balanced,Listed Equity,1,JB HUNT TRANSPORT SERVICES INC,,US4456581077,US,5185,,,1429165,0
Dec 31 2024,UniSuper,Balanced,Listed Equity,1,JD SPORTS FASHION ORD,,GB00BM8Q5M07,GB,29533,,,57289,0
Dec 31 2024,UniSuper,Balanced,Listed Equity,1,JD.COM INC,,KYG8208B1014,KY,219890,,,6217884,0.0001
Dec 31 2024,UniSuper,Balanced,Listed Equity,1,JDE PEETS BV,,NL0014332678,NL,1389,,,38390,0
Dec 31 2024,UniSuper,Balanced,Listed Equity,1,JEFFERIES FINL GRP COM USD0.0001,,US47233W1099,US,49751,,,6299678,0.0001
Dec 31 2024,UniSuper,Balanced,Listed Equity,1,JERONIMO MARTINS SGPS SA,,PTJMT0AE0001,PT,3227,,,99568,0
Dec 31 2024,UniSuper,Balanced,Listed Equity,1,JET2 PLC,,GB00B1722W11,GB,4509,,,144385,0
Dec 31 2024,UniSuper,Balanced,Listed Equity,1,JFE HOLDINGS INC,,JP3386030005,JP,9870,,,180492,0
Dec 31 2024,UniSuper,Balanced,Listed Equity,1,JIANGLING MOTORS CORP LTD,,CNE000000CV8,CN,75889,,,393774,0
Dec 31 2024,UniSuper,Balanced,Listed Equity,1,JIANGSU CHANGSHU RURAL COMMERCIAL BANK CO LTD,,CNE100002RJ6,CN,92617,,,155137,0
Dec 31 2024,UniSuper,Balanced,Listed Equity,1,JIANGSU LINYANG ENERGY CO LTD,,CNE1000015X0,CN,83263,,,130256,0
Dec 31 2024,UniSuper,Balanced,Listed Equity,1,JIANGSU SOPO CHEMICAL CO A,,CNE000000M64,CN,248597,,,385602,0
Dec 31 2024,UniSuper,Balanced,Listed Equity,1,JIANGSU SUZHOU RURAL COMMERCIAL BANK ORD SHS A,,CNE100003035,CN,2604586,,,3048739,0.0001
Dec 31 2024,UniSuper,Balanced,Listed Equity,1,JIANGSU ZHANGJIAGANG RURAL COMMERCIAL BANK CO LTD,,CNE100002K54,CN,412863,,,399221,0
Dec 31 2024,UniSuper,Balanced,Listed Equity,1,JINGJIN EQUIPMENT INC,,CNE100003M36,CN,10358,,,40981,0
Dec 31 2024,UniSuper,Balanced,Listed Equity,1,JOHNS LYNG GROUP LIMITED ORDINARY FULLY PAID,,AU000000JLG8,AU,13487,,,50443,0
Dec 31 2024,UniSuper,Balanced,Listed Equity,1,JOHNSON & JOHNSON COM,,US4781601046,US,299876,,,70044624,0.0013
Dec 31 2024,UniSuper,Balanced,Listed Equity,1,JOHNSON CONTROLS INTERNATIONAL PLC,,IE00BY7QL619,IE,25061,,,3194833,0.0001
Dec 31 2024,UniSuper,Balanced,Listed Equity,1,JOHNSON MATTHEY PLC,,GB00BZ4BQC70,GB,6164,,,167083,0
Dec 31 2024,UniSuper,Balanced,Listed Equity,1,JOYY INC,,US46591M1099,US,942,,,63706,0
Dec 31 2024,UniSuper,Balanced,Listed Equity,1,JP MORGAN CHASE & CO,,US46625H1005,US,876111,,,339194815,0.0064
Dec 31 2024,UniSuper,Balanced,Listed Equity,1,JPR GROUP PLC,,GB00BCRX1J15,GB,36831,,,120990,0
Dec 31 2024,UniSuper,Balanced,Listed Equity,1,JTC PLC,,JE00BF4X3P53,JE,5737,,,114199,0
Dec 31 2024,UniSuper,Balanced,Listed Equity,1,JTEKT CORPORATION,,JP3292200007,JP,91950,,,1114587,0
Dec 31 2024,UniSuper,Balanced,Listed Equity,1,JUDO CAPITAL HOLDINGS LTD,,AU0000182271,AU,3412189,,,6210184,0.0001
Dec 31 2024,UniSuper,Balanced,Listed Equity,1,JULIUS BAER GROUP LTD,,CH0102484968,CH,2479,,,259134,0
Dec 31 2024,UniSuper,Balanced,Listed Equity,1,JUMBO INTERACTIVE LIMITED,,AU000000JIN0,AU,13957,,,194283,0
Dec 31 2024,UniSuper,Balanced,Listed Equity,1,JUNIPER NETWORK INC,,US48203R1041,US,45309,,,2740563,0.0001
Dec 31 2024,UniSuper,Balanced,Listed Equity,1,JUPITER FUND MANAGEMENT PLC,,GB00B53P2009,GB,15767,,,27651,0
Dec 31 2024,UniSuper,Balanced,Listed Equity,1,JUROKU FINANCIAL G NPV,,JP3392650002,JP,16450,,,723537,0
Dec 31 2024,UniSuper,Balanced,Listed Equity,1,JVCKENWOOD CORP,,JP3386410009,JP,46095,,,827335,0
Dec 31 2024,UniSuper,Balanced,Listed Equity,1,JYOTI CNC AUTOMATION LTD,,INE980O01024,IN,22347,,,569377,0
Dec 31 2024,UniSuper,Balanced,Listed Equity,1,JYSKE BANK - REG,,DK0010307958,DK,7733,,,884468,0
Dec 31 2024,UniSuper,Balanced,Listed Equity,1,K & S AG SHS,,DE000KSAG888,DE,9827,,,171908,0
Dec 31 2024,UniSuper,Balanced,Listed Equity,1,K S HOLDINGS CORP,,JP3277150003,JP,2776,,,40175,0
Dec 31 2024,UniSuper,Balanced,Listed Equity,1,KADOKAWA CORPORATION,,JP3214350005,JP,38631,,,1248194,0
Dec 31 2024,UniSuper,Balanced,Listed Equity,1,KAINOS GROUP PLC,,GB00BZ0D6727,GB,3504,,,57348,0
Dec 31 2024,UniSuper,Balanced,Listed Equity,1,KAJEMA CORP,,JP3210200006,JP,4840,,,143316,0
Dec 31 2024,UniSuper,Balanced,Listed Equity,1,KAKAKU.COM INC,,JP3206000006,JP,146730,,,3649183,0.0001
Dec 31 2024,UniSuper,Balanced,Listed Equity,1,KAKAO CORP,,KR7035720002,KR,73575,,,3083513,0.0001
Dec 31 2024,UniSuper,Balanced,Listed Equity,1,KALTURA INC,,US4834671061,US,15879,,,56423,0
Dec 31 2024,UniSuper,Balanced,Listed Equity,1,KAMUX OYJ,,FI4000206750,FI,28993,,,128014,0
Dec 31 2024,UniSuper,Balanced,Listed Equity,1,KANAMOTO CO LTD,,JP3215200001,JP,19674,,,679345,0
Dec 31 2024,UniSuper,Balanced,Listed Equity,1,KANEKA CORPORATION,,JP3215800008,JP,1224,,,47222,0
Dec 31 2024,UniSuper,Balanced,Listed Equity,1,KANEMATSU CORP,,JP3217100001,JP,2478,,,67049,0
Dec 31 2024,UniSuper,Balanced,Listed Equity,1,KAO CORPORATION,,JP3205800000,JP,5595,,,367296,0
Dec 31 2024,UniSuper,Balanced,Listed Equity,1,KARDEX HOLDING AG,,CH0100837282,CH,731,,,352608,0
Dec 31 2024,UniSuper,Balanced,Listed Equity,1,KAROON ENERGY LTD ORDINARY FULLY PAID,,AU000000KAR6,AU,161271,,,224167,0
Dec 31 2024,UniSuper,Balanced,Listed Equity,1,KASIKORNBANK PCL NVDR,,TH0016010R14,TH,1508719,,,11113534,0.0002
Dec 31 2024,UniSuper,Balanced,Listed Equity,1,KASIKORNBANK-FOREIGN,,TH0016010017,TH,7327,,,54142,0
Dec 31 2024,UniSuper,Balanced,Listed Equity,1,KAWASAKI HEAVY INDUSTRIES LTD,,JP3224200000,JP,3762,,,281428,0
Dec 31 2024,UniSuper,Balanced,Listed Equity,1,KAWASAKI KISEN KAI NPV,,JP3223800008,JP,4463,,,103412,0
Dec 31 2024,UniSuper,Balanced,Listed Equity,1,KB FINANCIAL GROUP INC,,KR7105560007,KR,45620,,,4149172,0.0001
Dec 31 2024,UniSuper,Balanced,Listed Equity,1,KB HOME,,US48666K1097,US,21247,,,2255288,0
Dec 31 2024,UniSuper,Balanced,Listed Equity,1,KBC GROUP NV,,BE0003565737,BE,31643,,,3944736,0.0001
Dec 31 2024,UniSuper,Balanced,Listed Equity,1,KBR INC,,US48242W1062,US,3496,,,327090,0
Dec 31 2024,UniSuper,Balanced,Listed Equity,1,KCC CORPORATION KRW5000,,KR7002380004,KR,108,,,27923,0
Dec 31 2024,UniSuper,Balanced,Listed Equity,1,KEI INDUSTRIES LTD,,INE878B01027,IN,12665,,,1060011,0
Dec 31 2024,UniSuper,Balanced,Listed Equity,1,KELLANOVA,,US4878361082,US,13949,,,1824251,0
Dec 31 2024,UniSuper,Balanced,Listed Equity,1,KELLER GROUP PLC,,GB0004866223,GB,2734,,,80202,0
Dec 31 2024,UniSuper,Balanced,Listed Equity,1,KENNAMETAL INC,,US4891701009,US,1832,,,71090,0
Dec 31 2024,UniSuper,Balanced,Listed Equity,1,KENVUE INC,,US49177J1025,US,1263346,,,43563648,0.0008
Dec 31 2024,UniSuper,Balanced,Listed Equity,1,KEPPEL LTD,,SG1U68934629,SG,16596,,,134396,0
Dec 31 2024,UniSuper,Balanced,Listed Equity,1,KERING,,FR0000121485,FR,896,,,356945,0
Dec 31 2024,UniSuper,Balanced,Listed Equity,1,KERRY GROUP PLC-A,,IE0004906560,IE,1843,,,280113,0
Dec 31 2024,UniSuper,Balanced,Listed Equity,1,KESKO OYJ-B SHS,,FI0009000202,FI,3112,,,94632,0
Dec 31 2024,UniSuper,Balanced,Listed Equity,1,KEURIG DR PEPPER INC,,US49271V1008,US,47787,,,2479072,0
Dec 31 2024,UniSuper,Balanced,Listed Equity,1,KEYENCE CORP NPV,,JP3236200006,JP,59599,,,39585415,0.0007
Dec 31 2024,UniSuper,Balanced,Listed Equity,1,KEYSIGHT TECHNOLOGCOM USD,,US49338L1035,US,93476,,,24251190,0.0005
Dec 31 2024,UniSuper,Balanced,Listed Equity,1,KIA CORPORATION,,KR7000270009,KR,77100,,,8517950,0.0002
Dec 31 2024,UniSuper,Balanced,Listed Equity,1,KIER GROUP PLC,,GB0004915632,GB,19510,,,58565,0
Dec 31 2024,UniSuper,Balanced,Listed Equity,1,KIKKOMAN CORPORATION JPY,,JP3240400006,JP,7732,,,140054,0
Dec 31 2024,UniSuper,Balanced,Listed Equity,1,KIMBERLY CLARK CORP,,US4943681035,US,13545,,,2866833,0.0001
Dec 31 2024,UniSuper,Balanced,Listed Equity,1,KINAXIS INC,,CA49448Q1090,CA,2128,,,413706,0
Dec 31 2024,UniSuper,Balanced,Listed Equity,1,KINDER CORP JPY50,,JP3263000006,JP,2956,,,92215,0
Dec 31 2024,UniSuper,Balanced,Listed Equity,1,KING SLIDE WORKS CO LTD,,TW0002059003,TW,67768,,,5174765,0.0001
Dec 31 2024,UniSuper,Balanced,Listed Equity,1,KINGBOARD HOLDINGS LIMITED,,KYG525621408,KY,44970,,,174661,0
Dec 31 2024,UniSuper,Balanced,Listed Equity,1,KINGFISHER PLC GBP0.1571,,GB0033195214,GB,21337,,,107340,0
Dec 31 2024,UniSuper,Balanced,Listed Equity,1,KINGSPAN GROUP PLC,,IE0004927939,IE,2369,,,279091,0
Dec 31 2024,UniSuper,Balanced,Listed Equity,1,KINPO ELECTRONICS ORD SHS,,TW0002312006,TW,843078,,,1092344,0
Dec 31 2024,UniSuper,Balanced,Listed Equity,1,KINROSS GOLD CORP,,CA4969024047,CA,21266,,,318691,0
Dec 31 2024,UniSuper,Balanced,Listed Equity,1,KINTETSU GROUP HOLDINGS CO LTD,,JP3260800002,JP,4448,,,151314,0
Dec 31 2024,UniSuper,Balanced,Listed Equity,1,KIRBY CORP,,US4972661064,US,366,,,62595,0
Dec 31 2024,UniSuper,Balanced,Listed Equity,1,KIRIN HOLDINGS CO LTD,,JP3258000003,JP,9367,,,197238,0
Dec 31 2024,UniSuper,Balanced,Listed Equity,1,KIWOOM SECURITIES CO LTD,,KR7039490008,KR,303,,,38668,0
Dec 31 2024,UniSuper,Balanced,Listed Equity,1,KKR AND CO INC,,US48251W1045,US,56764,,,13560476,0.0003
Dec 31 2024,UniSuper,Balanced,Listed Equity,1,KLA TENCOR CORPORATION COM,,US4824801009,US,13961,,,14208213,0.0003
Dec 31 2024,UniSuper,Balanced,Listed Equity,1,KLAVIYO INC,,US49845K1016,US,406615,,,27083614,0.0005
Dec 31 2024,UniSuper,Balanced,Listed Equity,1,KNEATCOM INC,,CA4988241010,CA,12071,,,79438,0
Dec 31 2024,UniSuper,Balanced,Listed Equity,1,KNIGHT SWIFT TRANS CL A COM STK,,US4990491049,US,1823,,,156173,0
Dec 31 2024,UniSuper,Balanced,Listed Equity,1,KNORR BREMSE AG,,DE000KBX1006,DE,827,,,97262,0
Dec 31 2024,UniSuper,Balanced,Listed Equity,1,KOBE BUSSAN CO LTD,,JP3291200008,JP,1697,,,60004,0
Dec 31 2024,UniSuper,Balanced,Listed Equity,1,KOGAN COM LTD ORDINARY FULLY PAID,,AU000000KGN2,AU,35950,,,223251,0
Dec 31 2024,UniSuper,Balanced,Listed Equity,1,KOITO MFG CO LTD NPV,,JP3284600008,JP,59978,,,1237702,0
Dec 31 2024,UniSuper,Balanced,Listed Equity,1,KOKUSAI ELECTRIC ORD SHS,,JP3293330001,JP,2829,,,62359,0
Dec 31 2024,UniSuper,Balanced,Listed Equity,1,KOMATSU LTD JPY,,JP3304200003,JP,87286,,,3902074,0.0001
Dec 31 2024,UniSuper,Balanced,Listed Equity,1,KONAMI GROUP CORP,,JP3300200007,JP,42627,,,6483514,0.0001
Dec 31 2024,UniSuper,Balanced,Listed Equity,1,KONE CORPORATION NEW,,FI0009013403,FI,5529,,,434634,0
Dec 31 2024,UniSuper,Balanced,Listed Equity,1,KONECRANES OYJ,,FI0009005870,FI,4077,,,417346,0
Dec 31 2024,UniSuper,Balanced,Listed Equity,1,KONGSBERG GRUPPEN AS,,NO0003043309,NO,1375,,,250300,0
Dec 31 2024,UniSuper,Balanced,Listed Equity,1,KONGSBERG GRUPPEN ORD SHS,,NO0003043309,NO,508,,,92323,0
Dec 31 2024,UniSuper,Balanced,Listed Equity,1,KONICA MINOLTA HOLDINGS INC,,JP3300600008,JP,17256,,,117484,0
Dec 31 2024,UniSuper,Balanced,Listed Equity,1,KONINKLIJKE AHOLD DELHAIZE NV,,NL0011794037,NL,11182,,,588883,0
Dec 31 2024,UniSuper,Balanced,Listed Equity,1,KONINKLIJKE PHILIPS NV,,NL0000009538,NL,9612,,,392265,0
Dec 31 2024,UniSuper,Balanced,Listed Equity,1,KOREA ELECTRIC TERMINAL CO LTD,,KR7025540006,KR,3006,,,220624,0
Dec 31 2024,UniSuper,Balanced,Listed Equity,1,KOREA LIFE INSURANCE,,KR7088350004,KR,346338,,,934733,0
Dec 31 2024,UniSuper,Balanced,Listed Equity,1,KOREAN REINSURANCE COMPANY,,KR7003690005,KR,3601,,,31411,0
Dec 31 2024,UniSuper,Balanced,Listed Equity,1,KOTAK MAHINDRA BANK LIMITED,,INE237A01028,IN,398654,,,13432290,0.0003
Dec 31 2024,UniSuper,Balanced,Listed Equity,1,KRAFT HEINZ CO COM,,US5007541064,US,43411,,,2153218,0
Dec 31 2024,UniSuper,Balanced,Listed Equity,1,KROGER CO COM,,US5010441013,US,27521,,,2718108,0.0001
Dec 31 2024,UniSuper,Balanced,Listed Equity,1,KRUNG THAI BANK PUB CO-FOREIGN,,TH0150010Z11,TH,45930,,,45691,0
Dec 31 2024,UniSuper,Balanced,Listed Equity,1,KTB INVESTMENT AND SECURITIES ORD,,KR7030210009,KR,22612,,,77774,0
Dec 31 2024,UniSuper,Balanced,Listed Equity,1,KUAISHOU TECHNOLOGY,,KYG532631028,KY,5255,,,45179,0
Dec 31 2024,UniSuper,Balanced,Listed Equity,1,KUBOTA CORPORATION,,JP3266400005,JP,11315,,,213853,0
Dec 31 2024,UniSuper,Balanced,Listed Equity,1,KUEHNE & NAGEL INTERNATIONAL AG,,CH0025238863,CH,733,,,271456,0
Dec 31 2024,UniSuper,Balanced,Listed Equity,1,KYB CORPORATION NPV,,JP3220200004,JP,7702,,,232640,0
Dec 31 2024,UniSuper,Balanced,Listed Equity,1,KYNDRYL HLDGS INC COM USD0.01,,US50155Q1004,US,38790,,,2167704,0
Dec 31 2024,UniSuper,Balanced,Listed Equity,1,KYOBO SECURITIES CO LTD,,KR7030610000,KR,7548,,,46042,0
Dec 31 2024,UniSuper,Balanced,Listed Equity,1,KYOCERA CORP,,JP3249600002,JP,18345,,,297021,0
Dec 31 2024,UniSuper,Balanced,Listed Equity,1,KYOTO FINANCIAL GRNPV,,JP3252200005,JP,5792,,,138088,0
Dec 31 2024,UniSuper,Balanced,Listed Equity,1,KYOWA ELECTRONIC INSTRUMENTS ORD SHS,,JP3255200002,JP,5002,,,21437,0
Dec 31 2024,UniSuper,Balanced,Listed Equity,1,KYOWA KIRIN CO LTD,,JP3256000005,JP,3080,,,75199,0
Dec 31 2024,UniSuper,Balanced,Listed Equity,1,KYUDENKO CORP,,JP3247050002,JP,2388,,,126994,0
Dec 31 2024,UniSuper,Balanced,Listed Equity,1,L E LUNDBERGFORETAGEN AB - B SHARES,,SE0000108847,SE,866,,,63439,0
Dec 31 2024,UniSuper,Balanced,Listed Equity,1,L&K ENGINEERING CO LTD,,TW0006139009,TW,14330,,,158488,0
Dec 31 2024,UniSuper,Balanced,Listed Equity,1,L'OREAL,,FR0000120321,FR,12244,,,7000068,0.0001
Dec 31 2024,UniSuper,Balanced,Listed Equity,1,L3 HARRIS TECHNOLOGIES INC,,US5024311095,US,7625,,,2589614,0
Dec 31 2024,UniSuper,Balanced,Listed Equity,1,LA FRANCAISE DES JEUX SA,,FR0013451333,FR,1197,,,74507,0
Dec 31 2024,UniSuper,Balanced,Listed Equity,1,LA Z BOY IN,,US5053361078,US,2630,,,185064,0
Dec 31 2024,UniSuper,Balanced,Listed Equity,1,LABCORP HOLDINGS I COM USD0.1,,US5049221055,US,4605,,,1705486,0
Dec 31 2024,UniSuper,Balanced,Listed Equity,1,LAFARGEHOLCIM LTD,,CH0012214059,CH,67150,,,10454731,0.0002
Dec 31 2024,UniSuper,Balanced,Listed Equity,1,LAM RESEARCH CORP COM USD 0.001 P S,,US5128073062,US,134376,,,15676244,0.0003
Dec 31 2024,UniSuper,Balanced,Listed Equity,1,LAMB WESTON HOLDINGS INC,,US5132721045,US,10997,,,1187048,0
Dec 31 2024,UniSuper,Balanced,Listed Equity,1,LANCASHIRE HOLDINGS LTD,,BMG5361W1047,BM,21060,,,280736,0
Dec 31 2024,UniSuper,Balanced,Listed Equity,1,LANDIS AND GYR GROUP AG,,CH0371153492,CH,1081,,,110779,0
Dec 31 2024,UniSuper,Balanced,Listed Equity,1,LANTHEUS HOLDINGS INC,,US5165441032,US,31822,,,4597855,0.0001
Dec 31 2024,UniSuper,Balanced,Listed Equity,1,LARGAN PRECISION CO LTD,,TW0003008009,TW,34589,,,4558305,0.0001
Dec 31 2024,UniSuper,Balanced,Listed Equity,1,LARSEN AND TOUBRO LIMITED,,INE018A01030,IN,50106,,,3410156,0.0001
Dec 31 2024,UniSuper,Balanced,Listed Equity,1,LAS VEGAS SANDS CORP,,US5178341070,US,296064,,,24559202,0.0005
Dec 31 2024,UniSuper,Balanced,Listed Equity,1,LASERTEC CORP NPV,,JP3979200007,JP,1194,,,186393,0
Dec 31 2024,UniSuper,Balanced,Listed Equity,1,LATAM AIRLINES GROUP SA ADR,,US51817R2058,US,4062,,,180961,0
Dec 31 2024,UniSuper,Balanced,Listed Equity,1,LEEDARSON IOT TECHNOLOGY INC,,CNE100004P57,CN,200339,,,695969,0
Dec 31 2024,UniSuper,Balanced,Listed Equity,1,LEGAL & GENERAL GROUP PLC,,GB0005603997,GB,70954,,,329818,0
Dec 31 2024,UniSuper,Balanced,Listed Equity,1,LEGEND BIOTECH CORP,,US52490G1022,US,85272,,,4481551,0.0001
Dec 31 2024,UniSuper,Balanced,Listed Equity,1,LEGRAND SA,,FR0010307819,FR,3155,,,496230,0
Dec 31 2024,UniSuper,Balanced,Listed Equity,1,LEIDOS HLDGS INC COM USD0.0001,,US5253271028,US,7267,,,1690775,0
Dec 31 2024,UniSuper,Balanced,Listed Equity,1,LENNAR CORPORATION CLASS A,,US5260571048,US,40989,,,9027960,0.0002
Dec 31 2024,UniSuper,Balanced,Listed Equity,1,LENNOX INTL INC COM,,US5261071071,US,1652,,,1626127,0
Dec 31 2024,UniSuper,Balanced,Listed Equity,1,LENOVO GROUP LTD,,HK0992009065,HK,18190,,,38123,0
Dec 31 2024,UniSuper,Balanced,Listed Equity,1,LEONARDO  SpA,,IT0003856405,IT,5790,,,251073,0
Dec 31 2024,UniSuper,Balanced,Listed Equity,1,LEXEO THERAPEUTICS INC,,US52886X1072,US,51944,,,552035,0
Dec 31 2024,UniSuper,Balanced,Listed Equity,1,LF CORP,,KR7093050003,KR,18504,,,314663,0
Dec 31 2024,UniSuper,Balanced,Listed Equity,1,LG CHEM LTD,,KR7051910008,KR,21630,,,5932523,0.0001
Dec 31 2024,UniSuper,Balanced,Listed Equity,1,LG INNOTEK CO LTD,,KR7011070000,KR,1471,,,261510,0
Dec 31 2024,UniSuper,Balanced,Listed Equity,1,LI NING CO LTD,,KYG5496K1242,KY,325399,,,1113637,0
Dec 31 2024,UniSuper,Balanced,Listed Equity,1,LIBERTY BROADBAND,,US5303073051,US,6399,,,772645,0
Dec 31 2024,UniSuper,Balanced,Listed Equity,1,LIBERTY MEDIA CORP COM USD0.01 FORMULA ONE C,,US5312297550,US,2515,,,376319,0
Dec 31 2024,UniSuper,Balanced,Listed Equity,1,LIBERTY MEDIA CORP ORD SHS SERIES C,,US5312297220,US,1115,,,122604,0
Dec 31 2024,UniSuper,Balanced,Listed Equity,1,LIFCO AB SER B NPV,,SE0015949201,SE,2657,,,124498,0
Dec 31 2024,UniSuper,Balanced,Listed Equity,1,LIFE CORP,,JP3966600003,JP,4060,,,146666,0
Dec 31 2024,UniSuper,Balanced,Listed Equity,1,LIFE360 INC,,AU0000045098,AU,413261,,,9314913,0.0002
Dec 31 2024,UniSuper,Balanced,Listed Equity,1,LIGHT AND WONDER INC,,AU0000278103,AU,33328,,,4571332,0.0001
Dec 31 2024,UniSuper,Balanced,Listed Equity,1,LIGHTSPEED COMMERCE INC,,CA53229C1077,CA,99449,,,2446333,0
Dec 31 2024,UniSuper,Balanced,Listed Equity,1,LILLY (ELI) & CO USD,,US5324571083,US,134997,,,168323360,0.0032
Dec 31 2024,UniSuper,Balanced,Listed Equity,1,LINCOLN NATL CORPORATION IND USD,,US5341871094,US,8227,,,421373,0
Dec 31 2024,UniSuper,Balanced,Listed Equity,1,LINDE PLC,,IE000S9YS762,IE,14847,,,10039670,0.0002
Dec 31 2024,UniSuper,Balanced,Listed Equity,1,LINDT & SPRUENGLI AG-PC,,CH0010570767,CH,12,,,214357,0
Dec 31 2024,UniSuper,Balanced,Listed Equity,1,LINDT & SPRUENGLI AG-REG,,CH0010570759,CH,1,,,224071,0
Dec 31 2024,UniSuper,Balanced,Listed Equity,1,LION CORPORATION,,JP3965400009,JP,6329,,,114638,0
Dec 31 2024,UniSuper,Balanced,Listed Equity,1,LIVANOVA PLC,,GB00BYMT0J19,GB,52176,,,3902552,0.0001
Dec 31 2024,UniSuper,Balanced,Listed Equity,1,LIVE NATION INC,,US5380341090,US,8229,,,1721167,0
Dec 31 2024,UniSuper,Balanced,Listed Equity,1,LIVERAMP HOLDINGS,,US53815P1084,US,1831,,,89825,0
Dec 31 2024,UniSuper,Balanced,Listed Equity,1,LIXIL CORPORATION,,JP3626800001,JP,40631,,,720507,0
Dec 31 2024,UniSuper,Balanced,Listed Equity,1,LKQ CORP COM,,US5018892084,US,19867,,,1179218,0
Dec 31 2024,UniSuper,Balanced,Listed Equity,1,LLOYDS BANKING GP ADR,,US5394391099,US,254026,,,1115968,0
Dec 31 2024,UniSuper,Balanced,Listed Equity,1,LLOYDS BANKING GROUP PLC,,GB0008706128,GB,18001342,,,19946839,0.0004
Dec 31 2024,UniSuper,Balanced,Listed Equity,1,LOBLAW COMPANIES LTD,,CA5394811015,CA,1823,,,387288,0
Dec 31 2024,UniSuper,Balanced,Listed Equity,1,LOCKHEED MARTIN CORP COM STK USD0.01,,US5398301094,US,76133,,,59752967,0.0011
Dec 31 2024,UniSuper,Balanced,Listed Equity,1,LOEWS CORP,,US5404241086,US,11415,,,1561329,0
Dec 31 2024,UniSuper,Balanced,Listed Equity,1,LOGISTA INTEGRAL S A,,ES0105027009,ES,5362,,,261861,0
Dec 31 2024,UniSuper,Balanced,Listed Equity,1,LOGITECH INTERNATIONAL SA,,CH0025751329,CH,1830,,,244732,0
Dec 31 2024,UniSuper,Balanced,Listed Equity,1,LOJAS RENNER SA,,BRLRENACNOR1,BR,593230,,,1879717,0
Dec 31 2024,UniSuper,Balanced,Listed Equity,1,LONCIN MOTOR ORD SHS A,,CNE100001JP2,CN,1762443,,,3548807,0.0001
Dec 31 2024,UniSuper,Balanced,Listed Equity,1,LONDON STOCK EXCHANGE,,GB00B0SWJX34,GB,376411,,,85923393,0.0016
Dec 31 2024,UniSuper,Balanced,Listed Equity,1,LONZA AG - REG,,CH0013841017,CH,869,,,829595,0
Dec 31 2024,UniSuper,Balanced,Listed Equity,1,LOOMIS AB NPV,,SE0014504817,SE,1440,,,70788,0
Dec 31 2024,UniSuper,Balanced,Listed Equity,1,LOREAL EUR 0.2 PRIME DE FIDELITE 2,,FR001400M8G9,FR,2720,,,1555131,0
Dec 31 2024,UniSuper,Balanced,Listed Equity,1,LOREAL EUR PRIME FIDELIT REGD,,FR0011149590,FR,23260,,,13298288,0.0003
Dec 31 2024,UniSuper,Balanced,Listed Equity,1,LOTTE SHOPPING CO,,KR7023530009,KR,271,,,16107,0
Dec 31 2024,UniSuper,Balanced,Listed Equity,1,LOTTERY CORPORATION LIMITED,,AU0000219529,AU,32020921,,,158183349,0.003
Dec 31 2024,UniSuper,Balanced,Listed Equity,1,LOTUS BAKERIES NV,,BE0003604155,BE,4,,,79336,0
Dec 31 2024,UniSuper,Balanced,Listed Equity,1,LOUISIANA-PACIFIC CORP,,US5463471053,US,1600,,,267522,0
Dec 31 2024,UniSuper,Balanced,Listed Equity,1,LOVISA HOLDINGS LIMITED ORDINARY FULLY PAID,,AU000000LOV7,AU,229757,,,6929478,0.0001
Dec 31 2024,UniSuper,Balanced,Listed Equity,1,LOWE'S COMPANIES INC,,US5486611073,US,18244,,,7272298,0.0001
Dec 31 2024,UniSuper,Balanced,Listed Equity,1,LPL FINANCIAL HOLDINGS INC,,US50212V1008,US,1006,,,530420,0
Dec 31 2024,UniSuper,Balanced,Listed Equity,1,LS CORP,,KR7006260004,KR,458,,,47380,0
Dec 31 2024,UniSuper,Balanced,Listed Equity,1,LT GROUP INC,,PHY5342M1000,PH,1233301,,,361574,0
Dec 31 2024,UniSuper,Balanced,Listed Equity,1,LULULEMON ATHLETIC,,US5500211090,US,24217,,,14957344,0.0003
Dec 31 2024,UniSuper,Balanced,Listed Equity,1,LUMENTUM HOLDINGS INC,,US55024U1097,US,2711,,,367588,0
Dec 31 2024,UniSuper,Balanced,Listed Equity,1,LUNDIN GOLD INC,,CA5503711080,CA,2151,,,74062,0
Dec 31 2024,UniSuper,Balanced,Listed Equity,1,LUNDIN MINING CORP,,CA5503721063,CA,7481,,,103920,0
Dec 31 2024,UniSuper,Balanced,Listed Equity,1,LUPIN LTD,,INE326A01037,IN,44501,,,1977664,0
Dec 31 2024,UniSuper,Balanced,Listed Equity,1,LVMH MOET HENNESSY VUITTON SE,,FR0000121014,FR,30629,,,32554011,0.0006
Dec 31 2024,UniSuper,Balanced,Listed Equity,1,Z HOLDINGS CORPORATION,,JP3933800009,JP,30489,,,131411,0
Dec 31 2024,UniSuper,Balanced,Listed Equity,1,LYCOPODIUM LTD,,AU000000LYL7,AU,8323,,,82726,0
Dec 31 2024,UniSuper,Balanced,Listed Equity,1,LYNAS RARE EARTHS LTD,,AU000000LYC6,AU,7726915,,,49684064,0.0009
Dec 31 2024,UniSuper,Balanced,Listed Equity,1,LYONDELLBASELL INDUSTRIES,,NL0009434992,NL,13999,,,1679250,0
Dec 31 2024,UniSuper,Balanced,Listed Equity,1,M AND G PRUDENTIAL PLC ORD,,GB00BKFB1C65,GB,25763,,,103104,0
Dec 31 2024,UniSuper,Balanced,Listed Equity,1,M3 INC NPV,,JP3435750009,JP,5029,,,72202,0
Dec 31 2024,UniSuper,Balanced,Listed Equity,1,MACMAHON HOLDINGS,,AU000000MAH3,AU,1113003,,,383986,0
Dec 31 2024,UniSuper,Balanced,Listed Equity,1,MACQUARIE GROUP LTD,,AU000000MQG1,AU,2058981,,,456373172,0.0086
Dec 31 2024,UniSuper,Balanced,Listed Equity,1,MACYS INC,,US55616P1049,US,7094,,,193968,0
Dec 31 2024,UniSuper,Balanced,Listed Equity,1,MADER GROUP LIMITED ORDINARY FULLY PAID,,AU0000056269,AU,41292,,,248580,0
Dec 31 2024,UniSuper,Balanced,Listed Equity,1,MADRIGAL PHARMACEUTICALS INC,,US5588681057,US,13373,,,6664752,0.0001
Dec 31 2024,UniSuper,Balanced,Listed Equity,1,MAGELLAN FINANCIAL GROUP LIMITED,,AU000000MFG4,AU,64184,,,713727,0
Dec 31 2024,UniSuper,Balanced,Listed Equity,1,MAGNA INTERNATIONAL INC,,CA5592224011,CA,3269,,,220555,0
Dec 31 2024,UniSuper,Balanced,Listed Equity,1,MAGNERA CORP,,US55939A1079,US,2387,,,70037,0
Dec 31 2024,UniSuper,Balanced,Listed Equity,1,MAHINDRA & MAHINDRA LIMITED,,INE101A01026,IN,203014,,,11516852,0.0002
Dec 31 2024,UniSuper,Balanced,Listed Equity,1,MAINFREIGHT LIMITED,,NZMFTE0001S9,NZ,19126,,,1272037,0
Dec 31 2024,UniSuper,Balanced,Listed Equity,1,MAIRE TECNIMONT SPA,,IT0004931058,IT,99570,,,1375513,0
Dec 31 2024,UniSuper,Balanced,Listed Equity,1,MAISONS DU MONDE SA,,FR0013153541,FR,3556,,,25660,0
Dec 31 2024,UniSuper,Balanced,Listed Equity,1,MAKEMYTRIP LTD,,MU0295S00016,MU,16975,,,3078300,0.0001
Dec 31 2024,UniSuper,Balanced,Listed Equity,1,MAKITA CORPORATION,,JP3862400003,JP,58271,,,2900210,0.0001
Dec 31 2024,UniSuper,Balanced,Listed Equity,1,MALAYAN FLOUR MILLS ORD SHS,,MYL3662OO003,MY,157091,,,29506,0
Dec 31 2024,UniSuper,Balanced,Listed Equity,1,MAMMY MART CORP,,JP3870200007,JP,1768,,,75151,0
Dec 31 2024,UniSuper,Balanced,Listed Equity,1,MAN GROUP PLC N ORD,,JE00BJ1DLW90,JE,514607,,,2231762,0
Dec 31 2024,UniSuper,Balanced,Listed Equity,1,MANHATTAN ASSOCIATES INC,,US5627501092,US,832,,,363219,0
Dec 31 2024,UniSuper,Balanced,Listed Equity,1,MANKIND PHARMA LTD,,INE634S01028,IN,31073,,,1688487,0
Dec 31 2024,UniSuper,Balanced,Listed Equity,1,MANULIFE FINANCIAL CORP,,CA56501R1064,CA,21185,,,1050614,0
Dec 31 2024,UniSuper,Balanced,Listed Equity,1,MAPFRE SA,,ES0124244E34,ES,131147,,,536499,0
Dec 31 2024,UniSuper,Balanced,Listed Equity,1,MARATHON PETROL COM,,US56585A1025,US,12641,,,2848130,0.0001
Dec 31 2024,UniSuper,Balanced,Listed Equity,1,MARCOPOLO ORD SHS,,BRPOMOACNOR0,BR,259282,,,381635,0
Dec 31 2024,UniSuper,Balanced,Listed Equity,1,MARKEL CORPORATION,,US5705351048,US,157,,,438169,0
Dec 31 2024,UniSuper,Balanced,Listed Equity,1,MARKETAXESS HLDGS COM,,US57060D1081,US,3292,,,1201891,0
Dec 31 2024,UniSuper,Balanced,Listed Equity,1,MARKS & SPENCER GROUP,,GB0031274896,GB,30520,,,231812,0
Dec 31 2024,UniSuper,Balanced,Listed Equity,1,MARRIOTT INTL INCUSD,,US5719032022,US,26354,,,11872950,0.0002
Dec 31 2024,UniSuper,Balanced,Listed Equity,1,MARRIOTT VACATIONS WORLDWIDE CORP,,US57164Y1073,US,957,,,138818,0
Dec 31 2024,UniSuper,Balanced,Listed Equity,1,MARSH & MCLENNAN COM,,US5717481023,US,16363,,,5613450,0.0001
Dec 31 2024,UniSuper,Balanced,Listed Equity,1,MARSHALLS PLC,,GB00B012BV22,GB,9088,,,54140,0
Dec 31 2024,UniSuper,Balanced,Listed Equity,1,MARTIN MARIETTA MATERIALS,,US5732841060,US,2700,,,2252314,0
Dec 31 2024,UniSuper,Balanced,Listed Equity,1,MARUBENI CORPORATION,,JP3877600001,JP,17162,,,421964,0
Dec 31 2024,UniSuper,Balanced,Listed Equity,1,MARUI GROUP CO LTD,,JP3870400003,JP,9165,,,236840,0
Dec 31 2024,UniSuper,Balanced,Listed Equity,1,MARVELL TECHNOLOGY COM,,US5738741041,US,67487,,,12039018,0.0002
Dec 31 2024,UniSuper,Balanced,Listed Equity,1,MAS FINANCIAL SERVICES LTD,,INE348L01012,IN,24873,,,129180,0
Dec 31 2024,UniSuper,Balanced,Listed Equity,1,MASCO CORP USD,,US5745991068,US,12541,,,1469898,0
Dec 31 2024,UniSuper,Balanced,Listed Equity,1,MASTEC INC,,US5763231090,US,1614,,,354936,0
Dec 31 2024,UniSuper,Balanced,Listed Equity,1,MASTERCARD INC - CLASS A,,US57636Q1040,US,190765,,,162240284,0.0031
Dec 31 2024,UniSuper,Balanced,Listed Equity,1,MATCH GROUP INC,,US57667L1070,US,22927,,,1211227,0
Dec 31 2024,UniSuper,Balanced,Listed Equity,1,MATSUKIYOCOCOKARA AND CO,,JP3869010003,JP,60982,,,1444561,0
Dec 31 2024,UniSuper,Balanced,Listed Equity,1,MATTEL INC COM USD1.00,,US5770811025,US,8583,,,245793,0
Dec 31 2024,UniSuper,Balanced,Listed Equity,1,MAYNE PHARMA GROUP LIMITED ORDINARY FULLY PAID,,AU000000MYX0,AU,9296,,,46201,0
Dec 31 2024,UniSuper,Balanced,Listed Equity,1,MAZDA MOTOR CORP,,JP3868400007,JP,15017,,,167210,0
Dec 31 2024,UniSuper,Balanced,Listed Equity,1,MCCORMICK AND COMPANY INC,,US5797802064,US,13324,,,1640711,0
Dec 31 2024,UniSuper,Balanced,Listed Equity,1,MCDONALD'S CORP,,US5801351017,US,209124,,,97913334,0.0019
Dec 31 2024,UniSuper,Balanced,Listed Equity,1,MCDONALDS HOLDINGS CO JAPAN,,JP3750500005,JP,1006,,,63984,0
Dec 31 2024,UniSuper,Balanced,Listed Equity,1,MCKESSON CORP,,US58155Q1031,US,11253,,,10357817,0.0002
Dec 31 2024,UniSuper,Balanced,Listed Equity,1,MCMILLAN SHAKESPEARE LIMITED,,AU000000MMS5,AU,24504,,,367555,0
Dec 31 2024,UniSuper,Balanced,Listed Equity,1,MDA SPACE LTD COM NPV,,CA55293N1096,CA,2572,,,85292,0
Dec 31 2024,UniSuper,Balanced,Listed Equity,1,MEBUKIFINANCIAL G NPV,,JP3117700009,JP,127357,,,840667,0
Dec 31 2024,UniSuper,Balanced,Listed Equity,1,MEDIATEK INC,,TW0002454006,TW,398415,,,27773291,0.0005
Dec 31 2024,UniSuper,Balanced,Listed Equity,1,MEDIBANK PRIVATE LIMITED,,AU000000MPL3,AU,16123491,,,61108032,0.0012
Dec 31 2024,UniSuper,Balanced,Listed Equity,1,MEDINCELL SA ORD SHS,,FR0004065605,FR,19228,,,534463,0
Dec 31 2024,UniSuper,Balanced,Listed Equity,1,MEDIOBANCA BANCA DI ITL,,IT0000062957,IT,5811,,,136792,0
Dec 31 2024,UniSuper,Balanced,Listed Equity,1,MEDIPAL HOLDINGS CORPORATION,,JP3268950007,JP,4866,,,119048,0
Dec 31 2024,UniSuper,Balanced,Listed Equity,1,MEDLEY INC,,JP3921310003,JP,91338,,,3599802,0.0001
Dec 31 2024,UniSuper,Balanced,Listed Equity,1,MEDPACE HOLDINGS INC,,US58506Q1094,US,660,,,354349,0
Dec 31 2024,UniSuper,Balanced,Listed Equity,1,MEDTRONIC PLC,,IE00BTN1Y115,IE,75304,,,9715444,0.0002
Dec 31 2024,UniSuper,Balanced,Listed Equity,1,MEG ENERGY CORP,,CA5527041084,CA,3080,,,81638,0
Dec 31 2024,UniSuper,Balanced,Listed Equity,1,MEGAPORT LIMITED ORDINARY FULLY PAID,,AU000000MP15,AU,766354,,,5648030,0.0001
Dec 31 2024,UniSuper,Balanced,Listed Equity,1,MEIDENSHA CORPORATION,,JP3919800007,JP,1702,,,76510,0
Dec 31 2024,UniSuper,Balanced,Listed Equity,1,MEIJI HOLDINGS CO NPV,,JP3918000005,JP,2703,,,88923,0
Dec 31 2024,UniSuper,Balanced,Listed Equity,1,MEITUAN,,KYG596691041,KY,769058,,,24257291,0.0005
Dec 31 2024,UniSuper,Balanced,Listed Equity,1,MELCO RESORTS AND ENTERTAINMENT ADR,,US5854641009,US,107914,,,1009161,0
Dec 31 2024,UniSuper,Balanced,Listed Equity,1,MELROSE INDUSTRIES PLC,,GB00BNGDN821,GB,15516,,,173812,0
Dec 31 2024,UniSuper,Balanced,Listed Equity,1,MEMBERS CO LTD,,JP3921700005,JP,3032,,,32496,0
Dec 31 2024,UniSuper,Balanced,Listed Equity,1,MERCADOLIBRE INC,,US58733R1023,US,14160,,,38888602,0.0007
Dec 31 2024,UniSuper,Balanced,Listed Equity,1,MERCADOLIBRE ORD SHS,,US58733R1023,US,43,,,118599,0
Dec 31 2024,UniSuper,Balanced,Listed Equity,1,MERCEDES-BENZ GROUP AG,,DE0007100000,DE,12179,,,1095873,0
Dec 31 2024,UniSuper,Balanced,Listed Equity,1,MERCK & CO INC NEW COM,,US58933Y1055,US,468177,,,75222849,0.0014
Dec 31 2024,UniSuper,Balanced,Listed Equity,1,MERCK KGAA,,DE0006599905,DE,1555,,,363891,0
Dec 31 2024,UniSuper,Balanced,Listed Equity,1,MERCURY GENERAL CORP,,US5894001008,US,1277,,,137164,0
Dec 31 2024,UniSuper,Balanced,Listed Equity,1,MERIDA INDUSTRY CO LIMITED,,TW0009914002,TW,881445,,,6557038,0.0001
Dec 31 2024,UniSuper,Balanced,Listed Equity,1,MERIDIAN ENERGY LIMITED ORDINARY FULLY PAID EX PPD DEFERRED SETTLEMENT,,NZMELE0002S7,NZ,303052,,,1633449,0
Dec 31 2024,UniSuper,Balanced,Listed Equity,1,MERIDIAN ENERGY LT NPV,,NZMELE0002S7,NZ,14749,,,78875,0
Dec 31 2024,UniSuper,Balanced,Listed Equity,1,MERUS NV,,NL0011606264,NL,46887,,,3184338,0.0001
Dec 31 2024,UniSuper,Balanced,Listed Equity,1,MESOBLAST LIMITED,,AU000000MSB8,AU,22298,,,69124,0
Dec 31 2024,UniSuper,Balanced,Listed Equity,1,META PLATFORMS INC,,US30303M1027,US,381216,,,360503344,0.0068
Dec 31 2024,UniSuper,Balanced,Listed Equity,1,METCASH LIMITED,,AU000000MTS0,AU,4705430,,,14586835,0.0003
Dec 31 2024,UniSuper,Balanced,Listed Equity,1,METLIFE INC,,US59156R1086,US,124349,,,16444671,0.0003
Dec 31 2024,UniSuper,Balanced,Listed Equity,1,METRO BANK HOLDINGS PLC,,GB00BMX3W479,GB,12155,,,23161,0
Dec 31 2024,UniSuper,Balanced,Listed Equity,1,METRO INC - A,,CA59162N1096,CA,2577,,,260936,0
Dec 31 2024,UniSuper,Balanced,Listed Equity,1,METROPOLITAN BANK & TRUST COMPANY,,PHY6028G1361,PH,92329,,,185614,0
Dec 31 2024,UniSuper,Balanced,Listed Equity,1,METSO CORPORATION,,FI0009014575,FI,7085,,,106403,0
Dec 31 2024,UniSuper,Balanced,Listed Equity,1,METTLER TOLEDO INTL,,US5926881054,US,1010,,,1996858,0
Dec 31 2024,UniSuper,Balanced,Listed Equity,1,MGIC INVESTMENT CORP,,US5528481030,US,187832,,,7192903,0.0001
Dec 31 2024,UniSuper,Balanced,Listed Equity,1,MGM RESORTS INTERNATIONAL,,US5529531015,US,19616,,,1097807,0
Dec 31 2024,UniSuper,Balanced,Listed Equity,1,MI HOMES INC,,US55305B1017,US,673,,,144430,0
Dec 31 2024,UniSuper,Balanced,Listed Equity,1,MICHELIN CGDE,,FR001400AJ45,FR,8038,,,427513,0
Dec 31 2024,UniSuper,Balanced,Listed Equity,1,MICROCHIP TECHNOLOGY INC,,US5950171042,US,61055,,,5655381,0.0001
Dec 31 2024,UniSuper,Balanced,Listed Equity,1,MICRON TECHNOLOGY INC USD,,US5951121038,US,113813,,,15470467,0.0003
Dec 31 2024,UniSuper,Balanced,Listed Equity,1,MICROSOFT CORP,,US5949181045,US,1326848,,,903280924,0.0171
Dec 31 2024,UniSuper,Balanced,Listed Equity,1,MICROSOFT ORD SHS,,US5949181045,US,215,,,147556,0
Dec 31 2024,UniSuper,Balanced,Listed Equity,1,MICROSTRATEGY COM USD0.001 CLASS A,,US5949724083,US,2200,,,1029200,0
Dec 31 2024,UniSuper,Balanced,Listed Equity,1,MIDEA GROUP CO LTD,,CNE100001QQ5,CN,303503,,,5051526,0.0001
Dec 31 2024,UniSuper,Balanced,Listed Equity,1,MIGDAL INSURANCE AND FINANCIAL HOLDINGS LTD,,IL0010811656,IL,93761,,,284985,0
Dec 31 2024,UniSuper,Balanced,Listed Equity,1,MINEBEA MITSUMI INC,,JP3906000009,JP,4149,,,109560,0
Dec 31 2024,UniSuper,Balanced,Listed Equity,1,MINERAL RESOURCES LTD,,AU000000MIN4,AU,462838,,,15852192,0.0003
Dec 31 2024,UniSuper,Balanced,Listed Equity,1,MINTH GROUP LTD,,KYG6145U1094,KY,23286,,,73206,0
Dec 31 2024,UniSuper,Balanced,Listed Equity,1,MIRAE ASSET SECURITIES CO LTD,,KR7006801005,KR,6321,,,29612,0
Dec 31 2024,UniSuper,Balanced,Listed Equity,1,MIRION TECHNOLOGIES CL A ORD,,US60471A1016,US,214933,,,6057631,0.0001
Dec 31 2024,UniSuper,Balanced,Listed Equity,1,MIRUM PHARMACEUTICALS INC,,US6047491013,US,145641,,,9726629,0.0002
Dec 31 2024,UniSuper,Balanced,Listed Equity,1,MISUMI GROUP INC,,JP3885400006,JP,14867,,,375099,0
Dec 31 2024,UniSuper,Balanced,Listed Equity,1,MITIE GROUP PLC,,GB0004657408,GB,50865,,,113176,0
Dec 31 2024,UniSuper,Balanced,Listed Equity,1,MITSUBISHI CHEMICAL GROUP CORPORATION,,JP3897700005,JP,15464,,,127094,0
Dec 31 2024,UniSuper,Balanced,Listed Equity,1,MITSUBISHI CORP,,JP3898400001,JP,196854,,,5268011,0.0001
Dec 31 2024,UniSuper,Balanced,Listed Equity,1,MITSUBISHI ELECTRIC,,JP3902400005,JP,60120,,,1660156,0
Dec 31 2024,UniSuper,Balanced,Listed Equity,1,MITSUBISHI HC CAPITAL INC,,JP3499800005,JP,9178,,,98284,0
Dec 31 2024,UniSuper,Balanced,Listed Equity,1,MITSUBISHI HEAVY INDUSTRIES LTD,,JP3900000005,JP,45660,,,1043123,0
Dec 31 2024,UniSuper,Balanced,Listed Equity,1,MITSUBISHI UFJ FINANCIAL,,JP3902900004,JP,1634607,,,31010385,0.0006
Dec 31 2024,UniSuper,Balanced,Listed Equity,1,MITSUI AND CO NPV,,JP3893600001,JP,30363,,,1033160,0
Dec 31 2024,UniSuper,Balanced,Listed Equity,1,MITSUI CHEMICALS INC,,JP3888300005,JP,52579,,,1875024,0
Dec 31 2024,UniSuper,Balanced,Listed Equity,1,MITSUI SOKO CO LTD NPV,,JP3891200002,JP,15315,,,1167849,0
Dec 31 2024,UniSuper,Balanced,Listed Equity,1,MIXI INC,,JP3882750007,JP,4239,,,132878,0
Dec 31 2024,UniSuper,Balanced,Listed Equity,1,MIZUHO FINANCIAL GROUP INC,,JP3885780001,JP,741464,,,29512074,0.0006
Dec 31 2024,UniSuper,Balanced,Listed Equity,1,MIZUNO CORP,,JP3905200006,JP,1015,,,93466,0
Dec 31 2024,UniSuper,Balanced,Listed Equity,1,MOBICO GROUP PLC,,GB0006215205,GB,19609,,,31455,0
Dec 31 2024,UniSuper,Balanced,Listed Equity,1,MODEC INC,,JP3888250002,JP,74038,,,2545151,0
Dec 31 2024,UniSuper,Balanced,Listed Equity,1,MODERNA INC,,US60770K1079,US,21928,,,1472641,0
Dec 31 2024,UniSuper,Balanced,Listed Equity,1,MOHAWK INDUSTRIES INC,,US6081901042,US,7986,,,1536669,0
Dec 31 2024,UniSuper,Balanced,Listed Equity,1,MOLINA HEALTHCARE INC,,US60855R1005,US,3334,,,1567036,0
Dec 31 2024,UniSuper,Balanced,Listed Equity,1,MOLSON COORS BEVERAGE CO,,US60871R2094,US,12876,,,1192077,0
Dec 31 2024,UniSuper,Balanced,Listed Equity,1,MOLTEN VENTURES PLC,,GB00BY7QYJ50,GB,5937,,,38310,0
Dec 31 2024,UniSuper,Balanced,Listed Equity,1,MOMENTUM METROPOLI ZAR0.000001,,ZAE000269890,ZA,128796,,,333584,0
Dec 31 2024,UniSuper,Balanced,Listed Equity,1,MONADELPHOUS GROUP LIMITED,,AU000000MND5,AU,42584,,,596171,0
Dec 31 2024,UniSuper,Balanced,Listed Equity,1,MONCLER SPA,,IT0004965148,IT,5062,,,431634,0
Dec 31 2024,UniSuper,Balanced,Listed Equity,1,MONDAY COM LTD,,IL0011762130,IL,29037,,,11041615,0.0002
Dec 31 2024,UniSuper,Balanced,Listed Equity,1,MONDELEZ INTERNATIONAL INC,,US6092071058,US,282810,,,27282926,0.0005
Dec 31 2024,UniSuper,Balanced,Listed Equity,1,MONDI PLC ORD EUR0.22,,GB00BMWC6P49,GB,7525,,,181433,0
Dec 31 2024,UniSuper,Balanced,Listed Equity,1,MONGODB INC,,US60937P1066,US,880,,,330928,0
Dec 31 2024,UniSuper,Balanced,Listed Equity,1,MONOLITHIC POWER SYSTEMS INC,,US6098391054,US,5628,,,5378331,0.0001
Dec 31 2024,UniSuper,Balanced,Listed Equity,1,MONOTARO CO LTD,,JP3922950005,JP,3960,,,108752,0
Dec 31 2024,UniSuper,Balanced,Listed Equity,1,MONSTER BEVERAGE SHS ORD,,US61174X1090,US,30395,,,2580256,0
Dec 31 2024,UniSuper,Balanced,Listed Equity,1,MONY GROUP PLC,,GB00B1ZBKY84,GB,31375,,,121916,0
Dec 31 2024,UniSuper,Balanced,Listed Equity,1,MOODYS CORPORATION,,US6153691059,US,5960,,,4556699,0.0001
Dec 31 2024,UniSuper,Balanced,Listed Equity,1,MOONLAKE IMMUNOTHERAPEUTICS,,KY61559X1045,KY,52193,,,4564737,0.0001
Dec 31 2024,UniSuper,Balanced,Listed Equity,1,MORGAN ADVANCED MATERIALS PLC,,GB0006027295,GB,16123,,,88710,0
Dec 31 2024,UniSuper,Balanced,Listed Equity,1,MORGAN SINDALL GROUP PLC,,GB0008085614,GB,1734,,,136821,0
Dec 31 2024,UniSuper,Balanced,Listed Equity,1,MORGAN STANLEY INVESTMENT MANAGEMENT (AUSTRALIA) PTY LIMITED,,US6174464486,US,435115,,,88351175,0.0017
Dec 31 2024,UniSuper,Balanced,Listed Equity,1,MORINAGA MILK IND NPV,,JP3926800008,JP,2269,,,68262,0
Dec 31 2024,UniSuper,Balanced,Listed Equity,1,MORNINGSTAR INC,,US6177001095,US,1178,,,640907,0
Dec 31 2024,UniSuper,Balanced,Listed Equity,1,MOSAIC CO COM,,US61945C1036,US,27072,,,1074729,0
Dec 31 2024,UniSuper,Balanced,Listed Equity,1,MOTOMOTION CHINA CORP,,CNE100004RH6,CN,162033,,,2215741,0
Dec 31 2024,UniSuper,Balanced,Listed Equity,1,MOTOR OIL HELLAS CORINTH REFINERIES SA,,GRS426003000,GR,1224,,,42252,0
Dec 31 2024,UniSuper,Balanced,Listed Equity,1,MOTOROLA SOLUTIONS INC,,US6200763075,US,35521,,,26518599,0.0005
Dec 31 2024,UniSuper,Balanced,Listed Equity,1,MOWI ASA,,NO0003054108,NO,5304,,,146890,0
Dec 31 2024,UniSuper,Balanced,Listed Equity,1,MPC CONTAINER SHIPS ASA,,NO0010791353,NO,7631,,,22496,0
Dec 31 2024,UniSuper,Balanced,Listed Equity,1,MR COOPER GROUP INC,,US62482R1077,US,1447,,,224340,0
Dec 31 2024,UniSuper,Balanced,Listed Equity,1,MR PRICE GROUP,,ZAE000200457,ZA,7602,,,192111,0
Dec 31 2024,UniSuper,Balanced,Listed Equity,1,MS & AD INSURANCE GROUP HOLDINGS,,JP3890310000,JP,269483,,,9551818,0.0002
Dec 31 2024,UniSuper,Balanced,Listed Equity,1,MSCI INC,,US55354G1004,US,7439,,,7209129,0.0001
Dec 31 2024,UniSuper,Balanced,Listed Equity,1,MTR CORP,,HK0066009694,HK,17602,,,99180,0
Dec 31 2024,UniSuper,Balanced,Listed Equity,1,MTU AERO ENGINES AG,,DE000A0D9PT0,DE,877,,,472504,0
Dec 31 2024,UniSuper,Balanced,Listed Equity,1,MUELLER INDS INC COM USD0.01,,US6247561029,US,12136,,,1555575,0
Dec 31 2024,UniSuper,Balanced,Listed Equity,1,MUELLER WATER PRODUCTS INC-A,,US6247581084,US,14754,,,536147,0
Dec 31 2024,UniSuper,Balanced,Listed Equity,1,MUENCHENER RUECKVER RG-REG,,DE0008430026,DE,1912,,,1557590,0
Dec 31 2024,UniSuper,Balanced,Listed Equity,1,MULTI COMMODITY EXCHANGE OF INDIA LTD,,INE745G01035,IN,8096,,,952124,0
Dec 31 2024,UniSuper,Balanced,Listed Equity,1,MUNTERS GROUP AB,,SE0009806607,SE,2721,,,73993,0
Dec 31 2024,UniSuper,Balanced,Listed Equity,1,MURATA MANUFACTURING CO,,JP3914400001,JP,91863,,,2416330,0
Dec 31 2024,UniSuper,Balanced,Listed Equity,1,MUTOH HOLDINGS ORD SHS,,JP3914000009,JP,455,,,12188,0
Dec 31 2024,UniSuper,Balanced,Listed Equity,1,MYER HOLDINGS LTD,,AU000000MYR2,AU,202350,,,248890,0
Dec 31 2024,UniSuper,Balanced,Listed Equity,1,NAGASE & CO LTD,,JP3647800006,JP,14569,,,482853,0
Dec 31 2024,UniSuper,Balanced,Listed Equity,1,NAGOYA RAILROAD CO LTD,,JP3649800004,JP,4777,,,86029,0
Dec 31 2024,UniSuper,Balanced,Listed Equity,1,NANOSONICS LTD,,AU000000NAN9,AU,912643,,,2747057,0.0001
Dec 31 2024,UniSuper,Balanced,Listed Equity,1,NARI TECHOLOGY CO LTD,,CNE000001G38,CN,32035,,,178768,0
Dec 31 2024,UniSuper,Balanced,Listed Equity,1,NASDAQ INC,,US6311031081,US,43522,,,5434407,0.0001
Dec 31 2024,UniSuper,Balanced,Listed Equity,1,NATIONAL AUSTRALIA BANK LIMITED,,AU000000NAB4,AU,12327959,,,457367294,0.0087
Dec 31 2024,UniSuper,Balanced,Listed Equity,1,NATIONAL AUSTRALIA BANK LIMITED CAP NOTE 3-BBSW+4.00% PERP NON-CUM RED T-06-26,,AU0000039042,AU,1864415,,,194756751,0.0037
Dec 31 2024,UniSuper,Balanced,Listed Equity,1,NATIONAL AUSTRALIA BANK LIMITED CAP NOTE 3-BBSW+3.15% PERP NON-CUM RED T-12-29,,AU0000226961,AU,2428512,,,255576629,0.0048
Dec 31 2024,UniSuper,Balanced,Listed Equity,1,NATIONAL AUSTRALIA BANK LIMITED CAP NOTE 3-BBSW+3.50% PERP NON-CUM RED T-12-27,,AU0000124042,AU,214639,,,22515633,0.0004
Dec 31 2024,UniSuper,Balanced,Listed Equity,1,NATIONAL AUSTRALIA BANK LIMITED,,AU0000293813,AU,139,,,14431,0
Dec 31 2024,UniSuper,Balanced,Listed Equity,1,NATIONAL BANK OF CANADA,,CA6330671034,CA,4086,,,601314,0
Dec 31 2024,UniSuper,Balanced,Listed Equity,1,NATWEST GROUP PLC ORD,,GB00BM8PJY71,GB,99085,,,805915,0
Dec 31 2024,UniSuper,Balanced,Listed Equity,1,NAVER CORP,,KR7035420009,KR,615,,,134186,0
Dec 31 2024,UniSuper,Balanced,Listed Equity,1,NCC GROUP PLC,,GB00B01QGK86,GB,12501,,,38082,0
Dec 31 2024,UniSuper,Balanced,Listed Equity,1,NEC CORPORATION,,JP3733000008,JP,2955,,,416594,0
Dec 31 2024,UniSuper,Balanced,Listed Equity,1,NEC ELECTRONICS CORP,,JP3164720009,JP,23134,,,486543,0
Dec 31 2024,UniSuper,Balanced,Listed Equity,1,NEMETSCHEK AG,,DE0006452907,DE,658,,,103033,0
Dec 31 2024,UniSuper,Balanced,Listed Equity,1,NEOGENOMICS INC,,US64049M2098,US,70185,,,1868113,0
Dec 31 2024,UniSuper,Balanced,Listed Equity,1,NEOJAPAN INC,,JP3758230001,JP,20716,,,373427,0
Dec 31 2024,UniSuper,Balanced,Listed Equity,1,NESTE OYJ,,FI0009013296,FI,7145,,,144891,0
Dec 31 2024,UniSuper,Balanced,Listed Equity,1,NESTLE INDIA INR1 POST SUB,,INE239A01024,IN,40877,,,1673451,0
Dec 31 2024,UniSuper,Balanced,Listed Equity,1,NESTLE SA,,CH0038863350,CH,276206,,,36859993,0.0007
Dec 31 2024,UniSuper,Balanced,Listed Equity,1,NETAPP INC,,US64110D1046,US,24902,,,4668772,0.0001
Dec 31 2024,UniSuper,Balanced,Listed Equity,1,NETEASE INC,,KYG6427A1022,KY,8185,,,235548,0
Dec 31 2024,UniSuper,Balanced,Listed Equity,1,NETEASE INC SPON ADS EACH REP 25 ORD SH,,US64110W1027,US,21990,,,3168376,0.0001
Dec 31 2024,UniSuper,Balanced,Listed Equity,1,NETFLIX INC,,US64110L1061,US,96027,,,138240310,0.0026
Dec 31 2024,UniSuper,Balanced,Listed Equity,1,NETWEALTH GROUP LTD,,AU000000NWL7,AU,73016,,,2099198,0
Dec 31 2024,UniSuper,Balanced,Listed Equity,1,NEUREN PHARMACEUTICALS LTD,,NZNEUE0001S8,NZ,7818,,,97731,0
Dec 31 2024,UniSuper,Balanced,Listed Equity,1,NEUROCRINE BIOSCIENCES INC,,US64125C1099,US,21468,,,4732977,0.0001
Dec 31 2024,UniSuper,Balanced,Listed Equity,1,NEUSOFT CORP,,CNE000000KJ6,CN,766498,,,1826638,0
Dec 31 2024,UniSuper,Balanced,Listed Equity,1,NEW CARPHONE WAREHOUSE PLC,,GB00B4Y7R145,GB,39742,,,76289,0
Dec 31 2024,UniSuper,Balanced,Listed Equity,1,NEW GOLD INC,,CA6445351068,CA,35531,,,143248,0
Dec 31 2024,UniSuper,Balanced,Listed Equity,1,NEW YORK TIMES CO CLASS A COM USD0.10,,US6501111073,US,19371,,,1628418,0
Dec 31 2024,UniSuper,Balanced,Listed Equity,1,NEWELL BRANDS INC,,US6512291062,US,10371,,,166829,0
Dec 31 2024,UniSuper,Balanced,Listed Equity,1,NEWMONT CORP,,US6516391066,US,44651,,,2684185,0.0001
Dec 31 2024,UniSuper,Balanced,Listed Equity,1,NEWMONT CORPORATION,,AU0000297962,AU,1823946,,,108597753,0.0021
Dec 31 2024,UniSuper,Balanced,Listed Equity,1,NEWS CORP,,US65249B1098,US,24450,,,1087524,0
Dec 31 2024,UniSuper,Balanced,Listed Equity,1,NEWS CORP,,US65249B2088,US,6211,,,305257,0
Dec 31 2024,UniSuper,Balanced,Listed Equity,1,NEWS CORPORATION CLASS B,,AU000000NWS2,AU,861619,,,42650157,0.0008
Dec 31 2024,UniSuper,Balanced,Listed Equity,1,NEXANS SA,,FR0000044448,FR,776,,,135269,0
Dec 31 2024,UniSuper,Balanced,Listed Equity,1,NEXGEN ENERGY LTD,,AU0000159329,AU,155533,,,1681310,0
Dec 31 2024,UniSuper,Balanced,Listed Equity,1,NEXI SPA ORD,,IT0005366767,IT,6730,,,60326,0
Dec 31 2024,UniSuper,Balanced,Listed Equity,1,NEXON CO LTD,,JP3758190007,JP,3835,,,93655,0
Dec 31 2024,UniSuper,Balanced,Listed Equity,1,NEXT PLC,,GB0032089863,GB,42423,,,8150345,0.0002
Dec 31 2024,UniSuper,Balanced,Listed Equity,1,NEXTDC LIMITED ORDINARY FULLY PAID,,AU000000NXT8,AU,7376434,,,111162865,0.0021
Dec 31 2024,UniSuper,Balanced,Listed Equity,1,NGK INSULATORS LTD,,JP3695200000,JP,15315,,,316830,0
Dec 31 2024,UniSuper,Balanced,Listed Equity,1,NH FOODS LTD,,JP3743000006,JP,2209,,,115653,0
Dec 31 2024,UniSuper,Balanced,Listed Equity,1,NHI INVESTMENT AND SE PFD KRW5000,,KR7005941000,KR,2069,,,27597,0
Dec 31 2024,UniSuper,Balanced,Listed Equity,1,NHK SPRING CO LTD,,JP3742600004,JP,6001,,,123336,0
Dec 31 2024,UniSuper,Balanced,Listed Equity,1,NIB HOLDINGS LTD,,AU000000NHF0,AU,97911,,,536552,0
Dec 31 2024,UniSuper,Balanced,Listed Equity,1,NIBE INDUSTRIER AB SER B NPV,,SE0015988019,SE,17270,,,109156,0
Dec 31 2024,UniSuper,Balanced,Listed Equity,1,NICE  LTD,,IL0002730112,IL,846,,,232866,0
Dec 31 2024,UniSuper,Balanced,Listed Equity,1,NICHIAS CORPORATION,,JP3660400007,JP,1552,,,89310,0
Dec 31 2024,UniSuper,Balanced,Listed Equity,1,NICHIREI CORP,,JP3665200006,JP,2687,,,115034,0
Dec 31 2024,UniSuper,Balanced,Listed Equity,1,NICK SCALI FURNITURE,,AU000000NCK1,AU,1478709,,,22195426,0.0004
Dec 31 2024,UniSuper,Balanced,Listed Equity,1,NICKEL INDUSTRIES LIMITED,,AU0000018236,AU,875296,,,722119,0
Dec 31 2024,UniSuper,Balanced,Listed Equity,1,NIDEC CORPORATION,,JP3734800000,JP,10058,,,295112,0
Dec 31 2024,UniSuper,Balanced,Listed Equity,1,NIKE INC CL B,,US6541061031,US,79460,,,9711226,0.0002
Dec 31 2024,UniSuper,Balanced,Listed Equity,1,NIKON CORPORATION JPY,,JP3657400002,JP,6896,,,116195,0
Dec 31 2024,UniSuper,Balanced,Listed Equity,1,NILFISK HOLDING AS,,DK0060907293,DK,1515,,,35480,0
Dec 31 2024,UniSuper,Balanced,Listed Equity,1,NILORNGRUPPEN ABB SHS,,SE0007100342,SE,1116,,,10736,0
Dec 31 2024,UniSuper,Balanced,Listed Equity,1,NINE ENTERTAINMENT CO HOLDINGS PTY LIMITED,,AU000000NEC4,AU,258788,,,319603,0
Dec 31 2024,UniSuper,Balanced,Listed Equity,1,NINETY ONE PLC ORD GBP0.0001,,GB00BJHPLV88,GB,10992,,,32417,0
Dec 31 2024,UniSuper,Balanced,Listed Equity,1,NINTENDO CO LTD,,JP3756600007,JP,130997,,,12471642,0.0002
Dec 31 2024,UniSuper,Balanced,Listed Equity,1,NIPPON EXPRESS HOLDINGS ORD SHS,,JP3688370000,JP,6448,,,158585,0
Dec 31 2024,UniSuper,Balanced,Listed Equity,1,NIPPON KAYAKU CO LTD,,JP3694400007,JP,25824,,,340758,0
Dec 31 2024,UniSuper,Balanced,Listed Equity,1,NIPPON LIGHT METAL HOLDINGS CO LTD,,JP3700200003,JP,3672,,,58832,0
Dec 31 2024,UniSuper,Balanced,Listed Equity,1,NIPPON PAINT HOLDINGS CO LTD,,JP3749400002,JP,10813,,,113731,0
Dec 31 2024,UniSuper,Balanced,Listed Equity,1,NIPPON SANSO HOLDINGS CORP,,JP3711600001,JP,70606,,,3210106,0.0001
Dec 31 2024,UniSuper,Balanced,Listed Equity,1,NIPPON SHINYAKU CO LTD,,JP3717600005,JP,1314,,,53850,0
Dec 31 2024,UniSuper,Balanced,Listed Equity,1,NIPPON SHOKUBAI JP50,,JP3715200006,JP,24450,,,481192,0
Dec 31 2024,UniSuper,Balanced,Listed Equity,1,NIPPON STEEL CORPORATION,,JP3381000003,JP,12761,,,417309,0
Dec 31 2024,UniSuper,Balanced,Listed Equity,1,NIPPON YUSEN KK NPV,,JP3753000003,JP,6291,,,340915,0
Dec 31 2024,UniSuper,Balanced,Listed Equity,1,NIPRO CORP,,JP3673600007,JP,2836,,,43633,0
Dec 31 2024,UniSuper,Balanced,Listed Equity,1,NISHI NIPPON FINAN NPV,,JP3658850007,JP,46333,,,965186,0
Dec 31 2024,UniSuper,Balanced,Listed Equity,1,NISSAN CHEMICAL CORPORATION,,JP3670800006,JP,11851,,,602741,0
Dec 31 2024,UniSuper,Balanced,Listed Equity,1,NISSAN MOTOR CO,,JP3672400003,JP,26717,,,131793,0
Dec 31 2024,UniSuper,Balanced,Listed Equity,1,NISSIN FOOD HOLDINGS CO LTD,,JP3675600005,JP,2263,,,88914,0
Dec 31 2024,UniSuper,Balanced,Listed Equity,1,NISSUI CORPORATION,,JP3718800000,JP,6986,,,64570,0
Dec 31 2024,UniSuper,Balanced,Listed Equity,1,NITORI CO LTD,,JP3756100008,JP,16967,,,3249294,0.0001
Dec 31 2024,UniSuper,Balanced,Listed Equity,1,NITTO DENKO CORPORATION,,JP3684000007,JP,90942,,,2504736,0
Dec 31 2024,UniSuper,Balanced,Listed Equity,1,NKT AS DKK20,,DK0010287663,DK,1350,,,155739,0
Dec 31 2024,UniSuper,Balanced,Listed Equity,1,NMI HOLDINGS INC,,US6292093050,US,1822,,,108157,0
Dec 31 2024,UniSuper,Balanced,Listed Equity,1,NMS HOLDINGS CO,,JP3750800009,JP,7478,,,29204,0
Dec 31 2024,UniSuper,Balanced,Listed Equity,1,NN GROUP NV,,NL0010773842,NL,3858,,,271475,0
Dec 31 2024,UniSuper,Balanced,Listed Equity,1,NOBLEOAK LIFE LIMITED ORDINARY FULLY PAID,,AU0000161580,AU,4002631,,,6344170,0.0001
Dec 31 2024,UniSuper,Balanced,Listed Equity,1,NOHO PARTNERS OYJ,,FI4000064332,FI,1422,,,18881,0
Dec 31 2024,UniSuper,Balanced,Listed Equity,1,NOK CORP,,JP3164800009,JP,10479,,,266639,0
Dec 31 2024,UniSuper,Balanced,Listed Equity,1,NOKIA OYJ,,FI0009000681,FI,84393,,,603316,0
Dec 31 2024,UniSuper,Balanced,Listed Equity,1,NOKIA OYJ NPV,,FI0009000681,FI,25671,,,182984,0
Dec 31 2024,UniSuper,Balanced,Listed Equity,1,NOMURA HOLDINGS INC,,JP3762600009,JP,309756,,,2964636,0.0001
Dec 31 2024,UniSuper,Balanced,Listed Equity,1,NOMURA RESEARCH INSTITUTE LTD,,JP3762800005,JP,5335,,,255422,0
Dec 31 2024,UniSuper,Balanced,Listed Equity,1,NORCONSULT ORD SHS,,NO0013052209,NO,16047,,,100980,0
Dec 31 2024,UniSuper,Balanced,Listed Equity,1,NORDEA BANK ABP,,FI4000297767,FI,45016,,,790580,0
Dec 31 2024,UniSuper,Balanced,Listed Equity,1,NORDSON CORP,,US6556631025,US,3508,,,1185572,0
Dec 31 2024,UniSuper,Balanced,Listed Equity,1,NORFOLK SOUTHERN CORP USD,,US6558441084,US,18387,,,6969954,0.0001
Dec 31 2024,UniSuper,Balanced,Listed Equity,1,NORITAKE CO LTD,,JP3763000001,JP,4359,,,177832,0
Dec 31 2024,UniSuper,Balanced,Listed Equity,1,NORSK HYDRO ASA,,NO0005052605,NO,1310778,,,11657732,0.0002
Dec 31 2024,UniSuper,Balanced,Listed Equity,1,NORTH WEST CO INC VAR VTG AND COM VTG,,CA6632782083,CA,1221,,,67340,0
Dec 31 2024,UniSuper,Balanced,Listed Equity,1,NORTHERN STAR RESOURCES LTD,,AU000000NST8,AU,9502941,,,146725403,0.0028
Dec 31 2024,UniSuper,Balanced,Listed Equity,1,NORTHERN TRUST CORP,,US6658591044,US,10854,,,1796934,0
Dec 31 2024,UniSuper,Balanced,Listed Equity,1,NORTHROP GRUMMAN CORP,,US6668071029,US,5017,,,3802973,0.0001
Dec 31 2024,UniSuper,Balanced,Listed Equity,1,NORTONLIFELOCK,,US6687711084,US,71353,,,3155372,0.0001
Dec 31 2024,UniSuper,Balanced,Listed Equity,1,NORWEGIAN CRUISE LINE HOLDINGS LTD,,BMG667211046,BM,36850,,,1531365,0
Dec 31 2024,UniSuper,Balanced,Listed Equity,1,NOVA LTD,,IL0010845571,IL,982,,,312727,0
Dec 31 2024,UniSuper,Balanced,Listed Equity,1,NOVARTIS  ADR SPONSORED,,US66987V1098,US,73501,,,11552011,0.0002
Dec 31 2024,UniSuper,Balanced,Listed Equity,1,NOVARTIS AG,,CH0012005267,CH,216185,,,34174822,0.0006
Dec 31 2024,UniSuper,Balanced,Listed Equity,1,NOVO NORDISK ORD SHS CLASS B,,DK0062498333,DK,583928,,,81744393,0.0015
Dec 31 2024,UniSuper,Balanced,Listed Equity,1,NOVOZYMES A S,,DK0060336014,DK,4240,,,387644,0
Dec 31 2024,UniSuper,Balanced,Listed Equity,1,NRW HOLDINGS LTD,,AU000000NWH5,AU,173312,,,665520,0
Dec 31 2024,UniSuper,Balanced,Listed Equity,1,NS SOLUTIONS CORP NPV,,JP3379900008,JP,5165,,,216132,0
Dec 31 2024,UniSuper,Balanced,Listed Equity,1,NS UNITED KAIUN KAISHA LTD,,JP3385000009,JP,37437,,,1560105,0
Dec 31 2024,UniSuper,Balanced,Listed Equity,1,NSK LTD JPY,,JP3720800006,JP,125536,,,886186,0
Dec 31 2024,UniSuper,Balanced,Listed Equity,1,NTT DATA GROUP CORPORATION,,JP3165700000,JP,7606,,,236859,0
Dec 31 2024,UniSuper,Balanced,Listed Equity,1,NU HOLDINGS LTD,,KYG6683N1034,KY,1717858,,,28744256,0.0005
Dec 31 2024,UniSuper,Balanced,Listed Equity,1,NUCOR CORP,,US6703461052,US,10440,,,1968031,0
Dec 31 2024,UniSuper,Balanced,Listed Equity,1,NUFARM LIMITED,,AU000000NUF3,AU,737399,,,2610392,0
Dec 31 2024,UniSuper,Balanced,Listed Equity,1,NUIX LIMITED,,AU0000119307,AU,365474,,,2309793,0
Dec 31 2024,UniSuper,Balanced,Listed Equity,1,NUSCALE POWER ORD SHS CLASS A,,US67079K1007,US,34724,,,1005561,0
Dec 31 2024,UniSuper,Balanced,Listed Equity,1,NUTANIX INC,,US67059N1081,US,3017,,,298163,0
Dec 31 2024,UniSuper,Balanced,Listed Equity,1,NUTRIEN LTD COM NPV,,CA67077M1086,CA,7183,,,518875,0
Dec 31 2024,UniSuper,Balanced,Listed Equity,1,NUVALENT INC,,US6707031075,US,26429,,,3341392,0.0001
Dec 31 2024,UniSuper,Balanced,Listed Equity,1,NUVISTA ENERGY LTD,,CA67072Q1046,CA,3993,,,61971,0
Dec 31 2024,UniSuper,Balanced,Listed Equity,1,NVIDIA CORP,,US67066G1040,US,4199996,,,910954530,0.0172
Dec 31 2024,UniSuper,Balanced,Listed Equity,1,NVR INC,,US62944T1051,US,154,,,2030219,0
Dec 31 2024,UniSuper,Balanced,Listed Equity,1,NXP SEMICONDUCTORS,,NL0009538784,NL,27283,,,9159129,0.0002
Dec 31 2024,UniSuper,Balanced,Listed Equity,1,OBAYASHI CORPORATION,,JP3190000004,JP,7418,,,159556,0
Dec 31 2024,UniSuper,Balanced,Listed Equity,1,OBIC BUSINESS CONSULTANTS CO LTD,,JP3173500004,JP,2120,,,151089,0
Dec 31 2024,UniSuper,Balanced,Listed Equity,1,OBIC CO LTD,,JP3173400007,JP,4605,,,222093,0
Dec 31 2024,UniSuper,Balanced,Listed Equity,1,OBJECTIVE CORPORATION LTD,,AU000000OCL7,AU,19232,,,305402,0
Dec 31 2024,UniSuper,Balanced,Listed Equity,1,OBSIDIAN ENERGY LT COM NPV,,CA6744822033,CA,8710,,,81772,0
Dec 31 2024,UniSuper,Balanced,Listed Equity,1,OCCIDENTAL PETROLEUM CORP,,US6745991058,US,29255,,,2334609,0
Dec 31 2024,UniSuper,Balanced,Listed Equity,1,OCEANAGOLD CORP,,CA6752221037,CA,18187,,,81288,0
Dec 31 2024,UniSuper,Balanced,Listed Equity,1,OFG BANCORP COM USD1,,PR67103X1020,PR,6338,,,433194,0
Dec 31 2024,UniSuper,Balanced,Listed Equity,1,OFX GROUP LIMITED,,AU000000OFX5,AU,306100,,,433132,0
Dec 31 2024,UniSuper,Balanced,Listed Equity,1,OIL REFINERIES LTD,,IL0025902482,IL,466401,,,194337,0
Dec 31 2024,UniSuper,Balanced,Listed Equity,1,OKAMURA CORP,,JP3192400004,JP,36053,,,764378,0
Dec 31 2024,UniSuper,Balanced,Listed Equity,1,OKANO VALVE MFG ORD SHS,,JP3191600000,JP,7276,,,554081,0
Dec 31 2024,UniSuper,Balanced,Listed Equity,1,OKTA INC,,US6792951054,US,149365,,,19009872,0.0004
Dec 31 2024,UniSuper,Balanced,Listed Equity,1,OLBA HEALTHCARE HOLDINGS ORD SHS,,JP3226700007,JP,1870,,,38080,0
Dec 31 2024,UniSuper,Balanced,Listed Equity,1,OLD DOMINION FREIGHT LINE INC,,US6795801009,US,36751,,,10470473,0.0002
Dec 31 2024,UniSuper,Balanced,Listed Equity,1,OLD REPUBLIC INTL CORP,,US6802231042,US,14438,,,843901,0
Dec 31 2024,UniSuper,Balanced,Listed Equity,1,OLYMPUS CORP,,JP3201200007,JP,14144,,,344575,0
Dec 31 2024,UniSuper,Balanced,Listed Equity,1,OMNI BRIDGEWAY LIMITED ORDINARY FULLY PAID,,AU0000082489,AU,8748,,,12685,0
Dec 31 2024,UniSuper,Balanced,Listed Equity,1,OMNICOM GROUP,,US6819191064,US,10994,,,1527760,0
Dec 31 2024,UniSuper,Balanced,Listed Equity,1,OMRON CORP,,JP3197800000,JP,2012,,,110665,0
Dec 31 2024,UniSuper,Balanced,Listed Equity,1,OMV AG,,AT0000743059,AT,1678,,,104819,0
Dec 31 2024,UniSuper,Balanced,Listed Equity,1,ON SEMICONDUCTOR CORPORATION,,US6821891057,US,49630,,,5054015,0.0001
Dec 31 2024,UniSuper,Balanced,Listed Equity,1,ONEMAIN HOLDINGS INC,,US68268W1036,US,2830,,,238289,0
Dec 31 2024,UniSuper,Balanced,Listed Equity,1,ONESPAN INC COM USD0,,US68287N1000,US,15424,,,461872,0
Dec 31 2024,UniSuper,Balanced,Listed Equity,1,ONEX CORP,,CA68272K1030,CA,754,,,95119,0
Dec 31 2024,UniSuper,Balanced,Listed Equity,1,ONO PHARMACEUTICAL CO LTD,,JP3197600004,JP,4275,,,71805,0
Dec 31 2024,UniSuper,Balanced,Listed Equity,1,OOHIMEDIA LIMITED,,AU000000OML6,AU,2201693,,,2597998,0
Dec 31 2024,UniSuper,Balanced,Listed Equity,1,OPEN TEXT CORP,,CA6837151068,CA,4918,,,224671,0
Dec 31 2024,UniSuper,Balanced,Listed Equity,1,ORACLE CORP,,US68389X1054,US,168539,,,45361065,0.0009
Dec 31 2024,UniSuper,Balanced,Listed Equity,1,ORACLE CORPORATION JAPAN,,JP3689500001,JP,440,,,68535,0
Dec 31 2024,UniSuper,Balanced,Listed Equity,1,OREILLY AUTOMOTIVE INC,,US67103H1077,US,6121,,,11723117,0.0002
Dec 31 2024,UniSuper,Balanced,Listed Equity,1,ORICA LIMITED,,AU000000ORI1,AU,524252,,,8692093,0.0002
Dec 31 2024,UniSuper,Balanced,Listed Equity,1,ORIENTAL LAND CO LTD,,JP3198900007,JP,13138,,,462049,0
Dec 31 2024,UniSuper,Balanced,Listed Equity,1,ORION OYJ,,FI0009014377,FI,1230,,,87976,0
Dec 31 2024,UniSuper,Balanced,Listed Equity,1,ORIX CORPORATION,,JP3200450009,JP,98296,,,3442675,0.0001
Dec 31 2024,UniSuper,Balanced,Listed Equity,1,ORKLA ASA,,NO0003733800,NO,7988,,,111723,0
Dec 31 2024,UniSuper,Balanced,Listed Equity,1,ORORA LIMITED ORDINARY,,AU000000ORA8,AU,4489927,,,11045220,0.0002
Dec 31 2024,UniSuper,Balanced,Listed Equity,1,ORSTED AS,,DK0060094928,DK,2023,,,147087,0
Dec 31 2024,UniSuper,Balanced,Listed Equity,1,ORUKA THERAPEUTICS INC,,US6876041087,US,26097,,,817269,0
Dec 31 2024,UniSuper,Balanced,Listed Equity,1,OSB GROUP PLC ORD GBP3.04,,GB00BLDRH360,GB,12804,,,104793,0
Dec 31 2024,UniSuper,Balanced,Listed Equity,1,OSISKO GOLD ROYALTIES LTD,,CA68827L1013,CA,50323,,,1471105,0
Dec 31 2024,UniSuper,Balanced,Listed Equity,1,OSK MITSUI OSK LINES LTD,,JP3362700001,JP,4907,,,277757,0
Dec 31 2024,UniSuper,Balanced,Listed Equity,1,OTIS WORLDWIDE COR COM,,US68902V1070,US,16642,,,2489210,0
Dec 31 2024,UniSuper,Balanced,Listed Equity,1,OTP BANK RT,,HU0000061726,HU,954,,,84168,0
Dec 31 2024,UniSuper,Balanced,Listed Equity,1,OTSUKA CORPORATION,,JP3188200004,JP,2577,,,95594,0
Dec 31 2024,UniSuper,Balanced,Listed Equity,1,OTSUKA HLDGS CO NPV,,JP3188220002,JP,25858,,,2285336,0
Dec 31 2024,UniSuper,Balanced,Listed Equity,1,OVERSEA-CHINESE BANKING CORP,,SG1S04926220,SG,49426,,,976655,0
Dec 31 2024,UniSuper,Balanced,Listed Equity,1,OVINTIV INC,,US69047Q1022,US,3143,,,205602,0
Dec 31 2024,UniSuper,Balanced,Listed Equity,1,OWENS CORNING INC,,US6907421019,US,1069,,,293980,0
Dec 31 2024,UniSuper,Balanced,Listed Equity,1,OXFORD INDUSTRIES INC,,US6914973093,US,359,,,45735,0
Dec 31 2024,UniSuper,Balanced,Listed Equity,1,OXFORD INSTRUMENTS PLC,,GB0006650450,GB,2095,,,91319,0
Dec 31 2024,UniSuper,Balanced,Listed Equity,1,OXFORD NANOPORE TECHNOLOGIES PLC,,GB00BP6S8Z30,GB,21928,,,57129,0
Dec 31 2024,UniSuper,Balanced,Listed Equity,1,PACCAR INC,,US6937181088,US,19257,,,3235241,0.0001
Dec 31 2024,UniSuper,Balanced,Listed Equity,1,PACIFIC BASIN SHIPPING LTD,,BMG684371393,BM,127775,,,43570,0
Dec 31 2024,UniSuper,Balanced,Listed Equity,1,PACIFIC TEXTILES HOLDINGS,,KYG686121032,KY,5423754,,,1747952,0
Dec 31 2024,UniSuper,Balanced,Listed Equity,1,PACKAGING CORP OF AMERICA,,US6951561090,US,4653,,,1691921,0
Dec 31 2024,UniSuper,Balanced,Listed Equity,1,PAGEGROUP PLC ORD,,GB0030232317,GB,11139,,,77417,0
Dec 31 2024,UniSuper,Balanced,Listed Equity,1,PALANTIR TECHNOLOGIES INC,,US69608A1088,US,65224,,,7967191,0.0002
Dec 31 2024,UniSuper,Balanced,Listed Equity,1,PALO ALTO NETWORKS INC,,US6974351057,US,21010,,,6174565,0.0001
Dec 31 2024,UniSuper,Balanced,Listed Equity,1,PAN AMERICAN SILVER CORP,,CA6979001089,CA,4149,,,135495,0
Dec 31 2024,UniSuper,Balanced,Listed Equity,1,PAN PACIFIC INTL H NPV,,JP3639650005,JP,4589,,,203547,0
Dec 31 2024,UniSuper,Balanced,Listed Equity,1,PANASONIC HOLDINGS CORP,,JP3866800000,JP,33848,,,571519,0
Dec 31 2024,UniSuper,Balanced,Listed Equity,1,PANDORA,,DK0060252690,DK,35365,,,10445755,0.0002
Dec 31 2024,UniSuper,Balanced,Listed Equity,1,PANDORA AS SPONSORED ADR,,US6983412031,US,2295,,,172397,0
Dec 31 2024,UniSuper,Balanced,Listed Equity,1,PANTORO LTD,,AU000000PNR8,AU,11988,,,1079,0
Dec 31 2024,UniSuper,Balanced,Listed Equity,1,PARADE TECHNOLOGIES LTD,,KYG6892A1085,KY,142682,,,5391367,0.0001
Dec 31 2024,UniSuper,Balanced,Listed Equity,1,PARADOX INTERACTIVE AB,,SE0008294953,SE,1982,,,59514,0
Dec 31 2024,UniSuper,Balanced,Listed Equity,1,PARAGON BANKING GR ORD GBP1,,GB00B2NGPM57,GB,12438,,,187059,0
Dec 31 2024,UniSuper,Balanced,Listed Equity,1,PARAMOUNT GLOBAL,,US92556H2067,US,68813,,,1162533,0
Dec 31 2024,UniSuper,Balanced,Listed Equity,1,PARKER HANNIFIN CORP,,US7010941042,US,4450,,,4571109,0.0001
Dec 31 2024,UniSuper,Balanced,Listed Equity,1,PARKLAND CORP,,CA70137W1086,CA,1572,,,57377,0
Dec 31 2024,UniSuper,Balanced,Listed Equity,1,PARTNERS GROUP,,CH0024608827,CH,273,,,598067,0
Dec 31 2024,UniSuper,Balanced,Listed Equity,1,PAYCHEX INC,,US7043261079,US,12773,,,2892717,0.0001
Dec 31 2024,UniSuper,Balanced,Listed Equity,1,PAYCOM SOFTWARE INC,,US70432V1026,US,3535,,,1170320,0
Dec 31 2024,UniSuper,Balanced,Listed Equity,1,PAYPAL HOLDINGS INC,,US70450Y1038,US,36055,,,4970136,0.0001
Dec 31 2024,UniSuper,Balanced,Listed Equity,1,PB FINTECH LTD,,INE417T01026,IN,50347,,,2002989,0
Dec 31 2024,UniSuper,Balanced,Listed Equity,1,PEGASYSTEMS INC,,US7055731035,US,3841,,,578140,0
Dec 31 2024,UniSuper,Balanced,Listed Equity,1,PENTAIR PLC COM,,IE00BLS09M33,IE,9315,,,1514065,0
Dec 31 2024,UniSuper,Balanced,Listed Equity,1,PENUMBRA INC,,US70975L1070,US,11975,,,4593180,0.0001
Dec 31 2024,UniSuper,Balanced,Listed Equity,1,PEPSICO INC CAP 2/3,,US7134481081,US,151737,,,37265845,0.0007
Dec 31 2024,UniSuper,Balanced,Listed Equity,1,PER AARSLEFF HLDNG DKK2 B,,DK0060700516,DK,425,,,47795,0
Dec 31 2024,UniSuper,Balanced,Listed Equity,1,PERENTI LTD,,AU0000061897,AU,406107,,,566520,0
Dec 31 2024,UniSuper,Balanced,Listed Equity,1,PERIMETER SOLUTIONS INC,,US71385M1071,US,2608,,,53839,0
Dec 31 2024,UniSuper,Balanced,Listed Equity,1,PERNOD-RICARD SA,,FR0000120693,FR,2438,,,444529,0
Dec 31 2024,UniSuper,Balanced,Listed Equity,1,PERPETUAL TRUSTEES AUSTRALIA LIMITED,,AU000000PPT9,AU,25881,,,514775,0
Dec 31 2024,UniSuper,Balanced,Listed Equity,1,PERSEUS MINING LTD,,AU000000PRU3,AU,116543,,,299516,0
Dec 31 2024,UniSuper,Balanced,Listed Equity,1,PERSIMMON PLC,,GB0006825383,GB,3643,,,88279,0
Dec 31 2024,UniSuper,Balanced,Listed Equity,1,PERSISTENT SYSTEMS ORD SHS,,INE262H01021,IN,15848,,,1930636,0
Dec 31 2024,UniSuper,Balanced,Listed Equity,1,PERSOL HOLDINGS CO NPV,,JP3547670004,JP,43676,,,106155,0
Dec 31 2024,UniSuper,Balanced,Listed Equity,1,PETER WARREN AUTOMOTIVE HOLDINGS LIMITED ORDINARY FULLY PAID,,AU0000143711,AU,7754082,,,11631122,0.0002
Dec 31 2024,UniSuper,Balanced,Listed Equity,1,PETERSHILL PARTNERS PLC,,GB00BL9ZF303,GB,9871,,,49517,0
Dec 31 2024,UniSuper,Balanced,Listed Equity,1,PETROCHINA CO LTD H,,CNE1000003W8,CN,46486,,,59055,0
Dec 31 2024,UniSuper,Balanced,Listed Equity,1,PETROLEO BRASILEIRO PETROBRAS SA,,BRPETRACNPR6,BR,19251,,,182142,0
Dec 31 2024,UniSuper,Balanced,Listed Equity,1,PETROLEO BRASILRIRO SA,,BRPETRACNOR9,BR,8084,,,83296,0
Dec 31 2024,UniSuper,Balanced,Listed Equity,1,PETS AT HOME GROUP PLC,,GB00BJ62K685,GB,17027,,,70812,0
Dec 31 2024,UniSuper,Balanced,Listed Equity,1,PFIZER INC COM,,US7170811035,US,183116,,,7846351,0.0001
Dec 31 2024,UniSuper,Balanced,Listed Equity,1,PHARMARON BEIJING CO LTD,,CNE100003PG4,CN,239855,,,703180,0
Dec 31 2024,UniSuper,Balanced,Listed Equity,1,PHILLIPS COM,,US7185461040,US,15985,,,2941359,0.0001
Dec 31 2024,UniSuper,Balanced,Listed Equity,1,PHOENIX GP HLDGS ORD,,GB00BGXQNP29,GB,6676,,,68872,0
Dec 31 2024,UniSuper,Balanced,Listed Equity,1,PHOENIX FINANCIAL LTD,,IL0007670123,IL,4418,,,104141,0
Dec 31 2024,UniSuper,Balanced,Listed Equity,1,PHOTO ME INTERNATIONAL PLC,,GB0008481250,GB,13192,,,54704,0
Dec 31 2024,UniSuper,Balanced,Listed Equity,1,PI INDUSTRIES LTD,,INE603J01030,IN,46158,,,3209371,0.0001
Dec 31 2024,UniSuper,Balanced,Listed Equity,1,PIDILITE INDUSTRIES LTD,,INE318A01026,IN,68155,,,3734181,0.0001
Dec 31 2024,UniSuper,Balanced,Listed Equity,1,PIERRE ET VACANCES SA,,FR0000073041,FR,32071,,,81207,0
Dec 31 2024,UniSuper,Balanced,Listed Equity,1,PILBARA MINERALS LTD,,AU000000PLS0,AU,24322883,,,53267113,0.001
Dec 31 2024,UniSuper,Balanced,Listed Equity,1,PILGRIMS PRIDE CORP,,US72147K1088,US,3584,,,262742,0
Dec 31 2024,UniSuper,Balanced,Listed Equity,1,PINEWOOD TECHNOLOGIES GROUP ORD SHS,,GB00BSB7BS06,GB,8264,,,60013,0
Dec 31 2024,UniSuper,Balanced,Listed Equity,1,PINNACLE INVESTMENT MANAGEMENT GROUP LTD,,AU000000PNI7,AU,151285,,,3456853,0.0001
Dec 31 2024,UniSuper,Balanced,Listed Equity,1,PINTEREST INC,,US72352L1061,US,7292,,,341554,0
Dec 31 2024,UniSuper,Balanced,Listed Equity,1,PJT PARTNERS INC,,US69343T1079,US,11955,,,3047049,0.0001
Dec 31 2024,UniSuper,Balanced,Listed Equity,1,PLANET FITNESS INC,,US72703H1014,US,2209,,,352780,0
Dec 31 2024,UniSuper,Balanced,Listed Equity,1,PLATINUM ASSET MANAGEMENT LTD,,AU000000PTM6,AU,52521,,,36240,0
Dec 31 2024,UniSuper,Balanced,Listed Equity,1,PLEXUS CORP,,US7291321005,US,2024,,,511484,0
Dec 31 2024,UniSuper,Balanced,Listed Equity,1,PLIANT THERAPEUTICS INC,,US7291391057,US,86119,,,1831838,0
Dec 31 2024,UniSuper,Balanced,Listed Equity,1,PLOVER BAY TECHNOLOGIES LTD,,KYG713321035,KY,149562,,,139626,0
Dec 31 2024,UniSuper,Balanced,Listed Equity,1,PLUS500 LTD,,IL0011284465,IL,4074,,,223185,0
Dec 31 2024,UniSuper,Balanced,Listed Equity,1,PLUSZERO INC,,JP3832750008,JP,5508,,,155255,0
Dec 31 2024,UniSuper,Balanced,Listed Equity,1,POLYNOVO LIMITED,,AU000000PNV0,AU,259663,,,529712,0
Dec 31 2024,UniSuper,Balanced,Listed Equity,1,POOL CORPORATION,,US73278L1052,US,2455,,,1351875,0
Dec 31 2024,UniSuper,Balanced,Listed Equity,1,POP MART INTERNATIONAL GROUP LTD,,KYG7170M1033,KY,84786,,,1580411,0
Dec 31 2024,UniSuper,Balanced,Listed Equity,1,POPULAR INC COM USD6 POST REV SPLIT,,PR7331747001,PR,1806,,,274344,0
Dec 31 2024,UniSuper,Balanced,Listed Equity,1,PORSCHE AUTOMOBIL HOLDING SE,,DE000PAH0038,DE,1745,,,106091,0
Dec 31 2024,UniSuper,Balanced,Listed Equity,1,PORTO SEGURO SA,,BRPSSAACNOR7,BR,19453,,,185885,0
Dec 31 2024,UniSuper,Balanced,Listed Equity,1,POSTAL SAVINGS BANK OF CHINA CO LTD,,CNE1000029W3,CN,1712892,,,1631147,0
Dec 31 2024,UniSuper,Balanced,Listed Equity,1,POSTS ITALIANE SPA,,IT0003796171,IT,5210,,,118666,0
Dec 31 2024,UniSuper,Balanced,Listed Equity,1,POWELL INDUSTRIES INC,,US7391281067,US,225,,,80477,0
Dec 31 2024,UniSuper,Balanced,Listed Equity,1,POWER CORP OF CANADA CAD,,CA7392391016,CA,6789,,,341880,0
Dec 31 2024,UniSuper,Balanced,Listed Equity,1,POWSZECHNA KASA OS,,PLPKO0000016,PL,1944,,,45421,0
Dec 31 2024,UniSuper,Balanced,Listed Equity,1,PPG INDUSTRIES INC,,US6935061076,US,10858,,,2094740,0
Dec 31 2024,UniSuper,Balanced,Listed Equity,1,PPHE HOTEL GROUP LTD,,GG00B1Z5FH87,GG,1692,,,48258,0
Dec 31 2024,UniSuper,Balanced,Listed Equity,1,PRADA SPA,,IT0003874101,IT,822946,,,10292115,0.0002
Dec 31 2024,UniSuper,Balanced,Listed Equity,1,PRAEMIUM LTD,,AU000000PPS1,AU,197774,,,145364,0
Dec 31 2024,UniSuper,Balanced,Listed Equity,1,PRAXIS PRECISION MEDICINES I,,US74006W2070,US,10522,,,1307830,0
Dec 31 2024,UniSuper,Balanced,Listed Equity,1,PREMIER FOODS PLC,,GB00B7N0K053,GB,30755,,,116705,0
Dec 31 2024,UniSuper,Balanced,Listed Equity,1,PREMIER INVESTMENTS LIMITED,,AU000000PMV2,AU,589172,,,18930100,0.0004
Dec 31 2024,UniSuper,Balanced,Listed Equity,1,PRESIDENT SECURITIES CORP,,TW0002855004,TW,339142,,,430224,0
Dec 31 2024,UniSuper,Balanced,Listed Equity,1,PRIMORIS SERVICE CORP,,US74164F1030,US,1263,,,155863,0
Dec 31 2024,UniSuper,Balanced,Listed Equity,1,PRINCIPAL FINANCIAL GROUP,,US74251V1026,US,12577,,,1572474,0
Dec 31 2024,UniSuper,Balanced,Listed Equity,1,PRO MEDICUS LTD,,AU000000PME8,AU,7343,,,1836730,0
Dec 31 2024,UniSuper,Balanced,Listed Equity,1,PROCORE TECHNOLOGIES INC,,US74275K1088,US,2561,,,309992,0
Dec 31 2024,UniSuper,Balanced,Listed Equity,1,PROCTER & GAMBLE COMPANY,,US7427181091,US,258915,,,70107538,0.0013
Dec 31 2024,UniSuper,Balanced,Listed Equity,1,PROG HOLDINGS INC,,US74319R1014,US,1008,,,68792,0
Dec 31 2024,UniSuper,Balanced,Listed Equity,1,PROGRESS SOFTWARE CORPORATION,,US7433121008,US,2239,,,235604,0
Dec 31 2024,UniSuper,Balanced,Listed Equity,1,PROGRESSIVE CORP,,US7433151039,US,34871,,,13495187,0.0003
Dec 31 2024,UniSuper,Balanced,Listed Equity,1,PROPEL FUNERAL PARTNERS LIMITED ORDINARY FULLY PAID,,AU000000PFP8,AU,292990,,,1719853,0
Dec 31 2024,UniSuper,Balanced,Listed Equity,1,PROSPERITY BANCSHARES INC,,US7436061052,US,2347,,,285570,0
Dec 31 2024,UniSuper,Balanced,Listed Equity,1,PROSUS NV,,NL0013654783,NL,16460,,,1055694,0
Dec 31 2024,UniSuper,Balanced,Listed Equity,1,PRUDENTIAL FINANCIAL INC,,US7443201022,US,14447,,,2765652,0.0001
Dec 31 2024,UniSuper,Balanced,Listed Equity,1,PRUDENTIAL PLC,,GB0007099541,GB,369466,,,4752107,0.0001
Dec 31 2024,UniSuper,Balanced,Listed Equity,1,PRYSMIAN SPA,,IT0004176001,IT,4555,,,469748,0
Dec 31 2024,UniSuper,Balanced,Listed Equity,1,PT BANK NEGARA IND LKD SHS IDR7500 AND IDR375,,ID1000096605,ID,12879825,,,5622279,0.0001
Dec 31 2024,UniSuper,Balanced,Listed Equity,1,PTC INC,,US69370C1009,US,14362,,,4265189,0.0001
Dec 31 2024,UniSuper,Balanced,Listed Equity,1,PTC THERAPEUTICS INC,,US69366J2006,US,32979,,,2404361,0
Dec 31 2024,UniSuper,Balanced,Listed Equity,1,PTT PUBLIC COMPANY THB1 ALIEN,,TH0646010Z18,TH,23192,,,34882,0
Dec 31 2024,UniSuper,Balanced,Listed Equity,1,PUBLICIS GROUPE,,FR0000130577,FR,72920,,,12561441,0.0002
Dec 31 2024,UniSuper,Balanced,Listed Equity,1,PULTE GROUP INC,,US7458671010,US,10485,,,1844184,0
Dec 31 2024,UniSuper,Balanced,Listed Equity,1,PUMA SE,,DE0006969603,DE,21324,,,1582020,0
Dec 31 2024,UniSuper,Balanced,Listed Equity,1,PURE STORAGE INC,,US74624M1027,US,3772,,,374227,0
Dec 31 2024,UniSuper,Balanced,Listed Equity,1,PVH CORP COM USD1.00,,US6936561009,US,1705,,,291206,0
Dec 31 2024,UniSuper,Balanced,Listed Equity,1,PWR HOLDINGS LIMITED ORDINARY FULLY PAID,,AU000000PWH0,AU,255707,,,2009854,0
Dec 31 2024,UniSuper,Balanced,Listed Equity,1,Q2 HOLDINGS INC,,US74736L1098,US,6371,,,1035608,0
Dec 31 2024,UniSuper,Balanced,Listed Equity,1,QANTAS AIRWAYS LIMITED,,AU000000QAN2,AU,397177,,,3562674,0.0001
Dec 31 2024,UniSuper,Balanced,Listed Equity,1,QBE INSURANCE GROUP LTD,,AU000000QBE9,AU,12283355,,,235840417,0.0045
Dec 31 2024,UniSuper,Balanced,Listed Equity,1,QIAGEN NV ORD EUR0.01 POST REV SPLT,,NL0015001WM6,NL,6172,,,444305,0
Dec 31 2024,UniSuper,Balanced,Listed Equity,1,QORVO INC,,US74736K1016,US,1572,,,177503,0
Dec 31 2024,UniSuper,Balanced,Listed Equity,1,QUADIENT SAS,,FR0000120560,FR,13106,,,411192,0
Dec 31 2024,UniSuper,Balanced,Listed Equity,1,QUALCOMM INC,,US7475251036,US,112739,,,27972188,0.0005
Dec 31 2024,UniSuper,Balanced,Listed Equity,1,QUALITAU ORD SHS,,IL0010839558,IL,1709,,,186492,0
Dec 31 2024,UniSuper,Balanced,Listed Equity,1,QUANTA COMPUTER INC,,TW0002382009,TW,5558,,,78585,0
Dec 31 2024,UniSuper,Balanced,Listed Equity,1,QUANTA SERVICES INC,,US74762E1029,US,5715,,,2917448,0.0001
Dec 31 2024,UniSuper,Balanced,Listed Equity,1,QUARTERHILL INC,,CA7477131055,CA,29572,,,54464,0
Dec 31 2024,UniSuper,Balanced,Listed Equity,1,QUECTEL WIRELESS SOLUTIONS ORD SHS A,,CNE100003N01,CN,353018,,,5346050,0.0001
Dec 31 2024,UniSuper,Balanced,Listed Equity,1,QUEST DIAGNOSTICS,,US74834L1008,US,6383,,,1555190,0
Dec 31 2024,UniSuper,Balanced,Listed Equity,1,QUILTER PLC ORD GBP 0.08167,,GB00BNHSJN34,GB,351807,,,1097327,0
Dec 31 2024,UniSuper,Balanced,Listed Equity,1,RADIAN GROUP INC,,US7502361014,US,3777,,,193508,0
Dec 31 2024,UniSuper,Balanced,Listed Equity,1,RAIFFEISEN INTL BANK HOLDING,,AT0000606306,AT,32538,,,1074759,0
Dec 31 2024,UniSuper,Balanced,Listed Equity,1,RAKUS CO LTD,,JP3967170006,JP,97533,,,1862345,0
Dec 31 2024,UniSuper,Balanced,Listed Equity,1,RAKUTEN BANK ORD,,JP3967220009,JP,7117,,,323294,0
Dec 31 2024,UniSuper,Balanced,Listed Equity,1,RAKUTEN GROUP INC,,JP3967200001,JP,18105,,,159807,0
Dec 31 2024,UniSuper,Balanced,Listed Equity,1,RALPH LAUREN CORP COM,,US7512121010,US,3280,,,1223744,0
Dec 31 2024,UniSuper,Balanced,Listed Equity,1,RAMELIUS RESOURCES LIMITED,,AU000000RMS4,AU,84015,,,173910,0
Dec 31 2024,UniSuper,Balanced,Listed Equity,1,RANDSTAD NV,,NL0000379121,NL,1237,,,84190,0
Dec 31 2024,UniSuper,Balanced,Listed Equity,1,RASPBERRY PI HOLDINGS PLC,,GB00BS3DYQ52,GB,2116,,,26754,0
Dec 31 2024,UniSuper,Balanced,Listed Equity,1,RATHBONE BROTHERS PLC,,GB0002148343,GB,2226,,,74760,0
Dec 31 2024,UniSuper,Balanced,Listed Equity,1,RATIONAL AG,,DE0007010803,DE,58,,,80568,0
Dec 31 2024,UniSuper,Balanced,Listed Equity,1,RAYMOND JAMES FINL,,US7547301090,US,8551,,,2145276,0
Dec 31 2024,UniSuper,Balanced,Listed Equity,1,RB GLOBAL INC COM NPV,,CA74935Q1072,CA,2200,,,320572,0
Dec 31 2024,UniSuper,Balanced,Listed Equity,1,REA GROUP LTD,,AU000000REA9,AU,233282,,,54427102,0.001
Dec 31 2024,UniSuper,Balanced,Listed Equity,1,REC LTD,,INE020B01018,IN,147186,,,1390284,0
Dec 31 2024,UniSuper,Balanced,Listed Equity,1,RECKITT BENCKISER GROUP PLC,,GB00B24CGK77,GB,8317,,,813061,0
Dec 31 2024,UniSuper,Balanced,Listed Equity,1,RECORDATI SPA - NEW,,IT0003828271,IT,1191,,,100812,0
Dec 31 2024,UniSuper,Balanced,Listed Equity,1,RECRUIT HLDGS CO LNPV,,JP3970300004,JP,122749,,,14059227,0.0003
Dec 31 2024,UniSuper,Balanced,Listed Equity,1,RED ROCK RESORTS INC,,US75700L1089,US,1188,,,88760,0
Dec 31 2024,UniSuper,Balanced,Listed Equity,1,RED VIOLET INC,,US75704L1044,US,4472,,,261448,0
Dec 31 2024,UniSuper,Balanced,Listed Equity,1,REDDE NORTHGATE PLC,,GB00B41H7391,GB,11502,,,74798,0
Dec 31 2024,UniSuper,Balanced,Listed Equity,1,REECE LIMITED,,AU000000REH4,AU,949475,,,21249259,0.0004
Dec 31 2024,UniSuper,Balanced,Listed Equity,1,REGENERON PHARMACEUTICALS INC,,US75886F1075,US,3708,,,4265891,0.0001
Dec 31 2024,UniSuper,Balanced,Listed Equity,1,REGIS RESOURCES LTD,,AU000000RRL8,AU,247391,,,630847,0
Dec 31 2024,UniSuper,Balanced,Listed Equity,1,RELIANCE INC,,US7595091023,US,22939,,,9975901,0.0002
Dec 31 2024,UniSuper,Balanced,Listed Equity,1,RELIANCE INDUSTRIES LIMITED,,INE002A01018,IN,459778,,,10542560,0.0002
Dec 31 2024,UniSuper,Balanced,Listed Equity,1,RELIANCE WORLDWIDE CORPORATION AUST PTY LTD,,AU000000RWC7,AU,6835614,,,34314782,0.0006
Dec 31 2024,UniSuper,Balanced,Listed Equity,1,RELX PLC,,GB00B2B0DG97,GB,23403,,,1717645,0
Dec 31 2024,UniSuper,Balanced,Listed Equity,1,RENAULT SA,,FR0000131906,FR,83759,,,6590947,0.0001
Dec 31 2024,UniSuper,Balanced,Listed Equity,1,RENAULT SA,,US7596734035,US,3838,,,59510,0
Dec 31 2024,UniSuper,Balanced,Listed Equity,1,RENEWI PLC ORD GBP1,,GB00BNR4T868,GB,3775,,,61775,0
Dec 31 2024,UniSuper,Balanced,Listed Equity,1,RENGO CO LTD,,JP3981400009,JP,158123,,,1423515,0
Dec 31 2024,UniSuper,Balanced,Listed Equity,1,RENISHAW PLC,,GB0007323586,GB,1271,,,87042,0
Dec 31 2024,UniSuper,Balanced,Listed Equity,1,RENT-A-CENTER INC,,US76009N1000,US,1095,,,51577,0
Dec 31 2024,UniSuper,Balanced,Listed Equity,1,RENTOKIL INITIAL PLC,,GB00B082RF11,GB,30374,,,246254,0
Dec 31 2024,UniSuper,Balanced,Listed Equity,1,REPLIGEN CORPORATION,,US7599161095,US,54085,,,12573783,0.0002
Dec 31 2024,UniSuper,Balanced,Listed Equity,1,REPSOL SA,,ES0173516115,ES,16887,,,330152,0
Dec 31 2024,UniSuper,Balanced,Listed Equity,1,REPUBLIC SERVICES INC,,US7607591002,US,8905,,,2893432,0.0001
Dec 31 2024,UniSuper,Balanced,Listed Equity,1,RESMED INC,,AU000000RMD6,AU,2538369,,,93335832,0.0018
Dec 31 2024,UniSuper,Balanced,Listed Equity,1,RESMED INC,,US7611521078,US,6256,,,2310543,0
Dec 31 2024,UniSuper,Balanced,Listed Equity,1,RESOLUTE MINING LIMITED,,AU000000RSG6,AU,638183,,,252082,0
Dec 31 2024,UniSuper,Balanced,Listed Equity,1,RESONA HOLDINGS INC,,JP3500610005,JP,341448,,,4016076,0.0001
Dec 31 2024,UniSuper,Balanced,Listed Equity,1,RESORTTRUST INC,,JP3974450003,JP,4448,,,143634,0
Dec 31 2024,UniSuper,Balanced,Listed Equity,1,RESTAURANT BRNDS ICOM NPV,,CA76131D1033,CA,3709,,,390238,0
Dec 31 2024,UniSuper,Balanced,Listed Equity,1,REVOLUTION MEDICINES INC,,US76155X1000,US,93692,,,6618920,0.0001
Dec 31 2024,UniSuper,Balanced,Listed Equity,1,REVVITY INC,,US7140461093,US,7855,,,1415892,0
Dec 31 2024,UniSuper,Balanced,Listed Equity,1,REXEL SA,,FR0010451203,FR,2570,,,105730,0
Dec 31 2024,UniSuper,Balanced,Listed Equity,1,RH COM USD0.0001,,US74967X1037,US,8328,,,5294053,0.0001
Dec 31 2024,UniSuper,Balanced,Listed Equity,1,RHEINMETALL AG,,DE0007030009,DE,9155,,,9410635,0.0002
Dec 31 2024,UniSuper,Balanced,Listed Equity,1,RHI MAGNESITA NV,,NL0012650360,NL,764,,,50347,0
Dec 31 2024,UniSuper,Balanced,Listed Equity,1,RHYTHM PHARMACEUTICALS INC,,US76243J1051,US,18459,,,1668922,0
Dec 31 2024,UniSuper,Balanced,Listed Equity,1,RICOH CO,,JP3973400009,JP,6223,,,115860,0
Dec 31 2024,UniSuper,Balanced,Listed Equity,1,RIDLEY CORPORATION LIMITED,,AU000000RIC6,AU,2595543,,,7007967,0.0001
Dec 31 2024,UniSuper,Balanced,Listed Equity,1,RIGHTMOVE ORD GBP,,GB00BGDT3G23,GB,20001,,,259656,0
Dec 31 2024,UniSuper,Balanced,Listed Equity,1,RINGCENTRAL INC,,US76680R2067,US,4135,,,233819,0
Dec 31 2024,UniSuper,Balanced,Listed Equity,1,RINGKJOEBING LANDBOBANK AS,,DK0060854669,DK,1124,,,303588,0
Dec 31 2024,UniSuper,Balanced,Listed Equity,1,RINNAI CORP NPV,,JP3977400005,JP,51969,,,1740552,0
Dec 31 2024,UniSuper,Balanced,Listed Equity,1,RIO TINTO LIMITED,,AU000000RIO1,AU,4094886,,,480985353,0.0091
Dec 31 2024,UniSuper,Balanced,Listed Equity,1,RIO TINTO PLC ORD,,GB0007188757,GB,13565,,,1295972,0
Dec 31 2024,UniSuper,Balanced,Listed Equity,1,RIVIAN AUTOMOTIVE INC,,US76954A1034,US,9052,,,194454,0
Dec 31 2024,UniSuper,Balanced,Listed Equity,1,ROBINHOOD MARKETS INC,,US7707001027,US,6412,,,385875,0
Dec 31 2024,UniSuper,Balanced,Listed Equity,1,ROBLOX CORPORATION COM CL A ORD SHS,,US7710491033,US,166211,,,15532505,0.0003
Dec 31 2024,UniSuper,Balanced,Listed Equity,1,ROCHE HOLDING AG,,CH0012032048,CH,55061,,,25072336,0.0005
Dec 31 2024,UniSuper,Balanced,Listed Equity,1,ROCHE HOLDING AG,,CH0012032113,CH,385,,,185842,0
Dec 31 2024,UniSuper,Balanced,Listed Equity,1,ROCKET PHARMACEUTICALS INC,,US77313F1066,US,51907,,,1053808,0
Dec 31 2024,UniSuper,Balanced,Listed Equity,1,ROCKWELL AUTOMATION INC,,US7739031091,US,87750,,,40504147,0.0008
Dec 31 2024,UniSuper,Balanced,Listed Equity,1,ROCKWOOL A/S,,DK0010219153,DK,106,,,60805,0
Dec 31 2024,UniSuper,Balanced,Listed Equity,1,ROKU INC,,US77543R1023,US,1509,,,181149,0
Dec 31 2024,UniSuper,Balanced,Listed Equity,1,ROLLINS INC,,US7757111049,US,18357,,,1374221,0
Dec 31 2024,UniSuper,Balanced,Listed Equity,1,ROLLS ROYCE ORD,,GB00B63H8491,GB,102328,,,1176925,0
Dec 31 2024,UniSuper,Balanced,Listed Equity,1,ROPER TECHNOLOGIES INC,,US7766961061,US,11506,,,9660945,0.0002
Dec 31 2024,UniSuper,Balanced,Listed Equity,1,ROSS STORES INC,,US7782961038,US,12743,,,3113338,0.0001
Dec 31 2024,UniSuper,Balanced,Listed Equity,1,ROUND ONE CORP NPV,,JP3966800009,JP,4568,,,61634,0
Dec 31 2024,UniSuper,Balanced,Listed Equity,1,ROYAL BANK OF CANADA,,CA7800871021,CA,292571,,,56946233,0.0011
Dec 31 2024,UniSuper,Balanced,Listed Equity,1,ROYAL CARIBBEAN GROUP,,LR0008862868,LR,8935,,,3328961,0.0001
Dec 31 2024,UniSuper,Balanced,Listed Equity,1,ROYAL GOLD INC COM USD0.01,,US7802871084,US,1631,,,347248,0
Dec 31 2024,UniSuper,Balanced,Listed Equity,1,ROYAL MAIL PLC,,GB00BDVZYZ77,GB,21553,,,158602,0
Dec 31 2024,UniSuper,Balanced,Listed Equity,1,ROYALTY PHARMA PLC,,GB00BMVP7Y09,GB,4589,,,189076,0
Dec 31 2024,UniSuper,Balanced,Listed Equity,1,RPM GLOBAL HOLDINGS LIMITED,,AU000000RUL2,AU,183742,,,560414,0
Dec 31 2024,UniSuper,Balanced,Listed Equity,1,RPM INTERNATIONAL INC,,US7496851038,US,1572,,,312363,0
Dec 31 2024,UniSuper,Balanced,Listed Equity,1,RTX CORPORATION,,US75513E1010,US,327807,,,61267542,0.0012
Dec 31 2024,UniSuper,Balanced,Listed Equity,1,RUBRIK INCA,,US7811541090,US,1649,,,174027,0
Dec 31 2024,UniSuper,Balanced,Listed Equity,1,RUNNER XIAMEN CORP A,,CNE1000041F3,CN,11823,,,32781,0
Dec 31 2024,UniSuper,Balanced,Listed Equity,1,RUSH STREET INTERACTIVE INC,,US7820111000,US,23972,,,531197,0
Dec 31 2024,UniSuper,Balanced,Listed Equity,1,RWE AG,,DE0007037129,DE,7607,,,366792,0
Dec 31 2024,UniSuper,Balanced,Listed Equity,1,RYDER SYS INC USD,,US7835491082,US,1089,,,275990,0
Dec 31 2024,UniSuper,Balanced,Listed Equity,1,RYOHIN KEIKAKU CO NPV,,JP3976300008,JP,6807,,,251687,0
Dec 31 2024,UniSuper,Balanced,Listed Equity,1,S AND P GLOBAL INC COM,,US78409V1044,US,23869,,,19199896,0.0004
Dec 31 2024,UniSuper,Balanced,Listed Equity,1,S HOTELS AND RESORTS PCL,,TH9460010019,TH,484107,,,54121,0
Dec 31 2024,UniSuper,Balanced,Listed Equity,1,SAAB ORD SHS CLASS B,,SE0021921269,SE,3650,,,124683,0
Dec 31 2024,UniSuper,Balanced,Listed Equity,1,SAFRAN SA,,FR0000073272,FR,35844,,,12714970,0.0002
Dec 31 2024,UniSuper,Balanced,Listed Equity,1,SAFRAN SA,,US7865841024,US,5415,,,476655,0
Dec 31 2024,UniSuper,Balanced,Listed Equity,1,SAGE GROUP,,GB00B8C3BL03,GB,161806,,,4166479,0.0001
Dec 31 2024,UniSuper,Balanced,Listed Equity,1,SAGE GROUP PLC,,US78663S2014,US,1673,,,171956,0
Dec 31 2024,UniSuper,Balanced,Listed Equity,1,SAINSBURY (J) PLC,,GB00B019KW72,GB,18957,,,104915,0
Dec 31 2024,UniSuper,Balanced,Listed Equity,1,SAIZERIYA CO LTD,,JP3310500008,JP,716,,,39394,0
Dec 31 2024,UniSuper,Balanced,Listed Equity,1,SALESFORCE INC,,US79466L3024,US,227837,,,123027814,0.0023
Dec 31 2024,UniSuper,Balanced,Listed Equity,1,SALMAR ASA,,NO0010310956,NO,752,,,57838,0
Dec 31 2024,UniSuper,Balanced,Listed Equity,1,SAMPO PLC NPV A,,FI4000552500,FI,5953,,,392084,0
Dec 31 2024,UniSuper,Balanced,Listed Equity,1,SAMSARA INC,,US79589L1061,US,582407,,,41097265,0.0008
Dec 31 2024,UniSuper,Balanced,Listed Equity,1,SAMSONITE INTL SA USD0.01,,LU0633102719,LU,2874756,,,12910781,0.0002
Dec 31 2024,UniSuper,Balanced,Listed Equity,1,SAMSUNG C AND T CORPORATION,,KR7028260008,KR,1038,,,130715,0
Dec 31 2024,UniSuper,Balanced,Listed Equity,1,SAMSUNG ELECTRONICS CO LTD,,KR7005930003,KR,541539,,,31607751,0.0006
Dec 31 2024,UniSuper,Balanced,Listed Equity,1,SAMSUNG ELECTRONICS PFD,,KR7005931001,KR,2974,,,144220,0
Dec 31 2024,UniSuper,Balanced,Listed Equity,1,SAMSUNG SDS CO LTD,,KR7018260000,KR,3385,,,474595,0
Dec 31 2024,UniSuper,Balanced,Listed Equity,1,SAMSUNG SECURITIES CO LTD,,KR7016360000,KR,1589,,,75840,0
Dec 31 2024,UniSuper,Balanced,Listed Equity,1,SAMVARDHANA MOTHERSON INTERNATIONAL LIMITED,,INE775A01035,IN,156681,,,461462,0
Dec 31 2024,UniSuper,Balanced,Listed Equity,1,SAMYANG FOODS CO LTD,,KR7003230000,KR,1734,,,1455269,0
Dec 31 2024,UniSuper,Balanced,Listed Equity,1,SAN AI OBBLI CO LTD,,JP3323600001,JP,1164,,,22675,0
Dec 31 2024,UniSuper,Balanced,Listed Equity,1,SANDFIRE RESOURCES LIMITED ORDINARY FULLY PAID,,AU000000SFR8,AU,1468673,,,13629288,0.0003
Dec 31 2024,UniSuper,Balanced,Listed Equity,1,SANDOZ GROUP ORD SHS,,CH1243598427,CH,30013,,,1988159,0
Dec 31 2024,UniSuper,Balanced,Listed Equity,1,SANDS CHINA LIMITED,,KYG7800X1079,KY,27660,,,120198,0
Dec 31 2024,UniSuper,Balanced,Listed Equity,1,SANDSTORM GOLD LTD,,CA80013R2063,CA,7247,,,65437,0
Dec 31 2024,UniSuper,Balanced,Listed Equity,1,SANDVIK AB,,SE0000667891,SE,12829,,,371854,0
Dec 31 2024,UniSuper,Balanced,Listed Equity,1,SANOFI SA,,FR0000120578,FR,268069,,,42026720,0.0008
Dec 31 2024,UniSuper,Balanced,Listed Equity,1,SANRIO CO LTD NPV,,JP3343200006,JP,4478,,,254957,0
Dec 31 2024,UniSuper,Balanced,Listed Equity,1,SANTEN PHARMACEUTICAL CO,,JP3336000009,JP,17196,,,286023,0
Dec 31 2024,UniSuper,Balanced,Listed Equity,1,SANTOS LIMITED,,AU000000STO6,AU,6640616,,,44359312,0.0008
Dec 31 2024,UniSuper,Balanced,Listed Equity,1,SANWA HOLDINGS CORPORATION,,JP3344400001,JP,5254,,,237699,0
Dec 31 2024,UniSuper,Balanced,Listed Equity,1,SANY HEAVY INDUSTRY CO LTD,,CNE000001F70,CN,2544784,,,9279701,0.0002
Dec 31 2024,UniSuper,Balanced,Listed Equity,1,SAP AG,,DE0007164600,DE,67962,,,26858471,0.0005
Dec 31 2024,UniSuper,Balanced,Listed Equity,1,SAPUTO INC,,CA8029121057,CA,2892,,,81154,0
Dec 31 2024,UniSuper,Balanced,Listed Equity,1,SAREPTA THERAPEUTICS INC,,US8036071004,US,44762,,,8790428,0.0002
Dec 31 2024,UniSuper,Balanced,Listed Equity,1,SARTORIUS AG VORZUG,,DE0007165631,DE,36847,,,13261632,0.0003
Dec 31 2024,UniSuper,Balanced,Listed Equity,1,SARTORIUS STEDIM B EUR0.1666,,FR0013154002,FR,333,,,104950,0
Dec 31 2024,UniSuper,Balanced,Listed Equity,1,SBI HOLDINGS INC NPV,,JP3436120004,JP,3080,,,126055,0
Dec 31 2024,UniSuper,Balanced,Listed Equity,1,SBI LIFE INSURANCE COMPANY LTD,,INE123W01016,IN,38250,,,1003297,0
Dec 31 2024,UniSuper,Balanced,Listed Equity,1,SBI SUMISHIN NET BANK LTD,,JP3400650002,JP,3032,,,118082,0
Dec 31 2024,UniSuper,Balanced,Listed Equity,1,SBM OFFSHORE NV,,NL0000360618,NL,3107,,,88119,0
Dec 31 2024,UniSuper,Balanced,Listed Equity,1,SBS HOLDINGS INC,,JP3163500006,JP,27096,,,660785,0
Dec 31 2024,UniSuper,Balanced,Listed Equity,1,SCHAEFFLER INDIA LTD,,INE513A01022,IN,14348,,,921902,0
Dec 31 2024,UniSuper,Balanced,Listed Equity,1,SCHIBSTED ASA,,NO0010736879,NO,5625,,,267326,0
Dec 31 2024,UniSuper,Balanced,Listed Equity,1,SCHIBSTED ASA SER A,,NO0003028904,NO,1758,,,88021,0
Dec 31 2024,UniSuper,Balanced,Listed Equity,1,SCHINDLER HOLDING-PART CERT,,CH0024638196,CH,490,,,218538,0
Dec 31 2024,UniSuper,Balanced,Listed Equity,1,SCHINDLER-HLDG AG REG,,CH0024638212,CH,268,,,118125,0
Dec 31 2024,UniSuper,Balanced,Listed Equity,1,SCHLUMBERGER LTD,,AN8068571086,AN,52829,,,3271381,0.0001
Dec 31 2024,UniSuper,Balanced,Listed Equity,1,SCHNEIDER ELECTRIC SE,,FR0000121972,FR,203029,,,81799197,0.0015
Dec 31 2024,UniSuper,Balanced,Listed Equity,1,SCHOLAR ROCK HOLDING ORD,,US80706P1030,US,108755,,,7591705,0.0001
Dec 31 2024,UniSuper,Balanced,Listed Equity,1,SCHOLASTIC CORP,,US8070661058,US,999,,,34403,0
Dec 31 2024,UniSuper,Balanced,Listed Equity,1,SCHRODERS PLC ORD GB,,GB00BP9LHF23,GB,9185,,,60122,0
Dec 31 2024,UniSuper,Balanced,Listed Equity,1,SCHWAB (CHARLES) CORP,,US8085131055,US,228288,,,27288345,0.0005
Dec 31 2024,UniSuper,Balanced,Listed Equity,1,SCIENCE APPLICATIONS INTERNATIONAL CORP,,US8086251076,US,1195,,,215305,0
Dec 31 2024,UniSuper,Balanced,Listed Equity,1,SCIENTIFIC GAMES CORP - A,,US80874P1093,US,2241,,,312587,0
Dec 31 2024,UniSuper,Balanced,Listed Equity,1,SCOR SE,,FR0010411983,FR,13537,,,535211,0
Dec 31 2024,UniSuper,Balanced,Listed Equity,1,SCOUT24 SE,,DE000A12DM80,DE,855,,,121681,0
Dec 31 2024,UniSuper,Balanced,Listed Equity,1,SCREEN HOLDINGS CONPV,,JP3494600004,JP,943,,,91964,0
Dec 31 2024,UniSuper,Balanced,Listed Equity,1,SEA LTD,,US81141R1005,US,150834,,,25847429,0.0005
Dec 31 2024,UniSuper,Balanced,Listed Equity,1,SEAGATE TECH HLDGS,,IE00BKVD2N49,IE,26171,,,3648262,0.0001
Dec 31 2024,UniSuper,Balanced,Listed Equity,1,SEB SA,,FR0000121709,FR,221,,,32382,0
Dec 31 2024,UniSuper,Balanced,Listed Equity,1,SECOM CO LTD,,JP3421800008,JP,5029,,,277488,0
Dec 31 2024,UniSuper,Balanced,Listed Equity,1,SECTRA AB NPV,,SE0022419784,SE,3385,,,136905,0
Dec 31 2024,UniSuper,Balanced,Listed Equity,1,SECURE ENERGY SERVICES INC,,CA81373C1023,CA,5567,,,101652,0
Dec 31 2024,UniSuper,Balanced,Listed Equity,1,SECURE TRUST BANK ORD,,GB00B6TKHP66,GB,7951,,,58221,0
Dec 31 2024,UniSuper,Balanced,Listed Equity,1,SECURITAS AB,,SE0000163594,SE,5604,,,112149,0
Dec 31 2024,UniSuper,Balanced,Listed Equity,1,SECURITY NATIONAL FINANCIAL ORD SHS CLASS A,,US8147853092,US,6153,,,119557,0
Dec 31 2024,UniSuper,Balanced,Listed Equity,1,SEEK LIMITED,,AU000000SEK6,AU,3085762,,,69645659,0.0013
Dec 31 2024,UniSuper,Balanced,Listed Equity,1,SEGA SAMMY HOLDINGS INC,,JP3419050004,JP,31048,,,981488,0
Dec 31 2024,UniSuper,Balanced,Listed Equity,1,SEI INVESTMENTS COMPANY,,US7841171033,US,1257,,,167487,0
Dec 31 2024,UniSuper,Balanced,Listed Equity,1,SEIBU HOLDINGS INC,,JP3417200007,JP,5195,,,171257,0
Dec 31 2024,UniSuper,Balanced,Listed Equity,1,SEIKAGAKU CORP,,JP3414000004,JP,28361,,,234339,0
Dec 31 2024,UniSuper,Balanced,Listed Equity,1,SEIKO EPSON CORPORATION,,JP3414750004,JP,3269,,,96600,0
Dec 31 2024,UniSuper,Balanced,Listed Equity,1,SEIKOH GIKEN CO LTD,,JP3414870000,JP,15007,,,871359,0
Dec 31 2024,UniSuper,Balanced,Listed Equity,1,SEINO HOLDINGS CO LTD,,JP3415400005,JP,4329,,,105590,0
Dec 31 2024,UniSuper,Balanced,Listed Equity,1,SEKISUI CHEMICAL CO Y50,,JP3419400001,JP,4338,,,121026,0
Dec 31 2024,UniSuper,Balanced,Listed Equity,1,SEKISUI HOUSE,,JP3420600003,JP,7166,,,278540,0
Dec 31 2024,UniSuper,Balanced,Listed Equity,1,SEMITEC CORP,,JP3423350002,JP,152,,,3175,0
Dec 31 2024,UniSuper,Balanced,Listed Equity,1,SERCO GROUP PLC,,GB0007973794,GB,27252,,,83404,0
Dec 31 2024,UniSuper,Balanced,Listed Equity,1,SERVICE CORPORATION INTERNATIONAL,,US8175651046,US,21960,,,2831098,0.0001
Dec 31 2024,UniSuper,Balanced,Listed Equity,1,SERVICE STREAM LIMITED,,AU000000SSM2,AU,232706,,,363021,0
Dec 31 2024,UniSuper,Balanced,Listed Equity,1,SERVICENOW INC,,US81762P1021,US,48990,,,83881723,0.0016
Dec 31 2024,UniSuper,Balanced,Listed Equity,1,SEVEN AND I HOLDINGS NPV,,JP3422950000,JP,171869,,,4392749,0.0001
Dec 31 2024,UniSuper,Balanced,Listed Equity,1,SEVEN WEST MEDIA LIMITED,,AU000000SWM4,AU,119832,,,17975,0
Dec 31 2024,UniSuper,Balanced,Listed Equity,1,SG HOLDINGS CO LTD,,JP3162770006,JP,2892,,,44755,0
Dec 31 2024,UniSuper,Balanced,Listed Equity,1,SGH LIMITED ORDINARY FULLY PAID,,AU0000364754,AU,710471,,,32759829,0.0006
Dec 31 2024,UniSuper,Balanced,Listed Equity,1,SGS SA,,CH1256740924,CH,1824,,,295475,0
Dec 31 2024,UniSuper,Balanced,Listed Equity,1,SHAANXI INTERNATIONAL TRUST CO LTD,,CNE0000004F3,CN,188618,,,148579,0
Dec 31 2024,UniSuper,Balanced,Listed Equity,1,SHANDONG XINCHAO ENERGY CORP LTD,,CNE000000NJ0,CN,6490689,,,3188377,0.0001
Dec 31 2024,UniSuper,Balanced,Listed Equity,1,SHANGHAI CHLOR ALKALI CHEMICAL CO LTD,,CNE0000004C0,CN,333410,,,326329,0
Dec 31 2024,UniSuper,Balanced,Listed Equity,1,SHANGHAI ELECTRIC GRP CO LTD,,CNE100000437,CN,712442,,,419212,0
Dec 31 2024,UniSuper,Balanced,Listed Equity,1,SHANGHAI LIGHT INDUS MACHA,,CNE000000370,CN,134662,,,1033655,0
Dec 31 2024,UniSuper,Balanced,Listed Equity,1,SHANGHAI PHARMACEUTICALS HOLDING CO LTD,,CNE1000012B3,CN,142438,,,373751,0
Dec 31 2024,UniSuper,Balanced,Listed Equity,1,SHANGHAI ZIJIANG ENTERPRISE GROUP ORD SHS A,,CNE000001055,CN,446014,,,652343,0
Dec 31 2024,UniSuper,Balanced,Listed Equity,1,SHANTUI CONSTRUCTON MACHINERY ORD SHS A,,CNE000000KZ2,CN,665447,,,1428272,0
Dec 31 2024,UniSuper,Balanced,Listed Equity,1,SHARINGTECHNOLOGY INC,,JP3347190005,JP,20009,,,185890,0
Dec 31 2024,UniSuper,Balanced,Listed Equity,1,SHELL PLC ORD EUR0.07,,GB00BP6MXD84,GB,243263,,,12183548,0.0002
Dec 31 2024,UniSuper,Balanced,Listed Equity,1,SHENGYI ELECTRONICS ORD SHS A,,CNE100005428,CN,30499,,,264945,0
Dec 31 2024,UniSuper,Balanced,Listed Equity,1,SHENZHEN ENVICOOL TECHNOLOGY ORD SHS A,,CNE100002CC3,CN,7135,,,63784,0
Dec 31 2024,UniSuper,Balanced,Listed Equity,1,SHENZHOU INTERNATIONAL  GROUP,,KYG8087W1015,KY,811247,,,10457850,0.0002
Dec 31 2024,UniSuper,Balanced,Listed Equity,1,SHERWIN WILLIAMS COM,,US8243481061,US,36559,,,20071834,0.0004
Dec 31 2024,UniSuper,Balanced,Listed Equity,1,SHIMADZU CORP,,JP3357200009,JP,2703,,,123926,0
Dec 31 2024,UniSuper,Balanced,Listed Equity,1,SHIMAMURA CO LTD,,JP3358200008,JP,5195,,,470530,0
Dec 31 2024,UniSuper,Balanced,Listed Equity,1,SHIMANO INC,,JP3358000002,JP,943,,,207283,0
Dec 31 2024,UniSuper,Balanced,Listed Equity,1,SHIMIZU CORPORATION,,JP3358800005,JP,193008,,,2484367,0
Dec 31 2024,UniSuper,Balanced,Listed Equity,1,SHIN-ETSU CHEMICAL NPV,,JP3371200001,JP,102697,,,5589428,0.0001
Dec 31 2024,UniSuper,Balanced,Listed Equity,1,SHINHAN FINANCIAL GROUP,,KR7055550008,KR,964,,,50373,0
Dec 31 2024,UniSuper,Balanced,Listed Equity,1,SHINSEGAE CO LTD,,KR7004170007,KR,179,,,26094,0
Dec 31 2024,UniSuper,Balanced,Listed Equity,1,SHINYOUNG SECURITIES CO LTD,,KR7001720002,KR,6934,,,578179,0
Dec 31 2024,UniSuper,Balanced,Listed Equity,1,SHIONOGI & CO LTD,,JP3347200002,JP,10783,,,245892,0
Dec 31 2024,UniSuper,Balanced,Listed Equity,1,SHISEIDO COMPANY LIMITED,,JP3351600006,JP,6538,,,187221,0
Dec 31 2024,UniSuper,Balanced,Listed Equity,1,SHIZUOKA FINANCIAL NPV,,JP3351500008,JP,37699,,,497658,0
Dec 31 2024,UniSuper,Balanced,Listed Equity,1,SHOE CARNIVAL INC COM USD0.01,,US8248891090,US,8916,,,476360,0
Dec 31 2024,UniSuper,Balanced,Listed Equity,1,SHOFU ORD SHS,,JP3363600002,JP,7478,,,169766,0
Dec 31 2024,UniSuper,Balanced,Listed Equity,1,SHOPIFY INC COM NPV CL A,,CA82509L1076,CA,260406,,,44721943,0.0008
Dec 31 2024,UniSuper,Balanced,Listed Equity,1,SHUFERSAL LTD,,IL0007770378,IL,5369,,,90317,0
Dec 31 2024,UniSuper,Balanced,Listed Equity,1,SICHUAN BAICHA BAIDAO INDUSTRIAL CO LTD,,CNE100006G23,CN,80339,,,188757,0
Dec 31 2024,UniSuper,Balanced,Listed Equity,1,SIEMENS AG NPV EUR,,DE0007236101,DE,177163,,,55869841,0.0011
Dec 31 2024,UniSuper,Balanced,Listed Equity,1,SIEMENS ENERGY AG,,DE000ENER6Y0,DE,10396,,,875957,0
Dec 31 2024,UniSuper,Balanced,Listed Equity,1,SIEMENS HEALTHINEERS AG,,DE000SHL1006,DE,88012,,,7536452,0.0001
Dec 31 2024,UniSuper,Balanced,Listed Equity,1,SIEMENS LTD,,INE003A01024,IN,6666,,,821928,0
Dec 31 2024,UniSuper,Balanced,Listed Equity,1,SIG COMBIBLOC GROUP AG,,CH0435377954,CH,3485,,,111057,0
Dec 31 2024,UniSuper,Balanced,Listed Equity,1,SIGMA PHARMACEUTICALS LIMITED ORDINARY FULLY PAID,,AU000000SIG5,AU,7572695,,,19840460,0.0004
Dec 31 2024,UniSuper,Balanced,Listed Equity,1,SIGNIFY NV EUR0.01,,NL0011821392,NL,3149,,,113653,0
Dec 31 2024,UniSuper,Balanced,Listed Equity,1,SIKA AG,,CH0418792922,CH,1834,,,705492,0
Dec 31 2024,UniSuper,Balanced,Listed Equity,1,SILVERCORP METALS INC,,CA82835P1036,CA,8110,,,39346,0
Dec 31 2024,UniSuper,Balanced,Listed Equity,1,SILVERCREST METALS ORD,,CA8283631015,CA,14756,,,217243,0
Dec 31 2024,UniSuper,Balanced,Listed Equity,1,SIMILARWEB LTD,,IL0011751653,IL,9839,,,225184,0
Dec 31 2024,UniSuper,Balanced,Listed Equity,1,SIMS LIMITED ORDINARY FULLY PAID,,AU000000SGM7,AU,28182,,,334797,0
Dec 31 2024,UniSuper,Balanced,Listed Equity,1,SINCERE NAVIGATION CORPORATION,,TW0002605003,TW,319737,,,394581,0
Dec 31 2024,UniSuper,Balanced,Listed Equity,1,SINCH AB NPV,,SE0016101844,SE,17040,,,51636,0
Dec 31 2024,UniSuper,Balanced,Listed Equity,1,SINGAMAS CONTAINER HKD 0.10,,HK0716002271,HK,991355,,,142225,0
Dec 31 2024,UniSuper,Balanced,Listed Equity,1,SINGAPORE AIRLINES LTD,,SG1V61937297,SG,16973,,,129412,0
Dec 31 2024,UniSuper,Balanced,Listed Equity,1,SINGAPORE EXCHANGE LTD,,SG1J26887955,SG,9744,,,146969,0
Dec 31 2024,UniSuper,Balanced,Listed Equity,1,SINGAPORE TECH ENG SGD,,SG1F60858221,SG,17790,,,98152,0
Dec 31 2024,UniSuper,Balanced,Listed Equity,1,SINOMACH HEAVY EQUIPMENT A,,CNE099900373,CN,638661,,,435258,0
Dec 31 2024,UniSuper,Balanced,Listed Equity,1,SINOPEC ENGINEERING GROUP CO LTD,,CNE100001NV2,CN,105236,,,147257,0
Dec 31 2024,UniSuper,Balanced,Listed Equity,1,SINOPEC OILFIELD SERVICE CORP,,CNE1000004D6,CN,580059,,,78394,0
Dec 31 2024,UniSuper,Balanced,Listed Equity,1,SITC INTERNATIONAL,,KYG8187G1055,KY,15087,,,64935,0
Dec 31 2024,UniSuper,Balanced,Listed Equity,1,SITEMINDER LTD,,AU0000183543,AU,469704,,,2837010,0.0001
Dec 31 2024,UniSuper,Balanced,Listed Equity,1,SK HYNIX INC,,KR7000660001,KR,234095,,,44662533,0.0008
Dec 31 2024,UniSuper,Balanced,Listed Equity,1,SKANDINAVISKA ENSKIL SEK,,SE0000148884,SE,22625,,,500871,0
Dec 31 2024,UniSuper,Balanced,Listed Equity,1,SKANSKA AB,,SE0000113250,SE,3877,,,131890,0
Dec 31 2024,UniSuper,Balanced,Listed Equity,1,SKECHERS USA CL A,,US8305661055,US,3284,,,356671,0
Dec 31 2024,UniSuper,Balanced,Listed Equity,1,SKELLERUP HOLDINGS LIMITED,,NZSKXE0001S8,NZ,23826,,,111462,0
Dec 31 2024,UniSuper,Balanced,Listed Equity,1,SKF AB,,SE0000108227,SE,3884,,,117873,0
Dec 31 2024,UniSuper,Balanced,Listed Equity,1,SKY NETWORK TELEVISION LIMITED,,NZSKTE0001S6,NZ,19379,,,46121,0
Dec 31 2024,UniSuper,Balanced,Listed Equity,1,SKY NETWORK TELEVISION LTD,,NZSKTE0001S6,NZ,16473,,,38756,0
Dec 31 2024,UniSuper,Balanced,Listed Equity,1,SKYCITY ENTERTAINMENT GROUP LIMITED,,NZSKCE0001S2,NZ,53478,,,70056,0
Dec 31 2024,UniSuper,Balanced,Listed Equity,1,SKYWORKS SOLUTIONS INC,,US83088M1027,US,21394,,,3064240,0.0001
Dec 31 2024,UniSuper,Balanced,Listed Equity,1,SLM CORP,,US78442P1066,US,7656,,,341039,0
Dec 31 2024,UniSuper,Balanced,Listed Equity,1,SMARTGROUP CORPORATION LTD ORDINARY FULLY PAID,,AU000000SIQ4,AU,385121,,,2992390,0.0001
Dec 31 2024,UniSuper,Balanced,Listed Equity,1,SMC CORP,,JP3162600005,JP,4920,,,3143959,0.0001
Dec 31 2024,UniSuper,Balanced,Listed Equity,1,SMCP SA,,FR0013214145,FR,9371,,,57521,0
Dec 31 2024,UniSuper,Balanced,Listed Equity,1,SMITH & NEPHEW PLC,,GB0009223206,GB,10520,,,210970,0
Dec 31 2024,UniSuper,Balanced,Listed Equity,1,SMITH A.O CORP,,US8318652091,US,10016,,,1103417,0
Dec 31 2024,UniSuper,Balanced,Listed Equity,1,SMITHS GROUP PLC,,GB00B1WY2338,GB,3954,,,137491,0
Dec 31 2024,UniSuper,Balanced,Listed Equity,1,SMN CORP,,JP3435770007,JP,14350,,,57219,0
Dec 31 2024,UniSuper,Balanced,Listed Equity,1,SMURFIT WESTROCK P COM USD0.001,,IE00028FXN24,IE,19801,,,1722511,0
Dec 31 2024,UniSuper,Balanced,Listed Equity,1,SMURFIT WESTROCK P ORD USD0.001 DI,,IE00028FXN24,IE,4277,,,373360,0
Dec 31 2024,UniSuper,Balanced,Listed Equity,1,SNAP INC,,US83304A1060,US,15653,,,272282,0
Dec 31 2024,UniSuper,Balanced,Listed Equity,1,SNAP ON INC,,US8330341012,US,2908,,,1594362,0
Dec 31 2024,UniSuper,Balanced,Listed Equity,1,SNOWFLAKE INC,,US8334451098,US,3646,,,909299,0
Dec 31 2024,UniSuper,Balanced,Listed Equity,1,SOCIETE GENERALE SA,,FR0000130809,FR,11733,,,532977,0
Dec 31 2024,UniSuper,Balanced,Listed Equity,1,SODEXO,,FR0000121220,FR,1008,,,134152,0
Dec 31 2024,UniSuper,Balanced,Listed Equity,1,SOFINA SA,,BE0003717312,BE,175,,,64063,0
Dec 31 2024,UniSuper,Balanced,Listed Equity,1,SOFTCAT PLC,,GB00BYZDVK82,GB,4505,,,138866,0
Dec 31 2024,UniSuper,Balanced,Listed Equity,1,SOHGO SECURITY SER NPV,,JP3431900004,JP,7493,,,83285,0
Dec 31 2024,UniSuper,Balanced,Listed Equity,1,SOLENO THERAPEUTICS INC,,US8342033094,US,65887,,,4783366,0.0001
Dec 31 2024,UniSuper,Balanced,Listed Equity,1,SOLVENTUM ORD SHS,,US83444M1018,US,10850,,,1157680,0
Dec 31 2024,UniSuper,Balanced,Listed Equity,1,SOMPO HOLDINGS INC NPV,,JP3165000005,JP,14539,,,615455,0
Dec 31 2024,UniSuper,Balanced,Listed Equity,1,SONA BLW PRECISION FORGINGS LTD,,INE073K01018,IN,175293,,,1966966,0
Dec 31 2024,UniSuper,Balanced,Listed Equity,1,SONIC HEALTHCARE LTD ORDINARY FULLY PAID,,AU000000SHL7,AU,1276951,,,34490455,0.0007
Dec 31 2024,UniSuper,Balanced,Listed Equity,1,SONOVA HOLDING AG - REG,,CH0012549785,CH,25409,,,13417781,0.0003
Dec 31 2024,UniSuper,Balanced,Listed Equity,1,SONY CORP,,JP3435000009,JP,2165573,,,74978345,0.0014
Dec 31 2024,UniSuper,Balanced,Listed Equity,1,SOOP CO LTD,,KR7067160002,KR,322,,,32149,0
Dec 31 2024,UniSuper,Balanced,Listed Equity,1,SOTERA HEALTH CO,,US83601L1026,US,89093,,,1968484,0
Dec 31 2024,UniSuper,Balanced,Listed Equity,1,SOUTH32 LIMITED ORDINARY FULLY PAID,,AU000000S320,AU,43543888,,,148049218,0.0028
Dec 31 2024,UniSuper,Balanced,Listed Equity,1,SOUTHWEST AIRLINES CO USD,,US8447411088,US,26724,,,1451119,0
Dec 31 2024,UniSuper,Balanced,Listed Equity,1,SPAR NORD BANK AS,,DK0060036564,DK,1816,,,83886,0
Dec 31 2024,UniSuper,Balanced,Listed Equity,1,SPAREBK 1 NORD-NOR GRUNNFONDSBEVIS NOK50,,NO0006000801,NO,7220,,,126776,0
Dec 31 2024,UniSuper,Balanced,Listed Equity,1,SPECTRIS PLC,,GB0003308607,GB,17351,,,880219,0
Dec 31 2024,UniSuper,Balanced,Listed Equity,1,SPIRAX SARCO ENG ORD,,GB00BWFGQN14,GB,839,,,116281,0
Dec 31 2024,UniSuper,Balanced,Listed Equity,1,SPIRENT COMMUNICATIONS PLC,,GB0004726096,GB,23306,,,83444,0
Dec 31 2024,UniSuper,Balanced,Listed Equity,1,SPOTIFY TECHNOLOGY COM,,LU1778762911,LU,2170,,,1568102,0
Dec 31 2024,UniSuper,Balanced,Listed Equity,1,SQUARE ENIX HOLDINGS CO LTD,,JP3164630000,JP,36496,,,2305516,0
Dec 31 2024,UniSuper,Balanced,Listed Equity,1,SRG GLOBAL LIMITED ORDINARY FULLY PAID,,AU0000032914,AU,1421071,,,1968184,0
Dec 31 2024,UniSuper,Balanced,Listed Equity,1,SS AND C TECHNOLOGIES HOLDINGS,,US78467J1007,US,2640,,,323152,0
Dec 31 2024,UniSuper,Balanced,Listed Equity,1,SSR MINING INC CHESS DEPOSITARY INTERESTS DEFERRED SETTLEMENT,,AU0000091407,AU,19583,,,213653,0
Dec 31 2024,UniSuper,Balanced,Listed Equity,1,ST BARBARA LTD,,AU000000SBM8,AU,124517,,,28016,0
Dec 31 2024,UniSuper,Balanced,Listed Equity,1,STANDARD CHARTERED,,GB0004082847,GB,25282,,,505577,0
Dec 31 2024,UniSuper,Balanced,Listed Equity,1,STANDARD CHARTERED PLC (HKD),,GB0004082847,GB,1056740,,,20994055,0.0004
Dec 31 2024,UniSuper,Balanced,Listed Equity,1,STANDARD LIFE ABERDEEN PLC,,GB00BF8Q6K64,GB,57428,,,163965,0
Dec 31 2024,UniSuper,Balanced,Listed Equity,1,STANDARDAERO INC,,US85423L1035,US,18449,,,737789,0
Dec 31 2024,UniSuper,Balanced,Listed Equity,1,STANLEY AGRICULTURE GROUP ORD SHS A,,CNE1000013W7,CN,130582,,,213238,0
Dec 31 2024,UniSuper,Balanced,Listed Equity,1,STANLEY BLACK & DECKER INC,,US8545021011,US,10365,,,1344169,0
Dec 31 2024,UniSuper,Balanced,Listed Equity,1,STANLEY ELECTRIC CO,,JP3399400005,JP,29287,,,783746,0
Dec 31 2024,UniSuper,Balanced,Listed Equity,1,STANMORE COAL LTD,,AU000000SMR4,AU,187258,,,563648,0
Dec 31 2024,UniSuper,Balanced,Listed Equity,1,STANTEC INC,,CA85472N1096,CA,1383,,,175162,0
Dec 31 2024,UniSuper,Balanced,Listed Equity,1,STARBUCKS CORP,,US8552441094,US,252236,,,37174431,0.0007
Dec 31 2024,UniSuper,Balanced,Listed Equity,1,STATE BANK OF INDIA INR1,,INE062A01020,IN,197122,,,2956217,0.0001
Dec 31 2024,UniSuper,Balanced,Listed Equity,1,STATE STREET CORP USD,,US8574771031,US,14579,,,2311105,0
Dec 31 2024,UniSuper,Balanced,Listed Equity,1,STEADFAST GROUP LIMITED,,AU000000SDF8,AU,197329,,,1144506,0
Dec 31 2024,UniSuper,Balanced,Listed Equity,1,STEEL DYNAMICS INC,,US8581191009,US,7869,,,1449682,0
Dec 31 2024,UniSuper,Balanced,Listed Equity,1,STEELCASE INC CL-A,,US8581552036,US,3768,,,71926,0
Dec 31 2024,UniSuper,Balanced,Listed Equity,1,STELLA INTERNATIONAL,,KYG846981028,KY,11792,,,40015,0
Dec 31 2024,UniSuper,Balanced,Listed Equity,1,STELLANTIS N V,,NL00150001Q9,NL,23642,,,497818,0
Dec 31 2024,UniSuper,Balanced,Listed Equity,1,STEP ONE CLOTHING LIMITED ORDINARY FULLY PAID,,AU0000181174,AU,67094,,,84538,0
Dec 31 2024,UniSuper,Balanced,Listed Equity,1,STERIS PLC,,IE00BFY8C754,IE,11852,,,3934816,0.0001
Dec 31 2024,UniSuper,Balanced,Listed Equity,1,STEVEN MADDEN LTD,,US5562691080,US,1768,,,121435,0
Dec 31 2024,UniSuper,Balanced,Listed Equity,1,STHREE PLC,,GB00B0KM9T71,GB,6372,,,38150,0
Dec 31 2024,UniSuper,Balanced,Listed Equity,1,STIFEL FINANCIAL COM USD0.15,,US8606301021,US,2576,,,441369,0
Dec 31 2024,UniSuper,Balanced,Listed Equity,1,STILLFRONT GP AB NPV,,SE0015346135,SE,70067,,,85572,0
Dec 31 2024,UniSuper,Balanced,Listed Equity,1,STMICROELECTRONICS EUR1.04,,NL0000226223,NL,1559,,,62614,0
Dec 31 2024,UniSuper,Balanced,Listed Equity,1,STMICROELECTRONICS NV,,NL0000226223,NL,8223,,,333852,0
Dec 31 2024,UniSuper,Balanced,Listed Equity,1,STOLT-NIELSEN LTD,,BMG850801025,BM,518,,,21300,0
Dec 31 2024,UniSuper,Balanced,Listed Equity,1,STORA ENSO OYJ-R SHS,,FI0009005961,FI,6631,,,107771,0
Dec 31 2024,UniSuper,Balanced,Listed Equity,1,STOREBRAND ASA,,NO0003053605,NO,17955,,,309461,0
Dec 31 2024,UniSuper,Balanced,Listed Equity,1,STRAUMANN HLDG,,CH1175448666,CH,1343,,,273409,0
Dec 31 2024,UniSuper,Balanced,Listed Equity,1,STRUCTURE THERAPEUTICS INC,,US86366E1064,US,48350,,,2117809,0
Dec 31 2024,UniSuper,Balanced,Listed Equity,1,STRYKER CORP,,US8636671013,US,28042,,,16306864,0.0003
Dec 31 2024,UniSuper,Balanced,Listed Equity,1,SUBARU CORP,,JP3814800003,JP,9241,,,267906,0
Dec 31 2024,UniSuper,Balanced,Listed Equity,1,SUBSEA 7 SA,,LU0075646355,LU,5314,,,136094,0
Dec 31 2024,UniSuper,Balanced,Listed Equity,1,SUMCO CORPORATION,,JP3322930003,JP,53412,,,649366,0
Dec 31 2024,UniSuper,Balanced,Listed Equity,1,SUMEC CORP LTD,,CNE000000KL2,CN,498341,,,1025500,0
Dec 31 2024,UniSuper,Balanced,Listed Equity,1,SUMISHO COMPUTER SYSTEMS CORPORATION,,JP3400400002,JP,1383,,,47343,0
Dec 31 2024,UniSuper,Balanced,Listed Equity,1,SUMITOMO BAKELITE CO LTD,,JP3409400003,JP,1911,,,76069,0
Dec 31 2024,UniSuper,Balanced,Listed Equity,1,SUMITOMO CORP JPY,,JP3404600003,JP,13138,,,462859,0
Dec 31 2024,UniSuper,Balanced,Listed Equity,1,SUMITOMO ELECTRIC,,JP3407400005,JP,8612,,,252557,0
Dec 31 2024,UniSuper,Balanced,Listed Equity,1,SUMITOMO FORESTRY CO LTD,,JP3409800004,JP,36869,,,2005888,0
Dec 31 2024,UniSuper,Balanced,Listed Equity,1,SUMITOMO HEAVY INDUSTRIES LTD,,JP3405400007,JP,2776,,,92590,0
Dec 31 2024,UniSuper,Balanced,Listed Equity,1,SUMITOMO METAL MINING CO LTD,,JP3402600005,JP,25418,,,943778,0
Dec 31 2024,UniSuper,Balanced,Listed Equity,1,SUMITOMO MITSUI FINANCIAL GROUP,,JP3890350006,JP,1224003,,,47347172,0.0009
Dec 31 2024,UniSuper,Balanced,Listed Equity,1,SUMITOMO MITSUI TRUST GROUP IN,,JP3892100003,JP,9260,,,351361,0
Dec 31 2024,UniSuper,Balanced,Listed Equity,1,SUMITOMO RUBBER INDUSTRIES,,JP3404200002,JP,21167,,,387958,0
Dec 31 2024,UniSuper,Balanced,Listed Equity,1,SUN LIFE FINANCIAL INC,,CA8667961053,CA,6978,,,668822,0
Dec 31 2024,UniSuper,Balanced,Listed Equity,1,SUN PHARMACEUTICALS INDUSTRIES LIMITED,,INE044A01036,IN,118915,,,4231743,0.0001
Dec 31 2024,UniSuper,Balanced,Listed Equity,1,SUNCOR ENERGY INC,,CA8672241079,CA,18096,,,1042764,0
Dec 31 2024,UniSuper,Balanced,Listed Equity,1,SUNCORP GROUP LTD,,AU000000SUN6,AU,6853739,,,130289569,0.0025
Dec 31 2024,UniSuper,Balanced,Listed Equity,1,SUNDARAM FINANCE LTD,,INE660A01013,IN,16331,,,1276634,0
Dec 31 2024,UniSuper,Balanced,Listed Equity,1,SUNTORY BEVERAGE AND FOOD LTD,,JP3336560002,JP,1572,,,80965,0
Dec 31 2024,UniSuper,Balanced,Listed Equity,1,SUPER MICRO COMPUTER INC,,US86800U3023,US,63752,,,3138430,0.0001
Dec 31 2024,UniSuper,Balanced,Listed Equity,1,SUPER RETAIL GROUP LIMITED,,AU000000SUL0,AU,110009,,,1669941,0
Dec 31 2024,UniSuper,Balanced,Listed Equity,1,SUPERNUS PHARMACEUTICALS INC,,US8684591089,US,96557,,,5639199,0.0001
Dec 31 2024,UniSuper,Balanced,Listed Equity,1,SUPPLY NETWORK ORD SHS,,AU000000SNL5,AU,2476,,,81710,0
Dec 31 2024,UniSuper,Balanced,Listed Equity,1,SUSS MICROTEC SE,,DE000A1K0235,DE,460,,,37456,0
Dec 31 2024,UniSuper,Balanced,Listed Equity,1,SUZUKEN CO LTD,,JP3398000004,JP,1523,,,74121,0
Dec 31 2024,UniSuper,Balanced,Listed Equity,1,SUZUKI MOTOR CORP,,JP3397200001,JP,226229,,,4161633,0.0001
Dec 31 2024,UniSuper,Balanced,Listed Equity,1,SUZUKI ORD SHS,,JP3397210000,JP,10308,,,192053,0
Dec 31 2024,UniSuper,Balanced,Listed Equity,1,SVENSKA CELLULOSA AB - B SHARES,,SE0000112724,SE,7297,,,149800,0
Dec 31 2024,UniSuper,Balanced,Listed Equity,1,SVENSKA HANDELSBKN SER A NPV,,SE0007100599,SE,20784,,,346955,0
Dec 31 2024,UniSuper,Balanced,Listed Equity,1,SWATCH GROUP,,CH0012255151,CH,16836,,,4950972,0.0001
Dec 31 2024,UniSuper,Balanced,Listed Equity,1,SWATCH GROUP AG,,US8701231065,US,10536,,,154166,0
Dec 31 2024,UniSuper,Balanced,Listed Equity,1,SWCC CORPORATION,,JP3368400002,JP,687,,,53630,0
Dec 31 2024,UniSuper,Balanced,Listed Equity,1,SWEDBANK AB,,SE0000242455,SE,12101,,,386155,0
Dec 31 2024,UniSuper,Balanced,Listed Equity,1,SWEDISH ORPHAN BIOVITRUM PUBL AB,,SE0000872095,SE,229265,,,10636930,0.0002
Dec 31 2024,UniSuper,Balanced,Listed Equity,1,SWIRE PACIFIC,,HK0019000162,HK,4715,,,69062,0
Dec 31 2024,UniSuper,Balanced,Listed Equity,1,SWISS LIFE HOLDING AG,,CH0014852781,CH,346,,,431090,0
Dec 31 2024,UniSuper,Balanced,Listed Equity,1,SWISS RE AG,,CH0126881561,CH,3629,,,848576,0
Dec 31 2024,UniSuper,Balanced,Listed Equity,1,SWISSQUOTE GROUP HOLDING SA,,CH0010675863,CH,525,,,325320,0
Dec 31 2024,UniSuper,Balanced,Listed Equity,1,SYDBANK A S,,DK0010311471,DK,1376,,,117291,0
Dec 31 2024,UniSuper,Balanced,Listed Equity,1,SYENSQO SA NPV,,BE0974464977,BE,844,,,99630,0
Dec 31 2024,UniSuper,Balanced,Listed Equity,1,SYMRISE AG,,DE000SYM9999,DE,1597,,,274231,0
Dec 31 2024,UniSuper,Balanced,Listed Equity,1,SYNCHRONY FINANCIAL,,US87165B1035,US,19648,,,2062696,0
Dec 31 2024,UniSuper,Balanced,Listed Equity,1,SYNOPSYS INC,,US8716071076,US,47477,,,37217760,0.0007
Dec 31 2024,UniSuper,Balanced,Listed Equity,1,SYRAH RESOURCES LIMITED ORDINARY FULLY PAID,,AU000000SYR9,AU,65969,,,13524,0
Dec 31 2024,UniSuper,Balanced,Listed Equity,1,SYSCO CORPORATION COM,,US8718291078,US,20371,,,2515620,0
Dec 31 2024,UniSuper,Balanced,Listed Equity,1,SYSMEX CORP,,JP3351100007,JP,6035,,,180882,0
Dec 31 2024,UniSuper,Balanced,Listed Equity,1,T ROWE PRICE GROUP,,US74144T1088,US,10557,,,1928273,0
Dec 31 2024,UniSuper,Balanced,Listed Equity,1,T&D HOLDINGS INC NPV,,JP3539220008,JP,5909,,,176445,0
Dec 31 2024,UniSuper,Balanced,Listed Equity,1,TABCORP HOLDINGS LTD,,AU000000TAH8,AU,48894198,,,27625222,0.0005
Dec 31 2024,UniSuper,Balanced,Listed Equity,1,TAIHEIYO CEMENT CORPORATION,,JP3449020001,JP,21346,,,786870,0
Dec 31 2024,UniSuper,Balanced,Listed Equity,1,TAIKISHA LTD,,JP3441200007,JP,4060,,,208629,0
Dec 31 2024,UniSuper,Balanced,Listed Equity,1,TAISEI CORP,,JP3443600006,JP,1886,,,128672,0
Dec 31 2024,UniSuper,Balanced,Listed Equity,1,TAIWAN SEMICON MANUFACTURING CO LTD,,TW0002330008,TW,3675311,,,194642692,0.0037
Dec 31 2024,UniSuper,Balanced,Listed Equity,1,TAIWAN SEMICONDUCTOR MANUFACTURING USD,,US8740391003,US,152274,,,48570730,0.0009
Dec 31 2024,UniSuper,Balanced,Listed Equity,1,TAKE TWO INTERACTIVE SOFTWARE INC,,US8740541094,US,7532,,,2239452,0
Dec 31 2024,UniSuper,Balanced,Listed Equity,1,TAKEDA PHARMACEUTICAL CO LTD,,JP3463000004,JP,158260,,,6800064,0.0001
Dec 31 2024,UniSuper,Balanced,Listed Equity,1,TALANX AG,,DE000TLX1005,DE,736,,,101052,0
Dec 31 2024,UniSuper,Balanced,Listed Equity,1,TAMARACK VALLEY ENERGY LTD,,CA87505Y4094,CA,124537,,,669916,0
Dec 31 2024,UniSuper,Balanced,Listed Equity,1,TAMRON CO LTD NPV,,JP3471800007,JP,2030,,,93779,0
Dec 31 2024,UniSuper,Balanced,Listed Equity,1,TANDEM DIABETES CARE,,US8753722037,US,61306,,,3566572,0.0001
Dec 31 2024,UniSuper,Balanced,Listed Equity,1,TANSEISHA CO LTD,,JP3472200009,JP,9752,,,99818,0
Dec 31 2024,UniSuper,Balanced,Listed Equity,1,TAOKA CHEMICAL CO LTD,,JP3452400009,JP,3739,,,40117,0
Dec 31 2024,UniSuper,Balanced,Listed Equity,1,TAPESTRY INC COM USD0.01,,US8760301072,US,11952,,,1261139,0
Dec 31 2024,UniSuper,Balanced,Listed Equity,1,TARGET CORPORATION,,US87612E1064,US,16839,,,3676525,0.0001
Dec 31 2024,UniSuper,Balanced,Listed Equity,1,TATA CONSULTANCY SERVICES,,INE467B01029,IN,87655,,,6771243,0.0001
Dec 31 2024,UniSuper,Balanced,Listed Equity,1,TATA MOTORS LTD,,INE155A01022,IN,60712,,,847724,0
Dec 31 2024,UniSuper,Balanced,Listed Equity,1,TAYLOR MORRISON HOME CORP,,US87724P1066,US,29309,,,2897548,0.0001
Dec 31 2024,UniSuper,Balanced,Listed Equity,1,TAYLOR WIMPEY PLC GBP,,GB0008782301,GB,40331,,,99609,0
Dec 31 2024,UniSuper,Balanced,Listed Equity,1,TBC BANK GROUP PLC,,GB00BYT18307,GB,3858,,,243485,0
Dec 31 2024,UniSuper,Balanced,Listed Equity,1,TBS HOLDINGS INC,,JP3588600001,JP,34662,,,1443059,0
Dec 31 2024,UniSuper,Balanced,Listed Equity,1,TDK CORPORATION,,JP3538800008,JP,203931,,,4343493,0.0001
Dec 31 2024,UniSuper,Balanced,Listed Equity,1,TE CONNECTIVITY COM USD0.01,,IE000IVNQZ81,IE,33886,,,7824766,0.0001
Dec 31 2024,UniSuper,Balanced,Listed Equity,1,TEAMVIEWER AG,,DE000A2YN900,DE,3712,,,59251,0
Dec 31 2024,UniSuper,Balanced,Listed Equity,1,TECH MAHINDRA,,INE669C01036,IN,36188,,,1164810,0
Dec 31 2024,UniSuper,Balanced,Listed Equity,1,TECHNIP ENERGIES EUR0.01,,NL0014559478,NL,1522,,,65417,0
Dec 31 2024,UniSuper,Balanced,Listed Equity,1,TECHNOLOGY ONE LIMITED,,AU000000TNE8,AU,50357,,,1576688,0
Dec 31 2024,UniSuper,Balanced,Listed Equity,1,TECHTRONIC INDUSTRIES CO,,HK0669013440,HK,1263367,,,26924717,0.0005
Dec 31 2024,UniSuper,Balanced,Listed Equity,1,TECK RESOURCES LTD-CLS B,,CA8787422044,CA,5469,,,357950,0
Dec 31 2024,UniSuper,Balanced,Listed Equity,1,TELEDYNE TECHNOLOGIES INC,,US8793601050,US,2405,,,1802914,0
Dec 31 2024,UniSuper,Balanced,Listed Equity,1,TELEFLEX INC,,US8793691069,US,15300,,,4397980,0.0001
Dec 31 2024,UniSuper,Balanced,Listed Equity,1,TELEPERFORMANCE,,FR0000051807,FR,615,,,85467,0
Dec 31 2024,UniSuper,Balanced,Listed Equity,1,TELIX PHARMACEUTICALS LIMITED ORDINARY FULLY PAID DEFERRED SETTLEMENT,,AU000000TLX2,AU,285143,,,7017363,0.0001
Dec 31 2024,UniSuper,Balanced,Listed Equity,1,TEMENOS AG,,CH0012453913,CH,728,,,83161,0
Dec 31 2024,UniSuper,Balanced,Listed Equity,1,TEMPLE AND WEBSTER GROUP LTD,,AU000000TPW5,AU,42928,,,562353,0
Dec 31 2024,UniSuper,Balanced,Listed Equity,1,TEMPUR SEALY INTL COM USD0.01,,US88023U1016,US,8473,,,775840,0
Dec 31 2024,UniSuper,Balanced,Listed Equity,1,TENARIS SA,,LU2598331598,LU,5381,,,162624,0
Dec 31 2024,UniSuper,Balanced,Listed Equity,1,TENCENT HLDGS LIMITED,,KYG875721634,KY,1539148,,,133448606,0.0025
Dec 31 2024,UniSuper,Balanced,Listed Equity,1,TENCENT HOLDINGS LTD,,US88032Q1094,US,28095,,,2413107,0
Dec 31 2024,UniSuper,Balanced,Listed Equity,1,TERADATA CORP,,US88076W1036,US,2428,,,122141,0
Dec 31 2024,UniSuper,Balanced,Listed Equity,1,TERADYNE INC,,US8807701029,US,20260,,,4120400,0.0001
Dec 31 2024,UniSuper,Balanced,Listed Equity,1,TERUMO CORP,,JP3546800008,JP,16156,,,508393,0
Dec 31 2024,UniSuper,Balanced,Listed Equity,1,TESCO ORD,,GB00BLGZ9862,GB,82442,,,614181,0
Dec 31 2024,UniSuper,Balanced,Listed Equity,1,TESLA INC,,US88160R1014,US,109136,,,71183714,0.0013
Dec 31 2024,UniSuper,Balanced,Listed Equity,1,TETRA TECH ORD SHS,,US88162G1031,US,6541,,,420910,0
Dec 31 2024,UniSuper,Balanced,Listed Equity,1,TEVA PHARMACEUTICAL SP ADR,,US8816242098,US,223264,,,7947587,0.0002
Dec 31 2024,UniSuper,Balanced,Listed Equity,1,TEXAS CAPITAL BANCSHARES INC,,US88224Q1076,US,1103,,,139363,0
Dec 31 2024,UniSuper,Balanced,Listed Equity,1,TEXAS INSTRUMENTS,,US8825081040,US,80193,,,24286620,0.0005
Dec 31 2024,UniSuper,Balanced,Listed Equity,1,TEXAS PACIFIC LD COM USD0.01,,US88262P1021,US,1001,,,1788891,0
Dec 31 2024,UniSuper,Balanced,Listed Equity,1,TEXAS ROADHOUSE INC,,US8826811098,US,4283,,,1248267,0
Dec 31 2024,UniSuper,Balanced,Listed Equity,1,TEXHONG TEXTILE GROUP LTD,,KYG876551170,KY,9853,,,8174,0
Dec 31 2024,UniSuper,Balanced,Listed Equity,1,TEXTRON INC,,US8832031012,US,11439,,,1413185,0
Dec 31 2024,UniSuper,Balanced,Listed Equity,1,TFI INTERNATIONAL INC,,CA87241L1094,CA,32679,,,7128356,0.0001
Dec 31 2024,UniSuper,Balanced,Listed Equity,1,THALES (EX THOMSON - CSF),,FR0000121329,FR,1115,,,258599,0
Dec 31 2024,UniSuper,Balanced,Listed Equity,1,THE CAMPBELL S COMPANY,,US1344291091,US,16803,,,1136562,0
Dec 31 2024,UniSuper,Balanced,Listed Equity,1,THE CIGNA GROUP,,US1255231003,US,10898,,,4860277,0.0001
Dec 31 2024,UniSuper,Balanced,Listed Equity,1,THE HERSHEY COMPANY,,US4278661081,US,7100,,,1941932,0
Dec 31 2024,UniSuper,Balanced,Listed Equity,1,THE ISRAEL CORPORATION LIMITED,,IL0005760173,IL,86,,,36520,0
Dec 31 2024,UniSuper,Balanced,Listed Equity,1,THE JM SMUCKER COMPANY,,US8326964058,US,7579,,,1347895,0
Dec 31 2024,UniSuper,Balanced,Listed Equity,1,THE KARUR VYSYA BANK,,INE036D01028,IN,259578,,,1063282,0
Dec 31 2024,UniSuper,Balanced,Listed Equity,1,THE STAR ENTERTAINMENT GROUP LIMITED,,AU000000SGR6,AU,433856,,,82433,0
Dec 31 2024,UniSuper,Balanced,Listed Equity,1,THE TORONTO DOMINION BANK,,CA8911605092,CA,361352,,,31056139,0.0006
Dec 31 2024,UniSuper,Balanced,Listed Equity,1,THE UNITED LABORATORIES INTERNATIONAL HOLDINGS LIMITED,,KYG8813K1085,KY,23286,,,59843,0
Dec 31 2024,UniSuper,Balanced,Listed Equity,1,THE WALT DISNEY CO,,US2546871060,US,133232,,,23960919,0.0005
Dec 31 2024,UniSuper,Balanced,Listed Equity,1,THERMO FISHER SCIENTIFIC INC,,US8835561023,US,91037,,,76492540,0.0014
Dec 31 2024,UniSuper,Balanced,Listed Equity,1,THK CO LTD,,JP3539250005,JP,56394,,,2132757,0
Dec 31 2024,UniSuper,Balanced,Listed Equity,1,THOMSON REUTERS CP COM NPV POST REV SPLIT,,CA8849038085,CA,1886,,,488853,0
Dec 31 2024,UniSuper,Balanced,Listed Equity,1,THULE GROUP AB,,SE0006422390,SE,18241,,,910837,0
Dec 31 2024,UniSuper,Balanced,Listed Equity,1,TI FLUID SYSTEMS PLC,,GB00BYQB9V88,GB,14545,,,56842,0
Dec 31 2024,UniSuper,Balanced,Listed Equity,1,TIS INC,,JP3104890003,JP,2452,,,94156,0
Dec 31 2024,UniSuper,Balanced,Listed Equity,1,TITAN CEMENT INTL NPV,,BE0974338700,BE,479,,,32215,0
Dec 31 2024,UniSuper,Balanced,Listed Equity,1,TITAN INDUSTRIES,,INE280A01028,IN,14614,,,896882,0
Dec 31 2024,UniSuper,Balanced,Listed Equity,1,TIVOLI AS,,DK0060726743,DK,112,,,16429,0
Dec 31 2024,UniSuper,Balanced,Listed Equity,1,TJX COS INC,,US8725401090,US,60464,,,11797843,0.0002
Dec 31 2024,UniSuper,Balanced,Listed Equity,1,TKO GROUP HLDGS COM USD0.01 CL A,,US87256C1018,US,1829,,,419768,0
Dec 31 2024,UniSuper,Balanced,Listed Equity,1,TMX GROUP LTD COM NPV,,CA87262K1057,CA,3143,,,156301,0
Dec 31 2024,UniSuper,Balanced,Listed Equity,1,TOAST INC,,US8887871080,US,6403,,,376945,0
Dec 31 2024,UniSuper,Balanced,Listed Equity,1,TOBU RAILWAY CO LTD,,JP3597800006,JP,4717,,,124315,0
Dec 31 2024,UniSuper,Balanced,Listed Equity,1,TOENEC CORPORATION,,JP3552230009,JP,2981,,,30177,0
Dec 31 2024,UniSuper,Balanced,Listed Equity,1,TOHO CO LTD JPY,,JP3598600009,JP,1712,,,108275,0
Dec 31 2024,UniSuper,Balanced,Listed Equity,1,TOHO HOLDINGS CO LTD,,JP3602600003,JP,22361,,,981240,0
Dec 31 2024,UniSuper,Balanced,Listed Equity,1,TOKAI RIKA CO LTD,,JP3566600007,JP,23167,,,542590,0
Dec 31 2024,UniSuper,Balanced,Listed Equity,1,TOKAI TOKYO FINANCIAL HOLDINGS INC,,JP3577600004,JP,84517,,,429943,0
Dec 31 2024,UniSuper,Balanced,Listed Equity,1,TOKIO MARINE HOLDINGS INC,,JP3910660004,JP,124626,,,7336250,0.0001
Dec 31 2024,UniSuper,Balanced,Listed Equity,1,TOKYO ELECTRON LTD JPY,,JP3571400005,JP,22988,,,5713565,0.0001
Dec 31 2024,UniSuper,Balanced,Listed Equity,1,TOKYU CORP NPV,,JP3574200006,JP,5721,,,99237,0
Dec 31 2024,UniSuper,Balanced,Listed Equity,1,TOLL BROTHERS INC,,US8894781033,US,10256,,,2086329,0
Dec 31 2024,UniSuper,Balanced,Listed Equity,1,TOMY CO LTD,,JP3630550006,JP,2358,,,110039,0
Dec 31 2024,UniSuper,Balanced,Listed Equity,1,TONGDING INTERCONNECTION IA,,CNE100000VR5,CN,531805,,,604841,0
Dec 31 2024,UniSuper,Balanced,Listed Equity,1,TONGYANG LIFE INSURANCE CO LTD,,KR7082640004,KR,166407,,,819730,0
Dec 31 2024,UniSuper,Balanced,Listed Equity,1,TOPPAN HOLDINGS INC,,JP3629000005,JP,2640,,,114206,0
Dec 31 2024,UniSuper,Balanced,Listed Equity,1,TOPRE CORPORATION,,JP3598200008,JP,35407,,,730657,0
Dec 31 2024,UniSuper,Balanced,Listed Equity,1,TORAY INDS INC,,JP3621000003,JP,15779,,,162400,0
Dec 31 2024,UniSuper,Balanced,Listed Equity,1,TOREX GOLD RES INC COM NPV POST REV SPLT,,CA8910546032,CA,2143,,,68162,0
Dec 31 2024,UniSuper,Balanced,Listed Equity,1,TORO CO,,US8910921084,US,1257,,,162654,0
Dec 31 2024,UniSuper,Balanced,Listed Equity,1,TOROMONT INDUSTRIES LTD,,CA8911021050,CA,943,,,120339,0
Dec 31 2024,UniSuper,Balanced,Listed Equity,1,TORRID HOLDINGS ORD SHS,,US89142B1070,US,28564,,,241281,0
Dec 31 2024,UniSuper,Balanced,Listed Equity,1,TOSHIBA TEC CORP,,JP3594000006,JP,23256,,,862800,0
Dec 31 2024,UniSuper,Balanced,Listed Equity,1,TOTALENERGIES SE,,FR0000120271,FR,27086,,,2417623,0
Dec 31 2024,UniSuper,Balanced,Listed Equity,1,TOTO LTD,,JP3596200000,JP,1257,,,49164,0
Dec 31 2024,UniSuper,Balanced,Listed Equity,1,TOURMALINE OIL CP COM,,CA89156V1067,CA,5029,,,375687,0
Dec 31 2024,UniSuper,Balanced,Listed Equity,1,TOWER SEMICONDUCTOR LTD,,IL0010823792,IL,1843,,,153344,0
Dec 31 2024,UniSuper,Balanced,Listed Equity,1,TOWNE BANK,,US89214P1093,US,1704,,,93742,0
Dec 31 2024,UniSuper,Balanced,Listed Equity,1,TOYO SEIKAN GROUP HOLDINGS LTD,,JP3613400005,JP,14837,,,366951,0
Dec 31 2024,UniSuper,Balanced,Listed Equity,1,TOYO SUISAN KAISHA,,JP3613000003,JP,15170,,,1677498,0
Dec 31 2024,UniSuper,Balanced,Listed Equity,1,TOYODA GOSEI CO LTD,,JP3634200004,JP,9553,,,273083,0
Dec 31 2024,UniSuper,Balanced,Listed Equity,1,TOYOTA INDUSTRIES CORPORATION,,JP3634600005,JP,2389,,,315831,0
Dec 31 2024,UniSuper,Balanced,Listed Equity,1,TOYOTA MOTOR CORP,,JP3633400001,JP,248991,,,8050149,0.0002
Dec 31 2024,UniSuper,Balanced,Listed Equity,1,TOYOTA TSUSHO CORP,,JP3635000007,JP,9084,,,264013,0
Dec 31 2024,UniSuper,Balanced,Listed Equity,1,TOYTA BOSHOKU CORPORATION,,JP3635400009,JP,21405,,,451620,0
Dec 31 2024,UniSuper,Balanced,Listed Equity,1,TP ICAP PLC,,JE00BMDZN391,JE,45189,,,235831,0
Dec 31 2024,UniSuper,Balanced,Listed Equity,1,TPV TECHNOLOGY CO LTD,,CNE0000002J9,CN,380818,,,234255,0
Dec 31 2024,UniSuper,Balanced,Listed Equity,1,TRACTOR SUPPLY COMPANY,,US8923561067,US,24469,,,2096935,0
Dec 31 2024,UniSuper,Balanced,Listed Equity,1,TRADE DESK INC,,US88339J1051,US,5406,,,1026244,0
Dec 31 2024,UniSuper,Balanced,Listed Equity,1,TRADEWEB MARKETS INC,,US8926721064,US,80545,,,17031301,0.0003
Dec 31 2024,UniSuper,Balanced,Listed Equity,1,TRAINLINE PLC,,GB00BKDTK925,GB,25665,,,224273,0
Dec 31 2024,UniSuper,Balanced,Listed Equity,1,TRANE TECHNOLOGIES PLC,,IE00BK9ZQ967,IE,8660,,,5166334,0.0001
Dec 31 2024,UniSuper,Balanced,Listed Equity,1,TRANSALTA CORP,,CA89346D1078,CA,6356,,,145118,0
Dec 31 2024,UniSuper,Balanced,Listed Equity,1,TRANSDIGM GROUP INC,,US8936411003,US,2020,,,4134342,0.0001
Dec 31 2024,UniSuper,Balanced,Listed Equity,1,TRANSUNION,,US89400J1079,US,2326,,,348282,0
Dec 31 2024,UniSuper,Balanced,Listed Equity,1,TRAVEL PLUS LEISUR CO,,US8941641024,US,20439,,,1665389,0
Dec 31 2024,UniSuper,Balanced,Listed Equity,1,TRAVELERS COS INC / THE,,US89417E1091,US,17900,,,6964180,0.0001
Dec 31 2024,UniSuper,Balanced,Listed Equity,1,TRAVERE THERAPEUTICS INC,,US89422G1076,US,39994,,,1125245,0
Dec 31 2024,UniSuper,Balanced,Listed Equity,1,TRAVIS PERKINS ORD GBP0.11205105,,GB00BK9RKT01,GB,8403,,,123915,0
Dec 31 2024,UniSuper,Balanced,Listed Equity,1,TREASURY WINE ESTATES LIMITED,,AU000000TWE9,AU,5310840,,,60171814,0.0011
Dec 31 2024,UniSuper,Balanced,Listed Equity,1,TRELLEBORG AB-B SHS,,SE0000114837,SE,2564,,,141873,0
Dec 31 2024,UniSuper,Balanced,Listed Equity,1,TREND MICRO INCORPORATED,,JP3637300009,JP,1509,,,132832,0
Dec 31 2024,UniSuper,Balanced,Listed Equity,1,TRENT LTD,,INE849A01020,IN,8586,,,1153844,0
Dec 31 2024,UniSuper,Balanced,Listed Equity,1,TREX COMPANY INC,,US89531P1057,US,2713,,,302425,0
Dec 31 2024,UniSuper,Balanced,Listed Equity,1,TRI POINTS HOMES INC,,US87265H1095,US,44101,,,2582756,0
Dec 31 2024,UniSuper,Balanced,Listed Equity,1,TRICAN WELL SERVICE LTD,,CA8959451037,CA,74332,,,428230,0
Dec 31 2024,UniSuper,Balanced,Listed Equity,1,TRIMBLE INC COM NPV,,US8962391004,US,13776,,,1572212,0
Dec 31 2024,UniSuper,Balanced,Listed Equity,1,TRINITY INDUSTRIES INC,,US8965221091,US,2487,,,141015,0
Dec 31 2024,UniSuper,Balanced,Listed Equity,1,TRIP DOT COM GROUP LTD,,US89677Q1076,US,48993,,,5433060,0.0001
Dec 31 2024,UniSuper,Balanced,Listed Equity,1,TRIPADVISOR INC COM USD0.001,,US8969452015,US,20014,,,477451,0
Dec 31 2024,UniSuper,Balanced,Listed Equity,1,TRIPLE FLAG PRECIOUS MET,,CA89679M1041,CA,8096,,,196381,0
Dec 31 2024,UniSuper,Balanced,Listed Equity,1,TRIPOD TECHNOLOGY CORP,,TW0003044004,TW,154345,,,1501746,0
Dec 31 2024,UniSuper,Balanced,Listed Equity,1,TRUSTPILOT GROUP PLC,,GB00BNK9TP58,GB,12748,,,79164,0
Dec 31 2024,UniSuper,Balanced,Listed Equity,1,TRUWORTHS INTERNATIONAL LIMITED,,ZAE000028296,ZA,13218,,,117218,0
Dec 31 2024,UniSuper,Balanced,Listed Equity,1,TRYG AS,,DK0060636678,DK,3979,,,135183,0
Dec 31 2024,UniSuper,Balanced,Listed Equity,1,TSUBAKIMOTO CHAIN CO,,JP3535400000,JP,1433,,,28806,0
Dec 31 2024,UniSuper,Balanced,Listed Equity,1,TT ELECTRONICS PLC,,GB0008711763,GB,35473,,,76059,0
Dec 31 2024,UniSuper,Balanced,Listed Equity,1,TUI N ORD SHS,,DE000TUAG505,DE,9957,,,139015,0
Dec 31 2024,UniSuper,Balanced,Listed Equity,1,TURKIYE SINAI KALKINMA BANKASI,,TRATSKBW91N0,TR,479169,,,267452,0
Dec 31 2024,UniSuper,Balanced,Listed Equity,1,TVS MOTOR COMPANY LTD,,INE494B01023,IN,48084,,,2148510,0
Dec 31 2024,UniSuper,Balanced,Listed Equity,1,TWILIO INC,,US90138F1021,US,2193,,,382798,0
Dec 31 2024,UniSuper,Balanced,Listed Equity,1,TYLER TECHNOLOGIES INC,,US9022521051,US,5084,,,4734765,0.0001
Dec 31 2024,UniSuper,Balanced,Listed Equity,1,TYM CORP,,KR7002900009,KR,69451,,,334501,0
Dec 31 2024,UniSuper,Balanced,Listed Equity,1,TYRO PAYMENTS LTD,,AU0000066508,AU,1907575,,,1554674,0
Dec 31 2024,UniSuper,Balanced,Listed Equity,1,TYSON FOODS INC CLASS A,,US9024941034,US,49810,,,4621032,0.0001
Dec 31 2024,UniSuper,Balanced,Listed Equity,1,UACJ CORP,,JP3826900007,JP,18689,,,1023686,0
Dec 31 2024,UniSuper,Balanced,Listed Equity,1,UBE CORP,,JP3158800007,JP,31269,,,774599,0
Dec 31 2024,UniSuper,Balanced,Listed Equity,1,UBER TECHNOLOGIES INC,,US90353T1007,US,107036,,,10427886,0.0002
Dec 31 2024,UniSuper,Balanced,Listed Equity,1,UBS GROUP AG,,CH0244767585,CH,44588,,,2203575,0
Dec 31 2024,UniSuper,Balanced,Listed Equity,1,UBS GROUP CHF0.10 REGD,,CH0244767585,CH,3495,,,171152,0
Dec 31 2024,UniSuper,Balanced,Listed Equity,1,ULTA BEAUTY INC COM,,US90384S3031,US,2516,,,1767739,0
Dec 31 2024,UniSuper,Balanced,Listed Equity,1,ULTRA TECH CEMENT LIMITED,,INE481G01011,IN,17738,,,3823519,0.0001
Dec 31 2024,UniSuper,Balanced,Listed Equity,1,UMENOHANA CO LTD,,JP3159850001,JP,1314,,,11260,0
Dec 31 2024,UniSuper,Balanced,Listed Equity,1,UMICORE NPV,,BE0974320526,BE,4912,,,81779,0
Dec 31 2024,UniSuper,Balanced,Listed Equity,1,UNICAJA BANCO SA,,ES0180907000,ES,137416,,,292793,0
Dec 31 2024,UniSuper,Balanced,Listed Equity,1,UNICHARM ORD SHS,,JP3951600000,JP,13390,,,179233,0
Dec 31 2024,UniSuper,Balanced,Listed Equity,1,UNICREDIT SPA,,IT0005239360,IT,23933,,,1542009,0
Dec 31 2024,UniSuper,Balanced,Listed Equity,1,UNICREDIT SPA,,US9046784065,US,36131,,,1165962,0
Dec 31 2024,UniSuper,Balanced,Listed Equity,1,UNILEVER PLC,,GB00B10RZP78,GB,693424,,,63792013,0.0012
Dec 31 2024,UniSuper,Balanced,Listed Equity,1,UNION CHIMIQUE UCB SA,,BE0003739530,BE,1521,,,489015,0
Dec 31 2024,UniSuper,Balanced,Listed Equity,1,UNION PACIFIC CORP,,US9078181081,US,136037,,,50103983,0.0009
Dec 31 2024,UniSuper,Balanced,Listed Equity,1,UNIPHAR PLC,,IE00BJ5FQX74,IE,791965,,,2807994,0.0001
Dec 31 2024,UniSuper,Balanced,Listed Equity,1,UNIPOL GRUPPO FINANZIARIO  SPA,,IT0004810054,IT,5872,,,118144,0
Dec 31 2024,UniSuper,Balanced,Listed Equity,1,UNIQA INSURANCE GROUP AG,,AT0000821103,AT,2724,,,35670,0
Dec 31 2024,UniSuper,Balanced,Listed Equity,1,UNITED AIRLINES HOLDINGS INC,,US9100471096,US,10666,,,1672711,0
Dec 31 2024,UniSuper,Balanced,Listed Equity,1,UNITED ENERGY GROUP LTD,,BMG9231L1081,BM,1013247,,,74790,0
Dec 31 2024,UniSuper,Balanced,Listed Equity,1,UNITED MIZRAHI BANK LIMITED,,IL0006954379,IL,1765,,,123316,0
Dec 31 2024,UniSuper,Balanced,Listed Equity,1,UNITED OVERSEAS BANK LTD,,SG1M31001969,SG,305456,,,13138320,0.0002
Dec 31 2024,UniSuper,Balanced,Listed Equity,1,UNITED PARCEL SERVICE - B,,US9113121068,US,24700,,,5030646,0.0001
Dec 31 2024,UniSuper,Balanced,Listed Equity,1,UNITED PARKS AND RESORTS INC,,US81282V1008,US,13605,,,1234723,0
Dec 31 2024,UniSuper,Balanced,Listed Equity,1,UNITED RENTALS INC,,US9113631090,US,2550,,,2900916,0.0001
Dec 31 2024,UniSuper,Balanced,Listed Equity,1,UNITED SPIRITS INR10,,INE854D01024,IN,52834,,,1620109,0
Dec 31 2024,UniSuper,Balanced,Listed Equity,1,UNITED THERAPEUTICS CORP,,US91307C1027,US,27507,,,15675634,0.0003
Dec 31 2024,UniSuper,Balanced,Listed Equity,1,UNITEDHEALTH GROUP INC COM STK,,US91324P1021,US,86461,,,70640970,0.0013
Dec 31 2024,UniSuper,Balanced,Listed Equity,1,UNIVERSAL MEDICAL FINANCIAL AND TECHNICAL ADVISORY SERVICES,,HK0000255361,HK,138193,,,142517,0
Dec 31 2024,UniSuper,Balanced,Listed Equity,1,UNIVERSAL MUSIC GROUP NV,,NL0015000IY2,NL,9904,,,409468,0
Dec 31 2024,UniSuper,Balanced,Listed Equity,1,UNIVERSAL STORE HOLDINGS LIMITED ORD FULLY PAID DEFERRED SETTLEMENT,,AU0000113565,AU,285424,,,2448941,0
Dec 31 2024,UniSuper,Balanced,Listed Equity,1,UNUMPROVIDENT CORPORATION,,US91529Y1064,US,4767,,,562253,0
Dec 31 2024,UniSuper,Balanced,Listed Equity,1,UPM KYMMENE CORP,,FI0009005987,FI,6422,,,285246,0
Dec 31 2024,UniSuper,Balanced,Listed Equity,1,UPWORK INC,,US91688F1049,US,3535,,,93358,0
Dec 31 2024,UniSuper,Balanced,Listed Equity,1,URBAN OUTFITTERS INC,,US9170471026,US,9979,,,884490,0
Dec 31 2024,UniSuper,Balanced,Listed Equity,1,US FOODS HOLDING CORP,,US9120081099,US,93260,,,10161271,0.0002
Dec 31 2024,UniSuper,Balanced,Listed Equity,1,VAIL RESORTS INC,,US91879Q1094,US,878,,,265730,0
Dec 31 2024,UniSuper,Balanced,Listed Equity,1,VALEO SA,,FR0013176526,FR,5606,,,87303,0
Dec 31 2024,UniSuper,Balanced,Listed Equity,1,VALERO ENERGY CORP,,US91913Y1001,US,12916,,,2557275,0
Dec 31 2024,UniSuper,Balanced,Listed Equity,1,VALLOUREC SA,,FR0013506730,FR,8740,,,240009,0
Dec 31 2024,UniSuper,Balanced,Listed Equity,1,VALVOLINE INC,,US92047W1018,US,2760,,,161298,0
Dec 31 2024,UniSuper,Balanced,Listed Equity,1,VARUN BEVERAGES LIMITED,,INE200M01039,IN,113760,,,1370284,0
Dec 31 2024,UniSuper,Balanced,Listed Equity,1,VAT GROUP AG,,CH0311864901,CH,407,,,248485,0
Dec 31 2024,UniSuper,Balanced,Listed Equity,1,VATTI CORP ORD SHS A,,CNE000001KY3,CN,530435,,,861497,0
Dec 31 2024,UniSuper,Balanced,Listed Equity,1,VAULT MINERALS LIMITED ORDINARY FULLY PAID,,AU0000355588,AU,1545703,,,510082,0
Dec 31 2024,UniSuper,Balanced,Listed Equity,1,VAXCYTE INC,,US92243G1085,US,70380,,,9305160,0.0002
Dec 31 2024,UniSuper,Balanced,Listed Equity,1,VEEVA SYSTEMS INC,,US9224751084,US,1823,,,619067,0
Dec 31 2024,UniSuper,Balanced,Listed Equity,1,VEIDEKKE ASA,,NO0005806802,NO,2106,,,42580,0
Dec 31 2024,UniSuper,Balanced,Listed Equity,1,VENTIA SERVICES GROUP LIMITED,,AU0000184459,AU,17514,,,63052,0
Dec 31 2024,UniSuper,Balanced,Listed Equity,1,VENTURE CORPORATION LTD,,SG0531000230,SG,14121,,,219845,0
Dec 31 2024,UniSuper,Balanced,Listed Equity,1,VERACYTE INC,,US92337F1075,US,1719,,,109964,0
Dec 31 2024,UniSuper,Balanced,Listed Equity,1,VERALTO ORD SHS,,US92338C1036,US,11908,,,1958788,0
Dec 31 2024,UniSuper,Balanced,Listed Equity,1,VERISIGN INC,,US92343E1029,US,11241,,,3757410,0.0001
Dec 31 2024,UniSuper,Balanced,Listed Equity,1,VERISK ANALYTICS I COM,,US92345Y1064,US,5837,,,2596736,0
Dec 31 2024,UniSuper,Balanced,Listed Equity,1,VERTEX ORD SHS CLASS A,,US92538J1060,US,1312,,,113084,0
Dec 31 2024,UniSuper,Balanced,Listed Equity,1,VERTEX PHARMACEUTICALS INC,,US92532F1003,US,28186,,,18332555,0.0003
Dec 31 2024,UniSuper,Balanced,Listed Equity,1,VERTICALSCOPE HOLDINGS INC,,CA92537Y1043,CA,5896,,,68531,0
Dec 31 2024,UniSuper,Balanced,Listed Equity,1,VERTIV HOLDINGS CO,,US92537N1081,US,5807,,,1065497,0
Dec 31 2024,UniSuper,Balanced,Listed Equity,1,VERTU MOTORS PLC,,GB00B1GK4645,GB,415048,,,496173,0
Dec 31 2024,UniSuper,Balanced,Listed Equity,1,VESTAS WIND SYSTEM,,DK0061539921,DK,39925,,,878212,0
Dec 31 2024,UniSuper,Balanced,Listed Equity,1,VESUVIUS PLC ORD GBP 0.00,,GB00B82YXW83,GB,15982,,,136743,0
Dec 31 2024,UniSuper,Balanced,Listed Equity,1,VF CORPORATION,,US9182041080,US,9801,,,339720,0
Dec 31 2024,UniSuper,Balanced,Listed Equity,1,VIATRIS INC,,US92556V1061,US,75186,,,1511851,0
Dec 31 2024,UniSuper,Balanced,Listed Equity,1,VIAVI SOLUTIONS INC,,US9255501051,US,7773,,,126805,0
Dec 31 2024,UniSuper,Balanced,Listed Equity,1,VICTORIAS SECRET A COM USD0.01 WI,,US9264001028,US,59797,,,4000294,0.0001
Dec 31 2024,UniSuper,Balanced,Listed Equity,1,VICTORY SUPERMAKET ORD SHS,,IL0011237778,IL,2617,,,64946,0
Dec 31 2024,UniSuper,Balanced,Listed Equity,1,VICTREX PLC,,GB0009292243,GB,3223,,,70159,0
Dec 31 2024,UniSuper,Balanced,Listed Equity,1,VIENNA INSURANCE GROUP AG WIENER,,AT0000908504,AT,968,,,49143,0
Dec 31 2024,UniSuper,Balanced,Listed Equity,1,VIJAYA DIAGNOSTIC CENTRE LTD,,INE043W01024,IN,40908,,,815602,0
Dec 31 2024,UniSuper,Balanced,Listed Equity,1,VINCI SA,,FR0000125486,FR,157720,,,26309351,0.0005
Dec 31 2024,UniSuper,Balanced,Listed Equity,1,VIRTU FINANCIAL INC,,US9282541013,US,2107,,,121392,0
Dec 31 2024,UniSuper,Balanced,Listed Equity,1,VISA INC - A,,US92826C8394,US,330739,,,168823091,0.0032
Dec 31 2024,UniSuper,Balanced,Listed Equity,1,VISHAL MEGA MART LTD,,INE01EA01019,IN,631463,,,1267864,0
Dec 31 2024,UniSuper,Balanced,Listed Equity,1,VISTRA CORP,,US92840M1027,US,13260,,,2952654,0.0001
Dec 31 2024,UniSuper,Balanced,Listed Equity,1,VISTRY GROUP PLC,,GB0001859296,GB,10157,,,117519,0
Dec 31 2024,UniSuper,Balanced,Listed Equity,1,VIVENDI SA,,US92852T2015,US,4243,,,44753,0
Dec 31 2024,UniSuper,Balanced,Listed Equity,1,VOESTALPINE AG,,AT0000937503,AT,2638,,,80859,0
Dec 31 2024,UniSuper,Balanced,Listed Equity,1,VOLKSWAGEN AG,,DE0007664039,DE,2966,,,441651,0
Dec 31 2024,UniSuper,Balanced,Listed Equity,1,VOLKSWAGEN AG,,US9286625010,US,30545,,,449925,0
Dec 31 2024,UniSuper,Balanced,Listed Equity,1,VOLKSWAGEN AG,,US9286626000,US,80263,,,1206892,0
Dec 31 2024,UniSuper,Balanced,Listed Equity,1,VOLUTION GROUP PLC,,GB00BN3ZZ526,GB,7107,,,80501,0
Dec 31 2024,UniSuper,Balanced,Listed Equity,1,VOLVO AB,,SE0000115420,SE,2282,,,90129,0
Dec 31 2024,UniSuper,Balanced,Listed Equity,1,VOLVO AB - B,,SE0000115446,SE,277181,,,10882800,0.0002
Dec 31 2024,UniSuper,Balanced,Listed Equity,1,VONTIER CORP,,US9288811014,US,70662,,,4162219,0.0001
Dec 31 2024,UniSuper,Balanced,Listed Equity,1,VOYA FINANCIAL INC,,US9290891004,US,2526,,,280840,0
Dec 31 2024,UniSuper,Balanced,Listed Equity,1,VTECH HOLDINGS LTD,,BMG9400S1329,BM,4239,,,46540,0
Dec 31 2024,UniSuper,Balanced,Listed Equity,1,VULCABRAS SA,,BRVULCACNOR2,BR,169218,,,687042,0
Dec 31 2024,UniSuper,Balanced,Listed Equity,1,VULCAN MATERIALS CO,,US9291601097,US,5564,,,2311807,0
Dec 31 2024,UniSuper,Balanced,Listed Equity,1,VULCAN STEEL LIMITED ORDINARY FULLY PAID DEFERRED SETTLEMENT,,AU0000181984,AU,142331,,,960737,0
Dec 31 2024,UniSuper,Balanced,Listed Equity,1,WABTEC CORP,,US9297401088,US,7513,,,2300411,0
Dec 31 2024,UniSuper,Balanced,Listed Equity,1,WACOM CO LTD,,JP3993400005,JP,3523,,,26247,0
Dec 31 2024,UniSuper,Balanced,Listed Equity,1,WALGREENS BOOTS AL COM,,US9314271084,US,74426,,,1121531,0
Dec 31 2024,UniSuper,Balanced,Listed Equity,1,WALLENIUS WILHELMS NOK0.52,,NO0010571680,NO,2568,,,34142,0
Dec 31 2024,UniSuper,Balanced,Listed Equity,1,WALMART INC,,US9311421039,US,467661,,,68243890,0.0013
Dec 31 2024,UniSuper,Balanced,Listed Equity,1,WANGNENG ENVIRONMENT CO LTD,,CNE000001KW7,CN,20977,,,71945,0
Dec 31 2024,UniSuper,Balanced,Listed Equity,1,WARNER BROS DISCOVERY INC,,US9344231041,US,111107,,,1896788,0
Dec 31 2024,UniSuper,Balanced,Listed Equity,1,WARTSILA OYJ,,FI0009003727,FI,7182,,,205520,0
Dec 31 2024,UniSuper,Balanced,Listed Equity,1,WASTE CONNECTIONS COM NPV,,CA94106B1013,CA,3080,,,853623,0
Dec 31 2024,UniSuper,Balanced,Listed Equity,1,WASTE MANAGEMENT INC COM,,US94106L1098,US,13248,,,4317753,0.0001
Dec 31 2024,UniSuper,Balanced,Listed Equity,1,WATCHES OF SWITZERLAND GROUP PLC,,GB00BJDQQ870,GB,7873,,,89101,0
Dec 31 2024,UniSuper,Balanced,Listed Equity,1,WATERS CORPORATION,,US9418481035,US,3017,,,1807451,0
Dec 31 2024,UniSuper,Balanced,Listed Equity,1,WATSCO INC,,US9426222009,US,440,,,336805,0
Dec 31 2024,UniSuper,Balanced,Listed Equity,1,WAYFAIR INC,,US94419L1017,US,4994,,,357501,0
Dec 31 2024,UniSuper,Balanced,Listed Equity,1,WEAVE COMMUNICATIONS INC,,US94724R1086,US,32394,,,832929,0
Dec 31 2024,UniSuper,Balanced,Listed Equity,1,WEB TRAVEL GROUP LIMITED ORDINARY FULLY PAID,,AU000000WEB7,AU,111154,,,510196,0
Dec 31 2024,UniSuper,Balanced,Listed Equity,1,WEBJET GROUP LTD,,AU0000350118,AU,28614,,,24894,0
Dec 31 2024,UniSuper,Balanced,Listed Equity,1,WEG SA,,BRWEGEACNOR0,BR,385224,,,5314555,0.0001
Dec 31 2024,UniSuper,Balanced,Listed Equity,1,WEG SA SPONSORED ADR,,US94858P2092,US,3739,,,56155,0
Dec 31 2024,UniSuper,Balanced,Listed Equity,1,WEICHAI POWER CO LTD,,CNE1000004L9,CN,321357,,,793782,0
Dec 31 2024,UniSuper,Balanced,Listed Equity,1,WELLS FARGO & COMPANY,,US9497461015,US,1008831,,,114447688,0.0022
Dec 31 2024,UniSuper,Balanced,Listed Equity,1,WENDYS COMPANY COM CLASS A,,US95058W1009,US,4355,,,114654,0
Dec 31 2024,UniSuper,Balanced,Listed Equity,1,WESFARMERS LIMITED,,AU000000WES1,AU,3548637,,,253833998,0.0048
Dec 31 2024,UniSuper,Balanced,Listed Equity,1,WEST AFRICAN RESOURCES LTD,,AU000000WAF6,AU,181501,,,260454,0
Dec 31 2024,UniSuper,Balanced,Listed Equity,1,WEST FRASER TIMBER CO,,CA9528451052,CA,629,,,87928,0
Dec 31 2024,UniSuper,Balanced,Listed Equity,1,WEST JAPAN RAILWAY NPV,,JP3659000008,JP,5029,,,144559,0
Dec 31 2024,UniSuper,Balanced,Listed Equity,1,WEST PHARMACEUTICAL SERVICES,,US9553061055,US,3655,,,1933620,0
Dec 31 2024,UniSuper,Balanced,Listed Equity,1,WESTERN DIGITAL CORP,,US9581021055,US,40266,,,3878040,0.0001
Dec 31 2024,UniSuper,Balanced,Listed Equity,1,WESTGOLD RESOURCES LIMITED,,AU000000WGX6,AU,195064,,,552032,0
Dec 31 2024,UniSuper,Balanced,Listed Equity,1,WESTLAKE CORP,,US9604131022,US,440,,,81485,0
Dec 31 2024,UniSuper,Balanced,Listed Equity,1,WESTPAC BANKING CORPORATION CAP NOTE 3-BBSW+2.90% PERP NON-CUM RED T-09-29,,AU0000172470,AU,1188844,,,123913249,0.0023
Dec 31 2024,UniSuper,Balanced,Listed Equity,1,WESTPAC BANKING CORPORATION,,AU0000306557,AU,592,,,62507,0
Dec 31 2024,UniSuper,Balanced,Listed Equity,1,WESTPAC BANKING CORPORATION,,AU000000WBC1,AU,10015138,,,323689247,0.0061
Dec 31 2024,UniSuper,Balanced,Listed Equity,1,WESTPAC BANKING CORPORATION CAP NOTE 3-BBSW+3.40% PERP NON-CUM RED T-09-28,,AU0000229452,AU,1260148,,,132680991,0.0025
Dec 31 2024,UniSuper,Balanced,Listed Equity,1,WESTPAC BANKING CORPORATION CAP NOTE 3-BBSW+3.20% PERP NON-CUM RED T-09-25,,AU0000000564,AU,151502,,,15378952,0.0003
Dec 31 2024,UniSuper,Balanced,Listed Equity,1,WESTPAC BANKING CORPORATION CAP NOTE 3-BBSW+3.40% PERP NON-CUM RED T-03-27,,AU0000114837,AU,215701,,,22460766,0.0004
Dec 31 2024,UniSuper,Balanced,Listed Equity,1,WH GROUP LTD,,KYG960071028,KY,94924,,,118617,0
Dec 31 2024,UniSuper,Balanced,Listed Equity,1,WHEATON PRECIOUS METALS,,CA9628791027,CA,5469,,,496942,0
Dec 31 2024,UniSuper,Balanced,Listed Equity,1,WHITBREAD PLC,,GB00B1KJJ408,GB,2102,,,125270,0
Dec 31 2024,UniSuper,Balanced,Listed Equity,1,WIENERBERGER AG,,AT0000831706,AT,11768,,,527050,0
Dec 31 2024,UniSuper,Balanced,Listed Equity,1,WILL GROUP INC,,JP3154160000,JP,5356,,,55538,0
Dec 31 2024,UniSuper,Balanced,Listed Equity,1,WILLIAMS SONOMA ORD SHS,,US9699041011,US,1509,,,451241,0
Dec 31 2024,UniSuper,Balanced,Listed Equity,1,WILLIS TOWERS WATSON,,IE00BDB6Q211,IE,4535,,,2294489,0
Dec 31 2024,UniSuper,Balanced,Listed Equity,1,WILMAR INTERNATIONAL LTD,,SG1T56930848,SG,21877,,,80291,0
Dec 31 2024,UniSuper,Balanced,Listed Equity,1,WINGSTOP INC,,US9741551033,US,2660,,,1221119,0
Dec 31 2024,UniSuper,Balanced,Listed Equity,1,WISE CL A ORD SHS,,GB00BL9YR756,GB,9292,,,200358,0
Dec 31 2024,UniSuper,Balanced,Listed Equity,1,WISETECH GLOBAL LIMITED ORDINARY FULLY PAID DEFERRED SETTLEMENT,,AU000000WTC3,AU,190388,,,23048335,0.0004
Dec 31 2024,UniSuper,Balanced,Listed Equity,1,WIX COM LTD,,IL0011301780,IL,4363,,,1511737,0
Dec 31 2024,UniSuper,Balanced,Listed Equity,1,WIZZ AIR HOLDINGS PLC,,JE00BN574F90,JE,2509,,,73039,0
Dec 31 2024,UniSuper,Balanced,Listed Equity,1,WK KELLOGG ORD SHS,,US92942W1071,US,16678,,,484603,0
Dec 31 2024,UniSuper,Balanced,Listed Equity,1,WM TECHNOLOGY INC,,US92971A1097,US,34979,,,77963,0
Dec 31 2024,UniSuper,Balanced,Listed Equity,1,WOLTERS KLUWER,,NL0000395903,NL,3427,,,919345,0
Dec 31 2024,UniSuper,Balanced,Listed Equity,1,WOLVERINE WORLD WIDE INC,,US9780971035,US,1876,,,67255,0
Dec 31 2024,UniSuper,Balanced,Listed Equity,1,WOODSIDE ENERGY GROUP LTD ORDINARY FULLY PAID,,AU0000224040,AU,1066474,,,26235260,0.0005
Dec 31 2024,UniSuper,Balanced,Listed Equity,1,WOODWARD INC,,US9807451037,US,2936,,,789040,0
Dec 31 2024,UniSuper,Balanced,Listed Equity,1,WOOLWORTHS GROUP LIMITED ORDINARY FULLY PAID,,AU000000WOW2,AU,4010259,,,122272787,0.0023
Dec 31 2024,UniSuper,Balanced,Listed Equity,1,WOORI TECHNOLOGY INVESTMENT ORD SHS,,KR7041190000,KR,26243,,,199239,0
Dec 31 2024,UniSuper,Balanced,Listed Equity,1,WORKDAY INC,,US98138H1014,US,22813,,,9507102,0.0002
Dec 31 2024,UniSuper,Balanced,Listed Equity,1,WORKIVA INC,,US98139A1051,US,1136,,,200898,0
Dec 31 2024,UniSuper,Balanced,Listed Equity,1,WORLD CO LTD,,JP3990210001,JP,55887,,,1445621,0
Dec 31 2024,UniSuper,Balanced,Listed Equity,1,WORLEY LIMITED,,AU000000WOR2,AU,533400,,,7307581,0.0001
Dec 31 2024,UniSuper,Balanced,Listed Equity,1,WPP PLC,,JE00B8KF9B49,JE,12977,,,217187,0
Dec 31 2024,UniSuper,Balanced,Listed Equity,1,WR BERKLEY ORD SHS,,US0844231029,US,76276,,,7209394,0.0001
Dec 31 2024,UniSuper,Balanced,Listed Equity,1,WSP GLOBAL INC,,CA92938W2022,CA,1572,,,446453,0
Dec 31 2024,UniSuper,Balanced,Listed Equity,1,WUXI RURAL COMMERCIAL BANKA,,CNE1000030K6,CN,414789,,,542426,0
Dec 31 2024,UniSuper,Balanced,Listed Equity,1,WYNDHAM HOTELS R COM USD,,US98311A1051,US,2012,,,327507,0
Dec 31 2024,UniSuper,Balanced,Listed Equity,1,WYNN RESORTS LTD,,US9831341071,US,7792,,,1084313,0
Dec 31 2024,UniSuper,Balanced,Listed Equity,1,XEBIO CO LTD,,JP3428800001,JP,22868,,,268621,0
Dec 31 2024,UniSuper,Balanced,Listed Equity,1,XENON PHARMACEUTICALS INC,,CA98420N1050,CA,106093,,,6717020,0.0001
Dec 31 2024,UniSuper,Balanced,Listed Equity,1,XERO LIMITED ORDINARY FULLY PAID,,NZXROE0001S2,NZ,192213,,,32399343,0.0006
Dec 31 2024,UniSuper,Balanced,Listed Equity,1,XIAMEN BANK CO LTD,,CNE100004HT2,CN,2075363,,,2589995,0
Dec 31 2024,UniSuper,Balanced,Listed Equity,1,XIAMEN XIANGYU CO LTD,,CNE000000QN5,CN,302611,,,434565,0
Dec 31 2024,UniSuper,Balanced,Listed Equity,1,XIAOMI CORP,,KYG9830T1067,KY,1348619,,,9674001,0.0002
Dec 31 2024,UniSuper,Balanced,Listed Equity,1,XINGTONG SHIPPING CO LTD A,,CNE1000059M1,CN,71012,,,251092,0
Dec 31 2024,UniSuper,Balanced,Listed Equity,1,XINYI GLASS HOLDINGS CO LTD,,KYG9828G1082,KY,38512,,,63178,0
Dec 31 2024,UniSuper,Balanced,Listed Equity,1,XP INC,,KYG982391099,KY,117368,,,2246331,0
Dec 31 2024,UniSuper,Balanced,Listed Equity,1,XP INC BDR EACH 1 REP 1 COM A,,BRXPBRBDR001,BR,43141,,,826830,0
Dec 31 2024,UniSuper,Balanced,Listed Equity,1,XPS PENSIONS GROUP PLC,,GB00BDDN1T20,GB,7678,,,52961,0
Dec 31 2024,UniSuper,Balanced,Listed Equity,1,XTB ORD SHS,,PLXTRDM00011,PL,79030,,,2175473,0
Dec 31 2024,UniSuper,Balanced,Listed Equity,1,XYLEM INC COM,,US98419M1009,US,11048,,,2070268,0
Dec 31 2024,UniSuper,Balanced,Listed Equity,1,Y MABS THERAPEUTIC COM,,US9842411095,US,169628,,,2145173,0
Dec 31 2024,UniSuper,Balanced,Listed Equity,1,YAKULT HONSHA,,JP3931600005,JP,99542,,,3055656,0.0001
Dec 31 2024,UniSuper,Balanced,Listed Equity,1,YAMADA DENKI CO,,JP3939000000,JP,18271,,,85077,0
Dec 31 2024,UniSuper,Balanced,Listed Equity,1,YAMAHA CORP JPY50,,JP3942600002,JP,100075,,,1161646,0
Dec 31 2024,UniSuper,Balanced,Listed Equity,1,YAMAHA MOTOR CO,,JP3942800008,JP,11127,,,160604,0
Dec 31 2024,UniSuper,Balanced,Listed Equity,1,YAMATO HOLDINGS CO LTD,,JP3940000007,JP,14867,,,270897,0
Dec 31 2024,UniSuper,Balanced,Listed Equity,1,YAMAZAKI BAKING JP50,,JP3935600001,JP,3403,,,102952,0
Dec 31 2024,UniSuper,Balanced,Listed Equity,1,YANGTZE OPTICAL FIBRE AND CABLE JOINT STOCK CO LTD,,CNE100001T72,CN,51286,,,130306,0
Dec 31 2024,UniSuper,Balanced,Listed Equity,1,YANGZIJIANG SHIPBUILDING NPV,,SG1U76934819,SG,38410,,,135968,0
Dec 31 2024,UniSuper,Balanced,Listed Equity,1,YARA INTERNATIONAL ASA,,NO0010208051,NO,1887,,,80699,0
Dec 31 2024,UniSuper,Balanced,Listed Equity,1,YASKAWA ELECTRIC CORP,,JP3932000007,JP,4086,,,170785,0
Dec 31 2024,UniSuper,Balanced,Listed Equity,1,YD MORE INVESTMENTS LTD,,IL0011414641,IL,9152,,,60447,0
Dec 31 2024,UniSuper,Balanced,Listed Equity,1,YEAHKA LTD,,KYG9835C1087,KY,31125,,,79600,0
Dec 31 2024,UniSuper,Balanced,Listed Equity,1,YELP INC,,US9858171054,US,9383,,,586512,0
Dec 31 2024,UniSuper,Balanced,Listed Equity,1,YOKOGAWA ELECTRIC JPY,,JP3955000009,JP,2577,,,90005,0
Dec 31 2024,UniSuper,Balanced,Listed Equity,1,YONGAN FUTURES CO LTD A,,CNE100005D50,CN,236571,,,690450,0
Dec 31 2024,UniSuper,Balanced,Listed Equity,1,YOUNGONE CORPORATION,,KR7009970005,KR,12145,,,1108616,0
Dec 31 2024,UniSuper,Balanced,Listed Equity,1,YUE YUEN INDUSTRIAL HOLDINGS,,BMG988031446,BM,20749,,,75065,0
Dec 31 2024,UniSuper,Balanced,Listed Equity,1,YUM! BRANDS INC,,US9884981013,US,11775,,,2551358,0
Dec 31 2024,UniSuper,Balanced,Listed Equity,1,ZAI LAB LTD,,US98887Q1040,US,62368,,,2638146,0
Dec 31 2024,UniSuper,Balanced,Listed Equity,1,ZALANDO SE NPV,,DE000ZAL1111,DE,2555,,,138428,0
Dec 31 2024,UniSuper,Balanced,Listed Equity,1,ZEALAND PHARMA A S,,DK0060257814,DK,65713,,,10544781,0.0002
Dec 31 2024,UniSuper,Balanced,Listed Equity,1,ZEBRA TECHNOLOGIES CORP,,US9892071054,US,6560,,,4092054,0.0001
Dec 31 2024,UniSuper,Balanced,Listed Equity,1,ZENSHO HOLDINGS CO LTD,,JP3429300001,JP,1446,,,133196,0
Dec 31 2024,UniSuper,Balanced,Listed Equity,1,ZETA GLOBAL HOLDINGS CORP,,US98956A1051,US,105952,,,3078549,0.0001
Dec 31 2024,UniSuper,Balanced,Listed Equity,1,ZHEJIANG CFMOTO POWER ORD SHS A,,CNE100002W84,CN,32899,,,1143415,0
Dec 31 2024,UniSuper,Balanced,Listed Equity,1,ZHEJIANG DAILY MEDIA GROUP CO LTD,,CNE0000007X9,CN,76347,,,176706,0
Dec 31 2024,UniSuper,Balanced,Listed Equity,1,ZHEJIANG DINGLI MACHINERY CO LTD,,CNE1000023M7,CN,236464,,,3375860,0.0001
Dec 31 2024,UniSuper,Balanced,Listed Equity,1,ZHEJIANG HAILIANG CO A,,CNE1000008X5,CN,197816,,,470540,0
Dec 31 2024,UniSuper,Balanced,Listed Equity,1,ZHEJIANG SHAOXING RUIFENG RURAL COMMERCIAL BANK CO LTD,,CNE1000050Z2,CN,682974,,,850822,0
Dec 31 2024,UniSuper,Balanced,Listed Equity,1,ZHONGHONG PULIN MEDICAL PRODUCTS CO LTD,,CNE100004KR0,CN,77951,,,221814,0
Dec 31 2024,UniSuper,Balanced,Listed Equity,1,ZIFF DAVIS INC,,US48123V1026,US,2887,,,253343,0
Dec 31 2024,UniSuper,Balanced,Listed Equity,1,ZIJIN MINING GROUP CO LTD,,CNE100000502,CN,12127,,,35652,0
Dec 31 2024,UniSuper,Balanced,Listed Equity,1,ZIJIN MINING GROUP ORDINARY SHARES,,CNE100000B24,CN,1124652,,,3762668,0.0001
Dec 31 2024,UniSuper,Balanced,Listed Equity,1,ZIM INTEGRATED SHIPPING LTD,,IL0065100930,IL,53296,,,1848135,0
Dec 31 2024,UniSuper,Balanced,Listed Equity,1,ZIMMER BIOMET HOLDINGS INC,,US98956P1021,US,10589,,,1806496,0
Dec 31 2024,UniSuper,Balanced,Listed Equity,1,ZIONS BANCORPORATION,,US9897011071,US,27451,,,2405216,0
Dec 31 2024,UniSuper,Balanced,Listed Equity,1,ZIP CO LIMITED ORDINARY FULLY PAID,,AU0000218307,AU,800265,,,2368785,0
Dec 31 2024,UniSuper,Balanced,Listed Equity,1,ZOETIS INC,,US98978V1035,US,31698,,,8341255,0.0002
Dec 31 2024,UniSuper,Balanced,Listed Equity,1,ZOMATO LTD,,INE758T01015,IN,921631,,,4834378,0.0001
Dec 31 2024,UniSuper,Balanced,Listed Equity,1,ZOOM VIDEO COMMUNICATIONS INC,,US98980L1017,US,3587,,,472788,0
Dec 31 2024,UniSuper,Balanced,Listed Equity,1,ZOZO INC,,JP3399310006,JP,2137,,,107565,0
Dec 31 2024,UniSuper,Balanced,Listed Equity,1,ZSCALER INC,,US98980G1022,US,1132,,,329713,0
Dec 31 2024,UniSuper,Balanced,Listed Equity,1,ZURICH FINANCIAL SERVICES,,CH0011075394,CH,2096,,,2012982,0
Dec 31 2024,UniSuper,Balanced,Listed Equity,1,Sub Total,,,,,,,25453454358,0.4818
Dec 31 2024,UniSuper,Balanced,Unlisted Equity,0,AIR LIQUIDE PRIME FIDELITE,,,,,,,,
Dec 31 2024,UniSuper,Balanced,Unlisted Equity,0,AMBERSIDE LP,,,,,0.29,,,
Dec 31 2024,UniSuper,Balanced,Unlisted Equity,0,ASTARTE SILVIPAR 2 LP,,,,,0.07,,,
Dec 31 2024,UniSuper,Balanced,Unlisted Equity,0,ASTARTE SPECIAL OPPORTUNITIES PLATFORM,,,,,0.52,,,
Dec 31 2024,UniSuper,Balanced,Unlisted Equity,0,AVZ MINERALS LTD,,,,,,,,
Dec 31 2024,UniSuper,Balanced,Unlisted Equity,0,LEICHHARDT COAL,,,,,0.49,,,
Dec 31 2024,UniSuper,Balanced,Unlisted Equity,0,LENDI,,,,,,,,
Dec 31 2024,UniSuper,Balanced,Unlisted Equity,0,PARTNERS GROUP WANGAL LP,,,,,0.99,,,
Dec 31 2024,UniSuper,Balanced,Unlisted Equity,0,PAX LABS INC,,,,,,,,
Dec 31 2024,UniSuper,Balanced,Unlisted Equity,0,TELUS CORP NON-CANADIAN,,,,,,,,
Dec 31 2024,UniSuper,Balanced,Unlisted Equity,0,TESS UNISUPER INTERNATIONAL CREDIT TRUST,,,,,,,,
Dec 31 2024,UniSuper,Balanced,Unlisted Equity,0,FITZWALTER CAPITAL PARTNERS II LP,,,,,0.26,,,
Dec 31 2024,UniSuper,Balanced,Unlisted Equity,0,VANTAGE TOWERS,,,,,0.05,,,
Dec 31 2024,UniSuper,Balanced,Unlisted Equity,0,PRP DIAGNOSTIC IMAGING,,,,,0.32,,,
Dec 31 2024,UniSuper,Balanced,Unlisted Equity,0,GB DEUTSCHKAND FUND,,,,,,,,
Dec 31 2024,UniSuper,Balanced,Unlisted Equity,0,GLOBAL ENVIRONMENT EMERGING MARKETS FUND III,,,,,,,,
Dec 31 2024,UniSuper,Balanced,Unlisted Equity,0,APAX EUROPE VII SIDE CAR 2,,,,,,,,
Dec 31 2024,UniSuper,Balanced,Unlisted Equity,0,VICROADS,,,,,0.04,,,
Dec 31 2024,UniSuper,Balanced,Unlisted Equity,0,Sub Total,,,,,,,744043245,0.0141
Dec 31 2024,UniSuper,Balanced,Unlisted Equity,1,MANULIFE INVESTMENT MANAGEMENT,,,,,,,2535145,0
Dec 31 2024,UniSuper,Balanced,Unlisted Equity,1,IFM INVESTORS PTY LIMITED,,,,,,,116526898,0.0022
Dec 31 2024,UniSuper,Balanced,Unlisted Equity,1,LENNOX CAPITAL PARTNERS PTY LTD,,,,,,,479407,0
Dec 31 2024,UniSuper,Balanced,Unlisted Equity,1,PENDAL FUND SERVICES LIMITED,,,,,,,294990179,0.0056
Dec 31 2024,UniSuper,Balanced,Unlisted Equity,1,PERENNIAL,,,,,,,68445090,0.0013
Dec 31 2024,UniSuper,Balanced,Unlisted Equity,1,QUEST ASSET PARTNERS PTY LTD,,,,,,,46,0
Dec 31 2024,UniSuper,Balanced,Unlisted Equity,1,REGAL FUNDS MANAGEMENT PTY LTD,,,,,,,61365709,0.0012
Dec 31 2024,UniSuper,Balanced,Unlisted Equity,1,T. ROWE PRICE AUSTRALIA LIMITED,,,,,,,2744765,0.0001
Dec 31 2024,UniSuper,Balanced,Unlisted Equity,1,Sub Total,,,,,,,547087239,0.0104
Dec 31 2024,UniSuper,Balanced,Listed Property,1,ABACUS GROUP FULLY PAID ORDINARY/UNITS STAPLED SECURITIES,,AU0000291882,AU,316998,,,348698,0
Dec 31 2024,UniSuper,Balanced,Listed Property,1,ABACUS STORAGE KING STAPLED UNT D,,AU0000286213,AU,4181420,,,4704098,0.0001
Dec 31 2024,UniSuper,Balanced,Listed Property,1,ABRDN EUROPEAN LOGISTICS INCOME PLC,,GB00BD9PXH49,GB,34060,,,40511,0
Dec 31 2024,UniSuper,Balanced,Listed Property,1,ACADIA REALTY TRUST,,US0042391096,US,10047,,,392044,0
Dec 31 2024,UniSuper,Balanced,Listed Property,1,ACTIVIA PROPERTIES INC,,JP3047490002,JP,59,,,198115,0
Dec 31 2024,UniSuper,Balanced,Listed Property,1,ADVANCE RESIDENCE INVESTMENT CORPORATION,,JP3047160001,JP,116,,,347147,0
Dec 31 2024,UniSuper,Balanced,Listed Property,1,AEDIFICA SA,,BE0003851681,BE,4123,,,387493,0
Dec 31 2024,UniSuper,Balanced,Listed Property,1,AEON REIT INVESTMENT CORP,,JP3047650001,JP,153,,,198830,0
Dec 31 2024,UniSuper,Balanced,Listed Property,1,AEW UK REIT PLC,,GB00BWD24154,GB,11881,,,24129,0
Dec 31 2024,UniSuper,Balanced,Listed Property,1,AGREE REALTY CORP,,US0084921008,US,9217,,,1048799,0
Dec 31 2024,UniSuper,Balanced,Listed Property,1,AIMS APAC REIT MANAGEMENT LTD,,SG2D63974620,SG,58037,,,85890,0
Dec 31 2024,UniSuper,Balanced,Listed Property,1,ALEXANDER AND BALDWI,,US0144911049,US,6421,,,183988,0
Dec 31 2024,UniSuper,Balanced,Listed Property,1,ALEXANDRIA REAL ESTATE EQUITIES,,US0152711091,US,24257,,,3821852,0.0001
Dec 31 2024,UniSuper,Balanced,Listed Property,1,ALLIED PROPERTIES REAL ESTATE INVESTMENT TRUST,,CA0194561027,CA,11184,,,215395,0
Dec 31 2024,UniSuper,Balanced,Listed Property,1,ALLREAL HOLDING AG-REG,,CH0008837566,CH,1262,,,372505,0
Dec 31 2024,UniSuper,Balanced,Listed Property,1,AMERICAN ASSETS TRUST,,US0240131047,US,4209,,,178528,0
Dec 31 2024,UniSuper,Balanced,Listed Property,1,AMERICAN HEALTHCARE REIT ORD SHS,,US3981823038,US,13027,,,597971,0
Dec 31 2024,UniSuper,Balanced,Listed Property,1,AMERICAN HOMES 4 RENT,,US02665T3068,US,33118,,,2001577,0
Dec 31 2024,UniSuper,Balanced,Listed Property,1,AMERICAN TOWER REIT INC,,US03027X1000,US,100960,,,29907313,0.0006
Dec 31 2024,UniSuper,Balanced,Listed Property,1,AMERICOLD REALTY TRUST INC,,US03064D1081,US,24610,,,850621,0
Dec 31 2024,UniSuper,Balanced,Listed Property,1,AMOT INVESTMENTS LTD,,IL0010972789,IL,19531,,,178691,0
Dec 31 2024,UniSuper,Balanced,Listed Property,1,ANNALY CAPITAL MANAGEMENT INC,,US0357108390,US,8361,,,247119,0
Dec 31 2024,UniSuper,Balanced,Listed Property,1,APARTMENT INV&MGMT COM,,US03748R7474,US,12222,,,179431,0
Dec 31 2024,UniSuper,Balanced,Listed Property,1,APPLE HOSPITALITY REIT INC,,US03784Y2000,US,19602,,,485981,0
Dec 31 2024,UniSuper,Balanced,Listed Property,1,ARENA REIT ORDINARY UNITS FULLY PAID,,AU000000ARF6,AU,118194,,,459776,0
Dec 31 2024,UniSuper,Balanced,Listed Property,1,ARGAN SA,,FR0010481960,FR,1093,,,110643,0
Dec 31 2024,UniSuper,Balanced,Listed Property,1,ARGOSY PROPERTY LIMITED,,NZARGE0010S7,NZ,72198,,,65330,0
Dec 31 2024,UniSuper,Balanced,Listed Property,1,ARMADA HOFFLER PROPERTIES INC,,US04208T1088,US,5930,,,97977,0
Dec 31 2024,UniSuper,Balanced,Listed Property,1,AROUNDTOWN SA,,LU1673108939,LU,59169,,,289057,0
Dec 31 2024,UniSuper,Balanced,Listed Property,1,ASCENCIO SCA,,BE0003856730,BE,468,,,36954,0
Dec 31 2024,UniSuper,Balanced,Listed Property,1,ASCENDAS REAL ESTATE INVESTMENT TRUST,,SG1M77906915,SG,351254,,,1068761,0
Dec 31 2024,UniSuper,Balanced,Listed Property,1,ASSURA PROPERTIES PLC,,GB00BVGBWW93,GB,358216,,,277808,0
Dec 31 2024,UniSuper,Balanced,Listed Property,1,ATRIUM LJUNGBERG AB,,SE0000191827,SE,3856,,,111713,0
Dec 31 2024,UniSuper,Balanced,Listed Property,1,AVALONBAY COMMUNITIES INC,,US0534841012,US,18577,,,6600155,0.0001
Dec 31 2024,UniSuper,Balanced,Listed Property,1,AZRIELI GROUP,,IL0011194789,IL,3548,,,473266,0
Dec 31 2024,UniSuper,Balanced,Listed Property,1,BARWA REAL ESTATE CO QSC,,QA000A0KD6J5,QA,30349,,,38099,0
Dec 31 2024,UniSuper,Balanced,Listed Property,1,BIG YELLOW GROUP PLC,,GB0002869419,GB,22361,,,434222,0
Dec 31 2024,UniSuper,Balanced,Listed Property,1,BOARDWALK REAL ESTATE INVESTMENT TRUST,,CA0966311064,CA,3533,,,254942,0
Dec 31 2024,UniSuper,Balanced,Listed Property,1,BRANDYWINE REALTY TRUST,,US1053682035,US,14984,,,135525,0
Dec 31 2024,UniSuper,Balanced,Listed Property,1,BRIGADE ENTERPRISES LTD,,INE791I01019,IN,15664,,,367314,0
Dec 31 2024,UniSuper,Balanced,Listed Property,1,BRITISH LAND CO GBP,,GB0001367019,GB,87366,,,636904,0
Dec 31 2024,UniSuper,Balanced,Listed Property,1,BRIXMOR PROPERTY GROUP INC,,US11120U1051,US,41669,,,1873623,0
Dec 31 2024,UniSuper,Balanced,Listed Property,1,BROADSTONE NET LEA COM,,US11135E2037,US,16192,,,414767,0
Dec 31 2024,UniSuper,Balanced,Listed Property,1,BWP TRUST ORD,,AU000000BWP3,AU,306014,,,1003727,0
Dec 31 2024,UniSuper,Balanced,Listed Property,1,BXP INC,,US1011211018,US,24078,,,2891731,0.0001
Dec 31 2024,UniSuper,Balanced,Listed Property,1,CA IMMOBILIEN ANLAGEN AG,,AT0000641352,AT,2983,,,116332,0
Dec 31 2024,UniSuper,Balanced,Listed Property,1,CAMDEN PROPERTY TRUST,,US1331311027,US,16254,,,3046358,0.0001
Dec 31 2024,UniSuper,Balanced,Listed Property,1,CANADIAN APARTMENT PROPERTIES REITS,,CA1349211054,CA,15226,,,728913,0
Dec 31 2024,UniSuper,Balanced,Listed Property,1,CAPITALAND ASCOTT TRUST,,SGXC16332337,SG,214755,,,221202,0
Dec 31 2024,UniSuper,Balanced,Listed Property,1,CAPITALAND INTEGRATED COMMERCIAL,,SG1M51904654,SG,528324,,,1207213,0
Dec 31 2024,UniSuper,Balanced,Listed Property,1,CAPITALAND INVE NPV,,SGXE62145532,SG,228122,,,707610,0
Dec 31 2024,UniSuper,Balanced,Listed Property,1,CARE PROPERTY INVEST NV,,BE0974273055,BE,3201,,,61141,0
Dec 31 2024,UniSuper,Balanced,Listed Property,1,CARE REIT PLC,,GB00BYXVMJ03,GB,26936,,,44297,0
Dec 31 2024,UniSuper,Balanced,Listed Property,1,CARETRUST REIT INC,,US14174T1079,US,19326,,,844339,0
Dec 31 2024,UniSuper,Balanced,Listed Property,1,CARMILA SA,,FR0010828137,FR,5048,,,135251,0
Dec 31 2024,UniSuper,Balanced,Listed Property,1,CASTELLUM AB,,SE0000379190,SE,37002,,,652017,0
Dec 31 2024,UniSuper,Balanced,Listed Property,1,CATENA AB,,SE0001664707,SE,3178,,,219739,0
Dec 31 2024,UniSuper,Balanced,Listed Property,1,CBRE GROUP INC CLASS A,,US12504L1098,US,12699,,,2692804,0.0001
Dec 31 2024,UniSuper,Balanced,Listed Property,1,CDL HOSPITALITY TRUSTS,,SG1T66931158,SG,75214,,,76581,0
Dec 31 2024,UniSuper,Balanced,Listed Property,1,CENTERSPACE COM NPV,,US15202L1070,US,1312,,,140168,0
Dec 31 2024,UniSuper,Balanced,Listed Property,1,CENTURIA CAPITAL LTD,,AU000000CNI5,AU,171729,,,304820,0
Dec 31 2024,UniSuper,Balanced,Listed Property,1,CENTURIA INDUSTRIAL REIT ORDINARY UNITS FULLY PAID,,AU000000CIP0,AU,63225,,,178295,0
Dec 31 2024,UniSuper,Balanced,Listed Property,1,CENTURIA OFFICE REIT ORDINARY UNITS FULLY PAID,,AU0000077893,AU,40171,,,44189,0
Dec 31 2024,UniSuper,Balanced,Listed Property,1,CHAMPION REIT,,HK2778034606,HK,170521,,,61337,0
Dec 31 2024,UniSuper,Balanced,Listed Property,1,CHARTER HALL GROUP,,AU000000CHC0,AU,5687670,,,81618065,0.0015
Dec 31 2024,UniSuper,Balanced,Listed Property,1,CHARTER HALL LONG WALE REIT STAPLED SECURITIES,,AU000000CLW0,AU,148518,,,555456,0
Dec 31 2024,UniSuper,Balanced,Listed Property,1,CHARTER HALL RETAIL-REIT,,AU000000CQR9,AU,800169,,,2520532,0
Dec 31 2024,UniSuper,Balanced,Listed Property,1,CHARTER HALL SOCIAL INFRASTRUCTURE REIT UNITS FULLY PAID,,AU0000030645,AU,29424,,,75620,0
Dec 31 2024,UniSuper,Balanced,Listed Property,1,CHOICE PROPERTIES REAL ESTATE INVESTMENT TRUST,,CA17039A1066,CA,23933,,,358812,0
Dec 31 2024,UniSuper,Balanced,Listed Property,1,CIBUS NORDIC REAL ESTATE AB PUBL,,SE0010832204,SE,4925,,,126844,0
Dec 31 2024,UniSuper,Balanced,Listed Property,1,CITYCON OYJ NPV,,FI4000369947,FI,8067,,,43418,0
Dec 31 2024,UniSuper,Balanced,Listed Property,1,CK ASSET HOLDINGS HK,,KYG2177B1014,KY,22002,,,145934,0
Dec 31 2024,UniSuper,Balanced,Listed Property,1,CLS HLDGS ORD,,GB00BF044593,GB,13695,,,21469,0
Dec 31 2024,UniSuper,Balanced,Listed Property,1,COFINIMMO,,BE0003593044,BE,3188,,,296417,0
Dec 31 2024,UniSuper,Balanced,Listed Property,1,COMFORIA RESIDENTIAL REIT INC,,JP3047540004,JP,60,,,171108,0
Dec 31 2024,UniSuper,Balanced,Listed Property,1,COMPASS INC  CLASS A,,US20464U1007,US,192850,,,1822134,0
Dec 31 2024,UniSuper,Balanced,Listed Property,1,COPT DEFENCE PROPERTIES,,US22002T1088,US,12410,,,620344,0
Dec 31 2024,UniSuper,Balanced,Listed Property,1,COREM PROPERTY GRP SER`B`NPV,,SE0010714287,SE,44372,,,43392,0
Dec 31 2024,UniSuper,Balanced,Listed Property,1,COSTAR GROUP INC COM,,US22160N1090,US,18221,,,2106795,0
Dec 31 2024,UniSuper,Balanced,Listed Property,1,COUSINS PROPERTIES INC,,US2227955026,US,13122,,,649394,0
Dec 31 2024,UniSuper,Balanced,Listed Property,1,COVIVIO,,FR0000064578,FR,5128,,,418174,0
Dec 31 2024,UniSuper,Balanced,Listed Property,1,CRE LOGISTICS REIT INC,,JP3048680007,JP,53,,,74676,0
Dec 31 2024,UniSuper,Balanced,Listed Property,1,CROMBIE REAL STATE,,CA2271071094,CA,9432,,,139930,0
Dec 31 2024,UniSuper,Balanced,Listed Property,1,CROMWELL PROPERTY GROUP,,AU000000CMW8,AU,475527,,,180700,0
Dec 31 2024,UniSuper,Balanced,Listed Property,1,CROWN CASTLE INTL CORP,,US22822V1017,US,108524,,,15908263,0.0003
Dec 31 2024,UniSuper,Balanced,Listed Property,1,CUBESMART COM,,US2296631094,US,29049,,,2010391,0
Dec 31 2024,UniSuper,Balanced,Listed Property,1,CURBLINE PROPERTIES ORD SHS,,US23128Q1013,US,8157,,,305926,0
Dec 31 2024,UniSuper,Balanced,Listed Property,1,CUSHMAN AND WAKEFIELD PLC,,GB00BFZ4N465,GB,21851,,,461620,0
Dec 31 2024,UniSuper,Balanced,Listed Property,1,CUSTODIAN REIT PLC,,GB00BJFLFT45,GB,35159,,,54833,0
Dec 31 2024,UniSuper,Balanced,Listed Property,1,DAITO TRUST CONSTRUCTION COMPANY LTD,,JP3486800000,JP,691,,,124896,0
Dec 31 2024,UniSuper,Balanced,Listed Property,1,DAIWA HOUSE INDUSTRY JPY,,JP3505000004,JP,61358,,,3063303,0.0001
Dec 31 2024,UniSuper,Balanced,Listed Property,1,DAIWA HOUSE REIT I REIT,,JP3046390005,JP,193,,,460375,0
Dec 31 2024,UniSuper,Balanced,Listed Property,1,DAIWA OFFICE INVESTMENT CORPORATION,,JP3046310003,JP,47,,,138146,0
Dec 31 2024,UniSuper,Balanced,Listed Property,1,DAIWA SECURITIES LIVING INVESTMENT CORPORATION,,JP3046410001,JP,171,,,156704,0
Dec 31 2024,UniSuper,Balanced,Listed Property,1,DERWENT LONDON PLC,,GB0002652740,GB,13262,,,525505,0
Dec 31 2024,UniSuper,Balanced,Listed Property,1,DEUTSCHE EUROSHOP AG,,DE0007480204,DE,1682,,,52057,0
Dec 31 2024,UniSuper,Balanced,Listed Property,1,DEUTSCHE WOHNEN SE NPV BR,,DE000A0HN5C6,DE,4290,,,165383,0
Dec 31 2024,UniSuper,Balanced,Listed Property,1,DEXUS,,AU000000DXS1,AU,1187158,,,7906474,0.0001
Dec 31 2024,UniSuper,Balanced,Listed Property,1,DEXUS INDUSTRIA REIT ORDINARY UNITS STAPLED SECURITIES,,AU0000192833,AU,86425,,,222112,0
Dec 31 2024,UniSuper,Balanced,Listed Property,1,DIAMONDROCK HOSPITALITY COMPANY,,US2527843013,US,18158,,,264829,0
Dec 31 2024,UniSuper,Balanced,Listed Property,1,DIGICO INFRASTRUCTURE REIT FULLY PAID ORD UNITS STAPLED SECURITY,,AU0000367088,AU,840150,,,3738666,0.0001
Dec 31 2024,UniSuper,Balanced,Listed Property,1,DIGITAL CORE REIT,,SGXC50067435,SG,82250,,,77049,0
Dec 31 2024,UniSuper,Balanced,Listed Property,1,DIGITAL REALTY TRUST INC,,US2538681030,US,40397,,,11569966,0.0002
Dec 31 2024,UniSuper,Balanced,Listed Property,1,DIOS FASTIGHETER AB,,SE0001634262,SE,7580,,,87754,0
Dec 31 2024,UniSuper,Balanced,Listed Property,1,DOUGLAS EMMETT INC,,US25960P1093,US,18210,,,545868,0
Dec 31 2024,UniSuper,Balanced,Listed Property,1,DREAM INDUSTRIAL REAL ESTATE INVESTMENT TRUST,,CA26153W1095,CA,23719,,,314585,0
Dec 31 2024,UniSuper,Balanced,Listed Property,1,EASTERLY GOVERNMENT PROPERTIES INC,,US27616P1030,US,8388,,,153897,0
Dec 31 2024,UniSuper,Balanced,Listed Property,1,EASTGROUP PROPERTIES INC,,US2772761019,US,4240,,,1099049,0
Dec 31 2024,UniSuper,Balanced,Listed Property,1,EMAAR DEVELOPMENT PJSC,,AEE001901017,AE,75187,,,452942,0
Dec 31 2024,UniSuper,Balanced,Listed Property,1,EMPIRE STATE REALTY TRUST INC,,US2921041065,US,11399,,,189996,0
Dec 31 2024,UniSuper,Balanced,Listed Property,1,EMPIRIC STUDENT PROPERTY PLC,,GB00BLWDVR75,GB,75923,,,128235,0
Dec 31 2024,UniSuper,Balanced,Listed Property,1,ENTRA ASA,,NO0010716418,NO,6208,,,102054,0
Dec 31 2024,UniSuper,Balanced,Listed Property,1,EPR PPTYS SBI USD,,US26884U1097,US,6514,,,465836,0
Dec 31 2024,UniSuper,Balanced,Listed Property,1,EQUINIX INC COM,,US29444U7000,US,19078,,,29054155,0.0006
Dec 31 2024,UniSuper,Balanced,Listed Property,1,EQUITY LIFESTYLE PROPERTIES INC,,US29472R1086,US,18612,,,2001985,0
Dec 31 2024,UniSuper,Balanced,Listed Property,1,EQUITY RESIDENTIAL,,US29476L1070,US,49386,,,5723880,0.0001
Dec 31 2024,UniSuper,Balanced,Listed Property,1,ESR KENDALL SQUARE NPV,,KR7365550003,KR,10072,,,47020,0
Dec 31 2024,UniSuper,Balanced,Listed Property,1,ESR REIT,,SG1T70931228,SG,537152,,,162167,0
Dec 31 2024,UniSuper,Balanced,Listed Property,1,ESSENTIAL PROPERTIES REALTY TRUST INC,,US29670E1073,US,15147,,,765250,0
Dec 31 2024,UniSuper,Balanced,Listed Property,1,ESSEX PROPERTY TRUST INC,,US2971781057,US,9042,,,4168387,0.0001
Dec 31 2024,UniSuper,Balanced,Listed Property,1,EUROCOMMERCIAL,,NL0015000K93,NL,3690,,,136993,0
Dec 31 2024,UniSuper,Balanced,Listed Property,1,EXTRA SPACE STORAGE INC,,US30225T1025,US,27334,,,6604544,0.0001
Dec 31 2024,UniSuper,Balanced,Listed Property,1,FABEGE AB NPV POST SPLIT,,SE0011166974,SE,19357,,,234284,0
Dec 31 2024,UniSuper,Balanced,Listed Property,1,FAR EAST HOSPITALITY TRUST REIT,,SG2F08984575,SG,83724,,,60466,0
Dec 31 2024,UniSuper,Balanced,Listed Property,1,FAST PARTNER ORD SHS CLASS A,,SE0013512506,SE,4477,,,41879,0
Dec 31 2024,UniSuper,Balanced,Listed Property,1,FASTIGHETS AB BALD SER B NPV POST SPLIT,,SE0017832488,SE,62946,,,706641,0
Dec 31 2024,UniSuper,Balanced,Listed Property,1,FEDERAL REALTY INVESTMENT TRUST,,US3137451015,US,12697,,,2295790,0
Dec 31 2024,UniSuper,Balanced,Listed Property,1,FIRST CAP REAL EST UNIT,,CA31890B1031,CA,18312,,,348773,0
Dec 31 2024,UniSuper,Balanced,Listed Property,1,FIRST INDUSTRIAL REALTY TRUST,,US32054K1034,US,11491,,,930378,0
Dec 31 2024,UniSuper,Balanced,Listed Property,1,FIRSTSERVICE CORP COM NPV,,CA33767E2024,CA,440,,,128679,0
Dec 31 2024,UniSuper,Balanced,Listed Property,1,FORTUNE REAL ESTATE INVESTMENT NPV,,SG1O33912138,SG,125049,,,103741,0
Dec 31 2024,UniSuper,Balanced,Listed Property,1,FOUR CORNERS PROPERTY TRUST INC,,US35086T1097,US,7896,,,346125,0
Dec 31 2024,UniSuper,Balanced,Listed Property,1,FRASERS CENTREPOINT TRUST,,SG1T60930966,SG,95615,,,238855,0
Dec 31 2024,UniSuper,Balanced,Listed Property,1,FRASERS LOGISTICS AND COMMERCIAL TRUST,,SG1CI9000006,SG,250928,,,261431,0
Dec 31 2024,UniSuper,Balanced,Listed Property,1,FRONTIER REAL ESTATE INVESTMENT TRUST ORD SHS,,JP3046200006,JP,227,,,181552,0
Dec 31 2024,UniSuper,Balanced,Listed Property,1,FUKUOKA REIT CORP REIT,,JP3046240002,JP,62,,,92484,0
Dec 31 2024,UniSuper,Balanced,Listed Property,1,GAMING AND LEISURE PROPERTIES INC,,US36467J1088,US,25833,,,2009365,0
Dec 31 2024,UniSuper,Balanced,Listed Property,1,GECINA,,FR0010040865,FR,5008,,,757519,0
Dec 31 2024,UniSuper,Balanced,Listed Property,1,GETTY REALTY CORPORATION,,US3742971092,US,4271,,,207828,0
Dec 31 2024,UniSuper,Balanced,Listed Property,1,GLOBAL NET LEASE INC,,US3793782018,US,17050,,,201022,0
Dec 31 2024,UniSuper,Balanced,Listed Property,1,GLOBAL ONE REIT ESTATE INVESTMENT CORP,,JP3044520009,JP,89,,,90653,0
Dec 31 2024,UniSuper,Balanced,Listed Property,1,GLP JREIT REIT,,JP3047510007,JP,401,,,508090,0
Dec 31 2024,UniSuper,Balanced,Listed Property,1,GODREJ PROPERTIES LTD,,INE484J01027,IN,14373,,,755565,0
Dec 31 2024,UniSuper,Balanced,Listed Property,1,GOODMAN GROUP,,AU000000GMG2,AU,8967093,,,319587198,0.0061
Dec 31 2024,UniSuper,Balanced,Listed Property,1,GOODMAN PROPERTY TRUST,,NZCPTE0001S9,NZ,90539,,,164672,0
Dec 31 2024,UniSuper,Balanced,Listed Property,1,GPT GROUP,,AU000000GPT8,AU,7160778,,,31292600,0.0006
Dec 31 2024,UniSuper,Balanced,Listed Property,1,GRAINGER PLC,,GB00B04V1276,GB,26118,,,118870,0
Dec 31 2024,UniSuper,Balanced,Listed Property,1,GRAND CITY PROPERTIES SA,,LU0775917882,LU,5493,,,107938,0
Dec 31 2024,UniSuper,Balanced,Listed Property,1,GRANITE REAL ESTAT UNITS,,CA3874372053,CA,7169,,,561734,0
Dec 31 2024,UniSuper,Balanced,Listed Property,1,GREAT PORTLAND EST ORD,,GB00BF5H9P87,GB,42277,,,246288,0
Dec 31 2024,UniSuper,Balanced,Listed Property,1,GROWTHPOINT PROPERTIES AUSTRALIA,,AU000000GOZ8,AU,63499,,,151128,0
Dec 31 2024,UniSuper,Balanced,Listed Property,1,HAMBORNER REIT AG NPV (REG),,DE000A3H2333,DE,6381,,,67238,0
Dec 31 2024,UniSuper,Balanced,Listed Property,1,HAMMERSON ORD GBP 0.05,,GB00BRJQ8J25,GB,59312,,,335449,0
Dec 31 2024,UniSuper,Balanced,Listed Property,1,HANKYU HANSHIN REIT INC,,JP3046320002,JP,57,,,71651,0
Dec 31 2024,UniSuper,Balanced,Listed Property,1,HARWORTH GROUP PLC,,GB00BYZJ7G42,GB,7737,,,26604,0
Dec 31 2024,UniSuper,Balanced,Listed Property,1,HEALTHCARE AND MEDICAL INVESTMENT CORP,,JP3047910009,JP,30,,,32619,0
Dec 31 2024,UniSuper,Balanced,Listed Property,1,HEALTHCARE REALTY TRUST INC,,US42226K1051,US,30509,,,835235,0
Dec 31 2024,UniSuper,Balanced,Listed Property,1,HEALTHCO HEALTHCARE AND WELLNESS REIT ORDINARY UNITS FULLY PAID,,AU0000169302,AU,36462,,,37192,0
Dec 31 2024,UniSuper,Balanced,Listed Property,1,HEALTHPEAK PROPERTIES INC,,US42250P1030,US,103923,,,3402280,0.0001
Dec 31 2024,UniSuper,Balanced,Listed Property,1,HEIWA REAL ESTATE REIT,,JP3046220004,JP,90,,,110824,0
Dec 31 2024,UniSuper,Balanced,Listed Property,1,HELICAL PLC,,GB00B0FYMT95,GB,11335,,,39664,0
Dec 31 2024,UniSuper,Balanced,Listed Property,1,HENDERSON LAND DEVELOPMENT CO,,HK0012000102,HK,16345,,,80201,0
Dec 31 2024,UniSuper,Balanced,Listed Property,1,HIGHWOODS PROPERTIES INC,,US4312841087,US,9033,,,446144,0
Dec 31 2024,UniSuper,Balanced,Listed Property,1,HOME REIT PLC,,GB00BJP5HK17,GB,70181,,,54016,0
Dec 31 2024,UniSuper,Balanced,Listed Property,1,HOMECO DAILY NEEDS REIT ORDINARY UNITS FULLY PAID DEFERRED SETTLEMENT,,AU0000113136,AU,6586710,,,7541783,0.0001
Dec 31 2024,UniSuper,Balanced,Listed Property,1,HONGKONG LAND HOLDINGS LTD,,BMG4587L1090,BM,101582,,,730096,0
Dec 31 2024,UniSuper,Balanced,Listed Property,1,HOSHINO RESORTS REIT,,JP3047610005,JP,52,,,119917,0
Dec 31 2024,UniSuper,Balanced,Listed Property,1,HOST HOTELS & RESORTS INC,,US44107P1049,US,107789,,,3050088,0.0001
Dec 31 2024,UniSuper,Balanced,Listed Property,1,HR REAL ESTATE IN UNITS,,CA4039254079,CA,57416,,,598360,0
Dec 31 2024,UniSuper,Balanced,Listed Property,1,HUFVUDSTADEN AB-A SHS,,SE0000170375,SE,9558,,,169200,0
Dec 31 2024,UniSuper,Balanced,Listed Property,1,HULIC CO LTD,,JP3360800001,JP,7418,,,104439,0
Dec 31 2024,UniSuper,Balanced,Listed Property,1,HULIC REIT INC,,JP3047660000,JP,112,,,158672,0
Dec 31 2024,UniSuper,Balanced,Listed Property,1,HYSAN DEVELOPMENT CO,,HK0014000126,HK,54075,,,133121,0
Dec 31 2024,UniSuper,Balanced,Listed Property,1,ICADE,,FR0000035081,FR,2830,,,108767,0
Dec 31 2024,UniSuper,Balanced,Listed Property,1,ICHIGO REAL ESTATE INVESTMENT CORP,,JP3046300004,JP,87,,,71145,0
Dec 31 2024,UniSuper,Balanced,Listed Property,1,IMM GRANDE DISTRIB NPV POST SPLIT,,IT0005322612,IT,5918,,,24742,0
Dec 31 2024,UniSuper,Balanced,Listed Property,1,INDEPENDENCE REALTY TRUST INC,,US45378A1060,US,19418,,,622227,0
Dec 31 2024,UniSuper,Balanced,Listed Property,1,INDUSTRIAL AND INFRAREIT,,JP3046500009,JP,201,,,237634,0
Dec 31 2024,UniSuper,Balanced,Listed Property,1,INGENIA COMMUNITIES GROUP,,AU000000INA9,AU,73346,,,335924,0
Dec 31 2024,UniSuper,Balanced,Listed Property,1,INM COLONIAL SOCIM EUR,,ES0139140174,ES,28492,,,246601,0
Dec 31 2024,UniSuper,Balanced,Listed Property,1,INNOVATIVE INDUSTRIAL PROPERTIES INC,,US45781V1017,US,2427,,,261247,0
Dec 31 2024,UniSuper,Balanced,Listed Property,1,INTERRENT REAL ESTATATE INVESTMENT TRUST,,CA46071W2058,CA,11755,,,133989,0
Dec 31 2024,UniSuper,Balanced,Listed Property,1,INTERSHOP HLDG AG CHF2,,CH1338987303,CH,481,,,108833,0
Dec 31 2024,UniSuper,Balanced,Listed Property,1,INVENTRUST PROPERTIES CORP,,US46124J2015,US,7829,,,380964,0
Dec 31 2024,UniSuper,Balanced,Listed Property,1,INVINCIBLE INVESTMENT CORP REIT,,JP3046190009,JP,665,,,452756,0
Dec 31 2024,UniSuper,Balanced,Listed Property,1,INVITATION HOMES INC,,US46187W1071,US,84280,,,4351805,0.0001
Dec 31 2024,UniSuper,Balanced,Listed Property,1,IRISH RESIDENTIAL PROPERTIES REIT PLC,,IE00BJ34P519,IE,39560,,,60439,0
Dec 31 2024,UniSuper,Balanced,Listed Property,1,IRON MOUNTAIN INC,,US46284V1017,US,38028,,,6455820,0.0001
Dec 31 2024,UniSuper,Balanced,Listed Property,1,INTERNATIONAL WORKPLACE GROUP PLC,,JE00BYVQYS01,JE,28420,,,91462,0
Dec 31 2024,UniSuper,Balanced,Listed Property,1,JAP PRIME REALTY INV,,JP3040890000,JP,79,,,257020,0
Dec 31 2024,UniSuper,Balanced,Listed Property,1,JAPAN EXCELLENT INC,,JP3046420000,JP,108,,,129518,0
Dec 31 2024,UniSuper,Balanced,Listed Property,1,JAPAN HOTEL REIT INVESTMENT CORP,,JP3046400002,JP,449,,,325466,0
Dec 31 2024,UniSuper,Balanced,Listed Property,1,JAPAN LOGISTICS FUND INC,,JP3046230003,JP,78,,,211921,0
Dec 31 2024,UniSuper,Balanced,Listed Property,1,JAPAN METROPOLITAN FUND INVESTMENT CORPORATION,,JP3039710003,JP,765,,,709248,0
Dec 31 2024,UniSuper,Balanced,Listed Property,1,JAPAN REAL ESTATE INVESTMENT TRUST ORD SHS,,JP3027680002,JP,650,,,720676,0
Dec 31 2024,UniSuper,Balanced,Listed Property,1,JBG SMITH PROPERTIES,,US46590V1008,US,7174,,,178095,0
Dec 31 2024,UniSuper,Balanced,Listed Property,1,JONES LANG LASALLE INC,,US48020Q1076,US,1228,,,501905,0
Dec 31 2024,UniSuper,Balanced,Listed Property,1,JR GLOBAL ORD SHS,,KR7348950007,KR,9851,,,29776,0
Dec 31 2024,UniSuper,Balanced,Listed Property,1,K-REIT ASIA,,SG1T22929874,SG,204134,,,210262,0
Dec 31 2024,UniSuper,Balanced,Listed Property,1,KE HOLDINGS INC ADR,,US4824971042,US,188998,,,5622783,0.0001
Dec 31 2024,UniSuper,Balanced,Listed Property,1,KENEDIX OFFICE INVESTMENT CORP,,JP3046270009,JP,346,,,532002,0
Dec 31 2024,UniSuper,Balanced,Listed Property,1,KENNEDY WILSON HOLDINGS INC,,US4893981070,US,9770,,,157646,0
Dec 31 2024,UniSuper,Balanced,Listed Property,1,KEPPEL DC REIT UNITS,,SG1AF6000009,SG,144568,,,373126,0
Dec 31 2024,UniSuper,Balanced,Listed Property,1,KERRY PROPERTIES LTD,,BMG524401079,BM,3786838,,,12251351,0.0002
Dec 31 2024,UniSuper,Balanced,Listed Property,1,KILLAM APT REAL ES TRUST UNIT,,CA49410M1023,CA,10323,,,198247,0
Dec 31 2024,UniSuper,Balanced,Listed Property,1,KILROY REALTY CORP,,US49427F1084,US,10108,,,660396,0
Dec 31 2024,UniSuper,Balanced,Listed Property,1,KIMCO REALTY CORP,,US49446R1095,US,96636,,,3656919,0.0001
Dec 31 2024,UniSuper,Balanced,Listed Property,1,KITE REALTY GROUP COM,,US49803T3005,US,18666,,,760934,0
Dec 31 2024,UniSuper,Balanced,Listed Property,1,KIWI PROPERTY GROUP LIMITED,,NZKPGE0001S9,NZ,138766,,,113009,0
Dec 31 2024,UniSuper,Balanced,Listed Property,1,KLEPIERRE,,FR0000121964,FR,20382,,,947656,0
Dec 31 2024,UniSuper,Balanced,Listed Property,1,KOJAMO OYJ,,FI4000312251,FI,13924,,,218673,0
Dec 31 2024,UniSuper,Balanced,Listed Property,1,LAMDA DEVELOPMENT SA,,GRS245213004,GR,48316,,,590696,0
Dec 31 2024,UniSuper,Balanced,Listed Property,1,LAND SECURITIES GROUP PLC,,GB00BYW0PQ60,GB,72641,,,858105,0
Dec 31 2024,UniSuper,Balanced,Listed Property,1,LAR ESPANA REAL ESTATE SA,,ES0105015012,ES,22928,,,316350,0
Dec 31 2024,UniSuper,Balanced,Listed Property,1,LASALLE LOGIPORT REIT,,JP3048180008,JP,163,,,237803,0
Dec 31 2024,UniSuper,Balanced,Listed Property,1,LEG IMMOBILIEN SE,,DE000LEG1110,DE,7307,,,999586,0
Dec 31 2024,UniSuper,Balanced,Listed Property,1,LENDLEASE CORPORATION LIMITED,,AU000000LLC3,AU,1713996,,,10678195,0.0002
Dec 31 2024,UniSuper,Balanced,Listed Property,1,LENDLEASE GLOBAL COMMERCIAL REIT,,SGXC61949712,SG,147499,,,96046,0
Dec 31 2024,UniSuper,Balanced,Listed Property,1,LIFE SCIENCE RIET ORD GBP,,GB00BP5X4Q29,GB,30647,,,23557,0
Dec 31 2024,UniSuper,Balanced,Listed Property,1,LINEAGE INC ORD SHS REIT,,US53566V1061,US,5346,,,505725,0
Dec 31 2024,UniSuper,Balanced,Listed Property,1,LOGISTEA AB,,SE0017131337,SE,16159,,,38831,0
Dec 31 2024,UniSuper,Balanced,Listed Property,1,LONDONMETRIC PROPERTY PLC,,GB00B4WFW713,GB,171279,,,623973,0
Dec 31 2024,UniSuper,Balanced,Listed Property,1,LOTTE REIT CO LTD,,KR7330590001,KR,12509,,,41856,0
Dec 31 2024,UniSuper,Balanced,Listed Property,1,LTC PROPERTIES INC,,US5021751020,US,3656,,,204026,0
Dec 31 2024,UniSuper,Balanced,Listed Property,1,LXP INDUSTRIAL TRUST,,US5290431015,US,31004,,,406605,0
Dec 31 2024,UniSuper,Balanced,Listed Property,1,MACERICH CO,,US5543821012,US,20596,,,662645,0
Dec 31 2024,UniSuper,Balanced,Listed Property,1,MAPLETREE INDUSTRIAL TRUST,,SG2C32962814,SG,171019,,,447469,0
Dec 31 2024,UniSuper,Balanced,Listed Property,1,MAPLETREE LOGISTICS TRUST,,SG1S03926213,SG,288908,,,434400,0
Dec 31 2024,UniSuper,Balanced,Listed Property,1,MAPLETREE PAN ASIA COMMERCIAL TRUST,,SG2D18969584,SG,201470,,,288617,0
Dec 31 2024,UniSuper,Balanced,Listed Property,1,"MEDICAL PROPERTIES TRUST, INC.",,US58463J3041,US,51341,,,327539,0
Dec 31 2024,UniSuper,Balanced,Listed Property,1,MELISRON LTD,,IL0003230146,IL,2201,,,316077,0
Dec 31 2024,UniSuper,Balanced,Listed Property,1,MERCIALYS,,FR0010241638,FR,8130,,,137461,0
Dec 31 2024,UniSuper,Balanced,Listed Property,1,MERLIN PROPERTIES SOCIMI SA,,ES0105025003,ES,37920,,,644346,0
Dec 31 2024,UniSuper,Balanced,Listed Property,1,MID-AMERICA APARTMENT COMMUNITIES,,US59522J1034,US,16541,,,4129499,0.0001
Dec 31 2024,UniSuper,Balanced,Listed Property,1,MIRAI CORPORATION REIT,,JP3048370005,JP,163,,,68150,0
Dec 31 2024,UniSuper,Balanced,Listed Property,1,MIRVAC GROUP PROPERTY TRUST,,AU000000MGR9,AU,12143818,,,22769659,0.0004
Dec 31 2024,UniSuper,Balanced,Listed Property,1,MITSUBISHI ESTATE,,JP3899600005,JP,744535,,,16837144,0.0003
Dec 31 2024,UniSuper,Balanced,Listed Property,1,MITSUBISHI ESTATE LOGISTICS REIT INVESTMENT CORPORATION,,JP3048480002,JP,42,,,150984,0
Dec 31 2024,UniSuper,Balanced,Listed Property,1,MITSUI FUDOSAN CO,,JP3893200000,JP,241267,,,3148930,0.0001
Dec 31 2024,UniSuper,Balanced,Listed Property,1,MITSUI FUDOSAN LOGISTICS PARK INC,,JP3048300002,JP,264,,,275301,0
Dec 31 2024,UniSuper,Balanced,Listed Property,1,MOBIMO HLDG AG,,CH0011108872,CH,616,,,321519,0
Dec 31 2024,UniSuper,Balanced,Listed Property,1,MONTEA CVA,,BE0003853703,BE,1766,,,186998,0
Dec 31 2024,UniSuper,Balanced,Listed Property,1,MORI HILLS REAL ESTATE INVESTMENT CORPORATION,,JP3046470005,JP,137,,,174875,0
Dec 31 2024,UniSuper,Balanced,Listed Property,1,MORI TRUST REIT INC,,JP3046170001,JP,221,,,139654,0
Dec 31 2024,UniSuper,Balanced,Listed Property,1,NATIONAL HEALTH INVESTORS,,US63633D1046,US,3595,,,402355,0
Dec 31 2024,UniSuper,Balanced,Listed Property,1,NATIONAL STORAGE AFFILIATES TRUST,,US6378701063,US,5961,,,364960,0
Dec 31 2024,UniSuper,Balanced,Listed Property,1,NATIONAL STORAGE REIT STAPLED SECURITY FULLY PAID,,AU000000NSR2,AU,2641607,,,6181360,0.0001
Dec 31 2024,UniSuper,Balanced,Listed Property,1,NEOBO FASTIGHETER NPV,,SE0005034550,SE,11244,,,34432,0
Dec 31 2024,UniSuper,Balanced,Listed Property,1,NETSTREIT CORP,,US64119V3033,US,6544,,,149564,0
Dec 31 2024,UniSuper,Balanced,Listed Property,1,NEWMARK GROUP INC,,US65158N1028,US,14841,,,307056,0
Dec 31 2024,UniSuper,Balanced,Listed Property,1,NEWRIVER REIT PLC,,GB00BD7XPJ64,GB,27309,,,40491,0
Dec 31 2024,UniSuper,Balanced,Listed Property,1,NEXPOINT RESIDENTIAL TRUST INC,,US65341D1028,US,1966,,,132595,0
Dec 31 2024,UniSuper,Balanced,Listed Property,1,NIPPON ACCOMMODATIONS FUND,,JP3046440008,JP,40,,,240951,0
Dec 31 2024,UniSuper,Balanced,Listed Property,1,NIPPON BUILDING FUND INC,,JP3027670003,JP,752,,,945507,0
Dec 31 2024,UniSuper,Balanced,Listed Property,1,NIPPON PROLOGIS REIT INC,,JP3047550003,JP,213,,,487039,0
Dec 31 2024,UniSuper,Balanced,Listed Property,1,NIPPON REIT INVESTMENT REIT ORD SHS,,JP3047750009,JP,151,,,118222,0
Dec 31 2024,UniSuper,Balanced,Listed Property,1,NNN REIT INC,,US6374171063,US,15762,,,1039919,0
Dec 31 2024,UniSuper,Balanced,Listed Property,1,NOMURA REAL EST MA REIT,,JP3048110005,JP,388,,,549577,0
Dec 31 2024,UniSuper,Balanced,Listed Property,1,NORTHWEST HEALTHCA UNITS,,CA6674951059,CA,19172,,,95811,0
Dec 31 2024,UniSuper,Balanced,Listed Property,1,NP3 FASTIGHETER AB,,SE0006342333,SE,2195,,,80212,0
Dec 31 2024,UniSuper,Balanced,Listed Property,1,NSI N V,,NL0012365084,NL,1830,,,57915,0
Dec 31 2024,UniSuper,Balanced,Listed Property,1,NTT UD REIT INVESTMNET CORP,,JP3041770003,JP,124,,,152567,0
Dec 31 2024,UniSuper,Balanced,Listed Property,1,NYFOSA AB NPV,,SE0011426428,SE,13748,,,216842,0
Dec 31 2024,UniSuper,Balanced,Listed Property,1,OMEGA HEALTHCARE INVESTORS,,US6819361006,US,23289,,,1423721,0
Dec 31 2024,UniSuper,Balanced,Listed Property,1,ONE REIT INC,,JP3047640002,JP,21,,,49384,0
Dec 31 2024,UniSuper,Balanced,Listed Property,1,ORIX JREIT INC,,JP3040880001,JP,228,,,383950,0
Dec 31 2024,UniSuper,Balanced,Listed Property,1,OUE REAL ESTATE INVESTMENT TRUST,,SG2G60000004,SG,184470,,,62244,0
Dec 31 2024,UniSuper,Balanced,Listed Property,1,OUTFRONT MEDIA INC COM NPV,,US69007J1060,US,2696,,,77250,0
Dec 31 2024,UniSuper,Balanced,Listed Property,1,PANDOX AB,,SE0007100359,SE,7716,,,216341,0
Dec 31 2024,UniSuper,Balanced,Listed Property,1,PARAGON REIT,,SG2G02994595,SG,94877,,,98849,0
Dec 31 2024,UniSuper,Balanced,Listed Property,1,PARAMOUNT GROUP INC,,US69924R1086,US,15823,,,126248,0
Dec 31 2024,UniSuper,Balanced,Listed Property,1,PARK HOTELS & RESORTS INC,,US7005171050,US,22982,,,522255,0
Dec 31 2024,UniSuper,Balanced,Listed Property,1,PARKWAY LIFE REAL ESTATE INVESTMENT TRUST,,SG1V52937132,SG,33490,,,148686,0
Dec 31 2024,UniSuper,Balanced,Listed Property,1,PEACH PROPERTY GROUP AG,,CH0118530366,CH,3061,,,49104,0
Dec 31 2024,UniSuper,Balanced,Listed Property,1,PEBBLEBROOK HOTEL TRUST,,US70509V1008,US,10375,,,227057,0
Dec 31 2024,UniSuper,Balanced,Listed Property,1,PEXA GROUP LTD PLC,,AU0000158594,AU,216810,,,2831542,0.0001
Dec 31 2024,UniSuper,Balanced,Listed Property,1,PHILLIPS EDISON & CO INC,,US71844V2016,US,10600,,,641323,0
Dec 31 2024,UniSuper,Balanced,Listed Property,1,PHOENIX MILLS LTD,,INE211B01039,IN,646846,,,19939453,0.0004
Dec 31 2024,UniSuper,Balanced,Listed Property,1,PICTON PROPERTY INCOME LTD,,GB00B0LCW208,GB,49267,,,63779,0
Dec 31 2024,UniSuper,Balanced,Listed Property,1,PIEDMONT OFFICE REALTY TRUST-A,,US7201902068,US,10600,,,156650,0
Dec 31 2024,UniSuper,Balanced,Listed Property,1,PLATZER FASTIGHETER HOLDING AB PUBL,,SE0004977692,SE,4715,,,59062,0
Dec 31 2024,UniSuper,Balanced,Listed Property,1,PRECINCT PROPERTIES NEW ZEALAND LIMITED,,NZAPTE0001S3,NZ,119719,,,127829,0
Dec 31 2024,UniSuper,Balanced,Listed Property,1,PRESTIGE ESTATES PROJECTS LTD,,INE811K01011,IN,23580,,,753565,0
Dec 31 2024,UniSuper,Balanced,Listed Property,1,PRIMARIS REAL ESTA TR UNIT SER A,,CA74167K1093,CA,8547,,,148481,0
Dec 31 2024,UniSuper,Balanced,Listed Property,1,PRIMARY HLTH PROP ORD,,GB00BYRJ5J14,GB,160189,,,302316,0
Dec 31 2024,UniSuper,Balanced,Listed Property,1,PROLOGIS INC COM,,US74340W1036,US,110667,,,18892838,0.0004
Dec 31 2024,UniSuper,Balanced,Listed Property,1,PROSPERITY REAL ESTATE INVESTMENT TRUST,,HK0808032913,HK,102006,,,26299,0
Dec 31 2024,UniSuper,Balanced,Listed Property,1,PRS REIT PLC,,GB00BF01NH51,GB,64234,,,139806,0
Dec 31 2024,UniSuper,Balanced,Listed Property,1,PSP SWISS PROPERTY AG,,CH0018294154,CH,3931,,,903098,0
Dec 31 2024,UniSuper,Balanced,Listed Property,1,PUBLIC STORAGE,,US74460D1090,US,19717,,,9535842,0.0002
Dec 31 2024,UniSuper,Balanced,Listed Property,1,REALTY INCOME CORPORATION,,US7561091049,US,109358,,,9433615,0.0002
Dec 31 2024,UniSuper,Balanced,Listed Property,1,REGENCY CENTERS CORPORATION,,US7588491032,US,27153,,,3242232,0.0001
Dec 31 2024,UniSuper,Balanced,Listed Property,1,REGION GROUP FULLY PAID UNITS STAPLED SECURITIES,,AU0000253502,AU,7258709,,,15025529,0.0003
Dec 31 2024,UniSuper,Balanced,Listed Property,1,REGIONAL REIT LTD ORD NPV,,GG00BSY2LD72,GG,12040,,,28057,0
Dec 31 2024,UniSuper,Balanced,Listed Property,1,RESIDENTIAL SECURE INCOME PLC,,GB00BYSX1508,GB,15768,,,18755,0
Dec 31 2024,UniSuper,Balanced,Listed Property,1,RETAIL ESTATES NV,,BE0003720340,BE,1071,,,106254,0
Dec 31 2024,UniSuper,Balanced,Listed Property,1,RETAIL OPPORTUNITY INVESTMENT,,US76131N1019,US,10876,,,304960,0
Dec 31 2024,UniSuper,Balanced,Listed Property,1,REXFORD INDUSTRIAL REALTY INC,,US76169C1009,US,18865,,,1177932,0
Dec 31 2024,UniSuper,Balanced,Listed Property,1,RIOCAN REAL ESTATE INVESTMENT TRUST,,CA7669101031,CA,29493,,,605455,0
Dec 31 2024,UniSuper,Balanced,Listed Property,1,RLJ LODGING TRUST ORD,,US74965L1017,US,13094,,,215923,0
Dec 31 2024,UniSuper,Balanced,Listed Property,1,RYMAN HOSPITALITY PROPERTIES INC,,US78377T1079,US,5070,,,854328,0
Dec 31 2024,UniSuper,Balanced,Listed Property,1,SABRA HEALTHCARE REIT INC,,US78573L1061,US,19886,,,556292,0
Dec 31 2024,UniSuper,Balanced,Listed Property,1,SAFEHOLD INC COM USD0.01,,US78646V1070,US,4455,,,132972,0
Dec 31 2024,UniSuper,Balanced,Listed Property,1,SAFESTORE HOLDINGS PLC,,GB00B1N7Z094,GB,25589,,,333341,0
Dec 31 2024,UniSuper,Balanced,Listed Property,1,SAGAX AB,,SE0005127818,SE,21183,,,700393,0
Dec 31 2024,UniSuper,Balanced,Listed Property,1,SAMHALLSBYGGNADSBOLAGET I NORDEN AB,,SE0009554454,SE,100187,,,66348,0
Dec 31 2024,UniSuper,Balanced,Listed Property,1,SAMTY RESIDENTIAL INVESTMENT CORP,,JP3047960004,JP,38,,,36119,0
Dec 31 2024,UniSuper,Balanced,Listed Property,1,SANKEI REAL ESTATE INC,,JP3048880003,JP,39,,,30236,0
Dec 31 2024,UniSuper,Balanced,Listed Property,1,SAVILLS PLC,,GB00B135BJ46,GB,4588,,,96139,0
Dec 31 2024,UniSuper,Balanced,Listed Property,1,SBA COMMUNICATIONS CORP,,US78410G1040,US,28537,,,9393404,0.0002
Dec 31 2024,UniSuper,Balanced,Listed Property,1,SCENTRE GROUP,,AU000000SCG8,AU,13584952,,,46596385,0.0009
Dec 31 2024,UniSuper,Balanced,Listed Property,1,SCHRODER REAL ESTATE INVESTMENT TRUST LTD,,GB00B01HM147,GB,45648,,,46906,0
Dec 31 2024,UniSuper,Balanced,Listed Property,1,SEGRO PLC,,GB00B5ZN1N88,GB,136127,,,1930783,0
Dec 31 2024,UniSuper,Balanced,Listed Property,1,SEKISUI HOUSE REIT INC,,JP3047820000,JP,359,,,285082,0
Dec 31 2024,UniSuper,Balanced,Listed Property,1,SHAFTESBURY CAPITAL PLC,,GB00B62G9D36,GB,183011,,,464589,0
Dec 31 2024,UniSuper,Balanced,Listed Property,1,SHINHAN ALPHA REIT ORD SHS,,KR7293940003,KR,8736,,,54055,0
Dec 31 2024,UniSuper,Balanced,Listed Property,1,SHURGARD SELF STORAGE EUROPE SARL,,GG00BQZCBZ44,GG,2705,,,162166,0
Dec 31 2024,UniSuper,Balanced,Listed Property,1,SILA REALTY TRUST INC,,US1462805086,US,4947,,,194303,0
Dec 31 2024,UniSuper,Balanced,Listed Property,1,SIMON PROPERTY GROUP INC USD,,US8288061091,US,39849,,,11083616,0.0002
Dec 31 2024,UniSuper,Balanced,Listed Property,1,SINO LAND CO LTD HKG,,HK0083000502,HK,44005,,,71823,0
Dec 31 2024,UniSuper,Balanced,Listed Property,1,SIRIUS REAL ESTATE LTD,,GG00B1W3VF54,GG,185176,,,294036,0
Dec 31 2024,UniSuper,Balanced,Listed Property,1,SITE CENTERS CORP COM USD 0.10 POST REV SPLIT,,US82981J8514,US,4079,,,100724,0
Dec 31 2024,UniSuper,Balanced,Listed Property,1,SK REIT CO LTD,,KR7395400005,KR,16606,,,80616,0
Dec 31 2024,UniSuper,Balanced,Listed Property,1,SL GREEN RLTY CORP COM,,US78440X8873,US,6039,,,662428,0
Dec 31 2024,UniSuper,Balanced,Listed Property,1,SMARTCENTRES REAL VARIABLE VTG UNITS,,CA83179X1087,CA,11212,,,307973,0
Dec 31 2024,UniSuper,Balanced,Listed Property,1,SOSILA LOGISTICS REIT INC,,JP3048960003,JP,64,,,69289,0
Dec 31 2024,UniSuper,Balanced,Listed Property,1,STAG INDUSTRIAL INC,,US85254J1025,US,15731,,,859278,0
Dec 31 2024,UniSuper,Balanced,Listed Property,1,STANDARD LIFE INVESTMENT PROPERTY INCOME TRUST PLC,,GB0033875286,GB,36901,,,5150,0
Dec 31 2024,UniSuper,Balanced,Listed Property,1,STAR ASIA INVESTME REIT,,JP3048200004,JP,193,,,102156,0
Dec 31 2024,UniSuper,Balanced,Listed Property,1,STARHILL GLOBAL REIT,,SG1S18926810,SG,122745,,,72661,0
Dec 31 2024,UniSuper,Balanced,Listed Property,1,STARTS PROCEED INVESTMENT CORP,,JP3046340000,JP,23,,,40610,0
Dec 31 2024,UniSuper,Balanced,Listed Property,1,STOCKLAND,,AU000000SGP0,AU,3635424,,,17450037,0.0003
Dec 31 2024,UniSuper,Balanced,Listed Property,1,STONEWEG EUROPEAN REAL ESTATE,,SGXC37098255,SG,27775,,,73395,0
Dec 31 2024,UniSuper,Balanced,Listed Property,1,STORAGEVAULT CANADA ORD SHS,,CA86212H1055,CA,20370,,,90132,0
Dec 31 2024,UniSuper,Balanced,Listed Property,1,STRIDE STAPLED GRP NPV UNITS,,NZSPGE0001S2,NZ,51868,,,61483,0
Dec 31 2024,UniSuper,Balanced,Listed Property,1,SUMITOMO REALTY & DEVELOPMENT CO,,JP3409000001,JP,4903,,,248933,0
Dec 31 2024,UniSuper,Balanced,Listed Property,1,SUMMIT HOTEL PROPERTIES INC,,US8660821005,US,9463,,,104696,0
Dec 31 2024,UniSuper,Balanced,Listed Property,1,SUN COMMUNITIES INC,,US8666741041,US,12170,,,2417126,0
Dec 31 2024,UniSuper,Balanced,Listed Property,1,SUN HUNG KAI PROPERTY HKD,,HK0016000132,HK,20319,,,315379,0
Dec 31 2024,UniSuper,Balanced,Listed Property,1,SUNAC CHINA HLDGS,,KYG8569A1067,KY,20547,,,9911,0
Dec 31 2024,UniSuper,Balanced,Listed Property,1,SUNLIGHT REAL ESTATE INVEST,,HK0435036626,HK,93710,,,36241,0
Dec 31 2024,UniSuper,Balanced,Listed Property,1,SUNSTONE HOTEL INVESTORS INC REITS,,US8678921011,US,17452,,,333726,0
Dec 31 2024,UniSuper,Balanced,Listed Property,1,SUNTEC REIT,,SG1Q52922370,SG,185822,,,257401,0
Dec 31 2024,UniSuper,Balanced,Listed Property,1,SUPERMARKET INCOME REIT PLC,,GB00BF345X11,GB,147616,,,203343,0
Dec 31 2024,UniSuper,Balanced,Listed Property,1,SWIRE PROPERTIES L HKD1,,HK0000063609,HK,2086941,,,6864587,0.0001
Dec 31 2024,UniSuper,Balanced,Listed Property,1,SWISS PRIME SITE AG,,CH0008038389,CH,881,,,155078,0
Dec 31 2024,UniSuper,Balanced,Listed Property,1,TAG TEGERNSEE IMMOBILIEN- UND BETRILIGUNGS AG,,DE0008303504,DE,13115,,,314970,0
Dec 31 2024,UniSuper,Balanced,Listed Property,1,TAKARA LEBEN REAL ESTATE INVESTMENT CORP,,JP3048750008,JP,71,,,63585,0
Dec 31 2024,UniSuper,Balanced,Listed Property,1,TANGER INC,,US8754651060,US,9248,,,509792,0
Dec 31 2024,UniSuper,Balanced,Listed Property,1,TARGET HLTHCARE RE ORD,,GB00BJGTLF51,GB,75875,,,128921,0
Dec 31 2024,UniSuper,Balanced,Listed Property,1,TECOM GROUP PJSC,,AEE01081T004,AE,200921,,,278300,0
Dec 31 2024,UniSuper,Balanced,Listed Property,1,TERRENO REALTY COR COM,,US88146M1018,US,8203,,,783578,0
Dec 31 2024,UniSuper,Balanced,Listed Property,1,THE LINK REAL ESTATE INVESTMENT TRUST,,HK0823032773,HK,251914,,,1720620,0
Dec 31 2024,UniSuper,Balanced,Listed Property,1,TOKYU REIT INC,,JP3044510000,JP,81,,,131202,0
Dec 31 2024,UniSuper,Balanced,Listed Property,1,TOMRA SYSTEMS ASA,,BE0974409410,BE,828,,,23773,0
Dec 31 2024,UniSuper,Balanced,Listed Property,1,TRIPLE POINT SOCIAL HOUSING REIT PLC,,GB00BF0P7H59,GB,31380,,,37703,0
Dec 31 2024,UniSuper,Balanced,Listed Property,1,TRITAX BIG BOX REIT PLC,,GB00BG49KP99,GB,291919,,,783575,0
Dec 31 2024,UniSuper,Balanced,Listed Property,1,UDR INC,,US9026531049,US,48411,,,3394207,0.0001
Dec 31 2024,UniSuper,Balanced,Listed Property,1,UMH PROPERTIES INC,,US9030021037,US,5561,,,169578,0
Dec 31 2024,UniSuper,Balanced,Listed Property,1,UNIBAIL RODAMCO WESTFIELD,,FR0013326246,FR,10349,,,1258625,0
Dec 31 2024,UniSuper,Balanced,Listed Property,1,UNIBAIL-RODAMCO-WESTFIELD CHESS DEPOSITARY INTERESTS 20:1 DE,,AU0000009771,AU,53650,,,322972,0
Dec 31 2024,UniSuper,Balanced,Listed Property,1,UNITE GROUP PLC,,GB0006928617,GB,35212,,,574440,0
Dec 31 2024,UniSuper,Balanced,Listed Property,1,UNITED URBAN INVESTMENT CORP,,JP3045540006,JP,255,,,369447,0
Dec 31 2024,UniSuper,Balanced,Listed Property,1,URBAN EDGE PPTYS COM USD,,US91704F1049,US,14302,,,496631,0
Dec 31 2024,UniSuper,Balanced,Listed Property,1,URBAN LOGISTICS REIT PLC,,GB00BYV8MN78,GB,55391,,,114733,0
Dec 31 2024,UniSuper,Balanced,Listed Property,1,VENTAS INC,,US92276F1003,US,56395,,,5363954,0.0001
Dec 31 2024,UniSuper,Balanced,Listed Property,1,VERIS RESIDENTIAL INC,,US5544891048,US,6790,,,182379,0
Dec 31 2024,UniSuper,Balanced,Listed Property,1,VICI PROPERTIES INC,,US9256521090,US,136215,,,6426288,0.0001
Dec 31 2024,UniSuper,Balanced,Listed Property,1,VICINITY CENTRES ORDINARY UNITS FULLY PAID,,AU000000VCX7,AU,10302903,,,21636096,0.0004
Dec 31 2024,UniSuper,Balanced,Listed Property,1,VONOVIA SE NPV SUBS RTS DIV CASH,,DE000A1ML7J1,DE,69747,,,3420128,0.0001
Dec 31 2024,UniSuper,Balanced,Listed Property,1,VORNADO REALTY TRUST,,US9290421091,US,15239,,,1034747,0
Dec 31 2024,UniSuper,Balanced,Listed Property,1,W P CAREY INC,,US92936U1097,US,21352,,,1878756,0
Dec 31 2024,UniSuper,Balanced,Listed Property,1,WALLENSTAM SER B NPV,,SE0017780133,SE,28753,,,200899,0
Dec 31 2024,UniSuper,Balanced,Listed Property,1,WAREHOUSE REIT PLC,,GB00BD2NCM38,GB,33764,,,53681,0
Dec 31 2024,UniSuper,Balanced,Listed Property,1,WAREHOUSES DE PAUWNPV,,BE0974349814,BE,16843,,,535215,0
Dec 31 2024,UniSuper,Balanced,Listed Property,1,WASHINGTON REAL ESTATE INVESTMENT TRUST,,US9396531017,US,7558,,,186408,0
Dec 31 2024,UniSuper,Balanced,Listed Property,1,WAYPOINT REIT FULLY PAID ORDINARY UNITS STAPLED SECURITIES,,AU0000088064,AU,5392544,,,12564627,0.0002
Dec 31 2024,UniSuper,Balanced,Listed Property,1,WELLTOWER INC,,US95040Q1040,US,113735,,,23151090,0.0004
Dec 31 2024,UniSuper,Balanced,Listed Property,1,WERELDHAVE NV,,NL0000289213,NL,3017,,,69427,0
Dec 31 2024,UniSuper,Balanced,Listed Property,1,WEYERHAEUSER CO USD,,US9621661043,US,36941,,,1679556,0
Dec 31 2024,UniSuper,Balanced,Listed Property,1,WHARF HOLDINGS LTD HKD,,HK0004000045,HK,9430,,,42839,0
Dec 31 2024,UniSuper,Balanced,Listed Property,1,WHARF REAL ESTATE HKD,,KYG9593A1040,KY,166263,,,686549,0
Dec 31 2024,UniSuper,Balanced,Listed Property,1,WIHLBORGS FAST. AB NPV,,SE0018012635,SE,22971,,,351893,0
Dec 31 2024,UniSuper,Balanced,Listed Property,1,WORKSPACE GROUP ORD,,GB00B67G5X01,GB,16794,,,166793,0
Dec 31 2024,UniSuper,Balanced,Listed Property,1,XENIA HOTELS AND RESORTS INC,,US9840171030,US,11181,,,268350,0
Dec 31 2024,UniSuper,Balanced,Listed Property,1,XIOR STUDENT HOUSING NV,,BE0974288202,BE,3283,,,162810,0
Dec 31 2024,UniSuper,Balanced,Listed Property,1,ZILLOW GROUP INC,,US98954M2008,US,1823,,,218035,0
Dec 31 2024,UniSuper,Balanced,Listed Property,1,Sub Total,,,,,,,1053917781,0.02
Dec 31 2024,UniSuper,Balanced,Unlisted Property,0,BURRAH PARK INDUSTRIAL TRUST,,,,,0.5,,,
Dec 31 2024,UniSuper,Balanced,Unlisted Property,0,CAWLEY ROAD INDUSTRIAL TRUST,,,,,1,,,
Dec 31 2024,UniSuper,Balanced,Unlisted Property,0,CLEARBELL CAPITAL II LLP,,,,,0.09,,,
Dec 31 2024,UniSuper,Balanced,Unlisted Property,0,CLEARBELL CAPITAL III LLP,,,,,0.08,,,
Dec 31 2024,UniSuper,Balanced,Unlisted Property,0,DEER PARK INDUSTRIAL TRUST,,,,,1,,,
Dec 31 2024,UniSuper,Balanced,Unlisted Property,0,DEXUS WHOLESALE PROPERTY FUND,,,,,0.01,,,
Dec 31 2024,UniSuper,Balanced,Unlisted Property,0,DEXUS WHOLESALE SHOPPING CENTRE FUND,,,,,0.04,,,
Dec 31 2024,UniSuper,Balanced,Unlisted Property,0,UNSW HEALTH TRANSLATION HUB,,,,,0.33,,,
Dec 31 2024,UniSuper,Balanced,Unlisted Property,0,QIC AUSTRALIA CORE PLUS FUND,,,,,0.2,,,
Dec 31 2024,UniSuper,Balanced,Unlisted Property,0,QUARRY ESTATE TRUST,,,,,1,,,
Dec 31 2024,UniSuper,Balanced,Unlisted Property,0,REAL ESTATE CAPITAL ASIA PARTNERS IV LP,,,,,0.03,,,
Dec 31 2024,UniSuper,Balanced,Unlisted Property,0,REAL ESTATE CAPITAL ASIA PARTNERS V LP,,,,,0.04,,,
Dec 31 2024,UniSuper,Balanced,Unlisted Property,0,TRUGANINA ESTATE TRUST,,,,,1,,,
Dec 31 2024,UniSuper,Balanced,Unlisted Property,0,VASTNED RETAIL NV,,,,,,,,
Dec 31 2024,UniSuper,Balanced,Unlisted Property,0,Sub Total,,,,,,,1383890945,0.0262
Dec 31 2024,UniSuper,Balanced,Unlisted Property,1,MIRVAC FUNDS MANAGEMENT AUSTRALIA LIMITED,,,,,,,87981560,0.0017
Dec 31 2024,UniSuper,Balanced,Unlisted Property,1,DEXUS CAPITAL INVESTORS LIMITED,,,,,,,852798727,0.0161
Dec 31 2024,UniSuper,Balanced,Unlisted Property,1,GOODMAN AUSTRALIA INDUSTRIAL PARTNERS,,,,,,,93573636,0.0018
Dec 31 2024,UniSuper,Balanced,Unlisted Property,1,THE GPT GROUP,,,,,,,116388094,0.0022
Dec 31 2024,UniSuper,Balanced,Unlisted Property,1,ISPT,,,,,,,217478389,0.0041
Dec 31 2024,UniSuper,Balanced,Unlisted Property,1,LENDLEASE,,,,,,,60346915,0.0011
Dec 31 2024,UniSuper,Balanced,Unlisted Property,1,Sub Total,,,,,,,1428567321,0.027
Dec 31 2024,UniSuper,Balanced,Listed Infrastructure,1,ACADIA HEALTHCARE COMPANY INC,,US00404A1097,US,25082,,,1606265,0
Dec 31 2024,UniSuper,Balanced,Listed Infrastructure,1,ACCIONA SA,,ES0125220311,ES,219,,,39885,0
Dec 31 2024,UniSuper,Balanced,Listed Infrastructure,1,ADTALEM GLOBAL EDUCATION INC,,US00737L1035,US,1032,,,151481,0
Dec 31 2024,UniSuper,Balanced,Listed Infrastructure,1,ADVANCED INFO SERVICES PUBLIC COMPANY LIMITED,,TH0268010Z11,TH,9398,,,127773,0
Dec 31 2024,UniSuper,Balanced,Listed Infrastructure,1,AENA SME S.A.,,ES0105046009,ES,111607,,,36846155,0.0007
Dec 31 2024,UniSuper,Balanced,Listed Infrastructure,1,AEROPORTS DE PARIS (ADP),,FR0010340141,FR,129512,,,24194475,0.0005
Dec 31 2024,UniSuper,Balanced,Listed Infrastructure,1,AGL ENERGY LTD,,AU000000AGL7,AU,325203,,,3671546,0.0001
Dec 31 2024,UniSuper,Balanced,Listed Infrastructure,1,AIRTEL AFRICA PLC,,GB00BKDRYJ47,GB,42492,,,97642,0
Dec 31 2024,UniSuper,Balanced,Listed Infrastructure,1,ALGONQUIN POWER AND UTILITIES CORP,,CA0158571053,CA,18345,,,131439,0
Dec 31 2024,UniSuper,Balanced,Listed Infrastructure,1,ALLIANT ENERGY CORP,,US0188021085,US,15628,,,1492727,0
Dec 31 2024,UniSuper,Balanced,Listed Infrastructure,1,ALTAGAS INCOME LTD,,CA0213611001,CA,3332,,,125270,0
Dec 31 2024,UniSuper,Balanced,Listed Infrastructure,1,AMEREN CORP,,US0236081024,US,231295,,,33299905,0.0006
Dec 31 2024,UniSuper,Balanced,Listed Infrastructure,1,AMERICAN ELECTRIC POWER COMPANY INC,,US0255371017,US,52028,,,7750166,0.0001
Dec 31 2024,UniSuper,Balanced,Listed Infrastructure,1,AMERICAN WATER WORKS CO INC,,US0304201033,US,9447,,,1899510,0
Dec 31 2024,UniSuper,Balanced,Listed Infrastructure,1,AMVIS HOLDINGS INC NPV,,JP3128660002,JP,276324,,,2067344,0
Dec 31 2024,UniSuper,Balanced,Listed Infrastructure,1,APOLLO HOSPITALS ENTERPRISE LTD,,INE437A01024,IN,197646,,,27205283,0.0005
Dec 31 2024,UniSuper,Balanced,Listed Infrastructure,1,AT & T INC,,US00206R1023,US,864384,,,31788768,0.0006
Dec 31 2024,UniSuper,Balanced,Listed Infrastructure,1,ATCO LTD,,CA0467894006,CA,3796,,,202813,0
Dec 31 2024,UniSuper,Balanced,Listed Infrastructure,1,ATMOS ENERGY CORP,,US0495601058,US,8024,,,1805007,0
Dec 31 2024,UniSuper,Balanced,Listed Infrastructure,1,ATTENDO AB PUBL,,SE0007666110,SE,26318,,,196197,0
Dec 31 2024,UniSuper,Balanced,Listed Infrastructure,1,AUCKLAND INTERNATIONAL AIRPORT LTD,,NZAIAE0002S6,NZ,156894,,,1219772,0
Dec 31 2024,UniSuper,Balanced,Listed Infrastructure,1,AUSSIE BROADBAND LIMITED ORDINARY FULLY PAID,,AU0000106643,AU,741490,,,2654534,0.0001
Dec 31 2024,UniSuper,Balanced,Listed Infrastructure,1,AVISTA CORP,,US05379B1070,US,1885,,,111537,0
Dec 31 2024,UniSuper,Balanced,Listed Infrastructure,1,BCE INC,,CA05534B7604,CA,629,,,23523,0
Dec 31 2024,UniSuper,Balanced,Listed Infrastructure,1,BEXEQ THE ISRAELI TELECOM CP,,IL0002300114,IL,49099,,,112955,0
Dec 31 2024,UniSuper,Balanced,Listed Infrastructure,1,BHAGWAN MARINE LIMITED ORDINARY FULLY PAID,,AU0000340663,AU,751553,,,473478,0
Dec 31 2024,UniSuper,Balanced,Listed Infrastructure,1,BHARTI AIRTEL LIMITED,,INE397D01024,IN,804880,,,24108713,0.0005
Dec 31 2024,UniSuper,Balanced,Listed Infrastructure,1,BKW AG,,CH0130293662,CH,188,,,50315,0
Dec 31 2024,UniSuper,Balanced,Listed Infrastructure,1,BRIGHT HORIZONS FAMILY SOLUTIONS INC,,US1091941005,US,1306,,,233788,0
Dec 31 2024,UniSuper,Balanced,Listed Infrastructure,1,BT GROUP PLC,,GB0030913577,GB,77855,,,226855,0
Dec 31 2024,UniSuper,Balanced,Listed Infrastructure,1,CANADIAN UTILITIES LTD A,,CA1367178326,CA,1194,,,46746,0
Dec 31 2024,UniSuper,Balanced,Listed Infrastructure,1,CELLNEX TELECOM SA,,ES0105066007,ES,7395,,,377355,0
Dec 31 2024,UniSuper,Balanced,Listed Infrastructure,1,CEMIG CIA ENERGETICA DE MINAS GERAIS - SPONS ADR,,US2044096012,US,210928,,,602993,0
Dec 31 2024,UniSuper,Balanced,Listed Infrastructure,1,CENTERPOINT ENERGY INC,,US15189T1079,US,177067,,,9074293,0.0002
Dec 31 2024,UniSuper,Balanced,Listed Infrastructure,1,CENTRICA PLC,,GB00B033F229,GB,62041,,,167662,0
Dec 31 2024,UniSuper,Balanced,Listed Infrastructure,1,CHARTWELL RETIREMENT RESIDENCES,,CA16141A1030,CA,23566,,,399087,0
Dec 31 2024,UniSuper,Balanced,Listed Infrastructure,1,CHENIERE ENERGY INC,,US16411R2085,US,104411,,,36234868,0.0007
Dec 31 2024,UniSuper,Balanced,Listed Infrastructure,1,CHINA EAST EDUCATION HOLDINGS LTD,,KYG2120T1004,KY,484531,,,275031,0
Dec 31 2024,UniSuper,Balanced,Listed Infrastructure,1,CHONGQING ROAD BRIDGE CO A,,CNE000000R93,CN,84756,,,104835,0
Dec 31 2024,UniSuper,Balanced,Listed Infrastructure,1,CHORUS LIMITED ORDINARY FULLY PAID,,NZCNUE0001S2,NZ,5958980,,,47314300,0.0009
Dec 31 2024,UniSuper,Balanced,Listed Infrastructure,1,CHUBU ELECTRIC POWER CO INC,,JP3526600006,JP,7355,,,125134,0
Dec 31 2024,UniSuper,Balanced,Listed Infrastructure,1,CIA SANEAMENTO MIN COM NPV,,BRCSMGACNOR5,BR,124730,,,678921,0
Dec 31 2024,UniSuper,Balanced,Listed Infrastructure,1,CK INFRASTRUCTURE,,BMG2178K1009,BM,10058,,,120773,0
Dec 31 2024,UniSuper,Balanced,Listed Infrastructure,1,CLP HOLDINGS LIMITED HKD,,HK0002007356,HK,19802,,,268857,0
Dec 31 2024,UniSuper,Balanced,Listed Infrastructure,1,CMS ENERGY CORP,,US1258961002,US,342470,,,36866094,0.0007
Dec 31 2024,UniSuper,Balanced,Listed Infrastructure,1,CONSOLIDATED EDISON INC COM,,US2091151041,US,15335,,,2210015,0
Dec 31 2024,UniSuper,Balanced,Listed Infrastructure,1,CONSTELLATION ENERGY CORP,,US21037T1097,US,39892,,,14413685,0.0003
Dec 31 2024,UniSuper,Balanced,Listed Infrastructure,1,CONTACT ENERGY LIMITED,,NZCENE0001S6,NZ,488967,,,4038869,0.0001
Dec 31 2024,UniSuper,Balanced,Listed Infrastructure,1,CONVERGE INFORMATION AND COMMUNICATIONS TECHNOLOGY SOLUTIONS,,PHY1757W1054,PH,10559736,,,4758772,0.0001
Dec 31 2024,UniSuper,Balanced,Listed Infrastructure,1,DEUTSCHE TELEKOM AG DEM,,DE0005557508,DE,49097,,,2372245,0
Dec 31 2024,UniSuper,Balanced,Listed Infrastructure,1,DOMINION ENERGY INC,,US25746U1097,US,33322,,,2898677,0.0001
Dec 31 2024,UniSuper,Balanced,Listed Infrastructure,1,DTE ENERGY CO USD,,US2333311072,US,10137,,,1976998,0
Dec 31 2024,UniSuper,Balanced,Listed Infrastructure,1,DUKE ENERGY CORP COM,,US26441C2044,US,26561,,,4621896,0.0001
Dec 31 2024,UniSuper,Balanced,Listed Infrastructure,1,E.ON SE,,DE000ENAG999,DE,1276930,,,24014903,0.0005
Dec 31 2024,UniSuper,Balanced,Listed Infrastructure,1,EDISON INTERNATIONAL,,US2810201077,US,17294,,,2230102,0
Dec 31 2024,UniSuper,Balanced,Listed Infrastructure,1,ELIA GROUP SA/NV,,BE0003822393,BE,262,,,32540,0
Dec 31 2024,UniSuper,Balanced,Listed Infrastructure,1,ELISA CORPORATION OYJ-A S,,FI0009007884,FI,1621,,,113295,0
Dec 31 2024,UniSuper,Balanced,Listed Infrastructure,1,EMERA INC,,CA2908761018,CA,3457,,,208624,0
Dec 31 2024,UniSuper,Balanced,Listed Infrastructure,1,ENBRIDGE INC,,CA29250N1050,CA,96762,,,6630668,0.0001
Dec 31 2024,UniSuper,Balanced,Listed Infrastructure,1,ENCOMPASS HLTH CRP COM USD,,US29261A1007,US,16163,,,2410763,0
Dec 31 2024,UniSuper,Balanced,Listed Infrastructure,1,ENDESA SA,,ES0130670112,ES,3620,,,125737,0
Dec 31 2024,UniSuper,Balanced,Listed Infrastructure,1,ENEL SPA,,IT0003128367,IT,97858,,,1126982,0
Dec 31 2024,UniSuper,Balanced,Listed Infrastructure,1,ENERGIAS DE PORTUGAL SA,,PTEDP0AM0009,PT,37756,,,195181,0
Dec 31 2024,UniSuper,Balanced,Listed Infrastructure,1,ENGIE,,FR0010208488,FR,21975,,,562682,0
Dec 31 2024,UniSuper,Balanced,Listed Infrastructure,1,ENLINK MIDSTREAM LLC,,US29336T1007,US,81270,,,1857328,0
Dec 31 2024,UniSuper,Balanced,Listed Infrastructure,1,ENN ENERGY HOLDINGS LTD,,KYG3066L1014,KY,197839,,,2297385,0
Dec 31 2024,UniSuper,Balanced,Listed Infrastructure,1,ENSIGN GROUP INC COM,,US29358P1012,US,1351,,,289817,0
Dec 31 2024,UniSuper,Balanced,Listed Infrastructure,1,ENTERGY CORP NEW,,US29364G1031,US,333379,,,40825018,0.0008
Dec 31 2024,UniSuper,Balanced,Listed Infrastructure,1,ESSENTIAL UTILITIES INC,,US29670G1022,US,3143,,,184382,0
Dec 31 2024,UniSuper,Balanced,Listed Infrastructure,1,EVERGY INC COM NPV,,US30034W1062,US,14605,,,1451886,0
Dec 31 2024,UniSuper,Balanced,Listed Infrastructure,1,EVERSOURCE ENERGY COM,,US30040W1080,US,18516,,,1717493,0
Dec 31 2024,UniSuper,Balanced,Listed Infrastructure,1,EVN AG NPV,,AT0000741053,AT,986,,,36271,0
Dec 31 2024,UniSuper,Balanced,Listed Infrastructure,1,EXELON CORPORATION,,US30161N1019,US,42574,,,2588174,0
Dec 31 2024,UniSuper,Balanced,Listed Infrastructure,1,FIRSTENERGY CORP USD,,US3379321074,US,457748,,,29410031,0.0006
Dec 31 2024,UniSuper,Balanced,Listed Infrastructure,1,FLUGHAFEN ZURICH AG,,CH0319416936,CH,526,,,203997,0
Dec 31 2024,UniSuper,Balanced,Listed Infrastructure,1,FORTIS HEALTHCARE LTD,,INE061F01013,IN,110996,,,1507341,0
Dec 31 2024,UniSuper,Balanced,Listed Infrastructure,1,FORTIS INC,,CA3495531079,CA,5972,,,400590,0
Dec 31 2024,UniSuper,Balanced,Listed Infrastructure,1,FORTUM  OYJ,,FI0009007132,FI,5113,,,115563,0
Dec 31 2024,UniSuper,Balanced,Listed Infrastructure,1,G8 EDUCATION ORD,,AU000000GEM7,AU,300664,,,392366,0
Dec 31 2024,UniSuper,Balanced,Listed Infrastructure,1,GAKKYUSHA CO LTD,,JP3235400003,JP,9792,,,206800,0
Dec 31 2024,UniSuper,Balanced,Listed Infrastructure,1,GETLINK SE,,FR0010533075,FR,3178,,,81872,0
Dec 31 2024,UniSuper,Balanced,Listed Infrastructure,1,GLOBE TELECOM INC,,PHY272571498,PH,1483,,,90433,0
Dec 31 2024,UniSuper,Balanced,Listed Infrastructure,1,GRAHAM HOLDINGS CO COM,,US3846371041,US,70,,,98378,0
Dec 31 2024,UniSuper,Balanced,Listed Infrastructure,1,GRAND CANYON EDU,,US38526M1062,US,739,,,195398,0
Dec 31 2024,UniSuper,Balanced,Listed Infrastructure,1,GRUPO AEROPORTUARIO DEL PACIFICO SA DE CV - ADR,,US4005061019,US,1137,,,321314,0
Dec 31 2024,UniSuper,Balanced,Listed Infrastructure,1,HAFNIA LIMITED USD 0.01,,SGXZ53070850,SG,6939,,,59950,0
Dec 31 2024,UniSuper,Balanced,Listed Infrastructure,1,HCA HEALTHCARE INC,,US40412C1018,US,20961,,,10161489,0.0002
Dec 31 2024,UniSuper,Balanced,Listed Infrastructure,1,HELIOS TOWERS PLC,,GB00BJVQC708,GB,34333,,,63545,0
Dec 31 2024,UniSuper,Balanced,Listed Infrastructure,1,HKT TRUST AND HKT SHARE STAPLED UNIT,,HK0000093390,HK,43376,,,86580,0
Dec 31 2024,UniSuper,Balanced,Listed Infrastructure,1,HOKURIKU ELECTRIC POWER COMPANY,,JP3845400005,JP,4329,,,38263,0
Dec 31 2024,UniSuper,Balanced,Listed Infrastructure,1,HONG KONG CHINA GAS,,HK0003000038,HK,134528,,,173701,0
Dec 31 2024,UniSuper,Balanced,Listed Infrastructure,1,HUMANA AB,,SE0008040653,SE,31991,,,166707,0
Dec 31 2024,UniSuper,Balanced,Listed Infrastructure,1,HYDRO ONE LTD,,CA4488112083,CA,3960,,,196895,0
Dec 31 2024,UniSuper,Balanced,Listed Infrastructure,1,IBERDROLA SA,,ES0144580Y14,ES,72744,,,1618088,0
Dec 31 2024,UniSuper,Balanced,Listed Infrastructure,1,IDP EDUCATION LTD,,AU000000IEL5,AU,2665386,,,33663826,0.0006
Dec 31 2024,UniSuper,Balanced,Listed Infrastructure,1,INFRASTRUTTURE WIR NPV,,IT0005090300,IT,3830,,,62864,0
Dec 31 2024,UniSuper,Balanced,Listed Infrastructure,1,INTERNATIONAL CONTAINER TERMINAL SERVICES INCOPORATED,,PHY411571011,PH,1394862,,,15033393,0.0003
Dec 31 2024,UniSuper,Balanced,Listed Infrastructure,1,IRIDIUM COMMUNICAT COM USD0.001,,US46269C1027,US,2733,,,128076,0
Dec 31 2024,UniSuper,Balanced,Listed Infrastructure,1,IWATANI CORP,,JP3151600008,JP,69381,,,1282722,0
Dec 31 2024,UniSuper,Balanced,Listed Infrastructure,1,JIANGSU EXPRESS CO LTD,,CNE1000003J5,CN,91961,,,164054,0
Dec 31 2024,UniSuper,Balanced,Listed Infrastructure,1,JIANGXI GANYUE EXPRESSWAY CO LTD,,CNE0000012D1,CN,101175,,,125592,0
Dec 31 2024,UniSuper,Balanced,Listed Infrastructure,1,KANSAI ELECTRIC POWER JPY,,JP3228600007,JP,135145,,,2435392,0
Dec 31 2024,UniSuper,Balanced,Listed Infrastructure,1,KDDI CORP,,JP3496400007,JP,18482,,,957660,0
Dec 31 2024,UniSuper,Balanced,Listed Infrastructure,1,KEIYO GAS ORD SHS,,JP3281400006,JP,6670,,,60661,0
Dec 31 2024,UniSuper,Balanced,Listed Infrastructure,1,KEYERA CORP COM,,CA4932711001,CA,2640,,,130344,0
Dec 31 2024,UniSuper,Balanced,Listed Infrastructure,1,KINDER MORGAN INC,,US49456B1017,US,435230,,,19260744,0.0004
Dec 31 2024,UniSuper,Balanced,Listed Infrastructure,1,KONINKLIJKE KPN NV,,NL0000009082,NL,46791,,,275067,0
Dec 31 2024,UniSuper,Balanced,Listed Infrastructure,1,KONINKLIJKE VOPAK NV,,NL0009432491,NL,1712,,,121697,0
Dec 31 2024,UniSuper,Balanced,Listed Infrastructure,1,KOREA ELECTRIC POWER CORPORATION,,US5006311063,US,4815,,,53508,0
Dec 31 2024,UniSuper,Balanced,Listed Infrastructure,1,KOREA ELECTRONIC POWER INDUSTRIAL DEVELOPMENT CO LTD,,KR7130660004,KR,33995,,,349093,0
Dec 31 2024,UniSuper,Balanced,Listed Infrastructure,1,KRISHNA INSTITUTE OF MEDICAL,,INE967H01025,IN,41518,,,468385,0
Dec 31 2024,UniSuper,Balanced,Listed Infrastructure,1,KYUSHU ELECTRIC POWER,,JP3246400000,JP,145091,,,2106900,0
Dec 31 2024,UniSuper,Balanced,Listed Infrastructure,1,LUMEN TECHNOLOGIES,,US5502411037,US,23318,,,199977,0
Dec 31 2024,UniSuper,Balanced,Listed Infrastructure,1,MAGYAR TELEKOM,,HU0000073507,HU,73883,,,382685,0
Dec 31 2024,UniSuper,Balanced,Listed Infrastructure,1,MAX HEALTHCARE INSTITUTE LTD,,INE027H01010,IN,55939,,,1190540,0
Dec 31 2024,UniSuper,Balanced,Listed Infrastructure,1,MEGA STUDY EDU CO LTD,,KR7215200007,KR,4150,,,199423,0
Dec 31 2024,UniSuper,Balanced,Listed Infrastructure,1,MERCURY NZ LIMITED,,NZMRPE0001S2,NZ,6183,,,32728,0
Dec 31 2024,UniSuper,Balanced,Listed Infrastructure,1,MILLICOM INTERNATIONAL CELLULAR SDR,,SE0001174970,SE,2341,,,92821,0
Dec 31 2024,UniSuper,Balanced,Listed Infrastructure,1,MITSUBISHI LOGISTICS NPV,,JP3902000003,JP,80286,,,955451,0
Dec 31 2024,UniSuper,Balanced,Listed Infrastructure,1,MONASH IVF GROUP LIMITED ORDINARY FULLY PAID,,AU000000MVF3,AU,1406970,,,1786852,0
Dec 31 2024,UniSuper,Balanced,Listed Infrastructure,1,NATIONAL GRID,,GB00BDR05C01,GB,1732583,,,33293917,0.0006
Dec 31 2024,UniSuper,Balanced,Listed Infrastructure,1,NEW ORIENTAL EDUCA,,KYG6470A1168,KY,126560,,,1288096,0
Dec 31 2024,UniSuper,Balanced,Listed Infrastructure,1,NEW ORIENTAL EDUCASPON ADS EA REP 10 ORD SHS,,US6475812060,US,74066,,,7677547,0.0001
Dec 31 2024,UniSuper,Balanced,Listed Infrastructure,1,NEXTERA ENERGY INC,,US65339F1012,US,252804,,,29271608,0.0006
Dec 31 2024,UniSuper,Balanced,Listed Infrastructure,1,NIPPON GAS CO LTD,,JP3695600001,JP,2657,,,59226,0
Dec 31 2024,UniSuper,Balanced,Listed Infrastructure,1,NIPPON TEL AND TEL CP NPV,,JP3735400008,JP,2803361,,,4551958,0.0001
Dec 31 2024,UniSuper,Balanced,Listed Infrastructure,1,NISOURCE INC,,US65473P1057,US,26879,,,1595830,0
Dec 31 2024,UniSuper,Balanced,Listed Infrastructure,1,NOS SGPS SA,,PTZON0AM0006,PT,67016,,,373231,0
Dec 31 2024,UniSuper,Balanced,Listed Infrastructure,1,NRG ENERGY INC,,US6293775085,US,11080,,,1614563,0
Dec 31 2024,UniSuper,Balanced,Listed Infrastructure,1,OKINAWA ELEC POWER NPV,,JP3194700005,JP,40363,,,398211,0
Dec 31 2024,UniSuper,Balanced,Listed Infrastructure,1,ONEOK INC,,US6826801036,US,72443,,,11747152,0.0002
Dec 31 2024,UniSuper,Balanced,Listed Infrastructure,1,ORANGE SA,,FR0000133308,FR,26941,,,433810,0
Dec 31 2024,UniSuper,Balanced,Listed Infrastructure,1,ORIGIN ENERGY LIMITED,,AU000000ORG5,AU,17324606,,,188838210,0.0036
Dec 31 2024,UniSuper,Balanced,Listed Infrastructure,1,OSAKA GAS CO LTD JPY,,JP3180400008,JP,4212,,,149766,0
Dec 31 2024,UniSuper,Balanced,Listed Infrastructure,1,PCCW LTD,,HK0008011667,HK,105385,,,99041,0
Dec 31 2024,UniSuper,Balanced,Listed Infrastructure,1,PEARSON PLC ORD,,GB0006776081,GB,6960,,,180493,0
Dec 31 2024,UniSuper,Balanced,Listed Infrastructure,1,PEMBINA PIPELINE,,CA7063271034,CA,416571,,,24845612,0.0005
Dec 31 2024,UniSuper,Balanced,Listed Infrastructure,1,PENNON GROUP ORD GBP0.6105,,GB00BNNTLN49,GB,8742,,,104953,0
Dec 31 2024,UniSuper,Balanced,Listed Infrastructure,1,PERDOCEO EDUCATION COM USD0 01,,US71363P1066,US,1483,,,63408,0
Dec 31 2024,UniSuper,Balanced,Listed Infrastructure,1,PG AND E CORP,,US69331C1080,US,883703,,,28802581,0.0005
Dec 31 2024,UniSuper,Balanced,Listed Infrastructure,1,PINNACLE WEST CAPITAL,,US7234841010,US,7279,,,996600,0
Dec 31 2024,UniSuper,Balanced,Listed Infrastructure,1,PLDT INC,,PHY7072Q1032,PH,4055,,,146617,0
Dec 31 2024,UniSuper,Balanced,Listed Infrastructure,1,PLDT INC ADR EACH REP 1 ORD SHS,,US69344D4088,US,17268,,,617755,0
Dec 31 2024,UniSuper,Balanced,Listed Infrastructure,1,POWER ASSETS HOLDINGS LIMITED,,HK0006000050,HK,16659,,,187734,0
Dec 31 2024,UniSuper,Balanced,Listed Infrastructure,1,PPL CORPORATION,,US69351T1060,US,204761,,,10734952,0.0002
Dec 31 2024,UniSuper,Balanced,Listed Infrastructure,1,PRIMA MARINE ORD SHS F,,TH8170010012,TH,1186579,,,483402,0
Dec 31 2024,UniSuper,Balanced,Listed Infrastructure,1,PROXIMUS,,BE0003810273,BE,3415,,,28700,0
Dec 31 2024,UniSuper,Balanced,Listed Infrastructure,1,PUBLIC SERVICE ENTERPRISE GROUP INC,,US7445731067,US,20118,,,2745264,0.0001
Dec 31 2024,UniSuper,Balanced,Listed Infrastructure,1,QINGDAO PORT INTERNATIONAL CO LTD,,CNE100001SG2,CN,101561,,,135146,0
Dec 31 2024,UniSuper,Balanced,Listed Infrastructure,1,QUBE HOLDINGS LIMITED,,AU000000QUB5,AU,28749300,,,114134719,0.0022
Dec 31 2024,UniSuper,Balanced,Listed Infrastructure,1,QUEBECOR INC CLASS B SUB VTG NPV,,CA7481932084,CA,1383,,,48923,0
Dec 31 2024,UniSuper,Balanced,Listed Infrastructure,1,RAMSAY HEALTH CARE,,AU000000RHC8,AU,563321,,,19457119,0.0004
Dec 31 2024,UniSuper,Balanced,Listed Infrastructure,1,RED ELECTRICA DE ES,,ES0173093024,ES,4624,,,127608,0
Dec 31 2024,UniSuper,Balanced,Listed Infrastructure,1,ROGERS COMMUNICATIONS INC-B,,CA7751092007,CA,6541,,,324609,0
Dec 31 2024,UniSuper,Balanced,Listed Infrastructure,1,SELECT MED HLDGS COM,,US81619Q1058,US,2541,,,77357,0
Dec 31 2024,UniSuper,Balanced,Listed Infrastructure,1,SEMBCORP INDUSTRIES LIMITED,,SG1R50925390,SG,7921,,,51765,0
Dec 31 2024,UniSuper,Balanced,Listed Infrastructure,1,SEMPRA ORD,,US8168511090,US,23880,,,3383271,0.0001
Dec 31 2024,UniSuper,Balanced,Listed Infrastructure,1,SEVERN TRENT PLC,,GB00B1FH8J72,GB,161151,,,8175376,0.0002
Dec 31 2024,UniSuper,Balanced,Listed Infrastructure,1,SHENZHEN EXPRESSWAY COMPANY LIMITED,,CNE100000478,CN,61644,,,93821,0
Dec 31 2024,UniSuper,Balanced,Listed Infrastructure,1,SHIKOKU ELECTRIC POWER COMPANY INCORPORATED,,JP3350800003,JP,82337,,,1044602,0
Dec 31 2024,UniSuper,Balanced,Listed Infrastructure,1,SINGAPORE AIRPORT TERMINAL SERVICES LIMITED,,SG1I52882764,SG,22510,,,97007,0
Dec 31 2024,UniSuper,Balanced,Listed Infrastructure,1,SINGAPORE TELECOMM NPV B/L 100,,SG1T75931496,SG,3555553,,,12965341,0.0002
Dec 31 2024,UniSuper,Balanced,Listed Infrastructure,1,SINOPEC KANTONS HOLDINGS LTD,,BMG8165U1009,BM,339547,,,345934,0
Dec 31 2024,UniSuper,Balanced,Listed Infrastructure,1,SNAM SPA,,IT0003153415,IT,24262,,,173550,0
Dec 31 2024,UniSuper,Balanced,Listed Infrastructure,1,SOFTBANK CORP,,JP3732000009,JP,344178,,,703526,0
Dec 31 2024,UniSuper,Balanced,Listed Infrastructure,1,SOFTBANK GROUP CORP,,JP3436100006,JP,54345,,,5129834,0.0001
Dec 31 2024,UniSuper,Balanced,Listed Infrastructure,1,SOUTHERN CO COM USD,,US8425871071,US,37109,,,4933919,0.0001
Dec 31 2024,UniSuper,Balanced,Listed Infrastructure,1,SPARK NEW ZEALAND LIMITED ORDINARY FULLY PAID,,NZTELE0001S4,NZ,46869,,,126079,0
Dec 31 2024,UniSuper,Balanced,Listed Infrastructure,1,SPIRE HEALTHCARE GROUP PLC,,GB00BNLPYF73,GB,16338,,,74687,0
Dec 31 2024,UniSuper,Balanced,Listed Infrastructure,1,SSE PLC,,GB0007908733,GB,13286,,,431055,0
Dec 31 2024,UniSuper,Balanced,Listed Infrastructure,1,STARHUB LTD,,SG1V12936232,SG,52700,,,75496,0
Dec 31 2024,UniSuper,Balanced,Listed Infrastructure,1,STRATEGIC EDUCATION INC,,US86272C1036,US,558,,,84189,0
Dec 31 2024,UniSuper,Balanced,Listed Infrastructure,1,STRIDE INC,,US86333M1080,US,930,,,156101,0
Dec 31 2024,UniSuper,Balanced,Listed Infrastructure,1,SUNRISE COMMUNICATIONS ADR,,US8679751045,US,1706,,,118713,0
Dec 31 2024,UniSuper,Balanced,Listed Infrastructure,1,SUPERLOOP LIMITED ORDINARY FULLY PAID,,AU000000SLC8,AU,885472,,,1939184,0
Dec 31 2024,UniSuper,Balanced,Listed Infrastructure,1,SWISSCOM AG,,CH0008742519,CH,312,,,280348,0
Dec 31 2024,UniSuper,Balanced,Listed Infrastructure,1,T MOBILE US INC COM,,US8725901040,US,40671,,,14499289,0.0003
Dec 31 2024,UniSuper,Balanced,Listed Infrastructure,1,TARGA RESOURCES IN COM,,US87612G1013,US,37101,,,10696209,0.0002
Dec 31 2024,UniSuper,Balanced,Listed Infrastructure,1,TC ENERGY CORP,,CA87807B1076,CA,12510,,,941125,0
Dec 31 2024,UniSuper,Balanced,Listed Infrastructure,1,TELE2 AB,,SE0005190238,SE,6114,,,97640,0
Dec 31 2024,UniSuper,Balanced,Listed Infrastructure,1,TELECOM ITALIA SPA,,IT0003497168,IT,88560,,,36525,0
Dec 31 2024,UniSuper,Balanced,Listed Infrastructure,1,TELEFONICA SA,,ES0178430E18,ES,47755,,,314440,0
Dec 31 2024,UniSuper,Balanced,Listed Infrastructure,1,TELENOR ASA,,NO0010063308,NO,7177,,,129510,0
Dec 31 2024,UniSuper,Balanced,Listed Infrastructure,1,TELIA COMPANY AB,,SE0000667925,SE,26886,,,120532,0
Dec 31 2024,UniSuper,Balanced,Listed Infrastructure,1,TELSTRA CORPORATION LIMITED,,AU000000TLS2,AU,44692709,,,179217762,0.0034
Dec 31 2024,UniSuper,Balanced,Listed Infrastructure,1,TENET HEALTHCARE COM USD 0.05 POST REV SPLIT,,US88033G4073,US,17759,,,3620574,0.0001
Dec 31 2024,UniSuper,Balanced,Listed Infrastructure,1,TERNA SPA,,IT0003242622,IT,16929,,,215739,0
Dec 31 2024,UniSuper,Balanced,Listed Infrastructure,1,TIM S.A. COM NPV,,BRTIMSACNOR5,BR,155676,,,589328,0
Dec 31 2024,UniSuper,Balanced,Listed Infrastructure,1,TIM S.A. SPON ADS EACH REP 5 ORD SHS,,US88706T1088,US,5537,,,105165,0
Dec 31 2024,UniSuper,Balanced,Listed Infrastructure,1,TOHO GAS CO LTD,,JP3600200004,JP,1761,,,76950,0
Dec 31 2024,UniSuper,Balanced,Listed Infrastructure,1,TOHOKU ELECTRIC POWER JPY,,JP3605400005,JP,11703,,,142638,0
Dec 31 2024,UniSuper,Balanced,Listed Infrastructure,1,TOKYO ELECTRIC POWER COMPANY HOLDINGS INCORPORATED,,JP3585800000,JP,17413,,,85003,0
Dec 31 2024,UniSuper,Balanced,Listed Infrastructure,1,TOKYO GAS CO LTD,,JP3573000001,JP,4086,,,183508,0
Dec 31 2024,UniSuper,Balanced,Listed Infrastructure,1,TORM PLC,,GB00BZ3CNK81,GB,30863,,,969294,0
Dec 31 2024,UniSuper,Balanced,Listed Infrastructure,1,TORRENT POWER LTD,,INE813H01021,IN,236891,,,6640692,0.0001
Dec 31 2024,UniSuper,Balanced,Listed Infrastructure,1,TPG TELECOM LIMITED ORDINARY FULLY PAID DEFERRED SETTLEMENT,,AU0000090128,AU,57588,,,258569,0
Dec 31 2024,UniSuper,Balanced,Listed Infrastructure,1,TRANSURBAN GROUP ORDINARY SHARES UNITS STAPLED SECURITIES,,AU000000TCL6,AU,98962989,,,1325114427,0.0251
Dec 31 2024,UniSuper,Balanced,Listed Infrastructure,1,TRUE CORPORATION THB4 NVDR,,THB231010R11,TH,6140065,,,3228564,0.0001
Dec 31 2024,UniSuper,Balanced,Listed Infrastructure,1,TUAS LIMITED ORDINARY FULLY PAID DEFERRED SETTLEMENT,,AU0000089724,AU,28800,,,183171,0
Dec 31 2024,UniSuper,Balanced,Listed Infrastructure,1,UNITED UTILITIES GROUP PLC,,GB00B39J2M42,GB,8204,,,174502,0
Dec 31 2024,UniSuper,Balanced,Listed Infrastructure,1,UNIVERSAL HEALTH SERVICES - CLASS B,,US9139031002,US,10576,,,3064652,0.0001
Dec 31 2024,UniSuper,Balanced,Listed Infrastructure,1,VEOLIA ENVIRONMENT,,FR0000124141,FR,8466,,,383843,0
Dec 31 2024,UniSuper,Balanced,Listed Infrastructure,1,VERBUND AG,,AT0000746409,AT,776,,,90817,0
Dec 31 2024,UniSuper,Balanced,Listed Infrastructure,1,VERIZON COMMUNICATIONS,,US92343V1044,US,142277,,,9189437,0.0002
Dec 31 2024,UniSuper,Balanced,Listed Infrastructure,1,VODAFONE GROUP ORD,,GB00BH4HKS39,GB,316270,,,436944,0
Dec 31 2024,UniSuper,Balanced,Listed Infrastructure,1,WEC ENERGY GROUP INC,,US92939U1060,US,14336,,,2177396,0
Dec 31 2024,UniSuper,Balanced,Listed Infrastructure,1,WILLIAMS COMPANIES INC,,US9694571004,US,43796,,,3828230,0.0001
Dec 31 2024,UniSuper,Balanced,Listed Infrastructure,1,XCEL ENERGY INC,,US98389B1008,US,23560,,,2569283,0
Dec 31 2024,UniSuper,Balanced,Listed Infrastructure,1,XIANDAI INVESTMENT CO LTDA,,CNE000000925,CN,683001,,,666478,0
Dec 31 2024,UniSuper,Balanced,Listed Infrastructure,1,Sub Total,,,,,,,2685939966,0.0509
Dec 31 2024,UniSuper,Balanced,Unlisted Infrastructure,0,ADELAIDE AIRPORT,,,,,0.51,,,
Dec 31 2024,UniSuper,Balanced,Unlisted Infrastructure,0,ICG AUSTRALIAN RENEWABLE INCOME FUND,,,,,0.03,,,
Dec 31 2024,UniSuper,Balanced,Unlisted Infrastructure,0,ICG ENERGY INFRASTRUCTURE TRUST,,,,,0.23,,,
Dec 31 2024,UniSuper,Balanced,Unlisted Infrastructure,0,THE INFRASTRUCTURE FUND,,,,,0.09,,,
Dec 31 2024,UniSuper,Balanced,Unlisted Infrastructure,0,I SQUARED CAPITAL GLOBAL INFRASTRUCTURE FUND I,,,,,0.02,,,
Dec 31 2024,UniSuper,Balanced,Unlisted Infrastructure,0,IFM AUSTRALIAN INFRASTRUCTURE FUND,,,,,0.01,,,
Dec 31 2024,UniSuper,Balanced,Unlisted Infrastructure,0,IFM GLOBAL INFRASTRUCTURE FUND,,,,,0.01,,,
Dec 31 2024,UniSuper,Balanced,Unlisted Infrastructure,0,AIRPORT MOTORWAY - EASTERN DISTRIBUTOR SYDNEY,,,,,0.11,,,
Dec 31 2024,UniSuper,Balanced,Unlisted Infrastructure,0,PALISADE AUSTRALIAN SOCIAL INFRASTRUCTURE FUND,,,,,0.1,,,
Dec 31 2024,UniSuper,Balanced,Unlisted Infrastructure,0,PALISADE DIVERSIFIED INFRASTRUCTURE FUND,,,,,0.11,,,
Dec 31 2024,UniSuper,Balanced,Unlisted Infrastructure,0,VICTORIAN COMPREHENSIVE CANCER CENTRE,,,,,0.49,,,
Dec 31 2024,UniSuper,Balanced,Unlisted Infrastructure,0,SYDNEY AIRPORT,,,,,0.15,,,
Dec 31 2024,UniSuper,Balanced,Unlisted Infrastructure,0,TASMANIAN FOREST TRUST,,,,,0.67,,,
Dec 31 2024,UniSuper,Balanced,Unlisted Infrastructure,0,TRANSURBAN CHESAPEAKE,,,,,0.1,,,
Dec 31 2024,UniSuper,Balanced,Unlisted Infrastructure,0,MACQUARIE GREEN ENERGY CLIMATE OPPORTUNITIES FUND,,,,,0.15,,,
Dec 31 2024,UniSuper,Balanced,Unlisted Infrastructure,0,VICROADS,,,,,0.04,,,
Dec 31 2024,UniSuper,Balanced,Unlisted Infrastructure,0,AQUASURE HOLDINGS,,,,,0.35,,,
Dec 31 2024,UniSuper,Balanced,Unlisted Infrastructure,0,Sub Total,,,,,,,2519475909,0.0477
Dec 31 2024,UniSuper,Balanced,Unlisted Infrastructure,1,FIRST SENTIER INVESTORS (AUSTRALIA) IM LIMITED,,,,,,,189393344,0.0036
Dec 31 2024,UniSuper,Balanced,Unlisted Infrastructure,1,MANULIFE INVESTMENT MANAGEMENT,,,,,,,221385760,0.0042
Dec 31 2024,UniSuper,Balanced,Unlisted Infrastructure,1,MACQUARIE ASSET MANAGEMENT,,,,,,,43199830,0.0008
Dec 31 2024,UniSuper,Balanced,Unlisted Infrastructure,1,Sub Total,,,,,,,453978934,0.0086
Dec 31 2024,UniSuper,Balanced,Listed Alternatives,1,Sub Total,,,,,,,,
Dec 31 2024,UniSuper,Balanced,Unlisted Alternatives,0,FIDERA DISTRESSED ASSET FUND,,,,,,,,
Dec 31 2024,UniSuper,Balanced,Unlisted Alternatives,0,Sub Total,,,,,,,56802316,0.0011
Dec 31 2024,UniSuper,Balanced,Unlisted Alternatives,1,Sub Total,,,,,,,,
