Effective Date,Fund Name,Option Name,Asset Class Name,Int/Ext,Name/Kind of Investment Item,Currency,Stock ID,ID Type,Listed Country,Units Held,% Ownership,Address,Value (AUD),Weighting
31/12/2024,Care Super,Balanced,Cash,1,Australia and New Zealand Banking Group,AUD,,N/A,,,,,110893396.0,0.0026
31/12/2024,Care Super,Balanced,Cash,1,Bank of America Merrill Lynch,AUD,,N/A,,,,,2160863.0,0.0001
31/12/2024,Care Super,Balanced,Cash,1,Bank of America Merrill Lynch,USD,,N/A,,,,,-860394.0,0.0
31/12/2024,Care Super,Balanced,Cash,1,Bank of New York Mellon,USD,,N/A,,,,,351428.0,0.0
31/12/2024,Care Super,Balanced,Cash,1,The Bank Of Nova Scotia,AUD,,N/A,,,,,140846685.0,0.0033
31/12/2024,Care Super,Balanced,Cash,1,Bank of Queensland,AUD,,N/A,,,,,127249299.0,0.003
31/12/2024,Care Super,Balanced,Cash,1,Barclays Bank,AUD,,N/A,,,,,107590.0,0.0
31/12/2024,Care Super,Balanced,Cash,1,Barclays Bank,CAD,,N/A,,,,,-76536.0,0.0
31/12/2024,Care Super,Balanced,Cash,1,Barclays Bank,EUR,,N/A,,,,,-662516.0,0.0
31/12/2024,Care Super,Balanced,Cash,1,Barclays Bank,GBP,,N/A,,,,,847820.0,0.0
31/12/2024,Care Super,Balanced,Cash,1,Barclays Bank,ILS,,N/A,,,,,47.0,0.0
31/12/2024,Care Super,Balanced,Cash,1,Barclays Bank,JPY,,N/A,,,,,-319087.0,0.0
31/12/2024,Care Super,Balanced,Cash,1,Barclays Bank,NZD,,N/A,,,,,-10377.0,0.0
31/12/2024,Care Super,Balanced,Cash,1,Barclays Bank,SEK,,N/A,,,,,17608.0,0.0
31/12/2024,Care Super,Balanced,Cash,1,Barclays Bank,SGD,,N/A,,,,,23101.0,0.0
31/12/2024,Care Super,Balanced,Cash,1,Barclays Bank,THB,,N/A,,,,,1341.0,0.0
31/12/2024,Care Super,Balanced,Cash,1,Barclays Bank,USD,,N/A,,,,,6815139.0,0.0002
31/12/2024,Care Super,Balanced,Cash,1,Bendigo and Adelaide Bank,AUD,,N/A,,,,,109399820.0,0.0026
31/12/2024,Care Super,Balanced,Cash,1,BNP Paribas,USD,,N/A,,,,,5127220.0,0.0001
31/12/2024,Care Super,Balanced,Cash,1,Canadian Imperial Bank of Commerce,AUD,,N/A,,,,,179177870.0,0.0042
31/12/2024,Care Super,Balanced,Cash,1,Challenger,AUD,,N/A,,,,,46095867.0,0.0011
31/12/2024,Care Super,Balanced,Cash,1,Citigroup,AUD,,N/A,,,,,35277182.0,0.0008
31/12/2024,Care Super,Balanced,Cash,1,Citigroup,CAD,,N/A,,,,,-8079.0,0.0
31/12/2024,Care Super,Balanced,Cash,1,Citigroup,EUR,,N/A,,,,,-255336.0,0.0
31/12/2024,Care Super,Balanced,Cash,1,Citigroup,GBP,,N/A,,,,,136499.0,0.0
31/12/2024,Care Super,Balanced,Cash,1,Citigroup,JPY,,N/A,,,,,44753.0,0.0
31/12/2024,Care Super,Balanced,Cash,1,Citigroup,USD,,N/A,,,,,5453846.0,0.0001
31/12/2024,Care Super,Balanced,Cash,1,Commonwealth Bank Of Australia,AUD,,N/A,,,,,286532906.0,0.0068
31/12/2024,Care Super,Balanced,Cash,1,Credit Agricole,AUD,,N/A,,,,,179606716.0,0.0042
31/12/2024,Care Super,Balanced,Cash,1,Credit Union Australia,AUD,,N/A,,,,,30690135.0,0.0007
31/12/2024,Care Super,Balanced,Cash,1,Cuscal,AUD,,N/A,,,,,3701202.0,0.0001
31/12/2024,Care Super,Balanced,Cash,1,DBS Bank Ltd,AUD,,N/A,,,,,177978745.0,0.0042
31/12/2024,Care Super,Balanced,Cash,1,Deutsche Bank,USD,,N/A,,,,,1381477.0,0.0
31/12/2024,Care Super,Balanced,Cash,1,Goldman Sachs,AUD,,N/A,,,,,1095438.0,0.0
31/12/2024,Care Super,Balanced,Cash,1,Goldman Sachs,USD,,N/A,,,,,-10227299.0,-0.0002
31/12/2024,Care Super,Balanced,Cash,1,HSBC Bank,CHF,,N/A,,,,,4772.0,0.0
31/12/2024,Care Super,Balanced,Cash,1,HSBC Bank,EUR,,N/A,,,,,184889.0,0.0
31/12/2024,Care Super,Balanced,Cash,1,HSBC Bank,GBP,,N/A,,,,,42778.0,0.0
31/12/2024,Care Super,Balanced,Cash,1,HSBC Bank,JPY,,N/A,,,,,48500.0,0.0
31/12/2024,Care Super,Balanced,Cash,1,HSBC Bank,USD,,N/A,,,,,1685769.0,0.0
31/12/2024,Care Super,Balanced,Cash,1,ING Bank (Australia),AUD,,N/A,,,,,171379074.0,0.004
31/12/2024,Care Super,Balanced,Cash,1,JP Morgan Chase & Co,AED,,N/A,,,,,706.0,0.0
31/12/2024,Care Super,Balanced,Cash,1,JP Morgan Chase & Co,AUD,,N/A,,,,,532686006.0,0.0126
31/12/2024,Care Super,Balanced,Cash,1,JP Morgan Chase & Co,BRL,,N/A,,,,,225189.0,0.0
31/12/2024,Care Super,Balanced,Cash,1,JP Morgan Chase & Co,CAD,,N/A,,,,,1333927.0,0.0
31/12/2024,Care Super,Balanced,Cash,1,JP Morgan Chase & Co,CHF,,N/A,,,,,401752.0,0.0
31/12/2024,Care Super,Balanced,Cash,1,JP Morgan Chase & Co,CNH,,N/A,,,,,-131396730.0,-0.0031
31/12/2024,Care Super,Balanced,Cash,1,JP Morgan Chase & Co,CNY,,N/A,,,,,132330249.0,0.0031
31/12/2024,Care Super,Balanced,Cash,1,JP Morgan Chase & Co,COP,,N/A,,,,,-4.0,0.0
31/12/2024,Care Super,Balanced,Cash,1,JP Morgan Chase & Co,CZK,,N/A,,,,,1459488.0,0.0
31/12/2024,Care Super,Balanced,Cash,1,JP Morgan Chase & Co,DKK,,N/A,,,,,98042.0,0.0
31/12/2024,Care Super,Balanced,Cash,1,JP Morgan Chase & Co,EUR,,N/A,,,,,6140744.0,0.0001
31/12/2024,Care Super,Balanced,Cash,1,JP Morgan Chase & Co,GBP,,N/A,,,,,2454679.0,0.0001
31/12/2024,Care Super,Balanced,Cash,1,JP Morgan Chase & Co,HKD,,N/A,,,,,1592797.0,0.0
31/12/2024,Care Super,Balanced,Cash,1,JP Morgan Chase & Co,HUF,,N/A,,,,,61022.0,0.0
31/12/2024,Care Super,Balanced,Cash,1,JP Morgan Chase & Co,IDR,,N/A,,,,,10470.0,0.0
31/12/2024,Care Super,Balanced,Cash,1,JP Morgan Chase & Co,ILS,,N/A,,,,,333138.0,0.0
31/12/2024,Care Super,Balanced,Cash,1,JP Morgan Chase & Co,INR,,N/A,,,,,233925.0,0.0
31/12/2024,Care Super,Balanced,Cash,1,JP Morgan Chase & Co,JPY,,N/A,,,,,3926297.0,0.0001
31/12/2024,Care Super,Balanced,Cash,1,JP Morgan Chase & Co,KRW,,N/A,,,,,12130.0,0.0
31/12/2024,Care Super,Balanced,Cash,1,JP Morgan Chase & Co,MXN,,N/A,,,,,304722.0,0.0
31/12/2024,Care Super,Balanced,Cash,1,JP Morgan Chase & Co,NOK,,N/A,,,,,22800.0,0.0
31/12/2024,Care Super,Balanced,Cash,1,JP Morgan Chase & Co,NZD,,N/A,,,,,165070.0,0.0
31/12/2024,Care Super,Balanced,Cash,1,JP Morgan Chase & Co,PHP,,N/A,,,,,1218.0,0.0
31/12/2024,Care Super,Balanced,Cash,1,JP Morgan Chase & Co,PLN,,N/A,,,,,132982.0,0.0
31/12/2024,Care Super,Balanced,Cash,1,JP Morgan Chase & Co,RON,,N/A,,,,,5570.0,0.0
31/12/2024,Care Super,Balanced,Cash,1,JP Morgan Chase & Co,RUB,,N/A,,,,,93726.0,0.0
31/12/2024,Care Super,Balanced,Cash,1,JP Morgan Chase & Co,SAR,,N/A,,,,,82627.0,0.0
31/12/2024,Care Super,Balanced,Cash,1,JP Morgan Chase & Co,SEK,,N/A,,,,,106521.0,0.0
31/12/2024,Care Super,Balanced,Cash,1,JP Morgan Chase & Co,SGD,,N/A,,,,,2733053.0,0.0001
31/12/2024,Care Super,Balanced,Cash,1,JP Morgan Chase & Co,THB,,N/A,,,,,862.0,0.0
31/12/2024,Care Super,Balanced,Cash,1,JP Morgan Chase & Co,TRY,,N/A,,,,,15144.0,0.0
31/12/2024,Care Super,Balanced,Cash,1,JP Morgan Chase & Co,TWD,,N/A,,,,,216525.0,0.0
31/12/2024,Care Super,Balanced,Cash,1,JP Morgan Chase & Co,USD,,N/A,,,,,293896978.0,0.0069
31/12/2024,Care Super,Balanced,Cash,1,JP Morgan Chase & Co,ZAR,,N/A,,,,,256731.0,0.0
31/12/2024,Care Super,Balanced,Cash,1,Macquarie Bank,AUD,,N/A,,,,,38983009.0,0.0009
31/12/2024,Care Super,Balanced,Cash,1,Macquarie Bank,CHF,,N/A,,,,,-352808.0,0.0
31/12/2024,Care Super,Balanced,Cash,1,Macquarie Bank,EUR,,N/A,,,,,1356796.0,0.0
31/12/2024,Care Super,Balanced,Cash,1,Macquarie Bank,GBP,,N/A,,,,,-95725.0,0.0
31/12/2024,Care Super,Balanced,Cash,1,Macquarie Bank,JPY,,N/A,,,,,-502274.0,0.0
31/12/2024,Care Super,Balanced,Cash,1,Macquarie Bank,USD,,N/A,,,,,8957298.0,0.0002
31/12/2024,Care Super,Balanced,Cash,1,Members Equity Bank,AUD,,N/A,,,,,15352942.0,0.0004
31/12/2024,Care Super,Balanced,Cash,1,MSCI Inc,AUD,,N/A,,,,,58.0,0.0
31/12/2024,Care Super,Balanced,Cash,1,MSCI Inc,CAD,,N/A,,,,,-194605.0,0.0
31/12/2024,Care Super,Balanced,Cash,1,MSCI Inc,EUR,,N/A,,,,,546406.0,0.0
31/12/2024,Care Super,Balanced,Cash,1,MSCI Inc,GBP,,N/A,,,,,-84088.0,0.0
31/12/2024,Care Super,Balanced,Cash,1,MSCI Inc,JPY,,N/A,,,,,-168.0,0.0
31/12/2024,Care Super,Balanced,Cash,1,MSCI Inc,USD,,N/A,,,,,5032742.0,0.0001
31/12/2024,Care Super,Balanced,Cash,1,MUFG Bank Ltd,AUD,,N/A,,,,,179834754.0,0.0042
31/12/2024,Care Super,Balanced,Cash,1,National Australia Bank,AUD,,N/A,,,,,412350276.0,0.0097
31/12/2024,Care Super,Balanced,Cash,1,Hungarian National Bank,HUF,,N/A,,,,,1451473.0,0.0
31/12/2024,Care Super,Balanced,Cash,1,Norfina,AUD,,N/A,,,,,53710665.0,0.0013
31/12/2024,Care Super,Balanced,Cash,1,Sumitomo Mitsui Banking Corporation,AUD,,N/A,,,,,181398953.0,0.0043
31/12/2024,Care Super,Balanced,Cash,1,UBS,AUD,,N/A,,,,,9248202.0,0.0002
31/12/2024,Care Super,Balanced,Cash,1,UBS,USD,,N/A,,,,,1368136.0,0.0
31/12/2024,Care Super,Balanced,Cash,1,Wells Fargo,USD,,N/A,,,,,4298334.0,0.0001
31/12/2024,Care Super,Balanced,Cash,1,Westpac Banking Corporation,AUD,,N/A,,,,,276736523.0,0.0065
31/12/2024,Care Super,Balanced,Cash,1,Westpac Banking Corporation,USD,,N/A,,,,,-206010.0,0.0
31/12/2024,Care Super,Balanced,Cash,1,Sub Total,,,N/A,,,,,3651069396.0,0.0861
31/12/2024,Care Super,Balanced,Fixed Income,1,"Apollo Global Management, LLC",,,N/A,,,,,161325379.0,0.0038
31/12/2024,Care Super,Balanced,Fixed Income,1,"Bain Capital Credit, LP",,,N/A,,,,,678107650.0,0.016
31/12/2024,Care Super,Balanced,Fixed Income,1,Barings LLC,,,N/A,,,,,2380492.0,0.0001
31/12/2024,Care Super,Balanced,Fixed Income,1,Capula Investment Management LLP,,,N/A,,,,,385866573.0,0.0091
31/12/2024,Care Super,Balanced,Fixed Income,1,Citigroup Global Market Australia Pty Ltd,,,N/A,,,,,1129968984.0,0.0266999999999999
31/12/2024,Care Super,Balanced,Fixed Income,1,Coolabah Capital Institutional Investments Pty Ltd,,,N/A,,,,,371358069.0,0.0088
31/12/2024,Care Super,Balanced,Fixed Income,1,"Elementum Advisors, LLC",,,N/A,,,,,239240132.0,0.0056
31/12/2024,Care Super,Balanced,Fixed Income,1,"Fermat Capital Management, LLC",,,N/A,,,,,304426507.0,0.0072
31/12/2024,Care Super,Balanced,Fixed Income,1,Hayfin Management limited,,,N/A,,,,,11079214.0,0.0003
31/12/2024,Care Super,Balanced,Fixed Income,1,IFM Investors Pty Ltd,,,N/A,,,,,6950602.0,0.0002
31/12/2024,Care Super,Balanced,Fixed Income,1,Jamieson Coote Bonds Pty Ltd,,,N/A,,,,,635572105.0,0.015
31/12/2024,Care Super,Balanced,Fixed Income,1,Janus Henderson Investors (Australia) Institutional Funds Management Limited,,,N/A,,,,,631650774.0,0.0149
31/12/2024,Care Super,Balanced,Fixed Income,1,JPMorgan Asset Management (Australia) Limited,,,N/A,,,,,113107911.0,0.0027
31/12/2024,Care Super,Balanced,Fixed Income,1,"Marathon Asset Management, L.P.",,,N/A,,,,,790847662.0,0.0187
31/12/2024,Care Super,Balanced,Fixed Income,1,Metrics Credit Partners Pty Ltd,,,N/A,,,,,298588056.0,0.0069999999999999
31/12/2024,Care Super,Balanced,Fixed Income,1,Partners Group Holding AG,,,N/A,,,,,8803437.0,0.0002
31/12/2024,Care Super,Balanced,Fixed Income,1,PIMCO Australia Pty Ltd,,,N/A,,,,,422099785.0,0.01
31/12/2024,Care Super,Balanced,Fixed Income,1,QIC Limited,,,N/A,,,,,135509409.0,0.0032
31/12/2024,Care Super,Balanced,Fixed Income,1,"Shenkman Capital Management, Inc",,,N/A,,,,,530015057.0,0.0125
31/12/2024,Care Super,Balanced,Fixed Income,1,State Street Bank and Trust Company,,,N/A,,,,,3744.0,0.0
31/12/2024,Care Super,Balanced,Fixed Income,1,TCW Asset Management Company LLC,,,N/A,,,,,585733119.0,0.0138
31/12/2024,Care Super,Balanced,Fixed Income,1,Sub Total,,,N/A,,,,,7442634664.0,0.1755999999999999
31/12/2024,Care Super,Balanced,Listed Equity,1,3i Group PLC,,III,BB Ticker,LN,109771.0,,,7913584.0,0.0002
31/12/2024,Care Super,Balanced,Listed Equity,1,3M Co,,MMM,BB Ticker,US,31378.0,,,6542247.0,0.0002
31/12/2024,Care Super,Balanced,Listed Equity,1,A O Smith Corp,,AOS,BB Ticker,US,18472.0,,,2035056.0,0.0
31/12/2024,Care Super,Balanced,Listed Equity,1,a2 Milk Co Ltd/The,,A2M,BB Ticker,AU,4179644.0,,,24158341.0,0.0006
31/12/2024,Care Super,Balanced,Listed Equity,1,A2A SpA,,A2A,BB Ticker,IM,734539.0,,,2635095.0,0.0001
31/12/2024,Care Super,Balanced,Listed Equity,1,AAC Technologies Holdings Inc,,2018,BB Ticker,HK,403516.0,,,3146226.0,0.0001
31/12/2024,Care Super,Balanced,Listed Equity,1,ABB Ltd,,ABBN,BB Ticker,SW,124208.0,,,10862266.0,0.0003
31/12/2024,Care Super,Balanced,Listed Equity,1,Abbott Laboratories,,ABT,BB Ticker,US,37532.0,,,6856614.0,0.0002
31/12/2024,Care Super,Balanced,Listed Equity,1,AbbVie Inc,,ABBV,BB Ticker,US,91557.0,,,26277431.0,0.0006
31/12/2024,Care Super,Balanced,Listed Equity,1,ABN AMRO Bank NV,,ABN,BB Ticker,,259927.0,,,6472933.0,0.0002
31/12/2024,Care Super,Balanced,Listed Equity,1,Abu Dhabi Commercial Bank PJSC,,ADCB,BB Ticker,UH,571402.0,,,2618102.0,0.0001
31/12/2024,Care Super,Balanced,Listed Equity,1,Abu Dhabi Islamic Bank PJSC,,ADIB,BB Ticker,UH,223291.0,,,1356924.0,0.0
31/12/2024,Care Super,Balanced,Listed Equity,1,Accent Group Ltd,,AX1,BB Ticker,AU,70732.0,,,165513.0,0.0
31/12/2024,Care Super,Balanced,Listed Equity,1,Accenture PLC,,ACN,BB Ticker,US,40385.0,,,22946131.0,0.0005
31/12/2024,Care Super,Balanced,Listed Equity,1,Accton Technology Corp,,2345,BB Ticker,TT,95886.0,,,3651497.0,0.0001
31/12/2024,Care Super,Balanced,Listed Equity,1,ACS Actividades de Construccion y Servicios SA,,ACS,BB Ticker,SM,9176.0,,,743396.0,0.0
31/12/2024,Care Super,Balanced,Listed Equity,1,Acuity Brands Inc,,AYI,BB Ticker,US,5943.0,,,2804265.0,0.0001
31/12/2024,Care Super,Balanced,Listed Equity,1,Adairs Ltd,,ADH,BB Ticker,AU,31874.0,,,86059.0,0.0
31/12/2024,Care Super,Balanced,Listed Equity,1,adidas AG,,ADS,BB Ticker,GR,3467.0,,,1372989.0,0.0
31/12/2024,Care Super,Balanced,Listed Equity,1,Adnoc Gas PLC,,ADNOCGAS,BB Ticker,UH,1458562.0,,,2251175.0,0.0001
31/12/2024,Care Super,Balanced,Listed Equity,1,ADNOC Logistics & Services,,ADNOCLS,BB Ticker,UH,105983.0,,,253054.0,0.0
31/12/2024,Care Super,Balanced,Listed Equity,1,Adobe Inc,,ADBE,BB Ticker,US,78112.0,,,56100565.0,0.0013
31/12/2024,Care Super,Balanced,Listed Equity,1,Adriatic Metals PLC,,ADT,BB Ticker,AU,56209.0,,,219215.0,0.0
31/12/2024,Care Super,Balanced,Listed Equity,1,Advanced Micro Devices Inc,,AMD,BB Ticker,US,112952.0,,,22035737.0,0.0005
31/12/2024,Care Super,Balanced,Listed Equity,1,Advantech Co Ltd,,2395,BB Ticker,TT,312601.0,,,5336160.0,0.0001
31/12/2024,Care Super,Balanced,Listed Equity,1,Advantest Corp,,6857,BB Ticker,JP,77215.0,,,7298911.0,0.0002
31/12/2024,Care Super,Balanced,Listed Equity,1,Adyen NV,,ADYEN,BB Ticker,,12015.0,,,28876440.0,0.0007
31/12/2024,Care Super,Balanced,Listed Equity,1,Aena SME SA,,AENA,BB Ticker,SM,945.0,,,311848.0,0.0
31/12/2024,Care Super,Balanced,Listed Equity,1,AerCap Holdings NV,,AER,BB Ticker,US,85981.0,,,13289837.0,0.0003
31/12/2024,Care Super,Balanced,Listed Equity,1,Aeroports de Paris SA,,ADP,BB Ticker,FP,372.0,,,69545.0,0.0
31/12/2024,Care Super,Balanced,Listed Equity,1,Aflac Inc,,AFL,BB Ticker,US,10757.0,,,1797165.0,0.0
31/12/2024,Care Super,Balanced,Listed Equity,1,Agilent Technologies Inc,,A,BB Ticker,US,1682.0,,,364917.0,0.0
31/12/2024,Care Super,Balanced,Listed Equity,1,AGL Energy Ltd,,AGL,BB Ticker,AU,927531.0,,,10471826.0,0.0002
31/12/2024,Care Super,Balanced,Listed Equity,1,Agnico Eagle Mines Limited/Mines Agnico Eagle Limitee,,AEM,BB Ticker,CN,35581.0,,,4493659.0,0.0001
31/12/2024,Care Super,Balanced,Listed Equity,1,AIA Group Ltd,,1299,BB Ticker,HK,3642314.0,,,42636694.0,0.001
31/12/2024,Care Super,Balanced,Listed Equity,1,AIB Group PLC,,AIBG,BB Ticker,ID,28044.0,,,249992.0,0.0
31/12/2024,Care Super,Balanced,Listed Equity,1,Aier Eye Hospital Group Co Ltd,,300015,BB Ticker,C2,55764.0,,,163491.0,0.0
31/12/2024,Care Super,Balanced,Listed Equity,1,Air Canada,,AC,BB Ticker,CN,16196.0,,,404875.0,0.0
31/12/2024,Care Super,Balanced,Listed Equity,1,Air Liquide SA,,AI,BB Ticker,FP,11288.0,,,2962380.0,0.0001
31/12/2024,Care Super,Balanced,Listed Equity,1,Airbnb Inc,,ABNB,BB Ticker,US,106510.0,,,22605922.0,0.0005
31/12/2024,Care Super,Balanced,Listed Equity,1,Airbus SE,,AIR,BB Ticker,FP,60780.0,,,15733618.0,0.0004
31/12/2024,Care Super,Balanced,Listed Equity,1,Airtac International Group,,1590,BB Ticker,TT,64337.0,,,2675081.0,0.0001
31/12/2024,Care Super,Balanced,Listed Equity,1,Ajinomoto Co Inc,,2802,SEDOL,JP,6620.0,,,438976.0,0.0
31/12/2024,Care Super,Balanced,Listed Equity,1,Akamai Technologies Inc,,AKAM,BB Ticker,US,14730.0,,,2275518.0,0.0001
31/12/2024,Care Super,Balanced,Listed Equity,1,Akbank TAS,,AKBNK,BB Ticker,TI,8775.0,,,25992.0,0.0
31/12/2024,Care Super,Balanced,Listed Equity,1,Al Rajhi Bank,,RJHI,BB Ticker,AB,83501.0,,,3395487.0,0.0001
31/12/2024,Care Super,Balanced,Listed Equity,1,Al Rajhi Co for Co-operative Insurance,,ARCCI,BB Ticker,AB,3760.0,,,277329.0,0.0
31/12/2024,Care Super,Balanced,Listed Equity,1,Albertsons Cos Inc,,ACI,BB Ticker,US,5317.0,,,168663.0,0.0
31/12/2024,Care Super,Balanced,Listed Equity,1,Alcoa Corp,,AAI,BB Ticker,AU,847287.0,,,50261048.0,0.0012
31/12/2024,Care Super,Balanced,Listed Equity,1,Alcoa Corp,,AA,BB Ticker,US,114291.0,,,6973945.0,0.0002
31/12/2024,Care Super,Balanced,Listed Equity,1,Alcon Inc,,ALC,BB Ticker,SW,175103.0,,,23998089.0,0.0006
31/12/2024,Care Super,Balanced,Listed Equity,1,Alfresa Holdings Corp,,2784,BB Ticker,JP,400.0,,,8894.0,0.0
31/12/2024,Care Super,Balanced,Listed Equity,1,Algonquin Power & Utilities Corp,,AQN,BB Ticker,CN,8836.0,,,63310.0,0.0
31/12/2024,Care Super,Balanced,Listed Equity,1,Alibaba Group Holding Ltd,,BABA,BB Ticker,US,33025.0,,,4522634.0,0.0001
31/12/2024,Care Super,Balanced,Listed Equity,1,Alibaba Group Holding Ltd,,9988,SEDOL,HK,1684531.0,,,28860507.0,0.0007
31/12/2024,Care Super,Balanced,Listed Equity,1,Align Technology Inc,,ALGN,BB Ticker,US,26868.0,,,9048295.0,0.0002
31/12/2024,Care Super,Balanced,Listed Equity,1,Allegion plc,,ALLE,BB Ticker,US,87110.0,,,18385780.0,0.0004
31/12/2024,Care Super,Balanced,Listed Equity,1,Allegro.eu SA,,ALE,BB Ticker,PW,90336.0,,,956535.0,0.0
31/12/2024,Care Super,Balanced,Listed Equity,1,ALLETE Inc,,ALE,BB Ticker,US,686.0,,,71789.0,0.0
31/12/2024,Care Super,Balanced,Listed Equity,1,Alliance Aviation Services Ltd,,AQZ,BB Ticker,AU,1422167.0,,,4223835.0,0.0001
31/12/2024,Care Super,Balanced,Listed Equity,1,Alliant Energy Corp,,LNT,BB Ticker,US,2922.0,,,279096.0,0.0
31/12/2024,Care Super,Balanced,Listed Equity,1,Allianz SE,,ALV,BB Ticker,GR,39841.0,,,19716529.0,0.0005
31/12/2024,Care Super,Balanced,Listed Equity,1,Ally Financial Inc,,ALLY,BB Ticker,US,210681.0,,,12253285.0,0.0003
31/12/2024,Care Super,Balanced,Listed Equity,1,Alnylam Pharmaceuticals Inc,,ALNY,BB Ticker,US,10864.0,,,4129042.0,0.0001
31/12/2024,Care Super,Balanced,Listed Equity,1,Alpha Dhabi Holding PJSC,,ALPHADHA,BB Ticker,UH,944938.0,,,4944557.0,0.0001
31/12/2024,Care Super,Balanced,Listed Equity,1,Alpha HPA Ltd,,A4N,BB Ticker,AU,213646.0,,,190145.0,0.0
31/12/2024,Care Super,Balanced,Listed Equity,1,Alphabet Inc,,GOOGL,BB Ticker,US,589910.0,,,180360106.0,0.0043
31/12/2024,Care Super,Balanced,Listed Equity,1,Alphabet Inc,,GOOG,BB Ticker,US,516231.0,,,158783793.0,0.0037
31/12/2024,Care Super,Balanced,Listed Equity,1,Alps Alpine Co Ltd,,6770,BB Ticker,JP,19168.0,,,317648.0,0.0
31/12/2024,Care Super,Balanced,Listed Equity,1,ALS Ltd,,ALQ,BB Ticker,AU,2953403.0,,,44537317.0,0.0011
31/12/2024,Care Super,Balanced,Listed Equity,1,Amadeus IT Group SA,,AMS,BB Ticker,SM,53032.0,,,6048909.0,0.0001
31/12/2024,Care Super,Balanced,Listed Equity,1,Amazon.com Inc,,AMZN,BB Ticker,US,860213.0,,,304808515.0,0.0072
31/12/2024,Care Super,Balanced,Listed Equity,1,Ambev SA,,ABEV,BB Ticker,US,4437468.0,,,13259008.0,0.0003
31/12/2024,Care Super,Balanced,Listed Equity,1,Ambev SA,,ABEV3,BB Ticker,BZ,157658.0,,,483894.0,0.0
31/12/2024,Care Super,Balanced,Listed Equity,1,Amcor PLC,,AMC,BB Ticker,AU,3228288.0,,,48327480.0,0.0011
31/12/2024,Care Super,Balanced,Listed Equity,1,Amdocs Ltd,,DOX,BB Ticker,US,52975.0,,,7284716.0,0.0002
31/12/2024,Care Super,Balanced,Listed Equity,1,Ameren Corp,,AEE,BB Ticker,US,3096.0,,,445760.0,0.0
31/12/2024,Care Super,Balanced,Listed Equity,1,America Movil SAB de CV,,AMXB,BB Ticker,MM,2768013.0,,,3214412.0,0.0001
31/12/2024,Care Super,Balanced,Listed Equity,1,American Electric Power Co Inc,,AEP,BB Ticker,US,77987.0,,,11617123.0,0.0003
31/12/2024,Care Super,Balanced,Listed Equity,1,American Express Co,,AXP,BB Ticker,US,126091.0,,,60442030.0,0.0014
31/12/2024,Care Super,Balanced,Listed Equity,1,American International Group Inc,,AIG,BB Ticker,US,58504.0,,,6878965.0,0.0002
31/12/2024,Care Super,Balanced,Listed Equity,1,American States Water Co,,AWR,BB Ticker,US,416.0,,,52198.0,0.0
31/12/2024,Care Super,Balanced,Listed Equity,1,American Water Works Co Inc,,AWK,BB Ticker,US,2273.0,,,457067.0,0.0
31/12/2024,Care Super,Balanced,Listed Equity,1,Ameriprise Financial Inc,,AMP,BB Ticker,US,13272.0,,,11413386.0,0.0003
31/12/2024,Care Super,Balanced,Listed Equity,1,Amgen Inc,,AMGN,BB Ticker,US,29401.0,,,12376647.0,0.0003
31/12/2024,Care Super,Balanced,Listed Equity,1,Amotiv Ltd,,AOV,BB Ticker,AU,1511113.0,,,16017800.0,0.0004
31/12/2024,Care Super,Balanced,Listed Equity,1,AMP Ltd,,AMP,BB Ticker,AU,16807286.0,,,26639548.0,0.0006
31/12/2024,Care Super,Balanced,Listed Equity,1,Amphenol Corp,,APH,BB Ticker,US,22949.0,,,2574177.0,0.0001
31/12/2024,Care Super,Balanced,Listed Equity,1,Amplitude Energy Ltd,,AEL,BB Ticker,AU,4840618.0,,,992327.0,0.0
31/12/2024,Care Super,Balanced,Listed Equity,1,Ampol Ltd,,ALD,BB Ticker,AU,2593728.0,,,73117184.0,0.0017
31/12/2024,Care Super,Balanced,Listed Equity,1,Amundi SA,,AMUN,BB Ticker,FP,100872.0,,,10830753.0,0.0003
31/12/2024,Care Super,Balanced,Listed Equity,1,ANA Holdings Inc,,9202,BB Ticker,JP,24788.0,,,729968.0,0.0
31/12/2024,Care Super,Balanced,Listed Equity,1,Analog Devices Inc,,ADI,BB Ticker,US,40933.0,,,14046033.0,0.0003
31/12/2024,Care Super,Balanced,Listed Equity,1,ANDRITZ AG,,ANDR,BB Ticker,AV,2454.0,,,201037.0,0.0
31/12/2024,Care Super,Balanced,Listed Equity,1,Anglo American Platinum Ltd,,AMS,BB Ticker,SJ,65342.0,,,3181977.0,0.0001
31/12/2024,Care Super,Balanced,Listed Equity,1,Anheuser-Busch InBev SA/NV,,ABI,BB Ticker,BB,37874.0,,,3056268.0,0.0001
31/12/2024,Care Super,Balanced,Listed Equity,1,Anritsu Corp,,6754,BB Ticker,JP,2181.0,,,31608.0,0.0
31/12/2024,Care Super,Balanced,Listed Equity,1,Ansell Ltd,,ANN,BB Ticker,AU,476507.0,,,16115471.0,0.0004
31/12/2024,Care Super,Balanced,Listed Equity,1,ANSYS Inc,,ANSS,BB Ticker,US,29341.0,,,15985786.0,0.0004
31/12/2024,Care Super,Balanced,Listed Equity,1,ANZ Group Holdings Ltd,,ANZ,BB Ticker,AU,6901147.0,,,196958728.0,0.0046
31/12/2024,Care Super,Balanced,Listed Equity,1,Aon PLC,,AON,BB Ticker,US,35041.0,,,20326856.0,0.0005
31/12/2024,Care Super,Balanced,Listed Equity,1,AP Moller - Maersk A/S,,MAERSKB,BB Ticker,DC,221.0,,,590101.0,0.0
31/12/2024,Care Super,Balanced,Listed Equity,1,AP Moller - Maersk A/S,,MAERSKA,BB Ticker,DC,137.0,,,354639.0,0.0
31/12/2024,Care Super,Balanced,Listed Equity,1,APA Corp,,APA,BB Ticker,US,33786.0,,,1259967.0,0.0
31/12/2024,Care Super,Balanced,Listed Equity,1,Apple Inc,,AAPL,BB Ticker,US,706544.0,,,285767163.0,0.0067
31/12/2024,Care Super,Balanced,Listed Equity,1,Applied Materials Inc,,AMAT,BB Ticker,US,171783.0,,,45121697.0,0.0011
31/12/2024,Care Super,Balanced,Listed Equity,1,AppLovin Corp,,APP,BB Ticker,US,49975.0,,,26137963.0,0.0006
31/12/2024,Care Super,Balanced,Listed Equity,1,Aptiv PLC,,APTV,BB Ticker,US,41432.0,,,4047187.0,0.0001
31/12/2024,Care Super,Balanced,Listed Equity,1,Arab National Bank,,ARNB,BB Ticker,AB,53628.0,,,485931.0,0.0
31/12/2024,Care Super,Balanced,Listed Equity,1,Arafura Rare Earths Ltd,,ARU,BB Ticker,AU,468743.0,,,53905.0,0.0
31/12/2024,Care Super,Balanced,Listed Equity,1,Aramark,,ARMK,BB Ticker,US,61500.0,,,3705969.0,0.0001
31/12/2024,Care Super,Balanced,Listed Equity,1,ARB Corp Ltd,,ARB,BB Ticker,AU,102212.0,,,4150809.0,0.0001
31/12/2024,Care Super,Balanced,Listed Equity,1,ARC Resources Ltd,,ARX,BB Ticker,CN,39781.0,,,1164663.0,0.0
31/12/2024,Care Super,Balanced,Listed Equity,1,Arca Continental SAB de CV,,AC*,Other,MM,129296.0,,,1734888.0,0.0
31/12/2024,Care Super,Balanced,Listed Equity,1,Arcadium Lithium PLC,,LTM,BB Ticker,AU,54798.0,,,449340.0,0.0
31/12/2024,Care Super,Balanced,Listed Equity,1,ArcelorMittal SA,,MT,BB Ticker,,308556.0,,,11574899.0,0.0003
31/12/2024,Care Super,Balanced,Listed Equity,1,Arch Capital Group Ltd,,ACGL,BB Ticker,US,58209.0,,,8682189.0,0.0002
31/12/2024,Care Super,Balanced,Listed Equity,1,Ares Management Corp,,ARES,BB Ticker,US,38002.0,,,10865646.0,0.0003
31/12/2024,Care Super,Balanced,Listed Equity,1,Arhaus Inc,,ARHS,BB Ticker,US,261449.0,,,3969340.0,0.0001
31/12/2024,Care Super,Balanced,Listed Equity,1,Arista Networks Inc,,ANET,BB Ticker,US,138013.0,,,24637912.0,0.0006
31/12/2024,Care Super,Balanced,Listed Equity,1,Aristocrat Leisure Ltd,,ALL,BB Ticker,AU,2534086.0,,,173230151.0,0.0040999999999999
31/12/2024,Care Super,Balanced,Listed Equity,1,Armstrong World Industries Inc,,AWI,BB Ticker,US,5286.0,,,1206677.0,0.0
31/12/2024,Care Super,Balanced,Listed Equity,1,ASE Technology Holding Co Ltd,,3711,BB Ticker,TT,270971.0,,,2162587.0,0.0001
31/12/2024,Care Super,Balanced,Listed Equity,1,Aselsan Elektronik Sanayi Ve Ticaret AS,,ASELS,BB Ticker,TI,57501.0,,,190415.0,0.0
31/12/2024,Care Super,Balanced,Listed Equity,1,Ashtead Group PLC,,AHT,BB Ticker,LN,89919.0,,,9030592.0,0.0002
31/12/2024,Care Super,Balanced,Listed Equity,1,Asia Vital Components Co Ltd,,3017,BB Ticker,TT,15396.0,,,472540.0,0.0
31/12/2024,Care Super,Balanced,Listed Equity,1,Asics Corp,,7936,BB Ticker,JP,77648.0,,,2481715.0,0.0001
31/12/2024,Care Super,Balanced,Listed Equity,1,ASML Holding NV,,ASML,BB Ticker,,80113.0,,,90936340.0,0.0021
31/12/2024,Care Super,Balanced,Listed Equity,1,ASPEED Technology Inc,,5274,BB Ticker,TT,51320.0,,,8406535.0,0.0002
31/12/2024,Care Super,Balanced,Listed Equity,1,Aspen Pharmacare Holdings Ltd,,APN,BB Ticker,SJ,43128.0,,,608528.0,0.0
31/12/2024,Care Super,Balanced,Listed Equity,1,ASR Nederland NV,,ASRNL,BB Ticker,,8636.0,,,661197.0,0.0
31/12/2024,Care Super,Balanced,Listed Equity,1,Assa Abloy AB,,ASSAB,BB Ticker,SS,21933.0,,,1047723.0,0.0
31/12/2024,Care Super,Balanced,Listed Equity,1,Associated British Foods PLC,,ABF,BB Ticker,LN,19067.0,,,787938.0,0.0
31/12/2024,Care Super,Balanced,Listed Equity,1,Assurant Inc,,AIZ,BB Ticker,US,13040.0,,,4490609.0,0.0001
31/12/2024,Care Super,Balanced,Listed Equity,1,Assured Guaranty Ltd,,AGO,BB Ticker,US,4587.0,,,666889.0,0.0
31/12/2024,Care Super,Balanced,Listed Equity,1,AstraZeneca PLC,,AZN,BB Ticker,LN,99862.0,,,21145110.0,0.0005
31/12/2024,Care Super,Balanced,Listed Equity,1,Asustek Computer Inc,,2357,BB Ticker,TT,76258.0,,,2314202.0,0.0001
31/12/2024,Care Super,Balanced,Listed Equity,1,ASX Ltd,,ASX,BB Ticker,AU,180866.0,,,11770785.0,0.0003
31/12/2024,Care Super,Balanced,Listed Equity,1,AT&T Inc,,T,BB Ticker,US,400228.0,,,14718891.0,0.0003
31/12/2024,Care Super,Balanced,Listed Equity,1,Atco Ltd/Canada,,ACO/X,BB Ticker,CN,897.0,,,47951.0,0.0
31/12/2024,Care Super,Balanced,Listed Equity,1,ATI Inc,,ATI,BB Ticker,US,21345.0,,,1897452.0,0.0
31/12/2024,Care Super,Balanced,Listed Equity,1,Atlas Copco AB,,ATCOBS,BB Ticker,M0,39739.0,,,868119.0,0.0
31/12/2024,Care Super,Balanced,Listed Equity,1,Atlas Copco AB,,ATCOA,BB Ticker,SS,69625.0,,,1718453.0,0.0
31/12/2024,Care Super,Balanced,Listed Equity,1,Atlas Copco AB,,ATCOB,BB Ticker,SS,84989.0,,,1856640.0,0.0
31/12/2024,Care Super,Balanced,Listed Equity,1,Atlassian Corp,,TEAM,BB Ticker,US,78909.0,,,31018098.0,0.0007
31/12/2024,Care Super,Balanced,Listed Equity,1,Atmos Energy Corp,,ATO,BB Ticker,US,31579.0,,,7103327.0,0.0002
31/12/2024,Care Super,Balanced,Listed Equity,1,AU Small Finance Bank Ltd,,AUBANK,BB Ticker,IN,929477.0,,,9803673.0,0.0002
31/12/2024,Care Super,Balanced,Listed Equity,1,AUB Group Ltd,,AUB,BB Ticker,AU,370928.0,,,11572950.0,0.0003
31/12/2024,Care Super,Balanced,Listed Equity,1,Auckland International Airport Ltd,,AIA,BB Ticker,NZ,19264.0,,,151651.0,0.0
31/12/2024,Care Super,Balanced,Listed Equity,1,Auckland International Airport Ltd,,AIA,BB Ticker,AU,1250069.0,,,9700536.0,0.0002
31/12/2024,Care Super,Balanced,Listed Equity,1,Audinate Group Ltd,,AD8,BB Ticker,AU,13277.0,,,98383.0,0.0
31/12/2024,Care Super,Balanced,Listed Equity,1,Aurizon Holdings Ltd,,AZJ,BB Ticker,AU,5941325.0,,,19309305.0,0.0005
31/12/2024,Care Super,Balanced,Listed Equity,1,Aurora Solar Technologies Inc,,ACU,BB Ticker,CN,12352779.0,,,312128.0,0.0
31/12/2024,Care Super,Balanced,Listed Equity,1,Aussie Broadband Ltd,,ABB,BB Ticker,AU,4410121.0,,,15788232.0,0.0004
31/12/2024,Care Super,Balanced,Listed Equity,1,Austal Ltd,,ASB,BB Ticker,AU,47954.0,,,148657.0,0.0
31/12/2024,Care Super,Balanced,Listed Equity,1,Austin Engineering Ltd,,ANG,BB Ticker,AU,4416658.0,,,2252496.0,0.0001
31/12/2024,Care Super,Balanced,Listed Equity,1,Australian Clinical Labs Ltd,,ACL,BB Ticker,AU,19553.0,,,67264.0,0.0
31/12/2024,Care Super,Balanced,Listed Equity,1,Australian Ethical Investment Ltd,,AEF,BB Ticker,AU,29259.0,,,157415.0,0.0
31/12/2024,Care Super,Balanced,Listed Equity,1,Australian Finance Group Ltd,,AFG,BB Ticker,AU,56861.0,,,85860.0,0.0
31/12/2024,Care Super,Balanced,Listed Equity,1,Auto Trader Group PLC,,AUTO,BB Ticker,LN,58841.0,,,943852.0,0.0
31/12/2024,Care Super,Balanced,Listed Equity,1,Autodesk Inc,,ADSK,BB Ticker,US,88349.0,,,42175918.0,0.001
31/12/2024,Care Super,Balanced,Listed Equity,1,Autohome Inc,,ATHM,BB Ticker,US,6163.0,,,258311.0,0.0
31/12/2024,Care Super,Balanced,Listed Equity,1,Autoliv Inc,,ALIV,BB Ticker,SS,5774.0,,,866064.0,0.0
31/12/2024,Care Super,Balanced,Listed Equity,1,Automatic Data Processing Inc,,ADP,BB Ticker,US,69035.0,,,32639162.0,0.0008
31/12/2024,Care Super,Balanced,Listed Equity,1,AutoZone Inc,,AZO,BB Ticker,US,402.0,,,2078028.0,0.0
31/12/2024,Care Super,Balanced,Listed Equity,1,Avery Dennison Corp,,AVY,BB Ticker,US,4808.0,,,1453274.0,0.0
31/12/2024,Care Super,Balanced,Listed Equity,1,Avista Corp,,AVA,BB Ticker,US,942.0,,,55716.0,0.0
31/12/2024,Care Super,Balanced,Listed Equity,1,Aviva PLC,,AV/,BB Ticker,LN,3076.0,,,29172.0,0.0
31/12/2024,Care Super,Balanced,Listed Equity,1,Avnet Inc,,AVT,BB Ticker,US,133530.0,,,11283702.0,0.0003
31/12/2024,Care Super,Balanced,Listed Equity,1,AXA SA,,CS,BB Ticker,FP,27911.0,,,1602026.0,0.0
31/12/2024,Care Super,Balanced,Listed Equity,1,Axis Bank Ltd,,AXSB,BB Ticker,IN,608357.0,,,12219307.0,0.0003
31/12/2024,Care Super,Balanced,Listed Equity,1,Axis Capital Holdings Ltd,,AXS,BB Ticker,US,4781.0,,,684357.0,0.0
31/12/2024,Care Super,Balanced,Listed Equity,1,Axon Enterprise Inc,,AXON,BB Ticker,US,3240.0,,,3110203.0,0.0001
31/12/2024,Care Super,Balanced,Listed Equity,1,B3 SA - Brasil Bolsa Balcao,,B3SA3,BB Ticker,BZ,418388.0,,,1128822.0,0.0
31/12/2024,Care Super,Balanced,Listed Equity,1,Bachem Holding AG,,BANB,BB Ticker,SW,5245.0,,,541201.0,0.0
31/12/2024,Care Super,Balanced,Listed Equity,1,BAE Systems PLC,,BA/,BB Ticker,LN,38538.0,,,895289.0,0.0
31/12/2024,Care Super,Balanced,Listed Equity,1,Baidu Inc,,BIDU,BB Ticker,US,17698.0,,,2409948.0,0.0001
31/12/2024,Care Super,Balanced,Listed Equity,1,Baidu Inc,,9888,BB Ticker,HK,28901.0,,,496961.0,0.0
31/12/2024,Care Super,Balanced,Listed Equity,1,Baillie Gifford Worldwide Positive Change Fund,,BGWPCAA,BB Ticker,ID,102953.0,,,2720943.0,0.0001
31/12/2024,Care Super,Balanced,Listed Equity,1,Bajaj Auto Ltd,,BJAUT,BB Ticker,IN,1048.0,,,173907.0,0.0
31/12/2024,Care Super,Balanced,Listed Equity,1,Baker Hughes Co,,BKR,BB Ticker,US,376860.0,,,24967776.0,0.0006
31/12/2024,Care Super,Balanced,Listed Equity,1,Balchem Corp,,BCPC,BB Ticker,US,19686.0,,,5182371.0,0.0001
31/12/2024,Care Super,Balanced,Listed Equity,1,Ball Corp,,BALL,BB Ticker,US,26971.0,,,2401519.0,0.0001
31/12/2024,Care Super,Balanced,Listed Equity,1,Banco Bilbao Vizcaya Argentaria SA,,BBVA,BB Ticker,SM,229771.0,,,3632225.0,0.0001
31/12/2024,Care Super,Balanced,Listed Equity,1,Banco BPM SpA,,BAMI,BB Ticker,IM,199479.0,,,2606241.0,0.0001
31/12/2024,Care Super,Balanced,Listed Equity,1,Banco Bradesco SA,,BBDC3,BB Ticker,BZ,783848.0,,,2180421.0,0.0001
31/12/2024,Care Super,Balanced,Listed Equity,1,Banco Bradesco SA,,BBDC4,BB Ticker,BZ,74765.0,,,225956.0,0.0
31/12/2024,Care Super,Balanced,Listed Equity,1,Banco BTG Pactual SA,,BPAC11,BB Ticker,BZ,607944.0,,,4323140.0,0.0001
31/12/2024,Care Super,Balanced,Listed Equity,1,Banco de Chile,,BCH,BB Ticker,US,22325.0,,,817769.0,0.0
31/12/2024,Care Super,Balanced,Listed Equity,1,Banco do Brasil SA,,BBAS3,BB Ticker,BZ,1049684.0,,,6632875.0,0.0002
31/12/2024,Care Super,Balanced,Listed Equity,1,Banco Santander SA,,SAN,BB Ticker,SM,1506863.0,,,11251248.0,0.0003
31/12/2024,Care Super,Balanced,Listed Equity,1,Bancolombia SA,,BCOLO,BB Ticker,CB,28074.0,,,386981.0,0.0
31/12/2024,Care Super,Balanced,Listed Equity,1,Bancolombia SA,,PFBCOLO,BB Ticker,CB,65119.0,,,839867.0,0.0
31/12/2024,Care Super,Balanced,Listed Equity,1,Bangkok Dusit Medical Services PCL,,BDMS/F,BB Ticker,TB,1695140.0,,,1967366.0,0.0
31/12/2024,Care Super,Balanced,Listed Equity,1,Bank AlBilad,,ALBI,BB Ticker,AB,10362.0,,,173927.0,0.0
31/12/2024,Care Super,Balanced,Listed Equity,1,Bank Central Asia Tbk PT,,BBCA,BB Ticker,IJ,17926066.0,,,17404001.0,0.0004
31/12/2024,Care Super,Balanced,Listed Equity,1,Bank Leumi Le-Israel BM,,LUMI,BB Ticker,IT,52517.0,,,1009145.0,0.0
31/12/2024,Care Super,Balanced,Listed Equity,1,Bank Mandiri Persero Tbk PT,,BMRI,BB Ticker,IJ,19210384.0,,,10988136.0,0.0003
31/12/2024,Care Super,Balanced,Listed Equity,1,Bank of America Corp,,BAC,BB Ticker,US,571112.0,,,40540063.0,0.001
31/12/2024,Care Super,Balanced,Listed Equity,1,Bank of China Ltd,,3988,BB Ticker,HK,6728051.0,,,5553637.0,0.0001
31/12/2024,Care Super,Balanced,Listed Equity,1,Bank of New York Mellon Corp/The,,BK,BB Ticker,US,88872.0,,,11028054.0,0.0003
31/12/2024,Care Super,Balanced,Listed Equity,1,Bank of Ningbo Co Ltd,,002142,BB Ticker,C2,60353.0,,,324648.0,0.0
31/12/2024,Care Super,Balanced,Listed Equity,1,Bank of Nova Scotia/The,,BNS,BB Ticker,CN,40845.0,,,3540643.0,0.0001
31/12/2024,Care Super,Balanced,Listed Equity,1,Bank of Queensland Ltd,,BOQ,BB Ticker,AU,985406.0,,,6602217.0,0.0002
31/12/2024,Care Super,Balanced,Listed Equity,1,Bank of the Philippine Islands,,BPI,BB Ticker,PM,96348.0,,,328200.0,0.0
31/12/2024,Care Super,Balanced,Listed Equity,1,Bank OZK,,OZK,BB Ticker,US,97588.0,,,7018678.0,0.0002
31/12/2024,Care Super,Balanced,Listed Equity,1,Bank Polska Kasa Opieki SA,,PEO,BB Ticker,PW,11331.0,,,610969.0,0.0
31/12/2024,Care Super,Balanced,Listed Equity,1,Bank Rakyat Indonesia Persero Tbk PT,,BBRI,BB Ticker,IJ,54921.0,,,22486.0,0.0
31/12/2024,Care Super,Balanced,Listed Equity,1,Bapcor Ltd,,BAP,BB Ticker,AU,1373418.0,,,6482532.0,0.0002
31/12/2024,Care Super,Balanced,Listed Equity,1,Barclays PLC,,BARC,BB Ticker,LN,2618676.0,,,14203873.0,0.0003
31/12/2024,Care Super,Balanced,Listed Equity,1,Barratt Redrow PLC,,BTRW,BB Ticker,LN,253554.0,,,2257193.0,0.0001
31/12/2024,Care Super,Balanced,Listed Equity,1,Barrick Gold Corp,,ABX,BB Ticker,CN,43896.0,,,1098791.0,0.0
31/12/2024,Care Super,Balanced,Listed Equity,1,Barrick Gold Corp,,GOLD,BB Ticker,US,659552.0,,,16511441.0,0.0004
31/12/2024,Care Super,Balanced,Listed Equity,1,BASF SE,,BAS,BB Ticker,GR,245467.0,,,17431222.0,0.0004
31/12/2024,Care Super,Balanced,Listed Equity,1,Baxter International Inc,,BAX,BB Ticker,US,405681.0,,,19106280.0,0.0005
31/12/2024,Care Super,Balanced,Listed Equity,1,BayCurrent Inc,,6532,BB Ticker,JP,269419.0,,,14729987.0,0.0003
31/12/2024,Care Super,Balanced,Listed Equity,1,Bayerische Motoren Werke AG,,BMW,BB Ticker,GR,794.0,,,104939.0,0.0
31/12/2024,Care Super,Balanced,Listed Equity,1,BB Seguridade Participacoes SA,,BBSE3,BB Ticker,BZ,107323.0,,,1015143.0,0.0
31/12/2024,Care Super,Balanced,Listed Equity,1,BDO Unibank Inc,,BDO,BB Ticker,PM,58185.0,,,233943.0,0.0
31/12/2024,Care Super,Balanced,Listed Equity,1,Beach Energy Ltd,,BPT,BB Ticker,AU,2276236.0,,,3175350.0,0.0001
31/12/2024,Care Super,Balanced,Listed Equity,1,Bechtle AG,,BC8,BB Ticker,GR,6219.0,,,323448.0,0.0
31/12/2024,Care Super,Balanced,Listed Equity,1,Becton Dickinson & Co,,BDX,BB Ticker,US,40723.0,,,14921836.0,0.0004
31/12/2024,Care Super,Balanced,Listed Equity,1,Bega Cheese Ltd,,BGA,BB Ticker,AU,660072.0,,,3808613.0,0.0001
31/12/2024,Care Super,Balanced,Listed Equity,1,Beiersdorf AG,,BEI,BB Ticker,GR,139614.0,,,28953777.0,0.0007
31/12/2024,Care Super,Balanced,Listed Equity,1,BeiGene Ltd,,BGNE,BB Ticker,US,41582.0,,,12405160.0,0.0003
31/12/2024,Care Super,Balanced,Listed Equity,1,BeiGene Ltd,,688235,SEDOL,C1,46981.0,,,1673892.0,0.0
31/12/2024,Care Super,Balanced,Listed Equity,1,Beijing Oriental Yuhong Waterproof Technology Co Ltd,,002271,BB Ticker,C2,1708524.0,,,4907062.0,0.0001
31/12/2024,Care Super,Balanced,Listed Equity,1,Beijing-Shanghai High Speed Railway Co Ltd,,601816,BB Ticker,C1,175374.0,,,239041.0,0.0
31/12/2024,Care Super,Balanced,Listed Equity,1,Bellevue Gold Ltd,,BGL,BB Ticker,AU,4391745.0,,,4940714.0,0.0001
31/12/2024,Care Super,Balanced,Listed Equity,1,BellRing Brands Inc,,BRBR,BB Ticker,US,88871.0,,,10814097.0,0.0003
31/12/2024,Care Super,Balanced,Listed Equity,1,Bellway PLC,,BWY,BB Ticker,LN,11778.0,,,593707.0,0.0
31/12/2024,Care Super,Balanced,Listed Equity,1,Bendigo & Adelaide Bank Ltd,,BEN,BB Ticker,AU,983826.0,,,12888120.0,0.0003
31/12/2024,Care Super,Balanced,Listed Equity,1,Berkshire Hathaway Inc,,BRK/B,BB Ticker,US,48972.0,,,35852184.0,0.0008
31/12/2024,Care Super,Balanced,Listed Equity,1,Best Buy Co Inc,,BBY,BB Ticker,US,4416.0,,,611888.0,0.0
31/12/2024,Care Super,Balanced,Listed Equity,1,Betmakers Technology Group Ltd,,BET,BB Ticker,AU,4737259.0,,,497412.0,0.0
31/12/2024,Care Super,Balanced,Listed Equity,1,Bhagwan Marine Ltd,,BWN,BB Ticker,AU,2533933.0,,,1596378.0,0.0
31/12/2024,Care Super,Balanced,Listed Equity,1,Bharat Electronics Ltd,,BHE,BB Ticker,IN,569165.0,,,3147668.0,0.0001
31/12/2024,Care Super,Balanced,Listed Equity,1,Bharti Airtel Ltd,,BHARTI,BB Ticker,IN,555751.0,,,16646516.0,0.0004
31/12/2024,Care Super,Balanced,Listed Equity,1,BHP Group Ltd,,BHP,BB Ticker,AU,16339964.0,,,646245567.0,0.0152
31/12/2024,Care Super,Balanced,Listed Equity,1,Bid Corp Ltd,,BID,BB Ticker,SJ,107770.0,,,3971679.0,0.0001
31/12/2024,Care Super,Balanced,Listed Equity,1,Bilibili Inc,,BILI,BB Ticker,US,16947.0,,,495686.0,0.0
31/12/2024,Care Super,Balanced,Listed Equity,1,Biogen Inc,,BIIB,BB Ticker,US,25726.0,,,6353787.0,0.0001
31/12/2024,Care Super,Balanced,Listed Equity,1,BioMerieux,,BIM,BB Ticker,FP,3818.0,,,660939.0,0.0
31/12/2024,Care Super,Balanced,Listed Equity,1,BioNTech SE,,BNTX,BB Ticker,US,82483.0,,,15180423.0,0.0004
31/12/2024,Care Super,Balanced,Listed Equity,1,Bizlink Holding Inc,,3665,BB Ticker,TT,727.0,,,21922.0,0.0
31/12/2024,Care Super,Balanced,Listed Equity,1,Black Hills Corp,,BKH,BB Ticker,US,789.0,,,74564.0,0.0
31/12/2024,Care Super,Balanced,Listed Equity,1,Blackrock Inc,,BLK,BB Ticker,US,2742.0,,,4539980.0,0.0001
31/12/2024,Care Super,Balanced,Listed Equity,1,Blackstone Inc,,BX,BB Ticker,US,7540.0,,,2099603.0,0.0
31/12/2024,Care Super,Balanced,Listed Equity,1,Block Inc,,SQ2,BB Ticker,AU,922940.0,,,130116074.0,0.0031
31/12/2024,Care Super,Balanced,Listed Equity,1,Block Inc,,SQ,BB Ticker,US,13679.0,,,1877675.0,0.0
31/12/2024,Care Super,Balanced,Listed Equity,1,BlueScope Steel Ltd,,BSL,BB Ticker,AU,3981549.0,,,74415149.0,0.0018
31/12/2024,Care Super,Balanced,Listed Equity,1,BNP Paribas SA,,BNP,BB Ticker,FP,58206.0,,,5764916.0,0.0001
31/12/2024,Care Super,Balanced,Listed Equity,1,BOC Hong Kong Holdings Ltd,,2388,BB Ticker,HK,1016662.0,,,5274058.0,0.0001
31/12/2024,Care Super,Balanced,Listed Equity,1,BOE Technology Group Co Ltd,,000725,BB Ticker,C2,140799.0,,,136770.0,0.0
31/12/2024,Care Super,Balanced,Listed Equity,1,Booking Holdings Inc,,BKNG,BB Ticker,US,9626.0,,,77244937.0,0.0018
31/12/2024,Care Super,Balanced,Listed Equity,1,BorgWarner Inc,,BWA,BB Ticker,US,5139.0,,,263858.0,0.0
31/12/2024,Care Super,Balanced,Listed Equity,1,Bosch Ltd,,BOS,BB Ticker,IN,37.0,,,24011.0,0.0
31/12/2024,Care Super,Balanced,Listed Equity,1,Bosideng International Holdings Ltd,,3998,BB Ticker,HK,18662.0,,,15056.0,0.0
31/12/2024,Care Super,Balanced,Listed Equity,1,Boss Energy Ltd,,BOE,BB Ticker,AU,53196.0,,,129266.0,0.0
31/12/2024,Care Super,Balanced,Listed Equity,1,Boston Scientific Corp,,BSX,BB Ticker,US,294999.0,,,42557302.0,0.001
31/12/2024,Care Super,Balanced,Listed Equity,1,Botanix Pharmaceuticals Ltd,,BOT,BB Ticker,AU,12516363.0,,,5444618.0,0.0001
31/12/2024,Care Super,Balanced,Listed Equity,1,BP PLC,,BP/,BB Ticker,LN,372483.0,,,2961056.0,0.0001
31/12/2024,Care Super,Balanced,Listed Equity,1,Brady Corp,,BRC,BB Ticker,US,233.0,,,27810.0,0.0
31/12/2024,Care Super,Balanced,Listed Equity,1,BrainChip Holdings Ltd,,BRN,BB Ticker,AU,297125.0,,,115879.0,0.0
31/12/2024,Care Super,Balanced,Listed Equity,1,Brambles Ltd,,BXB,BB Ticker,AU,5902806.0,,,113569980.0,0.0027
31/12/2024,Care Super,Balanced,Listed Equity,1,Bravura Solutions Ltd,,BVS,BB Ticker,AU,704960.0,,,1586159.0,0.0
31/12/2024,Care Super,Balanced,Listed Equity,1,Breville Group Ltd,,BRG,BB Ticker,AU,446651.0,,,15802524.0,0.0004
31/12/2024,Care Super,Balanced,Listed Equity,1,Brickworks Ltd,,BKW,BB Ticker,AU,13610.0,,,349106.0,0.0
31/12/2024,Care Super,Balanced,Listed Equity,1,Bridgestone Corp,,5108,BB Ticker,JP,9931.0,,,544977.0,0.0
31/12/2024,Care Super,Balanced,Listed Equity,1,Bristol-Myers Squibb Co,,BMY,BB Ticker,US,280399.0,,,25614748.0,0.0006
31/12/2024,Care Super,Balanced,Listed Equity,1,Britannia Industries Ltd,,BRIT,BB Ticker,IN,6815.0,,,612342.0,0.0
31/12/2024,Care Super,Balanced,Listed Equity,1,Broadcom Inc,,AVGO,BB Ticker,US,291240.0,,,109054334.0,0.0026
31/12/2024,Care Super,Balanced,Listed Equity,1,Broadridge Financial Solutions Inc,,BR,BB Ticker,US,4270.0,,,1559298.0,0.0
31/12/2024,Care Super,Balanced,Listed Equity,1,Brookdale Senior Living Inc,,BKD,BB Ticker,US,396311.0,,,3219650.0,0.0001
31/12/2024,Care Super,Balanced,Listed Equity,1,Brookfield Asset Management Ltd,,BAM,BB Ticker,CN,28895.0,,,2529755.0,0.0001
31/12/2024,Care Super,Balanced,Listed Equity,1,Brookfield Infrastructure Corp,,BIPC,BB Ticker,CN,1516.0,,,98200.0,0.0
31/12/2024,Care Super,Balanced,Listed Equity,1,Brother Industries Ltd,,6448,BB Ticker,JP,183457.0,,,5085773.0,0.0001
31/12/2024,Care Super,Balanced,Listed Equity,1,Brown & Brown Inc,,BRO,BB Ticker,US,33786.0,,,5567119.0,0.0001
31/12/2024,Care Super,Balanced,Listed Equity,1,Builders FirstSource Inc,,BLDR,BB Ticker,US,5589.0,,,1290178.0,0.0
31/12/2024,Care Super,Balanced,Listed Equity,1,Bumrungrad Hospital PCL,,BH/F,BB Ticker,TB,86450.0,,,816999.0,0.0
31/12/2024,Care Super,Balanced,Listed Equity,1,Bunge Global SA,,BG,BB Ticker,US,2193.0,,,275447.0,0.0
31/12/2024,Care Super,Balanced,Listed Equity,1,Bunzl PLC,,BNZL,BB Ticker,LN,1028.0,,,68517.0,0.0
31/12/2024,Care Super,Balanced,Listed Equity,1,Bupa Arabia for Cooperative Insurance Co,,BUPA,BB Ticker,AB,22393.0,,,1992501.0,0.0
31/12/2024,Care Super,Balanced,Listed Equity,1,Bureau Veritas SA,,BVI,BB Ticker,FP,48563.0,,,2382972.0,0.0001
31/12/2024,Care Super,Balanced,Listed Equity,1,Burgundy Diamond Mines Ltd,,BDM,BB Ticker,AU,9231605.0,,,821613.0,0.0
31/12/2024,Care Super,Balanced,Listed Equity,1,BYD Co Ltd,,1211,BB Ticker,HK,31341.0,,,1737263.0,0.0
31/12/2024,Care Super,Balanced,Listed Equity,1,C4 Therapeutics Inc,,CCCC,BB Ticker,US,142540.0,,,828789.0,0.0
31/12/2024,Care Super,Balanced,Listed Equity,1,Cadence Design Systems Inc,,CDNS,BB Ticker,US,31318.0,,,15198151.0,0.0004
31/12/2024,Care Super,Balanced,Listed Equity,1,Caixa Seguridade Participacoes S/A,,CXSE3,BB Ticker,BZ,70284.0,,,261841.0,0.0
31/12/2024,Care Super,Balanced,Listed Equity,1,CaixaBank SA,,CABK,BB Ticker,SM,134387.0,,,1176821.0,0.0
31/12/2024,Care Super,Balanced,Listed Equity,1,California Water Service Group,,CWT,BB Ticker,US,707.0,,,51785.0,0.0
31/12/2024,Care Super,Balanced,Listed Equity,1,Canadian Imperial Bank of Commerce,,CM,BB Ticker,CN,66234.0,,,6763542.0,0.0002
31/12/2024,Care Super,Balanced,Listed Equity,1,Canadian National Railway Co,,CNR,BB Ticker,CN,13983.0,,,2292137.0,0.0001
31/12/2024,Care Super,Balanced,Listed Equity,1,Canadian Natural Resources Ltd,,CNQ,BB Ticker,CN,53020.0,,,2642487.0,0.0001
31/12/2024,Care Super,Balanced,Listed Equity,1,Canadian Pacific Kansas City Ltd,,CP,BB Ticker,CN,11046.0,,,1291039.0,0.0
31/12/2024,Care Super,Balanced,Listed Equity,1,Canadian Pacific Kansas City Ltd,,CP,BB Ticker,US,5731.0,,,669823.0,0.0
31/12/2024,Care Super,Balanced,Listed Equity,1,Canadian Tire Corp Ltd,,CTC/A,BB Ticker,CN,8112.0,,,1377515.0,0.0
31/12/2024,Care Super,Balanced,Listed Equity,1,Canadian Utilities Ltd,,CU,BB Ticker,CN,27381.0,,,1071599.0,0.0
31/12/2024,Care Super,Balanced,Listed Equity,1,Capcom Co Ltd,,9697,BB Ticker,JP,16146.0,,,576446.0,0.0
31/12/2024,Care Super,Balanced,Listed Equity,1,Capgemini SE,,CAP,BB Ticker,FP,42809.0,,,11323006.0,0.0003
31/12/2024,Care Super,Balanced,Listed Equity,1,Capital One Financial Corp,,COF,BB Ticker,US,156927.0,,,45196322.0,0.0011
31/12/2024,Care Super,Balanced,Listed Equity,1,Capitec Bank Holdings Ltd,,CPI,BB Ticker,SJ,9355.0,,,2509583.0,0.0001
31/12/2024,Care Super,Balanced,Listed Equity,1,Capricorn Metals Ltd,,CMM,BB Ticker,AU,199775.0,,,1254588.0,0.0
31/12/2024,Care Super,Balanced,Listed Equity,1,Capstone Copper Corp,,CSC,BB Ticker,AU,770011.0,,,7553810.0,0.0002
31/12/2024,Care Super,Balanced,Listed Equity,1,CAR Group Ltd,,CAR,BB Ticker,AU,1208432.0,,,43539802.0,0.001
31/12/2024,Care Super,Balanced,Listed Equity,1,Cardinal Health Inc,,CAH,BB Ticker,US,31982.0,,,6109139.0,0.0001
31/12/2024,Care Super,Balanced,Listed Equity,1,Carlisle Cos Inc,,CSL,BB Ticker,US,2292.0,,,1365600.0,0.0
31/12/2024,Care Super,Balanced,Listed Equity,1,Catapult Group International Ltd,,CAT,BB Ticker,AU,324491.0,,,1203863.0,0.0
31/12/2024,Care Super,Balanced,Listed Equity,1,Caterpillar Inc,,CAT,BB Ticker,US,21633.0,,,12674496.0,0.0003
31/12/2024,Care Super,Balanced,Listed Equity,1,Cathay Financial Holding Co Ltd,,2882,BB Ticker,TT,7877.0,,,26504.0,0.0
31/12/2024,Care Super,Balanced,Listed Equity,1,Cboe Global Markets Inc,,CBOE,BB Ticker,US,19019.0,,,6002400.0,0.0001
31/12/2024,Care Super,Balanced,Listed Equity,1,CD Projekt SA,,CDR,BB Ticker,PW,67.0,,,5008.0,0.0
31/12/2024,Care Super,Balanced,Listed Equity,1,CDW Corp/DE,,CDW,BB Ticker,US,50962.0,,,14325065.0,0.0003
31/12/2024,Care Super,Balanced,Listed Equity,1,Celanese Corp,,CE,BB Ticker,US,7775.0,,,869120.0,0.0
31/12/2024,Care Super,Balanced,Listed Equity,1,Celestica Inc,,CLS,BB Ticker,CN,6861.0,,,1022196.0,0.0
31/12/2024,Care Super,Balanced,Listed Equity,1,Cellnex Telecom SA,,CLNX,BB Ticker,SM,6825.0,,,348266.0,0.0
31/12/2024,Care Super,Balanced,Listed Equity,1,Celltrion Inc,,068270,BB Ticker,KS,20.0,,,4188.0,0.0
31/12/2024,Care Super,Balanced,Listed Equity,1,Celsius Holdings Inc,,CELH,BB Ticker,US,15039.0,,,639795.0,0.0
31/12/2024,Care Super,Balanced,Listed Equity,1,Cemex SAB de CV,,CX,BB Ticker,US,805436.0,,,7336925.0,0.0002
31/12/2024,Care Super,Balanced,Listed Equity,1,Cencora Inc,,COR,BB Ticker,US,42678.0,,,15487088.0,0.0004
31/12/2024,Care Super,Balanced,Listed Equity,1,Cenovus Energy Inc,,CVE,BB Ticker,CN,23411.0,,,572873.0,0.0
31/12/2024,Care Super,Balanced,Listed Equity,1,Centene Corp,,CNC,BB Ticker,US,48362.0,,,4731931.0,0.0001
31/12/2024,Care Super,Balanced,Listed Equity,1,CenterPoint Energy Inc,,CNP,BB Ticker,US,124808.0,,,6396135.0,0.0002
31/12/2024,Care Super,Balanced,Listed Equity,1,Centrais Eletricas Brasileiras SA,,ELET3,BB Ticker,BZ,321154.0,,,2865603.0,0.0001
31/12/2024,Care Super,Balanced,Listed Equity,1,Central Japan Railway Co,,9022,BB Ticker,JP,17940.0,,,546656.0,0.0
31/12/2024,Care Super,Balanced,Listed Equity,1,Centrica PLC,,CNA,BB Ticker,LN,59527.0,,,160868.0,0.0
31/12/2024,Care Super,Balanced,Listed Equity,1,Cettire Ltd,,CTT,BB Ticker,AU,1773982.0,,,2678712.0,0.0001
31/12/2024,Care Super,Balanced,Listed Equity,1,CF Industries Holdings Inc,,CF,BB Ticker,US,3410.0,,,469942.0,0.0
31/12/2024,Care Super,Balanced,Listed Equity,1,CGI Inc,,GIB/A,BB Ticker,CN,31124.0,,,5497411.0,0.0001
31/12/2024,Care Super,Balanced,Listed Equity,1,CH Robinson Worldwide Inc,,CHRW,BB Ticker,US,227.0,,,37958.0,0.0
31/12/2024,Care Super,Balanced,Listed Equity,1,Chalice Mining Ltd,,CHN,BB Ticker,AU,69035.0,,,76284.0,0.0
31/12/2024,Care Super,Balanced,Listed Equity,1,Challenger Ltd,,CGF,BB Ticker,AU,1600170.0,,,9617020.0,0.0002
31/12/2024,Care Super,Balanced,Listed Equity,1,Champion Iron Ltd,,CIA,BB Ticker,AU,2468612.0,,,14194520.0,0.0003
31/12/2024,Care Super,Balanced,Listed Equity,1,Changchun High-Tech Industry Group Co Ltd,,000661,BB Ticker,C2,4773.0,,,105018.0,0.0
31/12/2024,Care Super,Balanced,Listed Equity,1,Charles Schwab Corp/The,,SCHW,BB Ticker,US,76712.0,,,9169745.0,0.0002
31/12/2024,Care Super,Balanced,Listed Equity,1,Charter Communications Inc,,CHTR,BB Ticker,US,35894.0,,,19871461.0,0.0005
31/12/2024,Care Super,Balanced,Listed Equity,1,Check Point Software Technologies Ltd,,CHKP,BB Ticker,US,96826.0,,,29197020.0,0.0007
31/12/2024,Care Super,Balanced,Listed Equity,1,Cheng Shin Rubber Industry Co Ltd,,2105,BB Ticker,TT,265810.0,,,642311.0,0.0
31/12/2024,Care Super,Balanced,Listed Equity,1,Cheniere Energy Inc,,LNG,BB Ticker,US,43573.0,,,15121632.0,0.0004
31/12/2024,Care Super,Balanced,Listed Equity,1,Chesapeake Utilities Corp,,CPK,BB Ticker,US,259.0,,,50763.0,0.0
31/12/2024,Care Super,Balanced,Listed Equity,1,Chevron Corp,,CVX,BB Ticker,US,58549.0,,,13696561.0,0.0003
31/12/2024,Care Super,Balanced,Listed Equity,1,China Airlines Ltd,,2610,BB Ticker,TT,451111.0,,,570041.0,0.0
31/12/2024,Care Super,Balanced,Listed Equity,1,China CITIC Financial Asset Management Co Ltd,,2799,BB Ticker,HK,118551.0,,,16022.0,0.0
31/12/2024,Care Super,Balanced,Listed Equity,1,China Construction Bank Corp,,939,BB Ticker,HK,11210144.0,,,15103719.0,0.0004
31/12/2024,Care Super,Balanced,Listed Equity,1,China Everbright Bank Co Ltd,,601818,BB Ticker,C1,186218.0,,,159462.0,0.0
31/12/2024,Care Super,Balanced,Listed Equity,1,China Everbright Bank Co Ltd,,6818,BB Ticker,HK,490371.0,,,307914.0,0.0
31/12/2024,Care Super,Balanced,Listed Equity,1,China Feihe Ltd,,6186,BB Ticker,HK,56038.0,,,63500.0,0.0
31/12/2024,Care Super,Balanced,Listed Equity,1,China Life Insurance Co Ltd,,2628,BB Ticker,HK,293100.0,,,894623.0,0.0
31/12/2024,Care Super,Balanced,Listed Equity,1,China Mengniu Dairy Co Ltd,,2319,BB Ticker,HK,960396.0,,,3506490.0,0.0001
31/12/2024,Care Super,Balanced,Listed Equity,1,China Merchants Bank Co Ltd,,3968,SEDOL,HK,35275.0,,,293377.0,0.0
31/12/2024,Care Super,Balanced,Listed Equity,1,China Merchants Port Holdings Co Ltd,,144,BB Ticker,HK,9452.0,,,27200.0,0.0
31/12/2024,Care Super,Balanced,Listed Equity,1,China National Nuclear Power Co Ltd,,601985,BB Ticker,C1,87990.0,,,203068.0,0.0
31/12/2024,Care Super,Balanced,Listed Equity,1,China Oilfield Services Ltd,,2883,BB Ticker,HK,17693.0,,,25898.0,0.0
31/12/2024,Care Super,Balanced,Listed Equity,1,China Pacific Insurance Group Co Ltd,,2601,BB Ticker,HK,103925.0,,,544524.0,0.0
31/12/2024,Care Super,Balanced,Listed Equity,1,China Resources Beer Holdings Co Ltd,,291,BB Ticker,HK,449600.0,,,2360399.0,0.0001
31/12/2024,Care Super,Balanced,Listed Equity,1,China State Construction Engineering Corp Ltd,,601668,BB Ticker,C1,124479.0,,,165262.0,0.0
31/12/2024,Care Super,Balanced,Listed Equity,1,China Tourism Group Duty Free Corp Ltd,,601888,BB Ticker,C1,4080.0,,,60496.0,0.0
31/12/2024,Care Super,Balanced,Listed Equity,1,Chipotle Mexican Grill Inc,,CMG,BB Ticker,US,57524.0,,,5602383.0,0.0001
31/12/2024,Care Super,Balanced,Listed Equity,1,Chocoladefabriken Lindt & Spruengli AG,,LISP,BB Ticker,SW,65.0,,,1174329.0,0.0
31/12/2024,Care Super,Balanced,Listed Equity,1,Chongqing Changan Automobile Co Ltd,,000625,BB Ticker,C2,8614.0,,,25465.0,0.0
31/12/2024,Care Super,Balanced,Listed Equity,1,Chorus Ltd,,CNU,BB Ticker,AU,1483994.0,,,11782912.0,0.0003
31/12/2024,Care Super,Balanced,Listed Equity,1,Chrysos Corp Ltd,,C79,BB Ticker,AU,368809.0,,,1821914.0,0.0
31/12/2024,Care Super,Balanced,Listed Equity,1,Chubb Ltd,,CB,BB Ticker,US,16064.0,,,7168774.0,0.0002
31/12/2024,Care Super,Balanced,Listed Equity,1,Chubu Electric Power Co Inc,,9502,SEDOL,JP,8000.0,,,136104.0,0.0
31/12/2024,Care Super,Balanced,Listed Equity,1,Chugai Pharmaceutical Co Ltd,,4519,BB Ticker,JP,38554.0,,,2773098.0,0.0001
31/12/2024,Care Super,Balanced,Listed Equity,1,Chugoku Electric Power Co Inc/The,,9504,BB Ticker,JP,3564.0,,,33403.0,0.0
31/12/2024,Care Super,Balanced,Listed Equity,1,Church & Dwight Co Inc,,CHD,BB Ticker,US,12503.0,,,2114546.0,0.0
31/12/2024,Care Super,Balanced,Listed Equity,1,Cia Cervecerias Unidas SA,,CCU,BB Ticker,US,102589.0,,,1877306.0,0.0
31/12/2024,Care Super,Balanced,Listed Equity,1,Cia de Minas Buenaventura SAA,,BVN,BB Ticker,US,16258.0,,,302507.0,0.0
31/12/2024,Care Super,Balanced,Listed Equity,1,Cia de Saneamento Basico do Estado de Sao Paulo SABESP,,SBSP3,BB Ticker,BZ,97282.0,,,2250821.0,0.0001
31/12/2024,Care Super,Balanced,Listed Equity,1,Cia Energetica de Minas Gerais,,CMIG4,BB Ticker,BZ,222180.0,,,645337.0,0.0
31/12/2024,Care Super,Balanced,Listed Equity,1,Cia Paranaense de Energia - Copel,,CPLE3,BB Ticker,BZ,314493.0,,,677493.0,0.0
31/12/2024,Care Super,Balanced,Listed Equity,1,Cie de Saint-Gobain SA,,SGO,BB Ticker,FP,69389.0,,,9945430.0,0.0002
31/12/2024,Care Super,Balanced,Listed Equity,1,Cie Generale des Etablissements Michelin SCA,,ML,BB Ticker,FP,249890.0,,,13290164.0,0.0003
31/12/2024,Care Super,Balanced,Listed Equity,1,Cigna Group/The,,CI,BB Ticker,US,2984.0,,,1330769.0,0.0
31/12/2024,Care Super,Balanced,Listed Equity,1,CIMB Group Holdings Bhd,,CIMB,BB Ticker,MK,678660.0,,,2010097.0,0.0
31/12/2024,Care Super,Balanced,Listed Equity,1,Cintas Corp,,CTAS,BB Ticker,US,64548.0,,,19047067.0,0.0004
31/12/2024,Care Super,Balanced,Listed Equity,1,Cipla Ltd/India,,CIPLA,BB Ticker,IN,528960.0,,,15257757.0,0.0004
31/12/2024,Care Super,Balanced,Listed Equity,1,Cisco Systems Inc,,CSCO,BB Ticker,US,153564.0,,,14683005.0,0.0003
31/12/2024,Care Super,Balanced,Listed Equity,1,Citigroup Inc,,C,BB Ticker,US,302648.0,,,34407513.0,0.0008
31/12/2024,Care Super,Balanced,Listed Equity,1,Citizens Financial Group Inc,,CFG,BB Ticker,US,42082.0,,,2974241.0,0.0001
31/12/2024,Care Super,Balanced,Listed Equity,1,CK Hutchison Holdings Ltd,,1,BB Ticker,HK,112862.0,,,973849.0,0.0
31/12/2024,Care Super,Balanced,Listed Equity,1,CK Infrastructure Holdings Ltd,,1038,BB Ticker,HK,7168.0,,,86071.0,0.0
31/12/2024,Care Super,Balanced,Listed Equity,1,Clarity Pharmaceuticals Ltd,,CU6,BB Ticker,AU,42810.0,,,178518.0,0.0
31/12/2024,Care Super,Balanced,Listed Equity,1,Cleanaway Waste Management Ltd,,CWY,BB Ticker,AU,8117712.0,,,21511938.0,0.0005
31/12/2024,Care Super,Balanced,Listed Equity,1,Clearwater Analytics Holdings Inc,,CWAN,BB Ticker,US,168071.0,,,7470427.0,0.0002
31/12/2024,Care Super,Balanced,Listed Equity,1,Clicks Group Ltd,,CLS,BB Ticker,SJ,120080.0,,,3834682.0,0.0001
31/12/2024,Care Super,Balanced,Listed Equity,1,Clinuvel Pharmaceuticals Ltd,,CUV,BB Ticker,AU,24917.0,,,300499.0,0.0
31/12/2024,Care Super,Balanced,Listed Equity,1,Clorox Co/The,,CLX,BB Ticker,US,21963.0,,,5761182.0,0.0001
31/12/2024,Care Super,Balanced,Listed Equity,1,Cloudflare Inc,,NET,BB Ticker,US,210435.0,,,36598051.0,0.0009
31/12/2024,Care Super,Balanced,Listed Equity,1,CLP Holdings Ltd,,2,BB Ticker,HK,19009.0,,,258096.0,0.0
31/12/2024,Care Super,Balanced,Listed Equity,1,CME Group Inc,,CME,BB Ticker,US,71286.0,,,26737719.0,0.0006
31/12/2024,Care Super,Balanced,Listed Equity,1,CMOC Group Ltd,,603993,SEDOL,C1,108775.0,,,160057.0,0.0
31/12/2024,Care Super,Balanced,Listed Equity,1,CMS Energy Corp,,CMS,BB Ticker,US,3406.0,,,366633.0,0.0
31/12/2024,Care Super,Balanced,Listed Equity,1,CNOOC Energy Technology & Services Ltd,,600968,BB Ticker,C1,23595.0,,,22293.0,0.0
31/12/2024,Care Super,Balanced,Listed Equity,1,Co for Cooperative Insurance/The,,TAWUNIYA,BB Ticker,AB,15821.0,,,1003762.0,0.0
31/12/2024,Care Super,Balanced,Listed Equity,1,Coca-Cola Co/The,,KO,BB Ticker,US,54918.0,,,5522372.0,0.0001
31/12/2024,Care Super,Balanced,Listed Equity,1,Coca-Cola Femsa SAB de CV,,KOFUBL,BB Ticker,MM,37323.0,,,469629.0,0.0
31/12/2024,Care Super,Balanced,Listed Equity,1,Coca-Cola HBC AG,,CCH,BB Ticker,LN,242857.0,,,13420783.0,0.0003
31/12/2024,Care Super,Balanced,Listed Equity,1,Cochlear Ltd,,COH,BB Ticker,AU,224412.0,,,65052416.0,0.0015
31/12/2024,Care Super,Balanced,Listed Equity,1,Codan Ltd,,CDA,BB Ticker,AU,175750.0,,,2829569.0,0.0001
31/12/2024,Care Super,Balanced,Listed Equity,1,Cogent Communications Holdings Inc,,CCOI,BB Ticker,US,537.0,,,66846.0,0.0
31/12/2024,Care Super,Balanced,Listed Equity,1,Cognizant Technology Solutions Corp,,CTSH,BB Ticker,US,226989.0,,,28192571.0,0.0007
31/12/2024,Care Super,Balanced,Listed Equity,1,Coinbase Global Inc,,COIN,BB Ticker,US,4121.0,,,1652584.0,0.0
31/12/2024,Care Super,Balanced,Listed Equity,1,Coles Group Ltd,,COL,BB Ticker,AU,4371094.0,,,82569975.0,0.0019
31/12/2024,Care Super,Balanced,Listed Equity,1,Colgate-Palmolive Co,,CL,BB Ticker,US,146862.0,,,21563801.0,0.0005
31/12/2024,Care Super,Balanced,Listed Equity,1,Colgate-Palmolive India Ltd,,CLGT,BB Ticker,IN,19496.0,,,985906.0,0.0
31/12/2024,Care Super,Balanced,Listed Equity,1,Collins Foods Ltd,,CKF,BB Ticker,AU,871036.0,,,6323718.0,0.0001
31/12/2024,Care Super,Balanced,Listed Equity,1,Comcast Corp,,CMCSA,BB Ticker,US,129239.0,,,7833842.0,0.0002
31/12/2024,Care Super,Balanced,Listed Equity,1,ComfortDelGro Corp Ltd,,CD,BB Ticker,SP,1938350.0,,,3396409.0,0.0001
31/12/2024,Care Super,Balanced,Listed Equity,1,Commercial International Bank - Egypt (CIB),,COMI,BB Ticker,EY,38498.0,,,96028.0,0.0
31/12/2024,Care Super,Balanced,Listed Equity,1,Commonwealth Bank of Australia,,CBA,BB Ticker,AU,3578010.0,,,548330014.0,0.0129
31/12/2024,Care Super,Balanced,Listed Equity,1,Compal Electronics Inc,,2324,BB Ticker,TT,369950.0,,,686189.0,0.0
31/12/2024,Care Super,Balanced,Listed Equity,1,Compass Group PLC,,CPG,BB Ticker,LN,421781.0,,,22711297.0,0.0005
31/12/2024,Care Super,Balanced,Listed Equity,1,Computershare Ltd,,CPU,BB Ticker,AU,701882.0,,,23828905.0,0.0006
31/12/2024,Care Super,Balanced,Listed Equity,1,Conagra Brands Inc,,CAG,BB Ticker,US,31478.0,,,1410814.0,0.0
31/12/2024,Care Super,Balanced,Listed Equity,1,ConocoPhillips,,COP,BB Ticker,US,41869.0,,,6706145.0,0.0002
31/12/2024,Care Super,Balanced,Listed Equity,1,Consolidated Edison Inc,,ED,BB Ticker,US,97301.0,,,14022759.0,0.0003
31/12/2024,Care Super,Balanced,Listed Equity,1,Constellation Energy Corp,,CEG,BB Ticker,US,3257.0,,,1176841.0,0.0
31/12/2024,Care Super,Balanced,Listed Equity,1,Constellation Software Inc/Canada,,CSU,BB Ticker,CN,1617.0,,,8073452.0,0.0002
31/12/2024,Care Super,Balanced,Listed Equity,1,Contact Energy Ltd,,CEN,BB Ticker,AU,434430.0,,,3588390.0,0.0001
31/12/2024,Care Super,Balanced,Listed Equity,1,Contemporary Amperex Technology Co Ltd,,300750,BB Ticker,C2,245339.0,,,14440219.0,0.0003
31/12/2024,Care Super,Balanced,Listed Equity,1,Continental AG,,CON,BB Ticker,GR,12769.0,,,1384256.0,0.0
31/12/2024,Care Super,Balanced,Listed Equity,1,Control Bionics Ltd,,CBL,BB Ticker,AU,365768.0,,,0.0,0.0
31/12/2024,Care Super,Balanced,Listed Equity,1,Cooper Cos Inc/The,,COO,BB Ticker,US,136016.0,,,20195358.0,0.0005
31/12/2024,Care Super,Balanced,Listed Equity,1,Copa Holdings SA,,CPA,BB Ticker,US,8799.0,,,1248895.0,0.0
31/12/2024,Care Super,Balanced,Listed Equity,1,Copart Inc,,CPRT,BB Ticker,US,125375.0,,,11621197.0,0.0003
31/12/2024,Care Super,Balanced,Listed Equity,1,Coronado Global Resources Inc,,CRN,BB Ticker,AU,172221.0,,,131749.0,0.0
31/12/2024,Care Super,Balanced,Listed Equity,1,Corporate Travel Management Ltd,,CTD,BB Ticker,AU,19733.0,,,261461.0,0.0
31/12/2024,Care Super,Balanced,Listed Equity,1,COSCO SHIPPING Holdings Co Ltd,,601919,SEDOL,C1,46805.0,,,160526.0,0.0
31/12/2024,Care Super,Balanced,Listed Equity,1,COSCO SHIPPING Holdings Co Ltd,,1919,BB Ticker,HK,4241.0,,,11288.0,0.0
31/12/2024,Care Super,Balanced,Listed Equity,1,Costco Wholesale Corp,,COST,BB Ticker,US,21609.0,,,31978303.0,0.0008
31/12/2024,Care Super,Balanced,Listed Equity,1,Coterra Energy Inc,,CTRA,BB Ticker,US,73032.0,,,3012585.0,0.0001
31/12/2024,Care Super,Balanced,Listed Equity,1,Coupang Inc,,CPNG,BB Ticker,US,720858.0,,,25590656.0,0.0006
31/12/2024,Care Super,Balanced,Listed Equity,1,Coway Co Ltd,,021240,BB Ticker,KS,4313.0,,,316581.0,0.0
31/12/2024,Care Super,Balanced,Listed Equity,1,CP ALL PCL,,CPALL/F,BB Ticker,TB,554455.0,,,1464281.0,0.0
31/12/2024,Care Super,Balanced,Listed Equity,1,CPFL Energia SA,,CPFE3,BB Ticker,BZ,34939.0,,,288552.0,0.0
31/12/2024,Care Super,Balanced,Listed Equity,1,Credicorp Ltd,,BAP,BB Ticker,US,16795.0,,,4972713.0,0.0001
31/12/2024,Care Super,Balanced,Listed Equity,1,Credit Agricole SA,,ACA,BB Ticker,FP,76670.0,,,1704128.0,0.0
31/12/2024,Care Super,Balanced,Listed Equity,1,Credit Agricole SA,,XCA,BB Ticker,TH,43130.0,,,961883.0,0.0
31/12/2024,Care Super,Balanced,Listed Equity,1,Credit Corp Group Ltd,,CCP,BB Ticker,AU,443409.0,,,7090102.0,0.0002
31/12/2024,Care Super,Balanced,Listed Equity,1,CRH PLC,,CRH,BB Ticker,LN,38775.0,,,5815085.0,0.0001
31/12/2024,Care Super,Balanced,Listed Equity,1,CRH PLC,,CRH,BB Ticker,US,31307.0,,,4678300.0,0.0001
31/12/2024,Care Super,Balanced,Listed Equity,1,Criteo SA,,CRTO,BB Ticker,US,53681.0,,,3429872.0,0.0001
31/12/2024,Care Super,Balanced,Listed Equity,1,Croda International PLC,,CRDA,BB Ticker,LN,55718.0,,,3815077.0,0.0001
31/12/2024,Care Super,Balanced,Listed Equity,1,Crowdstrike Holdings Inc,,CRWD,BB Ticker,US,9475.0,,,5236080.0,0.0001
31/12/2024,Care Super,Balanced,Listed Equity,1,Crown Holdings Inc,,CCK,BB Ticker,US,6180.0,,,825343.0,0.0
31/12/2024,Care Super,Balanced,Listed Equity,1,CRRC Corp Ltd,,1766,BB Ticker,HK,239443.0,,,249423.0,0.0
31/12/2024,Care Super,Balanced,Listed Equity,1,CSL Ltd,,CSL,BB Ticker,AU,1578777.0,,,444552067.0,0.0105
31/12/2024,Care Super,Balanced,Listed Equity,1,CSPC Pharmaceutical Group Ltd,,1093,BB Ticker,HK,498838.0,,,495776.0,0.0
31/12/2024,Care Super,Balanced,Listed Equity,1,CSX Corp,,CSX,BB Ticker,US,49881.0,,,2599793.0,0.0001
31/12/2024,Care Super,Balanced,Listed Equity,1,CTBC Financial Holding Co Ltd,,2891,SEDOL,TT,434512.0,,,836978.0,0.0
31/12/2024,Care Super,Balanced,Listed Equity,1,Cummins Inc,,CMI,BB Ticker,US,18695.0,,,10525674.0,0.0002
31/12/2024,Care Super,Balanced,Listed Equity,1,Cummins India Ltd,,KKC,BB Ticker,IN,18788.0,,,1160436.0,0.0
31/12/2024,Care Super,Balanced,Listed Equity,1,CVS Health Corp,,CVS,BB Ticker,US,265205.0,,,19228080.0,0.0005
31/12/2024,Care Super,Balanced,Listed Equity,1,CyberArk Software Ltd,,CYBR,BB Ticker,US,13111.0,,,7054553.0,0.0002
31/12/2024,Care Super,Balanced,Listed Equity,1,Dai Nippon Printing Co Ltd,,7912,BB Ticker,JP,2072.0,,,47267.0,0.0
31/12/2024,Care Super,Balanced,Listed Equity,1,Dai-ichi Life Holdings Inc,,8750,BB Ticker,JP,104618.0,,,4553238.0,0.0001
31/12/2024,Care Super,Balanced,Listed Equity,1,Daiichi Sankyo Co Ltd,,4568,BB Ticker,JP,21324.0,,,953710.0,0.0
31/12/2024,Care Super,Balanced,Listed Equity,1,Daimler Truck Holding AG,,DTG,BB Ticker,GR,384697.0,,,23708867.0,0.0006
31/12/2024,Care Super,Balanced,Listed Equity,1,Daiwa Securities Group Inc,,8601,BB Ticker,JP,227249.0,,,2447514.0,0.0001
31/12/2024,Care Super,Balanced,Listed Equity,1,Danaher Corp,,DHR,BB Ticker,US,99072.0,,,36730865.0,0.0009
31/12/2024,Care Super,Balanced,Listed Equity,1,Danone SA,,BN,BB Ticker,FP,36942.0,,,4023412.0,0.0001
31/12/2024,Care Super,Balanced,Listed Equity,1,Danske Bank A/S,,DANSKE,BB Ticker,DC,18344.0,,,838026.0,0.0
31/12/2024,Care Super,Balanced,Listed Equity,1,Daqin Railway Co Ltd,,601006,BB Ticker,C1,16397.0,,,24599.0,0.0
31/12/2024,Care Super,Balanced,Listed Equity,1,Darden Restaurants Inc,,DRI,BB Ticker,US,5241.0,,,1580266.0,0.0
31/12/2024,Care Super,Balanced,Listed Equity,1,Dassault Aviation SA,,AM,BB Ticker,FP,2621.0,,,864497.0,0.0
31/12/2024,Care Super,Balanced,Listed Equity,1,Data#3 Ltd,,DTL,BB Ticker,AU,867060.0,,,5540514.0,0.0001
31/12/2024,Care Super,Balanced,Listed Equity,1,Datadog Inc,,DDOG,BB Ticker,US,82743.0,,,19095683.0,0.0005
31/12/2024,Care Super,Balanced,Listed Equity,1,DaVita Inc,,DVA,BB Ticker,US,426.0,,,102826.0,0.0
31/12/2024,Care Super,Balanced,Listed Equity,1,DB Insurance Co Ltd,,005830,BB Ticker,KS,5804.0,,,654639.0,0.0
31/12/2024,Care Super,Balanced,Listed Equity,1,DBS Group Holdings Ltd,,DBS,BB Ticker,SP,264511.0,,,13691457.0,0.0003
31/12/2024,Care Super,Balanced,Listed Equity,1,De Grey Mining Ltd,,DEG,BB Ticker,AU,2960698.0,,,5225632.0,0.0001
31/12/2024,Care Super,Balanced,Listed Equity,1,Deckers Outdoor Corp,,DECK,BB Ticker,US,18966.0,,,6221222.0,0.0001
31/12/2024,Care Super,Balanced,Listed Equity,1,Deere & Co,,DE,BB Ticker,US,4182.0,,,2861601.0,0.0001
31/12/2024,Care Super,Balanced,Listed Equity,1,Dell Technologies Inc,,DELL,BB Ticker,US,11142.0,,,2073869.0,0.0
31/12/2024,Care Super,Balanced,Listed Equity,1,Delta Air Lines Inc,,DAL,BB Ticker,US,52597.0,,,5139543.0,0.0001
31/12/2024,Care Super,Balanced,Listed Equity,1,Delta Electronics Inc,,2308,BB Ticker,TT,104453.0,,,2215276.0,0.0001
31/12/2024,Care Super,Balanced,Listed Equity,1,Descartes Systems Group Inc/The,,DSG,BB Ticker,CN,2033.0,,,373070.0,0.0
31/12/2024,Care Super,Balanced,Listed Equity,1,Deterra Royalties Ltd,,DRR,BB Ticker,AU,2898799.0,,,10783532.0,0.0003
31/12/2024,Care Super,Balanced,Listed Equity,1,Deutsche Boerse AG,,DB1,BB Ticker,GR,10277.0,,,3822460.0,0.0001
31/12/2024,Care Super,Balanced,Listed Equity,1,Deutsche Lufthansa AG,,LHA,BB Ticker,GR,76151.0,,,786574.0,0.0
31/12/2024,Care Super,Balanced,Listed Equity,1,Deutsche Post AG,,DHL,BB Ticker,GR,19553.0,,,1111212.0,0.0
31/12/2024,Care Super,Balanced,Listed Equity,1,Deutsche Telekom AG,,DTE,BB Ticker,GR,131865.0,,,6371356.0,0.0002
31/12/2024,Care Super,Balanced,Listed Equity,1,Develop Global Ltd,,DVP,BB Ticker,AU,563992.0,,,1319742.0,0.0
31/12/2024,Care Super,Balanced,Listed Equity,1,Devon Energy Corp,,DVN,BB Ticker,US,8884.0,,,469655.0,0.0
31/12/2024,Care Super,Balanced,Listed Equity,1,Dexco SA,,DXCO3,BB Ticker,BZ,733167.0,,,1142394.0,0.0
31/12/2024,Care Super,Balanced,Listed Equity,1,Dexcom Inc,,DXCM,BB Ticker,US,134804.0,,,16932458.0,0.0004
31/12/2024,Care Super,Balanced,Listed Equity,1,Dexerials Corp,,4980,BB Ticker,JP,24018.0,,,610046.0,0.0
31/12/2024,Care Super,Balanced,Listed Equity,1,Diageo PLC,,DGE,BB Ticker,LN,682964.0,,,35055112.0,0.0008
31/12/2024,Care Super,Balanced,Listed Equity,1,Diamondback Energy Inc,,FANG,BB Ticker,US,7252.0,,,1918818.0,0.0
31/12/2024,Care Super,Balanced,Listed Equity,1,DiaSorin SpA,,DIA,BB Ticker,IM,13436.0,,,2237276.0,0.0001
31/12/2024,Care Super,Balanced,Listed Equity,1,Dicker Data Ltd,,DDR,BB Ticker,AU,48379.0,,,407348.0,0.0
31/12/2024,Care Super,Balanced,Listed Equity,1,Dick's Sporting Goods Inc,,DKS,BB Ticker,US,3127.0,,,1155743.0,0.0
31/12/2024,Care Super,Balanced,Listed Equity,1,DiDi Global Inc,,DIDIY,BB Ticker,US,1005016.0,,,7418110.0,0.0002
31/12/2024,Care Super,Balanced,Listed Equity,1,Diploma PLC,,DPLM,BB Ticker,LN,81706.0,,,7024128.0,0.0002
31/12/2024,Care Super,Balanced,Listed Equity,1,Disco Corp,,6146,BB Ticker,JP,770.0,,,338050.0,0.0
31/12/2024,Care Super,Balanced,Listed Equity,1,Discover Financial Services,,DFS,BB Ticker,US,11899.0,,,3329184.0,0.0001
31/12/2024,Care Super,Balanced,Listed Equity,1,Divi's Laboratories Ltd,,DIVI,BB Ticker,IN,70817.0,,,8147890.0,0.0002
31/12/2024,Care Super,Balanced,Listed Equity,1,DKSH Holding AG,,DKSH,BB Ticker,SW,21.0,,,2500.0,0.0
31/12/2024,Care Super,Balanced,Listed Equity,1,DNB Bank ASA,,DNB,BB Ticker,NO,38817.0,,,1252528.0,0.0
31/12/2024,Care Super,Balanced,Listed Equity,1,DocuSign Inc,,DOCU,BB Ticker,US,1925.0,,,279677.0,0.0
31/12/2024,Care Super,Balanced,Listed Equity,1,Dollar General Corp,,DG,BB Ticker,US,220017.0,,,26942919.0,0.0006
31/12/2024,Care Super,Balanced,Listed Equity,1,Dollarama Inc,,DOL,BB Ticker,CN,20793.0,,,3275719.0,0.0001
31/12/2024,Care Super,Balanced,Listed Equity,1,Domain Holdings Australia Ltd,,DHG,BB Ticker,AU,38900.0,,,98416.0,0.0
31/12/2024,Care Super,Balanced,Listed Equity,1,Dominion Energy Inc,,D,BB Ticker,US,9723.0,,,845768.0,0.0
31/12/2024,Care Super,Balanced,Listed Equity,1,Domino's Pizza Enterprises Ltd,,DMP,BB Ticker,AU,611963.0,,,18016197.0,0.0004
31/12/2024,Care Super,Balanced,Listed Equity,1,DoorDash Inc,,DASH,BB Ticker,US,23552.0,,,6381129.0,0.0002
31/12/2024,Care Super,Balanced,Listed Equity,1,Doosan Bobcat Inc,,241560,BB Ticker,KS,4241.0,,,194950.0,0.0
31/12/2024,Care Super,Balanced,Listed Equity,1,Dover Corp,,DOV,BB Ticker,US,3012.0,,,912475.0,0.0
31/12/2024,Care Super,Balanced,Listed Equity,1,Dow Inc,,DOW,BB Ticker,US,234472.0,,,15197227.0,0.0004
31/12/2024,Care Super,Balanced,Listed Equity,1,Downer EDI Ltd,,DOW,BB Ticker,AU,12784164.0,,,67116857.0,0.0016
31/12/2024,Care Super,Balanced,Listed Equity,1,DR Horton Inc,,DHI,BB Ticker,US,15744.0,,,3555450.0,0.0001
31/12/2024,Care Super,Balanced,Listed Equity,1,Dr Ing hc F Porsche AG,,P911,BB Ticker,GR,11380.0,,,1111895.0,0.0
31/12/2024,Care Super,Balanced,Listed Equity,1,Dr Lal PathLabs Ltd,,DLPL,BB Ticker,IN,70399.0,,,3984822.0,0.0001
31/12/2024,Care Super,Balanced,Listed Equity,1,Dr Reddy's Laboratories Ltd,,RDY,BB Ticker,US,1007.0,,,25682.0,0.0
31/12/2024,Care Super,Balanced,Listed Equity,1,DroneShield Ltd,,DRO,BB Ticker,AU,127606.0,,,97618.0,0.0
31/12/2024,Care Super,Balanced,Listed Equity,1,Dropbox Inc,,DBX,BB Ticker,US,109713.0,,,5323071.0,0.0001
31/12/2024,Care Super,Balanced,Listed Equity,1,DSM-Firmenich AG,,DSFIR,BB Ticker,,78746.0,,,12869556.0,0.0003
31/12/2024,Care Super,Balanced,Listed Equity,1,DSV A/S,,DSV,BB Ticker,DC,38819.0,,,13311363.0,0.0003
31/12/2024,Care Super,Balanced,Listed Equity,1,Duke Energy Corp,,DUK,BB Ticker,US,11739.0,,,2042702.0,0.0
31/12/2024,Care Super,Balanced,Listed Equity,1,DuPont de Nemours Inc,,DD,BB Ticker,US,55916.0,,,6886226.0,0.0002
31/12/2024,Care Super,Balanced,Listed Equity,1,Dutch Bros Inc,,BROS,BB Ticker,US,31691.0,,,2681046.0,0.0001
31/12/2024,Care Super,Balanced,Listed Equity,1,Dynatrace Inc,,DT,BB Ticker,US,53588.0,,,4704064.0,0.0001
31/12/2024,Care Super,Balanced,Listed Equity,1,E Ink Holdings Inc,,8069,BB Ticker,TT,41570.0,,,559084.0,0.0
31/12/2024,Care Super,Balanced,Listed Equity,1,E.ON SE,,EOAN,BB Ticker,GR,29599.0,,,556652.0,0.0
31/12/2024,Care Super,Balanced,Listed Equity,1,E.Sun Financial Holding Co Ltd,,2884,BB Ticker,TT,19632.0,,,26065.0,0.0
31/12/2024,Care Super,Balanced,Listed Equity,1,Eagers Automotive Ltd,,APE,BB Ticker,AU,338980.0,,,4013521.0,0.0001
31/12/2024,Care Super,Balanced,Listed Equity,1,East Japan Railway Co,,9020,BB Ticker,JP,13069.0,,,375394.0,0.0
31/12/2024,Care Super,Balanced,Listed Equity,1,Eastroc Beverage Group Co Ltd,,605499,BB Ticker,C1,25528.0,,,1403799.0,0.0
31/12/2024,Care Super,Balanced,Listed Equity,1,Eaton Corp PLC,,ETN,BB Ticker,US,21877.0,,,11726444.0,0.0003
31/12/2024,Care Super,Balanced,Listed Equity,1,eBay Inc,,EBAY,BB Ticker,US,95158.0,,,9521163.0,0.0002
31/12/2024,Care Super,Balanced,Listed Equity,1,EBOS Group Ltd,,EBO,BB Ticker,AU,410519.0,,,13953524.0,0.0003
31/12/2024,Care Super,Balanced,Listed Equity,1,Ecolab Inc,,ECL,BB Ticker,US,23825.0,,,9016647.0,0.0002
31/12/2024,Care Super,Balanced,Listed Equity,1,Edison International,,EIX,BB Ticker,US,124167.0,,,16011396.0,0.0004
31/12/2024,Care Super,Balanced,Listed Equity,1,EDP SA,,EDP,BB Ticker,PL,40216.0,,,207898.0,0.0
31/12/2024,Care Super,Balanced,Listed Equity,1,Edwards Lifesciences Corp,,EW,BB Ticker,US,167678.0,,,20048831.0,0.0005
31/12/2024,Care Super,Balanced,Listed Equity,1,Eiffage SA,,FGR,BB Ticker,FP,7737.0,,,1096314.0,0.0
31/12/2024,Care Super,Balanced,Listed Equity,1,Elders Ltd,,ELD,BB Ticker,AU,1453801.0,,,10409217.0,0.0002
31/12/2024,Care Super,Balanced,Listed Equity,1,Eldorado Gold Corp,,EGO,BB Ticker,US,140683.0,,,3378746.0,0.0001
31/12/2024,Care Super,Balanced,Listed Equity,1,Electronic Arts Inc,,EA,BB Ticker,US,152754.0,,,36094462.0,0.0009
31/12/2024,Care Super,Balanced,Listed Equity,1,Elevance Health Inc,,ELV,BB Ticker,US,8715.0,,,5192570.0,0.0001
31/12/2024,Care Super,Balanced,Listed Equity,1,elf Beauty Inc,,ELF,BB Ticker,US,90625.0,,,18376702.0,0.0004
31/12/2024,Care Super,Balanced,Listed Equity,1,Elgi Equipments Ltd,,ELEQ,BB Ticker,IN,205914.0,,,2252287.0,0.0001
31/12/2024,Care Super,Balanced,Listed Equity,1,Eli Lilly & Co,,LLY,BB Ticker,US,40908.0,,,51006654.0,0.0012
31/12/2024,Care Super,Balanced,Listed Equity,1,Elia Group SA/NV,,ELI,BB Ticker,BB,442.0,,,54995.0,0.0
31/12/2024,Care Super,Balanced,Listed Equity,1,Embraer SA,,EMBR3,BB Ticker,BZ,235583.0,,,3460750.0,0.0001
31/12/2024,Care Super,Balanced,Listed Equity,1,EMCOR Group Inc,,EME,BB Ticker,US,4429.0,,,3246714.0,0.0001
31/12/2024,Care Super,Balanced,Listed Equity,1,Emera Inc,,EMA,BB Ticker,CN,3434.0,,,207229.0,0.0
31/12/2024,Care Super,Balanced,Listed Equity,1,Emerald Resources NL,,EMR,BB Ticker,AU,717803.0,,,2332861.0,0.0001
31/12/2024,Care Super,Balanced,Listed Equity,1,Emerson Electric Co,,EMR,BB Ticker,US,11914.0,,,2384650.0,0.0001
31/12/2024,Care Super,Balanced,Listed Equity,1,Empire Co Ltd,,EMP/A,BB Ticker,CN,7878.0,,,388312.0,0.0
31/12/2024,Care Super,Balanced,Listed Equity,1,Empresas Copec SA,,COPEC,BB Ticker,CI,49317.0,,,486870.0,0.0
31/12/2024,Care Super,Balanced,Listed Equity,1,EMS-Chemie Holding AG,,EMSN,BB Ticker,SW,1005.0,,,1094835.0,0.0
31/12/2024,Care Super,Balanced,Listed Equity,1,Enagas SA,,ENG,BB Ticker,SM,3012.0,,,59345.0,0.0
31/12/2024,Care Super,Balanced,Listed Equity,1,Enbridge Inc,,ENB,BB Ticker,CN,65304.0,,,4474331.0,0.0001
31/12/2024,Care Super,Balanced,Listed Equity,1,Enchem Co Ltd,,348370,BB Ticker,KS,226.0,,,33000.0,0.0
31/12/2024,Care Super,Balanced,Listed Equity,1,Endava PLC,,DAVA,BB Ticker,US,63890.0,,,3188561.0,0.0001
31/12/2024,Care Super,Balanced,Listed Equity,1,Endeavour Group Ltd/Australia,,EDV,BB Ticker,AU,2581500.0,,,10842299.0,0.0003
31/12/2024,Care Super,Balanced,Listed Equity,1,Endesa SA,,ELE,BB Ticker,SM,61055.0,,,2120848.0,0.0001
31/12/2024,Care Super,Balanced,Listed Equity,1,Enel Chile SA,,ENELCHIL,BB Ticker,CI,2766033.0,,,258294.0,0.0
31/12/2024,Care Super,Balanced,Listed Equity,1,Enel SpA,,ENEL,BB Ticker,IM,1379003.0,,,15881312.0,0.0004
31/12/2024,Care Super,Balanced,Listed Equity,1,ENEOS Holdings Inc,,5020,BB Ticker,JP,80445.0,,,683127.0,0.0
31/12/2024,Care Super,Balanced,Listed Equity,1,Engie SA,,ENGI,BB Ticker,FP,172933.0,,,4428001.0,0.0001
31/12/2024,Care Super,Balanced,Listed Equity,1,Eni SpA,,ENI,BB Ticker,IM,87603.0,,,1917847.0,0.0
31/12/2024,Care Super,Balanced,Listed Equity,1,Enphase Energy Inc,,ENPH,BB Ticker,US,96328.0,,,10685336.0,0.0003
31/12/2024,Care Super,Balanced,Listed Equity,1,Ensign Group Inc/The,,ENSG,BB Ticker,US,53383.0,,,11455266.0,0.0003
31/12/2024,Care Super,Balanced,Listed Equity,1,Entergy Corp,,ETR,BB Ticker,US,4985.0,,,610483.0,0.0
31/12/2024,Care Super,Balanced,Listed Equity,1,EOG Resources Inc,,EOG,BB Ticker,US,30883.0,,,6114171.0,0.0001
31/12/2024,Care Super,Balanced,Listed Equity,1,Eoptolink Technology Inc Ltd,,300502,BB Ticker,C2,6543.0,,,167345.0,0.0
31/12/2024,Care Super,Balanced,Listed Equity,1,EPAM Systems Inc,,EPAM,BB Ticker,US,2528.0,,,954716.0,0.0
31/12/2024,Care Super,Balanced,Listed Equity,1,Epiroc AB,,EPIA,BB Ticker,SS,5267.0,,,148246.0,0.0
31/12/2024,Care Super,Balanced,Listed Equity,1,EQT AB,,EQT,BB Ticker,SS,14553.0,,,651174.0,0.0
31/12/2024,Care Super,Balanced,Listed Equity,1,EQT Corp,,EQT,BB Ticker,US,135787.0,,,10112444.0,0.0002
31/12/2024,Care Super,Balanced,Listed Equity,1,Equifax Inc,,EFX,BB Ticker,US,62566.0,,,25752880.0,0.0006
31/12/2024,Care Super,Balanced,Listed Equity,1,Equinor ASA,,EQNR,BB Ticker,NO,160426.0,,,6054842.0,0.0001
31/12/2024,Care Super,Balanced,Listed Equity,1,Equitable Holdings Inc,,EQH,BB Ticker,US,102297.0,,,7793513.0,0.0002
31/12/2024,Care Super,Balanced,Listed Equity,1,Erste Group Bank AG,,EBS,BB Ticker,AV,45927.0,,,4582487.0,0.0001
31/12/2024,Care Super,Balanced,Listed Equity,1,Esperion Therapeutics Inc,,ESPR,BB Ticker,US,223335.0,,,793568.0,0.0
31/12/2024,Care Super,Balanced,Listed Equity,1,Essential Utilities Inc,,WTRG,BB Ticker,US,2912.0,,,170845.0,0.0
31/12/2024,Care Super,Balanced,Listed Equity,1,EssilorLuxottica SA,,EL,BB Ticker,FP,3367.0,,,1326764.0,0.0
31/12/2024,Care Super,Balanced,Listed Equity,1,Essity AB,,ESSITYB,BB Ticker,SS,4042.0,,,174723.0,0.0
31/12/2024,Care Super,Balanced,Listed Equity,1,Etihad Etisalat Co,,EEC,BB Ticker,AB,6383.0,,,146522.0,0.0
31/12/2024,Care Super,Balanced,Listed Equity,1,Etsy Inc,,ETSY,BB Ticker,US,2689.0,,,229700.0,0.0
31/12/2024,Care Super,Balanced,Listed Equity,1,Eurazeo SE,,RF,BB Ticker,FP,1507.0,,,181377.0,0.0
31/12/2024,Care Super,Balanced,Listed Equity,1,Eurobank Ergasias Services and Holdings SA,,EUROB,BB Ticker,GA,136773.0,,,510104.0,0.0
31/12/2024,Care Super,Balanced,Listed Equity,1,Euronext NV,,ENX,BB Ticker,FP,6005.0,,,1087752.0,0.0
31/12/2024,Care Super,Balanced,Listed Equity,1,Eutelsat Communications SACA,,ETL,BB Ticker,FP,1582.0,,,6000.0,0.0
31/12/2024,Care Super,Balanced,Listed Equity,1,Eva Airways Corp,,2618,BB Ticker,TT,329933.0,,,720866.0,0.0
31/12/2024,Care Super,Balanced,Listed Equity,1,Evercore Inc,,EVR,BB Ticker,US,1266.0,,,566590.0,0.0
31/12/2024,Care Super,Balanced,Listed Equity,1,Everest Group Ltd,,EG,BB Ticker,US,2341.0,,,1370286.0,0.0
31/12/2024,Care Super,Balanced,Listed Equity,1,Evergreen Marine Corp Taiwan Ltd,,2603,BB Ticker,TT,43879.0,,,486383.0,0.0
31/12/2024,Care Super,Balanced,Listed Equity,1,Evergy Inc,,EVRG,BB Ticker,US,11312.0,,,1124538.0,0.0
31/12/2024,Care Super,Balanced,Listed Equity,1,Eversource Energy,,ES,BB Ticker,US,4110.0,,,381229.0,0.0
31/12/2024,Care Super,Balanced,Listed Equity,1,EVN AG,,EVN,BB Ticker,AV,442.0,,,16262.0,0.0
31/12/2024,Care Super,Balanced,Listed Equity,1,Evolution AB,,EVO,BB Ticker,SS,21726.0,,,2708268.0,0.0001
31/12/2024,Care Super,Balanced,Listed Equity,1,Evolution Mining Ltd,,EVN,BB Ticker,AU,6172873.0,,,29691519.0,0.0007
31/12/2024,Care Super,Balanced,Listed Equity,1,Evonik Industries AG,,EVK,BB Ticker,GR,178488.0,,,4994126.0,0.0001
31/12/2024,Care Super,Balanced,Listed Equity,1,EVT Ltd,,EVT,BB Ticker,AU,23250.0,,,264587.0,0.0
31/12/2024,Care Super,Balanced,Listed Equity,1,Exelixis Inc,,EXEL,BB Ticker,US,20028.0,,,1077187.0,0.0
31/12/2024,Care Super,Balanced,Listed Equity,1,Exelon Corp,,EXC,BB Ticker,US,182565.0,,,11098648.0,0.0003
31/12/2024,Care Super,Balanced,Listed Equity,1,EXOR NV,,EXO,BB Ticker,,1574.0,,,233107.0,0.0
31/12/2024,Care Super,Balanced,Listed Equity,1,Chesapeake Energy Corp,,CHK,BB Ticker,US,10400.0,,,1672192.0,0.0
31/12/2024,Care Super,Balanced,Listed Equity,1,Expedia Group Inc,,EXPE,BB Ticker,US,21088.0,,,6346173.0,0.0001
31/12/2024,Care Super,Balanced,Listed Equity,1,Experian PLC,,EXPN,BB Ticker,LN,6718.0,,,468158.0,0.0
31/12/2024,Care Super,Balanced,Listed Equity,1,Exxon Mobil Corp,,XOM,BB Ticker,US,151993.0,,,26406938.0,0.0006
31/12/2024,Care Super,Balanced,Listed Equity,1,F5 Inc,,FFIV,BB Ticker,US,11581.0,,,4703694.0,0.0001
31/12/2024,Care Super,Balanced,Listed Equity,1,Fabrinet,,FN,BB Ticker,US,1505.0,,,534468.0,0.0
31/12/2024,Care Super,Balanced,Listed Equity,1,FactSet Research Systems Inc,,FDS,BB Ticker,US,29427.0,,,22826687.0,0.0005
31/12/2024,Care Super,Balanced,Listed Equity,1,Fair Isaac Corp,,FICO,BB Ticker,US,1538.0,,,4945851.0,0.0001
31/12/2024,Care Super,Balanced,Listed Equity,1,Fairfax Financial Holdings Ltd,,FFH,BB Ticker,CN,3709.0,,,8330423.0,0.0002
31/12/2024,Care Super,Balanced,Listed Equity,1,Falabella SA,,FALAB,BB Ticker,CI,136269.0,,,777878.0,0.0
31/12/2024,Care Super,Balanced,Listed Equity,1,FANUC Corp,,6954,BB Ticker,JP,5274.0,,,226286.0,0.0
31/12/2024,Care Super,Balanced,Listed Equity,1,Fast Retailing Co Ltd,,9983,BB Ticker,JP,4400.0,,,2433682.0,0.0001
31/12/2024,Care Super,Balanced,Listed Equity,1,Fastenal Co,,FAST,BB Ticker,US,59352.0,,,6893306.0,0.0002
31/12/2024,Care Super,Balanced,Listed Equity,1,FedEx Corp,,FDX,BB Ticker,US,3079.0,,,1399154.0,0.0
31/12/2024,Care Super,Balanced,Listed Equity,1,Ferrari NV,,RACEM,BB Ticker,BQ,3587.0,,,2473723.0,0.0001
31/12/2024,Care Super,Balanced,Listed Equity,1,Fidelity National Financial Inc,,FNF,BB Ticker,US,39704.0,,,3600059.0,0.0001
31/12/2024,Care Super,Balanced,Listed Equity,1,Fidelity National Information Services Inc,,FIS,BB Ticker,US,202471.0,,,26412964.0,0.0006
31/12/2024,Care Super,Balanced,Listed Equity,1,Fifth Third Bancorp,,FITB,BB Ticker,US,24838.0,,,1696118.0,0.0
31/12/2024,Care Super,Balanced,Listed Equity,1,Firefinch Ltd,,FFX,BB Ticker,AU,431197.0,,,0.0,0.0
31/12/2024,Care Super,Balanced,Listed Equity,1,First Abu Dhabi Bank PJSC,,FAB,BB Ticker,UH,603318.0,,,3645107.0,0.0001
31/12/2024,Care Super,Balanced,Listed Equity,1,First Citizens BancShares Inc/NC,,FCNCA,BB Ticker,US,834.0,,,2845258.0,0.0001
31/12/2024,Care Super,Balanced,Listed Equity,1,First Horizon Corp,,FHN,BB Ticker,US,17913.0,,,582675.0,0.0
31/12/2024,Care Super,Balanced,Listed Equity,1,First Solar Inc,,FSLR,BB Ticker,US,3479.0,,,990231.0,0.0
31/12/2024,Care Super,Balanced,Listed Equity,1,FirstEnergy Corp,,FE,BB Ticker,US,6640.0,,,426606.0,0.0
31/12/2024,Care Super,Balanced,Listed Equity,1,Firstgroup PLC,,FGP,BB Ticker,LN,7089.0,,,23043.0,0.0
31/12/2024,Care Super,Balanced,Listed Equity,1,Fiserv Inc,,FI,BB Ticker,US,87652.0,,,29080854.0,0.0007
31/12/2024,Care Super,Balanced,Listed Equity,1,Fisher & Paykel Healthcare Corp Ltd,,FPH,BB Ticker,AU,1500585.0,,,52445453.0,0.0012
31/12/2024,Care Super,Balanced,Listed Equity,1,Five Below Inc,,FIVE,BB Ticker,US,46039.0,,,7804604.0,0.0002
31/12/2024,Care Super,Balanced,Listed Equity,1,Five-Star Business Finance Ltd,,FIVESTAR,BB Ticker,IN,352340.0,,,5143418.0,0.0001
31/12/2024,Care Super,Balanced,Listed Equity,1,Corpay Inc,,CPAY,BB Ticker,US,11666.0,,,6376360.0,0.0002
31/12/2024,Care Super,Balanced,Listed Equity,1,FleetPartners Group Ltd,,FPR,BB Ticker,AU,1818995.0,,,4893096.0,0.0001
31/12/2024,Care Super,Balanced,Listed Equity,1,Fletcher Building Ltd,,FBU,BB Ticker,AU,11941717.0,,,30451379.0,0.0007
31/12/2024,Care Super,Balanced,Listed Equity,1,Flex Ltd,,FLEX,BB Ticker,US,155631.0,,,9649822.0,0.0002
31/12/2024,Care Super,Balanced,Listed Equity,1,Flight Centre Travel Group Ltd,,FLT,BB Ticker,AU,917688.0,,,15307031.0,0.0004
31/12/2024,Care Super,Balanced,Listed Equity,1,Floor & Decor Holdings Inc,,FND,BB Ticker,US,12924.0,,,2081055.0,0.0
31/12/2024,Care Super,Balanced,Listed Equity,1,Fluence Corp Ltd,,FLC,BB Ticker,AU,157669.0,,,11352.0,0.0
31/12/2024,Care Super,Balanced,Listed Equity,1,Flughafen Zurich AG,,FHZN,BB Ticker,SW,238.0,,,92150.0,0.0
31/12/2024,Care Super,Balanced,Listed Equity,1,Flutter Entertainment PLC,,FLTRL,BB Ticker,TQ,45576.0,,,19101760.0,0.0005
31/12/2024,Care Super,Balanced,Listed Equity,1,FMC Corp,,FMC,BB Ticker,US,20169.0,,,1583494.0,0.0
31/12/2024,Care Super,Balanced,Listed Equity,1,Fomento Economico Mexicano SAB de CV,,FMX,BB Ticker,US,141035.0,,,19473651.0,0.0005
31/12/2024,Care Super,Balanced,Listed Equity,1,Ford Motor Co,,F,BB Ticker,US,81653.0,,,1305597.0,0.0
31/12/2024,Care Super,Balanced,Listed Equity,1,Fortescue Ltd,,FMG,BB Ticker,AU,2191391.0,,,39992881.0,0.0009
31/12/2024,Care Super,Balanced,Listed Equity,1,Fortinet Inc,,FTNT,BB Ticker,US,51943.0,,,7926277.0,0.0002
31/12/2024,Care Super,Balanced,Listed Equity,1,Fortis Inc/Canada,,FTS,BB Ticker,CN,97043.0,,,6509378.0,0.0002
31/12/2024,Care Super,Balanced,Listed Equity,1,Fortive Corp,,FTV,BB Ticker,US,11133.0,,,1348588.0,0.0
31/12/2024,Care Super,Balanced,Listed Equity,1,Fortune Electric Co Ltd,,1519,SEDOL,TT,14626.0,,,405679.0,0.0
31/12/2024,Care Super,Balanced,Listed Equity,1,Fox Corp,,FOXA,BB Ticker,US,26752.0,,,2098990.0,0.0
31/12/2024,Care Super,Balanced,Listed Equity,1,Foxconn Industrial Internet Co Ltd,,601138,BB Ticker,C1,61662.0,,,293347.0,0.0
31/12/2024,Care Super,Balanced,Listed Equity,1,Franco-Nevada Corp,,FNV,BB Ticker,CN,8156.0,,,1547221.0,0.0
31/12/2024,Care Super,Balanced,Listed Equity,1,Franco-Nevada Corp,,FNV,BB Ticker,US,32310.0,,,6136350.0,0.0001
31/12/2024,Care Super,Balanced,Listed Equity,1,Fraport AG Frankfurt Airport Services Worldwide,,FRA,BB Ticker,GR,440.0,,,43009.0,0.0
31/12/2024,Care Super,Balanced,Listed Equity,1,Freeport-McMoRan Inc,,FCX,BB Ticker,US,58225.0,,,3581041.0,0.0001
31/12/2024,Care Super,Balanced,Listed Equity,1,Fresenius Medical Care AG,,FME,BB Ticker,GR,230829.0,,,17047976.0,0.0004
31/12/2024,Care Super,Balanced,Listed Equity,1,Fresenius SE & Co KGaA,,FRE,BB Ticker,GR,100698.0,,,5648562.0,0.0001
31/12/2024,Care Super,Balanced,Listed Equity,1,Freshpet Inc,,FRPT,BB Ticker,US,31538.0,,,7544295.0,0.0002
31/12/2024,Care Super,Balanced,Listed Equity,1,Frontier Communications Parent Inc,,FYBR,BB Ticker,US,30712.0,,,1721224.0,0.0
31/12/2024,Care Super,Balanced,Listed Equity,1,Fubon Financial Holding Co Ltd,,2881,BB Ticker,TT,6059.0,,,26955.0,0.0
31/12/2024,Care Super,Balanced,Listed Equity,1,Fuji Electric Co Ltd,,6504,BB Ticker,JP,33795.0,,,2972243.0,0.0001
31/12/2024,Care Super,Balanced,Listed Equity,1,Fujikura Ltd,,5803,BB Ticker,JP,27636.0,,,1859733.0,0.0
31/12/2024,Care Super,Balanced,Listed Equity,1,Fujitsu Ltd,,6702,BB Ticker,JP,328424.0,,,9448815.0,0.0002
31/12/2024,Care Super,Balanced,Listed Equity,1,Furukawa Electric Co Ltd,,5801,SEDOL,JP,8237.0,,,565891.0,0.0
31/12/2024,Care Super,Balanced,Listed Equity,1,Futu Holdings Ltd,,FUTU,BB Ticker,US,6499.0,,,839596.0,0.0
31/12/2024,Care Super,Balanced,Listed Equity,1,G8 Education Ltd,,GEM,BB Ticker,AU,162550.0,,,212128.0,0.0
31/12/2024,Care Super,Balanced,Listed Equity,1,Galaxy Entertainment Group Ltd,,27,BB Ticker,HK,1201679.0,,,8245176.0,0.0002
31/12/2024,Care Super,Balanced,Listed Equity,1,Garmin Ltd,,GRMN,BB Ticker,US,20081.0,,,6689783.0,0.0002
31/12/2024,Care Super,Balanced,Listed Equity,1,Gartner Inc,,IT,BB Ticker,US,22127.0,,,17313645.0,0.0004
31/12/2024,Care Super,Balanced,Listed Equity,1,Gaztransport Et Technigaz SA,,GTT,BB Ticker,FP,5155.0,,,1108820.0,0.0
31/12/2024,Care Super,Balanced,Listed Equity,1,GE Aerospace,,GE,BB Ticker,US,53457.0,,,14400639.0,0.0003
31/12/2024,Care Super,Balanced,Listed Equity,1,GE Vernova Inc,,GEV,BB Ticker,US,4155.0,,,2207628.0,0.0001
31/12/2024,Care Super,Balanced,Listed Equity,1,GEA Group AG,,G1A,BB Ticker,GR,40182.0,,,3213655.0,0.0001
31/12/2024,Care Super,Balanced,Listed Equity,1,Geberit AG,,GEBN,BB Ticker,SW,786.0,,,720837.0,0.0
31/12/2024,Care Super,Balanced,Listed Equity,1,Geely Automobile Holdings Ltd,,175,BB Ticker,HK,8362.0,,,25766.0,0.0
31/12/2024,Care Super,Balanced,Listed Equity,1,General Mills Inc,,GIS,BB Ticker,US,36.0,,,3732.0,0.0
31/12/2024,Care Super,Balanced,Listed Equity,1,General Motors Co,,GM,BB Ticker,US,48457.0,,,4169081.0,0.0001
31/12/2024,Care Super,Balanced,Listed Equity,1,Generali,,G,BB Ticker,IM,24195.0,,,1103492.0,0.0
31/12/2024,Care Super,Balanced,Listed Equity,1,Generation Development Group Ltd,,GDG,BB Ticker,AU,1008100.0,,,3629159.0,0.0001
31/12/2024,Care Super,Balanced,Listed Equity,1,Genesis Minerals Ltd,,GMD,BB Ticker,AU,1595883.0,,,3941831.0,0.0001
31/12/2024,Care Super,Balanced,Listed Equity,1,Genmab A/S,,GMAB,BB Ticker,DC,5252.0,,,1757869.0,0.0
31/12/2024,Care Super,Balanced,Listed Equity,1,Genmab A/S,,GMAB,BB Ticker,US,18622.0,,,627694.0,0.0
31/12/2024,Care Super,Balanced,Listed Equity,1,Genting Singapore Ltd,,GENS,BB Ticker,SP,781582.0,,,707884.0,0.0
31/12/2024,Care Super,Balanced,Listed Equity,1,Gentrack Group Ltd,,GTK,BB Ticker,AU,645136.0,,,7477129.0,0.0002
31/12/2024,Care Super,Balanced,Listed Equity,1,George Weston Ltd,,WN,BB Ticker,CN,1053.0,,,264252.0,0.0
31/12/2024,Care Super,Balanced,Listed Equity,1,Gerdau SA,,GGBR4,BB Ticker,BZ,48744.0,,,231166.0,0.0
31/12/2024,Care Super,Balanced,Listed Equity,1,Getlink SE,,GET,BB Ticker,FP,5315.0,,,136926.0,0.0
31/12/2024,Care Super,Balanced,Listed Equity,1,Gildan Activewear Inc,,GIL,BB Ticker,CN,27354.0,,,2078136.0,0.0
31/12/2024,Care Super,Balanced,Listed Equity,1,Gilead Sciences Inc,,GILD,BB Ticker,US,75913.0,,,11325315.0,0.0003
31/12/2024,Care Super,Balanced,Listed Equity,1,Givaudan SA,,GIVN,BB Ticker,SW,795.0,,,5618037.0,0.0001
31/12/2024,Care Super,Balanced,Listed Equity,1,Glencore PLC,,GLEN,BB Ticker,LN,172840.0,,,1235543.0,0.0
31/12/2024,Care Super,Balanced,Listed Equity,1,Global Payments Inc,,GPN,BB Ticker,US,108313.0,,,19603528.0,0.0005
31/12/2024,Care Super,Balanced,Listed Equity,1,Globant SA,,GLOB,BB Ticker,US,57008.0,,,19742766.0,0.0005
31/12/2024,Care Super,Balanced,Listed Equity,1,GMO Payment Gateway Inc,,3769,BB Ticker,JP,46574.0,,,3815186.0,0.0001
31/12/2024,Care Super,Balanced,Listed Equity,1,GMR Airports Ltd,,GMRAIRPO,BB Ticker,IN,1744571.0,,,2585537.0,0.0001
31/12/2024,Care Super,Balanced,Listed Equity,1,GoDaddy Inc,,GDDY,BB Ticker,US,45077.0,,,14369514.0,0.0003
31/12/2024,Care Super,Balanced,Listed Equity,1,Gold Fields Ltd,,GFI,BB Ticker,SJ,19837.0,,,419538.0,0.0
31/12/2024,Care Super,Balanced,Listed Equity,1,Gold Road Resources Ltd,,GOR,BB Ticker,AU,4834803.0,,,9911346.0,0.0002
31/12/2024,Care Super,Balanced,Listed Equity,1,Goldman Sachs Group Inc/The,,GS,BB Ticker,US,15866.0,,,14673511.0,0.0003
31/12/2024,Care Super,Balanced,Listed Equity,1,GQG Partners Inc,,GQG,BB Ticker,AU,6721691.0,,,13913901.0,0.0003
31/12/2024,Care Super,Balanced,Listed Equity,1,Grab Holdings Ltd,,GRAB,BB Ticker,US,384161.0,,,2928599.0,0.0001
31/12/2024,Care Super,Balanced,Listed Equity,1,Graco Inc,,GGG,BB Ticker,US,25445.0,,,3464094.0,0.0001
31/12/2024,Care Super,Balanced,Listed Equity,1,GrainCorp Ltd,,GNC,BB Ticker,AU,378133.0,,,2775500.0,0.0001
31/12/2024,Care Super,Balanced,Listed Equity,1,Graphic Packaging Holding Co,,GPK,BB Ticker,US,13456.0,,,590284.0,0.0
31/12/2024,Care Super,Balanced,Listed Equity,1,Great-West Lifeco Inc,,GWO,BB Ticker,CN,41123.0,,,2201503.0,0.0001
31/12/2024,Care Super,Balanced,Listed Equity,1,Gree Electric Appliances Inc of Zhuhai,,000651,BB Ticker,C2,19784.0,,,198966.0,0.0
31/12/2024,Care Super,Balanced,Listed Equity,1,Grupo Aeroportuario del Sureste SAB de CV,,ASURB,BB Ticker,MM,11170.0,,,463916.0,0.0
31/12/2024,Care Super,Balanced,Listed Equity,1,Grupo Financiero Banorte SAB de CV,,GFNORTEO,BB Ticker,MM,2339.0,,,24339.0,0.0
31/12/2024,Care Super,Balanced,Listed Equity,1,Grupo Financiero Inbursa SAB de CV,,GFINBURO,BB Ticker,MM,28087.0,,,94666.0,0.0
31/12/2024,Care Super,Balanced,Listed Equity,1,Grupo Mexico SAB de CV,,GMEXICOB,BB Ticker,MM,779595.0,,,5990864.0,0.0001
31/12/2024,Care Super,Balanced,Listed Equity,1,GS Yuasa Corp,,6674,BB Ticker,JP,109.0,,,2971.0,0.0
31/12/2024,Care Super,Balanced,Listed Equity,1,GSK PLC,,GSK,BB Ticker,LN,509774.0,,,13884522.0,0.0003
31/12/2024,Care Super,Balanced,Listed Equity,1,Gudeng Precision Industrial Co Ltd,,3680,BB Ticker,TT,120861.0,,,2899677.0,0.0001
31/12/2024,Care Super,Balanced,Listed Equity,1,Guidewire Software Inc,,GWRE,BB Ticker,US,25441.0,,,6926929.0,0.0002
31/12/2024,Care Super,Balanced,Listed Equity,1,Guzman y Gomez Ltd,,GYG,BB Ticker,AU,342568.0,,,13897986.0,0.0003
31/12/2024,Care Super,Balanced,Listed Equity,1,GWA Group Ltd,,GWA,BB Ticker,AU,54560.0,,,132035.0,0.0
31/12/2024,Care Super,Balanced,Listed Equity,1,H Lundbeck A/S,,HLUNB,BB Ticker,DC,299485.0,,,2775304.0,0.0001
31/12/2024,Care Super,Balanced,Listed Equity,1,H World Group Ltd,,HTHT,BB Ticker,US,23787.0,,,1268985.0,0.0
31/12/2024,Care Super,Balanced,Listed Equity,1,H&R Block Inc,,HRB,BB Ticker,US,54129.0,,,4619497.0,0.0001
31/12/2024,Care Super,Balanced,Listed Equity,1,Haidilao International Holding Ltd,,6862,BB Ticker,HK,202461.0,,,669323.0,0.0
31/12/2024,Care Super,Balanced,Listed Equity,1,Haleon PLC,,HLN,BB Ticker,LN,6185439.0,,,47219304.0,0.0011
31/12/2024,Care Super,Balanced,Listed Equity,1,Halliburton Co,,HAL,BB Ticker,US,1124.0,,,49339.0,0.0
31/12/2024,Care Super,Balanced,Listed Equity,1,Hamilton Lane Inc,,HLNE,BB Ticker,US,27639.0,,,6608892.0,0.0002
31/12/2024,Care Super,Balanced,Listed Equity,1,Hana Financial Group Inc,,086790,BB Ticker,KS,23585.0,,,1469711.0,0.0
31/12/2024,Care Super,Balanced,Listed Equity,1,Hang Seng Bank Ltd,,11,SEDOL,HK,49313.0,,,979702.0,0.0
31/12/2024,Care Super,Balanced,Listed Equity,1,Hangzhou Robam Appliances Co Ltd,,002508,BB Ticker,C2,386702.0,,,1833682.0,0.0
31/12/2024,Care Super,Balanced,Listed Equity,1,Hangzhou Tigermed Consulting Co Ltd,,3347,BB Ticker,HK,350446.0,,,2244240.0,0.0001
31/12/2024,Care Super,Balanced,Listed Equity,1,Hankook Tire & Technology Co Ltd,,161390,BB Ticker,KS,6988.0,,,294414.0,0.0
31/12/2024,Care Super,Balanced,Listed Equity,1,Hannover Rueck SE,,HNR1,BB Ticker,GR,14294.0,,,5770821.0,0.0001
31/12/2024,Care Super,Balanced,Listed Equity,1,Hansen Technologies Ltd,,HSN,BB Ticker,AU,29905.0,,,159994.0,0.0
31/12/2024,Care Super,Balanced,Listed Equity,1,Hansoh Pharmaceutical Group Co Ltd,,3692,BB Ticker,HK,130868.0,,,470193.0,0.0
31/12/2024,Care Super,Balanced,Listed Equity,1,Hargreaves Lansdown PLC,,HL/,BB Ticker,LN,49670.0,,,1103171.0,0.0
31/12/2024,Care Super,Balanced,Listed Equity,1,Harmony Gold Mining Co Ltd,,HAR,BB Ticker,SJ,79238.0,,,1021936.0,0.0
31/12/2024,Care Super,Balanced,Listed Equity,1,Hartford Financial Services Group Inc/The,,HIG,BB Ticker,US,48020.0,,,8484819.0,0.0002
31/12/2024,Care Super,Balanced,Listed Equity,1,Harvey Norman Holdings Ltd,,HVN,BB Ticker,AU,808306.0,,,3774790.0,0.0001
31/12/2024,Care Super,Balanced,Listed Equity,1,Hasbro Inc,,HAS,BB Ticker,US,43462.0,,,3924688.0,0.0001
31/12/2024,Care Super,Balanced,Listed Equity,1,Hawaiian Electric Industries Inc,,HE,BB Ticker,US,1929.0,,,30322.0,0.0
31/12/2024,Care Super,Balanced,Listed Equity,1,HCA Healthcare Inc,,HCA,BB Ticker,US,39201.0,,,19003862.0,0.0004
31/12/2024,Care Super,Balanced,Listed Equity,1,HCL Technologies Ltd,,HCLT,BB Ticker,IN,106669.0,,,3858439.0,0.0001
31/12/2024,Care Super,Balanced,Listed Equity,1,HD Hyundai Electric Co Ltd,,267260,BB Ticker,KS,1825.0,,,764949.0,0.0
31/12/2024,Care Super,Balanced,Listed Equity,1,HDFC Asset Management Co Ltd,,HDFCAMC,BB Ticker,IN,5328.0,,,422052.0,0.0
31/12/2024,Care Super,Balanced,Listed Equity,1,HDFC Bank Ltd,,HDB,BB Ticker,US,266926.0,,,27531149.0,0.0006
31/12/2024,Care Super,Balanced,Listed Equity,1,HDFC Bank Ltd,,HDFCB,BB Ticker,IN,802643.0,,,26844491.0,0.0006
31/12/2024,Care Super,Balanced,Listed Equity,1,HDFC Life Insurance Co Ltd,,HDFCLIFE,BB Ticker,IN,23017.0,,,267931.0,0.0
31/12/2024,Care Super,Balanced,Listed Equity,1,Healius Ltd,,HLS,BB Ticker,AU,2367734.0,,,3243796.0,0.0001
31/12/2024,Care Super,Balanced,Listed Equity,1,HealthEquity Inc,,HQY,BB Ticker,US,119342.0,,,18494468.0,0.0004
31/12/2024,Care Super,Balanced,Listed Equity,1,HEICO Corp,,HEI,BB Ticker,US,6935.0,,,2662983.0,0.0001
31/12/2024,Care Super,Balanced,Listed Equity,1,Heineken Holding NV,,HEIO,BB Ticker,,52234.0,,,5053715.0,0.0001
31/12/2024,Care Super,Balanced,Listed Equity,1,Heineken NV,,HEIA,BB Ticker,,152916.0,,,17569649.0,0.0004
31/12/2024,Care Super,Balanced,Listed Equity,1,Helia Group Ltd,,HLI,BB Ticker,AU,58127.0,,,259827.0,0.0
31/12/2024,Care Super,Balanced,Listed Equity,1,Helios Technologies Inc,,HLIO,BB Ticker,US,51953.0,,,3745763.0,0.0001
31/12/2024,Care Super,Balanced,Listed Equity,1,Helios Towers PLC,,HTWS,BB Ticker,LN,11719.0,,,21691.0,0.0
31/12/2024,Care Super,Balanced,Listed Equity,1,Hellenic Telecommunications Organization SA,,HTO,BB Ticker,GA,7032.0,,,175005.0,0.0
31/12/2024,Care Super,Balanced,Listed Equity,1,Helvetia Holding AG,,HELN,BB Ticker,SW,1065.0,,,283680.0,0.0
31/12/2024,Care Super,Balanced,Listed Equity,1,Henkel AG & Co KGaA,,HEN,BB Ticker,GR,16429.0,,,2044300.0,0.0
31/12/2024,Care Super,Balanced,Listed Equity,1,Henkel AG & Co KGaA,,HEN3,BB Ticker,GR,38671.0,,,5477943.0,0.0001
31/12/2024,Care Super,Balanced,Listed Equity,1,Hera SpA,,HER,BB Ticker,IM,9855.0,,,56565.0,0.0
31/12/2024,Care Super,Balanced,Listed Equity,1,Hermes International SCA,,RMS,BB Ticker,FP,5159.0,,,20035781.0,0.0005
31/12/2024,Care Super,Balanced,Listed Equity,1,Hero MotoCorp Ltd,,HMCL,BB Ticker,IN,2472.0,,,194018.0,0.0
31/12/2024,Care Super,Balanced,Listed Equity,1,Hershey Co/The,,HSY,BB Ticker,US,5717.0,,,1563614.0,0.0
31/12/2024,Care Super,Balanced,Listed Equity,1,Hess Midstream LP,,HESM,BB Ticker,US,18391.0,,,1099916.0,0.0
31/12/2024,Care Super,Balanced,Listed Equity,1,Hewlett Packard Enterprise Co,,HPE,BB Ticker,US,78841.0,,,2718665.0,0.0001
31/12/2024,Care Super,Balanced,Listed Equity,1,HF Sinclair Corp,,DINO,BB Ticker,US,13874.0,,,785425.0,0.0
31/12/2024,Care Super,Balanced,Listed Equity,1,Hilton Worldwide Holdings Inc,,HLT,BB Ticker,US,17081.0,,,6818788.0,0.0002
31/12/2024,Care Super,Balanced,Listed Equity,1,Hims & Hers Health Inc,,HIMS,BB Ticker,US,34273.0,,,1338476.0,0.0
31/12/2024,Care Super,Balanced,Listed Equity,1,Hindustan Aeronautics Ltd,,HNAL,BB Ticker,IN,34258.0,,,2700423.0,0.0001
31/12/2024,Care Super,Balanced,Listed Equity,1,Hindustan Unilever Ltd,,HUVR,BB Ticker,IN,69076.0,,,3032208.0,0.0001
31/12/2024,Care Super,Balanced,Listed Equity,1,Hitachi Ltd,,6501,BB Ticker,JP,267298.0,,,10814935.0,0.0003
31/12/2024,Care Super,Balanced,Listed Equity,1,HMM Co Ltd,,011200,BB Ticker,KS,36832.0,,,713631.0,0.0
31/12/2024,Care Super,Balanced,Listed Equity,1,HOCHTIEF AG,,HOT,BB Ticker,GR,6914.0,,,1499700.0,0.0
31/12/2024,Care Super,Balanced,Listed Equity,1,Hokkaido Electric Power Co Inc,,9509,BB Ticker,JP,2297.0,,,19687.0,0.0
31/12/2024,Care Super,Balanced,Listed Equity,1,Hokkaido Gas Co Ltd,,9534,BB Ticker,JP,792.0,,,4542.0,0.0
31/12/2024,Care Super,Balanced,Listed Equity,1,Hokuriku Electric Power Co,,9505,BB Ticker,JP,1743.0,,,15403.0,0.0
31/12/2024,Care Super,Balanced,Listed Equity,1,Holcim AG,,HOLN,BB Ticker,SW,86120.0,,,13408236.0,0.0003
31/12/2024,Care Super,Balanced,Listed Equity,1,Hologic Inc,,HOLX,BB Ticker,US,21066.0,,,2452788.0,0.0001
31/12/2024,Care Super,Balanced,Listed Equity,1,Home Depot Inc/The,,HD,BB Ticker,US,33272.0,,,20903583.0,0.0005
31/12/2024,Care Super,Balanced,Listed Equity,1,Hon Hai Precision Industry Co Ltd,,2317,BB Ticker,TT,563237.0,,,5105576.0,0.0001
31/12/2024,Care Super,Balanced,Listed Equity,1,Honda Motor Co Ltd,,7267,BB Ticker,JP,83742.0,,,1321031.0,0.0
31/12/2024,Care Super,Balanced,Listed Equity,1,Hong Kong & China Gas Co Ltd,,3,BB Ticker,HK,127522.0,,,164655.0,0.0
31/12/2024,Care Super,Balanced,Listed Equity,1,Hong Kong Exchanges & Clearing Ltd,,388,BB Ticker,HK,58546.0,,,3588586.0,0.0001
31/12/2024,Care Super,Balanced,Listed Equity,1,Hong Leong Bank Bhd,,HLBK,BB Ticker,MK,17722.0,,,131608.0,0.0
31/12/2024,Care Super,Balanced,Listed Equity,1,Horizon Robotics Inc,,9660,BB Ticker,HK,6808229.0,,,5096058.0,0.0001
31/12/2024,Care Super,Balanced,Listed Equity,1,Howmet Aerospace Inc,,HWM,BB Ticker,US,32639.0,,,5765449.0,0.0001
31/12/2024,Care Super,Balanced,Listed Equity,1,Hoya Corp,,7741,BB Ticker,JP,6451.0,,,1313744.0,0.0
31/12/2024,Care Super,Balanced,Listed Equity,1,HP Inc,,HPQ,BB Ticker,US,72473.0,,,3819436.0,0.0001
31/12/2024,Care Super,Balanced,Listed Equity,1,HSBC Holdings PLC,,HSBA,BB Ticker,LN,1277138.0,,,20287129.0,0.0005
31/12/2024,Care Super,Balanced,Listed Equity,1,HSBC Holdings PLC,,5,BB Ticker,HK,37875.0,,,596922.0,0.0
31/12/2024,Care Super,Balanced,Listed Equity,1,HUB24 Ltd,,HUB,BB Ticker,AU,387556.0,,,26973918.0,0.0006
31/12/2024,Care Super,Balanced,Listed Equity,1,Hubbell Inc,,HUBB,BB Ticker,US,13630.0,,,9221187.0,0.0002
31/12/2024,Care Super,Balanced,Listed Equity,1,HubSpot Inc,,HUBS,BB Ticker,US,5322.0,,,5988767.0,0.0001
31/12/2024,Care Super,Balanced,Listed Equity,1,Humana Inc,,HUM,BB Ticker,US,42116.0,,,17258134.0,0.0004
31/12/2024,Care Super,Balanced,Listed Equity,1,Huntington Bancshares Inc/OH,,HBAN,BB Ticker,US,57081.0,,,1499969.0,0.0
31/12/2024,Care Super,Balanced,Listed Equity,1,Huntington Ingalls Industries Inc,,HII,BB Ticker,US,7382.0,,,2252972.0,0.0001
31/12/2024,Care Super,Balanced,Listed Equity,1,Hydro One Ltd,,H,BB Ticker,CN,153841.0,,,7648337.0,0.0002
31/12/2024,Care Super,Balanced,Listed Equity,1,Hyundai Glovis Co Ltd,,086280,BB Ticker,KS,11494.0,,,1489311.0,0.0
31/12/2024,Care Super,Balanced,Listed Equity,1,Hyundai Mobis Co Ltd,,012330,BB Ticker,KS,97.0,,,25249.0,0.0
31/12/2024,Care Super,Balanced,Listed Equity,1,Hyundai Motor Co,,005380,BB Ticker,KS,44080.0,,,10252379.0,0.0002
31/12/2024,Care Super,Balanced,Listed Equity,1,Hyundai Motor Co,,005387,BB Ticker,KS,2778.0,,,475498.0,0.0
31/12/2024,Care Super,Balanced,Listed Equity,1,Hyundai Rotem Co Ltd,,064350,BB Ticker,KS,8396.0,,,457825.0,0.0
31/12/2024,Care Super,Balanced,Listed Equity,1,iA Financial Corp Inc,,IAG,BB Ticker,CN,2093.0,,,313369.0,0.0
31/12/2024,Care Super,Balanced,Listed Equity,1,Iberdrola SA,,IBE,BB Ticker,SM,509423.0,,,11331426.0,0.0003
31/12/2024,Care Super,Balanced,Listed Equity,1,ICICI Bank Ltd,,IBN,BB Ticker,US,218863.0,,,10555191.0,0.0002
31/12/2024,Care Super,Balanced,Listed Equity,1,ICICI Bank Ltd,,ICICIBC,BB Ticker,IN,201433.0,,,4870349.0,0.0001
31/12/2024,Care Super,Balanced,Listed Equity,1,ICL Group Ltd,,ICL,BB Ticker,IT,23372.0,,,186478.0,0.0
31/12/2024,Care Super,Balanced,Listed Equity,1,ICON PLC,,ICLR,BB Ticker,US,73967.0,,,25053000.0,0.0006
31/12/2024,Care Super,Balanced,Listed Equity,1,IDACORP Inc,,IDA,BB Ticker,US,616.0,,,108764.0,0.0
31/12/2024,Care Super,Balanced,Listed Equity,1,IDEX Corp,,IEX,BB Ticker,US,7904.0,,,2671923.0,0.0001
31/12/2024,Care Super,Balanced,Listed Equity,1,IDEXX Laboratories Inc,,IDXX,BB Ticker,US,3690.0,,,2464337.0,0.0001
31/12/2024,Care Super,Balanced,Listed Equity,1,IDFC First Bank Ltd,,IDFCFB,BB Ticker,IN,1940540.0,,,2311467.0,0.0001
31/12/2024,Care Super,Balanced,Listed Equity,1,IDP Education Ltd,,IEL,BB Ticker,AU,2903311.0,,,36668817.0,0.0009
31/12/2024,Care Super,Balanced,Listed Equity,1,IGM Financial Inc,,IGM,BB Ticker,CN,12871.0,,,663572.0,0.0
31/12/2024,Care Super,Balanced,Listed Equity,1,IGO Ltd,,IGO,BB Ticker,AU,11518015.0,,,54940930.0,0.0013
31/12/2024,Care Super,Balanced,Listed Equity,1,Illinois Tool Works Inc,,ITW,BB Ticker,US,10117.0,,,4143160.0,0.0001
31/12/2024,Care Super,Balanced,Listed Equity,1,Illumina Inc,,ILMN,BB Ticker,US,18668.0,,,4029045.0,0.0001
31/12/2024,Care Super,Balanced,Listed Equity,1,Iluka Resources Ltd,,ILU,BB Ticker,AU,1079572.0,,,5451840.0,0.0001
31/12/2024,Care Super,Balanced,Listed Equity,1,Imdex Ltd,,IMD,BB Ticker,AU,5306307.0,,,12310631.0,0.0003
31/12/2024,Care Super,Balanced,Listed Equity,1,Immutep Ltd,,IMM,BB Ticker,AU,2575940.0,,,940218.0,0.0
31/12/2024,Care Super,Balanced,Listed Equity,1,Imperial Oil Ltd,,IMO,BB Ticker,CN,32874.0,,,3270570.0,0.0001
31/12/2024,Care Super,Balanced,Listed Equity,1,Imugene Ltd,,IMU,BB Ticker,AU,1655378.0,,,61249.0,0.0
31/12/2024,Care Super,Balanced,Listed Equity,1,Incitec Pivot Ltd,,IPL,BB Ticker,AU,17267074.0,,,50592528.0,0.0012
31/12/2024,Care Super,Balanced,Listed Equity,1,Incyte Corp,,INCY,BB Ticker,US,53650.0,,,5984969.0,0.0001
31/12/2024,Care Super,Balanced,Listed Equity,1,Indian Railway Catering & Tourism Corp Ltd,,IRCTC,BB Ticker,IN,19207.0,,,285126.0,0.0
31/12/2024,Care Super,Balanced,Listed Equity,1,Indofood Sukses Makmur Tbk PT,,INDF,BB Ticker,IJ,392913.0,,,303599.0,0.0
31/12/2024,Care Super,Balanced,Listed Equity,1,Industria de Diseno Textil SA,,ITX,BB Ticker,SM,409190.0,,,33971225.0,0.0008
31/12/2024,Care Super,Balanced,Listed Equity,1,Industrial & Commercial Bank of China Ltd,,1398,BB Ticker,HK,6121507.0,,,6631225.0,0.0002
31/12/2024,Care Super,Balanced,Listed Equity,1,Industrial & Commercial Bank of China Ltd,,601398,BB Ticker,C1,475591.0,,,728225.0,0.0
31/12/2024,Care Super,Balanced,Listed Equity,1,Industrial Bank of Korea,,024110,BB Ticker,KS,28471.0,,,447608.0,0.0
31/12/2024,Care Super,Balanced,Listed Equity,1,Industrivarden AB,,INDUA,BB Ticker,SS,255.0,,,13020.0,0.0
31/12/2024,Care Super,Balanced,Listed Equity,1,Infineon Technologies AG,,IFX,BB Ticker,GR,7824.0,,,410857.0,0.0
31/12/2024,Care Super,Balanced,Listed Equity,1,Infomedia Ltd,,IFM,BB Ticker,AU,8174316.0,,,12588447.0,0.0003
31/12/2024,Care Super,Balanced,Listed Equity,1,Informa PLC,,INF,BB Ticker,LN,221.0,,,3568.0,0.0
31/12/2024,Care Super,Balanced,Listed Equity,1,Infosys Ltd,,INFY,BB Ticker,US,81669.0,,,2891353.0,0.0001
31/12/2024,Care Super,Balanced,Listed Equity,1,Infosys Ltd,,INFO,BB Ticker,IN,58276.0,,,2066833.0,0.0
31/12/2024,Care Super,Balanced,Listed Equity,1,Infrastrutture Wireless Italiane SpA,,INW,BB Ticker,IM,4165.0,,,68376.0,0.0
31/12/2024,Care Super,Balanced,Listed Equity,1,Infratil Ltd,,IFT,BB Ticker,AU,1084369.0,,,12546144.0,0.0003
31/12/2024,Care Super,Balanced,Listed Equity,1,ING Groep NV,,INGA,BB Ticker,,758782.0,,,19200392.0,0.0005
31/12/2024,Care Super,Balanced,Listed Equity,1,Ingersoll Rand Inc,,IR,BB Ticker,US,347.0,,,50709.0,0.0
31/12/2024,Care Super,Balanced,Listed Equity,1,Inghams Group Ltd,,ING,BB Ticker,AU,50428.0,,,160362.0,0.0
31/12/2024,Care Super,Balanced,Listed Equity,1,Inpex Corp,,1605,SEDOL,JP,152602.0,,,3090295.0,0.0001
31/12/2024,Care Super,Balanced,Listed Equity,1,InPost SA,,INPST,BB Ticker,,20947.0,,,578383.0,0.0
31/12/2024,Care Super,Balanced,Listed Equity,1,Insignia Financial Ltd,,IFL,BB Ticker,AU,1499606.0,,,5323601.0,0.0001
31/12/2024,Care Super,Balanced,Listed Equity,1,Inspire Medical Systems Inc,,INSP,BB Ticker,US,20837.0,,,6238908.0,0.0001
31/12/2024,Care Super,Balanced,Listed Equity,1,Insurance Australia Group Ltd,,IAG,BB Ticker,AU,8975401.0,,,75931889.0,0.0018
31/12/2024,Care Super,Balanced,Listed Equity,1,Intact Financial Corp,,IFC,BB Ticker,CN,3259.0,,,958020.0,0.0
31/12/2024,Care Super,Balanced,Listed Equity,1,Integral Diagnostics Ltd,,IDX,BB Ticker,AU,5048925.0,,,14692372.0,0.0003
31/12/2024,Care Super,Balanced,Listed Equity,1,Intel Corp,,INTC,BB Ticker,US,81363.0,,,2634801.0,0.0001
31/12/2024,Care Super,Balanced,Listed Equity,1,Interactive Brokers Group Inc,,IBKR,BB Ticker,US,20804.0,,,5936330.0,0.0001
31/12/2024,Care Super,Balanced,Listed Equity,1,Intercontinental Exchange Inc,,ICE,BB Ticker,US,8712.0,,,2096624.0,0.0
31/12/2024,Care Super,Balanced,Listed Equity,1,InterContinental Hotels Group PLC,,IHG,BB Ticker,LN,8142.0,,,1639274.0,0.0
31/12/2024,Care Super,Balanced,Listed Equity,1,InterGlobe Aviation Ltd,,INDIGO,BB Ticker,IN,29475.0,,,2532361.0,0.0001
31/12/2024,Care Super,Balanced,Listed Equity,1,International Business Machines Corp,,IBM,BB Ticker,US,26487.0,,,9404413.0,0.0002
31/12/2024,Care Super,Balanced,Listed Equity,1,International Flavors & Fragrances Inc,,IFF,BB Ticker,US,41354.0,,,5647278.0,0.0001
31/12/2024,Care Super,Balanced,Listed Equity,1,International Games System Co Ltd,,3293,BB Ticker,TT,37315.0,,,1790495.0,0.0
31/12/2024,Care Super,Balanced,Listed Equity,1,International Holding Co PJSC,,IHC,BB Ticker,UH,48279.0,,,8597869.0,0.0002
31/12/2024,Care Super,Balanced,Listed Equity,1,International Paper Co,,IP,BB Ticker,US,23697.0,,,2059881.0,0.0
31/12/2024,Care Super,Balanced,Listed Equity,1,Intertek Group PLC,,ITRK,BB Ticker,LN,9500.0,,,908501.0,0.0
31/12/2024,Care Super,Balanced,Listed Equity,1,Intesa Sanpaolo SpA,,ISP,BB Ticker,IM,1052970.0,,,6802916.0,0.0002
31/12/2024,Care Super,Balanced,Listed Equity,1,Intouch Holdings PCL,,INTUCH/F,BB Ticker,TB,14961.0,,,68747.0,0.0
31/12/2024,Care Super,Balanced,Listed Equity,1,Intra-Cellular Therapies Inc,,ITCI,BB Ticker,US,48593.0,,,6554924.0,0.0002
31/12/2024,Care Super,Balanced,Listed Equity,1,Intuit Inc,,INTU,BB Ticker,US,43219.0,,,43872109.0,0.001
31/12/2024,Care Super,Balanced,Listed Equity,1,Intuitive Surgical Inc,,ISRG,BB Ticker,US,61101.0,,,51510048.0,0.0012
31/12/2024,Care Super,Balanced,Listed Equity,1,Investec Ltd,,INL,BB Ticker,SJ,1267.0,,,13557.0,0.0
31/12/2024,Care Super,Balanced,Listed Equity,1,Investec PLC,,INVP,BB Ticker,LN,225615.0,,,2482637.0,0.0001
31/12/2024,Care Super,Balanced,Listed Equity,1,ioneer Ltd,,INR,BB Ticker,AU,379857.0,,,60777.0,0.0
31/12/2024,Care Super,Balanced,Listed Equity,1,IperionX Ltd,,IPX,BB Ticker,AU,42371.0,,,233040.0,0.0
31/12/2024,Care Super,Balanced,Listed Equity,1,IPH Ltd,,IPH,BB Ticker,AU,1408720.0,,,7085862.0,0.0002
31/12/2024,Care Super,Balanced,Listed Equity,1,Ipsen SA,,IPN,BB Ticker,FP,11653.0,,,2157382.0,0.0001
31/12/2024,Care Super,Balanced,Listed Equity,1,IQVIA Holdings Inc,,IQV,BB Ticker,US,50731.0,,,16101250.0,0.0004
31/12/2024,Care Super,Balanced,Listed Equity,1,IRESS Ltd,,IRE,BB Ticker,AU,2577369.0,,,23995304.0,0.0006
31/12/2024,Care Super,Balanced,Listed Equity,1,Iridium Communications Inc,,IRDM,BB Ticker,US,1320.0,,,61887.0,0.0
31/12/2024,Care Super,Balanced,Listed Equity,1,Isuzu Motors Ltd,,7202,BB Ticker,JP,32563.0,,,722337.0,0.0
31/12/2024,Care Super,Balanced,Listed Equity,1,Italgas SpA,,IG,BB Ticker,IM,6043.0,,,54674.0,0.0
31/12/2024,Care Super,Balanced,Listed Equity,1,Itau Unibanco Holding SA,,ITUB,BB Ticker,US,1514502.0,,,12132650.0,0.0003
31/12/2024,Care Super,Balanced,Listed Equity,1,ITOCHU Corp,,8001,BB Ticker,JP,41621.0,,,3350059.0,0.0001
31/12/2024,Care Super,Balanced,Listed Equity,1,J Sainsbury PLC,,SBRY,BB Ticker,LN,2107122.0,,,11661462.0,0.0003
31/12/2024,Care Super,Balanced,Listed Equity,1,Jabil Inc,,JBL,BB Ticker,US,53022.0,,,12323051.0,0.0003
31/12/2024,Care Super,Balanced,Listed Equity,1,James Hardie Industries PLC,,JHX,BB Ticker,AU,2874793.0,,,143940891.0,0.0034
31/12/2024,Care Super,Balanced,Listed Equity,1,Japan Airlines Co Ltd,,9201,SEDOL,JP,22402.0,,,573820.0,0.0
31/12/2024,Care Super,Balanced,Listed Equity,1,Japan Aviation Electronics Industry Ltd,,6807,BB Ticker,JP,14780.0,,,452501.0,0.0
31/12/2024,Care Super,Balanced,Listed Equity,1,Japan Elevator Service Holdings Co Ltd,,6544,BB Ticker,JP,149890.0,,,4491830.0,0.0001
31/12/2024,Care Super,Balanced,Listed Equity,1,Japan Exchange Group Inc,,8697,BB Ticker,JP,36643.0,,,666542.0,0.0
31/12/2024,Care Super,Balanced,Listed Equity,1,Japan Post Holdings Co Ltd,,6178,BB Ticker,JP,34641.0,,,530620.0,0.0
31/12/2024,Care Super,Balanced,Listed Equity,1,Jarir Marketing Co,,JARIR,BB Ticker,AB,90212.0,,,490925.0,0.0
31/12/2024,Care Super,Balanced,Listed Equity,1,JB Hi-Fi Ltd,,JBH,BB Ticker,AU,192342.0,,,17826264.0,0.0004
31/12/2024,Care Super,Balanced,Listed Equity,1,JD Logistics Inc,,2618,BB Ticker,HK,776.0,,,2064.0,0.0
31/12/2024,Care Super,Balanced,Listed Equity,1,JD.com Inc,,9618,BB Ticker,HK,18399.0,,,520259.0,0.0
31/12/2024,Care Super,Balanced,Listed Equity,1,JD.com Inc,,JD,BB Ticker,US,86443.0,,,4840479.0,0.0001
31/12/2024,Care Super,Balanced,Listed Equity,1,Jeronimo Martins SGPS SA,,JMT,BB Ticker,PL,353680.0,,,10913423.0,0.0003
31/12/2024,Care Super,Balanced,Listed Equity,1,JMDC Inc,,4483,BB Ticker,JP,72408.0,,,2921448.0,0.0001
31/12/2024,Care Super,Balanced,Listed Equity,1,Joby Aviation Inc,,JOBY,BB Ticker,US,471704.0,,,6193899.0,0.0001
31/12/2024,Care Super,Balanced,Listed Equity,1,Johns Lyng Group Ltd,,JLG,BB Ticker,AU,32960.0,,,123271.0,0.0
31/12/2024,Care Super,Balanced,Listed Equity,1,Johnson & Johnson,,JNJ,BB Ticker,US,211451.0,,,49390478.0,0.0012
31/12/2024,Care Super,Balanced,Listed Equity,1,Johnson Controls International plc,,JCI,BB Ticker,US,66855.0,,,8522814.0,0.0002
31/12/2024,Care Super,Balanced,Listed Equity,1,JPMorgan Chase & Co,,JPM,BB Ticker,US,128707.0,,,49830002.0,0.0012
31/12/2024,Care Super,Balanced,Listed Equity,1,JSW Energy Ltd,,JSW,BB Ticker,IN,726286.0,,,8805271.0,0.0002
31/12/2024,Care Super,Balanced,Listed Equity,1,JSW Steel Ltd,,JSTL,BB Ticker,IN,371601.0,,,6319804.0,0.0001
31/12/2024,Care Super,Balanced,Listed Equity,1,JTEKT Corp,,6473,SEDOL,JP,57505.0,,,697053.0,0.0
31/12/2024,Care Super,Balanced,Listed Equity,1,Judo Capital Holdings Ltd,,JDO,BB Ticker,AU,13569430.0,,,24696364.0,0.0006
31/12/2024,Care Super,Balanced,Listed Equity,1,Jumbo Interactive Ltd,,JIN,BB Ticker,AU,6959.0,,,96876.0,0.0
31/12/2024,Care Super,Balanced,Listed Equity,1,JUMBO SA,,BELA,BB Ticker,GA,118455.0,,,5063698.0,0.0001
31/12/2024,Care Super,Balanced,Listed Equity,1,Juniper Networks Inc,,JNPR,BB Ticker,US,12720.0,,,769408.0,0.0
31/12/2024,Care Super,Balanced,Listed Equity,1,Jupiter Mines Ltd,,JMS,BB Ticker,AU,5525337.0,,,801174.0,0.0
31/12/2024,Care Super,Balanced,Listed Equity,1,Kadant Inc,,KAI,BB Ticker,US,10784.0,,,6008584.0,0.0001
31/12/2024,Care Super,Balanced,Listed Equity,1,Kalbe Farma Tbk PT,,KLBF,BB Ticker,IJ,3217570.0,,,439117.0,0.0
31/12/2024,Care Super,Balanced,Listed Equity,1,Kansai Electric Power Co Inc/The,,9503,BB Ticker,JP,25176.0,,,453693.0,0.0
31/12/2024,Care Super,Balanced,Listed Equity,1,Kansai Paint Co Ltd,,4613,BB Ticker,JP,27867.0,,,648098.0,0.0
31/12/2024,Care Super,Balanced,Listed Equity,1,Kanzhun Ltd,,BZ,BB Ticker,US,9968.0,,,222180.0,0.0
31/12/2024,Care Super,Balanced,Listed Equity,1,Kao Corp,,4452,BB Ticker,JP,36228.0,,,2378301.0,0.0001
31/12/2024,Care Super,Balanced,Listed Equity,1,Karoon Energy Ltd,,KAR,BB Ticker,AU,2457443.0,,,3415846.0,0.0001
31/12/2024,Care Super,Balanced,Listed Equity,1,Kasikornbank PCL,,KBANK/F,BB Ticker,TB,88123.0,,,649133.0,0.0
31/12/2024,Care Super,Balanced,Listed Equity,1,Kawasaki Kisen Kaisha Ltd,,9107,BB Ticker,JP,46420.0,,,1075512.0,0.0
31/12/2024,Care Super,Balanced,Listed Equity,1,KB Financial Group Inc,,105560,BB Ticker,KS,58224.0,,,5295526.0,0.0001
31/12/2024,Care Super,Balanced,Listed Equity,1,KBC Group NV,,KBC,BB Ticker,BB,40460.0,,,5043916.0,0.0001
31/12/2024,Care Super,Balanced,Listed Equity,1,KDDI Corp,,9433,BB Ticker,JP,170575.0,,,8838515.0,0.0002
31/12/2024,Care Super,Balanced,Listed Equity,1,Kelsian Group Ltd,,KLS,BB Ticker,AU,36321.0,,,132934.0,0.0
31/12/2024,Care Super,Balanced,Listed Equity,1,Kerry Group PLC,,KYGA,BB Ticker,LN,42986.0,,,6535050.0,0.0002
31/12/2024,Care Super,Balanced,Listed Equity,1,Kerry Group PLC,,KYGA,BB Ticker,ID,6399.0,,,997918.0,0.0
31/12/2024,Care Super,Balanced,Listed Equity,1,Keurig Dr Pepper Inc,,KDP,BB Ticker,US,100762.0,,,5227269.0,0.0001
31/12/2024,Care Super,Balanced,Listed Equity,1,Kewpie Corp,,2809,BB Ticker,JP,14703.0,,,506809.0,0.0
31/12/2024,Care Super,Balanced,Listed Equity,1,KeyCorp,,KEY,BB Ticker,US,42615.0,,,1179725.0,0.0
31/12/2024,Care Super,Balanced,Listed Equity,1,Keyence Corp,,6861,BB Ticker,JP,61650.0,,,40947588.0,0.001
31/12/2024,Care Super,Balanced,Listed Equity,1,Keysight Technologies Inc,,KEYS,BB Ticker,US,38891.0,,,10089736.0,0.0002
31/12/2024,Care Super,Balanced,Listed Equity,1,Kia Corp,,000270,BB Ticker,KS,29617.0,,,3272073.0,0.0001
31/12/2024,Care Super,Balanced,Listed Equity,1,Kikkoman Corp,,2801,BB Ticker,JP,12933.0,,,234253.0,0.0
31/12/2024,Care Super,Balanced,Listed Equity,1,Kimberly-Clark Corp,,KMB,BB Ticker,US,50714.0,,,10733314.0,0.0003
31/12/2024,Care Super,Balanced,Listed Equity,1,Kinder Morgan Inc,,KMI,BB Ticker,US,22486.0,,,995093.0,0.0
31/12/2024,Care Super,Balanced,Listed Equity,1,Kingdee International Software Group Co Ltd,,268,BB Ticker,HK,1857178.0,,,3293824.0,0.0001
31/12/2024,Care Super,Balanced,Listed Equity,1,Kingfisher PLC,,KGF,BB Ticker,LN,147108.0,,,740049.0,0.0
31/12/2024,Care Super,Balanced,Listed Equity,1,Kingspan Group PLC,,KSP,BB Ticker,ID,6309.0,,,743400.0,0.0
31/12/2024,Care Super,Balanced,Listed Equity,1,Kinross Gold Corp,,K,BB Ticker,CN,207087.0,,,3104691.0,0.0001
31/12/2024,Care Super,Balanced,Listed Equity,1,KKR & Co Inc,,KKR,BB Ticker,US,42384.0,,,10125291.0,0.0002
31/12/2024,Care Super,Balanced,Listed Equity,1,KLA Corp,,KLAC,BB Ticker,US,6432.0,,,6545938.0,0.0002
31/12/2024,Care Super,Balanced,Listed Equity,1,KMD Brands Ltd,,KMD,BB Ticker,AU,7307897.0,,,2850080.0,0.0001
31/12/2024,Care Super,Balanced,Listed Equity,1,Knorr-Bremse AG,,KBX,BB Ticker,GR,240.0,,,28203.0,0.0
31/12/2024,Care Super,Balanced,Listed Equity,1,Kogan.com Ltd,,KGN,BB Ticker,AU,15833.0,,,98320.0,0.0
31/12/2024,Care Super,Balanced,Listed Equity,1,Kokuyo Co Ltd,,7984,BB Ticker,JP,933.0,,,26822.0,0.0
31/12/2024,Care Super,Balanced,Listed Equity,1,Komatsu Ltd,,6301,BB Ticker,JP,28242.0,,,1262551.0,0.0
31/12/2024,Care Super,Balanced,Listed Equity,1,Komercni Banka AS,,KOMB,BB Ticker,CP,8498.0,,,479017.0,0.0
31/12/2024,Care Super,Balanced,Listed Equity,1,Konami Group Corp,,9766,BB Ticker,JP,40107.0,,,6100240.0,0.0001
31/12/2024,Care Super,Balanced,Listed Equity,1,Kone Oyj,,KNEBV,BB Ticker,FH,50401.0,,,3961805.0,0.0001
31/12/2024,Care Super,Balanced,Listed Equity,1,Kongsberg Gruppen ASA,,KOG,BB Ticker,NO,40351.0,,,7345048.0,0.0002
31/12/2024,Care Super,Balanced,Listed Equity,1,Konica Minolta Inc,,4902,BB Ticker,JP,94533.0,,,643623.0,0.0
31/12/2024,Care Super,Balanced,Listed Equity,1,Koninklijke Ahold Delhaize NV,,AD,BB Ticker,,110728.0,,,5831569.0,0.0001
31/12/2024,Care Super,Balanced,Listed Equity,1,Koninklijke KPN NV,,KPN,BB Ticker,,547555.0,,,3218899.0,0.0001
31/12/2024,Care Super,Balanced,Listed Equity,1,Koninklijke Philips NV,,PHIA,BB Ticker,,117311.0,,,4787217.0,0.0001
31/12/2024,Care Super,Balanced,Listed Equity,1,Koninklijke Vopak NV,,VPK,BB Ticker,,718.0,,,51063.0,0.0
31/12/2024,Care Super,Balanced,Listed Equity,1,Korea Electric Power Corp,,015760,BB Ticker,KS,3075.0,,,67636.0,0.0
31/12/2024,Care Super,Balanced,Listed Equity,1,Korea Gas Corp,,036460,BB Ticker,KS,325.0,,,12363.0,0.0
31/12/2024,Care Super,Balanced,Listed Equity,1,Korean Air Lines Co Ltd,,003490,BB Ticker,KS,28612.0,,,709420.0,0.0
31/12/2024,Care Super,Balanced,Listed Equity,1,Kotak Mahindra Bank Ltd,,KMB,BB Ticker,IN,153002.0,,,5155262.0,0.0001
31/12/2024,Care Super,Balanced,Listed Equity,1,Kraft Heinz Co/The,,KHC,BB Ticker,US,7522.0,,,373085.0,0.0
31/12/2024,Care Super,Balanced,Listed Equity,1,Krafton Inc,,259960,BB Ticker,KS,8318.0,,,2851676.0,0.0001
31/12/2024,Care Super,Balanced,Listed Equity,1,Kroger Co/The,,KR,BB Ticker,US,95847.0,,,9466289.0,0.0002
31/12/2024,Care Super,Balanced,Listed Equity,1,Krung Thai Bank PCL,,KTB/F,BB Ticker,TB,3539.0,,,3520.0,0.0
31/12/2024,Care Super,Balanced,Listed Equity,1,K's Holdings Corp,,8282,BB Ticker,JP,14472.0,,,209415.0,0.0
31/12/2024,Care Super,Balanced,Listed Equity,1,KT Corp,,KT,BB Ticker,US,32458.0,,,813600.0,0.0
31/12/2024,Care Super,Balanced,Listed Equity,1,Kuehne + Nagel International AG,,KNIN,BB Ticker,SW,303.0,,,112042.0,0.0
31/12/2024,Care Super,Balanced,Listed Equity,1,Kumba Iron Ore Ltd,,KIO,BB Ticker,SJ,6346.0,,,177198.0,0.0
31/12/2024,Care Super,Balanced,Listed Equity,1,Kunlun Energy Co Ltd,,135,BB Ticker,HK,94841.0,,,165643.0,0.0
31/12/2024,Care Super,Balanced,Listed Equity,1,Kweichow Moutai Co Ltd,,600519,BB Ticker,C1,36348.0,,,12257036.0,0.0003
31/12/2024,Care Super,Balanced,Listed Equity,1,Kyowa Kirin Co Ltd,,4151,BB Ticker,JP,37058.0,,,904690.0,0.0
31/12/2024,Care Super,Balanced,Listed Equity,1,Kyushu Electric Power Co Inc,,9508,BB Ticker,JP,5148.0,,,74761.0,0.0
31/12/2024,Care Super,Balanced,Listed Equity,1,La Francaise des Jeux SAEM,,FDJ,BB Ticker,FP,87032.0,,,5417633.0,0.0001
31/12/2024,Care Super,Balanced,Listed Equity,1,Lam Research Corp,,LRCX,BB Ticker,US,46294.0,,,5400660.0,0.0001
31/12/2024,Care Super,Balanced,Listed Equity,1,Largan Precision Co Ltd,,3008,BB Ticker,TT,12798.0,,,1686578.0,0.0
31/12/2024,Care Super,Balanced,Listed Equity,1,Larsen & Toubro Ltd,,LT,BB Ticker,IN,123075.0,,,8376325.0,0.0002
31/12/2024,Care Super,Balanced,Listed Equity,1,Las Vegas Sands Corp,,LVS,BB Ticker,US,4965.0,,,411820.0,0.0
31/12/2024,Care Super,Balanced,Listed Equity,1,Latam Airlines Group SA,,LTM,BB Ticker,CI,15074498.0,,,336126.0,0.0
31/12/2024,Care Super,Balanced,Listed Equity,1,Latin Resources Ltd,,LRS,BB Ticker,AU,899808.0,,,143969.0,0.0
31/12/2024,Care Super,Balanced,Listed Equity,1,Lear Corp,,LEA,BB Ticker,US,99435.0,,,15208782.0,0.0004
31/12/2024,Care Super,Balanced,Listed Equity,1,LEENO Industrial Inc,,058470,BB Ticker,KS,23453.0,,,4930017.0,0.0001
31/12/2024,Care Super,Balanced,Listed Equity,1,Legal & General Group PLC,,LGEN,BB Ticker,LN,1849533.0,,,8597245.0,0.0002
31/12/2024,Care Super,Balanced,Listed Equity,1,Legrand SA,,LR,BB Ticker,FP,3899.0,,,613163.0,0.0
31/12/2024,Care Super,Balanced,Listed Equity,1,Leidos Holdings Inc,,LDOS,BB Ticker,US,25679.0,,,5974753.0,0.0001
31/12/2024,Care Super,Balanced,Listed Equity,1,Lennar Corp,,LEN,BB Ticker,US,56744.0,,,12498174.0,0.0003
31/12/2024,Care Super,Balanced,Listed Equity,1,Lennox International Inc,,LII,BB Ticker,US,2625.0,,,2583301.0,0.0001
31/12/2024,Care Super,Balanced,Listed Equity,1,Lenovo Group Ltd,,992,SEDOL,HK,1152036.0,,,2414485.0,0.0001
31/12/2024,Care Super,Balanced,Listed Equity,1,Leonardo SpA,,LDO,BB Ticker,IM,105760.0,,,4586467.0,0.0001
31/12/2024,Care Super,Balanced,Listed Equity,1,LG Chem Ltd,,051910,BB Ticker,KS,376.0,,,103038.0,0.0
31/12/2024,Care Super,Balanced,Listed Equity,1,LG Corp,,003550,BB Ticker,KS,3127.0,,,247007.0,0.0
31/12/2024,Care Super,Balanced,Listed Equity,1,LGI Homes Inc,,LGIH,BB Ticker,US,27085.0,,,3910860.0,0.0001
31/12/2024,Care Super,Balanced,Listed Equity,1,Li Ning Co Ltd,,2331,BB Ticker,HK,1199239.0,,,4104245.0,0.0001
31/12/2024,Care Super,Balanced,Listed Equity,1,Liberty Media Corp-Liberty Formula One,,FWONK,BB Ticker,US,2909.0,,,435397.0,0.0
31/12/2024,Care Super,Balanced,Listed Equity,1,Life360 Inc,,360,BB Ticker,AU,1705115.0,,,38433300.0,0.0009
31/12/2024,Care Super,Balanced,Listed Equity,1,Light & Wonder Inc,,LNW,BB Ticker,AU,54116.0,,,7422542.0,0.0002
31/12/2024,Care Super,Balanced,Listed Equity,1,Linde PLC,,LIN,BB Ticker,US,67290.0,,,45501461.0,0.0011
31/12/2024,Care Super,Balanced,Listed Equity,1,Linde PLC,,LIN,BB Ticker,GR,30.0,,,20185.0,0.0
31/12/2024,Care Super,Balanced,Listed Equity,1,Lintec Corp,,7966,BB Ticker,JP,14626.0,,,460714.0,0.0
31/12/2024,Care Super,Balanced,Listed Equity,1,Liontown Resources Ltd,,LTR,BB Ticker,AU,326394.0,,,171357.0,0.0
31/12/2024,Care Super,Balanced,Listed Equity,1,Live Nation Entertainment Inc,,LYV,BB Ticker,US,8303.0,,,1736680.0,0.0
31/12/2024,Care Super,Balanced,Listed Equity,1,Lloyds Banking Group PLC,,LLOY,BB Ticker,LN,787795.0,,,872936.0,0.0
31/12/2024,Care Super,Balanced,Listed Equity,1,Loblaw Cos Ltd,,L,BB Ticker,CN,42590.0,,,9047901.0,0.0002
31/12/2024,Care Super,Balanced,Listed Equity,1,Lockheed Martin Corp,,LMT,BB Ticker,US,3536.0,,,2775036.0,0.0001
31/12/2024,Care Super,Balanced,Listed Equity,1,Loews Corp,,L,BB Ticker,US,37095.0,,,5074013.0,0.0001
31/12/2024,Care Super,Balanced,Listed Equity,1,Logitech International SA,,LOGN,BB Ticker,SW,17552.0,,,2347303.0,0.0001
31/12/2024,Care Super,Balanced,Listed Equity,1,Lojas Renner SA,,LREN3,BB Ticker,BZ,370666.0,,,1174497.0,0.0
31/12/2024,Care Super,Balanced,Listed Equity,1,London Stock Exchange Group PLC,,LSEG,BB Ticker,LN,193799.0,,,44238433.0,0.001
31/12/2024,Care Super,Balanced,Listed Equity,1,Lonza Group AG,,LONN,BB Ticker,SW,30.0,,,28467.0,0.0
31/12/2024,Care Super,Balanced,Listed Equity,1,L'Oreal SA,,OR,BB Ticker,FP,3836.0,,,2193139.0,0.0001
31/12/2024,Care Super,Balanced,Listed Equity,1,Lotes Co Ltd,,3533,BB Ticker,TT,6928.0,,,667283.0,0.0
31/12/2024,Care Super,Balanced,Listed Equity,1,Lottery Corp Ltd/The,,TLC,BB Ticker,AU,7603257.0,,,37560091.0,0.0009
31/12/2024,Care Super,Balanced,Listed Equity,1,Lovisa Holdings Ltd,,LOV,BB Ticker,AU,372553.0,,,11236207.0,0.0003
31/12/2024,Care Super,Balanced,Listed Equity,1,Lowe's Cos Inc,,LOW,BB Ticker,US,4541.0,,,1810198.0,0.0
31/12/2024,Care Super,Balanced,Listed Equity,1,LPL Financial Holdings Inc,,LPLA,BB Ticker,US,3491.0,,,1841040.0,0.0
31/12/2024,Care Super,Balanced,Listed Equity,1,LS Electric Co Ltd,,010120,BB Ticker,KS,1169.0,,,206156.0,0.0
31/12/2024,Care Super,Balanced,Listed Equity,1,Lupin Ltd,,LPC,BB Ticker,IN,17767.0,,,789556.0,0.0
31/12/2024,Care Super,Balanced,Listed Equity,1,LVMH Moet Hennessy Louis Vuitton SE,,MC,BB Ticker,FP,34465.0,,,36631271.0,0.0009
31/12/2024,Care Super,Balanced,Listed Equity,1,LY Corp,,4689,BB Ticker,JP,112239.0,,,483764.0,0.0
31/12/2024,Care Super,Balanced,Listed Equity,1,Lynas Rare Earths Ltd,,LYC,BB Ticker,AU,5430020.0,,,34915028.0,0.0008
31/12/2024,Care Super,Balanced,Listed Equity,1,LyondellBasell Industries NV,,LYB,BB Ticker,US,3814.0,,,457558.0,0.0
31/12/2024,Care Super,Balanced,Listed Equity,1,M&T Bank Corp,,MTB,BB Ticker,US,5205.0,,,1580452.0,0.0
31/12/2024,Care Super,Balanced,Listed Equity,1,MA Financial Group Ltd,,MAF,BB Ticker,AU,1221211.0,,,7473809.0,0.0002
31/12/2024,Care Super,Balanced,Listed Equity,1,Maas Group Holdings Ltd,,MGH,BB Ticker,AU,1364061.0,,,6533852.0,0.0002
31/12/2024,Care Super,Balanced,Listed Equity,1,Metals Acquisition Ltd,,MAC,BB Ticker,AU,121885.0,,,2097637.0,0.0
31/12/2024,Care Super,Balanced,Listed Equity,1,Macquarie Group Ltd,,MQG,BB Ticker,AU,1278763.0,,,283437786.0,0.0067
31/12/2024,Care Super,Balanced,Listed Equity,1,Macquarie Technology Group Ltd,,MAQ,BB Ticker,AU,2251.0,,,198746.0,0.0
31/12/2024,Care Super,Balanced,Listed Equity,1,Magellan Financial Group Ltd,,MFG,BB Ticker,AU,618061.0,,,6872837.0,0.0002
31/12/2024,Care Super,Balanced,Listed Equity,1,Magna International Inc,,MG,BB Ticker,CN,24557.0,,,1656879.0,0.0
31/12/2024,Care Super,Balanced,Listed Equity,1,Magna International Inc,,MGA,BB Ticker,US,290832.0,,,19629953.0,0.0005
31/12/2024,Care Super,Balanced,Listed Equity,1,Mahindra & Mahindra Ltd,,MM,BB Ticker,IN,67554.0,,,3832275.0,0.0001
31/12/2024,Care Super,Balanced,Listed Equity,1,MakeMyTrip Ltd,,MMYT,BB Ticker,US,19220.0,,,3485463.0,0.0001
31/12/2024,Care Super,Balanced,Listed Equity,1,Makita Corp,,6586,BB Ticker,JP,60584.0,,,3015343.0,0.0001
31/12/2024,Care Super,Balanced,Listed Equity,1,Manhattan Associates Inc,,MANH,BB Ticker,US,12552.0,,,5478479.0,0.0001
31/12/2024,Care Super,Balanced,Listed Equity,1,ManpowerGroup Inc,,MAN,BB Ticker,US,15860.0,,,1478559.0,0.0
31/12/2024,Care Super,Balanced,Listed Equity,1,Manulife Financial Corp,,MFC,BB Ticker,CN,322241.0,,,15980667.0,0.0004
31/12/2024,Care Super,Balanced,Listed Equity,1,MarketAxess Holdings Inc,,MKTX,BB Ticker,US,6616.0,,,2415393.0,0.0001
31/12/2024,Care Super,Balanced,Listed Equity,1,Marks & Spencer Group PLC,,MKS,BB Ticker,LN,295442.0,,,2244034.0,0.0001
31/12/2024,Care Super,Balanced,Listed Equity,1,Marriott International Inc/MD,,MAR,BB Ticker,US,20999.0,,,9460473.0,0.0002
31/12/2024,Care Super,Balanced,Listed Equity,1,Marsh & McLennan Cos Inc,,MMC,BB Ticker,US,99802.0,,,34238931.0,0.0008
31/12/2024,Care Super,Balanced,Listed Equity,1,Marvell Technology Inc,,MRVL,BB Ticker,US,120578.0,,,21509925.0,0.0005
31/12/2024,Care Super,Balanced,Listed Equity,1,Masco Corp,,MAS,BB Ticker,US,7644.0,,,895975.0,0.0
31/12/2024,Care Super,Balanced,Listed Equity,1,Mastercard Inc,,MA,BB Ticker,US,101698.0,,,86491711.0,0.002
31/12/2024,Care Super,Balanced,Listed Equity,1,Match Group Inc,,MTCH,BB Ticker,US,7015.0,,,370582.0,0.0
31/12/2024,Care Super,Balanced,Listed Equity,1,Max Healthcare Institute Ltd,,MAXHEALT,BB Ticker,IN,607618.0,,,12931770.0,0.0003
31/12/2024,Care Super,Balanced,Listed Equity,1,Mayne Pharma Group Ltd,,MYX,BB Ticker,AU,16036.0,,,79699.0,0.0
31/12/2024,Care Super,Balanced,Listed Equity,1,Mazda Motor Corp,,7261,SEDOL,JP,11701.0,,,130293.0,0.0
31/12/2024,Care Super,Balanced,Listed Equity,1,McCormick & Co Inc/MD,,MKC,BB Ticker,US,44274.0,,,5451804.0,0.0001
31/12/2024,Care Super,Balanced,Listed Equity,1,McDonald's Corp,,MCD,BB Ticker,US,60440.0,,,28298560.0,0.0007
31/12/2024,Care Super,Balanced,Listed Equity,1,McDonald's Holdings Co Japan Ltd,,2702,BB Ticker,JP,13425.0,,,854004.0,0.0
31/12/2024,Care Super,Balanced,Listed Equity,1,McKesson Corp,,MCK,BB Ticker,US,913.0,,,840132.0,0.0
31/12/2024,Care Super,Balanced,Listed Equity,1,McMillan Shakespeare Ltd,,MMS,BB Ticker,AU,9915.0,,,148725.0,0.0
31/12/2024,Care Super,Balanced,Listed Equity,1,MediaTek Inc,,2454,BB Ticker,TT,362550.0,,,25273169.0,0.0006
31/12/2024,Care Super,Balanced,Listed Equity,1,Medibank Pvt Ltd,,MPL,BB Ticker,AU,19324800.0,,,73240991.0,0.0017
31/12/2024,Care Super,Balanced,Listed Equity,1,Medipal Holdings Corp,,7459,BB Ticker,JP,12856.0,,,314508.0,0.0
31/12/2024,Care Super,Balanced,Listed Equity,1,Medpace Holdings Inc,,MEDP,BB Ticker,US,12601.0,,,6761616.0,0.0002
31/12/2024,Care Super,Balanced,Listed Equity,1,Medtronic PLC,,MDT,BB Ticker,US,222531.0,,,28709928.0,0.0007
31/12/2024,Care Super,Balanced,Listed Equity,1,MEG Energy Corp,,MEG,BB Ticker,CN,21308.0,,,564740.0,0.0
31/12/2024,Care Super,Balanced,Listed Equity,1,Megaport Ltd,,MP1,BB Ticker,AU,782915.0,,,5770086.0,0.0001
31/12/2024,Care Super,Balanced,Listed Equity,1,MEIJI Holdings Co Ltd,,2269,BB Ticker,JP,43343.0,,,1425838.0,0.0
31/12/2024,Care Super,Balanced,Listed Equity,1,Meituan,,3690,SEDOL,HK,1350333.0,,,42591635.0,0.001
31/12/2024,Care Super,Balanced,Listed Equity,1,Melexis NV,,MELE,BB Ticker,BB,29432.0,,,2781163.0,0.0001
31/12/2024,Care Super,Balanced,Listed Equity,1,MercadoLibre Inc,,MELI,BB Ticker,US,13965.0,,,38354932.0,0.0009
31/12/2024,Care Super,Balanced,Listed Equity,1,Mercedes-Benz Group AG,,MBG,BB Ticker,GR,9947.0,,,894990.0,0.0
31/12/2024,Care Super,Balanced,Listed Equity,1,Merck & Co Inc,,MRK,BB Ticker,US,169535.0,,,27239543.0,0.0006
31/12/2024,Care Super,Balanced,Listed Equity,1,Mercury NZ Ltd,,MCY,BB Ticker,NZ,95164.0,,,503751.0,0.0
31/12/2024,Care Super,Balanced,Listed Equity,1,Meritz Financial Group Inc,,138040,BB Ticker,KS,1560.0,,,178043.0,0.0
31/12/2024,Care Super,Balanced,Listed Equity,1,Mesoblast Ltd,,MSB,BB Ticker,AU,146282.0,,,453474.0,0.0
31/12/2024,Care Super,Balanced,Listed Equity,1,Meta Platforms Inc,,META,BB Ticker,US,144517.0,,,136665221.0,0.0032
31/12/2024,Care Super,Balanced,Listed Equity,1,Metcash Ltd,,MTS,BB Ticker,AU,16204870.0,,,50235098.0,0.0012
31/12/2024,Care Super,Balanced,Listed Equity,1,Meteoric Resources NL,,MEI,BB Ticker,AU,234803.0,,,19958.0,0.0
31/12/2024,Care Super,Balanced,Listed Equity,1,MetLife Inc,,MET,BB Ticker,US,122056.0,,,16141348.0,0.0004
31/12/2024,Care Super,Balanced,Listed Equity,1,Metropolitan Bank & Trust Co,,MBT,BB Ticker,PM,266308.0,,,535372.0,0.0
31/12/2024,Care Super,Balanced,Listed Equity,1,Mettler-Toledo International Inc,,MTD,BB Ticker,US,311.0,,,615628.0,0.0
31/12/2024,Care Super,Balanced,Listed Equity,1,MGE Energy Inc,,MGEE,BB Ticker,US,421.0,,,63826.0,0.0
31/12/2024,Care Super,Balanced,Listed Equity,1,MGM Resorts International,,MGM,BB Ticker,US,32053.0,,,1793792.0,0.0
31/12/2024,Care Super,Balanced,Listed Equity,1,Microchip Technology Inc,,MCHP,BB Ticker,US,8083.0,,,748708.0,0.0
31/12/2024,Care Super,Balanced,Listed Equity,1,Micron Technology Inc,,MU,BB Ticker,US,32783.0,,,4456174.0,0.0001
31/12/2024,Care Super,Balanced,Listed Equity,1,Microsoft Corp,,MSFT,BB Ticker,US,590532.0,,,402017686.0,0.0095
31/12/2024,Care Super,Balanced,Listed Equity,1,MicroStrategy Inc,,MSTR,BB Ticker,US,3729.0,,,1744385.0,0.0
31/12/2024,Care Super,Balanced,Listed Equity,1,Midea Group Co Ltd,,000333,BB Ticker,C2,32563.0,,,541982.0,0.0
31/12/2024,Care Super,Balanced,Listed Equity,1,Mineral Resources Ltd,,MIN,BB Ticker,AU,384578.0,,,13171796.0,0.0003
31/12/2024,Care Super,Balanced,Listed Equity,1,MINISO Group Holding Ltd,,9896,BB Ticker,HK,5850.0,,,57227.0,0.0
31/12/2024,Care Super,Balanced,Listed Equity,1,Minor International PCL,,MINT/F,BB Ticker,TB,806287.0,,,993062.0,0.0
31/12/2024,Care Super,Balanced,Listed Equity,1,Mitsubishi Chemical Group Corp,,4188,BB Ticker,JP,28945.0,,,237882.0,0.0
31/12/2024,Care Super,Balanced,Listed Equity,1,Mitsubishi Corp,,8058,BB Ticker,JP,130698.0,,,3497619.0,0.0001
31/12/2024,Care Super,Balanced,Listed Equity,1,Mitsubishi Electric Corp,,6503,SEDOL,JP,232637.0,,,6424042.0,0.0002
31/12/2024,Care Super,Balanced,Listed Equity,1,Mitsubishi Heavy Industries Ltd,,7011,BB Ticker,JP,15319.0,,,349977.0,0.0
31/12/2024,Care Super,Balanced,Listed Equity,1,Mitsubishi UFJ Financial Group Inc,,8306,BB Ticker,JP,147573.0,,,2799634.0,0.0001
31/12/2024,Care Super,Balanced,Listed Equity,1,Mitsui & Co Ltd,,8031,BB Ticker,JP,78912.0,,,2685125.0,0.0001
31/12/2024,Care Super,Balanced,Listed Equity,1,Mitsui Mining & Smelting Co Ltd,,5706,BB Ticker,JP,20708.0,,,993202.0,0.0
31/12/2024,Care Super,Balanced,Listed Equity,1,Mitsui OSK Lines Ltd,,9104,SEDOL,JP,19784.0,,,1119888.0,0.0
31/12/2024,Care Super,Balanced,Listed Equity,1,Mizuho Financial Group Inc,,8411,BB Ticker,JP,98613.0,,,3925040.0,0.0001
31/12/2024,Care Super,Balanced,Listed Equity,1,Moderna Inc,,MRNA,BB Ticker,US,121964.0,,,8190674.0,0.0002
31/12/2024,Care Super,Balanced,Listed Equity,1,Modine Manufacturing Co,,MOD,BB Ticker,US,23719.0,,,4441250.0,0.0001
31/12/2024,Care Super,Balanced,Listed Equity,1,Monadelphous Group Ltd,,MND,BB Ticker,AU,375631.0,,,5258836.0,0.0001
31/12/2024,Care Super,Balanced,Listed Equity,1,Monash IVF Group Ltd,,MVF,BB Ticker,AU,8008800.0,,,10171176.0,0.0002
31/12/2024,Care Super,Balanced,Listed Equity,1,Moncler SpA,,MONC,BB Ticker,IM,157346.0,,,13415589.0,0.0003
31/12/2024,Care Super,Balanced,Listed Equity,1,Monday.com Ltd,,MNDY,BB Ticker,US,5389.0,,,2049122.0,0.0
31/12/2024,Care Super,Balanced,Listed Equity,1,Mondelez International Inc,,MDLZ,BB Ticker,US,4450.0,,,429250.0,0.0
31/12/2024,Care Super,Balanced,Listed Equity,1,Mondi PLC,,MNDI,BB Ticker,LN,68391.0,,,1649017.0,0.0
31/12/2024,Care Super,Balanced,Listed Equity,1,Monolithic Power Systems Inc,,MPWR,BB Ticker,US,2239.0,,,2139368.0,0.0001
31/12/2024,Care Super,Balanced,Listed Equity,1,MonotaRO Co Ltd,,3064,BB Ticker,JP,466199.0,,,12801764.0,0.0003
31/12/2024,Care Super,Balanced,Listed Equity,1,Monster Beverage Corp,,MNST,BB Ticker,US,232147.0,,,19707110.0,0.0005
31/12/2024,Care Super,Balanced,Listed Equity,1,Moody's Corp,,MCO,BB Ticker,US,74543.0,,,56991438.0,0.0013
31/12/2024,Care Super,Balanced,Listed Equity,1,Morgan Stanley,,MS,BB Ticker,US,56532.0,,,11478970.0,0.0003
31/12/2024,Care Super,Balanced,Listed Equity,1,Morinaga & Co Ltd/Japan,,2201,BB Ticker,JP,69748.0,,,1947168.0,0.0
31/12/2024,Care Super,Balanced,Listed Equity,1,Morinaga Milk Industry Co Ltd,,2264,BB Ticker,JP,94995.0,,,2857983.0,0.0001
31/12/2024,Care Super,Balanced,Listed Equity,1,Mosaic Co/The,,MOS,BB Ticker,US,3015.0,,,119709.0,0.0
31/12/2024,Care Super,Balanced,Listed Equity,1,Motorola Solutions Inc,,MSI,BB Ticker,US,31454.0,,,23482464.0,0.0006
31/12/2024,Care Super,Balanced,Listed Equity,1,Mowi ASA,,MOWI,BB Ticker,NO,34642.0,,,959406.0,0.0
31/12/2024,Care Super,Balanced,Listed Equity,1,Mr Price Group Ltd,,MRP,BB Ticker,SJ,988.0,,,24968.0,0.0
31/12/2024,Care Super,Balanced,Listed Equity,1,MS&AD Insurance Group Holdings Inc,,8725,SEDOL,JP,419133.0,,,14856191.0,0.0004
31/12/2024,Care Super,Balanced,Listed Equity,1,MSCI Inc,,MSCI,BB Ticker,US,23778.0,,,23043304.0,0.0005
31/12/2024,Care Super,Balanced,Listed Equity,1,MTN Group Ltd,,MTN,BB Ticker,SJ,184948.0,,,1456208.0,0.0
31/12/2024,Care Super,Balanced,Listed Equity,1,MTR Corp Ltd,,66,SEDOL,HK,17029.0,,,95954.0,0.0
31/12/2024,Care Super,Balanced,Listed Equity,1,MTU Aero Engines AG,,MTX,BB Ticker,GR,579.0,,,311755.0,0.0
31/12/2024,Care Super,Balanced,Listed Equity,1,Muenchener Rueckversicherungs-Gesellschaft AG in Muenchen,,MUV2,BB Ticker,GR,3446.0,,,2807662.0,0.0001
31/12/2024,Care Super,Balanced,Listed Equity,1,Multiply Group PJSC,,MULTIPLY,BB Ticker,UH,155438.0,,,141483.0,0.0
31/12/2024,Care Super,Balanced,Listed Equity,1,MyState Ltd,,MYS,BB Ticker,AU,26078.0,,,116308.0,0.0
31/12/2024,Care Super,Balanced,Listed Equity,1,Nanosonics Ltd,,NAN,BB Ticker,AU,57069.0,,,171779.0,0.0
31/12/2024,Care Super,Balanced,Listed Equity,1,NARI Technology Co Ltd,,600406,BB Ticker,C1,1450398.0,,,8093908.0,0.0002
31/12/2024,Care Super,Balanced,Listed Equity,1,Nasdaq Inc,,NDAQ,BB Ticker,US,30394.0,,,3795110.0,0.0001
31/12/2024,Care Super,Balanced,Listed Equity,1,Naspers Ltd,,NPN,BB Ticker,SJ,8809.0,,,3146663.0,0.0001
31/12/2024,Care Super,Balanced,Listed Equity,1,National Australia Bank Ltd,,NAB,BB Ticker,AU,10114120.0,,,375233837.0,0.0089
31/12/2024,Care Super,Balanced,Listed Equity,1,National Bank of Canada,,,N/A,CN,7769.0,,,1143321.0,0.0
31/12/2024,Care Super,Balanced,Listed Equity,1,National Bank of Greece SA,,ETE,BB Ticker,GA,266992.0,,,3420441.0,0.0001
31/12/2024,Care Super,Balanced,Listed Equity,1,National Grid PLC,,NG/,BB Ticker,LN,195125.0,,,3749596.0,0.0001
31/12/2024,Care Super,Balanced,Listed Equity,1,Naturgy Energy Group SA,,NTGY,BB Ticker,SM,1438.0,,,56244.0,0.0
31/12/2024,Care Super,Balanced,Listed Equity,1,NatWest Group PLC,,NWG,BB Ticker,LN,2930786.0,,,23837752.0,0.0006
31/12/2024,Care Super,Balanced,Listed Equity,1,nCino Inc,,NCNO,BB Ticker,US,70352.0,,,3815570.0,0.0001
31/12/2024,Care Super,Balanced,Listed Equity,1,NEC Corp,,6701,BB Ticker,JP,17287.0,,,2437497.0,0.0001
31/12/2024,Care Super,Balanced,Listed Equity,1,Nedbank Group Ltd,,NED,BB Ticker,SJ,798.0,,,19230.0,0.0
31/12/2024,Care Super,Balanced,Listed Equity,1,Nestle India Ltd,,NEST,BB Ticker,IN,12925.0,,,529135.0,0.0
31/12/2024,Care Super,Balanced,Listed Equity,1,Nestle Malaysia Bhd,,NESZ,BB Ticker,MK,616.0,,,22240.0,0.0
31/12/2024,Care Super,Balanced,Listed Equity,1,Nestle SA,,NESN,BB Ticker,SW,422544.0,,,56388981.0,0.0013
31/12/2024,Care Super,Balanced,Listed Equity,1,NetApp Inc,,NTAP,BB Ticker,US,41983.0,,,7871032.0,0.0002
31/12/2024,Care Super,Balanced,Listed Equity,1,NetEase Inc,,NTES,BB Ticker,US,128969.0,,,18582470.0,0.0004
31/12/2024,Care Super,Balanced,Listed Equity,1,NetEase Inc,,9999,SEDOL,HK,65383.0,,,1881464.0,0.0
31/12/2024,Care Super,Balanced,Listed Equity,1,Netflix Inc,,NFLX,BB Ticker,US,72751.0,,,104731800.0,0.0025
31/12/2024,Care Super,Balanced,Listed Equity,1,Netwealth Group Ltd,,NWL,BB Ticker,AU,776120.0,,,22313448.0,0.0005
31/12/2024,Care Super,Balanced,Listed Equity,1,Neuren Pharmaceuticals Ltd,,NEU,BB Ticker,AU,100277.0,,,1253466.0,0.0
31/12/2024,Care Super,Balanced,Listed Equity,1,Neurocrine Biosciences Inc,,NBIX,BB Ticker,US,13640.0,,,3007024.0,0.0001
31/12/2024,Care Super,Balanced,Listed Equity,1,New Oriental Education & Technology Group Inc,,9901,BB Ticker,HK,12086.0,,,123009.0,0.0
31/12/2024,Care Super,Balanced,Listed Equity,1,Newell Brands Inc,,NWL,BB Ticker,US,563625.0,,,9066793.0,0.0002
31/12/2024,Care Super,Balanced,Listed Equity,1,Newmont Corp,,NEM,BB Ticker,AU,730811.0,,,43512481.0,0.001
31/12/2024,Care Super,Balanced,Listed Equity,1,News Corp,,NWS,BB Ticker,AU,727441.0,,,36008335.0,0.0008
31/12/2024,Care Super,Balanced,Listed Equity,1,News Corp,,NWSA,BB Ticker,US,44.0,,,1946.0,0.0
31/12/2024,Care Super,Balanced,Listed Equity,1,NexGen Energy Ltd,,NXG,BB Ticker,AU,191799.0,,,2073350.0,0.0
31/12/2024,Care Super,Balanced,Listed Equity,1,Nexon Co Ltd,,3659,BB Ticker,JP,178402.0,,,4357120.0,0.0001
31/12/2024,Care Super,Balanced,Listed Equity,1,Next PLC,,NXT,BB Ticker,LN,22346.0,,,4293207.0,0.0001
31/12/2024,Care Super,Balanced,Listed Equity,1,NEXTDC Ltd,,NXT,BB Ticker,AU,2272766.0,,,34250580.0,0.0008
31/12/2024,Care Super,Balanced,Listed Equity,1,NextEra Energy Inc,,NEE,BB Ticker,US,63236.0,,,7321915.0,0.0002
31/12/2024,Care Super,Balanced,Listed Equity,1,NGK Insulators Ltd,,5333,BB Ticker,JP,25712.0,,,531910.0,0.0
31/12/2024,Care Super,Balanced,Listed Equity,1,nib holdings Ltd/Australia,,NHF,BB Ticker,AU,77637.0,,,425451.0,0.0
31/12/2024,Care Super,Balanced,Listed Equity,1,Nice Ltd,,NICE,BB Ticker,IT,5082.0,,,1399458.0,0.0
31/12/2024,Care Super,Balanced,Listed Equity,1,Nick Scali Ltd,,NCK,BB Ticker,AU,1459278.0,,,21903768.0,0.0005
31/12/2024,Care Super,Balanced,Listed Equity,1,Nickel Industries Ltd,,NIC,BB Ticker,AU,401082.0,,,330893.0,0.0
31/12/2024,Care Super,Balanced,Listed Equity,1,Nien Made Enterprise Co Ltd,,8464,BB Ticker,TT,26997.0,,,487437.0,0.0
31/12/2024,Care Super,Balanced,Listed Equity,1,NIKE Inc,,NKE,BB Ticker,US,115256.0,,,14086081.0,0.0003
31/12/2024,Care Super,Balanced,Listed Equity,1,Nine Entertainment Co Holdings Ltd,,NEC,BB Ticker,AU,234818.0,,,290000.0,0.0
31/12/2024,Care Super,Balanced,Listed Equity,1,Nintendo Co Ltd,,7974,BB Ticker,JP,37149.0,,,3536766.0,0.0001
31/12/2024,Care Super,Balanced,Listed Equity,1,Nippon Steel Corp,,5401,BB Ticker,JP,12953.0,,,423572.0,0.0
31/12/2024,Care Super,Balanced,Listed Equity,1,Nippon Telegraph & Telephone Corp,,9432,BB Ticker,JP,716157.0,,,1162860.0,0.0
31/12/2024,Care Super,Balanced,Listed Equity,1,Nippon Yusen KK,,9101,BB Ticker,JP,12163.0,,,659117.0,0.0
31/12/2024,Care Super,Balanced,Listed Equity,1,NiSource Inc,,NI,BB Ticker,US,30445.0,,,1807597.0,0.0
31/12/2024,Care Super,Balanced,Listed Equity,1,Nitto Denko Corp,,6988,BB Ticker,JP,228227.0,,,6285836.0,0.0001
31/12/2024,Care Super,Balanced,Listed Equity,1,NMDC Ltd,,NMDC,BB Ticker,IN,129680.0,,,161269.0,0.0
31/12/2024,Care Super,Balanced,Listed Equity,1,NN Group NV,,NN,BB Ticker,,13608.0,,,957460.0,0.0
31/12/2024,Care Super,Balanced,Listed Equity,1,NOK Corp,,7240,BB Ticker,JP,16320.0,,,415273.0,0.0
31/12/2024,Care Super,Balanced,Listed Equity,1,Nokia Oyj,,NOK,BB Ticker,US,1026046.0,,,7341332.0,0.0002
31/12/2024,Care Super,Balanced,Listed Equity,1,Nokia Oyj,,NOKIA,BB Ticker,FH,1555157.0,,,11117667.0,0.0003
31/12/2024,Care Super,Balanced,Listed Equity,1,Nomura Holdings Inc,,8604,BB Ticker,JP,501533.0,,,4800114.0,0.0001
31/12/2024,Care Super,Balanced,Listed Equity,1,Nomura Research Institute Ltd,,4307,BB Ticker,JP,15781.0,,,755604.0,0.0
31/12/2024,Care Super,Balanced,Listed Equity,1,Nordea Bank Abp,,NDA,BB Ticker,FH,289.0,,,5078.0,0.0
31/12/2024,Care Super,Balanced,Listed Equity,1,Norfolk Southern Corp,,NSC,BB Ticker,US,2585.0,,,979700.0,0.0
31/12/2024,Care Super,Balanced,Listed Equity,1,Northern Star Resources Ltd,,NST,BB Ticker,AU,2228482.0,,,34407760.0,0.0008
31/12/2024,Care Super,Balanced,Listed Equity,1,Northern Trust Corp,,NTRS,BB Ticker,US,34869.0,,,5772496.0,0.0001
31/12/2024,Care Super,Balanced,Listed Equity,1,Northland Power Inc,,NPI,BB Ticker,CN,64707.0,,,1300744.0,0.0
31/12/2024,Care Super,Balanced,Listed Equity,1,Northwest Natural Holding Co,,NWN,BB Ticker,US,402.0,,,25709.0,0.0
31/12/2024,Care Super,Balanced,Listed Equity,1,Northwestern Energy Group Inc,,NWE,BB Ticker,US,749.0,,,64628.0,0.0
31/12/2024,Care Super,Balanced,Listed Equity,1,NOV Inc,,NOV,BB Ticker,US,596709.0,,,14070831.0,0.0003
31/12/2024,Care Super,Balanced,Listed Equity,1,Nova Ltd,,NVMI,BB Ticker,US,31346.0,,,9971090.0,0.0002
31/12/2024,Care Super,Balanced,Listed Equity,1,Novartis AG,,NOVN,BB Ticker,SW,213354.0,,,33727226.0,0.0008
31/12/2024,Care Super,Balanced,Listed Equity,1,Novo Nordisk A/S,,NOVOB,BB Ticker,DC,290299.0,,,40639181.0,0.001
31/12/2024,Care Super,Balanced,Listed Equity,1,Novonesis (Novozymes) B,,NSISB,BB Ticker,DC,5663.0,,,517811.0,0.0
31/12/2024,Care Super,Balanced,Listed Equity,1,Novonix Ltd,,NVX,BB Ticker,AU,90285.0,,,66359.0,0.0
31/12/2024,Care Super,Balanced,Listed Equity,1,NRG Energy Inc,,NRG,BB Ticker,US,36511.0,,,5320302.0,0.0001
31/12/2024,Care Super,Balanced,Listed Equity,1,NRW Holdings Ltd,,NWH,BB Ticker,AU,2680593.0,,,10293475.0,0.0002
31/12/2024,Care Super,Balanced,Listed Equity,1,NU Holdings Ltd/Cayman Islands,,NU,BB Ticker,US,1059631.0,,,17730401.0,0.0004
31/12/2024,Care Super,Balanced,Listed Equity,1,Nucor Corp,,NUE,BB Ticker,US,9545.0,,,1799220.0,0.0
31/12/2024,Care Super,Balanced,Listed Equity,1,Nufarm Ltd,,NUF,BB Ticker,AU,60534.0,,,214291.0,0.0
31/12/2024,Care Super,Balanced,Listed Equity,1,Nuix Ltd,,NXL,BB Ticker,AU,37051.0,,,234165.0,0.0
31/12/2024,Care Super,Balanced,Listed Equity,1,Nutanix Inc,,NTNX,BB Ticker,US,29632.0,,,2928065.0,0.0001
31/12/2024,Care Super,Balanced,Listed Equity,1,Nutrien Ltd,,NTR,BB Ticker,US,65902.0,,,4763179.0,0.0001
31/12/2024,Care Super,Balanced,Listed Equity,1,Nutrien Ltd,,NTR,BB Ticker,CN,1705.0,,,123166.0,0.0
31/12/2024,Care Super,Balanced,Listed Equity,1,NVIDIA Corp,,NVDA,BB Ticker,US,1548065.0,,,335766145.0,0.0079
31/12/2024,Care Super,Balanced,Listed Equity,1,NVR Inc,,NVR,BB Ticker,US,550.0,,,7260769.0,0.0002
31/12/2024,Care Super,Balanced,Listed Equity,1,NXP Semiconductors NV,,NXPI,BB Ticker,US,7728.0,,,2594359.0,0.0001
31/12/2024,Care Super,Balanced,Listed Equity,1,Obic Co Ltd,,4684,BB Ticker,JP,48533.0,,,2340716.0,0.0001
31/12/2024,Care Super,Balanced,Listed Equity,1,Occidental Petroleum Corp,,OXY,BB Ticker,US,95162.0,,,7594210.0,0.0002
31/12/2024,Care Super,Balanced,Listed Equity,1,OFX Group Ltd,,OFX,BB Ticker,AU,51731.0,,,73199.0,0.0
31/12/2024,Care Super,Balanced,Listed Equity,1,OGE Energy Corp,,OGE,BB Ticker,US,2330.0,,,155249.0,0.0
31/12/2024,Care Super,Balanced,Listed Equity,1,Okinawa Electric Power Co Inc/The,,9511,BB Ticker,JP,554.0,,,5470.0,0.0
31/12/2024,Care Super,Balanced,Listed Equity,1,Okta Inc,,OKTA,BB Ticker,US,9702.0,,,1234840.0,0.0
31/12/2024,Care Super,Balanced,Listed Equity,1,Old Dominion Freight Line Inc,,ODFL,BB Ticker,US,2447.0,,,697234.0,0.0
31/12/2024,Care Super,Balanced,Listed Equity,1,Ollie's Bargain Outlet Holdings Inc,,OLLI,BB Ticker,US,43347.0,,,7682326.0,0.0002
31/12/2024,Care Super,Balanced,Listed Equity,1,Olympus Corp,,7733,SEDOL,JP,20708.0,,,504475.0,0.0
31/12/2024,Care Super,Balanced,Listed Equity,1,Omni Bridgeway Ltd,,OBL,BB Ticker,AU,2098780.0,,,3043231.0,0.0001
31/12/2024,Care Super,Balanced,Listed Equity,1,OMV AG,,OMV,BB Ticker,AV,8904.0,,,556029.0,0.0
31/12/2024,Care Super,Balanced,Listed Equity,1,ON Semiconductor Corp,,ON,BB Ticker,US,28006.0,,,2851920.0,0.0001
31/12/2024,Care Super,Balanced,Listed Equity,1,ONE Gas Inc,,OGS,BB Ticker,US,681.0,,,76187.0,0.0
31/12/2024,Care Super,Balanced,Listed Equity,1,ONEOK Inc,,OKE,BB Ticker,US,68345.0,,,11082707.0,0.0003
31/12/2024,Care Super,Balanced,Listed Equity,1,oOh!media Ltd,,OML,BB Ticker,AU,6613281.0,,,7803672.0,0.0002
31/12/2024,Care Super,Balanced,Listed Equity,1,OPAP SA,,OPAP,BB Ticker,GA,11137.0,,,292427.0,0.0
31/12/2024,Care Super,Balanced,Listed Equity,1,Open House Group Co Ltd,,3288,BB Ticker,JP,17321.0,,,948584.0,0.0
31/12/2024,Care Super,Balanced,Listed Equity,1,Open Lending Corp,,LPRO,BB Ticker,US,259037.0,,,2497698.0,0.0001
31/12/2024,Care Super,Balanced,Listed Equity,1,Open Text Corp,,OTEX,BB Ticker,CN,28961.0,,,1323066.0,0.0
31/12/2024,Care Super,Balanced,Listed Equity,1,Opthea Ltd,,OPT,BB Ticker,AU,169511.0,,,137304.0,0.0
31/12/2024,Care Super,Balanced,Listed Equity,1,Ora Banda Mining Ltd,,OBM,BB Ticker,AU,3405250.0,,,2213412.0,0.0001
31/12/2024,Care Super,Balanced,Listed Equity,1,Oracle Corp,,ORCL,BB Ticker,US,215926.0,,,58114980.0,0.0014
31/12/2024,Care Super,Balanced,Listed Equity,1,Oracle Corp Japan,,4716,BB Ticker,JP,3541.0,,,551520.0,0.0
31/12/2024,Care Super,Balanced,Listed Equity,1,Oracle Financial Services Software Ltd,,OFSS,BB Ticker,IN,2510.0,,,605502.0,0.0
31/12/2024,Care Super,Balanced,Listed Equity,1,O'Reilly Automotive Inc,,ORLY,BB Ticker,US,6355.0,,,12170770.0,0.0003
31/12/2024,Care Super,Balanced,Listed Equity,1,Orica Ltd,,ORI,BB Ticker,AU,3132036.0,,,51929164.0,0.0012
31/12/2024,Care Super,Balanced,Listed Equity,1,Orient Overseas International Ltd,,316,BB Ticker,HK,19430.0,,,465002.0,0.0
31/12/2024,Care Super,Balanced,Listed Equity,1,Origin Energy Ltd,,ORG,BB Ticker,AU,9425734.0,,,102740499.0,0.0024
31/12/2024,Care Super,Balanced,Listed Equity,1,Orion Corp/Republic of Korea,,271560,BB Ticker,KS,370.0,,,41512.0,0.0
31/12/2024,Care Super,Balanced,Listed Equity,1,Orion Oyj,,ORNBV,BB Ticker,FH,16219.0,,,1160444.0,0.0
31/12/2024,Care Super,Balanced,Listed Equity,1,ORIX Corp,,8591,BB Ticker,JP,17454.0,,,611307.0,0.0
31/12/2024,Care Super,Balanced,Listed Equity,1,Orkla ASA,,ORK,BB Ticker,NO,125073.0,,,1749297.0,0.0
31/12/2024,Care Super,Balanced,Listed Equity,1,ORLEN SA,,PKN,BB Ticker,PW,31518.0,,,581684.0,0.0
31/12/2024,Care Super,Balanced,Listed Equity,1,Orora Ltd,,ORA,BB Ticker,AU,4242487.0,,,10436519.0,0.0002
31/12/2024,Care Super,Balanced,Listed Equity,1,Osaka Gas Co Ltd,,9532,BB Ticker,JP,4436.0,,,157719.0,0.0
31/12/2024,Care Super,Balanced,Listed Equity,1,Otis Worldwide Corp,,OTIS,BB Ticker,US,7623.0,,,1140172.0,0.0
31/12/2024,Care Super,Balanced,Listed Equity,1,OTP Bank Nyrt,,OTP,BB Ticker,HB,9409.0,,,829737.0,0.0
31/12/2024,Care Super,Balanced,Listed Equity,1,Otsuka Corp,,4768,BB Ticker,JP,6842.0,,,253769.0,0.0
31/12/2024,Care Super,Balanced,Listed Equity,1,Oversea-Chinese Banking Corp Ltd,,OCBC,BB Ticker,SP,401027.0,,,7924217.0,0.0002
31/12/2024,Care Super,Balanced,Listed Equity,1,Ovintiv Inc,,OVV,BB Ticker,US,98338.0,,,6432528.0,0.0002
31/12/2024,Care Super,Balanced,Listed Equity,1,Owens Corning,,OC,BB Ticker,US,23245.0,,,6394409.0,0.0002
31/12/2024,Care Super,Balanced,Listed Equity,1,PACCAR Inc,,PCAR,BB Ticker,US,75580.0,,,12697827.0,0.0003
31/12/2024,Care Super,Balanced,Listed Equity,1,Packaging Corp of America,,PKG,BB Ticker,US,4263.0,,,1550044.0,0.0
31/12/2024,Care Super,Balanced,Listed Equity,1,Paladin Energy Ltd,,PDN,BB Ticker,AU,19160.0,,,144848.0,0.0
31/12/2024,Care Super,Balanced,Listed Equity,1,Palantir Technologies Inc,,PLTR,BB Ticker,US,61580.0,,,7522134.0,0.0002
31/12/2024,Care Super,Balanced,Listed Equity,1,Palo Alto Networks Inc,,PANW,BB Ticker,US,25220.0,,,7411799.0,0.0002
31/12/2024,Care Super,Balanced,Listed Equity,1,Pan American Silver Corp,,PAAS,BB Ticker,CN,83197.0,,,2716976.0,0.0001
31/12/2024,Care Super,Balanced,Listed Equity,1,Panasonic Holdings Corp,,6752,SEDOL,JP,26328.0,,,444540.0,0.0
31/12/2024,Care Super,Balanced,Listed Equity,1,Parker-Hannifin Corp,,PH,BB Ticker,US,1889.0,,,1940625.0,0.0
31/12/2024,Care Super,Balanced,Listed Equity,1,Patanjali Foods Ltd,,PATANJAL,BB Ticker,IN,200183.0,,,6729493.0,0.0002
31/12/2024,Care Super,Balanced,Listed Equity,1,Patriot Battery Metals Inc,,PMT,BB Ticker,AU,384249.0,,,155621.0,0.0
31/12/2024,Care Super,Balanced,Listed Equity,1,Paychex Inc,,PAYX,BB Ticker,US,17329.0,,,3924590.0,0.0001
31/12/2024,Care Super,Balanced,Listed Equity,1,Paylocity Holding Corp,,PCTY,BB Ticker,US,32293.0,,,10403722.0,0.0002
31/12/2024,Care Super,Balanced,Listed Equity,1,PayPal Holdings Inc,,PYPL,BB Ticker,US,65234.0,,,8992565.0,0.0002
31/12/2024,Care Super,Balanced,Listed Equity,1,PB Fintech Ltd,,POLICYBZ,BB Ticker,IN,66700.0,,,2653570.0,0.0001
31/12/2024,Care Super,Balanced,Listed Equity,1,PDD Holdings Inc,,PDD,BB Ticker,US,189905.0,,,29748703.0,0.0007
31/12/2024,Care Super,Balanced,Listed Equity,1,Pegasus Hava Tasimaciligi AS,,PGSUS,BB Ticker,TI,34966.0,,,340179.0,0.0
31/12/2024,Care Super,Balanced,Listed Equity,1,Pegatron Corp,,4938,SEDOL,TT,29948.0,,,135587.0,0.0
31/12/2024,Care Super,Balanced,Listed Equity,1,Pembina Pipeline Corp,,PPL,BB Ticker,CN,6722.0,,,400935.0,0.0
31/12/2024,Care Super,Balanced,Listed Equity,1,Pennon Group PLC,,PNN,BB Ticker,LN,2905.0,,,34878.0,0.0
31/12/2024,Care Super,Balanced,Listed Equity,1,Pentair PLC,,PNR,BB Ticker,US,12431.0,,,2020593.0,0.0
31/12/2024,Care Super,Balanced,Listed Equity,1,People's Insurance Co Group of China Ltd/The,,1339,BB Ticker,HK,1126237.0,,,906230.0,0.0
31/12/2024,Care Super,Balanced,Listed Equity,1,PepsiCo Inc,,PEP,BB Ticker,US,36030.0,,,8848674.0,0.0002
31/12/2024,Care Super,Balanced,Listed Equity,1,Perenti Ltd,,PRN,BB Ticker,AU,160102.0,,,223343.0,0.0
31/12/2024,Care Super,Balanced,Listed Equity,1,Perpetual Ltd,,PPT,BB Ticker,AU,17953.0,,,357077.0,0.0
31/12/2024,Care Super,Balanced,Listed Equity,1,Perseus Mining Ltd,,PRU,BB Ticker,AU,3250564.0,,,8353948.0,0.0002
31/12/2024,Care Super,Balanced,Listed Equity,1,Persistent Systems Ltd,,PSYS,BB Ticker,IN,70571.0,,,8597364.0,0.0002
31/12/2024,Care Super,Balanced,Listed Equity,1,Persol Holdings Co Ltd,,2181,SEDOL,JP,114573.0,,,278469.0,0.0
31/12/2024,Care Super,Balanced,Listed Equity,1,PetroChina Co Ltd,,857,BB Ticker,HK,4624827.0,,,5875359.0,0.0001
31/12/2024,Care Super,Balanced,Listed Equity,1,Petroleo Brasileiro SA,,PBR,BB Ticker,US,934789.0,,,19415953.0,0.0005
31/12/2024,Care Super,Balanced,Listed Equity,1,Petroleo Brasileiro SA,,PETR3,BB Ticker,BZ,41760.0,,,430263.0,0.0
31/12/2024,Care Super,Balanced,Listed Equity,1,Petroleo Brasileiro SA,,PETR4,BB Ticker,BZ,25655.0,,,242730.0,0.0
31/12/2024,Care Super,Balanced,Listed Equity,1,Petronas Gas Bhd,,PTG,BB Ticker,MK,95278.0,,,608453.0,0.0
31/12/2024,Care Super,Balanced,Listed Equity,1,Petronet LNG Ltd,,PLNG,BB Ticker,IN,76828.0,,,501774.0,0.0
31/12/2024,Care Super,Balanced,Listed Equity,1,Pfizer Inc,,PFE,BB Ticker,US,239537.0,,,10263944.0,0.0002
31/12/2024,Care Super,Balanced,Listed Equity,1,PG&E Corp,,PCG,BB Ticker,US,24754.0,,,806793.0,0.0
31/12/2024,Care Super,Balanced,Listed Equity,1,Phillips 66,,PSX,BB Ticker,US,3286.0,,,604578.0,0.0
31/12/2024,Care Super,Balanced,Listed Equity,1,Phoenix Group Holdings PLC,,PHNX,BB Ticker,LN,108956.0,,,1124009.0,0.0
31/12/2024,Care Super,Balanced,Listed Equity,1,PICC Property & Casualty Co Ltd,,2328,BB Ticker,HK,581301.0,,,1481799.0,0.0
31/12/2024,Care Super,Balanced,Listed Equity,1,Piedmont Lithium Inc,,PLL,BB Ticker,AU,5385163.0,,,780849.0,0.0
31/12/2024,Care Super,Balanced,Listed Equity,1,Pilbara Minerals Ltd,,PLS,BB Ticker,AU,23507666.0,,,51481788.0,0.0012
31/12/2024,Care Super,Balanced,Listed Equity,1,Ping An Bank Co Ltd,,000001,BB Ticker,C2,177442.0,,,459376.0,0.0
31/12/2024,Care Super,Balanced,Listed Equity,1,Ping An Insurance Group Co of China Ltd,,2318,SEDOL,HK,755666.0,,,7235316.0,0.0002
31/12/2024,Care Super,Balanced,Listed Equity,1,Pinnacle Investment Management Group Ltd,,PNI,BB Ticker,AU,827791.0,,,18915035.0,0.0004
31/12/2024,Care Super,Balanced,Listed Equity,1,Pinnacle West Capital Corp,,PNW,BB Ticker,US,1296.0,,,177414.0,0.0
31/12/2024,Care Super,Balanced,Listed Equity,1,Pinterest Inc,,PINS,BB Ticker,US,35341.0,,,1655297.0,0.0
31/12/2024,Care Super,Balanced,Listed Equity,1,Piraeus Financial Holdings SA,,TPEIR,BB Ticker,GA,137785.0,,,887191.0,0.0
31/12/2024,Care Super,Balanced,Listed Equity,1,Pirelli & C SpA,,PIRC,BB Ticker,IM,244696.0,,,2240195.0,0.0001
31/12/2024,Care Super,Balanced,Listed Equity,1,Platinum Asset Management Ltd,,PTM,BB Ticker,AU,98469.0,,,67943.0,0.0
31/12/2024,Care Super,Balanced,Listed Equity,1,PLDT Inc,,TEL,BB Ticker,PM,7229.0,,,261372.0,0.0
31/12/2024,Care Super,Balanced,Listed Equity,1,PNC Financial Services Group Inc/The,,PNC,BB Ticker,US,11106.0,,,3459276.0,0.0001
31/12/2024,Care Super,Balanced,Listed Equity,1,PolyNovo Ltd,,PNV,BB Ticker,AU,117058.0,,,238799.0,0.0
31/12/2024,Care Super,Balanced,Listed Equity,1,Pop Mart International Group Ltd,,9992,BB Ticker,HK,197215.0,,,3676098.0,0.0001
31/12/2024,Care Super,Balanced,Listed Equity,1,Popular Inc,,BPOP,BB Ticker,US,3819.0,,,580181.0,0.0
31/12/2024,Care Super,Balanced,Listed Equity,1,Porsche Automobil Holding SE,,PAH3,BB Ticker,GR,23179.0,,,1409142.0,0.0
31/12/2024,Care Super,Balanced,Listed Equity,1,Portland General Electric Co,,POR,BB Ticker,US,1168.0,,,82252.0,0.0
31/12/2024,Care Super,Balanced,Listed Equity,1,POSCO Holdings Inc,,005490,BB Ticker,KS,803.0,,,223306.0,0.0
31/12/2024,Care Super,Balanced,Listed Equity,1,Poste Italiane SpA,,PST,BB Ticker,IM,68010.0,,,1549186.0,0.0
31/12/2024,Care Super,Balanced,Listed Equity,1,Power Assets Holdings Ltd,,6,BB Ticker,HK,170574.0,,,1922246.0,0.0
31/12/2024,Care Super,Balanced,Listed Equity,1,Power Corp of Canada,,POW,BB Ticker,CN,84862.0,,,4273325.0,0.0001
31/12/2024,Care Super,Balanced,Listed Equity,1,Power Finance Corp Ltd,,POWF,BB Ticker,IN,405610.0,,,3431874.0,0.0001
31/12/2024,Care Super,Balanced,Listed Equity,1,Power Grid Corp of India Ltd,,PWGR,BB Ticker,IN,1949419.0,,,11352783.0,0.0003
31/12/2024,Care Super,Balanced,Listed Equity,1,Powszechna Kasa Oszczednosci Bank Polski SA,,PKO,BB Ticker,PW,77093.0,,,1801422.0,0.0
31/12/2024,Care Super,Balanced,Listed Equity,1,Powszechny Zaklad Ubezpieczen SA,,PZU,BB Ticker,PW,91771.0,,,1644898.0,0.0
31/12/2024,Care Super,Balanced,Listed Equity,1,PPB Group Bhd,,PEP,BB Ticker,MK,97150.0,,,435128.0,0.0
31/12/2024,Care Super,Balanced,Listed Equity,1,PPL Corp,,PPL,BB Ticker,US,46233.0,,,2423833.0,0.0001
31/12/2024,Care Super,Balanced,Listed Equity,1,Predictive Discovery Ltd,,PDI,BB Ticker,AU,427631.0,,,98355.0,0.0
31/12/2024,Care Super,Balanced,Listed Equity,1,Premier Investments Ltd,,PMV,BB Ticker,AU,515668.0,,,16568407.0,0.0004
31/12/2024,Care Super,Balanced,Listed Equity,1,President Chain Store Corp,,2912,BB Ticker,TT,397374.0,,,5148617.0,0.0001
31/12/2024,Care Super,Balanced,Listed Equity,1,Primerica Inc,,PRI,BB Ticker,US,1481.0,,,649287.0,0.0
31/12/2024,Care Super,Balanced,Listed Equity,1,Principal Financial Group Inc,,PFG,BB Ticker,US,37167.0,,,4646804.0,0.0001
31/12/2024,Care Super,Balanced,Listed Equity,1,PRIO SA/Brazil,,PRIO3,BB Ticker,BZ,132467.0,,,1390460.0,0.0
31/12/2024,Care Super,Balanced,Listed Equity,1,Pro Medicus Ltd,,PME,BB Ticker,AU,68485.0,,,17129350.0,0.0004
31/12/2024,Care Super,Balanced,Listed Equity,1,Progress Software Corp,,PRGS,BB Ticker,US,5429.0,,,571237.0,0.0
31/12/2024,Care Super,Balanced,Listed Equity,1,Progressive Corp/The,,PGR,BB Ticker,US,14325.0,,,5543629.0,0.0001
31/12/2024,Care Super,Balanced,Listed Equity,1,Propel Funeral Partners Ltd,,PFP,BB Ticker,AU,2051828.0,,,12044229.0,0.0003
31/12/2024,Care Super,Balanced,Listed Equity,1,Prosus NV,,PRX,BB Ticker,,43245.0,,,2773669.0,0.0001
31/12/2024,Care Super,Balanced,Listed Equity,1,Prudential Financial Inc,,PRU,BB Ticker,US,6825.0,,,1306502.0,0.0
31/12/2024,Care Super,Balanced,Listed Equity,1,Prysmian SpA,,PRY,BB Ticker,IM,40351.0,,,4161137.0,0.0001
31/12/2024,Care Super,Balanced,Listed Equity,1,Public Bank Bhd,,PBK,BB Ticker,MK,548580.0,,,903557.0,0.0
31/12/2024,Care Super,Balanced,Listed Equity,1,Public Service Enterprise Group Inc,,PEG,BB Ticker,US,5751.0,,,784811.0,0.0
31/12/2024,Care Super,Balanced,Listed Equity,1,Publicis Groupe SA,,PUB,BB Ticker,FP,85111.0,,,14661392.0,0.0003
31/12/2024,Care Super,Balanced,Listed Equity,1,PulteGroup Inc,,PHM,BB Ticker,US,45804.0,,,8056277.0,0.0002
31/12/2024,Care Super,Balanced,Listed Equity,1,Pure Storage Inc,,PSTG,BB Ticker,US,10510.0,,,1042793.0,0.0
31/12/2024,Care Super,Balanced,Listed Equity,1,PVH Corp,,PVH,BB Ticker,US,64434.0,,,11005266.0,0.0003
31/12/2024,Care Super,Balanced,Listed Equity,1,PWR Holdings Ltd,,PWH,BB Ticker,AU,17233.0,,,135454.0,0.0
31/12/2024,Care Super,Balanced,Listed Equity,1,Q2 Holdings Inc,,QTWO,BB Ticker,US,48907.0,,,7950400.0,0.0002
31/12/2024,Care Super,Balanced,Listed Equity,1,Qantas Airways Ltd,,QAN,BB Ticker,AU,7212218.0,,,64693599.0,0.0015
31/12/2024,Care Super,Balanced,Listed Equity,1,QBE Insurance Group Ltd,,QBE,BB Ticker,AU,8090034.0,,,155328649.0,0.0037
31/12/2024,Care Super,Balanced,Listed Equity,1,QIAGEN NV,,QIAD,BB Ticker,S1,4240.0,,,305250.0,0.0
31/12/2024,Care Super,Balanced,Listed Equity,1,Qifu Technology Inc,,QFIN,BB Ticker,US,14740.0,,,913730.0,0.0
31/12/2024,Care Super,Balanced,Listed Equity,1,Qorvo Inc,,QRVO,BB Ticker,US,32656.0,,,3688366.0,0.0001
31/12/2024,Care Super,Balanced,Listed Equity,1,QUALCOMM Inc,,QCOM,BB Ticker,US,69444.0,,,17230159.0,0.0004
31/12/2024,Care Super,Balanced,Listed Equity,1,Quanta Computer Inc,,2382,BB Ticker,TT,62355.0,,,881633.0,0.0
31/12/2024,Care Super,Balanced,Listed Equity,1,Quanta Services Inc,,PWR,BB Ticker,US,2684.0,,,1369849.0,0.0
31/12/2024,Care Super,Balanced,Listed Equity,1,Qube Holdings Ltd,,QUB,BB Ticker,AU,7035637.0,,,27931477.0,0.0007
31/12/2024,Care Super,Balanced,Listed Equity,1,Quest Diagnostics Inc,,DGX,BB Ticker,US,267.0,,,65087.0,0.0
31/12/2024,Care Super,Balanced,Listed Equity,1,Radian Group Inc,,RDN,BB Ticker,US,14665.0,,,751307.0,0.0
31/12/2024,Care Super,Balanced,Listed Equity,1,RAI Way SpA,,RWAY,BB Ticker,IM,1059.0,,,9741.0,0.0
31/12/2024,Care Super,Balanced,Listed Equity,1,Raia Drogasil SA,,RADL3,BB Ticker,BZ,998460.0,,,5742751.0,0.0001
31/12/2024,Care Super,Balanced,Listed Equity,1,Rakus Co Ltd,,3923,BB Ticker,JP,235975.0,,,4505814.0,0.0001
31/12/2024,Care Super,Balanced,Listed Equity,1,Ramelius Resources Ltd,,RMS,BB Ticker,AU,1691656.0,,,3501728.0,0.0001
31/12/2024,Care Super,Balanced,Listed Equity,1,Ramsay Health Care Ltd,,RHC,BB Ticker,AU,1018047.0,,,35163354.0,0.0008
31/12/2024,Care Super,Balanced,Listed Equity,1,Randstad NV,,RAND,BB Ticker,,242406.0,,,16504342.0,0.0004
31/12/2024,Care Super,Balanced,Listed Equity,1,Raymond James Financial Inc,,RJF,BB Ticker,US,23232.0,,,5828405.0,0.0001
31/12/2024,Care Super,Balanced,Listed Equity,1,RB Global Inc,,RBA,BB Ticker,CN,4379.0,,,638087.0,0.0
31/12/2024,Care Super,Balanced,Listed Equity,1,RBC Bearings Inc,,RBC,BB Ticker,US,24174.0,,,11679793.0,0.0003
31/12/2024,Care Super,Balanced,Listed Equity,1,REA Group Ltd,,REA,BB Ticker,AU,212283.0,,,49527804.0,0.0012
31/12/2024,Care Super,Balanced,Listed Equity,1,Realindex Global Share Fund,,,N/A,,536353312.0,,,845131902.0,0.0199
31/12/2024,Care Super,Balanced,Listed Equity,1,Reckitt Benckiser Group PLC,,RKT,BB Ticker,LN,169481.0,,,16568612.0,0.0004
31/12/2024,Care Super,Balanced,Listed Equity,1,Recruit Holdings Co Ltd,,6098,BB Ticker,JP,110616.0,,,12669464.0,0.0003
31/12/2024,Care Super,Balanced,Listed Equity,1,Redeia Corp SA,,RED,BB Ticker,SM,28333.0,,,781863.0,0.0
31/12/2024,Care Super,Balanced,Listed Equity,1,Redox Ltd/Australia,,RDX,BB Ticker,AU,34152.0,,,155732.0,0.0
31/12/2024,Care Super,Balanced,Listed Equity,1,Reece Ltd,,REH,BB Ticker,AU,205952.0,,,4609195.0,0.0001
31/12/2024,Care Super,Balanced,Listed Equity,1,Regeneron Pharmaceuticals Inc,,REGN,BB Ticker,US,8801.0,,,10125621.0,0.0002
31/12/2024,Care Super,Balanced,Listed Equity,1,Regions Financial Corp,,RF,BB Ticker,US,49123.0,,,1866049.0,0.0
31/12/2024,Care Super,Balanced,Listed Equity,1,Regis Healthcare Ltd,,REG,BB Ticker,AU,352352.0,,,2114111.0,0.0
31/12/2024,Care Super,Balanced,Listed Equity,1,Regis Resources Ltd,,RRL,BB Ticker,AU,1526754.0,,,3893222.0,0.0001
31/12/2024,Care Super,Balanced,Listed Equity,1,Reinsurance Group of America Inc,,RGA,BB Ticker,US,3535.0,,,1219702.0,0.0
31/12/2024,Care Super,Balanced,Listed Equity,1,Reliance Inc,,RS,BB Ticker,US,8297.0,,,3608274.0,0.0001
31/12/2024,Care Super,Balanced,Listed Equity,1,Reliance Industries Ltd,,RELIANCE,BB Ticker,IN,174087.0,,,3991755.0,0.0001
31/12/2024,Care Super,Balanced,Listed Equity,1,Reliance Worldwide Corp Ltd,,RWC,BB Ticker,AU,4569545.0,,,22939115.0,0.0005
31/12/2024,Care Super,Balanced,Listed Equity,1,RELX PLC,,REL,BB Ticker,LN,299633.0,,,21994983.0,0.0005
31/12/2024,Care Super,Balanced,Listed Equity,1,RELX PLC,,REN,BB Ticker,,854.0,,,62408.0,0.0
31/12/2024,Care Super,Balanced,Listed Equity,1,REN - Redes Energeticas Nacionais SGPS SA,,RENE,BB Ticker,PL,4975.0,,,18970.0,0.0
31/12/2024,Care Super,Balanced,Listed Equity,1,RenaissanceRe Holdings Ltd,,RNR,BB Ticker,US,28771.0,,,11561892.0,0.0003
31/12/2024,Care Super,Balanced,Listed Equity,1,Repsol SA,,REP,BB Ticker,SM,58733.0,,,1148286.0,0.0
31/12/2024,Care Super,Balanced,Listed Equity,1,Republic Services Inc,,RSG,BB Ticker,US,10689.0,,,3473145.0,0.0001
31/12/2024,Care Super,Balanced,Listed Equity,1,ResMed Inc,,RMD,BB Ticker,AU,5157784.0,,,189651727.0,0.0045
31/12/2024,Care Super,Balanced,Listed Equity,1,ResMed Inc,,RMD,BB Ticker,US,2379.0,,,878608.0,0.0
31/12/2024,Care Super,Balanced,Listed Equity,1,Resolute Mining Ltd,,RSG,BB Ticker,AU,397800.0,,,157131.0,0.0
31/12/2024,Care Super,Balanced,Listed Equity,1,Resona Holdings Inc,,8308,BB Ticker,JP,299380.0,,,3521286.0,0.0001
31/12/2024,Care Super,Balanced,Listed Equity,1,Resonac Holdings Corp,,4004,BB Ticker,JP,27174.0,,,1121264.0,0.0
31/12/2024,Care Super,Balanced,Listed Equity,1,Rexel SA,,RXL,BB Ticker,FP,350717.0,,,14429319.0,0.0003
31/12/2024,Care Super,Balanced,Listed Equity,1,Rheinmetall AG,,RHM,BB Ticker,GR,12550.0,,,12899506.0,0.0003
31/12/2024,Care Super,Balanced,Listed Equity,1,Richter Gedeon Nyrt,,RICHT,BB Ticker,HB,21128.0,,,893356.0,0.0
31/12/2024,Care Super,Balanced,Listed Equity,1,Ridley Corp Ltd,,RIC,BB Ticker,AU,3627529.0,,,9794328.0,0.0002
31/12/2024,Care Super,Balanced,Listed Equity,1,Rincon Resources Ltd,,RCR,BB Ticker,AU,1373166.0,,,0.0,0.0
31/12/2024,Care Super,Balanced,Listed Equity,1,Rio Tinto Ltd,,RIO,BB Ticker,AU,1527863.0,,,179462761.0,0.0042
31/12/2024,Care Super,Balanced,Listed Equity,1,Rio Tinto PLC,,RIO,BB Ticker,LN,96868.0,,,9254332.0,0.0002
31/12/2024,Care Super,Balanced,Listed Equity,1,Rivian Automotive Inc,,RIVN,BB Ticker,US,471558.0,,,10129575.0,0.0002
31/12/2024,Care Super,Balanced,Listed Equity,1,Robinhood Markets Inc,,HOOD,BB Ticker,US,51467.0,,,3097271.0,0.0001
31/12/2024,Care Super,Balanced,Listed Equity,1,ROBLOX Corp,,RBLX,BB Ticker,US,244540.0,,,22852474.0,0.0005
31/12/2024,Care Super,Balanced,Listed Equity,1,Roche Holding AG,,ROG,BB Ticker,SW,99763.0,,,45427347.0,0.0011
31/12/2024,Care Super,Balanced,Listed Equity,1,Roche Holding AG,,RO,BB Ticker,SW,2405.0,,,1159827.0,0.0
31/12/2024,Care Super,Balanced,Listed Equity,1,ROCKWOOL A/S,,ROCKB,BB Ticker,DC,1416.0,,,810698.0,0.0
31/12/2024,Care Super,Balanced,Listed Equity,1,Roku Inc,,ROKU,BB Ticker,US,394.0,,,47347.0,0.0
31/12/2024,Care Super,Balanced,Listed Equity,1,Rollins Inc,,ROL,BB Ticker,US,32956.0,,,2467087.0,0.0001
31/12/2024,Care Super,Balanced,Listed Equity,1,Rolls-Royce Holdings PLC,,RR/,BB Ticker,LN,756799.0,,,8704313.0,0.0002
31/12/2024,Care Super,Balanced,Listed Equity,1,Roper Technologies Inc,,ROP,BB Ticker,US,2835.0,,,2380506.0,0.0001
31/12/2024,Care Super,Balanced,Listed Equity,1,Ross Stores Inc,,ROST,BB Ticker,US,4534.0,,,1107635.0,0.0
31/12/2024,Care Super,Balanced,Listed Equity,1,Royal Bank of Canada,,RY,BB Ticker,CN,23883.0,,,4648542.0,0.0001
31/12/2024,Care Super,Balanced,Listed Equity,1,Royalty Pharma PLC,,RPRX,BB Ticker,US,31577.0,,,1301023.0,0.0
31/12/2024,Care Super,Balanced,Listed Equity,1,RPM International Inc,,RPM,BB Ticker,US,4576.0,,,909463.0,0.0
31/12/2024,Care Super,Balanced,Listed Equity,1,RPMGlobal Holdings Ltd,,RUL,BB Ticker,AU,29815.0,,,90934.0,0.0
31/12/2024,Care Super,Balanced,Listed Equity,1,RTX Corp,,RTX,BB Ticker,US,39984.0,,,7473085.0,0.0002
31/12/2024,Care Super,Balanced,Listed Equity,1,RWE AG,,RWE,BB Ticker,GR,204815.0,,,9875534.0,0.0002
31/12/2024,Care Super,Balanced,Listed Equity,1,S&P Global Inc,,SPGI,BB Ticker,US,118213.0,,,95087747.0,0.0022
31/12/2024,Care Super,Balanced,Listed Equity,1,Saab AB,,SAABB,BB Ticker,SS,7325.0,,,250221.0,0.0
31/12/2024,Care Super,Balanced,Listed Equity,1,Safran SA,,SAF,BB Ticker,FP,61417.0,,,21786387.0,0.0005
31/12/2024,Care Super,Balanced,Listed Equity,1,Saia Inc,,SAIA,BB Ticker,US,12747.0,,,9382207.0,0.0002
31/12/2024,Care Super,Balanced,Listed Equity,1,Saibu Gas Holdings Co Ltd,,9536,BB Ticker,JP,238.0,,,4230.0,0.0
31/12/2024,Care Super,Balanced,Listed Equity,1,Saipem SpA,,SPM,BB Ticker,IM,132757.0,,,557075.0,0.0
31/12/2024,Care Super,Balanced,Listed Equity,1,Salesforce Inc,,CRM,BB Ticker,US,96914.0,,,52331870.0,0.0012
31/12/2024,Care Super,Balanced,Listed Equity,1,Salmar ASA,,SALM,BB Ticker,NO,8898.0,,,683957.0,0.0
31/12/2024,Care Super,Balanced,Listed Equity,1,Samsara Inc,,IOT,BB Ticker,US,319637.0,,,22554984.0,0.0005
31/12/2024,Care Super,Balanced,Listed Equity,1,Samsonite International SA,,1910,BB Ticker,HK,727.0,,,3266.0,0.0
31/12/2024,Care Super,Balanced,Listed Equity,1,Samsung C&T Corp,,028260,BB Ticker,KS,11944.0,,,1504322.0,0.0
31/12/2024,Care Super,Balanced,Listed Equity,1,Samsung E&A Co Ltd,,028050,BB Ticker,KS,42623.0,,,773921.0,0.0
31/12/2024,Care Super,Balanced,Listed Equity,1,Samsung Electronics Co Ltd,,005930,BB Ticker,KS,257115.0,,,15006891.0,0.0004
31/12/2024,Care Super,Balanced,Listed Equity,1,Samsung Electronics Co Ltd,,SMSN,BB Ticker,LI,4716.0,,,6931192.0,0.0002
31/12/2024,Care Super,Balanced,Listed Equity,1,Samsung Electronics Co Ltd,,005935,BB Ticker,KS,254201.0,,,12326850.0,0.0003
31/12/2024,Care Super,Balanced,Listed Equity,1,Samsung Fire & Marine Insurance Co Ltd,,000810,BB Ticker,KS,1.0,,,298.0,0.0
31/12/2024,Care Super,Balanced,Listed Equity,1,Samsung SDS Co Ltd,,018260,BB Ticker,KS,3307.0,,,463695.0,0.0
31/12/2024,Care Super,Balanced,Listed Equity,1,Sandfire Resources Ltd,,SFR,BB Ticker,AU,3287184.0,,,30505064.0,0.0007
31/12/2024,Care Super,Balanced,Listed Equity,1,Sangamo Therapeutics Inc,,SGMO,BB Ticker,US,149552.0,,,246374.0,0.0
31/12/2024,Care Super,Balanced,Listed Equity,1,Sankyo Co Ltd,,6417,SEDOL,JP,218011.0,,,4767738.0,0.0001
31/12/2024,Care Super,Balanced,Listed Equity,1,Sanlam Ltd,,SLM,BB Ticker,SJ,267078.0,,,1986047.0,0.0
31/12/2024,Care Super,Balanced,Listed Equity,1,Sanofi SA,,SAN,BB Ticker,FP,266972.0,,,41854766.0,0.001
31/12/2024,Care Super,Balanced,Listed Equity,1,Santander Bank Polska SA,,SPL,BB Ticker,PW,5639.0,,,1008951.0,0.0
31/12/2024,Care Super,Balanced,Listed Equity,1,Santen Pharmaceutical Co Ltd,,4536,BB Ticker,JP,61123.0,,,1016672.0,0.0
31/12/2024,Care Super,Balanced,Listed Equity,1,Santos Ltd,,STO,BB Ticker,AU,16606351.0,,,110930425.0,0.0026
31/12/2024,Care Super,Balanced,Listed Equity,1,Sanwa Holdings Corp,,5929,BB Ticker,JP,151576.0,,,6857144.0,0.0002
31/12/2024,Care Super,Balanced,Listed Equity,1,SAP SE,,SAP,BB Ticker,GR,48320.0,,,19096178.0,0.0005
31/12/2024,Care Super,Balanced,Listed Equity,1,Sappi Ltd,,SAP,BB Ticker,SJ,4548.0,,,19177.0,0.0
31/12/2024,Care Super,Balanced,Listed Equity,1,Sartorius AG,,SRT3,BB Ticker,GR,250.0,,,89969.0,0.0
31/12/2024,Care Super,Balanced,Listed Equity,1,Saudi Arabian Oil Co,,ARAMCO,BB Ticker,AB,372530.0,,,4491696.0,0.0001
31/12/2024,Care Super,Balanced,Listed Equity,1,Saudi Awwal Bank,,SABB,BB Ticker,AB,100196.0,,,1449287.0,0.0
31/12/2024,Care Super,Balanced,Listed Equity,1,Saudi Basic Industries Corp,,SABIC,BB Ticker,AB,4872.0,,,140318.0,0.0
31/12/2024,Care Super,Balanced,Listed Equity,1,Sayona Mining Ltd,,SYA,BB Ticker,AU,31019467.0,,,837526.0,0.0
31/12/2024,Care Super,Balanced,Listed Equity,1,SBI Holdings Inc,,8473,BB Ticker,JP,37413.0,,,1531035.0,0.0
31/12/2024,Care Super,Balanced,Listed Equity,1,SBI Life Insurance Co Ltd,,SBILIFE,BB Ticker,IN,63538.0,,,1666612.0,0.0
31/12/2024,Care Super,Balanced,Listed Equity,1,SCB X PCL,,SCB/F,BB Ticker,TB,99269.0,,,552541.0,0.0
31/12/2024,Care Super,Balanced,Listed Equity,1,Schlumberger NV,,SLB,BB Ticker,US,182.0,,,11256.0,0.0
31/12/2024,Care Super,Balanced,Listed Equity,1,Schneider Electric SE,,SU,BB Ticker,FP,109936.0,,,44292493.0,0.001
31/12/2024,Care Super,Balanced,Listed Equity,1,Schroders PLC,,SDR,BB Ticker,LN,110175.0,,,721171.0,0.0
31/12/2024,Care Super,Balanced,Listed Equity,1,SCOR SE,,SCR,BB Ticker,FP,217146.0,,,8585256.0,0.0002
31/12/2024,Care Super,Balanced,Listed Equity,1,SCREEN Holdings Co Ltd,,7735,BB Ticker,JP,36489.0,,,3558706.0,0.0001
31/12/2024,Care Super,Balanced,Listed Equity,1,Sea Ltd,,SE,BB Ticker,US,230545.0,,,39507150.0,0.0009
31/12/2024,Care Super,Balanced,Listed Equity,1,Seagate Technology Holdings PLC,,STX,BB Ticker,US,5570.0,,,776514.0,0.0
31/12/2024,Care Super,Balanced,Listed Equity,1,SEB SA,,SK,BB Ticker,FP,3541.0,,,518210.0,0.0
31/12/2024,Care Super,Balanced,Listed Equity,1,Secom Co Ltd,,9735,BB Ticker,JP,65032.0,,,3588265.0,0.0001
31/12/2024,Care Super,Balanced,Listed Equity,1,Securitas AB,,SECUB,BB Ticker,SS,47658.0,,,953689.0,0.0
31/12/2024,Care Super,Balanced,Listed Equity,1,SEEK Ltd,,SEK,BB Ticker,AU,2440470.0,,,55081418.0,0.0013
31/12/2024,Care Super,Balanced,Listed Equity,1,Sega Sammy Holdings Inc,,6460,BB Ticker,JP,24480.0,,,773857.0,0.0
31/12/2024,Care Super,Balanced,Listed Equity,1,SEI Investments Co,,SEIC,BB Ticker,US,16337.0,,,2176329.0,0.0001
31/12/2024,Care Super,Balanced,Listed Equity,1,Seiko Epson Corp,,6724,BB Ticker,JP,23789.0,,,703008.0,0.0
31/12/2024,Care Super,Balanced,Listed Equity,1,Select Harvests Ltd,,SHV,BB Ticker,AU,70886.0,,,301266.0,0.0
31/12/2024,Care Super,Balanced,Listed Equity,1,Sempra,,SRE,BB Ticker,US,22201.0,,,3145402.0,0.0001
31/12/2024,Care Super,Balanced,Listed Equity,1,Sendas Distribuidora S/A,,ASAIY,BB Ticker,US,615741.0,,,4445391.0,0.0001
31/12/2024,Care Super,Balanced,Listed Equity,1,Sendas Distribuidora S/A,,ASAI3,BB Ticker,BZ,262791.0,,,386800.0,0.0
31/12/2024,Care Super,Balanced,Listed Equity,1,Sensata Technologies Holding PLC,,ST,BB Ticker,US,924.0,,,40892.0,0.0
31/12/2024,Care Super,Balanced,Listed Equity,1,Service Stream Ltd,,SSM,BB Ticker,AU,1474999.0,,,2300999.0,0.0001
31/12/2024,Care Super,Balanced,Listed Equity,1,ServiceNow Inc,,NOW,BB Ticker,US,10749.0,,,18404611.0,0.0004
31/12/2024,Care Super,Balanced,Listed Equity,1,SES SA,,SESG,BB Ticker,FP,3947.0,,,20186.0,0.0
31/12/2024,Care Super,Balanced,Listed Equity,1,Severn Trent PLC,,SVT,BB Ticker,LN,3068.0,,,155626.0,0.0
31/12/2024,Care Super,Balanced,Listed Equity,1,SGH Ltd,,SGH,BB Ticker,AU,1386614.0,,,63936787.0,0.0015
31/12/2024,Care Super,Balanced,Listed Equity,1,SGS SA,,SGSN,BB Ticker,SW,8826.0,,,1429499.0,0.0
31/12/2024,Care Super,Balanced,Listed Equity,1,Shanghai Commercial & Savings Bank Ltd/The,,5876,BB Ticker,TT,535790.0,,,1045263.0,0.0
31/12/2024,Care Super,Balanced,Listed Equity,1,Shell PLC,,SHEL,BB Ticker,LN,88616.0,,,4438207.0,0.0001
31/12/2024,Care Super,Balanced,Listed Equity,1,Shell PLC,,SHELLA,BB Ticker,S4,503495.0,,,25359000.0,0.0006
31/12/2024,Care Super,Balanced,Listed Equity,1,Shenwan Hongyuan Group Co Ltd,,000166,BB Ticker,C2,46651.0,,,55225.0,0.0
31/12/2024,Care Super,Balanced,Listed Equity,1,Shenzhen Mindray Bio-Medical Electronics Co Ltd,,300760,BB Ticker,C2,9315.0,,,525578.0,0.0
31/12/2024,Care Super,Balanced,Listed Equity,1,Sherwin-Williams Co/The,,SHW,BB Ticker,US,5919.0,,,3249742.0,0.0001
31/12/2024,Care Super,Balanced,Listed Equity,1,Shift4 Payments Inc,,FOUR,BB Ticker,US,92375.0,,,15483659.0,0.0004
31/12/2024,Care Super,Balanced,Listed Equity,1,Shikoku Electric Power Co Inc,,9507,BB Ticker,JP,1822.0,,,23112.0,0.0
31/12/2024,Care Super,Balanced,Listed Equity,1,Shimamura Co Ltd,,8227,BB Ticker,JP,15396.0,,,1394603.0,0.0
31/12/2024,Care Super,Balanced,Listed Equity,1,Shimano Inc,,7309,BB Ticker,JP,6466.0,,,1421470.0,0.0
31/12/2024,Care Super,Balanced,Listed Equity,1,Shin-Etsu Chemical Co Ltd,,4063,BB Ticker,JP,440499.0,,,23974827.0,0.0006
31/12/2024,Care Super,Balanced,Listed Equity,1,Shinhan Financial Group Co Ltd,,SHG,BB Ticker,US,83940.0,,,4457662.0,0.0001
31/12/2024,Care Super,Balanced,Listed Equity,1,Shinhan Financial Group Co Ltd,,055550,SEDOL,KS,221800.0,,,11595129.0,0.0003
31/12/2024,Care Super,Balanced,Listed Equity,1,Shionogi & Co Ltd,,4507,SEDOL,JP,113167.0,,,2580714.0,0.0001
31/12/2024,Care Super,Balanced,Listed Equity,1,Shizuoka Gas Co Ltd,,9543,BB Ticker,JP,713.0,,,7839.0,0.0
31/12/2024,Care Super,Balanced,Listed Equity,1,Shopify Inc,,SHOP,BB Ticker,CN,36815.0,,,6325139.0,0.0001
31/12/2024,Care Super,Balanced,Listed Equity,1,Shopify Inc,,SHOP,BB Ticker,US,206141.0,,,35401780.0,0.0008
31/12/2024,Care Super,Balanced,Listed Equity,1,Sichuan Chuantou Energy Co Ltd,,600674,BB Ticker,C1,45111.0,,,172186.0,0.0
31/12/2024,Care Super,Balanced,Listed Equity,1,Siemens AG,,SIE,BB Ticker,GR,53108.0,,,16747992.0,0.0004
31/12/2024,Care Super,Balanced,Listed Equity,1,Siemens Energy AG,,ENR,BB Ticker,GR,124989.0,,,10531333.0,0.0002
31/12/2024,Care Super,Balanced,Listed Equity,1,Sigma Healthcare Ltd,,SIG,BB Ticker,AU,6933088.0,,,18164690.0,0.0004
31/12/2024,Care Super,Balanced,Listed Equity,1,Signify NV,,LIGHT,BB Ticker,,1193.0,,,43046.0,0.0
31/12/2024,Care Super,Balanced,Listed Equity,1,Sika AG,,SIKA,BB Ticker,SW,19751.0,,,7596198.0,0.0002
31/12/2024,Care Super,Balanced,Listed Equity,1,Silergy Corp,,6415,BB Ticker,TT,377978.0,,,7513564.0,0.0002
31/12/2024,Care Super,Balanced,Listed Equity,1,Silex Systems Ltd,,SLX,BB Ticker,AU,40302.0,,,203525.0,0.0
31/12/2024,Care Super,Balanced,Listed Equity,1,Sims Ltd,,SGM,BB Ticker,AU,1154140.0,,,13711188.0,0.0003
31/12/2024,Care Super,Balanced,Listed Equity,1,Singapore Airlines Ltd,,SIA,BB Ticker,SP,231329.0,,,1763770.0,0.0
31/12/2024,Care Super,Balanced,Listed Equity,1,Singapore Exchange Ltd,,SGX,BB Ticker,SP,48113.0,,,725706.0,0.0
31/12/2024,Care Super,Balanced,Listed Equity,1,Singapore Technologies Engineering Ltd,,STE,BB Ticker,SP,235255.0,,,1297928.0,0.0
31/12/2024,Care Super,Balanced,Listed Equity,1,Singapore Telecommunications Ltd,,ST,BB Ticker,SP,3492215.0,,,12734379.0,0.0003
31/12/2024,Care Super,Balanced,Listed Equity,1,Sinotruk Hong Kong Ltd,,3808,BB Ticker,HK,105849.0,,,501788.0,0.0
31/12/2024,Care Super,Balanced,Listed Equity,1,Sirius XM Holdings Inc,,SIRI,BB Ticker,US,25273.0,,,930669.0,0.0
31/12/2024,Care Super,Balanced,Listed Equity,1,SITC International Holdings Co Ltd,,1308,BB Ticker,HK,100846.0,,,434035.0,0.0
31/12/2024,Care Super,Balanced,Listed Equity,1,SiteMinder Ltd,,SDR,BB Ticker,AU,1929483.0,,,11654076.0,0.0003
31/12/2024,Care Super,Balanced,Listed Equity,1,SJW Group,,SJW,BB Ticker,US,385.0,,,30601.0,0.0
31/12/2024,Care Super,Balanced,Listed Equity,1,SK Hynix Inc,,000660,BB Ticker,KS,17510.0,,,3340738.0,0.0001
31/12/2024,Care Super,Balanced,Listed Equity,1,SK Telecom Co Ltd,,017670,BB Ticker,KS,6358.0,,,385038.0,0.0
31/12/2024,Care Super,Balanced,Listed Equity,1,Skandinaviska Enskilda Banken AB,,SEBA,BB Ticker,SS,38872.0,,,860547.0,0.0
31/12/2024,Care Super,Balanced,Listed Equity,1,SKF AB,,SKFB,BB Ticker,SS,28623.0,,,868594.0,0.0
31/12/2024,Care Super,Balanced,Listed Equity,1,SKY Network Television Ltd,,SKT,BB Ticker,NZ,6838.0,,,16088.0,0.0
31/12/2024,Care Super,Balanced,Listed Equity,1,SKYCITY Entertainment Group Ltd,,SKC,BB Ticker,AU,89312.0,,,116998.0,0.0
31/12/2024,Care Super,Balanced,Listed Equity,1,Skyworks Solutions Inc,,SWKS,BB Ticker,US,52751.0,,,7555518.0,0.0002
31/12/2024,Care Super,Balanced,Listed Equity,1,SmartGroup Corp Ltd,,SIQ,BB Ticker,AU,1737238.0,,,13498340.0,0.0003
31/12/2024,Care Super,Balanced,Listed Equity,1,SMC Corp,,6273,BB Ticker,JP,2466.0,,,1576125.0,0.0
31/12/2024,Care Super,Balanced,Listed Equity,1,Smith Douglas Homes Corp,,SDHC,BB Ticker,US,62941.0,,,2606508.0,0.0001
31/12/2024,Care Super,Balanced,Listed Equity,1,SMS Co Ltd,,2175,BB Ticker,JP,278441.0,,,4501163.0,0.0001
31/12/2024,Care Super,Balanced,Listed Equity,1,Smurfit WestRock PLC,,SW,BB Ticker,US,8109.0,,,705382.0,0.0
31/12/2024,Care Super,Balanced,Listed Equity,1,Snam SpA,,SRG,BB Ticker,IM,27774.0,,,198667.0,0.0
31/12/2024,Care Super,Balanced,Listed Equity,1,Snap-on Inc,,SNA,BB Ticker,US,9797.0,,,5371923.0,0.0001
31/12/2024,Care Super,Balanced,Listed Equity,1,Snowflake Inc,,SNOW,BB Ticker,US,4684.0,,,1168222.0,0.0
31/12/2024,Care Super,Balanced,Listed Equity,1,Societe Generale SA,,GLE,BB Ticker,FP,298098.0,,,13540755.0,0.0003
31/12/2024,Care Super,Balanced,Listed Equity,1,SoftBank Corp,,9434,BB Ticker,JP,889743.0,,,1818701.0,0.0
31/12/2024,Care Super,Balanced,Listed Equity,1,Softcat PLC,,SCT,BB Ticker,LN,84539.0,,,2606076.0,0.0001
31/12/2024,Care Super,Balanced,Listed Equity,1,Solventum Corp,,SOLV,BB Ticker,US,2276.0,,,242791.0,0.0
31/12/2024,Care Super,Balanced,Listed Equity,1,Sompo Holdings Inc,,8630,BB Ticker,JP,67541.0,,,2859052.0,0.0001
31/12/2024,Care Super,Balanced,Listed Equity,1,Sonic Healthcare Ltd,,SHL,BB Ticker,AU,1422646.0,,,38425672.0,0.0009
31/12/2024,Care Super,Balanced,Listed Equity,1,Sonova Holding AG,,SOON,BB Ticker,SW,3620.0,,,1911825.0,0.0
31/12/2024,Care Super,Balanced,Listed Equity,1,Sony Group Corp,,6758,BB Ticker,JP,505522.0,,,17502631.0,0.0004
31/12/2024,Care Super,Balanced,Listed Equity,1,South Bow Corp,,SOBO,BB Ticker,CN,2351.0,,,89550.0,0.0
31/12/2024,Care Super,Balanced,Listed Equity,1,South32 Ltd,,S32,BB Ticker,AU,26356214.0,,,89611129.0,0.0021
31/12/2024,Care Super,Balanced,Listed Equity,1,Southern Copper Corp,,SCCO,BB Ticker,US,1306.0,,,192279.0,0.0
31/12/2024,Care Super,Balanced,Listed Equity,1,Southern Cross Media Group Ltd,,SXL,BB Ticker,AU,3823540.0,,,2294124.0,0.0001
31/12/2024,Care Super,Balanced,Listed Equity,1,Southern Cross Payments Ltd,,SP1,BB Ticker,AU,141856.0,,,151786.0,0.0
31/12/2024,Care Super,Balanced,Listed Equity,1,Spark New Zealand Ltd,,SPK,BB Ticker,AU,958754.0,,,2579047.0,0.0001
31/12/2024,Care Super,Balanced,Listed Equity,1,Spartan Resources Ltd/Australia,,SPR,BB Ticker,AU,5198705.0,,,7330174.0,0.0002
31/12/2024,Care Super,Balanced,Listed Equity,1,Spire Inc,,SR,BB Ticker,US,662.0,,,72542.0,0.0
31/12/2024,Care Super,Balanced,Listed Equity,1,Spotify Technology SA,,SPOT,BB Ticker,US,55776.0,,,40302173.0,0.001
31/12/2024,Care Super,Balanced,Listed Equity,1,SRG Global Ltd,,SRG,BB Ticker,AU,4194491.0,,,5809369.0,0.0001
31/12/2024,Care Super,Balanced,Listed Equity,1,SS&C Technologies Holdings Inc,,SSNC,BB Ticker,US,171865.0,,,21035136.0,0.0005
31/12/2024,Care Super,Balanced,Listed Equity,1,St James's Place PLC,,STJ,BB Ticker,LN,651301.0,,,11435321.0,0.0003
31/12/2024,Care Super,Balanced,Listed Equity,1,Standard Bank Group Ltd,,SBK,BB Ticker,SJ,209297.0,,,3972642.0,0.0001
31/12/2024,Care Super,Balanced,Listed Equity,1,Stanmore Resources Ltd,,SMR,BB Ticker,AU,928183.0,,,2793831.0,0.0001
31/12/2024,Care Super,Balanced,Listed Equity,1,Stantec Inc,,STN,BB Ticker,CN,95.0,,,12079.0,0.0
31/12/2024,Care Super,Balanced,Listed Equity,1,Star Entertainment Grp Ltd/The,,SGR,BB Ticker,AU,430615.0,,,81817.0,0.0
31/12/2024,Care Super,Balanced,Listed Equity,1,Starbucks Corp,,SBUX,BB Ticker,US,25150.0,,,3706564.0,0.0001
31/12/2024,Care Super,Balanced,Listed Equity,1,State Bank of India,,SBIN,BB Ticker,IN,647872.0,,,9716051.0,0.0002
31/12/2024,Care Super,Balanced,Listed Equity,1,State Street Corp,,STT,BB Ticker,US,38261.0,,,6065320.0,0.0001
31/12/2024,Care Super,Balanced,Listed Equity,1,Steadfast Group Ltd,,SDF,BB Ticker,AU,4918956.0,,,28529945.0,0.0007
31/12/2024,Care Super,Balanced,Listed Equity,1,Steel Dynamics Inc,,STLD,BB Ticker,US,8542.0,,,1573720.0,0.0
31/12/2024,Care Super,Balanced,Listed Equity,1,Stellantis NV,,STLAM,BB Ticker,IM,190435.0,,,4009834.0,0.0001
31/12/2024,Care Super,Balanced,Listed Equity,1,Stifel Financial Corp,,SF,BB Ticker,US,1600.0,,,274074.0,0.0
31/12/2024,Care Super,Balanced,Listed Equity,1,STMicroelectronics NV,,STMPA,BB Ticker,FP,135459.0,,,5499494.0,0.0001
31/12/2024,Care Super,Balanced,Listed Equity,1,Straumann Holding AG,,STMN,BB Ticker,SW,9761.0,,,1987545.0,0.0
31/12/2024,Care Super,Balanced,Listed Equity,1,Strike Energy Ltd,,STX,BB Ticker,AU,1532194.0,,,321761.0,0.0
31/12/2024,Care Super,Balanced,Listed Equity,1,Stryker Corp,,SYK,BB Ticker,US,10889.0,,,6332210.0,0.0001
31/12/2024,Care Super,Balanced,Listed Equity,1,Subaru Corp,,7270,BB Ticker,JP,95729.0,,,2775303.0,0.0001
31/12/2024,Care Super,Balanced,Listed Equity,1,Sugi Holdings Co Ltd,,7649,BB Ticker,JP,221968.0,,,5628719.0,0.0001
31/12/2024,Care Super,Balanced,Listed Equity,1,Sumitomo Chemical Co Ltd,,4005,BB Ticker,JP,205771.0,,,738026.0,0.0
31/12/2024,Care Super,Balanced,Listed Equity,1,Sumitomo Corp,,8053,BB Ticker,JP,50500.0,,,1779066.0,0.0
31/12/2024,Care Super,Balanced,Listed Equity,1,Sumitomo Electric Industries Ltd,,5802,BB Ticker,JP,60276.0,,,1767613.0,0.0
31/12/2024,Care Super,Balanced,Listed Equity,1,Sumitomo Forestry Co Ltd,,1911,BB Ticker,JP,11855.0,,,644989.0,0.0
31/12/2024,Care Super,Balanced,Listed Equity,1,Sumitomo Mitsui Financial Group Inc,,8316,SEDOL,JP,181982.0,,,7039456.0,0.0002
31/12/2024,Care Super,Balanced,Listed Equity,1,Sun Life Financial Inc,,SLF,BB Ticker,CN,96759.0,,,9274306.0,0.0002
31/12/2024,Care Super,Balanced,Listed Equity,1,Sun Pharmaceutical Industries Ltd,,SUNP,BB Ticker,IN,257753.0,,,9172488.0,0.0002
31/12/2024,Care Super,Balanced,Listed Equity,1,Suncor Energy Inc,,SU,BB Ticker,CN,20707.0,,,1193187.0,0.0
31/12/2024,Care Super,Balanced,Listed Equity,1,Suncorp Group Ltd,,SUN,BB Ticker,AU,3932228.0,,,74751646.0,0.0018
31/12/2024,Care Super,Balanced,Listed Equity,1,Sunway Bhd,,SWB,BB Ticker,MK,14179.0,,,24531.0,0.0
31/12/2024,Care Super,Balanced,Listed Equity,1,Super Retail Group Ltd,,SUL,BB Ticker,AU,237227.0,,,3601109.0,0.0001
31/12/2024,Care Super,Balanced,Listed Equity,1,Superloop Ltd,,SLC,BB Ticker,AU,3050852.0,,,6681366.0,0.0002
31/12/2024,Care Super,Balanced,Listed Equity,1,Suzano SA,,SUZ,BB Ticker,US,297223.0,,,4858113.0,0.0001
31/12/2024,Care Super,Balanced,Listed Equity,1,Suzuken Co Ltd/Aichi Japan,,9987,BB Ticker,JP,7394.0,,,359942.0,0.0
31/12/2024,Care Super,Balanced,Listed Equity,1,Swire Pacific Ltd,,19,BB Ticker,HK,45034.0,,,659660.0,0.0
31/12/2024,Care Super,Balanced,Listed Equity,1,Swisscom AG,,SCMN,BB Ticker,SW,1142.0,,,1027156.0,0.0
31/12/2024,Care Super,Balanced,Listed Equity,1,Swissquote Group Holding SA,,SQN,BB Ticker,SW,668.0,,,414420.0,0.0
31/12/2024,Care Super,Balanced,Listed Equity,1,Symal Group Ltd,,SYL,BB Ticker,AU,1774276.0,,,3016269.0,0.0001
31/12/2024,Care Super,Balanced,Listed Equity,1,Symbotic Inc,,SYM,BB Ticker,US,157659.0,,,6037474.0,0.0001
31/12/2024,Care Super,Balanced,Listed Equity,1,Symrise AG,,SY1,BB Ticker,GR,1013.0,,,173922.0,0.0
31/12/2024,Care Super,Balanced,Listed Equity,1,Synchrony Financial,,SYF,BB Ticker,US,113209.0,,,11884964.0,0.0003
31/12/2024,Care Super,Balanced,Listed Equity,1,Syngene International Ltd,,SYNG,BB Ticker,IN,148415.0,,,2403551.0,0.0001
31/12/2024,Care Super,Balanced,Listed Equity,1,Synopsys Inc,,SNPS,BB Ticker,US,4508.0,,,3533903.0,0.0001
31/12/2024,Care Super,Balanced,Listed Equity,1,Syrah Resources Ltd,,SYR,BB Ticker,AU,112149.0,,,22991.0,0.0
31/12/2024,Care Super,Balanced,Listed Equity,1,Sysco Corp,,SYY,BB Ticker,US,150758.0,,,18617331.0,0.0004
31/12/2024,Care Super,Balanced,Listed Equity,1,T Rowe Price Group Inc,,TROW,BB Ticker,US,33810.0,,,6175556.0,0.0001
31/12/2024,Care Super,Balanced,Listed Equity,1,Tabcorp Holdings Ltd,,TAH,BB Ticker,AU,18686184.0,,,10557694.0,0.0002
31/12/2024,Care Super,Balanced,Listed Equity,1,Taiwan Mobile Co Ltd,,3045,BB Ticker,TT,29781.0,,,166522.0,0.0
31/12/2024,Care Super,Balanced,Listed Equity,1,Taiwan Semiconductor Manufacturing Co Ltd,,TSM,BB Ticker,US,287361.0,,,91659448.0,0.0022
31/12/2024,Care Super,Balanced,Listed Equity,1,Taiwan Semiconductor Manufacturing Co Ltd,,2330,SEDOL,TT,1325417.0,,,70193453.0,0.0017
31/12/2024,Care Super,Balanced,Listed Equity,1,Takara Holdings Inc,,2531,BB Ticker,JP,75442.0,,,1050541.0,0.0
31/12/2024,Care Super,Balanced,Listed Equity,1,Takeda Pharmaceutical Co Ltd,,4502,BB Ticker,JP,3530.0,,,151689.0,0.0
31/12/2024,Care Super,Balanced,Listed Equity,1,Take-Two Interactive Software Inc,,TTWO,BB Ticker,US,123.0,,,36714.0,0.0
31/12/2024,Care Super,Balanced,Listed Equity,1,Targa Resources Corp,,TRGP,BB Ticker,US,53700.0,,,15481615.0,0.0004
31/12/2024,Care Super,Balanced,Listed Equity,1,Target Corp,,TGT,BB Ticker,US,14117.0,,,3082151.0,0.0001
31/12/2024,Care Super,Balanced,Listed Equity,1,TasFoods Ltd,,TFL,BB Ticker,AU,39360504.0,,,669129.0,0.0
31/12/2024,Care Super,Balanced,Listed Equity,1,Tata Consultancy Services Ltd,,TCS,BB Ticker,IN,99909.0,,,7717887.0,0.0002
31/12/2024,Care Super,Balanced,Listed Equity,1,Tata Elxsi Ltd,,TELX,BB Ticker,IN,913.0,,,117063.0,0.0
31/12/2024,Care Super,Balanced,Listed Equity,1,Taylor Wimpey PLC,,TW/,BB Ticker,LN,414875.0,,,1024662.0,0.0
31/12/2024,Care Super,Balanced,Listed Equity,1,TC Energy Corp,,TRP,BB Ticker,CN,12042.0,,,905906.0,0.0
31/12/2024,Care Super,Balanced,Listed Equity,1,TDK Corp,,6762,BB Ticker,JP,367586.0,,,7829165.0,0.0002
31/12/2024,Care Super,Balanced,Listed Equity,1,TE Connectivity PLC,,TEL,BB Ticker,US,38483.0,,,8886192.0,0.0002
31/12/2024,Care Super,Balanced,Listed Equity,1,Tech Mahindra Ltd,,TECHM,BB Ticker,IN,15385.0,,,495206.0,0.0
31/12/2024,Care Super,Balanced,Listed Equity,1,Technology One Ltd,,TNE,BB Ticker,AU,1597856.0,,,50028874.0,0.0012
31/12/2024,Care Super,Balanced,Listed Equity,1,Teck Resources Ltd,,TECK/B,BB Ticker,CN,12325.0,,,806643.0,0.0
31/12/2024,Care Super,Balanced,Listed Equity,1,Teleflex Inc,,TFX,BB Ticker,US,1579.0,,,453865.0,0.0
31/12/2024,Care Super,Balanced,Listed Equity,1,Telefonaktiebolaget LM Ericsson,,ERICB,BB Ticker,SS,433005.0,,,5688884.0,0.0001
31/12/2024,Care Super,Balanced,Listed Equity,1,Telefonica Brasil SA,,VIV,BB Ticker,US,1843.0,,,22472.0,0.0
31/12/2024,Care Super,Balanced,Listed Equity,1,Telefonica Brasil SA,,VIVT3,BB Ticker,BZ,63125.0,,,771851.0,0.0
31/12/2024,Care Super,Balanced,Listed Equity,1,Telefonica SA,,TEF,BB Ticker,SM,32601.0,,,214659.0,0.0
31/12/2024,Care Super,Balanced,Listed Equity,1,Teleperformance SE,,TEP,BB Ticker,FP,7929.0,,,1102256.0,0.0
31/12/2024,Care Super,Balanced,Listed Equity,1,Telia Co AB,,TELIA,BB Ticker,SS,593710.0,,,2661702.0,0.0001
31/12/2024,Care Super,Balanced,Listed Equity,1,Telix Pharmaceuticals Ltd,,TLX,BB Ticker,AU,673758.0,,,16581180.0,0.0004
31/12/2024,Care Super,Balanced,Listed Equity,1,Telstra Group Ltd,,TLS,BB Ticker,AU,45333167.0,,,181786002.0,0.0043
31/12/2024,Care Super,Balanced,Listed Equity,1,Temple & Webster Group Ltd,,TPW,BB Ticker,AU,21254.0,,,278422.0,0.0
31/12/2024,Care Super,Balanced,Listed Equity,1,Tenaga Nasional Bhd,,TNB,BB Ticker,MK,262968.0,,,1419073.0,0.0
31/12/2024,Care Super,Balanced,Listed Equity,1,Tenaris SA,,TEN,BB Ticker,IM,25043.0,,,756830.0,0.0
31/12/2024,Care Super,Balanced,Listed Equity,1,Tencent Holdings Ltd,,700,BB Ticker,HK,816233.0,,,70769823.0,0.0017
31/12/2024,Care Super,Balanced,Listed Equity,1,Tencent Music Entertainment Group,,TME,BB Ticker,US,3868.0,,,70912.0,0.0
31/12/2024,Care Super,Balanced,Listed Equity,1,Teradyne Inc,,TER,BB Ticker,US,13155.0,,,2675318.0,0.0001
31/12/2024,Care Super,Balanced,Listed Equity,1,Terna - Rete Elettrica Nazionale,,TRN,BB Ticker,IM,172256.0,,,2195247.0,0.0001
31/12/2024,Care Super,Balanced,Listed Equity,1,Ternium SA,,TX,BB Ticker,US,38636.0,,,1814645.0,0.0
31/12/2024,Care Super,Balanced,Listed Equity,1,Tesco PLC,,TSCO,BB Ticker,LN,2421029.0,,,18036359.0,0.0004
31/12/2024,Care Super,Balanced,Listed Equity,1,Tesla Inc,,TSLA,BB Ticker,US,157265.0,,,102575659.0,0.0024
31/12/2024,Care Super,Balanced,Listed Equity,1,Texas Instruments Inc,,TXN,BB Ticker,US,28662.0,,,8680445.0,0.0002
31/12/2024,Care Super,Balanced,Listed Equity,1,Texas Pacific Land Corp,,TPL,BB Ticker,US,289.0,,,515656.0,0.0
31/12/2024,Care Super,Balanced,Listed Equity,1,Textron Inc,,TXT,BB Ticker,US,49355.0,,,6097338.0,0.0001
31/12/2024,Care Super,Balanced,Listed Equity,1,TFI International Inc,,TFII,BB Ticker,CN,38325.0,,,8360022.0,0.0002
31/12/2024,Care Super,Balanced,Listed Equity,1,Thales SA,,HO,BB Ticker,FP,39537.0,,,9168031.0,0.0002
31/12/2024,Care Super,Balanced,Listed Equity,1,Allstate Corp/The,,ALL,BB Ticker,US,6105.0,,,1901087.0,0.0
31/12/2024,Care Super,Balanced,Listed Equity,1,Campbell Soup Co,,CPB,BB Ticker,US,2331.0,,,157671.0,0.0
31/12/2024,Care Super,Balanced,Listed Equity,1,Procter & Gamble Co/The,,PG,BB Ticker,US,98985.0,,,26802527.0,0.0006
31/12/2024,Care Super,Balanced,Listed Equity,1,Southern Co/The,,SO,BB Ticker,US,24843.0,,,3303024.0,0.0001
31/12/2024,Care Super,Balanced,Listed Equity,1,Walt Disney Co/The,,DIS,BB Ticker,US,53061.0,,,9542670.0,0.0002
31/12/2024,Care Super,Balanced,Listed Equity,1,Thermo Fisher Scientific Inc,,TMO,BB Ticker,US,39865.0,,,33496111.0,0.0008
31/12/2024,Care Super,Balanced,Listed Equity,1,Thomson Reuters Corp,,TRI,BB Ticker,CN,768.0,,,198948.0,0.0
31/12/2024,Care Super,Balanced,Listed Equity,1,TIM SA/Brazil,,TIMB,BB Ticker,US,623.0,,,11833.0,0.0
31/12/2024,Care Super,Balanced,Listed Equity,1,TIM SA/Brazil,,TIMS3,BB Ticker,BZ,93378.0,,,353494.0,0.0
31/12/2024,Care Super,Balanced,Listed Equity,1,Titan Co Ltd,,TTAN,BB Ticker,IN,188535.0,,,11570620.0,0.0003
31/12/2024,Care Super,Balanced,Listed Equity,1,TJX Cos Inc/The,,TJX,BB Ticker,US,216746.0,,,42291999.0,0.001
31/12/2024,Care Super,Balanced,Listed Equity,1,TMBThanachart Bank PCL,,TTB/F,BB Ticker,TB,272193.0,,,23983.0,0.0
31/12/2024,Care Super,Balanced,Listed Equity,1,T-Mobile US Inc,,TMUS,BB Ticker,US,39080.0,,,13932058.0,0.0003
31/12/2024,Care Super,Balanced,Listed Equity,1,TMX Group Ltd,,X,BB Ticker,CN,5417.0,,,269380.0,0.0
31/12/2024,Care Super,Balanced,Listed Equity,1,Toho Gas Co Ltd,,9533,BB Ticker,JP,1030.0,,,44984.0,0.0
31/12/2024,Care Super,Balanced,Listed Equity,1,Tohoku Electric Power Co Inc,,9506,BB Ticker,JP,5703.0,,,69509.0,0.0
31/12/2024,Care Super,Balanced,Listed Equity,1,Tokio Marine Holdings Inc,,8766,BB Ticker,JP,119061.0,,,7008635.0,0.0002
31/12/2024,Care Super,Balanced,Listed Equity,1,Tokyo Electric Power Co Holdings Inc,,9501,BB Ticker,JP,18059.0,,,88156.0,0.0
31/12/2024,Care Super,Balanced,Listed Equity,1,Tokyo Electron Ltd,,8035,BB Ticker,JP,21660.0,,,5383521.0,0.0001
31/12/2024,Care Super,Balanced,Listed Equity,1,Tokyo Gas Co Ltd,,9531,BB Ticker,JP,4198.0,,,188529.0,0.0
31/12/2024,Care Super,Balanced,Listed Equity,1,Toll Brothers Inc,,TOL,BB Ticker,US,1162.0,,,236307.0,0.0
31/12/2024,Care Super,Balanced,Listed Equity,1,Tongwei Co Ltd,,600438,BB Ticker,C1,4619.0,,,22597.0,0.0
31/12/2024,Care Super,Balanced,Listed Equity,1,TOPPAN Holdings Inc,,7911,BB Ticker,JP,24301.0,,,1051171.0,0.0
31/12/2024,Care Super,Balanced,Listed Equity,1,Toray Industries Inc,,3402,BB Ticker,JP,75442.0,,,776470.0,0.0
31/12/2024,Care Super,Balanced,Listed Equity,1,Toromont Industries Ltd,,TIH,BB Ticker,CN,12343.0,,,1575228.0,0.0
31/12/2024,Care Super,Balanced,Listed Equity,1,Toronto-Dominion Bank/The,,TD,BB Ticker,CN,12824.0,,,1102110.0,0.0
31/12/2024,Care Super,Balanced,Listed Equity,1,TotalEnergies SE,,TTE,BB Ticker,FP,278071.0,,,24820313.0,0.0006
31/12/2024,Care Super,Balanced,Listed Equity,1,TOTO Ltd,,5332,BB Ticker,JP,4989.0,,,195094.0,0.0
31/12/2024,Care Super,Balanced,Listed Equity,1,Tourmaline Oil Corp,,TOU,BB Ticker,CN,10137.0,,,757255.0,0.0
31/12/2024,Care Super,Balanced,Listed Equity,1,Toyota Motor Corp,,7203,BB Ticker,JP,139771.0,,,4518959.0,0.0001
31/12/2024,Care Super,Balanced,Listed Equity,1,Toyota Tsusho Corp,,8015,SEDOL,JP,20323.0,,,590651.0,0.0
31/12/2024,Care Super,Balanced,Listed Equity,1,TPG Telecom Ltd,,TPG,BB Ticker,AU,7730434.0,,,34709649.0,0.0008
31/12/2024,Care Super,Balanced,Listed Equity,1,Tractor Supply Co,,TSCO,BB Ticker,US,11401.0,,,977039.0,0.0
31/12/2024,Care Super,Balanced,Listed Equity,1,Trade Desk Inc/The,,TTD,BB Ticker,US,212438.0,,,40326077.0,0.001
31/12/2024,Care Super,Balanced,Listed Equity,1,Tradeweb Markets Inc,,TW,BB Ticker,US,39131.0,,,8274328.0,0.0002
31/12/2024,Care Super,Balanced,Listed Equity,1,Trane Technologies PLC,,TT,BB Ticker,US,15364.0,,,9165313.0,0.0002
31/12/2024,Care Super,Balanced,Listed Equity,1,TransDigm Group Inc,,TDG,BB Ticker,US,13931.0,,,28513117.0,0.0007
31/12/2024,Care Super,Balanced,Listed Equity,1,TransMedics Group Inc,,TMDX,BB Ticker,US,8572.0,,,863210.0,0.0
31/12/2024,Care Super,Balanced,Listed Equity,1,Travelers Cos Inc/The,,TRV,BB Ticker,US,7989.0,,,3108183.0,0.0001
31/12/2024,Care Super,Balanced,Listed Equity,1,Travis Perkins PLC,,TPK,BB Ticker,LN,309724.0,,,4567201.0,0.0001
31/12/2024,Care Super,Balanced,Listed Equity,1,Treasury Wine Estates Ltd,,TWE,BB Ticker,AU,9659033.0,,,109436844.0,0.0026
31/12/2024,Care Super,Balanced,Listed Equity,1,Trelleborg AB,,TRELB,BB Ticker,SS,32258.0,,,1785224.0,0.0
31/12/2024,Care Super,Balanced,Listed Equity,1,Trend Micro Inc/Japan,,4704,BB Ticker,JP,32255.0,,,2839817.0,0.0001
31/12/2024,Care Super,Balanced,Listed Equity,1,Trent Ltd,,TRENT,BB Ticker,IN,109143.0,,,14667011.0,0.0003
31/12/2024,Care Super,Balanced,Listed Equity,1,Trex Co Inc,,TREX,BB Ticker,US,97151.0,,,10831540.0,0.0003
31/12/2024,Care Super,Balanced,Listed Equity,1,Trimble Inc,,TRMB,BB Ticker,US,28.0,,,3250.0,0.0
31/12/2024,Care Super,Balanced,Listed Equity,1,Trip.com Group Ltd,,TCOM,BB Ticker,US,84852.0,,,9409534.0,0.0002
31/12/2024,Care Super,Balanced,Listed Equity,1,Trip.com Group Ltd,,9961,BB Ticker,HK,11678.0,,,1311175.0,0.0
31/12/2024,Care Super,Balanced,Listed Equity,1,True Corp PCL,,TRUE/F,BB Ticker,TB,42706.0,,,22455.0,0.0
31/12/2024,Care Super,Balanced,Listed Equity,1,Truist Financial Corp,,TFC,BB Ticker,US,22980.0,,,1610045.0,0.0
31/12/2024,Care Super,Balanced,Listed Equity,1,TS Tech Co Ltd,,7313,SEDOL,JP,1600.0,,,29541.0,0.0
31/12/2024,Care Super,Balanced,Listed Equity,1,Tuas Ltd,,TUA,BB Ticker,AU,35946.0,,,228614.0,0.0
31/12/2024,Care Super,Balanced,Listed Equity,1,Tube Investments of India Ltd,,TIINDIA,BB Ticker,IN,59618.0,,,4022233.0,0.0001
31/12/2024,Care Super,Balanced,Listed Equity,1,Turkiye Petrol Rafinerileri AS,,TUPRS,BB Ticker,TI,139549.0,,,904474.0,0.0
31/12/2024,Care Super,Balanced,Listed Equity,1,Turk Hava Yollari AO,,THYAO,BB Ticker,TI,71661.0,,,919763.0,0.0
31/12/2024,Care Super,Balanced,Listed Equity,1,Turkcell Iletisim Hizmetleri AS,,TCELL,BB Ticker,TI,55837.0,,,236676.0,0.0
31/12/2024,Care Super,Balanced,Listed Equity,1,Turkiye Is Bankasi AS,,ISCTR,BB Ticker,TI,280537.0,,,173498.0,0.0
31/12/2024,Care Super,Balanced,Listed Equity,1,Twilio Inc,,TWLO,BB Ticker,US,31534.0,,,5504611.0,0.0001
31/12/2024,Care Super,Balanced,Listed Equity,1,TXNM Energy Inc,,TXNM,BB Ticker,US,1069.0,,,84917.0,0.0
31/12/2024,Care Super,Balanced,Listed Equity,1,Tyler Technologies Inc,,TYL,BB Ticker,US,1821.0,,,1696325.0,0.0
31/12/2024,Care Super,Balanced,Listed Equity,1,Tyro Payments Ltd,,TYR,BB Ticker,AU,5698397.0,,,4644193.0,0.0001
31/12/2024,Care Super,Balanced,Listed Equity,1,Tyson Foods Inc,,TSN,BB Ticker,US,170068.0,,,15777601.0,0.0004
31/12/2024,Care Super,Balanced,Listed Equity,1,Uber Technologies Inc,,UBER,BB Ticker,US,414645.0,,,40396283.0,0.001
31/12/2024,Care Super,Balanced,Listed Equity,1,UBS Group AG,,UBSG,BB Ticker,SW,875553.0,,,43270167.0,0.001
31/12/2024,Care Super,Balanced,Listed Equity,1,UCB SA,,UCB,BB Ticker,BB,2318.0,,,745111.0,0.0
31/12/2024,Care Super,Balanced,Listed Equity,1,Ulta Beauty Inc,,ULTA,BB Ticker,US,4682.0,,,3288935.0,0.0001
31/12/2024,Care Super,Balanced,Listed Equity,1,UniCredit SpA,,UCG,BB Ticker,IM,139461.0,,,8985641.0,0.0002
31/12/2024,Care Super,Balanced,Listed Equity,1,Unilever PLC,,UL,BB Ticker,US,33540.0,,,3071486.0,0.0001
31/12/2024,Care Super,Balanced,Listed Equity,1,Unilever PLC,,ULVR,BB Ticker,LN,299501.0,,,27552816.0,0.0007
31/12/2024,Care Super,Balanced,Listed Equity,1,Unilever PLC,,UNAA,BB Ticker,I2,97236.0,,,8924720.0,0.0002
31/12/2024,Care Super,Balanced,Listed Equity,1,Unimicron Technology Corp,,3037,BB Ticker,TT,27793.0,,,193056.0,0.0
31/12/2024,Care Super,Balanced,Listed Equity,1,Union Pacific Corp,,UNP,BB Ticker,US,18157.0,,,6687575.0,0.0002
31/12/2024,Care Super,Balanced,Listed Equity,1,Unipol Assicurazioni SpA,,UNI,BB Ticker,IM,51935.0,,,1044922.0,0.0
31/12/2024,Care Super,Balanced,Listed Equity,1,United Microelectronics Corp,,2303,BB Ticker,TT,199703.0,,,423538.0,0.0
31/12/2024,Care Super,Balanced,Listed Equity,1,United Overseas Bank Ltd,,UOB,BB Ticker,SP,28516.0,,,1226535.0,0.0
31/12/2024,Care Super,Balanced,Listed Equity,1,United Parcel Service Inc,,UPS,BB Ticker,US,2623.0,,,534167.0,0.0
31/12/2024,Care Super,Balanced,Listed Equity,1,United Rentals Inc,,URI,BB Ticker,US,2898.0,,,3296819.0,0.0001
31/12/2024,Care Super,Balanced,Listed Equity,1,United Therapeutics Corp,,UTHR,BB Ticker,US,38411.0,,,21889361.0,0.0005
31/12/2024,Care Super,Balanced,Listed Equity,1,United Utilities Group PLC,,UU/,BB Ticker,LN,7832.0,,,166580.0,0.0
31/12/2024,Care Super,Balanced,Listed Equity,1,UnitedHealth Group Inc,,UNH,BB Ticker,US,71982.0,,,58810947.0,0.0014
31/12/2024,Care Super,Balanced,Listed Equity,1,Universal Health Services Inc,,UHS,BB Ticker,US,1701.0,,,492783.0,0.0
31/12/2024,Care Super,Balanced,Listed Equity,1,Varun Beverages Ltd,,VBL,BB Ticker,IN,794725.0,,,32856378.0,0.0008
31/12/2024,Care Super,Balanced,Listed Equity,1,Universal Robina Corp,,URC,BB Ticker,PM,804572.0,,,1774723.0,0.0
31/12/2024,Care Super,Balanced,Listed Equity,1,Universal Store Holdings Ltd,,UNI,BB Ticker,AU,972296.0,,,8342299.0,0.0002
31/12/2024,Care Super,Balanced,Listed Equity,1,Unum Group,,UNM,BB Ticker,US,5283.0,,,623168.0,0.0
31/12/2024,Care Super,Balanced,Listed Equity,1,US Bancorp,,USB,BB Ticker,US,38726.0,,,2991643.0,0.0001
31/12/2024,Care Super,Balanced,Listed Equity,1,US Foods Holding Corp,,USFD,BB Ticker,US,104207.0,,,11353994.0,0.0003
31/12/2024,Care Super,Balanced,Listed Equity,1,Vale SA,,VALE,BB Ticker,US,122530.0,,,1755382.0,0.0
31/12/2024,Care Super,Balanced,Listed Equity,1,Vale SA,,VALE3,BB Ticker,BZ,48243.0,,,688007.0,0.0
31/12/2024,Care Super,Balanced,Listed Equity,1,Valeo SE,,FR,BB Ticker,FP,2006.0,,,31241.0,0.0
31/12/2024,Care Super,Balanced,Listed Equity,1,Valero Energy Corp,,VLO,BB Ticker,US,9087.0,,,1799177.0,0.0
31/12/2024,Care Super,Balanced,Listed Equity,1,Valvoline Inc,,VVV,BB Ticker,US,135907.0,,,7941746.0,0.0002
31/12/2024,Care Super,Balanced,Listed Equity,1,Varun Beverages Ltd,,VBL,BB Ticker,IN,338665.0,,,4079364.0,0.0001
31/12/2024,Care Super,Balanced,Listed Equity,1,Vault Minerals Ltd,,VAU,BB Ticker,AU,9289851.0,,,3065651.0,0.0001
31/12/2024,Care Super,Balanced,Listed Equity,1,Vector Ltd,,VCT,BB Ticker,NZ,3322.0,,,11723.0,0.0
31/12/2024,Care Super,Balanced,Listed Equity,1,Vedanta Ltd,,VEDL,BB Ticker,IN,191085.0,,,1602179.0,0.0
31/12/2024,Care Super,Balanced,Listed Equity,1,Veeva Systems Inc,,VEEV,BB Ticker,US,15264.0,,,5183182.0,0.0001
31/12/2024,Care Super,Balanced,Listed Equity,1,Ventia Services Group Pty Ltd,,VNT,BB Ticker,AU,2016789.0,,,7260442.0,0.0002
31/12/2024,Care Super,Balanced,Listed Equity,1,Veralto Corp,,VLTO,BB Ticker,US,6513.0,,,1071324.0,0.0
31/12/2024,Care Super,Balanced,Listed Equity,1,Verbund AG,,VER,BB Ticker,AV,10168.0,,,1190440.0,0.0
31/12/2024,Care Super,Balanced,Listed Equity,1,VeriSign Inc,,VRSN,BB Ticker,US,96765.0,,,32345046.0,0.0008
31/12/2024,Care Super,Balanced,Listed Equity,1,Verisk Analytics Inc,,VRSK,BB Ticker,US,4107.0,,,1826986.0,0.0
31/12/2024,Care Super,Balanced,Listed Equity,1,Verizon Communications Inc,,VZ,BB Ticker,US,252367.0,,,16300005.0,0.0004
31/12/2024,Care Super,Balanced,Listed Equity,1,Vertex Pharmaceuticals Inc,,VRTX,BB Ticker,US,21546.0,,,14013472.0,0.0003
31/12/2024,Care Super,Balanced,Listed Equity,1,Vertiv Holdings Co,,VRT,BB Ticker,US,31149.0,,,5715631.0,0.0001
31/12/2024,Care Super,Balanced,Listed Equity,1,Viatris Inc,,VTRS,BB Ticker,US,103436.0,,,2079912.0,0.0
31/12/2024,Care Super,Balanced,Listed Equity,1,Vibra Energia SA,,VBBR3,BB Ticker,BZ,152731.0,,,712342.0,0.0
31/12/2024,Care Super,Balanced,Listed Equity,1,Vinci SA,,DG,BB Ticker,FP,7867.0,,,1312252.0,0.0
31/12/2024,Care Super,Balanced,Listed Equity,1,Vipshop Holdings Ltd,,VIPS,BB Ticker,US,38495.0,,,837473.0,0.0
31/12/2024,Care Super,Balanced,Listed Equity,1,Visa Inc,,V,BB Ticker,US,277487.0,,,141640807.0,0.0033
31/12/2024,Care Super,Balanced,Listed Equity,1,Vista Energy SAB de CV,,VIST,BB Ticker,US,14046.0,,,1227522.0,0.0
31/12/2024,Care Super,Balanced,Listed Equity,1,Vistra Corp,,VST,BB Ticker,US,8828.0,,,1965835.0,0.0
31/12/2024,Care Super,Balanced,Listed Equity,1,Viva Energy Group Ltd,,VEA,BB Ticker,AU,15299110.0,,,40236661.0,0.0009
31/12/2024,Care Super,Balanced,Listed Equity,1,Vodacom Group Ltd,,VOD,BB Ticker,SJ,745.0,,,6461.0,0.0
31/12/2024,Care Super,Balanced,Listed Equity,1,Vodafone Group PLC,,VOD,BB Ticker,LN,1743269.0,,,2408421.0,0.0001
31/12/2024,Care Super,Balanced,Listed Equity,1,Volkswagen AG,,VOW3,BB Ticker,GR,17944.0,,,2672074.0,0.0001
31/12/2024,Care Super,Balanced,Listed Equity,1,Voltronic Power Technology Corp,,6409,BB Ticker,TT,177530.0,,,16267472.0,0.0004
31/12/2024,Care Super,Balanced,Listed Equity,1,Volvo AB,,VOLVB,BB Ticker,SS,443010.0,,,17393649.0,0.0004
31/12/2024,Care Super,Balanced,Listed Equity,1,Voya Financial Inc,,VOYA,BB Ticker,US,49160.0,,,5464994.0,0.0001
31/12/2024,Care Super,Balanced,Listed Equity,1,Vulcan Energy Resources Ltd,,VUL,BB Ticker,AU,29110.0,,,155740.0,0.0
31/12/2024,Care Super,Balanced,Listed Equity,1,Vulcan Steel Ltd,,VSL,BB Ticker,AU,556692.0,,,3757670.0,0.0001
31/12/2024,Care Super,Balanced,Listed Equity,1,W R Berkley Corp,,WRB,BB Ticker,US,24921.0,,,2355466.0,0.0001
31/12/2024,Care Super,Balanced,Listed Equity,1,WA1 Resources Ltd,,WA1,BB Ticker,AU,12759.0,,,169051.0,0.0
31/12/2024,Care Super,Balanced,Listed Equity,1,Wal-Mart de Mexico SAB de CV,,WALMEX*,Other,MM,1148647.0,,,4897471.0,0.0001
31/12/2024,Care Super,Balanced,Listed Equity,1,Walmart Inc,,WMT,BB Ticker,US,119028.0,,,17369261.0,0.0004
31/12/2024,Care Super,Balanced,Listed Equity,1,Wartsila OYJ Abp,,WRT1V,BB Ticker,FH,112433.0,,,3217341.0,0.0001
31/12/2024,Care Super,Balanced,Listed Equity,1,Washington H Soul Pattinson & Co Ltd,,SOL,BB Ticker,AU,42040.0,,,1438600.0,0.0
31/12/2024,Care Super,Balanced,Listed Equity,1,Waste Connections Inc,,WCN,BB Ticker,CN,2002.0,,,554503.0,0.0
31/12/2024,Care Super,Balanced,Listed Equity,1,Waste Connections Inc,,WCN,BB Ticker,US,8432.0,,,2336626.0,0.0001
31/12/2024,Care Super,Balanced,Listed Equity,1,Waste Management Inc,,WM,BB Ticker,US,23829.0,,,7766153.0,0.0002
31/12/2024,Care Super,Balanced,Listed Equity,1,Waters Corp,,WAT,BB Ticker,US,1253.0,,,750921.0,0.0
31/12/2024,Care Super,Balanced,Listed Equity,1,Webjet Ltd,,WEB,BB Ticker,AU,3604032.0,,,16542506.0,0.0004
31/12/2024,Care Super,Balanced,Listed Equity,1,Webjet Group Ltd,,WJL,BB Ticker,AU,4370769.0,,,3802569.0,0.0001
31/12/2024,Care Super,Balanced,Listed Equity,1,WEC Energy Group Inc,,WEC,BB Ticker,US,3701.0,,,562055.0,0.0
31/12/2024,Care Super,Balanced,Listed Equity,1,Weebit Nano Ltd,,WBT,BB Ticker,AU,29931.0,,,107751.0,0.0
31/12/2024,Care Super,Balanced,Listed Equity,1,WEG SA,,WEGE3,BB Ticker,BZ,349840.0,,,4826405.0,0.0001
31/12/2024,Care Super,Balanced,Listed Equity,1,Wells Fargo & Co,,WFC,BB Ticker,US,368719.0,,,41829643.0,0.001
31/12/2024,Care Super,Balanced,Listed Equity,1,Wesfarmers Ltd,,WES,BB Ticker,AU,2363285.0,,,169045754.0,0.004
31/12/2024,Care Super,Balanced,Listed Equity,1,West African Resources Ltd,,WAF,BB Ticker,AU,254668.0,,,365448.0,0.0
31/12/2024,Care Super,Balanced,Listed Equity,1,Westgold Resources Ltd,,WGX,BB Ticker,AU,1992705.0,,,5639355.0,0.0001
31/12/2024,Care Super,Balanced,Listed Equity,1,Westinghouse Air Brake Technologies Corp,,WAB,BB Ticker,US,19454.0,,,5956960.0,0.0001
31/12/2024,Care Super,Balanced,Listed Equity,1,Westpac Banking Corp,,WBC,BB Ticker,AU,489.0,,,51660.0,0.0
31/12/2024,Care Super,Balanced,Listed Equity,1,Westpac Banking Corp,,WBC,BB Ticker,AU,7470039.0,,,241431659.0,0.0056999999999999
31/12/2024,Care Super,Balanced,Listed Equity,1,WH Group Ltd,,288,BB Ticker,HK,2690790.0,,,3362420.0,0.0001
31/12/2024,Care Super,Balanced,Listed Equity,1,Wheaton Precious Metals Corp,,WPM,BB Ticker,CN,16414.0,,,1491418.0,0.0
31/12/2024,Care Super,Balanced,Listed Equity,1,Wildcat Resources Ltd,,WC8,BB Ticker,AU,313268.0,,,86149.0,0.0
31/12/2024,Care Super,Balanced,Listed Equity,1,Williams Cos Inc/The,,WMB,BB Ticker,US,14110.0,,,1233339.0,0.0
31/12/2024,Care Super,Balanced,Listed Equity,1,Williams-Sonoma Inc,,WSM,BB Ticker,US,1976.0,,,590994.0,0.0
31/12/2024,Care Super,Balanced,Listed Equity,1,Willis Towers Watson PLC,,WTW,BB Ticker,US,1678.0,,,849030.0,0.0
31/12/2024,Care Super,Balanced,Listed Equity,1,Wipro Ltd,,WPRO,BB Ticker,IN,198247.0,,,1128907.0,0.0
31/12/2024,Care Super,Balanced,Listed Equity,1,Wise PLC,,WISE,BB Ticker,LN,144609.0,,,3118162.0,0.0001
31/12/2024,Care Super,Balanced,Listed Equity,1,WiseTech Global Ltd,,WTC,BB Ticker,AU,689673.0,,,83491771.0,0.002
31/12/2024,Care Super,Balanced,Listed Equity,1,Wistron Corp,,3231,BB Ticker,TT,56966.0,,,291868.0,0.0
31/12/2024,Care Super,Balanced,Listed Equity,1,Wiwynn Corp,,6669,BB Ticker,TT,1426.0,,,184019.0,0.0
31/12/2024,Care Super,Balanced,Listed Equity,1,Wix.com Ltd,,WIX,BB Ticker,US,4311.0,,,1493847.0,0.0
31/12/2024,Care Super,Balanced,Listed Equity,1,Wolters Kluwer NV,,WKL,BB Ticker,,125338.0,,,33623437.0,0.0008
31/12/2024,Care Super,Balanced,Listed Equity,1,Woodside Energy Group Ltd,,WDS,BB Ticker,AU,3903593.0,,,96028396.0,0.0023
31/12/2024,Care Super,Balanced,Listed Equity,1,Woolworths Group Ltd,,WOW,BB Ticker,AU,1940444.0,,,59164133.0,0.0014
31/12/2024,Care Super,Balanced,Listed Equity,1,Woori Financial Group Inc,,316140,BB Ticker,KS,46289.0,,,780553.0,0.0
31/12/2024,Care Super,Balanced,Listed Equity,1,Workday Inc,,WDAY,BB Ticker,US,66856.0,,,27862281.0,0.0007
31/12/2024,Care Super,Balanced,Listed Equity,1,Worldline SA/France,,WLN,BB Ticker,FP,168240.0,,,2385492.0,0.0001
31/12/2024,Care Super,Balanced,Listed Equity,1,Worley Ltd,,WOR,BB Ticker,AU,2993472.0,,,41010560.0,0.001
31/12/2024,Care Super,Balanced,Listed Equity,1,WSP Global Inc,,WSP,BB Ticker,CN,179.0,,,50847.0,0.0
31/12/2024,Care Super,Balanced,Listed Equity,1,WW Grainger Inc,,GWW,BB Ticker,US,4602.0,,,7834416.0,0.0002
31/12/2024,Care Super,Balanced,Listed Equity,1,Xcel Energy Inc,,XEL,BB Ticker,US,24668.0,,,2690068.0,0.0001
31/12/2024,Care Super,Balanced,Listed Equity,1,Xero Ltd,,XRO,BB Ticker,AU,973019.0,,,164012023.0,0.0039
31/12/2024,Care Super,Balanced,Listed Equity,1,Xiaomi Corp,,1810,SEDOL,HK,1402954.0,,,10063760.0,0.0002
31/12/2024,Care Super,Balanced,Listed Equity,1,XPEL Inc,,XPEL,BB Ticker,US,39196.0,,,2528435.0,0.0001
31/12/2024,Care Super,Balanced,Listed Equity,1,Xylem Inc/NY,,XYL,BB Ticker,US,36989.0,,,6931195.0,0.0002
31/12/2024,Care Super,Balanced,Listed Equity,1,Yakult Honsha Co Ltd,,2267,BB Ticker,JP,16944.0,,,520143.0,0.0
31/12/2024,Care Super,Balanced,Listed Equity,1,Yamada Holdings Co Ltd,,9831,BB Ticker,JP,237872.0,,,1107644.0,0.0
31/12/2024,Care Super,Balanced,Listed Equity,1,Yamaha Motor Co Ltd,,7272,SEDOL,JP,33410.0,,,482235.0,0.0
31/12/2024,Care Super,Balanced,Listed Equity,1,Yang Ming Marine Transport Corp,,2609,BB Ticker,TT,132408.0,,,493793.0,0.0
31/12/2024,Care Super,Balanced,Listed Equity,1,Yangzijiang Shipbuilding Holdings Ltd,,YZJSGD,BB Ticker,SP,363275.0,,,1285975.0,0.0
31/12/2024,Care Super,Balanced,Listed Equity,1,Yantai Jereh Oilfield Services Group Co Ltd,,002353,BB Ticker,C2,2848.0,,,23309.0,0.0
31/12/2024,Care Super,Balanced,Listed Equity,1,Yapi ve Kredi Bankasi AS,,YKBNK,BB Ticker,TI,17734.0,,,24803.0,0.0
31/12/2024,Care Super,Balanced,Listed Equity,1,Yaskawa Electric Corp,,6506,BB Ticker,JP,7929.0,,,331405.0,0.0
31/12/2024,Care Super,Balanced,Listed Equity,1,YETI Holdings Inc,,YETI,BB Ticker,US,46770.0,,,2909009.0,0.0001
31/12/2024,Care Super,Balanced,Listed Equity,1,Yifeng Pharmacy Chain Co Ltd,,603939,BB Ticker,C1,1238432.0,,,6612342.0,0.0002
31/12/2024,Care Super,Balanced,Listed Equity,1,Yokogawa Electric Corp,,6841,BB Ticker,JP,167367.0,,,5844598.0,0.0001
31/12/2024,Care Super,Balanced,Listed Equity,1,Yuanta Financial Holding Co Ltd,,2885,BB Ticker,TT,15512.0,,,25982.0,0.0
31/12/2024,Care Super,Balanced,Listed Equity,1,Yum! Brands Inc,,YUM,BB Ticker,US,8587.0,,,1860558.0,0.0
31/12/2024,Care Super,Balanced,Listed Equity,1,Zalando SE,,ZAL,BB Ticker,GR,19794.0,,,1072268.0,0.0
31/12/2024,Care Super,Balanced,Listed Equity,1,Zebra Technologies Corp,,ZBRA,BB Ticker,US,83.0,,,52009.0,0.0
31/12/2024,Care Super,Balanced,Listed Equity,1,Zhongji Innolight Co Ltd,,300308,BB Ticker,C2,10392.0,,,284019.0,0.0
31/12/2024,Care Super,Balanced,Listed Equity,1,Zhongsheng Group Holdings Ltd,,881,BB Ticker,HK,37721.0,,,109488.0,0.0
31/12/2024,Care Super,Balanced,Listed Equity,1,Zijin Mining Group Co Ltd,,2899,BB Ticker,HK,1444306.0,,,4246259.0,0.0001
31/12/2024,Care Super,Balanced,Listed Equity,1,Zimmer Biomet Holdings Inc,,ZBH,BB Ticker,US,3483.0,,,594286.0,0.0
31/12/2024,Care Super,Balanced,Listed Equity,1,Zip Co Ltd,,ZIP,BB Ticker,AU,4329723.0,,,12815980.0,0.0003
31/12/2024,Care Super,Balanced,Listed Equity,1,Zoetis Inc,,ZTS,BB Ticker,US,79817.0,,,21004016.0,0.0005
31/12/2024,Care Super,Balanced,Listed Equity,1,Zomato Ltd,,ZOMATO,BB Ticker,IN,61338.0,,,321746.0,0.0
31/12/2024,Care Super,Balanced,Listed Equity,1,Zoom Video Communications Inc,,ZM,BB Ticker,US,62946.0,,,8296917.0,0.0002
31/12/2024,Care Super,Balanced,Listed Equity,1,ZOZO Inc,,3092,BB Ticker,JP,2079.0,,,104602.0,0.0
31/12/2024,Care Super,Balanced,Listed Equity,1,Zscaler Inc,,ZS,BB Ticker,US,3074.0,,,895673.0,0.0
31/12/2024,Care Super,Balanced,Listed Equity,1,ZTE Corp,,000063,BB Ticker,C2,9546.0,,,85332.0,0.0
31/12/2024,Care Super,Balanced,Listed Equity,1,ZTE Corp,,763,BB Ticker,HK,117320.0,,,593973.0,0.0
31/12/2024,Care Super,Balanced,Listed Equity,1,Zurich Insurance Group AG,,ZURN,BB Ticker,SW,2711.0,,,2603505.0,0.0001
31/12/2024,Care Super,Balanced,Listed Equity,1,Zydus Lifesciences Ltd,,ZYDUSLIF,BB Ticker,IN,34384.0,,,630297.0,0.0
31/12/2024,Care Super,Balanced,Listed Equity,1,Sub Total,,,N/A,,,,,20656832970.0,0.4872999999999999
31/12/2024,Care Super,Balanced,Unlisted Equity,0,Industry Super Holdings Pty Ltd,,,N/A,,,3.59%,,,
31/12/2024,Care Super,Balanced,Unlisted Equity,0,Sub Total,,,N/A,,,,,156157014.0,0.0037
31/12/2024,Care Super,Balanced,Unlisted Equity,1,"Adams Street Partners, LLC",,,N/A,,,,,407367121.0,0.0096
31/12/2024,Care Super,Balanced,Unlisted Equity,1,Avenue Capital Group,,,N/A,,,,,14887150.0,0.0004
31/12/2024,Care Super,Balanced,Unlisted Equity,1,Blackbird Ventures Pty Ltd,,,N/A,,,,,36206659.0,0.0009
31/12/2024,Care Super,Balanced,Unlisted Equity,1,Carnegie Venture Capital Pty Limited,,,N/A,,,,,254771.0,0.0
31/12/2024,Care Super,Balanced,Unlisted Equity,1,"HarbourVest Partners, LLC",,,N/A,,,,,283132269.0,0.0067
31/12/2024,Care Super,Balanced,Unlisted Equity,1,IFM Investors Pty Ltd,,,N/A,,,,,5583923.0,0.0001
31/12/2024,Care Super,Balanced,Unlisted Equity,1,Intermediate Capital Group,,,N/A,,,,,4697318.0,0.0001
31/12/2024,Care Super,Balanced,Unlisted Equity,1,Lennox Capital Partners Pty Ltd,,,N/A,,,,,2281467.0,0.0001
31/12/2024,Care Super,Balanced,Unlisted Equity,1,Lexington Partners,,,N/A,,,,,20381030.0,0.0005
31/12/2024,Care Super,Balanced,Unlisted Equity,1,LGT Capital Partners Limited,,,N/A,,,,,191675133.0,0.0045
31/12/2024,Care Super,Balanced,Unlisted Equity,1,Partners Group Holding AG,,,N/A,,,,,312472712.0,0.0074
31/12/2024,Care Super,Balanced,Unlisted Equity,1,Roc Capital Pty Limited,,,N/A,,,,,312301834.0,0.0074
31/12/2024,Care Super,Balanced,Unlisted Equity,1,"Siguler Guff Advisers, LLC",,,N/A,,,,,289341158.0,0.0068
31/12/2024,Care Super,Balanced,Unlisted Equity,1,Square Peg Capital Pty Ltd,,,N/A,,,,,26589570.0,0.0006
31/12/2024,Care Super,Balanced,Unlisted Equity,1,Stafford Capital Partners Limited,,,N/A,,,,,10327263.0,0.0002
31/12/2024,Care Super,Balanced,Unlisted Equity,1,State Street Bank and Trust Company,,,N/A,,,,,2177.0,0.0
31/12/2024,Care Super,Balanced,Unlisted Equity,1,StepStone Group Holdings LLC,,,N/A,,,,,258531900.0,0.0060999999999999
31/12/2024,Care Super,Balanced,Unlisted Equity,1,"Wilshire Associates, Inc",,,N/A,,,,,1857940.0,0.0
31/12/2024,Care Super,Balanced,Unlisted Equity,1,Sub Total,,,N/A,,,,,2177891396.0,0.0513999999999999
31/12/2024,Care Super,Balanced,Listed Property,1,Abacus Group,,ABG,BB Ticker,AU,72525.0,,,79778.0,0.0
31/12/2024,Care Super,Balanced,Listed Property,1,Abacus Storage King,,ASK,BB Ticker,AU,111917.0,,,125907.0,0.0
31/12/2024,Care Super,Balanced,Listed Property,1,Acadia Realty Trust,,AKR,BB Ticker,US,13527.0,,,527834.0,0.0
31/12/2024,Care Super,Balanced,Listed Property,1,Activia Properties Inc,,3279,BB Ticker,JP,97.0,,,328850.0,0.0
31/12/2024,Care Super,Balanced,Listed Property,1,Advance Residence Investment Corp,,3269,SEDOL,JP,173.0,,,520888.0,0.0
31/12/2024,Care Super,Balanced,Listed Property,1,Aedifica SA,,AED,BB Ticker,BB,6515.0,,,612349.0,0.0
31/12/2024,Care Super,Balanced,Listed Property,1,Aeon Mall Co Ltd,,8905,BB Ticker,JP,20246.0,,,423416.0,0.0
31/12/2024,Care Super,Balanced,Listed Property,1,AEON REIT Investment Corp,,3292,SEDOL,JP,251.0,,,326575.0,0.0
31/12/2024,Care Super,Balanced,Listed Property,1,Agree Realty Corp,,ADC,BB Ticker,US,13144.0,,,1495602.0,0.0
31/12/2024,Care Super,Balanced,Listed Property,1,Aldar Properties PJSC,,ALDAR,BB Ticker,UH,1845913.0,,,6233754.0,0.0001
31/12/2024,Care Super,Balanced,Listed Property,1,Alexander & Baldwin Inc,,ALEX,BB Ticker,US,9518.0,,,272726.0,0.0
31/12/2024,Care Super,Balanced,Listed Property,1,Alexandria Real Estate Equities Inc,,ARE,BB Ticker,US,46052.0,,,7255646.0,0.0002
31/12/2024,Care Super,Balanced,Listed Property,1,Allied Properties Real Estate Investment Trust,,AP-U,BB Ticker,CN,17864.0,,,344059.0,0.0
31/12/2024,Care Super,Balanced,Listed Property,1,Allreal Holding AG,,ALLN,BB Ticker,SW,2241.0,,,661444.0,0.0
31/12/2024,Care Super,Balanced,Listed Property,1,American Assets Trust Inc,,AAT,BB Ticker,US,6661.0,,,282498.0,0.0
31/12/2024,Care Super,Balanced,Listed Property,1,American Homes 4 Rent,,AMH,BB Ticker,US,44601.0,,,2695592.0,0.0001
31/12/2024,Care Super,Balanced,Listed Property,1,American Tower Corp,,AMT,BB Ticker,US,5413.0,,,1603471.0,0.0
31/12/2024,Care Super,Balanced,Listed Property,1,Americold Realty Trust Inc,,COLD,BB Ticker,US,37455.0,,,1294576.0,0.0
31/12/2024,Care Super,Balanced,Listed Property,1,Amot Investments Ltd,,AMOT,BB Ticker,IT,29909.0,,,273642.0,0.0
31/12/2024,Care Super,Balanced,Listed Property,1,Annaly Capital Management Inc,,NLY,BB Ticker,US,38545.0,,,1139248.0,0.0
31/12/2024,Care Super,Balanced,Listed Property,1,Apartment Investment and Management Co,,AIV,BB Ticker,US,19269.0,,,282902.0,0.0
31/12/2024,Care Super,Balanced,Listed Property,1,Apple Hospitality REIT Inc,,APLE,BB Ticker,US,29977.0,,,743184.0,0.0
31/12/2024,Care Super,Balanced,Listed Property,1,Arena REIT,,ARF,BB Ticker,AU,61433.0,,,238974.0,0.0
31/12/2024,Care Super,Balanced,Listed Property,1,ARGAN SA,,ARG,BB Ticker,FP,1912.0,,,193476.0,0.0
31/12/2024,Care Super,Balanced,Listed Property,1,Aroundtown SA,,AT1,BB Ticker,GR,94039.0,,,459403.0,0.0
31/12/2024,Care Super,Balanced,Listed Property,1,Assura PLC,,AGR,BB Ticker,LN,461450.0,,,357869.0,0.0
31/12/2024,Care Super,Balanced,Listed Property,1,Atrium Ljungberg AB,,ATRLJB,BB Ticker,SS,7257.0,,,210259.0,0.0
31/12/2024,Care Super,Balanced,Listed Property,1,AvalonBay Communities Inc,,AVB,BB Ticker,US,38516.0,,,13683815.0,0.0003
31/12/2024,Care Super,Balanced,Listed Property,1,Azrieli Group Ltd,,AZRG,BB Ticker,IT,4791.0,,,638981.0,0.0
31/12/2024,Care Super,Balanced,Listed Property,1,Big Yellow Group PLC,,BYG,BB Ticker,LN,26932.0,,,522992.0,0.0
31/12/2024,Care Super,Balanced,Listed Property,1,Boardwalk Real Estate Investment Trust,,BEI-U,BB Ticker,CN,5364.0,,,387061.0,0.0
31/12/2024,Care Super,Balanced,Listed Property,1,British Land Co PLC/The,,BLND,BB Ticker,LN,122669.0,,,894265.0,0.0
31/12/2024,Care Super,Balanced,Listed Property,1,Brixmor Property Group Inc,,BRX,BB Ticker,US,39419.0,,,1772483.0,0.0
31/12/2024,Care Super,Balanced,Listed Property,1,Broadstone Net Lease Inc,,BNL,BB Ticker,US,25045.0,,,641544.0,0.0
31/12/2024,Care Super,Balanced,Listed Property,1,BWP Trust,,BWP,BB Ticker,AU,84700.0,,,277816.0,0.0
31/12/2024,Care Super,Balanced,Listed Property,1,BXP Inc,,BXP,BB Ticker,US,20763.0,,,2493607.0,0.0001
31/12/2024,Care Super,Balanced,Listed Property,1,CA Immobilien Anlagen AG,,CAI,BB Ticker,AV,5124.0,,,199828.0,0.0
31/12/2024,Care Super,Balanced,Listed Property,1,Camden Property Trust,,CPT,BB Ticker,US,40054.0,,,7506800.0,0.0002
31/12/2024,Care Super,Balanced,Listed Property,1,Canadian Apartment Properties REIT,,CAR-U,BB Ticker,CN,21685.0,,,1038170.0,0.0
31/12/2024,Care Super,Balanced,Listed Property,1,CapitaLand Ascendas REIT,,CLAR,BB Ticker,SP,481370.0,,,1464665.0,0.0
31/12/2024,Care Super,Balanced,Listed Property,1,CapitaLand Ascott Trust,,CLAS,BB Ticker,SP,368928.0,,,380003.0,0.0
31/12/2024,Care Super,Balanced,Listed Property,1,CapitaLand Integrated Commercial Trust,,CICT,BB Ticker,SP,678183.0,,,1549638.0,0.0
31/12/2024,Care Super,Balanced,Listed Property,1,CapitaLand Investment Ltd/Singapore,,CLI,BB Ticker,SP,339245.0,,,1052302.0,0.0
31/12/2024,Care Super,Balanced,Listed Property,1,CareTrust REIT Inc,,CTRE,BB Ticker,US,17708.0,,,773633.0,0.0
31/12/2024,Care Super,Balanced,Listed Property,1,Carmila SA,,CARM,BB Ticker,FP,8230.0,,,220502.0,0.0
31/12/2024,Care Super,Balanced,Listed Property,1,Castellum AB,,CAST,BB Ticker,SS,57519.0,,,1013561.0,0.0
31/12/2024,Care Super,Balanced,Listed Property,1,Catena AB,,CATE,BB Ticker,SS,5099.0,,,352549.0,0.0
31/12/2024,Care Super,Balanced,Listed Property,1,CBRE Group Inc,,CBRE,BB Ticker,US,47155.0,,,9999193.0,0.0002
31/12/2024,Care Super,Balanced,Listed Property,1,CDL Hospitality Trusts,,CDREIT,BB Ticker,SP,152403.0,,,155174.0,0.0
31/12/2024,Care Super,Balanced,Listed Property,1,Centerspace,,CSR,BB Ticker,US,2077.0,,,221911.0,0.0
31/12/2024,Care Super,Balanced,Listed Property,1,Centuria Capital Group,,CNI,BB Ticker,AU,165026.0,,,292921.0,0.0
31/12/2024,Care Super,Balanced,Listed Property,1,Centuria Industrial REIT,,CIP,BB Ticker,AU,82085.0,,,231480.0,0.0
31/12/2024,Care Super,Balanced,Listed Property,1,Centuria Office REIT,,COF,BB Ticker,AU,68663.0,,,75530.0,0.0
31/12/2024,Care Super,Balanced,Listed Property,1,Charter Hall Group,,CHC,BB Ticker,AU,2920162.0,,,41904321.0,0.001
31/12/2024,Care Super,Balanced,Listed Property,1,Charter Hall Long Wale REIT,,CLW,BB Ticker,AU,110019.0,,,411469.0,0.0
31/12/2024,Care Super,Balanced,Listed Property,1,Charter Hall Retail REIT,,CQR,BB Ticker,AU,2172085.0,,,6842067.0,0.0002
31/12/2024,Care Super,Balanced,Listed Property,1,Charter Hall Social Infrastructure REIT,,CQE,BB Ticker,AU,57937.0,,,148898.0,0.0
31/12/2024,Care Super,Balanced,Listed Property,1,Chartwell Retirement Residences,,CSH-U,BB Ticker,CN,32940.0,,,557834.0,0.0
31/12/2024,Care Super,Balanced,Listed Property,1,China Overseas Land & Investment Ltd,,688,BB Ticker,HK,5234731.0,,,13496268.0,0.0003
31/12/2024,Care Super,Balanced,Listed Property,1,Choice Properties Real Estate Investment Trust,,CHP-U,BB Ticker,CN,35360.0,,,530130.0,0.0
31/12/2024,Care Super,Balanced,Listed Property,1,Cofinimmo SA,,COFB,BB Ticker,BB,5370.0,,,499327.0,0.0
31/12/2024,Care Super,Balanced,Listed Property,1,Comforia Residential REIT Inc,,3282,BB Ticker,JP,97.0,,,278196.0,0.0
31/12/2024,Care Super,Balanced,Listed Property,1,COPT Defense Properties,,CDP,BB Ticker,US,15036.0,,,751594.0,0.0
31/12/2024,Care Super,Balanced,Listed Property,1,CoStar Group Inc,,CSGP,BB Ticker,US,3941.0,,,455734.0,0.0
31/12/2024,Care Super,Balanced,Listed Property,1,Country Garden Services Holdings Co Ltd,,6098,BB Ticker,HK,3066262.0,,,3519217.0,0.0001
31/12/2024,Care Super,Balanced,Listed Property,1,Cousins Properties Inc,,CUZ,BB Ticker,US,20115.0,,,995416.0,0.0
31/12/2024,Care Super,Balanced,Listed Property,1,Covivio SA/France,,COV,BB Ticker,FP,8139.0,,,663755.0,0.0
31/12/2024,Care Super,Balanced,Listed Property,1,Crombie Real Estate Investment Trust,,CRR-U,BB Ticker,CN,15074.0,,,223621.0,0.0
31/12/2024,Care Super,Balanced,Listed Property,1,Cromwell Property Group,,CMW,BB Ticker,AU,243657.0,,,92590.0,0.0
31/12/2024,Care Super,Balanced,Listed Property,1,Crown Castle Inc,,CCI,BB Ticker,US,5366.0,,,786556.0,0.0
31/12/2024,Care Super,Balanced,Listed Property,1,CubeSmart,,CUBE,BB Ticker,US,29251.0,,,2024406.0,0.0
31/12/2024,Care Super,Balanced,Listed Property,1,Curbline Properties Corp,,CURB,BB Ticker,US,12314.0,,,461820.0,0.0
31/12/2024,Care Super,Balanced,Listed Property,1,Daito Trust Construction Co Ltd,,1878,BB Ticker,JP,10543.0,,,1904166.0,0.0
31/12/2024,Care Super,Balanced,Listed Property,1,Daiwa House Industry Co Ltd,,1925,BB Ticker,JP,194.0,,,9680.0,0.0
31/12/2024,Care Super,Balanced,Listed Property,1,Daiwa House REIT Investment Corp,,8984,BB Ticker,JP,298.0,,,710757.0,0.0
31/12/2024,Care Super,Balanced,Listed Property,1,Daiwa Office Investment Corp,,8976,BB Ticker,JP,77.0,,,223939.0,0.0
31/12/2024,Care Super,Balanced,Listed Property,1,Daiwa Securities Living Investments Corp,,8986,BB Ticker,JP,272.0,,,248622.0,0.0
31/12/2024,Care Super,Balanced,Listed Property,1,Derwent London PLC,,DLN,BB Ticker,LN,15452.0,,,612303.0,0.0
31/12/2024,Care Super,Balanced,Listed Property,1,Deutsche Wohnen SE,,DWNI,BB Ticker,GR,7466.0,,,287815.0,0.0
31/12/2024,Care Super,Balanced,Listed Property,1,Dexus,,DXS,BB Ticker,AU,5441399.0,,,36239717.0,0.0009
31/12/2024,Care Super,Balanced,Listed Property,1,Dexus Industria REIT,,DXI,BB Ticker,AU,28405.0,,,73000.0,0.0
31/12/2024,Care Super,Balanced,Listed Property,1,DiamondRock Hospitality Co,,DRH,BB Ticker,US,27869.0,,,406456.0,0.0
31/12/2024,Care Super,Balanced,Listed Property,1,DigiCo Infrastructure REIT,,DGT,BB Ticker,AU,733222.0,,,3262837.0,0.0001
31/12/2024,Care Super,Balanced,Listed Property,1,Digital Realty Trust Inc,,DLR,BB Ticker,US,57103.0,,,16354699.0,0.0004
31/12/2024,Care Super,Balanced,Listed Property,1,Dios Fastigheter AB,,DIOS,BB Ticker,SS,15003.0,,,173694.0,0.0
31/12/2024,Care Super,Balanced,Listed Property,1,Douglas Emmett Inc,,DEI,BB Ticker,US,21917.0,,,656999.0,0.0
31/12/2024,Care Super,Balanced,Listed Property,1,Dream Industrial Real Estate Investment Trust,,DIR-U,BB Ticker,CN,35007.0,,,464297.0,0.0
31/12/2024,Care Super,Balanced,Listed Property,1,Easterly Government Properties Inc,,DEA,BB Ticker,US,13653.0,,,250495.0,0.0
31/12/2024,Care Super,Balanced,Listed Property,1,EastGroup Properties Inc,,EGP,BB Ticker,US,6194.0,,,1605428.0,0.0
31/12/2024,Care Super,Balanced,Listed Property,1,Elme Communities,,ELME,BB Ticker,US,12006.0,,,296099.0,0.0
31/12/2024,Care Super,Balanced,Listed Property,1,Emaar Properties PJSC,,EMAAR,BB Ticker,UH,959177.0,,,5419752.0,0.0001
31/12/2024,Care Super,Balanced,Listed Property,1,Empire State Realty Trust Inc,,ESRT,BB Ticker,US,18282.0,,,304729.0,0.0
31/12/2024,Care Super,Balanced,Listed Property,1,Empiric Student Property PLC,,ESP,BB Ticker,LN,113960.0,,,192479.0,0.0
31/12/2024,Care Super,Balanced,Listed Property,1,Entra ASA,,ENTRA,BB Ticker,NO,11043.0,,,181532.0,0.0
31/12/2024,Care Super,Balanced,Listed Property,1,EPR Properties,,EPR,BB Ticker,US,9907.0,,,708549.0,0.0
31/12/2024,Care Super,Balanced,Listed Property,1,Equinix Inc,,EQIX,BB Ticker,US,23532.0,,,35836735.0,0.0008
31/12/2024,Care Super,Balanced,Listed Property,1,Equity LifeStyle Properties Inc,,ELS,BB Ticker,US,24233.0,,,2606711.0,0.0001
31/12/2024,Care Super,Balanced,Listed Property,1,Equity Residential,,EQR,BB Ticker,US,107806.0,,,12494770.0,0.0003
31/12/2024,Care Super,Balanced,Listed Property,1,ESR-REIT,,EREIT,BB Ticker,SP,899770.0,,,271642.0,0.0
31/12/2024,Care Super,Balanced,Listed Property,1,Essential Properties Realty Trust Inc,,EPRT,BB Ticker,US,22735.0,,,1148615.0,0.0
31/12/2024,Care Super,Balanced,Listed Property,1,Essex Property Trust Inc,,ESS,BB Ticker,US,21241.0,,,9792323.0,0.0002
31/12/2024,Care Super,Balanced,Listed Property,1,Eurocommercial Properties NV,,ECMPA,BB Ticker,,7753.0,,,287852.0,0.0
31/12/2024,Care Super,Balanced,Listed Property,1,Extra Space Storage Inc,,EXR,BB Ticker,US,35580.0,,,8596792.0,0.0002
31/12/2024,Care Super,Balanced,Listed Property,1,Fabege AB,,FABG,BB Ticker,SS,35642.0,,,431381.0,0.0
31/12/2024,Care Super,Balanced,Listed Property,1,Fastighets AB Balder,,BALDB,BB Ticker,SS,83531.0,,,937736.0,0.0
31/12/2024,Care Super,Balanced,Listed Property,1,Federal Realty Investment Trust,,FRT,BB Ticker,US,10810.0,,,1954604.0,0.0
31/12/2024,Care Super,Balanced,Listed Property,1,Fibra Uno Administracion SA de CV,,FUNO11,BB Ticker,MM,316817.0,,,509907.0,0.0
31/12/2024,Care Super,Balanced,Listed Property,1,First Capital Real Estate Investment Trust,,FCR-U,BB Ticker,CN,27539.0,,,524520.0,0.0
31/12/2024,Care Super,Balanced,Listed Property,1,First Industrial Realty Trust Inc,,FR,BB Ticker,US,17243.0,,,1396091.0,0.0
31/12/2024,Care Super,Balanced,Listed Property,1,FirstService Corp,,FSV,BB Ticker,CN,15840.0,,,4631861.0,0.0001
31/12/2024,Care Super,Balanced,Listed Property,1,Fortune Real Estate Investment Trust,,778,BB Ticker,HK,250810.0,,,208072.0,0.0
31/12/2024,Care Super,Balanced,Listed Property,1,Four Corners Property Trust Inc,,FCPT,BB Ticker,US,12029.0,,,527278.0,0.0
31/12/2024,Care Super,Balanced,Listed Property,1,Frasers Centrepoint Trust,,FCT,BB Ticker,SP,163371.0,,,408117.0,0.0
31/12/2024,Care Super,Balanced,Listed Property,1,Frasers Logistics & Commercial Trust,,FLT,BB Ticker,SP,417172.0,,,434634.0,0.0
31/12/2024,Care Super,Balanced,Listed Property,1,Frontier Real Estate Investment Corp,,8964,BB Ticker,JP,384.0,,,306231.0,0.0
31/12/2024,Care Super,Balanced,Listed Property,1,Fukuoka REIT Corp,,8968,BB Ticker,JP,133.0,,,198873.0,0.0
31/12/2024,Care Super,Balanced,Listed Property,1,Gaming and Leisure Properties Inc,,GLPI,BB Ticker,US,64023.0,,,4979943.0,0.0001
31/12/2024,Care Super,Balanced,Listed Property,1,Gecina SA,,GFC,BB Ticker,FP,6960.0,,,1052829.0,0.0
31/12/2024,Care Super,Balanced,Listed Property,1,Getty Realty Corp,,GTY,BB Ticker,US,6628.0,,,322562.0,0.0
31/12/2024,Care Super,Balanced,Listed Property,1,Global Net Lease Inc,,GNL,BB Ticker,US,27522.0,,,324489.0,0.0
31/12/2024,Care Super,Balanced,Listed Property,1,Global One Real Estate Investment Corp,,8958,BB Ticker,JP,200.0,,,203673.0,0.0
31/12/2024,Care Super,Balanced,Listed Property,1,GLP J-Reit,,3281,SEDOL,JP,618.0,,,783986.0,0.0
31/12/2024,Care Super,Balanced,Listed Property,1,Goodman Group,,GMG,BB Ticker,AU,4952541.0,,,176508564.0,0.0042
31/12/2024,Care Super,Balanced,Listed Property,1,Goodman Property Trust,,GMT,BB Ticker,NZ,165853.0,,,301651.0,0.0
31/12/2024,Care Super,Balanced,Listed Property,1,GPT Group/The,,GPT,BB Ticker,AU,2528853.0,,,11051088.0,0.0003
31/12/2024,Care Super,Balanced,Listed Property,1,Grand City Properties SA,,GYC,BB Ticker,GR,14605.0,,,287013.0,0.0
31/12/2024,Care Super,Balanced,Listed Property,1,Granite Real Estate Investment Trust,,GRT-U,BB Ticker,CN,8166.0,,,639757.0,0.0
31/12/2024,Care Super,Balanced,Listed Property,1,Great Portland Estates PLC,,GPE,BB Ticker,LN,56562.0,,,329505.0,0.0
31/12/2024,Care Super,Balanced,Listed Property,1,Growthpoint Properties Australia Ltd,,GOZ,BB Ticker,AU,54054.0,,,128649.0,0.0
31/12/2024,Care Super,Balanced,Listed Property,1,H&R Real Estate Investment Trust,,HR-U,BB Ticker,CN,34629.0,,,360884.0,0.0
31/12/2024,Care Super,Balanced,Listed Property,1,Hammerson PLC,,HMSO,BB Ticker,LN,61400.0,,,347258.0,0.0
31/12/2024,Care Super,Balanced,Listed Property,1,Healthcare Realty Trust Inc,,HR,BB Ticker,US,50890.0,,,1393171.0,0.0
31/12/2024,Care Super,Balanced,Listed Property,1,HealthCo REIT,,HCW,BB Ticker,AU,80375.0,,,81982.0,0.0
31/12/2024,Care Super,Balanced,Listed Property,1,Healthpeak Properties Inc,,DOC,BB Ticker,US,158370.0,,,5184798.0,0.0001
31/12/2024,Care Super,Balanced,Listed Property,1,Heiwa Real Estate REIT Inc,,8966,BB Ticker,JP,160.0,,,197073.0,0.0
31/12/2024,Care Super,Balanced,Listed Property,1,Highwoods Properties Inc,,HIW,BB Ticker,US,14014.0,,,692150.0,0.0
31/12/2024,Care Super,Balanced,Listed Property,1,HMC Capital Ltd,,HMC,BB Ticker,AU,1073976.0,,,10589405.0,0.0002
31/12/2024,Care Super,Balanced,Listed Property,1,HomeCo Daily Needs REIT,,HDN,BB Ticker,AU,276564.0,,,316666.0,0.0
31/12/2024,Care Super,Balanced,Listed Property,1,Hongkong Land Holdings Ltd,,HKL,BB Ticker,SP,149795.0,,,1076620.0,0.0
31/12/2024,Care Super,Balanced,Listed Property,1,Hoshino Resorts REIT Inc,,3287,BB Ticker,JP,77.0,,,177854.0,0.0
31/12/2024,Care Super,Balanced,Listed Property,1,Host Hotels & Resorts Inc,,HST,BB Ticker,US,159593.0,,,4515987.0,0.0001
31/12/2024,Care Super,Balanced,Listed Property,1,Hotel Property Investments Ltd,,HPI,BB Ticker,AU,21698.0,,,81369.0,0.0
31/12/2024,Care Super,Balanced,Listed Property,1,Hufvudstaden AB,,HUFVA,BB Ticker,SS,16993.0,,,300804.0,0.0
31/12/2024,Care Super,Balanced,Listed Property,1,Hulic Reit Inc,,3295,BB Ticker,JP,197.0,,,278139.0,0.0
31/12/2024,Care Super,Balanced,Listed Property,1,Hysan Development Co Ltd,,14,BB Ticker,HK,97409.0,,,239800.0,0.0
31/12/2024,Care Super,Balanced,Listed Property,1,ICADE,,ICAD,BB Ticker,FP,5262.0,,,202220.0,0.0
31/12/2024,Care Super,Balanced,Listed Property,1,Independence Realty Trust Inc,,IRT,BB Ticker,US,29575.0,,,947693.0,0.0
31/12/2024,Care Super,Balanced,Listed Property,1,Industrial & Infrastructure Fund Investment Corp,,3249,BB Ticker,JP,315.0,,,372238.0,0.0
31/12/2024,Care Super,Balanced,Listed Property,1,Ingenia Communities Group,,INA,BB Ticker,AU,568420.0,,,2603363.0,0.0001
31/12/2024,Care Super,Balanced,Listed Property,1,Inmobiliaria Colonial Socimi SA,,COL,BB Ticker,SM,42508.0,,,367905.0,0.0
31/12/2024,Care Super,Balanced,Listed Property,1,Innovative Industrial Properties Inc,,IIPR,BB Ticker,US,3654.0,,,393285.0,0.0
31/12/2024,Care Super,Balanced,Listed Property,1,InterRent Real Estate Investment Trust,,IIP-U,BB Ticker,CN,17442.0,,,198818.0,0.0
31/12/2024,Care Super,Balanced,Listed Property,1,InvenTrust Properties Corp,,IVT,BB Ticker,US,9063.0,,,441032.0,0.0
31/12/2024,Care Super,Balanced,Listed Property,1,Invincible Investment Corp,,8963,SEDOL,JP,918.0,,,624612.0,0.0
31/12/2024,Care Super,Balanced,Listed Property,1,Invitation Homes Inc,,INVH,BB Ticker,US,79889.0,,,4125071.0,0.0001
31/12/2024,Care Super,Balanced,Listed Property,1,Iron Mountain Inc,,IRM,BB Ticker,US,38177.0,,,6481073.0,0.0002
31/12/2024,Care Super,Balanced,Listed Property,1,Japan Excellent Inc,,8987,BB Ticker,JP,189.0,,,225320.0,0.0
31/12/2024,Care Super,Balanced,Listed Property,1,Japan Hotel REIT Investment Corp,,8985,SEDOL,JP,636.0,,,461336.0,0.0
31/12/2024,Care Super,Balanced,Listed Property,1,Japan Logistics Fund Inc,,8967,BB Ticker,JP,120.0,,,323645.0,0.0
31/12/2024,Care Super,Balanced,Listed Property,1,Japan Metropolitan Fund Invest,,8953,BB Ticker,JP,927.0,,,859590.0,0.0
31/12/2024,Care Super,Balanced,Listed Property,1,Japan Prime Realty Investment Corp,,8955,BB Ticker,JP,125.0,,,405364.0,0.0
31/12/2024,Care Super,Balanced,Listed Property,1,Japan Real Estate Investment Corp,,8952,SEDOL,JP,867.0,,,961077.0,0.0
31/12/2024,Care Super,Balanced,Listed Property,1,JBG SMITH Properties,,JBGS,BB Ticker,US,12167.0,,,302037.0,0.0
31/12/2024,Care Super,Balanced,Listed Property,1,KDX Realty Investment Corp,,8972,BB Ticker,JP,542.0,,,831963.0,0.0
31/12/2024,Care Super,Balanced,Listed Property,1,KE Holdings Inc,,BEKE,BB Ticker,US,361139.0,,,10744063.0,0.0003
31/12/2024,Care Super,Balanced,Listed Property,1,Kennedy-Wilson Holdings Inc,,KW,BB Ticker,US,16304.0,,,263068.0,0.0
31/12/2024,Care Super,Balanced,Listed Property,1,Keppel DC REIT,,KDCREIT,BB Ticker,SP,178098.0,,,459665.0,0.0
31/12/2024,Care Super,Balanced,Listed Property,1,Keppel REIT,,KREIT,BB Ticker,SP,377748.0,,,389088.0,0.0
31/12/2024,Care Super,Balanced,Listed Property,1,Killam Apartment Real Estate Investment Trust,,KMP-U,BB Ticker,CN,15625.0,,,300062.0,0.0
31/12/2024,Care Super,Balanced,Listed Property,1,Kilroy Realty Corp,,KRC,BB Ticker,US,15696.0,,,1025438.0,0.0
31/12/2024,Care Super,Balanced,Listed Property,1,Kimco Realty Corp,,KIM,BB Ticker,US,162900.0,,,6164489.0,0.0001
31/12/2024,Care Super,Balanced,Listed Property,1,Kite Realty Group Trust,,KRG,BB Ticker,US,28542.0,,,1163517.0,0.0
31/12/2024,Care Super,Balanced,Listed Property,1,Kiwi Property Group Ltd,,KPG,BB Ticker,NZ,301238.0,,,245323.0,0.0
31/12/2024,Care Super,Balanced,Listed Property,1,Klepierre SA,,LI,BB Ticker,FP,83692.0,,,3891174.0,0.0001
31/12/2024,Care Super,Balanced,Listed Property,1,Kojamo Oyj,,KOJAMO,BB Ticker,FH,22475.0,,,352950.0,0.0
31/12/2024,Care Super,Balanced,Listed Property,1,Land Securities Group PLC,,LAND,BB Ticker,LN,90347.0,,,1067274.0,0.0
31/12/2024,Care Super,Balanced,Listed Property,1,LaSalle Logiport REIT,,3466,BB Ticker,JP,257.0,,,375230.0,0.0
31/12/2024,Care Super,Balanced,Listed Property,1,LEG Immobilien SE,,LEG,BB Ticker,GR,9917.0,,,1356771.0,0.0
31/12/2024,Care Super,Balanced,Listed Property,1,Lendlease Corp Ltd,,LLC,BB Ticker,AU,3312434.0,,,20636462.0,0.0005
31/12/2024,Care Super,Balanced,Listed Property,1,Lendlease Global Commercial REIT,,LREIT,BB Ticker,SP,300204.0,,,195482.0,0.0
31/12/2024,Care Super,Balanced,Listed Property,1,Lifestyle Communities Ltd,,LIC,BB Ticker,AU,15768.0,,,134974.0,0.0
31/12/2024,Care Super,Balanced,Listed Property,1,Link REIT,,823,BB Ticker,HK,340165.0,,,2323394.0,0.0001
31/12/2024,Care Super,Balanced,Listed Property,1,LondonMetric Property PLC,,LMP,BB Ticker,LN,263167.0,,,958720.0,0.0
31/12/2024,Care Super,Balanced,Listed Property,1,LTC Properties Inc,,LTC,BB Ticker,US,5733.0,,,319891.0,0.0
31/12/2024,Care Super,Balanced,Listed Property,1,LXP Industrial Trust,,LXP,BB Ticker,US,38224.0,,,501302.0,0.0
31/12/2024,Care Super,Balanced,Listed Property,1,Macerich Co/The,,MAC,BB Ticker,US,28461.0,,,915684.0,0.0
31/12/2024,Care Super,Balanced,Listed Property,1,Macrotech Developers Ltd,,LODHA,BB Ticker,IN,185770.0,,,4869276.0,0.0001
31/12/2024,Care Super,Balanced,Listed Property,1,Mapletree Industrial Trust,,MINT,BB Ticker,SP,278728.0,,,729289.0,0.0
31/12/2024,Care Super,Balanced,Listed Property,1,Mapletree Logistics Trust,,MLT,BB Ticker,SP,459434.0,,,690801.0,0.0
31/12/2024,Care Super,Balanced,Listed Property,1,Mapletree Pan Asia Commercial Trust,,MPACT,BB Ticker,SP,324979.0,,,465550.0,0.0
31/12/2024,Care Super,Balanced,Listed Property,1,Medical Properties Trust Inc,,MPW,BB Ticker,US,79942.0,,,510004.0,0.0
31/12/2024,Care Super,Balanced,Listed Property,1,Melisron Ltd,,MLSR,BB Ticker,IT,3376.0,,,484907.0,0.0
31/12/2024,Care Super,Balanced,Listed Property,1,Mercialys SA,,MERY,BB Ticker,FP,14351.0,,,242647.0,0.0
31/12/2024,Care Super,Balanced,Listed Property,1,Merlin Properties Socimi SA,,MRL,BB Ticker,SM,45131.0,,,766874.0,0.0
31/12/2024,Care Super,Balanced,Listed Property,1,Mid-America Apartment Communities Inc,,MAA,BB Ticker,US,22676.0,,,5661071.0,0.0001
31/12/2024,Care Super,Balanced,Listed Property,1,Mirvac Group,,MGR,BB Ticker,AU,24148466.0,,,45278374.0,0.0011
31/12/2024,Care Super,Balanced,Listed Property,1,Mitsubishi Estate Co Ltd,,8802,BB Ticker,JP,15627.0,,,353399.0,0.0
31/12/2024,Care Super,Balanced,Listed Property,1,Mitsubishi Estate Logistics REIT Investment Corp,,3481,BB Ticker,JP,71.0,,,254006.0,0.0
31/12/2024,Care Super,Balanced,Listed Property,1,Mitsui Fudosan Co Ltd,,8801,BB Ticker,JP,39491.0,,,515429.0,0.0
31/12/2024,Care Super,Balanced,Listed Property,1,Mitsui Fudosan Logistics Park Inc,,3471,BB Ticker,JP,301.0,,,313625.0,0.0
31/12/2024,Care Super,Balanced,Listed Property,1,Mobimo Holding AG,,MOBN,BB Ticker,SW,1146.0,,,598371.0,0.0
31/12/2024,Care Super,Balanced,Listed Property,1,Montea NV,,MONT,BB Ticker,BB,2559.0,,,270882.0,0.0
31/12/2024,Care Super,Balanced,Listed Property,1,Mori Hills REIT Investment Corp,,3234,BB Ticker,JP,226.0,,,288106.0,0.0
31/12/2024,Care Super,Balanced,Listed Property,1,Mori Trust Reit Inc,,8961,BB Ticker,JP,381.0,,,241321.0,0.0
31/12/2024,Care Super,Balanced,Listed Property,1,Multiplan Empreendimentos Imobiliarios SA,,MULT3,BB Ticker,BZ,279774.0,,,1541857.0,0.0
31/12/2024,Care Super,Balanced,Listed Property,1,National Health Investors Inc,,NHI,BB Ticker,US,5512.0,,,616909.0,0.0
31/12/2024,Care Super,Balanced,Listed Property,1,National Storage Affiliates Trust,,NSA,BB Ticker,US,9524.0,,,583137.0,0.0
31/12/2024,Care Super,Balanced,Listed Property,1,National Storage REIT,,NSR,BB Ticker,AU,2392693.0,,,5598901.0,0.0001
31/12/2024,Care Super,Balanced,Listed Property,1,NEPI Rockcastle NV,,NRP,BB Ticker,SJ,686.0,,,8104.0,0.0
31/12/2024,Care Super,Balanced,Listed Property,1,NETSTREIT Corp,,NTST,BB Ticker,US,9927.0,,,226860.0,0.0
31/12/2024,Care Super,Balanced,Listed Property,1,NexPoint Residential Trust Inc,,NXRT,BB Ticker,US,3109.0,,,209620.0,0.0
31/12/2024,Care Super,Balanced,Listed Property,1,Nippon Accommodations Fund Inc,,3226,BB Ticker,JP,64.0,,,384038.0,0.0
31/12/2024,Care Super,Balanced,Listed Property,1,Nippon Building Fund Inc,,8951,BB Ticker,JP,1010.0,,,1270649.0,0.0
31/12/2024,Care Super,Balanced,Listed Property,1,Nippon Prologis REIT Inc,,3283,BB Ticker,JP,330.0,,,755504.0,0.0
31/12/2024,Care Super,Balanced,Listed Property,1,NIPPON REIT Investment Corp,,3296,BB Ticker,JP,285.0,,,223144.0,0.0
31/12/2024,Care Super,Balanced,Listed Property,1,NNN REIT Inc,,NNN,BB Ticker,US,23779.0,,,1568903.0,0.0
31/12/2024,Care Super,Balanced,Listed Property,1,Nomura Real Estate Master Fund Inc,,3462,BB Ticker,JP,606.0,,,857471.0,0.0
31/12/2024,Care Super,Balanced,Listed Property,1,NorthWest Healthcare Properties Real Estate Investment Trust,,NWH-U,BB Ticker,CN,31987.0,,,159852.0,0.0
31/12/2024,Care Super,Balanced,Listed Property,1,NP3 Fastigheter AB,,NP3,BB Ticker,SS,4076.0,,,148946.0,0.0
31/12/2024,Care Super,Balanced,Listed Property,1,NTT UD REIT Investment Corp,,8956,BB Ticker,JP,220.0,,,270565.0,0.0
31/12/2024,Care Super,Balanced,Listed Property,1,Nyfosa AB,,NYF,BB Ticker,SS,25083.0,,,395619.0,0.0
31/12/2024,Care Super,Balanced,Listed Property,1,Omega Healthcare Investors Inc,,OHI,BB Ticker,US,49709.0,,,3038816.0,0.0001
31/12/2024,Care Super,Balanced,Listed Property,1,Orix JREIT Inc,,8954,BB Ticker,JP,355.0,,,598891.0,0.0
31/12/2024,Care Super,Balanced,Listed Property,1,Pandox AB,,PNDXB,BB Ticker,SS,12319.0,,,345373.0,0.0
31/12/2024,Care Super,Balanced,Listed Property,1,Paramount Group Inc,,PGRE,BB Ticker,US,26599.0,,,212224.0,0.0
31/12/2024,Care Super,Balanced,Listed Property,1,Park Hotels & Resorts Inc,,PK,BB Ticker,US,27608.0,,,627389.0,0.0
31/12/2024,Care Super,Balanced,Listed Property,1,Parkway Life Real Estate Investment Trust,,PREIT,BB Ticker,SP,62894.0,,,279233.0,0.0
31/12/2024,Care Super,Balanced,Listed Property,1,Pebblebrook Hotel Trust,,PEB,BB Ticker,US,16056.0,,,351375.0,0.0
31/12/2024,Care Super,Balanced,Listed Property,1,PEXA Group Ltd,,PXA,BB Ticker,AU,1001409.0,,,13078402.0,0.0003
31/12/2024,Care Super,Balanced,Listed Property,1,Phillips Edison & Co Inc,,PECO,BB Ticker,US,16239.0,,,982494.0,0.0
31/12/2024,Care Super,Balanced,Listed Property,1,Phoenix Mills Ltd/The,,PHNX,BB Ticker,IN,15321.0,,,472275.0,0.0
31/12/2024,Care Super,Balanced,Listed Property,1,Piedmont Office Realty Trust Inc,,PDM,BB Ticker,US,17564.0,,,259560.0,0.0
31/12/2024,Care Super,Balanced,Listed Property,1,Precinct Properties Group,,PCT,BB Ticker,NZ,238966.0,,,255155.0,0.0
31/12/2024,Care Super,Balanced,Listed Property,1,Primaris Real Estate Investment Trust,,PMZ-U,BB Ticker,CN,13961.0,,,242544.0,0.0
31/12/2024,Care Super,Balanced,Listed Property,1,Primary Health Properties PLC,,PHP,BB Ticker,LN,213355.0,,,402653.0,0.0
31/12/2024,Care Super,Balanced,Listed Property,1,Prologis Inc,,PLD,BB Ticker,US,131567.0,,,22460911.0,0.0005
31/12/2024,Care Super,Balanced,Listed Property,1,PRS REIT Plc/The,,PRSR,BB Ticker,LN,111604.0,,,242907.0,0.0
31/12/2024,Care Super,Balanced,Listed Property,1,PSP Swiss Property AG,,PSPN,BB Ticker,SW,12920.0,,,2968029.0,0.0001
31/12/2024,Care Super,Balanced,Listed Property,1,Public Storage,,PSA,BB Ticker,US,32157.0,,,15552099.0,0.0004
31/12/2024,Care Super,Balanced,Listed Property,1,Qualitas Real Estate Income Fund,,QRI,BB Ticker,AU,57651.0,,,96565.0,0.0
31/12/2024,Care Super,Balanced,Listed Property,1,Realty Income Corp,,O,BB Ticker,US,137372.0,,,11850208.0,0.0003
31/12/2024,Care Super,Balanced,Listed Property,1,Regency Centers Corp,,REG,BB Ticker,US,35049.0,,,4185059.0,0.0001
31/12/2024,Care Super,Balanced,Listed Property,1,Region RE Ltd,,RGN,BB Ticker,AU,5494738.0,,,11374108.0,0.0003
31/12/2024,Care Super,Balanced,Listed Property,1,Retail Estates NV,,RET,BB Ticker,BB,2302.0,,,228282.0,0.0
31/12/2024,Care Super,Balanced,Listed Property,1,Retail Opportunity Investments Corp,,ROIC,BB Ticker,US,16584.0,,,464993.0,0.0
31/12/2024,Care Super,Balanced,Listed Property,1,Rexford Industrial Realty Inc,,REXR,BB Ticker,US,28149.0,,,1757633.0,0.0
31/12/2024,Care Super,Balanced,Listed Property,1,RioCan Real Estate Investment Trust,,REI-U,BB Ticker,CN,38982.0,,,800251.0,0.0
31/12/2024,Care Super,Balanced,Listed Property,1,RLJ Lodging Trust,,RLJ,BB Ticker,US,20694.0,,,341259.0,0.0
31/12/2024,Care Super,Balanced,Listed Property,1,Rural Funds Group,,RFF,BB Ticker,AU,89891.0,,,155960.0,0.0
31/12/2024,Care Super,Balanced,Listed Property,1,Ryman Hospitality Properties Inc,,RHP,BB Ticker,US,7641.0,,,1287650.0,0.0
31/12/2024,Care Super,Balanced,Listed Property,1,Sabra Health Care REIT Inc,,SBRA,BB Ticker,US,30491.0,,,852961.0,0.0
31/12/2024,Care Super,Balanced,Listed Property,1,Safehold Inc,,SAFE,BB Ticker,US,6915.0,,,206403.0,0.0
31/12/2024,Care Super,Balanced,Listed Property,1,Safestore Holdings PLC,,SAFE,BB Ticker,LN,31422.0,,,409320.0,0.0
31/12/2024,Care Super,Balanced,Listed Property,1,Sagax AB,,SAGAB,BB Ticker,SS,28508.0,,,942604.0,0.0
31/12/2024,Care Super,Balanced,Listed Property,1,Samhallsbyggnadsbolaget i Norden AB,,SBBB,BB Ticker,SS,160961.0,,,106596.0,0.0
31/12/2024,Care Super,Balanced,Listed Property,1,SBA Communications Corp,,SBAC,BB Ticker,US,7356.0,,,2421435.0,0.0001
31/12/2024,Care Super,Balanced,Listed Property,1,Scentre Group,,SCG,BB Ticker,AU,10204022.0,,,34999795.0,0.0008
31/12/2024,Care Super,Balanced,Listed Property,1,Segro PLC,,SGRO,BB Ticker,LN,174052.0,,,2468696.0,0.0001
31/12/2024,Care Super,Balanced,Listed Property,1,Sekisui House Reit Inc,,3309,BB Ticker,JP,595.0,,,472890.0,0.0
31/12/2024,Care Super,Balanced,Listed Property,1,Service Properties Trust,,SVC,BB Ticker,US,23641.0,,,96983.0,0.0
31/12/2024,Care Super,Balanced,Listed Property,1,Shaftesbury Capital PLC,,SHC,BB Ticker,LN,204271.0,,,518558.0,0.0
31/12/2024,Care Super,Balanced,Listed Property,1,Shurgard Self Storage Ltd,,SHUR,BB Ticker,BB,4547.0,,,272614.0,0.0
31/12/2024,Care Super,Balanced,Listed Property,1,Simon Property Group Inc,,SPG,BB Ticker,US,56028.0,,,15583505.0,0.0004
31/12/2024,Care Super,Balanced,Listed Property,1,Sino Land Co Ltd,,83,BB Ticker,HK,195878.0,,,319708.0,0.0
31/12/2024,Care Super,Balanced,Listed Property,1,Sirius Real Estate Ltd,,SRE,BB Ticker,LN,193686.0,,,307549.0,0.0
31/12/2024,Care Super,Balanced,Listed Property,1,SITE Centers Corp,,SITC,BB Ticker,US,6157.0,,,152041.0,0.0
31/12/2024,Care Super,Balanced,Listed Property,1,SL Green Realty Corp,,SLG,BB Ticker,US,8738.0,,,958597.0,0.0
31/12/2024,Care Super,Balanced,Listed Property,1,SmartCentres Real Estate Investment Trust,,SRU-U,BB Ticker,CN,17465.0,,,479734.0,0.0
31/12/2024,Care Super,Balanced,Listed Property,1,STAG Industrial Inc,,STAG,BB Ticker,US,23542.0,,,1285918.0,0.0
31/12/2024,Care Super,Balanced,Listed Property,1,Star Asia Investment Corp,,3468,BB Ticker,JP,405.0,,,214754.0,0.0
31/12/2024,Care Super,Balanced,Listed Property,1,Starhill Global REIT,,SGREIT,BB Ticker,SP,289313.0,,,171263.0,0.0
31/12/2024,Care Super,Balanced,Listed Property,1,Stockland,,SGP,BB Ticker,AU,5499444.0,,,26397332.0,0.0006
31/12/2024,Care Super,Balanced,Listed Property,1,StorageVault Canada Inc,,SVI,BB Ticker,CN,31218.0,,,138128.0,0.0
31/12/2024,Care Super,Balanced,Listed Property,1,Summit Hotel Properties Inc,,INN,BB Ticker,US,15019.0,,,166168.0,0.0
31/12/2024,Care Super,Balanced,Listed Property,1,Sun Communities Inc,,SUI,BB Ticker,US,16221.0,,,3221732.0,0.0001
31/12/2024,Care Super,Balanced,Listed Property,1,Sun Hung Kai Properties Ltd,,16,BB Ticker,HK,213198.0,,,3309110.0,0.0001
31/12/2024,Care Super,Balanced,Listed Property,1,Sunstone Hotel Investors Inc,,SHO,BB Ticker,US,26748.0,,,511495.0,0.0
31/12/2024,Care Super,Balanced,Listed Property,1,Suntec Real Estate Investment Trust,,SUN,BB Ticker,SP,325746.0,,,451222.0,0.0
31/12/2024,Care Super,Balanced,Listed Property,1,Supermarket Income Reit PLC,,SUPR,BB Ticker,LN,217071.0,,,299017.0,0.0
31/12/2024,Care Super,Balanced,Listed Property,1,Swire Properties Ltd,,1972,BB Ticker,HK,148798.0,,,489443.0,0.0
31/12/2024,Care Super,Balanced,Listed Property,1,TAG Immobilien AG,,TEG,BB Ticker,GR,20485.0,,,491979.0,0.0
31/12/2024,Care Super,Balanced,Listed Property,1,Tanger Inc,,SKT,BB Ticker,US,13961.0,,,769584.0,0.0
31/12/2024,Care Super,Balanced,Listed Property,1,Target Healthcare REIT PLC,,THRL,BB Ticker,LN,128467.0,,,218281.0,0.0
31/12/2024,Care Super,Balanced,Listed Property,1,Terreno Realty Corp,,TRNO,BB Ticker,US,12326.0,,,1177328.0,0.0
31/12/2024,Care Super,Balanced,Listed Property,1,Tokyu Fudosan Holdings Corp,,3289,BB Ticker,JP,145033.0,,,1442196.0,0.0
31/12/2024,Care Super,Balanced,Listed Property,1,Tokyu REIT Inc,,8957,BB Ticker,JP,149.0,,,239776.0,0.0
31/12/2024,Care Super,Balanced,Listed Property,1,Tritax Big Box REIT PLC,,BBOX,BB Ticker,LN,323394.0,,,868060.0,0.0
31/12/2024,Care Super,Balanced,Listed Property,1,UDR Inc,,UDR,BB Ticker,US,42990.0,,,3014102.0,0.0001
31/12/2024,Care Super,Balanced,Listed Property,1,Unibail-Rodamco-Westfield,,URW,BB Ticker,AU,20268.0,,,122011.0,0.0
31/12/2024,Care Super,Balanced,Listed Property,1,Unibail-Rodamco-Westfield,,URW,BB Ticker,FP,13804.0,,,1678887.0,0.0
31/12/2024,Care Super,Balanced,Listed Property,1,UNITE Group PLC/The,,UTG,BB Ticker,LN,48990.0,,,799205.0,0.0
31/12/2024,Care Super,Balanced,Listed Property,1,United Urban Investment Corp,,8960,BB Ticker,JP,405.0,,,585996.0,0.0
31/12/2024,Care Super,Balanced,Listed Property,1,UOL Group Ltd,,UOL,BB Ticker,SP,660423.0,,,4034576.0,0.0001
31/12/2024,Care Super,Balanced,Listed Property,1,Urban Edge Properties,,UE,BB Ticker,US,15795.0,,,548477.0,0.0
31/12/2024,Care Super,Balanced,Listed Property,1,Urban Logistics REIT PLC,,SHED,BB Ticker,LN,88978.0,,,184303.0,0.0
31/12/2024,Care Super,Balanced,Listed Property,1,Ventas Inc,,VTR,BB Ticker,US,139461.0,,,13264774.0,0.0003
31/12/2024,Care Super,Balanced,Listed Property,1,Veris Residential Inc,,VRE,BB Ticker,US,10746.0,,,288623.0,0.0
31/12/2024,Care Super,Balanced,Listed Property,1,VICI Properties Inc,,VICI,BB Ticker,US,421923.0,,,19905323.0,0.0005
31/12/2024,Care Super,Balanced,Listed Property,1,Vicinity Ltd,,VCX,BB Ticker,AU,10369640.0,,,21776244.0,0.0005
31/12/2024,Care Super,Balanced,Listed Property,1,Vonovia SE,,VNA,BB Ticker,GR,91539.0,,,4488755.0,0.0001
31/12/2024,Care Super,Balanced,Listed Property,1,Vornado Realty Trust,,VNO,BB Ticker,US,23324.0,,,1583672.0,0.0
31/12/2024,Care Super,Balanced,Listed Property,1,Wallenstam AB,,WALLB,BB Ticker,SS,47362.0,,,330927.0,0.0
31/12/2024,Care Super,Balanced,Listed Property,1,Warehouse Reit PLC,,WHR,BB Ticker,LN,89722.0,,,142649.0,0.0
31/12/2024,Care Super,Balanced,Listed Property,1,Warehouses De Pauw CVA,,WDP,BB Ticker,BB,22487.0,,,714560.0,0.0
31/12/2024,Care Super,Balanced,Listed Property,1,Waypoint REIT Ltd,,WPR,BB Ticker,AU,6323230.0,,,14733125.0,0.0003
31/12/2024,Care Super,Balanced,Listed Property,1,Welltower Inc,,WELL,BB Ticker,US,145671.0,,,29651906.0,0.0007
31/12/2024,Care Super,Balanced,Listed Property,1,Weyerhaeuser Co,,WY,BB Ticker,US,54135.0,,,2461269.0,0.0001
31/12/2024,Care Super,Balanced,Listed Property,1,Wharf Real Estate Investment Co Ltd,,1997,BB Ticker,HK,208624.0,,,861474.0,0.0
31/12/2024,Care Super,Balanced,Listed Property,1,Wihlborgs Fastigheter AB,,WIHL,BB Ticker,SS,37384.0,,,572683.0,0.0
31/12/2024,Care Super,Balanced,Listed Property,1,Workspace Group PLC,,WKP,BB Ticker,LN,22154.0,,,220030.0,0.0
31/12/2024,Care Super,Balanced,Listed Property,1,WP Carey Inc,,WPC,BB Ticker,US,40399.0,,,3554759.0,0.0001
31/12/2024,Care Super,Balanced,Listed Property,1,Xenia Hotels & Resorts Inc,,XHR,BB Ticker,US,13643.0,,,327433.0,0.0
31/12/2024,Care Super,Balanced,Listed Property,1,Xior Student Housing NV,,XIOR,BB Ticker,BB,4951.0,,,245511.0,0.0
31/12/2024,Care Super,Balanced,Listed Property,1,Zillow Group Inc,,Z,BB Ticker,US,8465.0,,,1012393.0,0.0
31/12/2024,Care Super,Balanced,Listed Property,1,Sub Total,,,N/A,,,,,1006022437.0,0.0237
31/12/2024,Care Super,Balanced,Unlisted Property,0,Flagstone & Spring,,,N/A,,,0.00%,Spring Mountain Drive and Pademelon Court Greenbank QLD 4124,,
31/12/2024,Care Super,Balanced,Unlisted Property,0,Flinders Ports Wineshed,,,N/A,,,100.00%,"Lot 5, Pelican Point Road, Outer Harbour, SA, 5018",,
31/12/2024,Care Super,Balanced,Unlisted Property,0,PEET Alkimos Pty Ltd,,,N/A,,,53.72%,"47 Painted Pkwy, Alkimos WA 6038",,
31/12/2024,Care Super,Balanced,Unlisted Property,0,Sub Total,,,N/A,,,,,47216770.0,0.0011
31/12/2024,Care Super,Balanced,Unlisted Property,1,Charter Hall Holdings Pty Ltd,,,N/A,,,,,656737830.0,0.0155
31/12/2024,Care Super,Balanced,Unlisted Property,1,Dexus Wholesale Property Limited,,,N/A,,,,,542670029.0,0.0128
31/12/2024,Care Super,Balanced,Unlisted Property,1,Gresham Partners Group Limited,,,N/A,,,,,22535.0,0.0
31/12/2024,Care Super,Balanced,Unlisted Property,1,HMC Capital,,,N/A,,,,,74474345.0,0.0018
31/12/2024,Care Super,Balanced,Unlisted Property,1,Investa Property Group,,,N/A,,,,,80831767.0,0.0019
31/12/2024,Care Super,Balanced,Unlisted Property,1,ISPT Pty Ltd,,,N/A,,,,,456614723.0,0.0108
31/12/2024,Care Super,Balanced,Unlisted Property,1,JGS Private Capital,,,N/A,,,,,560880154.0,0.0132
31/12/2024,Care Super,Balanced,Unlisted Property,1,Lendlease Real Estate Investments Limited,,,N/A,,,,,204397575.0,0.0048
31/12/2024,Care Super,Balanced,Unlisted Property,1,Nuveen Alternative Advisors LLC,,,N/A,,,,,307081107.0,0.0072
31/12/2024,Care Super,Balanced,Unlisted Property,1,Sub Total,,,N/A,,,,,2883710065.0,0.068
31/12/2024,Care Super,Balanced,Listed Infrastructure,1,APA Group,,APA,BB Ticker,AU,481517.0,,,3356175.0,0.0001
31/12/2024,Care Super,Balanced,Listed Infrastructure,1,Atlas Arteria Ltd,,ALX,BB Ticker,AU,1450053.0,,,6887752.0,0.0002
31/12/2024,Care Super,Balanced,Listed Infrastructure,1,Dalrymple Bay Infrastructure Ltd,,DBI,BB Ticker,AU,36335.0,,,130806.0,0.0
31/12/2024,Care Super,Balanced,Listed Infrastructure,1,Hutchison Port Holdings Trust,,HPHT,BB Ticker,SP,99270.0,,,26295.0,0.0
31/12/2024,Care Super,Balanced,Listed Infrastructure,1,NETLINK NBN TRUST,,NETLINK,BB Ticker,SP,35728.0,,,36801.0,0.0
31/12/2024,Care Super,Balanced,Listed Infrastructure,1,Transurban Group,,TCL,BB Ticker,AU,5969566.0,,,79932482.0,0.0019
31/12/2024,Care Super,Balanced,Listed Infrastructure,1,Sub Total,,,N/A,,,,,90370311.0,0.0021
31/12/2024,Care Super,Balanced,Unlisted Infrastructure,0,Brisbane Airport Corp,,,N/A,,,4.86%,,,
31/12/2024,Care Super,Balanced,Unlisted Infrastructure,0,Flinders Ports Pty Limited,,,N/A,,,20.81%,,,
31/12/2024,Care Super,Balanced,Unlisted Infrastructure,0,Hobart Airport,,,N/A,,,30.00%,,,
31/12/2024,Care Super,Balanced,Unlisted Infrastructure,0,Port Of Geelong,,,N/A,,,30.00%,,,
31/12/2024,Care Super,Balanced,Unlisted Infrastructure,0,Sub Total,,,N/A,,,,,1230576384.0,0.0289999999999999
31/12/2024,Care Super,Balanced,Unlisted Infrastructure,1,Antin Infrastructure Partners SAS,,,N/A,,,,,342244598.0,0.0081
31/12/2024,Care Super,Balanced,Unlisted Infrastructure,1,Dexus Capital Investment Services Pty Limited,,,N/A,,,,,300141760.0,0.0070999999999999
31/12/2024,Care Super,Balanced,Unlisted Infrastructure,1,"Digital Bridge Investments, LLC",,,N/A,,,,,278619548.0,0.0066
31/12/2024,Care Super,Balanced,Unlisted Infrastructure,1,IFM Investors Pty Ltd,,,N/A,,,,,818630430.0,0.0192999999999999
31/12/2024,Care Super,Balanced,Unlisted Infrastructure,1,Macquarie Group Limited,,,N/A,,,,,436311587.0,0.0103
31/12/2024,Care Super,Balanced,Unlisted Infrastructure,1,Morrison Private Markets Pty Limited,,,N/A,,,,,741357721.0,0.0175
31/12/2024,Care Super,Balanced,Unlisted Infrastructure,1,Partners Group Holding AG,,,N/A,,,,,4779894.0,0.0001
31/12/2024,Care Super,Balanced,Unlisted Infrastructure,1,Patrizia Pty Ltd,,,N/A,,,,,382234419.0,0.009
31/12/2024,Care Super,Balanced,Unlisted Infrastructure,1,Sub Total,,,N/A,,,,,3304319957.0,0.078
31/12/2024,Care Super,Balanced,Unlisted Alternatives,1,PIMCO Australia Pty Ltd,,,N/A,,,,,229417936.0,0.0054
31/12/2024,Care Super,Balanced,Unlisted Alternatives,1,Winton Group Ltd,,,N/A,,,,,202738466.0,0.0048
31/12/2024,Care Super,Balanced,Unlisted Alternatives,1,Sub Total,,,N/A,,,,,432156402.0,0.0102
