Effective Date,Fund Name,Option Name,Asset Class Name,Int/Ext,Name/Kind of Investment Item,Currency,Stock ID,ID Type,Listed Country,Units Held,% Ownership,Address,Value (AUD),Weighting
2024-12-31,NGS,Balanced Growth,CASH,1,MACQUARIE GROUP LTD.,AUD,,N/A,,,,-,105326287.0,0.0101
2024-12-31,NGS,Balanced Growth,CASH,1,STATE STREET BANK AND TRUST,AUD,,N/A,,,,-,45796134.0,0.0044
2024-12-31,NGS,Balanced Growth,CASH,1,STATE STREET BANK AND TRUST,USD,,N/A,,,,-,44732444.0,0.0043
2024-12-31,NGS,Balanced Growth,CASH,1,UBS AG,USD,,N/A,,,,-,38266542.0,0.0037
2024-12-31,NGS,Balanced Growth,CASH,1,STATE STREET BANK AND TRUST,EUR,,N/A,,,,-,13682413.0,0.0013
2024-12-31,NGS,Balanced Growth,CASH,1,BARCLAYS BANK PLC,USD,,N/A,,,,-,7020216.0,0.0007
2024-12-31,NGS,Balanced Growth,CASH,1,UBS AG,AUD,,N/A,,,,-,6152880.0,0.0006
2024-12-31,NGS,Balanced Growth,CASH,1,THE BANK OF NEW YORK MELLON,AUD,,N/A,,,,-,5827238.0,0.0006
2024-12-31,NGS,Balanced Growth,CASH,1,STATE STREET BANK AND TRUST,GBP,,N/A,,,,-,1772395.0,0.0002
2024-12-31,NGS,Balanced Growth,CASH,1,AUSTRALIA AND NEW ZEALAND BANKING GROUP LIMITED,USD,,N/A,,,,-,1037977.0,0.0001
2024-12-31,NGS,Balanced Growth,CASH,1,STATE STREET BANK AND TRUST,RUB,,N/A,,,,-,793015.0,0.0001
2024-12-31,NGS,Balanced Growth,CASH,1,STATE STREET BANK AND TRUST,CAD,,N/A,,,,-,776292.0,0.0001
2024-12-31,NGS,Balanced Growth,CASH,1,"CITIGROUP, INC.",USD,,N/A,,,,-,745393.0,0.0001
2024-12-31,NGS,Balanced Growth,CASH,1,STATE STREET BANK AND TRUST,HKD,,N/A,,,,-,685915.0,0.0001
2024-12-31,NGS,Balanced Growth,CASH,1,STATE STREET BANK AND TRUST,JPY,,N/A,,,,-,574430.0,0.0001
2024-12-31,NGS,Balanced Growth,CASH,1,STATE STREET BANK AND TRUST,TWD,,N/A,,,,-,573364.0,0.0001
2024-12-31,NGS,Balanced Growth,CASH,1,STATE STREET BANK AND TRUST,CNH,,N/A,,,,-,488017.0,0.0
2024-12-31,NGS,Balanced Growth,CASH,1,UBS AG,EUR,,N/A,,,,-,484462.0,0.0
2024-12-31,NGS,Balanced Growth,CASH,1,"GOLDMAN SACHS GROUP, INC.",AUD,,N/A,,,,-,467003.0,0.0
2024-12-31,NGS,Balanced Growth,CASH,1,JPMORGAN CHASE & CO,USD,,N/A,,,,-,445341.0,0.0
2024-12-31,NGS,Balanced Growth,CASH,1,MACQUARIE GROUP LTD.,USD,,N/A,,,,-,440388.0,0.0
2024-12-31,NGS,Balanced Growth,CASH,1,STATE STREET BANK AND TRUST,NOK,,N/A,,,,-,421462.0,0.0
2024-12-31,NGS,Balanced Growth,CASH,1,"CITIGROUP, INC.",AUD,,N/A,,,,-,366164.0,0.0
2024-12-31,NGS,Balanced Growth,CASH,1,STATE STREET BANK AND TRUST,SGD,,N/A,,,,-,283103.0,0.0
2024-12-31,NGS,Balanced Growth,CASH,1,STATE STREET BANK AND TRUST,DKK,,N/A,,,,-,253486.0,0.0
2024-12-31,NGS,Balanced Growth,CASH,1,STATE STREET BANK AND TRUST,SEK,,N/A,,,,-,235632.0,0.0
2024-12-31,NGS,Balanced Growth,CASH,1,JPMORGAN CHASE & CO,AUD,,N/A,,,,-,199039.0,0.0
2024-12-31,NGS,Balanced Growth,CASH,1,STATE STREET BANK AND TRUST,CHF,,N/A,,,,-,188400.0,0.0
2024-12-31,NGS,Balanced Growth,CASH,1,"GOLDMAN SACHS GROUP, INC.",USD,,N/A,,,,-,177152.0,0.0
2024-12-31,NGS,Balanced Growth,CASH,1,JPMORGAN CHASE & CO,GBP,,N/A,,,,-,175580.0,0.0
2024-12-31,NGS,Balanced Growth,CASH,1,ROYAL BANK OF CANADA,AUD,,N/A,,,,-,146672.0,0.0
2024-12-31,NGS,Balanced Growth,CASH,1,STATE STREET BANK AND TRUST,ILS,,N/A,,,,-,139459.0,0.0
2024-12-31,NGS,Balanced Growth,CASH,1,STATE STREET BANK AND TRUST,ZAR,,N/A,,,,-,60771.0,0.0
2024-12-31,NGS,Balanced Growth,CASH,1,HONGKONG & SHANGHAI BANKING CORP. LTD.,USD,,N/A,,,,-,56638.0,0.0
2024-12-31,NGS,Balanced Growth,CASH,1,JPMORGAN CHASE & CO,EUR,,N/A,,,,-,53908.0,0.0
2024-12-31,NGS,Balanced Growth,CASH,1,UBS AG,JPY,,N/A,,,,-,40500.0,0.0
2024-12-31,NGS,Balanced Growth,CASH,1,STATE STREET BANK AND TRUST,BRL,,N/A,,,,-,36402.0,0.0
2024-12-31,NGS,Balanced Growth,CASH,1,STATE STREET BANK AND TRUST,NZD,,N/A,,,,-,31049.0,0.0
2024-12-31,NGS,Balanced Growth,CASH,1,STATE STREET BANK AND TRUST,SAR,,N/A,,,,-,22048.0,0.0
2024-12-31,NGS,Balanced Growth,CASH,1,MORGAN STANLEY,USD,,N/A,,,,-,21808.0,0.0
2024-12-31,NGS,Balanced Growth,CASH,1,STATE STREET BANK AND TRUST,PHP,,N/A,,,,-,9219.0,0.0
2024-12-31,NGS,Balanced Growth,CASH,1,"CITIGROUP, INC.",CAD,,N/A,,,,-,8112.0,0.0
2024-12-31,NGS,Balanced Growth,CASH,1,STATE STREET BANK AND TRUST,AED,,N/A,,,,-,7597.0,0.0
2024-12-31,NGS,Balanced Growth,CASH,1,STATE STREET BANK AND TRUST,MXN,,N/A,,,,-,6517.0,0.0
2024-12-31,NGS,Balanced Growth,CASH,1,STATE STREET BANK AND TRUST,INR,,N/A,,,,-,3991.0,0.0
2024-12-31,NGS,Balanced Growth,CASH,1,STATE STREET BANK AND TRUST,TRY,,N/A,,,,-,3156.0,0.0
2024-12-31,NGS,Balanced Growth,CASH,1,STATE STREET BANK AND TRUST,THB,,N/A,,,,-,3006.0,0.0
2024-12-31,NGS,Balanced Growth,CASH,1,STATE STREET BANK AND TRUST,PLN,,N/A,,,,-,2876.0,0.0
2024-12-31,NGS,Balanced Growth,CASH,1,STATE STREET BANK AND TRUST,CLP,,N/A,,,,-,1046.0,0.0
2024-12-31,NGS,Balanced Growth,CASH,1,STATE STREET BANK AND TRUST,MYR,,N/A,,,,-,496.0,0.0
2024-12-31,NGS,Balanced Growth,CASH,1,STATE STREET BANK AND TRUST,RON,,N/A,,,,-,464.0,0.0
2024-12-31,NGS,Balanced Growth,CASH,1,STATE STREET BANK AND TRUST,HUF,,N/A,,,,-,309.0,0.0
2024-12-31,NGS,Balanced Growth,CASH,1,STATE STREET BANK AND TRUST,KRW,,N/A,,,,-,80.0,0.0
2024-12-31,NGS,Balanced Growth,CASH,1,STATE STREET BANK AND TRUST,COP,,N/A,,,,-,6.0,0.0
2024-12-31,NGS,Balanced Growth,CASH,1,"CITIGROUP, INC.",GBP,,N/A,,,,-,-14.0,0.0
2024-12-31,NGS,Balanced Growth,CASH,1,"CITIGROUP, INC.",JPY,,N/A,,,,-,-10337.0,0.0
2024-12-31,NGS,Balanced Growth,CASH,1,JPMORGAN CHASE & CO,CAD,,N/A,,,,-,-59791.0,0.0
2024-12-31,NGS,Balanced Growth,CASH,1,"CITIGROUP, INC.",EUR,,N/A,,,,-,-332689.0,0.0
2024-12-31,NGS,Balanced Growth,CASH,1,STATE STREET BANK AND TRUST,CNY,,N/A,,,,-,-489836.0,0.0
2024-12-31,NGS,Balanced Growth,CASH,1,THE BANK OF NEW YORK MELLON,USD,,N/A,,,,-,-1157704.0,-0.0001
2024-12-31,NGS,Balanced Growth,CASH,1,SUB TOTAL,,,N/A,,,,,276993923.0,0.0265
2024-12-31,NGS,Balanced Growth,FIXED INCOME,0,COMMONWEALTH BANK OF AUSTRALIA,-,,N/A,,,,-,34308473.0,0.0033
2024-12-31,NGS,Balanced Growth,FIXED INCOME,0,WESTPAC BANKING CORPORATION,-,,N/A,,,,-,28204023.0,0.0027
2024-12-31,NGS,Balanced Growth,FIXED INCOME,0,GOLDMAN SACHS BANK USA,-,,N/A,,,,-,11777123.0,0.0011
2024-12-31,NGS,Balanced Growth,FIXED INCOME,0,P&N BANK LTD.,-,,N/A,,,,-,10531667.0,0.001
2024-12-31,NGS,Balanced Growth,FIXED INCOME,0,HERITAGE & PEOPLE'S CHOICE LTD.,-,,N/A,,,,-,7877373.0,0.0008
2024-12-31,NGS,Balanced Growth,FIXED INCOME,0,BEYOND BANK AUSTRALIA LTD.,-,,N/A,,,,-,4456296.0,0.0004
2024-12-31,NGS,Balanced Growth,FIXED INCOME,0,NATIONAL AUSTRALIA BANK LIMITED,-,,N/A,,,,-,3519677.0,0.0003
2024-12-31,NGS,Balanced Growth,FIXED INCOME,0,RACQ BANK,-,,N/A,,,,-,1676036.0,0.0002
2024-12-31,NGS,Balanced Growth,FIXED INCOME,0,TEACHERS MUTUAL BANK LTD.,-,,N/A,,,,-,838018.0,0.0001
2024-12-31,NGS,Balanced Growth,FIXED INCOME,0,SUB TOTAL,,,N/A,,,,,103188686.0,0.0098999999999999
2024-12-31,NGS,Balanced Growth,FIXED INCOME,1,IFM INVESTORS PTY LTD,-,,N/A,,,,-,324782617.0,0.0311
2024-12-31,NGS,Balanced Growth,FIXED INCOME,1,BLACKSTONE CREDIT SYSTEMATIC STRATEGIES LLC,-,,N/A,,,,-,187709998.0,0.018
2024-12-31,NGS,Balanced Growth,FIXED INCOME,1,BRIDGEPOINT ADVISERS LIMITED,-,,N/A,,,,-,130292492.0,0.0125
2024-12-31,NGS,Balanced Growth,FIXED INCOME,1,J.P. MORGAN ASSET MANAGEMENT AUSTRALIA LIMITED,-,,N/A,,,,-,118541944.0,0.0113999999999999
2024-12-31,NGS,Balanced Growth,FIXED INCOME,1,BLUE OWL CAPITAL INC,-,,N/A,,,,-,87821659.0,0.0084
2024-12-31,NGS,Balanced Growth,FIXED INCOME,1,"BRANDYWINE GLOBAL INVESTMENT MANAGEMENT, LLC",-,,N/A,,,,-,80656724.0,0.0077
2024-12-31,NGS,Balanced Growth,FIXED INCOME,1,ALCEON GROUP PTY LIMITED,-,,N/A,,,,-,72767307.0,0.0069999999999999
2024-12-31,NGS,Balanced Growth,FIXED INCOME,1,MADISON REALTY CAPITAL,-,,N/A,,,,-,65860950.0,0.0063
2024-12-31,NGS,Balanced Growth,FIXED INCOME,1,KENNEDY LEWIS INVESTMENT MANAGEMENT LLC,-,,N/A,,,,-,53021197.0,0.0051
2024-12-31,NGS,Balanced Growth,FIXED INCOME,1,MONROE CAPITAL,-,,N/A,,,,-,15468617.0,0.0015
2024-12-31,NGS,Balanced Growth,FIXED INCOME,1,CHALLENGER INVESTMENT SOLUTIONS MANAGEMENT PTY LTD,-,,N/A,,,,-,8656188.0,0.0008
2024-12-31,NGS,Balanced Growth,FIXED INCOME,1,SOCIAL VENTURES AUSTRALIA LIMITED,-,,N/A,,,,-,1104512.0,0.0001
2024-12-31,NGS,Balanced Growth,FIXED INCOME,1,MACQUARIE INVESTMENT MANAGEMENT LTD,-,,N/A,,,,-,738000.0,0.0001
2024-12-31,NGS,Balanced Growth,FIXED INCOME,1,STATE STREET BANK AND TRUST COMPANY,-,,N/A,,,,-,76462.0,0.0
2024-12-31,NGS,Balanced Growth,FIXED INCOME,1,SUB TOTAL,,,N/A,,,,,1147498667.0,0.11
2024-12-31,NGS,Balanced Growth,LISTED EQUITY,1,COMMONWEALTH BANK OF AUSTRALIA,-,CBA,BB Ticker,AU,1380991.0,,-,211636910.0,0.0203
2024-12-31,NGS,Balanced Growth,LISTED EQUITY,1,BHP GROUP LTD.,-,BHP,BB Ticker,AU,4451394.0,,-,176052619.0,0.0169
2024-12-31,NGS,Balanced Growth,LISTED EQUITY,1,"AMAZON.COM, INC.",-,AMZN,BB Ticker,US,415725.0,,-,147308157.0,0.0141
2024-12-31,NGS,Balanced Growth,LISTED EQUITY,1,CSL LTD.,-,CSL,BB Ticker,AU,446807.0,,-,125811778.0,0.0121
2024-12-31,NGS,Balanced Growth,LISTED EQUITY,1,"APPLE, INC.",-,AAPL,BB Ticker,US,311030.0,,-,125798344.0,0.0121
2024-12-31,NGS,Balanced Growth,LISTED EQUITY,1,NVIDIA CORP.,-,NVDA,BB Ticker,US,531084.0,,-,115188947.0,0.011
2024-12-31,NGS,Balanced Growth,LISTED EQUITY,1,MICROSOFT CORP.,-,MSFT,BB Ticker,US,167880.0,,-,114288868.0,0.011
2024-12-31,NGS,Balanced Growth,LISTED EQUITY,1,NATIONAL AUSTRALIA BANK LTD.,-,NAB,BB Ticker,AU,2891304.0,,-,107267364.0,0.0103
2024-12-31,NGS,Balanced Growth,LISTED EQUITY,1,WESTPAC BANKING CORP.,-,WBC,BB Ticker,AU,2758267.0,,-,89147206.0,0.0085
2024-12-31,NGS,Balanced Growth,LISTED EQUITY,1,ANZ GROUP HOLDINGS LTD.,-,ANZ,BB Ticker,AU,3087554.0,,-,88118806.0,0.0084
2024-12-31,NGS,Balanced Growth,LISTED EQUITY,1,MACQUARIE GROUP LTD.,-,MQG,BB Ticker,AU,375109.0,,-,83142856.0,0.008
2024-12-31,NGS,Balanced Growth,LISTED EQUITY,1,WESFARMERS LTD.,-,WES,BB Ticker,AU,792550.0,,-,56691075.0,0.0054
2024-12-31,NGS,Balanced Growth,LISTED EQUITY,1,"ALPHABET, INC.",-,GOOGL,BB Ticker,US,178629.0,,-,54614525.0,0.0052
2024-12-31,NGS,Balanced Growth,LISTED EQUITY,1,"META PLATFORMS, INC.",-,META,BB Ticker,US,52769.0,,-,49901742.0,0.0048
2024-12-31,NGS,Balanced Growth,LISTED EQUITY,1,QBE INSURANCE GROUP LTD.,-,QBE,BB Ticker,AU,2361488.0,,-,45340546.0,0.0043
2024-12-31,NGS,Balanced Growth,LISTED EQUITY,1,RIO TINTO LTD.,-,RIO,BB Ticker,AU,381048.0,,-,44757700.0,0.0043
2024-12-31,NGS,Balanced Growth,LISTED EQUITY,1,ARISTOCRAT LEISURE LTD.,-,ALL,BB Ticker,AU,645820.0,,-,44148228.0,0.0042
2024-12-31,NGS,Balanced Growth,LISTED EQUITY,1,TELSTRA GROUP LTD.,-,TLS,BB Ticker,AU,10787103.0,,-,43256285.0,0.0040999999999999
2024-12-31,NGS,Balanced Growth,LISTED EQUITY,1,"TESLA, INC.",-,TSLA,BB Ticker,US,61788.0,,-,40300676.0,0.0039
2024-12-31,NGS,Balanced Growth,LISTED EQUITY,1,COLES GROUP LTD.,-,COL,BB Ticker,AU,1755222.0,,-,33156118.0,0.0032
2024-12-31,NGS,Balanced Growth,LISTED EQUITY,1,"BROADCOM, INC.",-,AVGO,BB Ticker,US,85091.0,,-,31862108.0,0.0031
2024-12-31,NGS,Balanced Growth,LISTED EQUITY,1,COCHLEAR LTD.,-,COH,BB Ticker,AU,108542.0,,-,31464208.0,0.003
2024-12-31,NGS,Balanced Growth,LISTED EQUITY,1,"ALPHABET, INC.",-,GOOG,BB Ticker,US,99525.0,,-,30612206.0,0.0029
2024-12-31,NGS,Balanced Growth,LISTED EQUITY,1,XERO LTD.,-,XRO,BB Ticker,AU,180695.0,,-,30457952.0,0.0029
2024-12-31,NGS,Balanced Growth,LISTED EQUITY,1,SUNCORP GROUP LTD.,-,SUN,BB Ticker,AU,1550581.0,,-,29476557.0,0.0028
2024-12-31,NGS,Balanced Growth,LISTED EQUITY,1,FORTESCUE LTD.,-,FMG,BB Ticker,AU,1534837.0,,-,28010759.0,0.0027
2024-12-31,NGS,Balanced Growth,LISTED EQUITY,1,JAMES HARDIE INDUSTRIES PLC,-,JHX,BB Ticker,AU,545580.0,,-,27317130.0,0.0026
2024-12-31,NGS,Balanced Growth,LISTED EQUITY,1,WISETECH GLOBAL LTD.,-,WTC,BB Ticker,AU,221526.0,,-,26817808.0,0.0026
2024-12-31,NGS,Balanced Growth,LISTED EQUITY,1,TRANSURBAN GROUP,-,TCL,BB Ticker,AU,1953116.0,,-,26152214.0,0.0025
2024-12-31,NGS,Balanced Growth,LISTED EQUITY,1,WOOLWORTHS GROUP LTD.,-,WOW,BB Ticker,AU,850887.0,,-,25943551.0,0.0025
2024-12-31,NGS,Balanced Growth,LISTED EQUITY,1,TAIWAN SEMICONDUCTOR MANUFACTURING CO. LTD.,-,2330,SEDOL,TT,484416.0,,-,25654440.0,0.0025
2024-12-31,NGS,Balanced Growth,LISTED EQUITY,1,"VISA, INC.",-,V,BB Ticker,US,48957.0,,-,24989499.0,0.0024
2024-12-31,NGS,Balanced Growth,LISTED EQUITY,1,JPMORGAN CHASE & CO.,-,JPM,BB Ticker,US,59547.0,,-,23054297.0,0.0022
2024-12-31,NGS,Balanced Growth,LISTED EQUITY,1,"RESMED, INC.",-,RMD,BB Ticker,AU,594243.0,,-,21850321.0,0.0021
2024-12-31,NGS,Balanced Growth,LISTED EQUITY,1,NORTHERN STAR RESOURCES LTD.,-,NST,BB Ticker,AU,1359554.0,,-,20991522.0,0.002
2024-12-31,NGS,Balanced Growth,LISTED EQUITY,1,BRAMBLES LTD.,-,BXB,BB Ticker,AU,1090782.0,,-,20986639.0,0.002
2024-12-31,NGS,Balanced Growth,LISTED EQUITY,1,ANSELL LTD.,-,ANN,BB Ticker,AU,618885.0,,-,20930702.0,0.002
2024-12-31,NGS,Balanced Growth,LISTED EQUITY,1,"MASTERCARD, INC.",-,MA,BB Ticker,US,24315.0,,-,20678891.0,0.002
2024-12-31,NGS,Balanced Growth,LISTED EQUITY,1,COMPUTERSHARE LTD.,-,CPU,BB Ticker,AU,603535.0,,-,20490032.0,0.002
2024-12-31,NGS,Balanced Growth,LISTED EQUITY,1,"BLOCK, INC.",-,SQ2,BB Ticker,AU,144072.0,,-,20311340.0,0.0019
2024-12-31,NGS,Balanced Growth,LISTED EQUITY,1,"SERVICENOW, INC.",-,NOW,BB Ticker,US,11615.0,,-,19886785.0,0.0019
2024-12-31,NGS,Balanced Growth,LISTED EQUITY,1,ELI LILLY & CO.,-,LLY,BB Ticker,US,15340.0,,-,19126512.0,0.0018
2024-12-31,NGS,Balanced Growth,LISTED EQUITY,1,QANTAS AIRWAYS LTD.,-,QAN,BB Ticker,AU,1922473.0,,-,17244581.0,0.0017
2024-12-31,NGS,Balanced Growth,LISTED EQUITY,1,FISHER & PAYKEL HEALTHCARE CORP. LTD.,-,FPH,BB Ticker,AU,490918.0,,-,17157605.0,0.0016
2024-12-31,NGS,Balanced Growth,LISTED EQUITY,1,COSTCO WHOLESALE CORP.,-,COST,BB Ticker,US,11042.0,,-,16341812.0,0.0016
2024-12-31,NGS,Balanced Growth,LISTED EQUITY,1,TECHNOLOGY ONE LTD.,-,TNE,BB Ticker,AU,521701.0,,-,16334494.0,0.0016
2024-12-31,NGS,Balanced Growth,LISTED EQUITY,1,"BERKSHIRE HATHAWAY, INC.",-,BRKB,BB Ticker,US,22040.0,,-,16135922.0,0.0015
2024-12-31,NGS,Balanced Growth,LISTED EQUITY,1,"UNITEDHEALTH GROUP, INC.",-,UNH,BB Ticker,US,19273.0,,-,15747045.0,0.0015
2024-12-31,NGS,Balanced Growth,LISTED EQUITY,1,PROCTER & GAMBLE CO.,-,PG,BB Ticker,US,57867.0,,-,15668807.0,0.0015
2024-12-31,NGS,Balanced Growth,LISTED EQUITY,1,WORLEY LTD.,-,WOR,BB Ticker,AU,1103172.0,,-,15113446.0,0.0014
2024-12-31,NGS,Balanced Growth,LISTED EQUITY,1,JOHNSON & JOHNSON,-,JNJ,BB Ticker,US,62834.0,,-,14676775.0,0.0014
2024-12-31,NGS,Balanced Growth,LISTED EQUITY,1,SIMS LTD.,-,SGM,BB Ticker,AU,1211960.0,,-,14398085.0,0.0014
2024-12-31,NGS,Balanced Growth,LISTED EQUITY,1,INSURANCE AUSTRALIA GROUP LTD.,-,IAG,BB Ticker,AU,1673489.0,,-,14157712.0,0.0014
2024-12-31,NGS,Balanced Growth,LISTED EQUITY,1,"NETFLIX, INC.",-,NFLX,BB Ticker,US,9674.0,,-,13927280.0,0.0013
2024-12-31,NGS,Balanced Growth,LISTED EQUITY,1,SOUTH32 LTD.,-,S32,BB Ticker,AU,4090831.0,,-,13908823.0,0.0013
2024-12-31,NGS,Balanced Growth,LISTED EQUITY,1,SONIC HEALTHCARE LTD.,-,SHL,BB Ticker,AU,508858.0,,-,13744246.0,0.0013
2024-12-31,NGS,Balanced Growth,LISTED EQUITY,1,"WALMART, INC.",-,WMT,BB Ticker,US,93882.0,,-,13699717.0,0.0013
2024-12-31,NGS,Balanced Growth,LISTED EQUITY,1,ATLAS ARTERIA LTD.,-,ALX,BB Ticker,AU,2859456.0,,-,13582415.0,0.0013
2024-12-31,NGS,Balanced Growth,LISTED EQUITY,1,BANK OF AMERICA CORP.,-,BAC,BB Ticker,US,187547.0,,-,13312921.0,0.0013
2024-12-31,NGS,Balanced Growth,LISTED EQUITY,1,ASML HOLDING NV,-,ASML,BB Ticker,,11719.0,,-,13302488.0,0.0013
2024-12-31,NGS,Balanced Growth,LISTED EQUITY,1,SEEK LTD.,-,SEK,BB Ticker,AU,570201.0,,-,12869427.0,0.0012
2024-12-31,NGS,Balanced Growth,LISTED EQUITY,1,REA GROUP LTD.,-,REA,BB Ticker,AU,54845.0,,-,12795976.0,0.0012
2024-12-31,NGS,Balanced Growth,LISTED EQUITY,1,ORACLE CORP.,-,ORCL,BB Ticker,US,47142.0,,-,12688071.0,0.0012
2024-12-31,NGS,Balanced Growth,LISTED EQUITY,1,ALCOA CORP.,-,AAI,BB Ticker,AU,213276.0,,-,12651498.0,0.0012
2024-12-31,NGS,Balanced Growth,LISTED EQUITY,1,"SALESFORCE, INC.",-,CRM,BB Ticker,US,23427.0,,-,12650457.0,0.0012
2024-12-31,NGS,Balanced Growth,LISTED EQUITY,1,PRO MEDICUS LTD.,-,PME,BB Ticker,AU,50237.0,,-,12565272.0,0.0012
2024-12-31,NGS,Balanced Growth,LISTED EQUITY,1,ORICA LTD.,-,ORI,BB Ticker,AU,756848.0,,-,12548550.0,0.0012
2024-12-31,NGS,Balanced Growth,LISTED EQUITY,1,"QUALCOMM, INC.",-,QCOM,BB Ticker,US,49956.0,,-,12394545.0,0.0012
2024-12-31,NGS,Balanced Growth,LISTED EQUITY,1,"MERCK & CO., INC.",-,MRK,BB Ticker,US,76736.0,,-,12329439.0,0.0012
2024-12-31,NGS,Balanced Growth,LISTED EQUITY,1,"HOME DEPOT, INC.",-,HD,BB Ticker,US,19510.0,,-,12257882.0,0.0012
2024-12-31,NGS,Balanced Growth,LISTED EQUITY,1,NEWMONT CORP.,-,NEM,BB Ticker,AU,202715.0,,-,12069669.0,0.0012
2024-12-31,NGS,Balanced Growth,LISTED EQUITY,1,QUBE HOLDINGS LTD.,-,QUB,BB Ticker,AU,3003832.0,,-,11925210.0,0.0011
2024-12-31,NGS,Balanced Growth,LISTED EQUITY,1,SPOTIFY TECHNOLOGY SA,-,SPOT,BB Ticker,US,16373.0,,-,11831521.0,0.0011
2024-12-31,NGS,Balanced Growth,LISTED EQUITY,1,CAR GROUP LTD.,-,CAR,BB Ticker,AU,323135.0,,-,11642564.0,0.0011
2024-12-31,NGS,Balanced Growth,LISTED EQUITY,1,SCHNEIDER ELECTRIC SE,-,SU,BB Ticker,FP,28829.0,,-,11615445.0,0.0011
2024-12-31,NGS,Balanced Growth,LISTED EQUITY,1,NOVO NORDISK AS,-,NOVOB,BB Ticker,DC,81336.0,,-,11386219.0,0.0011
2024-12-31,NGS,Balanced Growth,LISTED EQUITY,1,TREASURY WINE ESTATES LTD.,-,TWE,BB Ticker,AU,999801.0,,-,11327741.0,0.0011
2024-12-31,NGS,Balanced Growth,LISTED EQUITY,1,"BOOKING HOLDINGS, INC.",-,BKNG,BB Ticker,US,1407.0,,-,11290175.0,0.0011
2024-12-31,NGS,Balanced Growth,LISTED EQUITY,1,"ABBVIE, INC.",-,ABBV,BB Ticker,US,38984.0,,-,11188682.0,0.0011
2024-12-31,NGS,Balanced Growth,LISTED EQUITY,1,CLEANAWAY WASTE MANAGEMENT LTD.,-,CWY,BB Ticker,AU,4146390.0,,-,10987935.0,0.0011
2024-12-31,NGS,Balanced Growth,LISTED EQUITY,1,AMP LTD.,-,AMP,BB Ticker,AU,6852249.0,,-,10860814.0,0.001
2024-12-31,NGS,Balanced Growth,LISTED EQUITY,1,"ADOBE, INC.",-,ADBE,BB Ticker,US,14918.0,,-,10713824.0,0.001
2024-12-31,NGS,Balanced Growth,LISTED EQUITY,1,HUB24 LTD.,-,HUB,BB Ticker,AU,153753.0,,-,10701215.0,0.001
2024-12-31,NGS,Balanced Growth,LISTED EQUITY,1,BREVILLE GROUP LTD.,-,BRG,BB Ticker,AU,299368.0,,-,10591644.0,0.001
2024-12-31,NGS,Balanced Growth,LISTED EQUITY,1,AUCKLAND INTERNATIONAL AIRPORT LTD.,-,AIA,BB Ticker,AU,1347432.0,,-,10456068.0,0.001
2024-12-31,NGS,Balanced Growth,LISTED EQUITY,1,TENCENT HOLDINGS LTD.,-,700,BB Ticker,HK,119065.0,,-,10323323.0,0.001
2024-12-31,NGS,Balanced Growth,LISTED EQUITY,1,ORIGIN ENERGY LTD.,-,ORG,BB Ticker,AU,946237.0,,-,10313991.0,0.001
2024-12-31,NGS,Balanced Growth,LISTED EQUITY,1,NOVARTIS AG,-,NOVN,BB Ticker,SW,65142.0,,-,10297692.0,0.001
2024-12-31,NGS,Balanced Growth,LISTED EQUITY,1,HDFC BANK LTD.,-,HDFCB,BB Ticker,IN,306469.0,,-,10249882.0,0.001
2024-12-31,NGS,Balanced Growth,LISTED EQUITY,1,SAP SE,-,SAP,BB Ticker,GR,25358.0,,-,10021602.0,0.001
2024-12-31,NGS,Balanced Growth,LISTED EQUITY,1,"UBER TECHNOLOGIES, INC.",-,UBER,BB Ticker,US,100029.0,,-,9745262.0,0.0009
2024-12-31,NGS,Balanced Growth,LISTED EQUITY,1,"S&P GLOBAL, INC.",-,SPGI,BB Ticker,US,12006.0,,-,9657394.0,0.0009
2024-12-31,NGS,Balanced Growth,LISTED EQUITY,1,FLETCHER BUILDING LTD.,-,FBU,BB Ticker,AU,3779597.0,,-,9637971.0,0.0009
2024-12-31,NGS,Balanced Growth,LISTED EQUITY,1,ORORA LTD.,-,ORA,BB Ticker,AU,3853858.0,,-,9480491.0,0.0009
2024-12-31,NGS,Balanced Growth,LISTED EQUITY,1,ROCHE HOLDING AG,-,ROG,BB Ticker,SW,20348.0,,-,9265292.0,0.0009
2024-12-31,NGS,Balanced Growth,LISTED EQUITY,1,"AUTOMATIC DATA PROCESSING, INC.",-,ADP,BB Ticker,US,19589.0,,-,9261449.0,0.0009
2024-12-31,NGS,Balanced Growth,LISTED EQUITY,1,AMCOR PLC,-,AMC,BB Ticker,AU,608059.0,,-,9102650.0,0.0009
2024-12-31,NGS,Balanced Growth,LISTED EQUITY,1,TESCO PLC,-,TSCO,BB Ticker,LN,1221560.0,,-,9100470.0,0.0009
2024-12-31,NGS,Balanced Growth,LISTED EQUITY,1,HERMES INTERNATIONAL SCA,-,RMS,BB Ticker,FP,2334.0,,-,9065034.0,0.0009
2024-12-31,NGS,Balanced Growth,LISTED EQUITY,1,"DOORDASH, INC.",-,DASH,BB Ticker,US,33234.0,,-,9004467.0,0.0009
2024-12-31,NGS,Balanced Growth,LISTED EQUITY,1,JB HI-FI LTD.,-,JBH,BB Ticker,AU,95524.0,,-,8853175.0,0.0008
2024-12-31,NGS,Balanced Growth,LISTED EQUITY,1,SHELL PLC,-,SHEL,BB Ticker,LN,176734.0,,-,8851543.0,0.0008
2024-12-31,NGS,Balanced Growth,LISTED EQUITY,1,TOTALENERGIES SE,-,TTE,BB Ticker,FP,97826.0,,-,8731819.0,0.0008
2024-12-31,NGS,Balanced Growth,LISTED EQUITY,1,AUB GROUP LTD.,-,AUB,BB Ticker,AU,274681.0,,-,8570050.0,0.0008
2024-12-31,NGS,Balanced Growth,LISTED EQUITY,1,SANOFI SA,-,SAN,BB Ticker,FP,54531.0,,-,8549146.0,0.0008
2024-12-31,NGS,Balanced Growth,LISTED EQUITY,1,CAPRICORN METALS LTD.,-,CMM,BB Ticker,AU,1360400.0,,-,8543308.0,0.0008
2024-12-31,NGS,Balanced Growth,LISTED EQUITY,1,MORGAN STANLEY,-,MS,BB Ticker,US,41372.0,,-,8400613.0,0.0008
2024-12-31,NGS,Balanced Growth,LISTED EQUITY,1,A2 MILK CO. LTD.,-,A2M,BB Ticker,AU,1450347.0,,-,8383000.0,0.0008
2024-12-31,NGS,Balanced Growth,LISTED EQUITY,1,AMERICAN EXPRESS CO.,-,AXP,BB Ticker,US,17438.0,,-,8359055.0,0.0008
2024-12-31,NGS,Balanced Growth,LISTED EQUITY,1,LVMH MOET HENNESSY LOUIS VUITTON SE,-,MC,BB Ticker,FP,7712.0,,-,8196625.0,0.0008
2024-12-31,NGS,Balanced Growth,LISTED EQUITY,1,GOLD ROAD RESOURCES LTD.,-,GOR,BB Ticker,AU,3953094.0,,-,8103843.0,0.0008
2024-12-31,NGS,Balanced Growth,LISTED EQUITY,1,ASX LTD.,-,ASX,BB Ticker,AU,124390.0,,-,8095325.0,0.0008
2024-12-31,NGS,Balanced Growth,LISTED EQUITY,1,"FISERV, INC.",-,FI,BB Ticker,US,23648.0,,-,7845621.0,0.0008
2024-12-31,NGS,Balanced Growth,LISTED EQUITY,1,MEDTRONIC PLC,-,MDT,BB Ticker,US,60636.0,,-,7823118.0,0.0007
2024-12-31,NGS,Balanced Growth,LISTED EQUITY,1,ACCENTURE PLC,-,ACN,BB Ticker,US,13730.0,,-,7801248.0,0.0007
2024-12-31,NGS,Balanced Growth,LISTED EQUITY,1,"TJX COS., INC.",-,TJX,BB Ticker,US,39915.0,,-,7788427.0,0.0007
2024-12-31,NGS,Balanced Growth,LISTED EQUITY,1,GENERAL ELECTRIC CO.,-,GE,BB Ticker,US,28840.0,,-,7768805.0,0.0007
2024-12-31,NGS,Balanced Growth,LISTED EQUITY,1,COLGATE-PALMOLIVE CO.,-,CL,BB Ticker,US,52595.0,,-,7722501.0,0.0007
2024-12-31,NGS,Balanced Growth,LISTED EQUITY,1,DIAGEO PLC,-,DGE,BB Ticker,LN,150288.0,,-,7714025.0,0.0007
2024-12-31,NGS,Balanced Growth,LISTED EQUITY,1,NESTLE SA,-,NESN,BB Ticker,SW,57745.0,,-,7706040.0,0.0007
2024-12-31,NGS,Balanced Growth,LISTED EQUITY,1,COCA-COLA CO.,-,KO,BB Ticker,US,76379.0,,-,7680439.0,0.0007
2024-12-31,NGS,Balanced Growth,LISTED EQUITY,1,CAPITAL ONE FINANCIAL CORP.,-,COF,BB Ticker,US,26641.0,,-,7672958.0,0.0007
2024-12-31,NGS,Balanced Growth,LISTED EQUITY,1,SANDFIRE RESOURCES LTD.,-,SFR,BB Ticker,AU,825570.0,,-,7661293.0,0.0007
2024-12-31,NGS,Balanced Growth,LISTED EQUITY,1,MEDIBANK PVT LTD.,-,MPL,BB Ticker,AU,2018207.0,,-,7649004.0,0.0007
2024-12-31,NGS,Balanced Growth,LISTED EQUITY,1,EATON CORP. PLC,-,ETN,BB Ticker,US,14034.0,,-,7522853.0,0.0007
2024-12-31,NGS,Balanced Growth,LISTED EQUITY,1,TRANE TECHNOLOGIES PLC,-,TT,BB Ticker,US,12599.0,,-,7516244.0,0.0007
2024-12-31,NGS,Balanced Growth,LISTED EQUITY,1,DSV AS,-,DSV,BB Ticker,DC,21914.0,,-,7514379.0,0.0007
2024-12-31,NGS,Balanced Growth,LISTED EQUITY,1,DOWNER EDI LTD.,-,DOW,BB Ticker,AU,1412529.0,,-,7415779.0,0.0007
2024-12-31,NGS,Balanced Growth,LISTED EQUITY,1,INCITEC PIVOT LTD.,-,IPL,BB Ticker,AU,2513565.0,,-,7364746.0,0.0007
2024-12-31,NGS,Balanced Growth,LISTED EQUITY,1,ABB LTD.,-,ABBN,BB Ticker,SW,83744.0,,-,7323669.0,0.0007
2024-12-31,NGS,Balanced Growth,LISTED EQUITY,1,"AT&T, INC.",-,T,BB Ticker,US,197078.0,,-,7247779.0,0.0007
2024-12-31,NGS,Balanced Growth,LISTED EQUITY,1,"KEYSIGHT TECHNOLOGIES, INC.",-,KEYS,BB Ticker,US,27531.0,,-,7142326.0,0.0007
2024-12-31,NGS,Balanced Growth,LISTED EQUITY,1,LOTTERY CORP. LTD.,-,TLC,BB Ticker,AU,1442641.0,,-,7126646.0,0.0007
2024-12-31,NGS,Balanced Growth,LISTED EQUITY,1,ABBOTT LABORATORIES,-,ABT,BB Ticker,US,38815.0,,-,7090915.0,0.0007
2024-12-31,NGS,Balanced Growth,LISTED EQUITY,1,"VERIZON COMMUNICATIONS, INC.",-,VZ,BB Ticker,US,109648.0,,-,7081962.0,0.0007
2024-12-31,NGS,Balanced Growth,LISTED EQUITY,1,BANK CENTRAL ASIA TBK. PT,-,BBCA,BB Ticker,IJ,7278889.0,,-,7066902.0,0.0007
2024-12-31,NGS,Balanced Growth,LISTED EQUITY,1,"APPLIED MATERIALS, INC.",-,AMAT,BB Ticker,US,26890.0,,-,7062994.0,0.0007
2024-12-31,NGS,Balanced Growth,LISTED EQUITY,1,NETWEALTH GROUP LTD.,-,NWL,BB Ticker,AU,245098.0,,-,7046567.0,0.0007
2024-12-31,NGS,Balanced Growth,LISTED EQUITY,1,"PFIZER, INC.",-,PFE,BB Ticker,US,164183.0,,-,7035096.0,0.0007
2024-12-31,NGS,Balanced Growth,LISTED EQUITY,1,"LIGHT & WONDER, INC.",-,LNW,BB Ticker,AU,51152.0,,-,7015972.0,0.0007
2024-12-31,NGS,Balanced Growth,LISTED EQUITY,1,ASTRAZENECA PLC,-,AZN,BB Ticker,LN,32531.0,,-,6888282.0,0.0007
2024-12-31,NGS,Balanced Growth,LISTED EQUITY,1,"GOLDMAN SACHS GROUP, INC.",-,GS,BB Ticker,US,7405.0,,-,6849271.0,0.0007
2024-12-31,NGS,Balanced Growth,LISTED EQUITY,1,"MOTOROLA SOLUTIONS, INC.",-,MSI,BB Ticker,US,9147.0,,-,6828408.0,0.0007
2024-12-31,NGS,Balanced Growth,LISTED EQUITY,1,RAMSAY HEALTH CARE LTD.,-,RHC,BB Ticker,AU,197299.0,,-,6814711.0,0.0007
2024-12-31,NGS,Balanced Growth,LISTED EQUITY,1,MONCLER SPA,-,MONC,BB Ticker,IM,79141.0,,-,6747628.0,0.0006
2024-12-31,NGS,Balanced Growth,LISTED EQUITY,1,PILBARA MINERALS LTD.,-,PLS,BB Ticker,AU,3052152.0,,-,6684213.0,0.0006
2024-12-31,NGS,Balanced Growth,LISTED EQUITY,1,"CITIGROUP, INC.",-,C,BB Ticker,US,58394.0,,-,6638693.0,0.0006
2024-12-31,NGS,Balanced Growth,LISTED EQUITY,1,UBS GROUP AG,-,UBSG,BB Ticker,SW,133857.0,,-,6615266.0,0.0006
2024-12-31,NGS,Balanced Growth,LISTED EQUITY,1,"INTUIT, INC.",-,INTU,BB Ticker,US,6476.0,,-,6574094.0,0.0006
2024-12-31,NGS,Balanced Growth,LISTED EQUITY,1,AIA GROUP LTD.,-,1299,BB Ticker,HK,560292.0,,-,6558738.0,0.0006
2024-12-31,NGS,Balanced Growth,LISTED EQUITY,1,BANK OF QUEENSLAND LTD.,-,BOQ,BB Ticker,AU,973014.0,,-,6519199.0,0.0006
2024-12-31,NGS,Balanced Growth,LISTED EQUITY,1,"AMGEN, INC.",-,AMGN,BB Ticker,US,15475.0,,-,6514444.0,0.0006
2024-12-31,NGS,Balanced Growth,LISTED EQUITY,1,PINNACLE INVESTMENT MANAGEMENT GROUP LTD.,-,PNI,BB Ticker,AU,285023.0,,-,6512770.0,0.0006
2024-12-31,NGS,Balanced Growth,LISTED EQUITY,1,SGH LTD.,-,SGH,BB Ticker,AU,140615.0,,-,6483768.0,0.0006
2024-12-31,NGS,Balanced Growth,LISTED EQUITY,1,"ARISTA NETWORKS, INC.",-,ANET,BB Ticker,US,36286.0,,-,6477789.0,0.0006
2024-12-31,NGS,Balanced Growth,LISTED EQUITY,1,BRISTOL-MYERS SQUIBB CO.,-,BMY,BB Ticker,US,70796.0,,-,6467344.0,0.0006
2024-12-31,NGS,Balanced Growth,LISTED EQUITY,1,BENDIGO & ADELAIDE BANK LTD.,-,BEN,BB Ticker,AU,482373.0,,-,6319087.0,0.0006
2024-12-31,NGS,Balanced Growth,LISTED EQUITY,1,"THERMO FISHER SCIENTIFIC, INC.",-,TMO,BB Ticker,US,7450.0,,-,6259780.0,0.0006
2024-12-31,NGS,Balanced Growth,LISTED EQUITY,1,"LIFE360, INC.",-,360,BB Ticker,AU,274326.0,,-,6183298.0,0.0006
2024-12-31,NGS,Balanced Growth,LISTED EQUITY,1,SIEMENS AG,-,SIE,BB Ticker,GR,19428.0,,-,6126706.0,0.0006
2024-12-31,NGS,Balanced Growth,LISTED EQUITY,1,"PEPSICO, INC.",-,PEP,BB Ticker,US,24867.0,,-,6107355.0,0.0006
2024-12-31,NGS,Balanced Growth,LISTED EQUITY,1,TATA CONSULTANCY SERVICES LTD.,-,TCS,BB Ticker,IN,79032.0,,-,6105125.0,0.0006
2024-12-31,NGS,Balanced Growth,LISTED EQUITY,1,LAM RESEARCH CORP.,-,LRCX,BB Ticker,US,51740.0,,-,6036056.0,0.0006
2024-12-31,NGS,Balanced Growth,LISTED EQUITY,1,DOMAIN HOLDINGS AUSTRALIA LTD.,-,DHG,BB Ticker,AU,2377900.0,,-,6016088.0,0.0006
2024-12-31,NGS,Balanced Growth,LISTED EQUITY,1,TPG TELECOM LTD.,-,TPG,BB Ticker,AU,1330187.0,,-,5972541.0,0.0006
2024-12-31,NGS,Balanced Growth,LISTED EQUITY,1,"CME GROUP, INC.",-,CME,BB Ticker,US,15850.0,,-,5945106.0,0.0006
2024-12-31,NGS,Balanced Growth,LISTED EQUITY,1,"AIRBNB, INC.",-,ABNB,BB Ticker,US,27948.0,,-,5931940.0,0.0006
2024-12-31,NGS,Balanced Growth,LISTED EQUITY,1,WALT DISNEY CO.,-,DIS,BB Ticker,US,32567.0,,-,5856982.0,0.0006
2024-12-31,NGS,Balanced Growth,LISTED EQUITY,1,"CATERPILLAR, INC.",-,CAT,BB Ticker,US,9907.0,,-,5804329.0,0.0006
2024-12-31,NGS,Balanced Growth,LISTED EQUITY,1,"SK HYNIX, INC.",-,000660,BB Ticker,KS,30115.0,,-,5745520.0,0.0006
2024-12-31,NGS,Balanced Growth,LISTED EQUITY,1,L'OREAL SA,-,OR,BB Ticker,FP,9964.0,,-,5696333.0,0.0005
2024-12-31,NGS,Balanced Growth,LISTED EQUITY,1,MOODY'S CORP.,-,MCO,BB Ticker,US,7449.0,,-,5695399.0,0.0005
2024-12-31,NGS,Balanced Growth,LISTED EQUITY,1,WELLS FARGO & CO.,-,WFC,BB Ticker,US,49846.0,,-,5654798.0,0.0005
2024-12-31,NGS,Balanced Growth,LISTED EQUITY,1,NANOSONICS LTD.,-,NAN,BB Ticker,AU,1861885.0,,-,5604275.0,0.0005
2024-12-31,NGS,Balanced Growth,LISTED EQUITY,1,"CHENIERE ENERGY, INC.",-,LNG,BB Ticker,US,16143.0,,-,5602131.0,0.0005
2024-12-31,NGS,Balanced Growth,LISTED EQUITY,1,"INTUITIVE SURGICAL, INC.",-,ISRG,BB Ticker,US,6574.0,,-,5542018.0,0.0005
2024-12-31,NGS,Balanced Growth,LISTED EQUITY,1,LENDLEASE CORP. LTD.,-,LLC,BB Ticker,AU,876393.0,,-,5459927.0,0.0005
2024-12-31,NGS,Balanced Growth,LISTED EQUITY,1,IGO LTD.,-,IGO,BB Ticker,AU,1140306.0,,-,5439261.0,0.0005
2024-12-31,NGS,Balanced Growth,LISTED EQUITY,1,HITACHI LTD.,-,6501,BB Ticker,JP,133785.0,,-,5412941.0,0.0005
2024-12-31,NGS,Balanced Growth,LISTED EQUITY,1,"GILEAD SCIENCES, INC.",-,GILD,BB Ticker,US,36200.0,,-,5400709.0,0.0005
2024-12-31,NGS,Balanced Growth,LISTED EQUITY,1,LYNAS RARE EARTHS LTD.,-,LYC,BB Ticker,AU,834527.0,,-,5366006.0,0.0005
2024-12-31,NGS,Balanced Growth,LISTED EQUITY,1,SAMSUNG ELECTRONICS CO. LTD.,-,005930,BB Ticker,KS,91858.0,,-,5361430.0,0.0005
2024-12-31,NGS,Balanced Growth,LISTED EQUITY,1,"CISCO SYSTEMS, INC.",-,CSCO,BB Ticker,US,55873.0,,-,5342361.0,0.0005
2024-12-31,NGS,Balanced Growth,LISTED EQUITY,1,"LOWE'S COS., INC.",-,LOW,BB Ticker,US,13389.0,,-,5337205.0,0.0005
2024-12-31,NGS,Balanced Growth,LISTED EQUITY,1,RECRUIT HOLDINGS CO. LTD.,-,6098,BB Ticker,JP,46437.0,,-,5318779.0,0.0005
2024-12-31,NGS,Balanced Growth,LISTED EQUITY,1,TECHTRONIC INDUSTRIES CO. LTD.,-,669,BB Ticker,HK,249464.0,,-,5316542.0,0.0005
2024-12-31,NGS,Balanced Growth,LISTED EQUITY,1,JOHNSON CONTROLS INTERNATIONAL PLC,-,JCI,BB Ticker,US,41312.0,,-,5266441.0,0.0005
2024-12-31,NGS,Balanced Growth,LISTED EQUITY,1,"MERCADOLIBRE, INC.",-,MELI,BB Ticker,US,1910.0,,-,5245706.0,0.0005
2024-12-31,NGS,Balanced Growth,LISTED EQUITY,1,BARRICK GOLD CORP.,-,GOLD,BB Ticker,US,208627.0,,-,5222821.0,0.0005
2024-12-31,NGS,Balanced Growth,LISTED EQUITY,1,"MITSUBISHI UFJ FINANCIAL GROUP, INC.",-,8306,BB Ticker,JP,273373.0,,-,5186216.0,0.0005
2024-12-31,NGS,Balanced Growth,LISTED EQUITY,1,ARB CORP. LTD.,-,ARB,BB Ticker,AU,125749.0,,-,5106670.0,0.0005
2024-12-31,NGS,Balanced Growth,LISTED EQUITY,1,BOSTON SCIENTIFIC CORP.,-,BSX,BB Ticker,US,35136.0,,-,5068858.0,0.0005
2024-12-31,NGS,Balanced Growth,LISTED EQUITY,1,"TRAVELERS COS., INC.",-,TRV,BB Ticker,US,13016.0,,-,5063945.0,0.0005
2024-12-31,NGS,Balanced Growth,LISTED EQUITY,1,"MARSH & MCLENNAN COS., INC.",-,MMC,BB Ticker,US,14697.0,,-,5042276.0,0.0005
2024-12-31,NGS,Balanced Growth,LISTED EQUITY,1,SOCIETE GENERALE SA,-,GLE,BB Ticker,FP,110474.0,,-,5018147.0,0.0005
2024-12-31,NGS,Balanced Growth,LISTED EQUITY,1,"PALANTIR TECHNOLOGIES, INC.",-,PLTR,BB Ticker,US,40961.0,,-,5003456.0,0.0005
2024-12-31,NGS,Balanced Growth,LISTED EQUITY,1,INTERNATIONAL BUSINESS MACHINES CORP.,-,IBM,BB Ticker,US,13982.0,,-,4964475.0,0.0005
2024-12-31,NGS,Balanced Growth,LISTED EQUITY,1,DEUTSCHE TELEKOM AG,-,DTE,BB Ticker,GR,102117.0,,-,4934013.0,0.0005
2024-12-31,NGS,Balanced Growth,LISTED EQUITY,1,"HCA HEALTHCARE, INC.",-,HCA,BB Ticker,US,10054.0,,-,4874229.0,0.0005
2024-12-31,NGS,Balanced Growth,LISTED EQUITY,1,ROYAL BANK OF CANADA,-,RY,BB Ticker,CN,24654.0,,-,4798821.0,0.0005
2024-12-31,NGS,Balanced Growth,LISTED EQUITY,1,TOKYO ELECTRON LTD.,-,8035,BB Ticker,JP,19279.0,,-,4791957.0,0.0005
2024-12-31,NGS,Balanced Growth,LISTED EQUITY,1,KLA CORP.,-,KLAC,BB Ticker,US,4700.0,,-,4783706.0,0.0005
2024-12-31,NGS,Balanced Growth,LISTED EQUITY,1,STRYKER CORP.,-,SYK,BB Ticker,US,8196.0,,-,4766381.0,0.0005
2024-12-31,NGS,Balanced Growth,LISTED EQUITY,1,MARUTI SUZUKI INDIA LTD.,-,MSIL,BB Ticker,IN,23131.0,,-,4738289.0,0.0005
2024-12-31,NGS,Balanced Growth,LISTED EQUITY,1,CHORUS LTD.,-,CNU,BB Ticker,AU,596611.0,,-,4737090.0,0.0005
2024-12-31,NGS,Balanced Growth,LISTED EQUITY,1,TELIX PHARMACEUTICALS LTD.,-,TLX,BB Ticker,AU,192264.0,,-,4731619.0,0.0005
2024-12-31,NGS,Balanced Growth,LISTED EQUITY,1,GUZMAN Y GOMEZ LTD.,-,GYG,BB Ticker,AU,114795.0,,-,4657232.0,0.0004
2024-12-31,NGS,Balanced Growth,LISTED EQUITY,1,FUJITSU LTD.,-,6702,BB Ticker,JP,160712.0,,-,4623736.0,0.0004
2024-12-31,NGS,Balanced Growth,LISTED EQUITY,1,FOMENTO ECONOMICO MEXICANO SAB DE CV,-,FEMSAUBD,BB Ticker,MM,334495.0,,-,4617102.0,0.0004
2024-12-31,NGS,Balanced Growth,LISTED EQUITY,1,IMDEX LTD.,-,IMD,BB Ticker,AU,1986371.0,,-,4608381.0,0.0004
2024-12-31,NGS,Balanced Growth,LISTED EQUITY,1,"ENBRIDGE, INC.",-,ENB,BB Ticker,CN,66729.0,,-,4571952.0,0.0004
2024-12-31,NGS,Balanced Growth,LISTED EQUITY,1,"WILLIAMS COS., INC.",-,WMB,BB Ticker,US,52265.0,,-,4568561.0,0.0004
2024-12-31,NGS,Balanced Growth,LISTED EQUITY,1,HARVEY NORMAN HOLDINGS LTD.,-,HVN,BB Ticker,AU,976744.0,,-,4561394.0,0.0004
2024-12-31,NGS,Balanced Growth,LISTED EQUITY,1,"AMERICAN ELECTRIC POWER CO., INC.",-,AEP,BB Ticker,US,30502.0,,-,4543695.0,0.0004
2024-12-31,NGS,Balanced Growth,LISTED EQUITY,1,WESTINGHOUSE AIR BRAKE TECHNOLOGIES CORP.,-,WAB,BB Ticker,US,14808.0,,-,4534422.0,0.0004
2024-12-31,NGS,Balanced Growth,LISTED EQUITY,1,KELSIAN GROUP LTD.,-,KLS,BB Ticker,AU,1234460.0,,-,4518124.0,0.0004
2024-12-31,NGS,Balanced Growth,LISTED EQUITY,1,STEADFAST GROUP LTD.,-,SDF,BB Ticker,AU,774481.0,,-,4491988.0,0.0004
2024-12-31,NGS,Balanced Growth,LISTED EQUITY,1,DANONE SA,-,BN,BB Ticker,FP,41189.0,,-,4485847.0,0.0004
2024-12-31,NGS,Balanced Growth,LISTED EQUITY,1,"ADVANCED MICRO DEVICES, INC.",-,AMD,BB Ticker,US,22989.0,,-,4484999.0,0.0004
2024-12-31,NGS,Balanced Growth,LISTED EQUITY,1,ALS LTD.,-,ALQ,BB Ticker,AU,295622.0,,-,4457979.0,0.0004
2024-12-31,NGS,Balanced Growth,LISTED EQUITY,1,PARKER-HANNIFIN CORP.,-,PH,BB Ticker,US,4331.0,,-,4449501.0,0.0004
2024-12-31,NGS,Balanced Growth,LISTED EQUITY,1,INTESA SANPAOLO SPA,-,ISP,BB Ticker,IM,687179.0,,-,4439651.0,0.0004
2024-12-31,NGS,Balanced Growth,LISTED EQUITY,1,"WORKDAY, INC.",-,WDAY,BB Ticker,US,10646.0,,-,4436950.0,0.0004
2024-12-31,NGS,Balanced Growth,LISTED EQUITY,1,3M CO.,-,MMM,BB Ticker,US,21202.0,,-,4420452.0,0.0004
2024-12-31,NGS,Balanced Growth,LISTED EQUITY,1,ALCON AG,-,ALC,BB Ticker,SW,32226.0,,-,4416575.0,0.0004
2024-12-31,NGS,Balanced Growth,LISTED EQUITY,1,LONDON STOCK EXCHANGE GROUP PLC,-,LSEG,BB Ticker,LN,19345.0,,-,4415848.0,0.0004
2024-12-31,NGS,Balanced Growth,LISTED EQUITY,1,"ECOLAB, INC.",-,ECL,BB Ticker,US,11660.0,,-,4412719.0,0.0004
2024-12-31,NGS,Balanced Growth,LISTED EQUITY,1,SIEMENS ENERGY AG,-,ENR,BB Ticker,GR,51623.0,,-,4349675.0,0.0004
2024-12-31,NGS,Balanced Growth,LISTED EQUITY,1,ALLSTATE CORP.,-,ALL,BB Ticker,US,13942.0,,-,4340914.0,0.0004
2024-12-31,NGS,Balanced Growth,LISTED EQUITY,1,"FORTINET, INC.",-,FTNT,BB Ticker,US,28423.0,,-,4337243.0,0.0004
2024-12-31,NGS,Balanced Growth,LISTED EQUITY,1,"CROWDSTRIKE HOLDINGS, INC.",-,CRWD,BB Ticker,US,7839.0,,-,4331353.0,0.0004
2024-12-31,NGS,Balanced Growth,LISTED EQUITY,1,INSIGNIA FINANCIAL LTD.,-,IFL,BB Ticker,AU,1213775.0,,-,4308901.0,0.0004
2024-12-31,NGS,Balanced Growth,LISTED EQUITY,1,NEWS CORP.,-,NWS,BB Ticker,AU,86716.0,,-,4292442.0,0.0004
2024-12-31,NGS,Balanced Growth,LISTED EQUITY,1,PEXA GROUP LTD.,-,PXA,BB Ticker,AU,327347.0,,-,4275146.0,0.0004
2024-12-31,NGS,Balanced Growth,LISTED EQUITY,1,GSK PLC,-,GSK,BB Ticker,LN,156235.0,,-,4255294.0,0.0004
2024-12-31,NGS,Balanced Growth,LISTED EQUITY,1,CHALLENGER LTD.,-,CGF,BB Ticker,AU,706484.0,,-,4245970.0,0.0004
2024-12-31,NGS,Balanced Growth,LISTED EQUITY,1,ALLIANZ SE,-,ALV,BB Ticker,GR,8558.0,,-,4235071.0,0.0004
2024-12-31,NGS,Balanced Growth,LISTED EQUITY,1,PROGRESSIVE CORP.,-,PGR,BB Ticker,US,10941.0,,-,4233947.0,0.0004
2024-12-31,NGS,Balanced Growth,LISTED EQUITY,1,APA GROUP,-,APA,BB Ticker,AU,606131.0,,-,4224735.0,0.0004
2024-12-31,NGS,Balanced Growth,LISTED EQUITY,1,HSBC HOLDINGS PLC,-,HSBA,BB Ticker,LN,265379.0,,-,4215516.0,0.0004
2024-12-31,NGS,Balanced Growth,LISTED EQUITY,1,TOYOTA MOTOR CORP.,-,7203,BB Ticker,JP,129915.0,,-,4200289.0,0.0004
2024-12-31,NGS,Balanced Growth,LISTED EQUITY,1,ENDEAVOUR GROUP LTD.,-,EDV,BB Ticker,AU,996197.0,,-,4184025.0,0.0004
2024-12-31,NGS,Balanced Growth,LISTED EQUITY,1,IRESS LTD.,-,IRE,BB Ticker,AU,449285.0,,-,4182847.0,0.0004
2024-12-31,NGS,Balanced Growth,LISTED EQUITY,1,"VERTEX PHARMACEUTICALS, INC.",-,VRTX,BB Ticker,US,6423.0,,-,4177685.0,0.0004
2024-12-31,NGS,Balanced Growth,LISTED EQUITY,1,IBERDROLA SA,-,IBE,BB Ticker,SM,187475.0,,-,4170131.0,0.0004
2024-12-31,NGS,Balanced Growth,LISTED EQUITY,1,KIMBERLY-CLARK CORP.,-,KMB,BB Ticker,US,19461.0,,-,4118958.0,0.0004
2024-12-31,NGS,Balanced Growth,LISTED EQUITY,1,"PNC FINANCIAL SERVICES GROUP, INC.",-,PNC,BB Ticker,US,13196.0,,-,4110450.0,0.0004
2024-12-31,NGS,Balanced Growth,LISTED EQUITY,1,NATWEST GROUP PLC,-,NWG,BB Ticker,LN,505363.0,,-,4110397.0,0.0004
2024-12-31,NGS,Balanced Growth,LISTED EQUITY,1,CHUBB LTD.,-,CB,BB Ticker,US,9190.0,,-,4101139.0,0.0004
2024-12-31,NGS,Balanced Growth,LISTED EQUITY,1,MEGAPORT LTD.,-,MP1,BB Ticker,AU,544724.0,,-,4014614.0,0.0004
2024-12-31,NGS,Balanced Growth,LISTED EQUITY,1,"NETAPP, INC.",-,NTAP,BB Ticker,US,21092.0,,-,3954349.0,0.0004
2024-12-31,NGS,Balanced Growth,LISTED EQUITY,1,DINO POLSKA SA,-,DNP,BB Ticker,PW,25928.0,,-,3951916.0,0.0004
2024-12-31,NGS,Balanced Growth,LISTED EQUITY,1,"HARTFORD FINANCIAL SERVICES GROUP, INC.",-,HIG,BB Ticker,US,22288.0,,-,3938270.0,0.0004
2024-12-31,NGS,Balanced Growth,LISTED EQUITY,1,"BLOCK, INC.",-,SQ,BB Ticker,US,28683.0,,-,3937258.0,0.0004
2024-12-31,NGS,Balanced Growth,LISTED EQUITY,1,COMCAST CORP.,-,CMCSA,BB Ticker,US,64397.0,,-,3903484.0,0.0004
2024-12-31,NGS,Balanced Growth,LISTED EQUITY,1,"PAYPAL HOLDINGS, INC.",-,PYPL,BB Ticker,US,27960.0,,-,3854293.0,0.0004
2024-12-31,NGS,Balanced Growth,LISTED EQUITY,1,TE CONNECTIVITY PLC,-,TEL,BB Ticker,US,16583.0,,-,3829186.0,0.0004
2024-12-31,NGS,Balanced Growth,LISTED EQUITY,1,AMADEUS IT GROUP SA,-,AMS,BB Ticker,SM,33549.0,,-,3826656.0,0.0004
2024-12-31,NGS,Balanced Growth,LISTED EQUITY,1,BLUESCOPE STEEL LTD.,-,BSL,BB Ticker,AU,203470.0,,-,3802865.0,0.0004
2024-12-31,NGS,Balanced Growth,LISTED EQUITY,1,EVOLUTION MINING LTD.,-,EVN,BB Ticker,AU,782146.0,,-,3762123.0,0.0004
2024-12-31,NGS,Balanced Growth,LISTED EQUITY,1,DBS GROUP HOLDINGS LTD.,-,DBS,BB Ticker,SP,72462.0,,-,3750736.0,0.0004
2024-12-31,NGS,Balanced Growth,LISTED EQUITY,1,BELLEVUE GOLD LTD.,-,BGL,BB Ticker,AU,3322347.0,,-,3737641.0,0.0004
2024-12-31,NGS,Balanced Growth,LISTED EQUITY,1,"LULULEMON ATHLETICA, INC.",-,LULU,BB Ticker,US,6047.0,,-,3734582.0,0.0004
2024-12-31,NGS,Balanced Growth,LISTED EQUITY,1,EBOS GROUP LTD.,-,EBO,BB Ticker,AU,109783.0,,-,3731524.0,0.0004
2024-12-31,NGS,Balanced Growth,LISTED EQUITY,1,SONY GROUP CORP.,-,6758,BB Ticker,JP,107664.0,,-,3727615.0,0.0004
2024-12-31,NGS,Balanced Growth,LISTED EQUITY,1,GRUPO AEROPORTUARIO DEL PACIFICO SAB DE CV,-,GAPB,BB Ticker,MM,130524.0,,-,3716228.0,0.0004
2024-12-31,NGS,Balanced Growth,LISTED EQUITY,1,BHARTI AIRTEL LTD.,-,BHARTI,BB Ticker,IN,121426.0,,-,3637074.0,0.0003
2024-12-31,NGS,Balanced Growth,LISTED EQUITY,1,DECKERS OUTDOOR CORP.,-,DECK,BB Ticker,US,11082.0,,-,3634874.0,0.0003
2024-12-31,NGS,Balanced Growth,LISTED EQUITY,1,BANCO BILBAO VIZCAYA ARGENTARIA SA,-,BBVA,BB Ticker,SM,228640.0,,-,3614343.0,0.0003
2024-12-31,NGS,Balanced Growth,LISTED EQUITY,1,"NEXTERA ENERGY, INC.",-,NEE,BB Ticker,US,31090.0,,-,3599886.0,0.0003
2024-12-31,NGS,Balanced Growth,LISTED EQUITY,1,COLLINS FOODS LTD.,-,CKF,BB Ticker,AU,493316.0,,-,3581476.0,0.0003
2024-12-31,NGS,Balanced Growth,LISTED EQUITY,1,PREMIER INVESTMENTS LTD.,-,PMV,BB Ticker,AU,111271.0,,-,3575140.0,0.0003
2024-12-31,NGS,Balanced Growth,LISTED EQUITY,1,HEALIUS LTD.,-,HLS,BB Ticker,AU,2600510.0,,-,3562699.0,0.0003
2024-12-31,NGS,Balanced Growth,LISTED EQUITY,1,NUFARM LTD.,-,NUF,BB Ticker,AU,1005408.0,,-,3559145.0,0.0003
2024-12-31,NGS,Balanced Growth,LISTED EQUITY,1,CORPORATE TRAVEL MANAGEMENT LTD.,-,CTD,BB Ticker,AU,264352.0,,-,3502658.0,0.0003
2024-12-31,NGS,Balanced Growth,LISTED EQUITY,1,"ONEOK, INC.",-,OKE,BB Ticker,US,21573.0,,-,3498190.0,0.0003
2024-12-31,NGS,Balanced Growth,LISTED EQUITY,1,ROLLS-ROYCE HOLDINGS PLC,-,RR,BB Ticker,LN,303904.0,,-,3495345.0,0.0003
2024-12-31,NGS,Balanced Growth,LISTED EQUITY,1,EQUINOR ASA,-,EQNR,BB Ticker,NO,92234.0,,-,3481118.0,0.0003
2024-12-31,NGS,Balanced Growth,LISTED EQUITY,1,MAAS GROUP HOLDINGS LTD.,-,MGH,BB Ticker,AU,722738.0,,-,3461917.0,0.0003
2024-12-31,NGS,Balanced Growth,LISTED EQUITY,1,INDUSTRIA DE DISENO TEXTIL SA,-,ITX,BB Ticker,SM,41649.0,,-,3457761.0,0.0003
2024-12-31,NGS,Balanced Growth,LISTED EQUITY,1,"ALLY FINANCIAL, INC.",-,ALLY,BB Ticker,US,59250.0,,-,3446008.0,0.0003
2024-12-31,NGS,Balanced Growth,LISTED EQUITY,1,KEYENCE CORP.,-,6861,BB Ticker,JP,5183.0,,-,3442374.0,0.0003
2024-12-31,NGS,Balanced Growth,LISTED EQUITY,1,INTEL CORP.,-,INTC,BB Ticker,US,105773.0,,-,3425270.0,0.0003
2024-12-31,NGS,Balanced Growth,LISTED EQUITY,1,"EMCOR GROUP, INC.",-,EME,BB Ticker,US,4636.0,,-,3398269.0,0.0003
2024-12-31,NGS,Balanced Growth,LISTED EQUITY,1,SANRIO CO. LTD.,-,8136,BB Ticker,JP,59291.0,,-,3375667.0,0.0003
2024-12-31,NGS,Balanced Growth,LISTED EQUITY,1,BAKER HUGHES CO.,-,BKR,BB Ticker,US,50720.0,,-,3360304.0,0.0003
2024-12-31,NGS,Balanced Growth,LISTED EQUITY,1,RWE AG,-,RWE,BB Ticker,GR,69628.0,,-,3357247.0,0.0003
2024-12-31,NGS,Balanced Growth,LISTED EQUITY,1,INTEGRAL DIAGNOSTICS LTD.,-,IDX,BB Ticker,AU,1152784.0,,-,3354601.0,0.0003
2024-12-31,NGS,Balanced Growth,LISTED EQUITY,1,EXELON CORP.,-,EXC,BB Ticker,US,54584.0,,-,3318299.0,0.0003
2024-12-31,NGS,Balanced Growth,LISTED EQUITY,1,BNP PARIBAS SA,-,BNP,BB Ticker,FP,33428.0,,-,3310748.0,0.0003
2024-12-31,NGS,Balanced Growth,LISTED EQUITY,1,"REGENERON PHARMACEUTICALS, INC.",-,REGN,BB Ticker,US,2873.0,,-,3305753.0,0.0003
2024-12-31,NGS,Balanced Growth,LISTED EQUITY,1,MONADELPHOUS GROUP LTD.,-,MND,BB Ticker,AU,234622.0,,-,3284705.0,0.0003
2024-12-31,NGS,Balanced Growth,LISTED EQUITY,1,SHELL PLC,-,SHELL,BB Ticker,,65038.0,,-,3275677.0,0.0003
2024-12-31,NGS,Balanced Growth,LISTED EQUITY,1,FLIGHT CENTRE TRAVEL GROUP LTD.,-,FLT,BB Ticker,AU,195430.0,,-,3259780.0,0.0003
2024-12-31,NGS,Balanced Growth,LISTED EQUITY,1,"INTERCONTINENTAL EXCHANGE, INC.",-,ICE,BB Ticker,US,13506.0,,-,3250375.0,0.0003
2024-12-31,NGS,Balanced Growth,LISTED EQUITY,1,AMERICA MOVIL SAB DE CV,-,AMX,BB Ticker,US,139391.0,,-,3221648.0,0.0003
2024-12-31,NGS,Balanced Growth,LISTED EQUITY,1,ADIDAS AG,-,ADS,BB Ticker,GR,8106.0,,-,3210491.0,0.0003
2024-12-31,NGS,Balanced Growth,LISTED EQUITY,1,NIB HOLDINGS LTD.,-,NHF,BB Ticker,AU,582337.0,,-,3191204.0,0.0003
2024-12-31,NGS,Balanced Growth,LISTED EQUITY,1,CIE DE SAINT-GOBAIN SA,-,SGO,BB Ticker,FP,22249.0,,-,3188875.0,0.0003
2024-12-31,NGS,Balanced Growth,LISTED EQUITY,1,LIBERTY MEDIA CORP.-LIBERTY FORMULA ONE,-,FWONK,BB Ticker,US,21306.0,,-,3188693.0,0.0003
2024-12-31,NGS,Balanced Growth,LISTED EQUITY,1,OOH!MEDIA LTD.,-,OML,BB Ticker,AU,2699095.0,,-,3184933.0,0.0003
2024-12-31,NGS,Balanced Growth,LISTED EQUITY,1,MARATHON PETROLEUM CORP.,-,MPC,BB Ticker,US,14052.0,,-,3166088.0,0.0003
2024-12-31,NGS,Balanced Growth,LISTED EQUITY,1,HONG KONG EXCHANGES & CLEARING LTD.,-,388,BB Ticker,HK,51620.0,,-,3164071.0,0.0003
2024-12-31,NGS,Balanced Growth,LISTED EQUITY,1,"SUMITOMO MITSUI FINANCIAL GROUP, INC.",-,8316,SEDOL,JP,81681.0,,-,3159582.0,0.0003
2024-12-31,NGS,Balanced Growth,LISTED EQUITY,1,"MICRON TECHNOLOGY, INC.",-,MU,BB Ticker,US,23236.0,,-,3158534.0,0.0003
2024-12-31,NGS,Balanced Growth,LISTED EQUITY,1,SPARK NEW ZEALAND LTD.,-,SPK,BB Ticker,AU,1173831.0,,-,3157606.0,0.0003
2024-12-31,NGS,Balanced Growth,LISTED EQUITY,1,AGL ENERGY LTD.,-,AGL,BB Ticker,AU,279463.0,,-,3155138.0,0.0003
2024-12-31,NGS,Balanced Growth,LISTED EQUITY,1,INFOMEDIA LTD.,-,IFM,BB Ticker,AU,2048050.0,,-,3153997.0,0.0003
2024-12-31,NGS,Balanced Growth,LISTED EQUITY,1,COWAY CO. LTD.,-,021240,BB Ticker,KS,42963.0,,-,3153360.0,0.0003
2024-12-31,NGS,Balanced Growth,LISTED EQUITY,1,SCHLUMBERGER NV,-,SLB,BB Ticker,US,50891.0,,-,3151374.0,0.0003
2024-12-31,NGS,Balanced Growth,LISTED EQUITY,1,CIE FINANCIERE RICHEMONT SA,-,CFR,BB Ticker,SW,12699.0,,-,3120843.0,0.0003
2024-12-31,NGS,Balanced Growth,LISTED EQUITY,1,"CENCORA, INC.",-,COR,BB Ticker,US,8589.0,,-,3117024.0,0.0003
2024-12-31,NGS,Balanced Growth,LISTED EQUITY,1,WAL-MART DE MEXICO SAB DE CV,-,WALMEX,BB Ticker,MM,726141.0,,-,3096036.0,0.0003
2024-12-31,NGS,Balanced Growth,LISTED EQUITY,1,UNION PACIFIC CORP.,-,UNP,BB Ticker,US,8405.0,,-,3095682.0,0.0003
2024-12-31,NGS,Balanced Growth,LISTED EQUITY,1,RELIANCE WORLDWIDE CORP. LTD.,-,RWC,BB Ticker,AU,615879.0,,-,3091713.0,0.0003
2024-12-31,NGS,Balanced Growth,LISTED EQUITY,1,JUDO CAPITAL HOLDINGS LTD.,-,JDO,BB Ticker,AU,1677588.0,,-,3053209.0,0.0003
2024-12-31,NGS,Balanced Growth,LISTED EQUITY,1,DSM-FIRMENICH AG,-,DSFIR,BB Ticker,,18651.0,,-,3048183.0,0.0003
2024-12-31,NGS,Balanced Growth,LISTED EQUITY,1,GRUPO FINANCIERO BANORTE SAB DE CV,-,GFNORTEO,BB Ticker,MM,292240.0,,-,3041158.0,0.0003
2024-12-31,NGS,Balanced Growth,LISTED EQUITY,1,TELEFONAKTIEBOLAGET LM ERICSSON,-,ERICB,BB Ticker,SS,231347.0,,-,3039473.0,0.0003
2024-12-31,NGS,Balanced Growth,LISTED EQUITY,1,LOBLAW COS. LTD.,-,L,BB Ticker,CN,14287.0,,-,3035171.0,0.0003
2024-12-31,NGS,Balanced Growth,LISTED EQUITY,1,"TKO GROUP HOLDINGS, INC.",-,TKO,BB Ticker,US,13130.0,,-,3013740.0,0.0003
2024-12-31,NGS,Balanced Growth,LISTED EQUITY,1,SCOR SE,-,SCR,BB Ticker,FP,76104.0,,-,3008928.0,0.0003
2024-12-31,NGS,Balanced Growth,LISTED EQUITY,1,BARCLAYS PLC,-,BARC,BB Ticker,LN,551927.0,,-,2993691.0,0.0003
2024-12-31,NGS,Balanced Growth,LISTED EQUITY,1,GIVAUDAN SA,-,GIVN,BB Ticker,SW,422.0,,-,2984355.0,0.0003
2024-12-31,NGS,Balanced Growth,LISTED EQUITY,1,UNICREDIT SPA,-,UCG,BB Ticker,IM,46074.0,,-,2968526.0,0.0003
2024-12-31,NGS,Balanced Growth,LISTED EQUITY,1,"KE HOLDINGS, INC.",-,BEKE,BB Ticker,US,99690.0,,-,2965829.0,0.0003
2024-12-31,NGS,Balanced Growth,LISTED EQUITY,1,CHARLES SCHWAB CORP.,-,SCHW,BB Ticker,US,24805.0,,-,2965030.0,0.0003
2024-12-31,NGS,Balanced Growth,LISTED EQUITY,1,NORSK HYDRO ASA,-,NHY,BB Ticker,NO,332389.0,,-,2956184.0,0.0003
2024-12-31,NGS,Balanced Growth,LISTED EQUITY,1,"DUPONT DE NEMOURS, INC.",-,DD,BB Ticker,US,23968.0,,-,2951624.0,0.0003
2024-12-31,NGS,Balanced Growth,LISTED EQUITY,1,TARGA RESOURCES CORP.,-,TRGP,BB Ticker,US,10226.0,,-,2948324.0,0.0003
2024-12-31,NGS,Balanced Growth,LISTED EQUITY,1,CINTAS CORP.,-,CTAS,BB Ticker,US,9940.0,,-,2933277.0,0.0003
2024-12-31,NGS,Balanced Growth,LISTED EQUITY,1,"AUTODESK, INC.",-,ADSK,BB Ticker,US,6139.0,,-,2931044.0,0.0003
2024-12-31,NGS,Balanced Growth,LISTED EQUITY,1,MINERAL RESOURCES LTD.,-,MIN,BB Ticker,AU,85293.0,,-,2921273.0,0.0003
2024-12-31,NGS,Balanced Growth,LISTED EQUITY,1,BECTON DICKINSON & CO.,-,BDX,BB Ticker,US,7916.0,,-,2900779.0,0.0003
2024-12-31,NGS,Balanced Growth,LISTED EQUITY,1,INFRATIL LTD.,-,IFT,BB Ticker,AU,250525.0,,-,2898575.0,0.0003
2024-12-31,NGS,Balanced Growth,LISTED EQUITY,1,WEB TRAVEL GROUP LTD.,-,WEB,BB Ticker,AU,630441.0,,-,2893721.0,0.0003
2024-12-31,NGS,Balanced Growth,LISTED EQUITY,1,ENGIE SA,-,ENGI,BB Ticker,FP,112952.0,,-,2892164.0,0.0003
2024-12-31,NGS,Balanced Growth,LISTED EQUITY,1,NEXTDC LTD.,-,NXT,BB Ticker,AU,190671.0,,-,2873416.0,0.0003
2024-12-31,NGS,Balanced Growth,LISTED EQUITY,1,ASML HOLDING NV,-,ASML,BB Ticker,US,2525.0,,-,2826011.0,0.0003
2024-12-31,NGS,Balanced Growth,LISTED EQUITY,1,MCDONALD'S CORP.,-,MCD,BB Ticker,US,6022.0,,-,2819392.0,0.0003
2024-12-31,NGS,Balanced Growth,LISTED EQUITY,1,"NOMURA HOLDINGS, INC.",-,8604,BB Ticker,JP,292654.0,,-,2800951.0,0.0003
2024-12-31,NGS,Balanced Growth,LISTED EQUITY,1,BANK OF NEW YORK MELLON CORP.,-,BK,BB Ticker,US,22539.0,,-,2796745.0,0.0003
2024-12-31,NGS,Balanced Growth,LISTED EQUITY,1,"VERISK ANALYTICS, INC.",-,VRSK,BB Ticker,US,6271.0,,-,2789425.0,0.0003
2024-12-31,NGS,Balanced Growth,LISTED EQUITY,1,AECOM,-,ACM,BB Ticker,US,16146.0,,-,2785627.0,0.0003
2024-12-31,NGS,Balanced Growth,LISTED EQUITY,1,GENERAL MOTORS CO.,-,GM,BB Ticker,US,32045.0,,-,2757100.0,0.0003
2024-12-31,NGS,Balanced Growth,LISTED EQUITY,1,"CBRE GROUP, INC.",-,CBRE,BB Ticker,US,12948.0,,-,2745595.0,0.0003
2024-12-31,NGS,Balanced Growth,LISTED EQUITY,1,"LEIDOS HOLDINGS, INC.",-,LDOS,BB Ticker,US,11762.0,,-,2736737.0,0.0003
2024-12-31,NGS,Balanced Growth,LISTED EQUITY,1,KROGER CO.,-,KR,BB Ticker,US,27699.0,,-,2735655.0,0.0003
2024-12-31,NGS,Balanced Growth,LISTED EQUITY,1,DOMINO'S PIZZA ENTERPRISES LTD.,-,DMP,BB Ticker,AU,92659.0,,-,2727874.0,0.0003
2024-12-31,NGS,Balanced Growth,LISTED EQUITY,1,U.S. BANCORP,-,USB,BB Ticker,US,35272.0,,-,2724788.0,0.0003
2024-12-31,NGS,Balanced Growth,LISTED EQUITY,1,CANADIAN IMPERIAL BANK OF COMMERCE,-,CM,BB Ticker,CN,26679.0,,-,2724393.0,0.0003
2024-12-31,NGS,Balanced Growth,LISTED EQUITY,1,CAPSTONE COPPER CORP.,-,CSC,BB Ticker,AU,277177.0,,-,2719105.0,0.0003
2024-12-31,NGS,Balanced Growth,LISTED EQUITY,1,LENNAR CORP.,-,LEN,BB Ticker,US,12282.0,,-,2705106.0,0.0003
2024-12-31,NGS,Balanced Growth,LISTED EQUITY,1,"CGI, INC.",-,GIBA,BB Ticker,CN,15252.0,,-,2693896.0,0.0003
2024-12-31,NGS,Balanced Growth,LISTED EQUITY,1,"TEXAS INSTRUMENTS, INC.",-,TXN,BB Ticker,US,8878.0,,-,2688837.0,0.0003
2024-12-31,NGS,Balanced Growth,LISTED EQUITY,1,HALLIBURTON CO.,-,HAL,BB Ticker,US,60942.0,,-,2676260.0,0.0003
2024-12-31,NGS,Balanced Growth,LISTED EQUITY,1,DE GREY MINING LTD.,-,DEG,BB Ticker,AU,1509971.0,,-,2665100.0,0.0003
2024-12-31,NGS,Balanced Growth,LISTED EQUITY,1,CANADIAN PACIFIC KANSAS CITY LTD.,-,CP,BB Ticker,CN,22785.0,,-,2663164.0,0.0003
2024-12-31,NGS,Balanced Growth,LISTED EQUITY,1,LINDE PLC,-,LIN,BB Ticker,US,3926.0,,-,2655080.0,0.0003
2024-12-31,NGS,Balanced Growth,LISTED EQUITY,1,BP PLC,-,BP,BB Ticker,LN,330682.0,,-,2628756.0,0.0003
2024-12-31,NGS,Balanced Growth,LISTED EQUITY,1,AON PLC,-,AON,BB Ticker,US,4530.0,,-,2627637.0,0.0003
2024-12-31,NGS,Balanced Growth,LISTED EQUITY,1,ZEBRA TECHNOLOGIES CORP.,-,ZBRA,BB Ticker,US,4199.0,,-,2619131.0,0.0003
2024-12-31,NGS,Balanced Growth,LISTED EQUITY,1,MANULIFE FINANCIAL CORP.,-,MFC,BB Ticker,CN,52780.0,,-,2617510.0,0.0003
2024-12-31,NGS,Balanced Growth,LISTED EQUITY,1,"MIZUHO FINANCIAL GROUP, INC.",-,8411,BB Ticker,JP,65717.0,,-,2615716.0,0.0003
2024-12-31,NGS,Balanced Growth,LISTED EQUITY,1,ST. JAMES'S PLACE PLC,-,STJ,BB Ticker,LN,148942.0,,-,2615081.0,0.0003
2024-12-31,NGS,Balanced Growth,LISTED EQUITY,1,IDP EDUCATION LTD.,-,IEL,BB Ticker,AU,206021.0,,-,2602042.0,0.0002
2024-12-31,NGS,Balanced Growth,LISTED EQUITY,1,GARMIN LTD.,-,GRMN,BB Ticker,US,7804.0,,-,2599504.0,0.0002
2024-12-31,NGS,Balanced Growth,LISTED EQUITY,1,"SS&C TECHNOLOGIES HOLDINGS, INC.",-,SSNC,BB Ticker,US,21163.0,,-,2590297.0,0.0002
2024-12-31,NGS,Balanced Growth,LISTED EQUITY,1,"VEEVA SYSTEMS, INC.",-,VEEV,BB Ticker,US,7615.0,,-,2585728.0,0.0002
2024-12-31,NGS,Balanced Growth,LISTED EQUITY,1,AGNICO EAGLE MINES LTD.,-,AEM,BB Ticker,CN,20423.0,,-,2579462.0,0.0002
2024-12-31,NGS,Balanced Growth,LISTED EQUITY,1,"CUMMINS, INC.",-,CMI,BB Ticker,US,4579.0,,-,2578003.0,0.0002
2024-12-31,NGS,Balanced Growth,LISTED EQUITY,1,METCASH LTD.,-,MTS,BB Ticker,AU,827031.0,,-,2563796.0,0.0002
2024-12-31,NGS,Balanced Growth,LISTED EQUITY,1,THOMSON REUTERS CORP.,-,TRI,BB Ticker,CN,9843.0,,-,2551292.0,0.0002
2024-12-31,NGS,Balanced Growth,LISTED EQUITY,1,EMAAR PROPERTIES PJSC,-,EMAAR,BB Ticker,UH,449456.0,,-,2539612.0,0.0002
2024-12-31,NGS,Balanced Growth,LISTED EQUITY,1,STMICROELECTRONICS NV,-,STMPA,BB Ticker,FP,62257.0,,-,2527552.0,0.0002
2024-12-31,NGS,Balanced Growth,LISTED EQUITY,1,WOLTERS KLUWER NV,-,WKL,BB Ticker,,9341.0,,-,2505944.0,0.0002
2024-12-31,NGS,Balanced Growth,LISTED EQUITY,1,DEUTSCHE BOERSE AG,-,DB1,BB Ticker,GR,6723.0,,-,2500677.0,0.0002
2024-12-31,NGS,Balanced Growth,LISTED EQUITY,1,"FIDELITY NATIONAL INFORMATION SERVICES, INC.",-,FIS,BB Ticker,US,19055.0,,-,2485823.0,0.0002
2024-12-31,NGS,Balanced Growth,LISTED EQUITY,1,EAGERS AUTOMOTIVE LTD.,-,APE,BB Ticker,AU,209331.0,,-,2478483.0,0.0002
2024-12-31,NGS,Balanced Growth,LISTED EQUITY,1,"UNITED PARCEL SERVICE, INC.",-,UPS,BB Ticker,US,12090.0,,-,2462258.0,0.0002
2024-12-31,NGS,Balanced Growth,LISTED EQUITY,1,LOVISA HOLDINGS LTD.,-,LOV,BB Ticker,AU,81526.0,,-,2458823.0,0.0002
2024-12-31,NGS,Balanced Growth,LISTED EQUITY,1,"ZOETIS, INC.",-,ZTS,BB Ticker,US,9325.0,,-,2454022.0,0.0002
2024-12-31,NGS,Balanced Growth,LISTED EQUITY,1,"GODADDY, INC.",-,GDDY,BB Ticker,US,7697.0,,-,2453759.0,0.0002
2024-12-31,NGS,Balanced Growth,LISTED EQUITY,1,"BROADRIDGE FINANCIAL SOLUTIONS, INC.",-,BR,BB Ticker,US,6682.0,,-,2439875.0,0.0002
2024-12-31,NGS,Balanced Growth,LISTED EQUITY,1,"SHOPIFY, INC.",-,SHOP,BB Ticker,CN,14172.0,,-,2434847.0,0.0002
2024-12-31,NGS,Balanced Growth,LISTED EQUITY,1,TRUIST FINANCIAL CORP.,-,TFC,BB Ticker,US,34738.0,,-,2433902.0,0.0002
2024-12-31,NGS,Balanced Growth,LISTED EQUITY,1,"AXON ENTERPRISE, INC.",-,AXON,BB Ticker,US,2533.0,,-,2431742.0,0.0002
2024-12-31,NGS,Balanced Growth,LISTED EQUITY,1,STATE STREET CORP.,-,STT,BB Ticker,US,15271.0,,-,2420849.0,0.0002
2024-12-31,NGS,Balanced Growth,LISTED EQUITY,1,CHINA MENGNIU DAIRY CO. LTD.,-,2319,BB Ticker,HK,662952.0,,-,2420496.0,0.0002
2024-12-31,NGS,Balanced Growth,LISTED EQUITY,1,SAMSUNG ELECTRONICS CO. LTD.,-,005935,BB Ticker,KS,49489.0,,-,2399854.0,0.0002
2024-12-31,NGS,Balanced Growth,LISTED EQUITY,1,AUSTRALIAN CLINICAL LABS LTD.,-,ACL,BB Ticker,AU,695212.0,,-,2391530.0,0.0002
2024-12-31,NGS,Balanced Growth,LISTED EQUITY,1,VODAFONE GROUP PLC,-,VOD,BB Ticker,LN,1727568.0,,-,2386728.0,0.0002
2024-12-31,NGS,Balanced Growth,LISTED EQUITY,1,"FREEPORT-MCMORAN, INC.",-,FCX,BB Ticker,US,38682.0,,-,2379092.0,0.0002
2024-12-31,NGS,Balanced Growth,LISTED EQUITY,1,RIGHTMOVE PLC,-,RMV,BB Ticker,LN,182235.0,,-,2365796.0,0.0002
2024-12-31,NGS,Balanced Growth,LISTED EQUITY,1,BANCO SANTANDER SA,-,SAN,BB Ticker,SM,314641.0,,-,2349321.0,0.0002
2024-12-31,NGS,Balanced Growth,LISTED EQUITY,1,"CONSTELLATION SOFTWARE, INC.",-,CSU,BB Ticker,CN,470.0,,-,2345617.0,0.0002
2024-12-31,NGS,Balanced Growth,LISTED EQUITY,1,AXA SA,-,CS,BB Ticker,FP,40698.0,,-,2336002.0,0.0002
2024-12-31,NGS,Balanced Growth,LISTED EQUITY,1,MERIDIAN ENERGY LTD.,-,MEZ,BB Ticker,AU,425779.0,,-,2294948.0,0.0002
2024-12-31,NGS,Balanced Growth,LISTED EQUITY,1,"SHOPIFY, INC.",-,SHOP,BB Ticker,US,13313.0,,-,2286280.0,0.0002
2024-12-31,NGS,Balanced Growth,LISTED EQUITY,1,"SYNOPSYS, INC.",-,SNPS,BB Ticker,US,2903.0,,-,2275191.0,0.0002
2024-12-31,NGS,Balanced Growth,LISTED EQUITY,1,BROOKFIELD CORP.,-,BN,BB Ticker,CN,24427.0,,-,2266394.0,0.0002
2024-12-31,NGS,Balanced Growth,LISTED EQUITY,1,"GENERAL MILLS, INC.",-,GIS,BB Ticker,US,21968.0,,-,2262619.0,0.0002
2024-12-31,NGS,Balanced Growth,LISTED EQUITY,1,"PALO ALTO NETWORKS, INC.",-,PANW,BB Ticker,US,7697.0,,-,2261974.0,0.0002
2024-12-31,NGS,Balanced Growth,LISTED EQUITY,1,"CARDINAL HEALTH, INC.",-,CAH,BB Ticker,US,11714.0,,-,2237691.0,0.0002
2024-12-31,NGS,Balanced Growth,LISTED EQUITY,1,HOYA CORP.,-,7741,BB Ticker,JP,10988.0,,-,2237452.0,0.0002
2024-12-31,NGS,Balanced Growth,LISTED EQUITY,1,"DATADOG, INC.",-,DDOG,BB Ticker,US,9646.0,,-,2226342.0,0.0002
2024-12-31,NGS,Balanced Growth,LISTED EQUITY,1,VALERO ENERGY CORP.,-,VLO,BB Ticker,US,11152.0,,-,2208052.0,0.0002
2024-12-31,NGS,Balanced Growth,LISTED EQUITY,1,ALIBABA GROUP HOLDING LTD.,-,9988,SEDOL,HK,128809.0,,-,2206842.0,0.0002
2024-12-31,NGS,Balanced Growth,LISTED EQUITY,1,"METTLER-TOLEDO INTERNATIONAL, INC.",-,MTD,BB Ticker,US,1116.0,,-,2205693.0,0.0002
2024-12-31,NGS,Balanced Growth,LISTED EQUITY,1,LIFESTYLE COMMUNITIES LTD.,-,LIC,BB Ticker,AU,256292.0,,-,2193857.0,0.0002
2024-12-31,NGS,Balanced Growth,LISTED EQUITY,1,"HUBSPOT, INC.",-,HUBS,BB Ticker,US,1938.0,,-,2181358.0,0.0002
2024-12-31,NGS,Balanced Growth,LISTED EQUITY,1,"TEXTRON, INC.",-,TXT,BB Ticker,US,17634.0,,-,2178492.0,0.0002
2024-12-31,NGS,Balanced Growth,LISTED EQUITY,1,FAIRFAX FINANCIAL HOLDINGS LTD.,-,FFH,BB Ticker,CN,970.0,,-,2177574.0,0.0002
2024-12-31,NGS,Balanced Growth,LISTED EQUITY,1,"ELECTRONIC ARTS, INC.",-,EA,BB Ticker,US,9212.0,,-,2176602.0,0.0002
2024-12-31,NGS,Balanced Growth,LISTED EQUITY,1,CENTENE CORP.,-,CNC,BB Ticker,US,22126.0,,-,2164851.0,0.0002
2024-12-31,NGS,Balanced Growth,LISTED EQUITY,1,DATA#3 LTD.,-,DTL,BB Ticker,AU,338411.0,,-,2162449.0,0.0002
2024-12-31,NGS,Balanced Growth,LISTED EQUITY,1,ILUKA RESOURCES LTD.,-,ILU,BB Ticker,AU,426469.0,,-,2153665.0,0.0002
2024-12-31,NGS,Balanced Growth,LISTED EQUITY,1,EURONEXT NV,-,ENX,BB Ticker,FP,11830.0,,-,2142701.0,0.0002
2024-12-31,NGS,Balanced Growth,LISTED EQUITY,1,HONDA MOTOR CO. LTD.,-,7267,BB Ticker,JP,135788.0,,-,2142069.0,0.0002
2024-12-31,NGS,Balanced Growth,LISTED EQUITY,1,INFORMA PLC,-,INF,BB Ticker,LN,131800.0,,-,2128556.0,0.0002
2024-12-31,NGS,Balanced Growth,LISTED EQUITY,1,"MARVELL TECHNOLOGY, INC.",-,MRVL,BB Ticker,US,11912.0,,-,2124868.0,0.0002
2024-12-31,NGS,Balanced Growth,LISTED EQUITY,1,LYONDELLBASELL INDUSTRIES NV,-,LYB,BB Ticker,US,17557.0,,-,2106063.0,0.0002
2024-12-31,NGS,Balanced Growth,LISTED EQUITY,1,EQT HOLDINGS LTD.,-,EQT,BB Ticker,AU,65755.0,,-,2104168.0,0.0002
2024-12-31,NGS,Balanced Growth,LISTED EQUITY,1,"TRANSDIGM GROUP, INC.",-,TDG,BB Ticker,US,1023.0,,-,2093336.0,0.0002
2024-12-31,NGS,Balanced Growth,LISTED EQUITY,1,BARRICK GOLD CORP.,-,ABX,BB Ticker,CN,83616.0,,-,2093073.0,0.0002
2024-12-31,NGS,Balanced Growth,LISTED EQUITY,1,EDISON INTERNATIONAL,-,EIX,BB Ticker,US,16174.0,,-,2085702.0,0.0002
2024-12-31,NGS,Balanced Growth,LISTED EQUITY,1,RELIANCE INDUSTRIES LTD.,-,RELIANCE,BB Ticker,IN,90779.0,,-,2081539.0,0.0002
2024-12-31,NGS,Balanced Growth,LISTED EQUITY,1,NINTENDO CO. LTD.,-,7974,BB Ticker,JP,21837.0,,-,2078970.0,0.0002
2024-12-31,NGS,Balanced Growth,LISTED EQUITY,1,TORONTO-DOMINION BANK,-,TD,BB Ticker,CN,24140.0,,-,2074748.0,0.0002
2024-12-31,NGS,Balanced Growth,LISTED EQUITY,1,"WASTE MANAGEMENT, INC.",-,WM,BB Ticker,US,6363.0,,-,2073813.0,0.0002
2024-12-31,NGS,Balanced Growth,LISTED EQUITY,1,KONINKLIJKE AHOLD DELHAIZE NV,-,AD,BB Ticker,,39335.0,,-,2071608.0,0.0002
2024-12-31,NGS,Balanced Growth,LISTED EQUITY,1,MEITUAN,-,3690,SEDOL,HK,65565.0,,-,2068038.0,0.0002
2024-12-31,NGS,Balanced Growth,LISTED EQUITY,1,"EXPEDIA GROUP, INC.",-,EXPE,BB Ticker,US,6858.0,,-,2064039.0,0.0002
2024-12-31,NGS,Balanced Growth,LISTED EQUITY,1,"CONSOLIDATED EDISON, INC.",-,ED,BB Ticker,US,14312.0,,-,2062607.0,0.0002
2024-12-31,NGS,Balanced Growth,LISTED EQUITY,1,EVERSOURCE ENERGY,-,ES,BB Ticker,US,22233.0,,-,2062284.0,0.0002
2024-12-31,NGS,Balanced Growth,LISTED EQUITY,1,"DELTA ELECTRONICS, INC.",-,2308,BB Ticker,TT,97047.0,,-,2058215.0,0.0002
2024-12-31,NGS,Balanced Growth,LISTED EQUITY,1,"BLACKROCK, INC.",-,BLK,BB Ticker,US,1240.0,,-,2053712.0,0.0002
2024-12-31,NGS,Balanced Growth,LISTED EQUITY,1,DANAHER CORP.,-,DHR,BB Ticker,US,5533.0,,-,2051407.0,0.0002
2024-12-31,NGS,Balanced Growth,LISTED EQUITY,1,COMPASS GROUP PLC,-,CPG,BB Ticker,LN,38038.0,,-,2048243.0,0.0002
2024-12-31,NGS,Balanced Growth,LISTED EQUITY,1,APOLLO HOSPITALS ENTERPRISE LTD.,-,APHS,BB Ticker,IN,14842.0,,-,2042963.0,0.0002
2024-12-31,NGS,Balanced Growth,LISTED EQUITY,1,KONGSBERG GRUPPEN ASA,-,KOG,BB Ticker,NO,11217.0,,-,2041783.0,0.0002
2024-12-31,NGS,Balanced Growth,LISTED EQUITY,1,"GE VERNOVA, INC.",-,GEV,BB Ticker,US,3838.0,,-,2038985.0,0.0002
2024-12-31,NGS,Balanced Growth,LISTED EQUITY,1,"EBAY, INC.",-,EBAY,BB Ticker,US,20253.0,,-,2026432.0,0.0002
2024-12-31,NGS,Balanced Growth,LISTED EQUITY,1,CIGNA GROUP,-,CI,BB Ticker,US,4538.0,,-,2023955.0,0.0002
2024-12-31,NGS,Balanced Growth,LISTED EQUITY,1,"TWILIO, INC.",-,TWLO,BB Ticker,US,11568.0,,-,2019441.0,0.0002
2024-12-31,NGS,Balanced Growth,LISTED EQUITY,1,"ROCKWELL AUTOMATION, INC.",-,ROK,BB Ticker,US,4354.0,,-,2009519.0,0.0002
2024-12-31,NGS,Balanced Growth,LISTED EQUITY,1,SKYCITY ENTERTAINMENT GROUP LTD.,-,SKC,BB Ticker,AU,1531422.0,,-,2006163.0,0.0002
2024-12-31,NGS,Balanced Growth,LISTED EQUITY,1,"INTERNATIONAL FLAVORS & FRAGRANCES, INC.",-,IFF,BB Ticker,US,14600.0,,-,1993777.0,0.0002
2024-12-31,NGS,Balanced Growth,LISTED EQUITY,1,ARCH CAPITAL GROUP LTD.,-,ACGL,BB Ticker,US,13324.0,,-,1987335.0,0.0002
2024-12-31,NGS,Balanced Growth,LISTED EQUITY,1,POLYNOVO LTD.,-,PNV,BB Ticker,AU,971694.0,,-,1982256.0,0.0002
2024-12-31,NGS,Balanced Growth,LISTED EQUITY,1,VULCAN STEEL LTD.,-,VSL,BB Ticker,AU,292652.0,,-,1975398.0,0.0002
2024-12-31,NGS,Balanced Growth,LISTED EQUITY,1,"DROPBOX, INC.",-,DBX,BB Ticker,US,40679.0,,-,1973678.0,0.0002
2024-12-31,NGS,Balanced Growth,LISTED EQUITY,1,"TOKIO MARINE HOLDINGS, INC.",-,8766,BB Ticker,JP,33515.0,,-,1972910.0,0.0002
2024-12-31,NGS,Balanced Growth,LISTED EQUITY,1,NATIONAL BANK OF CANADA,-,,N/A,CN,13405.0,,-,1972734.0,0.0002
2024-12-31,NGS,Balanced Growth,LISTED EQUITY,1,NOKIA OYJ,-,NOKIA,BB Ticker,FH,275649.0,,-,1970586.0,0.0002
2024-12-31,NGS,Balanced Growth,LISTED EQUITY,1,"TYSON FOODS, INC.",-,TSN,BB Ticker,US,21154.0,,-,1962504.0,0.0002
2024-12-31,NGS,Balanced Growth,LISTED EQUITY,1,"BROWN & BROWN, INC.",-,BRO,BB Ticker,US,11867.0,,-,1955402.0,0.0002
2024-12-31,NGS,Balanced Growth,LISTED EQUITY,1,"PPG INDUSTRIES, INC.",-,PPG,BB Ticker,US,10109.0,,-,1950318.0,0.0002
2024-12-31,NGS,Balanced Growth,LISTED EQUITY,1,CUSCAL LTD.,-,CCL,BB Ticker,AU,859658.0,,-,1942827.0,0.0002
2024-12-31,NGS,Balanced Growth,LISTED EQUITY,1,INFOSYS LTD.,-,INFY,BB Ticker,US,54854.0,,-,1942031.0,0.0002
2024-12-31,NGS,Balanced Growth,LISTED EQUITY,1,NUTRIEN LTD.,-,NTR,BB Ticker,US,26798.0,,-,1936842.0,0.0002
2024-12-31,NGS,Balanced Growth,LISTED EQUITY,1,CANADIAN NATIONAL RAILWAY CO.,-,CNR,BB Ticker,CN,11808.0,,-,1935596.0,0.0002
2024-12-31,NGS,Balanced Growth,LISTED EQUITY,1,UNILEVER PLC,-,ULVR,BB Ticker,LN,21021.0,,-,1933870.0,0.0002
2024-12-31,NGS,Balanced Growth,LISTED EQUITY,1,G8 EDUCATION LTD.,-,GEM,BB Ticker,AU,1481504.0,,-,1933362.0,0.0002
2024-12-31,NGS,Balanced Growth,LISTED EQUITY,1,SYNCHRONY FINANCIAL,-,SYF,BB Ticker,US,18381.0,,-,1929599.0,0.0002
2024-12-31,NGS,Balanced Growth,LISTED EQUITY,1,ICON PLC,-,ICLR,BB Ticker,US,5697.0,,-,1929575.0,0.0002
2024-12-31,NGS,Balanced Growth,LISTED EQUITY,1,ADVANTEST CORP.,-,6857,BB Ticker,JP,20385.0,,-,1926984.0,0.0002
2024-12-31,NGS,Balanced Growth,LISTED EQUITY,1,KEYERA CORP.,-,KEY,BB Ticker,CN,38987.0,,-,1924724.0,0.0002
2024-12-31,NGS,Balanced Growth,LISTED EQUITY,1,PARTNERS GROUP HOLDING AG,-,PGHN,BB Ticker,SW,878.0,,-,1923825.0,0.0002
2024-12-31,NGS,Balanced Growth,LISTED EQUITY,1,ALDAR PROPERTIES PJSC,-,ALDAR,BB Ticker,UH,569089.0,,-,1921845.0,0.0002
2024-12-31,NGS,Balanced Growth,LISTED EQUITY,1,KDDI CORP.,-,9433,BB Ticker,JP,37040.0,,-,1919245.0,0.0002
2024-12-31,NGS,Balanced Growth,LISTED EQUITY,1,HEINEKEN NV,-,HEIA,BB Ticker,,16700.0,,-,1918740.0,0.0002
2024-12-31,NGS,Balanced Growth,LISTED EQUITY,1,NORTHERN TRUST CORP.,-,NTRS,BB Ticker,US,11578.0,,-,1916783.0,0.0002
2024-12-31,NGS,Balanced Growth,LISTED EQUITY,1,"ILLUMINA, INC.",-,ILMN,BB Ticker,US,8836.0,,-,1906968.0,0.0002
2024-12-31,NGS,Balanced Growth,LISTED EQUITY,1,"ILLINOIS TOOL WORKS, INC.",-,ITW,BB Ticker,US,4654.0,,-,1906000.0,0.0002
2024-12-31,NGS,Balanced Growth,LISTED EQUITY,1,KINGDEE INTERNATIONAL SOFTWARE GROUP CO. LTD.,-,268,BB Ticker,HK,1074312.0,,-,1905361.0,0.0002
2024-12-31,NGS,Balanced Growth,LISTED EQUITY,1,KONINKLIJKE PHILIPS NV,-,PHIA,BB Ticker,,46554.0,,-,1899757.0,0.0002
2024-12-31,NGS,Balanced Growth,LISTED EQUITY,1,SUPER RETAIL GROUP LTD.,-,SUL,BB Ticker,AU,124998.0,,-,1897464.0,0.0002
2024-12-31,NGS,Balanced Growth,LISTED EQUITY,1,BOOZ ALLEN HAMILTON HOLDING CORP.,-,BAH,BB Ticker,US,9039.0,,-,1878845.0,0.0002
2024-12-31,NGS,Balanced Growth,LISTED EQUITY,1,CLOROX CO.,-,CLX,BB Ticker,US,7158.0,,-,1877558.0,0.0002
2024-12-31,NGS,Balanced Growth,LISTED EQUITY,1,TRACTOR SUPPLY CO.,-,TSCO,BB Ticker,US,21678.0,,-,1857746.0,0.0002
2024-12-31,NGS,Balanced Growth,LISTED EQUITY,1,AMPOL LTD.,-,ALD,BB Ticker,AU,65525.0,,-,1847140.0,0.0002
2024-12-31,NGS,Balanced Growth,LISTED EQUITY,1,"NIKE, INC.",-,NKE,BB Ticker,US,15046.0,,-,1838936.0,0.0002
2024-12-31,NGS,Balanced Growth,LISTED EQUITY,1,SEA LTD.,-,SE,BB Ticker,US,10702.0,,-,1833831.0,0.0002
2024-12-31,NGS,Balanced Growth,LISTED EQUITY,1,"ELEVANCE HEALTH, INC.",-,ELV,BB Ticker,US,3078.0,,-,1833437.0,0.0002
2024-12-31,NGS,Balanced Growth,LISTED EQUITY,1,GENTRACK GROUP LTD.,-,GTK,BB Ticker,AU,156862.0,,-,1818029.0,0.0002
2024-12-31,NGS,Balanced Growth,LISTED EQUITY,1,PEET LTD.,-,PPC,BB Ticker,AU,1248851.0,,-,1817078.0,0.0002
2024-12-31,NGS,Balanced Growth,LISTED EQUITY,1,LOEWS CORP.,-,L,BB Ticker,US,13251.0,,-,1812475.0,0.0002
2024-12-31,NGS,Balanced Growth,LISTED EQUITY,1,"ALNYLAM PHARMACEUTICALS, INC.",-,ALNY,BB Ticker,US,4747.0,,-,1804271.0,0.0002
2024-12-31,NGS,Balanced Growth,LISTED EQUITY,1,"ZOOM COMMUNICATIONS, INC.",-,ZM,BB Ticker,US,13664.0,,-,1801028.0,0.0002
2024-12-31,NGS,Balanced Growth,LISTED EQUITY,1,TELKOM INDONESIA PERSERO TBK. PT,-,TLKM,BB Ticker,IJ,6617806.0,,-,1799684.0,0.0002
2024-12-31,NGS,Balanced Growth,LISTED EQUITY,1,GLENCORE PLC,-,GLEN,BB Ticker,LN,249874.0,,-,1786217.0,0.0002
2024-12-31,NGS,Balanced Growth,LISTED EQUITY,1,"T-MOBILE U.S., INC.",-,TMUS,BB Ticker,US,5003.0,,-,1783630.0,0.0002
2024-12-31,NGS,Balanced Growth,LISTED EQUITY,1,EMERSON ELECTRIC CO.,-,EMR,BB Ticker,US,8884.0,,-,1778364.0,0.0002
2024-12-31,NGS,Balanced Growth,LISTED EQUITY,1,KRAFT HEINZ CO.,-,KHC,BB Ticker,US,35830.0,,-,1777187.0,0.0002
2024-12-31,NGS,Balanced Growth,LISTED EQUITY,1,"KINDER MORGAN, INC.",-,KMI,BB Ticker,US,40114.0,,-,1775242.0,0.0002
2024-12-31,NGS,Balanced Growth,LISTED EQUITY,1,ZALANDO SE,-,ZAL,BB Ticker,GR,32754.0,,-,1774295.0,0.0002
2024-12-31,NGS,Balanced Growth,LISTED EQUITY,1,COGNIZANT TECHNOLOGY SOLUTIONS CORP.,-,CTSH,BB Ticker,US,14270.0,,-,1772356.0,0.0002
2024-12-31,NGS,Balanced Growth,LISTED EQUITY,1,SAMSONITE INTERNATIONAL SA,-,1910,BB Ticker,HK,389744.0,,-,1750374.0,0.0002
2024-12-31,NGS,Balanced Growth,LISTED EQUITY,1,"BDO UNIBANK, INC.",-,BDO,BB Ticker,PM,435097.0,,-,1749390.0,0.0002
2024-12-31,NGS,Balanced Growth,LISTED EQUITY,1,MCKESSON CORP.,-,MCK,BB Ticker,US,1898.0,,-,1747308.0,0.0002
2024-12-31,NGS,Balanced Growth,LISTED EQUITY,1,"KKR & CO., INC.",-,KKR,BB Ticker,US,7288.0,,-,1740965.0,0.0002
2024-12-31,NGS,Balanced Growth,LISTED EQUITY,1,QUALITAS LTD.,-,QAL,BB Ticker,AU,636863.0,,-,1738636.0,0.0002
2024-12-31,NGS,Balanced Growth,LISTED EQUITY,1,"CORE & MAIN, INC.",-,CNM,BB Ticker,US,21142.0,,-,1738434.0,0.0002
2024-12-31,NGS,Balanced Growth,LISTED EQUITY,1,"EXPEDITORS INTERNATIONAL OF WASHINGTON, INC.",-,EXPD,BB Ticker,US,9708.0,,-,1736890.0,0.0002
2024-12-31,NGS,Balanced Growth,LISTED EQUITY,1,"MS&AD INSURANCE GROUP HOLDINGS, INC.",-,8725,SEDOL,JP,48995.0,,-,1736609.0,0.0002
2024-12-31,NGS,Balanced Growth,LISTED EQUITY,1,VOLVO AB,-,VOLVB,BB Ticker,SS,44203.0,,-,1735509.0,0.0002
2024-12-31,NGS,Balanced Growth,LISTED EQUITY,1,LEONARDO SPA,-,LDO,BB Ticker,IM,39952.0,,-,1732598.0,0.0002
2024-12-31,NGS,Balanced Growth,LISTED EQUITY,1,LEGRAND SA,-,LR,BB Ticker,FP,11003.0,,-,1730474.0,0.0002
2024-12-31,NGS,Balanced Growth,LISTED EQUITY,1,AIRBUS SE,-,AIR,BB Ticker,FP,6669.0,,-,1726402.0,0.0002
2024-12-31,NGS,Balanced Growth,LISTED EQUITY,1,"CARLISLE COS., INC.",-,CSL,BB Ticker,US,2891.0,,-,1721989.0,0.0002
2024-12-31,NGS,Balanced Growth,LISTED EQUITY,1,SMARTGROUP CORP. LTD.,-,SIQ,BB Ticker,AU,220915.0,,-,1716510.0,0.0002
2024-12-31,NGS,Balanced Growth,LISTED EQUITY,1,J SAINSBURY PLC,-,SBRY,BB Ticker,LN,310148.0,,-,1716454.0,0.0002
2024-12-31,NGS,Balanced Growth,LISTED EQUITY,1,COBRAM ESTATE OLIVES LTD.,-,CBO,BB Ticker,AU,797810.0,,-,1715291.0,0.0002
2024-12-31,NGS,Balanced Growth,LISTED EQUITY,1,KOMATSU LTD.,-,6301,BB Ticker,JP,38284.0,,-,1711440.0,0.0002
2024-12-31,NGS,Balanced Growth,LISTED EQUITY,1,"MCCORMICK & CO., INC.",-,MKC,BB Ticker,US,13872.0,,-,1708132.0,0.0002
2024-12-31,NGS,Balanced Growth,LISTED EQUITY,1,STRAUMANN HOLDING AG,-,STMN,BB Ticker,SW,8346.0,,-,1699448.0,0.0002
2024-12-31,NGS,Balanced Growth,LISTED EQUITY,1,AVERY DENNISON CORP.,-,AVY,BB Ticker,US,5609.0,,-,1695289.0,0.0002
2024-12-31,NGS,Balanced Growth,LISTED EQUITY,1,DAIICHI SANKYO CO. LTD.,-,4568,BB Ticker,JP,37316.0,,-,1668958.0,0.0002
2024-12-31,NGS,Balanced Growth,LISTED EQUITY,1,CHECK POINT SOFTWARE TECHNOLOGIES LTD.,-,CHKP,BB Ticker,US,5492.0,,-,1655969.0,0.0002
2024-12-31,NGS,Balanced Growth,LISTED EQUITY,1,ING GROEP NV,-,INGA,BB Ticker,,65417.0,,-,1655325.0,0.0002
2024-12-31,NGS,Balanced Growth,LISTED EQUITY,1,UNITED THERAPEUTICS CORP.,-,UTHR,BB Ticker,US,2899.0,,-,1652017.0,0.0002
2024-12-31,NGS,Balanced Growth,LISTED EQUITY,1,"MONDELEZ INTERNATIONAL, INC.",-,MDLZ,BB Ticker,US,16858.0,,-,1626356.0,0.0002
2024-12-31,NGS,Balanced Growth,LISTED EQUITY,1,OTIS WORLDWIDE CORP.,-,OTIS,BB Ticker,US,10819.0,,-,1618138.0,0.0002
2024-12-31,NGS,Balanced Growth,LISTED EQUITY,1,"ACUITY BRANDS, INC.",-,AYI,BB Ticker,US,3429.0,,-,1617847.0,0.0002
2024-12-31,NGS,Balanced Growth,LISTED EQUITY,1,"MSCI, INC.",-,MSCI,BB Ticker,US,1669.0,,-,1617261.0,0.0002
2024-12-31,NGS,Balanced Growth,LISTED EQUITY,1,AXIS BANK LTD.,-,AXSB,BB Ticker,IN,80310.0,,-,1613088.0,0.0002
2024-12-31,NGS,Balanced Growth,LISTED EQUITY,1,TAKEDA PHARMACEUTICAL CO. LTD.,-,4502,BB Ticker,JP,37524.0,,-,1612288.0,0.0002
2024-12-31,NGS,Balanced Growth,LISTED EQUITY,1,"INTERNATIONAL CONTAINER TERMINAL SERVICES, INC.",-,ICT,BB Ticker,PM,148856.0,,-,1604324.0,0.0002
2024-12-31,NGS,Balanced Growth,LISTED EQUITY,1,E.ON SE,-,EOAN,BB Ticker,GR,85240.0,,-,1603099.0,0.0002
2024-12-31,NGS,Balanced Growth,LISTED EQUITY,1,EDWARDS LIFESCIENCES CORP.,-,EW,BB Ticker,US,13348.0,,-,1595988.0,0.0002
2024-12-31,NGS,Balanced Growth,LISTED EQUITY,1,ZURICH INSURANCE GROUP AG,-,ZURN,BB Ticker,SW,1659.0,,-,1592558.0,0.0002
2024-12-31,NGS,Balanced Growth,LISTED EQUITY,1,MERCEDES-BENZ GROUP AG,-,MBG,BB Ticker,GR,17656.0,,-,1588711.0,0.0002
2024-12-31,NGS,Balanced Growth,LISTED EQUITY,1,MITSUBISHI HEAVY INDUSTRIES LTD.,-,7011,BB Ticker,JP,69519.0,,-,1588181.0,0.0002
2024-12-31,NGS,Balanced Growth,LISTED EQUITY,1,MTU AERO ENGINES AG,-,MTX,BB Ticker,GR,2943.0,,-,1584960.0,0.0002
2024-12-31,NGS,Balanced Growth,LISTED EQUITY,1,"AMETEK, INC.",-,AME,BB Ticker,US,5441.0,,-,1584161.0,0.0002
2024-12-31,NGS,Balanced Growth,LISTED EQUITY,1,SEVERN TRENT PLC,-,SVT,BB Ticker,LN,31207.0,,-,1583176.0,0.0002
2024-12-31,NGS,Balanced Growth,LISTED EQUITY,1,GRAINCORP LTD.,-,GNC,BB Ticker,AU,215590.0,,-,1582430.0,0.0002
2024-12-31,NGS,Balanced Growth,LISTED EQUITY,1,PARKLAND CORP.,-,PKI,BB Ticker,CN,43261.0,,-,1579445.0,0.0002
2024-12-31,NGS,Balanced Growth,LISTED EQUITY,1,"BLACKSTONE, INC.",-,BX,BB Ticker,US,5669.0,,-,1578767.0,0.0002
2024-12-31,NGS,Balanced Growth,LISTED EQUITY,1,"ASSURANT, INC.",-,AIZ,BB Ticker,US,4574.0,,-,1575161.0,0.0002
2024-12-31,NGS,Balanced Growth,LISTED EQUITY,1,"BIOGEN, INC.",-,BIIB,BB Ticker,US,6361.0,,-,1571059.0,0.0002
2024-12-31,NGS,Balanced Growth,LISTED EQUITY,1,CONSTELLATION ENERGY CORP.,-,CEG,BB Ticker,US,4330.0,,-,1564517.0,0.0001
2024-12-31,NGS,Balanced Growth,LISTED EQUITY,1,HINDALCO INDUSTRIES LTD.,-,HNDL,BB Ticker,IN,136791.0,,-,1554668.0,0.0001
2024-12-31,NGS,Balanced Growth,LISTED EQUITY,1,WIX.COM LTD.,-,WIX,BB Ticker,US,4484.0,,-,1553857.0,0.0001
2024-12-31,NGS,Balanced Growth,LISTED EQUITY,1,BOEING CO.,-,BA,BB Ticker,US,5434.0,,-,1553339.0,0.0001
2024-12-31,NGS,Balanced Growth,LISTED EQUITY,1,"RESMED, INC.",-,RMD,BB Ticker,US,4192.0,,-,1548552.0,0.0001
2024-12-31,NGS,Balanced Growth,LISTED EQUITY,1,"CHIPOTLE MEXICAN GRILL, INC.",-,CMG,BB Ticker,US,15900.0,,-,1548462.0,0.0001
2024-12-31,NGS,Balanced Growth,LISTED EQUITY,1,REGIS RESOURCES LTD.,-,RRL,BB Ticker,AU,606860.0,,-,1547492.0,0.0001
2024-12-31,NGS,Balanced Growth,LISTED EQUITY,1,"FORTUNE BRANDS INNOVATIONS, INC.",-,FBIN,BB Ticker,US,14002.0,,-,1545325.0,0.0001
2024-12-31,NGS,Balanced Growth,LISTED EQUITY,1,"ADVANCED DRAINAGE SYSTEMS, INC.",-,WMS,BB Ticker,US,8260.0,,-,1542195.0,0.0001
2024-12-31,NGS,Balanced Growth,LISTED EQUITY,1,VOLTRONIC POWER TECHNOLOGY CORP.,-,6409,BB Ticker,TT,16765.0,,-,1536235.0,0.0001
2024-12-31,NGS,Balanced Growth,LISTED EQUITY,1,PEMBINA PIPELINE CORP.,-,PPL,BB Ticker,CN,25726.0,,-,1534374.0,0.0001
2024-12-31,NGS,Balanced Growth,LISTED EQUITY,1,"GQG PARTNERS, INC.",-,GQG,BB Ticker,AU,740669.0,,-,1533184.0,0.0001
2024-12-31,NGS,Balanced Growth,LISTED EQUITY,1,TORO CO.,-,TTC,BB Ticker,US,11847.0,,-,1532672.0,0.0001
2024-12-31,NGS,Balanced Growth,LISTED EQUITY,1,"JACK HENRY & ASSOCIATES, INC.",-,JKHY,BB Ticker,US,5413.0,,-,1532550.0,0.0001
2024-12-31,NGS,Balanced Growth,LISTED EQUITY,1,STANDARD CHARTERED PLC,-,STAN,BB Ticker,LN,76621.0,,-,1532207.0,0.0001
2024-12-31,NGS,Balanced Growth,LISTED EQUITY,1,ON HOLDING AG,-,ONON,BB Ticker,US,17258.0,,-,1526636.0,0.0001
2024-12-31,NGS,Balanced Growth,LISTED EQUITY,1,AUTO TRADER GROUP PLC,-,AUTO,BB Ticker,LN,94904.0,,-,1522317.0,0.0001
2024-12-31,NGS,Balanced Growth,LISTED EQUITY,1,INCYTE CORP.,-,INCY,BB Ticker,US,13602.0,,-,1517426.0,0.0001
2024-12-31,NGS,Balanced Growth,LISTED EQUITY,1,GRAB HOLDINGS LTD.,-,GRAB,BB Ticker,US,198856.0,,-,1515949.0,0.0001
2024-12-31,NGS,Balanced Growth,LISTED EQUITY,1,"NVR, INC.",-,NVR,BB Ticker,US,114.0,,-,1506203.0,0.0001
2024-12-31,NGS,Balanced Growth,LISTED EQUITY,1,GWA GROUP LTD.,-,GWA,BB Ticker,AU,620193.0,,-,1500867.0,0.0001
2024-12-31,NGS,Balanced Growth,LISTED EQUITY,1,"MEDIATEK, INC.",-,2454,BB Ticker,TT,21422.0,,-,1493324.0,0.0001
2024-12-31,NGS,Balanced Growth,LISTED EQUITY,1,RELX PLC,-,REN,BB Ticker,,20404.0,,-,1491899.0,0.0001
2024-12-31,NGS,Balanced Growth,LISTED EQUITY,1,"PULTEGROUP, INC.",-,PHM,BB Ticker,US,8401.0,,-,1477728.0,0.0001
2024-12-31,NGS,Balanced Growth,LISTED EQUITY,1,NITTO DENKO CORP.,-,6988,BB Ticker,JP,53555.0,,-,1475024.0,0.0001
2024-12-31,NGS,Balanced Growth,LISTED EQUITY,1,REECE LTD.,-,REH,BB Ticker,AU,65720.0,,-,1470814.0,0.0001
2024-12-31,NGS,Balanced Growth,LISTED EQUITY,1,"OKTA, INC.",-,OKTA,BB Ticker,US,11550.0,,-,1469979.0,0.0001
2024-12-31,NGS,Balanced Growth,LISTED EQUITY,1,NARI TECHNOLOGY CO. LTD.,-,600406,BB Ticker,C1,262122.0,,-,1462766.0,0.0001
2024-12-31,NGS,Balanced Growth,LISTED EQUITY,1,BOC HONG KONG HOLDINGS LTD.,-,2388,BB Ticker,HK,280561.0,,-,1455441.0,0.0001
2024-12-31,NGS,Balanced Growth,LISTED EQUITY,1,DEERE & CO.,-,DE,BB Ticker,US,2125.0,,-,1454147.0,0.0001
2024-12-31,NGS,Balanced Growth,LISTED EQUITY,1,UNILEVER PLC,-,UNA,BB Ticker,,15843.0,,-,1454110.0,0.0001
2024-12-31,NGS,Balanced Growth,LISTED EQUITY,1,"DT MIDSTREAM, INC.",-,DTM,BB Ticker,US,9032.0,,-,1450433.0,0.0001
2024-12-31,NGS,Balanced Growth,LISTED EQUITY,1,GAZTRANSPORT ET TECHNIGAZ SA,-,GTT,BB Ticker,FP,6730.0,,-,1447471.0,0.0001
2024-12-31,NGS,Balanced Growth,LISTED EQUITY,1,XIAOMI CORP.,-,1810,SEDOL,HK,200677.0,,-,1439507.0,0.0001
2024-12-31,NGS,Balanced Growth,LISTED EQUITY,1,CHINA RESOURCES BEER HOLDINGS CO. LTD.,-,291,BB Ticker,HK,273996.0,,-,1438476.0,0.0001
2024-12-31,NGS,Balanced Growth,LISTED EQUITY,1,"IDEXX LABORATORIES, INC.",-,IDXX,BB Ticker,US,2144.0,,-,1431393.0,0.0001
2024-12-31,NGS,Balanced Growth,LISTED EQUITY,1,MAX HEALTHCARE INSTITUTE LTD.,-,MAXHEALT,BB Ticker,IN,67251.0,,-,1431283.0,0.0001
2024-12-31,NGS,Balanced Growth,LISTED EQUITY,1,FAIR ISAAC CORP.,-,FICO,BB Ticker,US,445.0,,-,1428800.0,0.0001
2024-12-31,NGS,Balanced Growth,LISTED EQUITY,1,SITEMINDER LTD.,-,SDR,BB Ticker,AU,236501.0,,-,1428468.0,0.0001
2024-12-31,NGS,Balanced Growth,LISTED EQUITY,1,"FERGUSON ENTERPRISES, INC.",-,FERG,BB Ticker,US,5086.0,,-,1425795.0,0.0001
2024-12-31,NGS,Balanced Growth,LISTED EQUITY,1,"CLEAN HARBORS, INC.",-,CLH,BB Ticker,US,3785.0,,-,1407080.0,0.0001
2024-12-31,NGS,Balanced Growth,LISTED EQUITY,1,PAYLOCITY HOLDING CORP.,-,PCTY,BB Ticker,US,4350.0,,-,1401451.0,0.0001
2024-12-31,NGS,Balanced Growth,LISTED EQUITY,1,ALIBABA GROUP HOLDING LTD.,-,BABA,BB Ticker,US,10193.0,,-,1395952.0,0.0001
2024-12-31,NGS,Balanced Growth,LISTED EQUITY,1,"GUIDEWIRE SOFTWARE, INC.",-,GWRE,BB Ticker,US,5120.0,,-,1394024.0,0.0001
2024-12-31,NGS,Balanced Growth,LISTED EQUITY,1,"HASBRO, INC.",-,HAS,BB Ticker,US,15412.0,,-,1391675.0,0.0001
2024-12-31,NGS,Balanced Growth,LISTED EQUITY,1,SERVICE CORP. INTERNATIONAL,-,SCI,BB Ticker,US,10760.0,,-,1387180.0,0.0001
2024-12-31,NGS,Balanced Growth,LISTED EQUITY,1,TECHNIPFMC PLC,-,FTI,BB Ticker,US,29648.0,,-,1385801.0,0.0001
2024-12-31,NGS,Balanced Growth,LISTED EQUITY,1,ADVANTECH CO. LTD.,-,2395,BB Ticker,TT,80851.0,,-,1380146.0,0.0001
2024-12-31,NGS,Balanced Growth,LISTED EQUITY,1,"ANALOG DEVICES, INC.",-,ADI,BB Ticker,US,4008.0,,-,1375339.0,0.0001
2024-12-31,NGS,Balanced Growth,LISTED EQUITY,1,ASSA ABLOY AB,-,ASSAB,BB Ticker,SS,28773.0,,-,1374464.0,0.0001
2024-12-31,NGS,Balanced Growth,LISTED EQUITY,1,PROSUS NV,-,PRX,BB Ticker,,21334.0,,-,1368311.0,0.0001
2024-12-31,NGS,Balanced Growth,LISTED EQUITY,1,"DAIWA SECURITIES GROUP, INC.",-,8601,BB Ticker,JP,126805.0,,-,1365714.0,0.0001
2024-12-31,NGS,Balanced Growth,LISTED EQUITY,1,NAVIGATOR GLOBAL INVESTMENTS LTD.,-,NGI,BB Ticker,AU,793716.0,,-,1365191.0,0.0001
2024-12-31,NGS,Balanced Growth,LISTED EQUITY,1,BROOKFIELD CORP.,-,BN,BB Ticker,US,14662.0,,-,1360502.0,0.0001
2024-12-31,NGS,Balanced Growth,LISTED EQUITY,1,"BORGWARNER, INC.",-,BWA,BB Ticker,US,26308.0,,-,1350795.0,0.0001
2024-12-31,NGS,Balanced Growth,LISTED EQUITY,1,SANKYO CO. LTD.,-,6417,SEDOL,JP,61502.0,,-,1345006.0,0.0001
2024-12-31,NGS,Balanced Growth,LISTED EQUITY,1,CREDIT CORP. GROUP LTD.,-,CCP,BB Ticker,AU,84111.0,,-,1344931.0,0.0001
2024-12-31,NGS,Balanced Growth,LISTED EQUITY,1,BE SEMICONDUCTOR INDUSTRIES NV,-,BESI,BB Ticker,,6077.0,,-,1344778.0,0.0001
2024-12-31,NGS,Balanced Growth,LISTED EQUITY,1,CIA DE SANEAMENTO BASICO DO ESTADO DE SAO PAULO SABESP,-,SBSP3,BB Ticker,BZ,57978.0,,-,1341444.0,0.0001
2024-12-31,NGS,Balanced Growth,LISTED EQUITY,1,"TAKARA HOLDINGS, INC.",-,2531,BB Ticker,JP,96123.0,,-,1338533.0,0.0001
2024-12-31,NGS,Balanced Growth,LISTED EQUITY,1,POOL CORP.,-,POOL,BB Ticker,US,2423.0,,-,1334499.0,0.0001
2024-12-31,NGS,Balanced Growth,LISTED EQUITY,1,UNI-PRESIDENT ENTERPRISES CORP.,-,1216,BB Ticker,TT,333770.0,,-,1330245.0,0.0001
2024-12-31,NGS,Balanced Growth,LISTED EQUITY,1,STARBUCKS CORP.,-,SBUX,BB Ticker,US,9015.0,,-,1328561.0,0.0001
2024-12-31,NGS,Balanced Growth,LISTED EQUITY,1,RELX PLC,-,REL,BB Ticker,LN,18085.0,,-,1327563.0,0.0001
2024-12-31,NGS,Balanced Growth,LISTED EQUITY,1,"AMERIPRISE FINANCIAL, INC.",-,AMP,BB Ticker,US,1541.0,,-,1325171.0,0.0001
2024-12-31,NGS,Balanced Growth,LISTED EQUITY,1,SUN PHARMACEUTICAL INDUSTRIES LTD.,-,SUNP,BB Ticker,IN,37234.0,,-,1325034.0,0.0001
2024-12-31,NGS,Balanced Growth,LISTED EQUITY,1,MITSUBISHI ELECTRIC CORP.,-,6503,SEDOL,JP,47958.0,,-,1324309.0,0.0001
2024-12-31,NGS,Balanced Growth,LISTED EQUITY,1,TC ENERGY CORP.,-,TRP,BB Ticker,CN,17591.0,,-,1323383.0,0.0001
2024-12-31,NGS,Balanced Growth,LISTED EQUITY,1,SINGAPORE TELECOMMUNICATIONS LTD.,-,ST,BB Ticker,SP,360376.0,,-,1314109.0,0.0001
2024-12-31,NGS,Balanced Growth,LISTED EQUITY,1,ENEL SPA,-,ENEL,BB Ticker,IM,113508.0,,-,1307211.0,0.0001
2024-12-31,NGS,Balanced Growth,LISTED EQUITY,1,ANTA SPORTS PRODUCTS LTD.,-,2020,BB Ticker,HK,80713.0,,-,1306471.0,0.0001
2024-12-31,NGS,Balanced Growth,LISTED EQUITY,1,ADYEN NV,-,ADYEN,BB Ticker,,543.0,,-,1305372.0,0.0001
2024-12-31,NGS,Balanced Growth,LISTED EQUITY,1,EXPERIAN PLC,-,EXPN,BB Ticker,LN,18714.0,,-,1304072.0,0.0001
2024-12-31,NGS,Balanced Growth,LISTED EQUITY,1,VERRA MOBILITY CORP.,-,VRRM,BB Ticker,US,33330.0,,-,1301656.0,0.0001
2024-12-31,NGS,Balanced Growth,LISTED EQUITY,1,INVESTEC PLC,-,INVP,BB Ticker,LN,118119.0,,-,1299773.0,0.0001
2024-12-31,NGS,Balanced Growth,LISTED EQUITY,1,MALAYSIA AIRPORTS HOLDINGS BHD.,-,MAHB,BB Ticker,MK,339782.0,,-,1298486.0,0.0001
2024-12-31,NGS,Balanced Growth,LISTED EQUITY,1,CRODA INTERNATIONAL PLC,-,CRDA,BB Ticker,LN,18948.0,,-,1297400.0,0.0001
2024-12-31,NGS,Balanced Growth,LISTED EQUITY,1,HYUNDAI MOTOR CO.,-,005380,BB Ticker,KS,5566.0,,-,1294494.0,0.0001
2024-12-31,NGS,Balanced Growth,LISTED EQUITY,1,NORDEA BANK ABP,-,NDA,BB Ticker,FH,73435.0,,-,1289575.0,0.0001
2024-12-31,NGS,Balanced Growth,LISTED EQUITY,1,SOUTHERN CO.,-,SO,BB Ticker,US,9688.0,,-,1288125.0,0.0001
2024-12-31,NGS,Balanced Growth,LISTED EQUITY,1,"HOWMET AEROSPACE, INC.",-,HWM,BB Ticker,US,7271.0,,-,1284280.0,0.0001
2024-12-31,NGS,Balanced Growth,LISTED EQUITY,1,"VERISIGN, INC.",-,VRSN,BB Ticker,US,3832.0,,-,1280833.0,0.0001
2024-12-31,NGS,Balanced Growth,LISTED EQUITY,1,LA FRANCAISE DES JEUX SACA,-,FDJ,BB Ticker,FP,20565.0,,-,1280159.0,0.0001
2024-12-31,NGS,Balanced Growth,LISTED EQUITY,1,"GMO PAYMENT GATEWAY, INC.",-,3769,BB Ticker,JP,15617.0,,-,1279334.0,0.0001
2024-12-31,NGS,Balanced Growth,LISTED EQUITY,1,FLEETPARTNERS GROUP LTD.,-,FPR,BB Ticker,AU,474317.0,,-,1275913.0,0.0001
2024-12-31,NGS,Balanced Growth,LISTED EQUITY,1,DNB BANK ASA,-,DNB,BB Ticker,NO,39182.0,,-,1264286.0,0.0001
2024-12-31,NGS,Balanced Growth,LISTED EQUITY,1,GENPACT LTD.,-,G,BB Ticker,US,18220.0,,-,1263898.0,0.0001
2024-12-31,NGS,Balanced Growth,LISTED EQUITY,1,PUBLICIS GROUPE SA,-,PUB,BB Ticker,FP,7337.0,,-,1263845.0,0.0001
2024-12-31,NGS,Balanced Growth,LISTED EQUITY,1,PHILLIPS 66,-,PSX,BB Ticker,US,6801.0,,-,1251486.0,0.0001
2024-12-31,NGS,Balanced Growth,LISTED EQUITY,1,VINCI SA,-,DG,BB Ticker,FP,7487.0,,-,1248973.0,0.0001
2024-12-31,NGS,Balanced Growth,LISTED EQUITY,1,SOFTBANK GROUP CORP.,-,9984,BB Ticker,JP,13198.0,,-,1245877.0,0.0001
2024-12-31,NGS,Balanced Growth,LISTED EQUITY,1,COLOPLAST AS,-,COLOB,BB Ticker,DC,7063.0,,-,1245380.0,0.0001
2024-12-31,NGS,Balanced Growth,LISTED EQUITY,1,"HOULIHAN LOKEY, INC.",-,HLI,BB Ticker,US,4440.0,,-,1245310.0,0.0001
2024-12-31,NGS,Balanced Growth,LISTED EQUITY,1,BUNZL PLC,-,BNZL,BB Ticker,LN,18645.0,,-,1243062.0,0.0001
2024-12-31,NGS,Balanced Growth,LISTED EQUITY,1,DAIKIN INDUSTRIES LTD.,-,6367,BB Ticker,JP,6427.0,,-,1232415.0,0.0001
2024-12-31,NGS,Balanced Growth,LISTED EQUITY,1,CHOCOLADEFABRIKEN LINDT & SPRUENGLI AG,-,LISN,BB Ticker,SW,6.0,,-,1231564.0,0.0001
2024-12-31,NGS,Balanced Growth,LISTED EQUITY,1,FAST RETAILING CO. LTD.,-,9983,BB Ticker,JP,2211.0,,-,1223084.0,0.0001
2024-12-31,NGS,Balanced Growth,LISTED EQUITY,1,TRIP.COM GROUP LTD.,-,9961,BB Ticker,HK,10849.0,,-,1218124.0,0.0001
2024-12-31,NGS,Balanced Growth,LISTED EQUITY,1,"ROSS STORES, INC.",-,ROST,BB Ticker,US,4980.0,,-,1216611.0,0.0001
2024-12-31,NGS,Balanced Growth,LISTED EQUITY,1,AIR LIQUIDE SA,-,AI,BB Ticker,FP,4631.0,,-,1215451.0,0.0001
2024-12-31,NGS,Balanced Growth,LISTED EQUITY,1,DUKE ENERGY CORP.,-,DUK,BB Ticker,US,6959.0,,-,1210908.0,0.0001
2024-12-31,NGS,Balanced Growth,LISTED EQUITY,1,UOL GROUP LTD.,-,UOL,BB Ticker,SP,198120.0,,-,1210330.0,0.0001
2024-12-31,NGS,Balanced Growth,LISTED EQUITY,1,"HILTON WORLDWIDE HOLDINGS, INC.",-,HLT,BB Ticker,US,3025.0,,-,1207422.0,0.0001
2024-12-31,NGS,Balanced Growth,LISTED EQUITY,1,SUMITOMO CORP.,-,8053,BB Ticker,JP,34137.0,,-,1202625.0,0.0001
2024-12-31,NGS,Balanced Growth,LISTED EQUITY,1,BAJAJ FINANCE LTD.,-,BAF,BB Ticker,IN,9342.0,,-,1202489.0,0.0001
2024-12-31,NGS,Balanced Growth,LISTED EQUITY,1,"BJ'S WHOLESALE CLUB HOLDINGS, INC.",-,BJ,BB Ticker,US,8265.0,,-,1192797.0,0.0001
2024-12-31,NGS,Balanced Growth,LISTED EQUITY,1,CREDIT AGRICOLE SA,-,ACA,BB Ticker,FP,53649.0,,-,1192458.0,0.0001
2024-12-31,NGS,Balanced Growth,LISTED EQUITY,1,FILA HOLDINGS CORP.,-,081660,BB Ticker,KS,26832.0,,-,1186353.0,0.0001
2024-12-31,NGS,Balanced Growth,LISTED EQUITY,1,"DR HORTON, INC.",-,DHI,BB Ticker,US,5247.0,,-,1184915.0,0.0001
2024-12-31,NGS,Balanced Growth,LISTED EQUITY,1,BANK POLSKA KASA OPIEKI SA,-,PEO,BB Ticker,PW,21853.0,,-,1178345.0,0.0001
2024-12-31,NGS,Balanced Growth,LISTED EQUITY,1,VISTRA CORP.,-,VST,BB Ticker,US,5287.0,,-,1177315.0,0.0001
2024-12-31,NGS,Balanced Growth,LISTED EQUITY,1,"ETSY, INC.",-,ETSY,BB Ticker,US,13775.0,,-,1176719.0,0.0001
2024-12-31,NGS,Balanced Growth,LISTED EQUITY,1,CEMEX SAB DE CV,-,CX,BB Ticker,US,129115.0,,-,1176138.0,0.0001
2024-12-31,NGS,Balanced Growth,LISTED EQUITY,1,APPLOVIN CORP.,-,APP,BB Ticker,US,2248.0,,-,1175725.0,0.0001
2024-12-31,NGS,Balanced Growth,LISTED EQUITY,1,CHINA RESOURCES LAND LTD.,-,1109,BB Ticker,HK,250501.0,,-,1174499.0,0.0001
2024-12-31,NGS,Balanced Growth,LISTED EQUITY,1,VIVA ENERGY GROUP LTD.,-,VEA,BB Ticker,AU,446508.0,,-,1174317.0,0.0001
2024-12-31,NGS,Balanced Growth,LISTED EQUITY,1,SKANDINAVISKA ENSKILDA BANKEN AB,-,SEBA,BB Ticker,SS,52870.0,,-,1170437.0,0.0001
2024-12-31,NGS,Balanced Growth,LISTED EQUITY,1,NEWMONT CORP.,-,NEM,BB Ticker,US,19350.0,,-,1163242.0,0.0001
2024-12-31,NGS,Balanced Growth,LISTED EQUITY,1,"MICROSTRATEGY, INC.",-,MSTR,BB Ticker,US,2483.0,,-,1161423.0,0.0001
2024-12-31,NGS,Balanced Growth,LISTED EQUITY,1,"YETI HOLDINGS, INC.",-,YETI,BB Ticker,US,18471.0,,-,1148843.0,0.0001
2024-12-31,NGS,Balanced Growth,LISTED EQUITY,1,CHRYSOS CORP. LTD.,-,C79,BB Ticker,AU,231056.0,,-,1141418.0,0.0001
2024-12-31,NGS,Balanced Growth,LISTED EQUITY,1,REDE D'OR SAO LUIZ SA,-,RDOR3,BB Ticker,BZ,171740.0,,-,1141334.0,0.0001
2024-12-31,NGS,Balanced Growth,LISTED EQUITY,1,COCA-COLA HBC AG,-,CCH,BB Ticker,LN,20622.0,,-,1139610.0,0.0001
2024-12-31,NGS,Balanced Growth,LISTED EQUITY,1,NASPERS LTD.,-,NPN,BB Ticker,SJ,3186.0,,-,1138149.0,0.0001
2024-12-31,NGS,Balanced Growth,LISTED EQUITY,1,AMPHENOL CORP.,-,APH,BB Ticker,US,10136.0,,-,1136967.0,0.0001
2024-12-31,NGS,Balanced Growth,LISTED EQUITY,1,GEELY AUTOMOBILE HOLDINGS LTD.,-,175,BB Ticker,HK,367631.0,,-,1132812.0,0.0001
2024-12-31,NGS,Balanced Growth,LISTED EQUITY,1,SWEDBANK AB,-,SWEDA,BB Ticker,SS,35477.0,,-,1132070.0,0.0001
2024-12-31,NGS,Balanced Growth,LISTED EQUITY,1,SOFTBANK CORP.,-,9434,BB Ticker,JP,553520.0,,-,1131435.0,0.0001
2024-12-31,NGS,Balanced Growth,LISTED EQUITY,1,SENDAS DISTRIBUIDORA SA,-,ASAI3,BB Ticker,BZ,765263.0,,-,1126382.0,0.0001
2024-12-31,NGS,Balanced Growth,LISTED EQUITY,1,POWER GRID CORP. OF INDIA LTD.,-,PWGR,BB Ticker,IN,192820.0,,-,1122924.0,0.0001
2024-12-31,NGS,Balanced Growth,LISTED EQUITY,1,"MANPOWERGROUP, INC.",-,MAN,BB Ticker,US,12019.0,,-,1120483.0,0.0001
2024-12-31,NGS,Balanced Growth,LISTED EQUITY,1,ALPHA SERVICES & HOLDINGS SA,-,ALPHA,BB Ticker,GA,414264.0,,-,1120317.0,0.0001
2024-12-31,NGS,Balanced Growth,LISTED EQUITY,1,"PRUDENTIAL FINANCIAL, INC.",-,PRU,BB Ticker,US,5847.0,,-,1119321.0,0.0001
2024-12-31,NGS,Balanced Growth,LISTED EQUITY,1,PICC PROPERTY & CASUALTY CO. LTD.,-,2328,BB Ticker,HK,438117.0,,-,1116806.0,0.0001
2024-12-31,NGS,Balanced Growth,LISTED EQUITY,1,KT CORP.,-,030200,BB Ticker,KS,23166.0,,-,1114495.0,0.0001
2024-12-31,NGS,Balanced Growth,LISTED EQUITY,1,HCL TECHNOLOGIES LTD.,-,HCLT,BB Ticker,IN,30679.0,,-,1109731.0,0.0001
2024-12-31,NGS,Balanced Growth,LISTED EQUITY,1,SERVICE STREAM LTD.,-,SSM,BB Ticker,AU,708538.0,,-,1105319.0,0.0001
2024-12-31,NGS,Balanced Growth,LISTED EQUITY,1,VERALTO CORP.,-,VLTO,BB Ticker,US,6698.0,,-,1101967.0,0.0001
2024-12-31,NGS,Balanced Growth,LISTED EQUITY,1,"WARNER BROS DISCOVERY, INC.",-,WBD,BB Ticker,US,64400.0,,-,1099429.0,0.0001
2024-12-31,NGS,Balanced Growth,LISTED EQUITY,1,"IQVIA HOLDINGS, INC.",-,IQV,BB Ticker,US,3463.0,,-,1099260.0,0.0001
2024-12-31,NGS,Balanced Growth,LISTED EQUITY,1,"JACOBS SOLUTIONS, INC.",-,J,BB Ticker,US,5085.0,,-,1097327.0,0.0001
2024-12-31,NGS,Balanced Growth,LISTED EQUITY,1,OVERSEA-CHINESE BANKING CORP. LTD.,-,OCBC,BB Ticker,SP,55352.0,,-,1093743.0,0.0001
2024-12-31,NGS,Balanced Growth,LISTED EQUITY,1,"AGILENT TECHNOLOGIES, INC.",-,A,BB Ticker,US,5036.0,,-,1092594.0,0.0001
2024-12-31,NGS,Balanced Growth,LISTED EQUITY,1,WISE PLC,-,WISE,BB Ticker,LN,50248.0,,-,1083500.0,0.0001
2024-12-31,NGS,Balanced Growth,LISTED EQUITY,1,CRITEO SA,-,CRTO,BB Ticker,US,16942.0,,-,1082501.0,0.0001
2024-12-31,NGS,Balanced Growth,LISTED EQUITY,1,AUSTRALIAN FINANCE GROUP LTD.,-,AFG,BB Ticker,AU,709693.0,,-,1071636.0,0.0001
2024-12-31,NGS,Balanced Growth,LISTED EQUITY,1,SHERWIN-WILLIAMS CO.,-,SHW,BB Ticker,US,1946.0,,-,1068382.0,0.0001
2024-12-31,NGS,Balanced Growth,LISTED EQUITY,1,"COINBASE GLOBAL, INC.",-,COIN,BB Ticker,US,2659.0,,-,1066391.0,0.0001
2024-12-31,NGS,Balanced Growth,LISTED EQUITY,1,FOX CORP.,-,FOXA,BB Ticker,US,13591.0,,-,1066351.0,0.0001
2024-12-31,NGS,Balanced Growth,LISTED EQUITY,1,INDOFOOD CBP SUKSES MAKMUR TBK. PT,-,ICBP,BB Ticker,IJ,932553.0,,-,1064481.0,0.0001
2024-12-31,NGS,Balanced Growth,LISTED EQUITY,1,KINROSS GOLD CORP.,-,K,BB Ticker,CN,70756.0,,-,1060788.0,0.0001
2024-12-31,NGS,Balanced Growth,LISTED EQUITY,1,OBIC CO. LTD.,-,4684,BB Ticker,JP,21906.0,,-,1056507.0,0.0001
2024-12-31,NGS,Balanced Growth,LISTED EQUITY,1,CHINA COMMUNICATIONS SERVICES CORP. LTD.,-,552,BB Ticker,HK,1108422.0,,-,1050915.0,0.0001
2024-12-31,NGS,Balanced Growth,LISTED EQUITY,1,"CADENCE DESIGN SYSTEMS, INC.",-,CDNS,BB Ticker,US,2161.0,,-,1048622.0,0.0001
2024-12-31,NGS,Balanced Growth,LISTED EQUITY,1,"FRONTIER COMMUNICATIONS PARENT, INC.",-,FYBR,BB Ticker,US,18707.0,,-,1048427.0,0.0001
2024-12-31,NGS,Balanced Growth,LISTED EQUITY,1,SAMSUNG SDI CO. LTD.,-,006400,BB Ticker,KS,3842.0,,-,1043284.0,0.0001
2024-12-31,NGS,Balanced Growth,LISTED EQUITY,1,"BEST BUY CO., INC.",-,BBY,BB Ticker,US,7513.0,,-,1041121.0,0.0001
2024-12-31,NGS,Balanced Growth,LISTED EQUITY,1,RHEINMETALL AG,-,RHM,BB Ticker,GR,1012.0,,-,1039892.0,0.0001
2024-12-31,NGS,Balanced Growth,LISTED EQUITY,1,CP ALL PCL,-,CPALLF,BB Ticker,TB,391610.0,,-,1034218.0,0.0001
2024-12-31,NGS,Balanced Growth,LISTED EQUITY,1,NESTE OYJ,-,NESTE,BB Ticker,FH,50807.0,,-,1030304.0,0.0001
2024-12-31,NGS,Balanced Growth,LISTED EQUITY,1,VERTIV HOLDINGS CO.,-,VRT,BB Ticker,US,5580.0,,-,1023914.0,0.0001
2024-12-31,NGS,Balanced Growth,LISTED EQUITY,1,ITAU UNIBANCO HOLDING SA,-,ITUB4,BB Ticker,BZ,127185.0,,-,1021799.0,0.0001
2024-12-31,NGS,Balanced Growth,LISTED EQUITY,1,"BROOKDALE SENIOR LIVING, INC.",-,BKD,BB Ticker,US,125255.0,,-,1017577.0,0.0001
2024-12-31,NGS,Balanced Growth,LISTED EQUITY,1,PETROLEO BRASILEIRO SA,-,PETR4,BB Ticker,BZ,107387.0,,-,1016031.0,0.0001
2024-12-31,NGS,Balanced Growth,LISTED EQUITY,1,ALLEGION PLC,-,ALLE,BB Ticker,US,4763.0,,-,1005215.0,0.0001
2024-12-31,NGS,Balanced Growth,LISTED EQUITY,1,ATLASSIAN CORP.,-,TEAM,BB Ticker,US,2547.0,,-,1000984.0,0.0001
2024-12-31,NGS,Balanced Growth,LISTED EQUITY,1,"FORTIS, INC.",-,FTS,BB Ticker,CN,14858.0,,-,996590.0,0.0001
2024-12-31,NGS,Balanced Growth,LISTED EQUITY,1,"MARRIOTT INTERNATIONAL, INC.",-,MAR,BB Ticker,US,2200.0,,-,990951.0,0.0001
2024-12-31,NGS,Balanced Growth,LISTED EQUITY,1,BANCO DO BRASIL SA,-,BBAS3,BB Ticker,BZ,156312.0,,-,987726.0,0.0001
2024-12-31,NGS,Balanced Growth,LISTED EQUITY,1,"MANHATTAN ASSOCIATES, INC.",-,MANH,BB Ticker,US,2243.0,,-,978744.0,0.0001
2024-12-31,NGS,Balanced Growth,LISTED EQUITY,1,PG&E CORP.,-,PCG,BB Ticker,US,29904.0,,-,974659.0,0.0001
2024-12-31,NGS,Balanced Growth,LISTED EQUITY,1,"DIDI GLOBAL, INC.",-,DIDIY,BB Ticker,US,132024.0,,-,974479.0,0.0001
2024-12-31,NGS,Balanced Growth,LISTED EQUITY,1,SANTEN PHARMACEUTICAL CO. LTD.,-,4536,BB Ticker,JP,58323.0,,-,970103.0,0.0001
2024-12-31,NGS,Balanced Growth,LISTED EQUITY,1,"NEW ORIENTAL EDUCATION & TECHNOLOGY GROUP, INC.",-,9901,BB Ticker,HK,95087.0,,-,967764.0,0.0001
2024-12-31,NGS,Balanced Growth,LISTED EQUITY,1,SMITHS GROUP PLC,-,SMIN,BB Ticker,LN,27731.0,,-,964257.0,0.0001
2024-12-31,NGS,Balanced Growth,LISTED EQUITY,1,"CORTEVA, INC.",-,CTVA,BB Ticker,US,10459.0,,-,962181.0,0.0001
2024-12-31,NGS,Balanced Growth,LISTED EQUITY,1,OMV AG,-,OMV,BB Ticker,AV,15359.0,,-,959115.0,0.0001
2024-12-31,NGS,Balanced Growth,LISTED EQUITY,1,ATLAS COPCO AB,-,ATCOB,BB Ticker,SS,43725.0,,-,955212.0,0.0001
2024-12-31,NGS,Balanced Growth,LISTED EQUITY,1,"SNOWFLAKE, INC.",-,SNOW,BB Ticker,US,3824.0,,-,953544.0,0.0001
2024-12-31,NGS,Balanced Growth,LISTED EQUITY,1,"DAI-ICHI LIFE HOLDINGS, INC.",-,8750,BB Ticker,JP,21767.0,,-,947385.0,0.0001
2024-12-31,NGS,Balanced Growth,LISTED EQUITY,1,RECKITT BENCKISER GROUP PLC,-,RKT,BB Ticker,LN,9683.0,,-,946596.0,0.0001
2024-12-31,NGS,Balanced Growth,LISTED EQUITY,1,"KEURIG DR. PEPPER, INC.",-,KDP,BB Ticker,US,18187.0,,-,943481.0,0.0001
2024-12-31,NGS,Balanced Growth,LISTED EQUITY,1,MONOTARO CO. LTD.,-,3064,BB Ticker,JP,34275.0,,-,941198.0,0.0001
2024-12-31,NGS,Balanced Growth,LISTED EQUITY,1,CIMB GROUP HOLDINGS BHD.,-,CIMB,BB Ticker,MK,316564.0,,-,937617.0,0.0001
2024-12-31,NGS,Balanced Growth,LISTED EQUITY,1,KAMIGUMI CO. LTD.,-,9364,SEDOL,JP,26467.0,,-,931312.0,0.0001
2024-12-31,NGS,Balanced Growth,LISTED EQUITY,1,AGNICO EAGLE MINES LTD.,-,AEM,BB Ticker,US,7295.0,,-,921438.0,0.0001
2024-12-31,NGS,Balanced Growth,LISTED EQUITY,1,"CROWN HOLDINGS, INC.",-,CCK,BB Ticker,US,6871.0,,-,917553.0,0.0001
2024-12-31,NGS,Balanced Growth,LISTED EQUITY,1,MAKEMYTRIP LTD.,-,MMYT,BB Ticker,US,5031.0,,-,912302.0,0.0001
2024-12-31,NGS,Balanced Growth,LISTED EQUITY,1,"APOLLO GLOBAL MANAGEMENT, INC.",-,APO,BB Ticker,US,3412.0,,-,910250.0,0.0001
2024-12-31,NGS,Balanced Growth,LISTED EQUITY,1,WEBJET GROUP LTD.,-,WJL,BB Ticker,AU,1044922.0,,-,909082.0,0.0001
2024-12-31,NGS,Balanced Growth,LISTED EQUITY,1,ENI SPA,-,ENI,BB Ticker,IM,41435.0,,-,907102.0,0.0001
2024-12-31,NGS,Balanced Growth,LISTED EQUITY,1,ESSILORLUXOTTICA SA,-,EL,BB Ticker,FP,2298.0,,-,905361.0,0.0001
2024-12-31,NGS,Balanced Growth,LISTED EQUITY,1,SUBARU CORP.,-,7270,BB Ticker,JP,31165.0,,-,903529.0,0.0001
2024-12-31,NGS,Balanced Growth,LISTED EQUITY,1,PAN AMERICAN SILVER CORP.,-,PAAS,BB Ticker,CN,27598.0,,-,901293.0,0.0001
2024-12-31,NGS,Balanced Growth,LISTED EQUITY,1,"O'REILLY AUTOMOTIVE, INC.",-,ORLY,BB Ticker,US,470.0,,-,899964.0,0.0001
2024-12-31,NGS,Balanced Growth,LISTED EQUITY,1,"MONOLITHIC POWER SYSTEMS, INC.",-,MPWR,BB Ticker,US,940.0,,-,898142.0,0.0001
2024-12-31,NGS,Balanced Growth,LISTED EQUITY,1,KONAMI GROUP CORP.,-,9766,BB Ticker,JP,5874.0,,-,893395.0,0.0001
2024-12-31,NGS,Balanced Growth,LISTED EQUITY,1,"STEEL DYNAMICS, INC.",-,STLD,BB Ticker,US,4837.0,,-,891070.0,0.0001
2024-12-31,NGS,Balanced Growth,LISTED EQUITY,1,BABY BUNTING GROUP LTD.,-,BBN,BB Ticker,AU,530046.0,,-,890477.0,0.0001
2024-12-31,NGS,Balanced Growth,LISTED EQUITY,1,JIANGSU EXPRESSWAY CO. LTD.,-,177,BB Ticker,HK,494782.0,,-,882670.0,0.0001
2024-12-31,NGS,Balanced Growth,LISTED EQUITY,1,TECK RESOURCES LTD.,-,TECKB,BB Ticker,CN,13480.0,,-,882212.0,0.0001
2024-12-31,NGS,Balanced Growth,LISTED EQUITY,1,"MASTEC, INC.",-,MTZ,BB Ticker,US,3998.0,,-,879162.0,0.0001
2024-12-31,NGS,Balanced Growth,LISTED EQUITY,1,"REINSURANCE GROUP OF AMERICA, INC.",-,RGA,BB Ticker,US,2544.0,,-,877911.0,0.0001
2024-12-31,NGS,Balanced Growth,LISTED EQUITY,1,YOKOGAWA ELECTRIC CORP.,-,6841,BB Ticker,JP,25085.0,,-,875977.0,0.0001
2024-12-31,NGS,Balanced Growth,LISTED EQUITY,1,CAMECO CORP.,-,CCO,BB Ticker,CN,10534.0,,-,874297.0,0.0001
2024-12-31,NGS,Balanced Growth,LISTED EQUITY,1,BEGA CHEESE LTD.,-,BGA,BB Ticker,AU,150827.0,,-,870271.0,0.0001
2024-12-31,NGS,Balanced Growth,LISTED EQUITY,1,GOLD FIELDS LTD.,-,GFI,BB Ticker,SJ,40994.0,,-,867004.0,0.0001
2024-12-31,NGS,Balanced Growth,LISTED EQUITY,1,RIO TINTO PLC,-,RIO,BB Ticker,LN,9052.0,,-,864776.0,0.0001
2024-12-31,NGS,Balanced Growth,LISTED EQUITY,1,ROBLOX CORP.,-,RBLX,BB Ticker,US,9240.0,,-,863534.0,0.0001
2024-12-31,NGS,Balanced Growth,LISTED EQUITY,1,NEXT PLC,-,NXT,BB Ticker,LN,4492.0,,-,862965.0,0.0001
2024-12-31,NGS,Balanced Growth,LISTED EQUITY,1,BANK OF MONTREAL,-,BMO,BB Ticker,CN,5500.0,,-,861933.0,0.0001
2024-12-31,NGS,Balanced Growth,LISTED EQUITY,1,CONTINENTAL AG,-,CON,BB Ticker,GR,7931.0,,-,859715.0,0.0001
2024-12-31,NGS,Balanced Growth,LISTED EQUITY,1,MURATA MANUFACTURING CO. LTD.,-,6981,BB Ticker,JP,32617.0,,-,857946.0,0.0001
2024-12-31,NGS,Balanced Growth,LISTED EQUITY,1,"ROPER TECHNOLOGIES, INC.",-,ROP,BB Ticker,US,1018.0,,-,854644.0,0.0001
2024-12-31,NGS,Balanced Growth,LISTED EQUITY,1,"EQUITABLE HOLDINGS, INC.",-,EQH,BB Ticker,US,11217.0,,-,854560.0,0.0001
2024-12-31,NGS,Balanced Growth,LISTED EQUITY,1,CSX CORP.,-,CSX,BB Ticker,US,16377.0,,-,853559.0,0.0001
2024-12-31,NGS,Balanced Growth,LISTED EQUITY,1,LONZA GROUP AG,-,LONN,BB Ticker,SW,892.0,,-,851894.0,0.0001
2024-12-31,NGS,Balanced Growth,LISTED EQUITY,1,SHINHAN FINANCIAL GROUP CO. LTD.,-,055550,SEDOL,KS,16239.0,,-,848916.0,0.0001
2024-12-31,NGS,Balanced Growth,LISTED EQUITY,1,PUBLIC BANK BHD.,-,PBK,BB Ticker,MK,513854.0,,-,846361.0,0.0001
2024-12-31,NGS,Balanced Growth,LISTED EQUITY,1,HEICO CORP.,-,HEIA,BB Ticker,US,2799.0,,-,841330.0,0.0001
2024-12-31,NGS,Balanced Growth,LISTED EQUITY,1,"GENERAC HOLDINGS, INC.",-,GNRC,BB Ticker,US,3343.0,,-,837225.0,0.0001
2024-12-31,NGS,Balanced Growth,LISTED EQUITY,1,"AIR PRODUCTS & CHEMICALS, INC.",-,APD,BB Ticker,US,1781.0,,-,834213.0,0.0001
2024-12-31,NGS,Balanced Growth,LISTED EQUITY,1,FEDEX CORP.,-,FDX,BB Ticker,US,1833.0,,-,833025.0,0.0001
2024-12-31,NGS,Balanced Growth,LISTED EQUITY,1,GENMAB AS,-,GMAB,BB Ticker,DC,2484.0,,-,831320.0,0.0001
2024-12-31,NGS,Balanced Growth,LISTED EQUITY,1,"PDD HOLDINGS, INC.",-,PDD,BB Ticker,US,5299.0,,-,830068.0,0.0001
2024-12-31,NGS,Balanced Growth,LISTED EQUITY,1,BANK OF NOVA SCOTIA,-,BNS,BB Ticker,CN,9527.0,,-,825819.0,0.0001
2024-12-31,NGS,Balanced Growth,LISTED EQUITY,1,GRUPO MEXICO SAB DE CV,-,GMEXICOB,BB Ticker,MM,106972.0,,-,822038.0,0.0001
2024-12-31,NGS,Balanced Growth,LISTED EQUITY,1,SEMPRA,-,SRE,BB Ticker,US,5775.0,,-,818189.0,0.0001
2024-12-31,NGS,Balanced Growth,LISTED EQUITY,1,CONTEMPORARY AMPEREX TECHNOLOGY CO. LTD.,-,300750,BB Ticker,C2,13890.0,,-,817531.0,0.0001
2024-12-31,NGS,Balanced Growth,LISTED EQUITY,1,"SKYWORKS SOLUTIONS, INC.",-,SWKS,BB Ticker,US,5707.0,,-,817344.0,0.0001
2024-12-31,NGS,Balanced Growth,LISTED EQUITY,1,ARTHUR J GALLAGHER & CO.,-,AJG,BB Ticker,US,1782.0,,-,817043.0,0.0001
2024-12-31,NGS,Balanced Growth,LISTED EQUITY,1,ZOMATO LTD.,-,ZOMATO,BB Ticker,IN,155223.0,,-,814217.0,0.0001
2024-12-31,NGS,Balanced Growth,LISTED EQUITY,1,CENTRICA PLC,-,CNA,BB Ticker,LN,300959.0,,-,813317.0,0.0001
2024-12-31,NGS,Balanced Growth,LISTED EQUITY,1,"HANA FINANCIAL GROUP, INC.",-,086790,BB Ticker,KS,12992.0,,-,809621.0,0.0001
2024-12-31,NGS,Balanced Growth,LISTED EQUITY,1,CRH PLC,-,CRH,BB Ticker,US,5409.0,,-,808231.0,0.0001
2024-12-31,NGS,Balanced Growth,LISTED EQUITY,1,"AUTOZONE, INC.",-,AZO,BB Ticker,US,156.0,,-,807671.0,0.0001
2024-12-31,NGS,Balanced Growth,LISTED EQUITY,1,CORP. INMOBILIARIA VESTA SAB DE CV,-,VESTA,BB Ticker,MM,195149.0,,-,806586.0,0.0001
2024-12-31,NGS,Balanced Growth,LISTED EQUITY,1,CANADIAN UTILITIES LTD.,-,CU,BB Ticker,CN,20571.0,,-,805104.0,0.0001
2024-12-31,NGS,Balanced Growth,LISTED EQUITY,1,"PACCAR, INC.",-,PCAR,BB Ticker,US,4785.0,,-,803856.0,0.0001
2024-12-31,NGS,Balanced Growth,LISTED EQUITY,1,BEIERSDORF AG,-,BEI,BB Ticker,GR,3868.0,,-,802106.0,0.0001
2024-12-31,NGS,Balanced Growth,LISTED EQUITY,1,SVENSKA HANDELSBANKEN AB,-,SHBA,BB Ticker,SS,47867.0,,-,799056.0,0.0001
2024-12-31,NGS,Balanced Growth,LISTED EQUITY,1,"REPUBLIC SERVICES, INC.",-,RSG,BB Ticker,US,2444.0,,-,794190.0,0.0001
2024-12-31,NGS,Balanced Growth,LISTED EQUITY,1,TARGET CORP.,-,TGT,BB Ticker,US,3630.0,,-,792546.0,0.0001
2024-12-31,NGS,Balanced Growth,LISTED EQUITY,1,FIRSTRAND LTD.,-,FSR,BB Ticker,SJ,120896.0,,-,786012.0,0.0001
2024-12-31,NGS,Balanced Growth,LISTED EQUITY,1,"CITIZENS FINANCIAL GROUP, INC.",-,CFG,BB Ticker,US,11113.0,,-,785407.0,0.0001
2024-12-31,NGS,Balanced Growth,LISTED EQUITY,1,MUENCHENER RUECKVERSICHERUNGS-GESELLSCHAFT AG IN MUENCHEN,-,MUV2,BB Ticker,GR,964.0,,-,785321.0,0.0001
2024-12-31,NGS,Balanced Growth,LISTED EQUITY,1,PING AN INSURANCE GROUP CO. OF CHINA LTD.,-,2318,SEDOL,HK,81965.0,,-,784795.0,0.0001
2024-12-31,NGS,Balanced Growth,LISTED EQUITY,1,"TAKE-TWO INTERACTIVE SOFTWARE, INC.",-,TTWO,BB Ticker,US,2636.0,,-,783595.0,0.0001
2024-12-31,NGS,Balanced Growth,LISTED EQUITY,1,SCREEN HOLDINGS CO. LTD.,-,7735,BB Ticker,JP,8016.0,,-,781784.0,0.0001
2024-12-31,NGS,Balanced Growth,LISTED EQUITY,1,"AFLAC, INC.",-,AFL,BB Ticker,US,4669.0,,-,779979.0,0.0001
2024-12-31,NGS,Balanced Growth,LISTED EQUITY,1,RAIA DROGASIL SA,-,RADL3,BB Ticker,BZ,135139.0,,-,777262.0,0.0001
2024-12-31,NGS,Balanced Growth,LISTED EQUITY,1,NATIONAL GRID PLC,-,NG,BB Ticker,LN,40430.0,,-,776925.0,0.0001
2024-12-31,NGS,Balanced Growth,LISTED EQUITY,1,"ENEOS HOLDINGS, INC.",-,5020,BB Ticker,JP,91148.0,,-,774007.0,0.0001
2024-12-31,NGS,Balanced Growth,LISTED EQUITY,1,BIRKENSTOCK HOLDING PLC,-,BIRK,BB Ticker,US,8444.0,,-,772774.0,0.0001
2024-12-31,NGS,Balanced Growth,LISTED EQUITY,1,MITSUBISHI CORP.,-,8058,BB Ticker,JP,28816.0,,-,771151.0,0.0001
2024-12-31,NGS,Balanced Growth,LISTED EQUITY,1,"TYLER TECHNOLOGIES, INC.",-,TYL,BB Ticker,US,826.0,,-,769090.0,0.0001
2024-12-31,NGS,Balanced Growth,LISTED EQUITY,1,ROYAL CARIBBEAN CRUISES LTD.,-,RCL,BB Ticker,US,2064.0,,-,769075.0,0.0001
2024-12-31,NGS,Balanced Growth,LISTED EQUITY,1,"QORVO, INC.",-,QRVO,BB Ticker,US,6808.0,,-,768862.0,0.0001
2024-12-31,NGS,Balanced Growth,LISTED EQUITY,1,CENTRAL JAPAN RAILWAY CO.,-,9022,BB Ticker,JP,25223.0,,-,768565.0,0.0001
2024-12-31,NGS,Balanced Growth,LISTED EQUITY,1,KIA CORP.,-,000270,BB Ticker,KS,6945.0,,-,767270.0,0.0001
2024-12-31,NGS,Balanced Growth,LISTED EQUITY,1,EIFFAGE SA,-,FGR,BB Ticker,FP,5411.0,,-,766562.0,0.0001
2024-12-31,NGS,Balanced Growth,LISTED EQUITY,1,HYDRO ONE LTD.,-,H,BB Ticker,CN,15381.0,,-,764682.0,0.0001
2024-12-31,NGS,Balanced Growth,LISTED EQUITY,1,INNER MONGOLIA YILI INDUSTRIAL GROUP CO. LTD.,-,600887,BB Ticker,C1,113883.0,,-,760506.0,0.0001
2024-12-31,NGS,Balanced Growth,LISTED EQUITY,1,SHIN-ETSU CHEMICAL CO. LTD.,-,4063,BB Ticker,JP,13890.0,,-,755974.0,0.0001
2024-12-31,NGS,Balanced Growth,LISTED EQUITY,1,WORLDLINE SA,-,WLN,BB Ticker,FP,53148.0,,-,753593.0,0.0001
2024-12-31,NGS,Balanced Growth,LISTED EQUITY,1,"ANSYS, INC.",-,ANSS,BB Ticker,US,1383.0,,-,753367.0,0.0001
2024-12-31,NGS,Balanced Growth,LISTED EQUITY,1,OBAYASHI CORP.,-,1802,BB Ticker,JP,34898.0,,-,750625.0,0.0001
2024-12-31,NGS,Balanced Growth,LISTED EQUITY,1,"NORTHLAND POWER, INC.",-,NPI,BB Ticker,CN,37304.0,,-,749886.0,0.0001
2024-12-31,NGS,Balanced Growth,LISTED EQUITY,1,VONOVIA SE,-,VNA,BB Ticker,GR,15258.0,,-,748169.0,0.0001
2024-12-31,NGS,Balanced Growth,LISTED EQUITY,1,"ROBERT HALF, INC.",-,RHI,BB Ticker,US,6530.0,,-,743154.0,0.0001
2024-12-31,NGS,Balanced Growth,LISTED EQUITY,1,ITOCHU CORP.,-,8001,BB Ticker,JP,9191.0,,-,739753.0,0.0001
2024-12-31,NGS,Balanced Growth,LISTED EQUITY,1,FORTIVE CORP.,-,FTV,BB Ticker,US,6092.0,,-,737884.0,0.0001
2024-12-31,NGS,Balanced Growth,LISTED EQUITY,1,KMD BRANDS LTD.,-,KMD,BB Ticker,AU,1883246.0,,-,734466.0,0.0001
2024-12-31,NGS,Balanced Growth,LISTED EQUITY,1,"STANTEC, INC.",-,STN,BB Ticker,CN,5797.0,,-,734135.0,0.0001
2024-12-31,NGS,Balanced Growth,LISTED EQUITY,1,BALL CORP.,-,BALL,BB Ticker,US,8216.0,,-,731539.0,0.0001
2024-12-31,NGS,Balanced Growth,LISTED EQUITY,1,CVS HEALTH CORP.,-,CVS,BB Ticker,US,10026.0,,-,726929.0,0.0001
2024-12-31,NGS,Balanced Growth,LISTED EQUITY,1,"AMERICAN INTERNATIONAL GROUP, INC.",-,AIG,BB Ticker,US,6182.0,,-,726884.0,0.0001
2024-12-31,NGS,Balanced Growth,LISTED EQUITY,1,"GARTNER, INC.",-,IT,BB Ticker,US,929.0,,-,726726.0,0.0001
2024-12-31,NGS,Balanced Growth,LISTED EQUITY,1,"WW GRAINGER, INC.",-,GWW,BB Ticker,US,426.0,,-,724680.0,0.0001
2024-12-31,NGS,Balanced Growth,LISTED EQUITY,1,FAR EASTONE TELECOMMUNICATIONS CO. LTD.,-,4904,BB Ticker,TT,162393.0,,-,715223.0,0.0001
2024-12-31,NGS,Balanced Growth,LISTED EQUITY,1,FERRARI NV,-,RACE,BB Ticker,IM,1034.0,,-,713502.0,0.0001
2024-12-31,NGS,Balanced Growth,LISTED EQUITY,1,MAKITA CORP.,-,6586,BB Ticker,JP,14167.0,,-,705068.0,0.0001
2024-12-31,NGS,Balanced Growth,LISTED EQUITY,1,NXP SEMICONDUCTORS NV,-,NXPI,BB Ticker,US,2096.0,,-,703602.0,0.0001
2024-12-31,NGS,Balanced Growth,LISTED EQUITY,1,POWER CORP. OF CANADA,-,POW,BB Ticker,CN,13923.0,,-,701105.0,0.0001
2024-12-31,NGS,Balanced Growth,LISTED EQUITY,1,PETROCHINA CO. LTD.,-,857,BB Ticker,HK,551447.0,,-,700555.0,0.0001
2024-12-31,NGS,Balanced Growth,LISTED EQUITY,1,"COMFORT SYSTEMS USA, INC.",-,FIX,BB Ticker,US,1018.0,,-,697164.0,0.0001
2024-12-31,NGS,Balanced Growth,LISTED EQUITY,1,INDUSIND BANK LTD.,-,IIB,BB Ticker,IN,38422.0,,-,695945.0,0.0001
2024-12-31,NGS,Balanced Growth,LISTED EQUITY,1,"COPART, INC.",-,CPRT,BB Ticker,US,7508.0,,-,695938.0,0.0001
2024-12-31,NGS,Balanced Growth,LISTED EQUITY,1,KERING SA,-,KER,BB Ticker,FP,1726.0,,-,687896.0,0.0001
2024-12-31,NGS,Balanced Growth,LISTED EQUITY,1,SANWA HOLDINGS CORP.,-,5929,BB Ticker,JP,15203.0,,-,687757.0,0.0001
2024-12-31,NGS,Balanced Growth,LISTED EQUITY,1,IMPERIAL OIL LTD.,-,IMO,BB Ticker,CN,6908.0,,-,687290.0,0.0001
2024-12-31,NGS,Balanced Growth,LISTED EQUITY,1,NORFOLK SOUTHERN CORP.,-,NSC,BB Ticker,US,1811.0,,-,686570.0,0.0001
2024-12-31,NGS,Balanced Growth,LISTED EQUITY,1,HEWLETT PACKARD ENTERPRISE CO.,-,HPE,BB Ticker,US,19875.0,,-,685341.0,0.0001
2024-12-31,NGS,Balanced Growth,LISTED EQUITY,1,"NETEASE, INC.",-,NTES,BB Ticker,US,4715.0,,-,679350.0,0.0001
2024-12-31,NGS,Balanced Growth,LISTED EQUITY,1,NICE LTD.,-,NICE,BB Ticker,IT,2461.0,,-,677597.0,0.0001
2024-12-31,NGS,Balanced Growth,LISTED EQUITY,1,"METLIFE, INC.",-,MET,BB Ticker,US,5112.0,,-,675987.0,0.0001
2024-12-31,NGS,Balanced Growth,LISTED EQUITY,1,"PAYCHEX, INC.",-,PAYX,BB Ticker,US,2983.0,,-,675454.0,0.0001
2024-12-31,NGS,Balanced Growth,LISTED EQUITY,1,CARRIER GLOBAL CORP.,-,CARR,BB Ticker,US,6113.0,,-,673935.0,0.0001
2024-12-31,NGS,Balanced Growth,LISTED EQUITY,1,"CBOE GLOBAL MARKETS, INC.",-,CBOE,BB Ticker,US,2128.0,,-,671707.0,0.0001
2024-12-31,NGS,Balanced Growth,LISTED EQUITY,1,KPR MILL LTD.,-,KPR,BB Ticker,IN,35783.0,,-,671141.0,0.0001
2024-12-31,NGS,Balanced Growth,LISTED EQUITY,1,REPSOL SA,-,REP,BB Ticker,SM,34129.0,,-,667253.0,0.0001
2024-12-31,NGS,Balanced Growth,LISTED EQUITY,1,"WASTE CONNECTIONS, INC.",-,WCN,BB Ticker,US,2404.0,,-,666232.0,0.0001
2024-12-31,NGS,Balanced Growth,LISTED EQUITY,1,BROTHER INDUSTRIES LTD.,-,6448,BB Ticker,JP,23841.0,,-,660911.0,0.0001
2024-12-31,NGS,Balanced Growth,LISTED EQUITY,1,ARGENX SE,-,ARGX,BB Ticker,BB,658.0,,-,660844.0,0.0001
2024-12-31,NGS,Balanced Growth,LISTED EQUITY,1,FRESENIUS SE & CO. KGAA,-,FRE,BB Ticker,GR,11778.0,,-,660677.0,0.0001
2024-12-31,NGS,Balanced Growth,LISTED EQUITY,1,CYBERARK SOFTWARE LTD.,-,CYBR,BB Ticker,US,1222.0,,-,657396.0,0.0001
2024-12-31,NGS,Balanced Growth,LISTED EQUITY,1,RUBICON WATER LTD.,-,RWL,BB Ticker,AU,2265164.0,,-,656898.0,0.0001
2024-12-31,NGS,Balanced Growth,LISTED EQUITY,1,DLF LTD.,-,DLFU,BB Ticker,IN,42188.0,,-,656531.0,0.0001
2024-12-31,NGS,Balanced Growth,LISTED EQUITY,1,MITSUI & CO. LTD.,-,8031,BB Ticker,JP,19211.0,,-,653682.0,0.0001
2024-12-31,NGS,Balanced Growth,LISTED EQUITY,1,KAO CORP.,-,4452,BB Ticker,JP,9951.0,,-,653265.0,0.0001
2024-12-31,NGS,Balanced Growth,LISTED EQUITY,1,SAMSUNG C&T CORP.,-,028260,BB Ticker,KS,5170.0,,-,651197.0,0.0001
2024-12-31,NGS,Balanced Growth,LISTED EQUITY,1,"TRADE DESK, INC.",-,TTD,BB Ticker,US,3430.0,,-,651025.0,0.0001
2024-12-31,NGS,Balanced Growth,LISTED EQUITY,1,HYUNDAI MOBIS CO. LTD.,-,012330,BB Ticker,KS,2504.0,,-,649609.0,0.0001
2024-12-31,NGS,Balanced Growth,LISTED EQUITY,1,ASICS CORP.,-,7936,BB Ticker,JP,20316.0,,-,649337.0,0.0001
2024-12-31,NGS,Balanced Growth,LISTED EQUITY,1,OSHKOSH CORP.,-,OSK,BB Ticker,US,4227.0,,-,649063.0,0.0001
2024-12-31,NGS,Balanced Growth,LISTED EQUITY,1,CHINA YANGTZE POWER CO. LTD.,-,600900,BB Ticker,C1,99164.0,,-,648389.0,0.0001
2024-12-31,NGS,Balanced Growth,LISTED EQUITY,1,UNITED OVERSEAS BANK LTD.,-,UOB,BB Ticker,SP,15065.0,,-,647961.0,0.0001
2024-12-31,NGS,Balanced Growth,LISTED EQUITY,1,FANUC CORP.,-,6954,BB Ticker,JP,15065.0,,-,646361.0,0.0001
2024-12-31,NGS,Balanced Growth,LISTED EQUITY,1,CMS ENERGY CORP.,-,CMS,BB Ticker,US,6003.0,,-,646285.0,0.0001
2024-12-31,NGS,Balanced Growth,LISTED EQUITY,1,INTACT FINANCIAL CORP.,-,IFC,BB Ticker,CN,2196.0,,-,645495.0,0.0001
2024-12-31,NGS,Balanced Growth,LISTED EQUITY,1,JASA MARGA PERSERO TBK. PT,-,JSMR,BB Ticker,IJ,1482065.0,,-,643974.0,0.0001
2024-12-31,NGS,Balanced Growth,LISTED EQUITY,1,"IA FINANCIAL CORP., INC.",-,IAG,BB Ticker,CN,4299.0,,-,643637.0,0.0001
2024-12-31,NGS,Balanced Growth,LISTED EQUITY,1,AIR NEW ZEALAND LTD.,-,AIZ,BB Ticker,AU,1178443.0,,-,642252.0,0.0001
2024-12-31,NGS,Balanced Growth,LISTED EQUITY,1,TOP GLOVE CORP. BHD.,-,TOPG,BB Ticker,MK,1324094.0,,-,640877.0,0.0001
2024-12-31,NGS,Balanced Growth,LISTED EQUITY,1,"ROBINHOOD MARKETS, INC.",-,HOOD,BB Ticker,US,10622.0,,-,639219.0,0.0001
2024-12-31,NGS,Balanced Growth,LISTED EQUITY,1,IPSEN SA,-,IPN,BB Ticker,FP,3434.0,,-,635856.0,0.0001
2024-12-31,NGS,Balanced Growth,LISTED EQUITY,1,COUNTRY GARDEN SERVICES HOLDINGS CO. LTD.,-,6098,BB Ticker,HK,553332.0,,-,635071.0,0.0001
2024-12-31,NGS,Balanced Growth,LISTED EQUITY,1,ARCHER-DANIELS-MIDLAND CO.,-,ADM,BB Ticker,US,7779.0,,-,634733.0,0.0001
2024-12-31,NGS,Balanced Growth,LISTED EQUITY,1,KPIT TECHNOLOGIES LTD.,-,KPITTECH,BB Ticker,IN,22922.0,,-,633386.0,0.0001
2024-12-31,NGS,Balanced Growth,LISTED EQUITY,1,"GEN DIGITAL, INC.",-,GEN,BB Ticker,US,14272.0,,-,631134.0,0.0001
2024-12-31,NGS,Balanced Growth,LISTED EQUITY,1,GALP ENERGIA SGPS SA,-,GALP,BB Ticker,PL,23493.0,,-,626695.0,0.0001
2024-12-31,NGS,Balanced Growth,LISTED EQUITY,1,WISTRON CORP.,-,3231,BB Ticker,TT,121622.0,,-,623135.0,0.0001
2024-12-31,NGS,Balanced Growth,LISTED EQUITY,1,PALADIN ENERGY LTD.,-,PDN,BB Ticker,AU,82245.0,,-,621775.0,0.0001
2024-12-31,NGS,Balanced Growth,LISTED EQUITY,1,ANHEUSER-BUSCH INBEV SA,-,ABI,BB Ticker,BB,7673.0,,-,619201.0,0.0001
2024-12-31,NGS,Balanced Growth,LISTED EQUITY,1,"ASTELLAS PHARMA, INC.",-,4503,BB Ticker,JP,39182.0,,-,617892.0,0.0001
2024-12-31,NGS,Balanced Growth,LISTED EQUITY,1,TENET HEALTHCARE CORP.,-,THC,BB Ticker,US,3027.0,,-,617080.0,0.0001
2024-12-31,NGS,Balanced Growth,LISTED EQUITY,1,ALFA LAVAL AB,-,ALFA,BB Ticker,SS,9114.0,,-,616249.0,0.0001
2024-12-31,NGS,Balanced Growth,LISTED EQUITY,1,"NETEASE, INC.",-,9999,SEDOL,HK,21215.0,,-,610482.0,0.0001
2024-12-31,NGS,Balanced Growth,LISTED EQUITY,1,"DEXCOM, INC.",-,DXCM,BB Ticker,US,4855.0,,-,609853.0,0.0001
2024-12-31,NGS,Balanced Growth,LISTED EQUITY,1,CINCINNATI FINANCIAL CORP.,-,CINF,BB Ticker,US,2622.0,,-,608498.0,0.0001
2024-12-31,NGS,Balanced Growth,LISTED EQUITY,1,KOC HOLDING AS,-,KCHOL,BB Ticker,TI,74074.0,,-,604269.0,0.0001
2024-12-31,NGS,Balanced Growth,LISTED EQUITY,1,"AKESO, INC.",-,9926,BB Ticker,HK,47681.0,,-,601778.0,0.0001
2024-12-31,NGS,Balanced Growth,LISTED EQUITY,1,SYSCO CORP.,-,SYY,BB Ticker,US,4857.0,,-,599836.0,0.0001
2024-12-31,NGS,Balanced Growth,LISTED EQUITY,1,FLOWSERVE CORP.,-,FLS,BB Ticker,US,6435.0,,-,597815.0,0.0001
2024-12-31,NGS,Balanced Growth,LISTED EQUITY,1,ORKLA ASA,-,ORK,BB Ticker,NO,42655.0,,-,596591.0,0.0001
2024-12-31,NGS,Balanced Growth,LISTED EQUITY,1,KEWPIE CORP.,-,2809,BB Ticker,JP,17276.0,,-,595478.0,0.0001
2024-12-31,NGS,Balanced Growth,LISTED EQUITY,1,ORIX CORP.,-,8591,BB Ticker,JP,16999.0,,-,595384.0,0.0001
2024-12-31,NGS,Balanced Growth,LISTED EQUITY,1,"RAYMOND JAMES FINANCIAL, INC.",-,RJF,BB Ticker,US,2370.0,,-,594640.0,0.0001
2024-12-31,NGS,Balanced Growth,LISTED EQUITY,1,"QUALYS, INC.",-,QLYS,BB Ticker,US,2625.0,,-,594544.0,0.0001
2024-12-31,NGS,Balanced Growth,LISTED EQUITY,1,"QUANTA SERVICES, INC.",-,PWR,BB Ticker,US,1158.0,,-,591200.0,0.0001
2024-12-31,NGS,Balanced Growth,LISTED EQUITY,1,"DOMINION ENERGY, INC.",-,D,BB Ticker,US,6783.0,,-,590013.0,0.0001
2024-12-31,NGS,Balanced Growth,LISTED EQUITY,1,SWISS RE AG,-,SREN,BB Ticker,SW,2497.0,,-,583792.0,0.0001
2024-12-31,NGS,Balanced Growth,LISTED EQUITY,1,"DICK'S SPORTING GOODS, INC.",-,DKS,BB Ticker,US,1579.0,,-,583610.0,0.0001
2024-12-31,NGS,Balanced Growth,LISTED EQUITY,1,DAIWA HOUSE INDUSTRY CO. LTD.,-,1925,BB Ticker,JP,11679.0,,-,583052.0,0.0001
2024-12-31,NGS,Balanced Growth,LISTED EQUITY,1,PRUDENTIAL PLC,-,PRU,BB Ticker,LN,45196.0,,-,582360.0,0.0001
2024-12-31,NGS,Balanced Growth,LISTED EQUITY,1,"CANADA GOOSE HOLDINGS, INC.",-,GOOS,BB Ticker,US,35939.0,,-,582205.0,0.0001
2024-12-31,NGS,Balanced Growth,LISTED EQUITY,1,"LENNOX INTERNATIONAL, INC.",-,LII,BB Ticker,US,590.0,,-,580756.0,0.0001
2024-12-31,NGS,Balanced Growth,LISTED EQUITY,1,"PUBLIC SERVICE ENTERPRISE GROUP, INC.",-,PEG,BB Ticker,US,4231.0,,-,577397.0,0.0001
2024-12-31,NGS,Balanced Growth,LISTED EQUITY,1,TRATON SE,-,8TRA,BB Ticker,GR,12347.0,,-,577149.0,0.0001
2024-12-31,NGS,Balanced Growth,LISTED EQUITY,1,LOGITECH INTERNATIONAL SA,-,LOGN,BB Ticker,SW,4308.0,,-,576124.0,0.0001
2024-12-31,NGS,Balanced Growth,LISTED EQUITY,1,3I GROUP PLC,-,III,BB Ticker,LN,7975.0,,-,574948.0,0.0001
2024-12-31,NGS,Balanced Growth,LISTED EQUITY,1,"BIOMARIN PHARMACEUTICAL, INC.",-,BMRN,BB Ticker,US,5409.0,,-,574200.0,0.0001
2024-12-31,NGS,Balanced Growth,LISTED EQUITY,1,"ALIMENTATION COUCHE-TARD, INC.",-,ATD,BB Ticker,CN,6414.0,,-,574179.0,0.0001
2024-12-31,NGS,Balanced Growth,LISTED EQUITY,1,"UNITED RENTALS, INC.",-,URI,BB Ticker,US,504.0,,-,573947.0,0.0001
2024-12-31,NGS,Balanced Growth,LISTED EQUITY,1,NAVER CORP.,-,035420,BB Ticker,KS,2630.0,,-,573926.0,0.0001
2024-12-31,NGS,Balanced Growth,LISTED EQUITY,1,FASTENAL CO.,-,FAST,BB Ticker,US,4937.0,,-,573451.0,0.0001
2024-12-31,NGS,Balanced Growth,LISTED EQUITY,1,"PINTEREST, INC.",-,PINS,BB Ticker,US,12189.0,,-,570922.0,0.0001
2024-12-31,NGS,Balanced Growth,LISTED EQUITY,1,FIRSTSERVICE CORP.,-,FSV,BB Ticker,CN,1933.0,,-,565200.0,0.0001
2024-12-31,NGS,Balanced Growth,LISTED EQUITY,1,DB INSURANCE CO. LTD.,-,005830,BB Ticker,KS,5009.0,,-,564890.0,0.0001
2024-12-31,NGS,Balanced Growth,LISTED EQUITY,1,BIDVEST GROUP LTD.,-,BVT,BB Ticker,SJ,24855.0,,-,560931.0,0.0001
2024-12-31,NGS,Balanced Growth,LISTED EQUITY,1,INDUS TOWERS LTD.,-,INDUSTOW,BB Ticker,IN,86980.0,,-,560857.0,0.0001
2024-12-31,NGS,Balanced Growth,LISTED EQUITY,1,SANLAM LTD.,-,SLM,BB Ticker,SJ,75422.0,,-,560857.0,0.0001
2024-12-31,NGS,Balanced Growth,LISTED EQUITY,1,SEAGATE TECHNOLOGY HOLDINGS PLC,-,STX,BB Ticker,US,3999.0,,-,557467.0,0.0001
2024-12-31,NGS,Balanced Growth,LISTED EQUITY,1,TOYOTA TSUSHO CORP.,-,8015,SEDOL,JP,19073.0,,-,554308.0,0.0001
2024-12-31,NGS,Balanced Growth,LISTED EQUITY,1,BANCA MEDIOLANUM SPA,-,BMED,BB Ticker,IM,28820.0,,-,553813.0,0.0001
2024-12-31,NGS,Balanced Growth,LISTED EQUITY,1,"NEUROCRINE BIOSCIENCES, INC.",-,NBIX,BB Ticker,US,2508.0,,-,552872.0,0.0001
2024-12-31,NGS,Balanced Growth,LISTED EQUITY,1,H LUNDBECK AS,-,HLUNB,BB Ticker,DC,59518.0,,-,551544.0,0.0001
2024-12-31,NGS,Balanced Growth,LISTED EQUITY,1,DISCOVER FINANCIAL SERVICES,-,DFS,BB Ticker,US,1965.0,,-,549867.0,0.0001
2024-12-31,NGS,Balanced Growth,LISTED EQUITY,1,CAPGEMINI SE,-,CAP,BB Ticker,FP,2073.0,,-,548151.0,0.0001
2024-12-31,NGS,Balanced Growth,LISTED EQUITY,1,BUREAU VERITAS SA,-,BVI,BB Ticker,FP,11120.0,,-,545629.0,0.0001
2024-12-31,NGS,Balanced Growth,LISTED EQUITY,1,FLUTTER ENTERTAINMENT PLC,-,FLTR,BB Ticker,LN,1298.0,,-,544207.0,0.0001
2024-12-31,NGS,Balanced Growth,LISTED EQUITY,1,NOVONESIS (NOVOZYMES) B,-,NSISB,BB Ticker,DC,5938.0,,-,542952.0,0.0001
2024-12-31,NGS,Balanced Growth,LISTED EQUITY,1,FORD MOTOR CO.,-,F,BB Ticker,US,33918.0,,-,542339.0,0.0001
2024-12-31,NGS,Balanced Growth,LISTED EQUITY,1,OBEROI REALTY LTD.,-,OBER,BB Ticker,IN,12387.0,,-,540150.0,0.0001
2024-12-31,NGS,Balanced Growth,LISTED EQUITY,1,PRYSMIAN SPA,-,PRY,BB Ticker,IM,5202.0,,-,536533.0,0.0001
2024-12-31,NGS,Balanced Growth,LISTED EQUITY,1,SAGE GROUP PLC,-,SGE,BB Ticker,LN,20831.0,,-,536403.0,0.0001
2024-12-31,NGS,Balanced Growth,LISTED EQUITY,1,"INGERSOLL RAND, INC.",-,IR,BB Ticker,US,3671.0,,-,536314.0,0.0001
2024-12-31,NGS,Balanced Growth,LISTED EQUITY,1,"INTERACTIVE BROKERS GROUP, INC.",-,IBKR,BB Ticker,US,1878.0,,-,535941.0,0.0001
2024-12-31,NGS,Balanced Growth,LISTED EQUITY,1,ITAU UNIBANCO HOLDING SA,-,ITUB,BB Ticker,US,66828.0,,-,535358.0,0.0001
2024-12-31,NGS,Balanced Growth,LISTED EQUITY,1,UGI CORP.,-,UGI,BB Ticker,US,11700.0,,-,533455.0,0.0001
2024-12-31,NGS,Balanced Growth,LISTED EQUITY,1,ERSTE GROUP BANK AG,-,EBS,BB Ticker,AV,5312.0,,-,530092.0,0.0001
2024-12-31,NGS,Balanced Growth,LISTED EQUITY,1,NIPPON TELEGRAPH & TELEPHONE CORP.,-,9432,BB Ticker,JP,324510.0,,-,526924.0,0.0001
2024-12-31,NGS,Balanced Growth,LISTED EQUITY,1,HONASA CONSUMER LTD.,-,HONASA,BB Ticker,IN,109266.0,,-,526049.0,0.0001
2024-12-31,NGS,Balanced Growth,LISTED EQUITY,1,CAIXABANK SA,-,CABK,BB Ticker,SM,60044.0,,-,525805.0,0.0001
2024-12-31,NGS,Balanced Growth,LISTED EQUITY,1,MITSUBISHI ESTATE CO. LTD.,-,8802,BB Ticker,JP,23081.0,,-,521952.0,0.0001
2024-12-31,NGS,Balanced Growth,LISTED EQUITY,1,MARUBENI CORP.,-,8002,BB Ticker,JP,21215.0,,-,521618.0,0.0
2024-12-31,NGS,Balanced Growth,LISTED EQUITY,1,"TEXAS ROADHOUSE, INC.",-,TXRH,BB Ticker,US,1790.0,,-,521571.0,0.0
2024-12-31,NGS,Balanced Growth,LISTED EQUITY,1,MONSTER BEVERAGE CORP.,-,MNST,BB Ticker,US,6143.0,,-,521509.0,0.0
2024-12-31,NGS,Balanced Growth,LISTED EQUITY,1,BIOMERIEUX,-,BIM,BB Ticker,FP,3002.0,,-,519738.0,0.0
2024-12-31,NGS,Balanced Growth,LISTED EQUITY,1,"KENVUE, INC.",-,KVUE,BB Ticker,US,15049.0,,-,518920.0,0.0
2024-12-31,NGS,Balanced Growth,LISTED EQUITY,1,ANGLO AMERICAN PLC,-,AAL,BB Ticker,LN,10832.0,,-,517968.0,0.0
2024-12-31,NGS,Balanced Growth,LISTED EQUITY,1,CHINA OVERSEAS LAND & INVESTMENT LTD.,-,688,BB Ticker,HK,200746.0,,-,517566.0,0.0
2024-12-31,NGS,Balanced Growth,LISTED EQUITY,1,"MOLINA HEALTHCARE, INC.",-,MOH,BB Ticker,US,1098.0,,-,516498.0,0.0
2024-12-31,NGS,Balanced Growth,LISTED EQUITY,1,"WILLIAMS-SONOMA, INC.",-,WSM,BB Ticker,US,1723.0,,-,515460.0,0.0
2024-12-31,NGS,Balanced Growth,LISTED EQUITY,1,"DOCUSIGN, INC.",-,DOCU,BB Ticker,US,3546.0,,-,515062.0,0.0
2024-12-31,NGS,Balanced Growth,LISTED EQUITY,1,SAMSUNG ELECTRO-MECHANICS CO. LTD.,-,009150,BB Ticker,KS,3791.0,,-,514907.0,0.0
2024-12-31,NGS,Balanced Growth,LISTED EQUITY,1,SEVEN & I HOLDINGS CO. LTD.,-,3382,BB Ticker,JP,20040.0,,-,512196.0,0.0
2024-12-31,NGS,Balanced Growth,LISTED EQUITY,1,INVESTOR AB,-,INVEB,BB Ticker,SS,11915.0,,-,509779.0,0.0
2024-12-31,NGS,Balanced Growth,LISTED EQUITY,1,HACI OMER SABANCI HOLDING AS,-,SAHOL,BB Ticker,TI,116247.0,,-,509727.0,0.0
2024-12-31,NGS,Balanced Growth,LISTED EQUITY,1,JAPAN POST HOLDINGS CO. LTD.,-,6178,BB Ticker,JP,33239.0,,-,509143.0,0.0
2024-12-31,NGS,Balanced Growth,LISTED EQUITY,1,"EQUIFAX, INC.",-,EFX,BB Ticker,US,1235.0,,-,508293.0,0.0
2024-12-31,NGS,Balanced Growth,LISTED EQUITY,1,KUEHNE & NAGEL INTERNATIONAL AG,-,KNIN,BB Ticker,SW,1372.0,,-,507999.0,0.0
2024-12-31,NGS,Balanced Growth,LISTED EQUITY,1,PANASONIC HOLDINGS CORP.,-,6752,SEDOL,JP,29922.0,,-,505228.0,0.0
2024-12-31,NGS,Balanced Growth,LISTED EQUITY,1,DEUTSCHE BANK AG,-,DBK,BB Ticker,GR,18150.0,,-,505110.0,0.0
2024-12-31,NGS,Balanced Growth,LISTED EQUITY,1,"XCEL ENERGY, INC.",-,XEL,BB Ticker,US,4619.0,,-,503702.0,0.0
2024-12-31,NGS,Balanced Growth,LISTED EQUITY,1,THAI BEVERAGE PCL,-,THBEV,BB Ticker,SP,776724.0,,-,501175.0,0.0
2024-12-31,NGS,Balanced Growth,LISTED EQUITY,1,STERIS PLC,-,STE,BB Ticker,US,1507.0,,-,500379.0,0.0
2024-12-31,NGS,Balanced Growth,LISTED EQUITY,1,UNIMICRON TECHNOLOGY CORP.,-,3037,BB Ticker,TT,71868.0,,-,499216.0,0.0
2024-12-31,NGS,Balanced Growth,LISTED EQUITY,1,GRASIM INDUSTRIES LTD.,-,GRASIM,BB Ticker,IN,10798.0,,-,497598.0,0.0
2024-12-31,NGS,Balanced Growth,LISTED EQUITY,1,VOLVO AB,-,VOLVA,BB Ticker,SS,12590.0,,-,497258.0,0.0
2024-12-31,NGS,Balanced Growth,LISTED EQUITY,1,NEC CORP.,-,6701,BB Ticker,JP,3525.0,,-,496920.0,0.0
2024-12-31,NGS,Balanced Growth,LISTED EQUITY,1,HDFC LIFE INSURANCE CO. LTD.,-,HDFCLIFE,BB Ticker,IN,42680.0,,-,496824.0,0.0
2024-12-31,NGS,Balanced Growth,LISTED EQUITY,1,NIDEC CORP.,-,6594,BB Ticker,JP,16931.0,,-,496747.0,0.0
2024-12-31,NGS,Balanced Growth,LISTED EQUITY,1,LLOYDS BANKING GROUP PLC,-,LLOY,BB Ticker,LN,448006.0,,-,496424.0,0.0
2024-12-31,NGS,Balanced Growth,LISTED EQUITY,1,ABU DHABI ISLAMIC BANK PJSC,-,ADIB,BB Ticker,UH,81325.0,,-,494205.0,0.0
2024-12-31,NGS,Balanced Growth,LISTED EQUITY,1,HOLCIM AG,-,HOLN,BB Ticker,SW,3174.0,,-,494158.0,0.0
2024-12-31,NGS,Balanced Growth,LISTED EQUITY,1,SAUDI AWWAL BANK,-,SABB,BB Ticker,AB,34074.0,,-,492866.0,0.0
2024-12-31,NGS,Balanced Growth,LISTED EQUITY,1,"CONSTELLATION BRANDS, INC.",-,STZ,BB Ticker,US,1375.0,,-,490851.0,0.0
2024-12-31,NGS,Balanced Growth,LISTED EQUITY,1,YANGZIJIANG SHIPBUILDING HOLDINGS LTD.,-,YZJSGD,BB Ticker,SP,138276.0,,-,489491.0,0.0
2024-12-31,NGS,Balanced Growth,LISTED EQUITY,1,M&T BANK CORP.,-,MTB,BB Ticker,US,1600.0,,-,485986.0,0.0
2024-12-31,NGS,Balanced Growth,LISTED EQUITY,1,"WEC ENERGY GROUP, INC.",-,WEC,BB Ticker,US,3131.0,,-,475567.0,0.0
2024-12-31,NGS,Balanced Growth,LISTED EQUITY,1,AP MOLLER - MAERSK AS,-,MAERSKB,BB Ticker,DC,177.0,,-,474175.0,0.0
2024-12-31,NGS,Balanced Growth,LISTED EQUITY,1,KBC GROUP NV,-,KBC,BB Ticker,BB,3798.0,,-,473468.0,0.0
2024-12-31,NGS,Balanced Growth,LISTED EQUITY,1,INFINEON TECHNOLOGIES AG,-,IFX,BB Ticker,GR,9014.0,,-,473364.0,0.0
2024-12-31,NGS,Balanced Growth,LISTED EQUITY,1,"JD.COM, INC.",-,JD,BB Ticker,US,8453.0,,-,473321.0,0.0
2024-12-31,NGS,Balanced Growth,LISTED EQUITY,1,WILLIS TOWERS WATSON PLC,-,WTW,BB Ticker,US,934.0,,-,472321.0,0.0
2024-12-31,NGS,Balanced Growth,LISTED EQUITY,1,"CHURCH & DWIGHT CO., INC.",-,CHD,BB Ticker,US,2786.0,,-,471209.0,0.0
2024-12-31,NGS,Balanced Growth,LISTED EQUITY,1,TERUMO CORP.,-,4543,BB Ticker,JP,14926.0,,-,469702.0,0.0
2024-12-31,NGS,Balanced Growth,LISTED EQUITY,1,BANK MANDIRI PERSERO TBK. PT,-,BMRI,BB Ticker,IJ,819016.0,,-,468468.0,0.0
2024-12-31,NGS,Balanced Growth,LISTED EQUITY,1,"ZILLOW GROUP, INC.",-,Z,BB Ticker,US,3909.0,,-,467537.0,0.0
2024-12-31,NGS,Balanced Growth,LISTED EQUITY,1,SODEXO SA,-,SW,BB Ticker,FP,3502.0,,-,465942.0,0.0
2024-12-31,NGS,Balanced Growth,LISTED EQUITY,1,NIPPON STEEL CORP.,-,5401,BB Ticker,JP,14236.0,,-,465511.0,0.0
2024-12-31,NGS,Balanced Growth,LISTED EQUITY,1,"NASDAQ, INC.",-,NDAQ,BB Ticker,US,3721.0,,-,464650.0,0.0
2024-12-31,NGS,Balanced Growth,LISTED EQUITY,1,DEUTSCHE POST AG,-,DHL,BB Ticker,GR,8161.0,,-,463797.0,0.0
2024-12-31,NGS,Balanced Growth,LISTED EQUITY,1,BANGKOK CHAIN HOSPITAL PCL,-,BCHF,BB Ticker,TB,639554.0,,-,463534.0,0.0
2024-12-31,NGS,Balanced Growth,LISTED EQUITY,1,"GE HEALTHCARE TECHNOLOGIES, INC.",-,GEHC,BB Ticker,US,3669.0,,-,463335.0,0.0
2024-12-31,NGS,Balanced Growth,LISTED EQUITY,1,AMADA CO. LTD.,-,6113,BB Ticker,JP,29300.0,,-,462810.0,0.0
2024-12-31,NGS,Balanced Growth,LISTED EQUITY,1,"CHARTER COMMUNICATIONS, INC.",-,CHTR,BB Ticker,US,835.0,,-,462141.0,0.0
2024-12-31,NGS,Balanced Growth,LISTED EQUITY,1,VIBRA ENERGIA SA,-,VBBR3,BB Ticker,BZ,98611.0,,-,459924.0,0.0
2024-12-31,NGS,Balanced Growth,LISTED EQUITY,1,ATMOS ENERGY CORP.,-,ATO,BB Ticker,US,2044.0,,-,459791.0,0.0
2024-12-31,NGS,Balanced Growth,LISTED EQUITY,1,MORINAGA & CO. LTD.,-,2201,BB Ticker,JP,16447.0,,-,459144.0,0.0
2024-12-31,NGS,Balanced Growth,LISTED EQUITY,1,LAS VEGAS SANDS CORP.,-,LVS,BB Ticker,US,5533.0,,-,458986.0,0.0
2024-12-31,NGS,Balanced Growth,LISTED EQUITY,1,AENA SME SA,-,AENA,BB Ticker,SM,1388.0,,-,458334.0,0.0
2024-12-31,NGS,Balanced Growth,LISTED EQUITY,1,ENTERGY CORP.,-,ETR,BB Ticker,US,3721.0,,-,455610.0,0.0
2024-12-31,NGS,Balanced Growth,LISTED EQUITY,1,CONTAINER CORP. OF INDIA LTD.,-,CCRI,BB Ticker,IN,30543.0,,-,454046.0,0.0
2024-12-31,NGS,Balanced Growth,LISTED EQUITY,1,"YUM! BRANDS, INC.",-,YUM,BB Ticker,US,2092.0,,-,453402.0,0.0
2024-12-31,NGS,Balanced Growth,LISTED EQUITY,1,"CORNING, INC.",-,GLW,BB Ticker,US,5906.0,,-,453309.0,0.0
2024-12-31,NGS,Balanced Growth,LISTED EQUITY,1,BASF SE,-,BAS,BB Ticker,GR,6335.0,,-,449893.0,0.0
2024-12-31,NGS,Balanced Growth,LISTED EQUITY,1,HALEON PLC,-,HLN,BB Ticker,LN,58772.0,,-,448661.0,0.0
2024-12-31,NGS,Balanced Growth,LISTED EQUITY,1,OLYMPUS CORP.,-,7733,SEDOL,JP,18313.0,,-,446117.0,0.0
2024-12-31,NGS,Balanced Growth,LISTED EQUITY,1,MERCK KGAA,-,MRK,BB Ticker,GR,1902.0,,-,444960.0,0.0
2024-12-31,NGS,Balanced Growth,LISTED EQUITY,1,HENKEL AG & CO. KGAA,-,HEN3,BB Ticker,GR,3140.0,,-,444714.0,0.0
2024-12-31,NGS,Balanced Growth,LISTED EQUITY,1,ENEL CHILE SA,-,ENELCHIL,BB Ticker,CI,4753588.0,,-,443892.0,0.0
2024-12-31,NGS,Balanced Growth,LISTED EQUITY,1,SITC INTERNATIONAL HOLDINGS CO. LTD.,-,1308,BB Ticker,HK,102965.0,,-,443154.0,0.0
2024-12-31,NGS,Balanced Growth,LISTED EQUITY,1,WARTSILA OYJ ABP,-,WRT1V,BB Ticker,FH,15485.0,,-,443106.0,0.0
2024-12-31,NGS,Balanced Growth,LISTED EQUITY,1,ACS ACTIVIDADES DE CONSTRUCCION Y SERVICIOS SA,-,ACS,BB Ticker,SM,5467.0,,-,442940.0,0.0
2024-12-31,NGS,Balanced Growth,LISTED EQUITY,1,"JD.COM, INC.",-,9618,BB Ticker,HK,15653.0,,-,442633.0,0.0
2024-12-31,NGS,Balanced Growth,LISTED EQUITY,1,INDRAPRASTHA GAS LTD.,-,IGL,BB Ticker,IN,56427.0,,-,442463.0,0.0
2024-12-31,NGS,Balanced Growth,LISTED EQUITY,1,AEGON LTD.,-,AGN,BB Ticker,,46116.0,,-,441169.0,0.0
2024-12-31,NGS,Balanced Growth,LISTED EQUITY,1,CAIXA SEGURIDADE PARTICIPACOES SA,-,CXSE3,BB Ticker,BZ,117768.0,,-,438741.0,0.0
2024-12-31,NGS,Balanced Growth,LISTED EQUITY,1,WEICHAI POWER CO. LTD.,-,2338,BB Ticker,HK,177596.0,,-,438680.0,0.0
2024-12-31,NGS,Balanced Growth,LISTED EQUITY,1,ZHUZHOU CRRC TIMES ELECTRIC CO. LTD.,-,3898,BB Ticker,HK,64197.0,,-,437812.0,0.0
2024-12-31,NGS,Balanced Growth,LISTED EQUITY,1,HANGZHOU OXYGEN PLANT GROUP CO. LTD.,-,002430,BB Ticker,C2,90733.0,,-,437671.0,0.0
2024-12-31,NGS,Balanced Growth,LISTED EQUITY,1,HDFC BANK LTD.,-,HDB,BB Ticker,US,4230.0,,-,436271.0,0.0
2024-12-31,NGS,Balanced Growth,LISTED EQUITY,1,"RPM INTERNATIONAL, INC.",-,RPM,BB Ticker,US,2187.0,,-,434706.0,0.0
2024-12-31,NGS,Balanced Growth,LISTED EQUITY,1,MAYORA INDAH TBK. PT,-,MYOR,BB Ticker,IJ,1552481.0,,-,433096.0,0.0
2024-12-31,NGS,Balanced Growth,LISTED EQUITY,1,"NUTANIX, INC.",-,NTNX,BB Ticker,US,4376.0,,-,432369.0,0.0
2024-12-31,NGS,Balanced Growth,LISTED EQUITY,1,INTERTEK GROUP PLC,-,ITRK,BB Ticker,LN,4504.0,,-,430764.0,0.0
2024-12-31,NGS,Balanced Growth,LISTED EQUITY,1,"TOLL BROTHERS, INC.",-,TOL,BB Ticker,US,2117.0,,-,430576.0,0.0
2024-12-31,NGS,Balanced Growth,LISTED EQUITY,1,AMEREN CORP.,-,AEE,BB Ticker,US,2987.0,,-,430093.0,0.0
2024-12-31,NGS,Balanced Growth,LISTED EQUITY,1,SIKA AG,-,SIKA,BB Ticker,SW,1117.0,,-,429486.0,0.0
2024-12-31,NGS,Balanced Growth,LISTED EQUITY,1,"CLOUDFLARE, INC.",-,NET,BB Ticker,US,2467.0,,-,429050.0,0.0
2024-12-31,NGS,Balanced Growth,LISTED EQUITY,1,PENTAIR PLC,-,PNR,BB Ticker,US,2634.0,,-,428070.0,0.0
2024-12-31,NGS,Balanced Growth,LISTED EQUITY,1,"MICROCHIP TECHNOLOGY, INC.",-,MCHP,BB Ticker,US,4620.0,,-,427961.0,0.0
2024-12-31,NGS,Balanced Growth,LISTED EQUITY,1,"COSTAR GROUP, INC.",-,CSGP,BB Ticker,US,3696.0,,-,427395.0,0.0
2024-12-31,NGS,Balanced Growth,LISTED EQUITY,1,HF SINCLAIR CORP.,-,DINO,BB Ticker,US,7541.0,,-,426910.0,0.0
2024-12-31,NGS,Balanced Growth,LISTED EQUITY,1,MEIJI HOLDINGS CO. LTD.,-,2269,BB Ticker,JP,12923.0,,-,425099.0,0.0
2024-12-31,NGS,Balanced Growth,LISTED EQUITY,1,SAMSUNG FIRE & MARINE INSURANCE CO. LTD.,-,000810,BB Ticker,KS,1080.0,,-,424816.0,0.0
2024-12-31,NGS,Balanced Growth,LISTED EQUITY,1,HONGFA TECHNOLOGY CO. LTD.,-,600885,BB Ticker,C1,60327.0,,-,424757.0,0.0
2024-12-31,NGS,Balanced Growth,LISTED EQUITY,1,PRIMO BRANDS CORP.,-,PRMB,BB Ticker,US,8528.0,,-,423821.0,0.0
2024-12-31,NGS,Balanced Growth,LISTED EQUITY,1,"XYLEM, INC.",-,XYL,BB Ticker,US,2258.0,,-,423175.0,0.0
2024-12-31,NGS,Balanced Growth,LISTED EQUITY,1,CHUGAI PHARMACEUTICAL CO. LTD.,-,4519,BB Ticker,JP,5874.0,,-,422491.0,0.0
2024-12-31,NGS,Balanced Growth,LISTED EQUITY,1,"SUMITOMO MITSUI TRUST GROUP, INC.",-,8309,BB Ticker,JP,11125.0,,-,422133.0,0.0
2024-12-31,NGS,Balanced Growth,LISTED EQUITY,1,INTERNATIONAL PAPER CO.,-,IP,BB Ticker,US,4856.0,,-,422103.0,0.0
2024-12-31,NGS,Balanced Growth,LISTED EQUITY,1,MGIC INVESTMENT CORP.,-,MTG,BB Ticker,US,10988.0,,-,420785.0,0.0
2024-12-31,NGS,Balanced Growth,LISTED EQUITY,1,IDEMITSU KOSAN CO. LTD.,-,5019,BB Ticker,JP,39527.0,,-,420638.0,0.0
2024-12-31,NGS,Balanced Growth,LISTED EQUITY,1,BHARAT FORGE LTD.,-,BHFC,BB Ticker,IN,17128.0,,-,419898.0,0.0
2024-12-31,NGS,Balanced Growth,LISTED EQUITY,1,ARES MANAGEMENT CORP.,-,ARES,BB Ticker,US,1468.0,,-,419668.0,0.0
2024-12-31,NGS,Balanced Growth,LISTED EQUITY,1,"DONALDSON CO., INC.",-,DCI,BB Ticker,US,3853.0,,-,419146.0,0.0
2024-12-31,NGS,Balanced Growth,LISTED EQUITY,1,VULCAN MATERIALS CO.,-,VMC,BB Ticker,US,1003.0,,-,416863.0,0.0
2024-12-31,NGS,Balanced Growth,LISTED EQUITY,1,"OLD DOMINION FREIGHT LINE, INC.",-,ODFL,BB Ticker,US,1455.0,,-,414434.0,0.0
2024-12-31,NGS,Balanced Growth,LISTED EQUITY,1,"UNITED AIRLINES HOLDINGS, INC.",-,UAL,BB Ticker,US,2640.0,,-,413987.0,0.0
2024-12-31,NGS,Balanced Growth,LISTED EQUITY,1,PAN PACIFIC INTERNATIONAL HOLDINGS CORP.,-,7532,BB Ticker,JP,9329.0,,-,413788.0,0.0
2024-12-31,NGS,Balanced Growth,LISTED EQUITY,1,FIFTH THIRD BANCORP,-,FITB,BB Ticker,US,6044.0,,-,412714.0,0.0
2024-12-31,NGS,Balanced Growth,LISTED EQUITY,1,"GLOBAL PAYMENTS, INC.",-,GPN,BB Ticker,US,2274.0,,-,411607.0,0.0
2024-12-31,NGS,Balanced Growth,LISTED EQUITY,1,"SUN LIFE FINANCIAL, INC.",-,SLF,BB Ticker,CN,4286.0,,-,410857.0,0.0
2024-12-31,NGS,Balanced Growth,LISTED EQUITY,1,VESTAS WIND SYSTEMS AS,-,VWS,BB Ticker,DC,18620.0,,-,409575.0,0.0
2024-12-31,NGS,Balanced Growth,LISTED EQUITY,1,COCA-COLA ICECEK AS,-,CCOLA,BB Ticker,TI,148645.0,,-,407030.0,0.0
2024-12-31,NGS,Balanced Growth,LISTED EQUITY,1,ORANGE SA,-,ORA,BB Ticker,FP,25228.0,,-,406236.0,0.0
2024-12-31,NGS,Balanced Growth,LISTED EQUITY,1,FOX CORP.,-,FOX,BB Ticker,US,5480.0,,-,404832.0,0.0
2024-12-31,NGS,Balanced Growth,LISTED EQUITY,1,DTE ENERGY CO.,-,DTE,BB Ticker,US,2068.0,,-,403365.0,0.0
2024-12-31,NGS,Balanced Growth,LISTED EQUITY,1,EVEREST GROUP LTD.,-,EG,BB Ticker,US,689.0,,-,403330.0,0.0
2024-12-31,NGS,Balanced Growth,LISTED EQUITY,1,"DELL TECHNOLOGIES, INC.",-,DELL,BB Ticker,US,2164.0,,-,402837.0,0.0
2024-12-31,NGS,Balanced Growth,LISTED EQUITY,1,SUMITOMO BAKELITE CO. LTD.,-,4203,BB Ticker,JP,10089.0,,-,401675.0,0.0
2024-12-31,NGS,Balanced Growth,LISTED EQUITY,1,XINYI GLASS HOLDINGS LTD.,-,868,BB Ticker,HK,243936.0,,-,400175.0,0.0
2024-12-31,NGS,Balanced Growth,LISTED EQUITY,1,VALEO SE,-,FR,BB Ticker,FP,25420.0,,-,395885.0,0.0
2024-12-31,NGS,Balanced Growth,LISTED EQUITY,1,STELLANTIS NV,-,STLAM,BB Ticker,IM,18795.0,,-,395747.0,0.0
2024-12-31,NGS,Balanced Growth,LISTED EQUITY,1,CURTISS-WRIGHT CORP.,-,CW,BB Ticker,US,686.0,,-,393299.0,0.0
2024-12-31,NGS,Balanced Growth,LISTED EQUITY,1,VEOLIA ENVIRONNEMENT SA,-,VIE,BB Ticker,FP,8644.0,,-,391960.0,0.0
2024-12-31,NGS,Balanced Growth,LISTED EQUITY,1,SINGAPORE TECHNOLOGIES ENGINEERING LTD.,-,STE,BB Ticker,SP,70624.0,,-,389640.0,0.0
2024-12-31,NGS,Balanced Growth,LISTED EQUITY,1,MGM CHINA HOLDINGS LTD.,-,2282,BB Ticker,HK,187685.0,,-,387895.0,0.0
2024-12-31,NGS,Balanced Growth,LISTED EQUITY,1,BGF RETAIL CO. LTD.,-,282330,BB Ticker,KS,3419.0,,-,384509.0,0.0
2024-12-31,NGS,Balanced Growth,LISTED EQUITY,1,GEORGE WESTON LTD.,-,WN,BB Ticker,CN,1529.0,,-,383903.0,0.0
2024-12-31,NGS,Balanced Growth,LISTED EQUITY,1,CATHAY FINANCIAL HOLDING CO. LTD.,-,2882,BB Ticker,TT,114021.0,,-,383655.0,0.0
2024-12-31,NGS,Balanced Growth,LISTED EQUITY,1,ROCHE HOLDING AG,-,RO,BB Ticker,SW,796.0,,-,383584.0,0.0
2024-12-31,NGS,Balanced Growth,LISTED EQUITY,1,BUNGE GLOBAL SA,-,BG,BB Ticker,US,3052.0,,-,383343.0,0.0
2024-12-31,NGS,Balanced Growth,LISTED EQUITY,1,"DYNATRACE, INC.",-,DT,BB Ticker,US,4361.0,,-,382827.0,0.0
2024-12-31,NGS,Balanced Growth,LISTED EQUITY,1,"F5, INC.",-,FFIV,BB Ticker,US,941.0,,-,381987.0,0.0
2024-12-31,NGS,Balanced Growth,LISTED EQUITY,1,TELENOR ASA,-,TEL,BB Ticker,NO,21099.0,,-,380766.0,0.0
2024-12-31,NGS,Balanced Growth,LISTED EQUITY,1,"ROKU, INC.",-,ROKU,BB Ticker,US,3163.0,,-,379754.0,0.0
2024-12-31,NGS,Balanced Growth,LISTED EQUITY,1,FIRSTENERGY CORP.,-,FE,BB Ticker,US,5904.0,,-,379297.0,0.0
2024-12-31,NGS,Balanced Growth,LISTED EQUITY,1,CK HUTCHISON HOLDINGS LTD.,-,1,BB Ticker,HK,43881.0,,-,378634.0,0.0
2024-12-31,NGS,Balanced Growth,LISTED EQUITY,1,ELBIT SYSTEMS LTD.,-,ESLT,BB Ticker,IT,895.0,,-,378034.0,0.0
2024-12-31,NGS,Balanced Growth,LISTED EQUITY,1,"AAC TECHNOLOGIES HOLDINGS, INC.",-,2018,BB Ticker,HK,48373.0,,-,377162.0,0.0
2024-12-31,NGS,Balanced Growth,LISTED EQUITY,1,TAYLOR MORRISON HOME CORP.,-,TMHC,BB Ticker,US,3790.0,,-,374649.0,0.0
2024-12-31,NGS,Balanced Growth,LISTED EQUITY,1,ON SEMICONDUCTOR CORP.,-,ON,BB Ticker,US,3674.0,,-,374159.0,0.0
2024-12-31,NGS,Balanced Growth,LISTED EQUITY,1,CHINA RESOURCES GAS GROUP LTD.,-,1193,BB Ticker,HK,58462.0,,-,373778.0,0.0
2024-12-31,NGS,Balanced Growth,LISTED EQUITY,1,"LPL FINANCIAL HOLDINGS, INC.",-,LPLA,BB Ticker,US,706.0,,-,372072.0,0.0
2024-12-31,NGS,Balanced Growth,LISTED EQUITY,1,HAITIAN INTERNATIONAL HOLDINGS LTD.,-,1882,BB Ticker,HK,84306.0,,-,369863.0,0.0
2024-12-31,NGS,Balanced Growth,LISTED EQUITY,1,HERA SPA,-,HER,BB Ticker,IM,64237.0,,-,368713.0,0.0
2024-12-31,NGS,Balanced Growth,LISTED EQUITY,1,LENOVO GROUP LTD.,-,992,SEDOL,HK,175523.0,,-,367868.0,0.0
2024-12-31,NGS,Balanced Growth,LISTED EQUITY,1,AERCAP HOLDINGS NV,-,AER,BB Ticker,US,2373.0,,-,366789.0,0.0
2024-12-31,NGS,Balanced Growth,LISTED EQUITY,1,"DOW, INC.",-,DOW,BB Ticker,US,5656.0,,-,366600.0,0.0
2024-12-31,NGS,Balanced Growth,LISTED EQUITY,1,HERSHEY CO.,-,HSY,BB Ticker,US,1334.0,,-,364794.0,0.0
2024-12-31,NGS,Balanced Growth,LISTED EQUITY,1,"BUILDERS FIRSTSOURCE, INC.",-,BLDR,BB Ticker,US,1577.0,,-,364035.0,0.0
2024-12-31,NGS,Balanced Growth,LISTED EQUITY,1,"HOLOGIC, INC.",-,HOLX,BB Ticker,US,3123.0,,-,363599.0,0.0
2024-12-31,NGS,Balanced Growth,LISTED EQUITY,1,BAYERISCHE MOTOREN WERKE AG,-,BMW,BB Ticker,GR,2731.0,,-,360735.0,0.0
2024-12-31,NGS,Balanced Growth,LISTED EQUITY,1,CIPUTRA DEVELOPMENT TBK. PT,-,CTRA,BB Ticker,IJ,3653783.0,,-,359320.0,0.0
2024-12-31,NGS,Balanced Growth,LISTED EQUITY,1,"CENTERPOINT ENERGY, INC.",-,CNP,BB Ticker,US,6968.0,,-,357115.0,0.0
2024-12-31,NGS,Balanced Growth,LISTED EQUITY,1,MASCO CORP.,-,MAS,BB Ticker,US,3042.0,,-,356624.0,0.0
2024-12-31,NGS,Balanced Growth,LISTED EQUITY,1,"ALIGN TECHNOLOGY, INC.",-,ALGN,BB Ticker,US,1059.0,,-,356525.0,0.0
2024-12-31,NGS,Balanced Growth,LISTED EQUITY,1,ARAMARK,-,ARMK,BB Ticker,US,5880.0,,-,354330.0,0.0
2024-12-31,NGS,Balanced Growth,LISTED EQUITY,1,"HUMANA, INC.",-,HUM,BB Ticker,US,862.0,,-,353392.0,0.0
2024-12-31,NGS,Balanced Growth,LISTED EQUITY,1,"HUBBELL, INC.",-,HUBB,BB Ticker,US,521.0,,-,352514.0,0.0
2024-12-31,NGS,Balanced Growth,LISTED EQUITY,1,FERROVIAL SE,-,FER,BB Ticker,SM,5174.0,,-,351355.0,0.0
2024-12-31,NGS,Balanced Growth,LISTED EQUITY,1,KELLANOVA,-,K,BB Ticker,US,2684.0,,-,351001.0,0.0
2024-12-31,NGS,Balanced Growth,LISTED EQUITY,1,INTELLIGENT MONITORING GROUP LTD.,-,IMB,BB Ticker,AU,626608.0,,-,350901.0,0.0
2024-12-31,NGS,Balanced Growth,LISTED EQUITY,1,SAAB AB,-,SAABB,BB Ticker,SS,10238.0,,-,349730.0,0.0
2024-12-31,NGS,Balanced Growth,LISTED EQUITY,1,ASM INTERNATIONAL NV,-,ASM,BB Ticker,,374.0,,-,349388.0,0.0
2024-12-31,NGS,Balanced Growth,LISTED EQUITY,1,NUCOR CORP.,-,NUE,BB Ticker,US,1844.0,,-,347665.0,0.0
2024-12-31,NGS,Balanced Growth,LISTED EQUITY,1,WHEATON PRECIOUS METALS CORP.,-,WPM,BB Ticker,CN,3822.0,,-,347289.0,0.0
2024-12-31,NGS,Balanced Growth,LISTED EQUITY,1,"HP, INC.",-,HPQ,BB Ticker,US,6589.0,,-,347250.0,0.0
2024-12-31,NGS,Balanced Growth,LISTED EQUITY,1,FRANCO-NEVADA CORP.,-,FNV,BB Ticker,CN,1825.0,,-,346206.0,0.0
2024-12-31,NGS,Balanced Growth,LISTED EQUITY,1,ORIENTAL LAND CO. LTD.,-,4661,BB Ticker,JP,9813.0,,-,345089.0,0.0
2024-12-31,NGS,Balanced Growth,LISTED EQUITY,1,SYNGENE INTERNATIONAL LTD.,-,SYNG,BB Ticker,IN,21269.0,,-,344442.0,0.0
2024-12-31,NGS,Balanced Growth,LISTED EQUITY,1,"DOLLARAMA, INC.",-,DOL,BB Ticker,CN,2185.0,,-,344225.0,0.0
2024-12-31,NGS,Balanced Growth,LISTED EQUITY,1,BANK LEUMI LE-ISRAEL BM,-,LUMI,BB Ticker,IT,17913.0,,-,344199.0,0.0
2024-12-31,NGS,Balanced Growth,LISTED EQUITY,1,CARNIVAL CORP.,-,CCL,BB Ticker,US,8489.0,,-,341686.0,0.0
2024-12-31,NGS,Balanced Growth,LISTED EQUITY,1,EVOLUTION AB,-,EVO,BB Ticker,SS,2737.0,,-,341211.0,0.0
2024-12-31,NGS,Balanced Growth,LISTED EQUITY,1,SK TELECOM CO. LTD.,-,017670,BB Ticker,KS,5630.0,,-,340949.0,0.0
2024-12-31,NGS,Balanced Growth,LISTED EQUITY,1,"T. ROWE PRICE GROUP, INC.",-,TROW,BB Ticker,US,1864.0,,-,340542.0,0.0
2024-12-31,NGS,Balanced Growth,LISTED EQUITY,1,TINGYI CAYMAN ISLANDS HOLDING CORP.,-,322,BB Ticker,HK,161702.0,,-,340247.0,0.0
2024-12-31,NGS,Balanced Growth,LISTED EQUITY,1,NEDBANK GROUP LTD.,-,NED,BB Ticker,SJ,14025.0,,-,338161.0,0.0
2024-12-31,NGS,Balanced Growth,LISTED EQUITY,1,PERNOD RICARD SA,-,RI,BB Ticker,FP,1853.0,,-,337863.0,0.0
2024-12-31,NGS,Balanced Growth,LISTED EQUITY,1,CMOC GROUP LTD.,-,3993,BB Ticker,HK,308893.0,,-,337182.0,0.0
2024-12-31,NGS,Balanced Growth,LISTED EQUITY,1,"NISOURCE, INC.",-,NI,BB Ticker,US,5669.0,,-,336553.0,0.0
2024-12-31,NGS,Balanced Growth,LISTED EQUITY,1,CDW CORP.,-,CDW,BB Ticker,US,1196.0,,-,336241.0,0.0
2024-12-31,NGS,Balanced Growth,LISTED EQUITY,1,DOVER CORP.,-,DOV,BB Ticker,US,1108.0,,-,335847.0,0.0
2024-12-31,NGS,Balanced Growth,LISTED EQUITY,1,DISCO CORP.,-,6146,BB Ticker,JP,760.0,,-,333801.0,0.0
2024-12-31,NGS,Balanced Growth,LISTED EQUITY,1,"CONAGRA BRANDS, INC.",-,CAG,BB Ticker,US,7445.0,,-,333692.0,0.0
2024-12-31,NGS,Balanced Growth,LISTED EQUITY,1,JAZZ PHARMACEUTICALS PLC,-,JAZZ,BB Ticker,US,1671.0,,-,332350.0,0.0
2024-12-31,NGS,Balanced Growth,LISTED EQUITY,1,"MARTIN MARIETTA MATERIALS, INC.",-,MLM,BB Ticker,US,398.0,,-,332045.0,0.0
2024-12-31,NGS,Balanced Growth,LISTED EQUITY,1,TDK CORP.,-,6762,BB Ticker,JP,15548.0,,-,331161.0,0.0
2024-12-31,NGS,Balanced Growth,LISTED EQUITY,1,"UNIVERSAL HEALTH SERVICES, INC.",-,UHS,BB Ticker,US,1129.0,,-,327210.0,0.0
2024-12-31,NGS,Balanced Growth,LISTED EQUITY,1,SYMRISE AG,-,SY1,BB Ticker,GR,1902.0,,-,326485.0,0.0
2024-12-31,NGS,Balanced Growth,LISTED EQUITY,1,"CANON, INC.",-,7751,BB Ticker,JP,6150.0,,-,326202.0,0.0
2024-12-31,NGS,Balanced Growth,LISTED EQUITY,1,EVONIK INDUSTRIES AG,-,EVK,BB Ticker,GR,11638.0,,-,325645.0,0.0
2024-12-31,NGS,Balanced Growth,LISTED EQUITY,1,DAITO TRUST CONSTRUCTION CO. LTD.,-,1878,BB Ticker,JP,1797.0,,-,324513.0,0.0
2024-12-31,NGS,Balanced Growth,LISTED EQUITY,1,"MARKEL GROUP, INC.",-,MKL,BB Ticker,US,116.0,,-,323678.0,0.0
2024-12-31,NGS,Balanced Growth,LISTED EQUITY,1,GIANT BIOGENE HOLDING CO. LTD.,-,2367,BB Ticker,HK,31097.0,,-,322635.0,0.0
2024-12-31,NGS,Balanced Growth,LISTED EQUITY,1,"CAE, INC.",-,CAE,BB Ticker,CN,7867.0,,-,322458.0,0.0
2024-12-31,NGS,Balanced Growth,LISTED EQUITY,1,"PTC, INC.",-,PTC,BB Ticker,US,1085.0,,-,322192.0,0.0
2024-12-31,NGS,Balanced Growth,LISTED EQUITY,1,"LIVE NATION ENTERTAINMENT, INC.",-,LYV,BB Ticker,US,1529.0,,-,319712.0,0.0
2024-12-31,NGS,Balanced Growth,LISTED EQUITY,1,"INGREDION, INC.",-,INGR,BB Ticker,US,1437.0,,-,319191.0,0.0
2024-12-31,NGS,Balanced Growth,LISTED EQUITY,1,"FIRST CITIZENS BANCSHARES, INC.",-,FCNCA,BB Ticker,US,93.0,,-,318377.0,0.0
2024-12-31,NGS,Balanced Growth,LISTED EQUITY,1,OTSUKA HOLDINGS CO. LTD.,-,4578,BB Ticker,JP,3593.0,,-,317588.0,0.0
2024-12-31,NGS,Balanced Growth,LISTED EQUITY,1,"IONIS PHARMACEUTICALS, INC.",-,IONS,BB Ticker,US,5613.0,,-,316951.0,0.0
2024-12-31,NGS,Balanced Growth,LISTED EQUITY,1,SHIONOGI & CO. LTD.,-,4507,SEDOL,JP,13890.0,,-,316749.0,0.0
2024-12-31,NGS,Balanced Growth,LISTED EQUITY,1,"WEST PHARMACEUTICAL SERVICES, INC.",-,WST,BB Ticker,US,596.0,,-,315505.0,0.0
2024-12-31,NGS,Balanced Growth,LISTED EQUITY,1,CARVANA CO.,-,CVNA,BB Ticker,US,959.0,,-,315036.0,0.0
2024-12-31,NGS,Balanced Growth,LISTED EQUITY,1,SHRIRAM FINANCE LTD.,-,SHFL,BB Ticker,IN,5776.0,,-,314799.0,0.0
2024-12-31,NGS,Balanced Growth,LISTED EQUITY,1,ASE TECHNOLOGY HOLDING CO. LTD.,-,3711,BB Ticker,TT,39389.0,,-,314359.0,0.0
2024-12-31,NGS,Balanced Growth,LISTED EQUITY,1,UCB SA,-,UCB,BB Ticker,BB,976.0,,-,313870.0,0.0
2024-12-31,NGS,Balanced Growth,LISTED EQUITY,1,"WSP GLOBAL, INC.",-,WSP,BB Ticker,CN,1102.0,,-,313111.0,0.0
2024-12-31,NGS,Balanced Growth,LISTED EQUITY,1,"ZIMMER BIOMET HOLDINGS, INC.",-,ZBH,BB Ticker,US,1826.0,,-,311594.0,0.0
2024-12-31,NGS,Balanced Growth,LISTED EQUITY,1,GENERALI,-,G,BB Ticker,IM,6815.0,,-,310817.0,0.0
2024-12-31,NGS,Balanced Growth,LISTED EQUITY,1,SSE PLC,-,SSE,BB Ticker,LN,9538.0,,-,309453.0,0.0
2024-12-31,NGS,Balanced Growth,LISTED EQUITY,1,AVIVA PLC,-,AV,BB Ticker,LN,32623.0,,-,309351.0,0.0
2024-12-31,NGS,Balanced Growth,LISTED EQUITY,1,UNIVERSAL MUSIC GROUP NV,-,UMG,BB Ticker,,7477.0,,-,309122.0,0.0
2024-12-31,NGS,Balanced Growth,LISTED EQUITY,1,SMC CORP.,-,6273,BB Ticker,JP,484.0,,-,309109.0,0.0
2024-12-31,NGS,Balanced Growth,LISTED EQUITY,1,NUTRIEN LTD.,-,NTR,BB Ticker,CN,4264.0,,-,308026.0,0.0
2024-12-31,NGS,Balanced Growth,LISTED EQUITY,1,MOLSON COORS BEVERAGE CO.,-,TAP,BB Ticker,US,3325.0,,-,307784.0,0.0
2024-12-31,NGS,Balanced Growth,LISTED EQUITY,1,BAPCOR LTD.,-,BAP,BB Ticker,AU,65157.0,,-,307541.0,0.0
2024-12-31,NGS,Balanced Growth,LISTED EQUITY,1,TELIA CO. AB,-,TELIA,BB Ticker,SS,68438.0,,-,306823.0,0.0
2024-12-31,NGS,Balanced Growth,LISTED EQUITY,1,"BANDAI NAMCO HOLDINGS, INC.",-,7832,BB Ticker,JP,7877.0,,-,305946.0,0.0
2024-12-31,NGS,Balanced Growth,LISTED EQUITY,1,ALKERMES PLC,-,ALKS,BB Ticker,US,6579.0,,-,305584.0,0.0
2024-12-31,NGS,Balanced Growth,LISTED EQUITY,1,SMURFIT WESTROCK PLC,-,SW,BB Ticker,US,3504.0,,-,304835.0,0.0
2024-12-31,NGS,Balanced Growth,LISTED EQUITY,1,HUGO BOSS AG,-,BOSS,BB Ticker,GR,4045.0,,-,302964.0,0.0
2024-12-31,NGS,Balanced Growth,LISTED EQUITY,1,"CH ROBINSON WORLDWIDE, INC.",-,CHRW,BB Ticker,US,1813.0,,-,302474.0,0.0
2024-12-31,NGS,Balanced Growth,LISTED EQUITY,1,"CORPAY, INC.",-,CPAY,BB Ticker,US,553.0,,-,302170.0,0.0
2024-12-31,NGS,Balanced Growth,LISTED EQUITY,1,KINGSPAN GROUP PLC,-,KSP,BB Ticker,ID,2564.0,,-,302072.0,0.0
2024-12-31,NGS,Balanced Growth,LISTED EQUITY,1,"SOMPO HOLDINGS, INC.",-,8630,BB Ticker,JP,7118.0,,-,301295.0,0.0
2024-12-31,NGS,Balanced Growth,LISTED EQUITY,1,DENSO CORP.,-,6902,BB Ticker,JP,13199.0,,-,300380.0,0.0
2024-12-31,NGS,Balanced Growth,LISTED EQUITY,1,TEVA PHARMACEUTICAL INDUSTRIES LTD.,-,TEVA,BB Ticker,US,8415.0,,-,299541.0,0.0
2024-12-31,NGS,Balanced Growth,LISTED EQUITY,1,MELROSE INDUSTRIES PLC,-,MRO,BB Ticker,LN,26557.0,,-,297497.0,0.0
2024-12-31,NGS,Balanced Growth,LISTED EQUITY,1,"STANLEY BLACK & DECKER, INC.",-,SWK,BB Ticker,US,2283.0,,-,296168.0,0.0
2024-12-31,NGS,Balanced Growth,LISTED EQUITY,1,FUJIFILM HOLDINGS CORP.,-,4901,BB Ticker,JP,8707.0,,-,296094.0,0.0
2024-12-31,NGS,Balanced Growth,LISTED EQUITY,1,VOLKSWAGEN AG,-,VOW3,BB Ticker,GR,1985.0,,-,295545.0,0.0
2024-12-31,NGS,Balanced Growth,LISTED EQUITY,1,MULTIPLAN EMPREENDIMENTOS IMOBILIARIOS SA,-,MULT3,BB Ticker,BZ,53555.0,,-,295148.0,0.0
2024-12-31,NGS,Balanced Growth,LISTED EQUITY,1,ASAHI KASEI CORP.,-,3407,SEDOL,JP,26259.0,,-,294827.0,0.0
2024-12-31,NGS,Balanced Growth,LISTED EQUITY,1,EMPIRE CO. LTD.,-,EMPA,BB Ticker,CN,5943.0,,-,292886.0,0.0
2024-12-31,NGS,Balanced Growth,LISTED EQUITY,1,ASHTEAD GROUP PLC,-,AHT,BB Ticker,LN,2914.0,,-,292665.0,0.0
2024-12-31,NGS,Balanced Growth,LISTED EQUITY,1,MEDIOBANCA BANCA DI CREDITO FINANZIARIO SPA,-,MB,BB Ticker,IM,12380.0,,-,291420.0,0.0
2024-12-31,NGS,Balanced Growth,LISTED EQUITY,1,CK ASSET HOLDINGS LTD.,-,1113,BB Ticker,HK,43535.0,,-,288755.0,0.0
2024-12-31,NGS,Balanced Growth,LISTED EQUITY,1,"GRACO, INC.",-,GGG,BB Ticker,US,2104.0,,-,286463.0,0.0
2024-12-31,NGS,Balanced Growth,LISTED EQUITY,1,W.R. BERKLEY CORP.,-,WRB,BB Ticker,US,3009.0,,-,284444.0,0.0
2024-12-31,NGS,Balanced Growth,LISTED EQUITY,1,SWISSCOM AG,-,SCMN,BB Ticker,SW,314.0,,-,282081.0,0.0
2024-12-31,NGS,Balanced Growth,LISTED EQUITY,1,"HUNTINGTON BANCSHARES, INC.",-,HBAN,BB Ticker,US,10718.0,,-,281646.0,0.0
2024-12-31,NGS,Balanced Growth,LISTED EQUITY,1,"AJINOMOTO CO., INC.",-,2802,SEDOL,JP,4215.0,,-,279503.0,0.0
2024-12-31,NGS,Balanced Growth,LISTED EQUITY,1,SWISS LIFE HOLDING AG,-,SLHN,BB Ticker,SW,223.0,,-,278297.0,0.0
2024-12-31,NGS,Balanced Growth,LISTED EQUITY,1,BRIDGESTONE CORP.,-,5108,BB Ticker,JP,5045.0,,-,276839.0,0.0
2024-12-31,NGS,Balanced Growth,LISTED EQUITY,1,GEA GROUP AG,-,G1A,BB Ticker,GR,3457.0,,-,276445.0,0.0
2024-12-31,NGS,Balanced Growth,LISTED EQUITY,1,SUNNY OPTICAL TECHNOLOGY GROUP CO. LTD.,-,2382,BB Ticker,HK,19280.0,,-,275998.0,0.0
2024-12-31,NGS,Balanced Growth,LISTED EQUITY,1,SANDVIK AB,-,SAND,BB Ticker,SS,9369.0,,-,271575.0,0.0
2024-12-31,NGS,Balanced Growth,LISTED EQUITY,1,"PRINCIPAL FINANCIAL GROUP, INC.",-,PFG,BB Ticker,US,2171.0,,-,271375.0,0.0
2024-12-31,NGS,Balanced Growth,LISTED EQUITY,1,BAYER AG,-,BAYN,BB Ticker,GR,8369.0,,-,270338.0,0.0
2024-12-31,NGS,Balanced Growth,LISTED EQUITY,1,"LABCORP HOLDINGS, INC.",-,LH,BB Ticker,US,727.0,,-,269254.0,0.0
2024-12-31,NGS,Balanced Growth,LISTED EQUITY,1,KERRY GROUP PLC,-,KYGA,BB Ticker,ID,1713.0,,-,267165.0,0.0
2024-12-31,NGS,Balanced Growth,LISTED EQUITY,1,"AMERICAN WATER WORKS CO., INC.",-,AWK,BB Ticker,US,1327.0,,-,266911.0,0.0
2024-12-31,NGS,Balanced Growth,LISTED EQUITY,1,NN GROUP NV,-,NN,BB Ticker,,3792.0,,-,266785.0,0.0
2024-12-31,NGS,Balanced Growth,LISTED EQUITY,1,TOKYO OHKA KOGYO CO. LTD.,-,4186,BB Ticker,JP,7325.0,,-,265957.0,0.0
2024-12-31,NGS,Balanced Growth,LISTED EQUITY,1,"FACTSET RESEARCH SYSTEMS, INC.",-,FDS,BB Ticker,US,343.0,,-,265877.0,0.0
2024-12-31,NGS,Balanced Growth,LISTED EQUITY,1,HEXAGON AB,-,HEXAB,BB Ticker,SS,17157.0,,-,264836.0,0.0
2024-12-31,NGS,Balanced Growth,LISTED EQUITY,1,RENESAS ELECTRONICS CORP.,-,6723,BB Ticker,JP,12577.0,,-,264512.0,0.0
2024-12-31,NGS,Balanced Growth,LISTED EQUITY,1,"NRG ENERGY, INC.",-,NRG,BB Ticker,US,1809.0,,-,263619.0,0.0
2024-12-31,NGS,Balanced Growth,LISTED EQUITY,1,MAKALOT INDUSTRIAL CO. LTD.,-,1477,BB Ticker,TT,16585.0,,-,262272.0,0.0
2024-12-31,NGS,Balanced Growth,LISTED EQUITY,1,KIRIN HOLDINGS CO. LTD.,-,2503,BB Ticker,JP,12438.0,,-,261925.0,0.0
2024-12-31,NGS,Balanced Growth,LISTED EQUITY,1,DANSKE BANK AS,-,DANSKE,BB Ticker,DC,5725.0,,-,261553.0,0.0
2024-12-31,NGS,Balanced Growth,LISTED EQUITY,1,PACKAGING CORP. OF AMERICA,-,PKG,BB Ticker,US,718.0,,-,261068.0,0.0
2024-12-31,NGS,Balanced Growth,LISTED EQUITY,1,JB CHEMICALS & PHARMACEUTICALS LTD.,-,JBCP,BB Ticker,IN,7484.0,,-,260367.0,0.0
2024-12-31,NGS,Balanced Growth,LISTED EQUITY,1,DAIMLER TRUCK HOLDING AG,-,DTG,BB Ticker,GR,4218.0,,-,259960.0,0.0
2024-12-31,NGS,Balanced Growth,LISTED EQUITY,1,PAKUWON JATI TBK. PT,-,PWON,BB Ticker,IJ,6476458.0,,-,258663.0,0.0
2024-12-31,NGS,Balanced Growth,LISTED EQUITY,1,"TERADYNE, INC.",-,TER,BB Ticker,US,1265.0,,-,257328.0,0.0
2024-12-31,NGS,Balanced Growth,LISTED EQUITY,1,SCHINDLER HOLDING AG,-,SCHP,BB Ticker,SW,567.0,,-,253183.0,0.0
2024-12-31,NGS,Balanced Growth,LISTED EQUITY,1,"PURE STORAGE, INC.",-,PSTG,BB Ticker,US,2544.0,,-,252378.0,0.0
2024-12-31,NGS,Balanced Growth,LISTED EQUITY,1,"SNAP-ON, INC.",-,SNA,BB Ticker,US,460.0,,-,252344.0,0.0
2024-12-31,NGS,Balanced Growth,LISTED EQUITY,1,FIRST QUANTUM MINERALS LTD.,-,FM,BB Ticker,CN,12122.0,,-,252255.0,0.0
2024-12-31,NGS,Balanced Growth,LISTED EQUITY,1,RALPH LAUREN CORP.,-,RL,BB Ticker,US,675.0,,-,251868.0,0.0
2024-12-31,NGS,Balanced Growth,LISTED EQUITY,1,"WINGSTOP, INC.",-,WING,BB Ticker,US,549.0,,-,251854.0,0.0
2024-12-31,NGS,Balanced Growth,LISTED EQUITY,1,SECOM CO. LTD.,-,9735,BB Ticker,JP,4561.0,,-,251652.0,0.0
2024-12-31,NGS,Balanced Growth,LISTED EQUITY,1,"ASUSTEK COMPUTER, INC.",-,2357,BB Ticker,TT,8292.0,,-,251651.0,0.0
2024-12-31,NGS,Balanced Growth,LISTED EQUITY,1,"DARDEN RESTAURANTS, INC.",-,DRI,BB Ticker,US,834.0,,-,251497.0,0.0
2024-12-31,NGS,Balanced Growth,LISTED EQUITY,1,ADITYA BIRLA REAL ESTATE LTD.,-,ABREL,BB Ticker,IN,5312.0,,-,251396.0,0.0
2024-12-31,NGS,Balanced Growth,LISTED EQUITY,1,INTERNATIONAL CONSOLIDATED AIRLINES GROUP SA,-,IAG,BB Ticker,LN,41099.0,,-,250984.0,0.0
2024-12-31,NGS,Balanced Growth,LISTED EQUITY,1,REGIONS FINANCIAL CORP.,-,RF,BB Ticker,US,6582.0,,-,250039.0,0.0
2024-12-31,NGS,Balanced Growth,LISTED EQUITY,1,TRANSUNION,-,TRU,BB Ticker,US,1669.0,,-,249890.0,0.0
2024-12-31,NGS,Balanced Growth,LISTED EQUITY,1,WESTERN DIGITAL CORP.,-,WDC,BB Ticker,US,2593.0,,-,249708.0,0.0
2024-12-31,NGS,Balanced Growth,LISTED EQUITY,1,"CF INDUSTRIES HOLDINGS, INC.",-,CF,BB Ticker,US,1811.0,,-,249587.0,0.0
2024-12-31,NGS,Balanced Growth,LISTED EQUITY,1,EPIROC AB,-,EPIB,BB Ticker,SS,9878.0,,-,248939.0,0.0
2024-12-31,NGS,Balanced Growth,LISTED EQUITY,1,"H&R BLOCK, INC.",-,HRB,BB Ticker,US,2912.0,,-,248520.0,0.0
2024-12-31,NGS,Balanced Growth,LISTED EQUITY,1,SUZUKI MOTOR CORP.,-,7269,BB Ticker,JP,13337.0,,-,245343.0,0.0
2024-12-31,NGS,Balanced Growth,LISTED EQUITY,1,"RESTAURANT BRANDS INTERNATIONAL, INC.",-,QSR,BB Ticker,CN,2315.0,,-,243570.0,0.0
2024-12-31,NGS,Balanced Growth,LISTED EQUITY,1,"FIRST SOLAR, INC.",-,FSLR,BB Ticker,US,855.0,,-,243321.0,0.0
2024-12-31,NGS,Balanced Growth,LISTED EQUITY,1,SOLVENTUM CORP.,-,SOLV,BB Ticker,US,2273.0,,-,242498.0,0.0
2024-12-31,NGS,Balanced Growth,LISTED EQUITY,1,"QUEST DIAGNOSTICS, INC.",-,DGX,BB Ticker,US,991.0,,-,241450.0,0.0
2024-12-31,NGS,Balanced Growth,LISTED EQUITY,1,"ESTEE LAUDER COS., INC.",-,EL,BB Ticker,US,1989.0,,-,240847.0,0.0
2024-12-31,NGS,Balanced Growth,LISTED EQUITY,1,DOLLAR GENERAL CORP.,-,DG,BB Ticker,US,1961.0,,-,240160.0,0.0
2024-12-31,NGS,Balanced Growth,LISTED EQUITY,1,WATERS CORP.,-,WAT,BB Ticker,US,399.0,,-,238908.0,0.0
2024-12-31,NGS,Balanced Growth,LISTED EQUITY,1,DASSAULT SYSTEMES SE,-,DSY,BB Ticker,FP,4261.0,,-,238728.0,0.0
2024-12-31,NGS,Balanced Growth,LISTED EQUITY,1,INSULET CORP.,-,PODD,BB Ticker,US,565.0,,-,238350.0,0.0
2024-12-31,NGS,Balanced Growth,LISTED EQUITY,1,AIB GROUP PLC,-,AIBG,BB Ticker,ID,26716.0,,-,238146.0,0.0
2024-12-31,NGS,Balanced Growth,LISTED EQUITY,1,"CACI INTERNATIONAL, INC.",-,CACI,BB Ticker,US,365.0,,-,238114.0,0.0
2024-12-31,NGS,Balanced Growth,LISTED EQUITY,1,FRESENIUS MEDICAL CARE AG,-,FME,BB Ticker,GR,3209.0,,-,236964.0,0.0
2024-12-31,NGS,Balanced Growth,LISTED EQUITY,1,"BURLINGTON STORES, INC.",-,BURL,BB Ticker,US,514.0,,-,236708.0,0.0
2024-12-31,NGS,Balanced Growth,LISTED EQUITY,1,J.M. SMUCKER CO.,-,SJM,BB Ticker,US,1329.0,,-,236347.0,0.0
2024-12-31,NGS,Balanced Growth,LISTED EQUITY,1,"WATSCO, INC.",-,WSO,BB Ticker,US,307.0,,-,234836.0,0.0
2024-12-31,NGS,Balanced Growth,LISTED EQUITY,1,"OMNICOM GROUP, INC.",-,OMC,BB Ticker,US,1681.0,,-,233640.0,0.0
2024-12-31,NGS,Balanced Growth,LISTED EQUITY,1,"TELEDYNE TECHNOLOGIES, INC.",-,TDY,BB Ticker,US,312.0,,-,233626.0,0.0
2024-12-31,NGS,Balanced Growth,LISTED EQUITY,1,OTP BANK NYRT,-,OTP,BB Ticker,HB,2645.0,,-,233270.0,0.0
2024-12-31,NGS,Balanced Growth,LISTED EQUITY,1,NATURA & CO. HOLDING SA,-,NTCO3,BB Ticker,BZ,69864.0,,-,233061.0,0.0
2024-12-31,NGS,Balanced Growth,LISTED EQUITY,1,"COOPER COS., INC.",-,COO,BB Ticker,US,1558.0,,-,231371.0,0.0
2024-12-31,NGS,Balanced Growth,LISTED EQUITY,1,APTIV PLC,-,APTV,BB Ticker,US,2361.0,,-,230654.0,0.0
2024-12-31,NGS,Balanced Growth,LISTED EQUITY,1,"MONGODB, INC.",-,MDB,BB Ticker,US,607.0,,-,228140.0,0.0
2024-12-31,NGS,Balanced Growth,LISTED EQUITY,1,"DOLLAR TREE, INC.",-,DLTR,BB Ticker,US,1884.0,,-,228005.0,0.0
2024-12-31,NGS,Balanced Growth,LISTED EQUITY,1,"ZSCALER, INC.",-,ZS,BB Ticker,US,782.0,,-,227734.0,0.0
2024-12-31,NGS,Balanced Growth,LISTED EQUITY,1,TRELLEBORG AB,-,TRELB,BB Ticker,SS,4108.0,,-,227317.0,0.0
2024-12-31,NGS,Balanced Growth,LISTED EQUITY,1,COMMERZBANK AG,-,CBK,BB Ticker,GR,8553.0,,-,224937.0,0.0
2024-12-31,NGS,Balanced Growth,LISTED EQUITY,1,SANDOZ GROUP AG,-,SDZ,BB Ticker,SW,3380.0,,-,223896.0,0.0
2024-12-31,NGS,Balanced Growth,LISTED EQUITY,1,"TRIMBLE, INC.",-,TRMB,BB Ticker,US,1952.0,,-,222791.0,0.0
2024-12-31,NGS,Balanced Growth,LISTED EQUITY,1,HONGKONG LAND HOLDINGS LTD.,-,HKL,BB Ticker,SP,30959.0,,-,222507.0,0.0
2024-12-31,NGS,Balanced Growth,LISTED EQUITY,1,"TRADEWEB MARKETS, INC.",-,TW,BB Ticker,US,1049.0,,-,221811.0,0.0
2024-12-31,NGS,Balanced Growth,LISTED EQUITY,1,CIE GENERALE DES ETABLISSEMENTS MICHELIN SCA,-,ML,BB Ticker,FP,4169.0,,-,221725.0,0.0
2024-12-31,NGS,Balanced Growth,LISTED EQUITY,1,SIGNIFY NV,-,LIGHT,BB Ticker,,6143.0,,-,221722.0,0.0
2024-12-31,NGS,Balanced Growth,LISTED EQUITY,1,TENCENT MUSIC ENTERTAINMENT GROUP,-,TME,BB Ticker,US,12074.0,,-,221331.0,0.0
2024-12-31,NGS,Balanced Growth,LISTED EQUITY,1,CELLNEX TELECOM SA,-,CLNX,BB Ticker,SM,4312.0,,-,220030.0,0.0
2024-12-31,NGS,Balanced Growth,LISTED EQUITY,1,"RB GLOBAL, INC.",-,RBA,BB Ticker,CN,1510.0,,-,219994.0,0.0
2024-12-31,NGS,Balanced Growth,LISTED EQUITY,1,"SUPER MICRO COMPUTER, INC.",-,SMCI,BB Ticker,US,4443.0,,-,218741.0,0.0
2024-12-31,NGS,Balanced Growth,LISTED EQUITY,1,KEYCORP,-,KEY,BB Ticker,US,7896.0,,-,218580.0,0.0
2024-12-31,NGS,Balanced Growth,LISTED EQUITY,1,"ROLLINS, INC.",-,ROL,BB Ticker,US,2918.0,,-,218462.0,0.0
2024-12-31,NGS,Balanced Growth,LISTED EQUITY,1,NIPPON YUSEN KK,-,9101,BB Ticker,JP,4008.0,,-,217194.0,0.0
2024-12-31,NGS,Balanced Growth,LISTED EQUITY,1,"EVERGY, INC.",-,EVRG,BB Ticker,US,2180.0,,-,216736.0,0.0
2024-12-31,NGS,Balanced Growth,LISTED EQUITY,1,ALLIANT ENERGY CORP.,-,LNT,BB Ticker,US,2258.0,,-,215709.0,0.0
2024-12-31,NGS,Balanced Growth,LISTED EQUITY,1,"ULTA BEAUTY, INC.",-,ULTA,BB Ticker,US,307.0,,-,215530.0,0.0
2024-12-31,NGS,Balanced Growth,LISTED EQUITY,1,ARGENX SE,-,ARGXEUR,BB Ticker,X9,212.0,,-,212885.0,0.0
2024-12-31,NGS,Balanced Growth,LISTED EQUITY,1,AEON CO. LTD.,-,8267,BB Ticker,JP,5597.0,,-,212550.0,0.0
2024-12-31,NGS,Balanced Growth,LISTED EQUITY,1,INTERCONTINENTAL HOTELS GROUP PLC,-,IHG,BB Ticker,LN,1052.0,,-,211907.0,0.0
2024-12-31,NGS,Balanced Growth,LISTED EQUITY,1,"VIATRIS, INC.",-,VTRS,BB Ticker,US,10475.0,,-,210642.0,0.0
2024-12-31,NGS,Balanced Growth,LISTED EQUITY,1,TENARIS SA,-,TEN,BB Ticker,IM,6953.0,,-,210114.0,0.0
2024-12-31,NGS,Balanced Growth,LISTED EQUITY,1,CATENA AB,-,CATE,BB Ticker,SS,3036.0,,-,209878.0,0.0
2024-12-31,NGS,Balanced Growth,LISTED EQUITY,1,"DRAFTKINGS, INC.",-,DKNG,BB Ticker,US,3472.0,,-,208592.0,0.0
2024-12-31,NGS,Balanced Growth,LISTED EQUITY,1,IDEX CORP.,-,IEX,BB Ticker,US,614.0,,-,207427.0,0.0
2024-12-31,NGS,Balanced Growth,LISTED EQUITY,1,"BAXTER INTERNATIONAL, INC.",-,BAX,BB Ticker,US,4403.0,,-,207380.0,0.0
2024-12-31,NGS,Balanced Growth,LISTED EQUITY,1,KOITO MANUFACTURING CO. LTD.,-,7276,BB Ticker,JP,10020.0,,-,206773.0,0.0
2024-12-31,NGS,Balanced Growth,LISTED EQUITY,1,A.O. SMITH CORP.,-,AOS,BB Ticker,US,1877.0,,-,206767.0,0.0
2024-12-31,NGS,Balanced Growth,LISTED EQUITY,1,SARTORIUS AG,-,SRT3,BB Ticker,GR,574.0,,-,206431.0,0.0
2024-12-31,NGS,Balanced Growth,LISTED EQUITY,1,"TELEFLEX, INC.",-,TFX,BB Ticker,US,713.0,,-,205200.0,0.0
2024-12-31,NGS,Balanced Growth,LISTED EQUITY,1,ASAHI GROUP HOLDINGS LTD.,-,2502,BB Ticker,JP,12024.0,,-,204755.0,0.0
2024-12-31,NGS,Balanced Growth,LISTED EQUITY,1,PANDORA AS,-,PNDORA,BB Ticker,DC,693.0,,-,204721.0,0.0
2024-12-31,NGS,Balanced Growth,LISTED EQUITY,1,HONG KONG & CHINA GAS CO. LTD.,-,3,BB Ticker,HK,157556.0,,-,203435.0,0.0
2024-12-31,NGS,Balanced Growth,LISTED EQUITY,1,"RESONA HOLDINGS, INC.",-,8308,BB Ticker,JP,17276.0,,-,203198.0,0.0
2024-12-31,NGS,Balanced Growth,LISTED EQUITY,1,HORMEL FOODS CORP.,-,HRL,BB Ticker,US,3992.0,,-,202265.0,0.0
2024-12-31,NGS,Balanced Growth,LISTED EQUITY,1,GEBERIT AG,-,GEBN,BB Ticker,SW,218.0,,-,199635.0,0.0
2024-12-31,NGS,Balanced Growth,LISTED EQUITY,1,"ENTEGRIS, INC.",-,ENTG,BB Ticker,US,1247.0,,-,199563.0,0.0
2024-12-31,NGS,Balanced Growth,LISTED EQUITY,1,TERNA - RETE ELETTRICA NAZIONALE,-,TRN,BB Ticker,IM,15654.0,,-,199496.0,0.0
2024-12-31,NGS,Balanced Growth,LISTED EQUITY,1,BROOKFIELD ASSET MANAGEMENT LTD.,-,BAM,BB Ticker,CN,2275.0,,-,199167.0,0.0
2024-12-31,NGS,Balanced Growth,LISTED EQUITY,1,M&G PLC,-,MNG,BB Ticker,LN,49610.0,,-,198543.0,0.0
2024-12-31,NGS,Balanced Growth,LISTED EQUITY,1,JAPAN POST BANK CO. LTD.,-,7182,BB Ticker,JP,12922.0,,-,198472.0,0.0
2024-12-31,NGS,Balanced Growth,LISTED EQUITY,1,BLOOMBERRY RESORTS CORP.,-,BLOOM,BB Ticker,PM,1539559.0,,-,196879.0,0.0
2024-12-31,NGS,Balanced Growth,LISTED EQUITY,1,ENCOMPASS HEALTH CORP.,-,EHC,BB Ticker,US,1313.0,,-,195837.0,0.0
2024-12-31,NGS,Balanced Growth,LISTED EQUITY,1,LY CORP.,-,4689,BB Ticker,JP,45263.0,,-,195089.0,0.0
2024-12-31,NGS,Balanced Growth,LISTED EQUITY,1,ABN AMRO BANK NV,-,ABN,BB Ticker,,7792.0,,-,194046.0,0.0
2024-12-31,NGS,Balanced Growth,LISTED EQUITY,1,SGS SA,-,SGSN,BB Ticker,SW,1192.0,,-,193070.0,0.0
2024-12-31,NGS,Balanced Growth,LISTED EQUITY,1,SONOVA HOLDING AG,-,SOON,BB Ticker,SW,363.0,,-,191579.0,0.0
2024-12-31,NGS,Balanced Growth,LISTED EQUITY,1,LEGAL & GENERAL GROUP PLC,-,LGEN,BB Ticker,LN,41188.0,,-,191455.0,0.0
2024-12-31,NGS,Balanced Growth,LISTED EQUITY,1,"DOMINO'S PIZZA, INC.",-,DPZ,BB Ticker,US,281.0,,-,190678.0,0.0
2024-12-31,NGS,Balanced Growth,LISTED EQUITY,1,MGM RESORTS INTERNATIONAL,-,MGM,BB Ticker,US,3382.0,,-,189227.0,0.0
2024-12-31,NGS,Balanced Growth,LISTED EQUITY,1,"AKAMAI TECHNOLOGIES, INC.",-,AKAM,BB Ticker,US,1215.0,,-,187676.0,0.0
2024-12-31,NGS,Balanced Growth,LISTED EQUITY,1,EDP SA,-,EDP,BB Ticker,PL,36283.0,,-,187566.0,0.0
2024-12-31,NGS,Balanced Growth,LISTED EQUITY,1,NEWS CORP.,-,NWSA,BB Ticker,US,4208.0,,-,187161.0,0.0
2024-12-31,NGS,Balanced Growth,LISTED EQUITY,1,AINSWORTH GAME TECHNOLOGY LTD.,-,AGI,BB Ticker,AU,215673.0,,-,186557.0,0.0
2024-12-31,NGS,Balanced Growth,LISTED EQUITY,1,SIEMENS HEALTHINEERS AG,-,SHL,BB Ticker,GR,2169.0,,-,185745.0,0.0
2024-12-31,NGS,Balanced Growth,LISTED EQUITY,1,OWENS CORNING,-,OC,BB Ticker,US,670.0,,-,184202.0,0.0
2024-12-31,NGS,Balanced Growth,LISTED EQUITY,1,PERSOL HOLDINGS CO. LTD.,-,2181,SEDOL,JP,75392.0,,-,183239.0,0.0
2024-12-31,NGS,Balanced Growth,LISTED EQUITY,1,CAMPBELL'S CO.,-,CPB,BB Ticker,US,2708.0,,-,183184.0,0.0
2024-12-31,NGS,Balanced Growth,LISTED EQUITY,1,CLP HOLDINGS LTD.,-,2,BB Ticker,HK,13475.0,,-,182956.0,0.0
2024-12-31,NGS,Balanced Growth,LISTED EQUITY,1,"MODERNA, INC.",-,MRNA,BB Ticker,US,2723.0,,-,182892.0,0.0
2024-12-31,NGS,Balanced Growth,LISTED EQUITY,1,KYOCERA CORP.,-,6971,BB Ticker,JP,11264.0,,-,182376.0,0.0
2024-12-31,NGS,Balanced Growth,LISTED EQUITY,1,"FIDELITY NATIONAL FINANCIAL, INC.",-,FNF,BB Ticker,US,1999.0,,-,181270.0,0.0
2024-12-31,NGS,Balanced Growth,LISTED EQUITY,1,GENUINE PARTS CO.,-,GPC,BB Ticker,US,961.0,,-,181270.0,0.0
2024-12-31,NGS,Balanced Growth,LISTED EQUITY,1,KONE OYJ,-,KNEBV,BB Ticker,FH,2298.0,,-,180665.0,0.0
2024-12-31,NGS,Balanced Growth,LISTED EQUITY,1,SEKISUI HOUSE LTD.,-,1928,SEDOL,JP,4630.0,,-,179953.0,0.0
2024-12-31,NGS,Balanced Growth,LISTED EQUITY,1,"AMERICAN FINANCIAL GROUP, INC.",-,AFG,BB Ticker,US,813.0,,-,179879.0,0.0
2024-12-31,NGS,Balanced Growth,LISTED EQUITY,1,ARCELORMITTAL SA,-,MT,BB Ticker,,4776.0,,-,179153.0,0.0
2024-12-31,NGS,Balanced Growth,LISTED EQUITY,1,RENTOKIL INITIAL PLC,-,RTO,BB Ticker,LN,22063.0,,-,178874.0,0.0
2024-12-31,NGS,Balanced Growth,LISTED EQUITY,1,COCA-COLA EUROPACIFIC PARTNERS PLC,-,CCEP,BB Ticker,US,1437.0,,-,178228.0,0.0
2024-12-31,NGS,Balanced Growth,LISTED EQUITY,1,"DAYFORCE, INC.",-,DAY,BB Ticker,US,1507.0,,-,176822.0,0.0
2024-12-31,NGS,Balanced Growth,LISTED EQUITY,1,CYRELA BRAZIL REALTY SA EMPREENDIMENTOS E PARTICIPACOES,-,CYRE3,BB Ticker,BZ,39735.0,,-,176078.0,0.0
2024-12-31,NGS,Balanced Growth,LISTED EQUITY,1,WPP PLC,-,WPP,BB Ticker,LN,10392.0,,-,173921.0,0.0
2024-12-31,NGS,Balanced Growth,LISTED EQUITY,1,OPEN TEXT CORP.,-,OTEX,BB Ticker,CN,3806.0,,-,173884.0,0.0
2024-12-31,NGS,Balanced Growth,LISTED EQUITY,1,"AVANTOR, INC.",-,AVTR,BB Ticker,US,5100.0,,-,173550.0,0.0
2024-12-31,NGS,Balanced Growth,LISTED EQUITY,1,BOUYGUES SA,-,EN,BB Ticker,FP,3613.0,,-,172443.0,0.0
2024-12-31,NGS,Balanced Growth,LISTED EQUITY,1,KONINKLIJKE KPN NV,-,KPN,BB Ticker,,29208.0,,-,171704.0,0.0
2024-12-31,NGS,Balanced Growth,LISTED EQUITY,1,"RELIANCE, INC.",-,RS,BB Ticker,US,393.0,,-,170697.0,0.0
2024-12-31,NGS,Balanced Growth,LISTED EQUITY,1,"TOAST, INC.",-,TOST,BB Ticker,US,2891.0,,-,170213.0,0.0
2024-12-31,NGS,Balanced Growth,LISTED EQUITY,1,"VENUS MEDTECH HANGZHOU, INC.",-,2500,BB Ticker,HK,145599.0,,-,170135.0,0.0
2024-12-31,NGS,Balanced Growth,LISTED EQUITY,1,ACCIONA SA,-,ANA,BB Ticker,SM,931.0,,-,169346.0,0.0
2024-12-31,NGS,Balanced Growth,LISTED EQUITY,1,BANKINTER SA,-,BKT,BB Ticker,SM,13252.0,,-,169328.0,0.0
2024-12-31,NGS,Balanced Growth,LISTED EQUITY,1,"METRO, INC.",-,MRU,BB Ticker,CN,1672.0,,-,169304.0,0.0
2024-12-31,NGS,Balanced Growth,LISTED EQUITY,1,HANNOVER RUECK SE,-,HNR1,BB Ticker,GR,419.0,,-,169069.0,0.0
2024-12-31,NGS,Balanced Growth,LISTED EQUITY,1,TOKYO GAS CO. LTD.,-,9531,BB Ticker,JP,3732.0,,-,167586.0,0.0
2024-12-31,NGS,Balanced Growth,LISTED EQUITY,1,"EPAM SYSTEMS, INC.",-,EPAM,BB Ticker,US,444.0,,-,167541.0,0.0
2024-12-31,NGS,Balanced Growth,LISTED EQUITY,1,HULIC CO. LTD.,-,3003,BB Ticker,JP,11886.0,,-,167345.0,0.0
2024-12-31,NGS,Balanced Growth,LISTED EQUITY,1,"CARMAX, INC.",-,KMX,BB Ticker,US,1265.0,,-,166992.0,0.0
2024-12-31,NGS,Balanced Growth,LISTED EQUITY,1,"PEGASYSTEMS, INC.",-,PEGA,BB Ticker,US,1105.0,,-,166329.0,0.0
2024-12-31,NGS,Balanced Growth,LISTED EQUITY,1,ESSITY AB,-,ESSITYB,BB Ticker,SS,3837.0,,-,165834.0,0.0
2024-12-31,NGS,Balanced Growth,LISTED EQUITY,1,ROYALTY PHARMA PLC,-,RPRX,BB Ticker,US,3999.0,,-,164766.0,0.0
2024-12-31,NGS,Balanced Growth,LISTED EQUITY,1,TOYOTA INDUSTRIES CORP.,-,6201,BB Ticker,JP,1244.0,,-,164454.0,0.0
2024-12-31,NGS,Balanced Growth,LISTED EQUITY,1,SUMITOMO ELECTRIC INDUSTRIES LTD.,-,5802,BB Ticker,JP,5597.0,,-,164144.0,0.0
2024-12-31,NGS,Balanced Growth,LISTED EQUITY,1,"LAMB WESTON HOLDINGS, INC.",-,LW,BB Ticker,US,1508.0,,-,162754.0,0.0
2024-12-31,NGS,Balanced Growth,LISTED EQUITY,1,BANK HAPOALIM BM,-,POLI,BB Ticker,IT,8330.0,,-,162549.0,0.0
2024-12-31,NGS,Balanced Growth,LISTED EQUITY,1,JOHNSON MATTHEY PLC,-,JMAT,BB Ticker,LN,5997.0,,-,162544.0,0.0
2024-12-31,NGS,Balanced Growth,LISTED EQUITY,1,CHOCOLADEFABRIKEN LINDT & SPRUENGLI AG,-,LISP,BB Ticker,SW,9.0,,-,161224.0,0.0
2024-12-31,NGS,Balanced Growth,LISTED EQUITY,1,TELEPERFORMANCE SE,-,TEP,BB Ticker,FP,1155.0,,-,160523.0,0.0
2024-12-31,NGS,Balanced Growth,LISTED EQUITY,1,JULIUS BAER GROUP LTD.,-,BAER,BB Ticker,SW,1533.0,,-,160236.0,0.0
2024-12-31,NGS,Balanced Growth,LISTED EQUITY,1,PEARSON PLC,-,PSON,BB Ticker,LN,6165.0,,-,159863.0,0.0
2024-12-31,NGS,Balanced Growth,LISTED EQUITY,1,SEI INVESTMENTS CO.,-,SEIC,BB Ticker,US,1198.0,,-,159533.0,0.0
2024-12-31,NGS,Balanced Growth,LISTED EQUITY,1,"IGM FINANCIAL, INC.",-,IGM,BB Ticker,CN,3086.0,,-,159115.0,0.0
2024-12-31,NGS,Balanced Growth,LISTED EQUITY,1,SNAM SPA,-,SRG,BB Ticker,IM,22236.0,,-,159057.0,0.0
2024-12-31,NGS,Balanced Growth,LISTED EQUITY,1,BT GROUP PLC,-,BTA,BB Ticker,LN,53871.0,,-,156970.0,0.0
2024-12-31,NGS,Balanced Growth,LISTED EQUITY,1,"JB HUNT TRANSPORT SERVICES, INC.",-,JBHT,BB Ticker,US,565.0,,-,155808.0,0.0
2024-12-31,NGS,Balanced Growth,LISTED EQUITY,1,EXOR NV,-,EXO,BB Ticker,,1051.0,,-,155761.0,0.0
2024-12-31,NGS,Balanced Growth,LISTED EQUITY,1,HEICO CORP.,-,HEI,BB Ticker,US,406.0,,-,155756.0,0.0
2024-12-31,NGS,Balanced Growth,LISTED EQUITY,1,EASTMAN CHEMICAL CO.,-,EMN,BB Ticker,US,1055.0,,-,155534.0,0.0
2024-12-31,NGS,Balanced Growth,LISTED EQUITY,1,EAST JAPAN RAILWAY CO.,-,9020,BB Ticker,JP,5390.0,,-,154824.0,0.0
2024-12-31,NGS,Balanced Growth,LISTED EQUITY,1,KUBOTA CORP.,-,6326,BB Ticker,JP,8154.0,,-,154108.0,0.0
2024-12-31,NGS,Balanced Growth,LISTED EQUITY,1,HANG SENG BANK LTD.,-,11,SEDOL,HK,7740.0,,-,153761.0,0.0
2024-12-31,NGS,Balanced Growth,LISTED EQUITY,1,TELEFONICA SA,-,TEF,BB Ticker,SM,23181.0,,-,152637.0,0.0
2024-12-31,NGS,Balanced Growth,LISTED EQUITY,1,UNICHARM CORP.,-,8113,BB Ticker,JP,11195.0,,-,149850.0,0.0
2024-12-31,NGS,Balanced Growth,LISTED EQUITY,1,"COMMVAULT SYSTEMS, INC.",-,CVLT,BB Ticker,US,612.0,,-,149062.0,0.0
2024-12-31,NGS,Balanced Growth,LISTED EQUITY,1,"SNAP, INC.",-,SNAP,BB Ticker,US,8548.0,,-,148693.0,0.0
2024-12-31,NGS,Balanced Growth,LISTED EQUITY,1,AKZO NOBEL NV,-,AKZA,BB Ticker,,1533.0,,-,148642.0,0.0
2024-12-31,NGS,Balanced Growth,LISTED EQUITY,1,ERIE INDEMNITY CO.,-,ERIE,BB Ticker,US,223.0,,-,148149.0,0.0
2024-12-31,NGS,Balanced Growth,LISTED EQUITY,1,"CARLYLE GROUP, INC.",-,CG,BB Ticker,US,1815.0,,-,148037.0,0.0
2024-12-31,NGS,Balanced Growth,LISTED EQUITY,1,JARDINE MATHESON HOLDINGS LTD.,-,JM,BB Ticker,SP,2211.0,,-,146326.0,0.0
2024-12-31,NGS,Balanced Growth,LISTED EQUITY,1,"REVVITY, INC.",-,RVTY,BB Ticker,US,811.0,,-,146243.0,0.0
2024-12-31,NGS,Balanced Growth,LISTED EQUITY,1,NITORI HOLDINGS CO. LTD.,-,9843,BB Ticker,JP,760.0,,-,145574.0,0.0
2024-12-31,NGS,Balanced Growth,LISTED EQUITY,1,CANADIAN TIRE CORP. LTD.,-,CTCA,BB Ticker,CN,855.0,,-,145283.0,0.0
2024-12-31,NGS,Balanced Growth,LISTED EQUITY,1,HEINEKEN HOLDING NV,-,HEIO,BB Ticker,,1490.0,,-,144147.0,0.0
2024-12-31,NGS,Balanced Growth,LISTED EQUITY,1,UPM-KYMMENE OYJ,-,UPM,BB Ticker,FH,3238.0,,-,143842.0,0.0
2024-12-31,NGS,Balanced Growth,LISTED EQUITY,1,SWEDISH ORPHAN BIOVITRUM AB,-,SOBI,BB Ticker,SS,3093.0,,-,143506.0,0.0
2024-12-31,NGS,Balanced Growth,LISTED EQUITY,1,COVESTRO AG,-,1CO,BB Ticker,GR,1476.0,,-,143181.0,0.0
2024-12-31,NGS,Balanced Growth,LISTED EQUITY,1,SAMPO OYJ,-,SAMPO,BB Ticker,FH,2167.0,,-,142727.0,0.0
2024-12-31,NGS,Balanced Growth,LISTED EQUITY,1,ALBEMARLE CORP.,-,ALB,BB Ticker,US,1022.0,,-,142094.0,0.0
2024-12-31,NGS,Balanced Growth,LISTED EQUITY,1,"JABIL, INC.",-,JBL,BB Ticker,US,606.0,,-,140853.0,0.0
2024-12-31,NGS,Balanced Growth,LISTED EQUITY,1,"ALBERTSONS COS., INC.",-,ACI,BB Ticker,US,4380.0,,-,138931.0,0.0
2024-12-31,NGS,Balanced Growth,LISTED EQUITY,1,GALAXY ENTERTAINMENT GROUP LTD.,-,27,BB Ticker,HK,20040.0,,-,137502.0,0.0
2024-12-31,NGS,Balanced Growth,LISTED EQUITY,1,"FINNING INTERNATIONAL, INC.",-,FTT,BB Ticker,CN,3202.0,,-,136978.0,0.0
2024-12-31,NGS,Balanced Growth,LISTED EQUITY,1,"SHIMANO, INC.",-,7309,BB Ticker,JP,622.0,,-,136715.0,0.0
2024-12-31,NGS,Balanced Growth,LISTED EQUITY,1,"JAPAN EXCHANGE GROUP, INC.",-,8697,BB Ticker,JP,7463.0,,-,135756.0,0.0
2024-12-31,NGS,Balanced Growth,LISTED EQUITY,1,"MAGNA INTERNATIONAL, INC.",-,MG,BB Ticker,CN,2010.0,,-,135631.0,0.0
2024-12-31,NGS,Balanced Growth,LISTED EQUITY,1,BUDWEISER BREWING CO. APAC LTD.,-,1876,SEDOL,HK,86794.0,,-,135167.0,0.0
2024-12-31,NGS,Balanced Growth,LISTED EQUITY,1,"KNIGHT-SWIFT TRANSPORTATION HOLDINGS, INC.",-,KNX,BB Ticker,US,1570.0,,-,134498.0,0.0
2024-12-31,NGS,Balanced Growth,LISTED EQUITY,1,FISHER & PAYKEL HEALTHCARE CORP. LTD.,-,FPH,BB Ticker,NZ,3858.0,,-,134056.0,0.0
2024-12-31,NGS,Balanced Growth,LISTED EQUITY,1,CARLSBERG AS,-,CARLB,BB Ticker,DC,864.0,,-,133777.0,0.0
2024-12-31,NGS,Balanced Growth,LISTED EQUITY,1,"ROGERS COMMUNICATIONS, INC.",-,RCIB,BB Ticker,CN,2681.0,,-,133024.0,0.0
2024-12-31,NGS,Balanced Growth,LISTED EQUITY,1,"INTERPUBLIC GROUP OF COS., INC.",-,IPG,BB Ticker,US,2936.0,,-,132880.0,0.0
2024-12-31,NGS,Balanced Growth,LISTED EQUITY,1,"ONEMAIN HOLDINGS, INC.",-,OMF,BB Ticker,US,1572.0,,-,132365.0,0.0
2024-12-31,NGS,Balanced Growth,LISTED EQUITY,1,SINO LAND CO. LTD.,-,83,BB Ticker,HK,80751.0,,-,131800.0,0.0
2024-12-31,NGS,Balanced Growth,LISTED EQUITY,1,"RIVIAN AUTOMOTIVE, INC.",-,RIVN,BB Ticker,US,6118.0,,-,131416.0,0.0
2024-12-31,NGS,Balanced Growth,LISTED EQUITY,1,VAT GROUP AG,-,VACN,BB Ticker,SW,214.0,,-,130876.0,0.0
2024-12-31,NGS,Balanced Growth,LISTED EQUITY,1,"TORAY INDUSTRIES, INC.",-,3402,BB Ticker,JP,12715.0,,-,130867.0,0.0
2024-12-31,NGS,Balanced Growth,LISTED EQUITY,1,BANK OF IRELAND GROUP PLC,-,BIRG,BB Ticker,ID,8883.0,,-,130829.0,0.0
2024-12-31,NGS,Balanced Growth,LISTED EQUITY,1,GETINGE AB,-,GETIB,BB Ticker,SS,4915.0,,-,130443.0,0.0
2024-12-31,NGS,Balanced Growth,LISTED EQUITY,1,OSAKA GAS CO. LTD.,-,9532,BB Ticker,JP,3662.0,,-,130231.0,0.0
2024-12-31,NGS,Balanced Growth,LISTED EQUITY,1,EQT AB,-,EQT,BB Ticker,SS,2909.0,,-,130172.0,0.0
2024-12-31,NGS,Balanced Growth,LISTED EQUITY,1,KYOWA KIRIN CO. LTD.,-,4151,BB Ticker,JP,5321.0,,-,129899.0,0.0
2024-12-31,NGS,Balanced Growth,LISTED EQUITY,1,LOUISIANA-PACIFIC CORP.,-,LPX,BB Ticker,US,766.0,,-,128170.0,0.0
2024-12-31,NGS,Balanced Growth,LISTED EQUITY,1,BANCO DE SABADELL SA,-,SAB,BB Ticker,SM,40764.0,,-,127967.0,0.0
2024-12-31,NGS,Balanced Growth,LISTED EQUITY,1,ASSOCIATED BRITISH FOODS PLC,-,ABF,BB Ticker,LN,3094.0,,-,127851.0,0.0
2024-12-31,NGS,Balanced Growth,LISTED EQUITY,1,NORDSON CORP.,-,NDSN,BB Ticker,US,377.0,,-,127509.0,0.0
2024-12-31,NGS,Balanced Growth,LISTED EQUITY,1,MOSAIC CO.,-,MOS,BB Ticker,US,3209.0,,-,127403.0,0.0
2024-12-31,NGS,Balanced Growth,LISTED EQUITY,1,"ALAMOS GOLD, INC.",-,AGI,BB Ticker,CN,4277.0,,-,127374.0,0.0
2024-12-31,NGS,Balanced Growth,LISTED EQUITY,1,"TFI INTERNATIONAL, INC.",-,TFII,BB Ticker,CN,584.0,,-,127374.0,0.0
2024-12-31,NGS,Balanced Growth,LISTED EQUITY,1,EXACT SCIENCES CORP.,-,EXAS,BB Ticker,US,1398.0,,-,126870.0,0.0
2024-12-31,NGS,Balanced Growth,LISTED EQUITY,1,KAJIMA CORP.,-,1812,BB Ticker,JP,4284.0,,-,126852.0,0.0
2024-12-31,NGS,Balanced Growth,LISTED EQUITY,1,PORSCHE AUTOMOBIL HOLDING SE,-,PAH3,BB Ticker,GR,2069.0,,-,125780.0,0.0
2024-12-31,NGS,Balanced Growth,LISTED EQUITY,1,SKANSKA AB,-,SKAB,BB Ticker,SS,3697.0,,-,125754.0,0.0
2024-12-31,NGS,Balanced Growth,LISTED EQUITY,1,"GFL ENVIRONMENTAL, INC.",-,GFL,BB Ticker,CN,1745.0,,-,125565.0,0.0
2024-12-31,NGS,Balanced Growth,LISTED EQUITY,1,GETLINK SE,-,GET,BB Ticker,FP,4864.0,,-,125322.0,0.0
2024-12-31,NGS,Balanced Growth,LISTED EQUITY,1,AMCOR PLC,-,AMCR,BB Ticker,US,8216.0,,-,124875.0,0.0
2024-12-31,NGS,Balanced Growth,LISTED EQUITY,1,"ENPHASE ENERGY, INC.",-,ENPH,BB Ticker,US,1125.0,,-,124793.0,0.0
2024-12-31,NGS,Balanced Growth,LISTED EQUITY,1,ORSTED AS,-,ORSTED,BB Ticker,DC,1710.0,,-,124355.0,0.0
2024-12-31,NGS,Balanced Growth,LISTED EQUITY,1,"HENRY SCHEIN, INC.",-,HSIC,BB Ticker,US,1109.0,,-,123961.0,0.0
2024-12-31,NGS,Balanced Growth,LISTED EQUITY,1,SMITH & NEPHEW PLC,-,SN,BB Ticker,LN,6152.0,,-,123363.0,0.0
2024-12-31,NGS,Balanced Growth,LISTED EQUITY,1,NTT DATA GROUP CORP.,-,9613,BB Ticker,JP,3939.0,,-,122654.0,0.0
2024-12-31,NGS,Balanced Growth,LISTED EQUITY,1,NOMURA RESEARCH INSTITUTE LTD.,-,4307,BB Ticker,JP,2557.0,,-,122421.0,0.0
2024-12-31,NGS,Balanced Growth,LISTED EQUITY,1,TOKYO TATEMONO CO. LTD.,-,8804,BB Ticker,JP,4561.0,,-,122193.0,0.0
2024-12-31,NGS,Balanced Growth,LISTED EQUITY,1,FINECOBANK BANCA FINECO SPA,-,FBK,BB Ticker,IM,4337.0,,-,121783.0,0.0
2024-12-31,NGS,Balanced Growth,LISTED EQUITY,1,SVENSKA CELLULOSA AB SCA,-,SCAB,BB Ticker,SS,5922.0,,-,121583.0,0.0
2024-12-31,NGS,Balanced Growth,LISTED EQUITY,1,SWIRE PACIFIC LTD.,-,19,BB Ticker,HK,8293.0,,-,121468.0,0.0
2024-12-31,NGS,Balanced Growth,LISTED EQUITY,1,BOLLORE SE,-,BOL,BB Ticker,FP,12215.0,,-,121346.0,0.0
2024-12-31,NGS,Balanced Growth,LISTED EQUITY,1,CONVATEC GROUP PLC,-,CTEC,BB Ticker,LN,27091.0,,-,121217.0,0.0
2024-12-31,NGS,Balanced Growth,LISTED EQUITY,1,ALPS ALPINE CO. LTD.,-,6770,BB Ticker,JP,7256.0,,-,120241.0,0.0
2024-12-31,NGS,Balanced Growth,LISTED EQUITY,1,BIO-TECHNE CORP.,-,TECH,BB Ticker,US,1031.0,,-,119946.0,0.0
2024-12-31,NGS,Balanced Growth,LISTED EQUITY,1,BROWN-FORMAN CORP.,-,BFB,BB Ticker,US,1938.0,,-,118861.0,0.0
2024-12-31,NGS,Balanced Growth,LISTED EQUITY,1,"DELTA AIR LINES, INC.",-,DAL,BB Ticker,US,1214.0,,-,118640.0,0.0
2024-12-31,NGS,Balanced Growth,LISTED EQUITY,1,ALTAGAS LTD.,-,ALA,BB Ticker,CN,3151.0,,-,118477.0,0.0
2024-12-31,NGS,Balanced Growth,LISTED EQUITY,1,SYSMEX CORP.,-,6869,BB Ticker,JP,3939.0,,-,118059.0,0.0
2024-12-31,NGS,Balanced Growth,LISTED EQUITY,1,"SAMSARA, INC.",-,IOT,BB Ticker,US,1667.0,,-,117664.0,0.0
2024-12-31,NGS,Balanced Growth,LISTED EQUITY,1,ESSENT GROUP LTD.,-,ESNT,BB Ticker,US,1331.0,,-,117025.0,0.0
2024-12-31,NGS,Balanced Growth,LISTED EQUITY,1,KEPPEL LTD.,-,KEP,BB Ticker,SP,14304.0,,-,115839.0,0.0
2024-12-31,NGS,Balanced Growth,LISTED EQUITY,1,"T&D HOLDINGS, INC.",-,8795,BB Ticker,JP,3870.0,,-,115550.0,0.0
2024-12-31,NGS,Balanced Growth,LISTED EQUITY,1,ALGONQUIN POWER & UTILITIES CORP.,-,AQN,BB Ticker,CN,16093.0,,-,115302.0,0.0
2024-12-31,NGS,Balanced Growth,LISTED EQUITY,1,"MARKETAXESS HOLDINGS, INC.",-,MKTX,BB Ticker,US,316.0,,-,115294.0,0.0
2024-12-31,NGS,Balanced Growth,LISTED EQUITY,1,BLUEPRINT MEDICINES CORP.,-,BPMC,BB Ticker,US,815.0,,-,114772.0,0.0
2024-12-31,NGS,Balanced Growth,LISTED EQUITY,1,RENAULT SA,-,RNO,BB Ticker,FP,1450.0,,-,114083.0,0.0
2024-12-31,NGS,Balanced Growth,LISTED EQUITY,1,KIKKOMAN CORP.,-,2801,BB Ticker,JP,6288.0,,-,113902.0,0.0
2024-12-31,NGS,Balanced Growth,LISTED EQUITY,1,CARREFOUR SA,-,CA,BB Ticker,FP,4940.0,,-,113425.0,0.0
2024-12-31,NGS,Balanced Growth,LISTED EQUITY,1,TAISEI CORP.,-,1801,BB Ticker,JP,1658.0,,-,113156.0,0.0
2024-12-31,NGS,Balanced Growth,LISTED EQUITY,1,BOLIDEN AB,-,BOL,BB Ticker,SS,2486.0,,-,112817.0,0.0
2024-12-31,NGS,Balanced Growth,LISTED EQUITY,1,AUCKLAND INTERNATIONAL AIRPORT LTD.,-,AIA,BB Ticker,NZ,13997.0,,-,110189.0,0.0
2024-12-31,NGS,Balanced Growth,LISTED EQUITY,1,TOKYU FUDOSAN HOLDINGS CORP.,-,3289,BB Ticker,JP,11057.0,,-,109946.0,0.0
2024-12-31,NGS,Balanced Growth,LISTED EQUITY,1,"APPLIED INDUSTRIAL TECHNOLOGIES, INC.",-,AIT,BB Ticker,US,284.0,,-,109849.0,0.0
2024-12-31,NGS,Balanced Growth,LISTED EQUITY,1,CNH INDUSTRIAL NV,-,CNH,BB Ticker,US,5993.0,,-,109674.0,0.0
2024-12-31,NGS,Balanced Growth,LISTED EQUITY,1,TOHO CO. LTD.,-,9602,BB Ticker,JP,1728.0,,-,109260.0,0.0
2024-12-31,NGS,Balanced Growth,LISTED EQUITY,1,"RAKUTEN GROUP, INC.",-,4755,BB Ticker,JP,12370.0,,-,109184.0,0.0
2024-12-31,NGS,Balanced Growth,LISTED EQUITY,1,"JUNIPER NETWORKS, INC.",-,JNPR,BB Ticker,US,1804.0,,-,109135.0,0.0
2024-12-31,NGS,Balanced Growth,LISTED EQUITY,1,ISUZU MOTORS LTD.,-,7202,BB Ticker,JP,4906.0,,-,108836.0,0.0
2024-12-31,NGS,Balanced Growth,LISTED EQUITY,1,GRIFOLS SA,-,GRF,BB Ticker,SM,7051.0,,-,107883.0,0.0
2024-12-31,NGS,Balanced Growth,LISTED EQUITY,1,LASERTEC CORP.,-,6920,BB Ticker,JP,691.0,,-,107839.0,0.0
2024-12-31,NGS,Balanced Growth,LISTED EQUITY,1,"JFE HOLDINGS, INC.",-,5411,BB Ticker,JP,5874.0,,-,107419.0,0.0
2024-12-31,NGS,Balanced Growth,LISTED EQUITY,1,"ASPEN TECHNOLOGY, INC.",-,AZPN,BB Ticker,US,264.0,,-,106430.0,0.0
2024-12-31,NGS,Balanced Growth,LISTED EQUITY,1,ANTOFAGASTA PLC,-,ANTO,BB Ticker,LN,3302.0,,-,106192.0,0.0
2024-12-31,NGS,Balanced Growth,LISTED EQUITY,1,SUMITOMO REALTY & DEVELOPMENT CO. LTD.,-,8830,BB Ticker,JP,2073.0,,-,105247.0,0.0
2024-12-31,NGS,Balanced Growth,LISTED EQUITY,1,DCC PLC,-,DCC,BB Ticker,LN,1012.0,,-,105185.0,0.0
2024-12-31,NGS,Balanced Growth,LISTED EQUITY,1,GROUPE BRUXELLES LAMBERT NV,-,GBLB,BB Ticker,BB,946.0,,-,104504.0,0.0
2024-12-31,NGS,Balanced Growth,LISTED EQUITY,1,AES CORP.,-,AES,BB Ticker,US,5016.0,,-,104270.0,0.0
2024-12-31,NGS,Balanced Growth,LISTED EQUITY,1,MONDAY.COM LTD.,-,MNDY,BB Ticker,US,274.0,,-,104059.0,0.0
2024-12-31,NGS,Balanced Growth,LISTED EQUITY,1,YAMAHA MOTOR CO. LTD.,-,7272,SEDOL,JP,7187.0,,-,103733.0,0.0
2024-12-31,NGS,Balanced Growth,LISTED EQUITY,1,LIFCO AB,-,LIFCOB,BB Ticker,SS,2212.0,,-,103662.0,0.0
2024-12-31,NGS,Balanced Growth,LISTED EQUITY,1,NISSAN MOTOR CO. LTD.,-,7201,BB Ticker,JP,21007.0,,-,103628.0,0.0
2024-12-31,NGS,Balanced Growth,LISTED EQUITY,1,ALSTOM SA,-,ALO,BB Ticker,FP,2860.0,,-,103108.0,0.0
2024-12-31,NGS,Balanced Growth,LISTED EQUITY,1,BANCO BPM SPA,-,BAMI,BB Ticker,IM,7891.0,,-,103097.0,0.0
2024-12-31,NGS,Balanced Growth,LISTED EQUITY,1,TRYG AS,-,TRYG,BB Ticker,DC,3023.0,,-,102723.0,0.0
2024-12-31,NGS,Balanced Growth,LISTED EQUITY,1,"WALGREENS BOOTS ALLIANCE, INC.",-,WBA,BB Ticker,US,6755.0,,-,101790.0,0.0
2024-12-31,NGS,Balanced Growth,LISTED EQUITY,1,EDENRED SE,-,EDEN,BB Ticker,FP,1913.0,,-,101570.0,0.0
2024-12-31,NGS,Balanced Growth,LISTED EQUITY,1,POWER ASSETS HOLDINGS LTD.,-,6,BB Ticker,HK,8983.0,,-,101237.0,0.0
2024-12-31,NGS,Balanced Growth,LISTED EQUITY,1,ENDESA SA,-,ELE,BB Ticker,SM,2913.0,,-,101203.0,0.0
2024-12-31,NGS,Balanced Growth,LISTED EQUITY,1,CAPCOM CO. LTD.,-,9697,BB Ticker,JP,2833.0,,-,101152.0,0.0
2024-12-31,NGS,Balanced Growth,LISTED EQUITY,1,"EXELIXIS, INC.",-,EXEL,BB Ticker,US,1880.0,,-,101092.0,0.0
2024-12-31,NGS,Balanced Growth,LISTED EQUITY,1,TAYLOR WIMPEY PLC,-,TW,BB Ticker,LN,40920.0,,-,101063.0,0.0
2024-12-31,NGS,Balanced Growth,LISTED EQUITY,1,JUST EAT TAKEAWAY.COM NV,-,TKWY,BB Ticker,,4578.0,,-,101030.0,0.0
2024-12-31,NGS,Balanced Growth,LISTED EQUITY,1,WYNN RESORTS LTD.,-,WYNN,BB Ticker,US,724.0,,-,100683.0,0.0
2024-12-31,NGS,Balanced Growth,LISTED EQUITY,1,"DENTSU GROUP, INC.",-,4324,BB Ticker,JP,2557.0,,-,100165.0,0.0
2024-12-31,NGS,Balanced Growth,LISTED EQUITY,1,"MATCH GROUP, INC.",-,MTCH,BB Ticker,US,1895.0,,-,100104.0,0.0
2024-12-31,NGS,Balanced Growth,LISTED EQUITY,1,USS CO. LTD.,-,4732,BB Ticker,JP,7049.0,,-,99746.0,0.0
2024-12-31,NGS,Balanced Growth,LISTED EQUITY,1,"PAYCOM SOFTWARE, INC.",-,PAYC,BB Ticker,US,301.0,,-,99743.0,0.0
2024-12-31,NGS,Balanced Growth,LISTED EQUITY,1,YAKULT HONSHA CO. LTD.,-,2267,BB Ticker,JP,3248.0,,-,99700.0,0.0
2024-12-31,NGS,Balanced Growth,LISTED EQUITY,1,"SPROUTS FARMERS MARKET, INC.",-,SFM,BB Ticker,US,485.0,,-,99560.0,0.0
2024-12-31,NGS,Balanced Growth,LISTED EQUITY,1,"BENTLEY SYSTEMS, INC.",-,BSY,BB Ticker,US,1318.0,,-,99449.0,0.0
2024-12-31,NGS,Balanced Growth,LISTED EQUITY,1,CELANESE CORP.,-,CE,BB Ticker,US,889.0,,-,99415.0,0.0
2024-12-31,NGS,Balanced Growth,LISTED EQUITY,1,MITSUBISHI CHEMICAL GROUP CORP.,-,4188,BB Ticker,JP,12093.0,,-,99387.0,0.0
2024-12-31,NGS,Balanced Growth,LISTED EQUITY,1,H & M HENNES & MAURITZ AB,-,HMB,BB Ticker,SS,4552.0,,-,99206.0,0.0
2024-12-31,NGS,Balanced Growth,LISTED EQUITY,1,"EMERA, INC.",-,EMA,BB Ticker,CN,1632.0,,-,98488.0,0.0
2024-12-31,NGS,Balanced Growth,LISTED EQUITY,1,"KONICA MINOLTA, INC.",-,4902,BB Ticker,JP,14443.0,,-,98332.0,0.0
2024-12-31,NGS,Balanced Growth,LISTED EQUITY,1,ORION OYJ,-,ORNBV,BB Ticker,FH,1368.0,,-,97895.0,0.0
2024-12-31,NGS,Balanced Growth,LISTED EQUITY,1,HYATT HOTELS CORP.,-,H,BB Ticker,US,386.0,,-,97765.0,0.0
2024-12-31,NGS,Balanced Growth,LISTED EQUITY,1,ALMARAI CO. JSC,-,ALMARAI,BB Ticker,AB,3960.0,,-,97374.0,0.0
2024-12-31,NGS,Balanced Growth,LISTED EQUITY,1,"KANSAI ELECTRIC POWER CO., INC.",-,9503,BB Ticker,JP,5390.0,,-,97132.0,0.0
2024-12-31,NGS,Balanced Growth,LISTED EQUITY,1,SHISEIDO CO. LTD.,-,4911,BB Ticker,JP,3386.0,,-,96966.0,0.0
2024-12-31,NGS,Balanced Growth,LISTED EQUITY,1,"COREBRIDGE FINANCIAL, INC.",-,CRBG,BB Ticker,US,1976.0,,-,95505.0,0.0
2024-12-31,NGS,Balanced Growth,LISTED EQUITY,1,DR. ING HC F PORSCHE AG,-,P911,BB Ticker,GR,970.0,,-,94795.0,0.0
2024-12-31,NGS,Balanced Growth,LISTED EQUITY,1,"GREAT-WEST LIFECO, INC.",-,GWO,BB Ticker,CN,1756.0,,-,94002.0,0.0
2024-12-31,NGS,Balanced Growth,LISTED EQUITY,1,IVANHOE MINES LTD.,-,IVN,BB Ticker,CN,4890.0,,-,93694.0,0.0
2024-12-31,NGS,Balanced Growth,LISTED EQUITY,1,"CHARLES RIVER LABORATORIES INTERNATIONAL, INC.",-,CRL,BB Ticker,US,307.0,,-,91479.0,0.0
2024-12-31,NGS,Balanced Growth,LISTED EQUITY,1,"TREND MICRO, INC.",-,4704,BB Ticker,JP,1037.0,,-,91260.0,0.0
2024-12-31,NGS,Balanced Growth,LISTED EQUITY,1,NIPPON PAINT HOLDINGS CO. LTD.,-,4612,BB Ticker,JP,8638.0,,-,90857.0,0.0
2024-12-31,NGS,Balanced Growth,LISTED EQUITY,1,"DAVITA, INC.",-,DVA,BB Ticker,US,375.0,,-,90634.0,0.0
2024-12-31,NGS,Balanced Growth,LISTED EQUITY,1,MARKS & SPENCER GROUP PLC,-,MKS,BB Ticker,LN,11829.0,,-,89848.0,0.0
2024-12-31,NGS,Balanced Growth,LISTED EQUITY,1,NISSIN FOODS HOLDINGS CO. LTD.,-,2897,BB Ticker,JP,2280.0,,-,89594.0,0.0
2024-12-31,NGS,Balanced Growth,LISTED EQUITY,1,U-HAUL HOLDING CO.,-,UHALB,BB Ticker,US,854.0,,-,88357.0,0.0
2024-12-31,NGS,Balanced Growth,LISTED EQUITY,1,ONO PHARMACEUTICAL CO. LTD.,-,4528,BB Ticker,JP,5252.0,,-,88219.0,0.0
2024-12-31,NGS,Balanced Growth,LISTED EQUITY,1,SEATRIUM LTD.,-,STM,BB Ticker,SP,35865.0,,-,87895.0,0.0
2024-12-31,NGS,Balanced Growth,LISTED EQUITY,1,SUMITOMO METAL MINING CO. LTD.,-,5713,BB Ticker,JP,2350.0,,-,87239.0,0.0
2024-12-31,NGS,Balanced Growth,LISTED EQUITY,1,"CHUBU ELECTRIC POWER CO., INC.",-,9502,SEDOL,JP,5114.0,,-,87001.0,0.0
2024-12-31,NGS,Balanced Growth,LISTED EQUITY,1,MONDI PLC,-,MNDI,BB Ticker,LN,3600.0,,-,86808.0,0.0
2024-12-31,NGS,Balanced Growth,LISTED EQUITY,1,"TOPPAN HOLDINGS, INC.",-,7911,BB Ticker,JP,2004.0,,-,86684.0,0.0
2024-12-31,NGS,Balanced Growth,LISTED EQUITY,1,TELUS CORP.,-,T,BB Ticker,CN,3945.0,,-,86349.0,0.0
2024-12-31,NGS,Balanced Growth,LISTED EQUITY,1,MITSUI OSK LINES LTD.,-,9104,SEDOL,JP,1520.0,,-,86056.0,0.0
2024-12-31,NGS,Balanced Growth,LISTED EQUITY,1,WH GROUP LTD.,-,288,BB Ticker,HK,68758.0,,-,85920.0,0.0
2024-12-31,NGS,Balanced Growth,LISTED EQUITY,1,HEIDELBERG MATERIALS AG,-,HEI,BB Ticker,GR,429.0,,-,85622.0,0.0
2024-12-31,NGS,Balanced Growth,LISTED EQUITY,1,DAI NIPPON PRINTING CO. LTD.,-,7912,BB Ticker,JP,3732.0,,-,85116.0,0.0
2024-12-31,NGS,Balanced Growth,LISTED EQUITY,1,FUJI ELECTRIC CO. LTD.,-,6504,BB Ticker,JP,967.0,,-,85087.0,0.0
2024-12-31,NGS,Balanced Growth,LISTED EQUITY,1,AMUNDI SA,-,AMUN,BB Ticker,FP,792.0,,-,85030.0,0.0
2024-12-31,NGS,Balanced Growth,LISTED EQUITY,1,YASKAWA ELECTRIC CORP.,-,6506,BB Ticker,JP,2004.0,,-,83760.0,0.0
2024-12-31,NGS,Balanced Growth,LISTED EQUITY,1,ATLAS COPCO AB,-,ATCOA,BB Ticker,SS,3343.0,,-,82516.0,0.0
2024-12-31,NGS,Balanced Growth,LISTED EQUITY,1,RANDSTAD NV,-,RAND,BB Ticker,,1207.0,,-,82149.0,0.0
2024-12-31,NGS,Balanced Growth,LISTED EQUITY,1,EMS-CHEMIE HOLDING AG,-,EMSN,BB Ticker,SW,75.0,,-,82088.0,0.0
2024-12-31,NGS,Balanced Growth,LISTED EQUITY,1,DAIFUKU CO. LTD.,-,6383,BB Ticker,JP,2419.0,,-,82025.0,0.0
2024-12-31,NGS,Balanced Growth,LISTED EQUITY,1,IMCD NV,-,IMCD,BB Ticker,,338.0,,-,81099.0,0.0
2024-12-31,NGS,Balanced Growth,LISTED EQUITY,1,KINGFISHER PLC,-,KGF,BB Ticker,LN,15940.0,,-,80189.0,0.0
2024-12-31,NGS,Balanced Growth,LISTED EQUITY,1,J FRONT RETAILING CO. LTD.,-,3086,BB Ticker,JP,3662.0,,-,80077.0,0.0
2024-12-31,NGS,Balanced Growth,LISTED EQUITY,1,MAZDA MOTOR CORP.,-,7261,SEDOL,JP,7187.0,,-,80025.0,0.0
2024-12-31,NGS,Balanced Growth,LISTED EQUITY,1,OMRON CORP.,-,6645,BB Ticker,JP,1451.0,,-,79832.0,0.0
2024-12-31,NGS,Balanced Growth,LISTED EQUITY,1,"HANKYU HANSHIN HOLDINGS, INC.",-,9042,BB Ticker,JP,1866.0,,-,78942.0,0.0
2024-12-31,NGS,Balanced Growth,LISTED EQUITY,1,MATSUKIYOCOCOKARA & CO.,-,3088,BB Ticker,JP,3317.0,,-,78573.0,0.0
2024-12-31,NGS,Balanced Growth,LISTED EQUITY,1,WILMAR INTERNATIONAL LTD.,-,WIL,BB Ticker,SP,21353.0,,-,78369.0,0.0
2024-12-31,NGS,Balanced Growth,LISTED EQUITY,1,SKF AB,-,SKFB,BB Ticker,SS,2554.0,,-,77505.0,0.0
2024-12-31,NGS,Balanced Growth,LISTED EQUITY,1,KAWASAKI KISEN KAISHA LTD.,-,9107,BB Ticker,JP,3317.0,,-,76852.0,0.0
2024-12-31,NGS,Balanced Growth,LISTED EQUITY,1,SAIPEM SPA,-,SPM,BB Ticker,IM,18181.0,,-,76292.0,0.0
2024-12-31,NGS,Balanced Growth,LISTED EQUITY,1,NIBE INDUSTRIER AB,-,NIBEB,BB Ticker,SS,11869.0,,-,75020.0,0.0
2024-12-31,NGS,Balanced Growth,LISTED EQUITY,1,MTR CORP. LTD.,-,66,SEDOL,HK,13130.0,,-,73981.0,0.0
2024-12-31,NGS,Balanced Growth,LISTED EQUITY,1,SPIRAX GROUP PLC,-,SPX,BB Ticker,LN,529.0,,-,73398.0,0.0
2024-12-31,NGS,Balanced Growth,LISTED EQUITY,1,INDUTRADE AB,-,INDT,BB Ticker,SS,1768.0,,-,71573.0,0.0
2024-12-31,NGS,Balanced Growth,LISTED EQUITY,1,BARRY CALLEBAUT AG,-,BARN,BB Ticker,SW,33.0,,-,71174.0,0.0
2024-12-31,NGS,Balanced Growth,LISTED EQUITY,1,"MINEBEA MITSUMI, INC.",-,6479,BB Ticker,JP,2695.0,,-,71167.0,0.0
2024-12-31,NGS,Balanced Growth,LISTED EQUITY,1,"BRINKER INTERNATIONAL, INC.",-,EAT,BB Ticker,US,332.0,,-,71019.0,0.0
2024-12-31,NGS,Balanced Growth,LISTED EQUITY,1,SANDS CHINA LTD.,-,1928,SEDOL,HK,16308.0,,-,70869.0,0.0
2024-12-31,NGS,Balanced Growth,LISTED EQUITY,1,CTS EVENTIM AG & CO. KGAA,-,EVD,BB Ticker,GR,516.0,,-,70491.0,0.0
2024-12-31,NGS,Balanced Growth,LISTED EQUITY,1,WHITBREAD PLC,-,WTB,BB Ticker,LN,1180.0,,-,70293.0,0.0
2024-12-31,NGS,Balanced Growth,LISTED EQUITY,1,REDEIA CORP. SA,-,RED,BB Ticker,SM,2542.0,,-,70157.0,0.0
2024-12-31,NGS,Balanced Growth,LISTED EQUITY,1,BRENNTAG SE,-,BNR,BB Ticker,GR,724.0,,-,70037.0,0.0
2024-12-31,NGS,Balanced Growth,LISTED EQUITY,1,MOWI ASA,-,MOWI,BB Ticker,NO,2526.0,,-,69951.0,0.0
2024-12-31,NGS,Balanced Growth,LISTED EQUITY,1,EZ TEC EMPREENDIMENTOS E PARTICIPACOES SA,-,EZTC3,BB Ticker,BZ,24255.0,,-,68676.0,0.0
2024-12-31,NGS,Balanced Growth,LISTED EQUITY,1,LUNDIN MINING CORP.,-,LUN,BB Ticker,CN,4919.0,,-,68340.0,0.0
2024-12-31,NGS,Balanced Growth,LISTED EQUITY,1,ENTAIN PLC,-,ENT,BB Ticker,LN,4915.0,,-,68316.0,0.0
2024-12-31,NGS,Balanced Growth,LISTED EQUITY,1,AISIN CORP.,-,7259,BB Ticker,JP,3732.0,,-,68166.0,0.0
2024-12-31,NGS,Balanced Growth,LISTED EQUITY,1,BAYERISCHE MOTOREN WERKE AG,-,BMW3,BB Ticker,GR,562.0,,-,68027.0,0.0
2024-12-31,NGS,Balanced Growth,LISTED EQUITY,1,"FRANKLIN RESOURCES, INC.",-,BEN,BB Ticker,US,2071.0,,-,67869.0,0.0
2024-12-31,NGS,Balanced Growth,LISTED EQUITY,1,NEXON CO. LTD.,-,3659,BB Ticker,JP,2764.0,,-,67509.0,0.0
2024-12-31,NGS,Balanced Growth,LISTED EQUITY,1,SECURITAS AB,-,SECUB,BB Ticker,SS,3351.0,,-,67054.0,0.0
2024-12-31,NGS,Balanced Growth,LISTED EQUITY,1,SYENSQO SA,-,SYENS,BB Ticker,BB,568.0,,-,67032.0,0.0
2024-12-31,NGS,Balanced Growth,LISTED EQUITY,1,KURITA WATER INDUSTRIES LTD.,-,6370,BB Ticker,JP,1175.0,,-,66932.0,0.0
2024-12-31,NGS,Balanced Growth,LISTED EQUITY,1,GLOBAL-E ONLINE LTD.,-,GLBE,BB Ticker,US,753.0,,-,66278.0,0.0
2024-12-31,NGS,Balanced Growth,LISTED EQUITY,1,"NIPPON EXPRESS HOLDINGS, INC.",-,9147,BB Ticker,JP,2695.0,,-,66278.0,0.0
2024-12-31,NGS,Balanced Growth,LISTED EQUITY,1,WESTLAKE CORP.,-,WLK,BB Ticker,US,357.0,,-,66156.0,0.0
2024-12-31,NGS,Balanced Growth,LISTED EQUITY,1,ISRAEL DISCOUNT BANK LTD.,-,DSCT,BB Ticker,IT,5971.0,,-,65952.0,0.0
2024-12-31,NGS,Balanced Growth,LISTED EQUITY,1,DELIVERY HERO SE,-,DHER,BB Ticker,GR,1449.0,,-,65727.0,0.0
2024-12-31,NGS,Balanced Growth,LISTED EQUITY,1,"VAIL RESORTS, INC.",-,MTN,BB Ticker,US,216.0,,-,65484.0,0.0
2024-12-31,NGS,Balanced Growth,LISTED EQUITY,1,TELE2 AB,-,TEL2B,BB Ticker,SS,4074.0,,-,65054.0,0.0
2024-12-31,NGS,Balanced Growth,LISTED EQUITY,1,SOUTHWEST AIRLINES CO.,-,LUV,BB Ticker,US,1198.0,,-,65028.0,0.0
2024-12-31,NGS,Balanced Growth,LISTED EQUITY,1,ZENSHO HOLDINGS CO. LTD.,-,7550,BB Ticker,JP,691.0,,-,63660.0,0.0
2024-12-31,NGS,Balanced Growth,LISTED EQUITY,1,HOLMEN AB,-,HOLMB,BB Ticker,SS,1054.0,,-,62572.0,0.0
2024-12-31,NGS,Balanced Growth,LISTED EQUITY,1,LOTUS BAKERIES NV,-,LOTB,BB Ticker,BB,3.0,,-,62294.0,0.0
2024-12-31,NGS,Balanced Growth,LISTED EQUITY,1,BEIJER REF AB,-,BEIJB,BB Ticker,SS,2609.0,,-,62193.0,0.0
2024-12-31,NGS,Balanced Growth,LISTED EQUITY,1,WEST FRASER TIMBER CO. LTD.,-,WFG,BB Ticker,CN,439.0,,-,61473.0,0.0
2024-12-31,NGS,Balanced Growth,LISTED EQUITY,1,CONCORDIA FINANCIAL GROUP LTD.,-,7186,SEDOL,JP,6841.0,,-,61244.0,0.0
2024-12-31,NGS,Balanced Growth,LISTED EQUITY,1,"TOKYO ELECTRIC POWER CO. HOLDINGS, INC.",-,9501,BB Ticker,JP,12508.0,,-,61057.0,0.0
2024-12-31,NGS,Balanced Growth,LISTED EQUITY,1,ASR NEDERLAND NV,-,ASRNL,BB Ticker,,795.0,,-,60845.0,0.0
2024-12-31,NGS,Balanced Growth,LISTED EQUITY,1,"BIO-RAD LABORATORIES, INC.",-,BIO,BB Ticker,US,114.0,,-,60497.0,0.0
2024-12-31,NGS,Balanced Growth,LISTED EQUITY,1,INVESTMENT AB LATOUR,-,LATOB,BB Ticker,SS,1499.0,,-,60448.0,0.0
2024-12-31,NGS,Balanced Growth,LISTED EQUITY,1,INDUSTRIVARDEN AB,-,INDUC,BB Ticker,SS,1175.0,,-,59947.0,0.0
2024-12-31,NGS,Balanced Growth,LISTED EQUITY,1,TOKYU CORP.,-,9005,BB Ticker,JP,3455.0,,-,59938.0,0.0
2024-12-31,NGS,Balanced Growth,LISTED EQUITY,1,SEKISUI CHEMICAL CO. LTD.,-,4204,BB Ticker,JP,2142.0,,-,59771.0,0.0
2024-12-31,NGS,Balanced Growth,LISTED EQUITY,1,"ESSENTIAL UTILITIES, INC.",-,WTRG,BB Ticker,US,1017.0,,-,59670.0,0.0
2024-12-31,NGS,Balanced Growth,LISTED EQUITY,1,PUMA SE,-,PUM,BB Ticker,GR,801.0,,-,59420.0,0.0
2024-12-31,NGS,Balanced Growth,LISTED EQUITY,1,"AGC, INC.",-,5201,BB Ticker,JP,1244.0,,-,59122.0,0.0
2024-12-31,NGS,Balanced Growth,LISTED EQUITY,1,UNITED UTILITIES GROUP PLC,-,UU,BB Ticker,LN,2747.0,,-,58424.0,0.0
2024-12-31,NGS,Balanced Growth,LISTED EQUITY,1,SIG GROUP AG,-,SIGN,BB Ticker,SW,1829.0,,-,58288.0,0.0
2024-12-31,NGS,Balanced Growth,LISTED EQUITY,1,HOSHIZAKI CORP.,-,6465,BB Ticker,JP,898.0,,-,57831.0,0.0
2024-12-31,NGS,Balanced Growth,LISTED EQUITY,1,ADECCO GROUP AG,-,ADEN,BB Ticker,SW,1447.0,,-,57664.0,0.0
2024-12-31,NGS,Balanced Growth,LISTED EQUITY,1,AGEAS SA,-,AGS,BB Ticker,BB,726.0,,-,56968.0,0.0
2024-12-31,NGS,Balanced Growth,LISTED EQUITY,1,SUNTORY BEVERAGE & FOOD LTD.,-,2587,BB Ticker,JP,1106.0,,-,56961.0,0.0
2024-12-31,NGS,Balanced Growth,LISTED EQUITY,1,"DESCARTES SYSTEMS GROUP, INC.",-,DSG,BB Ticker,CN,310.0,,-,56936.0,0.0
2024-12-31,NGS,Balanced Growth,LISTED EQUITY,1,ELEMENT FLEET MANAGEMENT CORP.,-,EFN,BB Ticker,CN,1730.0,,-,56470.0,0.0
2024-12-31,NGS,Balanced Growth,LISTED EQUITY,1,SAVOLA GROUP,-,SAVOLA,BB Ticker,AB,3549.0,,-,55990.0,0.0
2024-12-31,NGS,Balanced Growth,LISTED EQUITY,1,REXEL SA,-,RXL,BB Ticker,FP,1348.0,,-,55469.0,0.0
2024-12-31,NGS,Balanced Growth,LISTED EQUITY,1,HKT TRUST & HKT LTD.,-,6823,BB Ticker,HK,27641.0,,-,55173.0,0.0
2024-12-31,NGS,Balanced Growth,LISTED EQUITY,1,JERONIMO MARTINS SGPS SA,-,JMT,BB Ticker,PL,1770.0,,-,54630.0,0.0
2024-12-31,NGS,Balanced Growth,LISTED EQUITY,1,TMX GROUP LTD.,-,X,BB Ticker,CN,1088.0,,-,54122.0,0.0
2024-12-31,NGS,Balanced Growth,LISTED EQUITY,1,TEMENOS AG,-,TEMN,BB Ticker,SW,468.0,,-,53445.0,0.0
2024-12-31,NGS,Balanced Growth,LISTED EQUITY,1,NIPPON SANSO HOLDINGS CORP.,-,4091,SEDOL,JP,1175.0,,-,53410.0,0.0
2024-12-31,NGS,Balanced Growth,LISTED EQUITY,1,"GILDAN ACTIVEWEAR, INC.",-,GIL,BB Ticker,CN,700.0,,-,53182.0,0.0
2024-12-31,NGS,Balanced Growth,LISTED EQUITY,1,BALOISE HOLDING AG,-,BALN,BB Ticker,SW,180.0,,-,52546.0,0.0
2024-12-31,NGS,Balanced Growth,LISTED EQUITY,1,LEG IMMOBILIEN SE,-,LEG,BB Ticker,GR,382.0,,-,52280.0,0.0
2024-12-31,NGS,Balanced Growth,LISTED EQUITY,1,HELVETIA HOLDING AG,-,HELN,BB Ticker,SW,193.0,,-,51335.0,0.0
2024-12-31,NGS,Balanced Growth,LISTED EQUITY,1,KOBE BUSSAN CO. LTD.,-,3038,BB Ticker,JP,1451.0,,-,51303.0,0.0
2024-12-31,NGS,Balanced Growth,LISTED EQUITY,1,"SBI HOLDINGS, INC.",-,8473,BB Ticker,JP,1244.0,,-,50902.0,0.0
2024-12-31,NGS,Balanced Growth,LISTED EQUITY,1,NEMETSCHEK SE,-,NEM,BB Ticker,GR,321.0,,-,50302.0,0.0
2024-12-31,NGS,Balanced Growth,LISTED EQUITY,1,"HIKARI TSUSHIN, INC.",-,9435,BB Ticker,JP,138.0,,-,48973.0,0.0
2024-12-31,NGS,Balanced Growth,LISTED EQUITY,1,MCDONALD'S HOLDINGS CO. JAPAN LTD.,-,2702,BB Ticker,JP,760.0,,-,48356.0,0.0
2024-12-31,NGS,Balanced Growth,LISTED EQUITY,1,"SAPUTO, INC.",-,SAP,BB Ticker,CN,1706.0,,-,47882.0,0.0
2024-12-31,NGS,Balanced Growth,LISTED EQUITY,1,MIZRAHI TEFAHOT BANK LTD.,-,MZTF,BB Ticker,IT,679.0,,-,47455.0,0.0
2024-12-31,NGS,Balanced Growth,LISTED EQUITY,1,BKW AG,-,BKW,BB Ticker,SW,177.0,,-,47355.0,0.0
2024-12-31,NGS,Balanced Growth,LISTED EQUITY,1,VERBUND AG,-,VER,BB Ticker,AV,400.0,,-,46842.0,0.0
2024-12-31,NGS,Balanced Growth,LISTED EQUITY,1,"MITSUI CHEMICALS, INC.",-,4183,BB Ticker,JP,1313.0,,-,46822.0,0.0
2024-12-31,NGS,Balanced Growth,LISTED EQUITY,1,LKQ CORP.,-,LKQ,BB Ticker,US,777.0,,-,46144.0,0.0
2024-12-31,NGS,Balanced Growth,LISTED EQUITY,1,HALMA PLC,-,HLMA,BB Ticker,LN,832.0,,-,45255.0,0.0
2024-12-31,NGS,Balanced Growth,LISTED EQUITY,1,JDE PEET'S NV,-,JDEP,BB Ticker,,1609.0,,-,44474.0,0.0
2024-12-31,NGS,Balanced Growth,LISTED EQUITY,1,FUTU HOLDINGS LTD.,-,FUTU,BB Ticker,US,342.0,,-,44192.0,0.0
2024-12-31,NGS,Balanced Growth,LISTED EQUITY,1,HENDERSON LAND DEVELOPMENT CO. LTD.,-,12,BB Ticker,HK,8983.0,,-,44081.0,0.0
2024-12-31,NGS,Balanced Growth,LISTED EQUITY,1,SG HOLDINGS CO. LTD.,-,9143,BB Ticker,JP,2833.0,,-,43850.0,0.0
2024-12-31,NGS,Balanced Growth,LISTED EQUITY,1,RICOH CO. LTD.,-,7752,BB Ticker,JP,2350.0,,-,43740.0,0.0
2024-12-31,NGS,Balanced Growth,LISTED EQUITY,1,BARRATT REDROW PLC,-,BTRW,BB Ticker,LN,4852.0,,-,43198.0,0.0
2024-12-31,NGS,Balanced Growth,LISTED EQUITY,1,ORACLE CORP. JAPAN,-,4716,BB Ticker,JP,276.0,,-,43051.0,0.0
2024-12-31,NGS,Balanced Growth,LISTED EQUITY,1,RATIONAL AG,-,RAA,BB Ticker,GR,31.0,,-,42854.0,0.0
2024-12-31,NGS,Balanced Growth,LISTED EQUITY,1,ENDEAVOUR MINING PLC,-,EDV,BB Ticker,LN,1460.0,,-,42088.0,0.0
2024-12-31,NGS,Balanced Growth,LISTED EQUITY,1,TOROMONT INDUSTRIES LTD.,-,TIH,BB Ticker,CN,330.0,,-,42066.0,0.0
2024-12-31,NGS,Balanced Growth,LISTED EQUITY,1,DEMANT AS,-,DEMANT,BB Ticker,DC,706.0,,-,41806.0,0.0
2024-12-31,NGS,Balanced Growth,LISTED EQUITY,1,AUSTRALIAN VINTAGE LTD.,-,AVG,BB Ticker,AU,297114.0,,-,41596.0,0.0
2024-12-31,NGS,Balanced Growth,LISTED EQUITY,1,PERSIMMON PLC,-,PSN,BB Ticker,LN,1702.0,,-,41245.0,0.0
2024-12-31,NGS,Balanced Growth,LISTED EQUITY,1,WHARF HOLDINGS LTD.,-,4,BB Ticker,HK,8983.0,,-,40812.0,0.0
2024-12-31,NGS,Balanced Growth,LISTED EQUITY,1,FASTIGHETS AB BALDER,-,BALDB,BB Ticker,SS,3614.0,,-,40573.0,0.0
2024-12-31,NGS,Balanced Growth,LISTED EQUITY,1,GRASIM INDUSTRIES LTD.,-,GRASIMPP,BB Ticker,IN,1236.0,,-,40563.0,0.0
2024-12-31,NGS,Balanced Growth,LISTED EQUITY,1,FORTUM OYJ,-,FORTUM,BB Ticker,FH,1750.0,,-,39565.0,0.0
2024-12-31,NGS,Balanced Growth,LISTED EQUITY,1,ROCKWOOL AS,-,ROCKB,BB Ticker,DC,68.0,,-,38760.0,0.0
2024-12-31,NGS,Balanced Growth,LISTED EQUITY,1,CHIBA BANK LTD.,-,8331,BB Ticker,JP,3041.0,,-,38200.0,0.0
2024-12-31,NGS,Balanced Growth,LISTED EQUITY,1,SINGAPORE AIRLINES LTD.,-,SIA,BB Ticker,SP,4906.0,,-,37409.0,0.0
2024-12-31,NGS,Balanced Growth,LISTED EQUITY,1,DAVIDE CAMPARI-MILANO NV,-,CPR,BB Ticker,IM,3676.0,,-,36994.0,0.0
2024-12-31,NGS,Balanced Growth,LISTED EQUITY,1,KNORR-BREMSE AG,-,KBX,BB Ticker,GR,314.0,,-,36994.0,0.0
2024-12-31,NGS,Balanced Growth,LISTED EQUITY,1,YARA INTERNATIONAL ASA,-,YAR,BB Ticker,NO,842.0,,-,36004.0,0.0
2024-12-31,NGS,Balanced Growth,LISTED EQUITY,1,"TIS, INC.",-,3626,BB Ticker,JP,898.0,,-,34501.0,0.0
2024-12-31,NGS,Balanced Growth,LISTED EQUITY,1,JD SPORTS FASHION PLC,-,JD,BB Ticker,LN,17650.0,,-,34239.0,0.0
2024-12-31,NGS,Balanced Growth,LISTED EQUITY,1,"SHIZUOKA FINANCIAL GROUP, INC.",-,5831,BB Ticker,JP,2557.0,,-,33752.0,0.0
2024-12-31,NGS,Balanced Growth,LISTED EQUITY,1,RECORDATI INDUSTRIA CHIMICA E FARMACEUTICA SPA,-,REC,BB Ticker,IM,388.0,,-,32866.0,0.0
2024-12-31,NGS,Balanced Growth,LISTED EQUITY,1,TOTO LTD.,-,5332,BB Ticker,JP,829.0,,-,32426.0,0.0
2024-12-31,NGS,Balanced Growth,LISTED EQUITY,1,GENTING SINGAPORE LTD.,-,GENS,BB Ticker,SP,35796.0,,-,32420.0,0.0
2024-12-31,NGS,Balanced Growth,LISTED EQUITY,1,OTSUKA CORP.,-,4768,BB Ticker,JP,829.0,,-,30756.0,0.0
2024-12-31,NGS,Balanced Growth,LISTED EQUITY,1,"M3, INC.",-,2413,BB Ticker,JP,2142.0,,-,30755.0,0.0
2024-12-31,NGS,Balanced Growth,LISTED EQUITY,1,CK INFRASTRUCTURE HOLDINGS LTD.,-,1038,BB Ticker,HK,2419.0,,-,29041.0,0.0
2024-12-31,NGS,Balanced Growth,LISTED EQUITY,1,JAPAN POST INSURANCE CO. LTD.,-,7181,BB Ticker,JP,967.0,,-,28903.0,0.0
2024-12-31,NGS,Balanced Growth,LISTED EQUITY,1,METSO OYJ,-,METSO,BB Ticker,FH,1907.0,,-,28644.0,0.0
2024-12-31,NGS,Balanced Growth,LISTED EQUITY,1,ONEX CORP.,-,ONEX,BB Ticker,CN,225.0,,-,28319.0,0.0
2024-12-31,NGS,Balanced Growth,LISTED EQUITY,1,ICL GROUP LTD.,-,ICL,BB Ticker,IT,3450.0,,-,27530.0,0.0
2024-12-31,NGS,Balanced Growth,LISTED EQUITY,1,STORA ENSO OYJ,-,STERV,BB Ticker,FH,1637.0,,-,26607.0,0.0
2024-12-31,NGS,Balanced Growth,LISTED EQUITY,1,BERKELEY GROUP HOLDINGS PLC,-,BKG,BB Ticker,LN,308.0,,-,24259.0,0.0
2024-12-31,NGS,Balanced Growth,LISTED EQUITY,1,MERIDIAN ENERGY LTD.,-,MEL,BB Ticker,NZ,4294.0,,-,22964.0,0.0
2024-12-31,NGS,Balanced Growth,LISTED EQUITY,1,AEROPORTS DE PARIS SA,-,ADP,BB Ticker,FP,122.0,,-,22850.0,0.0
2024-12-31,NGS,Balanced Growth,LISTED EQUITY,1,TELECOM ITALIA SPA,-,TIT,BB Ticker,IM,55199.0,,-,22765.0,0.0
2024-12-31,NGS,Balanced Growth,LISTED EQUITY,1,NEXI SPA,-,NEXI,BB Ticker,IM,2517.0,,-,22561.0,0.0
2024-12-31,NGS,Balanced Growth,LISTED EQUITY,1,BANQUE CANTONALE VAUDOISE,-,BCVN,BB Ticker,SW,149.0,,-,22212.0,0.0
2024-12-31,NGS,Balanced Growth,LISTED EQUITY,1,INFRASTRUTTURE WIRELESS ITALIANE SPA,-,INW,BB Ticker,IM,1288.0,,-,21144.0,0.0
2024-12-31,NGS,Balanced Growth,LISTED EQUITY,1,AMPLIFON SPA,-,AMP,BB Ticker,IM,489.0,,-,20305.0,0.0
2024-12-31,NGS,Balanced Growth,LISTED EQUITY,1,CLARIANT AG,-,CLN,BB Ticker,SW,1109.0,,-,19944.0,0.0
2024-12-31,NGS,Balanced Growth,LISTED EQUITY,1,"CCL INDUSTRIES, INC.",-,CCLB,BB Ticker,CN,225.0,,-,18709.0,0.0
2024-12-31,NGS,Balanced Growth,LISTED EQUITY,1,SCHRODERS PLC,-,SDR,BB Ticker,LN,2788.0,,-,18247.0,0.0
2024-12-31,NGS,Balanced Growth,LISTED EQUITY,1,CARL ZEISS MEDITEC AG,-,AFX,BB Ticker,GR,210.0,,-,15993.0,0.0
2024-12-31,NGS,Balanced Growth,LISTED EQUITY,1,WEST JAPAN RAILWAY CO.,-,9021,BB Ticker,JP,553.0,,-,15891.0,0.0
2024-12-31,NGS,Balanced Growth,LISTED EQUITY,1,EISAI CO. LTD.,-,4523,BB Ticker,JP,346.0,,-,15372.0,0.0
2024-12-31,NGS,Balanced Growth,LISTED EQUITY,1,SALMAR ASA,-,SALM,BB Ticker,NO,199.0,,-,15297.0,0.0
2024-12-31,NGS,Balanced Growth,LISTED EQUITY,1,SEMBCORP INDUSTRIES LTD.,-,SCI,BB Ticker,SP,2280.0,,-,14903.0,0.0
2024-12-31,NGS,Balanced Growth,LISTED EQUITY,1,ACCOR SA,-,AC,BB Ticker,FP,186.0,,-,14624.0,0.0
2024-12-31,NGS,Balanced Growth,LISTED EQUITY,1,SWISS PRIME SITE AG,-,SPSN,BB Ticker,SW,68.0,,-,12046.0,0.0
2024-12-31,NGS,Balanced Growth,LISTED EQUITY,1,MERCURY NZ LTD.,-,MCY,BB Ticker,NZ,1424.0,,-,7535.0,0.0
2024-12-31,NGS,Balanced Growth,LISTED EQUITY,1,ELIA GROUP SA,-,ELI,BB Ticker,BB,53.0,,-,6535.0,0.0
2024-12-31,NGS,Balanced Growth,LISTED EQUITY,1,EDP RENOVAVEIS SA,-,EDPR,BB Ticker,PL,351.0,,-,5895.0,0.0
2024-12-31,NGS,Balanced Growth,LISTED EQUITY,1,ELISA OYJ,-,ELISA,BB Ticker,FH,7.0,,-,483.0,0.0
2024-12-31,NGS,Balanced Growth,LISTED EQUITY,1,AVOLTA AG,-,AVOL,BB Ticker,SW,3.0,,-,224.0,0.0
2024-12-31,NGS,Balanced Growth,LISTED EQUITY,1,VOLVO CAR AB,-,VOLCARB,BB Ticker,SS,38.0,,-,133.0,0.0
2024-12-31,NGS,Balanced Growth,LISTED EQUITY,1,CRH PLC,-,CRH,BB Ticker,LN,1.0,,-,104.0,0.0
2024-12-31,NGS,Balanced Growth,LISTED EQUITY,1,POLESTAR AUTOMOTIVE HOLDING U.K. PLC,-,PSNY,BB Ticker,US,6.0,,-,11.0,0.0
2024-12-31,NGS,Balanced Growth,LISTED EQUITY,1,"ABIOMED, INC.",-,2223637D,BB Ticker,US,330.0,,-,0.0,0.0
2024-12-31,NGS,Balanced Growth,LISTED EQUITY,1,GMK NORILSKIY NICKEL PAO,-,GMKN,BB Ticker,RM,108769.0,,-,0.0,0.0
2024-12-31,NGS,Balanced Growth,LISTED EQUITY,1,LUKOIL PJSC,-,LKOH,BB Ticker,RM,18131.0,,-,0.0,0.0
2024-12-31,NGS,Balanced Growth,LISTED EQUITY,1,NOVATEK PJSC,-,NVTK,BB Ticker,RU,17479.0,,-,0.0,0.0
2024-12-31,NGS,Balanced Growth,LISTED EQUITY,1,POLYUS PJSC,-,PLZL,BB Ticker,RU,1691.0,,-,0.0,0.0
2024-12-31,NGS,Balanced Growth,LISTED EQUITY,1,SISTEMA AFK PAO,-,AFKS,BB Ticker,RM,864113.0,,-,0.0,0.0
2024-12-31,NGS,Balanced Growth,LISTED EQUITY,1,SUB TOTAL,,,N/A,,,,,5188362092.0,0.4972
2024-12-31,NGS,Balanced Growth,UNLISTED EQUITY,0,ORICELL THERAPEUTICS CO. LTD.,-,,N/A,,,,-,,
2024-12-31,NGS,Balanced Growth,UNLISTED EQUITY,0,UNITED HYDROCARBON INTERNATIONAL CORP.,-,,N/A,,,,-,,
2024-12-31,NGS,Balanced Growth,UNLISTED EQUITY,0,SUB TOTAL,,,N/A,,,,,6567932.0,0.0006
2024-12-31,NGS,Balanced Growth,UNLISTED EQUITY,1,QIMING VENTURE PARTNERS,-,,N/A,,,,-,279872725.0,0.0268
2024-12-31,NGS,Balanced Growth,UNLISTED EQUITY,1,GENERAL ATLANTIC INVESTMENT PARTNERS,-,,N/A,,,,-,59763776.0,0.0056999999999999
2024-12-31,NGS,Balanced Growth,UNLISTED EQUITY,1,POTENTIA CAPITAL MANAGEMENT PTY LTD,-,,N/A,,,,-,59497756.0,0.0056999999999999
2024-12-31,NGS,Balanced Growth,UNLISTED EQUITY,1,STILLBROOK CAPITAL LIMITED,-,,N/A,,,,-,56972595.0,0.0055
2024-12-31,NGS,Balanced Growth,UNLISTED EQUITY,1,BLACKBIRD VENTURES PTY LIMITED,-,,N/A,,,,-,52861653.0,0.0051
2024-12-31,NGS,Balanced Growth,UNLISTED EQUITY,1,ADAMANTEM CAPITAL MANAGEMENT PTY LTD,-,,N/A,,,,-,37822431.0,0.0036
2024-12-31,NGS,Balanced Growth,UNLISTED EQUITY,1,CHALLENGER INVESTMENT SOLUTIONS MANAGEMENT PTY LTD,-,,N/A,,,,-,35320873.0,0.0034
2024-12-31,NGS,Balanced Growth,UNLISTED EQUITY,1,MAIN SEQUENCE VENTURES,-,,N/A,,,,-,32056769.0,0.0031
2024-12-31,NGS,Balanced Growth,UNLISTED EQUITY,1,SIGULER GUFF,-,,N/A,,,,-,31713980.0,0.003
2024-12-31,NGS,Balanced Growth,UNLISTED EQUITY,1,QIC LIMITED,-,,N/A,,,,-,25205492.0,0.0024
2024-12-31,NGS,Balanced Growth,UNLISTED EQUITY,1,ARDIAN FRANCE S.A.,-,,N/A,,,,-,24763069.0,0.0024
2024-12-31,NGS,Balanced Growth,UNLISTED EQUITY,1,ALLEGRO FUNDS PTY LTD,-,,N/A,,,,-,23028889.0,0.0022
2024-12-31,NGS,Balanced Growth,UNLISTED EQUITY,1,LGT CAPITAL PARTNERS,-,,N/A,,,,-,17241322.0,0.0017
2024-12-31,NGS,Balanced Growth,UNLISTED EQUITY,1,HARBOURVEST PARTNERS LLC,-,,N/A,,,,-,13482425.0,0.0013
2024-12-31,NGS,Balanced Growth,UNLISTED EQUITY,1,AUDAX MANAGEMENT COMPANY LLC,-,,N/A,,,,-,12979589.0,0.0012
2024-12-31,NGS,Balanced Growth,UNLISTED EQUITY,1,LIGHTROCK LLP,-,,N/A,,,,-,9742764.0,0.0009
2024-12-31,NGS,Balanced Growth,UNLISTED EQUITY,1,INDUSTRY SUPER HOLDINGS PTY LTD,-,,N/A,,,,-,5053067.0,0.0005
2024-12-31,NGS,Balanced Growth,UNLISTED EQUITY,1,ROC CAPITAL PTY LIMITED,-,,N/A,,,,-,1132898.0,0.0001
2024-12-31,NGS,Balanced Growth,UNLISTED EQUITY,1,UBS SECURITIES AUSTRALIA LIMITED,-,,N/A,,,,-,832447.0,0.0001
2024-12-31,NGS,Balanced Growth,UNLISTED EQUITY,1,MACQUARIE INVESTMENT MANAGEMENT LTD,-,,N/A,,,,-,803640.0,0.0001
2024-12-31,NGS,Balanced Growth,UNLISTED EQUITY,1,NEWBURY PARTNERS LLC,-,,N/A,,,,-,650925.0,0.0001
2024-12-31,NGS,Balanced Growth,UNLISTED EQUITY,1,STAFFORD CAPITAL PARTNERS,-,,N/A,,,,-,488061.0,0.0
2024-12-31,NGS,Balanced Growth,UNLISTED EQUITY,1,WILSHIRE,-,,N/A,,,,-,337337.0,0.0
2024-12-31,NGS,Balanced Growth,UNLISTED EQUITY,1,CONTINUITY CAPITAL PARTNERS PTY LIMITED,-,,N/A,,,,-,272171.0,0.0
2024-12-31,NGS,Balanced Growth,UNLISTED EQUITY,1,IFM INVESTORS PTY LTD,-,,N/A,,,,-,30882.0,0.0
2024-12-31,NGS,Balanced Growth,UNLISTED EQUITY,1,PANTHEON,-,,N/A,,,,-,13424.0,0.0
2024-12-31,NGS,Balanced Growth,UNLISTED EQUITY,1,"OAKTREE CAPITAL MANAGEMENT, L.P.",-,,N/A,,,,-,5007.0,0.0
2024-12-31,NGS,Balanced Growth,UNLISTED EQUITY,1,SUB TOTAL,,,N/A,,,,,781945967.0,0.0749
2024-12-31,NGS,Balanced Growth,LISTED PROPERTY,1,GOODMAN GROUP,-,GMG,BB Ticker,AU,1834511.0,,-,65381952.0,0.0063
2024-12-31,NGS,Balanced Growth,LISTED PROPERTY,1,SCENTRE GROUP,-,SCG,BB Ticker,AU,3848669.0,,-,13200933.0,0.0013
2024-12-31,NGS,Balanced Growth,LISTED PROPERTY,1,VICINITY LTD.,-,VCX,BB Ticker,AU,5121139.0,,-,10754390.0,0.001
2024-12-31,NGS,Balanced Growth,LISTED PROPERTY,1,STOCKLAND,-,SGP,BB Ticker,AU,1865669.0,,-,8955212.0,0.0009
2024-12-31,NGS,Balanced Growth,LISTED PROPERTY,1,GPT GROUP,-,GPT,BB Ticker,AU,1650431.0,,-,7212384.0,0.0007
2024-12-31,NGS,Balanced Growth,LISTED PROPERTY,1,CENTURIA CAPITAL GROUP,-,CNI,BB Ticker,AU,3911441.0,,-,6942808.0,0.0007
2024-12-31,NGS,Balanced Growth,LISTED PROPERTY,1,"EQUINIX, INC.",-,EQIX,BB Ticker,US,3829.0,,-,5830963.0,0.0006
2024-12-31,NGS,Balanced Growth,LISTED PROPERTY,1,"WELLTOWER, INC.",-,WELL,BB Ticker,US,27639.0,,-,5625942.0,0.0005
2024-12-31,NGS,Balanced Growth,LISTED PROPERTY,1,"PROLOGIS, INC.",-,PLD,BB Ticker,US,30651.0,,-,5232713.0,0.0005
2024-12-31,NGS,Balanced Growth,LISTED PROPERTY,1,"SIMON PROPERTY GROUP, INC.",-,SPG,BB Ticker,US,18794.0,,-,5227363.0,0.0005
2024-12-31,NGS,Balanced Growth,LISTED PROPERTY,1,CHARTER HALL GROUP,-,CHC,BB Ticker,AU,349788.0,,-,5019471.0,0.0005
2024-12-31,NGS,Balanced Growth,LISTED PROPERTY,1,"DIGITAL REALTY TRUST, INC.",-,DLR,BB Ticker,US,16490.0,,-,4723011.0,0.0005
2024-12-31,NGS,Balanced Growth,LISTED PROPERTY,1,"VENTAS, INC.",-,VTR,BB Ticker,US,49314.0,,-,4690495.0,0.0004
2024-12-31,NGS,Balanced Growth,LISTED PROPERTY,1,DEXUS,-,DXS,BB Ticker,AU,661525.0,,-,4405752.0,0.0004
2024-12-31,NGS,Balanced Growth,LISTED PROPERTY,1,CENTURIA INDUSTRIAL REIT,-,CIP,BB Ticker,AU,1477362.0,,-,4166161.0,0.0004
2024-12-31,NGS,Balanced Growth,LISTED PROPERTY,1,MIRVAC GROUP,-,MGR,BB Ticker,AU,1955073.0,,-,3665764.0,0.0004
2024-12-31,NGS,Balanced Growth,LISTED PROPERTY,1,NATIONAL STORAGE REIT,-,NSR,BB Ticker,AU,1560606.0,,-,3651817.0,0.0003
2024-12-31,NGS,Balanced Growth,LISTED PROPERTY,1,HOTEL PROPERTY INVESTMENTS LTD.,-,HPI,BB Ticker,AU,928573.0,,-,3482148.0,0.0003
2024-12-31,NGS,Balanced Growth,LISTED PROPERTY,1,"EXTRA SPACE STORAGE, INC.",-,EXR,BB Ticker,US,14032.0,,-,3390292.0,0.0003
2024-12-31,NGS,Balanced Growth,LISTED PROPERTY,1,WAYPOINT REIT LTD.,-,WPR,BB Ticker,AU,1405696.0,,-,3275272.0,0.0003
2024-12-31,NGS,Balanced Growth,LISTED PROPERTY,1,HOMECO DAILY NEEDS REIT,-,HDN,BB Ticker,AU,2734499.0,,-,3131002.0,0.0003
2024-12-31,NGS,Balanced Growth,LISTED PROPERTY,1,REGION RE LTD.,-,RGN,BB Ticker,AU,1438266.0,,-,2977211.0,0.0003
2024-12-31,NGS,Balanced Growth,LISTED PROPERTY,1,CHARTER HALL LONG WALE REIT,-,CLW,BB Ticker,AU,782060.0,,-,2924905.0,0.0003
2024-12-31,NGS,Balanced Growth,LISTED PROPERTY,1,MITSUI FUDOSAN CO. LTD.,-,8801,BB Ticker,JP,205396.0,,-,2680741.0,0.0003
2024-12-31,NGS,Balanced Growth,LISTED PROPERTY,1,"IRON MOUNTAIN, INC.",-,IRM,BB Ticker,US,15109.0,,-,2565022.0,0.0002
2024-12-31,NGS,Balanced Growth,LISTED PROPERTY,1,"AVALONBAY COMMUNITIES, INC.",-,AVB,BB Ticker,US,7203.0,,-,2559190.0,0.0002
2024-12-31,NGS,Balanced Growth,LISTED PROPERTY,1,"UDR, INC.",-,UDR,BB Ticker,US,33243.0,,-,2330747.0,0.0002
2024-12-31,NGS,Balanced Growth,LISTED PROPERTY,1,CAMDEN PROPERTY TRUST,-,CPT,BB Ticker,US,10538.0,,-,1974939.0,0.0002
2024-12-31,NGS,Balanced Growth,LISTED PROPERTY,1,"ESSEX PROPERTY TRUST, INC.",-,ESS,BB Ticker,US,4273.0,,-,1969512.0,0.0002
2024-12-31,NGS,Balanced Growth,LISTED PROPERTY,1,"ESSENTIAL PROPERTIES REALTY TRUST, INC.",-,EPRT,BB Ticker,US,38964.0,,-,1968488.0,0.0002
2024-12-31,NGS,Balanced Growth,LISTED PROPERTY,1,EQUITY RESIDENTIAL,-,EQR,BB Ticker,US,16393.0,,-,1900013.0,0.0002
2024-12-31,NGS,Balanced Growth,LISTED PROPERTY,1,HMC CAPITAL LTD.,-,HMC,BB Ticker,AU,185141.0,,-,1825494.0,0.0002
2024-12-31,NGS,Balanced Growth,LISTED PROPERTY,1,AMERICAN TOWER CORP.,-,AMT,BB Ticker,US,6004.0,,-,1778678.0,0.0002
2024-12-31,NGS,Balanced Growth,LISTED PROPERTY,1,ABACUS GROUP,-,ABG,BB Ticker,AU,1602373.0,,-,1762611.0,0.0002
2024-12-31,NGS,Balanced Growth,LISTED PROPERTY,1,"WP CAREY, INC.",-,WPC,BB Ticker,US,18719.0,,-,1647095.0,0.0002
2024-12-31,NGS,Balanced Growth,LISTED PROPERTY,1,"VICI PROPERTIES, INC.",-,VICI,BB Ticker,US,34069.0,,-,1607281.0,0.0002
2024-12-31,NGS,Balanced Growth,LISTED PROPERTY,1,AGREE REALTY CORP.,-,ADC,BB Ticker,US,13759.0,,-,1565502.0,0.0002
2024-12-31,NGS,Balanced Growth,LISTED PROPERTY,1,ABACUS STORAGE KING,-,ASK,BB Ticker,AU,1389000.0,,-,1562625.0,0.0001
2024-12-31,NGS,Balanced Growth,LISTED PROPERTY,1,"AMERICOLD REALTY TRUST, INC.",-,COLD,BB Ticker,US,41823.0,,-,1445537.0,0.0001
2024-12-31,NGS,Balanced Growth,LISTED PROPERTY,1,"CROWN CASTLE, INC.",-,CCI,BB Ticker,US,9411.0,,-,1379572.0,0.0001
2024-12-31,NGS,Balanced Growth,LISTED PROPERTY,1,REGENCY CENTERS CORP.,-,REG,BB Ticker,US,10884.0,,-,1299608.0,0.0001
2024-12-31,NGS,Balanced Growth,LISTED PROPERTY,1,"VERIS RESIDENTIAL, INC.",-,VRE,BB Ticker,US,45389.0,,-,1219116.0,0.0001
2024-12-31,NGS,Balanced Growth,LISTED PROPERTY,1,CHARTWELL RETIREMENT RESIDENCES,-,CSHU,BB Ticker,CN,71890.0,,-,1217469.0,0.0001
2024-12-31,NGS,Balanced Growth,LISTED PROPERTY,1,AMERICAN HOMES 4 RENT,-,AMH,BB Ticker,US,19901.0,,-,1202789.0,0.0001
2024-12-31,NGS,Balanced Growth,LISTED PROPERTY,1,REALTY INCOME CORP.,-,O,BB Ticker,US,13743.0,,-,1185457.0,0.0001
2024-12-31,NGS,Balanced Growth,LISTED PROPERTY,1,"INVITATION HOMES, INC.",-,INVH,BB Ticker,US,20092.0,,-,1037424.0,0.0001
2024-12-31,NGS,Balanced Growth,LISTED PROPERTY,1,"STAG INDUSTRIAL, INC.",-,STAG,BB Ticker,US,18481.0,,-,1009464.0,0.0001
2024-12-31,NGS,Balanced Growth,LISTED PROPERTY,1,LINK REIT,-,823,BB Ticker,HK,135579.0,,-,926032.0,0.0001
2024-12-31,NGS,Balanced Growth,LISTED PROPERTY,1,"SUN COMMUNITIES, INC.",-,SUI,BB Ticker,US,4500.0,,-,893751.0,0.0001
2024-12-31,NGS,Balanced Growth,LISTED PROPERTY,1,"EQUITY LIFESTYLE PROPERTIES, INC.",-,ELS,BB Ticker,US,8006.0,,-,861187.0,0.0001
2024-12-31,NGS,Balanced Growth,LISTED PROPERTY,1,UNITE GROUP PLC,-,UTG,BB Ticker,LN,45244.0,,-,738087.0,0.0001
2024-12-31,NGS,Balanced Growth,LISTED PROPERTY,1,KLEPIERRE SA,-,LI,BB Ticker,FP,13785.0,,-,640903.0,0.0001
2024-12-31,NGS,Balanced Growth,LISTED PROPERTY,1,BRITISH LAND CO. PLC,-,BLND,BB Ticker,LN,87673.0,,-,639140.0,0.0001
2024-12-31,NGS,Balanced Growth,LISTED PROPERTY,1,GRAINGER PLC,-,GRI,BB Ticker,LN,131508.0,,-,598523.0,0.0001
2024-12-31,NGS,Balanced Growth,LISTED PROPERTY,1,SUN HUNG KAI PROPERTIES LTD.,-,16,BB Ticker,HK,37762.0,,-,586120.0,0.0001
2024-12-31,NGS,Balanced Growth,LISTED PROPERTY,1,"AMERICAN HEALTHCARE REIT, INC.",-,AHR,BB Ticker,US,12710.0,,-,583431.0,0.0001
2024-12-31,NGS,Balanced Growth,LISTED PROPERTY,1,SHURGARD SELF STORAGE LTD.,-,SHUR,BB Ticker,BB,9634.0,,-,577623.0,0.0001
2024-12-31,NGS,Balanced Growth,LISTED PROPERTY,1,PUBLIC STORAGE,-,PSA,BB Ticker,US,1180.0,,-,570490.0,0.0001
2024-12-31,NGS,Balanced Growth,LISTED PROPERTY,1,EMBASSY OFFICE PARKS REIT,-,EMBASSY,BB Ticker,IN,69159.0,,-,482097.0,0.0
2024-12-31,NGS,Balanced Growth,LISTED PROPERTY,1,KILROY REALTY CORP.,-,KRC,BB Ticker,US,7326.0,,-,478618.0,0.0
2024-12-31,NGS,Balanced Growth,LISTED PROPERTY,1,INVINCIBLE INVESTMENT CORP.,-,8963,SEDOL,JP,653.0,,-,444583.0,0.0
2024-12-31,NGS,Balanced Growth,LISTED PROPERTY,1,"LINEAGE, INC.",-,LINE,BB Ticker,US,4316.0,,-,408247.0,0.0
2024-12-31,NGS,Balanced Growth,LISTED PROPERTY,1,"HOST HOTELS & RESORTS, INC.",-,HST,BB Ticker,US,13907.0,,-,393517.0,0.0
2024-12-31,NGS,Balanced Growth,LISTED PROPERTY,1,SL GREEN REALTY CORP.,-,SLG,BB Ticker,US,3391.0,,-,372002.0,0.0
2024-12-31,NGS,Balanced Growth,LISTED PROPERTY,1,KIMCO REALTY CORP.,-,KIM,BB Ticker,US,9801.0,,-,370864.0,0.0
2024-12-31,NGS,Balanced Growth,LISTED PROPERTY,1,"CARETRUST REIT, INC.",-,CTRE,BB Ticker,US,8081.0,,-,353030.0,0.0
2024-12-31,NGS,Balanced Growth,LISTED PROPERTY,1,BWP TRUST,-,BWP,BB Ticker,AU,105576.0,,-,346288.0,0.0
2024-12-31,NGS,Balanced Growth,LISTED PROPERTY,1,GLP J-REIT,-,3281,SEDOL,JP,271.0,,-,344104.0,0.0
2024-12-31,NGS,Balanced Growth,LISTED PROPERTY,1,MERLIN PROPERTIES SOCIMI SA,-,MRL,BB Ticker,SM,19575.0,,-,332618.0,0.0
2024-12-31,NGS,Balanced Growth,LISTED PROPERTY,1,WEYERHAEUSER CO.,-,WY,BB Ticker,US,7189.0,,-,326845.0,0.0
2024-12-31,NGS,Balanced Growth,LISTED PROPERTY,1,"NIPPON BUILDING FUND, INC.",-,8951,BB Ticker,JP,245.0,,-,307878.0,0.0
2024-12-31,NGS,Balanced Growth,LISTED PROPERTY,1,MACERICH CO.,-,MAC,BB Ticker,US,9109.0,,-,293056.0,0.0
2024-12-31,NGS,Balanced Growth,LISTED PROPERTY,1,KEPPEL DC REIT,-,KDCREIT,BB Ticker,SP,111636.0,,-,288130.0,0.0
2024-12-31,NGS,Balanced Growth,LISTED PROPERTY,1,"MID-AMERICA APARTMENT COMMUNITIES, INC.",-,MAA,BB Ticker,US,1102.0,,-,275163.0,0.0
2024-12-31,NGS,Balanced Growth,LISTED PROPERTY,1,TRITAX BIG BOX REIT PLC,-,BBOX,BB Ticker,LN,98527.0,,-,264469.0,0.0
2024-12-31,NGS,Balanced Growth,LISTED PROPERTY,1,LAMAR ADVERTISING CO.,-,LAMR,BB Ticker,US,1174.0,,-,230851.0,0.0
2024-12-31,NGS,Balanced Growth,LISTED PROPERTY,1,"ALEXANDRIA REAL ESTATE EQUITIES, INC.",-,ARE,BB Ticker,US,1359.0,,-,214159.0,0.0
2024-12-31,NGS,Balanced Growth,LISTED PROPERTY,1,SAGAX AB,-,SAGAB,BB Ticker,SS,6423.0,,-,212361.0,0.0
2024-12-31,NGS,Balanced Growth,LISTED PROPERTY,1,"BROADSTONE NET LEASE, INC.",-,BNL,BB Ticker,US,8116.0,,-,207908.0,0.0
2024-12-31,NGS,Balanced Growth,LISTED PROPERTY,1,JAPAN METROPOLITAN FUND INVEST,-,8953,BB Ticker,JP,215.0,,-,199186.0,0.0
2024-12-31,NGS,Balanced Growth,LISTED PROPERTY,1,"GAMING & LEISURE PROPERTIES, INC.",-,GLPI,BB Ticker,US,2536.0,,-,197268.0,0.0
2024-12-31,NGS,Balanced Growth,LISTED PROPERTY,1,UNIBAIL-RODAMCO-WESTFIELD,-,URW,BB Ticker,FP,1617.0,,-,196664.0,0.0
2024-12-31,NGS,Balanced Growth,LISTED PROPERTY,1,SBA COMMUNICATIONS CORP.,-,SBAC,BB Ticker,US,539.0,,-,177420.0,0.0
2024-12-31,NGS,Balanced Growth,LISTED PROPERTY,1,GECINA SA,-,GFC,BB Ticker,FP,1154.0,,-,174469.0,0.0
2024-12-31,NGS,Balanced Growth,LISTED PROPERTY,1,WHARF REAL ESTATE INVESTMENT CO. LTD.,-,1997,BB Ticker,HK,41462.0,,-,171209.0,0.0
2024-12-31,NGS,Balanced Growth,LISTED PROPERTY,1,CAPITALAND INVESTMENT LTD.,-,CLI,BB Ticker,SP,51492.0,,-,159722.0,0.0
2024-12-31,NGS,Balanced Growth,LISTED PROPERTY,1,H&R REAL ESTATE INVESTMENT TRUST,-,HRU,BB Ticker,CN,15067.0,,-,157025.0,0.0
2024-12-31,NGS,Balanced Growth,LISTED PROPERTY,1,FRASERS LOGISTICS & COMMERCIAL TRUST,-,FLT,BB Ticker,SP,144047.0,,-,150077.0,0.0
2024-12-31,NGS,Balanced Growth,LISTED PROPERTY,1,"BXP, INC.",-,BXP,BB Ticker,US,1133.0,,-,136109.0,0.0
2024-12-31,NGS,Balanced Growth,LISTED PROPERTY,1,COVIVIO SA,-,COV,BB Ticker,FP,1466.0,,-,119581.0,0.0
2024-12-31,NGS,Balanced Growth,LISTED PROPERTY,1,SEGRO PLC,-,SGRO,BB Ticker,LN,8422.0,,-,119460.0,0.0
2024-12-31,NGS,Balanced Growth,LISTED PROPERTY,1,"HEALTHPEAK PROPERTIES, INC.",-,DOC,BB Ticker,US,3490.0,,-,114271.0,0.0
2024-12-31,NGS,Balanced Growth,LISTED PROPERTY,1,"BRIXMOR PROPERTY GROUP, INC.",-,BRX,BB Ticker,US,1535.0,,-,69012.0,0.0
2024-12-31,NGS,Balanced Growth,LISTED PROPERTY,1,RIOCAN REAL ESTATE INVESTMENT TRUST,-,REIU,BB Ticker,CN,3212.0,,-,65937.0,0.0
2024-12-31,NGS,Balanced Growth,LISTED PROPERTY,1,CAPITALAND INTEGRATED COMMERCIAL TRUST,-,CICT,BB Ticker,SP,26708.0,,-,61027.0,0.0
2024-12-31,NGS,Balanced Growth,LISTED PROPERTY,1,"ANNALY CAPITAL MANAGEMENT, INC.",-,NLY,BB Ticker,US,1916.0,,-,56638.0,0.0
2024-12-31,NGS,Balanced Growth,LISTED PROPERTY,1,CAPITALAND ASCENDAS REIT,-,CLAR,BB Ticker,SP,14650.0,,-,44575.0,0.0
2024-12-31,NGS,Balanced Growth,LISTED PROPERTY,1,JAPAN REAL ESTATE INVESTMENT CORP.,-,8952,SEDOL,JP,38.0,,-,42145.0,0.0
2024-12-31,NGS,Balanced Growth,LISTED PROPERTY,1,LAND SECURITIES GROUP PLC,-,LAND,BB Ticker,LN,3306.0,,-,39053.0,0.0
2024-12-31,NGS,Balanced Growth,LISTED PROPERTY,1,WAREHOUSES DE PAUW CVA,-,WDP,BB Ticker,BB,363.0,,-,11550.0,0.0
2024-12-31,NGS,Balanced Growth,LISTED PROPERTY,1,KILLAM APARTMENT REAL ESTATE INVESTMENT TRUST,-,KMPU,BB Ticker,CN,152.0,,-,2910.0,0.0
2024-12-31,NGS,Balanced Growth,LISTED PROPERTY,1,SUB TOTAL,,,N/A,,,,,241589718.0,0.0232
2024-12-31,NGS,Balanced Growth,UNLISTED PROPERTY,0,SUB TOTAL,,,N/A,,,,,0.0,0.0
2024-12-31,NGS,Balanced Growth,UNLISTED PROPERTY,1,FIFE CAPITAL MANAGEMENT LLC,-,,N/A,,,,-,386640346.0,0.0371
2024-12-31,NGS,Balanced Growth,UNLISTED PROPERTY,1,LENDLEASE FUNDS MANAGEMENT LIMITED,-,,N/A,,,,-,139669934.0,0.0134
2024-12-31,NGS,Balanced Growth,UNLISTED PROPERTY,1,FIFE CAPITAL GROUP PTY LIMITED,-,,N/A,,,,-,64033183.0,0.0060999999999999
2024-12-31,NGS,Balanced Growth,UNLISTED PROPERTY,1,GPT FUND MANAGEMENT LIMITED,-,,N/A,,,,-,57160263.0,0.0055
2024-12-31,NGS,Balanced Growth,UNLISTED PROPERTY,1,INVESCO AUSTRALIA LIMITED,-,,N/A,,,,-,47979887.0,0.0046
2024-12-31,NGS,Balanced Growth,UNLISTED PROPERTY,1,CAMPUS LIVING VILLAGES PTY LIMITED,-,,N/A,,,,-,33296604.0,0.0032
2024-12-31,NGS,Balanced Growth,UNLISTED PROPERTY,1,GODREJ FUND MANAGEMENT PVT. LTD,-,,N/A,,,,-,19943075.0,0.0019
2024-12-31,NGS,Balanced Growth,UNLISTED PROPERTY,1,DEXUS CAPITAL MANAGEMENT FUND LIMITED,-,,N/A,,,,-,17779636.0,0.0017
2024-12-31,NGS,Balanced Growth,UNLISTED PROPERTY,1,MACQUARIE INVESTMENT MANAGEMENT LTD,-,,N/A,,,,-,328109.0,0.0
2024-12-31,NGS,Balanced Growth,UNLISTED PROPERTY,1,SUB TOTAL,,,N/A,,,,,766831037.0,0.0735
2024-12-31,NGS,Balanced Growth,LISTED INFRASTRUCTURE,1,SUB TOTAL,,,N/A,,,,,0.0,0.0
2024-12-31,NGS,Balanced Growth,UNLISTED INFRASTRUCTURE,0,SUB TOTAL,,,N/A,,,,,0.0,0.0
2024-12-31,NGS,Balanced Growth,UNLISTED INFRASTRUCTURE,1,IFM INVESTORS PTY LTD,-,,N/A,,,,-,293348058.0,0.0281
2024-12-31,NGS,Balanced Growth,UNLISTED INFRASTRUCTURE,1,QIC LIMITED,-,,N/A,,,,-,246582608.0,0.0236
2024-12-31,NGS,Balanced Growth,UNLISTED INFRASTRUCTURE,1,CLIMATE ADAPTIVE INFRASTRUCTURE LLC,-,,N/A,,,,-,128061649.0,0.0123
2024-12-31,NGS,Balanced Growth,UNLISTED INFRASTRUCTURE,1,MORRISON & CO UTILITIES MANAGEMENT (AUSTRALIA) PTY LTD,-,,N/A,,,,-,124010414.0,0.0118999999999999
2024-12-31,NGS,Balanced Growth,UNLISTED INFRASTRUCTURE,1,MACQUARIE INVESTMENT MANAGEMENT LTD,-,,N/A,,,,-,103444581.0,0.0098999999999999
2024-12-31,NGS,Balanced Growth,UNLISTED INFRASTRUCTURE,1,ARDIAN FRANCE S.A.,-,,N/A,,,,-,62093577.0,0.006
2024-12-31,NGS,Balanced Growth,UNLISTED INFRASTRUCTURE,1,HULL STREET ENERGY LLC,-,,N/A,,,,-,60664590.0,0.0058
2024-12-31,NGS,Balanced Growth,UNLISTED INFRASTRUCTURE,1,ANTIN INFRASTRUCTURE PARTNERS,-,,N/A,,,,-,36368417.0,0.0034999999999999
2024-12-31,NGS,Balanced Growth,UNLISTED INFRASTRUCTURE,1,EQT FUND MANAGEMENT,-,,N/A,,,,-,34513441.0,0.0033
2024-12-31,NGS,Balanced Growth,UNLISTED INFRASTRUCTURE,1,BLACKROCK INVESTMENT MANAGEMENT (AUSTRALIA) LIMITED,-,,N/A,,,,-,30085206.0,0.0029
2024-12-31,NGS,Balanced Growth,UNLISTED INFRASTRUCTURE,1,PACIFIC EQUITY PARTNERS PTY LIMITED,-,,N/A,,,,-,28739363.0,0.0028
2024-12-31,NGS,Balanced Growth,UNLISTED INFRASTRUCTURE,1,COPENHAGEN INFRASTRUCTURE PARTNERS,-,,N/A,,,,-,12844558.0,0.0012
2024-12-31,NGS,Balanced Growth,UNLISTED INFRASTRUCTURE,1,IGNEO INFRASTRUCTURE PARTNERS,-,,N/A,,,,-,1142009.0,0.0001
2024-12-31,NGS,Balanced Growth,UNLISTED INFRASTRUCTURE,1,SUB TOTAL,,,N/A,,,,,1161898471.0,0.1114
2024-12-31,NGS,Balanced Growth,LISTED ALTERNATIVES,1,SUB TOTAL,,,N/A,,,,,0.0,0.0
2024-12-31,NGS,Balanced Growth,UNLISTED ALTERNATIVES,0,"INARI AGRICULTURE, INC.",-,,N/A,,,,-,,
2024-12-31,NGS,Balanced Growth,UNLISTED ALTERNATIVES,0,INVAIO SCIENCES C PRIME,-,,N/A,,,,-,,
2024-12-31,NGS,Balanced Growth,UNLISTED ALTERNATIVES,0,"INVAIO SCIENCES, INC.",-,,N/A,,,,-,,
2024-12-31,NGS,Balanced Growth,UNLISTED ALTERNATIVES,0,PERTH MINT AUSTRALIA UNALL GOLD,-,,N/A,,,,-,,
2024-12-31,NGS,Balanced Growth,UNLISTED ALTERNATIVES,0,SUB TOTAL,,,N/A,,,,,381001160.0,0.0365
2024-12-31,NGS,Balanced Growth,UNLISTED ALTERNATIVES,1,GODREJ FUND MANAGEMENT PVT. LTD,-,,N/A,,,,-,75652161.0,0.0073
2024-12-31,NGS,Balanced Growth,UNLISTED ALTERNATIVES,1,NEUBERGER BERMAN AUSTRALIA LTD,-,,N/A,,,,-,72531445.0,0.0069999999999999
2024-12-31,NGS,Balanced Growth,UNLISTED ALTERNATIVES,1,BARING ASIA PRIVATE EQUITY,-,,N/A,,,,-,52462605.0,0.005
2024-12-31,NGS,Balanced Growth,UNLISTED ALTERNATIVES,1,"GRAHAM CAPITAL MANAGEMENT, L.P.",-,,N/A,,,,-,47160174.0,0.0045
2024-12-31,NGS,Balanced Growth,UNLISTED ALTERNATIVES,1,PACIFIC INVESTMENT MANAGEMENT COMPANY (PIMCO),-,,N/A,,,,-,46339428.0,0.0044
2024-12-31,NGS,Balanced Growth,UNLISTED ALTERNATIVES,1,PEAK ROCK CAPITAL LLC,-,,N/A,,,,-,35434678.0,0.0034
2024-12-31,NGS,Balanced Growth,UNLISTED ALTERNATIVES,1,BLACKBIRD VENTURES PTY LIMITED,-,,N/A,,,,-,31237122.0,0.003
2024-12-31,NGS,Balanced Growth,UNLISTED ALTERNATIVES,1,STRIDE CONSUMER PARTNERS,-,,N/A,,,,-,25509224.0,0.0024
2024-12-31,NGS,Balanced Growth,UNLISTED ALTERNATIVES,1,KEPOS CAPITAL LP,-,,N/A,,,,-,19283556.0,0.0018
2024-12-31,NGS,Balanced Growth,UNLISTED ALTERNATIVES,1,SIGULER GUFF,-,,N/A,,,,-,2623934.0,0.0003
2024-12-31,NGS,Balanced Growth,UNLISTED ALTERNATIVES,1,ADAMANTEM CAPITAL MANAGEMENT PTY LTD,-,,N/A,,,,-,2086293.0,0.0002
2024-12-31,NGS,Balanced Growth,UNLISTED ALTERNATIVES,1,ALCEON GROUP PTY LIMITED,-,,N/A,,,,-,1405932.0,0.0001
2024-12-31,NGS,Balanced Growth,UNLISTED ALTERNATIVES,1,SUB TOTAL,,,N/A,,,,,411726552.0,0.0395
