Effective Date,Fund Name,Option Name,Asset Class Name,Int/Ext,Name/Kind of Investment Item,Currency,Stock ID,ID Type,Listed Country,Units Held,% Ownership,Address,Value (AUD),Weighting
2024-12-31,rest,Balanced Growth,CASH,1,PACCAR FINANCIAL PTY. LTD.,AUD,,N/A,,,,-,9186196.0,0.0053
2024-12-31,rest,Balanced Growth,CASH,1,NBN CO. LTD.,AUD,,N/A,,,,-,7332234.0,0.0042
2024-12-31,rest,Balanced Growth,CASH,1,OVERSEAS-CHINESE BANKING CORP. LTD.,AUD,,N/A,,,,-,6960862.0,0.004
2024-12-31,rest,Balanced Growth,CASH,1,TOYOTA FINANCE AUSTRALIA LIMITED,AUD,,N/A,,,,-,6750966.0,0.0039
2024-12-31,rest,Balanced Growth,CASH,1,STANDARD CHARTERED PLC,AUD,,N/A,,,,-,5725980.0,0.0033
2024-12-31,rest,Balanced Growth,CASH,1,STATE STREET BANK AND TRUST COMPANY,USD,,N/A,,,,-,4668817.0,0.0027
2024-12-31,rest,Balanced Growth,CASH,1,BANK OF CHINA LTD.,AUD,,N/A,,,,-,4466021.0,0.0026
2024-12-31,rest,Balanced Growth,CASH,1,SUMITOMO MITSUI BANKING CORP.,AUD,,N/A,,,,-,4319570.0,0.0025
2024-12-31,rest,Balanced Growth,CASH,1,MIZUHO BANK LTD.,AUD,,N/A,,,,-,4094774.0,0.0024
2024-12-31,rest,Balanced Growth,CASH,1,UNITED OVERSEAS BANK LTD.,AUD,,N/A,,,,-,4077306.0,0.0024
2024-12-31,rest,Balanced Growth,CASH,1,SCENTRE GROUP LIMITED,AUD,,N/A,,,,-,2464004.0,0.0014
2024-12-31,rest,Balanced Growth,CASH,1,NATIONAL AUSTRALIA BANK LTD.,AUD,,N/A,,,,-,1970762.0,0.0011
2024-12-31,rest,Balanced Growth,CASH,1,STOCKLAND TRUST MANAGEMENT LTD,AUD,,N/A,,,,-,1229257.0,0.0007
2024-12-31,rest,Balanced Growth,CASH,1,STATE STREET BANK AND TRUST COMPANY,EUR,,N/A,,,,-,404333.0,0.0002
2024-12-31,rest,Balanced Growth,CASH,1,BNP PARIBAS,USD,,N/A,,,,-,373040.0,0.0002
2024-12-31,rest,Balanced Growth,CASH,1,"CITIGROUP, INC.",USD,,N/A,,,,-,248008.0,0.0001
2024-12-31,rest,Balanced Growth,CASH,1,BARCLAYS BANK PLC.,USD,,N/A,,,,-,176620.0,0.0001
2024-12-31,rest,Balanced Growth,CASH,1,STATE STREET BANK AND TRUST COMPANY,GBP,,N/A,,,,-,132393.0,0.0001
2024-12-31,rest,Balanced Growth,CASH,1,"DOMINION ENERGY SOUTH CAROLINA, INC.",USD,,N/A,,,,-,131904.0,0.0001
2024-12-31,rest,Balanced Growth,CASH,1,BANK OF NEW YORK MELLON CORP.,USD,,N/A,,,,-,92520.0,0.0001
2024-12-31,rest,Balanced Growth,CASH,1,STATE STREET BANK AND TRUST COMPANY,CAD,,N/A,,,,-,84119.0,0.0
2024-12-31,rest,Balanced Growth,CASH,1,TAMPA ELECTRIC CO,USD,,N/A,,,,-,79106.0,0.0
2024-12-31,rest,Balanced Growth,CASH,1,STATE STREET BANK AND TRUST COMPANY,NZD,,N/A,,,,-,50514.0,0.0
2024-12-31,rest,Balanced Growth,CASH,1,STATE STREET BANK AND TRUST COMPANY,JPY,,N/A,,,,-,47497.0,0.0
2024-12-31,rest,Balanced Growth,CASH,1,STATE STREET BANK AND TRUST COMPANY,MXN,,N/A,,,,-,31322.0,0.0
2024-12-31,rest,Balanced Growth,CASH,1,MORGAN STANLEY,USD,,N/A,,,,-,28213.0,0.0
2024-12-31,rest,Balanced Growth,CASH,1,STATE STREET BANK AND TRUST COMPANY,CNY,,N/A,,,,-,24966.0,0.0
2024-12-31,rest,Balanced Growth,CASH,1,"GOLDMAN SACHS GROUP, INC.",USD,,N/A,,,,-,18490.0,0.0
2024-12-31,rest,Balanced Growth,CASH,1,STATE STREET BANK AND TRUST COMPANY,IDR,,N/A,,,,-,10991.0,0.0
2024-12-31,rest,Balanced Growth,CASH,1,STATE STREET BANK AND TRUST COMPANY,DKK,,N/A,,,,-,10224.0,0.0
2024-12-31,rest,Balanced Growth,CASH,1,STATE STREET BANK AND TRUST COMPANY,HUF,,N/A,,,,-,10155.0,0.0
2024-12-31,rest,Balanced Growth,CASH,1,STATE STREET BANK AND TRUST COMPANY,SGD,,N/A,,,,-,8367.0,0.0
2024-12-31,rest,Balanced Growth,CASH,1,JPMORGAN CHASE & CO.,USD,,N/A,,,,-,7920.0,0.0
2024-12-31,rest,Balanced Growth,CASH,1,STATE STREET BANK AND TRUST COMPANY,SEK,,N/A,,,,-,6867.0,0.0
2024-12-31,rest,Balanced Growth,CASH,1,STATE STREET BANK AND TRUST COMPANY,CHF,,N/A,,,,-,5087.0,0.0
2024-12-31,rest,Balanced Growth,CASH,1,STATE STREET BANK AND TRUST COMPANY,ILS,,N/A,,,,-,3605.0,0.0
2024-12-31,rest,Balanced Growth,CASH,1,STATE STREET BANK AND TRUST COMPANY,HKD,,N/A,,,,-,3450.0,0.0
2024-12-31,rest,Balanced Growth,CASH,1,STATE STREET BANK AND TRUST COMPANY,INR,,N/A,,,,-,3193.0,0.0
2024-12-31,rest,Balanced Growth,CASH,1,STATE STREET BANK AND TRUST COMPANY,VND,,N/A,,,,-,2869.0,0.0
2024-12-31,rest,Balanced Growth,CASH,1,STATE STREET BANK AND TRUST COMPANY,ZAR,,N/A,,,,-,2852.0,0.0
2024-12-31,rest,Balanced Growth,CASH,1,STATE STREET BANK AND TRUST COMPANY,BRL,,N/A,,,,-,2701.0,0.0
2024-12-31,rest,Balanced Growth,CASH,1,STATE STREET BANK AND TRUST COMPANY,PLN,,N/A,,,,-,2583.0,0.0
2024-12-31,rest,Balanced Growth,CASH,1,STATE STREET BANK AND TRUST COMPANY,NOK,,N/A,,,,-,1133.0,0.0
2024-12-31,rest,Balanced Growth,CASH,1,STATE STREET BANK AND TRUST COMPANY,CZK,,N/A,,,,-,1029.0,0.0
2024-12-31,rest,Balanced Growth,CASH,1,STATE STREET BANK AND TRUST COMPANY,TRY,,N/A,,,,-,798.0,0.0
2024-12-31,rest,Balanced Growth,CASH,1,STATE STREET BANK AND TRUST COMPANY,TWD,,N/A,,,,-,210.0,0.0
2024-12-31,rest,Balanced Growth,CASH,1,WESTPAC BANKING CORP.,AUD,,N/A,,,,-,176.0,0.0
2024-12-31,rest,Balanced Growth,CASH,1,MEMBERS EQUITY BANK LTD,AUD,,N/A,,,,-,79.0,0.0
2024-12-31,rest,Balanced Growth,CASH,1,COMMONWEALTH BANK OF AUSTRALIA LTD.,AUD,,N/A,,,,-,30.0,0.0
2024-12-31,rest,Balanced Growth,CASH,1,AUSTRALIA AND NEW ZEALAND BANKING GROUP LIMITED,AUD,,N/A,,,,-,18.0,0.0
2024-12-31,rest,Balanced Growth,CASH,1,MORGAN STANLEY,EUR,,N/A,,,,-,15.0,0.0
2024-12-31,rest,Balanced Growth,CASH,1,STATE STREET BANK AND TRUST COMPANY,THB,,N/A,,,,-,3.0,0.0
2024-12-31,rest,Balanced Growth,CASH,1,STATE STREET BANK AND TRUST COMPANY,KRW,,N/A,,,,-,2.0,0.0
2024-12-31,rest,Balanced Growth,CASH,1,STATE STREET BANK AND TRUST COMPANY,AUD,,N/A,,,,-,-4093977.0,-0.0024
2024-12-31,rest,Balanced Growth,CASH,1,SUB TOTAL,,,N/A,,,,,61160174.0,0.0353
2024-12-31,rest,Balanced Growth,FIXED INCOME,0,AUSTRALIA GOVERNMENT BONDS,-,,N/A,,,,-,45070226.0,0.026
2024-12-31,rest,Balanced Growth,FIXED INCOME,0,NATIONAL AUSTRALIA BANK LTD.,-,,N/A,,,,-,19440969.0,0.0112
2024-12-31,rest,Balanced Growth,FIXED INCOME,0,WESTPAC BANKING CORP.,-,,N/A,,,,-,19376883.0,0.0112
2024-12-31,rest,Balanced Growth,FIXED INCOME,0,AUSTRALIA AND NEW ZEALAND BANKING GROUP LIMITED,-,,N/A,,,,-,16593263.0,0.0096
2024-12-31,rest,Balanced Growth,FIXED INCOME,0,NEW SOUTH WALES TREASURY CORP.,-,,N/A,,,,-,16438089.0,0.0095
2024-12-31,rest,Balanced Growth,FIXED INCOME,0,BENDIGO AND ADELAIDE BANK LTD.,-,,N/A,,,,-,14672876.0,0.0085
2024-12-31,rest,Balanced Growth,FIXED INCOME,0,TREASURY CORPORATION OF VICTORIA,-,,N/A,,,,-,13336929.0,0.0077
2024-12-31,rest,Balanced Growth,FIXED INCOME,0,BANK OF TOKYO-MITSUBISHI UFJ LTD.,-,,N/A,,,,-,11464232.0,0.0066
2024-12-31,rest,Balanced Growth,FIXED INCOME,0,QUEENSLAND TREASURY CORP.,-,,N/A,,,,-,10564885.0,0.0060999999999999
2024-12-31,rest,Balanced Growth,FIXED INCOME,0,OVERSEAS-CHINESE BANKING CORP. LTD.,-,,N/A,,,,-,9360861.0,0.0054
2024-12-31,rest,Balanced Growth,FIXED INCOME,0,NBN CO. LTD.,-,,N/A,,,,-,8939938.0,0.0052
2024-12-31,rest,Balanced Growth,FIXED INCOME,0,COMMONWEALTH BANK OF AUSTRALIA LTD.,-,,N/A,,,,-,7735295.0,0.0045
2024-12-31,rest,Balanced Growth,FIXED INCOME,0,AIRSERVICES AUSTRALIA,-,,N/A,,,,-,6290024.0,0.0036
2024-12-31,rest,Balanced Growth,FIXED INCOME,0,CANADIAN IMPERIAL BANK OF COMMERCE,-,,N/A,,,,-,6140182.0,0.0034999999999999
2024-12-31,rest,Balanced Growth,FIXED INCOME,0,BANK OF CHINA LTD.,-,,N/A,,,,-,4885814.0,0.0028
2024-12-31,rest,Balanced Growth,FIXED INCOME,0,BANK OF QUEENSLAND LTD.,-,,N/A,,,,-,4877540.0,0.0028
2024-12-31,rest,Balanced Growth,FIXED INCOME,0,MACQUARIE BANK LTD,-,,N/A,,,,-,4333683.0,0.0025
2024-12-31,rest,Balanced Growth,FIXED INCOME,0,ROYAL BANK OF CANADA,-,,N/A,,,,-,4330449.0,0.0025
2024-12-31,rest,Balanced Growth,FIXED INCOME,0,SUNCORP-METWAY LTD.,-,,N/A,,,,-,4164254.0,0.0024
2024-12-31,rest,Balanced Growth,FIXED INCOME,0,ING BANK AUSTRALIA LTD.,-,,N/A,,,,-,3839752.0,0.0022
2024-12-31,rest,Balanced Growth,FIXED INCOME,0,SUMITOMO MITSUI BANKING CORP.,-,,N/A,,,,-,3479370.0,0.002
2024-12-31,rest,Balanced Growth,FIXED INCOME,0,WESTERN AUSTRALIAN TREASURY CORP.,-,,N/A,,,,-,3360456.0,0.0019
2024-12-31,rest,Balanced Growth,FIXED INCOME,0,UBS GROUP AG,-,,N/A,,,,-,3323585.0,0.0019
2024-12-31,rest,Balanced Growth,FIXED INCOME,0,SOUTH AUSTRALIAN GOVERNMENT FINANCING AUTHORITY,-,,N/A,,,,-,3235722.0,0.0019
2024-12-31,rest,Balanced Growth,FIXED INCOME,0,NORFINA LTD.,-,,N/A,,,,-,2801039.0,0.0016
2024-12-31,rest,Balanced Growth,FIXED INCOME,0,UNITED OVERSEAS BANK LTD.,-,,N/A,,,,-,2530584.0,0.0015
2024-12-31,rest,Balanced Growth,FIXED INCOME,0,TASMANIAN PUBLIC FINANCE CORP.,-,,N/A,,,,-,2311094.0,0.0013
2024-12-31,rest,Balanced Growth,FIXED INCOME,0,MIZUHO BANK LTD.,-,,N/A,,,,-,2254307.0,0.0013
2024-12-31,rest,Balanced Growth,FIXED INCOME,0,FIRSTMAC MORTGAGE FUNDING TRUST NO. 4,-,,N/A,,,,-,1996610.0,0.0012
2024-12-31,rest,Balanced Growth,FIXED INCOME,0,APOLLO TRUST,-,,N/A,,,,-,1575283.0,0.0009
2024-12-31,rest,Balanced Growth,FIXED INCOME,0,INTERNATIONAL BANK FOR RECONSTRUCTION & DEVELOPMENT,-,,N/A,,,,-,1503303.0,0.0009
2024-12-31,rest,Balanced Growth,FIXED INCOME,0,IDOL TRUST,-,,N/A,,,,-,1168767.0,0.0007
2024-12-31,rest,Balanced Growth,FIXED INCOME,0,PUMA SERIES 2023-1,-,,N/A,,,,-,956130.0,0.0006
2024-12-31,rest,Balanced Growth,FIXED INCOME,0,NORTHERN TERRITORY TREASURY CORP.,-,,N/A,,,,-,950071.0,0.0005
2024-12-31,rest,Balanced Growth,FIXED INCOME,0,INTER-AMERICAN DEVELOPMENT BANK,-,,N/A,,,,-,869256.0,0.0005
2024-12-31,rest,Balanced Growth,FIXED INCOME,0,AUSTRALIAN CAPITAL TERRITORY,-,,N/A,,,,-,675133.0,0.0004
2024-12-31,rest,Balanced Growth,FIXED INCOME,0,TORONTO-DOMINION BANK,-,,N/A,,,,-,634862.0,0.0004
2024-12-31,rest,Balanced Growth,FIXED INCOME,0,RABOBANK UA/AU,-,,N/A,,,,-,616745.0,0.0004
2024-12-31,rest,Balanced Growth,FIXED INCOME,0,LION TRUST,-,,N/A,,,,-,487589.0,0.0003
2024-12-31,rest,Balanced Growth,FIXED INCOME,0,LANDWIRTSCHAFTLICHE RENTENBANK,-,,N/A,,,,-,399323.0,0.0002
2024-12-31,rest,Balanced Growth,FIXED INCOME,0,PROGRESS TRUST,-,,N/A,,,,-,387556.0,0.0002
2024-12-31,rest,Balanced Growth,FIXED INCOME,0,KREDITANSTALT FUER WIEDERAUFBAU,-,,N/A,,,,-,373451.0,0.0002
2024-12-31,rest,Balanced Growth,FIXED INCOME,0,INTERNATIONAL FINANCE CORP.,-,,N/A,,,,-,369015.0,0.0002
2024-12-31,rest,Balanced Growth,FIXED INCOME,0,MEDALLION TRUST,-,,N/A,,,,-,361659.0,0.0002
2024-12-31,rest,Balanced Growth,FIXED INCOME,0,THE SUPERANNUATION MEMBERS HOME LOAN PROGRAMME,-,,N/A,,,,-,354729.0,0.0002
2024-12-31,rest,Balanced Growth,FIXED INCOME,0,ASIAN DEVELOPMENT BANK,-,,N/A,,,,-,343136.0,0.0002
2024-12-31,rest,Balanced Growth,FIXED INCOME,0,KOMMUNALBANKEN AS,-,,N/A,,,,-,288109.0,0.0002
2024-12-31,rest,Balanced Growth,FIXED INCOME,0,HOUSING AUSTRALIA,-,,N/A,,,,-,273807.0,0.0002
2024-12-31,rest,Balanced Growth,FIXED INCOME,0,EUROPEAN INVESTMENT BANK,-,,N/A,,,,-,261306.0,0.0002
2024-12-31,rest,Balanced Growth,FIXED INCOME,0,WESTPAC SECURITISATION TRUST,-,,N/A,,,,-,257569.0,0.0001
2024-12-31,rest,Balanced Growth,FIXED INCOME,0,KINGFISHER TRUST,-,,N/A,,,,-,254527.0,0.0001
2024-12-31,rest,Balanced Growth,FIXED INCOME,0,NATIONAL RMBS TRUST,-,,N/A,,,,-,249450.0,0.0001
2024-12-31,rest,Balanced Growth,FIXED INCOME,0,REDS TRUST,-,,N/A,,,,-,219381.0,0.0001
2024-12-31,rest,Balanced Growth,FIXED INCOME,0,TORRENS TRUST,-,,N/A,,,,-,186491.0,0.0001
2024-12-31,rest,Balanced Growth,FIXED INCOME,0,CNH INDUSTRIAL CAPITAL AUSTRALIA RECEIVABLES TRUST,-,,N/A,,,,-,38288.0,0.0
2024-12-31,rest,Balanced Growth,FIXED INCOME,0,SUB TOTAL,,,N/A,,,,,271203847.0,0.1564
2024-12-31,rest,Balanced Growth,FIXED INCOME,1,UBS ASSET MANAGEMENT (AUSTRALIA) LIMITED,-,,N/A,,,,-,205345742.0,0.1184
2024-12-31,rest,Balanced Growth,FIXED INCOME,1,BARINGS LLC,-,,N/A,,,,-,30866238.0,0.0178
2024-12-31,rest,Balanced Growth,FIXED INCOME,1,"AP KENT MANAGEMENT, LLC",-,,N/A,,,,-,19271412.0,0.0111
2024-12-31,rest,Balanced Growth,FIXED INCOME,1,WELLINGTON MANAGEMENT AUSTRALIA PTY LTD,-,,N/A,,,,-,13361234.0,0.0077
2024-12-31,rest,Balanced Growth,FIXED INCOME,1,BENTHAM ASSET MANAGEMENT PTY LTD,-,,N/A,,,,-,11873853.0,0.0068
2024-12-31,rest,Balanced Growth,FIXED INCOME,1,METRICS CREDIT PARTNERS PTY LTD,-,,N/A,,,,-,11325661.0,0.0065
2024-12-31,rest,Balanced Growth,FIXED INCOME,1,HAYFIN MANAGEMENT LIMITED,-,,N/A,,,,-,4960033.0,0.0029
2024-12-31,rest,Balanced Growth,FIXED INCOME,1,"BAIN CAPITAL CREDIT, LP",-,,N/A,,,,-,2215831.0,0.0013
2024-12-31,rest,Balanced Growth,FIXED INCOME,1,SUB TOTAL,,,N/A,,,,,299220004.0,0.1725
2024-12-31,rest,Balanced Growth,LISTED EQUITY,1,BHP GROUP LTD.,-,BHP,BB Ticker,AU,529675.0,,-,20948607.0,0.0121
2024-12-31,rest,Balanced Growth,LISTED EQUITY,1,COMMONWEALTH BANK OF AUSTRALIA LTD.,-,CBA,BB Ticker,AU,120474.0,,-,18462615.0,0.0106
2024-12-31,rest,Balanced Growth,LISTED EQUITY,1,"APPLE, INC.",-,AAPL,BB Ticker,US,39581.0,,-,16009349.0,0.0092
2024-12-31,rest,Balanced Growth,LISTED EQUITY,1,CSL LTD.,-,CSL,BB Ticker,AU,54439.0,,-,15329001.0,0.0088
2024-12-31,rest,Balanced Growth,LISTED EQUITY,1,NVIDIA CORP.,-,NVDA,BB Ticker,US,65989.0,,-,14312758.0,0.0083
2024-12-31,rest,Balanced Growth,LISTED EQUITY,1,MICROSOFT CORP.,-,MSFT,BB Ticker,US,20093.0,,-,13678604.0,0.0079
2024-12-31,rest,Balanced Growth,LISTED EQUITY,1,NATIONAL AUSTRALIA BANK LTD.,-,NAB,BB Ticker,AU,311130.0,,-,11542941.0,0.0067
2024-12-31,rest,Balanced Growth,LISTED EQUITY,1,"AMAZON.COM, INC.",-,AMZN,BB Ticker,US,30169.0,,-,10690438.0,0.0062
2024-12-31,rest,Balanced Growth,LISTED EQUITY,1,MACQUARIE GROUP LTD.,-,MQG,BB Ticker,AU,45598.0,,-,10106730.0,0.0058
2024-12-31,rest,Balanced Growth,LISTED EQUITY,1,ANZ GROUP HOLDINGS LTD.,-,ANZ,BB Ticker,AU,303741.0,,-,8668768.0,0.005
2024-12-31,rest,Balanced Growth,LISTED EQUITY,1,WESTPAC BANKING CORP.,-,WBC,BB Ticker,AU,196756.0,,-,6359158.0,0.0037
2024-12-31,rest,Balanced Growth,LISTED EQUITY,1,"META PLATFORMS, INC.",-,META,BB Ticker,US,6363.0,,-,6018071.0,0.0034999999999999
2024-12-31,rest,Balanced Growth,LISTED EQUITY,1,"ALPHABET, INC.",-,GOOGL,BB Ticker,US,18925.0,,-,5786197.0,0.0033
2024-12-31,rest,Balanced Growth,LISTED EQUITY,1,QBE INSURANCE GROUP LTD.,-,QBE,BB Ticker,AU,287465.0,,-,5519309.0,0.0032
2024-12-31,rest,Balanced Growth,LISTED EQUITY,1,RIO TINTO LTD.,-,RIO,BB Ticker,AU,44464.0,,-,5222826.0,0.003
2024-12-31,rest,Balanced Growth,LISTED EQUITY,1,WESFARMERS LTD.,-,WES,BB Ticker,AU,68509.0,,-,4900418.0,0.0028
2024-12-31,rest,Balanced Growth,LISTED EQUITY,1,"TESLA, INC.",-,TSLA,BB Ticker,US,7423.0,,-,4841637.0,0.0028
2024-12-31,rest,Balanced Growth,LISTED EQUITY,1,TELSTRA GROUP LTD.,-,TLS,BB Ticker,AU,1160158.0,,-,4652234.0,0.0027
2024-12-31,rest,Balanced Growth,LISTED EQUITY,1,WISETECH GLOBAL LTD.,-,WTC,BB Ticker,AU,36304.0,,-,4394931.0,0.0025
2024-12-31,rest,Balanced Growth,LISTED EQUITY,1,"RESMED, INC.",-,RMD,BB Ticker,AU,117285.0,,-,4312531.0,0.0025
2024-12-31,rest,Balanced Growth,LISTED EQUITY,1,TAIWAN SEMICONDUCTOR MANUFACTURING CO. LTD.,-,2330,SEDOL,TT,76516.0,,-,4052299.0,0.0023
2024-12-31,rest,Balanced Growth,LISTED EQUITY,1,"BROADCOM, INC.",-,AVGO,BB Ticker,US,10558.0,,-,3953347.0,0.0023
2024-12-31,rest,Balanced Growth,LISTED EQUITY,1,ARISTOCRAT LEISURE LTD.,-,ALL,BB Ticker,AU,57094.0,,-,3902911.0,0.0023
2024-12-31,rest,Balanced Growth,LISTED EQUITY,1,XERO LTD.,-,XRO,BB Ticker,AU,21389.0,,-,3605460.0,0.0021
2024-12-31,rest,Balanced Growth,LISTED EQUITY,1,SANTOS LTD.,-,STO,BB Ticker,AU,536569.0,,-,3584271.0,0.0021
2024-12-31,rest,Balanced Growth,LISTED EQUITY,1,ELI LILLY & CO.,-,LLY,BB Ticker,US,2868.0,,-,3574457.0,0.0021
2024-12-31,rest,Balanced Growth,LISTED EQUITY,1,COLES GROUP LTD.,-,COL,BB Ticker,AU,180909.0,,-,3417358.0,0.002
2024-12-31,rest,Balanced Growth,LISTED EQUITY,1,"ALPHABET, INC.",-,GOOG,BB Ticker,US,11025.0,,-,3391269.0,0.002
2024-12-31,rest,Balanced Growth,LISTED EQUITY,1,"BLOCK, INC.",-,SQ2,BB Ticker,AU,23160.0,,-,3265106.0,0.0019
2024-12-31,rest,Balanced Growth,LISTED EQUITY,1,ALCOA CORP.,-,AAI,BB Ticker,AU,51472.0,,-,3053342.0,0.0018
2024-12-31,rest,Balanced Growth,LISTED EQUITY,1,NORTHERN STAR RESOURCES LTD.,-,NST,BB Ticker,AU,186953.0,,-,2886544.0,0.0017
2024-12-31,rest,Balanced Growth,LISTED EQUITY,1,ORICA LTD.,-,ORI,BB Ticker,AU,173326.0,,-,2873750.0,0.0017
2024-12-31,rest,Balanced Growth,LISTED EQUITY,1,INCITEC PIVOT LTD.,-,IPL,BB Ticker,AU,950218.0,,-,2784135.0,0.0016
2024-12-31,rest,Balanced Growth,LISTED EQUITY,1,WOOLWORTHS GROUP LTD.,-,WOW,BB Ticker,AU,87493.0,,-,2667684.0,0.0015
2024-12-31,rest,Balanced Growth,LISTED EQUITY,1,WOODSIDE ENERGY GROUP LTD.,-,WDS,BB Ticker,AU,107907.0,,-,2654514.0,0.0015
2024-12-31,rest,Balanced Growth,LISTED EQUITY,1,AMCOR PLC,-,AMC,BB Ticker,AU,175328.0,,-,2624660.0,0.0015
2024-12-31,rest,Balanced Growth,LISTED EQUITY,1,"VISA, INC.",-,V,BB Ticker,US,5134.0,,-,2620036.0,0.0015
2024-12-31,rest,Balanced Growth,LISTED EQUITY,1,JPMORGAN CHASE & CO.,-,JPM,BB Ticker,US,6495.0,,-,2514632.0,0.0015
2024-12-31,rest,Balanced Growth,LISTED EQUITY,1,TENCENT HOLDINGS LTD.,-,700,BB Ticker,HK,28160.0,,-,2441526.0,0.0014
2024-12-31,rest,Balanced Growth,LISTED EQUITY,1,ORIGIN ENERGY LTD.,-,ORG,BB Ticker,AU,214713.0,,-,2340365.0,0.0013
2024-12-31,rest,Balanced Growth,LISTED EQUITY,1,TRANSURBAN GROUP,-,TCL,BB Ticker,AU,174549.0,,-,2337222.0,0.0013
2024-12-31,rest,Balanced Growth,LISTED EQUITY,1,WORLEY LTD.,-,WOR,BB Ticker,AU,169452.0,,-,2321507.0,0.0013
2024-12-31,rest,Balanced Growth,LISTED EQUITY,1,BANK OF AMERICA CORP.,-,BAC,BB Ticker,US,32532.0,,-,2309244.0,0.0013
2024-12-31,rest,Balanced Growth,LISTED EQUITY,1,BRAMBLES LTD.,-,BXB,BB Ticker,AU,117606.0,,-,2262750.0,0.0013
2024-12-31,rest,Balanced Growth,LISTED EQUITY,1,INSURANCE AUSTRALIA GROUP LTD.,-,IAG,BB Ticker,AU,266265.0,,-,2252607.0,0.0013
2024-12-31,rest,Balanced Growth,LISTED EQUITY,1,PRO MEDICUS LTD.,-,PME,BB Ticker,AU,8972.0,,-,2244204.0,0.0013
2024-12-31,rest,Balanced Growth,LISTED EQUITY,1,NEWMONT CORP.,-,NEM,BB Ticker,AU,36030.0,,-,2145181.0,0.0012
2024-12-31,rest,Balanced Growth,LISTED EQUITY,1,PROCTER & GAMBLE CO.,-,PG,BB Ticker,US,7889.0,,-,2136270.0,0.0012
2024-12-31,rest,Balanced Growth,LISTED EQUITY,1,"NETFLIX, INC.",-,NFLX,BB Ticker,US,1471.0,,-,2117811.0,0.0012
2024-12-31,rest,Balanced Growth,LISTED EQUITY,1,SGH LTD.,-,SGH,BB Ticker,AU,44761.0,,-,2063938.0,0.0012
2024-12-31,rest,Balanced Growth,LISTED EQUITY,1,"LIGHT & WONDER, INC.",-,LNW,BB Ticker,AU,14873.0,,-,2039951.0,0.0012
2024-12-31,rest,Balanced Growth,LISTED EQUITY,1,DOWNER EDI LTD.,-,DOW,BB Ticker,AU,377341.0,,-,1981040.0,0.0011
2024-12-31,rest,Balanced Growth,LISTED EQUITY,1,LENDLEASE CORP. LTD.,-,LLC,BB Ticker,AU,313773.0,,-,1954802.0,0.0011
2024-12-31,rest,Balanced Growth,LISTED EQUITY,1,CLEANAWAY WASTE MANAGEMENT LTD.,-,CWY,BB Ticker,AU,728516.0,,-,1930569.0,0.0011
2024-12-31,rest,Balanced Growth,LISTED EQUITY,1,SIGMA HEALTHCARE LTD.,-,SIG,BB Ticker,AU,713834.0,,-,1870245.0,0.0011
2024-12-31,rest,Balanced Growth,LISTED EQUITY,1,COSTCO WHOLESALE CORP.,-,COST,BB Ticker,US,1254.0,,-,1856031.0,0.0011
2024-12-31,rest,Balanced Growth,LISTED EQUITY,1,SOUTH32 LTD.,-,S32,BB Ticker,AU,545043.0,,-,1853147.0,0.0011
2024-12-31,rest,Balanced Growth,LISTED EQUITY,1,STEADFAST GROUP LTD.,-,SDF,BB Ticker,AU,311754.0,,-,1808170.0,0.001
2024-12-31,rest,Balanced Growth,LISTED EQUITY,1,"MERCK & CO., INC.",-,MRK,BB Ticker,US,10891.0,,-,1749843.0,0.001
2024-12-31,rest,Balanced Growth,LISTED EQUITY,1,SEEK LTD.,-,SEK,BB Ticker,AU,77375.0,,-,1746346.0,0.001
2024-12-31,rest,Balanced Growth,LISTED EQUITY,1,JAMES HARDIE INDUSTRIES PLC,-,JHX,BB Ticker,AU,34716.0,,-,1738271.0,0.001
2024-12-31,rest,Balanced Growth,LISTED EQUITY,1,"SERVICENOW, INC.",-,NOW,BB Ticker,US,977.0,,-,1670766.0,0.001
2024-12-31,rest,Balanced Growth,LISTED EQUITY,1,"BERKSHIRE HATHAWAY, INC.",-,BRKB,BB Ticker,US,2271.0,,-,1662700.0,0.001
2024-12-31,rest,Balanced Growth,LISTED EQUITY,1,"MERCADOLIBRE, INC.",-,MELI,BB Ticker,US,600.0,,-,1648349.0,0.001
2024-12-31,rest,Balanced Growth,LISTED EQUITY,1,FORTESCUE METALS GROUP LTD.,-,FMG,BB Ticker,AU,89660.0,,-,1636288.0,0.0009
2024-12-31,rest,Balanced Growth,LISTED EQUITY,1,EXXON MOBIL CORP.,-,XOM,BB Ticker,US,9312.0,,-,1617875.0,0.0009
2024-12-31,rest,Balanced Growth,LISTED EQUITY,1,AIA GROUP LTD.,-,1299,BB Ticker,HK,136589.0,,-,1598901.0,0.0009
2024-12-31,rest,Balanced Growth,LISTED EQUITY,1,REA GROUP LTD.,-,REA,BB Ticker,AU,6826.0,,-,1592676.0,0.0009
2024-12-31,rest,Balanced Growth,LISTED EQUITY,1,"ABBVIE, INC.",-,ABBV,BB Ticker,US,5395.0,,-,1548419.0,0.0009
2024-12-31,rest,Balanced Growth,LISTED EQUITY,1,QANTAS AIRWAYS LTD.,-,QAN,BB Ticker,AU,172335.0,,-,1545840.0,0.0009
2024-12-31,rest,Balanced Growth,LISTED EQUITY,1,ACCENTURE PLC,-,ACN,BB Ticker,US,2677.0,,-,1521240.0,0.0009
2024-12-31,rest,Balanced Growth,LISTED EQUITY,1,TREASURY WINE ESTATES LTD.,-,TWE,BB Ticker,AU,133361.0,,-,1510976.0,0.0009
2024-12-31,rest,Balanced Growth,LISTED EQUITY,1,NOVARTIS AG,-,NOVN,BB Ticker,SW,9532.0,,-,1506782.0,0.0009
2024-12-31,rest,Balanced Growth,LISTED EQUITY,1,"HOME DEPOT, INC.",-,HD,BB Ticker,US,2383.0,,-,1497360.0,0.0009
2024-12-31,rest,Balanced Growth,LISTED EQUITY,1,ASML HOLDING NV,-,ASML,BB Ticker,,1290.0,,-,1464030.0,0.0008
2024-12-31,rest,Balanced Growth,LISTED EQUITY,1,"PFIZER, INC.",-,PFE,BB Ticker,US,33839.0,,-,1449970.0,0.0008
2024-12-31,rest,Balanced Growth,LISTED EQUITY,1,MORGAN STANLEY,-,MS,BB Ticker,US,7075.0,,-,1436595.0,0.0008
2024-12-31,rest,Balanced Growth,LISTED EQUITY,1,DEERE & CO.,-,DE,BB Ticker,US,2092.0,,-,1431942.0,0.0008
2024-12-31,rest,Balanced Growth,LISTED EQUITY,1,ANSELL LTD.,-,ANN,BB Ticker,AU,41596.0,,-,1406779.0,0.0008
2024-12-31,rest,Balanced Growth,LISTED EQUITY,1,"QUALCOMM, INC.",-,QCOM,BB Ticker,US,5655.0,,-,1403068.0,0.0008
2024-12-31,rest,Balanced Growth,LISTED EQUITY,1,IGO LTD.,-,IGO,BB Ticker,AU,291310.0,,-,1389552.0,0.0008
2024-12-31,rest,Balanced Growth,LISTED EQUITY,1,"MASTERCARD, INC.",-,MA,BB Ticker,US,1620.0,,-,1378114.0,0.0008
2024-12-31,rest,Balanced Growth,LISTED EQUITY,1,"WALMART, INC.",-,WMT,BB Ticker,US,9385.0,,-,1369500.0,0.0008
2024-12-31,rest,Balanced Growth,LISTED EQUITY,1,"UNITEDHEALTH GROUP, INC.",-,UNH,BB Ticker,US,1676.0,,-,1369136.0,0.0008
2024-12-31,rest,Balanced Growth,LISTED EQUITY,1,"ADOBE, INC.",-,ADBE,BB Ticker,US,1901.0,,-,1364896.0,0.0008
2024-12-31,rest,Balanced Growth,LISTED EQUITY,1,JOHNSON & JOHNSON,-,JNJ,BB Ticker,US,5797.0,,-,1354022.0,0.0008
2024-12-31,rest,Balanced Growth,LISTED EQUITY,1,CARSALES.COM LTD.,-,CAR,BB Ticker,AU,37153.0,,-,1338656.0,0.0008
2024-12-31,rest,Balanced Growth,LISTED EQUITY,1,ENGIE SA,-,ENGI,BB Ticker,FP,52213.0,,-,1336935.0,0.0008
2024-12-31,rest,Balanced Growth,LISTED EQUITY,1,CONOCOPHILLIPS,-,COP,BB Ticker,US,8281.0,,-,1326362.0,0.0008
2024-12-31,rest,Balanced Growth,LISTED EQUITY,1,INFRATIL LTD.,-,IFT,BB Ticker,AU,114068.0,,-,1319764.0,0.0008
2024-12-31,rest,Balanced Growth,LISTED EQUITY,1,UNILEVER PLC,-,ULVR,BB Ticker,LN,14279.0,,-,1313580.0,0.0008
2024-12-31,rest,Balanced Growth,LISTED EQUITY,1,RAMSAY HEALTH CARE LTD.,-,RHC,BB Ticker,AU,37075.0,,-,1280611.0,0.0007
2024-12-31,rest,Balanced Growth,LISTED EQUITY,1,CHEVRON CORP.,-,CVX,BB Ticker,US,5396.0,,-,1262291.0,0.0007
2024-12-31,rest,Balanced Growth,LISTED EQUITY,1,VIVA ENERGY GROUP LTD.,-,VEA,BB Ticker,AU,471984.0,,-,1241316.0,0.0007
2024-12-31,rest,Balanced Growth,LISTED EQUITY,1,RECRUIT HOLDINGS CO. LTD.,-,6098,BB Ticker,JP,10755.0,,-,1231996.0,0.0007
2024-12-31,rest,Balanced Growth,LISTED EQUITY,1,"SALESFORCE, INC.",-,CRM,BB Ticker,US,2277.0,,-,1229527.0,0.0007
2024-12-31,rest,Balanced Growth,LISTED EQUITY,1,"CITIGROUP, INC.",-,C,BB Ticker,US,10789.0,,-,1226520.0,0.0007
2024-12-31,rest,Balanced Growth,LISTED EQUITY,1,COLGATE-PALMOLIVE CO.,-,CL,BB Ticker,US,8308.0,,-,1219864.0,0.0007
2024-12-31,rest,Balanced Growth,LISTED EQUITY,1,"CME GROUP, INC.",-,CME,BB Ticker,US,3222.0,,-,1208427.0,0.0007
2024-12-31,rest,Balanced Growth,LISTED EQUITY,1,"BOOKING HOLDINGS, INC.",-,BKNG,BB Ticker,US,150.0,,-,1208275.0,0.0007
2024-12-31,rest,Balanced Growth,LISTED EQUITY,1,"UBER TECHNOLOGIES, INC.",-,UBER,BB Ticker,US,12372.0,,-,1205327.0,0.0007
2024-12-31,rest,Balanced Growth,LISTED EQUITY,1,BRISTOL-MYERS SQUIBB CO.,-,BMY,BB Ticker,US,13169.0,,-,1202911.0,0.0007
2024-12-31,rest,Balanced Growth,LISTED EQUITY,1,COCHLEAR LTD.,-,COH,BB Ticker,AU,4111.0,,-,1191709.0,0.0007
2024-12-31,rest,Balanced Growth,LISTED EQUITY,1,SAP SE,-,SAP,BB Ticker,GR,3006.0,,-,1188001.0,0.0007
2024-12-31,rest,Balanced Growth,LISTED EQUITY,1,ORORA LTD.,-,ORA,BB Ticker,AU,478164.0,,-,1176284.0,0.0007
2024-12-31,rest,Balanced Growth,LISTED EQUITY,1,TRANE TECHNOLOGIES PLC,-,TT,BB Ticker,US,1951.0,,-,1163625.0,0.0007
2024-12-31,rest,Balanced Growth,LISTED EQUITY,1,"AUTOMATIC DATA PROCESSING, INC.",-,ADP,BB Ticker,US,2450.0,,-,1158802.0,0.0007
2024-12-31,rest,Balanced Growth,LISTED EQUITY,1,TPG TELECOM LTD.,-,TPG,BB Ticker,AU,257860.0,,-,1157795.0,0.0007
2024-12-31,rest,Balanced Growth,LISTED EQUITY,1,ICICI BANK LTD.,-,ICICIBC,BB Ticker,IN,47623.0,,-,1151443.0,0.0007
2024-12-31,rest,Balanced Growth,LISTED EQUITY,1,AUB GROUP LTD.,-,AUB,BB Ticker,AU,36458.0,,-,1137480.0,0.0007
2024-12-31,rest,Balanced Growth,LISTED EQUITY,1,INTACT FINANCIAL CORP.,-,IFC,BB Ticker,CN,3865.0,,-,1136226.0,0.0007
2024-12-31,rest,Balanced Growth,LISTED EQUITY,1,FINECOBANK BANCA FINECO SPA,-,FBK,BB Ticker,IM,40017.0,,-,1123723.0,0.0006
2024-12-31,rest,Balanced Growth,LISTED EQUITY,1,AMPOL LTD.,-,ALD,BB Ticker,AU,39604.0,,-,1116438.0,0.0006
2024-12-31,rest,Balanced Growth,LISTED EQUITY,1,ADYEN NV,-,ADYEN,BB Ticker,,464.0,,-,1116105.0,0.0006
2024-12-31,rest,Balanced Growth,LISTED EQUITY,1,NOVO NORDISK AS,-,NOVOB,BB Ticker,DC,7926.0,,-,1109517.0,0.0006
2024-12-31,rest,Balanced Growth,LISTED EQUITY,1,LOTTERY CORP. LTD.,-,TLC,BB Ticker,AU,223923.0,,-,1106182.0,0.0006
2024-12-31,rest,Balanced Growth,LISTED EQUITY,1,"INTUITIVE SURGICAL, INC.",-,ISRG,BB Ticker,US,1310.0,,-,1104286.0,0.0006
2024-12-31,rest,Balanced Growth,LISTED EQUITY,1,DBS GROUP HOLDINGS LTD.,-,DBS,BB Ticker,SP,21135.0,,-,1094023.0,0.0006
2024-12-31,rest,Balanced Growth,LISTED EQUITY,1,ENDEAVOUR GROUP LTD.,-,EDV,BB Ticker,AU,258801.0,,-,1086958.0,0.0006
2024-12-31,rest,Balanced Growth,LISTED EQUITY,1,PILBARA MINERALS LTD.,-,PLS,BB Ticker,AU,496286.0,,-,1086867.0,0.0006
2024-12-31,rest,Balanced Growth,LISTED EQUITY,1,"MOTOROLA SOLUTIONS, INC.",-,MSI,BB Ticker,US,1454.0,,-,1085361.0,0.0006
2024-12-31,rest,Balanced Growth,LISTED EQUITY,1,"MITSUBISHI UFJ FINANCIAL GROUP, INC.",-,8306,BB Ticker,JP,57210.0,,-,1085352.0,0.0006
2024-12-31,rest,Balanced Growth,LISTED EQUITY,1,"VERIZON COMMUNICATIONS, INC.",-,VZ,BB Ticker,US,16737.0,,-,1080953.0,0.0006
2024-12-31,rest,Balanced Growth,LISTED EQUITY,1,ILUKA RESOURCES LTD.,-,ILU,BB Ticker,AU,211824.0,,-,1069710.0,0.0006
2024-12-31,rest,Balanced Growth,LISTED EQUITY,1,LYNAS RARE EARTHS LTD.,-,LYC,BB Ticker,AU,165694.0,,-,1065408.0,0.0006
2024-12-31,rest,Balanced Growth,LISTED EQUITY,1,GENERAL ELECTRIC CO.,-,GE,BB Ticker,US,3841.0,,-,1034573.0,0.0006
2024-12-31,rest,Balanced Growth,LISTED EQUITY,1,HUB24 LTD.,-,HUB,BB Ticker,AU,14838.0,,-,1032752.0,0.0006
2024-12-31,rest,Balanced Growth,LISTED EQUITY,1,AURIZON HOLDINGS LTD.,-,AZJ,BB Ticker,AU,316228.0,,-,1027740.0,0.0006
2024-12-31,rest,Balanced Growth,LISTED EQUITY,1,"CONSTELLATION SOFTWARE, INC.",-,CSU,BB Ticker,CN,203.0,,-,1011734.0,0.0006
2024-12-31,rest,Balanced Growth,LISTED EQUITY,1,SCHNEIDER ELECTRIC SE,-,SU,BB Ticker,FP,2488.0,,-,1002668.0,0.0006
2024-12-31,rest,Balanced Growth,LISTED EQUITY,1,"GOLDMAN SACHS GROUP, INC.",-,GS,BB Ticker,US,1079.0,,-,997410.0,0.0006
2024-12-31,rest,Balanced Growth,LISTED EQUITY,1,"S&P GLOBAL, INC.",-,SPGI,BB Ticker,US,1234.0,,-,992080.0,0.0006
2024-12-31,rest,Balanced Growth,LISTED EQUITY,1,HDFC BANK LTD.,-,HDFCB,BB Ticker,IN,29379.0,,-,982574.0,0.0006
2024-12-31,rest,Balanced Growth,LISTED EQUITY,1,EDWARDS LIFESCIENCES CORP.,-,EW,BB Ticker,US,8175.0,,-,977405.0,0.0006
2024-12-31,rest,Balanced Growth,LISTED EQUITY,1,WELLS FARGO & CO.,-,WFC,BB Ticker,US,8583.0,,-,973786.0,0.0006
2024-12-31,rest,Balanced Growth,LISTED EQUITY,1,MEDTRONIC PLC,-,MDT,BB Ticker,US,7417.0,,-,956819.0,0.0006
2024-12-31,rest,Balanced Growth,LISTED EQUITY,1,"KENVUE, INC.",-,KVUE,BB Ticker,US,27680.0,,-,954478.0,0.0006
2024-12-31,rest,Balanced Growth,LISTED EQUITY,1,"TJX COS., INC.",-,TJX,BB Ticker,US,4877.0,,-,951590.0,0.0005
2024-12-31,rest,Balanced Growth,LISTED EQUITY,1,METCASH LTD.,-,MTS,BB Ticker,AU,303303.0,,-,940238.0,0.0005
2024-12-31,rest,Balanced Growth,LISTED EQUITY,1,IBERDROLA SA,-,IBE,BB Ticker,SM,42210.0,,-,938917.0,0.0005
2024-12-31,rest,Balanced Growth,LISTED EQUITY,1,MEITUAN,-,3690,SEDOL,HK,29649.0,,-,935199.0,0.0005
2024-12-31,rest,Balanced Growth,LISTED EQUITY,1,"ADVANCED MICRO DEVICES, INC.",-,AMD,BB Ticker,US,4775.0,,-,931865.0,0.0005
2024-12-31,rest,Balanced Growth,LISTED EQUITY,1,AMERICAN EXPRESS CO.,-,AXP,BB Ticker,US,1932.0,,-,926764.0,0.0005
2024-12-31,rest,Balanced Growth,LISTED EQUITY,1,REECE LTD.,-,REH,BB Ticker,AU,41344.0,,-,925290.0,0.0005
2024-12-31,rest,Balanced Growth,LISTED EQUITY,1,"APPLIED MATERIALS, INC.",-,AMAT,BB Ticker,US,3513.0,,-,922499.0,0.0005
2024-12-31,rest,Balanced Growth,LISTED EQUITY,1,NORTHERN TRUST CORP.,-,NTRS,BB Ticker,US,5542.0,,-,917308.0,0.0005
2024-12-31,rest,Balanced Growth,LISTED EQUITY,1,INDUSTRIA DE DISENO TEXTIL SA,-,ITX,BB Ticker,SM,10840.0,,-,899899.0,0.0005
2024-12-31,rest,Balanced Growth,LISTED EQUITY,1,SONIC HEALTHCARE LTD.,-,SHL,BB Ticker,AU,33212.0,,-,897054.0,0.0005
2024-12-31,rest,Balanced Growth,LISTED EQUITY,1,RYMAN HEALTHCARE LTD.,-,RYM,BB Ticker,NZ,209418.0,,-,892525.0,0.0005
2024-12-31,rest,Balanced Growth,LISTED EQUITY,1,"GILEAD SCIENCES, INC.",-,GILD,BB Ticker,US,5952.0,,-,888155.0,0.0005
2024-12-31,rest,Balanced Growth,LISTED EQUITY,1,SANDFIRE RESOURCES LTD.,-,SFR,BB Ticker,AU,93353.0,,-,866310.0,0.0005
2024-12-31,rest,Balanced Growth,LISTED EQUITY,1,ORACLE CORP.,-,ORCL,BB Ticker,US,3207.0,,-,863308.0,0.0005
2024-12-31,rest,Balanced Growth,LISTED EQUITY,1,CHARLES SCHWAB CORP.,-,SCHW,BB Ticker,US,7067.0,,-,844658.0,0.0005
2024-12-31,rest,Balanced Growth,LISTED EQUITY,1,PROGRESSIVE CORP.,-,PGR,BB Ticker,US,2178.0,,-,842920.0,0.0005
2024-12-31,rest,Balanced Growth,LISTED EQUITY,1,"TEXAS INSTRUMENTS, INC.",-,TXN,BB Ticker,US,2778.0,,-,841284.0,0.0005
2024-12-31,rest,Balanced Growth,LISTED EQUITY,1,"HCA HEALTHCARE, INC.",-,HCA,BB Ticker,US,1681.0,,-,814905.0,0.0005
2024-12-31,rest,Balanced Growth,LISTED EQUITY,1,ING GROEP NV,-,INGA,BB Ticker,,32174.0,,-,814141.0,0.0005
2024-12-31,rest,Balanced Growth,LISTED EQUITY,1,ABB LTD.,-,ABBN,BB Ticker,SW,9273.0,,-,811010.0,0.0005
2024-12-31,rest,Balanced Growth,LISTED EQUITY,1,A2 MILK CO. LTD.,-,A2M,BB Ticker,AU,138965.0,,-,803217.0,0.0005
2024-12-31,rest,Balanced Growth,LISTED EQUITY,1,RTX CORP.,-,RTX,BB Ticker,US,4296.0,,-,802970.0,0.0005
2024-12-31,rest,Balanced Growth,LISTED EQUITY,1,"LIFE360, INC.",-,360,BB Ticker,AU,35536.0,,-,800965.0,0.0005
2024-12-31,rest,Balanced Growth,LISTED EQUITY,1,ASTRAZENECA PLC,-,AZN,BB Ticker,LN,3731.0,,-,789749.0,0.0005
2024-12-31,rest,Balanced Growth,LISTED EQUITY,1,"SHOPIFY, INC.",-,SHOP,BB Ticker,US,4572.0,,-,785263.0,0.0005
2024-12-31,rest,Balanced Growth,LISTED EQUITY,1,VAULT MINERALS LTD.,-,VAU,BB Ticker,AU,2367511.0,,-,781279.0,0.0005
2024-12-31,rest,Balanced Growth,LISTED EQUITY,1,SPOTIFY TECHNOLOGY SA,-,SPOT,BB Ticker,US,1072.0,,-,775604.0,0.0004
2024-12-31,rest,Balanced Growth,LISTED EQUITY,1,"TYSON FOODS, INC.",-,TSN,BB Ticker,US,8337.0,,-,773503.0,0.0004
2024-12-31,rest,Balanced Growth,LISTED EQUITY,1,DSM-FIRMENICH AG,-,DSFIR,BB Ticker,,4726.0,,-,772230.0,0.0004
2024-12-31,rest,Balanced Growth,LISTED EQUITY,1,MONADELPHOUS GROUP LTD.,-,MND,BB Ticker,AU,54900.0,,-,768594.0,0.0004
2024-12-31,rest,Balanced Growth,LISTED EQUITY,1,GENESIS MINERALS LTD.,-,GMD,BB Ticker,AU,308346.0,,-,761615.0,0.0004
2024-12-31,rest,Balanced Growth,LISTED EQUITY,1,"FREEPORT-MCMORAN, INC.",-,FCX,BB Ticker,US,12379.0,,-,761376.0,0.0004
2024-12-31,rest,Balanced Growth,LISTED EQUITY,1,PERFORMANCE FOOD GROUP CO.,-,PFGC,BB Ticker,US,5552.0,,-,758119.0,0.0004
2024-12-31,rest,Balanced Growth,LISTED EQUITY,1,WEBJET LTD.,-,WEB,BB Ticker,AU,163830.0,,-,751978.0,0.0004
2024-12-31,rest,Balanced Growth,LISTED EQUITY,1,LONDON STOCK EXCHANGE GROUP PLC,-,LSEG,BB Ticker,LN,3290.0,,-,750865.0,0.0004
2024-12-31,rest,Balanced Growth,LISTED EQUITY,1,ROCHE HOLDING AG,-,ROG,BB Ticker,SW,1596.0,,-,726878.0,0.0004
2024-12-31,rest,Balanced Growth,LISTED EQUITY,1,EATON CORP. PLC,-,ETN,BB Ticker,US,1350.0,,-,723541.0,0.0004
2024-12-31,rest,Balanced Growth,LISTED EQUITY,1,CONTEMPORARY AMPEREX TECHNOLOGY CO. LTD.,-,300750,BB Ticker,C2,12109.0,,-,712739.0,0.0004
2024-12-31,rest,Balanced Growth,LISTED EQUITY,1,CAPRICORN METALS LTD.,-,CMM,BB Ticker,AU,112544.0,,-,706778.0,0.0004
2024-12-31,rest,Balanced Growth,LISTED EQUITY,1,MEDIBANK PVT LTD.,-,MPL,BB Ticker,AU,186443.0,,-,706619.0,0.0004
2024-12-31,rest,Balanced Growth,LISTED EQUITY,1,LAM RESEARCH CORP.,-,LRCX,BB Ticker,US,6028.0,,-,703164.0,0.0004
2024-12-31,rest,Balanced Growth,LISTED EQUITY,1,DIAGEO PLC,-,DGE,BB Ticker,LN,13548.0,,-,695386.0,0.0004
2024-12-31,rest,Balanced Growth,LISTED EQUITY,1,"AT&T, INC.",-,T,BB Ticker,US,18780.0,,-,690674.0,0.0004
2024-12-31,rest,Balanced Growth,LISTED EQUITY,1,ANTA SPORTS PRODUCTS LTD.,-,2020,BB Ticker,HK,42610.0,,-,689711.0,0.0004
2024-12-31,rest,Balanced Growth,LISTED EQUITY,1,"CATERPILLAR, INC.",-,CAT,BB Ticker,US,1156.0,,-,677245.0,0.0004
2024-12-31,rest,Balanced Growth,LISTED EQUITY,1,QUBE HOLDINGS LTD.,-,QUB,BB Ticker,AU,170381.0,,-,676416.0,0.0004
2024-12-31,rest,Balanced Growth,LISTED EQUITY,1,"GLOBE LIFE, INC.",-,GL,BB Ticker,US,3722.0,,-,670443.0,0.0004
2024-12-31,rest,Balanced Growth,LISTED EQUITY,1,PROSUS NV,-,PRX,BB Ticker,SJ,10374.0,,-,665135.0,0.0004
2024-12-31,rest,Balanced Growth,LISTED EQUITY,1,BOSTON SCIENTIFIC CORP.,-,BSX,BB Ticker,US,4598.0,,-,663231.0,0.0004
2024-12-31,rest,Balanced Growth,LISTED EQUITY,1,PEET LTD.,-,PPC,BB Ticker,AU,453097.0,,-,659257.0,0.0004
2024-12-31,rest,Balanced Growth,LISTED EQUITY,1,"CISCO SYSTEMS, INC.",-,CSCO,BB Ticker,US,6893.0,,-,659050.0,0.0004
2024-12-31,rest,Balanced Growth,LISTED EQUITY,1,SUNCORP GROUP LTD.,-,SUN,BB Ticker,AU,34615.0,,-,658037.0,0.0004
2024-12-31,rest,Balanced Growth,LISTED EQUITY,1,SEA LTD.,-,SE,BB Ticker,US,3828.0,,-,655931.0,0.0004
2024-12-31,rest,Balanced Growth,LISTED EQUITY,1,APPLOVIN CORP.,-,APP,BB Ticker,US,1252.0,,-,655029.0,0.0004
2024-12-31,rest,Balanced Growth,LISTED EQUITY,1,BANK CENTRAL ASIA TBK PT,-,BBCA,BB Ticker,IJ,674585.0,,-,654940.0,0.0004
2024-12-31,rest,Balanced Growth,LISTED EQUITY,1,INTERMEDIATE CAPITAL GROUP PLC,-,ICG,BB Ticker,LN,15664.0,,-,654619.0,0.0004
2024-12-31,rest,Balanced Growth,LISTED EQUITY,1,"MOLINA HEALTHCARE, INC.",-,MOH,BB Ticker,US,1379.0,,-,648373.0,0.0004
2024-12-31,rest,Balanced Growth,LISTED EQUITY,1,HDFC BANK LTD.,-,HDB,BB Ticker,US,6211.0,,-,640617.0,0.0004
2024-12-31,rest,Balanced Growth,LISTED EQUITY,1,CIE GENERALE DES ETABLISSEMENTS MICHELIN SCA,-,ML,BB Ticker,FP,12036.0,,-,640092.0,0.0004
2024-12-31,rest,Balanced Growth,LISTED EQUITY,1,ALSEA SAB DE CV,-,ALSEA,BB Ticker,MM,188150.0,,-,635601.0,0.0004
2024-12-31,rest,Balanced Growth,LISTED EQUITY,1,SHELL PLC,-,SHEL,BB Ticker,LN,12588.0,,-,630477.0,0.0004
2024-12-31,rest,Balanced Growth,LISTED EQUITY,1,CAPITEC BANK HOLDINGS LTD.,-,CPI,BB Ticker,SJ,2348.0,,-,630008.0,0.0004
2024-12-31,rest,Balanced Growth,LISTED EQUITY,1,"PAYPAL HOLDINGS, INC.",-,PYPL,BB Ticker,US,4567.0,,-,629515.0,0.0004
2024-12-31,rest,Balanced Growth,LISTED EQUITY,1,ARTHUR J GALLAGHER & CO.,-,AJG,BB Ticker,US,1373.0,,-,629405.0,0.0004
2024-12-31,rest,Balanced Growth,LISTED EQUITY,1,"MICRON TECHNOLOGY, INC.",-,MU,BB Ticker,US,4550.0,,-,618584.0,0.0004
2024-12-31,rest,Balanced Growth,LISTED EQUITY,1,MOODY'S CORP.,-,MCO,BB Ticker,US,810.0,,-,618490.0,0.0004
2024-12-31,rest,Balanced Growth,LISTED EQUITY,1,"INTUIT, INC.",-,INTU,BB Ticker,US,607.0,,-,616133.0,0.0004
2024-12-31,rest,Balanced Growth,LISTED EQUITY,1,"SK HYNIX, INC.",-,000660,BB Ticker,KS,3229.0,,-,616070.0,0.0004
2024-12-31,rest,Balanced Growth,LISTED EQUITY,1,WOLTERS KLUWER NV,-,WKL,BB Ticker,,2288.0,,-,613996.0,0.0004
2024-12-31,rest,Balanced Growth,LISTED EQUITY,1,"COPART, INC.",-,CPRT,BB Ticker,US,6612.0,,-,612806.0,0.0004
2024-12-31,rest,Balanced Growth,LISTED EQUITY,1,COMCAST CORP.,-,CMCSA,BB Ticker,US,10070.0,,-,610374.0,0.0004
2024-12-31,rest,Balanced Growth,LISTED EQUITY,1,"RELIANCE, INC.",-,RS,BB Ticker,US,1404.0,,-,610201.0,0.0004
2024-12-31,rest,Balanced Growth,LISTED EQUITY,1,VALERO ENERGY CORP.,-,VLO,BB Ticker,US,3075.0,,-,608952.0,0.0004
2024-12-31,rest,Balanced Growth,LISTED EQUITY,1,"TRADE DESK, INC.",-,TTD,BB Ticker,US,3200.0,,-,607331.0,0.0004
2024-12-31,rest,Balanced Growth,LISTED EQUITY,1,SONY GROUP CORP.,-,6758,BB Ticker,JP,17480.0,,-,605200.0,0.0003
2024-12-31,rest,Balanced Growth,LISTED EQUITY,1,"OLD DOMINION FREIGHT LINE, INC.",-,ODFL,BB Ticker,US,2085.0,,-,594112.0,0.0003
2024-12-31,rest,Balanced Growth,LISTED EQUITY,1,SIMS LTD.,-,SGM,BB Ticker,AU,49993.0,,-,593913.0,0.0003
2024-12-31,rest,Balanced Growth,LISTED EQUITY,1,TOKYO ELECTRON LTD.,-,8035,BB Ticker,JP,2378.0,,-,591041.0,0.0003
2024-12-31,rest,Balanced Growth,LISTED EQUITY,1,CHUGAI PHARMACEUTICAL CO. LTD.,-,4519,BB Ticker,JP,8168.0,,-,587510.0,0.0003
2024-12-31,rest,Balanced Growth,LISTED EQUITY,1,NINTENDO CO. LTD.,-,7974,BB Ticker,JP,6159.0,,-,586324.0,0.0003
2024-12-31,rest,Balanced Growth,LISTED EQUITY,1,FLETCHER BUILDING LTD.,-,FBU,BB Ticker,AU,229755.0,,-,585874.0,0.0003
2024-12-31,rest,Balanced Growth,LISTED EQUITY,1,"MEDIATEK, INC.",-,2454,BB Ticker,TT,8403.0,,-,585744.0,0.0003
2024-12-31,rest,Balanced Growth,LISTED EQUITY,1,WALT DISNEY CO.,-,DIS,BB Ticker,US,3253.0,,-,585051.0,0.0003
2024-12-31,rest,Balanced Growth,LISTED EQUITY,1,SHELL PLC,-,SHELL,BB Ticker,,11530.0,,-,580721.0,0.0003
2024-12-31,rest,Balanced Growth,LISTED EQUITY,1,"ARISTA NETWORKS, INC.",-,ANET,BB Ticker,US,3238.0,,-,578079.0,0.0003
2024-12-31,rest,Balanced Growth,LISTED EQUITY,1,COCA-COLA CO.,-,KO,BB Ticker,US,5746.0,,-,577770.0,0.0003
2024-12-31,rest,Balanced Growth,LISTED EQUITY,1,CIE FINANCIERE RICHEMONT SA,-,CFR,BB Ticker,SW,2341.0,,-,575341.0,0.0003
2024-12-31,rest,Balanced Growth,LISTED EQUITY,1,TSINGTAO BREWERY CO. LTD.,-,168,BB Ticker,HK,48656.0,,-,574625.0,0.0003
2024-12-31,rest,Balanced Growth,LISTED EQUITY,1,"PALANTIR TECHNOLOGIES, INC.",-,PLTR,BB Ticker,US,4694.0,,-,573398.0,0.0003
2024-12-31,rest,Balanced Growth,LISTED EQUITY,1,SANOFI,-,SAN,BB Ticker,FP,3609.0,,-,565729.0,0.0003
2024-12-31,rest,Balanced Growth,LISTED EQUITY,1,GSK PLC,-,GSK,BB Ticker,LN,20738.0,,-,564807.0,0.0003
2024-12-31,rest,Balanced Growth,LISTED EQUITY,1,OMNI BRIDGEWAY LTD.,-,OBL,BB Ticker,AU,388951.0,,-,563979.0,0.0003
2024-12-31,rest,Balanced Growth,LISTED EQUITY,1,L'OREAL SA,-,OR,BB Ticker,FP,985.0,,-,563267.0,0.0003
2024-12-31,rest,Balanced Growth,LISTED EQUITY,1,DANAHER CORP.,-,DHR,BB Ticker,US,1519.0,,-,563110.0,0.0003
2024-12-31,rest,Balanced Growth,LISTED EQUITY,1,CREDICORP LTD.,-,BAP,BB Ticker,US,1892.0,,-,560219.0,0.0003
2024-12-31,rest,Balanced Growth,LISTED EQUITY,1,"EOG RESOURCES, INC.",-,EOG,BB Ticker,US,2827.0,,-,559604.0,0.0003
2024-12-31,rest,Balanced Growth,LISTED EQUITY,1,TAIWAN SEMICONDUCTOR MANUFACTURING CO. LTD.,-,TSM,BB Ticker,US,1751.0,,-,558625.0,0.0003
2024-12-31,rest,Balanced Growth,LISTED EQUITY,1,INTESA SANPAOLO SPA,-,ISP,BB Ticker,IM,86048.0,,-,555926.0,0.0003
2024-12-31,rest,Balanced Growth,LISTED EQUITY,1,INTERNATIONAL BUSINESS MACHINES CORP.,-,IBM,BB Ticker,US,1563.0,,-,554689.0,0.0003
2024-12-31,rest,Balanced Growth,LISTED EQUITY,1,ABBOTT LABORATORIES,-,ABT,BB Ticker,US,3036.0,,-,554680.0,0.0003
2024-12-31,rest,Balanced Growth,LISTED EQUITY,1,"CLOUDFLARE, INC.",-,NET,BB Ticker,US,3171.0,,-,551489.0,0.0003
2024-12-31,rest,Balanced Growth,LISTED EQUITY,1,KLA CORP.,-,KLAC,BB Ticker,US,541.0,,-,551385.0,0.0003
2024-12-31,rest,Balanced Growth,LISTED EQUITY,1,"THERMO FISHER SCIENTIFIC, INC.",-,TMO,BB Ticker,US,655.0,,-,550650.0,0.0003
2024-12-31,rest,Balanced Growth,LISTED EQUITY,1,"KEURIG DR PEPPER, INC.",-,KDP,BB Ticker,US,10432.0,,-,541221.0,0.0003
2024-12-31,rest,Balanced Growth,LISTED EQUITY,1,NEXGEN ENERGY LTD.,-,NXG,BB Ticker,AU,49988.0,,-,540374.0,0.0003
2024-12-31,rest,Balanced Growth,LISTED EQUITY,1,DESPEGAR.COM CORP.,-,DESP,BB Ticker,US,17266.0,,-,536825.0,0.0003
2024-12-31,rest,Balanced Growth,LISTED EQUITY,1,"ECOLAB, INC.",-,ECL,BB Ticker,US,1413.0,,-,534581.0,0.0003
2024-12-31,rest,Balanced Growth,LISTED EQUITY,1,ATLASSIAN CORP.,-,TEAM,BB Ticker,US,1359.0,,-,533919.0,0.0003
2024-12-31,rest,Balanced Growth,LISTED EQUITY,1,NRW HOLDINGS LTD.,-,NWH,BB Ticker,AU,137631.0,,-,528502.0,0.0003
2024-12-31,rest,Balanced Growth,LISTED EQUITY,1,"MARRIOTT INTERNATIONAL, INC.",-,MAR,BB Ticker,US,1172.0,,-,528135.0,0.0003
2024-12-31,rest,Balanced Growth,LISTED EQUITY,1,"WORKDAY, INC.",-,WDAY,BB Ticker,US,1266.0,,-,527553.0,0.0003
2024-12-31,rest,Balanced Growth,LISTED EQUITY,1,3M CO.,-,MMM,BB Ticker,US,2505.0,,-,522253.0,0.0003
2024-12-31,rest,Balanced Growth,LISTED EQUITY,1,AIRBUS SE,-,AIR,BB Ticker,FP,2010.0,,-,520467.0,0.0003
2024-12-31,rest,Balanced Growth,LISTED EQUITY,1,DEUTSCHE TELEKOM AG,-,DTE,BB Ticker,GR,10767.0,,-,520226.0,0.0003
2024-12-31,rest,Balanced Growth,LISTED EQUITY,1,ASICS CORP.,-,7936,BB Ticker,JP,16133.0,,-,515599.0,0.0003
2024-12-31,rest,Balanced Growth,LISTED EQUITY,1,"PTC, INC.",-,PTC,BB Ticker,US,1712.0,,-,508214.0,0.0003
2024-12-31,rest,Balanced Growth,LISTED EQUITY,1,COMPASS GROUP PLC,-,CPG,BB Ticker,LN,9428.0,,-,507681.0,0.0003
2024-12-31,rest,Balanced Growth,LISTED EQUITY,1,"HUBSPOT, INC.",-,HUBS,BB Ticker,US,451.0,,-,507355.0,0.0003
2024-12-31,rest,Balanced Growth,LISTED EQUITY,1,"TRAVELERS COS., INC.",-,TRV,BB Ticker,US,1302.0,,-,506578.0,0.0003
2024-12-31,rest,Balanced Growth,LISTED EQUITY,1,"CLEAN HARBORS, INC.",-,CLH,BB Ticker,US,1358.0,,-,504617.0,0.0003
2024-12-31,rest,Balanced Growth,LISTED EQUITY,1,"FORTINET, INC.",-,FTNT,BB Ticker,US,3285.0,,-,501188.0,0.0003
2024-12-31,rest,Balanced Growth,LISTED EQUITY,1,ICON PLC,-,ICLR,BB Ticker,US,1480.0,,-,501164.0,0.0003
2024-12-31,rest,Balanced Growth,LISTED EQUITY,1,"NETAPP, INC.",-,NTAP,BB Ticker,US,2669.0,,-,500500.0,0.0003
2024-12-31,rest,Balanced Growth,LISTED EQUITY,1,EVERSOURCE ENERGY,-,ES,BB Ticker,US,5355.0,,-,496771.0,0.0003
2024-12-31,rest,Balanced Growth,LISTED EQUITY,1,HITACHI LTD.,-,6501,BB Ticker,JP,12173.0,,-,492521.0,0.0003
2024-12-31,rest,Balanced Growth,LISTED EQUITY,1,TE CONNECTIVITY PLC,-,TEL,BB Ticker,US,2128.0,,-,491448.0,0.0003
2024-12-31,rest,Balanced Growth,LISTED EQUITY,1,SCHLUMBERGER NV,-,SLB,BB Ticker,US,7879.0,,-,487930.0,0.0003
2024-12-31,rest,Balanced Growth,LISTED EQUITY,1,ATMOS ENERGY CORP.,-,ATO,BB Ticker,US,2164.0,,-,486875.0,0.0003
2024-12-31,rest,Balanced Growth,LISTED EQUITY,1,COMPUTERSHARE LTD.,-,CPU,BB Ticker,AU,14290.0,,-,485137.0,0.0003
2024-12-31,rest,Balanced Growth,LISTED EQUITY,1,RS GROUP PLC,-,RS1,BB Ticker,LN,34904.0,,-,481154.0,0.0003
2024-12-31,rest,Balanced Growth,LISTED EQUITY,1,BEACH ENERGY LTD.,-,BPT,BB Ticker,AU,344613.0,,-,480737.0,0.0003
2024-12-31,rest,Balanced Growth,LISTED EQUITY,1,NEWS CORP.,-,NWSLV,BB Ticker,AU,11996.0,,-,479844.0,0.0003
2024-12-31,rest,Balanced Growth,LISTED EQUITY,1,BNP PARIBAS SA,-,BNP,BB Ticker,FP,4807.0,,-,476127.0,0.0003
2024-12-31,rest,Balanced Growth,LISTED EQUITY,1,"RAYMOND JAMES FINANCIAL, INC.",-,RJF,BB Ticker,US,1897.0,,-,475668.0,0.0003
2024-12-31,rest,Balanced Growth,LISTED EQUITY,1,INFINEON TECHNOLOGIES AG,-,IFX,BB Ticker,GR,9050.0,,-,475265.0,0.0003
2024-12-31,rest,Balanced Growth,LISTED EQUITY,1,"AMGEN, INC.",-,AMGN,BB Ticker,US,1122.0,,-,472467.0,0.0003
2024-12-31,rest,Balanced Growth,LISTED EQUITY,1,"LOWE'S COS., INC.",-,LOW,BB Ticker,US,1184.0,,-,471842.0,0.0003
2024-12-31,rest,Balanced Growth,LISTED EQUITY,1,"AIRBNB, INC.",-,ABNB,BB Ticker,US,2212.0,,-,469546.0,0.0003
2024-12-31,rest,Balanced Growth,LISTED EQUITY,1,ITOCHU CORP.,-,8001,BB Ticker,JP,5785.0,,-,465623.0,0.0003
2024-12-31,rest,Balanced Growth,LISTED EQUITY,1,"VERTEX PHARMACEUTICALS, INC.",-,VRTX,BB Ticker,US,714.0,,-,465035.0,0.0003
2024-12-31,rest,Balanced Growth,LISTED EQUITY,1,"WASTE CONNECTIONS, INC.",-,WCN,BB Ticker,US,1671.0,,-,462969.0,0.0003
2024-12-31,rest,Balanced Growth,LISTED EQUITY,1,BANCO BILBAO VIZCAYA ARGENTARIA SA,-,BBVA,BB Ticker,SM,29142.0,,-,460670.0,0.0003
2024-12-31,rest,Balanced Growth,LISTED EQUITY,1,"HARTFORD FINANCIAL SERVICES GROUP, INC.",-,HIG,BB Ticker,US,2606.0,,-,460513.0,0.0003
2024-12-31,rest,Balanced Growth,LISTED EQUITY,1,RECKITT BENCKISER GROUP PLC,-,RKT,BB Ticker,LN,4709.0,,-,460408.0,0.0003
2024-12-31,rest,Balanced Growth,LISTED EQUITY,1,"ELECTRONIC ARTS, INC.",-,EA,BB Ticker,US,1944.0,,-,459108.0,0.0003
2024-12-31,rest,Balanced Growth,LISTED EQUITY,1,DANONE SA,-,BN,BB Ticker,FP,4213.0,,-,458906.0,0.0003
2024-12-31,rest,Balanced Growth,LISTED EQUITY,1,KROGER CO.,-,KR,BB Ticker,US,4634.0,,-,457661.0,0.0003
2024-12-31,rest,Balanced Growth,LISTED EQUITY,1,TELEFONAKTIEBOLAGET LM ERICSSON,-,ERICB,BB Ticker,SS,34680.0,,-,455628.0,0.0003
2024-12-31,rest,Balanced Growth,LISTED EQUITY,1,PARKER-HANNIFIN CORP.,-,PH,BB Ticker,US,442.0,,-,454259.0,0.0003
2024-12-31,rest,Balanced Growth,LISTED EQUITY,1,STARBUCKS CORP.,-,SBUX,BB Ticker,US,3078.0,,-,453616.0,0.0003
2024-12-31,rest,Balanced Growth,LISTED EQUITY,1,"NASDAQ, INC.",-,NDAQ,BB Ticker,US,3619.0,,-,451841.0,0.0003
2024-12-31,rest,Balanced Growth,LISTED EQUITY,1,WESTINGHOUSE AIR BRAKE TECHNOLOGIES CORP.,-,WAB,BB Ticker,US,1468.0,,-,449357.0,0.0003
2024-12-31,rest,Balanced Growth,LISTED EQUITY,1,ALS LTD.,-,ALQ,BB Ticker,AU,29721.0,,-,448205.0,0.0003
2024-12-31,rest,Balanced Growth,LISTED EQUITY,1,"AGILENT TECHNOLOGIES, INC.",-,A,BB Ticker,US,2056.0,,-,446116.0,0.0003
2024-12-31,rest,Balanced Growth,LISTED EQUITY,1,PING AN INSURANCE GROUP CO. OF CHINA LTD.,-,2318,SEDOL,HK,46514.0,,-,445361.0,0.0003
2024-12-31,rest,Balanced Growth,LISTED EQUITY,1,"FISERV, INC.",-,FI,BB Ticker,US,1341.0,,-,444780.0,0.0003
2024-12-31,rest,Balanced Growth,LISTED EQUITY,1,METALS ACQUISITION LTD.,-,MAC,BB Ticker,AU,25838.0,,-,444676.0,0.0003
2024-12-31,rest,Balanced Growth,LISTED EQUITY,1,NATIONAL GRID PLC,-,NG,BB Ticker,LN,23088.0,,-,443658.0,0.0003
2024-12-31,rest,Balanced Growth,LISTED EQUITY,1,"SYNOPSYS, INC.",-,SNPS,BB Ticker,US,559.0,,-,438547.0,0.0003
2024-12-31,rest,Balanced Growth,LISTED EQUITY,1,TOTALENERGIES SE,-,TTE,BB Ticker,FP,4907.0,,-,437925.0,0.0003
2024-12-31,rest,Balanced Growth,LISTED EQUITY,1,CONSTELLATION ENERGY CORP.,-,CEG,BB Ticker,US,1211.0,,-,437649.0,0.0003
2024-12-31,rest,Balanced Growth,LISTED EQUITY,1,"PNC FINANCIAL SERVICES GROUP, INC.",-,PNC,BB Ticker,US,1403.0,,-,436976.0,0.0003
2024-12-31,rest,Balanced Growth,LISTED EQUITY,1,ADIDAS AG,-,ADS,BB Ticker,GR,1099.0,,-,435512.0,0.0003
2024-12-31,rest,Balanced Growth,LISTED EQUITY,1,EXELON CORP.,-,EXC,BB Ticker,US,7124.0,,-,433100.0,0.0002
2024-12-31,rest,Balanced Growth,LISTED EQUITY,1,NXP SEMICONDUCTORS NV,-,NXPI,BB Ticker,US,1289.0,,-,432831.0,0.0002
2024-12-31,rest,Balanced Growth,LISTED EQUITY,1,CENTENE CORP.,-,CNC,BB Ticker,US,4415.0,,-,431939.0,0.0002
2024-12-31,rest,Balanced Growth,LISTED EQUITY,1,UNICREDIT SPA,-,UCG,BB Ticker,IM,6644.0,,-,428116.0,0.0002
2024-12-31,rest,Balanced Growth,LISTED EQUITY,1,GUZMAN Y GOMEZ LTD.,-,GYG,BB Ticker,AU,10481.0,,-,425222.0,0.0002
2024-12-31,rest,Balanced Growth,LISTED EQUITY,1,"MARSH & MCLENNAN COS., INC.",-,MMC,BB Ticker,US,1236.0,,-,424045.0,0.0002
2024-12-31,rest,Balanced Growth,LISTED EQUITY,1,SICHUAN SWELLFUN CO. LTD.,-,600779,BB Ticker,C1,35737.0,,-,423211.0,0.0002
2024-12-31,rest,Balanced Growth,LISTED EQUITY,1,ORA BANDA MINING LTD.,-,OBM,BB Ticker,AU,650987.0,,-,423142.0,0.0002
2024-12-31,rest,Balanced Growth,LISTED EQUITY,1,"AUTODESK, INC.",-,ADSK,BB Ticker,US,884.0,,-,421767.0,0.0002
2024-12-31,rest,Balanced Growth,LISTED EQUITY,1,IDP EDUCATION LTD.,-,IEL,BB Ticker,AU,32998.0,,-,416771.0,0.0002
2024-12-31,rest,Balanced Growth,LISTED EQUITY,1,SARTORIUS AG,-,SRT3,BB Ticker,GR,1156.0,,-,416024.0,0.0002
2024-12-31,rest,Balanced Growth,LISTED EQUITY,1,AERCAP HOLDINGS NV,-,AER,BB Ticker,US,2691.0,,-,415893.0,0.0002
2024-12-31,rest,Balanced Growth,LISTED EQUITY,1,TECHNOLOGY ONE LTD.,-,TNE,BB Ticker,AU,13138.0,,-,411348.0,0.0002
2024-12-31,rest,Balanced Growth,LISTED EQUITY,1,ICICI LOMBARD GENERAL INSURANCE CO. LTD.,-,ICICIGI,BB Ticker,IN,12153.0,,-,409860.0,0.0002
2024-12-31,rest,Balanced Growth,LISTED EQUITY,1,GENERAL MOTORS CO.,-,GM,BB Ticker,US,4735.0,,-,407406.0,0.0002
2024-12-31,rest,Balanced Growth,LISTED EQUITY,1,"NEXTERA ENERGY, INC.",-,NEE,BB Ticker,US,3509.0,,-,406223.0,0.0002
2024-12-31,rest,Balanced Growth,LISTED EQUITY,1,BRENNTAG SE,-,BNR,BB Ticker,GR,4193.0,,-,405895.0,0.0002
2024-12-31,rest,Balanced Growth,LISTED EQUITY,1,KIMBERLY-CLARK CORP.,-,KMB,BB Ticker,US,1910.0,,-,404347.0,0.0002
2024-12-31,rest,Balanced Growth,LISTED EQUITY,1,SONOVA HOLDING AG,-,SOON,BB Ticker,SW,765.0,,-,403949.0,0.0002
2024-12-31,rest,Balanced Growth,LISTED EQUITY,1,AMPLITUDE ENERGY LTD.,-,AEL,BB Ticker,AU,1967462.0,,-,403330.0,0.0002
2024-12-31,rest,Balanced Growth,LISTED EQUITY,1,EDISON INTERNATIONAL,-,EIX,BB Ticker,US,3117.0,,-,401866.0,0.0002
2024-12-31,rest,Balanced Growth,LISTED EQUITY,1,EMERSON ELECTRIC CO.,-,EMR,BB Ticker,US,2003.0,,-,400881.0,0.0002
2024-12-31,rest,Balanced Growth,LISTED EQUITY,1,"BWX TECHNOLOGIES, INC.",-,BWXT,BB Ticker,US,2226.0,,-,400434.0,0.0002
2024-12-31,rest,Balanced Growth,LISTED EQUITY,1,"T-MOBILE U.S., INC.",-,TMUS,BB Ticker,US,1120.0,,-,399508.0,0.0002
2024-12-31,rest,Balanced Growth,LISTED EQUITY,1,"SUNCOR ENERGY, INC.",-,SU,BB Ticker,CN,6927.0,,-,399123.0,0.0002
2024-12-31,rest,Balanced Growth,LISTED EQUITY,1,"HOWMET AEROSPACE, INC.",-,HWM,BB Ticker,US,2258.0,,-,398825.0,0.0002
2024-12-31,rest,Balanced Growth,LISTED EQUITY,1,"NIKE, INC.",-,NKE,BB Ticker,US,3253.0,,-,397551.0,0.0002
2024-12-31,rest,Balanced Growth,LISTED EQUITY,1,NESTLE SA,-,NESN,BB Ticker,SW,2977.0,,-,397125.0,0.0002
2024-12-31,rest,Balanced Growth,LISTED EQUITY,1,"BLOCK, INC.",-,XYZ,BB Ticker,US,2871.0,,-,394085.0,0.0002
2024-12-31,rest,Balanced Growth,LISTED EQUITY,1,JB HI-FI LTD.,-,JBH,BB Ticker,AU,4243.0,,-,393199.0,0.0002
2024-12-31,rest,Balanced Growth,LISTED EQUITY,1,DOMINO'S PIZZA ENTERPRISES LTD.,-,DMP,BB Ticker,AU,13284.0,,-,391084.0,0.0002
2024-12-31,rest,Balanced Growth,LISTED EQUITY,1,TESCO PLC,-,TSCO,BB Ticker,LN,52394.0,,-,390323.0,0.0002
2024-12-31,rest,Balanced Growth,LISTED EQUITY,1,REPLIGEN CORP.,-,RGEN,BB Ticker,US,1671.0,,-,388555.0,0.0002
2024-12-31,rest,Balanced Growth,LISTED EQUITY,1,STRYKER CORP.,-,SYK,BB Ticker,US,666.0,,-,387629.0,0.0002
2024-12-31,rest,Balanced Growth,LISTED EQUITY,1,ROBLOX CORP.,-,RBLX,BB Ticker,US,4136.0,,-,386433.0,0.0002
2024-12-31,rest,Balanced Growth,LISTED EQUITY,1,"PINDUODUO, INC.",-,PDD,BB Ticker,US,2450.0,,-,383765.0,0.0002
2024-12-31,rest,Balanced Growth,LISTED EQUITY,1,"EXPEDIA GROUP, INC.",-,EXPE,BB Ticker,US,1275.0,,-,383635.0,0.0002
2024-12-31,rest,Balanced Growth,LISTED EQUITY,1,"DATADOG, INC.",-,DDOG,BB Ticker,US,1657.0,,-,382189.0,0.0002
2024-12-31,rest,Balanced Growth,LISTED EQUITY,1,CINTAS CORP.,-,CTAS,BB Ticker,US,1276.0,,-,376465.0,0.0002
2024-12-31,rest,Balanced Growth,LISTED EQUITY,1,DEEP YELLOW LTD.,-,DYL,BB Ticker,AU,333279.0,,-,374939.0,0.0002
2024-12-31,rest,Balanced Growth,LISTED EQUITY,1,ALIBABA GROUP HOLDING LTD.,-,9988,SEDOL,HK,21654.0,,-,370997.0,0.0002
2024-12-31,rest,Balanced Growth,LISTED EQUITY,1,NOMURA RESEARCH INSTITUTE LTD.,-,4307,BB Ticker,JP,7737.0,,-,370451.0,0.0002
2024-12-31,rest,Balanced Growth,LISTED EQUITY,1,KUAISHOU TECHNOLOGY,-,1024,BB Ticker,HK,43070.0,,-,370297.0,0.0002
2024-12-31,rest,Balanced Growth,LISTED EQUITY,1,BANCO SANTANDER SA,-,SAN,BB Ticker,SM,49563.0,,-,370074.0,0.0002
2024-12-31,rest,Balanced Growth,LISTED EQUITY,1,"DROPBOX, INC.",-,DBX,BB Ticker,US,7621.0,,-,369763.0,0.0002
2024-12-31,rest,Balanced Growth,LISTED EQUITY,1,LENNAR CORP.,-,LEN,BB Ticker,US,1677.0,,-,369263.0,0.0002
2024-12-31,rest,Balanced Growth,LISTED EQUITY,1,BANK OF NEW YORK MELLON CORP.,-,BK,BB Ticker,US,2967.0,,-,368173.0,0.0002
2024-12-31,rest,Balanced Growth,LISTED EQUITY,1,UNITED OVERSEAS BANK LTD.,-,UOB,BB Ticker,SP,8443.0,,-,363171.0,0.0002
2024-12-31,rest,Balanced Growth,LISTED EQUITY,1,SYNCHRONY FINANCIAL,-,SYF,BB Ticker,US,3442.0,,-,361402.0,0.0002
2024-12-31,rest,Balanced Growth,LISTED EQUITY,1,SAMSUNG ELECTRONICS CO. LTD.,-,005930,BB Ticker,KS,6182.0,,-,360841.0,0.0002
2024-12-31,rest,Balanced Growth,LISTED EQUITY,1,"VERISK ANALYTICS, INC.",-,VRSK,BB Ticker,US,811.0,,-,360810.0,0.0002
2024-12-31,rest,Balanced Growth,LISTED EQUITY,1,CRH PLC,-,CRH,BB Ticker,LN,2392.0,,-,358688.0,0.0002
2024-12-31,rest,Balanced Growth,LISTED EQUITY,1,"TWILIO, INC.",-,TWLO,BB Ticker,US,2052.0,,-,358193.0,0.0002
2024-12-31,rest,Balanced Growth,LISTED EQUITY,1,"COUPANG, INC.",-,CPNG,BB Ticker,US,10069.0,,-,357465.0,0.0002
2024-12-31,rest,Balanced Growth,LISTED EQUITY,1,HSBC HOLDINGS PLC,-,HSBA,BB Ticker,LN,22500.0,,-,357415.0,0.0002
2024-12-31,rest,Balanced Growth,LISTED EQUITY,1,ALLIANZ SE,-,ALV,BB Ticker,GR,718.0,,-,355524.0,0.0002
2024-12-31,rest,Balanced Growth,LISTED EQUITY,1,LONGFOR GROUP HOLDINGS LTD.,-,960,BB Ticker,HK,170839.0,,-,355209.0,0.0002
2024-12-31,rest,Balanced Growth,LISTED EQUITY,1,"DUPONT DE NEMOURS, INC.",-,DD,BB Ticker,US,2875.0,,-,354014.0,0.0002
2024-12-31,rest,Balanced Growth,LISTED EQUITY,1,"APOLLO GLOBAL MANAGEMENT, INC.",-,APO,BB Ticker,US,1326.0,,-,353673.0,0.0002
2024-12-31,rest,Balanced Growth,LISTED EQUITY,1,INTEL CORP.,-,INTC,BB Ticker,US,10904.0,,-,353077.0,0.0002
2024-12-31,rest,Balanced Growth,LISTED EQUITY,1,BECTON DICKINSON & CO.,-,BDX,BB Ticker,US,959.0,,-,351491.0,0.0002
2024-12-31,rest,Balanced Growth,LISTED EQUITY,1,BAPCOR LTD.,-,BAP,BB Ticker,AU,73664.0,,-,347691.0,0.0002
2024-12-31,rest,Balanced Growth,LISTED EQUITY,1,"SAMSARA, INC.",-,IOT,BB Ticker,US,4926.0,,-,347623.0,0.0002
2024-12-31,rest,Balanced Growth,LISTED EQUITY,1,"DOORDASH, INC.",-,DASH,BB Ticker,US,1280.0,,-,346727.0,0.0002
2024-12-31,rest,Balanced Growth,LISTED EQUITY,1,CIGNA GROUP,-,CI,BB Ticker,US,777.0,,-,346659.0,0.0002
2024-12-31,rest,Balanced Growth,LISTED EQUITY,1,BLUESCOPE STEEL LTD.,-,BSL,BB Ticker,AU,18537.0,,-,346457.0,0.0002
2024-12-31,rest,Balanced Growth,LISTED EQUITY,1,BANK RAKYAT INDONESIA PERSERO TBK. PT,-,BBRI,BB Ticker,IJ,843694.0,,-,345429.0,0.0002
2024-12-31,rest,Balanced Growth,LISTED EQUITY,1,MERCEDES-BENZ GROUP AG,-,MBG,BB Ticker,GR,3828.0,,-,344410.0,0.0002
2024-12-31,rest,Balanced Growth,LISTED EQUITY,1,"TRADEWEB MARKETS, INC.",-,TW,BB Ticker,US,1628.0,,-,344153.0,0.0002
2024-12-31,rest,Balanced Growth,LISTED EQUITY,1,NORTHROP GRUMMAN CORP.,-,NOC,BB Ticker,US,452.0,,-,342903.0,0.0002
2024-12-31,rest,Balanced Growth,LISTED EQUITY,1,"CBRE GROUP, INC.",-,CBRE,BB Ticker,US,1614.0,,-,342295.0,0.0002
2024-12-31,rest,Balanced Growth,LISTED EQUITY,1,"CADENCE DESIGN SYSTEMS, INC.",-,CDNS,BB Ticker,US,704.0,,-,341468.0,0.0002
2024-12-31,rest,Balanced Growth,LISTED EQUITY,1,UNION PACIFIC CORP.,-,UNP,BB Ticker,US,924.0,,-,340619.0,0.0002
2024-12-31,rest,Balanced Growth,LISTED EQUITY,1,"NOMURA HOLDINGS, INC.",-,8604,BB Ticker,JP,35445.0,,-,339243.0,0.0002
2024-12-31,rest,Balanced Growth,LISTED EQUITY,1,"REGENERON PHARMACEUTICALS, INC.",-,REGN,BB Ticker,US,293.0,,-,338572.0,0.0002
2024-12-31,rest,Balanced Growth,LISTED EQUITY,1,SHENZHEN MINDRAY BIO-MEDICAL ELECTRONICS CO. LTD.,-,300760,BB Ticker,C2,5992.0,,-,338067.0,0.0002
2024-12-31,rest,Balanced Growth,LISTED EQUITY,1,BE SEMICONDUCTOR INDUSTRIES NV,-,BESI,BB Ticker,,1526.0,,-,337635.0,0.0002
2024-12-31,rest,Balanced Growth,LISTED EQUITY,1,KOTAK MAHINDRA BANK LTD.,-,KMB,BB Ticker,IN,9977.0,,-,336161.0,0.0002
2024-12-31,rest,Balanced Growth,LISTED EQUITY,1,PRADA SPA,-,1913,BB Ticker,HK,26817.0,,-,335385.0,0.0002
2024-12-31,rest,Balanced Growth,LISTED EQUITY,1,DECKERS OUTDOOR CORP.,-,DECK,BB Ticker,US,1022.0,,-,335129.0,0.0002
2024-12-31,rest,Balanced Growth,LISTED EQUITY,1,CAPGEMINI SE,-,CAP,BB Ticker,FP,1266.0,,-,335039.0,0.0002
2024-12-31,rest,Balanced Growth,LISTED EQUITY,1,BENDIGO AND ADELAIDE BANK LTD.,-,BEN,BB Ticker,AU,25539.0,,-,334560.0,0.0002
2024-12-31,rest,Balanced Growth,LISTED EQUITY,1,"ZOOM VIDEO COMMUNICATIONS, INC.",-,ZM,BB Ticker,US,2530.0,,-,333506.0,0.0002
2024-12-31,rest,Balanced Growth,LISTED EQUITY,1,ALLSTATE CORP.,-,ALL,BB Ticker,US,1070.0,,-,333458.0,0.0002
2024-12-31,rest,Balanced Growth,LISTED EQUITY,1,"CHENIERE ENERGY, INC.",-,LNG,BB Ticker,US,959.0,,-,332935.0,0.0002
2024-12-31,rest,Balanced Growth,LISTED EQUITY,1,FLIGHT CENTRE TRAVEL GROUP LTD.,-,FLT,BB Ticker,AU,19949.0,,-,332732.0,0.0002
2024-12-31,rest,Balanced Growth,LISTED EQUITY,1,EVEREST GROUP LTD.,-,EG,BB Ticker,US,568.0,,-,332188.0,0.0002
2024-12-31,rest,Balanced Growth,LISTED EQUITY,1,NOKIA OYJ,-,NOKIA,BB Ticker,FH,46324.0,,-,331160.0,0.0002
2024-12-31,rest,Balanced Growth,LISTED EQUITY,1,KEYENCE CORP.,-,6861,BB Ticker,JP,497.0,,-,330287.0,0.0002
2024-12-31,rest,Balanced Growth,LISTED EQUITY,1,REGIONAL SAB DE CV,-,RA,BB Ticker,MM,36253.0,,-,329639.0,0.0002
2024-12-31,rest,Balanced Growth,LISTED EQUITY,1,MCKESSON CORP.,-,MCK,BB Ticker,US,355.0,,-,326617.0,0.0002
2024-12-31,rest,Balanced Growth,LISTED EQUITY,1,"HOULIHAN LOKEY, INC.",-,HLI,BB Ticker,US,1158.0,,-,324807.0,0.0002
2024-12-31,rest,Balanced Growth,LISTED EQUITY,1,H WORLD GROUP LTD.,-,1179,BB Ticker,HK,59826.0,,-,323415.0,0.0002
2024-12-31,rest,Balanced Growth,LISTED EQUITY,1,IVANHOE MINES LTD.,-,IVN,BB Ticker,CN,16862.0,,-,323054.0,0.0002
2024-12-31,rest,Balanced Growth,LISTED EQUITY,1,GARMIN LTD.,-,GRMN,BB Ticker,US,968.0,,-,322474.0,0.0002
2024-12-31,rest,Balanced Growth,LISTED EQUITY,1,DINO POLSKA SA,-,DNP,BB Ticker,PW,2111.0,,-,321682.0,0.0002
2024-12-31,rest,Balanced Growth,LISTED EQUITY,1,"SKYWORKS SOLUTIONS, INC.",-,SWKS,BB Ticker,US,2245.0,,-,321479.0,0.0002
2024-12-31,rest,Balanced Growth,LISTED EQUITY,1,"CONSOLIDATED EDISON, INC.",-,ED,BB Ticker,US,2217.0,,-,319474.0,0.0002
2024-12-31,rest,Balanced Growth,LISTED EQUITY,1,MCDONALD'S CORP.,-,MCD,BB Ticker,US,681.0,,-,318996.0,0.0002
2024-12-31,rest,Balanced Growth,LISTED EQUITY,1,"PEPSICO, INC.",-,PEP,BB Ticker,US,1296.0,,-,318215.0,0.0002
2024-12-31,rest,Balanced Growth,LISTED EQUITY,1,"ENPHASE ENERGY, INC.",-,ENPH,BB Ticker,US,2864.0,,-,317671.0,0.0002
2024-12-31,rest,Balanced Growth,LISTED EQUITY,1,EAGERS AUTOMOTIVE LTD.,-,APE,BB Ticker,AU,26350.0,,-,311979.0,0.0002
2024-12-31,rest,Balanced Growth,LISTED EQUITY,1,"GODADDY, INC.",-,GDDY,BB Ticker,US,978.0,,-,311811.0,0.0002
2024-12-31,rest,Balanced Growth,LISTED EQUITY,1,FIRST QUANTUM MINERALS LTD.,-,FM,BB Ticker,CN,14943.0,,-,310951.0,0.0002
2024-12-31,rest,Balanced Growth,LISTED EQUITY,1,HERMES INTERNATIONAL,-,RMS,BB Ticker,FP,80.0,,-,310318.0,0.0002
2024-12-31,rest,Balanced Growth,LISTED EQUITY,1,"DELTA AIR LINES, INC.",-,DAL,BB Ticker,US,3167.0,,-,309515.0,0.0002
2024-12-31,rest,Balanced Growth,LISTED EQUITY,1,AECOM,-,ACM,BB Ticker,US,1794.0,,-,309469.0,0.0002
2024-12-31,rest,Balanced Growth,LISTED EQUITY,1,BAE SYSTEMS PLC,-,BA,BB Ticker,LN,13315.0,,-,309338.0,0.0002
2024-12-31,rest,Balanced Growth,LISTED EQUITY,1,"EMCOR GROUP, INC.",-,EME,BB Ticker,US,419.0,,-,307120.0,0.0002
2024-12-31,rest,Balanced Growth,LISTED EQUITY,1,GIVAUDAN SA,-,GIVN,BB Ticker,SW,43.0,,-,306962.0,0.0002
2024-12-31,rest,Balanced Growth,LISTED EQUITY,1,"CONSTELLATION BRANDS, INC.",-,STZ,BB Ticker,US,859.0,,-,306628.0,0.0002
2024-12-31,rest,Balanced Growth,LISTED EQUITY,1,"TRANSDIGM GROUP, INC.",-,TDG,BB Ticker,US,150.0,,-,305816.0,0.0002
2024-12-31,rest,Balanced Growth,LISTED EQUITY,1,UNITED THERAPEUTICS CORP.,-,UTHR,BB Ticker,US,533.0,,-,304058.0,0.0002
2024-12-31,rest,Balanced Growth,LISTED EQUITY,1,ACCTON TECHNOLOGY CORP.,-,2345,BB Ticker,TT,7982.0,,-,303962.0,0.0002
2024-12-31,rest,Balanced Growth,LISTED EQUITY,1,AMPHENOL CORP.,-,APH,BB Ticker,US,2699.0,,-,302702.0,0.0002
2024-12-31,rest,Balanced Growth,LISTED EQUITY,1,NETWEALTH GROUP LTD.,-,NWL,BB Ticker,AU,10515.0,,-,302291.0,0.0002
2024-12-31,rest,Balanced Growth,LISTED EQUITY,1,U.S. BANCORP,-,USB,BB Ticker,US,3897.0,,-,301058.0,0.0002
2024-12-31,rest,Balanced Growth,LISTED EQUITY,1,"DEXCOM, INC.",-,DXCM,BB Ticker,US,2397.0,,-,301053.0,0.0002
2024-12-31,rest,Balanced Growth,LISTED EQUITY,1,"LIVE NATION ENTERTAINMENT, INC.",-,LYV,BB Ticker,US,1429.0,,-,298771.0,0.0002
2024-12-31,rest,Balanced Growth,LISTED EQUITY,1,"CARDINAL HEALTH, INC.",-,CAH,BB Ticker,US,1560.0,,-,297927.0,0.0002
2024-12-31,rest,Balanced Growth,LISTED EQUITY,1,"EBAY, INC.",-,EBAY,BB Ticker,US,2970.0,,-,297153.0,0.0002
2024-12-31,rest,Balanced Growth,LISTED EQUITY,1,"LEIDOS HOLDINGS, INC.",-,LDOS,BB Ticker,US,1272.0,,-,295967.0,0.0002
2024-12-31,rest,Balanced Growth,LISTED EQUITY,1,CIENA CORP.,-,CIEN,BB Ticker,US,2157.0,,-,295496.0,0.0002
2024-12-31,rest,Balanced Growth,LISTED EQUITY,1,"WYNDHAM HOTELS & RESORTS, INC.",-,WH,BB Ticker,US,1812.0,,-,294988.0,0.0002
2024-12-31,rest,Balanced Growth,LISTED EQUITY,1,"DIAMONDBACK ENERGY, INC.",-,FANG,BB Ticker,US,1112.0,,-,294150.0,0.0002
2024-12-31,rest,Balanced Growth,LISTED EQUITY,1,BARCLAYS PLC,-,BARC,BB Ticker,LN,54221.0,,-,294096.0,0.0002
2024-12-31,rest,Balanced Growth,LISTED EQUITY,1,NUFARM LTD.,-,NUF,BB Ticker,AU,83042.0,,-,293968.0,0.0002
2024-12-31,rest,Balanced Growth,LISTED EQUITY,1,SOCIETE GENERALE SA,-,GLE,BB Ticker,FP,6470.0,,-,293892.0,0.0002
2024-12-31,rest,Balanced Growth,LISTED EQUITY,1,MARATHON PETROLEUM CORP.,-,MPC,BB Ticker,US,1300.0,,-,292984.0,0.0002
2024-12-31,rest,Balanced Growth,LISTED EQUITY,1,DAIKIN INDUSTRIES LTD.,-,6367,BB Ticker,JP,1525.0,,-,292388.0,0.0002
2024-12-31,rest,Balanced Growth,LISTED EQUITY,1,SUPER RETAIL GROUP LTD.,-,SUL,BB Ticker,AU,19254.0,,-,292279.0,0.0002
2024-12-31,rest,Balanced Growth,LISTED EQUITY,1,TECHTRONIC INDUSTRIES CO. LTD.,-,669,BB Ticker,HK,13630.0,,-,290489.0,0.0002
2024-12-31,rest,Balanced Growth,LISTED EQUITY,1,TOTVS SA,-,TOTS3,BB Ticker,BZ,41406.0,,-,289572.0,0.0002
2024-12-31,rest,Balanced Growth,LISTED EQUITY,1,"MISUMI GROUP, INC.",-,9962,BB Ticker,JP,11467.0,,-,289300.0,0.0002
2024-12-31,rest,Balanced Growth,LISTED EQUITY,1,BARRICK GOLD CORP.,-,ABX,BB Ticker,CN,11551.0,,-,289159.0,0.0002
2024-12-31,rest,Balanced Growth,LISTED EQUITY,1,"SS&C TECHNOLOGIES HOLDINGS, INC.",-,SSNC,BB Ticker,US,2359.0,,-,288680.0,0.0002
2024-12-31,rest,Balanced Growth,LISTED EQUITY,1,"WASTE MANAGEMENT, INC.",-,WM,BB Ticker,US,885.0,,-,288295.0,0.0002
2024-12-31,rest,Balanced Growth,LISTED EQUITY,1,"MIZUHO FINANCIAL GROUP, INC.",-,8411,BB Ticker,JP,7198.0,,-,286486.0,0.0002
2024-12-31,rest,Balanced Growth,LISTED EQUITY,1,CHUBB LTD.,-,CB,BB Ticker,US,640.0,,-,285407.0,0.0002
2024-12-31,rest,Balanced Growth,LISTED EQUITY,1,NORDEA BANK ABP,-,NDA,BB Ticker,FH,16252.0,,-,285407.0,0.0002
2024-12-31,rest,Balanced Growth,LISTED EQUITY,1,PETROLEO BRASILEIRO SA,-,PBR,BB Ticker,US,13728.0,,-,285134.0,0.0002
2024-12-31,rest,Balanced Growth,LISTED EQUITY,1,"UNITED PARCEL SERVICE, INC.",-,UPS,BB Ticker,US,1400.0,,-,285032.0,0.0002
2024-12-31,rest,Balanced Growth,LISTED EQUITY,1,BP PLC,-,BP,BB Ticker,LN,35755.0,,-,284227.0,0.0002
2024-12-31,rest,Balanced Growth,LISTED EQUITY,1,PINNACLE INVESTMENT MANAGEMENT GROUP LTD.,-,PNI,BB Ticker,AU,12429.0,,-,284004.0,0.0002
2024-12-31,rest,Balanced Growth,LISTED EQUITY,1,ZIP CO. LTD.,-,ZIP,BB Ticker,AU,95710.0,,-,283301.0,0.0002
2024-12-31,rest,Balanced Growth,LISTED EQUITY,1,DAIICHI SANKYO CO. LTD.,-,4568,BB Ticker,JP,6322.0,,-,282749.0,0.0002
2024-12-31,rest,Balanced Growth,LISTED EQUITY,1,LLOYDS BANKING GROUP PLC,-,LLOY,BB Ticker,LN,254202.0,,-,281674.0,0.0002
2024-12-31,rest,Balanced Growth,LISTED EQUITY,1,SITEMINDER LTD.,-,SDR,BB Ticker,AU,46633.0,,-,281666.0,0.0002
2024-12-31,rest,Balanced Growth,LISTED EQUITY,1,RELIANCE WORLDWIDE CORP. LTD.,-,RWC,BB Ticker,AU,55616.0,,-,279192.0,0.0002
2024-12-31,rest,Balanced Growth,LISTED EQUITY,1,UNITED BREWERIES LTD.,-,UBBL,BB Ticker,IN,7264.0,,-,279125.0,0.0002
2024-12-31,rest,Balanced Growth,LISTED EQUITY,1,AEGON LTD.,-,AGN,BB Ticker,,29081.0,,-,278200.0,0.0002
2024-12-31,rest,Balanced Growth,LISTED EQUITY,1,BAKER HUGHES CO.,-,BKR,BB Ticker,US,4199.0,,-,278174.0,0.0002
2024-12-31,rest,Balanced Growth,LISTED EQUITY,1,"ROCKWELL AUTOMATION, INC.",-,ROK,BB Ticker,US,602.0,,-,277824.0,0.0002
2024-12-31,rest,Balanced Growth,LISTED EQUITY,1,LOBLAW COS. LTD.,-,L,BB Ticker,CN,1302.0,,-,276609.0,0.0002
2024-12-31,rest,Balanced Growth,LISTED EQUITY,1,"AXON ENTERPRISE, INC.",-,AXON,BB Ticker,US,288.0,,-,276509.0,0.0002
2024-12-31,rest,Balanced Growth,LISTED EQUITY,1,ROYAL BANK OF CANADA,-,RY,BB Ticker,CN,1419.0,,-,276215.0,0.0002
2024-12-31,rest,Balanced Growth,LISTED EQUITY,1,HONDA MOTOR CO. LTD.,-,7267,BB Ticker,JP,17464.0,,-,275483.0,0.0002
2024-12-31,rest,Balanced Growth,LISTED EQUITY,1,WAL-MART DE MEXICO SAB DE CV,-,WALMEX,BB Ticker,MM,64564.0,,-,275280.0,0.0002
2024-12-31,rest,Balanced Growth,LISTED EQUITY,1,SANDVIK AB,-,SAND,BB Ticker,SS,9407.0,,-,272677.0,0.0002
2024-12-31,rest,Balanced Growth,LISTED EQUITY,1,"KB FINANCIAL GROUP, INC.",-,105560,BB Ticker,KS,2985.0,,-,271416.0,0.0002
2024-12-31,rest,Balanced Growth,LISTED EQUITY,1,"ELF BEAUTY, INC.",-,ELF,BB Ticker,US,1334.0,,-,270546.0,0.0002
2024-12-31,rest,Balanced Growth,LISTED EQUITY,1,"ILLUMINA, INC.",-,ILMN,BB Ticker,US,1242.0,,-,267990.0,0.0002
2024-12-31,rest,Balanced Growth,LISTED EQUITY,1,"VEEVA SYSTEMS, INC.",-,VEEV,BB Ticker,US,785.0,,-,266471.0,0.0002
2024-12-31,rest,Balanced Growth,LISTED EQUITY,1,"INTERCONTINENTAL EXCHANGE, INC.",-,ICE,BB Ticker,US,1105.0,,-,265995.0,0.0002
2024-12-31,rest,Balanced Growth,LISTED EQUITY,1,STATE STREET CORP.,-,STT,BB Ticker,US,1675.0,,-,265549.0,0.0002
2024-12-31,rest,Balanced Growth,LISTED EQUITY,1,CARVANA CO.,-,CVNA,BB Ticker,US,808.0,,-,265164.0,0.0002
2024-12-31,rest,Balanced Growth,LISTED EQUITY,1,COMPUTER AGE MANAGEMENT SERVICES LTD.,-,CAMS,BB Ticker,IN,2769.0,,-,265159.0,0.0002
2024-12-31,rest,Balanced Growth,LISTED EQUITY,1,"CUMMINS, INC.",-,CMI,BB Ticker,US,471.0,,-,264890.0,0.0002
2024-12-31,rest,Balanced Growth,LISTED EQUITY,1,"CORNING, INC.",-,GLW,BB Ticker,US,3447.0,,-,264641.0,0.0002
2024-12-31,rest,Balanced Growth,LISTED EQUITY,1,"ILLINOIS TOOL WORKS, INC.",-,ITW,BB Ticker,US,645.0,,-,264121.0,0.0002
2024-12-31,rest,Balanced Growth,LISTED EQUITY,1,AXA SA,-,CS,BB Ticker,FP,4582.0,,-,263016.0,0.0002
2024-12-31,rest,Balanced Growth,LISTED EQUITY,1,TOYOTA MOTOR CORP.,-,7203,BB Ticker,JP,8115.0,,-,262351.0,0.0002
2024-12-31,rest,Balanced Growth,LISTED EQUITY,1,"PALO ALTO NETWORKS, INC.",-,PANW,BB Ticker,US,889.0,,-,261190.0,0.0002
2024-12-31,rest,Balanced Growth,LISTED EQUITY,1,KRAFT HEINZ CO.,-,KHC,BB Ticker,US,5254.0,,-,260623.0,0.0002
2024-12-31,rest,Balanced Growth,LISTED EQUITY,1,MONCLER SPA,-,MONC,BB Ticker,IM,3031.0,,-,258417.0,0.0001
2024-12-31,rest,Balanced Growth,LISTED EQUITY,1,AUCKLAND INTERNATIONAL AIRPORT LTD.,-,AIA,BB Ticker,AU,33162.0,,-,257331.0,0.0001
2024-12-31,rest,Balanced Growth,LISTED EQUITY,1,"PPG INDUSTRIES, INC.",-,PPG,BB Ticker,US,1332.0,,-,257012.0,0.0001
2024-12-31,rest,Balanced Growth,LISTED EQUITY,1,"CENOVUS ENERGY, INC.",-,CVE,BB Ticker,CN,10500.0,,-,256941.0,0.0001
2024-12-31,rest,Balanced Growth,LISTED EQUITY,1,NOVARTIS AG,-,NVS,BB Ticker,US,1624.0,,-,255174.0,0.0001
2024-12-31,rest,Balanced Growth,LISTED EQUITY,1,"FIDELITY NATIONAL INFORMATION SERVICES, INC.",-,FIS,BB Ticker,US,1949.0,,-,254222.0,0.0001
2024-12-31,rest,Balanced Growth,LISTED EQUITY,1,ROLLS-ROYCE HOLDINGS PLC,-,RR,BB Ticker,LN,22082.0,,-,253981.0,0.0001
2024-12-31,rest,Balanced Growth,LISTED EQUITY,1,NU HOLDINGS LTD.,-,NU,BB Ticker,US,15075.0,,-,252244.0,0.0001
2024-12-31,rest,Balanced Growth,LISTED EQUITY,1,TAKEDA PHARMACEUTICAL CO. LTD.,-,4502,BB Ticker,JP,5866.0,,-,252071.0,0.0001
2024-12-31,rest,Balanced Growth,LISTED EQUITY,1,ASML HOLDING NV,-,ASML,BB Ticker,US,225.0,,-,251849.0,0.0001
2024-12-31,rest,Balanced Growth,LISTED EQUITY,1,G8 EDUCATION LTD.,-,GEM,BB Ticker,AU,192543.0,,-,251270.0,0.0001
2024-12-31,rest,Balanced Growth,LISTED EQUITY,1,INCYTE CORP.,-,INCY,BB Ticker,US,2246.0,,-,250452.0,0.0001
2024-12-31,rest,Balanced Growth,LISTED EQUITY,1,SUBARU CORP.,-,7270,BB Ticker,JP,8637.0,,-,250404.0,0.0001
2024-12-31,rest,Balanced Growth,LISTED EQUITY,1,"SUMITOMO MITSUI FINANCIAL GROUP, INC.",-,8316,SEDOL,JP,6470.0,,-,250261.0,0.0001
2024-12-31,rest,Balanced Growth,LISTED EQUITY,1,BROOKFIELD CORP.,-,BN,BB Ticker,CN,2681.0,,-,248769.0,0.0001
2024-12-31,rest,Balanced Growth,LISTED EQUITY,1,"KNIGHT-SWIFT TRANSPORTATION HOLDINGS, INC.",-,KNX,BB Ticker,US,2894.0,,-,247924.0,0.0001
2024-12-31,rest,Balanced Growth,LISTED EQUITY,1,GOLD FIELDS LTD.,-,GFI,BB Ticker,US,11628.0,,-,247908.0,0.0001
2024-12-31,rest,Balanced Growth,LISTED EQUITY,1,TONGWEI CO. LTD.,-,600438,BB Ticker,C1,50542.0,,-,247268.0,0.0001
2024-12-31,rest,Balanced Growth,LISTED EQUITY,1,CAPITAL ONE FINANCIAL CORP.,-,COF,BB Ticker,US,855.0,,-,246417.0,0.0001
2024-12-31,rest,Balanced Growth,LISTED EQUITY,1,SILERGY CORP.,-,6415,BB Ticker,TT,12394.0,,-,246363.0,0.0001
2024-12-31,rest,Balanced Growth,LISTED EQUITY,1,LVMH MOET HENNESSY LOUIS VUITTON SE,-,MC,BB Ticker,FP,231.0,,-,245587.0,0.0001
2024-12-31,rest,Balanced Growth,LISTED EQUITY,1,KIA CORP.,-,000270,BB Ticker,KS,2221.0,,-,245335.0,0.0001
2024-12-31,rest,Balanced Growth,LISTED EQUITY,1,BIM BIRLESIK MAGAZALAR AS,-,BIMAS,BB Ticker,TI,10153.0,,-,245079.0,0.0001
2024-12-31,rest,Balanced Growth,LISTED EQUITY,1,"CHARLES RIVER LABORATORIES INTERNATIONAL, INC.",-,CRL,BB Ticker,US,822.0,,-,245070.0,0.0001
2024-12-31,rest,Balanced Growth,LISTED EQUITY,1,TRUIST FINANCIAL CORP.,-,TFC,BB Ticker,US,3492.0,,-,244664.0,0.0001
2024-12-31,rest,Balanced Growth,LISTED EQUITY,1,ENEL SPA,-,ENEL,BB Ticker,IM,21008.0,,-,241934.0,0.0001
2024-12-31,rest,Balanced Growth,LISTED EQUITY,1,AKBANK TAS,-,AKBNK,BB Ticker,TI,81357.0,,-,240984.0,0.0001
2024-12-31,rest,Balanced Growth,LISTED EQUITY,1,VODAFONE GROUP PLC,-,VOD,BB Ticker,LN,174248.0,,-,240733.0,0.0001
2024-12-31,rest,Balanced Growth,LISTED EQUITY,1,BIONTECH SE,-,BNTX,BB Ticker,US,1303.0,,-,239851.0,0.0001
2024-12-31,rest,Balanced Growth,LISTED EQUITY,1,QUALITAS CONTROLADORA SAB DE CV,-,Q,BB Ticker,MM,17577.0,,-,239496.0,0.0001
2024-12-31,rest,Balanced Growth,LISTED EQUITY,1,"HASBRO, INC.",-,HAS,BB Ticker,US,2648.0,,-,239109.0,0.0001
2024-12-31,rest,Balanced Growth,LISTED EQUITY,1,HALLIBURTON CO.,-,HAL,BB Ticker,US,5439.0,,-,238838.0,0.0001
2024-12-31,rest,Balanced Growth,LISTED EQUITY,1,M&T BANK CORP.,-,MTB,BB Ticker,US,775.0,,-,235302.0,0.0001
2024-12-31,rest,Balanced Growth,LISTED EQUITY,1,FISHER & PAYKEL HEALTHCARE CORP. LTD.,-,FPH,BB Ticker,AU,6697.0,,-,234071.0,0.0001
2024-12-31,rest,Balanced Growth,LISTED EQUITY,1,INTERGLOBE AVIATION LTD.,-,INDIGO,BB Ticker,IN,2723.0,,-,233966.0,0.0001
2024-12-31,rest,Balanced Growth,LISTED EQUITY,1,PERSEUS MINING LTD.,-,PRU,BB Ticker,AU,90563.0,,-,232748.0,0.0001
2024-12-31,rest,Balanced Growth,LISTED EQUITY,1,"VOYA FINANCIAL, INC.",-,VOYA,BB Ticker,US,2089.0,,-,232266.0,0.0001
2024-12-31,rest,Balanced Growth,LISTED EQUITY,1,KINROSS GOLD CORP.,-,K,BB Ticker,CN,15437.0,,-,231421.0,0.0001
2024-12-31,rest,Balanced Growth,LISTED EQUITY,1,MANULIFE FINANCIAL CORP.,-,MFC,BB Ticker,CN,4650.0,,-,230566.0,0.0001
2024-12-31,rest,Balanced Growth,LISTED EQUITY,1,"BIOGEN, INC.",-,BIIB,BB Ticker,US,929.0,,-,229605.0,0.0001
2024-12-31,rest,Balanced Growth,LISTED EQUITY,1,WILLIS TOWERS WATSON PLC,-,WTW,BB Ticker,US,454.0,,-,229583.0,0.0001
2024-12-31,rest,Balanced Growth,LISTED EQUITY,1,"CBOE GLOBAL MARKETS, INC.",-,CBOE,BB Ticker,US,726.0,,-,229091.0,0.0001
2024-12-31,rest,Balanced Growth,LISTED EQUITY,1,MERCK KGAA,-,MRK,BB Ticker,GR,979.0,,-,229014.0,0.0001
2024-12-31,rest,Balanced Growth,LISTED EQUITY,1,"CHIPOTLE MEXICAN GRILL, INC.",-,CMG,BB Ticker,US,2338.0,,-,227685.0,0.0001
2024-12-31,rest,Balanced Growth,LISTED EQUITY,1,TARGA RESOURCES CORP.,-,TRGP,BB Ticker,US,787.0,,-,227102.0,0.0001
2024-12-31,rest,Balanced Growth,LISTED EQUITY,1,ZIJIN MINING GROUP CO. LTD.,-,2899,BB Ticker,HK,76733.0,,-,225595.0,0.0001
2024-12-31,rest,Balanced Growth,LISTED EQUITY,1,HYUNDAI MOTOR CO.,-,005380,BB Ticker,KS,969.0,,-,225312.0,0.0001
2024-12-31,rest,Balanced Growth,LISTED EQUITY,1,MACMAHON HOLDINGS LTD.,-,MAH,BB Ticker,AU,652043.0,,-,224955.0,0.0001
2024-12-31,rest,Balanced Growth,LISTED EQUITY,1,CANADIAN IMPERIAL BANK OF COMMERCE,-,CM,BB Ticker,CN,2197.0,,-,224356.0,0.0001
2024-12-31,rest,Balanced Growth,LISTED EQUITY,1,VENTIA SERVICES GROUP PTY. LTD.,-,VNT,BB Ticker,AU,62314.0,,-,224328.0,0.0001
2024-12-31,rest,Balanced Growth,LISTED EQUITY,1,PREMIER INVESTMENTS LTD.,-,PMV,BB Ticker,AU,6963.0,,-,223707.0,0.0001
2024-12-31,rest,Balanced Growth,LISTED EQUITY,1,"SILGAN HOLDINGS, INC.",-,SLGN,BB Ticker,US,2639.0,,-,221847.0,0.0001
2024-12-31,rest,Balanced Growth,LISTED EQUITY,1,"HONEYWELL INTERNATIONAL, INC.",-,HON,BB Ticker,US,607.0,,-,221622.0,0.0001
2024-12-31,rest,Balanced Growth,LISTED EQUITY,1,"BORGWARNER, INC.",-,BWA,BB Ticker,US,4296.0,,-,220604.0,0.0001
2024-12-31,rest,Balanced Growth,LISTED EQUITY,1,GLENCORE PLC,-,GLEN,BB Ticker,LN,30759.0,,-,219880.0,0.0001
2024-12-31,rest,Balanced Growth,LISTED EQUITY,1,"LI AUTO, INC.",-,LI,BB Ticker,US,5672.0,,-,219753.0,0.0001
2024-12-31,rest,Balanced Growth,LISTED EQUITY,1,KONINKLIJKE PHILIPS NV,-,PHIA,BB Ticker,,5355.0,,-,218540.0,0.0001
2024-12-31,rest,Balanced Growth,LISTED EQUITY,1,GOLD ROAD RESOURCES LTD.,-,GOR,BB Ticker,AU,106566.0,,-,218459.0,0.0001
2024-12-31,rest,Balanced Growth,LISTED EQUITY,1,ADVANTEST CORP.,-,6857,BB Ticker,JP,2305.0,,-,217914.0,0.0001
2024-12-31,rest,Balanced Growth,LISTED EQUITY,1,RAMELIUS RESOURCES LTD.,-,RMS,BB Ticker,AU,105113.0,,-,217584.0,0.0001
2024-12-31,rest,Balanced Growth,LISTED EQUITY,1,"FIRST SOLAR, INC.",-,FSLR,BB Ticker,US,760.0,,-,216536.0,0.0001
2024-12-31,rest,Balanced Growth,LISTED EQUITY,1,"MCCORMICK & CO., INC.",-,MKC,BB Ticker,US,1744.0,,-,214733.0,0.0001
2024-12-31,rest,Balanced Growth,LISTED EQUITY,1,UBS GROUP AG,-,UBSG,BB Ticker,SW,4318.0,,-,213405.0,0.0001
2024-12-31,rest,Balanced Growth,LISTED EQUITY,1,THOMSON REUTERS CORP.,-,TRI,BB Ticker,CN,823.0,,-,213363.0,0.0001
2024-12-31,rest,Balanced Growth,LISTED EQUITY,1,"GE VERNOVA, INC.",-,GEV,BB Ticker,US,401.0,,-,213018.0,0.0001
2024-12-31,rest,Balanced Growth,LISTED EQUITY,1,GENTEX CORP.,-,GNTX,BB Ticker,US,4583.0,,-,212668.0,0.0001
2024-12-31,rest,Balanced Growth,LISTED EQUITY,1,ARCH CAPITAL GROUP LTD.,-,ACGL,BB Ticker,US,1410.0,,-,210285.0,0.0001
2024-12-31,rest,Balanced Growth,LISTED EQUITY,1,FEDEX CORP.,-,FDX,BB Ticker,US,462.0,,-,209985.0,0.0001
2024-12-31,rest,Balanced Growth,LISTED EQUITY,1,CHINA INTERNATIONAL CAPITAL CORP. LTD.,-,3908,BB Ticker,HK,78151.0,,-,208314.0,0.0001
2024-12-31,rest,Balanced Growth,LISTED EQUITY,1,CHAMPION IRON LTD.,-,CIA,BB Ticker,AU,36038.0,,-,207218.0,0.0001
2024-12-31,rest,Balanced Growth,LISTED EQUITY,1,"NVR, INC.",-,NVR,BB Ticker,US,16.0,,-,207005.0,0.0001
2024-12-31,rest,Balanced Growth,LISTED EQUITY,1,"LI AUTO, INC.",-,2015,BB Ticker,HK,10595.0,,-,206953.0,0.0001
2024-12-31,rest,Balanced Growth,LISTED EQUITY,1,EQUINOR ASA,-,EQNR,BB Ticker,NO,5466.0,,-,206319.0,0.0001
2024-12-31,rest,Balanced Growth,LISTED EQUITY,1,"ALLY FINANCIAL, INC.",-,ALLY,BB Ticker,US,3532.0,,-,205443.0,0.0001
2024-12-31,rest,Balanced Growth,LISTED EQUITY,1,"WARNER BROS DISCOVERY, INC.",-,WBD,BB Ticker,US,11983.0,,-,204575.0,0.0001
2024-12-31,rest,Balanced Growth,LISTED EQUITY,1,"METLIFE, INC.",-,MET,BB Ticker,US,1545.0,,-,204333.0,0.0001
2024-12-31,rest,Balanced Growth,LISTED EQUITY,1,TITAN CO. LTD.,-,TTAN,BB Ticker,IN,3313.0,,-,203308.0,0.0001
2024-12-31,rest,Balanced Growth,LISTED EQUITY,1,CEMEX SAB DE CV,-,CX,BB Ticker,US,22278.0,,-,202938.0,0.0001
2024-12-31,rest,Balanced Growth,LISTED EQUITY,1,ARCHER-DANIELS-MIDLAND CO.,-,ADM,BB Ticker,US,2486.0,,-,202890.0,0.0001
2024-12-31,rest,Balanced Growth,LISTED EQUITY,1,CLOROX CO.,-,CLX,BB Ticker,US,769.0,,-,201805.0,0.0001
2024-12-31,rest,Balanced Growth,LISTED EQUITY,1,"NEUROCRINE BIOSCIENCES, INC.",-,NBIX,BB Ticker,US,915.0,,-,201768.0,0.0001
2024-12-31,rest,Balanced Growth,LISTED EQUITY,1,CANADIAN NATURAL RESOURCES LTD.,-,CNQ,BB Ticker,US,4034.0,,-,201144.0,0.0001
2024-12-31,rest,Balanced Growth,LISTED EQUITY,1,AGNICO EAGLE MINES LTD.,-,AEM,BB Ticker,CN,1587.0,,-,200459.0,0.0001
2024-12-31,rest,Balanced Growth,LISTED EQUITY,1,"PULTEGROUP, INC.",-,PHM,BB Ticker,US,1136.0,,-,199731.0,0.0001
2024-12-31,rest,Balanced Growth,LISTED EQUITY,1,"INTERNATIONAL FLAVORS & FRAGRANCES, INC.",-,IFF,BB Ticker,US,1461.0,,-,199590.0,0.0001
2024-12-31,rest,Balanced Growth,LISTED EQUITY,1,"BLACKROCK, INC.",-,BLK,BB Ticker,US,120.0,,-,199497.0,0.0001
2024-12-31,rest,Balanced Growth,LISTED EQUITY,1,"MONDELEZ INTERNATIONAL, INC.",-,MDLZ,BB Ticker,US,2060.0,,-,198637.0,0.0001
2024-12-31,rest,Balanced Growth,LISTED EQUITY,1,EQT CORP.,-,EQT,BB Ticker,US,2665.0,,-,198516.0,0.0001
2024-12-31,rest,Balanced Growth,LISTED EQUITY,1,UNIMICRON TECHNOLOGY CORP.,-,3037,BB Ticker,TT,28306.0,,-,196625.0,0.0001
2024-12-31,rest,Balanced Growth,LISTED EQUITY,1,GRUPO FINANCIERO BANORTE SAB DE CV,-,GFNORTEO,BB Ticker,MM,18880.0,,-,196470.0,0.0001
2024-12-31,rest,Balanced Growth,LISTED EQUITY,1,BANK OF IRELAND GROUP PLC,-,BIRG,BB Ticker,LN,13517.0,,-,195664.0,0.0001
2024-12-31,rest,Balanced Growth,LISTED EQUITY,1,EVONIK INDUSTRIES AG,-,EVK,BB Ticker,GR,6980.0,,-,195294.0,0.0001
2024-12-31,rest,Balanced Growth,LISTED EQUITY,1,"RESMED, INC.",-,RMD,BB Ticker,US,528.0,,-,194703.0,0.0001
2024-12-31,rest,Balanced Growth,LISTED EQUITY,1,"ZOETIS, INC.",-,ZTS,BB Ticker,US,738.0,,-,194227.0,0.0001
2024-12-31,rest,Balanced Growth,LISTED EQUITY,1,HOA PHAT GROUP JSC,-,HPG,BB Ticker,VN,114918.0,,-,194090.0,0.0001
2024-12-31,rest,Balanced Growth,LISTED EQUITY,1,SPARTAN RESOURCES LTD.,-,SPR,BB Ticker,AU,137141.0,,-,193369.0,0.0001
2024-12-31,rest,Balanced Growth,LISTED EQUITY,1,BANK OF QUEENSLAND LTD.,-,BOQ,BB Ticker,AU,28804.0,,-,192987.0,0.0001
2024-12-31,rest,Balanced Growth,LISTED EQUITY,1,DOVER CORP.,-,DOV,BB Ticker,US,634.0,,-,192357.0,0.0001
2024-12-31,rest,Balanced Growth,LISTED EQUITY,1,"CARLISLE COS., INC.",-,CSL,BB Ticker,US,322.0,,-,192302.0,0.0001
2024-12-31,rest,Balanced Growth,LISTED EQUITY,1,"ROBINHOOD MARKETS, INC.",-,HOOD,BB Ticker,US,3195.0,,-,192277.0,0.0001
2024-12-31,rest,Balanced Growth,LISTED EQUITY,1,SWEDBANK AB,-,SWEDA,BB Ticker,SS,6007.0,,-,191684.0,0.0001
2024-12-31,rest,Balanced Growth,LISTED EQUITY,1,BREVILLE GROUP LTD.,-,BRG,BB Ticker,AU,5415.0,,-,191571.0,0.0001
2024-12-31,rest,Balanced Growth,LISTED EQUITY,1,"QORVO, INC.",-,QRVO,BB Ticker,US,1694.0,,-,191395.0,0.0001
2024-12-31,rest,Balanced Growth,LISTED EQUITY,1,KONINKLIJKE AHOLD DELHAIZE NV,-,AD,BB Ticker,,3617.0,,-,190498.0,0.0001
2024-12-31,rest,Balanced Growth,LISTED EQUITY,1,HARVEY NORMAN HOLDINGS LTD.,-,HVN,BB Ticker,AU,40777.0,,-,190427.0,0.0001
2024-12-31,rest,Balanced Growth,LISTED EQUITY,1,"TPG, INC.",-,TPG,BB Ticker,US,1860.0,,-,188810.0,0.0001
2024-12-31,rest,Balanced Growth,LISTED EQUITY,1,BOOZ ALLEN HAMILTON HOLDING CORP.,-,BAH,BB Ticker,US,908.0,,-,188783.0,0.0001
2024-12-31,rest,Balanced Growth,LISTED EQUITY,1,ALIBABA GROUP HOLDING LTD.,-,BABA,BB Ticker,US,1376.0,,-,188478.0,0.0001
2024-12-31,rest,Balanced Growth,LISTED EQUITY,1,WIX.COM LTD.,-,WIX,BB Ticker,US,541.0,,-,187565.0,0.0001
2024-12-31,rest,Balanced Growth,LISTED EQUITY,1,PALADIN ENERGY LTD.,-,PDN,BB Ticker,AU,24797.0,,-,187460.0,0.0001
2024-12-31,rest,Balanced Growth,LISTED EQUITY,1,SKYCITY ENTERTAINMENT GROUP LTD.,-,SKC,BB Ticker,AU,141814.0,,-,185777.0,0.0001
2024-12-31,rest,Balanced Growth,LISTED EQUITY,1,CODAN LTD.,-,CDA,BB Ticker,AU,11533.0,,-,185693.0,0.0001
2024-12-31,rest,Balanced Growth,LISTED EQUITY,1,RAIA DROGASIL SA,-,RADL3,BB Ticker,BZ,32205.0,,-,185226.0,0.0001
2024-12-31,rest,Balanced Growth,LISTED EQUITY,1,"TOKIO MARINE HOLDINGS, INC.",-,8766,BB Ticker,JP,3145.0,,-,185092.0,0.0001
2024-12-31,rest,Balanced Growth,LISTED EQUITY,1,INFORMA PLC,-,INF,BB Ticker,LN,11445.0,,-,184830.0,0.0001
2024-12-31,rest,Balanced Growth,LISTED EQUITY,1,HALEON PLC,-,HLN,BB Ticker,LN,24176.0,,-,184558.0,0.0001
2024-12-31,rest,Balanced Growth,LISTED EQUITY,1,"ANSYS, INC.",-,ANSS,BB Ticker,US,337.0,,-,183627.0,0.0001
2024-12-31,rest,Balanced Growth,LISTED EQUITY,1,FAIR ISAAC CORP.,-,FICO,BB Ticker,US,58.0,,-,183478.0,0.0001
2024-12-31,rest,Balanced Growth,LISTED EQUITY,1,FRESENIUS SE & CO. KGAA,-,FRE,BB Ticker,GR,3266.0,,-,183195.0,0.0001
2024-12-31,rest,Balanced Growth,LISTED EQUITY,1,"ASSURANT, INC.",-,AIZ,BB Ticker,US,532.0,,-,183140.0,0.0001
2024-12-31,rest,Balanced Growth,LISTED EQUITY,1,KWEICHOW MOUTAI CO. LTD.,-,600519,BB Ticker,C1,543.0,,-,183121.0,0.0001
2024-12-31,rest,Balanced Growth,LISTED EQUITY,1,BEIGENE LTD.,-,ONC,BB Ticker,US,611.0,,-,182353.0,0.0001
2024-12-31,rest,Balanced Growth,LISTED EQUITY,1,"CROWDSTRIKE HOLDINGS, INC.",-,CRWD,BB Ticker,US,329.0,,-,181796.0,0.0001
2024-12-31,rest,Balanced Growth,LISTED EQUITY,1,FORD MOTOR CO.,-,F,BB Ticker,US,11324.0,,-,181071.0,0.0001
2024-12-31,rest,Balanced Growth,LISTED EQUITY,1,MATSUKIYOCOCOKARA & CO.,-,3088,BB Ticker,JP,7639.0,,-,180952.0,0.0001
2024-12-31,rest,Balanced Growth,LISTED EQUITY,1,CANADIAN NATURAL RESOURCES LTD.,-,CNQ,BB Ticker,CN,3623.0,,-,180577.0,0.0001
2024-12-31,rest,Balanced Growth,LISTED EQUITY,1,SANDS CHINA LTD.,-,1928,SEDOL,HK,41394.0,,-,179878.0,0.0001
2024-12-31,rest,Balanced Growth,LISTED EQUITY,1,BALL CORP.,-,BALL,BB Ticker,US,2013.0,,-,179235.0,0.0001
2024-12-31,rest,Balanced Growth,LISTED EQUITY,1,"NRG ENERGY, INC.",-,NRG,BB Ticker,US,1229.0,,-,179019.0,0.0001
2024-12-31,rest,Balanced Growth,LISTED EQUITY,1,BANK MANDIRI PERSERO TBK PT,-,BMRI,BB Ticker,IJ,312656.0,,-,178836.0,0.0001
2024-12-31,rest,Balanced Growth,LISTED EQUITY,1,"TEXTRON, INC.",-,TXT,BB Ticker,US,1446.0,,-,178699.0,0.0001
2024-12-31,rest,Balanced Growth,LISTED EQUITY,1,AMP LTD.,-,AMP,BB Ticker,AU,112738.0,,-,178689.0,0.0001
2024-12-31,rest,Balanced Growth,LISTED EQUITY,1,"ACUITY BRANDS, INC.",-,AYI,BB Ticker,US,378.0,,-,178616.0,0.0001
2024-12-31,rest,Balanced Growth,LISTED EQUITY,1,FAIRFAX FINANCIAL HOLDINGS LTD.,-,FFH,BB Ticker,CN,78.0,,-,178187.0,0.0001
2024-12-31,rest,Balanced Growth,LISTED EQUITY,1,TARGET CORP.,-,TGT,BB Ticker,US,816.0,,-,178150.0,0.0001
2024-12-31,rest,Balanced Growth,LISTED EQUITY,1,MITSUBISHI ELECTRIC CORP.,-,6503,SEDOL,JP,6441.0,,-,177844.0,0.0001
2024-12-31,rest,Balanced Growth,LISTED EQUITY,1,HACI OMER SABANCI HOLDING AS,-,SAHOL,BB Ticker,TI,40359.0,,-,176971.0,0.0001
2024-12-31,rest,Balanced Growth,LISTED EQUITY,1,MACROTECH DEVELOPERS LTD.,-,LODHA,BB Ticker,IN,6745.0,,-,176789.0,0.0001
2024-12-31,rest,Balanced Growth,LISTED EQUITY,1,"YUM CHINA HOLDINGS, INC.",-,YUMC,BB Ticker,US,2271.0,,-,176684.0,0.0001
2024-12-31,rest,Balanced Growth,LISTED EQUITY,1,"BROWN & BROWN, INC.",-,BRO,BB Ticker,US,1068.0,,-,176105.0,0.0001
2024-12-31,rest,Balanced Growth,LISTED EQUITY,1,WH GROUP LTD.,-,288,BB Ticker,HK,140008.0,,-,174954.0,0.0001
2024-12-31,rest,Balanced Growth,LISTED EQUITY,1,AXIS BANK LTD.,-,AXSB,BB Ticker,IN,8691.0,,-,174563.0,0.0001
2024-12-31,rest,Balanced Growth,LISTED EQUITY,1,NAVER CORP.,-,035420,BB Ticker,KS,797.0,,-,173924.0,0.0001
2024-12-31,rest,Balanced Growth,LISTED EQUITY,1,"FERGUSON ENTERPRISES, INC.",-,FERG,BB Ticker,US,618.0,,-,173200.0,0.0001
2024-12-31,rest,Balanced Growth,LISTED EQUITY,1,CHINA CONSTRUCTION BANK CORP.,-,939,BB Ticker,HK,128207.0,,-,172737.0,0.0001
2024-12-31,rest,Balanced Growth,LISTED EQUITY,1,"DELTA ELECTRONICS, INC.",-,2308,BB Ticker,TT,8096.0,,-,171717.0,0.0001
2024-12-31,rest,Balanced Growth,LISTED EQUITY,1,"FORTIS, INC.",-,FTS,BB Ticker,CN,2541.0,,-,170477.0,0.0001
2024-12-31,rest,Balanced Growth,LISTED EQUITY,1,"RIVIAN AUTOMOTIVE, INC.",-,RIVN,BB Ticker,US,7934.0,,-,170419.0,0.0001
2024-12-31,rest,Balanced Growth,LISTED EQUITY,1,"QUEST DIAGNOSTICS, INC.",-,DGX,BB Ticker,US,695.0,,-,169353.0,0.0001
2024-12-31,rest,Balanced Growth,LISTED EQUITY,1,"HP, INC.",-,HPQ,BB Ticker,US,3191.0,,-,168176.0,0.0001
2024-12-31,rest,Balanced Growth,LISTED EQUITY,1,CHINA RESOURCES BEER HOLDINGS CO. LTD.,-,291,BB Ticker,HK,32017.0,,-,168088.0,0.0001
2024-12-31,rest,Balanced Growth,LISTED EQUITY,1,"BEST BUY CO., INC.",-,BBY,BB Ticker,US,1211.0,,-,167845.0,0.0001
2024-12-31,rest,Balanced Growth,LISTED EQUITY,1,RENTOKIL INITIAL PLC,-,RTO,BB Ticker,LN,20621.0,,-,167182.0,0.0001
2024-12-31,rest,Balanced Growth,LISTED EQUITY,1,CHALLENGER LTD.,-,CGF,BB Ticker,AU,27788.0,,-,167005.0,0.0001
2024-12-31,rest,Balanced Growth,LISTED EQUITY,1,KONGSBERG GRUPPEN ASA,-,KOG,BB Ticker,NO,916.0,,-,166814.0,0.0001
2024-12-31,rest,Balanced Growth,LISTED EQUITY,1,"CONAGRA BRANDS, INC.",-,CAG,BB Ticker,US,3722.0,,-,166809.0,0.0001
2024-12-31,rest,Balanced Growth,LISTED EQUITY,1,POWER GRID CORP. OF INDIA LTD.,-,PWGR,BB Ticker,IN,28509.0,,-,166025.0,0.0001
2024-12-31,rest,Balanced Growth,LISTED EQUITY,1,PANASONIC HOLDINGS CORP.,-,6752,SEDOL,JP,9830.0,,-,165991.0,0.0001
2024-12-31,rest,Balanced Growth,LISTED EQUITY,1,SKANDINAVISKA ENSKILDA BANKEN AB,-,SEBA,BB Ticker,SS,7495.0,,-,165918.0,0.0001
2024-12-31,rest,Balanced Growth,LISTED EQUITY,1,KAROON ENERGY LTD.,-,KAR,BB Ticker,AU,119150.0,,-,165617.0,0.0001
2024-12-31,rest,Balanced Growth,LISTED EQUITY,1,XIAOMI CORP.,-,1810,SEDOL,HK,23031.0,,-,165210.0,0.0001
2024-12-31,rest,Balanced Growth,LISTED EQUITY,1,DEUTSCHE POST AG,-,DHL,BB Ticker,GR,2906.0,,-,165150.0,0.0001
2024-12-31,rest,Balanced Growth,LISTED EQUITY,1,"ETSY, INC.",-,ETSY,BB Ticker,US,1929.0,,-,164778.0,0.0001
2024-12-31,rest,Balanced Growth,LISTED EQUITY,1,OWENS CORNING,-,OC,BB Ticker,US,597.0,,-,164078.0,0.0001
2024-12-31,rest,Balanced Growth,LISTED EQUITY,1,WESTGOLD RESOURCES LTD.,-,WGX,BB Ticker,AU,57894.0,,-,163838.0,0.0001
2024-12-31,rest,Balanced Growth,LISTED EQUITY,1,PIRAEUS FINANCIAL HOLDINGS SA,-,TPEIR,BB Ticker,GA,25389.0,,-,163479.0,0.0001
2024-12-31,rest,Balanced Growth,LISTED EQUITY,1,RH,-,RH,BB Ticker,US,257.0,,-,163261.0,0.0001
2024-12-31,rest,Balanced Growth,LISTED EQUITY,1,"BLACKSTONE, INC.",-,BX,BB Ticker,US,585.0,,-,163033.0,0.0001
2024-12-31,rest,Balanced Growth,LISTED EQUITY,1,UNILEVER PLC,-,UNA,BB Ticker,,1769.0,,-,162387.0,0.0001
2024-12-31,rest,Balanced Growth,LISTED EQUITY,1,BARRICK GOLD CORP.,-,GOLD,BB Ticker,US,6480.0,,-,162224.0,0.0001
2024-12-31,rest,Balanced Growth,LISTED EQUITY,1,ITAU UNIBANCO HOLDING SA,-,ITUB4,BB Ticker,BZ,20156.0,,-,161934.0,0.0001
2024-12-31,rest,Balanced Growth,LISTED EQUITY,1,DLF LTD.,-,DLFU,BB Ticker,IN,10380.0,,-,161531.0,0.0001
2024-12-31,rest,Balanced Growth,LISTED EQUITY,1,KAO CORP.,-,4452,BB Ticker,JP,2457.0,,-,161301.0,0.0001
2024-12-31,rest,Balanced Growth,LISTED EQUITY,1,SERVICE STREAM LTD.,-,SSM,BB Ticker,AU,103289.0,,-,161131.0,0.0001
2024-12-31,rest,Balanced Growth,LISTED EQUITY,1,"CORTEVA, INC.",-,CTVA,BB Ticker,US,1735.0,,-,159673.0,0.0001
2024-12-31,rest,Balanced Growth,LISTED EQUITY,1,SAFRAN SA,-,SAF,BB Ticker,FP,450.0,,-,159648.0,0.0001
2024-12-31,rest,Balanced Growth,LISTED EQUITY,1,WEST AFRICAN RESOURCES LTD.,-,WAF,BB Ticker,AU,110955.0,,-,159220.0,0.0001
2024-12-31,rest,Balanced Growth,LISTED EQUITY,1,"DOCUSIGN, INC.",-,DOCU,BB Ticker,US,1096.0,,-,159175.0,0.0001
2024-12-31,rest,Balanced Growth,LISTED EQUITY,1,MITSUBISHI ESTATE CO. LTD.,-,8802,BB Ticker,JP,6988.0,,-,158042.0,0.0001
2024-12-31,rest,Balanced Growth,LISTED EQUITY,1,SPARK NEW ZEALAND LTD.,-,SPK,BB Ticker,AU,58706.0,,-,157921.0,0.0001
2024-12-31,rest,Balanced Growth,LISTED EQUITY,1,PEXA GROUP LTD.,-,PXA,BB Ticker,AU,12066.0,,-,157581.0,0.0001
2024-12-31,rest,Balanced Growth,LISTED EQUITY,1,"DR HORTON, INC.",-,DHI,BB Ticker,US,696.0,,-,157213.0,0.0001
2024-12-31,rest,Balanced Growth,LISTED EQUITY,1,INSIGNIA FINANCIAL LTD.,-,IFL,BB Ticker,AU,44246.0,,-,157075.0,0.0001
2024-12-31,rest,Balanced Growth,LISTED EQUITY,1,SELECT HARVESTS LTD.,-,SHV,BB Ticker,AU,36913.0,,-,156880.0,0.0001
2024-12-31,rest,Balanced Growth,LISTED EQUITY,1,GRAINCORP LTD.,-,GNC,BB Ticker,AU,21356.0,,-,156748.0,0.0001
2024-12-31,rest,Balanced Growth,LISTED EQUITY,1,"METTLER-TOLEDO INTERNATIONAL, INC.",-,MTD,BB Ticker,US,78.0,,-,154527.0,0.0001
2024-12-31,rest,Balanced Growth,LISTED EQUITY,1,J SAINSBURY PLC,-,SBRY,BB Ticker,LN,27884.0,,-,154318.0,0.0001
2024-12-31,rest,Balanced Growth,LISTED EQUITY,1,LOTUS RESOURCES LTD.,-,LOT,BB Ticker,AU,771470.0,,-,154294.0,0.0001
2024-12-31,rest,Balanced Growth,LISTED EQUITY,1,NATIONAL BANK OF GREECE SA,-,ETE,BB Ticker,GA,12031.0,,-,154124.0,0.0001
2024-12-31,rest,Balanced Growth,LISTED EQUITY,1,E.ON SE,-,EOAN,BB Ticker,GR,8164.0,,-,153546.0,0.0001
2024-12-31,rest,Balanced Growth,LISTED EQUITY,1,COCA-COLA HBC AG,-,CCH,BB Ticker,LN,2777.0,,-,153444.0,0.0001
2024-12-31,rest,Balanced Growth,LISTED EQUITY,1,INFOSYS LTD.,-,INFY,BB Ticker,US,4307.0,,-,152475.0,0.0001
2024-12-31,rest,Balanced Growth,LISTED EQUITY,1,"GUIDEWIRE SOFTWARE, INC.",-,GWRE,BB Ticker,US,559.0,,-,152310.0,0.0001
2024-12-31,rest,Balanced Growth,LISTED EQUITY,1,"ELEVANCE HEALTH, INC.",-,ELV,BB Ticker,US,255.0,,-,152236.0,0.0001
2024-12-31,rest,Balanced Growth,LISTED EQUITY,1,AMBEV SA,-,ABEV3,BB Ticker,BZ,49372.0,,-,151535.0,0.0001
2024-12-31,rest,Balanced Growth,LISTED EQUITY,1,EMECO HOLDINGS LTD.,-,EHL,BB Ticker,AU,165379.0,,-,151322.0,0.0001
2024-12-31,rest,Balanced Growth,LISTED EQUITY,1,EQUINOR ASA,-,EQNR,BB Ticker,US,3950.0,,-,151125.0,0.0001
2024-12-31,rest,Balanced Growth,LISTED EQUITY,1,"NETEASE, INC.",-,9999,SEDOL,HK,5206.0,,-,149811.0,0.0001
2024-12-31,rest,Balanced Growth,LISTED EQUITY,1,NEWS CORP.,-,NWS,BB Ticker,AU,3023.0,,-,149644.0,0.0001
2024-12-31,rest,Balanced Growth,LISTED EQUITY,1,"MANPOWERGROUP, INC.",-,MAN,BB Ticker,US,1600.0,,-,149115.0,0.0001
2024-12-31,rest,Balanced Growth,LISTED EQUITY,1,HENKEL AG & CO. KGAA,-,HEN3,BB Ticker,GR,1051.0,,-,148924.0,0.0001
2024-12-31,rest,Balanced Growth,LISTED EQUITY,1,JAZZ PHARMACEUTICALS PLC,-,JAZZ,BB Ticker,US,749.0,,-,148796.0,0.0001
2024-12-31,rest,Balanced Growth,LISTED EQUITY,1,TELEFONICA SA,-,TEF,BB Ticker,SM,22507.0,,-,148192.0,0.0001
2024-12-31,rest,Balanced Growth,LISTED EQUITY,1,"YUM CHINA HOLDINGS, INC.",-,9987,BB Ticker,HK,1895.0,,-,147468.0,0.0001
2024-12-31,rest,Balanced Growth,LISTED EQUITY,1,GENMAB AS,-,GMAB,BB Ticker,DC,440.0,,-,147411.0,0.0001
2024-12-31,rest,Balanced Growth,LISTED EQUITY,1,HYDRO ONE LTD.,-,H,BB Ticker,CN,2965.0,,-,147408.0,0.0001
2024-12-31,rest,Balanced Growth,LISTED EQUITY,1,"COINBASE GLOBAL, INC.",-,COIN,BB Ticker,US,368.0,,-,147312.0,0.0001
2024-12-31,rest,Balanced Growth,LISTED EQUITY,1,"SHOPIFY, INC.",-,SHOP,BB Ticker,CN,853.0,,-,146438.0,0.0001
2024-12-31,rest,Balanced Growth,LISTED EQUITY,1,THK CO. LTD.,-,6481,BB Ticker,JP,3861.0,,-,146015.0,0.0001
2024-12-31,rest,Balanced Growth,LISTED EQUITY,1,AGL ENERGY LTD.,-,AGL,BB Ticker,AU,12917.0,,-,145832.0,0.0001
2024-12-31,rest,Balanced Growth,LISTED EQUITY,1,"LENNOX INTERNATIONAL, INC.",-,LII,BB Ticker,US,147.0,,-,145504.0,0.0001
2024-12-31,rest,Balanced Growth,LISTED EQUITY,1,"ANALOG DEVICES, INC.",-,ADI,BB Ticker,US,422.0,,-,144688.0,0.0001
2024-12-31,rest,Balanced Growth,LISTED EQUITY,1,HERA SPA,-,HER,BB Ticker,IM,25192.0,,-,144600.0,0.0001
2024-12-31,rest,Balanced Growth,LISTED EQUITY,1,"CROWN HOLDINGS, INC.",-,CCK,BB Ticker,US,1078.0,,-,144018.0,0.0001
2024-12-31,rest,Balanced Growth,LISTED EQUITY,1,AMADEUS IT GROUP SA,-,AMS,BB Ticker,SM,1252.0,,-,142793.0,0.0001
2024-12-31,rest,Balanced Growth,LISTED EQUITY,1,DAIWA HOUSE INDUSTRY CO. LTD.,-,1925,BB Ticker,JP,2844.0,,-,141956.0,0.0001
2024-12-31,rest,Balanced Growth,LISTED EQUITY,1,TORONTO-DOMINION BANK,-,TD,BB Ticker,CN,1647.0,,-,141544.0,0.0001
2024-12-31,rest,Balanced Growth,LISTED EQUITY,1,FMC CORP.,-,FMC,BB Ticker,US,1799.0,,-,141243.0,0.0001
2024-12-31,rest,Balanced Growth,LISTED EQUITY,1,SUMITOMO ELECTRIC INDUSTRIES LTD.,-,5802,BB Ticker,JP,4799.0,,-,140742.0,0.0001
2024-12-31,rest,Balanced Growth,LISTED EQUITY,1,WEBJET GROUP LTD.,-,WJL,BB Ticker,AU,161611.0,,-,140603.0,0.0001
2024-12-31,rest,Balanced Growth,LISTED EQUITY,1,"OVINTIV, INC.",-,OVV,BB Ticker,US,2134.0,,-,139544.0,0.0001
2024-12-31,rest,Balanced Growth,LISTED EQUITY,1,"GARTNER, INC.",-,IT,BB Ticker,US,177.0,,-,137952.0,0.0001
2024-12-31,rest,Balanced Growth,LISTED EQUITY,1,"CANON, INC.",-,7751,BB Ticker,JP,2596.0,,-,137691.0,0.0001
2024-12-31,rest,Balanced Growth,LISTED EQUITY,1,KOMATSU LTD.,-,6301,BB Ticker,JP,3077.0,,-,137543.0,0.0001
2024-12-31,rest,Balanced Growth,LISTED EQUITY,1,INDUSTRIAL & COMMERCIAL BANK OF CHINA LTD.,-,1398,BB Ticker,HK,126307.0,,-,136825.0,0.0001
2024-12-31,rest,Balanced Growth,LISTED EQUITY,1,KOGAN.COM LTD.,-,KGN,BB Ticker,AU,22027.0,,-,136784.0,0.0001
2024-12-31,rest,Balanced Growth,LISTED EQUITY,1,"H&R BLOCK, INC.",-,HRB,BB Ticker,US,1601.0,,-,136613.0,0.0001
2024-12-31,rest,Balanced Growth,LISTED EQUITY,1,"VERISIGN, INC.",-,VRSN,BB Ticker,US,407.0,,-,136088.0,0.0001
2024-12-31,rest,Balanced Growth,LISTED EQUITY,1,"MODERNA, INC.",-,MRNA,BB Ticker,US,2025.0,,-,135965.0,0.0001
2024-12-31,rest,Balanced Growth,LISTED EQUITY,1,CENTRICA PLC,-,CNA,BB Ticker,LN,50190.0,,-,135634.0,0.0001
2024-12-31,rest,Balanced Growth,LISTED EQUITY,1,"COTERRA ENERGY, INC.",-,CTRA,BB Ticker,US,3287.0,,-,135594.0,0.0001
2024-12-31,rest,Balanced Growth,LISTED EQUITY,1,VERALTO CORP.,-,VLTO,BB Ticker,US,818.0,,-,134609.0,0.0001
2024-12-31,rest,Balanced Growth,LISTED EQUITY,1,"GENERAC HOLDINGS, INC.",-,GNRC,BB Ticker,US,536.0,,-,134118.0,0.0001
2024-12-31,rest,Balanced Growth,LISTED EQUITY,1,"MASTEC, INC.",-,MTZ,BB Ticker,US,601.0,,-,132160.0,0.0001
2024-12-31,rest,Balanced Growth,LISTED EQUITY,1,"INGREDION, INC.",-,INGR,BB Ticker,US,595.0,,-,132156.0,0.0001
2024-12-31,rest,Balanced Growth,LISTED EQUITY,1,HOLCIM AG,-,HOLN,BB Ticker,SW,843.0,,-,131361.0,0.0001
2024-12-31,rest,Balanced Growth,LISTED EQUITY,1,JOHNSON CONTROLS INTERNATIONAL PLC,-,JCI,BB Ticker,US,1027.0,,-,130995.0,0.0001
2024-12-31,rest,Balanced Growth,LISTED EQUITY,1,"PACCAR, INC.",-,PCAR,BB Ticker,US,779.0,,-,130991.0,0.0001
2024-12-31,rest,Balanced Growth,LISTED EQUITY,1,EVOLUTION MINING LTD.,-,EVN,BB Ticker,AU,27218.0,,-,130918.0,0.0001
2024-12-31,rest,Balanced Growth,LISTED EQUITY,1,VOLVO AB,-,VOLVB,BB Ticker,SS,3328.0,,-,130692.0,0.0001
2024-12-31,rest,Balanced Growth,LISTED EQUITY,1,STANDARD CHARTERED PLC,-,STAN,BB Ticker,LN,6532.0,,-,130625.0,0.0001
2024-12-31,rest,Balanced Growth,LISTED EQUITY,1,AUSTAL LTD.,-,ASB,BB Ticker,AU,42086.0,,-,130467.0,0.0001
2024-12-31,rest,Balanced Growth,LISTED EQUITY,1,MTN GROUP LTD.,-,MTN,BB Ticker,SJ,16516.0,,-,130042.0,0.0001
2024-12-31,rest,Balanced Growth,LISTED EQUITY,1,"MARVELL TECHNOLOGY, INC.",-,MRVL,BB Ticker,US,728.0,,-,129785.0,0.0001
2024-12-31,rest,Balanced Growth,LISTED EQUITY,1,REGIS RESOURCES LTD.,-,RRL,BB Ticker,AU,50876.0,,-,129733.0,0.0001
2024-12-31,rest,Balanced Growth,LISTED EQUITY,1,BANK OF CHINA LTD.,-,3988,BB Ticker,HK,157113.0,,-,129688.0,0.0001
2024-12-31,rest,Balanced Growth,LISTED EQUITY,1,SMARTGROUP CORP. LTD.,-,SIQ,BB Ticker,AU,16674.0,,-,129553.0,0.0001
2024-12-31,rest,Balanced Growth,LISTED EQUITY,1,"AMETEK, INC.",-,AME,BB Ticker,US,444.0,,-,129245.0,0.0001
2024-12-31,rest,Balanced Growth,LISTED EQUITY,1,EQT HOLDINGS LTD.,-,EQT,BB Ticker,AU,4011.0,,-,128363.0,0.0001
2024-12-31,rest,Balanced Growth,LISTED EQUITY,1,"IQVIA HOLDINGS, INC.",-,IQV,BB Ticker,US,402.0,,-,127477.0,0.0001
2024-12-31,rest,Balanced Growth,LISTED EQUITY,1,CAIXABANK SA,-,CABK,BB Ticker,SM,14503.0,,-,127001.0,0.0001
2024-12-31,rest,Balanced Growth,LISTED EQUITY,1,ADAIRS LTD.,-,ADH,BB Ticker,AU,46896.0,,-,126617.0,0.0001
2024-12-31,rest,Balanced Growth,LISTED EQUITY,1,NATWEST GROUP PLC,-,NWG,BB Ticker,LN,15464.0,,-,125781.0,0.0001
2024-12-31,rest,Balanced Growth,LISTED EQUITY,1,"DAIWA SECURITIES GROUP, INC.",-,8601,BB Ticker,JP,11669.0,,-,125681.0,0.0001
2024-12-31,rest,Balanced Growth,LISTED EQUITY,1,PG&E CORP.,-,PCG,BB Ticker,US,3832.0,,-,124901.0,0.0001
2024-12-31,rest,Balanced Growth,LISTED EQUITY,1,"ONEOK, INC.",-,OKE,BB Ticker,US,769.0,,-,124714.0,0.0001
2024-12-31,rest,Balanced Growth,LISTED EQUITY,1,MOUNT GIBSON IRON LTD.,-,MGX,BB Ticker,AU,422564.0,,-,124657.0,0.0001
2024-12-31,rest,Balanced Growth,LISTED EQUITY,1,ZABKA GROUP SA,-,ZAB,BB Ticker,PW,16527.0,,-,124401.0,0.0001
2024-12-31,rest,Balanced Growth,LISTED EQUITY,1,THALES SA,-,HO,BB Ticker,FP,536.0,,-,124322.0,0.0001
2024-12-31,rest,Balanced Growth,LISTED EQUITY,1,"JD.COM, INC.",-,9618,BB Ticker,HK,4382.0,,-,123903.0,0.0001
2024-12-31,rest,Balanced Growth,LISTED EQUITY,1,CREDIT AGRICOLE SA,-,ACA,BB Ticker,FP,5570.0,,-,123789.0,0.0001
2024-12-31,rest,Balanced Growth,LISTED EQUITY,1,TRIP.COM GROUP LTD.,-,9961,BB Ticker,HK,1100.0,,-,123476.0,0.0001
2024-12-31,rest,Balanced Growth,LISTED EQUITY,1,SHERWIN-WILLIAMS CO.,-,SHW,BB Ticker,US,224.0,,-,123207.0,0.0001
2024-12-31,rest,Balanced Growth,LISTED EQUITY,1,"COMFORT SYSTEMS USA, INC.",-,FIX,BB Ticker,US,180.0,,-,123152.0,0.0001
2024-12-31,rest,Balanced Growth,LISTED EQUITY,1,MITSUI FUDOSAN CO. LTD.,-,8801,BB Ticker,JP,9422.0,,-,122965.0,0.0001
2024-12-31,rest,Balanced Growth,LISTED EQUITY,1,"ROPER TECHNOLOGIES, INC.",-,ROP,BB Ticker,US,146.0,,-,122761.0,0.0001
2024-12-31,rest,Balanced Growth,LISTED EQUITY,1,"KKR & CO., INC.",-,KKR,BB Ticker,US,512.0,,-,122429.0,0.0001
2024-12-31,rest,Balanced Growth,LISTED EQUITY,1,"AMERICAN WATER WORKS CO., INC.",-,AWK,BB Ticker,US,604.0,,-,121456.0,0.0001
2024-12-31,rest,Balanced Growth,LISTED EQUITY,1,"MANHATTAN ASSOCIATES, INC.",-,MANH,BB Ticker,US,278.0,,-,121350.0,0.0001
2024-12-31,rest,Balanced Growth,LISTED EQUITY,1,NOVOZYMES AS,-,NSISB,BB Ticker,DC,1326.0,,-,121242.0,0.0001
2024-12-31,rest,Balanced Growth,LISTED EQUITY,1,ZEBRA TECHNOLOGIES CORP.,-,ZBRA,BB Ticker,US,194.0,,-,121239.0,0.0001
2024-12-31,rest,Balanced Growth,LISTED EQUITY,1,KONAMI GROUP CORP.,-,9766,BB Ticker,JP,797.0,,-,121208.0,0.0001
2024-12-31,rest,Balanced Growth,LISTED EQUITY,1,MEIJI HOLDINGS CO. LTD.,-,2269,BB Ticker,JP,3684.0,,-,121178.0,0.0001
2024-12-31,rest,Balanced Growth,LISTED EQUITY,1,SIEMENS AG,-,SIE,BB Ticker,GR,382.0,,-,120546.0,0.0001
2024-12-31,rest,Balanced Growth,LISTED EQUITY,1,ANGLOGOLD ASHANTI PLC,-,AU,BB Ticker,US,3230.0,,-,120418.0,0.0001
2024-12-31,rest,Balanced Growth,LISTED EQUITY,1,PACKAGING CORP. OF AMERICA,-,PKG,BB Ticker,US,330.0,,-,119931.0,0.0001
2024-12-31,rest,Balanced Growth,LISTED EQUITY,1,LOEWS CORP.,-,L,BB Ticker,US,876.0,,-,119892.0,0.0001
2024-12-31,rest,Balanced Growth,LISTED EQUITY,1,CHINA MENGNIU DAIRY CO. LTD.,-,2319,BB Ticker,HK,32833.0,,-,119875.0,0.0001
2024-12-31,rest,Balanced Growth,LISTED EQUITY,1,"ROSS STORES, INC.",-,ROST,BB Ticker,US,489.0,,-,119418.0,0.0001
2024-12-31,rest,Balanced Growth,LISTED EQUITY,1,CONTINENTAL AG,-,CON,BB Ticker,GR,1099.0,,-,119136.0,0.0001
2024-12-31,rest,Balanced Growth,LISTED EQUITY,1,MGIC INVESTMENT CORP.,-,MTG,BB Ticker,US,3107.0,,-,118986.0,0.0001
2024-12-31,rest,Balanced Growth,LISTED EQUITY,1,"VIATRIS, INC.",-,VTRS,BB Ticker,US,5907.0,,-,118777.0,0.0001
2024-12-31,rest,Balanced Growth,LISTED EQUITY,1,GRAB HOLDINGS LTD.,-,GRAB,BB Ticker,US,15552.0,,-,118557.0,0.0001
2024-12-31,rest,Balanced Growth,LISTED EQUITY,1,DEVON ENERGY CORP.,-,DVN,BB Ticker,US,2238.0,,-,118276.0,0.0001
2024-12-31,rest,Balanced Growth,LISTED EQUITY,1,BROTHER INDUSTRIES LTD.,-,6448,BB Ticker,JP,4257.0,,-,118025.0,0.0001
2024-12-31,rest,Balanced Growth,LISTED EQUITY,1,"JACOBS SOLUTIONS, INC.",-,J,BB Ticker,US,544.0,,-,117499.0,0.0001
2024-12-31,rest,Balanced Growth,LISTED EQUITY,1,COUNTRY GARDEN SERVICES HOLDINGS CO. LTD.,-,6098,BB Ticker,HK,102081.0,,-,117161.0,0.0001
2024-12-31,rest,Balanced Growth,LISTED EQUITY,1,ZURICH INSURANCE GROUP AG,-,ZURN,BB Ticker,SW,122.0,,-,116683.0,0.0001
2024-12-31,rest,Balanced Growth,LISTED EQUITY,1,"HOLOGIC, INC.",-,HOLX,BB Ticker,US,999.0,,-,116322.0,0.0001
2024-12-31,rest,Balanced Growth,LISTED EQUITY,1,BAYERISCHE MOTOREN WERKE AG,-,BMW,BB Ticker,GR,880.0,,-,116257.0,0.0001
2024-12-31,rest,Balanced Growth,LISTED EQUITY,1,EVT LTD.,-,EVT,BB Ticker,AU,10124.0,,-,115206.0,0.0001
2024-12-31,rest,Balanced Growth,LISTED EQUITY,1,VULCAN MATERIALS CO.,-,VMC,BB Ticker,US,276.0,,-,114555.0,0.0001
2024-12-31,rest,Balanced Growth,LISTED EQUITY,1,"MICROSTRATEGY, INC.",-,MSTR,BB Ticker,US,244.0,,-,114366.0,0.0001
2024-12-31,rest,Balanced Growth,LISTED EQUITY,1,BANCO BTG PACTUAL SA,-,BPAC11,BB Ticker,BZ,16001.0,,-,113782.0,0.0001
2024-12-31,rest,Balanced Growth,LISTED EQUITY,1,DOLLAR GENERAL CORP.,-,DG,BB Ticker,US,929.0,,-,113764.0,0.0001
2024-12-31,rest,Balanced Growth,LISTED EQUITY,1,FLUTTER ENTERTAINMENT PLC,-,FLUT,BB Ticker,US,272.0,,-,113714.0,0.0001
2024-12-31,rest,Balanced Growth,LISTED EQUITY,1,KDDI CORP.,-,9433,BB Ticker,JP,2184.0,,-,113175.0,0.0001
2024-12-31,rest,Balanced Growth,LISTED EQUITY,1,CANADIAN UTILITIES LTD.,-,CU,BB Ticker,CN,2882.0,,-,112800.0,0.0001
2024-12-31,rest,Balanced Growth,LISTED EQUITY,1,SMITHS GROUP PLC,-,SMIN,BB Ticker,LN,3240.0,,-,112634.0,0.0001
2024-12-31,rest,Balanced Growth,LISTED EQUITY,1,"PRUDENTIAL FINANCIAL, INC.",-,PRU,BB Ticker,US,588.0,,-,112570.0,0.0001
2024-12-31,rest,Balanced Growth,LISTED EQUITY,1,"COREBRIDGE FINANCIAL, INC.",-,CRBG,BB Ticker,US,2317.0,,-,112006.0,0.0001
2024-12-31,rest,Balanced Growth,LISTED EQUITY,1,LG ENERGY SOLUTION LTD.,-,373220,BB Ticker,KS,293.0,,-,111758.0,0.0001
2024-12-31,rest,Balanced Growth,LISTED EQUITY,1,"INTERACTIVE BROKERS GROUP, INC.",-,IBKR,BB Ticker,US,391.0,,-,111666.0,0.0001
2024-12-31,rest,Balanced Growth,LISTED EQUITY,1,COLLINS FOODS LTD.,-,CKF,BB Ticker,AU,15320.0,,-,111230.0,0.0001
2024-12-31,rest,Balanced Growth,LISTED EQUITY,1,ENI SPA,-,ENI,BB Ticker,IM,5075.0,,-,111105.0,0.0001
2024-12-31,rest,Balanced Growth,LISTED EQUITY,1,SANKYO CO. LTD.,-,6417,SEDOL,JP,5021.0,,-,109809.0,0.0001
2024-12-31,rest,Balanced Growth,LISTED EQUITY,1,SVENSKA HANDELSBANKEN AB,-,SHBA,BB Ticker,SS,6569.0,,-,109672.0,0.0001
2024-12-31,rest,Balanced Growth,LISTED EQUITY,1,MAGELLAN FINANCIAL GROUP LTD.,-,MFG,BB Ticker,AU,9844.0,,-,109466.0,0.0001
2024-12-31,rest,Balanced Growth,LISTED EQUITY,1,SINGAPORE TELECOMMUNICATIONS LTD.,-,ST,BB Ticker,SP,30016.0,,-,109454.0,0.0001
2024-12-31,rest,Balanced Growth,LISTED EQUITY,1,EIFFAGE SA,-,FGR,BB Ticker,FP,771.0,,-,109242.0,0.0001
2024-12-31,rest,Balanced Growth,LISTED EQUITY,1,HCL TECHNOLOGIES LTD.,-,HCLT,BB Ticker,IN,3001.0,,-,108560.0,0.0001
2024-12-31,rest,Balanced Growth,LISTED EQUITY,1,"PUBLIC SERVICE ENTERPRISE GROUP, INC.",-,PEG,BB Ticker,US,792.0,,-,108076.0,0.0001
2024-12-31,rest,Balanced Growth,LISTED EQUITY,1,SYNGENE INTERNATIONAL LTD.,-,SYNG,BB Ticker,IN,6634.0,,-,107431.0,0.0001
2024-12-31,rest,Balanced Growth,LISTED EQUITY,1,"WW GRAINGER, INC.",-,GWW,BB Ticker,US,63.0,,-,107384.0,0.0001
2024-12-31,rest,Balanced Growth,LISTED EQUITY,1,STELLANTIS NV,-,STLAM,BB Ticker,IM,5085.0,,-,107063.0,0.0001
2024-12-31,rest,Balanced Growth,LISTED EQUITY,1,CHINA RESOURCES LAND LTD.,-,1109,BB Ticker,HK,22811.0,,-,106950.0,0.0001
2024-12-31,rest,Balanced Growth,LISTED EQUITY,1,ACCENT GROUP LTD.,-,AX1,BB Ticker,AU,45671.0,,-,106870.0,0.0001
2024-12-31,rest,Balanced Growth,LISTED EQUITY,1,FPT CORP.,-,FPT,BB Ticker,VN,11046.0,,-,106754.0,0.0001
2024-12-31,rest,Balanced Growth,LISTED EQUITY,1,TECHNIPFMC PLC,-,FTI,BB Ticker,US,2264.0,,-,105811.0,0.0001
2024-12-31,rest,Balanced Growth,LISTED EQUITY,1,TELIX PHARMACEUTICALS LTD.,-,TLX,BB Ticker,AU,4295.0,,-,105709.0,0.0001
2024-12-31,rest,Balanced Growth,LISTED EQUITY,1,BUNGE GLOBAL SA,-,BG,BB Ticker,US,841.0,,-,105642.0,0.0001
2024-12-31,rest,Balanced Growth,LISTED EQUITY,1,COLGATE-PALMOLIVE INDIA LTD.,-,CLGT,BB Ticker,IN,2082.0,,-,105302.0,0.0001
2024-12-31,rest,Balanced Growth,LISTED EQUITY,1,VEOLIA ENVIRONNEMENT SA,-,VIE,BB Ticker,FP,2319.0,,-,105165.0,0.0001
2024-12-31,rest,Balanced Growth,LISTED EQUITY,1,BANNERMAN ENERGY LTD.,-,BMN,BB Ticker,AU,36246.0,,-,105111.0,0.0001
2024-12-31,rest,Balanced Growth,LISTED EQUITY,1,CETTIRE LTD.,-,CTT,BB Ticker,AU,69568.0,,-,105048.0,0.0001
2024-12-31,rest,Balanced Growth,LISTED EQUITY,1,MAHINDRA & MAHINDRA LTD.,-,MM,BB Ticker,IN,1850.0,,-,104967.0,0.0001
2024-12-31,rest,Balanced Growth,LISTED EQUITY,1,"SNOWFLAKE, INC.",-,SNOW,BB Ticker,US,419.0,,-,104573.0,0.0001
2024-12-31,rest,Balanced Growth,LISTED EQUITY,1,YPF SA,-,YPF,BB Ticker,US,1512.0,,-,103787.0,0.0001
2024-12-31,rest,Balanced Growth,LISTED EQUITY,1,"QUANTA COMPUTER, INC.",-,2382,BB Ticker,TT,7306.0,,-,103301.0,0.0001
2024-12-31,rest,Balanced Growth,LISTED EQUITY,1,"ENEOS HOLDINGS, INC.",-,5020,BB Ticker,JP,12150.0,,-,103176.0,0.0001
2024-12-31,rest,Balanced Growth,LISTED EQUITY,1,BASF SE,-,BAS,BB Ticker,GR,1450.0,,-,102957.0,0.0001
2024-12-31,rest,Balanced Growth,LISTED EQUITY,1,TENET HEALTHCARE CORP.,-,THC,BB Ticker,US,505.0,,-,102913.0,0.0001
2024-12-31,rest,Balanced Growth,LISTED EQUITY,1,PHILLIPS 66,-,PSX,BB Ticker,US,559.0,,-,102836.0,0.0001
2024-12-31,rest,Balanced Growth,LISTED EQUITY,1,"BUILDERS FIRSTSOURCE, INC.",-,BLDR,BB Ticker,US,445.0,,-,102624.0,0.0001
2024-12-31,rest,Balanced Growth,LISTED EQUITY,1,IMDEX LTD.,-,IMD,BB Ticker,AU,44125.0,,-,102370.0,0.0001
2024-12-31,rest,Balanced Growth,LISTED EQUITY,1,"HUMANA, INC.",-,HUM,BB Ticker,US,249.0,,-,102302.0,0.0001
2024-12-31,rest,Balanced Growth,LISTED EQUITY,1,KINGFISHER PLC,-,KGF,BB Ticker,LN,20123.0,,-,101235.0,0.0001
2024-12-31,rest,Balanced Growth,LISTED EQUITY,1,VALE SA,-,VALE,BB Ticker,US,7051.0,,-,101013.0,0.0001
2024-12-31,rest,Balanced Growth,LISTED EQUITY,1,CHINA MERCHANTS SHEKOU INDUSTRIAL ZONE HOLDINGS CO. LTD.,-,001979,BB Ticker,C2,44441.0,,-,100695.0,0.0001
2024-12-31,rest,Balanced Growth,LISTED EQUITY,1,"CGI, INC.",-,GIBA,BB Ticker,CN,570.0,,-,100683.0,0.0001
2024-12-31,rest,Balanced Growth,LISTED EQUITY,1,ASSOCIATED BRITISH FOODS PLC,-,ABF,BB Ticker,LN,2432.0,,-,100505.0,0.0001
2024-12-31,rest,Balanced Growth,LISTED EQUITY,1,AON PLC,-,AON,BB Ticker,US,172.0,,-,99771.0,0.0001
2024-12-31,rest,Balanced Growth,LISTED EQUITY,1,GMR AIRPORTS INFRASTRUCTURE LTD.,-,GMRAIRPO,BB Ticker,IN,67220.0,,-,99623.0,0.0001
2024-12-31,rest,Balanced Growth,LISTED EQUITY,1,MOLSON COORS BEVERAGE CO.,-,TAP,BB Ticker,US,1073.0,,-,99277.0,0.0001
2024-12-31,rest,Balanced Growth,LISTED EQUITY,1,DISCOVER FINANCIAL SERVICES,-,DFS,BB Ticker,US,354.0,,-,99168.0,0.0001
2024-12-31,rest,Balanced Growth,LISTED EQUITY,1,AGRICULTURAL BANK OF CHINA LTD.,-,1288,BB Ticker,HK,107437.0,,-,98959.0,0.0001
2024-12-31,rest,Balanced Growth,LISTED EQUITY,1,UNUM GROUP,-,UNM,BB Ticker,US,838.0,,-,98861.0,0.0001
2024-12-31,rest,Balanced Growth,LISTED EQUITY,1,CHALICE MINING LTD.,-,CHN,BB Ticker,AU,88925.0,,-,98263.0,0.0001
2024-12-31,rest,Balanced Growth,LISTED EQUITY,1,"AMERIPRISE FINANCIAL, INC.",-,AMP,BB Ticker,US,114.0,,-,98134.0,0.0001
2024-12-31,rest,Balanced Growth,LISTED EQUITY,1,"BREAD FINANCIAL HOLDINGS, INC.",-,BFH,BB Ticker,US,995.0,,-,98129.0,0.0001
2024-12-31,rest,Balanced Growth,LISTED EQUITY,1,TERUMO CORP.,-,4543,BB Ticker,JP,3111.0,,-,97901.0,0.0001
2024-12-31,rest,Balanced Growth,LISTED EQUITY,1,ROYALTY PHARMA PLC,-,RPRX,BB Ticker,US,2355.0,,-,97035.0,0.0001
2024-12-31,rest,Balanced Growth,LISTED EQUITY,1,MURATA MANUFACTURING CO. LTD.,-,6981,BB Ticker,JP,3685.0,,-,96927.0,0.0001
2024-12-31,rest,Balanced Growth,LISTED EQUITY,1,COSCO SHIPPING HOLDINGS CO. LTD.,-,1919,BB Ticker,HK,36269.0,,-,96526.0,0.0001
2024-12-31,rest,Balanced Growth,LISTED EQUITY,1,"TOLL BROTHERS, INC.",-,TOL,BB Ticker,US,474.0,,-,96486.0,0.0001
2024-12-31,rest,Balanced Growth,LISTED EQUITY,1,BHARAT FORGE LTD.,-,BHFC,BB Ticker,IN,3934.0,,-,96436.0,0.0001
2024-12-31,rest,Balanced Growth,LISTED EQUITY,1,FAST RETAILING CO. LTD.,-,9983,BB Ticker,JP,173.0,,-,95912.0,0.0001
2024-12-31,rest,Balanced Growth,LISTED EQUITY,1,"JACKSON FINANCIAL, INC.",-,JXN,BB Ticker,US,682.0,,-,95897.0,0.0001
2024-12-31,rest,Balanced Growth,LISTED EQUITY,1,LYONDELLBASELL INDUSTRIES NV,-,LYB,BB Ticker,US,798.0,,-,95699.0,0.0001
2024-12-31,rest,Balanced Growth,LISTED EQUITY,1,ORSTED AS,-,ORSTED,BB Ticker,DC,1313.0,,-,95494.0,0.0001
2024-12-31,rest,Balanced Growth,LISTED EQUITY,1,OVERSEAS-CHINESE BANKING CORP. LTD.,-,OCBC,BB Ticker,SP,4826.0,,-,95362.0,0.0001
2024-12-31,rest,Balanced Growth,LISTED EQUITY,1,RICOH CO. LTD.,-,7752,BB Ticker,JP,5117.0,,-,95258.0,0.0001
2024-12-31,rest,Balanced Growth,LISTED EQUITY,1,"TEXAS ROADHOUSE, INC.",-,TXRH,BB Ticker,US,327.0,,-,95227.0,0.0001
2024-12-31,rest,Balanced Growth,LISTED EQUITY,1,ORANGE SA,-,ORA,BB Ticker,FP,5885.0,,-,94761.0,0.0001
2024-12-31,rest,Balanced Growth,LISTED EQUITY,1,"STEEL DYNAMICS, INC.",-,STLD,BB Ticker,US,506.0,,-,93209.0,0.0001
2024-12-31,rest,Balanced Growth,LISTED EQUITY,1,APTIV PLC,-,APTV,BB Ticker,US,951.0,,-,92874.0,0.0001
2024-12-31,rest,Balanced Growth,LISTED EQUITY,1,PETROLEO BRASILEIRO SA,-,PBRA,BB Ticker,US,4850.0,,-,92739.0,0.0001
2024-12-31,rest,Balanced Growth,LISTED EQUITY,1,EURONEXT NV,-,ENX,BB Ticker,FP,512.0,,-,92679.0,0.0001
2024-12-31,rest,Balanced Growth,LISTED EQUITY,1,"MARKETAXESS HOLDINGS, INC.",-,MKTX,BB Ticker,US,253.0,,-,92481.0,0.0001
2024-12-31,rest,Balanced Growth,LISTED EQUITY,1,UOL GROUP LTD.,-,UOL,BB Ticker,SP,15126.0,,-,92406.0,0.0001
2024-12-31,rest,Balanced Growth,LISTED EQUITY,1,ZALANDO SE,-,ZAL,BB Ticker,GR,1699.0,,-,92039.0,0.0001
2024-12-31,rest,Balanced Growth,LISTED EQUITY,1,AMDOCS LTD.,-,DOX,BB Ticker,US,668.0,,-,91904.0,0.0001
2024-12-31,rest,Balanced Growth,LISTED EQUITY,1,"REINSURANCE GROUP OF AMERICA, INC.",-,RGA,BB Ticker,US,266.0,,-,91640.0,0.0001
2024-12-31,rest,Balanced Growth,LISTED EQUITY,1,NUIX LTD.,-,NXL,BB Ticker,AU,14487.0,,-,91563.0,0.0001
2024-12-31,rest,Balanced Growth,LISTED EQUITY,1,"JOBY AVIATION, INC.",-,JOBY,BB Ticker,US,6914.0,,-,90791.0,0.0001
2024-12-31,rest,Balanced Growth,LISTED EQUITY,1,SF HOLDING CO. LTD.,-,6936,BB Ticker,HK,12937.0,,-,90781.0,0.0001
2024-12-31,rest,Balanced Growth,LISTED EQUITY,1,"NORTHLAND POWER, INC.",-,NPI,BB Ticker,CN,4486.0,,-,90175.0,0.0001
2024-12-31,rest,Balanced Growth,LISTED EQUITY,1,"TEGNA, INC.",-,TGNA,BB Ticker,US,3050.0,,-,90084.0,0.0001
2024-12-31,rest,Balanced Growth,LISTED EQUITY,1,FOX CORP.,-,FOXA,BB Ticker,US,1147.0,,-,90010.0,0.0001
2024-12-31,rest,Balanced Growth,LISTED EQUITY,1,TEMPLE & WEBSTER GROUP LTD.,-,TPW,BB Ticker,AU,6866.0,,-,89952.0,0.0001
2024-12-31,rest,Balanced Growth,LISTED EQUITY,1,EVA AIRWAYS CORP.,-,2618,BB Ticker,TT,41019.0,,-,89621.0,0.0001
2024-12-31,rest,Balanced Growth,LISTED EQUITY,1,"SYMBOTIC, INC.",-,SYM,BB Ticker,US,2337.0,,-,89477.0,0.0001
2024-12-31,rest,Balanced Growth,LISTED EQUITY,1,VERTIV HOLDINGS CO.,-,VRT,BB Ticker,US,486.0,,-,89246.0,0.0001
2024-12-31,rest,Balanced Growth,LISTED EQUITY,1,H WORLD GROUP LTD.,-,HTHT,BB Ticker,US,1671.0,,-,89127.0,0.0001
2024-12-31,rest,Balanced Growth,LISTED EQUITY,1,JANUS HENDERSON GROUP PLC,-,JHG,BB Ticker,US,1295.0,,-,88935.0,0.0001
2024-12-31,rest,Balanced Growth,LISTED EQUITY,1,TERADATA CORP.,-,TDC,BB Ticker,US,1768.0,,-,88931.0,0.0001
2024-12-31,rest,Balanced Growth,LISTED EQUITY,1,"F5, INC.",-,FFIV,BB Ticker,US,218.0,,-,88567.0,0.0001
2024-12-31,rest,Balanced Growth,LISTED EQUITY,1,ZHEJIANG SANHUA INTELLIGENT CONTROLS CO. LTD.,-,002050,BB Ticker,C2,16997.0,,-,88420.0,0.0001
2024-12-31,rest,Balanced Growth,LISTED EQUITY,1,SEIKO EPSON CORP.,-,6724,BB Ticker,JP,2987.0,,-,88283.0,0.0001
2024-12-31,rest,Balanced Growth,LISTED EQUITY,1,REALTEK SEMICONDUCTOR CORP.,-,2379,BB Ticker,TT,3124.0,,-,87414.0,0.0001
2024-12-31,rest,Balanced Growth,LISTED EQUITY,1,"GENERAL MILLS, INC.",-,GIS,BB Ticker,US,848.0,,-,87283.0,0.0001
2024-12-31,rest,Balanced Growth,LISTED EQUITY,1,DETERRA ROYALTIES LTD.,-,DRR,BB Ticker,AU,23447.0,,-,87224.0,0.0001
2024-12-31,rest,Balanced Growth,LISTED EQUITY,1,SIEMENS ENERGY AG,-,ENR,BB Ticker,GR,1034.0,,-,87131.0,0.0001
2024-12-31,rest,Balanced Growth,LISTED EQUITY,1,"MONOLITHIC POWER SYSTEMS, INC.",-,MPWR,BB Ticker,US,91.0,,-,86808.0,0.0001
2024-12-31,rest,Balanced Growth,LISTED EQUITY,1,"TELADOC HEALTH, INC.",-,TDOC,BB Ticker,US,5912.0,,-,86793.0,0.0001
2024-12-31,rest,Balanced Growth,LISTED EQUITY,1,SOFTBANK GROUP CORP.,-,9984,BB Ticker,JP,916.0,,-,86537.0,0.0
2024-12-31,rest,Balanced Growth,LISTED EQUITY,1,"SONOS, INC.",-,SONO,BB Ticker,US,3557.0,,-,86393.0,0.0
2024-12-31,rest,Balanced Growth,LISTED EQUITY,1,JUMBO INTERACTIVE LTD.,-,JIN,BB Ticker,AU,6205.0,,-,86378.0,0.0
2024-12-31,rest,Balanced Growth,LISTED EQUITY,1,LEGRAND SA,-,LR,BB Ticker,FP,544.0,,-,85497.0,0.0
2024-12-31,rest,Balanced Growth,LISTED EQUITY,1,YADEA GROUP HOLDINGS LTD.,-,1585,BB Ticker,HK,31698.0,,-,85283.0,0.0
2024-12-31,rest,Balanced Growth,LISTED EQUITY,1,AP MOLLER - MAERSK AS,-,MAERSKB,BB Ticker,DC,32.0,,-,85245.0,0.0
2024-12-31,rest,Balanced Growth,LISTED EQUITY,1,EMERALD RESOURCES NL,-,EMR,BB Ticker,AU,26206.0,,-,85169.0,0.0
2024-12-31,rest,Balanced Growth,LISTED EQUITY,1,FIRSTSERVICE CORP.,-,FSV,BB Ticker,CN,291.0,,-,85089.0,0.0
2024-12-31,rest,Balanced Growth,LISTED EQUITY,1,"CARTER'S, INC.",-,CRI,BB Ticker,US,969.0,,-,84817.0,0.0
2024-12-31,rest,Balanced Growth,LISTED EQUITY,1,SOUTHERN CROSS MEDIA GROUP LTD.,-,SXL,BB Ticker,AU,140510.0,,-,84306.0,0.0
2024-12-31,rest,Balanced Growth,LISTED EQUITY,1,DR REDDY'S LABORATORIES LTD.,-,RDY,BB Ticker,US,3289.0,,-,83871.0,0.0
2024-12-31,rest,Balanced Growth,LISTED EQUITY,1,EVERGREEN MARINE CORP. TAIWAN LTD.,-,2603,BB Ticker,TT,7523.0,,-,83387.0,0.0
2024-12-31,rest,Balanced Growth,LISTED EQUITY,1,FLEX LTD.,-,FLEX,BB Ticker,US,1342.0,,-,83183.0,0.0
2024-12-31,rest,Balanced Growth,LISTED EQUITY,1,PERPETUAL LTD.,-,PPT,BB Ticker,AU,4181.0,,-,83162.0,0.0
2024-12-31,rest,Balanced Growth,LISTED EQUITY,1,"O'REILLY AUTOMOTIVE, INC.",-,ORLY,BB Ticker,US,43.0,,-,82857.0,0.0
2024-12-31,rest,Balanced Growth,LISTED EQUITY,1,"YELP, INC.",-,YELP,BB Ticker,US,1318.0,,-,82371.0,0.0
2024-12-31,rest,Balanced Growth,LISTED EQUITY,1,"DICK'S SPORTING GOODS, INC.",-,DKS,BB Ticker,US,222.0,,-,82194.0,0.0
2024-12-31,rest,Balanced Growth,LISTED EQUITY,1,PUBLICIS GROUPE SA,-,PUB,BB Ticker,FP,477.0,,-,82174.0,0.0
2024-12-31,rest,Balanced Growth,LISTED EQUITY,1,"AFLAC, INC.",-,AFL,BB Ticker,US,491.0,,-,82105.0,0.0
2024-12-31,rest,Balanced Growth,LISTED EQUITY,1,ARB CORP. LTD.,-,ARB,BB Ticker,AU,2018.0,,-,81940.0,0.0
2024-12-31,rest,Balanced Growth,LISTED EQUITY,1,BEGA CHEESE LTD.,-,BGA,BB Ticker,AU,14198.0,,-,81925.0,0.0
2024-12-31,rest,Balanced Growth,LISTED EQUITY,1,"PAYCHEX, INC.",-,PAYX,BB Ticker,US,361.0,,-,81853.0,0.0
2024-12-31,rest,Balanced Growth,LISTED EQUITY,1,"CELSIUS HOLDINGS, INC.",-,CELH,BB Ticker,US,1924.0,,-,81845.0,0.0
2024-12-31,rest,Balanced Growth,LISTED EQUITY,1,COCA-COLA FEMSA SAB DE CV,-,KOF,BB Ticker,US,648.0,,-,81501.0,0.0
2024-12-31,rest,Balanced Growth,LISTED EQUITY,1,"NUTANIX, INC.",-,NTNX,BB Ticker,US,823.0,,-,81349.0,0.0
2024-12-31,rest,Balanced Growth,LISTED EQUITY,1,"DAI-ICHI LIFE HOLDINGS, INC.",-,8750,BB Ticker,JP,1860.0,,-,80966.0,0.0
2024-12-31,rest,Balanced Growth,LISTED EQUITY,1,SAGE GROUP PLC,-,SGE,BB Ticker,LN,3129.0,,-,80596.0,0.0
2024-12-31,rest,Balanced Growth,LISTED EQUITY,1,JBS SA,-,JBSS3,BB Ticker,BZ,8489.0,,-,80565.0,0.0
2024-12-31,rest,Balanced Growth,LISTED EQUITY,1,INVESCO LTD.,-,IVZ,BB Ticker,US,2851.0,,-,80496.0,0.0
2024-12-31,rest,Balanced Growth,LISTED EQUITY,1,CHONGQING BREWERY CO. LTD.,-,600132,SEDOL,C1,5772.0,,-,80489.0,0.0
2024-12-31,rest,Balanced Growth,LISTED EQUITY,1,HEICO CORP.,-,HEI,BB Ticker,US,209.0,,-,80440.0,0.0
2024-12-31,rest,Balanced Growth,LISTED EQUITY,1,LOVISA HOLDINGS LTD.,-,LOV,BB Ticker,AU,2654.0,,-,80041.0,0.0
2024-12-31,rest,Balanced Growth,LISTED EQUITY,1,"ONEMAIN HOLDINGS, INC.",-,OMF,BB Ticker,US,950.0,,-,80001.0,0.0
2024-12-31,rest,Balanced Growth,LISTED EQUITY,1,"ALNYLAM PHARMACEUTICALS, INC.",-,ALNY,BB Ticker,US,210.0,,-,79763.0,0.0
2024-12-31,rest,Balanced Growth,LISTED EQUITY,1,RESOLUTE MINING LTD.,-,RSG,BB Ticker,AU,201528.0,,-,79603.0,0.0
2024-12-31,rest,Balanced Growth,LISTED EQUITY,1,LOGITECH INTERNATIONAL SA,-,LOGN,BB Ticker,SW,594.0,,-,79476.0,0.0
2024-12-31,rest,Balanced Growth,LISTED EQUITY,1,MEDIOBANCA BANCA DI CREDITO FINANZIARIO SPA,-,MB,BB Ticker,IM,3354.0,,-,78956.0,0.0
2024-12-31,rest,Balanced Growth,LISTED EQUITY,1,LEONARDO SPA,-,LDO,BB Ticker,IM,1813.0,,-,78611.0,0.0
2024-12-31,rest,Balanced Growth,LISTED EQUITY,1,CYBERARK SOFTWARE LTD.,-,CYBR,BB Ticker,US,146.0,,-,78358.0,0.0
2024-12-31,rest,Balanced Growth,LISTED EQUITY,1,ASAHI KASEI CORP.,-,3407,SEDOL,JP,6973.0,,-,78294.0,0.0
2024-12-31,rest,Balanced Growth,LISTED EQUITY,1,CHORUS LTD.,-,CNU,BB Ticker,AU,9845.0,,-,78167.0,0.0
2024-12-31,rest,Balanced Growth,LISTED EQUITY,1,DXC TECHNOLOGY CO.,-,DXC,BB Ticker,US,2421.0,,-,78124.0,0.0
2024-12-31,rest,Balanced Growth,LISTED EQUITY,1,KEYERA CORP.,-,KEY,BB Ticker,CN,1581.0,,-,78046.0,0.0
2024-12-31,rest,Balanced Growth,LISTED EQUITY,1,CMS ENERGY CORP.,-,CMS,BB Ticker,US,725.0,,-,78024.0,0.0
2024-12-31,rest,Balanced Growth,LISTED EQUITY,1,INDUSTRIAL BANK CO. LTD.,-,601166,BB Ticker,C1,18347.0,,-,77783.0,0.0
2024-12-31,rest,Balanced Growth,LISTED EQUITY,1,MITSUBISHI HEAVY INDUSTRIES LTD.,-,7011,BB Ticker,JP,3400.0,,-,77688.0,0.0
2024-12-31,rest,Balanced Growth,LISTED EQUITY,1,VESTAS WIND SYSTEMS AS,-,VWS,BB Ticker,DC,3514.0,,-,77305.0,0.0
2024-12-31,rest,Balanced Growth,LISTED EQUITY,1,AUSTRALIAN CLINICAL LABS LTD.,-,ACL,BB Ticker,AU,22469.0,,-,77293.0,0.0
2024-12-31,rest,Balanced Growth,LISTED EQUITY,1,"NETSCOUT SYSTEMS, INC.",-,NTCT,BB Ticker,US,2204.0,,-,77089.0,0.0
2024-12-31,rest,Balanced Growth,LISTED EQUITY,1,LINCOLN NATIONAL CORP.,-,LNC,BB Ticker,US,1505.0,,-,77056.0,0.0
2024-12-31,rest,Balanced Growth,LISTED EQUITY,1,CVS HEALTH CORP.,-,CVS,BB Ticker,US,1059.0,,-,76763.0,0.0
2024-12-31,rest,Balanced Growth,LISTED EQUITY,1,"PREMIER, INC.",-,PINC,BB Ticker,US,2240.0,,-,76689.0,0.0
2024-12-31,rest,Balanced Growth,LISTED EQUITY,1,TATA MOTORS LTD.,-,TTMT,BB Ticker,IN,5490.0,,-,76662.0,0.0
2024-12-31,rest,Balanced Growth,LISTED EQUITY,1,INTERNATIONAL GAMES SYSTEM CO. LTD.,-,3293,BB Ticker,TT,1594.0,,-,76478.0,0.0
2024-12-31,rest,Balanced Growth,LISTED EQUITY,1,"STANTEC, INC.",-,STN,BB Ticker,CN,603.0,,-,76290.0,0.0
2024-12-31,rest,Balanced Growth,LISTED EQUITY,1,BANCA MEDIOLANUM SPA,-,BMED,BB Ticker,IM,3952.0,,-,75937.0,0.0
2024-12-31,rest,Balanced Growth,LISTED EQUITY,1,POWSZECHNY ZAKLAD UBEZPIECZEN SA,-,PZU,BB Ticker,PW,4222.0,,-,75675.0,0.0
2024-12-31,rest,Balanced Growth,LISTED EQUITY,1,SHANGHAI PUDONG DEVELOPMENT BANK CO. LTD.,-,600000,BB Ticker,C1,33222.0,,-,75642.0,0.0
2024-12-31,rest,Balanced Growth,LISTED EQUITY,1,"CIRRUS LOGIC, INC.",-,CRUS,BB Ticker,US,470.0,,-,75639.0,0.0
2024-12-31,rest,Balanced Growth,LISTED EQUITY,1,FUJITSU LTD.,-,6702,BB Ticker,JP,2618.0,,-,75312.0,0.0
2024-12-31,rest,Balanced Growth,LISTED EQUITY,1,FLOWSERVE CORP.,-,FLS,BB Ticker,US,809.0,,-,75180.0,0.0
2024-12-31,rest,Balanced Growth,LISTED EQUITY,1,NIB HOLDINGS LTD.,-,NHF,BB Ticker,AU,13689.0,,-,75017.0,0.0
2024-12-31,rest,Balanced Growth,LISTED EQUITY,1,"TETRA TECH, INC.",-,TTEK,BB Ticker,US,1161.0,,-,74695.0,0.0
2024-12-31,rest,Balanced Growth,LISTED EQUITY,1,ARAB NATIONAL BANK,-,ARNB,BB Ticker,AB,8209.0,,-,74381.0,0.0
2024-12-31,rest,Balanced Growth,LISTED EQUITY,1,EMPIRE CO. LTD.,-,EMPA,BB Ticker,CN,1506.0,,-,74216.0,0.0
2024-12-31,rest,Balanced Growth,LISTED EQUITY,1,NEXT PLC,-,NXT,BB Ticker,LN,386.0,,-,74169.0,0.0
2024-12-31,rest,Balanced Growth,LISTED EQUITY,1,CARRIER GLOBAL CORP.,-,CARR,BB Ticker,US,669.0,,-,73810.0,0.0
2024-12-31,rest,Balanced Growth,LISTED EQUITY,1,STANDARD BANK GROUP LTD.,-,SBK,BB Ticker,SJ,3886.0,,-,73762.0,0.0
2024-12-31,rest,Balanced Growth,LISTED EQUITY,1,"UNIVERSAL HEALTH SERVICES, INC.",-,UHS,BB Ticker,US,253.0,,-,73403.0,0.0
2024-12-31,rest,Balanced Growth,LISTED EQUITY,1,INTERTEK GROUP PLC,-,ITRK,BB Ticker,LN,765.0,,-,73172.0,0.0
2024-12-31,rest,Balanced Growth,LISTED EQUITY,1,HON HAI PRECISION INDUSTRY CO. LTD.,-,2317,BB Ticker,TT,8058.0,,-,73047.0,0.0
2024-12-31,rest,Balanced Growth,LISTED EQUITY,1,VINCOM RETAIL JSC,-,VRE,BB Ticker,VN,67207.0,,-,73046.0,0.0
2024-12-31,rest,Balanced Growth,LISTED EQUITY,1,"RESIDEO TECHNOLOGIES, INC.",-,REZI,BB Ticker,US,1960.0,,-,72964.0,0.0
2024-12-31,rest,Balanced Growth,LISTED EQUITY,1,HERO MOTOCORP LTD.,-,HMCL,BB Ticker,IN,927.0,,-,72768.0,0.0
2024-12-31,rest,Balanced Growth,LISTED EQUITY,1,SANTEN PHARMACEUTICAL CO. LTD.,-,4536,BB Ticker,JP,4345.0,,-,72278.0,0.0
2024-12-31,rest,Balanced Growth,LISTED EQUITY,1,CRH PLC,-,CRH,BB Ticker,US,483.0,,-,72157.0,0.0
2024-12-31,rest,Balanced Growth,LISTED EQUITY,1,MONSTER BEVERAGE CORP.,-,MNST,BB Ticker,US,849.0,,-,72085.0,0.0
2024-12-31,rest,Balanced Growth,LISTED EQUITY,1,CUMMINS INDIA LTD.,-,KKC,BB Ticker,IN,1167.0,,-,72070.0,0.0
2024-12-31,rest,Balanced Growth,LISTED EQUITY,1,SUMCO CORP.,-,3436,BB Ticker,JP,5902.0,,-,71757.0,0.0
2024-12-31,rest,Balanced Growth,LISTED EQUITY,1,SIGNIFY NV,-,LIGHT,BB Ticker,,1985.0,,-,71639.0,0.0
2024-12-31,rest,Balanced Growth,LISTED EQUITY,1,"PURE STORAGE, INC.",-,PSTG,BB Ticker,US,715.0,,-,70938.0,0.0
2024-12-31,rest,Balanced Growth,LISTED EQUITY,1,ALLEGION PLC,-,ALLE,BB Ticker,US,334.0,,-,70546.0,0.0
2024-12-31,rest,Balanced Growth,LISTED EQUITY,1,SUN PHARMACEUTICAL INDUSTRIES LTD.,-,SUNP,BB Ticker,IN,1980.0,,-,70462.0,0.0
2024-12-31,rest,Balanced Growth,LISTED EQUITY,1,SAMSONITE INTERNATIONAL SA,-,1910,BB Ticker,HK,15660.0,,-,70332.0,0.0
2024-12-31,rest,Balanced Growth,LISTED EQUITY,1,NATIONAL BANK OF CANADA,-,,N/A,CN,477.0,,-,70216.0,0.0
2024-12-31,rest,Balanced Growth,LISTED EQUITY,1,SUZUKEN CO. LTD.,-,9987,BB Ticker,JP,1428.0,,-,69521.0,0.0
2024-12-31,rest,Balanced Growth,LISTED EQUITY,1,"AUTOZONE, INC.",-,AZO,BB Ticker,US,13.0,,-,69040.0,0.0
2024-12-31,rest,Balanced Growth,LISTED EQUITY,1,SYMRISE AG,-,SY1,BB Ticker,GR,402.0,,-,69032.0,0.0
2024-12-31,rest,Balanced Growth,LISTED EQUITY,1,OOH!MEDIA LTD.,-,OML,BB Ticker,AU,58263.0,,-,68750.0,0.0
2024-12-31,rest,Balanced Growth,LISTED EQUITY,1,CHINA CITIC BANK CORP. LTD.,-,998,BB Ticker,HK,61432.0,,-,68591.0,0.0
2024-12-31,rest,Balanced Growth,LISTED EQUITY,1,"EXELIXIS, INC.",-,EXEL,BB Ticker,US,1273.0,,-,68455.0,0.0
2024-12-31,rest,Balanced Growth,LISTED EQUITY,1,PRIMO BRANDS CORP.,-,PRMB,BB Ticker,US,1376.0,,-,68391.0,0.0
2024-12-31,rest,Balanced Growth,LISTED EQUITY,1,SUMITOMO CORP.,-,8053,BB Ticker,JP,1937.0,,-,68233.0,0.0
2024-12-31,rest,Balanced Growth,LISTED EQUITY,1,"WILLIAMS COS., INC.",-,WMB,BB Ticker,US,778.0,,-,67995.0,0.0
2024-12-31,rest,Balanced Growth,LISTED EQUITY,1,"BROADRIDGE FINANCIAL SOLUTIONS, INC.",-,BR,BB Ticker,US,186.0,,-,67932.0,0.0
2024-12-31,rest,Balanced Growth,LISTED EQUITY,1,ENCOMPASS HEALTH CORP.,-,EHC,BB Ticker,US,455.0,,-,67859.0,0.0
2024-12-31,rest,Balanced Growth,LISTED EQUITY,1,KAMIGUMI CO. LTD.,-,9364,SEDOL,JP,1922.0,,-,67614.0,0.0
2024-12-31,rest,Balanced Growth,LISTED EQUITY,1,SEAGATE TECHNOLOGY HOLDINGS PLC,-,STX,BB Ticker,US,485.0,,-,67534.0,0.0
2024-12-31,rest,Balanced Growth,LISTED EQUITY,1,CIA ENERGETICA DE MINAS GERAIS,-,CMIG4,BB Ticker,BZ,23195.0,,-,67371.0,0.0
2024-12-31,rest,Balanced Growth,LISTED EQUITY,1,"ANA HOLDINGS, INC.",-,9202,BB Ticker,JP,2275.0,,-,66987.0,0.0
2024-12-31,rest,Balanced Growth,LISTED EQUITY,1,OTIS WORLDWIDE CORP.,-,OTIS,BB Ticker,US,446.0,,-,66751.0,0.0
2024-12-31,rest,Balanced Growth,LISTED EQUITY,1,"AMERICAN INTERNATIONAL GROUP, INC.",-,AIG,BB Ticker,US,566.0,,-,66607.0,0.0
2024-12-31,rest,Balanced Growth,LISTED EQUITY,1,PRUDENTIAL PLC,-,PRU,BB Ticker,LN,5163.0,,-,66531.0,0.0
2024-12-31,rest,Balanced Growth,LISTED EQUITY,1,EXPERIAN PLC,-,EXPN,BB Ticker,LN,949.0,,-,66138.0,0.0
2024-12-31,rest,Balanced Growth,LISTED EQUITY,1,"MSCI, INC.",-,MSCI,BB Ticker,US,68.0,,-,66119.0,0.0
2024-12-31,rest,Balanced Growth,LISTED EQUITY,1,DEVELOP GLOBAL LTD.,-,DVP,BB Ticker,AU,28196.0,,-,65979.0,0.0
2024-12-31,rest,Balanced Growth,LISTED EQUITY,1,WESTERN UNION CO.,-,WU,BB Ticker,US,3850.0,,-,65919.0,0.0
2024-12-31,rest,Balanced Growth,LISTED EQUITY,1,CURTISS-WRIGHT CORP.,-,CW,BB Ticker,US,115.0,,-,65831.0,0.0
2024-12-31,rest,Balanced Growth,LISTED EQUITY,1,NEWMONT CORP.,-,NEM,BB Ticker,US,1092.0,,-,65646.0,0.0
2024-12-31,rest,Balanced Growth,LISTED EQUITY,1,ARAMARK,-,ARMK,BB Ticker,US,1089.0,,-,65638.0,0.0
2024-12-31,rest,Balanced Growth,LISTED EQUITY,1,NIPPON TELEGRAPH & TELEPHONE CORP.,-,9432,BB Ticker,JP,40348.0,,-,65515.0,0.0
2024-12-31,rest,Balanced Growth,LISTED EQUITY,1,BANK OF COMMUNICATIONS CO. LTD.,-,3328,BB Ticker,HK,49217.0,,-,65391.0,0.0
2024-12-31,rest,Balanced Growth,LISTED EQUITY,1,TEXAS PACIFIC LAND CORP.,-,TPL,BB Ticker,US,36.0,,-,65321.0,0.0
2024-12-31,rest,Balanced Growth,LISTED EQUITY,1,DENSO CORP.,-,6902,BB Ticker,JP,2864.0,,-,65175.0,0.0
2024-12-31,rest,Balanced Growth,LISTED EQUITY,1,NICKEL INDUSTRIES LTD.,-,NIC,BB Ticker,AU,78837.0,,-,65040.0,0.0
2024-12-31,rest,Balanced Growth,LISTED EQUITY,1,MCMILLAN SHAKESPEARE LTD.,-,MMS,BB Ticker,AU,4332.0,,-,64972.0,0.0
2024-12-31,rest,Balanced Growth,LISTED EQUITY,1,OBAYASHI CORP.,-,1802,BB Ticker,JP,3021.0,,-,64972.0,0.0
2024-12-31,rest,Balanced Growth,LISTED EQUITY,1,"CENCORA, INC.",-,COR,BB Ticker,US,179.0,,-,64958.0,0.0
2024-12-31,rest,Balanced Growth,LISTED EQUITY,1,"ARROW ELECTRONICS, INC.",-,ARW,BB Ticker,US,355.0,,-,64869.0,0.0
2024-12-31,rest,Balanced Growth,LISTED EQUITY,1,APA GROUP,-,APA,BB Ticker,AU,9193.0,,-,64078.0,0.0
2024-12-31,rest,Balanced Growth,LISTED EQUITY,1,CSX CORP.,-,CSX,BB Ticker,US,1229.0,,-,64059.0,0.0
2024-12-31,rest,Balanced Growth,LISTED EQUITY,1,MGM RESORTS INTERNATIONAL,-,MGM,BB Ticker,US,1145.0,,-,64030.0,0.0
2024-12-31,rest,Balanced Growth,LISTED EQUITY,1,GRUPO FINANCIERO GALICIA SA,-,GGAL,BB Ticker,US,636.0,,-,64017.0,0.0
2024-12-31,rest,Balanced Growth,LISTED EQUITY,1,"QUANTA SERVICES, INC.",-,PWR,BB Ticker,US,125.0,,-,64012.0,0.0
2024-12-31,rest,Balanced Growth,LISTED EQUITY,1,TELEFONICA BRASIL SA,-,VIV,BB Ticker,US,5240.0,,-,63899.0,0.0
2024-12-31,rest,Balanced Growth,LISTED EQUITY,1,IMPALA PLATINUM HOLDINGS LTD.,-,IMP,BB Ticker,SJ,8490.0,,-,63764.0,0.0
2024-12-31,rest,Balanced Growth,LISTED EQUITY,1,BANCO DO BRASIL SA,-,BBAS3,BB Ticker,BZ,10070.0,,-,63634.0,0.0
2024-12-31,rest,Balanced Growth,LISTED EQUITY,1,SILEX SYSTEMS LTD.,-,SLX,BB Ticker,AU,12591.0,,-,63585.0,0.0
2024-12-31,rest,Balanced Growth,LISTED EQUITY,1,KUEHNE & NAGEL INTERNATIONAL AG,-,KNIN,BB Ticker,SW,171.0,,-,63530.0,0.0
2024-12-31,rest,Balanced Growth,LISTED EQUITY,1,"STEELCASE, INC.",-,SCS,BB Ticker,US,3319.0,,-,63363.0,0.0
2024-12-31,rest,Balanced Growth,LISTED EQUITY,1,"ASTELLAS PHARMA, INC.",-,4503,BB Ticker,JP,3993.0,,-,62957.0,0.0
2024-12-31,rest,Balanced Growth,LISTED EQUITY,1,HANSEN TECHNOLOGIES LTD.,-,HSN,BB Ticker,AU,11766.0,,-,62945.0,0.0
2024-12-31,rest,Balanced Growth,LISTED EQUITY,1,ANHEUSER-BUSCH INBEV SA,-,ABI,BB Ticker,BB,779.0,,-,62923.0,0.0
2024-12-31,rest,Balanced Growth,LISTED EQUITY,1,HF SINCLAIR CORP.,-,DINO,BB Ticker,US,1104.0,,-,62504.0,0.0
2024-12-31,rest,Balanced Growth,LISTED EQUITY,1,RENAISSANCERE HOLDINGS LTD.,-,RNR,BB Ticker,US,156.0,,-,62496.0,0.0
2024-12-31,rest,Balanced Growth,LISTED EQUITY,1,"ESSENTIAL UTILITIES, INC.",-,WTRG,BB Ticker,US,1064.0,,-,62441.0,0.0
2024-12-31,rest,Balanced Growth,LISTED EQUITY,1,LEAR CORP.,-,LEA,BB Ticker,US,406.0,,-,62037.0,0.0
2024-12-31,rest,Balanced Growth,LISTED EQUITY,1,HELIA GROUP LTD.,-,HLI,BB Ticker,AU,13868.0,,-,61992.0,0.0
2024-12-31,rest,Balanced Growth,LISTED EQUITY,1,COMMERCIAL INTERNATIONAL BANK EGYPT SAE,-,CBKD,BB Ticker,LI,25758.0,,-,61655.0,0.0
2024-12-31,rest,Balanced Growth,LISTED EQUITY,1,PROSUS NV,-,PRX,BB Ticker,,961.0,,-,61630.0,0.0
2024-12-31,rest,Balanced Growth,LISTED EQUITY,1,OFX GROUP LTD.,-,OFX,BB Ticker,AU,43534.0,,-,61600.0,0.0
2024-12-31,rest,Balanced Growth,LISTED EQUITY,1,STERIS PLC,-,STE,BB Ticker,US,185.0,,-,61525.0,0.0
2024-12-31,rest,Balanced Growth,LISTED EQUITY,1,MORINAGA & CO. LTD.,-,2201,BB Ticker,JP,2197.0,,-,61332.0,0.0
2024-12-31,rest,Balanced Growth,LISTED EQUITY,1,"QUALYS, INC.",-,QLYS,BB Ticker,US,267.0,,-,60525.0,0.0
2024-12-31,rest,Balanced Growth,LISTED EQUITY,1,MASCO CORP.,-,MAS,BB Ticker,US,516.0,,-,60516.0,0.0
2024-12-31,rest,Balanced Growth,LISTED EQUITY,1,"UNITED RENTALS, INC.",-,URI,BB Ticker,US,53.0,,-,60494.0,0.0
2024-12-31,rest,Balanced Growth,LISTED EQUITY,1,"HUNTINGTON INGALLS INDUSTRIES, INC.",-,HII,BB Ticker,US,198.0,,-,60425.0,0.0
2024-12-31,rest,Balanced Growth,LISTED EQUITY,1,SCREEN HOLDINGS CO. LTD.,-,7735,BB Ticker,JP,619.0,,-,60312.0,0.0
2024-12-31,rest,Balanced Growth,LISTED EQUITY,1,"EQUIFAX, INC.",-,EFX,BB Ticker,US,146.0,,-,59972.0,0.0
2024-12-31,rest,Balanced Growth,LISTED EQUITY,1,RHEINMETALL AG,-,RHM,BB Ticker,GR,59.0,,-,59869.0,0.0
2024-12-31,rest,Balanced Growth,LISTED EQUITY,1,AMOTIV LTD.,-,AOV,BB Ticker,AU,5627.0,,-,59649.0,0.0
2024-12-31,rest,Balanced Growth,LISTED EQUITY,1,CAPRAL LTD.,-,CAA,BB Ticker,AU,5972.0,,-,59424.0,0.0
2024-12-31,rest,Balanced Growth,LISTED EQUITY,1,SHIMADZU CORP.,-,7701,BB Ticker,JP,1294.0,,-,59333.0,0.0
2024-12-31,rest,Balanced Growth,LISTED EQUITY,1,G-III APPAREL GROUP LTD.,-,GIII,BB Ticker,US,1122.0,,-,59136.0,0.0
2024-12-31,rest,Balanced Growth,LISTED EQUITY,1,MASAN GROUP CORP.,-,MSN,BB Ticker,VN,13323.0,,-,59105.0,0.0
2024-12-31,rest,Balanced Growth,LISTED EQUITY,1,BANCO BPM SPA,-,BAMI,BB Ticker,IM,4518.0,,-,59036.0,0.0
2024-12-31,rest,Balanced Growth,LISTED EQUITY,1,"RPM INTERNATIONAL, INC.",-,RPM,BB Ticker,US,297.0,,-,59018.0,0.0
2024-12-31,rest,Balanced Growth,LISTED EQUITY,1,YANGZIJIANG SHIPBUILDING HOLDINGS LTD.,-,YZJSGD,BB Ticker,SP,16571.0,,-,58659.0,0.0
2024-12-31,rest,Balanced Growth,LISTED EQUITY,1,AIR NEW ZEALAND LTD.,-,AIZ,BB Ticker,AU,107581.0,,-,58632.0,0.0
2024-12-31,rest,Balanced Growth,LISTED EQUITY,1,ORIENT OVERSEAS INTERNATIONAL LTD.,-,316,BB Ticker,HK,2448.0,,-,58587.0,0.0
2024-12-31,rest,Balanced Growth,LISTED EQUITY,1,CHESAPEAKE ENERGY CORP.,-,EXE,BB Ticker,US,363.0,,-,58458.0,0.0
2024-12-31,rest,Balanced Growth,LISTED EQUITY,1,NORDEA BANK ABP,-,NDA,BB Ticker,SS,3317.0,,-,58335.0,0.0
2024-12-31,rest,Balanced Growth,LISTED EQUITY,1,IPH LTD.,-,IPH,BB Ticker,AU,11595.0,,-,58323.0,0.0
2024-12-31,rest,Balanced Growth,LISTED EQUITY,1,PERENTI LTD.,-,PRN,BB Ticker,AU,41718.0,,-,58197.0,0.0
2024-12-31,rest,Balanced Growth,LISTED EQUITY,1,"BIOMARIN PHARMACEUTICAL, INC.",-,BMRN,BB Ticker,US,548.0,,-,58156.0,0.0
2024-12-31,rest,Balanced Growth,LISTED EQUITY,1,"BURLINGTON STORES, INC.",-,BURL,BB Ticker,US,126.0,,-,58153.0,0.0
2024-12-31,rest,Balanced Growth,LISTED EQUITY,1,KMD BRANDS LTD.,-,KMD,BB Ticker,AU,148150.0,,-,57779.0,0.0
2024-12-31,rest,Balanced Growth,LISTED EQUITY,1,"LULULEMON ATHLETICA, INC.",-,LULU,BB Ticker,US,94.0,,-,57757.0,0.0
2024-12-31,rest,Balanced Growth,LISTED EQUITY,1,CK HUTCHISON HOLDINGS LTD.,-,1,BB Ticker,HK,6681.0,,-,57652.0,0.0
2024-12-31,rest,Balanced Growth,LISTED EQUITY,1,ESSENT GROUP LTD.,-,ESNT,BB Ticker,US,654.0,,-,57504.0,0.0
2024-12-31,rest,Balanced Growth,LISTED EQUITY,1,ASX LTD.,-,ASX,BB Ticker,AU,882.0,,-,57422.0,0.0
2024-12-31,rest,Balanced Growth,LISTED EQUITY,1,VALEO SE,-,FR,BB Ticker,FP,3682.0,,-,57343.0,0.0
2024-12-31,rest,Balanced Growth,LISTED EQUITY,1,SHINHAN FINANCIAL GROUP CO. LTD.,-,055550,SEDOL,KS,1096.0,,-,57282.0,0.0
2024-12-31,rest,Balanced Growth,LISTED EQUITY,1,CLINUVEL PHARMACEUTICALS LTD.,-,CUV,BB Ticker,AU,4749.0,,-,57271.0,0.0
2024-12-31,rest,Balanced Growth,LISTED EQUITY,1,ARES MANAGEMENT CORP.,-,ARES,BB Ticker,US,200.0,,-,57110.0,0.0
2024-12-31,rest,Balanced Growth,LISTED EQUITY,1,FASTENAL CO.,-,FAST,BB Ticker,US,491.0,,-,57060.0,0.0
2024-12-31,rest,Balanced Growth,LISTED EQUITY,1,INTERNATIONAL CONSOLIDATED AIRLINES GROUP SA,-,IAG,BB Ticker,LN,9329.0,,-,56971.0,0.0
2024-12-31,rest,Balanced Growth,LISTED EQUITY,1,"XYLEM, INC.",-,XYL,BB Ticker,US,304.0,,-,56937.0,0.0
2024-12-31,rest,Balanced Growth,LISTED EQUITY,1,"PATTERSON-UTI ENERGY, INC.",-,PTEN,BB Ticker,US,4239.0,,-,56551.0,0.0
2024-12-31,rest,Balanced Growth,LISTED EQUITY,1,HEWLETT PACKARD ENTERPRISE CO.,-,HPE,BB Ticker,US,1637.0,,-,56461.0,0.0
2024-12-31,rest,Balanced Growth,LISTED EQUITY,1,SYSCO CORP.,-,SYY,BB Ticker,US,454.0,,-,56104.0,0.0
2024-12-31,rest,Balanced Growth,LISTED EQUITY,1,"HORIZON ROBOTICS, INC.",-,9660,BB Ticker,HK,74928.0,,-,56084.0,0.0
2024-12-31,rest,Balanced Growth,LISTED EQUITY,1,OSHKOSH CORP.,-,OSK,BB Ticker,US,364.0,,-,55951.0,0.0
2024-12-31,rest,Balanced Growth,LISTED EQUITY,1,NEXTDC LTD.,-,NXT,BB Ticker,AU,3710.0,,-,55915.0,0.0
2024-12-31,rest,Balanced Growth,LISTED EQUITY,1,"INGERSOLL RAND, INC.",-,IR,BB Ticker,US,380.0,,-,55584.0,0.0
2024-12-31,rest,Balanced Growth,LISTED EQUITY,1,SOFTBANK CORP.,-,9434,BB Ticker,JP,27176.0,,-,55549.0,0.0
2024-12-31,rest,Balanced Growth,LISTED EQUITY,1,CREDIT CORP. GROUP LTD.,-,CCP,BB Ticker,AU,3451.0,,-,55187.0,0.0
2024-12-31,rest,Balanced Growth,LISTED EQUITY,1,"NEW ORIENTAL EDUCATION & TECHNOLOGY GROUP, INC.",-,EDU,BB Ticker,US,530.0,,-,54926.0,0.0
2024-12-31,rest,Balanced Growth,LISTED EQUITY,1,TDK CORP.,-,6762,BB Ticker,JP,2579.0,,-,54912.0,0.0
2024-12-31,rest,Balanced Growth,LISTED EQUITY,1,MACQUARIE TECHNOLOGY GROUP LTD.,-,MAQ,BB Ticker,AU,620.0,,-,54768.0,0.0
2024-12-31,rest,Balanced Growth,LISTED EQUITY,1,AMOREPACIFIC CORP.,-,090430,BB Ticker,KS,476.0,,-,54717.0,0.0
2024-12-31,rest,Balanced Growth,LISTED EQUITY,1,"YUM! BRANDS, INC.",-,YUM,BB Ticker,US,252.0,,-,54599.0,0.0
2024-12-31,rest,Balanced Growth,LISTED EQUITY,1,"DYNATRACE, INC.",-,DT,BB Ticker,US,619.0,,-,54385.0,0.0
2024-12-31,rest,Balanced Growth,LISTED EQUITY,1,FUJIKURA LTD.,-,5803,BB Ticker,JP,804.0,,-,54142.0,0.0
2024-12-31,rest,Balanced Growth,LISTED EQUITY,1,TAYLOR MORRISON HOME CORP.,-,TMHC,BB Ticker,US,546.0,,-,53975.0,0.0
2024-12-31,rest,Balanced Growth,LISTED EQUITY,1,NICE LTD.,-,NICE,BB Ticker,IT,195.0,,-,53698.0,0.0
2024-12-31,rest,Balanced Growth,LISTED EQUITY,1,DWS GROUP GMBH & CO. KGAA,-,DWS,BB Ticker,GR,805.0,,-,53606.0,0.0
2024-12-31,rest,Balanced Growth,LISTED EQUITY,1,AVERY DENNISON CORP.,-,AVY,BB Ticker,US,177.0,,-,53386.0,0.0
2024-12-31,rest,Balanced Growth,LISTED EQUITY,1,"CITIZENS FINANCIAL GROUP, INC.",-,CFG,BB Ticker,US,754.0,,-,53280.0,0.0
2024-12-31,rest,Balanced Growth,LISTED EQUITY,1,MITSUBISHI CORP.,-,8058,BB Ticker,JP,1964.0,,-,52548.0,0.0
2024-12-31,rest,Balanced Growth,LISTED EQUITY,1,TABCORP HOLDINGS LTD.,-,TAH,BB Ticker,AU,92916.0,,-,52498.0,0.0
2024-12-31,rest,Balanced Growth,LISTED EQUITY,1,HESS CORP.,-,HES,BB Ticker,US,244.0,,-,52403.0,0.0
2024-12-31,rest,Balanced Growth,LISTED EQUITY,1,"HEIDRICK & STRUGGLES INTERNATIONAL, INC.",-,HSII,BB Ticker,US,731.0,,-,52310.0,0.0
2024-12-31,rest,Balanced Growth,LISTED EQUITY,1,PAN PACIFIC INTERNATIONAL HOLDINGS CORP.,-,7532,BB Ticker,JP,1178.0,,-,52257.0,0.0
2024-12-31,rest,Balanced Growth,LISTED EQUITY,1,POWER CORP. OF CANADA,-,POW,BB Ticker,CN,1037.0,,-,52215.0,0.0
2024-12-31,rest,Balanced Growth,LISTED EQUITY,1,SYRAH RESOURCES LTD.,-,SYR,BB Ticker,AU,254281.0,,-,52128.0,0.0
2024-12-31,rest,Balanced Growth,LISTED EQUITY,1,"UNITED AIRLINES HOLDINGS, INC.",-,UAL,BB Ticker,US,332.0,,-,52065.0,0.0
2024-12-31,rest,Balanced Growth,LISTED EQUITY,1,HINDUSTAN AERONAUTICS LTD.,-,HNAL,BB Ticker,IN,659.0,,-,51925.0,0.0
2024-12-31,rest,Balanced Growth,LISTED EQUITY,1,DALRYMPLE BAY INFRASTRUCTURE LTD.,-,DBI,BB Ticker,AU,14330.0,,-,51587.0,0.0
2024-12-31,rest,Balanced Growth,LISTED EQUITY,1,OLYMPUS CORP.,-,7733,SEDOL,JP,2097.0,,-,51097.0,0.0
2024-12-31,rest,Balanced Growth,LISTED EQUITY,1,CIE DE SAINT-GOBAIN,-,SGO,BB Ticker,FP,355.0,,-,50915.0,0.0
2024-12-31,rest,Balanced Growth,LISTED EQUITY,1,UCB SA,-,UCB,BB Ticker,BB,157.0,,-,50232.0,0.0
2024-12-31,rest,Balanced Growth,LISTED EQUITY,1,"PINTEREST, INC.",-,PINS,BB Ticker,US,1068.0,,-,50069.0,0.0
2024-12-31,rest,Balanced Growth,LISTED EQUITY,1,"WILLIAMS-SONOMA, INC.",-,WSM,BB Ticker,US,167.0,,-,49992.0,0.0
2024-12-31,rest,Balanced Growth,LISTED EQUITY,1,A2A SPA,-,A2A,BB Ticker,IM,13917.0,,-,49925.0,0.0
2024-12-31,rest,Balanced Growth,LISTED EQUITY,1,"JD LOGISTICS, INC.",-,2618,BB Ticker,HK,18709.0,,-,49792.0,0.0
2024-12-31,rest,Balanced Growth,LISTED EQUITY,1,CIPLA LTD.,-,CIPLA,BB Ticker,IN,1719.0,,-,49577.0,0.0
2024-12-31,rest,Balanced Growth,LISTED EQUITY,1,COGNIZANT TECHNOLOGY SOLUTIONS CORP.,-,CTSH,BB Ticker,US,398.0,,-,49399.0,0.0
2024-12-31,rest,Balanced Growth,LISTED EQUITY,1,REGIS HEALTHCARE LTD.,-,REG,BB Ticker,AU,8231.0,,-,49385.0,0.0
2024-12-31,rest,Balanced Growth,LISTED EQUITY,1,"ASUSTEK COMPUTER, INC.",-,2357,BB Ticker,TT,1607.0,,-,48755.0,0.0
2024-12-31,rest,Balanced Growth,LISTED EQUITY,1,LOUISIANA-PACIFIC CORP.,-,LPX,BB Ticker,US,290.0,,-,48439.0,0.0
2024-12-31,rest,Balanced Growth,LISTED EQUITY,1,360 ONE WAM LTD.,-,360ONE,BB Ticker,IN,2041.0,,-,48313.0,0.0
2024-12-31,rest,Balanced Growth,LISTED EQUITY,1,VISTRA CORP.,-,VST,BB Ticker,US,216.0,,-,48086.0,0.0
2024-12-31,rest,Balanced Growth,LISTED EQUITY,1,ISUZU MOTORS LTD.,-,7202,BB Ticker,JP,2150.0,,-,47687.0,0.0
2024-12-31,rest,Balanced Growth,LISTED EQUITY,1,TUAS LTD.,-,TUA,BB Ticker,AU,7486.0,,-,47613.0,0.0
2024-12-31,rest,Balanced Growth,LISTED EQUITY,1,POLYNOVO LTD.,-,PNV,BB Ticker,AU,23301.0,,-,47532.0,0.0
2024-12-31,rest,Balanced Growth,LISTED EQUITY,1,KUMBA IRON ORE LTD.,-,KIO,BB Ticker,SJ,1698.0,,-,47414.0,0.0
2024-12-31,rest,Balanced Growth,LISTED EQUITY,1,LEO LITHIUM LTD.,-,LLL,BB Ticker,AU,93642.0,,-,47290.0,0.0
2024-12-31,rest,Balanced Growth,LISTED EQUITY,1,TECK RESOURCES LTD.,-,TECKB,BB Ticker,CN,719.0,,-,47082.0,0.0
2024-12-31,rest,Balanced Growth,LISTED EQUITY,1,UNIBAIL-RODAMCO-WESTFIELD,-,URW,BB Ticker,AU,7742.0,,-,46605.0,0.0
2024-12-31,rest,Balanced Growth,LISTED EQUITY,1,NORFOLK SOUTHERN CORP.,-,NSC,BB Ticker,US,123.0,,-,46463.0,0.0
2024-12-31,rest,Balanced Growth,LISTED EQUITY,1,YANG MING MARINE TRANSPORT CORP.,-,2609,BB Ticker,TT,12394.0,,-,46220.0,0.0
2024-12-31,rest,Balanced Growth,LISTED EQUITY,1,LINDE PLC,-,LIN,BB Ticker,US,68.0,,-,46188.0,0.0
2024-12-31,rest,Balanced Growth,LISTED EQUITY,1,ABN AMRO BANK NV,-,ABN,BB Ticker,,1855.0,,-,46173.0,0.0
2024-12-31,rest,Balanced Growth,LISTED EQUITY,1,"GILDAN ACTIVEWEAR, INC.",-,GIL,BB Ticker,CN,607.0,,-,46157.0,0.0
2024-12-31,rest,Balanced Growth,LISTED EQUITY,1,ENDESA SA,-,ELE,BB Ticker,SM,1327.0,,-,46110.0,0.0
2024-12-31,rest,Balanced Growth,LISTED EQUITY,1,"ALCON, INC.",-,ALC,BB Ticker,SW,333.0,,-,45603.0,0.0
2024-12-31,rest,Balanced Growth,LISTED EQUITY,1,NUCOR CORP.,-,NUE,BB Ticker,US,239.0,,-,45150.0,0.0
2024-12-31,rest,Balanced Growth,LISTED EQUITY,1,ALKERMES PLC,-,ALKS,BB Ticker,US,968.0,,-,44978.0,0.0
2024-12-31,rest,Balanced Growth,LISTED EQUITY,1,"CHARTER COMMUNICATIONS, INC.",-,CHTR,BB Ticker,US,81.0,,-,44951.0,0.0
2024-12-31,rest,Balanced Growth,LISTED EQUITY,1,TULLOW OIL PLC,-,TLW,BB Ticker,LN,103460.0,,-,44869.0,0.0
2024-12-31,rest,Balanced Growth,LISTED EQUITY,1,MORINAGA MILK INDUSTRY CO. LTD.,-,2264,BB Ticker,JP,1491.0,,-,44844.0,0.0
2024-12-31,rest,Balanced Growth,LISTED EQUITY,1,"SUMITOMO MITSUI TRUST HOLDINGS, INC.",-,8309,BB Ticker,JP,1171.0,,-,44411.0,0.0
2024-12-31,rest,Balanced Growth,LISTED EQUITY,1,CHOCOLADEFABRIKEN LINDT & SPRUENGLI AG,-,LISP,BB Ticker,SW,2.0,,-,44393.0,0.0
2024-12-31,rest,Balanced Growth,LISTED EQUITY,1,"ROBERT HALF, INC.",-,RHI,BB Ticker,US,389.0,,-,44296.0,0.0
2024-12-31,rest,Balanced Growth,LISTED EQUITY,1,KOSMOS ENERGY LTD.,-,KOS,BB Ticker,US,8012.0,,-,44253.0,0.0
2024-12-31,rest,Balanced Growth,LISTED EQUITY,1,DAITO TRUST CONSTRUCTION CO. LTD.,-,1878,BB Ticker,JP,245.0,,-,44217.0,0.0
2024-12-31,rest,Balanced Growth,LISTED EQUITY,1,WARTSILA OYJ ABP,-,WRT1V,BB Ticker,FH,1532.0,,-,43822.0,0.0
2024-12-31,rest,Balanced Growth,LISTED EQUITY,1,NIDEC CORP.,-,6594,BB Ticker,JP,1488.0,,-,43658.0,0.0
2024-12-31,rest,Balanced Growth,LISTED EQUITY,1,SUMITOMO CHEMICAL CO. LTD.,-,4005,BB Ticker,JP,12133.0,,-,43518.0,0.0
2024-12-31,rest,Balanced Growth,LISTED EQUITY,1,"IONIS PHARMACEUTICALS, INC.",-,IONS,BB Ticker,US,767.0,,-,43304.0,0.0
2024-12-31,rest,Balanced Growth,LISTED EQUITY,1,ETIHAD ETISALAT CO.,-,EEC,BB Ticker,AB,1881.0,,-,43178.0,0.0
2024-12-31,rest,Balanced Growth,LISTED EQUITY,1,ACS ACTIVIDADES DE CONSTRUCCION Y SERVICIOS SA,-,ACS,BB Ticker,SM,532.0,,-,43105.0,0.0
2024-12-31,rest,Balanced Growth,LISTED EQUITY,1,SPECTRIS PLC,-,SXS,BB Ticker,LN,849.0,,-,43083.0,0.0
2024-12-31,rest,Balanced Growth,LISTED EQUITY,1,"CHURCH & DWIGHT CO., INC.",-,CHD,BB Ticker,US,255.0,,-,43071.0,0.0
2024-12-31,rest,Balanced Growth,LISTED EQUITY,1,DEUTSCHE BANK AG,-,DBK,BB Ticker,GR,1542.0,,-,42918.0,0.0
2024-12-31,rest,Balanced Growth,LISTED EQUITY,1,HUAXIA BANK CO. LTD.,-,600015,BB Ticker,C1,24185.0,,-,42866.0,0.0
2024-12-31,rest,Balanced Growth,LISTED EQUITY,1,ALFA LAVAL AB,-,ALFA,BB Ticker,SS,633.0,,-,42848.0,0.0
2024-12-31,rest,Balanced Growth,LISTED EQUITY,1,TOYO SUISAN KAISHA LTD.,-,2875,BB Ticker,JP,386.0,,-,42722.0,0.0
2024-12-31,rest,Balanced Growth,LISTED EQUITY,1,"DELL TECHNOLOGIES, INC.",-,DELL,BB Ticker,US,229.0,,-,42682.0,0.0
2024-12-31,rest,Balanced Growth,LISTED EQUITY,1,"TELEFLEX, INC.",-,TFX,BB Ticker,US,148.0,,-,42649.0,0.0
2024-12-31,rest,Balanced Growth,LISTED EQUITY,1,LAS VEGAS SANDS CORP.,-,LVS,BB Ticker,US,513.0,,-,42556.0,0.0
2024-12-31,rest,Balanced Growth,LISTED EQUITY,1,LA FRANCAISE DES JEUX SAEM,-,FDJ,BB Ticker,FP,683.0,,-,42514.0,0.0
2024-12-31,rest,Balanced Growth,LISTED EQUITY,1,BHARAT PETROLEUM CORP. LTD.,-,BPCL,BB Ticker,IN,7698.0,,-,42472.0,0.0
2024-12-31,rest,Balanced Growth,LISTED EQUITY,1,RADIANT OPTO-ELECTRONICS CORP.,-,6176,BB Ticker,TT,4373.0,,-,42337.0,0.0
2024-12-31,rest,Balanced Growth,LISTED EQUITY,1,DICKER DATA LTD.,-,DDR,BB Ticker,AU,5018.0,,-,42259.0,0.0
2024-12-31,rest,Balanced Growth,LISTED EQUITY,1,DUKE ENERGY CORP.,-,DUK,BB Ticker,US,242.0,,-,42050.0,0.0
2024-12-31,rest,Balanced Growth,LISTED EQUITY,1,"GE HEALTHCARE TECHNOLOGIES, INC.",-,GEHC,BB Ticker,US,333.0,,-,42012.0,0.0
2024-12-31,rest,Balanced Growth,LISTED EQUITY,1,"FRANKLIN RESOURCES, INC.",-,BEN,BB Ticker,US,1279.0,,-,41930.0,0.0
2024-12-31,rest,Balanced Growth,LISTED EQUITY,1,"DONALDSON CO., INC.",-,DCI,BB Ticker,US,384.0,,-,41765.0,0.0
2024-12-31,rest,Balanced Growth,LISTED EQUITY,1,"NATERA, INC.",-,NTRA,BB Ticker,US,162.0,,-,41382.0,0.0
2024-12-31,rest,Balanced Growth,LISTED EQUITY,1,MAKITA CORP.,-,6586,BB Ticker,JP,832.0,,-,41376.0,0.0
2024-12-31,rest,Balanced Growth,LISTED EQUITY,1,"AVNET, INC.",-,AVT,BB Ticker,US,488.0,,-,41224.0,0.0
2024-12-31,rest,Balanced Growth,LISTED EQUITY,1,PERSOL HOLDINGS CO. LTD.,-,2181,SEDOL,JP,16868.0,,-,40997.0,0.0
2024-12-31,rest,Balanced Growth,LISTED EQUITY,1,AINSWORTH GAME TECHNOLOGY LTD.,-,AGI,BB Ticker,AU,47209.0,,-,40836.0,0.0
2024-12-31,rest,Balanced Growth,LISTED EQUITY,1,IRESS LTD.,-,IRE,BB Ticker,AU,4339.0,,-,40395.0,0.0
2024-12-31,rest,Balanced Growth,LISTED EQUITY,1,SAUDI TELECOM CO.,-,STC,BB Ticker,AB,2338.0,,-,40196.0,0.0
2024-12-31,rest,Balanced Growth,LISTED EQUITY,1,NN GROUP NV,-,NN,BB Ticker,,571.0,,-,40181.0,0.0
2024-12-31,rest,Balanced Growth,LISTED EQUITY,1,HERSHEY CO.,-,HSY,BB Ticker,US,146.0,,-,40016.0,0.0
2024-12-31,rest,Balanced Growth,LISTED EQUITY,1,JOHNSON MATTHEY PLC,-,JMAT,BB Ticker,LN,1465.0,,-,39714.0,0.0
2024-12-31,rest,Balanced Growth,LISTED EQUITY,1,CRODA INTERNATIONAL PLC,-,CRDA,BB Ticker,LN,579.0,,-,39618.0,0.0
2024-12-31,rest,Balanced Growth,LISTED EQUITY,1,UGI CORP.,-,UGI,BB Ticker,US,865.0,,-,39448.0,0.0
2024-12-31,rest,Balanced Growth,LISTED EQUITY,1,"COMPAL ELECTRONICS, INC.",-,2324,BB Ticker,TT,20975.0,,-,38904.0,0.0
2024-12-31,rest,Balanced Growth,LISTED EQUITY,1,IDEMITSU KOSAN CO. LTD.,-,5019,BB Ticker,JP,3647.0,,-,38807.0,0.0
2024-12-31,rest,Balanced Growth,LISTED EQUITY,1,HUGO BOSS AG,-,BOSS,BB Ticker,GR,516.0,,-,38648.0,0.0
2024-12-31,rest,Balanced Growth,LISTED EQUITY,1,VOLTRONIC POWER TECHNOLOGY CORP.,-,6409,BB Ticker,TT,421.0,,-,38556.0,0.0
2024-12-31,rest,Balanced Growth,LISTED EQUITY,1,"TAKE-TWO INTERACTIVE SOFTWARE, INC.",-,TTWO,BB Ticker,US,129.0,,-,38387.0,0.0
2024-12-31,rest,Balanced Growth,LISTED EQUITY,1,KEWPIE CORP.,-,2809,BB Ticker,JP,1107.0,,-,38148.0,0.0
2024-12-31,rest,Balanced Growth,LISTED EQUITY,1,BUREAU VERITAS SA,-,BVI,BB Ticker,FP,774.0,,-,37999.0,0.0
2024-12-31,rest,Balanced Growth,LISTED EQUITY,1,WEEBIT NANO LTD.,-,WBT,BB Ticker,AU,10420.0,,-,37512.0,0.0
2024-12-31,rest,Balanced Growth,LISTED EQUITY,1,AGCO CORP.,-,AGCO,BB Ticker,US,246.0,,-,37179.0,0.0
2024-12-31,rest,Balanced Growth,LISTED EQUITY,1,NANOSONICS LTD.,-,NAN,BB Ticker,AU,12285.0,,-,36977.0,0.0
2024-12-31,rest,Balanced Growth,LISTED EQUITY,1,AMADA CO. LTD.,-,6113,BB Ticker,JP,2340.0,,-,36957.0,0.0
2024-12-31,rest,Balanced Growth,LISTED EQUITY,1,KBC GROUP NV,-,KBC,BB Ticker,BB,297.0,,-,36912.0,0.0
2024-12-31,rest,Balanced Growth,LISTED EQUITY,1,"MATTEL, INC.",-,MAT,BB Ticker,US,1287.0,,-,36862.0,0.0
2024-12-31,rest,Balanced Growth,LISTED EQUITY,1,ROYAL CARIBBEAN CRUISES LTD.,-,RCL,BB Ticker,US,99.0,,-,36856.0,0.0
2024-12-31,rest,Balanced Growth,LISTED EQUITY,1,LIBERTY MEDIA CORP.-LIBERTY FORMULA ONE,-,FWONK,BB Ticker,US,246.0,,-,36721.0,0.0
2024-12-31,rest,Balanced Growth,LISTED EQUITY,1,"IDEXX LABORATORIES, INC.",-,IDXX,BB Ticker,US,54.0,,-,36169.0,0.0
2024-12-31,rest,Balanced Growth,LISTED EQUITY,1,MITSUBISHI CHEMICAL GROUP CORP.,-,4188,BB Ticker,JP,4354.0,,-,35786.0,0.0
2024-12-31,rest,Balanced Growth,LISTED EQUITY,1,LIBERTY GLOBAL LTD.,-,LBTYK,BB Ticker,US,1686.0,,-,35778.0,0.0
2024-12-31,rest,Balanced Growth,LISTED EQUITY,1,"PHOTRONICS, INC.",-,PLAB,BB Ticker,US,938.0,,-,35696.0,0.0
2024-12-31,rest,Balanced Growth,LISTED EQUITY,1,"COSTAR GROUP, INC.",-,CSGP,BB Ticker,US,308.0,,-,35607.0,0.0
2024-12-31,rest,Balanced Growth,LISTED EQUITY,1,TURKIYE IS BANKASI AS,-,ISCTR,BB Ticker,TI,57348.0,,-,35467.0,0.0
2024-12-31,rest,Balanced Growth,LISTED EQUITY,1,NICK SCALI LTD.,-,NCK,BB Ticker,AU,2347.0,,-,35234.0,0.0
2024-12-31,rest,Balanced Growth,LISTED EQUITY,1,FIREFLY METALS LTD.,-,FFM,BB Ticker,AU,38051.0,,-,35197.0,0.0
2024-12-31,rest,Balanced Growth,LISTED EQUITY,1,CARAVEL MINERALS LTD.,-,CVV,BB Ticker,AU,184705.0,,-,35094.0,0.0
2024-12-31,rest,Balanced Growth,LISTED EQUITY,1,RALPH LAUREN CORP.,-,RL,BB Ticker,US,94.0,,-,35019.0,0.0
2024-12-31,rest,Balanced Growth,LISTED EQUITY,1,AVIVA PLC,-,AV,BB Ticker,LN,3689.0,,-,34980.0,0.0
2024-12-31,rest,Balanced Growth,LISTED EQUITY,1,SOUTHERN CO.,-,SO,BB Ticker,US,262.0,,-,34875.0,0.0
2024-12-31,rest,Balanced Growth,LISTED EQUITY,1,BOSS ENERGY LTD.,-,BOE,BB Ticker,AU,14299.0,,-,34747.0,0.0
2024-12-31,rest,Balanced Growth,LISTED EQUITY,1,OMV AG,-,OMV,BB Ticker,AV,556.0,,-,34723.0,0.0
2024-12-31,rest,Balanced Growth,LISTED EQUITY,1,"GLOBAL PAYMENTS, INC.",-,GPN,BB Ticker,US,189.0,,-,34261.0,0.0
2024-12-31,rest,Balanced Growth,LISTED EQUITY,1,FORTIVE CORP.,-,FTV,BB Ticker,US,281.0,,-,34095.0,0.0
2024-12-31,rest,Balanced Growth,LISTED EQUITY,1,TRACTOR SUPPLY CO.,-,TSCO,BB Ticker,US,398.0,,-,34070.0,0.0
2024-12-31,rest,Balanced Growth,LISTED EQUITY,1,NASPERS LTD.,-,NPN,BB Ticker,SJ,95.0,,-,33917.0,0.0
2024-12-31,rest,Balanced Growth,LISTED EQUITY,1,VOLKSWAGEN AG,-,VOW3,BB Ticker,GR,227.0,,-,33783.0,0.0
2024-12-31,rest,Balanced Growth,LISTED EQUITY,1,"WINGSTOP, INC.",-,WING,BB Ticker,US,73.0,,-,33735.0,0.0
2024-12-31,rest,Balanced Growth,LISTED EQUITY,1,H LUNDBECK AS,-,HLUNB,BB Ticker,DC,3617.0,,-,33521.0,0.0
2024-12-31,rest,Balanced Growth,LISTED EQUITY,1,"FRESHPET, INC.",-,FRPT,BB Ticker,US,139.0,,-,33368.0,0.0
2024-12-31,rest,Balanced Growth,LISTED EQUITY,1,SAUDI BASIC INDUSTRIES CORP.,-,SABIC,BB Ticker,AB,1153.0,,-,33219.0,0.0
2024-12-31,rest,Balanced Growth,LISTED EQUITY,1,FRESENIUS MEDICAL CARE AG & CO. KGAA,-,FME,BB Ticker,GR,448.0,,-,33097.0,0.0
2024-12-31,rest,Balanced Growth,LISTED EQUITY,1,KELLANOVA,-,K,BB Ticker,US,253.0,,-,33053.0,0.0
2024-12-31,rest,Balanced Growth,LISTED EQUITY,1,TELIA CO. AB,-,TELIA,BB Ticker,SS,7359.0,,-,32989.0,0.0
2024-12-31,rest,Balanced Growth,LISTED EQUITY,1,"EVERGY, INC.",-,EVRG,BB Ticker,US,329.0,,-,32703.0,0.0
2024-12-31,rest,Balanced Growth,LISTED EQUITY,1,ORGANON & CO.,-,OGN,BB Ticker,US,1357.0,,-,32697.0,0.0
2024-12-31,rest,Balanced Growth,LISTED EQUITY,1,PSP SWISS PROPERTY AG,-,PSPN,BB Ticker,SW,142.0,,-,32639.0,0.0
2024-12-31,rest,Balanced Growth,LISTED EQUITY,1,STANMORE RESOURCES LTD.,-,SMR,BB Ticker,AU,10831.0,,-,32603.0,0.0
2024-12-31,rest,Balanced Growth,LISTED EQUITY,1,FANUC CORP.,-,6954,BB Ticker,JP,758.0,,-,32551.0,0.0
2024-12-31,rest,Balanced Growth,LISTED EQUITY,1,"CH ROBINSON WORLDWIDE, INC.",-,CHRW,BB Ticker,US,194.0,,-,32397.0,0.0
2024-12-31,rest,Balanced Growth,LISTED EQUITY,1,"ALIGN TECHNOLOGY, INC.",-,ALGN,BB Ticker,US,96.0,,-,32355.0,0.0
2024-12-31,rest,Balanced Growth,LISTED EQUITY,1,SIME DARBY BHD.,-,SIME,BB Ticker,MK,37573.0,,-,32029.0,0.0
2024-12-31,rest,Balanced Growth,LISTED EQUITY,1,"EXPEDITORS INTERNATIONAL OF WASHINGTON, INC.",-,EXPD,BB Ticker,US,179.0,,-,31971.0,0.0
2024-12-31,rest,Balanced Growth,LISTED EQUITY,1,"MICROCHIP TECHNOLOGY, INC.",-,MCHP,BB Ticker,US,344.0,,-,31908.0,0.0
2024-12-31,rest,Balanced Growth,LISTED EQUITY,1,"HUBBELL, INC.",-,HUBB,BB Ticker,US,47.0,,-,31746.0,0.0
2024-12-31,rest,Balanced Growth,LISTED EQUITY,1,TELENOR ASA,-,TEL,BB Ticker,NO,1757.0,,-,31705.0,0.0
2024-12-31,rest,Balanced Growth,LISTED EQUITY,1,RIDLEY CORP. LTD.,-,RIC,BB Ticker,AU,11676.0,,-,31524.0,0.0
2024-12-31,rest,Balanced Growth,LISTED EQUITY,1,AMCOR PLC,-,AMCR,BB Ticker,US,2066.0,,-,31406.0,0.0
2024-12-31,rest,Balanced Growth,LISTED EQUITY,1,"IRONWOOD PHARMACEUTICALS, INC.",-,IRWD,BB Ticker,US,4373.0,,-,31292.0,0.0
2024-12-31,rest,Balanced Growth,LISTED EQUITY,1,AVI LTD.,-,AVI,BB Ticker,SJ,3309.0,,-,31072.0,0.0
2024-12-31,rest,Balanced Growth,LISTED EQUITY,1,GEORGE WESTON LTD.,-,WN,BB Ticker,CN,124.0,,-,31036.0,0.0
2024-12-31,rest,Balanced Growth,LISTED EQUITY,1,"CORONADO GLOBAL RESOURCES, INC.",-,CRN,BB Ticker,AU,40437.0,,-,30934.0,0.0
2024-12-31,rest,Balanced Growth,LISTED EQUITY,1,ALGONQUIN POWER & UTILITIES CORP.,-,AQN,BB Ticker,CN,4311.0,,-,30888.0,0.0
2024-12-31,rest,Balanced Growth,LISTED EQUITY,1,"EQUITABLE HOLDINGS, INC.",-,EQH,BB Ticker,US,404.0,,-,30755.0,0.0
2024-12-31,rest,Balanced Growth,LISTED EQUITY,1,CDW CORP.,-,CDW,BB Ticker,US,109.0,,-,30720.0,0.0
2024-12-31,rest,Balanced Growth,LISTED EQUITY,1,M&G PLC,-,MNG,BB Ticker,LN,7673.0,,-,30710.0,0.0
2024-12-31,rest,Balanced Growth,LISTED EQUITY,1,TOYOTA TSUSHO CORP.,-,8015,SEDOL,JP,1054.0,,-,30646.0,0.0
2024-12-31,rest,Balanced Growth,LISTED EQUITY,1,AKER BP ASA,-,AKRBP,BB Ticker,NO,971.0,,-,30591.0,0.0
2024-12-31,rest,Balanced Growth,LISTED EQUITY,1,"KRAFTON, INC.",-,259960,BB Ticker,KS,88.0,,-,30295.0,0.0
2024-12-31,rest,Balanced Growth,LISTED EQUITY,1,"PIEDMONT LITHIUM, INC.",-,PLL,BB Ticker,AU,207042.0,,-,30021.0,0.0
2024-12-31,rest,Balanced Growth,LISTED EQUITY,1,MAZDA MOTOR CORP.,-,7261,SEDOL,JP,2692.0,,-,29972.0,0.0
2024-12-31,rest,Balanced Growth,LISTED EQUITY,1,INTELLIGENT MONITORING GROUP LTD.,-,IMB,BB Ticker,AU,53285.0,,-,29840.0,0.0
2024-12-31,rest,Balanced Growth,LISTED EQUITY,1,INVESTOR AB,-,INVEB,BB Ticker,SS,697.0,,-,29836.0,0.0
2024-12-31,rest,Balanced Growth,LISTED EQUITY,1,"DOLLARAMA, INC.",-,DOL,BB Ticker,CN,189.0,,-,29821.0,0.0
2024-12-31,rest,Balanced Growth,LISTED EQUITY,1,SAYONA MINING LTD.,-,SYA,BB Ticker,AU,1086969.0,,-,29348.0,0.0
2024-12-31,rest,Balanced Growth,LISTED EQUITY,1,CLP HOLDINGS LTD.,-,2,BB Ticker,HK,2161.0,,-,29343.0,0.0
2024-12-31,rest,Balanced Growth,LISTED EQUITY,1,"CACI INTERNATIONAL, INC.",-,CACI,BB Ticker,US,45.0,,-,29299.0,0.0
2024-12-31,rest,Balanced Growth,LISTED EQUITY,1,"CORPAY, INC.",-,CPAY,BB Ticker,US,54.0,,-,29285.0,0.0
2024-12-31,rest,Balanced Growth,LISTED EQUITY,1,JUDO CAPITAL HOLDINGS LTD.,-,JDO,BB Ticker,AU,16070.0,,-,29246.0,0.0
2024-12-31,rest,Balanced Growth,LISTED EQUITY,1,DE GREY MINING LTD.,-,DEG,BB Ticker,AU,16547.0,,-,29206.0,0.0
2024-12-31,rest,Balanced Growth,LISTED EQUITY,1,BOC HONG KONG HOLDINGS LTD.,-,2388,BB Ticker,HK,5630.0,,-,29203.0,0.0
2024-12-31,rest,Balanced Growth,LISTED EQUITY,1,"TYLER TECHNOLOGIES, INC.",-,TYL,BB Ticker,US,31.0,,-,29142.0,0.0
2024-12-31,rest,Balanced Growth,LISTED EQUITY,1,BANQUE SAUDI FRANSI,-,BSF,BB Ticker,AB,4274.0,,-,29103.0,0.0
2024-12-31,rest,Balanced Growth,LISTED EQUITY,1,SF HOLDING CO. LTD.,-,002352,SEDOL,C2,3251.0,,-,28994.0,0.0
2024-12-31,rest,Balanced Growth,LISTED EQUITY,1,"OKTA, INC.",-,OKTA,BB Ticker,US,227.0,,-,28895.0,0.0
2024-12-31,rest,Balanced Growth,LISTED EQUITY,1,FIFTH THIRD BANCORP,-,FITB,BB Ticker,US,423.0,,-,28893.0,0.0
2024-12-31,rest,Balanced Growth,LISTED EQUITY,1,SHIONOGI & CO. LTD.,-,4507,SEDOL,JP,1255.0,,-,28612.0,0.0
2024-12-31,rest,Balanced Growth,LISTED EQUITY,1,"MS&AD INSURANCE GROUP HOLDINGS, INC.",-,8725,SEDOL,JP,796.0,,-,28247.0,0.0
2024-12-31,rest,Balanced Growth,LISTED EQUITY,1,"HUNTINGTON BANCSHARES, INC.",-,HBAN,BB Ticker,US,1061.0,,-,27886.0,0.0
2024-12-31,rest,Balanced Growth,LISTED EQUITY,1,INGHAMS GROUP LTD.,-,ING,BB Ticker,AU,8760.0,,-,27858.0,0.0
2024-12-31,rest,Balanced Growth,LISTED EQUITY,1,TURK HAVA YOLLARI AO,-,THYAO,BB Ticker,TI,2159.0,,-,27711.0,0.0
2024-12-31,rest,Balanced Growth,LISTED EQUITY,1,VINCI SA,-,DG,BB Ticker,FP,165.0,,-,27514.0,0.0
2024-12-31,rest,Balanced Growth,LISTED EQUITY,1,"FIRST CITIZENS BANCSHARES, INC.",-,FCNCA,BB Ticker,US,8.0,,-,27414.0,0.0
2024-12-31,rest,Balanced Growth,LISTED EQUITY,1,"ENACT HOLDINGS, INC.",-,ACT,BB Ticker,US,523.0,,-,27353.0,0.0
2024-12-31,rest,Balanced Growth,LISTED EQUITY,1,"LPL FINANCIAL HOLDINGS, INC.",-,LPLA,BB Ticker,US,52.0,,-,27313.0,0.0
2024-12-31,rest,Balanced Growth,LISTED EQUITY,1,HONG KONG EXCHANGES & CLEARING LTD.,-,388,BB Ticker,HK,443.0,,-,27119.0,0.0
2024-12-31,rest,Balanced Growth,LISTED EQUITY,1,"VIMEO, INC.",-,VMEO,BB Ticker,US,2615.0,,-,27033.0,0.0
2024-12-31,rest,Balanced Growth,LISTED EQUITY,1,KOITO MANUFACTURING CO. LTD.,-,7276,BB Ticker,JP,1298.0,,-,26786.0,0.0
2024-12-31,rest,Balanced Growth,LISTED EQUITY,1,KOC HOLDING AS,-,KCHOL,BB Ticker,TI,3271.0,,-,26686.0,0.0
2024-12-31,rest,Balanced Growth,LISTED EQUITY,1,MAYNE PHARMA GROUP LTD.,-,MYX,BB Ticker,AU,5302.0,,-,26350.0,0.0
2024-12-31,rest,Balanced Growth,LISTED EQUITY,1,ERSTE GROUP BANK AG,-,EBS,BB Ticker,AV,264.0,,-,26327.0,0.0
2024-12-31,rest,Balanced Growth,LISTED EQUITY,1,FLEETPARTNERS GROUP LTD.,-,FPR,BB Ticker,AU,9762.0,,-,26261.0,0.0
2024-12-31,rest,Balanced Growth,LISTED EQUITY,1,PWR HOLDINGS LTD.,-,PWH,BB Ticker,AU,3330.0,,-,26179.0,0.0
2024-12-31,rest,Balanced Growth,LISTED EQUITY,1,MARKEL CORP.,-,MKL,BB Ticker,US,9.0,,-,25951.0,0.0
2024-12-31,rest,Balanced Growth,LISTED EQUITY,1,ORIX CORP.,-,8591,BB Ticker,JP,741.0,,-,25945.0,0.0
2024-12-31,rest,Balanced Growth,LISTED EQUITY,1,BHARAT ELECTRONICS LTD.,-,BHE,BB Ticker,IN,4661.0,,-,25775.0,0.0
2024-12-31,rest,Balanced Growth,LISTED EQUITY,1,TEVA PHARMACEUTICAL INDUSTRIES LTD.,-,TEVA,BB Ticker,US,724.0,,-,25774.0,0.0
2024-12-31,rest,Balanced Growth,LISTED EQUITY,1,"ZIFF DAVIS, INC.",-,ZD,BB Ticker,US,293.0,,-,25741.0,0.0
2024-12-31,rest,Balanced Growth,LISTED EQUITY,1,"TELEDYNE TECHNOLOGIES, INC.",-,TDY,BB Ticker,US,34.0,,-,25673.0,0.0
2024-12-31,rest,Balanced Growth,LISTED EQUITY,1,SAMSUNG ELECTRONICS CO. LTD.,-,005935,BB Ticker,KS,526.0,,-,25494.0,0.0
2024-12-31,rest,Balanced Growth,LISTED EQUITY,1,KURARAY CO. LTD.,-,3405,BB Ticker,JP,1085.0,,-,25430.0,0.0
2024-12-31,rest,Balanced Growth,LISTED EQUITY,1,"TAKARA HOLDINGS, INC.",-,2531,BB Ticker,JP,1822.0,,-,25373.0,0.0
2024-12-31,rest,Balanced Growth,LISTED EQUITY,1,"WEST PHARMACEUTICAL SERVICES, INC.",-,WST,BB Ticker,US,48.0,,-,25168.0,0.0
2024-12-31,rest,Balanced Growth,LISTED EQUITY,1,CINCINNATI FINANCIAL CORP.,-,CINF,BB Ticker,US,108.0,,-,25154.0,0.0
2024-12-31,rest,Balanced Growth,LISTED EQUITY,1,ROCHE HOLDING AG,-,RO,BB Ticker,SW,52.0,,-,24947.0,0.0
2024-12-31,rest,Balanced Growth,LISTED EQUITY,1,SEMPRA,-,SRE,BB Ticker,US,175.0,,-,24808.0,0.0
2024-12-31,rest,Balanced Growth,LISTED EQUITY,1,TRANSUNION,-,TRU,BB Ticker,US,165.0,,-,24660.0,0.0
2024-12-31,rest,Balanced Growth,LISTED EQUITY,1,TYRO PAYMENTS LTD.,-,TYR,BB Ticker,AU,30220.0,,-,24629.0,0.0
2024-12-31,rest,Balanced Growth,LISTED EQUITY,1,AUTO TRADER GROUP PLC,-,AUTO,BB Ticker,LN,1529.0,,-,24533.0,0.0
2024-12-31,rest,Balanced Growth,LISTED EQUITY,1,SPIRAX-SARCO ENGINEERING PLC,-,SPX,BB Ticker,LN,176.0,,-,24379.0,0.0
2024-12-31,rest,Balanced Growth,LISTED EQUITY,1,"DRAFTKINGS, INC.",-,DKNG,BB Ticker,US,406.0,,-,24378.0,0.0
2024-12-31,rest,Balanced Growth,LISTED EQUITY,1,"PEGASYSTEMS, INC.",-,PEGA,BB Ticker,US,161.0,,-,24239.0,0.0
2024-12-31,rest,Balanced Growth,LISTED EQUITY,1,"REVELYST, INC.",-,GEAR,BB Ticker,US,779.0,,-,24181.0,0.0
2024-12-31,rest,Balanced Growth,LISTED EQUITY,1,FUBON FINANCIAL HOLDING CO. LTD.,-,2881,BB Ticker,TT,5432.0,,-,24164.0,0.0
2024-12-31,rest,Balanced Growth,LISTED EQUITY,1,"COMMVAULT SYSTEMS, INC.",-,CVLT,BB Ticker,US,99.0,,-,24051.0,0.0
2024-12-31,rest,Balanced Growth,LISTED EQUITY,1,IMPEDIMED LTD.,-,IPD,BB Ticker,AU,462315.0,,-,24040.0,0.0
2024-12-31,rest,Balanced Growth,LISTED EQUITY,1,KERING SA,-,KER,BB Ticker,FP,61.0,,-,24001.0,0.0
2024-12-31,rest,Balanced Growth,LISTED EQUITY,1,WESTERN DIGITAL CORP.,-,WDC,BB Ticker,US,249.0,,-,23990.0,0.0
2024-12-31,rest,Balanced Growth,LISTED EQUITY,1,SK SQUARE CO. LTD.,-,402340,BB Ticker,KS,275.0,,-,23939.0,0.0
2024-12-31,rest,Balanced Growth,LISTED EQUITY,1,"DARDEN RESTAURANTS, INC.",-,DRI,BB Ticker,US,79.0,,-,23910.0,0.0
2024-12-31,rest,Balanced Growth,LISTED EQUITY,1,"T ROWE PRICE GROUP, INC.",-,TROW,BB Ticker,US,131.0,,-,23874.0,0.0
2024-12-31,rest,Balanced Growth,LISTED EQUITY,1,INSULET CORP.,-,PODD,BB Ticker,US,56.0,,-,23769.0,0.0
2024-12-31,rest,Balanced Growth,LISTED EQUITY,1,GAIL INDIA LTD.,-,GAIL,BB Ticker,IN,6575.0,,-,23689.0,0.0
2024-12-31,rest,Balanced Growth,LISTED EQUITY,1,"SNAP-ON, INC.",-,SNA,BB Ticker,US,43.0,,-,23630.0,0.0
2024-12-31,rest,Balanced Growth,LISTED EQUITY,1,"KONICA MINOLTA, INC.",-,4902,BB Ticker,JP,3453.0,,-,23509.0,0.0
2024-12-31,rest,Balanced Growth,LISTED EQUITY,1,SUNRISE COMMUNICATIONS AG,-,SNRE,BB Ticker,US,337.0,,-,23460.0,0.0
2024-12-31,rest,Balanced Growth,LISTED EQUITY,1,"JB HUNT TRANSPORT SERVICES, INC.",-,JBHT,BB Ticker,US,85.0,,-,23445.0,0.0
2024-12-31,rest,Balanced Growth,LISTED EQUITY,1,DNB BANK ASA,-,DNB,BB Ticker,NO,726.0,,-,23435.0,0.0
2024-12-31,rest,Balanced Growth,LISTED EQUITY,1,"FACTSET RESEARCH SYSTEMS, INC.",-,FDS,BB Ticker,US,30.0,,-,23352.0,0.0
2024-12-31,rest,Balanced Growth,LISTED EQUITY,1,INFOMEDIA LTD.,-,IFM,BB Ticker,AU,15121.0,,-,23286.0,0.0
2024-12-31,rest,Balanced Growth,LISTED EQUITY,1,"KEYSIGHT TECHNOLOGIES, INC.",-,KEYS,BB Ticker,US,89.0,,-,23192.0,0.0
2024-12-31,rest,Balanced Growth,LISTED EQUITY,1,PENTAIR PLC,-,PNR,BB Ticker,US,141.0,,-,22995.0,0.0
2024-12-31,rest,Balanced Growth,LISTED EQUITY,1,"OMNICOM GROUP, INC.",-,OMC,BB Ticker,US,165.0,,-,22898.0,0.0
2024-12-31,rest,Balanced Growth,LISTED EQUITY,1,IDEX CORP.,-,IEX,BB Ticker,US,68.0,,-,22895.0,0.0
2024-12-31,rest,Balanced Growth,LISTED EQUITY,1,AUDINATE GROUP LTD.,-,AD8,BB Ticker,AU,3074.0,,-,22773.0,0.0
2024-12-31,rest,Balanced Growth,LISTED EQUITY,1,"STANDARDAERO, INC.",-,SARO,BB Ticker,US,569.0,,-,22757.0,0.0
2024-12-31,rest,Balanced Growth,LISTED EQUITY,1,"TOAST, INC.",-,TOST,BB Ticker,US,386.0,,-,22739.0,0.0
2024-12-31,rest,Balanced Growth,LISTED EQUITY,1,ACCO BRANDS CORP.,-,ACCO,BB Ticker,US,2677.0,,-,22698.0,0.0
2024-12-31,rest,Balanced Growth,LISTED EQUITY,1,"ZIMMER BIOMET HOLDINGS, INC.",-,ZBH,BB Ticker,US,133.0,,-,22689.0,0.0
2024-12-31,rest,Balanced Growth,LISTED EQUITY,1,ON SEMICONDUCTOR CORP.,-,ON,BB Ticker,US,222.0,,-,22607.0,0.0
2024-12-31,rest,Balanced Growth,LISTED EQUITY,1,STRIKE ENERGY LTD.,-,STX,BB Ticker,AU,107635.0,,-,22603.0,0.0
2024-12-31,rest,Balanced Growth,LISTED EQUITY,1,PLATINUM ASSET MANAGEMENT LTD.,-,PTM,BB Ticker,AU,32558.0,,-,22465.0,0.0
2024-12-31,rest,Balanced Growth,LISTED EQUITY,1,W R BERKLEY CORP.,-,WRB,BB Ticker,US,235.0,,-,22179.0,0.0
2024-12-31,rest,Balanced Growth,LISTED EQUITY,1,"WATSCO, INC.",-,WSO,BB Ticker,US,29.0,,-,22173.0,0.0
2024-12-31,rest,Balanced Growth,LISTED EQUITY,1,"RADIAN GROUP, INC.",-,RDN,BB Ticker,US,427.0,,-,21870.0,0.0
2024-12-31,rest,Balanced Growth,LISTED EQUITY,1,POU CHEN CORP.,-,9904,BB Ticker,TT,11973.0,,-,21765.0,0.0
2024-12-31,rest,Balanced Growth,LISTED EQUITY,1,"ESTEE LAUDER COS., INC.",-,EL,BB Ticker,US,179.0,,-,21706.0,0.0
2024-12-31,rest,Balanced Growth,LISTED EQUITY,1,ATLAS COPCO AB,-,ATCOB,BB Ticker,SS,993.0,,-,21691.0,0.0
2024-12-31,rest,Balanced Growth,LISTED EQUITY,1,"PRINCIPAL FINANCIAL GROUP, INC.",-,PFG,BB Ticker,US,173.0,,-,21636.0,0.0
2024-12-31,rest,Balanced Growth,LISTED EQUITY,1,BANK NEGARA INDONESIA PERSERO TBK. PT,-,BBNI,BB Ticker,IJ,49420.0,,-,21573.0,0.0
2024-12-31,rest,Balanced Growth,LISTED EQUITY,1,HOYA CORP.,-,7741,BB Ticker,JP,105.0,,-,21551.0,0.0
2024-12-31,rest,Balanced Growth,LISTED EQUITY,1,HINDALCO INDUSTRIES LTD.,-,HNDL,BB Ticker,IN,1890.0,,-,21483.0,0.0
2024-12-31,rest,Balanced Growth,LISTED EQUITY,1,"GEN DIGITAL, INC.",-,GEN,BB Ticker,US,484.0,,-,21389.0,0.0
2024-12-31,rest,Balanced Growth,LISTED EQUITY,1,CATHAY FINANCIAL HOLDING CO. LTD.,-,2882,BB Ticker,TT,6350.0,,-,21366.0,0.0
2024-12-31,rest,Balanced Growth,LISTED EQUITY,1,"TRIMBLE, INC.",-,TRMB,BB Ticker,US,187.0,,-,21314.0,0.0
2024-12-31,rest,Balanced Growth,LISTED EQUITY,1,"JABIL, INC.",-,JBL,BB Ticker,US,91.0,,-,21165.0,0.0
2024-12-31,rest,Balanced Growth,LISTED EQUITY,1,"EPAM SYSTEMS, INC.",-,EPAM,BB Ticker,US,56.0,,-,21004.0,0.0
2024-12-31,rest,Balanced Growth,LISTED EQUITY,1,PEOPLE'S INSURANCE CO. GROUP OF CHINA LTD.,-,1339,BB Ticker,HK,26024.0,,-,20940.0,0.0
2024-12-31,rest,Balanced Growth,LISTED EQUITY,1,USS CO. LTD.,-,4732,BB Ticker,JP,1474.0,,-,20859.0,0.0
2024-12-31,rest,Balanced Growth,LISTED EQUITY,1,SANLAM LTD.,-,SLM,BB Ticker,SJ,2799.0,,-,20817.0,0.0
2024-12-31,rest,Balanced Growth,LISTED EQUITY,1,SSAB AB,-,SSABA,BB Ticker,SS,3151.0,,-,20715.0,0.0
2024-12-31,rest,Balanced Growth,LISTED EQUITY,1,KERRY GROUP PLC,-,KYGA,BB Ticker,ID,133.0,,-,20697.0,0.0
2024-12-31,rest,Balanced Growth,LISTED EQUITY,1,GEA GROUP AG,-,G1A,BB Ticker,GR,258.0,,-,20657.0,0.0
2024-12-31,rest,Balanced Growth,LISTED EQUITY,1,"MONGODB, INC.",-,MDB,BB Ticker,US,54.0,,-,20343.0,0.0
2024-12-31,rest,Balanced Growth,LISTED EQUITY,1,"CLEAR SECURE, INC.",-,YOU,BB Ticker,US,470.0,,-,20214.0,0.0
2024-12-31,rest,Balanced Growth,LISTED EQUITY,1,HULIC CO. LTD.,-,3003,BB Ticker,JP,1429.0,,-,20124.0,0.0
2024-12-31,rest,Balanced Growth,LISTED EQUITY,1,"GAP, INC.",-,GAP,BB Ticker,US,527.0,,-,20107.0,0.0
2024-12-31,rest,Balanced Growth,LISTED EQUITY,1,WATERS CORP.,-,WAT,BB Ticker,US,34.0,,-,20100.0,0.0
2024-12-31,rest,Balanced Growth,LISTED EQUITY,1,CARNIVAL CORP.,-,CCL,BB Ticker,US,498.0,,-,20033.0,0.0
2024-12-31,rest,Balanced Growth,LISTED EQUITY,1,"CARLYLE GROUP, INC.",-,CG,BB Ticker,US,245.0,,-,19969.0,0.0
2024-12-31,rest,Balanced Growth,LISTED EQUITY,1,KEYCORP,-,KEY,BB Ticker,US,720.0,,-,19934.0,0.0
2024-12-31,rest,Balanced Growth,LISTED EQUITY,1,GWA GROUP LTD.,-,GWA,BB Ticker,AU,8233.0,,-,19926.0,0.0
2024-12-31,rest,Balanced Growth,LISTED EQUITY,1,"FINNING INTERNATIONAL, INC.",-,FTT,BB Ticker,CN,465.0,,-,19891.0,0.0
2024-12-31,rest,Balanced Growth,LISTED EQUITY,1,"ZSCALER, INC.",-,ZS,BB Ticker,US,68.0,,-,19695.0,0.0
2024-12-31,rest,Balanced Growth,LISTED EQUITY,1,"SUPER MICRO COMPUTER, INC.",-,SMCI,BB Ticker,US,400.0,,-,19685.0,0.0
2024-12-31,rest,Balanced Growth,LISTED EQUITY,1,SENSATA TECHNOLOGIES HOLDING PLC,-,ST,BB Ticker,US,440.0,,-,19470.0,0.0
2024-12-31,rest,Balanced Growth,LISTED EQUITY,1,"DAYFORCE, INC.",-,DAY,BB Ticker,US,166.0,,-,19441.0,0.0
2024-12-31,rest,Balanced Growth,LISTED EQUITY,1,"ULTA BEAUTY, INC.",-,ULTA,BB Ticker,US,27.0,,-,19239.0,0.0
2024-12-31,rest,Balanced Growth,LISTED EQUITY,1,"LABCORP HOLDINGS, INC.",-,LH,BB Ticker,US,52.0,,-,19183.0,0.0
2024-12-31,rest,Balanced Growth,LISTED EQUITY,1,"CARMAX, INC.",-,KMX,BB Ticker,US,145.0,,-,19126.0,0.0
2024-12-31,rest,Balanced Growth,LISTED EQUITY,1,"POWERTECH TECHNOLOGY, INC.",-,6239,BB Ticker,TT,3175.0,,-,19082.0,0.0
2024-12-31,rest,Balanced Growth,LISTED EQUITY,1,LOJAS RENNER SA,-,LREN3,BB Ticker,BZ,6011.0,,-,19048.0,0.0
2024-12-31,rest,Balanced Growth,LISTED EQUITY,1,"PAYCOM SOFTWARE, INC.",-,PAYC,BB Ticker,US,58.0,,-,19041.0,0.0
2024-12-31,rest,Balanced Growth,LISTED EQUITY,1,CHINA LIFE INSURANCE CO. LTD.,-,2628,BB Ticker,HK,6235.0,,-,19031.0,0.0
2024-12-31,rest,Balanced Growth,LISTED EQUITY,1,J M SMUCKER CO.,-,SJM,BB Ticker,US,107.0,,-,19024.0,0.0
2024-12-31,rest,Balanced Growth,LISTED EQUITY,1,SAPPI LTD.,-,SAP,BB Ticker,SJ,4509.0,,-,19011.0,0.0
2024-12-31,rest,Balanced Growth,LISTED EQUITY,1,CHAROEN POKPHAND FOODS PCL,-,CPFR,BB Ticker,TB,17561.0,,-,18967.0,0.0
2024-12-31,rest,Balanced Growth,LISTED EQUITY,1,SAUDI AWWAL BANK,-,SABB,BB Ticker,AB,1309.0,,-,18940.0,0.0
2024-12-31,rest,Balanced Growth,LISTED EQUITY,1,"FIDELITY NATIONAL FINANCIAL, INC.",-,FNF,BB Ticker,US,208.0,,-,18870.0,0.0
2024-12-31,rest,Balanced Growth,LISTED EQUITY,1,ALPS ALPINE CO. LTD.,-,6770,BB Ticker,JP,1136.0,,-,18827.0,0.0
2024-12-31,rest,Balanced Growth,LISTED EQUITY,1,EXACT SCIENCES CORP.,-,EXAS,BB Ticker,US,207.0,,-,18763.0,0.0
2024-12-31,rest,Balanced Growth,LISTED EQUITY,1,"JUNIPER NETWORKS, INC.",-,JNPR,BB Ticker,US,310.0,,-,18760.0,0.0
2024-12-31,rest,Balanced Growth,LISTED EQUITY,1,BUDWEISER BREWING CO. APAC LTD.,-,1876,SEDOL,HK,12029.0,,-,18733.0,0.0
2024-12-31,rest,Balanced Growth,LISTED EQUITY,1,MINERAL RESOURCES LTD.,-,MIN,BB Ticker,AU,547.0,,-,18727.0,0.0
2024-12-31,rest,Balanced Growth,LISTED EQUITY,1,CENTRAL JAPAN RAILWAY CO.,-,9022,BB Ticker,JP,612.0,,-,18649.0,0.0
2024-12-31,rest,Balanced Growth,LISTED EQUITY,1,"AVANTOR, INC.",-,AVTR,BB Ticker,US,546.0,,-,18589.0,0.0
2024-12-31,rest,Balanced Growth,LISTED EQUITY,1,"BAXTER INTERNATIONAL, INC.",-,BAX,BB Ticker,US,394.0,,-,18544.0,0.0
2024-12-31,rest,Balanced Growth,LISTED EQUITY,1,GENUINE PARTS CO.,-,GPC,BB Ticker,US,98.0,,-,18529.0,0.0
2024-12-31,rest,Balanced Growth,LISTED EQUITY,1,INTERNATIONAL PAPER CO.,-,IP,BB Ticker,US,213.0,,-,18501.0,0.0
2024-12-31,rest,Balanced Growth,LISTED EQUITY,1,TRELLEBORG AB,-,TRELB,BB Ticker,SS,333.0,,-,18440.0,0.0
2024-12-31,rest,Balanced Growth,LISTED EQUITY,1,"ENBRIDGE, INC.",-,ENB,BB Ticker,CN,268.0,,-,18356.0,0.0
2024-12-31,rest,Balanced Growth,LISTED EQUITY,1,"NETGEAR, INC.",-,NTGR,BB Ticker,US,407.0,,-,18316.0,0.0
2024-12-31,rest,Balanced Growth,LISTED EQUITY,1,SUN HUNG KAI PROPERTIES LTD.,-,16,BB Ticker,HK,1179.0,,-,18306.0,0.0
2024-12-31,rest,Balanced Growth,LISTED EQUITY,1,"DAVITA, INC.",-,DVA,BB Ticker,US,75.0,,-,18054.0,0.0
2024-12-31,rest,Balanced Growth,LISTED EQUITY,1,"ITT, INC.",-,ITT,BB Ticker,US,78.0,,-,17984.0,0.0
2024-12-31,rest,Balanced Growth,LISTED EQUITY,1,SOLVENTUM CORP.,-,SOLV,BB Ticker,US,168.0,,-,17945.0,0.0
2024-12-31,rest,Balanced Growth,LISTED EQUITY,1,CNH INDUSTRIAL NV,-,CNH,BB Ticker,US,979.0,,-,17915.0,0.0
2024-12-31,rest,Balanced Growth,LISTED EQUITY,1,"ROLLINS, INC.",-,ROL,BB Ticker,US,237.0,,-,17743.0,0.0
2024-12-31,rest,Balanced Growth,LISTED EQUITY,1,"WSP GLOBAL, INC.",-,WSP,BB Ticker,CN,63.0,,-,17702.0,0.0
2024-12-31,rest,Balanced Growth,LISTED EQUITY,1,"DOLLAR TREE, INC.",-,DLTR,BB Ticker,US,146.0,,-,17694.0,0.0
2024-12-31,rest,Balanced Growth,LISTED EQUITY,1,"MATCH GROUP, INC.",-,MTCH,BB Ticker,US,335.0,,-,17678.0,0.0
2024-12-31,rest,Balanced Growth,LISTED EQUITY,1,"AKAMAI TECHNOLOGIES, INC.",-,AKAM,BB Ticker,US,114.0,,-,17659.0,0.0
2024-12-31,rest,Balanced Growth,LISTED EQUITY,1,"JACK HENRY & ASSOCIATES, INC.",-,JKHY,BB Ticker,US,62.0,,-,17606.0,0.0
2024-12-31,rest,Balanced Growth,LISTED EQUITY,1,ERIE INDEMNITY CO.,-,ERIE,BB Ticker,US,26.0,,-,17581.0,0.0
2024-12-31,rest,Balanced Growth,LISTED EQUITY,1,"ZILLOW GROUP, INC.",-,Z,BB Ticker,US,147.0,,-,17558.0,0.0
2024-12-31,rest,Balanced Growth,LISTED EQUITY,1,J FRONT RETAILING CO. LTD.,-,3086,BB Ticker,JP,797.0,,-,17424.0,0.0
2024-12-31,rest,Balanced Growth,LISTED EQUITY,1,"DOLBY LABORATORIES, INC.",-,DLB,BB Ticker,US,136.0,,-,17179.0,0.0
2024-12-31,rest,Balanced Growth,LISTED EQUITY,1,AIR LIQUIDE SA,-,AI,BB Ticker,FP,65.0,,-,17176.0,0.0
2024-12-31,rest,Balanced Growth,LISTED EQUITY,1,"PERKINELMER, INC.",-,RVTY,BB Ticker,US,95.0,,-,17174.0,0.0
2024-12-31,rest,Balanced Growth,LISTED EQUITY,1,KGL RESOURCES LTD.,-,KGL,BB Ticker,AU,180198.0,,-,17119.0,0.0
2024-12-31,rest,Balanced Growth,LISTED EQUITY,1,"TERADYNE, INC.",-,TER,BB Ticker,US,84.0,,-,17066.0,0.0
2024-12-31,rest,Balanced Growth,LISTED EQUITY,1,NIPPON STEEL CORP.,-,5401,BB Ticker,JP,522.0,,-,17054.0,0.0
2024-12-31,rest,Balanced Growth,LISTED EQUITY,1,BAJAJ AUTO LTD.,-,BJAUT,BB Ticker,IN,103.0,,-,17035.0,0.0
2024-12-31,rest,Balanced Growth,LISTED EQUITY,1,MOSAIC CO.,-,MOS,BB Ticker,US,429.0,,-,17027.0,0.0
2024-12-31,rest,Balanced Growth,LISTED EQUITY,1,RELX PLC,-,REL,BB Ticker,LN,232.0,,-,16995.0,0.0
2024-12-31,rest,Balanced Growth,LISTED EQUITY,1,SCOUT24 SE,-,G24,BB Ticker,GR,119.0,,-,16942.0,0.0
2024-12-31,rest,Balanced Growth,LISTED EQUITY,1,SMURFIT WESTROCK PLC,-,SW,BB Ticker,US,195.0,,-,16929.0,0.0
2024-12-31,rest,Balanced Growth,LISTED EQUITY,1,"STANLEY BLACK & DECKER, INC.",-,SWK,BB Ticker,US,130.0,,-,16902.0,0.0
2024-12-31,rest,Balanced Growth,LISTED EQUITY,1,INPEX CORP.,-,1605,SEDOL,JP,828.0,,-,16757.0,0.0
2024-12-31,rest,Balanced Growth,LISTED EQUITY,1,JUST EAT TAKEAWAY.COM NV,-,TKWY,BB Ticker,,759.0,,-,16753.0,0.0
2024-12-31,rest,Balanced Growth,LISTED EQUITY,1,BETMAKERS TECHNOLOGY GROUP LTD.,-,BET,BB Ticker,AU,159242.0,,-,16720.0,0.0
2024-12-31,rest,Balanced Growth,LISTED EQUITY,1,EASYJET PLC,-,EZJ,BB Ticker,LN,1474.0,,-,16698.0,0.0
2024-12-31,rest,Balanced Growth,LISTED EQUITY,1,METALS X LTD.,-,MLX,BB Ticker,AU,39899.0,,-,16558.0,0.0
2024-12-31,rest,Balanced Growth,LISTED EQUITY,1,"COOPER COS., INC.",-,COO,BB Ticker,US,111.0,,-,16546.0,0.0
2024-12-31,rest,Balanced Growth,LISTED EQUITY,1,U-HAUL HOLDING CO.,-,UHALB,BB Ticker,US,160.0,,-,16546.0,0.0
2024-12-31,rest,Balanced Growth,LISTED EQUITY,1,"DOMINO'S PIZZA, INC.",-,DPZ,BB Ticker,US,24.0,,-,16459.0,0.0
2024-12-31,rest,Balanced Growth,LISTED EQUITY,1,HORMEL FOODS CORP.,-,HRL,BB Ticker,US,321.0,,-,16253.0,0.0
2024-12-31,rest,Balanced Growth,LISTED EQUITY,1,WYNN RESORTS LTD.,-,WYNN,BB Ticker,US,117.0,,-,16237.0,0.0
2024-12-31,rest,Balanced Growth,LISTED EQUITY,1,"SPROUTS FARMERS MARKET, INC.",-,SFM,BB Ticker,US,79.0,,-,16185.0,0.0
2024-12-31,rest,Balanced Growth,LISTED EQUITY,1,"ADEIA, INC.",-,ADEA,BB Ticker,US,714.0,,-,16116.0,0.0
2024-12-31,rest,Balanced Growth,LISTED EQUITY,1,BRAVURA SOLUTIONS LTD.,-,BVS,BB Ticker,AU,7160.0,,-,16110.0,0.0
2024-12-31,rest,Balanced Growth,LISTED EQUITY,1,"COLLIERS INTERNATIONAL GROUP, INC.",-,CIGI,BB Ticker,CN,73.0,,-,15972.0,0.0
2024-12-31,rest,Balanced Growth,LISTED EQUITY,1,POOL CORP.,-,POOL,BB Ticker,US,29.0,,-,15763.0,0.0
2024-12-31,rest,Balanced Growth,LISTED EQUITY,1,CAMPBELL SOUP CO.,-,CPB,BB Ticker,US,231.0,,-,15638.0,0.0
2024-12-31,rest,Balanced Growth,LISTED EQUITY,1,ARGENX SE,-,ARGX,BB Ticker,BB,16.0,,-,15635.0,0.0
2024-12-31,rest,Balanced Growth,LISTED EQUITY,1,BANKINTER SA,-,BKT,BB Ticker,SM,1223.0,,-,15621.0,0.0
2024-12-31,rest,Balanced Growth,LISTED EQUITY,1,"INTERPUBLIC GROUP OF COS., INC.",-,IPG,BB Ticker,US,345.0,,-,15614.0,0.0
2024-12-31,rest,Balanced Growth,LISTED EQUITY,1,"PATRIOT BATTERY METALS, INC.",-,PMT,BB Ticker,AU,38064.0,,-,15416.0,0.0
2024-12-31,rest,Balanced Growth,LISTED EQUITY,1,"KELLY SERVICES, INC.",-,KELYA,BB Ticker,US,683.0,,-,15381.0,0.0
2024-12-31,rest,Balanced Growth,LISTED EQUITY,1,"HANA FINANCIAL GROUP, INC.",-,086790,BB Ticker,KS,246.0,,-,15360.0,0.0
2024-12-31,rest,Balanced Growth,LISTED EQUITY,1,TORO CO.,-,TTC,BB Ticker,US,119.0,,-,15357.0,0.0
2024-12-31,rest,Balanced Growth,LISTED EQUITY,1,"PACIRA BIOSCIENCES, INC.",-,PCRX,BB Ticker,US,504.0,,-,15334.0,0.0
2024-12-31,rest,Balanced Growth,LISTED EQUITY,1,SRG GLOBAL LTD.,-,SRG,BB Ticker,AU,10891.0,,-,15084.0,0.0
2024-12-31,rest,Balanced Growth,LISTED EQUITY,1,BANK OF NOVA SCOTIA,-,BNS,BB Ticker,CN,172.0,,-,14948.0,0.0
2024-12-31,rest,Balanced Growth,LISTED EQUITY,1,INDIAN OIL CORP. LTD.,-,IOCL,BB Ticker,IN,5797.0,,-,14917.0,0.0
2024-12-31,rest,Balanced Growth,LISTED EQUITY,1,TRENT LTD.,-,TRENT,BB Ticker,IN,110.0,,-,14825.0,0.0
2024-12-31,rest,Balanced Growth,LISTED EQUITY,1,"LAZARD, INC.",-,LAZ,BB Ticker,US,178.0,,-,14820.0,0.0
2024-12-31,rest,Balanced Growth,LISTED EQUITY,1,ESSILORLUXOTTICA SA,-,EL,BB Ticker,FP,37.0,,-,14776.0,0.0
2024-12-31,rest,Balanced Growth,LISTED EQUITY,1,MARKS & SPENCER GROUP PLC,-,MKS,BB Ticker,LN,1942.0,,-,14753.0,0.0
2024-12-31,rest,Balanced Growth,LISTED EQUITY,1,JAPAN POST HOLDINGS CO. LTD.,-,6178,BB Ticker,JP,963.0,,-,14746.0,0.0
2024-12-31,rest,Balanced Growth,LISTED EQUITY,1,"SNAP, INC.",-,SNAP,BB Ticker,US,836.0,,-,14549.0,0.0
2024-12-31,rest,Balanced Growth,LISTED EQUITY,1,"ENTEGRIS, INC.",-,ENTG,BB Ticker,US,91.0,,-,14521.0,0.0
2024-12-31,rest,Balanced Growth,LISTED EQUITY,1,BROWN-FORMAN CORP.,-,BFB,BB Ticker,US,235.0,,-,14402.0,0.0
2024-12-31,rest,Balanced Growth,LISTED EQUITY,1,BANK OF MONTREAL,-,BMO,BB Ticker,CN,92.0,,-,14347.0,0.0
2024-12-31,rest,Balanced Growth,LISTED EQUITY,1,RIYAD BANK,-,RIBL,BB Ticker,AB,1165.0,,-,14325.0,0.0
2024-12-31,rest,Balanced Growth,LISTED EQUITY,1,MUENCHENER RUECKVERSICHERUNGS-GESELLSCHAFT AG IN MUENCHEN,-,MUV2,BB Ticker,GR,18.0,,-,14324.0,0.0
2024-12-31,rest,Balanced Growth,LISTED EQUITY,1,"BRINKER INTERNATIONAL, INC.",-,EAT,BB Ticker,US,66.0,,-,14041.0,0.0
2024-12-31,rest,Balanced Growth,LISTED EQUITY,1,BLUEPRINT MEDICINES CORP.,-,BPMC,BB Ticker,US,99.0,,-,13971.0,0.0
2024-12-31,rest,Balanced Growth,LISTED EQUITY,1,BANK OF HANGZHOU CO. LTD.,-,600926,BB Ticker,C1,4317.0,,-,13957.0,0.0
2024-12-31,rest,Balanced Growth,LISTED EQUITY,1,MAAS GROUP HOLDINGS LTD.,-,MGH,BB Ticker,AU,2907.0,,-,13926.0,0.0
2024-12-31,rest,Balanced Growth,LISTED EQUITY,1,ALBEMARLE CORP.,-,ALB,BB Ticker,US,99.0,,-,13772.0,0.0
2024-12-31,rest,Balanced Growth,LISTED EQUITY,1,NORDSON CORP.,-,NDSN,BB Ticker,US,41.0,,-,13703.0,0.0
2024-12-31,rest,Balanced Growth,LISTED EQUITY,1,"IGM FINANCIAL, INC.",-,IGM,BB Ticker,CN,263.0,,-,13575.0,0.0
2024-12-31,rest,Balanced Growth,LISTED EQUITY,1,RIO TINTO PLC,-,RIO,BB Ticker,LN,142.0,,-,13572.0,0.0
2024-12-31,rest,Balanced Growth,LISTED EQUITY,1,NITTO DENKO CORP.,-,6988,BB Ticker,JP,491.0,,-,13521.0,0.0
2024-12-31,rest,Balanced Growth,LISTED EQUITY,1,ARCA CONTINENTAL SAB DE CV,-,AC,BB Ticker,MM,1006.0,,-,13499.0,0.0
2024-12-31,rest,Balanced Growth,LISTED EQUITY,1,KIRIN HOLDINGS CO. LTD.,-,2503,BB Ticker,JP,636.0,,-,13398.0,0.0
2024-12-31,rest,Balanced Growth,LISTED EQUITY,1,ALMARAI CO. JSC,-,ALMARAI,BB Ticker,AB,543.0,,-,13357.0,0.0
2024-12-31,rest,Balanced Growth,LISTED EQUITY,1,TOWER SEMICONDUCTOR LTD.,-,TSEM,BB Ticker,US,159.0,,-,13229.0,0.0
2024-12-31,rest,Balanced Growth,LISTED EQUITY,1,CANADIAN PACIFIC KANSAS CITY LTD.,-,CP,BB Ticker,CN,113.0,,-,13206.0,0.0
2024-12-31,rest,Balanced Growth,LISTED EQUITY,1,AGEAS SA,-,AGS,BB Ticker,BB,164.0,,-,12894.0,0.0
2024-12-31,rest,Balanced Growth,LISTED EQUITY,1,"IA FINANCIAL CORP., INC.",-,IAG,BB Ticker,CN,85.0,,-,12711.0,0.0
2024-12-31,rest,Balanced Growth,LISTED EQUITY,1,TOKYO GAS CO. LTD.,-,9531,BB Ticker,JP,279.0,,-,12541.0,0.0
2024-12-31,rest,Balanced Growth,LISTED EQUITY,1,TECH MAHINDRA LTD.,-,TECHM,BB Ticker,IN,387.0,,-,12456.0,0.0
2024-12-31,rest,Balanced Growth,LISTED EQUITY,1,SMURFIT WESTROCK PLC,-,SWR,BB Ticker,LN,143.0,,-,12442.0,0.0
2024-12-31,rest,Balanced Growth,LISTED EQUITY,1,EUROBANK ERGASIAS SERVICES & HOLDINGS SA,-,EUROB,BB Ticker,GA,3305.0,,-,12325.0,0.0
2024-12-31,rest,Balanced Growth,LISTED EQUITY,1,"GQG PARTNERS, INC.",-,GQG,BB Ticker,AU,5935.0,,-,12285.0,0.0
2024-12-31,rest,Balanced Growth,LISTED EQUITY,1,CHINA PACIFIC INSURANCE GROUP CO. LTD.,-,2601,BB Ticker,HK,2344.0,,-,12279.0,0.0
2024-12-31,rest,Balanced Growth,LISTED EQUITY,1,TATA CONSULTANCY SERVICES LTD.,-,TCS,BB Ticker,IN,158.0,,-,12214.0,0.0
2024-12-31,rest,Balanced Growth,LISTED EQUITY,1,SCHOLASTIC CORP.,-,SCHL,BB Ticker,US,354.0,,-,12193.0,0.0
2024-12-31,rest,Balanced Growth,LISTED EQUITY,1,SHIN-ETSU CHEMICAL CO. LTD.,-,4063,BB Ticker,JP,222.0,,-,12075.0,0.0
2024-12-31,rest,Balanced Growth,LISTED EQUITY,1,PETROCHINA CO. LTD.,-,857,BB Ticker,HK,9435.0,,-,11987.0,0.0
2024-12-31,rest,Balanced Growth,LISTED EQUITY,1,GERDAU SA,-,GGBR4,BB Ticker,BZ,2527.0,,-,11985.0,0.0
2024-12-31,rest,Balanced Growth,LISTED EQUITY,1,"BAIDU, INC.",-,9888,BB Ticker,HK,697.0,,-,11982.0,0.0
2024-12-31,rest,Balanced Growth,LISTED EQUITY,1,WEST JAPAN RAILWAY CO.,-,9021,BB Ticker,JP,414.0,,-,11875.0,0.0
2024-12-31,rest,Balanced Growth,LISTED EQUITY,1,BOSIDENG INTERNATIONAL HOLDINGS LTD.,-,3998,BB Ticker,HK,14561.0,,-,11747.0,0.0
2024-12-31,rest,Balanced Growth,LISTED EQUITY,1,"CELLTRION, INC.",-,068270,BB Ticker,KS,56.0,,-,11486.0,0.0
2024-12-31,rest,Balanced Growth,LISTED EQUITY,1,CIMB GROUP HOLDINGS BHD.,-,CIMB,BB Ticker,MK,3867.0,,-,11454.0,0.0
2024-12-31,rest,Balanced Growth,LISTED EQUITY,1,MALAYSIA AIRPORTS HOLDINGS BHD.,-,MAHB,BB Ticker,MK,2995.0,,-,11446.0,0.0
2024-12-31,rest,Balanced Growth,LISTED EQUITY,1,FUJI ELECTRIC CO. LTD.,-,6504,BB Ticker,JP,130.0,,-,11438.0,0.0
2024-12-31,rest,Balanced Growth,LISTED EQUITY,1,AUSTRALIAN ETHICAL INVESTMENT LTD.,-,AEF,BB Ticker,AU,2119.0,,-,11398.0,0.0
2024-12-31,rest,Balanced Growth,LISTED EQUITY,1,MITSUI & CO. LTD.,-,8031,BB Ticker,JP,334.0,,-,11367.0,0.0
2024-12-31,rest,Balanced Growth,LISTED EQUITY,1,GENTERA SAB DE CV,-,GENTERA,BB Ticker,MM,5997.0,,-,11319.0,0.0
2024-12-31,rest,Balanced Growth,LISTED EQUITY,1,CANADIAN NATIONAL RAILWAY CO.,-,CNR,BB Ticker,CN,69.0,,-,11299.0,0.0
2024-12-31,rest,Balanced Growth,LISTED EQUITY,1,SEINO HOLDINGS CO. LTD.,-,9076,BB Ticker,JP,460.0,,-,11228.0,0.0
2024-12-31,rest,Balanced Growth,LISTED EQUITY,1,HAIER SMART HOME CO. LTD.,-,6690,BB Ticker,HK,1961.0,,-,11213.0,0.0
2024-12-31,rest,Balanced Growth,LISTED EQUITY,1,UNITED UTILITIES GROUP PLC,-,UU,BB Ticker,LN,520.0,,-,11049.0,0.0
2024-12-31,rest,Balanced Growth,LISTED EQUITY,1,CTBC FINANCIAL HOLDING CO. LTD.,-,2891,SEDOL,TT,5700.0,,-,10979.0,0.0
2024-12-31,rest,Balanced Growth,LISTED EQUITY,1,IPERIONX LTD.,-,IPX,BB Ticker,AU,1994.0,,-,10964.0,0.0
2024-12-31,rest,Balanced Growth,LISTED EQUITY,1,BANK OF BEIJING CO. LTD.,-,601169,BB Ticker,C1,8033.0,,-,10931.0,0.0
2024-12-31,rest,Balanced Growth,LISTED EQUITY,1,REDOX LTD.,-,RDX,BB Ticker,AU,2393.0,,-,10911.0,0.0
2024-12-31,rest,Balanced Growth,LISTED EQUITY,1,ADRIATIC METALS PLC,-,ADT,BB Ticker,AU,2745.0,,-,10705.0,0.0
2024-12-31,rest,Balanced Growth,LISTED EQUITY,1,BANK OF BARODA,-,BOB,BB Ticker,IN,2307.0,,-,10467.0,0.0
2024-12-31,rest,Balanced Growth,LISTED EQUITY,1,KYOWA KIRIN CO. LTD.,-,4151,BB Ticker,JP,429.0,,-,10459.0,0.0
2024-12-31,rest,Balanced Growth,LISTED EQUITY,1,"CCL INDUSTRIES, INC.",-,CCLB,BB Ticker,CN,126.0,,-,10439.0,0.0
2024-12-31,rest,Balanced Growth,LISTED EQUITY,1,GENTRACK GROUP LTD.,-,GTK,BB Ticker,AU,899.0,,-,10424.0,0.0
2024-12-31,rest,Balanced Growth,LISTED EQUITY,1,FERRARI NV,-,RACE,BB Ticker,IM,15.0,,-,10413.0,0.0
2024-12-31,rest,Balanced Growth,LISTED EQUITY,1,DASSAULT AVIATION SA,-,AM,BB Ticker,FP,31.0,,-,10395.0,0.0
2024-12-31,rest,Balanced Growth,LISTED EQUITY,1,WHARF REAL ESTATE INVESTMENT CO. LTD.,-,1997,BB Ticker,HK,2517.0,,-,10393.0,0.0
2024-12-31,rest,Balanced Growth,LISTED EQUITY,1,"LG ELECTRONICS, INC.",-,066570,BB Ticker,KS,113.0,,-,10341.0,0.0
2024-12-31,rest,Balanced Growth,LISTED EQUITY,1,YOKOGAWA ELECTRIC CORP.,-,6841,BB Ticker,JP,294.0,,-,10285.0,0.0
2024-12-31,rest,Balanced Growth,LISTED EQUITY,1,ANGLOGOLD ASHANTI PLC,-,ANG,BB Ticker,SJ,285.0,,-,10260.0,0.0
2024-12-31,rest,Balanced Growth,LISTED EQUITY,1,MYER HOLDINGS LTD.,-,MYR,BB Ticker,AU,8302.0,,-,10212.0,0.0
2024-12-31,rest,Balanced Growth,LISTED EQUITY,1,"GUNGHO ONLINE ENTERTAINMENT, INC.",-,3765,BB Ticker,JP,296.0,,-,10136.0,0.0
2024-12-31,rest,Balanced Growth,LISTED EQUITY,1,YAPI VE KREDI BANKASI AS,-,YKBNK,BB Ticker,TI,7217.0,,-,10094.0,0.0
2024-12-31,rest,Balanced Growth,LISTED EQUITY,1,OTP BANK NYRT,-,OTP,BB Ticker,HB,114.0,,-,10060.0,0.0
2024-12-31,rest,Balanced Growth,LISTED EQUITY,1,CRRC CORP. LTD.,-,1766,BB Ticker,HK,9601.0,,-,10001.0,0.0
2024-12-31,rest,Balanced Growth,LISTED EQUITY,1,"POST HOLDINGS, INC.",-,POST,BB Ticker,US,54.0,,-,9997.0,0.0
2024-12-31,rest,Balanced Growth,LISTED EQUITY,1,TUI AG,-,TUI1,BB Ticker,GR,714.0,,-,9967.0,0.0
2024-12-31,rest,Balanced Growth,LISTED EQUITY,1,CTS EVENTIM AG & CO. KGAA,-,EVD,BB Ticker,GR,72.0,,-,9909.0,0.0
2024-12-31,rest,Balanced Growth,LISTED EQUITY,1,DOWA HOLDINGS CO. LTD.,-,5714,BB Ticker,JP,214.0,,-,9810.0,0.0
2024-12-31,rest,Balanced Growth,LISTED EQUITY,1,REDEIA CORP. SA,-,RED,BB Ticker,SM,355.0,,-,9793.0,0.0
2024-12-31,rest,Balanced Growth,LISTED EQUITY,1,ACCIONA SA,-,ANA,BB Ticker,SM,53.0,,-,9738.0,0.0
2024-12-31,rest,Balanced Growth,LISTED EQUITY,1,GROUPE BRUXELLES LAMBERT NV,-,GBLB,BB Ticker,BB,87.0,,-,9681.0,0.0
2024-12-31,rest,Balanced Growth,LISTED EQUITY,1,GRUPO MEXICO SAB DE CV,-,GMEXICOB,BB Ticker,MM,1255.0,,-,9642.0,0.0
2024-12-31,rest,Balanced Growth,LISTED EQUITY,1,KURITA WATER INDUSTRIES LTD.,-,6370,BB Ticker,JP,168.0,,-,9589.0,0.0
2024-12-31,rest,Balanced Growth,LISTED EQUITY,1,3I GROUP PLC,-,III,BB Ticker,LN,132.0,,-,9550.0,0.0
2024-12-31,rest,Balanced Growth,LISTED EQUITY,1,HYUNDAI GLOVIS CO. LTD.,-,086280,BB Ticker,KS,73.0,,-,9496.0,0.0
2024-12-31,rest,Balanced Growth,LISTED EQUITY,1,YUANTA FINANCIAL HOLDING CO. LTD.,-,2885,BB Ticker,TT,5644.0,,-,9454.0,0.0
2024-12-31,rest,Balanced Growth,LISTED EQUITY,1,DEUTSCHE BOERSE AG,-,DB1,BB Ticker,GR,25.0,,-,9371.0,0.0
2024-12-31,rest,Balanced Growth,LISTED EQUITY,1,OIL & NATURAL GAS CORP. LTD.,-,ONGC,BB Ticker,IN,2073.0,,-,9357.0,0.0
2024-12-31,rest,Balanced Growth,LISTED EQUITY,1,NOVONIX LTD.,-,NVX,BB Ticker,AU,12629.0,,-,9282.0,0.0
2024-12-31,rest,Balanced Growth,LISTED EQUITY,1,SWISS RE AG,-,SREN,BB Ticker,SW,39.0,,-,9171.0,0.0
2024-12-31,rest,Balanced Growth,LISTED EQUITY,1,EXOR NV,-,EXO,BB Ticker,,62.0,,-,9124.0,0.0
2024-12-31,rest,Balanced Growth,LISTED EQUITY,1,LONZA GROUP AG,-,LONN,BB Ticker,SW,9.0,,-,9034.0,0.0
2024-12-31,rest,Balanced Growth,LISTED EQUITY,1,INDUSTRIE DE NORA SPA,-,DNR,BB Ticker,IM,705.0,,-,8932.0,0.0
2024-12-31,rest,Balanced Growth,LISTED EQUITY,1,RPMGLOBAL HOLDINGS LTD.,-,RUL,BB Ticker,AU,2909.0,,-,8872.0,0.0
2024-12-31,rest,Balanced Growth,LISTED EQUITY,1,PEGATRON CORP.,-,4938,SEDOL,TT,1925.0,,-,8717.0,0.0
2024-12-31,rest,Balanced Growth,LISTED EQUITY,1,CLARITY PHARMACEUTICALS LTD.,-,CU6,BB Ticker,AU,2070.0,,-,8630.0,0.0
2024-12-31,rest,Balanced Growth,LISTED EQUITY,1,EDP - ENERGIAS DE PORTUGAL SA,-,EDP,BB Ticker,PL,1611.0,,-,8331.0,0.0
2024-12-31,rest,Balanced Growth,LISTED EQUITY,1,SIEMENS LTD.,-,SIEM,BB Ticker,IN,67.0,,-,8314.0,0.0
2024-12-31,rest,Balanced Growth,LISTED EQUITY,1,HYUNDAI MOBIS CO. LTD.,-,012330,BB Ticker,KS,32.0,,-,8287.0,0.0
2024-12-31,rest,Balanced Growth,LISTED EQUITY,1,"ALIMENTATION COUCHE-TARD, INC.",-,ATD,BB Ticker,CN,92.0,,-,8233.0,0.0
2024-12-31,rest,Balanced Growth,LISTED EQUITY,1,SUPERLOOP LTD.,-,SLC,BB Ticker,AU,3720.0,,-,8147.0,0.0
2024-12-31,rest,Balanced Growth,LISTED EQUITY,1,DSV AS,-,DSV,BB Ticker,DC,23.0,,-,8036.0,0.0
2024-12-31,rest,Balanced Growth,LISTED EQUITY,1,MESOBLAST LTD.,-,MSB,BB Ticker,AU,2591.0,,-,8033.0,0.0
2024-12-31,rest,Balanced Growth,LISTED EQUITY,1,HELLOWORLD TRAVEL LTD.,-,HLO,BB Ticker,AU,4066.0,,-,7949.0,0.0
2024-12-31,rest,Balanced Growth,LISTED EQUITY,1,ATLAS COPCO AB,-,ATCOA,BB Ticker,SS,320.0,,-,7886.0,0.0
2024-12-31,rest,Balanced Growth,LISTED EQUITY,1,SEVEN & I HOLDINGS CO. LTD.,-,3382,BB Ticker,JP,307.0,,-,7854.0,0.0
2024-12-31,rest,Balanced Growth,LISTED EQUITY,1,TC ENERGY CORP.,-,TRP,BB Ticker,CN,104.0,,-,7850.0,0.0
2024-12-31,rest,Balanced Growth,LISTED EQUITY,1,LENS TECHNOLOGY CO. LTD.,-,300433,BB Ticker,C2,1594.0,,-,7723.0,0.0
2024-12-31,rest,Balanced Growth,LISTED EQUITY,1,BARRATT DEVELOPMENTS PLC,-,BTRW,BB Ticker,LN,866.0,,-,7709.0,0.0
2024-12-31,rest,Balanced Growth,LISTED EQUITY,1,SAVOLA GROUP,-,SAVOLA,BB Ticker,AB,487.0,,-,7680.0,0.0
2024-12-31,rest,Balanced Growth,LISTED EQUITY,1,ANGLO AMERICAN PLC,-,AAL,BB Ticker,LN,160.0,,-,7674.0,0.0
2024-12-31,rest,Balanced Growth,LISTED EQUITY,1,SIKA AG,-,SIKA,BB Ticker,SW,20.0,,-,7660.0,0.0
2024-12-31,rest,Balanced Growth,LISTED EQUITY,1,ELDERS LTD.,-,ELD,BB Ticker,AU,1066.0,,-,7630.0,0.0
2024-12-31,rest,Balanced Growth,LISTED EQUITY,1,BELLEVUE GOLD LTD.,-,BGL,BB Ticker,AU,6727.0,,-,7568.0,0.0
2024-12-31,rest,Balanced Growth,LISTED EQUITY,1,MEDIPAL HOLDINGS CORP.,-,7459,BB Ticker,JP,309.0,,-,7549.0,0.0
2024-12-31,rest,Balanced Growth,LISTED EQUITY,1,FOXCONN INDUSTRIAL INTERNET CO. LTD.,-,601138,BB Ticker,C1,1513.0,,-,7200.0,0.0
2024-12-31,rest,Balanced Growth,LISTED EQUITY,1,DAI NIPPON PRINTING CO. LTD.,-,7912,BB Ticker,JP,314.0,,-,7155.0,0.0
2024-12-31,rest,Balanced Growth,LISTED EQUITY,1,SAMSUNG C&T CORP.,-,028260,BB Ticker,KS,56.0,,-,7064.0,0.0
2024-12-31,rest,Balanced Growth,LISTED EQUITY,1,A O SMITH CORP.,-,AOS,BB Ticker,US,64.0,,-,7057.0,0.0
2024-12-31,rest,Balanced Growth,LISTED EQUITY,1,AERIS RESOURCES LTD.,-,AIS,BB Ticker,AU,39808.0,,-,6966.0,0.0
2024-12-31,rest,Balanced Growth,LISTED EQUITY,1,HEINEKEN HOLDING NV,-,HEIO,BB Ticker,,69.0,,-,6651.0,0.0
2024-12-31,rest,Balanced Growth,LISTED EQUITY,1,BANCOLOMBIA SA,-,CIB,BB Ticker,US,127.0,,-,6466.0,0.0
2024-12-31,rest,Balanced Growth,LISTED EQUITY,1,OPTHEA LTD.,-,OPT,BB Ticker,AU,7852.0,,-,6360.0,0.0
2024-12-31,rest,Balanced Growth,LISTED EQUITY,1,REC LTD.,-,RECL,BB Ticker,IN,672.0,,-,6349.0,0.0
2024-12-31,rest,Balanced Growth,LISTED EQUITY,1,"SUN LIFE FINANCIAL, INC.",-,SLF,BB Ticker,CN,65.0,,-,6267.0,0.0
2024-12-31,rest,Balanced Growth,LISTED EQUITY,1,ASSA ABLOY AB,-,ASSAB,BB Ticker,SS,131.0,,-,6260.0,0.0
2024-12-31,rest,Balanced Growth,LISTED EQUITY,1,ITAUSA SA,-,ITSA4,BB Ticker,BZ,2707.0,,-,6250.0,0.0
2024-12-31,rest,Balanced Growth,LISTED EQUITY,1,"AAC TECHNOLOGIES HOLDINGS, INC.",-,2018,BB Ticker,HK,799.0,,-,6233.0,0.0
2024-12-31,rest,Balanced Growth,LISTED EQUITY,1,CHECK POINT SOFTWARE TECHNOLOGIES LTD.,-,CHKP,BB Ticker,US,20.0,,-,6060.0,0.0
2024-12-31,rest,Balanced Growth,LISTED EQUITY,1,"COLLEGIUM PHARMACEUTICAL, INC.",-,COLL,BB Ticker,US,131.0,,-,6040.0,0.0
2024-12-31,rest,Balanced Growth,LISTED EQUITY,1,APPEN LTD.,-,APX,BB Ticker,AU,2222.0,,-,5865.0,0.0
2024-12-31,rest,Balanced Growth,LISTED EQUITY,1,OM HOLDINGS LTD.,-,OMH,BB Ticker,AU,15771.0,,-,5835.0,0.0
2024-12-31,rest,Balanced Growth,LISTED EQUITY,1,ARGENX SE,-,ARGXEUR,BB Ticker,X9,6.0,,-,5809.0,0.0
2024-12-31,rest,Balanced Growth,LISTED EQUITY,1,ASHTEAD GROUP PLC,-,AHT,BB Ticker,LN,58.0,,-,5775.0,0.0
2024-12-31,rest,Balanced Growth,LISTED EQUITY,1,"SOMPO HOLDINGS, INC.",-,8630,BB Ticker,JP,135.0,,-,5721.0,0.0
2024-12-31,rest,Balanced Growth,LISTED EQUITY,1,TIM SA,-,TIMB,BB Ticker,US,297.0,,-,5641.0,0.0
2024-12-31,rest,Balanced Growth,LISTED EQUITY,1,SINO LAND CO. LTD.,-,83,BB Ticker,HK,3373.0,,-,5505.0,0.0
2024-12-31,rest,Balanced Growth,LISTED EQUITY,1,PREDICTIVE DISCOVERY LTD.,-,PDI,BB Ticker,AU,23887.0,,-,5494.0,0.0
2024-12-31,rest,Balanced Growth,LISTED EQUITY,1,PARTNERS GROUP HOLDING AG,-,PGHN,BB Ticker,SW,2.0,,-,5450.0,0.0
2024-12-31,rest,Balanced Growth,LISTED EQUITY,1,FUJIFILM HOLDINGS CORP.,-,4901,BB Ticker,JP,159.0,,-,5420.0,0.0
2024-12-31,rest,Balanced Growth,LISTED EQUITY,1,SSE PLC,-,SSE,BB Ticker,LN,166.0,,-,5384.0,0.0
2024-12-31,rest,Balanced Growth,LISTED EQUITY,1,VIBRA ENERGIA SA,-,VBBR3,BB Ticker,BZ,1108.0,,-,5168.0,0.0
2024-12-31,rest,Balanced Growth,LISTED EQUITY,1,WHEATON PRECIOUS METALS CORP.,-,WPM,BB Ticker,CN,57.0,,-,5161.0,0.0
2024-12-31,rest,Balanced Growth,LISTED EQUITY,1,FRANCO-NEVADA CORP.,-,FNV,BB Ticker,CN,27.0,,-,5079.0,0.0
2024-12-31,rest,Balanced Growth,LISTED EQUITY,1,PERNOD RICARD SA,-,RI,BB Ticker,FP,28.0,,-,5076.0,0.0
2024-12-31,rest,Balanced Growth,LISTED EQUITY,1,VULCAN ENERGY RESOURCES LTD.,-,VUL,BB Ticker,AU,948.0,,-,5071.0,0.0
2024-12-31,rest,Balanced Growth,LISTED EQUITY,1,ASSICURAZIONI GENERALI SPA,-,G,BB Ticker,IM,111.0,,-,5065.0,0.0
2024-12-31,rest,Balanced Growth,LISTED EQUITY,1,DISCO CORP.,-,6146,BB Ticker,JP,11.0,,-,5039.0,0.0
2024-12-31,rest,Balanced Growth,LISTED EQUITY,1,ASM INTERNATIONAL NV,-,ASM,BB Ticker,,5.0,,-,5005.0,0.0
2024-12-31,rest,Balanced Growth,LISTED EQUITY,1,MARUBENI CORP.,-,8002,BB Ticker,JP,200.0,,-,4922.0,0.0
2024-12-31,rest,Balanced Growth,LISTED EQUITY,1,SMC CORP.,-,6273,BB Ticker,JP,8.0,,-,4889.0,0.0
2024-12-31,rest,Balanced Growth,LISTED EQUITY,1,CEZ AS,-,CEZ,BB Ticker,CP,76.0,,-,4856.0,0.0
2024-12-31,rest,Balanced Growth,LISTED EQUITY,1,CEDAR WOODS PROPERTIES LTD.,-,CWP,BB Ticker,AU,856.0,,-,4709.0,0.0
2024-12-31,rest,Balanced Growth,LISTED EQUITY,1,VONOVIA SE,-,VNA,BB Ticker,GR,95.0,,-,4682.0,0.0
2024-12-31,rest,Balanced Growth,LISTED EQUITY,1,DASSAULT SYSTEMES SE,-,DSY,BB Ticker,FP,83.0,,-,4675.0,0.0
2024-12-31,rest,Balanced Growth,LISTED EQUITY,1,NEC CORP.,-,6701,BB Ticker,JP,33.0,,-,4674.0,0.0
2024-12-31,rest,Balanced Growth,LISTED EQUITY,1,SWISS LIFE HOLDING AG,-,SLHN,BB Ticker,SW,4.0,,-,4674.0,0.0
2024-12-31,rest,Balanced Growth,LISTED EQUITY,1,OTSUKA HOLDINGS CO. LTD.,-,4578,BB Ticker,JP,52.0,,-,4620.0,0.0
2024-12-31,rest,Balanced Growth,LISTED EQUITY,1,BANK LEUMI LE-ISRAEL BM,-,LUMI,BB Ticker,IT,238.0,,-,4582.0,0.0
2024-12-31,rest,Balanced Growth,LISTED EQUITY,1,ORIENTAL LAND CO. LTD.,-,4661,BB Ticker,JP,130.0,,-,4574.0,0.0
2024-12-31,rest,Balanced Growth,LISTED EQUITY,1,BRIDGESTONE CORP.,-,5108,BB Ticker,JP,83.0,,-,4548.0,0.0
2024-12-31,rest,Balanced Growth,LISTED EQUITY,1,FERROVIAL SE,-,FER,BB Ticker,SM,67.0,,-,4523.0,0.0
2024-12-31,rest,Balanced Growth,LISTED EQUITY,1,RENESAS ELECTRONICS CORP.,-,6723,BB Ticker,JP,210.0,,-,4425.0,0.0
2024-12-31,rest,Balanced Growth,LISTED EQUITY,1,NUTRIEN LTD.,-,NTR,BB Ticker,CN,61.0,,-,4417.0,0.0
2024-12-31,rest,Balanced Growth,LISTED EQUITY,1,COCA-COLA EUROPACIFIC PARTNERS PLC,-,CCEP,BB Ticker,US,35.0,,-,4369.0,0.0
2024-12-31,rest,Balanced Growth,LISTED EQUITY,1,INTERCONTINENTAL HOTELS GROUP PLC,-,IHG,BB Ticker,LN,21.0,,-,4241.0,0.0
2024-12-31,rest,Balanced Growth,LISTED EQUITY,1,CENTRAIS ELETRICAS BRASILEIRAS SA,-,ELET3,BB Ticker,BZ,472.0,,-,4210.0,0.0
2024-12-31,rest,Balanced Growth,LISTED EQUITY,1,HEXAGON AB,-,HEXAB,BB Ticker,SS,273.0,,-,4210.0,0.0
2024-12-31,rest,Balanced Growth,LISTED EQUITY,1,PEMBINA PIPELINE CORP.,-,PPL,BB Ticker,CN,71.0,,-,4205.0,0.0
2024-12-31,rest,Balanced Growth,LISTED EQUITY,1,CAMECO CORP.,-,CCO,BB Ticker,CN,50.0,,-,4149.0,0.0
2024-12-31,rest,Balanced Growth,LISTED EQUITY,1,SEKISUI HOUSE LTD.,-,1928,SEDOL,JP,105.0,,-,4064.0,0.0
2024-12-31,rest,Balanced Growth,LISTED EQUITY,1,ASAHI GROUP HOLDINGS LTD.,-,2502,BB Ticker,JP,237.0,,-,4039.0,0.0
2024-12-31,rest,Balanced Growth,LISTED EQUITY,1,PTT EXPLORATION & PRODUCTION PCL,-,PTTEPR,BB Ticker,TB,717.0,,-,4039.0,0.0
2024-12-31,rest,Balanced Growth,LISTED EQUITY,1,DANSKE BANK AS,-,DANSKE,BB Ticker,DC,88.0,,-,4003.0,0.0
2024-12-31,rest,Balanced Growth,LISTED EQUITY,1,EAST JAPAN RAILWAY CO.,-,9020,BB Ticker,JP,139.0,,-,3992.0,0.0
2024-12-31,rest,Balanced Growth,LISTED EQUITY,1,SUZUKI MOTOR CORP.,-,7269,BB Ticker,JP,213.0,,-,3917.0,0.0
2024-12-31,rest,Balanced Growth,LISTED EQUITY,1,HEINEKEN NV,-,HEIA,BB Ticker,,34.0,,-,3916.0,0.0
2024-12-31,rest,Balanced Growth,LISTED EQUITY,1,GR ENGINEERING SERVICES LTD.,-,GNG,BB Ticker,AU,1564.0,,-,3863.0,0.0
2024-12-31,rest,Balanced Growth,LISTED EQUITY,1,LEGAL & GENERAL GROUP PLC,-,LGEN,BB Ticker,LN,815.0,,-,3787.0,0.0
2024-12-31,rest,Balanced Growth,LISTED EQUITY,1,"RESTAURANT BRANDS INTERNATIONAL, INC.",-,QSR,BB Ticker,CN,36.0,,-,3782.0,0.0
2024-12-31,rest,Balanced Growth,LISTED EQUITY,1,UNIVERSAL MUSIC GROUP NV,-,UMG,BB Ticker,,91.0,,-,3750.0,0.0
2024-12-31,rest,Balanced Growth,LISTED EQUITY,1,DAIMLER TRUCK HOLDING AG,-,DTG,BB Ticker,GR,61.0,,-,3744.0,0.0
2024-12-31,rest,Balanced Growth,LISTED EQUITY,1,BROOKFIELD ASSET MANAGEMENT LTD.,-,BAM,BB Ticker,CN,42.0,,-,3701.0,0.0
2024-12-31,rest,Balanced Growth,LISTED EQUITY,1,AEON CO. LTD.,-,8267,BB Ticker,JP,96.0,,-,3631.0,0.0
2024-12-31,rest,Balanced Growth,LISTED EQUITY,1,COMMERZBANK AG,-,CBK,BB Ticker,GR,138.0,,-,3624.0,0.0
2024-12-31,rest,Balanced Growth,LISTED EQUITY,1,SANDOZ GROUP AG,-,SDZ,BB Ticker,SW,55.0,,-,3616.0,0.0
2024-12-31,rest,Balanced Growth,LISTED EQUITY,1,PORSCHE AUTOMOBIL HOLDING SE,-,PAH3,BB Ticker,GR,58.0,,-,3567.0,0.0
2024-12-31,rest,Balanced Growth,LISTED EQUITY,1,BAYER AG,-,BAYN,BB Ticker,GR,110.0,,-,3540.0,0.0
2024-12-31,rest,Balanced Growth,LISTED EQUITY,1,PENINSULA ENERGY LTD.,-,PEN,BB Ticker,AU,2802.0,,-,3531.0,0.0
2024-12-31,rest,Balanced Growth,LISTED EQUITY,1,"RESONA HOLDINGS, INC.",-,8308,BB Ticker,JP,300.0,,-,3524.0,0.0
2024-12-31,rest,Balanced Growth,LISTED EQUITY,1,CELLNEX TELECOM SA,-,CLNX,BB Ticker,SM,68.0,,-,3492.0,0.0
2024-12-31,rest,Balanced Growth,LISTED EQUITY,1,"AJINOMOTO CO., INC.",-,2802,SEDOL,JP,52.0,,-,3466.0,0.0
2024-12-31,rest,Balanced Growth,LISTED EQUITY,1,SGS SA,-,SGSN,BB Ticker,SW,21.0,,-,3461.0,0.0
2024-12-31,rest,Balanced Growth,LISTED EQUITY,1,ESSITY AB,-,ESSITYB,BB Ticker,SS,80.0,,-,3458.0,0.0
2024-12-31,rest,Balanced Growth,LISTED EQUITY,1,JAPAN POST BANK CO. LTD.,-,7182,BB Ticker,JP,219.0,,-,3368.0,0.0
2024-12-31,rest,Balanced Growth,LISTED EQUITY,1,"BANDAI NAMCO HOLDINGS, INC.",-,7832,BB Ticker,JP,87.0,,-,3367.0,0.0
2024-12-31,rest,Balanced Growth,LISTED EQUITY,1,UNIVERSAL STORE HOLDINGS LTD.,-,UNI,BB Ticker,AU,390.0,,-,3343.0,0.0
2024-12-31,rest,Balanced Growth,LISTED EQUITY,1,PRYSMIAN SPA,-,PRY,BB Ticker,IM,32.0,,-,3335.0,0.0
2024-12-31,rest,Balanced Growth,LISTED EQUITY,1,HANNOVER RUECK SE,-,HNR1,BB Ticker,GR,8.0,,-,3325.0,0.0
2024-12-31,rest,Balanced Growth,LISTED EQUITY,1,TECHNICOLOR CREATIVE STUDIOS SA,-,TCHCS,BB Ticker,FP,1213.0,,-,3307.0,0.0
2024-12-31,rest,Balanced Growth,LISTED EQUITY,1,GEBERIT AG,-,GEBN,BB Ticker,SW,4.0,,-,3298.0,0.0
2024-12-31,rest,Balanced Growth,LISTED EQUITY,1,MTU AERO ENGINES AG,-,MTX,BB Ticker,GR,6.0,,-,3296.0,0.0
2024-12-31,rest,Balanced Growth,LISTED EQUITY,1,SAMPO OYJ,-,SAMPO,BB Ticker,FH,50.0,,-,3287.0,0.0
2024-12-31,rest,Balanced Growth,LISTED EQUITY,1,STMICROELECTRONICS NV,-,STMPA,BB Ticker,FP,80.0,,-,3237.0,0.0
2024-12-31,rest,Balanced Growth,LISTED EQUITY,1,KONE OYJ,-,KNEBV,BB Ticker,FH,41.0,,-,3203.0,0.0
2024-12-31,rest,Balanced Growth,LISTED EQUITY,1,MYSTATE LTD.,-,MYS,BB Ticker,AU,717.0,,-,3197.0,0.0
2024-12-31,rest,Balanced Growth,LISTED EQUITY,1,TOURMALINE OIL CORP.,-,TOU,BB Ticker,CN,42.0,,-,3141.0,0.0
2024-12-31,rest,Balanced Growth,LISTED EQUITY,1,PANDORA AS,-,PNDORA,BB Ticker,DC,11.0,,-,3111.0,0.0
2024-12-31,rest,Balanced Growth,LISTED EQUITY,1,NIPPON YUSEN KK,-,9101,BB Ticker,JP,57.0,,-,3109.0,0.0
2024-12-31,rest,Balanced Growth,LISTED EQUITY,1,SIEMENS HEALTHINEERS AG,-,SHL,BB Ticker,GR,36.0,,-,3059.0,0.0
2024-12-31,rest,Balanced Growth,LISTED EQUITY,1,"RB GLOBAL, INC.",-,RBA,BB Ticker,CN,21.0,,-,3028.0,0.0
2024-12-31,rest,Balanced Growth,LISTED EQUITY,1,AENA SME SA,-,AENA,BB Ticker,SM,9.0,,-,2993.0,0.0
2024-12-31,rest,Balanced Growth,LISTED EQUITY,1,BANK HAPOALIM BM,-,POLI,BB Ticker,IT,153.0,,-,2985.0,0.0
2024-12-31,rest,Balanced Growth,LISTED EQUITY,1,EVOLUTION AB,-,EVO,BB Ticker,SS,24.0,,-,2980.0,0.0
2024-12-31,rest,Balanced Growth,LISTED EQUITY,1,UPM-KYMMENE OYJ,-,UPM,BB Ticker,FH,67.0,,-,2960.0,0.0
2024-12-31,rest,Balanced Growth,LISTED EQUITY,1,JULIUS BAER GROUP LTD.,-,BAER,BB Ticker,SW,28.0,,-,2959.0,0.0
2024-12-31,rest,Balanced Growth,LISTED EQUITY,1,SECOM CO. LTD.,-,9735,BB Ticker,JP,54.0,,-,2955.0,0.0
2024-12-31,rest,Balanced Growth,LISTED EQUITY,1,KYOCERA CORP.,-,6971,BB Ticker,JP,182.0,,-,2952.0,0.0
2024-12-31,rest,Balanced Growth,LISTED EQUITY,1,NTT DATA CORP.,-,9613,BB Ticker,JP,94.0,,-,2938.0,0.0
2024-12-31,rest,Balanced Growth,LISTED EQUITY,1,MITSUI OSK LINES LTD.,-,9104,SEDOL,JP,50.0,,-,2815.0,0.0
2024-12-31,rest,Balanced Growth,LISTED EQUITY,1,IMPERIAL OIL LTD.,-,IMO,BB Ticker,CN,28.0,,-,2758.0,0.0
2024-12-31,rest,Balanced Growth,LISTED EQUITY,1,KUBOTA CORP.,-,6326,BB Ticker,JP,143.0,,-,2699.0,0.0
2024-12-31,rest,Balanced Growth,LISTED EQUITY,1,"JAPAN EXCHANGE GROUP, INC.",-,8697,BB Ticker,JP,145.0,,-,2644.0,0.0
2024-12-31,rest,Balanced Growth,LISTED EQUITY,1,EPIROC AB,-,EPIA,BB Ticker,SS,94.0,,-,2639.0,0.0
2024-12-31,rest,Balanced Growth,LISTED EQUITY,1,COVESTRO AG,-,1CO,BB Ticker,GR,27.0,,-,2632.0,0.0
2024-12-31,rest,Balanced Growth,LISTED EQUITY,1,SCHINDLER HOLDING AG,-,SCHP,BB Ticker,SW,6.0,,-,2629.0,0.0
2024-12-31,rest,Balanced Growth,LISTED EQUITY,1,BT GROUP PLC,-,BTA,BB Ticker,LN,900.0,,-,2622.0,0.0
2024-12-31,rest,Balanced Growth,LISTED EQUITY,1,COLOPLAST AS,-,COLOB,BB Ticker,DC,15.0,,-,2617.0,0.0
2024-12-31,rest,Balanced Growth,LISTED EQUITY,1,REPSOL SA,-,REP,BB Ticker,SM,133.0,,-,2607.0,0.0
2024-12-31,rest,Balanced Growth,LISTED EQUITY,1,SWISSCOM AG,-,SCMN,BB Ticker,SW,3.0,,-,2557.0,0.0
2024-12-31,rest,Balanced Growth,LISTED EQUITY,1,BANK OF IRELAND GROUP PLC,-,BIRG,BB Ticker,ID,172.0,,-,2533.0,0.0
2024-12-31,rest,Balanced Growth,LISTED EQUITY,1,MONASH IVF GROUP LTD.,-,MVF,BB Ticker,AU,1978.0,,-,2512.0,0.0
2024-12-31,rest,Balanced Growth,LISTED EQUITY,1,STRAUMANN HOLDING AG,-,STMN,BB Ticker,SW,12.0,,-,2461.0,0.0
2024-12-31,rest,Balanced Growth,LISTED EQUITY,1,UNICHARM CORP.,-,8113,BB Ticker,JP,184.0,,-,2458.0,0.0
2024-12-31,rest,Balanced Growth,LISTED EQUITY,1,NITORI HOLDINGS CO. LTD.,-,9843,BB Ticker,JP,13.0,,-,2442.0,0.0
2024-12-31,rest,Balanced Growth,LISTED EQUITY,1,RWE AG,-,RWE,BB Ticker,GR,50.0,,-,2428.0,0.0
2024-12-31,rest,Balanced Growth,LISTED EQUITY,1,"TFI INTERNATIONAL, INC.",-,TFII,BB Ticker,CN,11.0,,-,2403.0,0.0
2024-12-31,rest,Balanced Growth,LISTED EQUITY,1,BEIERSDORF AG,-,BEI,BB Ticker,GR,12.0,,-,2385.0,0.0
2024-12-31,rest,Balanced Growth,LISTED EQUITY,1,BUNZL PLC,-,BNZL,BB Ticker,LN,36.0,,-,2375.0,0.0
2024-12-31,rest,Balanced Growth,LISTED EQUITY,1,SWISS PRIME SITE AG,-,SPSN,BB Ticker,SW,13.0,,-,2366.0,0.0
2024-12-31,rest,Balanced Growth,LISTED EQUITY,1,"T&D HOLDINGS, INC.",-,8795,BB Ticker,JP,79.0,,-,2361.0,0.0
2024-12-31,rest,Balanced Growth,LISTED EQUITY,1,MELROSE INDUSTRIES PLC,-,MRO,BB Ticker,LN,211.0,,-,2359.0,0.0
2024-12-31,rest,Balanced Growth,LISTED EQUITY,1,CARLSBERG AS,-,CARLB,BB Ticker,DC,15.0,,-,2309.0,0.0
2024-12-31,rest,Balanced Growth,LISTED EQUITY,1,SEKISUI CHEMICAL CO. LTD.,-,4204,BB Ticker,JP,82.0,,-,2277.0,0.0
2024-12-31,rest,Balanced Growth,LISTED EQUITY,1,CHOCOLADEFABRIKEN LINDT & SPRUENGLI AG,-,LISN,BB Ticker,SW,0.0,,-,2272.0,0.0
2024-12-31,rest,Balanced Growth,LISTED EQUITY,1,CATAPULT GROUP INTERNATIONAL LTD.,-,CAT,BB Ticker,AU,612.0,,-,2270.0,0.0
2024-12-31,rest,Balanced Growth,LISTED EQUITY,1,RENAULT SA,-,RNO,BB Ticker,FP,29.0,,-,2268.0,0.0
2024-12-31,rest,Balanced Growth,LISTED EQUITY,1,FISHER & PAYKEL HEALTHCARE CORP. LTD.,-,FPH,BB Ticker,NZ,65.0,,-,2267.0,0.0
2024-12-31,rest,Balanced Growth,LISTED EQUITY,1,PEARSON PLC,-,PSON,BB Ticker,LN,87.0,,-,2262.0,0.0
2024-12-31,rest,Balanced Growth,LISTED EQUITY,1,KONINKLIJKE KPN NV,-,KPN,BB Ticker,,375.0,,-,2203.0,0.0
2024-12-31,rest,Balanced Growth,LISTED EQUITY,1,ELECTRO OPTIC SYSTEMS HOLDINGS LTD.,-,EOS,BB Ticker,AU,1700.0,,-,2202.0,0.0
2024-12-31,rest,Balanced Growth,LISTED EQUITY,1,DOMAIN HOLDINGS AUSTRALIA LTD.,-,DHG,BB Ticker,AU,866.0,,-,2192.0,0.0
2024-12-31,rest,Balanced Growth,LISTED EQUITY,1,TOYOTA INDUSTRIES CORP.,-,6201,BB Ticker,JP,17.0,,-,2192.0,0.0
2024-12-31,rest,Balanced Growth,LISTED EQUITY,1,GALAXY ENTERTAINMENT GROUP LTD.,-,27,BB Ticker,HK,319.0,,-,2187.0,0.0
2024-12-31,rest,Balanced Growth,LISTED EQUITY,1,POWER ASSETS HOLDINGS LTD.,-,6,BB Ticker,HK,191.0,,-,2155.0,0.0
2024-12-31,rest,Balanced Growth,LISTED EQUITY,1,KINGSPAN GROUP PLC,-,KSP,BB Ticker,ID,18.0,,-,2139.0,0.0
2024-12-31,rest,Balanced Growth,LISTED EQUITY,1,EQT AB,-,EQT,BB Ticker,SS,48.0,,-,2131.0,0.0
2024-12-31,rest,Balanced Growth,LISTED EQUITY,1,"METRO, INC.",-,MRU,BB Ticker,CN,21.0,,-,2127.0,0.0
2024-12-31,rest,Balanced Growth,LISTED EQUITY,1,HONGKONG LAND HOLDINGS LTD.,-,HKL,BB Ticker,SP,293.0,,-,2108.0,0.0
2024-12-31,rest,Balanced Growth,LISTED EQUITY,1,"TORAY INDUSTRIES, INC.",-,3402,BB Ticker,JP,204.0,,-,2100.0,0.0
2024-12-31,rest,Balanced Growth,LISTED EQUITY,1,AUCKLAND INTERNATIONAL AIRPORT LTD.,-,AIA,BB Ticker,NZ,263.0,,-,2069.0,0.0
2024-12-31,rest,Balanced Growth,LISTED EQUITY,1,INDUSTRIVARDEN AB,-,INDUA,BB Ticker,SS,40.0,,-,2027.0,0.0
2024-12-31,rest,Balanced Growth,LISTED EQUITY,1,TERNA - RETE ELETTRICA NAZIONALE,-,TRN,BB Ticker,IM,158.0,,-,2013.0,0.0
2024-12-31,rest,Balanced Growth,LISTED EQUITY,1,"ROGERS COMMUNICATIONS, INC.",-,RCIB,BB Ticker,CN,40.0,,-,2001.0,0.0
2024-12-31,rest,Balanced Growth,LISTED EQUITY,1,VAT GROUP AG,-,VACN,BB Ticker,SW,3.0,,-,1994.0,0.0
2024-12-31,rest,Balanced Growth,LISTED EQUITY,1,GENUSPLUS GROUP LTD.,-,GNP,BB Ticker,AU,752.0,,-,1971.0,0.0
2024-12-31,rest,Balanced Growth,LISTED EQUITY,1,"RAKUTEN GROUP, INC.",-,4755,BB Ticker,JP,223.0,,-,1970.0,0.0
2024-12-31,rest,Balanced Growth,LISTED EQUITY,1,"SHIMANO, INC.",-,7309,BB Ticker,JP,9.0,,-,1962.0,0.0
2024-12-31,rest,Balanced Growth,LISTED EQUITY,1,SOUTHERN CROSS ELECTRICAL ENGINEERING LTD.,-,SXE,BB Ticker,AU,1247.0,,-,1952.0,0.0
2024-12-31,rest,Balanced Growth,LISTED EQUITY,1,"GFL ENVIRONMENTAL, INC.",-,GFL,BB Ticker,CN,27.0,,-,1949.0,0.0
2024-12-31,rest,Balanced Growth,LISTED EQUITY,1,SNAM SPA,-,SRG,BB Ticker,IM,271.0,,-,1938.0,0.0
2024-12-31,rest,Balanced Growth,LISTED EQUITY,1,TMX GROUP LTD.,-,X,BB Ticker,CN,39.0,,-,1936.0,0.0
2024-12-31,rest,Balanced Growth,LISTED EQUITY,1,"DESCARTES SYSTEMS GROUP, INC.",-,DSG,BB Ticker,CN,11.0,,-,1933.0,0.0
2024-12-31,rest,Balanced Growth,LISTED EQUITY,1,GALDERMA GROUP AG,-,GALD,BB Ticker,SW,11.0,,-,1921.0,0.0
2024-12-31,rest,Balanced Growth,LISTED EQUITY,1,HEIDELBERGCEMENT AG,-,HEI,BB Ticker,GR,10.0,,-,1921.0,0.0
2024-12-31,rest,Balanced Growth,LISTED EQUITY,1,OTSUKA CORP.,-,4768,BB Ticker,JP,51.0,,-,1892.0,0.0
2024-12-31,rest,Balanced Growth,LISTED EQUITY,1,SECURITAS AB,-,SECUB,BB Ticker,SS,94.0,,-,1889.0,0.0
2024-12-31,rest,Balanced Growth,LISTED EQUITY,1,EDENRED,-,EDEN,BB Ticker,FP,35.0,,-,1881.0,0.0
2024-12-31,rest,Balanced Growth,LISTED EQUITY,1,ISRAEL DISCOUNT BANK LTD.,-,DSCT,BB Ticker,IT,170.0,,-,1875.0,0.0
2024-12-31,rest,Balanced Growth,LISTED EQUITY,1,BANCO DE SABADELL SA,-,SAB,BB Ticker,SM,596.0,,-,1870.0,0.0
2024-12-31,rest,Balanced Growth,LISTED EQUITY,1,INDUSTRIVARDEN AB,-,INDUC,BB Ticker,SS,37.0,,-,1866.0,0.0
2024-12-31,rest,Balanced Growth,LISTED EQUITY,1,"GREAT-WEST LIFECO, INC.",-,GWO,BB Ticker,CN,35.0,,-,1857.0,0.0
2024-12-31,rest,Balanced Growth,LISTED EQUITY,1,OBIC CO. LTD.,-,4684,BB Ticker,JP,38.0,,-,1845.0,0.0
2024-12-31,rest,Balanced Growth,LISTED EQUITY,1,ELBIT SYSTEMS LTD.,-,ESLT,BB Ticker,IT,4.0,,-,1842.0,0.0
2024-12-31,rest,Balanced Growth,LISTED EQUITY,1,BROOKFIELD RENEWABLE CORP.,-,BEPC,BB Ticker,CN,41.0,,-,1834.0,0.0
2024-12-31,rest,Balanced Growth,LISTED EQUITY,1,HENKEL AG & CO. KGAA,-,HEN,BB Ticker,GR,15.0,,-,1829.0,0.0
2024-12-31,rest,Balanced Growth,LISTED EQUITY,1,ACCOR SA,-,AC,BB Ticker,FP,23.0,,-,1827.0,0.0
2024-12-31,rest,Balanced Growth,LISTED EQUITY,1,H & M HENNES & MAURITZ AB,-,HMB,BB Ticker,SS,84.0,,-,1822.0,0.0
2024-12-31,rest,Balanced Growth,LISTED EQUITY,1,SEVERN TRENT PLC,-,SVT,BB Ticker,LN,36.0,,-,1803.0,0.0
2024-12-31,rest,Balanced Growth,LISTED EQUITY,1,HALMA PLC,-,HLMA,BB Ticker,LN,33.0,,-,1801.0,0.0
2024-12-31,rest,Balanced Growth,LISTED EQUITY,1,PAN AMERICAN SILVER CORP.,-,PAAS,BB Ticker,CN,55.0,,-,1791.0,0.0
2024-12-31,rest,Balanced Growth,LISTED EQUITY,1,SMITH & NEPHEW PLC,-,SN,BB Ticker,LN,89.0,,-,1782.0,0.0
2024-12-31,rest,Balanced Growth,LISTED EQUITY,1,LIFCO AB,-,LIFCOB,BB Ticker,SS,38.0,,-,1776.0,0.0
2024-12-31,rest,Balanced Growth,LISTED EQUITY,1,QIAGEN NV,-,QIA,BB Ticker,GR,25.0,,-,1773.0,0.0
2024-12-31,rest,Balanced Growth,LISTED EQUITY,1,BALOISE HOLDING AG,-,BALN,BB Ticker,SW,6.0,,-,1771.0,0.0
2024-12-31,rest,Balanced Growth,LISTED EQUITY,1,ORKLA ASA,-,ORK,BB Ticker,NO,126.0,,-,1762.0,0.0
2024-12-31,rest,Balanced Growth,LISTED EQUITY,1,REGAL PARTNERS LTD.,-,RPL,BB Ticker,AU,466.0,,-,1748.0,0.0
2024-12-31,rest,Balanced Growth,LISTED EQUITY,1,HONG KONG & CHINA GAS CO. LTD.,-,3,BB Ticker,HK,1352.0,,-,1745.0,0.0
2024-12-31,rest,Balanced Growth,LISTED EQUITY,1,ALTAGAS LTD.,-,ALA,BB Ticker,CN,46.0,,-,1743.0,0.0
2024-12-31,rest,Balanced Growth,LISTED EQUITY,1,CK ASSET HOLDINGS LTD.,-,1113,BB Ticker,HK,261.0,,-,1734.0,0.0
2024-12-31,rest,Balanced Growth,LISTED EQUITY,1,CANADIAN TIRE CORP. LTD.,-,CTCA,BB Ticker,CN,10.0,,-,1726.0,0.0
2024-12-31,rest,Balanced Growth,LISTED EQUITY,1,CATALYST METALS LTD.,-,CYL,BB Ticker,AU,668.0,,-,1724.0,0.0
2024-12-31,rest,Balanced Growth,LISTED EQUITY,1,TELUS CORP.,-,T,BB Ticker,CN,79.0,,-,1722.0,0.0
2024-12-31,rest,Balanced Growth,LISTED EQUITY,1,"TIS, INC.",-,3626,BB Ticker,JP,45.0,,-,1714.0,0.0
2024-12-31,rest,Balanced Growth,LISTED EQUITY,1,TALANX AG,-,TLX,BB Ticker,GR,12.0,,-,1705.0,0.0
2024-12-31,rest,Balanced Growth,LISTED EQUITY,1,EISAI CO. LTD.,-,4523,BB Ticker,JP,38.0,,-,1702.0,0.0
2024-12-31,rest,Balanced Growth,LISTED EQUITY,1,"KANSAI ELECTRIC POWER CO., INC.",-,9503,BB Ticker,JP,94.0,,-,1700.0,0.0
2024-12-31,rest,Balanced Growth,LISTED EQUITY,1,"MAGNA INTERNATIONAL, INC.",-,MG,BB Ticker,CN,25.0,,-,1686.0,0.0
2024-12-31,rest,Balanced Growth,LISTED EQUITY,1,POSTE ITALIANE SPA,-,PST,BB Ticker,IM,74.0,,-,1682.0,0.0
2024-12-31,rest,Balanced Growth,LISTED EQUITY,1,KEPPEL CORP. LTD.,-,KEP,BB Ticker,SP,207.0,,-,1673.0,0.0
2024-12-31,rest,Balanced Growth,LISTED EQUITY,1,"SBI HOLDINGS, INC.",-,8473,BB Ticker,JP,41.0,,-,1670.0,0.0
2024-12-31,rest,Balanced Growth,LISTED EQUITY,1,WHITBREAD PLC,-,WTB,BB Ticker,LN,28.0,,-,1666.0,0.0
2024-12-31,rest,Balanced Growth,LISTED EQUITY,1,SKANSKA AB,-,SKAB,BB Ticker,SS,49.0,,-,1662.0,0.0
2024-12-31,rest,Balanced Growth,LISTED EQUITY,1,ELEMENT FLEET MANAGEMENT CORP.,-,EFN,BB Ticker,CN,51.0,,-,1648.0,0.0
2024-12-31,rest,Balanced Growth,LISTED EQUITY,1,"CAE, INC.",-,CAE,BB Ticker,CN,40.0,,-,1643.0,0.0
2024-12-31,rest,Balanced Growth,LISTED EQUITY,1,SYSMEX CORP.,-,6869,BB Ticker,JP,55.0,,-,1643.0,0.0
2024-12-31,rest,Balanced Growth,LISTED EQUITY,1,EDP RENOVAVEIS SA,-,EDPR,BB Ticker,PL,97.0,,-,1634.0,0.0
2024-12-31,rest,Balanced Growth,LISTED EQUITY,1,PHOENIX GROUP HOLDINGS PLC,-,PHNX,BB Ticker,LN,158.0,,-,1626.0,0.0
2024-12-31,rest,Balanced Growth,LISTED EQUITY,1,"HANKYU HANSHIN HOLDINGS, INC.",-,9042,BB Ticker,JP,38.0,,-,1618.0,0.0
2024-12-31,rest,Balanced Growth,LISTED EQUITY,1,MIZRAHI TEFAHOT BANK LTD.,-,MZTF,BB Ticker,IT,23.0,,-,1617.0,0.0
2024-12-31,rest,Balanced Growth,LISTED EQUITY,1,TOHO CO. LTD.,-,9602,BB Ticker,JP,26.0,,-,1613.0,0.0
2024-12-31,rest,Balanced Growth,LISTED EQUITY,1,LASERTEC CORP.,-,6920,BB Ticker,JP,10.0,,-,1592.0,0.0
2024-12-31,rest,Balanced Growth,LISTED EQUITY,1,WILMAR INTERNATIONAL LTD.,-,WIL,BB Ticker,SP,430.0,,-,1577.0,0.0
2024-12-31,rest,Balanced Growth,LISTED EQUITY,1,SIG GROUP AG,-,SIGN,BB Ticker,SW,49.0,,-,1572.0,0.0
2024-12-31,rest,Balanced Growth,LISTED EQUITY,1,TENARIS SA,-,TEN,BB Ticker,IM,52.0,,-,1571.0,0.0
2024-12-31,rest,Balanced Growth,LISTED EQUITY,1,ARCELORMITTAL SA,-,MT,BB Ticker,,42.0,,-,1564.0,0.0
2024-12-31,rest,Balanced Growth,LISTED EQUITY,1,GALP ENERGIA SGPS SA,-,GALP,BB Ticker,PL,59.0,,-,1564.0,0.0
2024-12-31,rest,Balanced Growth,LISTED EQUITY,1,HENDERSON LAND DEVELOPMENT CO. LTD.,-,12,BB Ticker,HK,319.0,,-,1564.0,0.0
2024-12-31,rest,Balanced Growth,LISTED EQUITY,1,JAPAN POST INSURANCE CO. LTD.,-,7181,BB Ticker,JP,52.0,,-,1562.0,0.0
2024-12-31,rest,Balanced Growth,LISTED EQUITY,1,AKZO NOBEL NV,-,AKZA,BB Ticker,,16.0,,-,1551.0,0.0
2024-12-31,rest,Balanced Growth,LISTED EQUITY,1,WPP PLC,-,WPP,BB Ticker,LN,92.0,,-,1545.0,0.0
2024-12-31,rest,Balanced Growth,LISTED EQUITY,1,TRYG AS,-,TRYG,BB Ticker,DC,45.0,,-,1539.0,0.0
2024-12-31,rest,Balanced Growth,LISTED EQUITY,1,MONDAY.COM LTD.,-,MNDY,BB Ticker,US,4.0,,-,1532.0,0.0
2024-12-31,rest,Balanced Growth,LISTED EQUITY,1,AIB GROUP PLC,-,AIBG,BB Ticker,ID,171.0,,-,1525.0,0.0
2024-12-31,rest,Balanced Growth,LISTED EQUITY,1,ONEX CORP.,-,ONEX,BB Ticker,CN,12.0,,-,1516.0,0.0
2024-12-31,rest,Balanced Growth,LISTED EQUITY,1,CARREFOUR SA,-,CA,BB Ticker,FP,65.0,,-,1504.0,0.0
2024-12-31,rest,Balanced Growth,LISTED EQUITY,1,TOKYU CORP.,-,9005,BB Ticker,JP,87.0,,-,1504.0,0.0
2024-12-31,rest,Balanced Growth,LISTED EQUITY,1,ARC RESOURCES LTD.,-,ARX,BB Ticker,CN,51.0,,-,1502.0,0.0
2024-12-31,rest,Balanced Growth,LISTED EQUITY,1,CAPCOM CO. LTD.,-,9697,BB Ticker,JP,42.0,,-,1502.0,0.0
2024-12-31,rest,Balanced Growth,LISTED EQUITY,1,ADDTECH AB,-,ADDTB,BB Ticker,SS,34.0,,-,1499.0,0.0
2024-12-31,rest,Balanced Growth,LISTED EQUITY,1,GENERATION DEVELOPMENT GROUP LTD.,-,GDG,BB Ticker,AU,416.0,,-,1498.0,0.0
2024-12-31,rest,Balanced Growth,LISTED EQUITY,1,SINGAPORE AIRLINES LTD.,-,SIA,BB Ticker,SP,196.0,,-,1497.0,0.0
2024-12-31,rest,Balanced Growth,LISTED EQUITY,1,OSAKA GAS CO. LTD.,-,9532,BB Ticker,JP,42.0,,-,1496.0,0.0
2024-12-31,rest,Balanced Growth,LISTED EQUITY,1,HELVETIA HOLDING AG,-,HELN,BB Ticker,SW,6.0,,-,1490.0,0.0
2024-12-31,rest,Balanced Growth,LISTED EQUITY,1,TOROMONT INDUSTRIES LTD.,-,TIH,BB Ticker,CN,12.0,,-,1487.0,0.0
2024-12-31,rest,Balanced Growth,LISTED EQUITY,1,DCC PLC,-,DCC,BB Ticker,LN,14.0,,-,1478.0,0.0
2024-12-31,rest,Balanced Growth,LISTED EQUITY,1,HOSHIZAKI CORP.,-,6465,BB Ticker,JP,23.0,,-,1477.0,0.0
2024-12-31,rest,Balanced Growth,LISTED EQUITY,1,BOLLORE SE,-,BOL,BB Ticker,FP,148.0,,-,1468.0,0.0
2024-12-31,rest,Balanced Growth,LISTED EQUITY,1,GETLINK SE,-,GET,BB Ticker,FP,57.0,,-,1466.0,0.0
2024-12-31,rest,Balanced Growth,LISTED EQUITY,1,"TREND MICRO, INC.",-,4704,BB Ticker,JP,17.0,,-,1459.0,0.0
2024-12-31,rest,Balanced Growth,LISTED EQUITY,1,KIKKOMAN CORP.,-,2801,BB Ticker,JP,80.0,,-,1455.0,0.0
2024-12-31,rest,Balanced Growth,LISTED EQUITY,1,MERIDIAN ENERGY LTD.,-,MEL,BB Ticker,NZ,272.0,,-,1454.0,0.0
2024-12-31,rest,Balanced Growth,LISTED EQUITY,1,YAKULT HONSHA CO. LTD.,-,2267,BB Ticker,JP,47.0,,-,1448.0,0.0
2024-12-31,rest,Balanced Growth,LISTED EQUITY,1,"SAPUTO, INC.",-,SAP,BB Ticker,CN,51.0,,-,1437.0,0.0
2024-12-31,rest,Balanced Growth,LISTED EQUITY,1,Z HOLDINGS CORP.,-,4689,BB Ticker,JP,333.0,,-,1434.0,0.0
2024-12-31,rest,Balanced Growth,LISTED EQUITY,1,DAIFUKU CO. LTD.,-,6383,BB Ticker,JP,42.0,,-,1427.0,0.0
2024-12-31,rest,Balanced Growth,LISTED EQUITY,1,TELE2 AB,-,TEL2B,BB Ticker,SS,89.0,,-,1424.0,0.0
2024-12-31,rest,Balanced Growth,LISTED EQUITY,1,ALSTOM SA,-,ALO,BB Ticker,FP,39.0,,-,1417.0,0.0
2024-12-31,rest,Balanced Growth,LISTED EQUITY,1,HORIZON OIL LTD.,-,HZN,BB Ticker,AU,7452.0,,-,1416.0,0.0
2024-12-31,rest,Balanced Growth,LISTED EQUITY,1,BAYERISCHE MOTOREN WERKE AG,-,BMW3,BB Ticker,GR,12.0,,-,1403.0,0.0
2024-12-31,rest,Balanced Growth,LISTED EQUITY,1,IMCD NV,-,IMCD,BB Ticker,,6.0,,-,1402.0,0.0
2024-12-31,rest,Balanced Growth,LISTED EQUITY,1,SWIRE PACIFIC LTD.,-,19,BB Ticker,HK,96.0,,-,1401.0,0.0
2024-12-31,rest,Balanced Growth,LISTED EQUITY,1,MOWI ASA,-,MOWI,BB Ticker,NO,51.0,,-,1400.0,0.0
2024-12-31,rest,Balanced Growth,LISTED EQUITY,1,KAJIMA CORP.,-,1812,BB Ticker,JP,47.0,,-,1397.0,0.0
2024-12-31,rest,Balanced Growth,LISTED EQUITY,1,LOTUS BAKERIES NV,-,LOTB,BB Ticker,BB,0.0,,-,1379.0,0.0
2024-12-31,rest,Balanced Growth,LISTED EQUITY,1,INDUTRADE AB,-,INDT,BB Ticker,SS,34.0,,-,1374.0,0.0
2024-12-31,rest,Balanced Growth,LISTED EQUITY,1,HANG SENG BANK LTD.,-,11,SEDOL,HK,69.0,,-,1368.0,0.0
2024-12-31,rest,Balanced Growth,LISTED EQUITY,1,TAYLOR WIMPEY PLC,-,TW,BB Ticker,LN,553.0,,-,1365.0,0.0
2024-12-31,rest,Balanced Growth,LISTED EQUITY,1,YAMAHA MOTOR CO. LTD.,-,7272,SEDOL,JP,94.0,,-,1362.0,0.0
2024-12-31,rest,Balanced Growth,LISTED EQUITY,1,SUMITOMO REALTY & DEVELOPMENT CO. LTD.,-,8830,BB Ticker,JP,27.0,,-,1359.0,0.0
2024-12-31,rest,Balanced Growth,LISTED EQUITY,1,ZEALAND PHARMA AS,-,ZEAL,BB Ticker,DC,8.0,,-,1357.0,0.0
2024-12-31,rest,Balanced Growth,LISTED EQUITY,1,SHISEIDO CO. LTD.,-,4911,BB Ticker,JP,47.0,,-,1351.0,0.0
2024-12-31,rest,Balanced Growth,LISTED EQUITY,1,HKT TRUST & HKT LTD.,-,6823,BB Ticker,HK,676.0,,-,1349.0,0.0
2024-12-31,rest,Balanced Growth,LISTED EQUITY,1,SINGAPORE EXCHANGE LTD.,-,SGX,BB Ticker,SP,89.0,,-,1346.0,0.0
2024-12-31,rest,Balanced Growth,LISTED EQUITY,1,ASR NEDERLAND NV,-,ASRNL,BB Ticker,,18.0,,-,1345.0,0.0
2024-12-31,rest,Balanced Growth,LISTED EQUITY,1,MONOTARO CO. LTD.,-,3064,BB Ticker,JP,48.0,,-,1330.0,0.0
2024-12-31,rest,Balanced Growth,LISTED EQUITY,1,GLOBAL-E ONLINE LTD.,-,GLBE,BB Ticker,US,15.0,,-,1326.0,0.0
2024-12-31,rest,Balanced Growth,LISTED EQUITY,1,RATIONAL AG,-,RAA,BB Ticker,GR,1.0,,-,1318.0,0.0
2024-12-31,rest,Balanced Growth,LISTED EQUITY,1,CONCORDIA FINANCIAL GROUP LTD.,-,7186,SEDOL,JP,147.0,,-,1313.0,0.0
2024-12-31,rest,Balanced Growth,LISTED EQUITY,1,TOTO LTD.,-,5332,BB Ticker,JP,33.0,,-,1296.0,0.0
2024-12-31,rest,Balanced Growth,LISTED EQUITY,1,WEST FRASER TIMBER CO. LTD.,-,WFG,BB Ticker,CN,9.0,,-,1295.0,0.0
2024-12-31,rest,Balanced Growth,LISTED EQUITY,1,EPIROC AB,-,EPIB,BB Ticker,SS,51.0,,-,1294.0,0.0
2024-12-31,rest,Balanced Growth,LISTED EQUITY,1,SODEXO SA,-,SW,BB Ticker,FP,10.0,,-,1294.0,0.0
2024-12-31,rest,Balanced Growth,LISTED EQUITY,1,ZENSHO HOLDINGS CO. LTD.,-,7550,BB Ticker,JP,14.0,,-,1292.0,0.0
2024-12-31,rest,Balanced Growth,LISTED EQUITY,1,WISE PLC,-,WISE,BB Ticker,LN,60.0,,-,1288.0,0.0
2024-12-31,rest,Balanced Growth,LISTED EQUITY,1,KNORR-BREMSE AG,-,KBX,BB Ticker,GR,11.0,,-,1287.0,0.0
2024-12-31,rest,Balanced Growth,LISTED EQUITY,1,SVENSKA CELLULOSA AB SCA,-,SCAB,BB Ticker,SS,62.0,,-,1283.0,0.0
2024-12-31,rest,Balanced Growth,LISTED EQUITY,1,BOUYGUES SA,-,EN,BB Ticker,FP,27.0,,-,1282.0,0.0
2024-12-31,rest,Balanced Growth,LISTED EQUITY,1,AISIN CORP.,-,7259,BB Ticker,JP,69.0,,-,1258.0,0.0
2024-12-31,rest,Balanced Growth,LISTED EQUITY,1,SWATCH GROUP AG,-,UHR,BB Ticker,SW,4.0,,-,1252.0,0.0
2024-12-31,rest,Balanced Growth,LISTED EQUITY,1,RANDSTAD NV,-,RAND,BB Ticker,,18.0,,-,1251.0,0.0
2024-12-31,rest,Balanced Growth,LISTED EQUITY,1,"DENTSU GROUP, INC.",-,4324,BB Ticker,JP,32.0,,-,1249.0,0.0
2024-12-31,rest,Balanced Growth,LISTED EQUITY,1,FASTIGHETS AB BALDER,-,BALDB,BB Ticker,SS,111.0,,-,1249.0,0.0
2024-12-31,rest,Balanced Growth,LISTED EQUITY,1,SUNTORY BEVERAGE & FOOD LTD.,-,2587,BB Ticker,JP,24.0,,-,1248.0,0.0
2024-12-31,rest,Balanced Growth,LISTED EQUITY,1,FORTUM OYJ,-,FORTUM,BB Ticker,FH,55.0,,-,1246.0,0.0
2024-12-31,rest,Balanced Growth,LISTED EQUITY,1,SAGAX AB,-,SAGAB,BB Ticker,SS,38.0,,-,1242.0,0.0
2024-12-31,rest,Balanced Growth,LISTED EQUITY,1,ADMIRAL GROUP PLC,-,ADM,BB Ticker,LN,23.0,,-,1236.0,0.0
2024-12-31,rest,Balanced Growth,LISTED EQUITY,1,SKF AB,-,SKFB,BB Ticker,SS,40.0,,-,1226.0,0.0
2024-12-31,rest,Balanced Growth,LISTED EQUITY,1,TAISEI CORP.,-,1801,BB Ticker,JP,18.0,,-,1218.0,0.0
2024-12-31,rest,Balanced Growth,LISTED EQUITY,1,ARKEMA SA,-,AKE,BB Ticker,FP,10.0,,-,1217.0,0.0
2024-12-31,rest,Balanced Growth,LISTED EQUITY,1,EUROFINS SCIENTIFIC SE,-,ERF,BB Ticker,FP,15.0,,-,1212.0,0.0
2024-12-31,rest,Balanced Growth,LISTED EQUITY,1,NEMETSCHEK SE,-,NEM,BB Ticker,GR,8.0,,-,1210.0,0.0
2024-12-31,rest,Balanced Growth,LISTED EQUITY,1,BOLIDEN AB,-,BOL,BB Ticker,SS,27.0,,-,1209.0,0.0
2024-12-31,rest,Balanced Growth,LISTED EQUITY,1,DELIVERY HERO SE,-,DHER,BB Ticker,GR,27.0,,-,1206.0,0.0
2024-12-31,rest,Balanced Growth,LISTED EQUITY,1,JUPITER MINES LTD.,-,JMS,BB Ticker,AU,8299.0,,-,1203.0,0.0
2024-12-31,rest,Balanced Growth,LISTED EQUITY,1,NISSIN FOODS HOLDINGS CO. LTD.,-,2897,BB Ticker,JP,31.0,,-,1202.0,0.0
2024-12-31,rest,Balanced Growth,LISTED EQUITY,1,NORSK HYDRO ASA,-,NHY,BB Ticker,NO,135.0,,-,1200.0,0.0
2024-12-31,rest,Balanced Growth,LISTED EQUITY,1,OPEN TEXT CORP.,-,OTEX,BB Ticker,CN,26.0,,-,1200.0,0.0
2024-12-31,rest,Balanced Growth,LISTED EQUITY,1,OMRON CORP.,-,6645,BB Ticker,JP,22.0,,-,1192.0,0.0
2024-12-31,rest,Balanced Growth,LISTED EQUITY,1,JERONIMO MARTINS SGPS SA,-,JMT,BB Ticker,PL,38.0,,-,1188.0,0.0
2024-12-31,rest,Balanced Growth,LISTED EQUITY,1,BERKELEY GROUP HOLDINGS PLC,-,BKG,BB Ticker,LN,15.0,,-,1184.0,0.0
2024-12-31,rest,Balanced Growth,LISTED EQUITY,1,REXEL SA,-,RXL,BB Ticker,FP,29.0,,-,1179.0,0.0
2024-12-31,rest,Balanced Growth,LISTED EQUITY,1,SWEDISH ORPHAN BIOVITRUM AB,-,SOBI,BB Ticker,SS,25.0,,-,1178.0,0.0
2024-12-31,rest,Balanced Growth,LISTED EQUITY,1,"TOPPAN, INC.",-,7911,BB Ticker,JP,27.0,,-,1158.0,0.0
2024-12-31,rest,Balanced Growth,LISTED EQUITY,1,ONO PHARMACEUTICAL CO. LTD.,-,4528,BB Ticker,JP,69.0,,-,1157.0,0.0
2024-12-31,rest,Balanced Growth,LISTED EQUITY,1,"ZOZO, INC.",-,3092,BB Ticker,JP,23.0,,-,1155.0,0.0
2024-12-31,rest,Balanced Growth,LISTED EQUITY,1,VERBUND AG,-,VER,BB Ticker,AV,10.0,,-,1151.0,0.0
2024-12-31,rest,Balanced Growth,LISTED EQUITY,1,SOLVAR LTD.,-,SVR,BB Ticker,AU,768.0,,-,1144.0,0.0
2024-12-31,rest,Balanced Growth,LISTED EQUITY,1,TEMENOS AG,-,TEMN,BB Ticker,SW,10.0,,-,1139.0,0.0
2024-12-31,rest,Balanced Growth,LISTED EQUITY,1,CHIBA BANK LTD.,-,8331,BB Ticker,JP,91.0,,-,1137.0,0.0
2024-12-31,rest,Balanced Growth,LISTED EQUITY,1,"MITSUI CHEMICALS, INC.",-,4183,BB Ticker,JP,32.0,,-,1137.0,0.0
2024-12-31,rest,Balanced Growth,LISTED EQUITY,1,"SHIZUOKA FINANCIAL GROUP, INC.",-,5831,BB Ticker,JP,85.0,,-,1128.0,0.0
2024-12-31,rest,Balanced Growth,LISTED EQUITY,1,KOBE BUSSAN CO. LTD.,-,3038,BB Ticker,JP,32.0,,-,1127.0,0.0
2024-12-31,rest,Balanced Growth,LISTED EQUITY,1,NESTE OYJ,-,NESTE,BB Ticker,FH,55.0,,-,1118.0,0.0
2024-12-31,rest,Balanced Growth,LISTED EQUITY,1,MONDI PLC,-,MNDI,BB Ticker,LN,46.0,,-,1111.0,0.0
2024-12-31,rest,Balanced Growth,LISTED EQUITY,1,NISSAN MOTOR CO. LTD.,-,7201,BB Ticker,JP,224.0,,-,1107.0,0.0
2024-12-31,rest,Balanced Growth,LISTED EQUITY,1,NIPPON SANSO HOLDINGS CORP.,-,4091,SEDOL,JP,24.0,,-,1101.0,0.0
2024-12-31,rest,Balanced Growth,LISTED EQUITY,1,BARRY CALLEBAUT AG,-,BARN,BB Ticker,SW,1.0,,-,1094.0,0.0
2024-12-31,rest,Balanced Growth,LISTED EQUITY,1,AUSTRALIAN FINANCE GROUP LTD.,-,AFG,BB Ticker,AU,719.0,,-,1086.0,0.0
2024-12-31,rest,Balanced Growth,LISTED EQUITY,1,METSO OUTOTEC OYJ,-,METSO,BB Ticker,FH,72.0,,-,1086.0,0.0
2024-12-31,rest,Balanced Growth,LISTED EQUITY,1,NIPPON PAINT HOLDINGS CO. LTD.,-,4612,BB Ticker,JP,102.0,,-,1073.0,0.0
2024-12-31,rest,Balanced Growth,LISTED EQUITY,1,PARKLAND CORP.,-,PKI,BB Ticker,CN,29.0,,-,1064.0,0.0
2024-12-31,rest,Balanced Growth,LISTED EQUITY,1,"CHUBU ELECTRIC POWER CO., INC.",-,9502,SEDOL,JP,62.0,,-,1063.0,0.0
2024-12-31,rest,Balanced Growth,LISTED EQUITY,1,ANTOFAGASTA PLC,-,ANTO,BB Ticker,LN,33.0,,-,1057.0,0.0
2024-12-31,rest,Balanced Growth,LISTED EQUITY,1,LEG IMMOBILIEN SE,-,LEG,BB Ticker,GR,8.0,,-,1055.0,0.0
2024-12-31,rest,Balanced Growth,LISTED EQUITY,1,HARGREAVES LANSDOWN PLC,-,HL,BB Ticker,LN,47.0,,-,1054.0,0.0
2024-12-31,rest,Balanced Growth,LISTED EQUITY,1,SAAB AB,-,SAABB,BB Ticker,SS,31.0,,-,1053.0,0.0
2024-12-31,rest,Balanced Growth,LISTED EQUITY,1,SUMITOMO METAL MINING CO. LTD.,-,5713,BB Ticker,JP,28.0,,-,1042.0,0.0
2024-12-31,rest,Balanced Growth,LISTED EQUITY,1,ALKANE RESOURCES LTD.,-,ALK,BB Ticker,AU,2024.0,,-,1032.0,0.0
2024-12-31,rest,Balanced Growth,LISTED EQUITY,1,STORA ENSO OYJ,-,STERV,BB Ticker,FH,63.0,,-,1030.0,0.0
2024-12-31,rest,Balanced Growth,LISTED EQUITY,1,D'IETEREN GROUP,-,DIE,BB Ticker,BB,4.0,,-,1014.0,0.0
2024-12-31,rest,Balanced Growth,LISTED EQUITY,1,SYENSQO SA,-,SYENS,BB Ticker,BB,9.0,,-,1011.0,0.0
2024-12-31,rest,Balanced Growth,LISTED EQUITY,1,MTR CORP. LTD.,-,66,SEDOL,HK,179.0,,-,1006.0,0.0
2024-12-31,rest,Balanced Growth,LISTED EQUITY,1,PERSIMMON PLC,-,PSN,BB Ticker,LN,41.0,,-,992.0,0.0
2024-12-31,rest,Balanced Growth,LISTED EQUITY,1,DR ING HC F PORSCHE AG,-,P911,BB Ticker,GR,10.0,,-,977.0,0.0
2024-12-31,rest,Balanced Growth,LISTED EQUITY,1,"MINEBEA MITSUMI, INC.",-,6479,BB Ticker,JP,37.0,,-,976.0,0.0
2024-12-31,rest,Balanced Growth,LISTED EQUITY,1,NEXI SPA,-,NEXI,BB Ticker,IM,108.0,,-,967.0,0.0
2024-12-31,rest,Balanced Growth,LISTED EQUITY,1,INPOST SA,-,INPST,BB Ticker,,35.0,,-,958.0,0.0
2024-12-31,rest,Balanced Growth,LISTED EQUITY,1,AMPLIFON SPA,-,AMP,BB Ticker,IM,23.0,,-,937.0,0.0
2024-12-31,rest,Balanced Growth,LISTED EQUITY,1,BPER BANCA SPA,-,BPE,BB Ticker,IM,91.0,,-,937.0,0.0
2024-12-31,rest,Balanced Growth,LISTED EQUITY,1,SARTORIUS STEDIM BIOTECH,-,DIM,BB Ticker,FP,3.0,,-,934.0,0.0
2024-12-31,rest,Balanced Growth,LISTED EQUITY,1,SITC INTERNATIONAL HOLDINGS CO. LTD.,-,1308,BB Ticker,HK,217.0,,-,933.0,0.0
2024-12-31,rest,Balanced Growth,LISTED EQUITY,1,SALMAR ASA,-,SALM,BB Ticker,NO,12.0,,-,927.0,0.0
2024-12-31,rest,Balanced Growth,LISTED EQUITY,1,WHARF HOLDINGS LTD.,-,4,BB Ticker,HK,204.0,,-,927.0,0.0
2024-12-31,rest,Balanced Growth,LISTED EQUITY,1,ADECCO GROUP AG,-,ADEN,BB Ticker,SW,23.0,,-,906.0,0.0
2024-12-31,rest,Balanced Growth,LISTED EQUITY,1,YASKAWA ELECTRIC CORP.,-,6506,BB Ticker,JP,22.0,,-,906.0,0.0
2024-12-31,rest,Balanced Growth,LISTED EQUITY,1,DEMANT AS,-,DEMANT,BB Ticker,DC,15.0,,-,903.0,0.0
2024-12-31,rest,Balanced Growth,LISTED EQUITY,1,"TOKYO ELECTRIC POWER CO. HOLDINGS, INC.",-,9501,BB Ticker,JP,185.0,,-,903.0,0.0
2024-12-31,rest,Balanced Growth,LISTED EQUITY,1,BEIJER REF AB,-,BEIJB,BB Ticker,SS,38.0,,-,901.0,0.0
2024-12-31,rest,Balanced Growth,LISTED EQUITY,1,ENTAIN PLC,-,ENT,BB Ticker,LN,65.0,,-,900.0,0.0
2024-12-31,rest,Balanced Growth,LISTED EQUITY,1,DAVIDE CAMPARI-MILANO NV,-,CPR,BB Ticker,IM,89.0,,-,895.0,0.0
2024-12-31,rest,Balanced Growth,LISTED EQUITY,1,FUTU HOLDINGS LTD.,-,FUTU,BB Ticker,US,7.0,,-,888.0,0.0
2024-12-31,rest,Balanced Growth,LISTED EQUITY,1,NEXON CO. LTD.,-,3659,BB Ticker,JP,36.0,,-,872.0,0.0
2024-12-31,rest,Balanced Growth,LISTED EQUITY,1,GETINGE AB,-,GETIB,BB Ticker,SS,33.0,,-,866.0,0.0
2024-12-31,rest,Balanced Growth,LISTED EQUITY,1,PUMA SE,-,PUM,BB Ticker,GR,12.0,,-,861.0,0.0
2024-12-31,rest,Balanced Growth,LISTED EQUITY,1,"M3, INC.",-,2413,BB Ticker,JP,60.0,,-,860.0,0.0
2024-12-31,rest,Balanced Growth,LISTED EQUITY,1,KAWASAKI KISEN KAISHA LTD.,-,9107,BB Ticker,JP,37.0,,-,857.0,0.0
2024-12-31,rest,Balanced Growth,LISTED EQUITY,1,MEG ENERGY CORP.,-,MEG,BB Ticker,CN,31.0,,-,834.0,0.0
2024-12-31,rest,Balanced Growth,LISTED EQUITY,1,NIBE INDUSTRIER AB,-,NIBEB,BB Ticker,SS,131.0,,-,826.0,0.0
2024-12-31,rest,Balanced Growth,LISTED EQUITY,1,LUNDIN MINING CORP.,-,LUN,BB Ticker,CN,58.0,,-,810.0,0.0
2024-12-31,rest,Balanced Growth,LISTED EQUITY,1,BANQUE CANTONALE VAUDOISE,-,BCVN,BB Ticker,SW,5.0,,-,757.0,0.0
2024-12-31,rest,Balanced Growth,LISTED EQUITY,1,AEROPORTS DE PARIS,-,ADP,BB Ticker,FP,4.0,,-,755.0,0.0
2024-12-31,rest,Balanced Growth,LISTED EQUITY,1,"JFE HOLDINGS, INC.",-,5411,BB Ticker,JP,41.0,,-,746.0,0.0
2024-12-31,rest,Balanced Growth,LISTED EQUITY,1,MERCURY NZ LTD.,-,MCY,BB Ticker,NZ,141.0,,-,746.0,0.0
2024-12-31,rest,Balanced Growth,LISTED EQUITY,1,HUMM GROUP LTD.,-,HUM,BB Ticker,AU,1057.0,,-,735.0,0.0
2024-12-31,rest,Balanced Growth,LISTED EQUITY,1,MCDONALD'S HOLDINGS CO. JAPAN LTD.,-,2702,BB Ticker,JP,11.0,,-,730.0,0.0
2024-12-31,rest,Balanced Growth,LISTED EQUITY,1,INFRATIL LTD.,-,IFT,BB Ticker,NZ,64.0,,-,728.0,0.0
2024-12-31,rest,Balanced Growth,LISTED EQUITY,1,"AGC, INC.",-,5201,BB Ticker,JP,15.0,,-,727.0,0.0
2024-12-31,rest,Balanced Growth,LISTED EQUITY,1,GENTING SINGAPORE LTD.,-,GENS,BB Ticker,SP,796.0,,-,721.0,0.0
2024-12-31,rest,Balanced Growth,LISTED EQUITY,1,PANTORO LTD.,-,PNR,BB Ticker,AU,7944.0,,-,715.0,0.0
2024-12-31,rest,Balanced Growth,LISTED EQUITY,1,BACHEM HOLDING AG,-,BANB,BB Ticker,SW,7.0,,-,704.0,0.0
2024-12-31,rest,Balanced Growth,LISTED EQUITY,1,YARA INTERNATIONAL ASA,-,YAR,BB Ticker,NO,16.0,,-,682.0,0.0
2024-12-31,rest,Balanced Growth,LISTED EQUITY,1,GRIFOLS SA,-,GRF,BB Ticker,SM,44.0,,-,677.0,0.0
2024-12-31,rest,Balanced Growth,LISTED EQUITY,1,AVOLTA AG,-,AVOL,BB Ticker,SW,10.0,,-,671.0,0.0
2024-12-31,rest,Balanced Growth,LISTED EQUITY,1,JDE PEET'S NV,-,JDEP,BB Ticker,,23.0,,-,634.0,0.0
2024-12-31,rest,Balanced Growth,LISTED EQUITY,1,JD SPORTS FASHION PLC,-,JD,BB Ticker,LN,324.0,,-,629.0,0.0
2024-12-31,rest,Balanced Growth,LISTED EQUITY,1,TELEPERFORMANCE,-,TEP,BB Ticker,FP,5.0,,-,626.0,0.0
2024-12-31,rest,Balanced Growth,LISTED EQUITY,1,AUTOSPORTS GROUP LTD.,-,ASG,BB Ticker,AU,349.0,,-,607.0,0.0
2024-12-31,rest,Balanced Growth,LISTED EQUITY,1,CARL ZEISS MEDITEC AG,-,AFX,BB Ticker,GR,8.0,,-,572.0,0.0
2024-12-31,rest,Balanced Growth,LISTED EQUITY,1,POINTSBET HOLDINGS LTD.,-,PBH,BB Ticker,AU,560.0,,-,560.0,0.0
2024-12-31,rest,Balanced Growth,LISTED EQUITY,1,AURELIA METALS LTD.,-,AMI,BB Ticker,AU,3154.0,,-,536.0,0.0
2024-12-31,rest,Balanced Growth,LISTED EQUITY,1,BECHTLE AG,-,BC8,BB Ticker,GR,10.0,,-,530.0,0.0
2024-12-31,rest,Balanced Growth,LISTED EQUITY,1,AIC MINES LTD.,-,A1M,BB Ticker,AU,1492.0,,-,507.0,0.0
2024-12-31,rest,Balanced Growth,LISTED EQUITY,1,ELIA GROUP SA,-,ELI,BB Ticker,BB,4.0,,-,473.0,0.0
2024-12-31,rest,Balanced Growth,LISTED EQUITY,1,"HIKARI TSUSHIN, INC.",-,9435,BB Ticker,JP,1.0,,-,452.0,0.0
2024-12-31,rest,Balanced Growth,LISTED EQUITY,1,FALCON METALS LTD.,-,FAL,BB Ticker,AU,3456.0,,-,397.0,0.0
2024-12-31,rest,Balanced Growth,LISTED EQUITY,1,CANAL & FRANCE SA,-,YA3,BB Ticker,GR,96.0,,-,395.0,0.0
2024-12-31,rest,Balanced Growth,LISTED EQUITY,1,STEP ONE CLOTHING LTD.,-,STP,BB Ticker,AU,305.0,,-,384.0,0.0
2024-12-31,rest,Balanced Growth,LISTED EQUITY,1,KOKUSAI ELECTRIC CORP.,-,6525,SEDOL,JP,17.0,,-,365.0,0.0
2024-12-31,rest,Balanced Growth,LISTED EQUITY,1,GLOBAL DATA CENTRE GROUP,-,GDC,BB Ticker,AU,248.0,,-,353.0,0.0
2024-12-31,rest,Balanced Growth,LISTED EQUITY,1,SOLSTICE MINERALS LTD.,-,SLS,BB Ticker,AU,2259.0,,-,350.0,0.0
2024-12-31,rest,Balanced Growth,LISTED EQUITY,1,SCHINDLER HOLDING AG,-,SCHN,BB Ticker,SW,1.0,,-,349.0,0.0
2024-12-31,rest,Balanced Growth,LISTED EQUITY,1,ELISA OYJ,-,ELISA,BB Ticker,FH,5.0,,-,338.0,0.0
2024-12-31,rest,Balanced Growth,LISTED EQUITY,1,VOLVO AB,-,VOLVA,BB Ticker,SS,9.0,,-,336.0,0.0
2024-12-31,rest,Balanced Growth,LISTED EQUITY,1,RECORDATI INDUSTRIA CHIMICA E FARMACEUTICA SPA,-,REC,BB Ticker,IM,4.0,,-,317.0,0.0
2024-12-31,rest,Balanced Growth,LISTED EQUITY,1,SG HOLDINGS CO. LTD.,-,9143,BB Ticker,JP,20.0,,-,316.0,0.0
2024-12-31,rest,Balanced Growth,LISTED EQUITY,1,SINGAPORE TECHNOLOGIES ENGINEERING LTD.,-,STE,BB Ticker,SP,56.0,,-,310.0,0.0
2024-12-31,rest,Balanced Growth,LISTED EQUITY,1,DGL GROUP LTD.,-,DGL,BB Ticker,AU,539.0,,-,307.0,0.0
2024-12-31,rest,Balanced Growth,LISTED EQUITY,1,EMS-CHEMIE HOLDING AG,-,EMSN,BB Ticker,SW,0.0,,-,292.0,0.0
2024-12-31,rest,Balanced Growth,LISTED EQUITY,1,KESKO OYJ,-,KESKOB,BB Ticker,FH,10.0,,-,291.0,0.0
2024-12-31,rest,Balanced Growth,LISTED EQUITY,1,ORION OYJ,-,ORNBV,BB Ticker,FH,4.0,,-,273.0,0.0
2024-12-31,rest,Balanced Growth,LISTED EQUITY,1,AP MOLLER - MAERSK AS,-,MAERSKA,BB Ticker,DC,0.0,,-,264.0,0.0
2024-12-31,rest,Balanced Growth,LISTED EQUITY,1,HAVAS NV,-,HAVAS,BB Ticker,,96.0,,-,261.0,0.0
2024-12-31,rest,Balanced Growth,LISTED EQUITY,1,BIOMERIEUX,-,BIM,BB Ticker,FP,2.0,,-,260.0,0.0
2024-12-31,rest,Balanced Growth,LISTED EQUITY,1,IPSEN SA,-,IPN,BB Ticker,FP,1.0,,-,253.0,0.0
2024-12-31,rest,Balanced Growth,LISTED EQUITY,1,HIKMA PHARMACEUTICALS PLC,-,HIK,BB Ticker,LN,6.0,,-,247.0,0.0
2024-12-31,rest,Balanced Growth,LISTED EQUITY,1,AMUNDI SA,-,AMUN,BB Ticker,FP,2.0,,-,241.0,0.0
2024-12-31,rest,Balanced Growth,LISTED EQUITY,1,INVESTMENT AB LATOUR,-,LATOB,BB Ticker,SS,6.0,,-,227.0,0.0
2024-12-31,rest,Balanced Growth,LISTED EQUITY,1,AZRIELI GROUP LTD.,-,AZRG,BB Ticker,IT,2.0,,-,219.0,0.0
2024-12-31,rest,Balanced Growth,LISTED EQUITY,1,SCSK CORP.,-,9719,BB Ticker,JP,6.0,,-,218.0,0.0
2024-12-31,rest,Balanced Growth,LISTED EQUITY,1,GJENSIDIGE FORSIKRING ASA,-,GJF,BB Ticker,NO,7.0,,-,214.0,0.0
2024-12-31,rest,Balanced Growth,LISTED EQUITY,1,BKW AG,-,BKW,BB Ticker,SW,1.0,,-,212.0,0.0
2024-12-31,rest,Balanced Growth,LISTED EQUITY,1,SOFINA SA,-,SOF,BB Ticker,BB,1.0,,-,210.0,0.0
2024-12-31,rest,Balanced Growth,LISTED EQUITY,1,L E LUNDBERGFORETAGEN AB,-,LUNDB,BB Ticker,SS,3.0,,-,207.0,0.0
2024-12-31,rest,Balanced Growth,LISTED EQUITY,1,SCHRODERS PLC,-,SDR,BB Ticker,LN,32.0,,-,206.0,0.0
2024-12-31,rest,Balanced Growth,LISTED EQUITY,1,HOLMEN AB,-,HOLMB,BB Ticker,SS,3.0,,-,204.0,0.0
2024-12-31,rest,Balanced Growth,LISTED EQUITY,1,"QUEBECOR, INC.",-,QBRB,BB Ticker,CN,6.0,,-,202.0,0.0
2024-12-31,rest,Balanced Growth,LISTED EQUITY,1,ICL GROUP LTD.,-,ICL,BB Ticker,IT,25.0,,-,201.0,0.0
2024-12-31,rest,Balanced Growth,LISTED EQUITY,1,ORACLE CORP. JAPAN,-,4716,BB Ticker,JP,1.0,,-,199.0,0.0
2024-12-31,rest,Balanced Growth,LISTED EQUITY,1,TELECOM ITALIA SPA,-,TIT,BB Ticker,IM,374.0,,-,154.0,0.0
2024-12-31,rest,Balanced Growth,LISTED EQUITY,1,CLARIANT AG,-,CLN,BB Ticker,SW,8.0,,-,144.0,0.0
2024-12-31,rest,Balanced Growth,LISTED EQUITY,1,SEB SA,-,SK,BB Ticker,FP,1.0,,-,140.0,0.0
2024-12-31,rest,Balanced Growth,LISTED EQUITY,1,HITACHI CONSTRUCTION MACHINERY CO. LTD.,-,6305,BB Ticker,JP,4.0,,-,138.0,0.0
2024-12-31,rest,Balanced Growth,LISTED EQUITY,1,"BCE, INC.",-,BCE,BB Ticker,CN,3.0,,-,102.0,0.0
2024-12-31,rest,Balanced Growth,LISTED EQUITY,1,PPK MINING EQUIPMENT GROUP PTY LTD.,-,PPK,BB Ticker,AU,337.0,,-,60.0,0.0
2024-12-31,rest,Balanced Growth,LISTED EQUITY,1,TRAVIS PERKINS PLC,-,TPK,BB Ticker,LN,1.0,,-,12.0,0.0
2024-12-31,rest,Balanced Growth,LISTED EQUITY,1,ATLANTIC LITHIUM LTD.,-,A11,BB Ticker,AU,15.0,,-,5.0,0.0
2024-12-31,rest,Balanced Growth,LISTED EQUITY,1,"ABIOMED, INC.",-,,N/A,,857.0,,-,0.0,0.0
2024-12-31,rest,Balanced Growth,LISTED EQUITY,1,BELUGA GROUP PJSC,-,BELU,BB Ticker,RM,6898.0,,-,0.0,0.0
2024-12-31,rest,Balanced Growth,LISTED EQUITY,1,SUB TOTAL,,,N/A,,,,,638947984.0,0.3685
2024-12-31,rest,Balanced Growth,UNLISTED EQUITY,0,SUB TOTAL,,,N/A,,,,,0.0,0.0
2024-12-31,rest,Balanced Growth,UNLISTED EQUITY,1,QIC PRIVATE CAPITAL PTY LTD,-,,N/A,,,,-,9638145.0,0.0056
2024-12-31,rest,Balanced Growth,UNLISTED EQUITY,1,"WEBSTER EQUITY PARTNERS, LLC",-,,N/A,,,,-,4286360.0,0.0025
2024-12-31,rest,Balanced Growth,UNLISTED EQUITY,1,GI GP VI LLC,-,,N/A,,,,-,3329023.0,0.0019
2024-12-31,rest,Balanced Growth,UNLISTED EQUITY,1,"BAIN CAPITAL PRIVATE EQUITY, LP",-,,N/A,,,,-,3069966.0,0.0018
2024-12-31,rest,Balanced Growth,UNLISTED EQUITY,1,"MOTIVE CAPITAL MANAGEMENT, LLC",-,,N/A,,,,-,2945086.0,0.0017
2024-12-31,rest,Balanced Growth,UNLISTED EQUITY,1,BAYPINE LP,-,,N/A,,,,-,1797300.0,0.001
2024-12-31,rest,Balanced Growth,UNLISTED EQUITY,1,"SEIDLER KUTSENDA MANAGEMENT COMPANY, LLC",-,,N/A,,,,-,1719304.0,0.001
2024-12-31,rest,Balanced Growth,UNLISTED EQUITY,1,"LIGHTSPEED MANAGEMENT COMPANY, L.L.C.",-,,N/A,,,,-,1668393.0,0.001
2024-12-31,rest,Balanced Growth,UNLISTED EQUITY,1,GI GP VI LP,-,,N/A,,,,-,1521746.0,0.0009
2024-12-31,rest,Balanced Growth,UNLISTED EQUITY,1,"TCG CAPITAL MANAGEMENT, LP",-,,N/A,,,,-,1096715.0,0.0006
2024-12-31,rest,Balanced Growth,UNLISTED EQUITY,1,TOWERBROOK CAPITAL PARTNERS L.P.,-,,N/A,,,,-,866828.0,0.0005
2024-12-31,rest,Balanced Growth,UNLISTED EQUITY,1,"AIP, LLC",-,,N/A,,,,-,808567.0,0.0005
2024-12-31,rest,Balanced Growth,UNLISTED EQUITY,1,INFLEXION PRIVATE EQUITY PARTNERS LLP,-,,N/A,,,,-,772720.0,0.0004
2024-12-31,rest,Balanced Growth,UNLISTED EQUITY,1,EPIRIS LLP,-,,N/A,,,,-,536667.0,0.0003
2024-12-31,rest,Balanced Growth,UNLISTED EQUITY,1,"BAIN CAPITAL CREDIT, LP",-,,N/A,,,,-,428503.0,0.0002
2024-12-31,rest,Balanced Growth,UNLISTED EQUITY,1,CAPVEST IRISH PARTNERS LIMITED,-,,N/A,,,,-,399124.0,0.0002
2024-12-31,rest,Balanced Growth,UNLISTED EQUITY,1,ARCHIMED,-,,N/A,,,,-,397307.0,0.0002
2024-12-31,rest,Balanced Growth,UNLISTED EQUITY,1,HORSLEY BRIDGE PARTNERS LLC,-,,N/A,,,,-,386818.0,0.0002
2024-12-31,rest,Balanced Growth,UNLISTED EQUITY,1,SKMC AUSTRALIA PTY LTD,-,,N/A,,,,-,363450.0,0.0002
2024-12-31,rest,Balanced Growth,UNLISTED EQUITY,1,GREENCAPE CAPITAL PTY LTD,-,,N/A,,,,-,135721.0,0.0001
2024-12-31,rest,Balanced Growth,UNLISTED EQUITY,1,"RED IRON GROUP GP, LLC",-,,N/A,,,,-,53666.0,0.0
2024-12-31,rest,Balanced Growth,UNLISTED EQUITY,1,PARADICE INVESTMENT MANAGEMENT PTY LTD,-,,N/A,,,,-,3376.0,0.0
2024-12-31,rest,Balanced Growth,UNLISTED EQUITY,1,SUB TOTAL,,,N/A,,,,,36224785.0,0.0209
2024-12-31,rest,Balanced Growth,LISTED PROPERTY,1,GOODMAN GROUP,-,GMG,BB Ticker,AU,197837.0,,-,7050893.0,0.0040999999999999
2024-12-31,rest,Balanced Growth,LISTED PROPERTY,1,MIRVAC GROUP,-,MGR,BB Ticker,AU,1036531.0,,-,1943494.0,0.0011
2024-12-31,rest,Balanced Growth,LISTED PROPERTY,1,DEXUS,-,DXS,BB Ticker,AU,290527.0,,-,1934908.0,0.0011
2024-12-31,rest,Balanced Growth,LISTED PROPERTY,1,HMC CAPITAL LTD.,-,HMC,BB Ticker,AU,171195.0,,-,1687984.0,0.001
2024-12-31,rest,Balanced Growth,LISTED PROPERTY,1,STOCKLAND,-,SGP,BB Ticker,AU,180317.0,,-,865525.0,0.0005
2024-12-31,rest,Balanced Growth,LISTED PROPERTY,1,CHARTER HALL GROUP,-,CHC,BB Ticker,AU,58077.0,,-,833421.0,0.0005
2024-12-31,rest,Balanced Growth,LISTED PROPERTY,1,"PROLOGIS, INC.",-,PLD,BB Ticker,US,4555.0,,-,777593.0,0.0004
2024-12-31,rest,Balanced Growth,LISTED PROPERTY,1,DIGICO INFRASTRUCTURE REIT,-,DGT,BB Ticker,AU,151624.0,,-,674725.0,0.0004
2024-12-31,rest,Balanced Growth,LISTED PROPERTY,1,"EQUINIX, INC.",-,EQIX,BB Ticker,US,315.0,,-,479557.0,0.0003
2024-12-31,rest,Balanced Growth,LISTED PROPERTY,1,SCENTRE GROUP,-,SCG,BB Ticker,AU,136280.0,,-,467439.0,0.0003
2024-12-31,rest,Balanced Growth,LISTED PROPERTY,1,CHARTER HALL SOCIAL INFRASTRUCTURE REIT,-,CQE,BB Ticker,AU,173651.0,,-,446282.0,0.0003
2024-12-31,rest,Balanced Growth,LISTED PROPERTY,1,"SIMON PROPERTY GROUP, INC.",-,SPG,BB Ticker,US,1586.0,,-,441146.0,0.0003
2024-12-31,rest,Balanced Growth,LISTED PROPERTY,1,AMERICAN TOWER CORP.,-,AMT,BB Ticker,US,1382.0,,-,409248.0,0.0002
2024-12-31,rest,Balanced Growth,LISTED PROPERTY,1,WEYERHAEUSER CO.,-,WY,BB Ticker,US,8559.0,,-,389146.0,0.0002
2024-12-31,rest,Balanced Growth,LISTED PROPERTY,1,"AVALONBAY COMMUNITIES, INC.",-,AVB,BB Ticker,US,883.0,,-,313670.0,0.0002
2024-12-31,rest,Balanced Growth,LISTED PROPERTY,1,CHARTER HALL RETAIL REIT,-,CQR,BB Ticker,AU,86220.0,,-,271592.0,0.0002
2024-12-31,rest,Balanced Growth,LISTED PROPERTY,1,WAYPOINT REIT LTD.,-,WPR,BB Ticker,AU,110449.0,,-,257348.0,0.0001
2024-12-31,rest,Balanced Growth,LISTED PROPERTY,1,"UDR, INC.",-,UDR,BB Ticker,US,3618.0,,-,253669.0,0.0001
2024-12-31,rest,Balanced Growth,LISTED PROPERTY,1,"VICI PROPERTIES, INC.",-,VICI,BB Ticker,US,5064.0,,-,238916.0,0.0001
2024-12-31,rest,Balanced Growth,LISTED PROPERTY,1,"CROWN CASTLE, INC.",-,CCI,BB Ticker,US,1583.0,,-,232131.0,0.0001
2024-12-31,rest,Balanced Growth,LISTED PROPERTY,1,CAMDEN PROPERTY TRUST,-,CPT,BB Ticker,US,1229.0,,-,230362.0,0.0001
2024-12-31,rest,Balanced Growth,LISTED PROPERTY,1,VICINITY LTD.,-,VCX,BB Ticker,AU,109612.0,,-,230186.0,0.0001
2024-12-31,rest,Balanced Growth,LISTED PROPERTY,1,GPT GROUP,-,GPT,BB Ticker,AU,51920.0,,-,226892.0,0.0001
2024-12-31,rest,Balanced Growth,LISTED PROPERTY,1,"ESSEX PROPERTY TRUST, INC.",-,ESS,BB Ticker,US,470.0,,-,216902.0,0.0001
2024-12-31,rest,Balanced Growth,LISTED PROPERTY,1,EQUITY RESIDENTIAL,-,EQR,BB Ticker,US,1769.0,,-,205087.0,0.0001
2024-12-31,rest,Balanced Growth,LISTED PROPERTY,1,CHARTER HALL LONG WALE REIT,-,CLW,BB Ticker,AU,38163.0,,-,142732.0,0.0001
2024-12-31,rest,Balanced Growth,LISTED PROPERTY,1,REGENCY CENTERS CORP.,-,REG,BB Ticker,US,1162.0,,-,138673.0,0.0001
2024-12-31,rest,Balanced Growth,LISTED PROPERTY,1,"WELLTOWER, INC.",-,WELL,BB Ticker,US,515.0,,-,104897.0,0.0001
2024-12-31,rest,Balanced Growth,LISTED PROPERTY,1,"WP CAREY, INC.",-,WPC,BB Ticker,US,1160.0,,-,102086.0,0.0001
2024-12-31,rest,Balanced Growth,LISTED PROPERTY,1,BRITISH LAND CO. PLC,-,BLND,BB Ticker,LN,12237.0,,-,89214.0,0.0001
2024-12-31,rest,Balanced Growth,LISTED PROPERTY,1,HOMECO DAILY NEEDS REIT,-,HDN,BB Ticker,AU,76228.0,,-,87281.0,0.0001
2024-12-31,rest,Balanced Growth,LISTED PROPERTY,1,GDI PROPERTY GROUP PARTNERSHIP,-,GDI,BB Ticker,AU,141334.0,,-,81267.0,0.0
2024-12-31,rest,Balanced Growth,LISTED PROPERTY,1,REALTY INCOME CORP.,-,O,BB Ticker,US,927.0,,-,79950.0,0.0
2024-12-31,rest,Balanced Growth,LISTED PROPERTY,1,SITE CENTERS CORP.,-,SITC,BB Ticker,US,3169.0,,-,78265.0,0.0
2024-12-31,rest,Balanced Growth,LISTED PROPERTY,1,ARENA REIT,-,ARF,BB Ticker,AU,19003.0,,-,73925.0,0.0
2024-12-31,rest,Balanced Growth,LISTED PROPERTY,1,PUBLIC STORAGE,-,PSA,BB Ticker,US,148.0,,-,71427.0,0.0
2024-12-31,rest,Balanced Growth,LISTED PROPERTY,1,"PIEDMONT OFFICE REALTY TRUST, INC.",-,PDM,BB Ticker,US,4260.0,,-,62950.0,0.0
2024-12-31,rest,Balanced Growth,LISTED PROPERTY,1,COVIVIO,-,COV,BB Ticker,FP,727.0,,-,59280.0,0.0
2024-12-31,rest,Balanced Growth,LISTED PROPERTY,1,SBA COMMUNICATIONS CORP.,-,SBAC,BB Ticker,US,178.0,,-,58838.0,0.0
2024-12-31,rest,Balanced Growth,LISTED PROPERTY,1,"COUSINS PROPERTIES, INC.",-,CUZ,BB Ticker,US,1134.0,,-,56094.0,0.0
2024-12-31,rest,Balanced Growth,LISTED PROPERTY,1,LINK REIT,-,823,BB Ticker,HK,8107.0,,-,55371.0,0.0
2024-12-31,rest,Balanced Growth,LISTED PROPERTY,1,"BRIXMOR PROPERTY GROUP, INC.",-,BRX,BB Ticker,US,1210.0,,-,54401.0,0.0
2024-12-31,rest,Balanced Growth,LISTED PROPERTY,1,LAMAR ADVERTISING CO.,-,LAMR,BB Ticker,US,276.0,,-,54261.0,0.0
2024-12-31,rest,Balanced Growth,LISTED PROPERTY,1,KILROY REALTY CORP.,-,KRC,BB Ticker,US,793.0,,-,51832.0,0.0
2024-12-31,rest,Balanced Growth,LISTED PROPERTY,1,CENTURIA CAPITAL GROUP,-,CNI,BB Ticker,AU,28748.0,,-,51028.0,0.0
2024-12-31,rest,Balanced Growth,LISTED PROPERTY,1,"EXTRA SPACE STORAGE, INC.",-,EXR,BB Ticker,US,180.0,,-,43520.0,0.0
2024-12-31,rest,Balanced Growth,LISTED PROPERTY,1,"GAMING & LEISURE PROPERTIES, INC.",-,GLPI,BB Ticker,US,554.0,,-,43102.0,0.0
2024-12-31,rest,Balanced Growth,LISTED PROPERTY,1,"IRON MOUNTAIN, INC.",-,IRM,BB Ticker,US,253.0,,-,42985.0,0.0
2024-12-31,rest,Balanced Growth,LISTED PROPERTY,1,"INVITATION HOMES, INC.",-,INVH,BB Ticker,US,784.0,,-,40466.0,0.0
2024-12-31,rest,Balanced Growth,LISTED PROPERTY,1,GROWTHPOINT PROPERTIES AUSTRALIA LTD.,-,GOZ,BB Ticker,AU,16533.0,,-,39348.0,0.0
2024-12-31,rest,Balanced Growth,LISTED PROPERTY,1,"EQUITY LIFESTYLE PROPERTIES, INC.",-,ELS,BB Ticker,US,343.0,,-,36942.0,0.0
2024-12-31,rest,Balanced Growth,LISTED PROPERTY,1,BRANDYWINE REALTY TRUST,-,BDN,BB Ticker,US,3876.0,,-,35056.0,0.0
2024-12-31,rest,Balanced Growth,LISTED PROPERTY,1,CROMWELL PROPERTY GROUP,-,CMW,BB Ticker,AU,90557.0,,-,34412.0,0.0
2024-12-31,rest,Balanced Growth,LISTED PROPERTY,1,BWP TRUST,-,BWP,BB Ticker,AU,10424.0,,-,34190.0,0.0
2024-12-31,rest,Balanced Growth,LISTED PROPERTY,1,KIMCO REALTY CORP.,-,KIM,BB Ticker,US,820.0,,-,31041.0,0.0
2024-12-31,rest,Balanced Growth,LISTED PROPERTY,1,CENTURIA INDUSTRIAL REIT,-,CIP,BB Ticker,AU,10987.0,,-,30982.0,0.0
2024-12-31,rest,Balanced Growth,LISTED PROPERTY,1,AMERICAN HOMES 4 RENT,-,AMH,BB Ticker,US,445.0,,-,26888.0,0.0
2024-12-31,rest,Balanced Growth,LISTED PROPERTY,1,ABACUS STORAGE KING,-,ASK,BB Ticker,AU,21124.0,,-,23764.0,0.0
2024-12-31,rest,Balanced Growth,LISTED PROPERTY,1,"HEALTHCARE REALTY TRUST, INC.",-,HR,BB Ticker,US,854.0,,-,23383.0,0.0
2024-12-31,rest,Balanced Growth,LISTED PROPERTY,1,"BOSTON PROPERTIES, INC.",-,BXP,BB Ticker,US,180.0,,-,21564.0,0.0
2024-12-31,rest,Balanced Growth,LISTED PROPERTY,1,HOTEL PROPERTY INVESTMENTS LTD.,-,HPI,BB Ticker,AU,5703.0,,-,21384.0,0.0
2024-12-31,rest,Balanced Growth,LISTED PROPERTY,1,"VENTAS, INC.",-,VTR,BB Ticker,US,222.0,,-,21152.0,0.0
2024-12-31,rest,Balanced Growth,LISTED PROPERTY,1,"ANNALY CAPITAL MANAGEMENT, INC.",-,NLY,BB Ticker,US,651.0,,-,19230.0,0.0
2024-12-31,rest,Balanced Growth,LISTED PROPERTY,1,"HIGHWOODS PROPERTIES, INC.",-,HIW,BB Ticker,US,380.0,,-,18765.0,0.0
2024-12-31,rest,Balanced Growth,LISTED PROPERTY,1,"SUN COMMUNITIES, INC.",-,SUI,BB Ticker,US,89.0,,-,17704.0,0.0
2024-12-31,rest,Balanced Growth,LISTED PROPERTY,1,GECINA SA,-,GFC,BB Ticker,FP,117.0,,-,17580.0,0.0
2024-12-31,rest,Balanced Growth,LISTED PROPERTY,1,"HOST HOTELS & RESORTS, INC.",-,HST,BB Ticker,US,612.0,,-,17322.0,0.0
2024-12-31,rest,Balanced Growth,LISTED PROPERTY,1,HEALTHCO REIT,-,HCW,BB Ticker,AU,15554.0,,-,15865.0,0.0
2024-12-31,rest,Balanced Growth,LISTED PROPERTY,1,"ALEXANDRIA REAL ESTATE EQUITIES, INC.",-,ARE,BB Ticker,US,85.0,,-,13383.0,0.0
2024-12-31,rest,Balanced Growth,LISTED PROPERTY,1,UNIBAIL-RODAMCO-WESTFIELD,-,URW,BB Ticker,FP,106.0,,-,12896.0,0.0
2024-12-31,rest,Balanced Growth,LISTED PROPERTY,1,KLEPIERRE SA,-,LI,BB Ticker,FP,267.0,,-,12437.0,0.0
2024-12-31,rest,Balanced Growth,LISTED PROPERTY,1,REGION RE LTD.,-,RGN,BB Ticker,AU,5301.0,,-,10972.0,0.0
2024-12-31,rest,Balanced Growth,LISTED PROPERTY,1,CENTURIA OFFICE REIT,-,COF,BB Ticker,AU,9935.0,,-,10929.0,0.0
2024-12-31,rest,Balanced Growth,LISTED PROPERTY,1,H&R REAL ESTATE INVESTMENT TRUST,-,HRU,BB Ticker,CN,873.0,,-,9098.0,0.0
2024-12-31,rest,Balanced Growth,LISTED PROPERTY,1,NATIONAL STORAGE REIT,-,NSR,BB Ticker,AU,1662.0,,-,3889.0,0.0
2024-12-31,rest,Balanced Growth,LISTED PROPERTY,1,SEGRO PLC,-,SGRO,BB Ticker,LN,209.0,,-,2961.0,0.0
2024-12-31,rest,Balanced Growth,LISTED PROPERTY,1,DEXUS INDUSTRIA REIT,-,DXI,BB Ticker,AU,927.0,,-,2384.0,0.0
2024-12-31,rest,Balanced Growth,LISTED PROPERTY,1,CAPITALAND INTEGRATED COMMERCIAL TRUST,-,CICT,BB Ticker,SP,859.0,,-,1964.0,0.0
2024-12-31,rest,Balanced Growth,LISTED PROPERTY,1,CAPITALAND ASCENDAS REIT,-,CLAR,BB Ticker,SP,632.0,,-,1924.0,0.0
2024-12-31,rest,Balanced Growth,LISTED PROPERTY,1,"NIPPON BUILDING FUND, INC.",-,8951,BB Ticker,JP,1.0,,-,1764.0,0.0
2024-12-31,rest,Balanced Growth,LISTED PROPERTY,1,LAND SECURITIES GROUP PLC,-,LAND,BB Ticker,LN,124.0,,-,1465.0,0.0
2024-12-31,rest,Balanced Growth,LISTED PROPERTY,1,ABACUS GROUP,-,ABG,BB Ticker,AU,733.0,,-,807.0,0.0
2024-12-31,rest,Balanced Growth,LISTED PROPERTY,1,JAPAN REAL ESTATE INVESTMENT CORP.,-,8952,SEDOL,JP,0.0,,-,212.0,0.0
2024-12-31,rest,Balanced Growth,LISTED PROPERTY,1,WAREHOUSES DE PAUW CVA,-,WDP,BB Ticker,BB,6.0,,-,185.0,0.0
2024-12-31,rest,Balanced Growth,LISTED PROPERTY,1,SUB TOTAL,,,N/A,,,,,23375803.0,0.0135
2024-12-31,rest,Balanced Growth,UNLISTED PROPERTY,0,REST 140 WILLIAM STREET TRUST,-,,N/A,,,1.0,"140 WILLIAM STREET, MELBOURNE VIC 3000",,
2024-12-31,rest,Balanced Growth,UNLISTED PROPERTY,0,REST 52 MARTIN PLACE TRUST,-,,N/A,,,0.5,"52 MARTIN PLACE, SYDNEY NSW 2000",,
2024-12-31,rest,Balanced Growth,UNLISTED PROPERTY,0,REST 717 BOURKE STREET TRUST,-,,N/A,,,1.0,"717 BOURKE STREET, MELBOURNE VIC 3000",,
2024-12-31,rest,Balanced Growth,UNLISTED PROPERTY,0,REST QQT TRUST,-,,N/A,,,0.33,"50 BRIDGE STREET, SYDNEY NSW 2000",,
2024-12-31,rest,Balanced Growth,UNLISTED PROPERTY,0,SUB TOTAL,,,N/A,,,,,37515781.0,0.0216
2024-12-31,rest,Balanced Growth,UNLISTED PROPERTY,1,GREYSTAR GUGV GP LLC,-,,N/A,,,,-,23034658.0,0.0133
2024-12-31,rest,Balanced Growth,UNLISTED PROPERTY,1,"CIV PORTFOLIO INVESTMENTS GP, LLC",-,,N/A,,,,-,19263150.0,0.0111
2024-12-31,rest,Balanced Growth,UNLISTED PROPERTY,1,ALTIS ASSET MANAGEMENT PTY LTD,-,,N/A,,,,-,18145996.0,0.0105
2024-12-31,rest,Balanced Growth,UNLISTED PROPERTY,1,GPT FUNDS MANAGEMENT LIMITED,-,,N/A,,,,-,16697452.0,0.0096
2024-12-31,rest,Balanced Growth,UNLISTED PROPERTY,1,QIC RETAIL PTY LTD,-,,N/A,,,,-,13839328.0,0.008
2024-12-31,rest,Balanced Growth,UNLISTED PROPERTY,1,CHARTER HALL INVESTMENT MANAGEMENT LIMITED,-,,N/A,,,,-,11016093.0,0.0064
2024-12-31,rest,Balanced Growth,UNLISTED PROPERTY,1,CAMPUS LIVING FUNDS MANAGEMENT PTY LTD,-,,N/A,,,,-,10506001.0,0.0060999999999999
2024-12-31,rest,Balanced Growth,UNLISTED PROPERTY,1,METRICS CREDIT PARTNERS PTY LTD,-,,N/A,,,,-,9749633.0,0.0056
2024-12-31,rest,Balanced Growth,UNLISTED PROPERTY,1,GREYSTAR GUGV II GP LLC,-,,N/A,,,,-,5400035.0,0.0031
2024-12-31,rest,Balanced Growth,UNLISTED PROPERTY,1,FIL INVESTMENTS INTERNATIONAL,-,,N/A,,,,-,1419930.0,0.0008
2024-12-31,rest,Balanced Growth,UNLISTED PROPERTY,1,SUB TOTAL,,,N/A,,,,,129072276.0,0.0744
2024-12-31,rest,Balanced Growth,LISTED INFRASTRUCTURE,1,SUB TOTAL,,,N/A,,,,,0.0,0.0
2024-12-31,rest,Balanced Growth,UNLISTED INFRASTRUCTURE,0,COLLGAR RENEWABLES PTY LTD,-,,N/A,,,1.0,-,,
2024-12-31,rest,Balanced Growth,UNLISTED INFRASTRUCTURE,0,COLLGAR WIND FARM PTY LTD,-,,N/A,,,1.0,-,,
2024-12-31,rest,Balanced Growth,UNLISTED INFRASTRUCTURE,0,MORTLAKE PARTNERSHIP,-,,N/A,,,0.5,-,,
2024-12-31,rest,Balanced Growth,UNLISTED INFRASTRUCTURE,0,SEA GAS PARTNERSHIP,-,,N/A,,,0.5,-,,
2024-12-31,rest,Balanced Growth,UNLISTED INFRASTRUCTURE,0,SUB TOTAL,,,N/A,,,,,14518256.0,0.0084
2024-12-31,rest,Balanced Growth,UNLISTED INFRASTRUCTURE,1,MACQUARIE INFRASTRUCTURE PARTNERS INC.,-,,N/A,,,,-,86464472.0,0.0499
2024-12-31,rest,Balanced Growth,UNLISTED INFRASTRUCTURE,1,DEXUS CAPITAL INVESTORS LIMITED,-,,N/A,,,,-,36495811.0,0.021
2024-12-31,rest,Balanced Growth,UNLISTED INFRASTRUCTURE,1,PALISTAR CAPITAL LP,-,,N/A,,,,-,16074221.0,0.0093
2024-12-31,rest,Balanced Growth,UNLISTED INFRASTRUCTURE,1,I SQUARED CAPITAL ADVISORS (US) LLC,-,,N/A,,,,-,15087989.0,0.0087
2024-12-31,rest,Balanced Growth,UNLISTED INFRASTRUCTURE,1,"GLOBAL INFRASTRUCTURE MANAGEMENT, LLC",-,,N/A,,,,-,13227496.0,0.0076
2024-12-31,rest,Balanced Growth,UNLISTED INFRASTRUCTURE,1,MACQUARIE INFRASTRUCTURE AND REAL ASSETS (EUROPE) LIMITED,-,,N/A,,,,-,11504141.0,0.0066
2024-12-31,rest,Balanced Growth,UNLISTED INFRASTRUCTURE,1,IFM INVESTORS PTY LTD,-,,N/A,,,,-,10466170.0,0.006
2024-12-31,rest,Balanced Growth,UNLISTED INFRASTRUCTURE,1,FIRST SENTIER INVESTORS (LUXEMBOURG) EDIF III GP SARL,-,,N/A,,,,-,9167735.0,0.0053
2024-12-31,rest,Balanced Growth,UNLISTED INFRASTRUCTURE,1,QUINBROOK INFRASTRUCTURE PARTNERS (JERSEY) LIMITED,-,,N/A,,,,-,8436878.0,0.0049
2024-12-31,rest,Balanced Growth,UNLISTED INFRASTRUCTURE,1,MACQUARIE ASSET MANAGEMENT EUROPE S.A R.L.,-,,N/A,,,,-,6479419.0,0.0037
2024-12-31,rest,Balanced Growth,UNLISTED INFRASTRUCTURE,1,PALISADE IMPACT PTY LIMITED,-,,N/A,,,,-,1669303.0,0.001
2024-12-31,rest,Balanced Growth,UNLISTED INFRASTRUCTURE,1,OCTOPUS AUST OASIS MANAGER PTY LTD,-,,N/A,,,,-,1065523.0,0.0006
2024-12-31,rest,Balanced Growth,UNLISTED INFRASTRUCTURE,1,COPENHAGEN INFRASTRUCTURE PARTNERS P/S,-,,N/A,,,,-,377849.0,0.0002
2024-12-31,rest,Balanced Growth,UNLISTED INFRASTRUCTURE,1,SUB TOTAL,,,N/A,,,,,216517007.0,0.1248
2024-12-31,rest,Balanced Growth,LISTED ALTERNATIVES,1,SUB TOTAL,,,N/A,,,,,0.0,0.0
2024-12-31,rest,Balanced Growth,UNLISTED ALTERNATIVES,0,SUB TOTAL,,,N/A,,,,,0.0,0.0
2024-12-31,rest,Balanced Growth,UNLISTED ALTERNATIVES,1,TWELVE CAPITAL AG,-,,N/A,,,,-,18066705.0,0.0104
2024-12-31,rest,Balanced Growth,UNLISTED ALTERNATIVES,1,WARAKIRRI ASSET MANAGEMENT LTD,-,,N/A,,,,-,17479838.0,0.0101
2024-12-31,rest,Balanced Growth,UNLISTED ALTERNATIVES,1,CIBUS CAPITAL LLP,-,,N/A,,,,-,711666.0,0.0004
2024-12-31,rest,Balanced Growth,UNLISTED ALTERNATIVES,1,SUB TOTAL,,,N/A,,,,,36258209.0,0.0209
