Effective Date,Fund Name,Option Name,Asset Class Name,Int/Ext,Name/Kind of Investment Item,Currency,Stock ID,ID Type,Listed Country,Units Held,% Ownership,Address,Value (AUD),Weighting
2024-12-31,Vision Super Fund,Balanced growth,Cash,1,JP Morgan Chase,AUD,,N/A,,,,,-27694955.51,-0.0038
2024-12-31,Vision Super Fund,Balanced growth,Cash,1,AUSTRALIA & NEW ZEALAND BANKING GROUP LTD,AUD,,N/A,,,,,4079515.22,0.0006
2024-12-31,Vision Super Fund,Balanced growth,Cash,1,CITI GROUP,USD,,N/A,,,,,446108.0425,0.0001
2024-12-31,Vision Super Fund,Balanced growth,Cash,1,Citibank,AUD,,N/A,,,,,110097.636,0.0
2024-12-31,Vision Super Fund,Balanced growth,Cash,1,COMMONWEALTH BANK OF AUSTRALIA,AUD,,N/A,,,,,76540348.17,0.0106
2024-12-31,Vision Super Fund,Balanced growth,Cash,1,CREDIT AGRICOLE CORP,USD,,N/A,,,,,22078.4401,0.0
2024-12-31,Vision Super Fund,Balanced growth,Cash,1,FINISTERRE EMD TRF,AUD,,N/A,,,,,46840409.68,0.0065
2024-12-31,Vision Super Fund,Balanced growth,Cash,1,FINISTERRE EMD TRF,BRL,,N/A,,,,,-2025471.676,-0.0003
2024-12-31,Vision Super Fund,Balanced growth,Cash,1,FINISTERRE EMD TRF,CLP,,N/A,,,,,522578.2433,0.0001
2024-12-31,Vision Super Fund,Balanced growth,Cash,1,FINISTERRE EMD TRF,CNH,,N/A,,,,,-3676120.725,-0.0005
2024-12-31,Vision Super Fund,Balanced growth,Cash,1,FINISTERRE EMD TRF,CZK,,N/A,,,,,-3606.6793,0.0
2024-12-31,Vision Super Fund,Balanced growth,Cash,1,FINISTERRE EMD TRF,EGP,,N/A,,,,,703074.0965,0.0001
2024-12-31,Vision Super Fund,Balanced growth,Cash,1,FINISTERRE EMD TRF,EUR,,N/A,,,,,-3343050.302,-0.0005
2024-12-31,Vision Super Fund,Balanced growth,Cash,1,FINISTERRE EMD TRF,HUF,,N/A,,,,,0.0,0.0
2024-12-31,Vision Super Fund,Balanced growth,Cash,1,FINISTERRE EMD TRF,ILS,,N/A,,,,,1294277.291,0.0002
2024-12-31,Vision Super Fund,Balanced growth,Cash,1,FINISTERRE EMD TRF,INR,,N/A,,,,,-1500839.954,-0.0002
2024-12-31,Vision Super Fund,Balanced growth,Cash,1,FINISTERRE EMD TRF,MXN,,N/A,,,,,-1751776.865,-0.0002
2024-12-31,Vision Super Fund,Balanced growth,Cash,1,FINISTERRE EMD TRF,NGN,,N/A,,,,,661958.7437,0.0001
2024-12-31,Vision Super Fund,Balanced growth,Cash,1,FINISTERRE EMD TRF,PEN,,N/A,,,,,-1280737.558,-0.0002
2024-12-31,Vision Super Fund,Balanced growth,Cash,1,FINISTERRE EMD TRF,PLN,,N/A,,,,,-1200555.009,-0.0002
2024-12-31,Vision Super Fund,Balanced growth,Cash,1,FINISTERRE EMD TRF,THB,,N/A,,,,,-766039.1237,-0.0001
2024-12-31,Vision Super Fund,Balanced growth,Cash,1,FINISTERRE EMD TRF,TRY,,N/A,,,,,1492675.389,0.0002
2024-12-31,Vision Super Fund,Balanced growth,Cash,1,FINISTERRE EMD TRF,USD,,N/A,,,,,-30328902.55,-0.0042
2024-12-31,Vision Super Fund,Balanced growth,Cash,1,FINISTERRE EMD TRF,ZAR,,N/A,,,,,-1134470.332,-0.0002
2024-12-31,Vision Super Fund,Balanced growth,Cash,1,FINISTERRE EMD TRF,ZMW,,N/A,,,,,108501.0955,0.0
2024-12-31,Vision Super Fund,Balanced growth,Cash,1,Generation Investment Management LLP,USD,,N/A,,,,,99531.5846,0.0
2024-12-31,Vision Super Fund,Balanced growth,Cash,1,HSBC,USD,,N/A,,,,,247837.798,0.0
2024-12-31,Vision Super Fund,Balanced growth,Cash,1,IFM Investors Pty Ltd,AUD,,N/A,,,,,9859013.319,0.0014
2024-12-31,Vision Super Fund,Balanced growth,Cash,1,IFM Investors Pty Ltd,USD,,N/A,,,,,-6533076.62,-0.0009
2024-12-31,Vision Super Fund,Balanced growth,Cash,1,International equities transition account,AUD,,N/A,,,,,53672.3707,0.0
2024-12-31,Vision Super Fund,Balanced growth,Cash,1,ISPT Pty Ltd,AUD,,N/A,,,,,3826125.566,0.0005
2024-12-31,Vision Super Fund,Balanced growth,Cash,1,JP Morgan Chase,AUD,,N/A,,,,,83430408.82,0.0116
2024-12-31,Vision Super Fund,Balanced growth,Cash,1,JP Morgan Chase,BRL,,N/A,,,,,133029.7574,0.0
2024-12-31,Vision Super Fund,Balanced growth,Cash,1,JP Morgan Chase,CAD,,N/A,,,,,569715.0435,0.0001
2024-12-31,Vision Super Fund,Balanced growth,Cash,1,JP Morgan Chase,CHF,,N/A,,,,,56702.7358,0.0
2024-12-31,Vision Super Fund,Balanced growth,Cash,1,JP Morgan Chase,CNY,,N/A,,,,,112064.3882,0.0
2024-12-31,Vision Super Fund,Balanced growth,Cash,1,JP Morgan Chase,COP,,N/A,,,,,85.677,0.0
2024-12-31,Vision Super Fund,Balanced growth,Cash,1,JP Morgan Chase,CZK,,N/A,,,,,59861.348,0.0
2024-12-31,Vision Super Fund,Balanced growth,Cash,1,JP Morgan Chase,DKK,,N/A,,,,,64777.545,0.0
2024-12-31,Vision Super Fund,Balanced growth,Cash,1,JP Morgan Chase,EUR,,N/A,,,,,1109012.666,0.0002
2024-12-31,Vision Super Fund,Balanced growth,Cash,1,JP Morgan Chase,GBP,,N/A,,,,,590082.9374,0.0001
2024-12-31,Vision Super Fund,Balanced growth,Cash,1,JP Morgan Chase,HKD,,N/A,,,,,277265.0407,0.0
2024-12-31,Vision Super Fund,Balanced growth,Cash,1,JP Morgan Chase,HUF,,N/A,,,,,44377.0921,0.0
2024-12-31,Vision Super Fund,Balanced growth,Cash,1,JP Morgan Chase,ILS,,N/A,,,,,65608.9309,0.0
2024-12-31,Vision Super Fund,Balanced growth,Cash,1,JP Morgan Chase,INR,,N/A,,,,,9804.9315,0.0
2024-12-31,Vision Super Fund,Balanced growth,Cash,1,JP Morgan Chase,JPY,,N/A,,,,,413947.4174,0.0001
2024-12-31,Vision Super Fund,Balanced growth,Cash,1,JP Morgan Chase,MXN,,N/A,,,,,220961.6726,0.0
2024-12-31,Vision Super Fund,Balanced growth,Cash,1,JP Morgan Chase,NOK,,N/A,,,,,65076.7596,0.0
2024-12-31,Vision Super Fund,Balanced growth,Cash,1,JP Morgan Chase,NZD,,N/A,,,,,61308.1397,0.0
2024-12-31,Vision Super Fund,Balanced growth,Cash,1,JP Morgan Chase,PLN,,N/A,,,,,43549.2724,0.0
2024-12-31,Vision Super Fund,Balanced growth,Cash,1,JP Morgan Chase,SAR,,N/A,,,,,184381.1758,0.0
2024-12-31,Vision Super Fund,Balanced growth,Cash,1,JP Morgan Chase,SEK,,N/A,,,,,71244.0259,0.0
2024-12-31,Vision Super Fund,Balanced growth,Cash,1,JP Morgan Chase,SGD,,N/A,,,,,30223.7975,0.0
2024-12-31,Vision Super Fund,Balanced growth,Cash,1,JP Morgan Chase,TRY,,N/A,,,,,42588.1202,0.0
2024-12-31,Vision Super Fund,Balanced growth,Cash,1,JP Morgan Chase,USD,,N/A,,,,,19874074.25,0.0028
2024-12-31,Vision Super Fund,Balanced growth,Cash,1,JP Morgan Chase,VND,,N/A,,,,,65050.1601,0.0
2024-12-31,Vision Super Fund,Balanced growth,Cash,1,JP Morgan Chase,ZAR,,N/A,,,,,38782.2822,0.0
2024-12-31,Vision Super Fund,Balanced growth,Cash,1,JPMORGAN CHASE & CO,USD,,N/A,,,,,-99135.1201,0.0
2024-12-31,Vision Super Fund,Balanced growth,Cash,1,Macquarie,AUD,,N/A,,,,,1947936.829,0.0003
2024-12-31,Vision Super Fund,Balanced growth,Cash,1,Metrics Credit Partners Pty Ltd,AUD,,N/A,,,,,5661049.798,0.0008
2024-12-31,Vision Super Fund,Balanced growth,Cash,1,NATIONAL AUSTRALIA BANK LTD,AUD,,N/A,,,,,85682230.81,0.0119
2024-12-31,Vision Super Fund,Balanced growth,Cash,1,Norfina Limited,AUD,,N/A,,,,,25026548.0,0.0035
2024-12-31,Vision Super Fund,Balanced growth,Cash,1,ROC Capital Pty Limited,AUD,,N/A,,,,,38381.1238,0.0
2024-12-31,Vision Super Fund,Balanced growth,Cash,1,STANDARD CHARTERED BANK,USD,,N/A,,,,,14954461.88,0.0021
2024-12-31,Vision Super Fund,Balanced growth,Cash,1,"State Street Global Advisors, Australia, Limited",AUD,,N/A,,,,,18508.1574,0.0
2024-12-31,Vision Super Fund,Balanced growth,Cash,1,Vision Cash,AUD,,N/A,,,,,-2993821.553,-0.0004
2024-12-31,Vision Super Fund,Balanced growth,Cash,1,Sub Total,,,N/A,,,,,303538343.6939,0.0422
2024-12-31,Vision Super Fund,Balanced growth,Fixed Income,0,AUSTRALIA & NEW ZEALAND BANKING GROUP LTD,,,N/A,,,,,11339775.29,0.0016
2024-12-31,Vision Super Fund,Balanced growth,Fixed Income,0,BANK OF QUEENSLAND LTD,,,N/A,,,,,41319805.2,0.0057
2024-12-31,Vision Super Fund,Balanced growth,Fixed Income,0,BENDIGO & ADELAIDE BANK LTD,,,N/A,,,,,58424440.11,0.0081
2024-12-31,Vision Super Fund,Balanced growth,Fixed Income,0,COMMONWEALTH BANK OF AUSTRALIA,,,N/A,,,,,34019584.34,0.0047
2024-12-31,Vision Super Fund,Balanced growth,Fixed Income,0,Norfina Limited,,,N/A,,,,,126922848.1,0.0176
2024-12-31,Vision Super Fund,Balanced growth,Fixed Income,0,WESTPAC BANKING CORP,,,N/A,,,,,70747519.34,0.0098
2024-12-31,Vision Super Fund,Balanced growth,Fixed Income,0,Sub Total,,,N/A,,,,,342773972.38,0.0475
2024-12-31,Vision Super Fund,Balanced growth,Fixed Income,1,Amundi Singapore Limited,,,N/A,,,,,872351744.9,0.1208
2024-12-31,Vision Super Fund,Balanced growth,Fixed Income,1,Barings Global Advisers Limited,,,N/A,,,,,70867352.8,0.0098
2024-12-31,Vision Super Fund,Balanced growth,Fixed Income,1,"Brandywine Global Investment Management, LLC",,,N/A,,,,,117006712.3,0.0162
2024-12-31,Vision Super Fund,Balanced growth,Fixed Income,1,IFM Investors Pty Ltd,,,N/A,,,,,210024351.1,0.0291
2024-12-31,Vision Super Fund,Balanced growth,Fixed Income,1,Metrics Credit Partners Pty Ltd,,,N/A,,,,,95187814.28,0.0132
2024-12-31,Vision Super Fund,Balanced growth,Fixed Income,1,Principal Global Investors (Australia) Limited,,,N/A,,,,,47410871.37,0.0066
2024-12-31,Vision Super Fund,Balanced growth,Fixed Income,1,Sub Total,,,N/A,,,,,1412848846.75,0.1957
2024-12-31,Vision Super Fund,Balanced growth,Listed Equity,1,29METALS LTD COMMON STOCK AUD,,BNNVRL0,SEDOL,,2329363.0,,,570693.8542,0.0001
2024-12-31,Vision Super Fund,Balanced growth,Listed Equity,1,3I GROUP PLC COMMON STOCK GBP 73.8636,,B1YW440,SEDOL,,34243.0,,,2468616.562,0.0003
2024-12-31,Vision Super Fund,Balanced growth,Listed Equity,1,A2 MILK CO LTD/THE COMMON STOCK NZD 0,,2F5232S,BB Ticker,,287841.0,,,1660843.259,0.0002
2024-12-31,Vision Super Fund,Balanced growth,Listed Equity,1,ABB INDIA LTD COMMON STOCK INR 2,,B1Y9QS9,SEDOL,,6043.0,,,786440.0934,0.0001
2024-12-31,Vision Super Fund,Balanced growth,Listed Equity,1,ABB LTD COMMON STOCK CHF 0.12,,7108899,SEDOL,,44228.0,,,3867102.445,0.0005
2024-12-31,Vision Super Fund,Balanced growth,Listed Equity,1,ABBOTT LABORATORIES COMMON STOCK USD 0,,2002305,SEDOL,,39262.0,,,7174547.286,0.001
2024-12-31,Vision Super Fund,Balanced growth,Listed Equity,1,ABBVIE INC COMMON STOCK USD 0.01,,B92SR70,SEDOL,,35141.0,,,10090816.75,0.0014
2024-12-31,Vision Super Fund,Balanced growth,Listed Equity,1,ACCENT GROUP LTD COMMON STOCK AUD 0,,BD20RS5,SEDOL,,807271.0,,,1889015.276,0.0003
2024-12-31,Vision Super Fund,Balanced growth,Listed Equity,1,ACCENTURE PLC COMMON STOCK USD 0.0000225,,B4BNMY3,SEDOL,,3300.0,,,1876816.548,0.0003
2024-12-31,Vision Super Fund,Balanced growth,Listed Equity,1,ACS ACTIVIDADES DE CONSTRUCCION Y SERVICIOS SA,,B01FLQ6,SEDOL,,41234.0,,,3340498.379,0.0005
2024-12-31,Vision Super Fund,Balanced growth,Listed Equity,1,ADAIRS LTD COMMON STOCK AUD,,BYYT7Q5,SEDOL,,435634.0,,,1176211.662,0.0002
2024-12-31,Vision Super Fund,Balanced growth,Listed Equity,1,ADOBE INC COMMON STOCK USD 0.0001,,2008154,SEDOL,,7598.0,,,5456460.117,0.0008
2024-12-31,Vision Super Fund,Balanced growth,Listed Equity,1,ADVANCED MICRO DEVICES INC COMMON STOCK USD 0.01,,2007849,SEDOL,,29622.0,,,5778436.107,0.0008
2024-12-31,Vision Super Fund,Balanced growth,Listed Equity,1,ADVANTEST CORP COMMON STOCK JPY,,6870490,SEDOL,,9800.0,,,926330.2725,0.0001
2024-12-31,Vision Super Fund,Balanced growth,Listed Equity,1,ADYEN NV COMMON STOCK EUR 0.01,,BZ1HM42,SEDOL,,1570.0,,,3754434.217,0.0005
2024-12-31,Vision Super Fund,Balanced growth,Listed Equity,1,AERCAP HOLDINGS NV COMMON STOCK USD 0.01,,B1HHKD3,SEDOL,,22623.0,,,3497432.002,0.0005
2024-12-31,Vision Super Fund,Balanced growth,Listed Equity,1,AFLAC INC COMMON STOCK USD 0.1,,2026361,SEDOL,,23920.0,,,3997400.265,0.0006
2024-12-31,Vision Super Fund,Balanced growth,Listed Equity,1,AGEAS SA/NV COMMON STOCK EUR 0,,B86S2N0,SEDOL,,9497.0,,,741742.6462,0.0001
2024-12-31,Vision Super Fund,Balanced growth,Listed Equity,1,AGILENT TECHNOLOGIES INC COMMON STOCK USD 0.01,,2520153,SEDOL,,9448.0,,,2050695.699,0.0003
2024-12-31,Vision Super Fund,Balanced growth,Listed Equity,1,AGNICO EAGLE MINES LTD COMMON STOCK CAD 0,,2009823,SEDOL,,28427.0,,,3587305.346,0.0005
2024-12-31,Vision Super Fund,Balanced growth,Listed Equity,1,AIA GROUP LTD COMMON STOCK HKD 0,,B4TX8S1,SEDOL,,395436.0,,,4628946.07,0.0006
2024-12-31,Vision Super Fund,Balanced growth,Listed Equity,1,AIB GROUP PLC COMMON STOCK EUR 0.625,,BF0L353,SEDOL,,47839.0,,,424841.7749,0.0001
2024-12-31,Vision Super Fund,Balanced growth,Listed Equity,1,AIR CANADA COMMON STOCK CAD 0,,BSDHYK1,SEDOL,,35225.0,,,879778.3463,0.0001
2024-12-31,Vision Super Fund,Balanced growth,Listed Equity,1,AIRBUS SE COMMON STOCK EUR 1,,4012250,SEDOL,,16060.0,,,4153109.082,0.0006
2024-12-31,Vision Super Fund,Balanced growth,Listed Equity,1,AKBANK TAS COMMON STOCK TRY 1,,B03MN70,SEDOL,,93852.0,,,277996.496,0.0
2024-12-31,Vision Super Fund,Balanced growth,Listed Equity,1,AL RAJHI BANK COMMON STOCK SAR 10,,B12LZH9,SEDOL,,8226.0,,,334519.5287,0.0
2024-12-31,Vision Super Fund,Balanced growth,Listed Equity,1,ALDAR PROPERTIES PJSC COMMON STOCK AED 1,,B0LX3Y2,SEDOL,,130227.0,,,439785.3529,0.0001
2024-12-31,Vision Super Fund,Balanced growth,Listed Equity,1,ALIBABA GROUP HOLDING LTD ADR USD 0.000025,,BP41ZD1,SEDOL,,13932.0,,,1907465.182,0.0003
2024-12-31,Vision Super Fund,Balanced growth,Listed Equity,1,ALIBABA GROUP HOLDING LTD COMMON STOCK HKD,,BK6YZP5,SEDOL,,332187.0,,,5691254.213,0.0008
2024-12-31,Vision Super Fund,Balanced growth,Listed Equity,1,ALLEGION PLC COMMON STOCK USD 0.01,,BFRT3W7,SEDOL,,948.0,,,200247.8091,0.0
2024-12-31,Vision Super Fund,Balanced growth,Listed Equity,1,ALLIANZ SE COMMON STOCK EUR 0,,5231485,SEDOL,,7111.0,,,3515308.369,0.0005
2024-12-31,Vision Super Fund,Balanced growth,Listed Equity,1,ALPHABET INC COMMON STOCK USD 0.001,,BYVY8G0,SEDOL,,84657.0,,,25885995.15,0.0036
2024-12-31,Vision Super Fund,Balanced growth,Listed Equity,1,ALPHABET INC COMMON STOCK USD 0.001,,BYY88Y7,SEDOL,,156746.0,,,48209806.95,0.0067
2024-12-31,Vision Super Fund,Balanced growth,Listed Equity,1,ALS LTD COMMON STOCK AUD 0,,B86SZR5,SEDOL,,184094.0,,,2776144.046,0.0004
2024-12-31,Vision Super Fund,Balanced growth,Listed Equity,1,AMADEUS IT GROUP SA COMMON STOCK EUR 0.01,,B3MSM28,SEDOL,,19838.0,,,2222920.636,0.0003
2024-12-31,Vision Super Fund,Balanced growth,Listed Equity,1,AMAZON.COM INC COMMON STOCK USD 0.01,,2000019,SEDOL,,192878.0,,,68328759.28,0.0095
2024-12-31,Vision Super Fund,Balanced growth,Listed Equity,1,AMCOR PLC CDI AUD 0,,3F0936S,BB Ticker,,244464.0,,,3654739.348,0.0005
2024-12-31,Vision Super Fund,Balanced growth,Listed Equity,1,AMCOR PLC COMMON STOCK USD 0.01,,BJ1F307,SEDOL,,174867.0,,,2654841.488,0.0004
2024-12-31,Vision Super Fund,Balanced growth,Listed Equity,1,AMERICAN EXPRESS CO COMMON STOCK USD 0.2,,2026082,SEDOL,,1594.0,,,764228.7136,0.0001
2024-12-31,Vision Super Fund,Balanced growth,Listed Equity,1,AMERICAN INTERNATIONAL GROUP INC COMMON STOCK USD,,2027342,SEDOL,,10458.0,,,1229681.49,0.0002
2024-12-31,Vision Super Fund,Balanced growth,Listed Equity,1,AMERICANA RESTAURANTS INTERNATIONAL PLC COMMON,,BP4X2F8,SEDOL,,585558.0,,,571363.6674,0.0001
2024-12-31,Vision Super Fund,Balanced growth,Listed Equity,1,AMERIPRISE FINANCIAL INC COMMON STOCK USD 0.01,,B0J7D57,SEDOL,,4707.0,,,4049679.517,0.0006
2024-12-31,Vision Super Fund,Balanced growth,Listed Equity,1,AMGEN INC COMMON STOCK USD 0.0001,,2023607,SEDOL,,9972.0,,,4197577.266,0.0006
2024-12-31,Vision Super Fund,Balanced growth,Listed Equity,1,AMOTIV LTD COMMON STOCK AUD 0,,BQH8HH4,SEDOL,,759854.0,,,8054453.999,0.0011
2024-12-31,Vision Super Fund,Balanced growth,Listed Equity,1,AMP LTD COMMON STOCK AUD 0,,6709958,SEDOL,,1153079.0,,,1827630.997,0.0003
2024-12-31,Vision Super Fund,Balanced growth,Listed Equity,1,AMPHENOL CORP COMMON STOCK USD 0.001,,2145084,SEDOL,,3106.0,,,348550.371,0.0
2024-12-31,Vision Super Fund,Balanced growth,Listed Equity,1,AMPOL LTD COMMON STOCK AUD 0,,BM91201,SEDOL,,712685.0,,,20062075.73,0.0028
2024-12-31,Vision Super Fund,Balanced growth,Listed Equity,1,ANALOG DEVICES INC COMMON STOCK USD 0.167,,2032067,SEDOL,,11172.0,,,3833509.11,0.0005
2024-12-31,Vision Super Fund,Balanced growth,Listed Equity,1,ANSELL LTD COMMON STOCK AUD 0,,3F0097S,BB Ticker,,57048.0,,,1928805.267,0.0003
2024-12-31,Vision Super Fund,Balanced growth,Listed Equity,1,ANTA SPORTS PRODUCTS LTD COMMON STOCK HKD 0.1,,B1YVKN8,SEDOL,,215229.0,,,3483837.052,0.0005
2024-12-31,Vision Super Fund,Balanced growth,Listed Equity,1,ANZ GROUP HOLDINGS LTD COMMON STOCK AUD 0,,6065586,SEDOL,,1446192.0,,,41274318.82,0.0057
2024-12-31,Vision Super Fund,Balanced growth,Listed Equity,1,APOLLO GLOBAL MANAGEMENT INC COMMON STOCK USD,,BN44JF6,SEDOL,,2987.0,,,797214.4299,0.0001
2024-12-31,Vision Super Fund,Balanced growth,Listed Equity,1,APOLLO HOSPITALS ENTERPRISE LTD COMMON STOCK INR 5,,6273583,SEDOL,,23551.0,,,3241526.366,0.0004
2024-12-31,Vision Super Fund,Balanced growth,Listed Equity,1,APPEN LTD COMMON STOCK AUD 0,,BTPJH25,SEDOL,,388407.0,,,1025393.61,0.0001
2024-12-31,Vision Super Fund,Balanced growth,Listed Equity,1,APPLE INC COMMON STOCK USD 0.00001,,2046251,SEDOL,,243452.0,,,98454125.5,0.0136
2024-12-31,Vision Super Fund,Balanced growth,Listed Equity,1,APPLIED MATERIALS INC COMMON STOCK USD 0.01,,2046552,SEDOL,,19037.0,,,5000377.313,0.0007
2024-12-31,Vision Super Fund,Balanced growth,Listed Equity,1,APPLOVIN CORP COMMON STOCK USD 0.00003,,BMV3LG4,SEDOL,,6065.0,,,3172836.982,0.0004
2024-12-31,Vision Super Fund,Balanced growth,Listed Equity,1,ARAB NATIONAL BANK COMMON STOCK SAR 10,,B12LZK2,SEDOL,,135752.0,,,1230079.752,0.0002
2024-12-31,Vision Super Fund,Balanced growth,Listed Equity,1,ARB CORP LTD COMMON STOCK AUD 0,,BWV03W5,SEDOL,,40189.0,,,1632080.406,0.0002
2024-12-31,Vision Super Fund,Balanced growth,Listed Equity,1,ARCA CONTINENTAL SAB DE CV COMMON STOCK MXN 0,,2823885,SEDOL,,33169.0,,,443717.5538,0.0001
2024-12-31,Vision Super Fund,Balanced growth,Listed Equity,1,ARISTOCRAT LEISURE LTD,,6253983,SEDOL,,657540.0,,,44949411.98,0.0062
2024-12-31,Vision Super Fund,Balanced growth,Listed Equity,1,ASAHI KASEI CORP COMMON STOCK JPY,,6054603,SEDOL,,235775.0,,,2641106.882,0.0004
2024-12-31,Vision Super Fund,Balanced growth,Listed Equity,1,ASIAN PAINTS LTD COMMON STOCK INR 1,,BCRWL65,SEDOL,,15601.0,,,671923.2016,0.0001
2024-12-31,Vision Super Fund,Balanced growth,Listed Equity,1,ASICS CORP COMMON STOCK JPY,,6057378,SEDOL,,38615.0,,,1234188.65,0.0002
2024-12-31,Vision Super Fund,Balanced growth,Listed Equity,1,ASML HOLDING NV COMMON STOCK EUR 0.09,,B929F46,SEDOL,,6834.0,,,7749752.585,0.0011
2024-12-31,Vision Super Fund,Balanced growth,Listed Equity,1,ASML HOLDING NV NY REG SHRS USD 0.09,,B908F01,SEDOL,,2004.0,,,2241328.755,0.0003
2024-12-31,Vision Super Fund,Balanced growth,Listed Equity,1,ASTELLAS PHARMA INC COMMON STOCK JPY,,6985383,SEDOL,,113804.0,,,1794096.501,0.0002
2024-12-31,Vision Super Fund,Balanced growth,Listed Equity,1,ASTRAZENECA PLC ADR USD,,2989044,SEDOL,,41257.0,,,4363935.426,0.0006
2024-12-31,Vision Super Fund,Balanced growth,Listed Equity,1,ASTRAZENECA PLC COMMON STOCK GBP 0.25,,989529,SEDOL,,13945.0,,,2951692.157,0.0004
2024-12-31,Vision Super Fund,Balanced growth,Listed Equity,1,ASUSTEK COMPUTER INC COMMON STOCK TWD 10,,6051046,SEDOL,,41998.0,,,1274529.326,0.0002
2024-12-31,Vision Super Fund,Balanced growth,Listed Equity,1,ASX LTD COMMON STOCK AUD 0,,6129222,SEDOL,,79996.0,,,5206144.332,0.0007
2024-12-31,Vision Super Fund,Balanced growth,Listed Equity,1,AT&T INC COMMON STOCK USD 1,,2831811,SEDOL,,158592.0,,,5834958.455,0.0008
2024-12-31,Vision Super Fund,Balanced growth,Listed Equity,1,ATLASSIAN CORP COMMON STOCK USD 0.00001,,BQ1PC76,SEDOL,,13217.0,,,5192245.012,0.0007
2024-12-31,Vision Super Fund,Balanced growth,Listed Equity,1,AUB GROUP LTD COMMON STOCK AUD 0,,B0MBNC3,SEDOL,,21766.0,,,679111.4774,0.0001
2024-12-31,Vision Super Fund,Balanced growth,Listed Equity,1,AUCKLAND INTERNATIONAL AIRPORT LTD COMMON STOCK,,3F0911S,BB Ticker,,535167.0,,,4152895.77,0.0006
2024-12-31,Vision Super Fund,Balanced growth,Listed Equity,1,AURELIA METALS LTD COMMON STOCK AUD 0,,BN790Y4,SEDOL,,2320882.0,,,394549.9349,0.0001
2024-12-31,Vision Super Fund,Balanced growth,Listed Equity,1,AURIZON HOLDINGS LTD COMMON STOCK AUD,,B87CVM3,SEDOL,,196150.0,,,635527.2801,0.0001
2024-12-31,Vision Super Fund,Balanced growth,Listed Equity,1,AUSSIE BROADBAND LTD COMMON STOCK AUD,,BM8HZC3,SEDOL,,56062.0,,,200700.4244,0.0
2024-12-31,Vision Super Fund,Balanced growth,Listed Equity,1,AUSTAL LTD COMMON STOCK AUD 0,,6137162,SEDOL,,406419.0,,,1259898.602,0.0002
2024-12-31,Vision Super Fund,Balanced growth,Listed Equity,1,AUSTIN ENGINEERING LTD COMMON STOCK AUD 0,,6710615,SEDOL,,296199.0,,,151061.5334,0.0
2024-12-31,Vision Super Fund,Balanced growth,Listed Equity,1,AUSTRALIAN CLINICAL LABS LTD COMMON STOCK AUD,,BMWLLJ0,SEDOL,,501093.0,,,1723761.128,0.0002
2024-12-31,Vision Super Fund,Balanced growth,Listed Equity,1,AUSTRALIAN FINANCE GROUP LTD COMMON STOCK AUD,,BY4K6K5,SEDOL,,645760.0,,,975097.1914,0.0001
2024-12-31,Vision Super Fund,Balanced growth,Listed Equity,1,AUSWIDE BANK LTD COMMON STOCK AUD 0,,BWCHB54,SEDOL,,30901.0,,,149868.3348,0.0
2024-12-31,Vision Super Fund,Balanced growth,Listed Equity,1,AUTOMATIC DATA PROCESSING INC COMMON STOCK USD 0.1,,2065308,SEDOL,,11793.0,,,5573663.535,0.0008
2024-12-31,Vision Super Fund,Balanced growth,Listed Equity,1,AUTOSPORTS GROUP LTD COMMON STOCK AUD,,BZBHBJ0,SEDOL,,215333.0,,,374679.395,0.0001
2024-12-31,Vision Super Fund,Balanced growth,Listed Equity,1,AVENUE SUPERMARTS LTD COMMON STOCK INR 10,,BYW1G33,SEDOL,,15246.0,,,1022507.915,0.0001
2024-12-31,Vision Super Fund,Balanced growth,Listed Equity,1,AVERY DENNISON CORP COMMON STOCK USD 1,,2066408,SEDOL,,6590.0,,,1990862.444,0.0003
2024-12-31,Vision Super Fund,Balanced growth,Listed Equity,1,AVIVA PLC COMMON STOCK GBP 32.89474,,BPQY8M8,SEDOL,,297793.0,,,2823293.076,0.0004
2024-12-31,Vision Super Fund,Balanced growth,Listed Equity,1,AXA SA COMMON STOCK EUR 2.29,,7088429,SEDOL,,70721.0,,,4054544.148,0.0006
2024-12-31,Vision Super Fund,Balanced growth,Listed Equity,1,BABY BUNTING GROUP LTD COMMON STOCK AUD,,BYRJS58,SEDOL,,331567.0,,,557031.9602,0.0001
2024-12-31,Vision Super Fund,Balanced growth,Listed Equity,1,BAE SYSTEMS PLC,,263494,SEDOL,,145319.0,,,3374525.94,0.0005
2024-12-31,Vision Super Fund,Balanced growth,Listed Equity,1,BAJAJ AUTO LTD COMMON STOCK INR 10,,B2QKXW0,SEDOL,,1466.0,,,243422.2456,0.0
2024-12-31,Vision Super Fund,Balanced growth,Listed Equity,1,BAJAJ FINANCE LTD COMMON STOCK INR 2,,BD2N0P2,SEDOL,,34019.0,,,4385869.502,0.0006
2024-12-31,Vision Super Fund,Balanced growth,Listed Equity,1,BAKER HUGHES CO COMMON STOCK USD 0.0001,,BDHLTQ5,SEDOL,,57622.0,,,3817573.907,0.0005
2024-12-31,Vision Super Fund,Balanced growth,Listed Equity,1,BANCO BILBAO VIZCAYA ARGENTARIA SA COMMON STOCK,,5501906,SEDOL,,40800.0,,,644964.3085,0.0001
2024-12-31,Vision Super Fund,Balanced growth,Listed Equity,1,BANCOLOMBIA SA PREFERENCE COP 500,,BJ62LW1,SEDOL,,45428.0,,,585898.3066,0.0001
2024-12-31,Vision Super Fund,Balanced growth,Listed Equity,1,BANDAI NAMCO HOLDINGS INC COMMON STOCK JPY,,B0JDQD4,SEDOL,,45265.0,,,1757000.463,0.0002
2024-12-31,Vision Super Fund,Balanced growth,Listed Equity,1,BANK CENTRAL ASIA TBK PT COMMON STOCK IDR 12.5,,B01C1P6,SEDOL,,2420514.0,,,2356093.052,0.0003
2024-12-31,Vision Super Fund,Balanced growth,Listed Equity,1,BANK LEUMI LE-ISRAEL BM COMMON STOCK ILS 0.1,,6076425,SEDOL,,179088.0,,,3440508.984,0.0005
2024-12-31,Vision Super Fund,Balanced growth,Listed Equity,1,BANK MANDIRI PERSERO TBK PT COMMON STOCK IDR 125,,6651048,SEDOL,,1825592.0,,,1044219.437,0.0001
2024-12-31,Vision Super Fund,Balanced growth,Listed Equity,1,BANK OF AMERICA CORP COMMON STOCK USD 0.01,,2295677,SEDOL,,181341.0,,,12878251.8,0.0018
2024-12-31,Vision Super Fund,Balanced growth,Listed Equity,1,BANK OF NEW YORK MELLON CORP/THE COMMON STOCK USD,,B1Z77F6,SEDOL,,6652.0,,,825812.011,0.0001
2024-12-31,Vision Super Fund,Balanced growth,Listed Equity,1,BANK OF QUEENSLAND LTD COMMON STOCK AUD 0,,6076243,SEDOL,,368089.0,,,2462517.448,0.0003
2024-12-31,Vision Super Fund,Balanced growth,Listed Equity,1,BANK POLSKA KASA OPIEKI SA COMMON STOCK PLN 1,,5473113,SEDOL,,6699.0,,,361201.4621,0.0001
2024-12-31,Vision Super Fund,Balanced growth,Listed Equity,1,BANK RAKYAT INDONESIA PERSERO TBK PT COMMON STOCK,,6709099,SEDOL,,2254586.0,,,920819.3336,0.0001
2024-12-31,Vision Super Fund,Balanced growth,Listed Equity,1,BAPCOR LTD COMMON STOCK AUD 0,,BLD2CY7,SEDOL,,228882.0,,,1080324.06,0.0002
2024-12-31,Vision Super Fund,Balanced growth,Listed Equity,1,BARCLAYS PLC COMMON STOCK GBP 25,,3134865,SEDOL,,739892.0,,,4013222.516,0.0006
2024-12-31,Vision Super Fund,Balanced growth,Listed Equity,1,BAYERISCHE MOTOREN WERKE AG COMMON STOCK EUR 1,,5756029,SEDOL,,37505.0,,,4935251.529,0.0007
2024-12-31,Vision Super Fund,Balanced growth,Listed Equity,1,BEACON LIGHTING GROUP LTD COMMON STOCK AUD 0,,BKXF175,SEDOL,,197245.0,,,601595.7518,0.0001
2024-12-31,Vision Super Fund,Balanced growth,Listed Equity,1,BECTON DICKINSON & CO COMMON STOCK USD 1,,2087807,SEDOL,,2666.0,,,976609.9883,0.0001
2024-12-31,Vision Super Fund,Balanced growth,Listed Equity,1,BEGA CHEESE LTD COMMON STOCK AUD 0,,B56CQJ5,SEDOL,,364989.0,,,2102335.998,0.0003
2024-12-31,Vision Super Fund,Balanced growth,Listed Equity,1,BEIGENE LTD ADR USD 0.0001,,BYYWPW6,SEDOL,,5555.0,,,1658411.187,0.0002
2024-12-31,Vision Super Fund,Balanced growth,Listed Equity,1,BEIJING ORIENTAL YUHONG WATERPROOF TECHNOLOGY CO,,BD5CFP1,SEDOL,,233558.0,,,670804.106,0.0001
2024-12-31,Vision Super Fund,Balanced growth,Listed Equity,1,BENDIGO & ADELAIDE BANK LTD COMMON STOCK AUD 0,,6091280,SEDOL,,281733.0,,,3690696.792,0.0005
2024-12-31,Vision Super Fund,Balanced growth,Listed Equity,1,BERKSHIRE HATHAWAY INC COMMON STOCK USD 0.0033,,2073390,SEDOL,,14409.0,,,10556732.12,0.0015
2024-12-31,Vision Super Fund,Balanced growth,Listed Equity,1,BEST BUY CO INC COMMON STOCK USD 0.1,,2094670,SEDOL,,20116.0,,,2789499.607,0.0004
2024-12-31,Vision Super Fund,Balanced growth,Listed Equity,1,BHARAT PETROLEUM CORP LTD COMMON STOCK INR 10,,6099723,SEDOL,,188609.0,,,1038619.664,0.0001
2024-12-31,Vision Super Fund,Balanced growth,Listed Equity,1,BHP GROUP LTD COMMON STOCK AUD 0,,0F8798S,BB Ticker,,3497483.0,,,138150589.6,0.0191
2024-12-31,Vision Super Fund,Balanced growth,Listed Equity,1,BILIBILI INC COMMON STOCK HKD 0.0001,,BLF8533,SEDOL,,21933.0,,,647552.4589,0.0001
2024-12-31,Vision Super Fund,Balanced growth,Listed Equity,1,BIONTECH SE ADR USD,,BK6H543,SEDOL,,11084.0,,,2040000.53,0.0003
2024-12-31,Vision Super Fund,Balanced growth,Listed Equity,1,BLACKROCK INC COMMON STOCK USD 0.01,,BMZBBT7,SEDOL,,3821.0,,,6332424.723,0.0009
2024-12-31,Vision Super Fund,Balanced growth,Listed Equity,1,BLOCK INC CDI AUD,,BMHJ8W1,SEDOL,,16759.0,,,2354697.042,0.0003
2024-12-31,Vision Super Fund,Balanced growth,Listed Equity,1,BLOCK INC COMMON STOCK USD 0.000001,,BYNZGK1,SEDOL,,2511.0,,,344948.2023,0.0
2024-12-31,Vision Super Fund,Balanced growth,Listed Equity,1,BLUESCOPE STEEL LTD COMMON STOCK AUD 0,,6533232,SEDOL,,559286.0,,,10447463.18,0.0014
2024-12-31,Vision Super Fund,Balanced growth,Listed Equity,1,BNP PARIBAS SA COMMON STOCK EUR 2,,7309681,SEDOL,,104713.0,,,10365814.01,0.0014
2024-12-31,Vision Super Fund,Balanced growth,Listed Equity,1,BOC HONG KONG HOLDINGS LTD COMMON STOCK HKD 0,,6536112,SEDOL,,199493.0,,,1032819.009,0.0001
2024-12-31,Vision Super Fund,Balanced growth,Listed Equity,1,BOLIDEN AB COMMON STOCK SEK 2.11,,BPYTZ57,SEDOL,,24461.0,,,1109508.955,0.0002
2024-12-31,Vision Super Fund,Balanced growth,Listed Equity,1,BOOKING HOLDINGS INC COMMON STOCK USD 0.008,,BDRXDB4,SEDOL,,1627.0,,,13064822.49,0.0018
2024-12-31,Vision Super Fund,Balanced growth,Listed Equity,1,BOOZ ALLEN HAMILTON HOLDING CORP COMMON STOCK USD,,B5367T7,SEDOL,,15811.0,,,3285851.446,0.0005
2024-12-31,Vision Super Fund,Balanced growth,Listed Equity,1,BOSIDENG INTERNATIONAL HOLDINGS LTD COMMON STOCK,,B24FZ32,SEDOL,,278823.0,,,224935.6992,0.0
2024-12-31,Vision Super Fund,Balanced growth,Listed Equity,1,BOSTON SCIENTIFIC CORP COMMON STOCK USD 0.01,,2113434,SEDOL,,40892.0,,,5899824.966,0.0008
2024-12-31,Vision Super Fund,Balanced growth,Listed Equity,1,BPER BANCA SPA COMMON STOCK EUR 0,,4116099,SEDOL,,287692.0,,,2946572.052,0.0004
2024-12-31,Vision Super Fund,Balanced growth,Listed Equity,1,BRAMBLES LTD COMMON STOCK AUD 0,,X71FD49,BB Ticker,,525394.0,,,10108577.48,0.0014
2024-12-31,Vision Super Fund,Balanced growth,Listed Equity,1,BRAVURA SOLUTIONS LTD COMMON STOCK AUD,,BZBHBM3,SEDOL,,367106.0,,,818646.4355,0.0001
2024-12-31,Vision Super Fund,Balanced growth,Listed Equity,1,BREVILLE GROUP LTD COMMON STOCK AUD 0,,6158709,SEDOL,,52734.0,,,1865726.522,0.0003
2024-12-31,Vision Super Fund,Balanced growth,Listed Equity,1,BRISTOL-MYERS SQUIBB CO COMMON STOCK USD 0.1,,2126335,SEDOL,,61614.0,,,5631498.077,0.0008
2024-12-31,Vision Super Fund,Balanced growth,Listed Equity,1,BRITANNIA INDUSTRIES LTD COMMON STOCK INR 1,,BGSQG47,SEDOL,,34587.0,,,3103021.083,0.0004
2024-12-31,Vision Super Fund,Balanced growth,Listed Equity,1,BROADCOM INC COMMON STOCK USD,,BDZ78H9,SEDOL,,68978.0,,,25822204.46,0.0036
2024-12-31,Vision Super Fund,Balanced growth,Listed Equity,1,BROADRIDGE FINANCIAL SOLUTIONS INC COMMON STOCK,,B1VP7R6,SEDOL,,6135.0,,,2241162.535,0.0003
2024-12-31,Vision Super Fund,Balanced growth,Listed Equity,1,BYD CO LTD COMMON STOCK HKD 1,,6536651,SEDOL,,21110.0,,,1169304.297,0.0002
2024-12-31,Vision Super Fund,Balanced growth,Listed Equity,1,CANADIAN IMPERIAL BANK OF COMMERCE COMMON STOCK,,2170525,SEDOL,,6277.0,,,639431.0263,0.0001
2024-12-31,Vision Super Fund,Balanced growth,Listed Equity,1,CANADIAN TIRE CORP LTD COMMON STOCK CAD 0,,2172286,SEDOL,,1986.0,,,336471.5385,0.0
2024-12-31,Vision Super Fund,Balanced growth,Listed Equity,1,CANON INC COMMON STOCK JPY,,6172323,SEDOL,,69239.0,,,3670958.004,0.0005
2024-12-31,Vision Super Fund,Balanced growth,Listed Equity,1,CAPITAL ONE FINANCIAL CORP COMMON STOCK USD 0.01,,2654461,SEDOL,,6162.0,,,1775332.654,0.0002
2024-12-31,Vision Super Fund,Balanced growth,Listed Equity,1,CAPRICORN METALS LTD COMMON STOCK AUD,,BDD98W2,SEDOL,,113995.0,,,713608.5343,0.0001
2024-12-31,Vision Super Fund,Balanced growth,Listed Equity,1,CAR GROUP LTD COMMON STOCK AUD,,BW0BGZ3,SEDOL,,339993.0,,,12249953.12,0.0017
2024-12-31,Vision Super Fund,Balanced growth,Listed Equity,1,CARDINAL HEALTH INC COMMON STOCK USD 0,,2175672,SEDOL,,19213.0,,,3670601.7,0.0005
2024-12-31,Vision Super Fund,Balanced growth,Listed Equity,1,CARLISLE COS INC COMMON STOCK USD 1,,2176318,SEDOL,,4525.0,,,2694517.346,0.0004
2024-12-31,Vision Super Fund,Balanced growth,Listed Equity,1,CARLSBERG AS COMMON STOCK DKK 20,,4169219,SEDOL,,1140.0,,,176317.0174,0.0
2024-12-31,Vision Super Fund,Balanced growth,Listed Equity,1,CARLYLE GROUP INC/THE COMMON STOCK USD 1,,BKRTG56,SEDOL,,22154.0,,,1806567.051,0.0003
2024-12-31,Vision Super Fund,Balanced growth,Listed Equity,1,CARNIVAL CORP COMMON STOCK USD 0.01,,2523044,SEDOL,,12289.0,,,494602.0595,0.0001
2024-12-31,Vision Super Fund,Balanced growth,Listed Equity,1,CATERPILLAR INC COMMON STOCK USD 1,,2180201,SEDOL,,11548.0,,,6769387.55,0.0009
2024-12-31,Vision Super Fund,Balanced growth,Listed Equity,1,CATHAY FINANCIAL HOLDING CO LTD COMMON STOCK TWD,,6425663,SEDOL,,271240.0,,,912662.6608,0.0001
2024-12-31,Vision Super Fund,Balanced growth,Listed Equity,1,CBOE GLOBAL MARKETS INC COMMON STOCK USD,,B5834C5,SEDOL,,267.0,,,84120.4337,0.0
2024-12-31,Vision Super Fund,Balanced growth,Listed Equity,1,CBRE GROUP INC COMMON STOCK USD 0.01,,B6WVMH3,SEDOL,,18346.0,,,3889725.393,0.0005
2024-12-31,Vision Super Fund,Balanced growth,Listed Equity,1,CCL INDUSTRIES INC COMMON STOCK CAD 0,,2159795,SEDOL,,15815.0,,,1309458.365,0.0002
2024-12-31,Vision Super Fund,Balanced growth,Listed Equity,1,CEDAR WOODS PROPERTIES LTD COMMON STOCK AUD 0,,6182281,SEDOL,,110366.0,,,607014.2561,0.0001
2024-12-31,Vision Super Fund,Balanced growth,Listed Equity,1,CENCOSUD SA COMMON STOCK CLP 0,,B00R3L2,SEDOL,,166357.0,,,594361.9918,0.0001
2024-12-31,Vision Super Fund,Balanced growth,Listed Equity,1,CENTENE CORP COMMON STOCK USD 0.001,,2807061,SEDOL,,21718.0,,,2124960.321,0.0003
2024-12-31,Vision Super Fund,Balanced growth,Listed Equity,1,CENTRICA PLC COMMON STOCK GBP 6.1728,,B033F22,SEDOL,,1229145.0,,,3321672.065,0.0005
2024-12-31,Vision Super Fund,Balanced growth,Listed Equity,1,CGN POWER CO LTD COMMON STOCK CNY 1,,BKT6GZ5,SEDOL,,542130.0,,,495426.9971,0.0001
2024-12-31,Vision Super Fund,Balanced growth,Listed Equity,1,CGN POWER CO LTD COMMON STOCK HKD 1,,BSBMM04,SEDOL,,2452828.0,,,1453481.9,0.0002
2024-12-31,Vision Super Fund,Balanced growth,Listed Equity,1,CHALLENGER LTD COMMON STOCK AUD 0,,6726300,SEDOL,,264484.0,,,1589551.637,0.0002
2024-12-31,Vision Super Fund,Balanced growth,Listed Equity,1,CHAMPION IRON LTD COMMON STOCK AUD 0,,BLD1SB3,SEDOL,,74730.0,,,428947.9527,0.0001
2024-12-31,Vision Super Fund,Balanced growth,Listed Equity,1,CHARTWELL RETIREMENT RESIDENCES UNIT,,B8S8C94,SEDOL,,105619.0,,,1785100.59,0.0002
2024-12-31,Vision Super Fund,Balanced growth,Listed Equity,1,CHEVRON CORP COMMON STOCK USD 0.75,,2838555,SEDOL,,12415.0,,,2905138.738,0.0004
2024-12-31,Vision Super Fund,Balanced growth,Listed Equity,1,CHINA CONSTRUCTION BANK CORP COMMON STOCK HKD 1,,B0LMTQ3,SEDOL,,292823.0,,,393918.8547,0.0001
2024-12-31,Vision Super Fund,Balanced growth,Listed Equity,1,CHINA FEIHE LTD COMMON STOCK HKD 0.000000025,,BK0SBL1,SEDOL,,374486.0,,,422798.6831,0.0001
2024-12-31,Vision Super Fund,Balanced growth,Listed Equity,1,CHINA MERCHANTS BANK CO LTD COMMON STOCK HKD 1,,B1DYPZ5,SEDOL,,123079.0,,,1023625.781,0.0001
2024-12-31,Vision Super Fund,Balanced growth,Listed Equity,1,CHINA MOLYBDENUM CO LTD,,B1VRCG6,SEDOL,,981714.0,,,1071623.398,0.0001
2024-12-31,Vision Super Fund,Balanced growth,Listed Equity,1,CHINA OVERSEAS LAND & INVESTMENT LTD COMMON STOCK,,6192150,SEDOL,,347362.0,,,894131.0535,0.0001
2024-12-31,Vision Super Fund,Balanced growth,Listed Equity,1,CHINA RESOURCES GAS GROUP LTD COMMON STOCK HKD 0.1,,6535517,SEDOL,,60489.0,,,386743.1638,0.0001
2024-12-31,Vision Super Fund,Balanced growth,Listed Equity,1,CHINA RESOURCES LAND LTD COMMON STOCK HKD 0.1,,6193766,SEDOL,,210576.0,,,985118.5302,0.0001
2024-12-31,Vision Super Fund,Balanced growth,Listed Equity,1,CHIPOTLE MEXICAN GRILL INC COMMON STOCK USD 0.01,,B0X7DZ3,SEDOL,,23639.0,,,2302594.918,0.0003
2024-12-31,Vision Super Fund,Balanced growth,Listed Equity,1,CHOCOLADEFABRIKEN LINDT & SPRUENGLI AG COMMON,,5962280,SEDOL,,110.0,,,1960270.267,0.0003
2024-12-31,Vision Super Fund,Balanced growth,Listed Equity,1,CHOCOLADEFABRIKEN LINDT & SPRUENGLI AG COMMON,,5962309,SEDOL,,1.0,,,205836.4884,0.0
2024-12-31,Vision Super Fund,Balanced growth,Listed Equity,1,CHORUS LTD COMMON STOCK NZD 0,,6F3448S,BB Ticker,,237260.0,,,1826903.181,0.0003
2024-12-31,Vision Super Fund,Balanced growth,Listed Equity,1,CHUBB LTD COMMON STOCK USD 24.15,,B3BQMF6,SEDOL,,1782.0,,,795468.5531,0.0001
2024-12-31,Vision Super Fund,Balanced growth,Listed Equity,1,CHUBU ELECTRIC POWER CO INC COMMON STOCK JPY,,6195609,SEDOL,,99105.0,,,1685600.092,0.0002
2024-12-31,Vision Super Fund,Balanced growth,Listed Equity,1,CIA ENERGETICA DE MINAS GERAIS COMMON STOCK BRL 5,,B1YBRK4,SEDOL,,,,,0.0,0.0
2024-12-31,Vision Super Fund,Balanced growth,Listed Equity,1,CIA ENERGETICA DE MINAS GERAIS PREFERENCE BRL 5,,B1YBRG0,SEDOL,,454492.0,,,1318911.896,0.0002
2024-12-31,Vision Super Fund,Balanced growth,Listed Equity,1,CIA PARANAENSE DE ENERGIA - COPEL PREFERENCE BRL 0,,2200154,SEDOL,,68306.0,,,163397.6553,0.0
2024-12-31,Vision Super Fund,Balanced growth,Listed Equity,1,CIE DE SAINT-GOBAIN SA COMMON STOCK EUR 4,,7380482,SEDOL,,13876.0,,,1988897.037,0.0003
2024-12-31,Vision Super Fund,Balanced growth,Listed Equity,1,CIGNA GROUP/THE COMMON STOCK USD 0.01,,BHJ0775,SEDOL,,26128.0,,,11658922.54,0.0016
2024-12-31,Vision Super Fund,Balanced growth,Listed Equity,1,CIMB GROUP HOLDINGS BHD COMMON STOCK MYR 0,,6075745,SEDOL,,549538.0,,,1627656.703,0.0002
2024-12-31,Vision Super Fund,Balanced growth,Listed Equity,1,CINCINNATI FINANCIAL CORP COMMON STOCK USD 2,,2196888,SEDOL,,14336.0,,,3327522.867,0.0005
2024-12-31,Vision Super Fund,Balanced growth,Listed Equity,1,CINTAS CORP COMMON STOCK USD 0,,2197137,SEDOL,,13903.0,,,4099902.687,0.0006
2024-12-31,Vision Super Fund,Balanced growth,Listed Equity,1,CIPLA LTD/INDIA COMMON STOCK INR 2,,B011108,SEDOL,,5855.0,,,168916.6579,0.0
2024-12-31,Vision Super Fund,Balanced growth,Listed Equity,1,CISCO SYSTEMS INC COMMON STOCK USD 0.001,,2198163,SEDOL,,60056.0,,,5739349.057,0.0008
2024-12-31,Vision Super Fund,Balanced growth,Listed Equity,1,CITIGROUP INC COMMON STOCK USD 0.01,,2297907,SEDOL,,84112.0,,,9565219.275,0.0013
2024-12-31,Vision Super Fund,Balanced growth,Listed Equity,1,CITIZENS FINANCIAL GROUP INC COMMON STOCK USD 0.01,,BQRX1X3,SEDOL,,46496.0,,,3286960.958,0.0005
2024-12-31,Vision Super Fund,Balanced growth,Listed Equity,1,CK ASSET HOLDINGS LTD COMMON STOCK HKD 1,,BYZQ077,SEDOL,,150203.0,,,994684.6988,0.0001
2024-12-31,Vision Super Fund,Balanced growth,Listed Equity,1,CLEANAWAY WASTE MANAGEMENT LTD COMMON STOCK AUD 0,,BYQ8KW7,SEDOL,,1484245.0,,,3933248.421,0.0005
2024-12-31,Vision Super Fund,Balanced growth,Listed Equity,1,CLOROX CO/THE COMMON STOCK USD 1,,2204026,SEDOL,,5298.0,,,1390554.033,0.0002
2024-12-31,Vision Super Fund,Balanced growth,Listed Equity,1,CLOUDFLARE INC COMMON STOCK USD 0.001,,BJXC5M2,SEDOL,,26853.0,,,4674037.199,0.0006
2024-12-31,Vision Super Fund,Balanced growth,Listed Equity,1,CME GROUP INC COMMON STOCK USD 0.01,,2965839,SEDOL,,13042.0,,,4891662.255,0.0007
2024-12-31,Vision Super Fund,Balanced growth,Listed Equity,1,CMOC GROUP LTD COMMON STOCK CNY 0.2,,BP3R574,SEDOL,,667542.0,,,982259.9679,0.0001
2024-12-31,Vision Super Fund,Balanced growth,Listed Equity,1,COCA-COLA CO/THE COMMON STOCK USD 0.25,,2206657,SEDOL,,32283.0,,,3247373.075,0.0005
2024-12-31,Vision Super Fund,Balanced growth,Listed Equity,1,COCA-COLA EUROPACIFIC PARTNERS PLC COMMON STOCK,,BYQQ3P5,SEDOL,,2655.0,,,329285.9837,0.0
2024-12-31,Vision Super Fund,Balanced growth,Listed Equity,1,COCA-COLA FEMSA SAB DE CV UNIT MXN,,BHHP0S4,SEDOL,,56874.0,,,712724.8763,0.0001
2024-12-31,Vision Super Fund,Balanced growth,Listed Equity,1,COCA-COLA HBC AG GBP 6.7,,B9895B7,SEDOL,,52251.0,,,2887523.036,0.0004
2024-12-31,Vision Super Fund,Balanced growth,Listed Equity,1,COCHLEAR LTD COMMON STOCK AUD 0,,6211798,SEDOL,,46052.0,,,13349458.77,0.0018
2024-12-31,Vision Super Fund,Balanced growth,Listed Equity,1,CODAN LTD COMMON STOCK AUD 0,,6712611,SEDOL,,137874.0,,,2218394.003,0.0003
2024-12-31,Vision Super Fund,Balanced growth,Listed Equity,1,COLES GROUP LTD COMMON STOCK AUD,,BYWR0T5,SEDOL,,516497.0,,,9756619.372,0.0014
2024-12-31,Vision Super Fund,Balanced growth,Listed Equity,1,COLGATE-PALMOLIVE CO COMMON STOCK USD 1,,2209106,SEDOL,,30872.0,,,4533999.345,0.0006
2024-12-31,Vision Super Fund,Balanced growth,Listed Equity,1,COLGATE-PALMOLIVE INDIA LTD COMMON STOCK INR 1,,6139696,SEDOL,,17642.0,,,892968.0748,0.0001
2024-12-31,Vision Super Fund,Balanced growth,Listed Equity,1,COLLINS FOODS LTD COMMON STOCK AUD 0,,B6QCFP1,SEDOL,,28426.0,,,206373.4216,0.0
2024-12-31,Vision Super Fund,Balanced growth,Listed Equity,1,COMCAST CORP COMMON STOCK USD 0.01,,2044545,SEDOL,,7946.0,,,481642.3088,0.0001
2024-12-31,Vision Super Fund,Balanced growth,Listed Equity,1,COMMERZBANK AG COMMON STOCK EUR 0,,B90LKT4,SEDOL,,98647.0,,,2584463.423,0.0004
2024-12-31,Vision Super Fund,Balanced growth,Listed Equity,1,COMMONWEALTH BANK OF AUSTRALIA COMMON STOCK AUD 0,,6215035,SEDOL,,878916.0,,,134693924.4,0.0186
2024-12-31,Vision Super Fund,Balanced growth,Listed Equity,1,COMPASS GROUP PLC COMMON STOCK GBP 11.05,,BD6K457,SEDOL,,118702.0,,,6384433.413,0.0009
2024-12-31,Vision Super Fund,Balanced growth,Listed Equity,1,COMPUTERSHARE LTD COMMON STOCK AUD 0,,6180412,SEDOL,,213779.0,,,7257800.058,0.001
2024-12-31,Vision Super Fund,Balanced growth,Listed Equity,1,CONOCOPHILLIPS COMMON STOCK USD 0.01,,2685717,SEDOL,,2048.0,,,327999.0161,0.0
2024-12-31,Vision Super Fund,Balanced growth,Listed Equity,1,CONSOLIDATED EDISON INC COMMON STOCK USD 0.1,,2216850,SEDOL,,16746.0,,,2412801.902,0.0003
2024-12-31,Vision Super Fund,Balanced growth,Listed Equity,1,CONTEMPORARY AMPEREX TECHNOLOGY CO LTD COMMON,,BHQPSY7,SEDOL,,67718.0,,,3985757.245,0.0006
2024-12-31,Vision Super Fund,Balanced growth,Listed Equity,1,COOPER COS INC/THE COMMON STOCK USD 0.1,,BQPDXR3,SEDOL,,15375.0,,,2282837.002,0.0003
2024-12-31,Vision Super Fund,Balanced growth,Listed Equity,1,COREBRIDGE FINANCIAL INC,,BMTX0G9,SEDOL,,61168.0,,,2956911.5,0.0004
2024-12-31,Vision Super Fund,Balanced growth,Listed Equity,1,CORTEVA INC COMMON STOCK USD 0.01,,BK73B42,SEDOL,,9320.0,,,856922.6235,0.0001
2024-12-31,Vision Super Fund,Balanced growth,Listed Equity,1,COSTCO WHOLESALE CORP COMMON STOCK USD 0.005,,2701271,SEDOL,,7109.0,,,10520580.1,0.0015
2024-12-31,Vision Super Fund,Balanced growth,Listed Equity,1,COUPANG INC COMMON STOCK USD 0.0001,,BNYHDF3,SEDOL,,155139.0,,,5507471.213,0.0008
2024-12-31,Vision Super Fund,Balanced growth,Listed Equity,1,COWAY CO LTD COMMON STOCK KRW 500,,6173401,SEDOL,,11155.0,,,818762.5662,0.0001
2024-12-31,Vision Super Fund,Balanced growth,Listed Equity,1,CPFL ENERGIA SA COMMON STOCK BRL 0,,B031NN3,SEDOL,,105988.0,,,875331.1518,0.0001
2024-12-31,Vision Super Fund,Balanced growth,Listed Equity,1,CREDICORP LTD COMMON STOCK USD 5,,2232878,SEDOL,,1283.0,,,380291.4857,0.0001
2024-12-31,Vision Super Fund,Balanced growth,Listed Equity,1,CREDIT CORP GROUP LTD COMMON STOCK AUD 0,,6287658,SEDOL,,63333.0,,,1012701.483,0.0001
2024-12-31,Vision Super Fund,Balanced growth,Listed Equity,1,CSL LTD COMMON STOCK AUD 0,,3F0908S,BB Ticker,,375632.0,,,105770336.7,0.0146
2024-12-31,Vision Super Fund,Balanced growth,Listed Equity,1,CTBC FINANCIAL HOLDING CO LTD COMMON STOCK TWD 10,,6527666,SEDOL,,894801.0,,,1721404.851,0.0002
2024-12-31,Vision Super Fund,Balanced growth,Listed Equity,1,CUMMINS INC COMMON STOCK USD 2.5,,2240202,SEDOL,,7105.0,,,4000183.009,0.0006
2024-12-31,Vision Super Fund,Balanced growth,Listed Equity,1,DAI NIPPON PRINTING CO LTD COMMON STOCK JPY,,6250906,SEDOL,,109196.0,,,2490154.631,0.0003
2024-12-31,Vision Super Fund,Balanced growth,Listed Equity,1,DAIMLER TRUCK HOLDING AG COMMON STOCK EUR 0,,BP6VLQ4,SEDOL,,81967.0,,,5047527.059,0.0007
2024-12-31,Vision Super Fund,Balanced growth,Listed Equity,1,DAITO TRUST CONSTRUCTION CO LTD COMMON STOCK JPY,,6250508,SEDOL,,17149.0,,,3086886.357,0.0004
2024-12-31,Vision Super Fund,Balanced growth,Listed Equity,1,DAIWA HOUSE INDUSTRY CO LTD COMMON STOCK JPY,,6251363,SEDOL,,68889.0,,,3437888.168,0.0005
2024-12-31,Vision Super Fund,Balanced growth,Listed Equity,1,DANAHER CORP COMMON STOCK USD 0.01,,2250870,SEDOL,,1182.0,,,438479.9468,0.0001
2024-12-31,Vision Super Fund,Balanced growth,Listed Equity,1,DANONE SA COMMON STOCK EUR 0.25,,B1Y9TB3,SEDOL,,923.0,,,99979.0244,0.0
2024-12-31,Vision Super Fund,Balanced growth,Listed Equity,1,DANSKE BANK A/S COMMON STOCK DKK 10,,4588825,SEDOL,,11051.0,,,502893.2125,0.0001
2024-12-31,Vision Super Fund,Balanced growth,Listed Equity,1,DATA#3 LTD COMMON STOCK AUD 0,,6093015,SEDOL,,134722.0,,,860874.4489,0.0001
2024-12-31,Vision Super Fund,Balanced growth,Listed Equity,1,DATADOG INC COMMON STOCK USD 0.00001,,BKT9Y49,SEDOL,,19439.0,,,4482728.942,0.0006
2024-12-31,Vision Super Fund,Balanced growth,Listed Equity,1,DAVITA INC COMMON STOCK USD 0.001,,2898087,SEDOL,,6776.0,,,1635339.438,0.0002
2024-12-31,Vision Super Fund,Balanced growth,Listed Equity,1,DB INSURANCE CO LTD COMMON STOCK KRW 500,,6155937,SEDOL,,7956.0,,,897281.6161,0.0001
2024-12-31,Vision Super Fund,Balanced growth,Listed Equity,1,DBS GROUP HOLDINGS LTD COMMON STOCK SGD 0,,6175203,SEDOL,,136081.0,,,7043746.811,0.001
2024-12-31,Vision Super Fund,Balanced growth,Listed Equity,1,DECKERS OUTDOOR CORP COMMON STOCK USD 0.01,,2267278,SEDOL,,11127.0,,,3651686.11,0.0005
2024-12-31,Vision Super Fund,Balanced growth,Listed Equity,1,DELL TECHNOLOGIES INC COMMON STOCK USD,,BHKD3S6,SEDOL,,10246.0,,,1906529.463,0.0003
2024-12-31,Vision Super Fund,Balanced growth,Listed Equity,1,DELTA AIR LINES INC COMMON STOCK USD 0.0001,,B1W9D46,SEDOL,,62456.0,,,6106915.246,0.0008
2024-12-31,Vision Super Fund,Balanced growth,Listed Equity,1,DELTA ELECTRONICS INC COMMON STOCK TWD 10,,6260734,SEDOL,,93913.0,,,1989440.509,0.0003
2024-12-31,Vision Super Fund,Balanced growth,Listed Equity,1,DEMANT A/S COMMON STOCK DKK 0.2,,BZ01RF1,SEDOL,,13127.0,,,776064.6759,0.0001
2024-12-31,Vision Super Fund,Balanced growth,Listed Equity,1,DETERRA ROYALTIES LTD COMMON STOCK AUD,,BJP5T05,SEDOL,,703886.0,,,2618455.735,0.0004
2024-12-31,Vision Super Fund,Balanced growth,Listed Equity,1,DEUTSCHE BANK AG COMMON STOCK EUR 0,,5750355,SEDOL,,130812.0,,,3644400.476,0.0005
2024-12-31,Vision Super Fund,Balanced growth,Listed Equity,1,DEUTSCHE POST AG COMMON STOCK EUR 0,,4617859,SEDOL,,44100.0,,,2503228.046,0.0003
2024-12-31,Vision Super Fund,Balanced growth,Listed Equity,1,DEUTSCHE TELEKOM AG COMMON STOCK EUR 0,,5842359,SEDOL,,107706.0,,,5189654.612,0.0007
2024-12-31,Vision Super Fund,Balanced growth,Listed Equity,1,DEXCOM INC COMMON STOCK USD 0.001,,B0796X4,SEDOL,,17964.0,,,2255574.595,0.0003
2024-12-31,Vision Super Fund,Balanced growth,Listed Equity,1,DICKER DATA LTD COMMON STOCK AUD 0,,B3YPKQ7,SEDOL,,154193.0,,,1298304.549,0.0002
2024-12-31,Vision Super Fund,Balanced growth,Listed Equity,1,DICK'S SPORTING GOODS INC COMMON STOCK USD 0.01,,2969637,SEDOL,,7850.0,,,2902772.888,0.0004
2024-12-31,Vision Super Fund,Balanced growth,Listed Equity,1,DINO POLSKA SA COMMON STOCK PLN 0.1,,BD0YVN2,SEDOL,,12268.0,,,1869910.566,0.0003
2024-12-31,Vision Super Fund,Balanced growth,Listed Equity,1,DOCUSIGN INC COMMON STOCK USD 0.0001,,BFYT7B7,SEDOL,,21821.0,,,3168322.423,0.0004
2024-12-31,Vision Super Fund,Balanced growth,Listed Equity,1,DOMAIN HOLDINGS AUSTRALIA LTD COMMON STOCK AUD,,BF17Y13,SEDOL,,121217.0,,,305467.1035,0.0
2024-12-31,Vision Super Fund,Balanced growth,Listed Equity,1,DOMINO'S PIZZA ENTERPRISES LTD COMMON STOCK AUD 0,,B07SFG7,SEDOL,,62418.0,,,1837584.52,0.0003
2024-12-31,Vision Super Fund,Balanced growth,Listed Equity,1,DOMINO'S PIZZA INC COMMON STOCK USD 0.01,,B01SD70,SEDOL,,2434.0,,,1648853.236,0.0002
2024-12-31,Vision Super Fund,Balanced growth,Listed Equity,1,DOORDASH INC COMMON STOCK USD 0.00001,,BN13P03,SEDOL,,7258.0,,,1965281.876,0.0003
2024-12-31,Vision Super Fund,Balanced growth,Listed Equity,1,DOWNER EDI LTD COMMON STOCK AUD 0,,6465573,SEDOL,,314920.0,,,1653327.528,0.0002
2024-12-31,Vision Super Fund,Balanced growth,Listed Equity,1,DSV A/S COMMON STOCK DKK 1,,B1WT5G2,SEDOL,,1122.0,,,383515.4873,0.0001
2024-12-31,Vision Super Fund,Balanced growth,Listed Equity,1,DURATEC LTD COMMON STOCK AUD,,BKS9J23,SEDOL,,96154.0,,,144231.0173,0.0
2024-12-31,Vision Super Fund,Balanced growth,Listed Equity,1,E.ON SE COMMON STOCK EUR 0,,4942904,SEDOL,,167107.0,,,3149720.381,0.0004
2024-12-31,Vision Super Fund,Balanced growth,Listed Equity,1,EATON CORP PLC COMMON STOCK USD 0.01,,B8KQN82,SEDOL,,8589.0,,,4605592.356,0.0006
2024-12-31,Vision Super Fund,Balanced growth,Listed Equity,1,EBAY INC COMMON STOCK USD 0.001,,2293819,SEDOL,,35936.0,,,3596165.001,0.0005
2024-12-31,Vision Super Fund,Balanced growth,Listed Equity,1,EBOS GROUP LTD COMMON STOCK NZD 0,,6F7113S,BB Ticker,,236531.0,,,8018396.438,0.0011
2024-12-31,Vision Super Fund,Balanced growth,Listed Equity,1,ECOLAB INC COMMON STOCK USD 1,,2304227,SEDOL,,11226.0,,,4249919.586,0.0006
2024-12-31,Vision Super Fund,Balanced growth,Listed Equity,1,EDISON INTERNATIONAL COMMON STOCK USD 0,,2829515,SEDOL,,27014.0,,,3482143.459,0.0005
2024-12-31,Vision Super Fund,Balanced growth,Listed Equity,1,EIFFAGE SA COMMON STOCK EUR 4,,B13X013,SEDOL,,2139.0,,,303076.4186,0.0
2024-12-31,Vision Super Fund,Balanced growth,Listed Equity,1,ELDERS LTD COMMON STOCK AUD 0,,6357852,SEDOL,,326197.0,,,2335570.565,0.0003
2024-12-31,Vision Super Fund,Balanced growth,Listed Equity,1,ELECTRO OPTIC SYSTEMS HOLDINGS LTD COMMON STOCK,,6293990,SEDOL,,157608.0,,,203314.8668,0.0
2024-12-31,Vision Super Fund,Balanced growth,Listed Equity,1,ELECTRONIC ARTS INC COMMON STOCK USD 0.01,,2310194,SEDOL,,13531.0,,,3197147.082,0.0004
2024-12-31,Vision Super Fund,Balanced growth,Listed Equity,1,ELEMENT FLEET MANAGEMENT CORP COMMON STOCK CAD,,B7FNMQ2,SEDOL,,16783.0,,,546580.2755,0.0001
2024-12-31,Vision Super Fund,Balanced growth,Listed Equity,1,ELEVANCE HEALTH INC COMMON STOCK USD 0.01,,BSPHGL4,SEDOL,,19418.0,,,11566343.14,0.0016
2024-12-31,Vision Super Fund,Balanced growth,Listed Equity,1,ELF BEAUTY INC COMMON STOCK USD 0.01,,BDDQ975,SEDOL,,12122.0,,,2454154.49,0.0003
2024-12-31,Vision Super Fund,Balanced growth,Listed Equity,1,ELI LILLY & CO COMMON STOCK USD 0,,2516152,SEDOL,,9399.0,,,11728029.73,0.0016
2024-12-31,Vision Super Fund,Balanced growth,Listed Equity,1,EMAAR PROPERTIES PJSC COMMON STOCK AED 1,,B01RM25,SEDOL,,421392.0,,,2381041.853,0.0003
2024-12-31,Vision Super Fund,Balanced growth,Listed Equity,1,EMECO HOLDINGS LTD COMMON STOCK AUD 0,,B1978V5,SEDOL,,2412815.0,,,2207725.697,0.0003
2024-12-31,Vision Super Fund,Balanced growth,Listed Equity,1,EMERALD RESOURCES NL COMMON STOCK AUD 0,,6107381,SEDOL,,18707.0,,,60798.6084,0.0
2024-12-31,Vision Super Fund,Balanced growth,Listed Equity,1,EMERSON ELECTRIC CO COMMON STOCK USD 0.5,,2313405,SEDOL,,22666.0,,,4538760.491,0.0006
2024-12-31,Vision Super Fund,Balanced growth,Listed Equity,1,EMIRATES NBD BANK PJSC COMMON STOCK AED 1,,B28PFX8,SEDOL,,151446.0,,,1415121.825,0.0002
2024-12-31,Vision Super Fund,Balanced growth,Listed Equity,1,EML PAYMENTS LTD COMMON STOCK AUD 0,,B7ZGK34,SEDOL,,245583.0,,,191555.0474,0.0
2024-12-31,Vision Super Fund,Balanced growth,Listed Equity,1,EMPIRE CO LTD COMMON STOCK CAD 0,,2314000,SEDOL,,23953.0,,,1176861.117,0.0002
2024-12-31,Vision Super Fund,Balanced growth,Listed Equity,1,ENDEAVOUR GROUP LTD/AUSTRALIA COMMON STOCK AUD,,BNVS144,SEDOL,,1747827.0,,,7340874.335,0.001
2024-12-31,Vision Super Fund,Balanced growth,Listed Equity,1,ENEOS HOLDINGS INC COMMON STOCK JPY,,B627LW9,SEDOL,,398227.0,,,3381666.887,0.0005
2024-12-31,Vision Super Fund,Balanced growth,Listed Equity,1,ENGIE SA COMMON STOCK EUR 1,,B0C2CQ3,SEDOL,,140915.0,,,3605820.516,0.0005
2024-12-31,Vision Super Fund,Balanced growth,Listed Equity,1,ENN ENERGY HOLDINGS LTD COMMON STOCK HKD 0.1,,6333937,SEDOL,,13708.0,,,159180.4772,0.0
2024-12-31,Vision Super Fund,Balanced growth,Listed Equity,1,ENPHASE ENERGY INC COMMON STOCK USD 0.00001,,B65SQW4,SEDOL,,12510.0,,,1387672.429,0.0002
2024-12-31,Vision Super Fund,Balanced growth,Listed Equity,1,EOG RESOURCES INC COMMON STOCK USD 0.01,,2318024,SEDOL,,21858.0,,,4328152.287,0.0006
2024-12-31,Vision Super Fund,Balanced growth,Listed Equity,1,EQT HOLDINGS LTD COMMON STOCK AUD 0,,BD5WNY6,SEDOL,,5760.0,,,184270.2753,0.0
2024-12-31,Vision Super Fund,Balanced growth,Listed Equity,1,EQUINOR ASA COMMON STOCK NOK 2.5,,7133608,SEDOL,,88332.0,,,3330692.982,0.0005
2024-12-31,Vision Super Fund,Balanced growth,Listed Equity,1,EQUITABLE HOLDINGS INC COMMON STOCK USD 0.01,,BKRMR96,SEDOL,,43727.0,,,3332083.517,0.0005
2024-12-31,Vision Super Fund,Balanced growth,Listed Equity,1,ERSTE GROUP BANK AG COMMON STOCK EUR 0,,5289837,SEDOL,,28974.0,,,2875449.459,0.0004
2024-12-31,Vision Super Fund,Balanced growth,Listed Equity,1,ESSILORLUXOTTICA SA COMMON STOCK EUR 0.18,,7212477,SEDOL,,4942.0,,,1928170.302,0.0003
2024-12-31,Vision Super Fund,Balanced growth,Listed Equity,1,ESSITY AB COMMON STOCK SEK 3.35,,BF1K7P7,SEDOL,,7065.0,,,304862.9173,0.0
2024-12-31,Vision Super Fund,Balanced growth,Listed Equity,1,ETIHAD ETISALAT CO COMMON STOCK SAR 10,,B12LR51,SEDOL,,20469.0,,,469845.1635,0.0001
2024-12-31,Vision Super Fund,Balanced growth,Listed Equity,1,EUROBANK ERGASIAS SERVICES AND HOLDINGS SA COMMON,,BYZ43T4,SEDOL,,178146.0,,,664410.2109,0.0001
2024-12-31,Vision Super Fund,Balanced growth,Listed Equity,1,EVERSOURCE ENERGY COMMON STOCK USD 5,,BVVN4Q8,SEDOL,,34015.0,,,3154523.467,0.0004
2024-12-31,Vision Super Fund,Balanced growth,Listed Equity,1,EVOLUTION MINING LTD COMMON STOCK AUD 0,,B3X0F91,SEDOL,,615711.0,,,2961567.589,0.0004
2024-12-31,Vision Super Fund,Balanced growth,Listed Equity,1,EXELON CORP COMMON STOCK USD 0,,2670519,SEDOL,,13003.0,,,790713.5903,0.0001
2024-12-31,Vision Super Fund,Balanced growth,Listed Equity,1,EXPEDIA GROUP INC COMMON STOCK USD 0.001,,B748CK2,SEDOL,,11832.0,,,3560926.306,0.0005
2024-12-31,Vision Super Fund,Balanced growth,Listed Equity,1,EXXON MOBIL,,2326618,SEDOL,,46707.0,,,8119311.549,0.0011
2024-12-31,Vision Super Fund,Balanced growth,Listed Equity,1,F5 INC COMMON STOCK USD 0,,2427599,SEDOL,,8016.0,,,3254748.667,0.0005
2024-12-31,Vision Super Fund,Balanced growth,Listed Equity,1,FIDELITY NATIONAL INFORMATION SERVICES INC COMMON,,2769796,SEDOL,,30129.0,,,3931424.504,0.0005
2024-12-31,Vision Super Fund,Balanced growth,Listed Equity,1,FINEOS CORP LTD CDI AUD,,BK5XVJ9,SEDOL,,111749.0,,,205617.341,0.0
2024-12-31,Vision Super Fund,Balanced growth,Listed Equity,1,FISERV INC COMMON STOCK USD 0.01,,2342034,SEDOL,,11044.0,,,3666826.191,0.0005
2024-12-31,Vision Super Fund,Balanced growth,Listed Equity,1,FISHER & PAYKEL HEALTHCARE CORP LTD COMMON STOCK,,3F0952S,BB Ticker,,175562.0,,,6074429.107,0.0008
2024-12-31,Vision Super Fund,Balanced growth,Listed Equity,1,FLEETPARTNERS GROUP LTD,,BN7HDZ0,SEDOL,,555631.0,,,1477977.412,0.0002
2024-12-31,Vision Super Fund,Balanced growth,Listed Equity,1,FLIGHT CENTRE TRAVEL GROUP LTD COMMON STOCK AUD 0,,6352147,SEDOL,,71565.0,,,1193703.874,0.0002
2024-12-31,Vision Super Fund,Balanced growth,Listed Equity,1,FLUTTER ENTERTAINMENT PLC COMMON STOCK GBP 0.09,,BWZMZF4,SEDOL,,676.0,,,281571.9899,0.0
2024-12-31,Vision Super Fund,Balanced growth,Listed Equity,1,FORD OTOMOTIV SANAYI AS COMMON STOCK TRY 1,,B03MSR5,SEDOL,,9828.0,,,420605.295,0.0001
2024-12-31,Vision Super Fund,Balanced growth,Listed Equity,1,FORTESCUE LTD COMMON STOCK AUD 0,,6086253,SEDOL,,680844.0,,,12425406.44,0.0017
2024-12-31,Vision Super Fund,Balanced growth,Listed Equity,1,FORTINET INC COMMON STOCK USD 0.001,,B5B2106,SEDOL,,21028.0,,,3208767.84,0.0004
2024-12-31,Vision Super Fund,Balanced growth,Listed Equity,1,FORTUM OYJ COMMON STOCK EUR 3.4,,5579550,SEDOL,,22139.0,,,501524.1555,0.0001
2024-12-31,Vision Super Fund,Balanced growth,Listed Equity,1,FOSHAN HAITIAN FLAVOURING & FOOD CO LTD COMMON,,BTFRHX0,SEDOL,,171466.0,,,1741470.777,0.0002
2024-12-31,Vision Super Fund,Balanced growth,Listed Equity,1,FOX CORP COMMON STOCK USD 0.01,,BJJMGL2,SEDOL,,2792.0,,,219001.6058,0.0
2024-12-31,Vision Super Fund,Balanced growth,Listed Equity,1,FOX CORP COMMON STOCK USD 0.01,,BJJMGY5,SEDOL,,42141.0,,,3112534.589,0.0004
2024-12-31,Vision Super Fund,Balanced growth,Listed Equity,1,FPT CORP COMMON STOCK VND 10000,,B1HMWH6,SEDOL,,78531.0,,,758975.7368,0.0001
2024-12-31,Vision Super Fund,Balanced growth,Listed Equity,1,FUJI ELECTRIC CO LTD COMMON STOCK JPY,,6356365,SEDOL,,12716.0,,,1117341.111,0.0002
2024-12-31,Vision Super Fund,Balanced growth,Listed Equity,1,FULL TRUCK ALLIANCE CO LTD ADR USD,,BMD2L36,SEDOL,,50746.0,,,885987.8928,0.0001
2024-12-31,Vision Super Fund,Balanced growth,Listed Equity,1,G8 EDUCATION LTD COMMON STOCK AUD 0,,B296314,SEDOL,,1459910.0,,,1905182.158,0.0003
2024-12-31,Vision Super Fund,Balanced growth,Listed Equity,1,GAIL INDIA LTD COMMON STOCK INR 10,,6133405,SEDOL,,187662.0,,,675803.1442,0.0001
2024-12-31,Vision Super Fund,Balanced growth,Listed Equity,1,GALP ENERGIA SGPS SA COMMON STOCK EUR 1,,B1FW751,SEDOL,,107051.0,,,2852079.114,0.0004
2024-12-31,Vision Super Fund,Balanced growth,Listed Equity,1,GARMIN LTD COMMON STOCK USD 0.1,,B3Z5T14,SEDOL,,10231.0,,,3409881.226,0.0005
2024-12-31,Vision Super Fund,Balanced growth,Listed Equity,1,GARTNER INC COMMON STOCK USD 0.0005,,2372763,SEDOL,,1213.0,,,949285.5212,0.0001
2024-12-31,Vision Super Fund,Balanced growth,Listed Equity,1,GE AEROSPACE,,BL59CR9,SEDOL,,26509.0,,,7141893.667,0.001
2024-12-31,Vision Super Fund,Balanced growth,Listed Equity,1,GE HEALTHCARE TECHNOLOGIES INC COMMON STOCK USD,,BL6JPG8,SEDOL,,2850.0,,,359785.1217,0.0001
2024-12-31,Vision Super Fund,Balanced growth,Listed Equity,1,GEA GROUP AG COMMON STOCK EUR 0,,4557104,SEDOL,,13601.0,,,1089590.931,0.0002
2024-12-31,Vision Super Fund,Balanced growth,Listed Equity,1,GEELY AUTOMOBILE HOLDINGS LTD COMMON STOCK HKD,,6531827,SEDOL,,409485.0,,,1260078.484,0.0002
2024-12-31,Vision Super Fund,Balanced growth,Listed Equity,1,GEN DIGITAL INC COMMON STOCK USD 0.01,,BJN4XN5,SEDOL,,63260.0,,,2797487.723,0.0004
2024-12-31,Vision Super Fund,Balanced growth,Listed Equity,1,GENERAL MOTORS CO COMMON STOCK USD 0.01,,B665KZ5,SEDOL,,46823.0,,,4028529.608,0.0006
2024-12-31,Vision Super Fund,Balanced growth,Listed Equity,1,GENERATION IM CLIMATE SOLUTIONS FUND LP USD,,W531FB3,BB Ticker,,,,,457350.4986,0.0001
2024-12-31,Vision Super Fund,Balanced growth,Listed Equity,1,GILDAN ACTIVEWEAR INC COMMON STOCK CAD 0,,2254645,SEDOL,,15947.0,,,1199895.247,0.0002
2024-12-31,Vision Super Fund,Balanced growth,Listed Equity,1,GILEAD SCIENCES INC COMMON STOCK USD 0.001,,2369174,SEDOL,,37404.0,,,5578994.355,0.0008
2024-12-31,Vision Super Fund,Balanced growth,Listed Equity,1,GIVAUDAN SA COMMON STOCK CHF 10,,5980613,SEDOL,,476.0,,,3363492.943,0.0005
2024-12-31,Vision Super Fund,Balanced growth,Listed Equity,1,GLENCORE PLC COMMON STOCK GBP 0.01,,B4T3BW6,SEDOL,,58362.0,,,417196.4184,0.0001
2024-12-31,Vision Super Fund,Balanced growth,Listed Equity,1,GLOBANT SA COMMON STOCK USD 1.2,,BP40HF4,SEDOL,,8191.0,,,2835298.46,0.0004
2024-12-31,Vision Super Fund,Balanced growth,Listed Equity,1,GODADDY INC COMMON STOCK USD 0.001,,BWFRFC6,SEDOL,,10813.0,,,3444606.63,0.0005
2024-12-31,Vision Super Fund,Balanced growth,Listed Equity,1,GOLD ROAD RESOURCES LTD COMMON STOCK AUD 0,,B15F5K1,SEDOL,,392272.0,,,800234.6368,0.0001
2024-12-31,Vision Super Fund,Balanced growth,Listed Equity,1,GOLDMAN SACHS GROUP INC/THE COMMON STOCK USD 0.01,,2407966,SEDOL,,7538.0,,,6973102.503,0.001
2024-12-31,Vision Super Fund,Balanced growth,Listed Equity,1,GQG PARTNERS INC CDI AUD,,BN469H4,SEDOL,,652538.0,,,1350754.099,0.0002
2024-12-31,Vision Super Fund,Balanced growth,Listed Equity,1,GR ENGINEERING SERVICES LTD COMMON STOCK AUD 0,,B62LMX9,SEDOL,,380818.0,,,933004.6869,0.0001
2024-12-31,Vision Super Fund,Balanced growth,Listed Equity,1,GRAB HOLDINGS LTD COMMON STOCK USD 0.000001,,BP6NH40,SEDOL,,176764.0,,,1344680.277,0.0002
2024-12-31,Vision Super Fund,Balanced growth,Listed Equity,1,GRANGE RESOURCES LTD COMMON STOCK AUD 0,,6135876,SEDOL,,1598301.0,,,351626.3219,0.0
2024-12-31,Vision Super Fund,Balanced growth,Listed Equity,1,GREAT-WEST LIFECO INC COMMON STOCK CAD 0,,2384951,SEDOL,,56339.0,,,3005911.038,0.0004
2024-12-31,Vision Super Fund,Balanced growth,Listed Equity,1,GRUPO FINANCIERO BANORTE SAB DE CV COMMON STOCK,,2421041,SEDOL,,14233.0,,,148034.7458,0.0
2024-12-31,Vision Super Fund,Balanced growth,Listed Equity,1,GSK PLC COMMON STOCK GBP 31.25,,BN7SWP6,SEDOL,,78937.0,,,2149172.846,0.0003
2024-12-31,Vision Super Fund,Balanced growth,Listed Equity,1,GWA GROUP LTD COMMON STOCK AUD 0,,6392949,SEDOL,,368739.0,,,892347.4815,0.0001
2024-12-31,Vision Super Fund,Balanced growth,Listed Equity,1,H WORLD GROUP LTD ADR USD,,BFMFKK7,SEDOL,,27858.0,,,1486158.93,0.0002
2024-12-31,Vision Super Fund,Balanced growth,Listed Equity,1,HAIDILAO INTERNATIONAL HOLDING LTD COMMON STOCK,,BGN9715,SEDOL,,429244.0,,,1417269.382,0.0002
2024-12-31,Vision Super Fund,Balanced growth,Listed Equity,1,HAIER SMART HOME CO LTD COMMON STOCK CNY 1,,BP3R3G9,SEDOL,,46140.0,,,290561.6769,0.0
2024-12-31,Vision Super Fund,Balanced growth,Listed Equity,1,HAIER SMART HOME CO LTD COMMON STOCK HKD 1,,BLD4QD0,SEDOL,,82247.0,,,469418.5289,0.0001
2024-12-31,Vision Super Fund,Balanced growth,Listed Equity,1,HALLIBURTON CO COMMON STOCK USD 2.5,,2405302,SEDOL,,112625.0,,,4945918.969,0.0007
2024-12-31,Vision Super Fund,Balanced growth,Listed Equity,1,HANA FINANCIAL GROUP INC COMMON STOCK KRW 5000,,B0RNRF5,SEDOL,,17203.0,,,1072026.91,0.0001
2024-12-31,Vision Super Fund,Balanced growth,Listed Equity,1,HANGZHOU TIGERMED CONSULTING CO LTD COMMON STOCK,,BMZC7F8,SEDOL,,102081.0,,,651601.4925,0.0001
2024-12-31,Vision Super Fund,Balanced growth,Listed Equity,1,HANKOOK TIRE & TECHNOLOGY CO LTD COMMON STOCK KRW,,B7T5KQ0,SEDOL,,1867.0,,,78638.3372,0.0
2024-12-31,Vision Super Fund,Balanced growth,Listed Equity,1,HANSEN TECHNOLOGIES LTD COMMON STOCK AUD 0,,6243252,SEDOL,,9167.0,,,49045.8222,0.0
2024-12-31,Vision Super Fund,Balanced growth,Listed Equity,1,HANSOH PHARMACEUTICAL GROUP CO LTD COMMON STOCK,,BJYKB72,SEDOL,,60664.0,,,217707.2535,0.0
2024-12-31,Vision Super Fund,Balanced growth,Listed Equity,1,HANWHA AEROSPACE CO LTD COMMON STOCK KRW 5000,,6772671,SEDOL,,981.0,,,351240.047,0.0
2024-12-31,Vision Super Fund,Balanced growth,Listed Equity,1,HARTFORD FINANCIAL SERVICES GROUP INC/THE COMMON,,2476193,SEDOL,,19350.0,,,3419689.294,0.0005
2024-12-31,Vision Super Fund,Balanced growth,Listed Equity,1,HCA HEALTHCARE INC COMMON STOCK USD 0.01,,B4MGBG6,SEDOL,,33316.0,,,16159676.05,0.0022
2024-12-31,Vision Super Fund,Balanced growth,Listed Equity,1,HCL TECHNOLOGIES LTD COMMON STOCK INR 2,,6294896,SEDOL,,49598.0,,,1794265.731,0.0002
2024-12-31,Vision Super Fund,Balanced growth,Listed Equity,1,HD HYUNDAI CO LTD COMMON STOCK KRW 1000,,BD4HFT1,SEDOL,,10462.0,,,909033.0822,0.0001
2024-12-31,Vision Super Fund,Balanced growth,Listed Equity,1,HDFC ASSET MANAGEMENT CO LTD COMMON STOCK INR 5,,BG0R3M5,SEDOL,,4090.0,,,325700.8768,0.0
2024-12-31,Vision Super Fund,Balanced growth,Listed Equity,1,HDFC BANK LTD COMMON STOCK INR 1,,BK1N461,SEDOL,,189750.0,,,6344077.58,0.0009
2024-12-31,Vision Super Fund,Balanced growth,Listed Equity,1,HDFC LIFE INSURANCE CO LTD COMMON STOCK INR 10,,BF0TRG6,SEDOL,,135208.0,,,1573790.663,0.0002
2024-12-31,Vision Super Fund,Balanced growth,Listed Equity,1,HEALIUS LTD COMMON STOCK AUD 0,,BFZYRL1,SEDOL,,1346016.0,,,1844042.444,0.0003
2024-12-31,Vision Super Fund,Balanced growth,Listed Equity,1,HEINEKEN NV COMMON STOCK EUR 1.6,,7792559,SEDOL,,26687.0,,,3056427.649,0.0004
2024-12-31,Vision Super Fund,Balanced growth,Listed Equity,1,HELIA GROUP LTD COMMON STOCK AUD,,BP5HL07,SEDOL,,746391.0,,,3336365.786,0.0005
2024-12-31,Vision Super Fund,Balanced growth,Listed Equity,1,HENKEL AG & CO KGAA PREFERENCE EUR 0,,5076705,SEDOL,,4199.0,,,592103.6402,0.0001
2024-12-31,Vision Super Fund,Balanced growth,Listed Equity,1,HERMES INTERNATIONAL SCA COMMON STOCK EUR 0,,5253973,SEDOL,,595.0,,,2309912.417,0.0003
2024-12-31,Vision Super Fund,Balanced growth,Listed Equity,1,HERO MOTOCORP LTD COMMON STOCK INR 2,,6327327,SEDOL,,14671.0,,,1151126.665,0.0002
2024-12-31,Vision Super Fund,Balanced growth,Listed Equity,1,HEWLETT PACKARD ENTERPRISE CO COMMON STOCK USD,,BYVYWS0,SEDOL,,99578.0,,,3433717.608,0.0005
2024-12-31,Vision Super Fund,Balanced growth,Listed Equity,1,HIKARI TSUSHIN INC COMMON STOCK JPY,,6416322,SEDOL,,700.0,,,247890.388,0.0
2024-12-31,Vision Super Fund,Balanced growth,Listed Equity,1,HINDUSTAN AERONAUTICS LTD COMMON STOCK INR 5,,BR56KD4,SEDOL,,11057.0,,,871890.0881,0.0001
2024-12-31,Vision Super Fund,Balanced growth,Listed Equity,1,HINDUSTAN PETROLEUM CORP LTD COMMON STOCK INR 10,,6100476,SEDOL,,177572.0,,,1367610.643,0.0002
2024-12-31,Vision Super Fund,Balanced growth,Listed Equity,1,HITACHI LTD COMMON STOCK JPY,,6429104,SEDOL,,134453.0,,,5435862.401,0.0008
2024-12-31,Vision Super Fund,Balanced growth,Listed Equity,1,HOME DEPOT INC/THE COMMON STOCK USD 0.05,,2434209,SEDOL,,12039.0,,,7567942.624,0.001
2024-12-31,Vision Super Fund,Balanced growth,Listed Equity,1,HON HAI PRECISION INDUSTRY CO LTD COMMON STOCK TWD,,6438564,SEDOL,,286406.0,,,2596186.814,0.0004
2024-12-31,Vision Super Fund,Balanced growth,Listed Equity,1,HONDA MOTOR CO LTD COMMON STOCK JPY,,6435145,SEDOL,,123137.0,,,1941228.962,0.0003
2024-12-31,Vision Super Fund,Balanced growth,Listed Equity,1,HONEYWELL INTERNATIONAL INC COMMON STOCK USD 1,,2020459,SEDOL,,6619.0,,,2415024.397,0.0003
2024-12-31,Vision Super Fund,Balanced growth,Listed Equity,1,HORIZON ROBOTICS INC COMMON STOCK HKD 0.0000025,,BS5YNY7,SEDOL,,694918.0,,,520155.9354,0.0001
2024-12-31,Vision Super Fund,Balanced growth,Listed Equity,1,HSBC HOLDINGS PLC COMMON STOCK GBP 0.5,,540528,SEDOL,,319468.0,,,5074696.19,0.0007
2024-12-31,Vision Super Fund,Balanced growth,Listed Equity,1,HUB24 LTD COMMON STOCK AUD 0,,BD4T5X1,SEDOL,,51117.0,,,3557767.441,0.0005
2024-12-31,Vision Super Fund,Balanced growth,Listed Equity,1,HUMANA INC COMMON STOCK USD 0.1666666,,2445063,SEDOL,,3321.0,,,1360141.546,0.0002
2024-12-31,Vision Super Fund,Balanced growth,Listed Equity,1,HUMM GROUP LTD COMMON STOCK AUD 0,,BN4KQK8,SEDOL,,955672.0,,,621186.8871,0.0001
2024-12-31,Vision Super Fund,Balanced growth,Listed Equity,1,HUNTINGTON BANCSHARES INC/OH COMMON STOCK USD 0.01,,2445966,SEDOL,,76509.0,,,2011735.74,0.0003
2024-12-31,Vision Super Fund,Balanced growth,Listed Equity,1,HYDRO ONE LTD COMMON STOCK CAD,,BYYXJY9,SEDOL,,26156.0,,,1297121.247,0.0002
2024-12-31,Vision Super Fund,Balanced growth,Listed Equity,1,HYUNDAI MOBIS CO LTD COMMON STOCK KRW 5000,,6449544,SEDOL,,5597.0,,,1452209.422,0.0002
2024-12-31,Vision Super Fund,Balanced growth,Listed Equity,1,IBERDROLA SA COMMON STOCK EUR 0.75,,B288C92,SEDOL,,221521.0,,,4927432.989,0.0007
2024-12-31,Vision Super Fund,Balanced growth,Listed Equity,1,ICICI BANK LTD COMMON STOCK INR 2,,BSZ2BY7,SEDOL,,60944.0,,,1475085.97,0.0002
2024-12-31,Vision Super Fund,Balanced growth,Listed Equity,1,IDEMITSU KOSAN CO LTD COMMON STOCK JPY,,B1FF8P7,SEDOL,,270307.0,,,2876532.612,0.0004
2024-12-31,Vision Super Fund,Balanced growth,Listed Equity,1,IDP EDUCATION LTD COMMON STOCK AUD,,BDB6DD1,SEDOL,,1204306.0,,,15162214.7,0.0021
2024-12-31,Vision Super Fund,Balanced growth,Listed Equity,1,IGM FINANCIAL INC COMMON STOCK CAD 0,,2469375,SEDOL,,55118.0,,,2833688.703,0.0004
2024-12-31,Vision Super Fund,Balanced growth,Listed Equity,1,IGO LTD COMMON STOCK AUD 0,,6439567,SEDOL,,630570.0,,,3007817.997,0.0004
2024-12-31,Vision Super Fund,Balanced growth,Listed Equity,1,ILLUMINA INC COMMON STOCK USD 0.01,,2613990,SEDOL,,11897.0,,,2567566.262,0.0004
2024-12-31,Vision Super Fund,Balanced growth,Listed Equity,1,ILUKA RESOURCES LTD COMMON STOCK AUD 0,,6957575,SEDOL,,124077.0,,,626591.073,0.0001
2024-12-31,Vision Super Fund,Balanced growth,Listed Equity,1,IMDEX LTD COMMON STOCK AUD 0,,6462154,SEDOL,,437507.0,,,1015015.974,0.0001
2024-12-31,Vision Super Fund,Balanced growth,Listed Equity,1,INCYTE CORP COMMON STOCK USD 0.001,,2471950,SEDOL,,22033.0,,,2458323.301,0.0003
2024-12-31,Vision Super Fund,Balanced growth,Listed Equity,1,INDIAN OIL CORP LTD COMMON STOCK INR 10,,6253767,SEDOL,,361498.0,,,929731.8868,0.0001
2024-12-31,Vision Super Fund,Balanced growth,Listed Equity,1,INFOMEDIA LTD COMMON STOCK AUD 0,,6268095,SEDOL,,579691.0,,,831856.4878,0.0001
2024-12-31,Vision Super Fund,Balanced growth,Listed Equity,1,INFOSYS LTD COMMON STOCK INR 5,,6205122,SEDOL,,80533.0,,,2864817.2,0.0004
2024-12-31,Vision Super Fund,Balanced growth,Listed Equity,1,ING GROEP NV COMMON STOCK EUR 0.01,,BZ57390,SEDOL,,423215.0,,,10709126.67,0.0015
2024-12-31,Vision Super Fund,Balanced growth,Listed Equity,1,INGHAMS GROUP LTD COMMON STOCK AUD,,BZCNHW2,SEDOL,,696480.0,,,2166054.023,0.0003
2024-12-31,Vision Super Fund,Balanced growth,Listed Equity,1,INSIGNIA FINANCIAL LTD COMMON STOCK AUD 0,,6714394,SEDOL,,1140785.0,,,4049787.098,0.0006
2024-12-31,Vision Super Fund,Balanced growth,Listed Equity,1,INSULET CORP COMMON STOCK USD 0.001,,B1XGNW4,SEDOL,,8137.0,,,3429432.089,0.0005
2024-12-31,Vision Super Fund,Balanced growth,Listed Equity,1,INSURANCE AUSTRALIA GROUP LTD COMMON STOCK AUD 0,,6271026,SEDOL,,1760563.0,,,14894366.81,0.0021
2024-12-31,Vision Super Fund,Balanced growth,Listed Equity,1,INTEGRAL DIAGNOSTICS LTD COMMON STOCK AUD,,BYV2ZK7,SEDOL,,217880.0,,,634030.6781,0.0001
2024-12-31,Vision Super Fund,Balanced growth,Listed Equity,1,INTERCONEXION ELECTRICA SA ESP COMMON STOCK COP,,2205706,SEDOL,,15636.0,,,95731.4265,0.0
2024-12-31,Vision Super Fund,Balanced growth,Listed Equity,1,INTERNATIONAL BUSINESS MACHINES CORPORATION,,2005973,SEDOL,,18791.0,,,6676464.177,0.0009
2024-12-31,Vision Super Fund,Balanced growth,Listed Equity,1,INTERNATIONAL CONTAINER TERMINAL SERVICES INC,,6455819,SEDOL,,18530.0,,,199298.844,0.0
2024-12-31,Vision Super Fund,Balanced growth,Listed Equity,1,INTERNATIONAL FLAVORS & FRAGRANCES INC COMMON,,2464165,SEDOL,,21651.0,,,2956943.53,0.0004
2024-12-31,Vision Super Fund,Balanced growth,Listed Equity,1,INTESA SANPAOLO SPA COMMON STOCK EUR 0,,4076836,SEDOL,,608375.0,,,3930012.545,0.0005
2024-12-31,Vision Super Fund,Balanced growth,Listed Equity,1,INTUIT INC COMMON STOCK USD 0.01,,2459020,SEDOL,,6545.0,,,6643597.737,0.0009
2024-12-31,Vision Super Fund,Balanced growth,Listed Equity,1,INTUITIVE SURGICAL INC COMMON STOCK USD 0.001,,2871301,SEDOL,,7429.0,,,6262581.676,0.0009
2024-12-31,Vision Super Fund,Balanced growth,Listed Equity,1,INVESTOR AB COMMON STOCK SEK 6.25,,BMV7PQ4,SEDOL,,24083.0,,,1027916.999,0.0001
2024-12-31,Vision Super Fund,Balanced growth,Listed Equity,1,IPH LTD COMMON STOCK AUD,,BS7K5S1,SEDOL,,92152.0,,,461680.4384,0.0001
2024-12-31,Vision Super Fund,Balanced growth,Listed Equity,1,IPSEN SA COMMON STOCK EUR 1,,B0R7JF1,SEDOL,,3016.0,,,558333.2057,0.0001
2024-12-31,Vision Super Fund,Balanced growth,Listed Equity,1,IQVIA HOLDINGS INC COMMON STOCK USD 0.01,,BDR73G1,SEDOL,,339.0,,,107803.726,0.0
2024-12-31,Vision Super Fund,Balanced growth,Listed Equity,1,IRESS LTD COMMON STOCK AUD 0,,6297497,SEDOL,,135485.0,,,1261361.349,0.0002
2024-12-31,Vision Super Fund,Balanced growth,Listed Equity,1,ITAU UNIBANCO HOLDING SA PREFERENCE BRL 0,,B037HR3,SEDOL,,210051.0,,,1686988.66,0.0002
2024-12-31,Vision Super Fund,Balanced growth,Listed Equity,1,ITOCHU CORP COMMON STOCK JPY,,6467803,SEDOL,,21933.0,,,1764870.226,0.0002
2024-12-31,Vision Super Fund,Balanced growth,Listed Equity,1,IVE GROUP LTD COMMON STOCK AUD,,BD08J52,SEDOL,,436060.0,,,893923.9635,0.0001
2024-12-31,Vision Super Fund,Balanced growth,Listed Equity,1,JAMES HARDIE INDUSTRIES PLC CDI AUD 0.59,,2F5236S,BB Ticker,,562213.0,,,27829554.57,0.0039
2024-12-31,Vision Super Fund,Balanced growth,Listed Equity,1,JB HI-FI LTD COMMON STOCK AUD 0,,6702623,SEDOL,,43146.0,,,3998744.482,0.0006
2024-12-31,Vision Super Fund,Balanced growth,Listed Equity,1,JBS S/A COMMON STOCK BRL 0,,B1V74X7,SEDOL,,93972.0,,,891805.1894,0.0001
2024-12-31,Vision Super Fund,Balanced growth,Listed Equity,1,JD LOGISTICS INC COMMON STOCK HKD 0.000025,,BNMBPD9,SEDOL,,134920.0,,,359074.3383,0.0001
2024-12-31,Vision Super Fund,Balanced growth,Listed Equity,1,JD.COM INC - CL A,,BKPQZT6,SEDOL,,76710.0,,,2169134.828,0.0003
2024-12-31,Vision Super Fund,Balanced growth,Listed Equity,1,JOBY AVIATION INC COMMON STOCK USD 0.0001,,BMCRLL0,SEDOL,,62994.0,,,827167.3825,0.0001
2024-12-31,Vision Super Fund,Balanced growth,Listed Equity,1,JOHNSON & JOHNSON COMMON STOCK USD 1,,2475833,SEDOL,,22046.0,,,5149753.42,0.0007
2024-12-31,Vision Super Fund,Balanced growth,Listed Equity,1,JPMORGAN CHASE & CO COMMON STOCK USD 1,,2190385,SEDOL,,65238.0,,,25284745.18,0.0035
2024-12-31,Vision Super Fund,Balanced growth,Listed Equity,1,JSC KASPI.KZ GDR-REG S,,BJY21K1,SEDOL,,11888.0,,,1818544.6,0.0003
2024-12-31,Vision Super Fund,Balanced growth,Listed Equity,1,JUDO CAPITAL HOLDINGS LTD COMMON STOCK AUD,,BMW7F41,SEDOL,,574954.0,,,1046417.094,0.0001
2024-12-31,Vision Super Fund,Balanced growth,Listed Equity,1,JUMBO INTERACTIVE LTD COMMON STOCK AUD 0,,6524474,SEDOL,,67748.0,,,943049.5153,0.0001
2024-12-31,Vision Super Fund,Balanced growth,Listed Equity,1,KANZHUN LTD ADR USD 0.0001,,BM91SH0,SEDOL,,35439.0,,,789878.9619,0.0001
2024-12-31,Vision Super Fund,Balanced growth,Listed Equity,1,KAROON ENERGY LTD COMMON STOCK AUD 0,,B00SV00,SEDOL,,313980.0,,,436432.7258,0.0001
2024-12-31,Vision Super Fund,Balanced growth,Listed Equity,1,KASIKORNBANK PCL FOREIGN SH. THB 10,,6888794,SEDOL,,455757.0,,,3346403.361,0.0005
2024-12-31,Vision Super Fund,Balanced growth,Listed Equity,1,KB FINANCIAL GROUP INC COMMON STOCK KRW 5000,,B3DF0Y6,SEDOL,,17396.0,,,1582138.221,0.0002
2024-12-31,Vision Super Fund,Balanced growth,Listed Equity,1,KBC GROUP NV COMMON STOCK EUR 0,,4497749,SEDOL,,26515.0,,,3304603.475,0.0005
2024-12-31,Vision Super Fund,Balanced growth,Listed Equity,1,KEURIG DR PEPPER INC COMMON STOCK USD 0.01,,BD3W133,SEDOL,,66443.0,,,3446889.235,0.0005
2024-12-31,Vision Super Fund,Balanced growth,Listed Equity,1,KEYSIGHT TECHNOLOGIES INC COMMON STOCK USD 0.01,,BQZJ0Q9,SEDOL,,5638.0,,,1463507.264,0.0002
2024-12-31,Vision Super Fund,Balanced growth,Listed Equity,1,KIA CORP COMMON STOCK KRW 5000,,6490928,SEDOL,,12923.0,,,1427757.172,0.0002
2024-12-31,Vision Super Fund,Balanced growth,Listed Equity,1,KINA SECURITIES LTD COMMON STOCK AUD,,BYWSCK3,SEDOL,,480013.0,,,544814.9234,0.0001
2024-12-31,Vision Super Fund,Balanced growth,Listed Equity,1,KINGFISHER PLC COMMON STOCK GBP 15.7143,,3319521,SEDOL,,549225.0,,,2761841.538,0.0004
2024-12-31,Vision Super Fund,Balanced growth,Listed Equity,1,KINGSOFT CORP LTD COMMON STOCK HKD 0.0005,,B27WRM3,SEDOL,,96830.0,,,677472.8987,0.0001
2024-12-31,Vision Super Fund,Balanced growth,Listed Equity,1,KINROSS GOLD CORP COMMON STOCK CAD 0,,B03Z841,SEDOL,,76757.0,,,1147308.595,0.0002
2024-12-31,Vision Super Fund,Balanced growth,Listed Equity,1,KLA CORP COMMON STOCK USD 0.001,,2480138,SEDOL,,3863.0,,,3930445.777,0.0005
2024-12-31,Vision Super Fund,Balanced growth,Listed Equity,1,KMD BRANDS LTD COMMON STOCK NZD,,6F7071S,BB Ticker,,947302.0,,,345765.2078,0.0
2024-12-31,Vision Super Fund,Balanced growth,Listed Equity,1,KOGAN.COM LTD COMMON STOCK AUD,,BYYY339,SEDOL,,126225.0,,,739677.687,0.0001
2024-12-31,Vision Super Fund,Balanced growth,Listed Equity,1,KOMATSU LTD COMMON STOCK JPY,,6496584,SEDOL,,80460.0,,,3593610.36,0.0005
2024-12-31,Vision Super Fund,Balanced growth,Listed Equity,1,KONINKLIJKE KPN NV COMMON STOCK EUR 0.04,,5956078,SEDOL,,55892.0,,,327635.0935,0.0
2024-12-31,Vision Super Fund,Balanced growth,Listed Equity,1,KONINKLIJKE PHILIPS NV COMMON STOCK EUR 0.2,,5986622,SEDOL,,72289.0,,,2949973.159,0.0004
2024-12-31,Vision Super Fund,Balanced growth,Listed Equity,1,KOREA INVESTMENT HOLDINGS CO LTD COMMON STOCK KRW,,6654586,SEDOL,,1740.0,,,136111.8442,0.0
2024-12-31,Vision Super Fund,Balanced growth,Listed Equity,1,KRAFT HEINZ CO/THE COMMON STOCK USD 0.01,,BYRY499,SEDOL,,43946.0,,,2179711.889,0.0003
2024-12-31,Vision Super Fund,Balanced growth,Listed Equity,1,KRAFTON INC COMMON STOCK KRW 100,,BMBP900,SEDOL,,2238.0,,,767352.5605,0.0001
2024-12-31,Vision Super Fund,Balanced growth,Listed Equity,1,KROGER CO/THE COMMON STOCK USD 1,,2497406,SEDOL,,36865.0,,,3642174.493,0.0005
2024-12-31,Vision Super Fund,Balanced growth,Listed Equity,1,KUAISHOU TECHNOLOGY COMMON STOCK HKD 0.0000053,,BLC90T0,SEDOL,,163957.0,,,1409624.716,0.0002
2024-12-31,Vision Super Fund,Balanced growth,Listed Equity,1,KUMBA IRON ORE LTD COMMON STOCK ZAR 0.01,,B1G4262,SEDOL,,14838.0,,,414333.1663,0.0001
2024-12-31,Vision Super Fund,Balanced growth,Listed Equity,1,KUNLUN ENERGY CO LTD COMMON STOCK HKD 0.01,,6340078,SEDOL,,748973.0,,,1306549.153,0.0002
2024-12-31,Vision Super Fund,Balanced growth,Listed Equity,1,KWEICHOW MOUTAI CO LTD COMMON STOCK CNY 1,,BP3R2F1,SEDOL,,4875.0,,,1643886.142,0.0002
2024-12-31,Vision Super Fund,Balanced growth,Listed Equity,1,LA FRANCAISE DES JEUX SACA COMMON STOCK EUR,,BG0SC10,SEDOL,,48332.0,,,3006994.815,0.0004
2024-12-31,Vision Super Fund,Balanced growth,Listed Equity,1,LAM RESEARCH CORP COMMON STOCK USD 0.001,,BSML4N7,SEDOL,,20295.0,,,2366583.223,0.0003
2024-12-31,Vision Super Fund,Balanced growth,Listed Equity,1,LAS VEGAS SANDS CORP COMMON STOCK USD 0.001,,B02T2J7,SEDOL,,38219.0,,,3172796.352,0.0004
2024-12-31,Vision Super Fund,Balanced growth,Listed Equity,1,LEG IMMOBILIEN SE COMMON STOCK EUR,,B9G6L89,SEDOL,,5608.0,,,766043.3158,0.0001
2024-12-31,Vision Super Fund,Balanced growth,Listed Equity,1,LEGRAND SA COMMON STOCK EUR 4,,B11ZRK9,SEDOL,,11170.0,,,1750769.66,0.0002
2024-12-31,Vision Super Fund,Balanced growth,Listed Equity,1,LENNAR CORP COMMON STOCK USD 0.1,,2511920,SEDOL,,13353.0,,,2940870.624,0.0004
2024-12-31,Vision Super Fund,Balanced growth,Listed Equity,1,LENOVO GROUP LTD COMMON STOCK HKD 0,,6218089,SEDOL,,235658.0,,,493901.8631,0.0001
2024-12-31,Vision Super Fund,Balanced growth,Listed Equity,1,LEONARDO SPA COMMON STOCK EUR 4.4,,B0DJNG0,SEDOL,,57140.0,,,2471290.063,0.0003
2024-12-31,Vision Super Fund,Balanced growth,Listed Equity,1,LIFE360 INC CDI AUD,,BJMXQ67,SEDOL,,11290.0,,,233242.1468,0.0
2024-12-31,Vision Super Fund,Balanced growth,Listed Equity,1,LIGHT & WONDER INC CDI AUD,,BMXNX11,SEDOL,,6983.0,,,957529.5948,0.0001
2024-12-31,Vision Super Fund,Balanced growth,Listed Equity,1,LINDE PLC COMMON STOCK EUR 0.001,,BNZHB81,SEDOL,,2239.0,,,1513952.156,0.0002
2024-12-31,Vision Super Fund,Balanced growth,Listed Equity,1,LINDSAY AUSTRALIA LTD COMMON STOCK AUD 0,,6103710,SEDOL,,388237.0,,,339706.9438,0.0
2024-12-31,Vision Super Fund,Balanced growth,Listed Equity,1,LLOYDS BANKING GROUP PLC COMMON STOCK GBP 10,,870612,SEDOL,,6989582.0,,,7744982.33,0.0011
2024-12-31,Vision Super Fund,Balanced growth,Listed Equity,1,LOBLAW COS LTD COMMON STOCK CAD 0,,2521800,SEDOL,,5280.0,,,1119575.699,0.0002
2024-12-31,Vision Super Fund,Balanced growth,Listed Equity,1,LOCALIZA RENT A CAR SA COMMON STOCK BRL 0,,B08K3S0,SEDOL,,181154.0,,,1525000.174,0.0002
2024-12-31,Vision Super Fund,Balanced growth,Listed Equity,1,LONGFOR GROUP HOLDINGS LTD COMMON STOCK HKD 0.1,,B56KLY9,SEDOL,,137078.0,,,285014.2844,0.0
2024-12-31,Vision Super Fund,Balanced growth,Listed Equity,1,L'OREAL SA COMMON STOCK EUR 0.2,,4057808,SEDOL,,5974.0,,,3409340.04,0.0005
2024-12-31,Vision Super Fund,Balanced growth,Listed Equity,1,LOTTERY CORP LTD/THE COMMON STOCK AUD,,BNRQW72,SEDOL,,2098726.0,,,10367704.62,0.0014
2024-12-31,Vision Super Fund,Balanced growth,Listed Equity,1,LOVISA HOLDINGS LTD COMMON STOCK AUD,,BT9PVP0,SEDOL,,28456.0,,,858247.3766,0.0001
2024-12-31,Vision Super Fund,Balanced growth,Listed Equity,1,LOWE'S COS INC COMMON STOCK USD 0.5,,2536763,SEDOL,,971.0,,,387202.2596,0.0001
2024-12-31,Vision Super Fund,Balanced growth,Listed Equity,1,LULULEMON ATHLETICA INC COMMON STOCK USD 0.005,,B23FN39,SEDOL,,1096.0,,,676921.7912,0.0001
2024-12-31,Vision Super Fund,Balanced growth,Listed Equity,1,LVMH MOET HENNESSY LOUIS VUITTON SE COMMON STOCK,,4061412,SEDOL,,1312.0,,,1394933.057,0.0002
2024-12-31,Vision Super Fund,Balanced growth,Listed Equity,1,LYCOPODIUM LTD COMMON STOCK AUD 0,,B044438,SEDOL,,99749.0,,,991500.1139,0.0001
2024-12-31,Vision Super Fund,Balanced growth,Listed Equity,1,LYNAS RARE EARTHS LTD COMMON STOCK AUD 0,,6121176,SEDOL,,630405.0,,,4053506.09,0.0006
2024-12-31,Vision Super Fund,Balanced growth,Listed Equity,1,MACMAHON HOLDINGS LTD COMMON STOCK AUD 0,,6551160,SEDOL,,7578631.0,,,2614627.669,0.0004
2024-12-31,Vision Super Fund,Balanced growth,Listed Equity,1,MACQUARIE GROUP LTD COMMON STOCK AUD 0,,B28YTC2,SEDOL,,261103.0,,,57873480.59,0.008
2024-12-31,Vision Super Fund,Balanced growth,Listed Equity,1,MADER GROUP LTD COMMON STOCK AUD,,BHNG8Z4,SEDOL,,40347.0,,,242079.5114,0.0
2024-12-31,Vision Super Fund,Balanced growth,Listed Equity,1,MAGELLAN FINANCIAL GROUP LTD COMMON STOCK AUD 0,,B015YX4,SEDOL,,415782.0,,,4623495.043,0.0006
2024-12-31,Vision Super Fund,Balanced growth,Listed Equity,1,MAHINDRA & MAHINDRA LTD COMMON STOCK INR 5,,6100186,SEDOL,,30312.0,,,1720087.078,0.0002
2024-12-31,Vision Super Fund,Balanced growth,Listed Equity,1,MALAYAN BANKING BHD COMMON STOCK MYR 0,,6556325,SEDOL,,392044.0,,,1447227.3,0.0002
2024-12-31,Vision Super Fund,Balanced growth,Listed Equity,1,MANULIFE FINANCIAL CORP COMMON STOCK CAD 0,,2492519,SEDOL,,18427.0,,,913029.4417,0.0001
2024-12-31,Vision Super Fund,Balanced growth,Listed Equity,1,MARATHON PETROLEUM CORP COMMON STOCK USD 0.01,,B3K3L40,SEDOL,,7902.0,,,1780675.519,0.0002
2024-12-31,Vision Super Fund,Balanced growth,Listed Equity,1,MARUBENI CORP COMMON STOCK JPY,,6569464,SEDOL,,6708.0,,,164866.1088,0.0
2024-12-31,Vision Super Fund,Balanced growth,Listed Equity,1,MARVELL TECHNOLOGY INC COMMON STOCK USD 0.002,,BNKJSM5,SEDOL,,20142.0,,,3593084.973,0.0005
2024-12-31,Vision Super Fund,Balanced growth,Listed Equity,1,MASCO CORP COMMON STOCK USD 1,,2570200,SEDOL,,24461.0,,,2867074.379,0.0004
2024-12-31,Vision Super Fund,Balanced growth,Listed Equity,1,MASTERCARD INC COMMON STOCK USD 0.0001,,B121557,SEDOL,,10905.0,,,9284900.111,0.0013
2024-12-31,Vision Super Fund,Balanced growth,Listed Equity,1,MATCH GROUP INC COMMON STOCK USD 0.001,,BK80XH9,SEDOL,,9552.0,,,504808.0982,0.0001
2024-12-31,Vision Super Fund,Balanced growth,Listed Equity,1,MAYNE PHARMA GROUP LTD COMMON STOCK AUD 0,,B1BHXL8,SEDOL,,115640.0,,,566634.6873,0.0001
2024-12-31,Vision Super Fund,Balanced growth,Listed Equity,1,MCCORMICK & CO INC/MD COMMON STOCK USD 0.01,,2550161,SEDOL,,27434.0,,,3378541.441,0.0005
2024-12-31,Vision Super Fund,Balanced growth,Listed Equity,1,MCDONALD'S CORP COMMON STOCK USD 0.01,,2550707,SEDOL,,3467.0,,,1623368.909,0.0002
2024-12-31,Vision Super Fund,Balanced growth,Listed Equity,1,MCKESSON CORP COMMON STOCK USD 0.01,,2378534,SEDOL,,463.0,,,426032.076,0.0001
2024-12-31,Vision Super Fund,Balanced growth,Listed Equity,1,MCMILLAN SHAKESPEARE LTD COMMON STOCK AUD 0,,B00G1Q0,SEDOL,,78086.0,,,1171289.651,0.0002
2024-12-31,Vision Super Fund,Balanced growth,Listed Equity,1,MEDIATEK INC COMMON STOCK TWD 10,,6372480,SEDOL,,41998.0,,,2927693.182,0.0004
2024-12-31,Vision Super Fund,Balanced growth,Listed Equity,1,MEDIBANK PVT LTD COMMON STOCK AUD,,BRTNNQ5,SEDOL,,4246505.0,,,16094252.93,0.0022
2024-12-31,Vision Super Fund,Balanced growth,Listed Equity,1,MEDTRONIC PLC COMMON STOCK USD 0.1,,BTN1Y11,SEDOL,,35471.0,,,4576912.546,0.0006
2024-12-31,Vision Super Fund,Balanced growth,Listed Equity,1,MEITUAN COMMON STOCK HKD 0.00001,,BGJW376,SEDOL,,187138.0,,,5902610.306,0.0008
2024-12-31,Vision Super Fund,Balanced growth,Listed Equity,1,MERCADOLIBRE INC COMMON STOCK USD 0.001,,B23X1H3,SEDOL,,3080.0,,,8458136.138,0.0012
2024-12-31,Vision Super Fund,Balanced growth,Listed Equity,1,MERCK & CO INC COMMON STOCK USD 0.5,,2778844,SEDOL,,18786.0,,,3018616.377,0.0004
2024-12-31,Vision Super Fund,Balanced growth,Listed Equity,1,MERIDIAN ENERGY LTD COMMON STOCK NZD 0,,BWFD052,SEDOL,,64760.0,,,346321.6751,0.0
2024-12-31,Vision Super Fund,Balanced growth,Listed Equity,1,MERITZ FINANCIAL GROUP INC COMMON STOCK KRW 500,,B4WRJD2,SEDOL,,3825.0,,,435987.3196,0.0001
2024-12-31,Vision Super Fund,Balanced growth,Listed Equity,1,MESOBLAST LTD COMMON STOCK AUD 0,,B04SF48,SEDOL,,205697.0,,,637660.7989,0.0001
2024-12-31,Vision Super Fund,Balanced growth,Listed Equity,1,META PLATFORMS INC COMMON STOCK USD 0.000006,,B7TL820,SEDOL,,61928.0,,,58566208.02,0.0081
2024-12-31,Vision Super Fund,Balanced growth,Listed Equity,1,METCASH LTD COMMON STOCK AUD 0,,B0744W4,SEDOL,,572891.0,,,1775961.443,0.0002
2024-12-31,Vision Super Fund,Balanced growth,Listed Equity,1,METROPOLITAN BANK & TRUST CO COMMON STOCK PHP 20,,6514442,SEDOL,,130277.0,,,261901.7339,0.0
2024-12-31,Vision Super Fund,Balanced growth,Listed Equity,1,METTLER-TOLEDO INTERNATIONAL INC COMMON STOCK USD,,2126249,SEDOL,,1034.0,,,2044019.965,0.0003
2024-12-31,Vision Super Fund,Balanced growth,Listed Equity,1,MICROSOFT CORP COMMON STOCK USD 0.00000625,,2588173,SEDOL,,125187.0,,,85179282.24,0.0118
2024-12-31,Vision Super Fund,Balanced growth,Listed Equity,1,MIDEA GROUP CO LTD COMMON STOCK CNY 1,,BD5CPP1,SEDOL,,10733.0,,,178639.7491,0.0
2024-12-31,Vision Super Fund,Balanced growth,Listed Equity,1,MINERAL RESOURCES LTD COMMON STOCK AUD 0,,B17ZL56,SEDOL,,183956.0,,,6300479.956,0.0009
2024-12-31,Vision Super Fund,Balanced growth,Listed Equity,1,MIRAE ASSET SECURITIES CO LTD COMMON STOCK KRW,,6249658,SEDOL,,37155.0,,,327326.2471,0.0
2024-12-31,Vision Super Fund,Balanced growth,Listed Equity,1,MITSUBISHI ELECTRIC CORP COMMON STOCK JPY,,6597045,SEDOL,,124129.0,,,3422594.638,0.0005
2024-12-31,Vision Super Fund,Balanced growth,Listed Equity,1,MITSUBISHI ESTATE CO LTD COMMON STOCK JPY,,6596729,SEDOL,,20999.0,,,474020.2323,0.0001
2024-12-31,Vision Super Fund,Balanced growth,Listed Equity,1,MITSUI & CO LTD COMMON STOCK JPY,,6597302,SEDOL,,123721.0,,,4206000.685,0.0006
2024-12-31,Vision Super Fund,Balanced growth,Listed Equity,1,MITSUI FUDOSAN CO LTD COMMON STOCK JPY,,6597603,SEDOL,,153017.0,,,1993984.517,0.0003
2024-12-31,Vision Super Fund,Balanced growth,Listed Equity,1,MODERNA INC COMMON STOCK USD 0.0001,,BGSXTS3,SEDOL,,16089.0,,,1080200.435,0.0002
2024-12-31,Vision Super Fund,Balanced growth,Listed Equity,1,MONADELPHOUS GROUP LTD COMMON STOCK AUD 0,,6600471,SEDOL,,80399.0,,,1125589.452,0.0002
2024-12-31,Vision Super Fund,Balanced growth,Listed Equity,1,MONASH IVF GROUP LTD COMMON STOCK AUD 0,,BMSK748,SEDOL,,311349.0,,,395413.0713,0.0001
2024-12-31,Vision Super Fund,Balanced growth,Listed Equity,1,MONCLER SPA COMMON STOCK EUR 0,,BGLP232,SEDOL,,21026.0,,,1792020.952,0.0002
2024-12-31,Vision Super Fund,Balanced growth,Listed Equity,1,MONDELEZ INTERNATIONAL INC COMMON STOCK USD 0,,B8CKK03,SEDOL,,40769.0,,,3933011.102,0.0005
2024-12-31,Vision Super Fund,Balanced growth,Listed Equity,1,MONETA MONEY BANK AS COMMON STOCK CZK 20,,BD3CQ16,SEDOL,,140953.0,,,1161126.41,0.0002
2024-12-31,Vision Super Fund,Balanced growth,Listed Equity,1,MORGAN STANLEY COMMON STOCK USD 0.01,,2262314,SEDOL,,30816.0,,,6260213.862,0.0009
2024-12-31,Vision Super Fund,Balanced growth,Listed Equity,1,MOTOROLA SOLUTIONS INC COMMON STOCK USD 0.01,,B5BKPQ4,SEDOL,,5615.0,,,4190885.654,0.0006
2024-12-31,Vision Super Fund,Balanced growth,Listed Equity,1,MUENCHENER RUECKVERSICHERUNGS-GESELLSCHAFT AG IN,,5294121,SEDOL,,4182.0,,,3404587.049,0.0005
2024-12-31,Vision Super Fund,Balanced growth,Listed Equity,1,MUTHOOT FINANCE LTD COMMON STOCK INR 10,,B40MFF3,SEDOL,,35080.0,,,1414128.806,0.0002
2024-12-31,Vision Super Fund,Balanced growth,Listed Equity,1,MYER HOLDINGS LTD COMMON STOCK AUD,,B50YPZ6,SEDOL,,2114881.0,,,2326368.569,0.0003
2024-12-31,Vision Super Fund,Balanced growth,Listed Equity,1,MYSTATE LTD COMMON STOCK AUD,,B41XHK4,SEDOL,,264475.0,,,1171622.642,0.0002
2024-12-31,Vision Super Fund,Balanced growth,Listed Equity,1,NANOSONICS LTD COMMON STOCK AUD 0,,B1WF979,SEDOL,,153006.0,,,460548.6434,0.0001
2024-12-31,Vision Super Fund,Balanced growth,Listed Equity,1,NASPERS LTD COMMON STOCK ZAR 2,,BN0VX82,SEDOL,,5582.0,,,1993751.945,0.0003
2024-12-31,Vision Super Fund,Balanced growth,Listed Equity,1,NATIONAL AUSTRALIA BANK LTD COMMON STOCK AUD 0,,6624608,SEDOL,,2231200.0,,,82777521.05,0.0115
2024-12-31,Vision Super Fund,Balanced growth,Listed Equity,1,NATIONAL BANK OF CANADA COMMON STOCK,,2077303,SEDOL,,15703.0,,,2306490.3,0.0003
2024-12-31,Vision Super Fund,Balanced growth,Listed Equity,1,NATWEST GROUP PLC COMMON STOCK GBP 107.69,,BM8PJY7,SEDOL,,880280.0,,,7159817.629,0.001
2024-12-31,Vision Super Fund,Balanced growth,Listed Equity,1,NAVIGATOR GLOBAL INVESTMENTS LTD COMMON STOCK AUD,,4F4145S,BB Ticker,,566229.0,,,973913.8713,0.0001
2024-12-31,Vision Super Fund,Balanced growth,Listed Equity,1,NEC CORP COMMON STOCK JPY,,6640400,SEDOL,,12075.0,,,1701881.537,0.0002
2024-12-31,Vision Super Fund,Balanced growth,Listed Equity,1,NEDBANK GROUP LTD COMMON STOCK ZAR 100,,6628008,SEDOL,,20883.0,,,503522.1514,0.0001
2024-12-31,Vision Super Fund,Balanced growth,Listed Equity,1,NESTLE SA COMMON STOCK CHF 0.1,,7123870,SEDOL,,51991.0,,,6934508.523,0.001
2024-12-31,Vision Super Fund,Balanced growth,Listed Equity,1,NETAPP INC COMMON STOCK USD 0.001,,2630643,SEDOL,,17702.0,,,3316887.12,0.0005
2024-12-31,Vision Super Fund,Balanced growth,Listed Equity,1,NETEASE INC COMMON STOCK CNY 0.0001,,BM93SF4,SEDOL,,32724.0,,,941667.7962,0.0001
2024-12-31,Vision Super Fund,Balanced growth,Listed Equity,1,NETFLIX INC COMMON STOCK USD 0.001,,2857817,SEDOL,,11087.0,,,15959315.5,0.0022
2024-12-31,Vision Super Fund,Balanced growth,Listed Equity,1,NETWEALTH GROUP LTD COMMON STOCK AUD,,BF52PL1,SEDOL,,63709.0,,,1831000.061,0.0003
2024-12-31,Vision Super Fund,Balanced growth,Listed Equity,1,NEUREN PHARMACEUTICALS LTD COMMON STOCK AUD 0,,B04LVF0,SEDOL,,21011.0,,,262212.1519,0.0
2024-12-31,Vision Super Fund,Balanced growth,Listed Equity,1,NEWMONT CORP CDI AUD,,BRDVMB3,SEDOL,,54608.0,,,3249147.425,0.0005
2024-12-31,Vision Super Fund,Balanced growth,Listed Equity,1,NEWS CORP CDI AUD 0,,6F3815S,BB Ticker,,252630.0,,,12126232.02,0.0017
2024-12-31,Vision Super Fund,Balanced growth,Listed Equity,1,NEXT PLC COMMON STOCK GBP 10,,3208986,SEDOL,,7902.0,,,1518180.977,0.0002
2024-12-31,Vision Super Fund,Balanced growth,Listed Equity,1,NEXTDC LTD COMMON STOCK AUD 0,,B5LMKP4,SEDOL,,224052.0,,,3376456.407,0.0005
2024-12-31,Vision Super Fund,Balanced growth,Listed Equity,1,NEXTERA ENERGY INC COMMON STOCK USD 0.01,,2328915,SEDOL,,2077.0,,,240477.4406,0.0
2024-12-31,Vision Super Fund,Balanced growth,Listed Equity,1,NH INVESTMENT & SECURITIES CO LTD COMMON STOCK KRW,,6537085,SEDOL,,76252.0,,,1167013.867,0.0002
2024-12-31,Vision Super Fund,Balanced growth,Listed Equity,1,NIB HOLDINGS LTD/AUSTRALIA COMMON STOCK AUD 0,,B28ZM60,SEDOL,,194481.0,,,1065755.208,0.0001
2024-12-31,Vision Super Fund,Balanced growth,Listed Equity,1,NICE LTD COMMON STOCK ILS 1,,6647133,SEDOL,,3068.0,,,844565.306,0.0001
2024-12-31,Vision Super Fund,Balanced growth,Listed Equity,1,NICK SCALI LTD COMMON STOCK AUD 0,,B00VZV8,SEDOL,,517080.0,,,7761373.221,0.0011
2024-12-31,Vision Super Fund,Balanced growth,Listed Equity,1,NIKE INC COMMON STOCK USD 0,,2640147,SEDOL,,1774.0,,,216921.6545,0.0
2024-12-31,Vision Super Fund,Balanced growth,Listed Equity,1,NITTO DENKO CORP COMMON STOCK JPY,,6641801,SEDOL,,117071.0,,,3221967.197,0.0004
2024-12-31,Vision Super Fund,Balanced growth,Listed Equity,1,NMDC LTD COMMON STOCK INR 1,,6148119,SEDOL,,460211.0,,,570664.4725,0.0001
2024-12-31,Vision Super Fund,Balanced growth,Listed Equity,1,NN GROUP NV COMMON STOCK EUR 0.12,,BNG8PQ9,SEDOL,,43072.0,,,3030536.316,0.0004
2024-12-31,Vision Super Fund,Balanced growth,Listed Equity,1,NOKIA OYJ COMMON STOCK EUR 0,,5902941,SEDOL,,47684.0,,,340011.3219,0.0
2024-12-31,Vision Super Fund,Balanced growth,Listed Equity,1,NOMURA HOLDINGS INC COMMON STOCK JPY,,6643108,SEDOL,,351329.0,,,3361803.764,0.0005
2024-12-31,Vision Super Fund,Balanced growth,Listed Equity,1,NORDEA BANK ABP COMMON STOCK EUR 1,,BFM0SV9,SEDOL,,30984.0,,,543321.9751,0.0001
2024-12-31,Vision Super Fund,Balanced growth,Listed Equity,1,NORTHERN STAR RESOURCES LTD COMMON STOCK AUD 0,,6717456,SEDOL,,408452.0,,,6306492.61,0.0009
2024-12-31,Vision Super Fund,Balanced growth,Listed Equity,1,NORTHERN TRUST CORP COMMON STOCK USD 1.666666,,2648668,SEDOL,,21181.0,,,3503368.055,0.0005
2024-12-31,Vision Super Fund,Balanced growth,Listed Equity,1,NORTHROP GRUMMAN CORP COMMON STOCK USD 1,,2648806,SEDOL,,10884.0,,,8238763.961,0.0011
2024-12-31,Vision Super Fund,Balanced growth,Listed Equity,1,NOVARTIS AG COMMON STOCK CHF 0.49,,7103065,SEDOL,,69489.0,,,10982397.12,0.0015
2024-12-31,Vision Super Fund,Balanced growth,Listed Equity,1,NOVATEK MICROELECTRONICS CORP COMMON STOCK TWD 10,,6346333,SEDOL,,39665.0,,,979001.2884,0.0001
2024-12-31,Vision Super Fund,Balanced growth,Listed Equity,1,NOVO NORDISK A/S COMMON STOCK DKK 0.1,,BP6KMJ1,SEDOL,,30430.0,,,4233330.373,0.0006
2024-12-31,Vision Super Fund,Balanced growth,Listed Equity,1,NRW HOLDINGS LTD COMMON STOCK AUD 0,,B23XW70,SEDOL,,772630.0,,,2966900.927,0.0004
2024-12-31,Vision Super Fund,Balanced growth,Listed Equity,1,NU HOLDINGS LTD/CAYMAN ISLANDS COMMON STOCK USD,,BN6NP19,SEDOL,,329847.0,,,5519202.924,0.0008
2024-12-31,Vision Super Fund,Balanced growth,Listed Equity,1,NUFARM LTD COMMON STOCK AUD 0,,6335331,SEDOL,,516798.0,,,1829466.308,0.0003
2024-12-31,Vision Super Fund,Balanced growth,Listed Equity,1,NUIX LTD COMMON STOCK AUD,,BMW7P63,SEDOL,,104290.0,,,659112.5391,0.0001
2024-12-31,Vision Super Fund,Balanced growth,Listed Equity,1,NVIDIA CORP COMMON STOCK USD 0.001,,2379504,SEDOL,,379635.0,,,82267020.23,0.0114
2024-12-31,Vision Super Fund,Balanced growth,Listed Equity,1,NXP SEMICONDUCTORS NV COMMON STOCK USD 0.2,,B505PN7,SEDOL,,3842.0,,,1289860.912,0.0002
2024-12-31,Vision Super Fund,Balanced growth,Listed Equity,1,OBJECTIVE CORP LTD COMMON STOCK AUD 0,,6283407,SEDOL,,32617.0,,,517962.2425,0.0001
2024-12-31,Vision Super Fund,Balanced growth,Listed Equity,1,OFX GROUP LTD COMMON STOCK AUD,,BFG1Q58,SEDOL,,329801.0,,,465020.0331,0.0001
2024-12-31,Vision Super Fund,Balanced growth,Listed Equity,1,OIL & NATURAL GAS CORP LTD COMMON STOCK INR 5,,6139362,SEDOL,,209294.0,,,944449.8688,0.0001
2024-12-31,Vision Super Fund,Balanced growth,Listed Equity,1,OLD MUTUAL LTD COMMON STOCK ZAR,,BDVPYN5,SEDOL,,197420.0,,,211387.8299,0.0
2024-12-31,Vision Super Fund,Balanced growth,Listed Equity,1,OMNICOM GROUP INC COMMON STOCK USD 0.15,,2279303,SEDOL,,20413.0,,,2836688.118,0.0004
2024-12-31,Vision Super Fund,Balanced growth,Listed Equity,1,OOH MEDIA LTD,,BSXN8D0,SEDOL,,943086.0,,,1108125.922,0.0002
2024-12-31,Vision Super Fund,Balanced growth,Listed Equity,1,OPAP SA COMMON STOCK EUR 0.3,,7107250,SEDOL,,50203.0,,,1316536.701,0.0002
2024-12-31,Vision Super Fund,Balanced growth,Listed Equity,1,OPEN TEXT CORP COMMON STOCK EUR 0,,2260824,SEDOL,,62871.0,,,2866541.127,0.0004
2024-12-31,Vision Super Fund,Balanced growth,Listed Equity,1,ORACLE CORP COMMON STOCK USD 0.01,,2661568,SEDOL,,32532.0,,,8758524.615,0.0012
2024-12-31,Vision Super Fund,Balanced growth,Listed Equity,1,ORICA LTD COMMON STOCK AUD 0,,6458001,SEDOL,,142657.0,,,2365258.275,0.0003
2024-12-31,Vision Super Fund,Balanced growth,Listed Equity,1,ORIGIN ENERGY LTD COMMON STOCK AUD 0,,6214861,SEDOL,,323165.0,,,3519265.547,0.0005
2024-12-31,Vision Super Fund,Balanced growth,Listed Equity,1,ORIX CORP COMMON STOCK JPY,,6661144,SEDOL,,91347.0,,,3198357.904,0.0004
2024-12-31,Vision Super Fund,Balanced growth,Listed Equity,1,ORKLA ASA COMMON STOCK NOK 1.25,,B1VQF42,SEDOL,,76056.0,,,1063202.505,0.0001
2024-12-31,Vision Super Fund,Balanced growth,Listed Equity,1,ORORA LTD COMMON STOCK AUD,,BH4TCW7,SEDOL,,3036739.0,,,7470378.337,0.001
2024-12-31,Vision Super Fund,Balanced growth,Listed Equity,1,OTSUKA HOLDINGS CO LTD COMMON STOCK JPY,,B5LTM93,SEDOL,,37157.0,,,3280165.569,0.0005
2024-12-31,Vision Super Fund,Balanced growth,Listed Equity,1,OVERSEA-CHINESE BANKING CORP LTD COMMON STOCK SGD,,B0F9V20,SEDOL,,200193.0,,,3953397.38,0.0005
2024-12-31,Vision Super Fund,Balanced growth,Listed Equity,1,OVINTIV INC COMMON STOCK USD,,BJ01KB6,SEDOL,,30990.0,,,2026100.509,0.0003
2024-12-31,Vision Super Fund,Balanced growth,Listed Equity,1,PACCAR INC COMMON STOCK USD 1,,2665861,SEDOL,,22243.0,,,3735202.979,0.0005
2024-12-31,Vision Super Fund,Balanced growth,Listed Equity,1,PAGE INDUSTRIES LTD COMMON STOCK INR 10,,B1VJS64,SEDOL,,624.0,,,556830.0626,0.0001
2024-12-31,Vision Super Fund,Balanced growth,Listed Equity,1,PALANTIR TECHNOLOGIES INC COMMON STOCK USD 0.001,,BN78DQ4,SEDOL,,1555.0,,,189983.9233,0.0
2024-12-31,Vision Super Fund,Balanced growth,Listed Equity,1,PANDORA A/S COMMON STOCK DKK 0.01,,B44XTX8,SEDOL,,11744.0,,,3474169.907,0.0005
2024-12-31,Vision Super Fund,Balanced growth,Listed Equity,1,PARKER-HANNIFIN CORP COMMON STOCK USD 0.5,,2671501,SEDOL,,4119.0,,,4226867.28,0.0006
2024-12-31,Vision Super Fund,Balanced growth,Listed Equity,1,PARKLAND CORP/CANADA,,BLFHPV8,SEDOL,,74602.0,,,2720309.79,0.0004
2024-12-31,Vision Super Fund,Balanced growth,Listed Equity,1,PAYPAL HOLDINGS INC COMMON STOCK USD 0.0001,,BYW36M8,SEDOL,,15874.0,,,2187934.164,0.0003
2024-12-31,Vision Super Fund,Balanced growth,Listed Equity,1,PDD HOLDINGS INC ADR USD 0.00002,,BYVW0F7,SEDOL,,34691.0,,,5433213.363,0.0008
2024-12-31,Vision Super Fund,Balanced growth,Listed Equity,1,PEGATRON CORP COMMON STOCK TWD 10,,B4PLX17,SEDOL,,109663.0,,,495949.1548,0.0001
2024-12-31,Vision Super Fund,Balanced growth,Listed Equity,1,PENTAIR PLC COMMON STOCK USD 0.01,,BLS09M3,SEDOL,,20093.0,,,3265758.51,0.0005
2024-12-31,Vision Super Fund,Balanced growth,Listed Equity,1,PEPPER MONEY LTD/AUSTRALIA COMMON STOCK AUD,,BMBPP68,SEDOL,,1169652.0,,,1643361.168,0.0002
2024-12-31,Vision Super Fund,Balanced growth,Listed Equity,1,PEPSICO INC COMMON STOCK USD 0.017,,2681511,SEDOL,,42471.0,,,10429268.52,0.0014
2024-12-31,Vision Super Fund,Balanced growth,Listed Equity,1,PERENTI LTD COMMON STOCK AUD 0,,BKRKNV4,SEDOL,,3083634.0,,,4301670.095,0.0006
2024-12-31,Vision Super Fund,Balanced growth,Listed Equity,1,PERNOD RICARD SA COMMON STOCK EUR 1.55,,4682329,SEDOL,,14331.0,,,2608846.651,0.0004
2024-12-31,Vision Super Fund,Balanced growth,Listed Equity,1,PERSEUS MINING LTD COMMON STOCK AUD 0,,B02FBC1,SEDOL,,1162938.0,,,2988749.841,0.0004
2024-12-31,Vision Super Fund,Balanced growth,Listed Equity,1,PETRONET LNG LTD COMMON STOCK INR 10,,B00KT68,SEDOL,,219856.0,,,1436736.791,0.0002
2024-12-31,Vision Super Fund,Balanced growth,Listed Equity,1,PEXA GROUP LTD COMMON STOCK AUD,,BMD0WJ3,SEDOL,,247205.0,,,3228496.624,0.0004
2024-12-31,Vision Super Fund,Balanced growth,Listed Equity,1,PFIZER INC COMMON STOCK USD 0.05,,2684703,SEDOL,,84455.0,,,3620200.952,0.0005
2024-12-31,Vision Super Fund,Balanced growth,Listed Equity,1,PG&E CORP COMMON STOCK USD 0,,2689560,SEDOL,,95568.0,,,3117926.658,0.0004
2024-12-31,Vision Super Fund,Balanced growth,Listed Equity,1,PHILLIPS 66 COMMON STOCK USD,,B78C4Y8,SEDOL,,5123.0,,,942371.9416,0.0001
2024-12-31,Vision Super Fund,Balanced growth,Listed Equity,1,PICC PROPERTY & CASUALTY CO LTD COMMON STOCK HKD 1,,6706250,SEDOL,,92163.0,,,234550.9885,0.0
2024-12-31,Vision Super Fund,Balanced growth,Listed Equity,1,PIDILITE INDUSTRIES LTD COMMON STOCK INR 1,,B0JJV59,SEDOL,,20267.0,,,1108764.94,0.0002
2024-12-31,Vision Super Fund,Balanced growth,Listed Equity,1,PILBARA MINERALS LTD COMMON STOCK AUD 0,,B2368L5,SEDOL,,1329311.0,,,2911191.737,0.0004
2024-12-31,Vision Super Fund,Balanced growth,Listed Equity,1,PING AN INSURANCE GROUP CO OF CHINA LTD COMMON,,B01FLR7,SEDOL,,181993.0,,,1742540.965,0.0002
2024-12-31,Vision Super Fund,Balanced growth,Listed Equity,1,PING AN INSURANCE GROUP CO OF CHINA LTD COMMON,,BP3R284,SEDOL,,49348.0,,,574904.4756,0.0001
2024-12-31,Vision Super Fund,Balanced growth,Listed Equity,1,PINNACLE INVESTMENT MANAGEMENT GROUP LTD COMMON,,BD0F7H1,SEDOL,,35763.0,,,817175.1197,0.0001
2024-12-31,Vision Super Fund,Balanced growth,Listed Equity,1,PLATINUM ASSET MANAGEMENT LTD COMMON STOCK AUD 0,,B1XK7G8,SEDOL,,1342141.0,,,926077.0654,0.0001
2024-12-31,Vision Super Fund,Balanced growth,Listed Equity,1,POINTSBET HOLDINGS LTD COMMON STOCK AUD,,BJYJ845,SEDOL,,486206.0,,,486205.9931,0.0001
2024-12-31,Vision Super Fund,Balanced growth,Listed Equity,1,POP MART INTERNATIONAL GROUP LTD COMMON STOCK HKD,,BN6PP37,SEDOL,,75364.0,,,1404790.543,0.0002
2024-12-31,Vision Super Fund,Balanced growth,Listed Equity,1,POU CHEN CORP COMMON STOCK TWD 10,,6696157,SEDOL,,552980.0,,,1005243.63,0.0001
2024-12-31,Vision Super Fund,Balanced growth,Listed Equity,1,POWER CORP OF CANADA COMMON STOCK CAD 0,,2697701,SEDOL,,63726.0,,,3202553.657,0.0004
2024-12-31,Vision Super Fund,Balanced growth,Listed Equity,1,POWER FINANCE CORP LTD COMMON STOCK INR 10,,B1S7225,SEDOL,,114849.0,,,972173.1057,0.0001
2024-12-31,Vision Super Fund,Balanced growth,Listed Equity,1,POWER GRID CORP OF INDIA LTD COMMON STOCK INR 10,,B233HS6,SEDOL,,250107.0,,,1455833.173,0.0002
2024-12-31,Vision Super Fund,Balanced growth,Listed Equity,1,PPG INDUSTRIES INC COMMON STOCK USD 1.66666,,2698470,SEDOL,,2473.0,,,477032.6607,0.0001
2024-12-31,Vision Super Fund,Balanced growth,Listed Equity,1,PRAEMIUM LTD COMMON STOCK AUD 0,,B13YTQ4,SEDOL,,504549.0,,,365798.1463,0.0001
2024-12-31,Vision Super Fund,Balanced growth,Listed Equity,1,PREMIER INVESTMENTS LTD COMMON STOCK AUD 0,,6699781,SEDOL,,347425.0,,,11141928.6,0.0015
2024-12-31,Vision Super Fund,Balanced growth,Listed Equity,1,PRINCIPAL FINANCIAL GROUP INC COMMON STOCK USD,,2803014,SEDOL,,12028.0,,,1503875.828,0.0002
2024-12-31,Vision Super Fund,Balanced growth,Listed Equity,1,PRO MEDICUS LTD COMMON STOCK AUD 0,,6292782,SEDOL,,20375.0,,,5096240.331,0.0007
2024-12-31,Vision Super Fund,Balanced growth,Listed Equity,1,PROGRESSIVE CORP/THE COMMON STOCK USD 1,,2705024,SEDOL,,969.0,,,375478.7692,0.0001
2024-12-31,Vision Super Fund,Balanced growth,Listed Equity,1,PROMOTORA Y OPERADORA DE INFRAESTRUCTURA SAB DE CV,,2393388,SEDOL,,91332.0,,,1249536.691,0.0002
2024-12-31,Vision Super Fund,Balanced growth,Listed Equity,1,PRUDENTIAL FINANCIAL INC COMMON STOCK USD 0.01,,2819118,SEDOL,,19682.0,,,3769102.599,0.0005
2024-12-31,Vision Super Fund,Balanced growth,Listed Equity,1,PUBLICIS GROUPE SA COMMON STOCK EUR 0.4,,4380429,SEDOL,,33665.0,,,5765490.34,0.0008
2024-12-31,Vision Super Fund,Balanced growth,Listed Equity,1,PULTEGROUP INC COMMON STOCK USD 0.01,,2708841,SEDOL,,15764.0,,,2773182.97,0.0004
2024-12-31,Vision Super Fund,Balanced growth,Listed Equity,1,QANTAS AIRWAYS LTD COMMON STOCK AUD 0,,6710347,SEDOL,,200119.0,,,1795066.64,0.0002
2024-12-31,Vision Super Fund,Balanced growth,Listed Equity,1,QATAR ISLAMIC BANK QPSC COMMON STOCK QAR 1,,6713982,SEDOL,,49251.0,,,457705.2581,0.0001
2024-12-31,Vision Super Fund,Balanced growth,Listed Equity,1,QATAR NATIONAL BANK QPSC COMMON STOCK QAR 1,,6148197,SEDOL,,14295.0,,,108562.1486,0.0
2024-12-31,Vision Super Fund,Balanced growth,Listed Equity,1,QBE INSURANCE GROUP LTD COMMON STOCK AUD 0,,6715740,SEDOL,,562321.0,,,10796568.57,0.0015
2024-12-31,Vision Super Fund,Balanced growth,Listed Equity,1,QIFU TECHNOLOGY INC ADR USD 0.00001,,BFMV9Y2,SEDOL,,22390.0,,,1387943.238,0.0002
2024-12-31,Vision Super Fund,Balanced growth,Listed Equity,1,QUALCOMM INC COMMON STOCK USD 0.0001,,2714923,SEDOL,,26465.0,,,6566315.256,0.0009
2024-12-31,Vision Super Fund,Balanced growth,Listed Equity,1,QUBE HOLDINGS LTD COMMON STOCK AUD,,B1L4BC6,SEDOL,,648263.0,,,2573602.652,0.0004
2024-12-31,Vision Super Fund,Balanced growth,Listed Equity,1,QUEST DIAGNOSTICS INC COMMON STOCK USD 0.01,,2702791,SEDOL,,1283.0,,,312847.1606,0.0
2024-12-31,Vision Super Fund,Balanced growth,Listed Equity,1,RAIA DROGASIL SA COMMON STOCK BRL 0,,B7FQV64,SEDOL,,254997.0,,,1465977.779,0.0002
2024-12-31,Vision Super Fund,Balanced growth,Listed Equity,1,RAMELIUS RESOURCES LTD COMMON STOCK AUD 0,,6586872,SEDOL,,512661.0,,,1061207.866,0.0001
2024-12-31,Vision Super Fund,Balanced growth,Listed Equity,1,RAMSAY HEALTH CARE LTD COMMON STOCK AUD 0,,6041995,SEDOL,,67178.0,,,2320323.969,0.0003
2024-12-31,Vision Super Fund,Balanced growth,Listed Equity,1,REA GROUP LTD COMMON STOCK AUD 0,,6198578,SEDOL,,19720.0,,,4600874.744,0.0006
2024-12-31,Vision Super Fund,Balanced growth,Listed Equity,1,REALTEK SEMICONDUCTOR CORP COMMON STOCK TWD 10,,6051422,SEDOL,,58331.0,,,1626496.209,0.0002
2024-12-31,Vision Super Fund,Balanced growth,Listed Equity,1,REC LTD COMMON STOCK INR 10,,B2Q7WL3,SEDOL,,73459.0,,,695054.5703,0.0001
2024-12-31,Vision Super Fund,Balanced growth,Listed Equity,1,RECRUIT HOLDINGS CO LTD COMMON STOCK JPY,,BQRRZ00,SEDOL,,15749.0,,,1803877.352,0.0003
2024-12-31,Vision Super Fund,Balanced growth,Listed Equity,1,REDOX LTD/AUSTRALIA COMMON STOCK AUD,,BQ81P89,SEDOL,,274403.0,,,1248535.514,0.0002
2024-12-31,Vision Super Fund,Balanced growth,Listed Equity,1,REECE LTD COMMON STOCK AUD 0,,6728801,SEDOL,,155475.0,,,3479533.303,0.0005
2024-12-31,Vision Super Fund,Balanced growth,Listed Equity,1,REGIS HEALTHCARE LTD COMMON STOCK AUD,,BQV68F9,SEDOL,,144872.0,,,869234.7396,0.0001
2024-12-31,Vision Super Fund,Balanced growth,Listed Equity,1,REGIS RESOURCES LTD COMMON STOCK AUD 0,,6476542,SEDOL,,910006.0,,,2320514.372,0.0003
2024-12-31,Vision Super Fund,Balanced growth,Listed Equity,1,RELIANCE INDUSTRIES LTD COMMON STOCK INR 10,,6099626,SEDOL,,150700.0,,,3457068.332,0.0005
2024-12-31,Vision Super Fund,Balanced growth,Listed Equity,1,RELIANCE WORLDWIDE CORP LTD COMMON STOCK AUD,,BD1DM79,SEDOL,,882588.0,,,4430590.15,0.0006
2024-12-31,Vision Super Fund,Balanced growth,Listed Equity,1,RESMED INC CDI AUD,,3F0934S,BB Ticker,,824728.0,,,30267507.93,0.0042
2024-12-31,Vision Super Fund,Balanced growth,Listed Equity,1,RESOLUTE MINING LTD COMMON STOCK AUD 0,,6410636,SEDOL,,2273304.0,,,897955.0254,0.0001
2024-12-31,Vision Super Fund,Balanced growth,Listed Equity,1,REXEL SA COMMON STOCK EUR 5,,B1VP0K0,SEDOL,,40860.0,,,1681095.323,0.0002
2024-12-31,Vision Super Fund,Balanced growth,Listed Equity,1,RIDLEY CORP LTD COMMON STOCK AUD 0,,6738929,SEDOL,,404729.0,,,1092767.872,0.0002
2024-12-31,Vision Super Fund,Balanced growth,Listed Equity,1,RIO TINTO LTD COMMON STOCK AUD 0,,6220103,SEDOL,,220389.0,,,25886903.83,0.0036
2024-12-31,Vision Super Fund,Balanced growth,Listed Equity,1,RIO TINTO PLC COMMON STOCK GBP 10,,718875,SEDOL,,8327.0,,,795503.896,0.0001
2024-12-31,Vision Super Fund,Balanced growth,Listed Equity,1,RIVIAN AUTOMOTIVE INC COMMON STOCK USD 0.001,,BL98841,SEDOL,,62055.0,,,1334011.892,0.0002
2024-12-31,Vision Super Fund,Balanced growth,Listed Equity,1,ROBLOX CORP COMMON STOCK USD 0.0001,,BMWBC20,SEDOL,,24727.0,,,2310378.019,0.0003
2024-12-31,Vision Super Fund,Balanced growth,Listed Equity,1,ROCHE HOLDING AG COMMON STOCK CHF 0,,7110388,SEDOL,,36789.0,,,16738870.73,0.0023
2024-12-31,Vision Super Fund,Balanced growth,Listed Equity,1,ROSS STORES INC COMMON STOCK USD 0.01,,2746711,SEDOL,,1186.0,,,289873.7884,0.0
2024-12-31,Vision Super Fund,Balanced growth,Listed Equity,1,ROYAL BANK OF CANADA COMMON STOCK CAD 0,,2754383,SEDOL,,4042.0,,,786579.3009,0.0001
2024-12-31,Vision Super Fund,Balanced growth,Listed Equity,1,RPM INTERNATIONAL INC COMMON STOCK USD 0.01,,2756174,SEDOL,,15976.0,,,3175398.8,0.0004
2024-12-31,Vision Super Fund,Balanced growth,Listed Equity,1,RTX CORP,,BM5M5Y3,SEDOL,,78591.0,,,14690122.69,0.002
2024-12-31,Vision Super Fund,Balanced growth,Listed Equity,1,S&P GLOBAL INC COMMON STOCK USD 1,,BYV2325,SEDOL,,1066.0,,,858632.8949,0.0001
2024-12-31,Vision Super Fund,Balanced growth,Listed Equity,1,SALESFORCE.COM INC.,,2310525,SEDOL,,18632.0,,,10066150.45,0.0014
2024-12-31,Vision Super Fund,Balanced growth,Listed Equity,1,SAMSARA INC COMMON STOCK USD 0.0001,,BPK3058,SEDOL,,42616.0,,,3005786.594,0.0004
2024-12-31,Vision Super Fund,Balanced growth,Listed Equity,1,SAMSUNG BIOLOGICS CO LTD COMMON STOCK KRW 2500,,BYNJCV6,SEDOL,,307.0,,,319451.614,0.0
2024-12-31,Vision Super Fund,Balanced growth,Listed Equity,1,SAMSUNG ELECTRONICS CO LTD COMMON STOCK KRW 100,,6771720,SEDOL,,230296.0,,,13416322.7,0.0019
2024-12-31,Vision Super Fund,Balanced growth,Listed Equity,1,SAMSUNG FIRE & MARINE INSURANCE CO LTD COMMON,,6155250,SEDOL,,378.0,,,148667.9312,0.0
2024-12-31,Vision Super Fund,Balanced growth,Listed Equity,1,SAMSUNG SDI CO LTD COMMON STOCK KRW 5000,,6771645,SEDOL,,1236.0,,,335653.3567,0.0
2024-12-31,Vision Super Fund,Balanced growth,Listed Equity,1,SANDFIRE RESOURCES LTD COMMON STOCK AUD 0,,6739739,SEDOL,,577414.0,,,5358401.622,0.0007
2024-12-31,Vision Super Fund,Balanced growth,Listed Equity,1,SANOFI SA COMMON STOCK EUR 2,,5671735,SEDOL,,17897.0,,,2794381.172,0.0004
2024-12-31,Vision Super Fund,Balanced growth,Listed Equity,1,SANTANDER BANK POLSKA SA COMMON STOCK PLN 10,,7153639,SEDOL,,3832.0,,,685610.2907,0.0001
2024-12-31,Vision Super Fund,Balanced growth,Listed Equity,1,SANTOS LTD COMMON STOCK AUD 0,,4F4142S,BB Ticker,,946855.0,,,6324993.092,0.0009
2024-12-31,Vision Super Fund,Balanced growth,Listed Equity,1,SAP SE COMMON STOCK EUR 0,,4846288,SEDOL,,14755.0,,,5827671.934,0.0008
2024-12-31,Vision Super Fund,Balanced growth,Listed Equity,1,SAUDI AWWAL BANK COMMON STOCK SAR 10,,B12LSY7,SEDOL,,57593.0,,,833047.1064,0.0001
2024-12-31,Vision Super Fund,Balanced growth,Listed Equity,1,SAUDI INVESTMENT BANK/THE COMMON STOCK SAR 10,,B12M7M1,SEDOL,,213235.0,,,1327222.701,0.0002
2024-12-31,Vision Super Fund,Balanced growth,Listed Equity,1,SAUDI TELECOM CO COMMON STOCK,,B12M7Q5,SEDOL,,22462.0,,,386214.6246,0.0001
2024-12-31,Vision Super Fund,Balanced growth,Listed Equity,1,SCB X PCL FOREIGN SH. THB 10,,BPH0717,SEDOL,,422226.0,,,2340152.856,0.0003
2024-12-31,Vision Super Fund,Balanced growth,Listed Equity,1,SCHLUMBERGER NV COMMON STOCK USD 0.01,,2779201,SEDOL,,23965.0,,,1484799.221,0.0002
2024-12-31,Vision Super Fund,Balanced growth,Listed Equity,1,SCHNEIDER ELECTRIC SE COMMON STOCK EUR 4,,4834108,SEDOL,,1213.0,,,488827.2744,0.0001
2024-12-31,Vision Super Fund,Balanced growth,Listed Equity,1,SEA LTD-ADR,,BYWD7L4,SEDOL,,45683.0,,,7823185.821,0.0011
2024-12-31,Vision Super Fund,Balanced growth,Listed Equity,1,SEAGATE TECHNOLOGY HOLDINGS PLC COMMON STOCK USD,,BKVD2N4,SEDOL,,29988.0,,,4180412.011,0.0006
2024-12-31,Vision Super Fund,Balanced growth,Listed Equity,1,SECURITAS AB COMMON STOCK SEK 1,,5554041,SEDOL,,157633.0,,,3144059.389,0.0004
2024-12-31,Vision Super Fund,Balanced growth,Listed Equity,1,SEEK LTD COMMON STOCK AUD 0,,B0767Y3,SEDOL,,128545.0,,,2901256.855,0.0004
2024-12-31,Vision Super Fund,Balanced growth,Listed Equity,1,SEI INVESTMENTS CO COMMON STOCK USD 0.01,,2793610,SEDOL,,23684.0,,,3155013.84,0.0004
2024-12-31,Vision Super Fund,Balanced growth,Listed Equity,1,SELECT HARVESTS LTD COMMON STOCK AUD 0,,6260723,SEDOL,,4070.0,,,17298.28,0.0
2024-12-31,Vision Super Fund,Balanced growth,Listed Equity,1,SERVICE STREAM LTD COMMON STOCK AUD 0,,B04KLG8,SEDOL,,1051277.0,,,1639992.076,0.0002
2024-12-31,Vision Super Fund,Balanced growth,Listed Equity,1,SERVICENOW INC COMMON STOCK USD 0.001,,B80NXX8,SEDOL,,4443.0,,,7603663.649,0.0011
2024-12-31,Vision Super Fund,Balanced growth,Listed Equity,1,SEVEN WEST MEDIA LTD COMMON STOCK AUD 0,,6949431,SEDOL,,7195454.0,,,1043340.849,0.0001
2024-12-31,Vision Super Fund,Balanced growth,Listed Equity,1,SG FLEET GROUP LTD COMMON STOCK AUD 0,,BKF0XR2,SEDOL,,50754.0,,,173072.3865,0.0
2024-12-31,Vision Super Fund,Balanced growth,Listed Equity,1,SGH LTD COMMON STOCK AUD 0,,BR858V2,SEDOL,,430791.0,,,19863781.22,0.0028
2024-12-31,Vision Super Fund,Balanced growth,Listed Equity,1,SHELL PLC,,BP6MXD8,SEDOL,,138685.0,,,6945871.133,0.001
2024-12-31,Vision Super Fund,Balanced growth,Listed Equity,1,SHERWIN-WILLIAMS CO/THE COMMON STOCK USD 1,,2804211,SEDOL,,8193.0,,,4497042.44,0.0006
2024-12-31,Vision Super Fund,Balanced growth,Listed Equity,1,SHINHAN FINANCIAL GROUP CO LTD COMMON STOCK KRW,,6397502,SEDOL,,52192.0,,,2728494.015,0.0004
2024-12-31,Vision Super Fund,Balanced growth,Listed Equity,1,SHOPIFY INC COMMON STOCK CAD,,BX865C7,SEDOL,,28970.0,,,4961322.338,0.0007
2024-12-31,Vision Super Fund,Balanced growth,Listed Equity,1,SHOPIFY INC COMMON STOCK CAD,,BXDZ9Z0,SEDOL,,27656.0,,,4750842.542,0.0007
2024-12-31,Vision Super Fund,Balanced growth,Listed Equity,1,SIEMENS AG COMMON STOCK EUR 0,,5727973,SEDOL,,25243.0,,,7969825.356,0.0011
2024-12-31,Vision Super Fund,Balanced growth,Listed Equity,1,SIGMA HEALTHCARE LTD COMMON STOCK AUD 0,,BF13K02,SEDOL,,4292395.0,,,11246074.93,0.0016
2024-12-31,Vision Super Fund,Balanced growth,Listed Equity,1,SINGAPORE TECHNOLOGIES ENGINEERING LTD COMMON,,6043214,SEDOL,,300464.0,,,1654137.654,0.0002
2024-12-31,Vision Super Fund,Balanced growth,Listed Equity,1,SINO BIOPHARMACEUTICAL LTD COMMON STOCK HKD 0.025,,B00XSF9,SEDOL,,291073.0,,,193664.1742,0.0
2024-12-31,Vision Super Fund,Balanced growth,Listed Equity,1,SINOTRUK HONG KONG LTD COMMON STOCK HKD 0,,B296ZH4,SEDOL,,263949.0,,,1251273.363,0.0002
2024-12-31,Vision Super Fund,Balanced growth,Listed Equity,1,SK HYNIX INC COMMON STOCK KRW 5000,,6450267,SEDOL,,4043.0,,,771344.8892,0.0001
2024-12-31,Vision Super Fund,Balanced growth,Listed Equity,1,SK SQUARE CO LTD COMMON STOCK KRW 500,,BMG3GS6,SEDOL,,2181.0,,,189749.9976,0.0
2024-12-31,Vision Super Fund,Balanced growth,Listed Equity,1,SK TELECOM CO LTD COMMON STOCK KRW 100,,6224871,SEDOL,,3121.0,,,189028.4404,0.0
2024-12-31,Vision Super Fund,Balanced growth,Listed Equity,1,SKANSKA AB COMMON STOCK SEK 0,,7142091,SEDOL,,43705.0,,,1481513.75,0.0002
2024-12-31,Vision Super Fund,Balanced growth,Listed Equity,1,SKYCITY ENTERTAINMENT GROUP LTD COMMON STOCK NZD 0,,4F4162S,BB Ticker,,182823.0,,,234013.3104,0.0
2024-12-31,Vision Super Fund,Balanced growth,Listed Equity,1,SKYWORKS SOLUTIONS INC COMMON STOCK USD 0.25,,2961053,SEDOL,,2081.0,,,298062.0919,0.0
2024-12-31,Vision Super Fund,Balanced growth,Listed Equity,1,SMARTGROUP CORP LTD COMMON STOCK AUD,,BNB5WS6,SEDOL,,190069.0,,,1476834.473,0.0002
2024-12-31,Vision Super Fund,Balanced growth,Listed Equity,1,SNAP-ON INC COMMON STOCK USD 1,,2818740,SEDOL,,666.0,,,365278.2953,0.0001
2024-12-31,Vision Super Fund,Balanced growth,Listed Equity,1,SOFTBANK CORP COMMON STOCK JPY,,BF5M0K5,SEDOL,,641352.0,,,1310312.194,0.0002
2024-12-31,Vision Super Fund,Balanced growth,Listed Equity,1,SOLVAR LTD COMMON STOCK AUD,,BNSMR30,SEDOL,,381060.0,,,567778.9188,0.0001
2024-12-31,Vision Super Fund,Balanced growth,Listed Equity,1,SONIC HEALTHCARE LTD COMMON STOCK AUD 0,,6821120,SEDOL,,181740.0,,,4908791.056,0.0007
2024-12-31,Vision Super Fund,Balanced growth,Listed Equity,1,SONOVA HOLDING AG COMMON STOCK CHF 0.05,,7156036,SEDOL,,2932.0,,,1546712.042,0.0002
2024-12-31,Vision Super Fund,Balanced growth,Listed Equity,1,SOUTH32 LTD COMMON STOCK AUD 0,,6F3450S,BB Ticker,,671175.0,,,2281995.034,0.0003
2024-12-31,Vision Super Fund,Balanced growth,Listed Equity,1,SOUTHERN CROSS ELECTRICAL ENGINEERING LTD COMMON,,B296336,SEDOL,,112539.0,,,172747.6227,0.0
2024-12-31,Vision Super Fund,Balanced growth,Listed Equity,1,SOUTHERN CROSS MEDIA GROUP LTD COMMON STOCK AUD 0,,B5M7371,SEDOL,,1409691.0,,,845814.4162,0.0001
2024-12-31,Vision Super Fund,Balanced growth,Listed Equity,1,SPOTIFY TECHNOLOGY SA COMMON STOCK USD 0.000625,,BFZ1K46,SEDOL,,7085.0,,,5115855.492,0.0007
2024-12-31,Vision Super Fund,Balanced growth,Listed Equity,1,SRG GLOBAL LTD COMMON STOCK AUD 0,,BFMZB82,SEDOL,,507348.0,,,687456.641,0.0001
2024-12-31,Vision Super Fund,Balanced growth,Listed Equity,1,SS&C TECHNOLOGIES HOLDINGS INC COMMON STOCK USD,,B58YSC6,SEDOL,,27559.0,,,3373065.977,0.0005
2024-12-31,Vision Super Fund,Balanced growth,Listed Equity,1,STANDARD BANK GROUP LTD COMMON STOCK ZAR 10,,B030GJ7,SEDOL,,82400.0,,,1564029.457,0.0002
2024-12-31,Vision Super Fund,Balanced growth,Listed Equity,1,STANMORE RESOURCES LTD COMMON STOCK AUD,,B4KDPZ6,SEDOL,,296244.0,,,888733.1674,0.0001
2024-12-31,Vision Super Fund,Balanced growth,Listed Equity,1,STAR ENTERTAINMENT GRP LTD/THE COMMON STOCK AUD,,BD5ZR98,SEDOL,,2592663.0,,,492606.0211,0.0001
2024-12-31,Vision Super Fund,Balanced growth,Listed Equity,1,STATE BANK OF INDIA COMMON STOCK INR 1,,BSQCB24,SEDOL,,40986.0,,,615170.4882,0.0001
2024-12-31,Vision Super Fund,Balanced growth,Listed Equity,1,STEADFAST GROUP LTD COMMON STOCK AUD 0,,BCT5FD7,SEDOL,,825910.0,,,4790280.179,0.0007
2024-12-31,Vision Super Fund,Balanced growth,Listed Equity,1,STRYKER CORP COMMON STOCK USD 0.1,,2853688,SEDOL,,9215.0,,,5359087.752,0.0007
2024-12-31,Vision Super Fund,Balanced growth,Listed Equity,1,SUBARU CORP COMMON STOCK JPY,,6356406,SEDOL,,101088.0,,,2925980.904,0.0004
2024-12-31,Vision Super Fund,Balanced growth,Listed Equity,1,SUMITOMO ELECTRIC INDUSTRIES LTD COMMON STOCK JPY,,6858708,SEDOL,,109663.0,,,3209674.587,0.0004
2024-12-31,Vision Super Fund,Balanced growth,Listed Equity,1,SUMITOMO MITSUI FINANCIAL GROUP INC COMMON STOCK,,6563024,SEDOL,,132057.0,,,5106905.612,0.0007
2024-12-31,Vision Super Fund,Balanced growth,Listed Equity,1,SUN HUNG KAI PROPERTIES LTD COMMON STOCK HKD 0,,6859927,SEDOL,,100152.0,,,1553451.369,0.0002
2024-12-31,Vision Super Fund,Balanced growth,Listed Equity,1,SUN PHARMACEUTICAL INDUSTRIES LTD COMMON STOCK INR,,6582483,SEDOL,,19472.0,,,694281.8741,0.0001
2024-12-31,Vision Super Fund,Balanced growth,Listed Equity,1,SUNCOR ENERGY INC COMMON STOCK CAD 0,,B3NB1P2,SEDOL,,20064.0,,,1153656.274,0.0002
2024-12-31,Vision Super Fund,Balanced growth,Listed Equity,1,SUNCORP GROUP LTD COMMON STOCK AUD 0,,6585084,SEDOL,,532280.0,,,10118635.13,0.0014
2024-12-31,Vision Super Fund,Balanced growth,Listed Equity,1,SUPERLOOP LTD COMMON STOCK AUD,,BYPC6V1,SEDOL,,257441.0,,,545774.7177,0.0001
2024-12-31,Vision Super Fund,Balanced growth,Listed Equity,1,SUPPLY NETWORK LTD COMMON STOCK AUD 0,,6580993,SEDOL,,4678.0,,,145032.6783,0.0
2024-12-31,Vision Super Fund,Balanced growth,Listed Equity,1,SUZUKI MOTOR CORP COMMON STOCK JPY,,6865504,SEDOL,,24732.0,,,454842.1751,0.0001
2024-12-31,Vision Super Fund,Balanced growth,Listed Equity,1,SWIRE PACIFIC LTD COMMON STOCK HKD 0,,6867748,SEDOL,,223700.0,,,3276763.774,0.0005
2024-12-31,Vision Super Fund,Balanced growth,Listed Equity,1,SYMBOTIC INC COMMON STOCK USD 0.0001,,BPG82M8,SEDOL,,21058.0,,,806050.8322,0.0001
2024-12-31,Vision Super Fund,Balanced growth,Listed Equity,1,SYNOPSYS INC COMMON STOCK USD 0.01,,2867719,SEDOL,,3122.0,,,2445020.108,0.0003
2024-12-31,Vision Super Fund,Balanced growth,Listed Equity,1,T ROWE PRICE GROUP INC COMMON STOCK USD 0.2,,2702337,SEDOL,,16630.0,,,3037197.076,0.0004
2024-12-31,Vision Super Fund,Balanced growth,Listed Equity,1,TABCORP HOLDINGS LTD COMMON STOCK AUD 0,,6873262,SEDOL,,13671684.0,,,7724501.197,0.0011
2024-12-31,Vision Super Fund,Balanced growth,Listed Equity,1,TAG IMMOBILIEN AG COMMON STOCK EUR 0,,5735631,SEDOL,,91680.0,,,2189571.357,0.0003
2024-12-31,Vision Super Fund,Balanced growth,Listed Equity,1,TAIWAN SEMICONDUCTOR MANUFACTURING CO LTD ADR USD,,2113382,SEDOL,,132352.0,,,42235529.6,0.0058
2024-12-31,Vision Super Fund,Balanced growth,Listed Equity,1,TAIWAN SEMICONDUCTOR MANUFACTURING CO LTD COMMON,,6889106,SEDOL,,324322.0,,,17175914.95,0.0024
2024-12-31,Vision Super Fund,Balanced growth,Listed Equity,1,TARGA RESOURCES CORP COMMON STOCK USD 0.001,,B55PZY3,SEDOL,,12071.0,,,3478704.267,0.0005
2024-12-31,Vision Super Fund,Balanced growth,Listed Equity,1,TATA CONSULTANCY SERVICES LTD COMMON STOCK INR 1,,B01NPJ1,SEDOL,,14912.0,,,1154835.378,0.0002
2024-12-31,Vision Super Fund,Balanced growth,Listed Equity,1,TE CONNECTIVITY PLC COMMON STOCK USD 0.01,,BRC3N84,SEDOL,,7938.0,,,1833571.332,0.0003
2024-12-31,Vision Super Fund,Balanced growth,Listed Equity,1,TECH MAHINDRA LTD COMMON STOCK INR 5,,BWFGD63,SEDOL,,27489.0,,,884173.3425,0.0001
2024-12-31,Vision Super Fund,Balanced growth,Listed Equity,1,TECHNOLOGY ONE LTD COMMON STOCK AUD 0,,6302410,SEDOL,,115295.0,,,3572998.553,0.0005
2024-12-31,Vision Super Fund,Balanced growth,Listed Equity,1,TELE2 AB,,B97C733,SEDOL,,8883.0,,,141407.2458,0.0
2024-12-31,Vision Super Fund,Balanced growth,Listed Equity,1,TELEFLEX INC COMMON STOCK USD 1,,2881407,SEDOL,,1955.0,,,561636.8119,0.0001
2024-12-31,Vision Super Fund,Balanced growth,Listed Equity,1,TELEFONAKTIEBOLAGET LM ERICSSON COMMON STOCK SEK 5,,5959378,SEDOL,,55117.0,,,722043.1955,0.0001
2024-12-31,Vision Super Fund,Balanced growth,Listed Equity,1,TELEFONICA BRASIL SA COMMON STOCK BRL 0,,B6XFBX3,SEDOL,,36107.0,,,441400.6611,0.0001
2024-12-31,Vision Super Fund,Balanced growth,Listed Equity,1,TELIX PHARMACEUTICALS LTD,,BF7M092,SEDOL,,104378.0,,,2492554.025,0.0003
2024-12-31,Vision Super Fund,Balanced growth,Listed Equity,1,TELSTRA GROUP LTD COMMON STOCK AUD 0,,6087289,SEDOL,,4462065.0,,,17892879.03,0.0025
2024-12-31,Vision Super Fund,Balanced growth,Listed Equity,1,TEMPLE & WEBSTER GROUP LTD COMMON STOCK AUD,,BZ1MWM5,SEDOL,,60243.0,,,764488.2043,0.0001
2024-12-31,Vision Super Fund,Balanced growth,Listed Equity,1,TENCENT HOLDINGS LTD COMMON STOCK HKD 0.00002,,BMMV2K8,SEDOL,,185137.0,,,16051958.24,0.0022
2024-12-31,Vision Super Fund,Balanced growth,Listed Equity,1,TENCENT MUSIC ENTERTAINMENT GROUP ADR USD 0.000083,,BFZYWR2,SEDOL,,56125.0,,,1027956.104,0.0001
2024-12-31,Vision Super Fund,Balanced growth,Listed Equity,1,TERADYNE INC COMMON STOCK USD 0.125,,2884183,SEDOL,,2436.0,,,495405.012,0.0001
2024-12-31,Vision Super Fund,Balanced growth,Listed Equity,1,TERRACOM LTD COMMON STOCK AUD 0,,BYSXBF0,SEDOL,,3232442.0,,,581839.6157,0.0001
2024-12-31,Vision Super Fund,Balanced growth,Listed Equity,1,TESCO PLC COMMON STOCK GBP 6.3333,,BLGZ986,SEDOL,,501234.0,,,3734128.168,0.0005
2024-12-31,Vision Super Fund,Balanced growth,Listed Equity,1,TESLA INC COMMON STOCK USD 0.001,,B616C79,SEDOL,,41624.0,,,27134810.66,0.0038
2024-12-31,Vision Super Fund,Balanced growth,Listed Equity,1,TEVA PHARMACEUTICAL INDUSTRIES LTD ADR USD,,2883878,SEDOL,,8691.0,,,309247.3252,0.0
2024-12-31,Vision Super Fund,Balanced growth,Listed Equity,1,TEXAS INSTRUMENTS INC COMMON STOCK USD 1,,2885409,SEDOL,,4099.0,,,1241365.233,0.0002
2024-12-31,Vision Super Fund,Balanced growth,Listed Equity,1,TEXAS PACIFIC LAND CORP COMMON STOCK USD 0.01,,BM99VY2,SEDOL,,138.0,,,245985.6286,0.0
2024-12-31,Vision Super Fund,Balanced growth,Listed Equity,1,TEXTRON INC COMMON STOCK USD 0.125,,2885937,SEDOL,,12411.0,,,1532473.853,0.0002
2024-12-31,Vision Super Fund,Balanced growth,Listed Equity,1,TFI INTERNATIONAL INC COMMON STOCK CAD 0,,BDRXBF4,SEDOL,,11640.0,,,2526791.986,0.0004
2024-12-31,Vision Super Fund,Balanced growth,Listed Equity,1,THALES SA COMMON STOCK EUR 3,,4162791,SEDOL,,1406.0,,,325980.9425,0.0
2024-12-31,Vision Super Fund,Balanced growth,Listed Equity,1,THE PROCTER & GAMBLE COMPANY.,,2704407,SEDOL,,59692.0,,,16165115.76,0.0022
2024-12-31,Vision Super Fund,Balanced growth,Listed Equity,1,THE WALT DISNEY COMPANY,,2270726,SEDOL,,8761.0,,,1576414.353,0.0002
2024-12-31,Vision Super Fund,Balanced growth,Listed Equity,1,THERMO FISHER SCIENTIFIC INC COMMON STOCK USD 1,,2886907,SEDOL,,5486.0,,,4608584.38,0.0006
2024-12-31,Vision Super Fund,Balanced growth,Listed Equity,1,TIM SA/BRAZIL COMMON STOCK BRL,,BN71RB6,SEDOL,,53665.0,,,203013.1581,0.0
2024-12-31,Vision Super Fund,Balanced growth,Listed Equity,1,TITAN CO LTD COMMON STOCK INR 1,,6139340,SEDOL,,74186.0,,,4552138.679,0.0006
2024-12-31,Vision Super Fund,Balanced growth,Listed Equity,1,TJX COS INC/THE COMMON STOCK USD 1,,2989301,SEDOL,,28446.0,,,5549147.319,0.0008
2024-12-31,Vision Super Fund,Balanced growth,Listed Equity,1,T-MOBILE US INC COMMON STOCK USD 0.0001,,B94Q9V0,SEDOL,,15368.0,,,5478746.931,0.0008
2024-12-31,Vision Super Fund,Balanced growth,Listed Equity,1,TOKYO ELECTRON LTD COMMON STOCK JPY,,6895675,SEDOL,,6125.0,,,1521979.366,0.0002
2024-12-31,Vision Super Fund,Balanced growth,Listed Equity,1,TOTALENERGIES SE COMMON STOCK EUR 2.5,,B15C557,SEDOL,,25709.0,,,2293887.863,0.0003
2024-12-31,Vision Super Fund,Balanced growth,Listed Equity,1,TOYOTA MOTOR CORP COMMON STOCK JPY,,6900643,SEDOL,,75131.0,,,2428285.143,0.0003
2024-12-31,Vision Super Fund,Balanced growth,Listed Equity,1,TRADE DESK INC/THE COMMON STOCK USD 0.000001,,BD8FDD1,SEDOL,,25969.0,,,4927393.689,0.0007
2024-12-31,Vision Super Fund,Balanced growth,Listed Equity,1,TRANE TECHNOLOGIES PLC COMMON STOCK USD 1,,BK9ZQ96,SEDOL,,7859.0,,,4690627.593,0.0006
2024-12-31,Vision Super Fund,Balanced growth,Listed Equity,1,TREASURY WINE ESTATES LTD COMMON STOCK AUD,,B61JC67,SEDOL,,864021.0,,,9789355.752,0.0014
2024-12-31,Vision Super Fund,Balanced growth,Listed Equity,1,TRIP.COM GROUP LTD ADR USD 0.01,,BK1K3N2,SEDOL,,27656.0,,,3066829.108,0.0004
2024-12-31,Vision Super Fund,Balanced growth,Listed Equity,1,TRIP.COM GROUP LTD COMMON STOCK HKD 0.0005,,BNYK8H9,SEDOL,,20066.0,,,2250860.911,0.0003
2024-12-31,Vision Super Fund,Balanced growth,Listed Equity,1,TUAS LTD COMMON STOCK AUD,,BM94P78,SEDOL,,28524.0,,,180841.4094,0.0
2024-12-31,Vision Super Fund,Balanced growth,Listed Equity,1,TURKCELL ILETISIM HIZMET AS,,B03MYN3,SEDOL,,74430.0,,,315317.4295,0.0
2024-12-31,Vision Super Fund,Balanced growth,Listed Equity,1,TWILIO INC COMMON STOCK USD 0.001,,BD6P5Q0,SEDOL,,12503.0,,,2183911.019,0.0003
2024-12-31,Vision Super Fund,Balanced growth,Listed Equity,1,TYRO PAYMENTS LTD COMMON STOCK AUD,,BL0KWK0,SEDOL,,398006.0,,,320394.5168,0.0
2024-12-31,Vision Super Fund,Balanced growth,Listed Equity,1,UBER TECHNOLOGIES INC COMMON STOCK USD 0.00001,,BK6N347,SEDOL,,55607.0,,,5418363.139,0.0008
2024-12-31,Vision Super Fund,Balanced growth,Listed Equity,1,U-HAUL HOLDING CO COMMON STOCK USD 0.001,,BP0VMC3,SEDOL,,25711.0,,,2662274.588,0.0004
2024-12-31,Vision Super Fund,Balanced growth,Listed Equity,1,ULTRAPAR PARTICIPACOES SA COMMON STOCK BRL 0,,B0FHTN1,SEDOL,,113396.0,,,468997.5467,0.0001
2024-12-31,Vision Super Fund,Balanced growth,Listed Equity,1,UNICREDIT SPA COMMON STOCK EUR 0,,BYMXPS7,SEDOL,,59077.0,,,3805931.573,0.0005
2024-12-31,Vision Super Fund,Balanced growth,Listed Equity,1,UNILEVER PLC COMMON STOCK GBP 0.031111,,B10RZP7,SEDOL,,136743.0,,,12576959.78,0.0017
2024-12-31,Vision Super Fund,Balanced growth,Listed Equity,1,UNI-PRESIDENT ENTERPRISES CORP COMMON STOCK TWD 10,,6700393,SEDOL,,334238.0,,,1332109.019,0.0002
2024-12-31,Vision Super Fund,Balanced growth,Listed Equity,1,UNITED AIRLINES HOLDINGS INC COMMON STOCK USD 0.01,,B4QG225,SEDOL,,32100.0,,,5033130.076,0.0007
2024-12-31,Vision Super Fund,Balanced growth,Listed Equity,1,UNITED OVERSEAS BANK LTD COMMON STOCK SGD 0,,6916781,SEDOL,,114277.0,,,4913967.638,0.0007
2024-12-31,Vision Super Fund,Balanced growth,Listed Equity,1,UNITED RENTALS INC COMMON STOCK USD 0.01,,2134781,SEDOL,,3152.0,,,3583495.104,0.0005
2024-12-31,Vision Super Fund,Balanced growth,Listed Equity,1,UNITED THERAPEUTICS CORP COMMON STOCK USD 0.01,,2430412,SEDOL,,2779.0,,,1581973.126,0.0002
2024-12-31,Vision Super Fund,Balanced growth,Listed Equity,1,UNITED TRACTORS TBK PT COMMON STOCK IDR 250,,6230845,SEDOL,,505265.0,,,1299260.58,0.0002
2024-12-31,Vision Super Fund,Balanced growth,Listed Equity,1,UNITEDHEALTH GROUP INC COMMON STOCK USD 0.01,,2917766,SEDOL,,22278.0,,,18222222.36,0.0025
2024-12-31,Vision Super Fund,Balanced growth,Listed Equity,1,UNIVERSAL STORE HOLDINGS LTD COMMON STOCK AUD,,BMCK9H1,SEDOL,,148447.0,,,1187572.043,0.0002
2024-12-31,Vision Super Fund,Balanced growth,Listed Equity,1,UPL LTD COMMON STOCK INR 0.5,,BRZX7N4,SEDOL,,3860.0,,,16383.4492,0.0
2024-12-31,Vision Super Fund,Balanced growth,Listed Equity,1,VALE SA COMMON STOCK BRL 0,,2196286,SEDOL,,53487.0,,,762655.8706,0.0001
2024-12-31,Vision Super Fund,Balanced growth,Listed Equity,1,VANGUARD FTSE ALL-WORLD EX-US ETF ETP USD,,B1TWZH5,SEDOL,,17873.0,,,1656385.249,0.0002
2024-12-31,Vision Super Fund,Balanced growth,Listed Equity,1,VEEVA SYSTEMS INC COMMON STOCK USD 0.00001,,BFH3N85,SEDOL,,9478.0,,,3217948.812,0.0004
2024-12-31,Vision Super Fund,Balanced growth,Listed Equity,1,VENTIA SERVICES GROUP PTY LTD COMMON STOCK AUD,,BNV08F0,SEDOL,,1071623.0,,,3857844.491,0.0005
2024-12-31,Vision Super Fund,Balanced growth,Listed Equity,1,VERIZON COMMUNICATIONS INC COMMON STOCK USD 0.1,,2090571,SEDOL,,98082.0,,,6339701.566,0.0009
2024-12-31,Vision Super Fund,Balanced growth,Listed Equity,1,VERTIV HOLDINGS CO,,BL3LWS8,SEDOL,,6463.0,,,1186351.554,0.0002
2024-12-31,Vision Super Fund,Balanced growth,Listed Equity,1,VIATRIS INC COMMON STOCK USD,,BMWS3X9,SEDOL,,144616.0,,,2907967.896,0.0004
2024-12-31,Vision Super Fund,Balanced growth,Listed Equity,1,VIBRA ENERGIA SA COMMON STOCK BRL,,BPBLV81,SEDOL,,218800.0,,,1020492.327,0.0001
2024-12-31,Vision Super Fund,Balanced growth,Listed Equity,1,VISA INC COMMON STOCK USD 0.0001,,B2PZN04,SEDOL,,22408.0,,,11447537.28,0.0016
2024-12-31,Vision Super Fund,Balanced growth,Listed Equity,1,VIVA ENERGY GROUP LTD COMMON STOCK AUD,,BYQM3N1,SEDOL,,818866.0,,,2153617.673,0.0003
2024-12-31,Vision Super Fund,Balanced growth,Listed Equity,1,VOLVO AB COMMON STOCK SEK 1.26,,B1QH830,SEDOL,,31726.0,,,1241480.262,0.0002
2024-12-31,Vision Super Fund,Balanced growth,Listed Equity,1,VULCAN MATERIALS CO COMMON STOCK USD 1,,2931205,SEDOL,,4731.0,,,1966607.604,0.0003
2024-12-31,Vision Super Fund,Balanced growth,Listed Equity,1,VULCAN STEEL LTD COMMON STOCK AUD,,0H2985S,BB Ticker,,73943.0,,,499114.3369,0.0001
2024-12-31,Vision Super Fund,Balanced growth,Listed Equity,1,WALMART INC COMMON STOCK USD 0.1,,2936921,SEDOL,,80961.0,,,11822123.18,0.0016
2024-12-31,Vision Super Fund,Balanced growth,Listed Equity,1,WARTSILA OYJ ABP COMMON STOCK EUR 0,,4525189,SEDOL,,13099.0,,,375271.0459,0.0001
2024-12-31,Vision Super Fund,Balanced growth,Listed Equity,1,WASHINGTON H SOUL PATTINSON & CO LTD COMMON STOCK,,6821807,SEDOL,,7926.0,,,271238.9517,0.0
2024-12-31,Vision Super Fund,Balanced growth,Listed Equity,1,WEB TRAVEL GROUP LTD COMMON STOCK AUD 0,,6015815,SEDOL,,52342.0,,,240248.2437,0.0
2024-12-31,Vision Super Fund,Balanced growth,Listed Equity,1,WEG SA COMMON STOCK BRL 0,,2945422,SEDOL,,105153.0,,,1450693.653,0.0002
2024-12-31,Vision Super Fund,Balanced growth,Listed Equity,1,WELLS FARGO & CO COMMON STOCK USD 1.666,,2649100,SEDOL,,25356.0,,,2878170.99,0.0004
2024-12-31,Vision Super Fund,Balanced growth,Listed Equity,1,WESFARMERS LTD COMMON STOCK AUD 0,,6948836,SEDOL,,689674.0,,,45380581.5,0.0063
2024-12-31,Vision Super Fund,Balanced growth,Listed Equity,1,WEST AFRICAN RESOURCES LTD COMMON STOCK AUD 0,,B4KBBN0,SEDOL,,1260932.0,,,1809437.469,0.0003
2024-12-31,Vision Super Fund,Balanced growth,Listed Equity,1,WESTGOLD RESOURCES LTD COMMON STOCK AUD 0,,BYVQ673,SEDOL,,390890.0,,,1106219.002,0.0002
2024-12-31,Vision Super Fund,Balanced growth,Listed Equity,1,WESTINGHOUSE AIR BRAKE TECHNOLOGIES CORP COMMON,,2955733,SEDOL,,11386.0,,,3487321.988,0.0005
2024-12-31,Vision Super Fund,Balanced growth,Listed Equity,1,WESTPAC BANKING CORP COMMON STOCK AUD 0,,6076146,SEDOL,,1252532.0,,,40481841.26,0.0056
2024-12-31,Vision Super Fund,Balanced growth,Listed Equity,1,WH GROUP LTD COMMON STOCK HKD 0.0001,,BLLHKZ1,SEDOL,,1245955.0,,,1556949.365,0.0002
2024-12-31,Vision Super Fund,Balanced growth,Listed Equity,1,WHEATON PRECIOUS METALS CORP,,BF13KN5,SEDOL,,36617.0,,,3318533.157,0.0005
2024-12-31,Vision Super Fund,Balanced growth,Listed Equity,1,WHITEHAVEN COAL LTD COMMON STOCK AUD 0,,B1XQXC4,SEDOL,,330776.0,,,2050814.1,0.0003
2024-12-31,Vision Super Fund,Balanced growth,Listed Equity,1,WILLIAMS-SONOMA INC COMMON STOCK USD 0.01,,2967589,SEDOL,,5467.0,,,1635491.298,0.0002
2024-12-31,Vision Super Fund,Balanced growth,Listed Equity,1,WIPRO LTD COMMON STOCK INR 2,,6206051,SEDOL,,246501.0,,,1402988.593,0.0002
2024-12-31,Vision Super Fund,Balanced growth,Listed Equity,1,WISETECH GLOBAL LTD COMMON STOCK AUD,,BZ8GX83,SEDOL,,103540.0,,,11702100.41,0.0016
2024-12-31,Vision Super Fund,Balanced growth,Listed Equity,1,WIX.COM LTD COMMON STOCK USD 0.01,,BFZCHN7,SEDOL,,992.0,,,343335.0349,0.0
2024-12-31,Vision Super Fund,Balanced growth,Listed Equity,1,WOLTERS KLUWER NV COMMON STOCK EUR 0.12,,5671519,SEDOL,,9494.0,,,2541315.895,0.0004
2024-12-31,Vision Super Fund,Balanced growth,Listed Equity,1,WOODSIDE ENERGY GROUP LTD COMMON STOCK AUD 0,,1H8121S,BB Ticker,,675853.0,,,16024469.03,0.0022
2024-12-31,Vision Super Fund,Balanced growth,Listed Equity,1,WOOLWORTHS GROUP LTD COMMON STOCK AUD 0,,6981239,SEDOL,,877124.0,,,25348883.73,0.0035
2024-12-31,Vision Super Fund,Balanced growth,Listed Equity,1,WOORI FINANCIAL GROUP INC COMMON STOCK KRW 5000,,BGHWH98,SEDOL,,10095.0,,,170225.138,0.0
2024-12-31,Vision Super Fund,Balanced growth,Listed Equity,1,WORKDAY INC COMMON STOCK USD 0.001,,B8K6ZD1,SEDOL,,7962.0,,,3317845.358,0.0005
2024-12-31,Vision Super Fund,Balanced growth,Listed Equity,1,WORLEY LTD COMMON STOCK AUD 0,,6562474,SEDOL,,274399.0,,,3759260.96,0.0005
2024-12-31,Vision Super Fund,Balanced growth,Listed Equity,1,WSP GLOBAL INC COMMON STOCK CAD 0,,BHR3R21,SEDOL,,12173.0,,,3452099.66,0.0005
2024-12-31,Vision Super Fund,Balanced growth,Listed Equity,1,WYNN RESORTS LTD COMMON STOCK USD 0.01,,2963811,SEDOL,,4329.0,,,602383.8413,0.0001
2024-12-31,Vision Super Fund,Balanced growth,Listed Equity,1,XERO LTD COMMON STOCK AUD 0,,B8P4LP4,SEDOL,,92144.0,,,15418398.21,0.0021
2024-12-31,Vision Super Fund,Balanced growth,Listed Equity,1,XIAOMI CORP COMMON STOCK HKD 0.0000025,,BG0ZMJ9,SEDOL,,411352.0,,,2950734.72,0.0004
2024-12-31,Vision Super Fund,Balanced growth,Listed Equity,1,XP INC COMMON STOCK USD,,BK4Y052,SEDOL,,40169.0,,,768156.421,0.0001
2024-12-31,Vision Super Fund,Balanced growth,Listed Equity,1,YOKOGAWA ELECTRIC CORP COMMON STOCK,,6986427,SEDOL,,29107.0,,,1013760.309,0.0001
2024-12-31,Vision Super Fund,Balanced growth,Listed Equity,1,YUANTA FINANCIAL HOLDING CO LTD COMMON STOCK TWD,,6424110,SEDOL,,876661.0,,,1468406.182,0.0002
2024-12-31,Vision Super Fund,Balanced growth,Listed Equity,1,YUNNAN ALUMINIUM CO LTD COMMON STOCK CNY 1,,BD5CB75,SEDOL,,430134.0,,,1286787.329,0.0002
2024-12-31,Vision Super Fund,Balanced growth,Listed Equity,1,ZEBRA TECHNOLOGIES CORP COMMON STOCK USD 0.01,,2989356,SEDOL,,4743.0,,,2958584.043,0.0004
2024-12-31,Vision Super Fund,Balanced growth,Listed Equity,1,ZIJIN MINING GROUP CO LTD COMMON STOCK HKD 0.1,,6725299,SEDOL,,234492.0,,,689404.6841,0.0001
2024-12-31,Vision Super Fund,Balanced growth,Listed Equity,1,ZIP CO LTD COMMON STOCK AUD,,BPP1Y77,SEDOL,,262335.0,,,776511.1519,0.0001
2024-12-31,Vision Super Fund,Balanced growth,Listed Equity,1,ZOOM COMMUNICATIONS INC COMMON STOCK USD 0.001,,BGSP7M9,SEDOL,,25382.0,,,3344320.701,0.0005
2024-12-31,Vision Super Fund,Balanced growth,Listed Equity,1,ZURICH INSURANCE GROUP AG COMMON STOCK CHF 0.1,,5983816,SEDOL,,5106.0,,,4901511.901,0.0007
2024-12-31,Vision Super Fund,Balanced growth,Listed Equity,1,ZYDUS LIFESCIENCES LTD COMMON STOCK INR 1,,BYM8TG8,SEDOL,,7650.0,,,140078.1048,0.0
2024-12-31,Vision Super Fund,Balanced growth,Listed Equity,1,Sub Total,,,N/A,,,,,3748001429.92751,0.5183
2024-12-31,Vision Super Fund,Balanced growth,Unlisted Equity,0,Industry Super Holdings Ptl Limited,,,N/A,,,0.029,,,
2024-12-31,Vision Super Fund,Balanced growth,Unlisted Equity,0,ISPT OPERATIONS TRUST AUD,,,N/A,,,0.036,,,
2024-12-31,Vision Super Fund,Balanced growth,Unlisted Equity,0,Sub Total,,,N/A,,,,,37375481.8,0.0052
2024-12-31,Vision Super Fund,Balanced growth,Unlisted Equity,1,Baillie Gifford Overseas Limited,,,N/A,,,,,9030777.547,0.0013
2024-12-31,Vision Super Fund,Balanced growth,Unlisted Equity,1,BlackRock Realty Advisors,,,N/A,,,,,210600.0174,0.0
2024-12-31,Vision Super Fund,Balanced growth,Unlisted Equity,1,Generation Investment Management LLP,,,N/A,,,,,117602.7777,0.0
2024-12-31,Vision Super Fund,Balanced growth,Unlisted Equity,1,IFM Investors Pty Ltd,,,N/A,,,,,4595797.68,0.0006
2024-12-31,Vision Super Fund,Balanced growth,Unlisted Equity,1,Lexington Partners,,,N/A,,,,,322562.4758,0.0
2024-12-31,Vision Super Fund,Balanced growth,Unlisted Equity,1,"Mesirow Financial Investment Management, Inc",,,N/A,,,,,2410855.667,0.0003
2024-12-31,Vision Super Fund,Balanced growth,Unlisted Equity,1,Metrics Credit Partners Pty Ltd,,,N/A,,,,,21549.3607,0.0
2024-12-31,Vision Super Fund,Balanced growth,Unlisted Equity,1,ROC Capital Pty Limited,,,N/A,,,,,1429676.914,0.0002
2024-12-31,Vision Super Fund,Balanced growth,Unlisted Equity,1,Stafford Capital Partners Pty Limited,,,N/A,,,,,1552275.009,0.0002
2024-12-31,Vision Super Fund,Balanced growth,Unlisted Equity,1,"StepStone VC Global Partners IV, L.P.",,,N/A,,,,,6686963.506,0.0009
2024-12-31,Vision Super Fund,Balanced growth,Unlisted Equity,1,VenCap International plc,,,N/A,,,,,25082655.28,0.0035
2024-12-31,Vision Super Fund,Balanced growth,Unlisted Equity,1,Sub Total,,,N/A,,,,,51461316.2346,0.007
2024-12-31,Vision Super Fund,Balanced growth,Listed Property,1,ABACUS STORAGE KING REIT AUD,,BQYLGZ7,SEDOL,,746117.0,,,839381.7085,0.0001
2024-12-31,Vision Super Fund,Balanced growth,Listed Property,1,AGREE REALTY CORP REIT USD 0.0001,,2062161,SEDOL,,6374.0,,,725136.8193,0.0001
2024-12-31,Vision Super Fund,Balanced growth,Listed Property,1,APN CONVENIENCE RETAIL REIT,,BPG8J16,SEDOL,,168337.0,,,488176.278,0.0001
2024-12-31,Vision Super Fund,Balanced growth,Listed Property,1,ARENA REIT REIT AUD 0,,B99K263,SEDOL,,486554.0,,,1892695.297,0.0003
2024-12-31,Vision Super Fund,Balanced growth,Listed Property,1,AVALONBAY COMMUNITIES INC REIT USD 0.01,,2131179,SEDOL,,814.0,,,289303.7524,0.0
2024-12-31,Vision Super Fund,Balanced growth,Listed Property,1,BIG YELLOW GROUP PLC REIT GBP 10,,286941,SEDOL,,137827.0,,,2676415.6,0.0004
2024-12-31,Vision Super Fund,Balanced growth,Listed Property,1,BRITISH LAND CO PLC/THE REIT GBP 25,,136701,SEDOL,,118289.0,,,861855.419,0.0001
2024-12-31,Vision Super Fund,Balanced growth,Listed Property,1,BWP TRUST REIT AUD 0,,6127453,SEDOL,,813589.0,,,2668570.739,0.0004
2024-12-31,Vision Super Fund,Balanced growth,Listed Property,1,BXP INC REIT USD 0.01,,2019479,SEDOL,,4654.0,,,559433.1206,0.0001
2024-12-31,Vision Super Fund,Balanced growth,Listed Property,1,CANADIAN APARTMENT PROPERTIES REIT REIT CAD 0,,2117599,SEDOL,,35374.0,,,1691922.691,0.0002
2024-12-31,Vision Super Fund,Balanced growth,Listed Property,1,CENTURIA CAPITAL GROUP STAPLED SECURITY AUD 0,,6518745,SEDOL,,430268.0,,,763725.0407,0.0001
2024-12-31,Vision Super Fund,Balanced growth,Listed Property,1,CENTURIA INDUSTRIAL REIT REIT AUD 0,,BD31FD8,SEDOL,,576049.0,,,1624459.533,0.0002
2024-12-31,Vision Super Fund,Balanced growth,Listed Property,1,CENTURIA OFFICE REIT REIT AUD 0,,BKTW448,SEDOL,,769803.0,,,846783.7022,0.0001
2024-12-31,Vision Super Fund,Balanced growth,Listed Property,1,CHARTER HALL GROUP REIT AUD 0,,B15F6S6,SEDOL,,903847.0,,,12970203.09,0.0018
2024-12-31,Vision Super Fund,Balanced growth,Listed Property,1,CHARTER HALL LONG WALE REIT REIT AUD,,BDB46J2,SEDOL,,581103.0,,,2173325.568,0.0003
2024-12-31,Vision Super Fund,Balanced growth,Listed Property,1,CHARTER HALL RETAIL REIT REIT AUD 0,,6225595,SEDOL,,65960.0,,,207773.8642,0.0
2024-12-31,Vision Super Fund,Balanced growth,Listed Property,1,CHARTER HALL SOCIAL INFRASTRUCTURE REIT REIT AUD 0,,BHJVMY0,SEDOL,,293826.0,,,755131.7766,0.0001
2024-12-31,Vision Super Fund,Balanced growth,Listed Property,1,COUSINS PROPERTIES INC REIT USD 1,,BJP0MF6,SEDOL,,37889.0,,,1874410.997,0.0003
2024-12-31,Vision Super Fund,Balanced growth,Listed Property,1,COVIVIO SA/FRANCE REIT EUR 3,,7745638,SEDOL,,34378.0,,,2803446.532,0.0004
2024-12-31,Vision Super Fund,Balanced growth,Listed Property,1,CROMWELL PROPERTY GROUP REIT AUD 0,,6225476,SEDOL,,3866363.0,,,1469218.059,0.0002
2024-12-31,Vision Super Fund,Balanced growth,Listed Property,1,CROWN CASTLE INTERNATIONAL CORP,,BTGQCX1,SEDOL,,15967.0,,,2340314.487,0.0003
2024-12-31,Vision Super Fund,Balanced growth,Listed Property,1,CUBESMART REIT USD 0.01,,B6SW913,SEDOL,,25927.0,,,1793921.105,0.0002
2024-12-31,Vision Super Fund,Balanced growth,Listed Property,1,DERWENT LONDON PLC REIT GBP 5,,265274,SEDOL,,66748.0,,,2644980.274,0.0004
2024-12-31,Vision Super Fund,Balanced growth,Listed Property,1,DEXUS INDUSTRIA REIT REIT AUD 0,,BP2RQ94,SEDOL,,471309.0,,,1211264.754,0.0002
2024-12-31,Vision Super Fund,Balanced growth,Listed Property,1,DEXUS REIT AUD 0,,B033YN6,SEDOL,,392196.0,,,2612028.103,0.0004
2024-12-31,Vision Super Fund,Balanced growth,Listed Property,1,DIGITAL REALTY TRUST INC REIT USD 0.01,,B03GQS4,SEDOL,,28663.0,,,8207865.238,0.0011
2024-12-31,Vision Super Fund,Balanced growth,Listed Property,1,EQUINIX INC REIT USD 0.001,,BVLZX12,SEDOL,,5560.0,,,8465509.009,0.0012
2024-12-31,Vision Super Fund,Balanced growth,Listed Property,1,EQUITY LIFESTYLE PROPERTIES INC REIT USD 0.01,,2563125,SEDOL,,17633.0,,,1895353.318,0.0003
2024-12-31,Vision Super Fund,Balanced growth,Listed Property,1,EQUITY RESIDENTIAL REIT USD 0.01,,2319157,SEDOL,,42421.0,,,4918046.427,0.0007
2024-12-31,Vision Super Fund,Balanced growth,Listed Property,1,ESSENTIAL PROPERTIES REALTY TRUST INC REIT USD,,BFFK0X2,SEDOL,,6006.0,,,303117.4327,0.0
2024-12-31,Vision Super Fund,Balanced growth,Listed Property,1,ESSEX PROPERTY TRUST INC REIT USD 0.0001,,2316619,SEDOL,,4588.0,,,2116242.33,0.0003
2024-12-31,Vision Super Fund,Balanced growth,Listed Property,1,EXTRA SPACE STORAGE INC REIT USD 0.01,,B02HWR9,SEDOL,,2859.0,,,690790.8731,0.0001
2024-12-31,Vision Super Fund,Balanced growth,Listed Property,1,FEDERAL REALTY INVS TRUST,,BN7P9B2,SEDOL,,29768.0,,,5381050.576,0.0007
2024-12-31,Vision Super Fund,Balanced growth,Listed Property,1,FIBRA UNO ADMINISTRACION SA DE CV REIT MXN 0,,B671GT8,SEDOL,,469158.0,,,754000.8182,0.0001
2024-12-31,Vision Super Fund,Balanced growth,Listed Property,1,GDI PROPERTY GROUP PARTNERSHIP REIT AUD 0,,BHB0NV9,SEDOL,,344005.0,,,197803.0913,0.0
2024-12-31,Vision Super Fund,Balanced growth,Listed Property,1,GOODMAN GROUP REIT AUD 0,,B03FYZ4,SEDOL,,1139839.0,,,40555482.67,0.0056
2024-12-31,Vision Super Fund,Balanced growth,Listed Property,1,GPT GROUP/THE REIT AUD 0,,6365866,SEDOL,,826860.0,,,3613377.361,0.0005
2024-12-31,Vision Super Fund,Balanced growth,Listed Property,1,GROWTHPOINT PROPERTIES AUSTRALIA LTD REIT AUD 0,,B1Y9BC8,SEDOL,,1344801.0,,,3200626.159,0.0004
2024-12-31,Vision Super Fund,Balanced growth,Listed Property,1,HEALTHPEAK PROPERTIES INC REIT USD 1,,BJBLRK3,SEDOL,,54531.0,,,1786128.276,0.0002
2024-12-31,Vision Super Fund,Balanced growth,Listed Property,1,HOMECO DAILY NEEDS REIT REIT AUD,,BNC0NF4,SEDOL,,839243.0,,,960933.7482,0.0001
2024-12-31,Vision Super Fund,Balanced growth,Listed Property,1,HOST HOTELS & RESORTS INC REIT USD 0.01,,2567503,SEDOL,,45487.0,,,1285667.893,0.0002
2024-12-31,Vision Super Fund,Balanced growth,Listed Property,1,HOTEL PROPERTY INVESTMENTS LTD REIT AUD 0,,BGSHGN9,SEDOL,,357204.0,,,1339516.216,0.0002
2024-12-31,Vision Super Fund,Balanced growth,Listed Property,1,INGENIA COMMUNITIES GROUP REIT AUD 0,,B84GSC7,SEDOL,,428383.0,,,1961992.014,0.0003
2024-12-31,Vision Super Fund,Balanced growth,Listed Property,1,INVITATION HOMES INC REIT USD 0.01,,BD81GW9,SEDOL,,46249.0,,,2387330.966,0.0003
2024-12-31,Vision Super Fund,Balanced growth,Listed Property,1,IRON MOUNTAIN INC REIT USD 0.01,,BVFTF03,SEDOL,,1415.0,,,240259.9235,0.0
2024-12-31,Vision Super Fund,Balanced growth,Listed Property,1,KILROY REALTY CORP REIT USD 0.01,,2495529,SEDOL,,38601.0,,,2521853.258,0.0003
2024-12-31,Vision Super Fund,Balanced growth,Listed Property,1,KIMCO REALTY CORP REIT USD 0.01,,2491594,SEDOL,,148120.0,,,5605193.567,0.0008
2024-12-31,Vision Super Fund,Balanced growth,Listed Property,1,KLEPIERRE SA REIT EUR 1.4,,7582556,SEDOL,,95150.0,,,4423946.917,0.0006
2024-12-31,Vision Super Fund,Balanced growth,Listed Property,1,LAND SECURITIES GROUP PLC REIT GBP 10.6667,,BYW0PQ6,SEDOL,,63642.0,,,751802.9544,0.0001
2024-12-31,Vision Super Fund,Balanced growth,Listed Property,1,LENDLEASE CORP LTD STAPLED SECURITY AUD 0,,6512004,SEDOL,,294161.0,,,1832623.604,0.0003
2024-12-31,Vision Super Fund,Balanced growth,Listed Property,1,MIRVAC GROUP REIT AUD 0,,6161978,SEDOL,,1805659.0,,,3385610.894,0.0005
2024-12-31,Vision Super Fund,Balanced growth,Listed Property,1,NATIONAL STORAGE REIT REIT AUD 0,,BGP6479,SEDOL,,830777.0,,,1944018.564,0.0003
2024-12-31,Vision Super Fund,Balanced growth,Listed Property,1,PROLOGIS INC REIT USD 0.01,,B44WZD7,SEDOL,,23060.0,,,3937176.586,0.0005
2024-12-31,Vision Super Fund,Balanced growth,Listed Property,1,RAM ESSENTIAL SERVICES PROPERTY FUND REIT AUD,,BMCFQX1,SEDOL,,24171.0,,,14381.643,0.0
2024-12-31,Vision Super Fund,Balanced growth,Listed Property,1,REGION RE LTD REIT AUD,,BPBMY63,SEDOL,,3254109.0,,,6736005.014,0.0009
2024-12-31,Vision Super Fund,Balanced growth,Listed Property,1,REXFORD INDUSTRIAL REALTY INC REIT USD 0.01,,BC9ZHL9,SEDOL,,11325.0,,,706958.5536,0.0001
2024-12-31,Vision Super Fund,Balanced growth,Listed Property,1,SAFESTORE HOLDINGS PLC REIT GBP 1,,B1N7Z09,SEDOL,,22361.0,,,291292.9723,0.0
2024-12-31,Vision Super Fund,Balanced growth,Listed Property,1,SCENTRE GROUP REIT AUD 0,,BLZH0Z7,SEDOL,,3087514.0,,,10590171.45,0.0015
2024-12-31,Vision Super Fund,Balanced growth,Listed Property,1,SHAFTESBURY CAPITAL PLC REIT GBP 25,,B62G9D3,SEDOL,,422511.0,,,1072579.375,0.0001
2024-12-31,Vision Super Fund,Balanced growth,Listed Property,1,SHURGARD SELF STORAGE LTD REIT EUR,,BQZCBZ4,SEDOL,,27986.0,,,1673318.339,0.0002
2024-12-31,Vision Super Fund,Balanced growth,Listed Property,1,SIMON PROPERTY GROUP INC REIT USD 0.0001,,2812452,SEDOL,,26696.0,,,7424054.161,0.001
2024-12-31,Vision Super Fund,Balanced growth,Listed Property,1,SIRIUS REAL ESTATE LTD REIT GBP 0,,B1W3VF5,SEDOL,,376579.0,,,597960.7894,0.0001
2024-12-31,Vision Super Fund,Balanced growth,Listed Property,1,STOCKLAND REIT AUD 0,,6850856,SEDOL,,1113868.0,,,5346567.458,0.0007
2024-12-31,Vision Super Fund,Balanced growth,Listed Property,1,SUN COMMUNITIES INC REIT USD 0.01,,2860257,SEDOL,,6834.0,,,1356670.184,0.0002
2024-12-31,Vision Super Fund,Balanced growth,Listed Property,1,TERRENO REALTY CORP REIT USD 0.01,,B3N4753,SEDOL,,10483.0,,,1001609.6,0.0001
2024-12-31,Vision Super Fund,Balanced growth,Listed Property,1,UNIBAIL-RODAMCO-WESTFIELD REIT EUR 5,,BF2PQ09,SEDOL,,19924.0,,,2423193.887,0.0003
2024-12-31,Vision Super Fund,Balanced growth,Listed Property,1,UNITE GROUP PLC/THE REIT GBP 25,,692861,SEDOL,,110990.0,,,1810657.156,0.0003
2024-12-31,Vision Super Fund,Balanced growth,Listed Property,1,URBAN EDGE PROPERTIES REIT USD 0.01,,BTPSGQ9,SEDOL,,27313.0,,,948450.2925,0.0001
2024-12-31,Vision Super Fund,Balanced growth,Listed Property,1,VENTAS INC REIT USD 0.25,,2927925,SEDOL,,60343.0,,,5739435.837,0.0008
2024-12-31,Vision Super Fund,Balanced growth,Listed Property,1,VICINITY LTD REIT AUD 0,,BY7QXS7,SEDOL,,1262063.0,,,2650332.919,0.0004
2024-12-31,Vision Super Fund,Balanced growth,Listed Property,1,WAREHOUSES DE PAUW CVA REIT EUR 0,,BK8VQD9,SEDOL,,25182.0,,,799788.9932,0.0001
2024-12-31,Vision Super Fund,Balanced growth,Listed Property,1,WAYPOINT REIT LTD REIT AUD,,BLBQ285,SEDOL,,3627874.0,,,8452947.41,0.0012
2024-12-31,Vision Super Fund,Balanced growth,Listed Property,1,WELLTOWER INC,,BYVYHH4,SEDOL,,49995.0,,,10164606.97,0.0014
2024-12-31,Vision Super Fund,Balanced growth,Listed Property,1,Sub Total,,,N/A,,,,,233248181.9989,0.032
2024-12-31,Vision Super Fund,Balanced growth,Unlisted Property,1,ISPT Pty Ltd,,,N/A,,,,,288915926.2,0.04
2024-12-31,Vision Super Fund,Balanced growth,Unlisted Property,1,"State Street Global Advisors, Australia, Limited",,,N/A,,,,,2000709.375,0.0003
2024-12-31,Vision Super Fund,Balanced growth,Unlisted Property,1,Sub Total,,,N/A,,,,,290916635.575,0.0403
2024-12-31,Vision Super Fund,Balanced growth,Listed Infrastructure,1,APA GROUP STAPLED SECURITY AUD 0,,6247306,SEDOL,,395991.0,,,2760057.025,0.0004
2024-12-31,Vision Super Fund,Balanced growth,Listed Infrastructure,1,ATLAS ARTERIA LTD STAPLED SECURITY AUD,,BZ03TZ1,SEDOL,,593114.0,,,2817291.271,0.0004
2024-12-31,Vision Super Fund,Balanced growth,Listed Infrastructure,1,DALRYMPLE BAY INFRASTRUCTURE LTD STAPLED SECURITY,,BNM6Z56,SEDOL,,598914.0,,,2156089.206,0.0003
2024-12-31,Vision Super Fund,Balanced growth,Listed Infrastructure,1,TRANSURBAN GROUP STAPLED SECURITY AUD 0,,6200882,SEDOL,,2124915.0,,,28452608.44,0.0039
2024-12-31,Vision Super Fund,Balanced growth,Listed Infrastructure,1,Sub Total,,,N/A,,,,,36186045.942,0.005
2024-12-31,Vision Super Fund,Balanced growth,Unlisted Infrastructure,1,Copenhagen Infrastructure Partners P/S,,,N/A,,,,,32167216.1,0.0045
2024-12-31,Vision Super Fund,Balanced growth,Unlisted Infrastructure,1,IFM Investors Pty Ltd,,,N/A,,,,,804693090.1,0.1114
2024-12-31,Vision Super Fund,Balanced growth,Unlisted Infrastructure,1,Sub Total,,,N/A,,,,,836860306.2,0.1159
