Name,Stock ID,Yahoo ticker,LC
360 Security Technology Inc,CNE100002RZ2,601360.SS,China
37 Interactive Entertainment Network Technology Group Co Ltd,CNE1000010N2,002555.SZ,China
3i Group PLC,GB00B1YW4409,III.L,United Kingdom
3M Co,US88579Y1010,MMM,United States
a2 Milk Co Ltd/The,NZATME0002S8,ATM.NZ,New Zealand
AAC Technologies Holdings Inc,KYG2953R1149,2018.HK,Hong Kong
ABB India Ltd,INE117A01022,ABB.BO,India
ABB Ltd,CH0012221716,ABBN.SW,Switzerland
Abbott Laboratories,US0028241000,ABT,United States
AbbVie Inc,US00287Y1091,ABBV,United States
ABIOMED Inc,US003CVR0169,,
ABN AMRO Bank NV,NL0011540547,ABN.AS,Netherlands
Absa Group Ltd,ZAE000255915,ABG.JO,South Africa
Abu Dhabi Commercial Bank PJSC,AEA000201011,,
Abu Dhabi Islamic Bank PJSC,AEA000801018,,
Abu Dhabi National Oil Co for Distribution PJSC,AEA006101017,,
Accent Group Ltd,AU000000AX19,AX1.AX,Australia
Accenture PLC,IE00B4BNMY34,ACN,United States
Acciona SA,ES0125220311,ANA.MC,Spain
Accor SA,FR0000120404,AC.PA,France
Accton Technology Corp,TW0002345006,2345.TW,Taiwan
Acer Inc,TW0002353000,2353.TW,Taiwan
ACS Actividades de Construccion y Servicios SA,ES0167050915,ACS.MC,Spain
Acuity Brands Inc,US00508Y1029,AYI,United States
Adairs Ltd,AU000000ADH2,ADH.AX,Australia
AddTech AB,SE0014781795,ADDT-B.ST,Sweden
Adecco Group AG,CH0012138605,ADEN.SW,Switzerland
adidas AG,DE000A1EWWW0,ADS.DE,Germany
Admiral Group PLC,GB00B02J6398,ADM.L,United Kingdom
ADNOC Drilling Co PJSC,AEA007301012,,
Adobe Inc,US00724F1012,ADBE,United States
Adriatic Metals PLC,AU0000004772,ADT.AX,Australia
Advanced Drainage Systems Inc,US00790R1041,WMS,United States
Advanced Info Service PCL,TH0268010Z11,AISF.F,Germany
Advanced Info Service PCL,TH0268010R11,ADVANC-R.BK,Thailand
Advanced Micro Devices Inc,US0079031078,AMD,United States
Advanced Micro-Fabrication Equipment Inc China,CNE100003MM9,688012.SS,China
Advantech Co Ltd,TW0002395001,2395.TW,Taiwan
Advantest Corp,JP3122400009,6857.T,Japan
Adyen NV,NL0012969182,ADYEN.AS,Netherlands
AECC Aero-Engine Control Co Ltd,CNE000000RM5,000738.SZ,China
AECC Aviation Power Co Ltd,CNE000000JW1,600893.SS,China
AECOM,US00766T1007,ACM,United States
Aegon Ltd,BMG0112X1056,AGN.AS,Netherlands
Aena SME SA,ES0105046009,AENA.MC,Spain
Aeon Co Ltd,JP3388200002,8267.T,Japan
AerCap Holdings NV,NL0000687663,AER,United States
Aeroports de Paris SA,FR0010340141,ADP.PA,France
AES Corp/The,US00130H1059,AES,United States
Aflac Inc,US0010551028,AFL,United States
AGC Inc,JP3112000009,5201.T,Japan
AGCO Corp,US0010841023,AGCO,United States
Ageas SA/NV,BE0974264930,AGS.BR,Belgium
Agilent Technologies Inc,US00846U1016,A,United States
AGL Energy Ltd,AU000000AGL7,AGL.AX,Australia
Agnico Eagle Mines Ltd,CA0084741085,AEM,United States
Agricultural Bank of China Ltd,CNE100000RJ0,601288.SS,China
Agricultural Bank of China Ltd,CNE100000Q43,1288.HK,Hong Kong
AIA Group Ltd,HK0000069689,1299.HK,Hong Kong
AIB Group PLC,IE00BF0L3536,A5G.IR,Ireland
Aier Eye Hospital Group Co Ltd,CNE100000GR6,300015.SZ,China
Ainsworth Game Technology Ltd,AU000000AGI3,AGI.AX,Australia
Airbnb Inc,US0090661010,ABNB,United States
Airbus SE,NL0000235190,AIR.PA,France
Air Canada,CA0089118776,AC.TO,Canada
Air China Ltd,CNE000001NN0,601111.SS,China
Air Liquide SA,FR0000120073,AI.PA,France
Air New Zealand Ltd,NZAIRE0001S2,AIR.NZ,New Zealand
Airports of Thailand PCL,TH0765010Z16,TX3A.F,Germany
Airports of Thailand PCL,TH0765010R16,AOT-R.BK,Thailand
Air Products and Chemicals Inc,US0091581068,APD,United States
Airtac International Group,KYG014081064,1590.TW,Taiwan
Aisin Corp,JP3102000001,7259.T,Japan
Ajinomoto Co Inc,JP3119600009,2802.T,Japan
Akamai Technologies Inc,US00971T1016,AKAM,United States
Akbank TAS,TRAAKBNK91N6,AKBNK.IS,Turkey
Aker BP ASA,NO0010345853,AKRBP.OL,Norway
Akeso Inc,KYG0146B1032,9926.HK,Hong Kong
Akzo Nobel NV,NL0013267909,AKZA.AS,Netherlands
Albemarle Corp,US0126531013,ALB,United States
Albertsons Cos Inc,US0130911037,ACI,United States
Alchip Technologies Ltd,KYG022421088,3661.TW,Taiwan
Alcoa Corp,US0138721065,AA,United States
Alcoa Corp,AU0000339426,AAI.AX,Australia
Alcon AG,CH0432492467,ALC.SW,Switzerland
Aldar Properties PJSC,AEA002001013,,
Alfa Laval AB,SE0000695876,ALFA.ST,Sweden
Alfa SAB de CV,MXP000511016,ALFAA.MX,Mexico
Alibaba Group Holding Ltd,KYG017191142,9988.HK,Hong Kong
Alibaba Group Holding Ltd,US01609W1027,BABA,United States
Alibaba Health Information Technology Ltd,BMG0171K1018,0241.HK,Hong Kong
Align Technology Inc,US0162551016,ALGN,United States
Alimentation Couche-Tard Inc,CA01626P1484,ATD.TO,Canada
Alior Bank SA,PLALIOR00045,ALR.WA,Poland
Alkem Laboratories Ltd,INE540L01014,ALKEM.NS,India
Allegion plc,IE00BFRT3W74,ALLE,United States
Allegro.eu SA,LU2237380790,LU2237380790.SG,Germany
Alliant Energy Corp,US0188021085,LNT,United States
Allianz SE,DE0008404005,ALV.DE,Germany
Allstate Corp/The,US0200021014,ALL,United States
Ally Financial Inc,US02005N1000,ALLY,United States
Alnylam Pharmaceuticals Inc,US02043Q1076,ALNY,United States
Alphabet Inc,US02079K3059,,
Alphabet Inc,US02079K1079,GOOG,United States
Alpha HPA Ltd,AU0000033060,A4N.AX,Australia
Alpha Services and Holdings SA,GRS015003007,,
Al Rayan Bank,QA000A0M8VM3,MARK.QA,Qatar
ALS Ltd,AU000000ALQ6,ALQ.AX,Australia
Alstom SA,FR0010220475,ALO.PA,France
AltaGas Ltd,CA0213611001,ALA.TO,Canada
Alteogen Inc,KR7196170005,196170.KQ,South Korea
Aluminum Corp of China Ltd,CNE1000001T8,2600.HK,Hong Kong
Aluminum Corp of China Ltd,CNE1000000T0,601600.SS,China
Amadeus IT Group SA,ES0109067019,AMS.MC,Spain
Amazon.com Inc,US0231351067,AMZN,United States
Ambev SA,BRABEVACNOR1,ABEV3.SA,Brazil
Ambuja Cements Ltd,INE079A01024,AMBUJACEM.BO,India
Amcor PLC,JE00BJ1F3079,AMCR,United States
Amcor PLC,AU000000AMC4,AU000000AMC4.SG,Germany
Ameren Corp,US0236081024,AEE,United States
America Movil SAB de CV,MX01AM050019,AMXB.MX,Mexico
America Movil SAB de CV,US02390A1016,AMX,United States
Americana Restaurants International PLC - Foreign Co,AEE01135A222,,
American Electric Power Co Inc,US0255371017,AEP,United States
American Express Co,US0258161092,AXP,United States
American Financial Group Inc/OH,US0259321042,AFG,United States
American International Group Inc,US0268747849,AIG,United States
American Water Works Co Inc,US0304201033,AWK,United States
Ameriprise Financial Inc,US03076C1062,AMP,United States
AMETEK Inc,US0311001004,AME,United States
Amgen Inc,US0311621009,AMGN,United States
Amlogic Shanghai Co Ltd,CNE100003LZ3,688099.SS,China
Amman Mineral Internasional PT,ID1000191109,AMMN.JK,Indonesia
AMMB Holdings Bhd,MYL1015OO006,1015.KL,Malaysia
Amorepacific Corp,KR7090430000,090430.KS,South Korea
Amotiv Ltd,AU0000340770,AOV.AX,Australia
Amphenol Corp,US0320951017,APH,United States
Amplifon SpA,IT0004056880,AMP.MI,Italy
Amplitude Energy Ltd,AU0000361909,AEL.AX,Australia
AMP Ltd,AU000000AMP6,AMP.AX,Australia
Ampol Ltd,AU0000088338,ALD.AX,Australia
Amundi SA,FR0004125920,AMUN.PA,France
Anadolu Efes Biracilik Ve Malt Sanayii AS,TRAAEFES91A9,AEFES.IS,Turkey
ANA Holdings Inc,JP3429800000,9202.T,Japan
Analog Devices Inc,US0326541051,ADI,United States
Angel Yeast Co Ltd,CNE0000014G0,600298.SS,China
Anglo American Platinum Ltd,ZAE000013181,VAL.JO,South Africa
Anglo American PLC,GB00B1XZS820,AAM.SW,Switzerland
Anglogold Ashanti Plc,GB00BRXH2664,AU,United States
Anheuser-Busch InBev SA/NV,BE0974293251,ABI.BR,Belgium
Anhui Conch Cement Co Ltd,CNE1000001W2,0914.HK,Hong Kong
Anhui Conch Cement Co Ltd,CNE0000019V8,600585.SS,China
Anhui Gujing Distillery Co Ltd,CNE000000MD5,000596.SZ,China
Anhui Gujing Distillery Co Ltd,CNE000000K82,200596.SZ,China
Anhui Jianghuai Automobile Group Corp Ltd,CNE0000018M9,600418.SS,China
Anhui Yingjia Distillery Co Ltd,CNE1000022H9,603198.SS,China
Anjoy Foods Group Co Ltd,CNE100002YQ7,603345.SS,China
Annaly Capital Management Inc,US0357108390,NLY,United States
Ansell Ltd,AU000000ANN9,ANN.AX,Australia
ANSYS Inc,US03662Q1058,,
ANTA Sports Products Ltd,KYG040111059,2020.HK,Hong Kong
Antofagasta PLC,GB0000456144,ANTO.L,United Kingdom
ANZ Group Holdings Ltd,AU000000ANZ3,ANZ.AX,Australia
Aon PLC,IE00BLP1HW54,AON,United States
A O Smith Corp,US8318652091,AOS,United States
APA Corp,US03743Q1085,APA,United States
APL Apollo Tubes Ltd,INE702C01027,APLAPOLLO.BO,India
AP Moller - Maersk A/S,DK0010244425,MAERSK-A.CO,Denmark
AP Moller - Maersk A/S,DK0010244508,MAERSK-B.CO,Denmark
Apollo Global Management Inc,US03769M1062,APO,United States
Apollo Hospitals Enterprise Ltd,INE437A01024,APOLLOHOSP.NS,India
Apple Inc,US0378331005,AAPL,United States
Applied Materials Inc,US0382221051,AMAT,United States
AppLovin Corp,US03831W1080,APP,United States
Aptiv PLC,JE00BTDN8H13,APTV,United States
Arafura Rare Earths Ltd,AU000000ARU5,ARU.AX,Australia
ARB Corp Ltd,AU000000ARB5,ARB.AX,Australia
Arca Continental SAB de CV,MX01AC100006,AC.MX,Mexico
Arcadium Lithium PLC,AU0000305724,,
ArcelorMittal SA,LU1598757687,MT.AS,Netherlands
Arch Capital Group Ltd,BMG0450A1053,ACGL,United States
Archer-Daniels-Midland Co,US0394831020,ADM,United States
ARC Resources Ltd,CA00208D4084,ARX.TO,Canada
Ares Management Corp,US03990B1017,ARES,United States
Argenx SE,NL0010832176,ARGX.BR,Belgium
Arista Networks Inc,US0404132054,ANET,United States
Aristocrat Leisure Ltd,AU000000ALL7,ALL.AX,Australia
Arkema SA,FR0010313833,AKE.PA,France
Arthur J Gallagher & Co,US3635761097,AJG,United States
Asahi Group Holdings Ltd,JP3116000005,2502.T,Japan
Asahi Kasei Corp,JP3111200006,3407.T,Japan
ASE Technology Holding Co Ltd,TW0003711008,3711.TW,Taiwan
Ashok Leyland Ltd,INE208A01029,ASHOKLEY.NS,India
Ashtead Group PLC,GB0000536739,AHT.L,United Kingdom
Asia Cement Corp,TW0001102002,1102.TW,Taiwan
Asian Paints Ltd,INE021A01026,ASIANPAINT.NS,India
Asia Vital Components Co Ltd,TW0003017000,3017.TW,Taiwan
Asics Corp,JP3118000003,7936.T,Japan
ASM International NV,NL0000334118,ASM.AS,Netherlands
ASML Holding NV,NL0010273215,ASML.AS,Netherlands
ASMPT Ltd,KYG0535Q1331,0522.HK,Hong Kong
Aspen Pharmacare Holdings Ltd,ZAE000066692,APN.JO,South Africa
Aspen Technology Inc,US29109X1063,,
ASR Nederland NV,NL0011872643,ASRNL.AS,Netherlands
Assa Abloy AB,SE0007100581,ASSA-B.ST,Sweden
Associated British Foods PLC,GB0006731235,ABF.L,United Kingdom
Assurant Inc,US04621X1081,AIZ,United States
Astellas Pharma Inc,JP3942400007,4503.T,Japan
Astral Ltd,INE006I01046,ASTRAL.NS,India
AstraZeneca PLC,GB0009895292,AZN.L,United Kingdom
AstraZeneca PLC,US0463531089,AZN,United States
Asustek Computer Inc,TW0002357001,2357.TW,Taiwan
ASX Ltd,AU000000ASX7,ASX.AX,Australia
Atkore Inc,US0476491081,ATKR,United States
Atlas Copco AB,SE0017486897,0XXV.IL,United Kingdom
Atlas Copco AB,SE0017486889,ATCO-A.ST,Sweden
Atlassian Corp,US0494681010,TEAM,United States
Atmos Energy Corp,US0495601058,ATO,United States
AT&T Inc,US00206R1023,T,United States
AUB Group Ltd,AU000000AUB9,AUB.AX,Australia
Auckland International Airport Ltd,NZAIAE0002S6,AIA.NZ,New Zealand
Audinate Group Ltd,AU000000AD88,AD8.AX,Australia
AUO Corp,TW0002409000,2409.TW,Taiwan
Aurizon Holdings Ltd,AU000000AZJ1,AZJ.AX,Australia
Aurobindo Pharma Ltd,INE406A01037,AUROPHARMA.NS,India
AU Small Finance Bank Ltd,INE949L01017,AUBANK.NS,India
Aussie Broadband Ltd,AU0000106643,ABB.AX,Australia
Austal Ltd,AU000000ASB3,ASB.AX,Australia
Australian Clinical Labs Ltd,AU0000148496,ACL.AX,Australia
Australian Ethical Investment Ltd,AU000000AEF4,AEF.AX,Australia
Australian Finance Group Ltd,AU000000AFG9,AFG.AX,Australia
Australian Vintage Ltd,AU000000AVG6,AVG.AX,Australia
Autodesk Inc,US0527691069,ADSK,United States
Autohome Inc,US05278C1071,ATHM,United States
Automatic Data Processing Inc,US0530151036,ADP,United States
Auto Trader Group PLC,GB00BVYVFW23,AUTO.L,United Kingdom
AutoZone Inc,US0533321024,AZO,United States
Avantor Inc,US05352A1007,AVTR,United States
Avary Holding Shenzhen Co Ltd,CNE100003GF5,002938.SZ,China
Avenue Supermarts Ltd,INE192R01011,DMART.NS,India
Avery Dennison Corp,US0536111091,AVY,United States
AviChina Industry & Technology Co Ltd,CNE1000001Y8,2357.HK,Hong Kong
AVICOPTER PLC,CNE0000015V6,600038.SS,China
Aviva PLC,GB00BPQY8M80,AV.L,United Kingdom
Avolta AG,CH0023405456,AVOL.SW,Switzerland
AXA SA,FR0000120628,CS.PA,France
Axiata Group Bhd,MYL6888OO001,6888.KL,Malaysia
Axis Bank Ltd,INE238A01034,AXISBANK.BO,India
Axon Enterprise Inc,US05464C1018,AXON,United States
Ayala Corp,PHY0486V1154,,
Ayala Land Inc,PHY0488F1004,,
AZEK Co Inc/The,US05478C1053,,
Azrieli Group Ltd,IL0011194789,AZRG.TA,Israel
B3 SA - Brasil Bolsa Balcao,BRB3SAACNOR6,B3SA3.SA,Brazil
Bachem Holding AG,CH1176493729,BANB.SW,Switzerland
BAIC BluePark New Energy Technology Co Ltd,CNE000000LP1,600733.SS,China
Baidu Inc,KYG070341048,9888.HK,Hong Kong
Bajaj Auto Ltd,INE917I01010,BAJAJ-AUTO.NS,India
Bajaj Finance Ltd,INE296A01024,BAJFINANCE.NS,India
Bajaj Finserv Ltd,INE918I01026,BAJAJFINSV.NS,India
Bajaj Holdings & Investment Ltd,INE118A01012,BAJAJHLDNG.BO,India
Baker Hughes Co,US05722G1004,BKR,United States
Balkrishna Industries Ltd,INE787D01026,BALKRISIND.BO,India
Ball Corp,US0584981064,BALL,United States
Baloise Holding AG,CH0012410517,BALN.SW,Switzerland
Banco Bilbao Vizcaya Argentaria SA,ES0113211835,BBVA.MC,Spain
Banco BPM SpA,IT0005218380,BAMI.MI,Italy
Banco Bradesco SA,BRBBDCACNPR8,BBDC4.SA,Brazil
Banco Bradesco SA,BRBBDCACNOR1,BBDC3.SA,Brazil
Banco BTG Pactual SA,BRBPACUNT006,BPAC11.SA,Brazil
Banco de Chile,CLP0939W1081,CHILE.SN,Chile
Banco de Credito e Inversiones SA,CLP321331116,BCI.SN,Chile
Banco de Sabadell SA,ES0113860A34,SAB.MC,Spain
Banco do Brasil SA,BRBBASACNOR3,BBAS3.SA,Brazil
Bancolombia SA,COB07PA00078,,
Bancolombia SA,US05968L1026,,
Bancolombia SA,COB07PA00086,,
Banco Santander Chile,CLP1506A1070,BSANTANDER.SN,Chile
Banco Santander SA,ES0113900J37,SAN.MC,Spain
Bandai Namco Holdings Inc,JP3778630008,7832.T,Japan
Bangkok Dusit Medical Services PCL,TH0264A10Z12,BDULF,United States
Bangkok Dusit Medical Services PCL,TH0264010R10,BDMS-R.BK,Thailand
Bangkok Expressway & Metro PCL,TH6999010R15,BEM-R.BK,Thailand
Bank Central Asia Tbk PT,ID1000109507,BBCA.JK,Indonesia
Bank Hapoalim BM,IL0006625771,POLI.TA,Israel
Bank Leumi Le-Israel BM,IL0006046119,LUMI.TA,Israel
Bank Mandiri Persero Tbk PT,ID1000095003,BMRI.JK,Indonesia
Bank Negara Indonesia Persero Tbk PT,ID1000096605,BBNI.JK,Indonesia
Bank of America Corp,US0605051046,BAC,United States
Bank of Baroda,INE028A01039,BANKBARODA.NS,India
Bank of Beijing Co Ltd,CNE100000734,601169.SS,China
Bank of Chengdu Co Ltd,CNE100002SN6,601838.SS,China
Bank of China Ltd,CNE000001N05,601988.SS,China
Bank of China Ltd,CNE1000001Z5,3988.HK,Hong Kong
Bank of Communications Co Ltd,CNE1000000S2,601328.SS,China
Bank of Communications Co Ltd,CNE100000205,3328.HK,Hong Kong
Bank of Hangzhou Co Ltd,CNE100002GQ4,600926.SS,China
Bank of Ireland Group PLC,IE00BD1RP616,BIRG.IR,Ireland
Bank of Jiangsu Co Ltd,CNE100002G76,600919.SS,China
Bank of Montreal,CA0636711016,BMO.TO,Canada
Bank of Nanjing Co Ltd,CNE100000627,601009.SS,China
Bank of New York Mellon Corp/The,US0640581007,BK,United States
Bank of Ningbo Co Ltd,CNE1000005P7,002142.SZ,China
Bank of Nova Scotia/The,CA0641491075,BNS.TO,Canada
Bank of Queensland Ltd,AU000000BOQ8,BOQ.AX,Australia
Bank of Shanghai Co Ltd,CNE100002FM5,601229.SS,China
Bank of the Philippine Islands,PHY0967S1694,,
Bank Polska Kasa Opieki SA,PLPEKAO00016,PEO.WA,Poland
Bank Rakyat Indonesia Persero Tbk PT,ID1000118201,BBRI.JK,Indonesia
Bannerman Energy Ltd,AU000000BMN9,BMN.AX,Australia
Banque Cantonale Vaudoise,CH0531751755,BCVN.SW,Switzerland
Baoshan Iron & Steel Co Ltd,CNE0000015R4,600019.SS,China
Bapcor Ltd,AU000000BAP9,BAP.AX,Australia
Barclays PLC,GB0031348658,BARC.L,United Kingdom
Barito Pacific Tbk PT,ID1000085707,BRPT.JK,Indonesia
Barratt Redrow PLC,GB0000811801,BTRW.L,United Kingdom
Barrick Gold Corp,CA0679011084,,
Barry Callebaut AG,CH0009002962,BARN.SW,Switzerland
Barwa Real Estate Co,QA000A0KD6J5,BRES.QA,Qatar
BASF SE,DE000BASF111,BAS.DE,Germany
Baxter International Inc,US0718131099,BAX,United States
Bayer AG,DE000BAY0017,BAYN.DE,Germany
Bayerische Motoren Werke AG,DE0005190003,BMW.DE,Germany
Bayerische Motoren Werke AG,DE0005190037,BMW3.DE,Germany
BB Seguridade Participacoes SA,BRBBSEACNOR5,BBSE3.SA,Brazil
BCE Inc,CA05534B7604,BCE.TO,Canada
BDO Unibank Inc,PHY077751022,,
Beach Energy Ltd,AU000000BPT9,BPT.AX,Australia
Beacon Lighting Group Ltd,AU000000BLX0,BLX.AX,Australia
Bechtle AG,DE0005158703,BC8.DE,Germany
Becton Dickinson & Co,US0758871091,BDX,United States
Bega Cheese Ltd,AU000000BGA8,BGA.AX,Australia
Beiersdorf AG,DE0005200000,BEI.DE,Germany
BeiGene Ltd,US07725L1026,ONC,United States
BeiGene Ltd,KYG1146Y1017,6160.HK,Hong Kong
Beijer Ref AB,SE0015949748,BEIJ-B.ST,Sweden
Beijing Enterprises Holdings Ltd,HK0392044647,0392.HK,Hong Kong
Beijing Enterprises Water Group Ltd,BMG0957L1090,0371.HK,Hong Kong
Beijing Kingsoft Office Software Inc,CNE100003PM2,688111.SS,China
Beijing New Building Materials PLC,CNE000000QS4,000786.SZ,China
Beijing Oriental Yuhong Waterproof Technology Co Ltd,CNE100000CS3,002271.SZ,China
Beijing Roborock Technology Co Ltd,CNE100003R80,688169.SS,China
Beijing-Shanghai High Speed Railway Co Ltd,CNE100003RV9,601816.SS,China
Beijing Tong Ren Tang Co Ltd,CNE000000R69,600085.SS,China
Beijing Wantai Biological Pharmacy Enterprise Co Ltd,CNE100004090,603392.SS,China
Bellevue Gold Ltd,AU0000019374,BGL.AX,Australia
Bendigo & Adelaide Bank Ltd,AU000000BEN6,BEN.AX,Australia
Bentley Systems Inc,US08265T2087,BSY,United States
Berkeley Group Holdings PLC,GB00BP0RGD03,BKG.L,United Kingdom
Berkshire Hathaway Inc,US0846707026,BRK-B,United States
BE Semiconductor Industries NV,NL0012866412,BESI.AS,Netherlands
Best Buy Co Inc,US0865161014,BBY,United States
Bethel Automotive Safety Systems Co Ltd,CNE1000030Y7,603596.SS,China
Bharat Electronics Ltd,INE263A01024,BEL.BO,India
Bharat Forge Ltd,INE465A01025,BHARATFORG.BO,India
Bharat Heavy Electricals Ltd,INE257A01026,BHEL.BO,India
Bharat Petroleum Corp Ltd,INE029A01011,BPCL.NS,India
Bharti Airtel Ltd,INE397D01024,BHARTIARTL.BO,India
BHP Group Ltd,AU000000BHP4,BHP.AX,Australia
Bid Corp Ltd,ZAE000216537,BID.JO,South Africa
Bidvest Group Ltd,ZAE000117321,BVT.JO,South Africa
Bilibili Inc,KYG1098A1013,9626.HK,Hong Kong
BIM Birlesik Magazalar AS,TREBIMM00018,BIMAS.IS,Turkey
Biogen Inc,US09062X1037,BIIB,United States
BioMarin Pharmaceutical Inc,US09061G1013,BMRN,United States
BioMerieux,FR0013280286,BIM.PA,France
BioNTech SE,US09075V1026,US09075V1026.SG,Germany
Bio-Rad Laboratories Inc,US0905722072,BIO,United States
Bio-Techne Corp,US09073M1045,TECH,United States
BKW AG,CH0130293662,BKW.SW,Switzerland
Blackrock Inc,US09290D1019,BLK,United States
Blackstone Inc,US09260D1072,BX,United States
Block Inc,AU0000187353,,
Block Inc,US8522341036,XYZ,United States
Bloomage Biotechnology Corp Ltd,CNE100003NL9,688363.SS,China
BlueScope Steel Ltd,AU000000BSL0,BSL.AX,Australia
BNP Paribas SA,FR0000131104,BNP.PA,France
BOC Aviation Ltd,SG9999015267,2588.HK,Hong Kong
BOC Hong Kong Holdings Ltd,HK2388011192,2388.HK,Hong Kong
BOE Technology Group Co Ltd,CNE0000016L5,000725.SZ,China
Boise Cascade Co,US09739D1000,BCC,United States
Boliden AB,SE0020050417,BOL.ST,Sweden
Bollore SE,FR0000039299,BOL.PA,France
Booking Holdings Inc,US09857L1089,BKNG,United States
Booz Allen Hamilton Holding Corp,US0995021062,BAH,United States
BorgWarner Inc,US0997241064,BWA,United States
Bosch Ltd,INE323A01026,BOSCHLTD.BO,India
Bosideng International Holdings Ltd,KYG126521064,3998.HK,Hong Kong
Boss Energy Ltd,AU000000BOE4,BOE.AX,Australia
Boston Scientific Corp,US1011371077,BSX,United States
Boubyan Bank KSCP,KW0EQ0102065,BOUBYAN.KW,Kuwait
Bouygues SA,FR0000120503,EN.PA,France
BPER Banca SPA,IT0000066123,BPE.MI,Italy
BP PLC,GB0007980591,BP.L,United Kingdom
BrainChip Holdings Ltd,AU000000BRN8,BRN.AX,Australia
Brambles Ltd,AU000000BXB1,BXB.AX,Australia
Brenntag SE,DE000A1DAHH0,BNR.DE,Germany
Breville Group Ltd,AU000000BRG2,BRG.AX,Australia
BRF SA,BRBRFSACNOR8,BRFS3.SA,Brazil
Bridgestone Corp,JP3830800003,5108.T,Japan
Bristol-Myers Squibb Co,US1101221083,BMY,United States
Britannia Industries Ltd,INE216A01030,BRITANNIA.NS,India
Broadcom Inc,US11135F1012,AVGO,United States
Broadridge Financial Solutions Inc,US11133T1034,BR,United States
Brookdale Senior Living Inc,US1124631045,BKD,United States
Brookfield Asset Management Ltd,CA1130041058,BAM.TO,Canada
Brookfield Corp,CA11271J1075,BN.TO,Canada
Brookfield Renewable Corp,CA11285B1085,BEPC,United States
Brother Industries Ltd,JP3830000000,6448.T,Japan
Brown & Brown Inc,US1152361010,BRO,United States
Brown-Forman Corp,US1156372096,BF-B,United States
BSE Ltd,INE118H01025,BSE.NS,India
BT Group PLC,GB0030913577,BT-A.L,United Kingdom
Budimex SA,PLBUDMX00013,PLBUDMX00013.SG,Germany
Builders FirstSource Inc,US12008R1077,BLDR,United States
Bumrungrad Hospital PCL,TH0168010R13,BH-R.BK,Thailand
Bunge Global SA,CH1300646267,BG,United States
Bunzl PLC,GB00B0744B38,BNZL.L,United Kingdom
Bureau Veritas SA,FR0006174348,BVI.PA,France
Burlington Stores Inc,US1220171060,BURL,United States
Cadence Design Systems Inc,US1273871087,CDNS,United States
CAE Inc,CA1247651088,CAE.TO,Canada
Caitong Securities Co Ltd,CNE100002V44,601108.SS,China
CaixaBank SA,ES0140609019,CABK.MC,Spain
Caixa Seguridade Participacoes S/A,BRCXSEACNOR7,CXSE3.SA,Brazil
Calix Ltd,AU0000017840,CXL.AX,Australia
Cambricon Technologies Corp Ltd,CNE1000041R8,688256.SS,China
Cameco Corp,CA13321L1085,CCO.TO,Canada
Canadian Imperial Bank of Commerce,CA1360691010,CM.TO,Canada
Canadian National Railway Co,CA1363751027,CNR.TO,Canada
Canadian Natural Resources Ltd,CA1363851017,CNQ.TO,Canada
Canadian Pacific Kansas City Ltd,CA13646K1084,CP.TO,Canada
Canadian Tire Corp Ltd,CA1366812024,CTC-A.TO,Canada
Canadian Utilities Ltd,CA1367178326,CU.TO,Canada
Canal+ SA,FR001400T0D6,CAN.L,United Kingdom
Canara Bank,INE476A01022,CANBK.NS,India
Canon Inc,JP3242800005,7751.T,Japan
Capcom Co Ltd,JP3218900003,9697.T,Japan
Capgemini SE,FR0000125338,CAP.PA,France
CapitaLand Investment Ltd/Singapore,SGXE62145532,9CI.SI,Singapore
Capital One Financial Corp,US14040H1059,COF,United States
Capitec Bank Holdings Ltd,ZAE000035861,CPI.JO,South Africa
Capral Ltd,AU000000CAA9,CAA.AX,Australia
Capricorn Metals Ltd,AU000000CMM9,CMM.AX,Australia
Capstone Copper Corp,AU0000318552,CSC.AX,Australia
Cardinal Health Inc,US14149Y1082,CAH,United States
CAR Group Ltd,AU000000CAR3,CAR.AX,Australia
Carlisle Cos Inc,US1423391002,CSL,United States
Carlsberg AS,DK0010181759,CARL-B.CO,Denmark
Carlyle Group Inc/The,US14316J1088,CG,United States
Carl Zeiss Meditec AG,DE0005313704,AFX.DE,Germany
CarMax Inc,US1431301027,KMX,United States
Carnival Corp,PA1436583006,CCL,United States
Carrefour SA,FR0000120172,CA.PA,France
Carrier Global Corp,US14448C1045,CARR,United States
Carvana Co,US1468691027,CVNA,United States
Catcher Technology Co Ltd,TW0002474004,2474.TW,Taiwan
Caterpillar Inc,US1491231015,CAT,United States
Cathay Financial Holding Co Ltd,TW0002882008,2882.TW,Taiwan
Cboe Global Markets Inc,US12503M1080,CBOE,United States
CBRE Group Inc,US12504L1098,CBRE,United States
CCL Industries Inc,CA1249003098,CCL-B.TO,Canada
CCR SA,BRCCROACNOR2,MOTV3.SA,Brazil
C&D International Investment Group Ltd,KYG3165D1097,1908.HK,Hong Kong
CD Projekt SA,PLOPTTC00011,CDR.WA,Poland
CDW Corp/DE,US12514G1085,CDW,United States
Celanese Corp,US1508701034,CE,United States
CELCOMDIGI BHD,MYL6947OO005,6947.KL,Malaysia
Cellnex Telecom SA,ES0105066007,CLNX.MC,Spain
Celltrion Inc,KR7068270008,068270.KS,South Korea
Cemex SAB de CV,US1512908898,CEXA.SG,Germany
Cemex SAB de CV,MXP225611567,CEMEXCPO.MX,Mexico
Cencora Inc,US03073E1055,COR,United States
Cencosud SA,CL0000000100,CENCOSUD.SN,Chile
Cenovus Energy Inc,CA15135U1093,CVE.TO,Canada
Centene Corp,US15135B1017,CNC,United States
CenterPoint Energy Inc,US15189T1079,CNP,United States
Centrais Eletricas Brasileiras SA,BRELETACNPB7,ELET6.SA,Brazil
Centrais Eletricas Brasileiras SA,BRELETACNOR6,ELET3.SA,Brazil
Central Japan Railway Co,JP3566800003,9022.T,Japan
Central Pattana PCL,TH0481010R10,CPN-R.BK,Thailand
Central Retail Corp PCL,TH9597010R14,CRC-R.BK,Thailand
Centrica PLC,GB00B033F229,CNA.L,United Kingdom
Cettire Ltd,AU0000122210,CTT.AX,Australia
CEZ AS,CZ0005112300,CEZ.PR,Czechia
CF Industries Holdings Inc,US1252691001,CF,United States
CGI Inc,CA12532H1047,GIB-A.TO,Canada
CGN Power Co Ltd,CNE100001T80,1816.HK,Hong Kong
CGN Power Co Ltd,CNE100003N43,003816.SZ,China
CG Power & Industrial Solutions Ltd,INE067A01029,CGPOWER.NS,India
Chailease Holding Co Ltd,KYG202881093,5871.TW,Taiwan
Chalice Mining Ltd,AU000000CHN7,CHN.AX,Australia
Challenger Ltd,AU000000CGF5,CGF.AX,Australia
Champion Iron Ltd,AU000000CIA2,CIA.AX,Australia
Chandra Asri Pacific Tbk PT,ID1000090301,TPIA.JK,Indonesia
Changchun High-Tech Industry Group Co Ltd,CNE0000007J8,000661.SZ,China
Chang Hwa Commercial Bank Ltd,TW0002801008,2801.TW,Taiwan
Changjiang Securities Co Ltd,CNE000000SH3,000783.SZ,China
Changzhou Xingyu Automotive Lighting Systems Co Ltd,CNE1000011H2,601799.SS,China
Chaozhou Three-Circle Group Co Ltd,CNE100001Y42,300408.SZ,China
Charles River Laboratories International Inc,US1598641074,CRL,United States
Charles Schwab Corp/The,US8085131055,SCHW,United States
Charoen Pokphand Foods PCL,TH0101010R14,CPF-R.BK,Thailand
Charoen Pokphand Indonesia Tbk PT,ID1000117708,CPIN.JK,Indonesia
Charter Communications Inc,US16119P1084,CHTR,United States
Check Point Software Technologies Ltd,IL0010824113,CHKP,United States
Cheng Shin Rubber Industry Co Ltd,TW0002105004,2105.TW,Taiwan
Cheniere Energy Inc,US16411R2085,LNG,United States
Chevron Corp,US1667641005,CVX,United States
Chiba Bank Ltd/The,JP3511800009,8331.T,Japan
China Airlines Ltd,TW0002610003,2610.TW,Taiwan
China CITIC Bank Corp Ltd,CNE1000001Q4,0998.HK,Hong Kong
China Communications Services Corp Ltd,CNE1000002G3,0552.HK,Hong Kong
China Construction Bank Corp,CNE1000002H1,0939.HK,Hong Kong
China Construction Bank Corp,CNE100000742,601939.SS,China
China CSSC Holdings Ltd,CNE000000W05,600150.SS,China
China Eastern Airlines Corp Ltd,CNE000000TR0,600115.SS,China
China Energy Engineering Corp Ltd,CNE100004QL0,601868.SS,China
China Everbright Bank Co Ltd,CNE100000SL4,601818.SS,China
China Everbright Bank Co Ltd,CNE100001QW3,6818.HK,Hong Kong
China Feihe Ltd,KYG2121Q1055,6186.HK,Hong Kong
China Galaxy Securities Co Ltd,CNE100001NT6,6881.HK,Hong Kong
China Galaxy Securities Co Ltd,CNE100002FG7,601881.SS,China
China Gas Holdings Ltd,BMG2109G1033,0384.HK,Hong Kong
China Greatwall Technology Group Co Ltd,CNE000000RL7,000066.SZ,China
China Hongqiao Group Ltd,KYG211501005,1378.HK,Hong Kong
China International Capital Corp Ltd,CNE1000048J0,601995.SS,China
China International Capital Corp Ltd,CNE100002359,3908.HK,Hong Kong
China Jushi Co Ltd,CNE000000YM1,600176.SS,China
China Life Insurance Co Ltd,CNE1000002L3,2628.HK,Hong Kong
China Life Insurance Co Ltd,CNE000001Q93,601628.SS,China
China Literature Ltd,KYG2121R1039,0772.HK,Hong Kong
China Longyuan Power Group Corp Ltd,CNE100000HD4,0916.HK,Hong Kong
China Medical System Holdings Ltd,KYG211081248,0867.HK,Hong Kong
China Mengniu Dairy Co Ltd,KYG210961051,2319.HK,Hong Kong
China Merchants Bank Co Ltd,CNE1000002M1,3968.HK,Hong Kong
China Merchants Bank Co Ltd,CNE000001B33,600036.SS,China
China Merchants Energy Shipping Co Ltd,CNE000001PQ8,601872.SS,China
China Merchants Expressway Network & Technology Holdings Co Ltd,CNE1000032B1,001965.SZ,China
China Merchants Port Holdings Co Ltd,HK0144000764,0144.HK,Hong Kong
China Merchants Securities Co Ltd,CNE100000HK9,600999.SS,China
China Merchants Shekou Industrial Zone Holdings Co Ltd,CNE100002FC6,001979.SZ,China
China Minsheng Banking Corp Ltd,CNE0000015Y0,600016.SS,China
China Minsheng Banking Corp Ltd,CNE100000HF9,1988.HK,Hong Kong
China National Building Material Co Ltd,CNE1000002N9,3323.HK,Hong Kong
China National Chemical Engineering Co Ltd,CNE100000KC0,601117.SS,China
China National Nuclear Power Co Ltd,CNE1000022N7,601985.SS,China
China National Software & Service Co Ltd,CNE000001BB0,600536.SS,China
China Northern Rare Earth Group High-Tech Co Ltd,CNE000000T18,600111.SS,China
China Oilfield Services Ltd,CNE1000002P4,2883.HK,Hong Kong
China Overseas Land & Investment Ltd,HK0688002218,0688.HK,Hong Kong
China Pacific Insurance Group Co Ltd,CNE1000009Q7,2601.HK,Hong Kong
China Pacific Insurance Group Co Ltd,CNE1000008M8,601601.SS,China
China Petroleum & Chemical Corp,CNE0000018G1,600028.SS,China
China Petroleum & Chemical Corp,CNE1000002Q2,0386.HK,Hong Kong
China Power International Development Ltd,HK2380027329,2380.HK,Hong Kong
China Railway Group Ltd,CNE1000007Z2,0390.HK,Hong Kong
China Railway Group Ltd,CNE100000866,601390.SS,China
China Railway Signal & Communication Corp Ltd,CNE100003MP2,688009.SS,China
China Resources Beer Holdings Co Ltd,HK0291001490,0291.HK,Hong Kong
China Resources Gas Group Ltd,BMG2113B1081,1193.HK,Hong Kong
China Resources Land Ltd,KYG2108Y1052,1109.HK,Hong Kong
China Resources Microelectronics Ltd,CNE100003S06,688396.SS,China
China Resources Mixc Lifestyle Services Ltd,KYG2122G1064,1209.HK,Hong Kong
China Resources Pharmaceutical Group Ltd,HK0000311099,3320.HK,Hong Kong
China Resources Power Holdings Co Ltd,HK0836012952,0836.HK,Hong Kong
China Resources Sanjiu Medical & Pharmaceutical Co Ltd,CNE0000011K8,000999.SZ,China
China Ruyi Holdings Ltd,BMG4404N1149,0136.HK,Hong Kong
China Southern Airlines Co Ltd,CNE000001FG0,600029.SS,China
China State Construction Engineering Corp Ltd,CNE100000F46,601668.SS,China
China State Construction International Holdings Ltd,KYG216771363,3311.HK,Hong Kong
China Steel Corp,TW0002002003,2002.TW,Taiwan
China Taiping Insurance Holdings Co Ltd,HK0000055878,0966.HK,Hong Kong
China Three Gorges Renewables Group Co Ltd,CNE1000051F2,600905.SS,China
China Tourism Group Duty Free Corp Ltd,CNE100000G29,601888.SS,China
China Tower Corp Ltd,CNE100003688,0788.HK,Hong Kong
China United Network Communications Ltd,CNE000001CS2,600050.SS,China
China Vanke Co Ltd,CNE100001SR9,2202.HK,Hong Kong
China Vanke Co Ltd,CNE0000000T2,000002.SZ,China
China Yangtze Power Co Ltd,CNE000001G87,600900.SS,China
China Zheshang Bank Co Ltd,CNE100003PS9,601916.SS,China
Chipotle Mexican Grill Inc,US1696561059,CMG,United States
Chocoladefabriken Lindt & Spruengli AG,CH0010570759,LISN.SW,Switzerland
Chocoladefabriken Lindt & Spruengli AG,CH0010570767,LISP.SW,Switzerland
Cholamandalam Investment and Finance Co Ltd,INE121A01024,CHOLAFIN.BO,India
Chongqing Brewery Co Ltd,CNE000000TL3,600132.SS,China
Chongqing Changan Automobile Co Ltd,CNE000000R36,000625.SZ,China
Chongqing Zhifei Biological Products Co Ltd,CNE100000V20,300122.SZ,China
Chorus Ltd,NZCNUE0001S2,CNU.NZ,New Zealand
Chow Tai Fook Jewellery Group Ltd,KYG211461085,1929.HK,Hong Kong
CH Robinson Worldwide Inc,US12541W2098,CHRW,United States
Chrysos Corp Ltd,AU0000218190,C79.AX,Australia
Chubb Ltd,CH0044328745,CB,United States
Chubu Electric Power Co Inc,JP3526600006,9502.T,Japan
Chugai Pharmaceutical Co Ltd,JP3519400000,4519.T,Japan
Chunghwa Telecom Co Ltd,TW0002412004,2412.TW,Taiwan
Church & Dwight Co Inc,US1713401024,CHD,United States
Cia de Minas Buenaventura SAA,US2044481040,BVN,United States
Cia de Saneamento Basico do Estado de Sao Paulo SABESP,BRSBSPACNOR5,SBSP3.SA,Brazil
Cia Energetica de Minas Gerais,BRCMIGACNPR3,CMIG4.SA,Brazil
Cia Paranaense de Energia - Copel,BRCPLEACNPB9,CPLE6.SA,Brazil
Cia Siderurgica Nacional SA,BRCSNAACNOR6,CSNA3.SA,Brazil
Cie de Saint-Gobain SA,FR0000125007,SGO.PA,France
Cie Financiere Richemont SA,CH0210483332,CFR.SW,Switzerland
Cie Generale des Etablissements Michelin SCA,FR001400AJ45,ML.PA,France
Cigna Group/The,US1255231003,CI,United States
CIMB Group Holdings Bhd,MYL1023OO000,1023.KL,Malaysia
Cincinnati Financial Corp,US1720621010,CINF,United States
Cintas Corp,US1729081059,CTAS,United States
Cipla Ltd/India,INE059A01026,CIPLA.NS,India
Cisco Systems Inc,US17275R1023,CSCO,United States
CITIC Ltd,HK0267001375,0267.HK,Hong Kong
CITIC Securities Co Ltd,CNE000001DB6,600030.SS,China
CITIC Securities Co Ltd,CNE1000016V2,6030.HK,Hong Kong
Citigroup Inc,US1729674242,C,United States
Citizens Financial Group Inc,US1746101054,CFG,United States
CJ CheilJedang Corp,KR7097950000,097950.KS,South Korea
CK Asset Holdings Ltd,KYG2177B1014,1113.HK,Hong Kong
CK Hutchison Holdings Ltd,KYG217651051,0001.HK,Hong Kong
CK Infrastructure Holdings Ltd,BMG2178K1009,1038.HK,Hong Kong
Clariant AG,CH0012142631,CLN.SW,Switzerland
Clarity Pharmaceuticals Ltd,AU0000165375,CU6.AX,Australia
Cleanaway Waste Management Ltd,AU000000CWY3,CWY.AX,Australia
Clean Harbors Inc,US1844961078,CLH,United States
Clicks Group Ltd,ZAE000134854,CLS.JO,South Africa
Clinuvel Pharmaceuticals Ltd,AU000000CUV3,CUV.AX,Australia
Clorox Co/The,US1890541097,CLX,United States
Close The Loop Ltd,AU0000186504,CLG.AX,Australia
Cloudflare Inc,US18915M1071,NET,United States
CLP Holdings Ltd,HK0002007356,0002.HK,Hong Kong
CME Group Inc,US12572Q1058,CME,United States
CMOC Group Ltd,CNE100000114,3993.HK,Hong Kong
CMOC Group Ltd,CNE100001NR0,603993.SS,China
CMS Energy Corp,US1258961002,CMS,United States
CNGR Advanced Material Co Ltd,CNE1000049X9,300919.SZ,China
CNH Industrial NV,NL0010545661,CNH,United States
CNPC Capital Co Ltd,CNE000000MS3,000617.SZ,China
Coca-Cola Co/The,US1912161007,KO,United States
Coca-Cola Europacific Partners PLC,GB00BDCPN049,CCEP.AS,Netherlands
Coca-Cola Femsa SAB de CV,MX01KO000002,KOFUBL.MX,Mexico
Coca-Cola Femsa SAB de CV,US1912411089,KOF,United States
Coca-Cola HBC AG,CH0198251305,CCH.L,United Kingdom
Coca-Cola Icecek AS,TRECOLA00011,CCOLA.IS,Turkey
Cochlear Ltd,AU000000COH5,COH.AX,Australia
Codan Ltd,AU000000CDA3,CDA.AX,Australia
Cognizant Technology Solutions Corp,US1924461023,CTSH,United States
Coinbase Global Inc,US19260Q1076,COIN,United States
Coles Group Ltd,AU0000030678,COL.AX,Australia
Colgate-Palmolive Co,US1941621039,CL,United States
Colgate-Palmolive India Ltd,INE259A01022,COLPAL.BO,India
Collins Foods Ltd,AU000000CKF7,CKF.AX,Australia
Coloplast A/S,DK0060448595,COLO-B.CO,Denmark
Comcast Corp,US20030N1019,CMCSA,United States
Comfort Systems USA Inc,US1999081045,FIX,United States
Commercial Bank PSQC/The,QA0007227752,CBQK.QA,Qatar
Commercial International Bank - Egypt (CIB),EGS60121C018,EGS60121C018.CA,
Commercial International Bank - Egypt (CIB),US2017122050,CBKD.IL,United Kingdom
Commerzbank AG,DE000CBK1001,CBK.DE,Germany
Commonwealth Bank of Australia,AU000000CBA7,CBA.AX,Australia
Compal Electronics Inc,TW0002324001,2324.TW,Taiwan
Compass Group PLC,GB00BD6K4575,CPG.L,United Kingdom
Computershare Ltd,AU000000CPU5,CPU.AX,Australia
Conagra Brands Inc,US2058871029,CAG,United States
Concordia Financial Group Ltd,JP3305990008,7186.T,Japan
ConocoPhillips,US20825C1045,COP,United States
Consolidated Edison Inc,US2091151041,ED,United States
Constellation Brands Inc,US21036P1084,STZ,United States
Constellation Energy Corp,US21037T1097,CEG,United States
Constellation Software Inc/Canada,CA21037X1006,CSU.TO,Canada
Container Corp Of India Ltd,INE111A01025,CONCOR.NS,India
Contemporary Amperex Technology Co Ltd,CNE100003662,300750.SZ,China
Continental AG,DE0005439004,CON.DE,Germany
Cooper Cos Inc/The,US2166485019,COO,United States
Copart Inc,US2172041061,CPRT,United States
Corebridge Financial Inc,US21871X1090,CRBG,United States
Corning Inc,US2193501051,GLW,United States
Coronado Global Resources Inc,AU0000026122,CRN.AX,Australia
Corpay Inc,US2199481068,CPAY,United States
Corteva Inc,US22052L1044,CTVA,United States
Cosan SA,BRCSANACNOR6,CSAN3.SA,Brazil
COSCO SHIPPING Energy Transportation Co Ltd,CNE000001BD6,600026.SS,China
COSCO SHIPPING Energy Transportation Co Ltd,CNE1000002S8,1138.HK,Hong Kong
COSCO SHIPPING Holdings Co Ltd,CNE1000002J7,1919.HK,Hong Kong
COSCO SHIPPING Holdings Co Ltd,CNE100000601,601919.SS,China
CoStar Group Inc,US22160N1090,CSGP,United States
Costco Wholesale Corp,US22160K1051,COST,United States
Country Garden Holdings Co Ltd,KYG245241032,2007.HK,Hong Kong
Country Garden Services Holdings Co Ltd,KYG2453A1085,6098.HK,Hong Kong
Coupang Inc,US22266T1097,CPNG,United States
Covestro AG,DE000A40KY26,1CO.DE,Germany
Coway Co Ltd,KR7021240007,021240.KS,South Korea
CP ALL PCL,TH0737010Y16,LVN.SG,Germany
CP ALL PCL,TH0737010R15,CPALL-R.BK,Thailand
CP AXTRA PCL,THC450010R16,CPAXT-R.BK,Thailand
CPFL Energia SA,BRCPFEACNOR0,CPFE3.SA,Brazil
Credicorp Ltd,BMG2519Y1084,BAP,United States
Credit Agricole SA,FR0000045072,ACA.PA,France
Credit Corp Group Ltd,AU000000CCP3,CCP.AX,Australia
CRH PLC,IE0001827041,CRH,United States
Criteo SA,US2267181046,CRTO,United States
Croda International PLC,GB00BJFFLV09,CRDA.L,United Kingdom
Crowdstrike Holdings Inc,US22788C1053,CRWD,United States
Crown Holdings Inc,US2283681060,CCK,United States
CRRC Corp Ltd,CNE100000BG0,1766.HK,Hong Kong
CRRC Corp Ltd,CNE100000CP9,601766.SS,China
CSC Financial Co Ltd,CNE1000031T5,601066.SS,China
CSL Ltd,AU000000CSL8,CSL.AX,Australia
CSPC Pharmaceutical Group Ltd,HK1093012172,1093.HK,Hong Kong
CSX Corp,US1264081035,CSX,United States
CTBC Financial Holding Co Ltd,TW0002891009,2891.TW,Taiwan
CTS Eventim AG & Co KGaA,DE0005470306,EVD.DE,Germany
Cummins Inc,US2310211063,CMI,United States
Cummins India Ltd,INE298A01020,CUMMINSIND.BO,India
CVC Capital Partners PLC,JE00BRX98089,CVC.AS,Netherlands
CVS Health Corp,US1266501006,CVS,United States
CyberArk Software Ltd,IL0011334468,CYBR,United States
Dabur India Ltd,INE016A01026,DABUR.NS,India
Daifuku Co Ltd,JP3497400006,6383.T,Japan
Dai-ichi Life Holdings Inc,JP3476480003,8750.T,Japan
Daiichi Sankyo Co Ltd,JP3475350009,4568.T,Japan
Daikin Industries Ltd,JP3481800005,6367.T,Japan
Daimler Truck Holding AG,DE000DTR0CK8,DTG.DE,Germany
Dai Nippon Printing Co Ltd,JP3493800001,7912.T,Japan
Daito Trust Construction Co Ltd,JP3486800000,1878.T,Japan
Daiwa House Industry Co Ltd,JP3505000004,1925.T,Japan
Daiwa Securities Group Inc,JP3502200003,8601.T,Japan
Danaher Corp,US2358511028,DHR,United States
Danone SA,FR0000120644,BN.PA,France
Danske Bank A/S,DK0010274414,DANSKE.CO,Denmark
Daqin Railway Co Ltd,CNE000001NG4,601006.SS,China
Darden Restaurants Inc,US2371941053,DRI,United States
DaShenLin Pharmaceutical Group Co Ltd,CNE100002RG2,603233.SS,China
Dassault Systemes SE,FR0014003TT8,DSY.PA,France
Data#3 Ltd,AU000000DTL4,DTL.AX,Australia
Datadog Inc,US23804L1035,DDOG,United States
Davide Campari-Milano NV,NL0015435975,CPR.MI,Italy
DaVita Inc,US23918K1088,DVA,United States
Dayforce Inc,US15677J1088,DAY,United States
DB Insurance Co Ltd,KR7005830005,005830.KS,South Korea
DBS Group Holdings Ltd,SG1L01001701,D05.SI,Singapore
DCC PLC,IE0002424939,DCC.L,United Kingdom
Deckers Outdoor Corp,US2435371073,DECK,United States
Deep Yellow Ltd,AU000000DYL4,DYL.AX,Australia
Deere & Co,US2441991054,DE,United States
De Grey Mining Ltd,AU000000DEG6,,
Delivery Hero SE,DE000A2E4K43,DHER.DE,Germany
Dell Technologies Inc,US24703L2025,DELL,United States
Delta Air Lines Inc,US2473617023,DAL,United States
Delta Electronics Inc,TW0002308004,2308.TW,Taiwan
Delta Electronics Thailand PCL,TH0528010R18,DELTA-R.BK,Thailand
Delta Electronics Thailand PCL,TH0528A10Z14,DLS.F,Germany
Demant A/S,DK0060738599,DEMANT.CO,Denmark
Denso Corp,JP3551500006,6902.T,Japan
Dentsu Group Inc,JP3551520004,4324.T,Japan
Descartes Systems Group Inc/The,CA2499061083,DSG.TO,Canada
Deterra Royalties Ltd,AU0000107484,DRR.AX,Australia
Deutsche Bank AG,DE0005140008,DBK.DE,Germany
Deutsche Boerse AG,DE0005810055,DB1.DE,Germany
Deutsche Lufthansa AG,DE0008232125,LHA.DE,Germany
Deutsche Post AG,DE0005552004,DHL.DE,Germany
Deutsche Telekom AG,DE0005557508,DTE.DE,Germany
Develop Global Ltd,AU0000179707,DVP.AX,Australia
Devon Energy Corp,US25179M1036,DVN,United States
Dexcom Inc,US2521311074,DXCM,United States
Diageo PLC,GB0002374006,DGE.L,United Kingdom
DiaSorin SpA,IT0003492391,DIA.MI,Italy
Dicker Data Ltd,AU000000DDR5,DDR.AX,Australia
Dick's Sporting Goods Inc,US2533931026,DKS,United States
DiDi Global Inc,US23292E1082,92S.HA,Germany
D'ieteren Group,BE0974259880,DIE.BR,Belgium
Dino Polska SA,PLDINPL00011,DNP.WA,Poland
Disco Corp,JP3548600000,6146.T,Japan
Discover Financial Services,US2547091080,,
Discovery Ltd,ZAE000022331,DSY.JO,South Africa
Divi's Laboratories Ltd,INE361B01024,DIVISLAB.NS,India
Dixon Technologies India Ltd,INE935N01020,DIXON.NS,India
DLF Ltd,INE271C01023,DLF.NS,India
DNB Bank ASA,NO0010161896,DNB.OL,Norway
DocuSign Inc,US2561631068,DOCU,United States
Dollarama Inc,CA25675T1075,DOL.TO,Canada
Dollar General Corp,US2566771059,DG,United States
Dollar Tree Inc,US2567461080,DLTR,United States
Domain Holdings Australia Ltd,AU000000DHG9,,
Dominion Energy Inc,US25746U1097,D,United States
Domino's Pizza Enterprises Ltd,AU000000DMP0,DMP.AX,Australia
Domino's Pizza Inc,US25754A2015,DPZ,United States
Dongfang Electric Corp Ltd,CNE000000J28,600875.SS,China
Dongxing Securities Co Ltd,CNE100002177,601198.SS,China
DoorDash Inc,US25809K1051,DASH,United States
Doosan Bobcat Inc,KR7241560002,241560.KS,South Korea
Doosan Enerbility Co Ltd,KR7034020008,034020.KS,South Korea
Dover Corp,US2600031080,DOV,United States
Dow Inc,US2605571031,DOW,United States
Downer EDI Ltd,AU000000DOW2,DOW.AX,Australia
DraftKings Inc,US26142V1052,DKNG,United States
DR Horton Inc,US23331A1097,DHI,United States
Dr Ing hc F Porsche AG,DE000PAG9113,P911.DE,Germany
Dropbox Inc,US26210C1045,DBX,United States
Dr Reddy's Laboratories Ltd,INE089A01031,DRREDDY.BO,India
DSM-Firmenich AG,CH1216478797,DSFIR.AS,Netherlands
DSV A/S,DK0060079531,DSV.CO,Denmark
DTE Energy Co,US2333311072,DTE,United States
Dubai Islamic Bank PJSC,AED000201015,DIB.AE,United Arab Emirates
Duke Energy Corp,US26441C2044,DUK,United States
Dukhan Bank,QA000B982PM1,DUBK.QA,Qatar
DuPont de Nemours Inc,US26614N1028,DD,United States
Dynatrace Inc,US2681501092,DT,United States
Eagers Automotive Ltd,AU000000APE3,APE.AX,Australia
East Japan Railway Co,JP3783600004,9020.T,Japan
Eastman Chemical Co,US2774321002,EMN,United States
East Money Information Co Ltd,CNE100000MD4,300059.SZ,China
Eastroc Beverage Group Co Ltd,CNE100005576,605499.SS,China
Eaton Corp PLC,IE00B8KQN827,ETN,United States
eBay Inc,US2786421030,EBAY,United States
EBOS Group Ltd,NZEBOE0001S6,EBO.NZ,New Zealand
EBR Systems Inc,AU0000182552,EBR.AX,Australia
Eclat Textile Co Ltd,TW0001476000,1476.TW,Taiwan
Ecolab Inc,US2788651006,ECL,United States
Ecopro BM Co Ltd,KR7247540008,247540.KQ,South Korea
Ecopro Co Ltd,KR7086520004,086520.KQ,South Korea
Ecopro Materials Co Ltd,KR7450080007,450080.KS,South Korea
Ecovacs Robotics Co Ltd,CNE1000031N8,603486.SS,China
Edenred SE,FR0010908533,EDEN.PA,France
Edison International,US2810201077,EIX,United States
EDP Renovaveis SA,ES0127797019,EDPR.LS,Portugal
EDP SA,PTEDP0AM0009,EDP.LS,Portugal
Edwards Lifesciences Corp,US28176E1082,EW,United States
Eicher Motors Ltd,INE066A01021,EICHERMOT.BO,India
Eiffage SA,FR0000130452,FGR.PA,France
E Ink Holdings Inc,TW0008069006,8069.TWO,Taiwan
Eisai Co Ltd,JP3160400002,4523.T,Japan
Elders Ltd,AU000000ELD6,AU000000ELD6.SG,Germany
Eldorado Gold Corp,CA2849025093,ELD.TO,Canada
Electronic Arts Inc,US2855121099,EA,United States
Element Fleet Management Corp,CA2861812014,EFN.TO,Canada
Elevance Health Inc,US0367521038,ELV,United States
elf Beauty Inc,US26856L1035,ELF,United States
Elia Group SA/NV,BE0003822393,ELI.BR,Belgium
Eli Lilly & Co,US5324571083,LLY,United States
Elisa Oyj,FI0009007884,ELISA.HE,Finland
Emaar Properties PJSC,AEE000301011,EMAAR.AE,United Arab Emirates
Embraer SA,BREMBRACNOR4,EMBR3.SA,Brazil
EMCOR Group Inc,US29084Q1004,EME,United States
Emeco Holdings Ltd,AU000000EHL7,EHL.AX,Australia
eMemory Technology Inc,TW0003529004,3529.TWO,Taiwan
Emera Inc,CA2908761018,EMA.TO,Canada
Emerald Resources NL,AU000000EMR4,EMR.AX,Australia
Emerson Electric Co,US2910111044,EMR,United States
Emirates NBD Bank PJSC,AEE000801010,EMIRATESNBD.AE,United Arab Emirates
Emirates Telecommunications Group Co PJSC,AEE000401019,,
Empire Co Ltd,CA2918434077,EMP-A.TO,Canada
Empresas CMPC SA,CL0000001314,CMPC.SN,Chile
Empresas Copec SA,CLP7847L1080,COPEC.SN,Chile
EMS-Chemie Holding AG,CH0016440353,EMSN.SW,Switzerland
Enbridge Inc,CA29250N1050,ENB.TO,Canada
Enchem Co Ltd,KR7348370008,348370.KQ,South Korea
Endeavour Group Ltd/Australia,AU0000154833,AU0000154833.SG,Germany
Endeavour Mining PLC,GB00BL6K5J42,EDV.TO,Canada
Endesa SA,ES0130670112,ELE.MC,Spain
Enel Americas SA,CLP371861061,ENELAM.SN,Chile
Enel Chile SA,CL0002266774,ENELCHILE.SN,Chile
Enel SpA,IT0003128367,ENEL.MI,Italy
ENEOS Holdings Inc,JP3386450005,5020.T,Japan
Engie Brasil Energia SA,BREGIEACNOR9,EGIE3.SA,Brazil
Engie SA,FR0010208488,ENGI.PA,France
Eni SpA,IT0003132476,ENI.MI,Italy
ENN Energy Holdings Ltd,KYG3066L1014,2688.HK,Hong Kong
ENN Natural Gas Co Ltd,CNE000000DG7,600803.SS,China
Enphase Energy Inc,US29355A1079,ENPH,United States
Entain PLC,IM00B5VQMV65,ENT.L,United Kingdom
Entegris Inc,US29362U1043,ENTG,United States
Entergy Corp,US29364G1031,ETR,United States
Environmental Group Ltd/The,AU000000EGL9,EGL.AX,Australia
EOG Resources Inc,US26875P1012,EOG,United States
E.ON SE,DE000ENAG999,EOAN.DE,Germany
Eoptolink Technology Inc Ltd,CNE100002615,300502.SZ,China
EPAM Systems Inc,US29414B1044,EPAM,United States
Epiroc AB,SE0015658109,SE0015658109.SG,Germany
Epiroc AB,SE0015658117,,
EQT AB,SE0012853455,SE0012853455.SG,Germany
EQT Holdings Ltd,AU000000EQT1,EQT.AX,Australia
Equatorial Energia SA,BREQTLACNOR0,EQTL3.SA,Brazil
Equifax Inc,US2944291051,EFX,United States
Equinor ASA,NO0010096985,EQNR.OL,Norway
Equitable Holdings Inc,US29452E1010,EQH,United States
Eregli Demir ve Celik Fabrikalari TAS,TRAEREGL91G3,EREGL.IS,Turkey
Erie Indemnity Co,US29530P1021,ERIE,United States
Erste Group Bank AG,AT0000652011,EBS.VI,Austria
Essential Utilities Inc,US29670G1022,WTRG,United States
EssilorLuxottica SA,FR0000121667,EL.PA,France
Essity AB,SE0009922164,ESSITY-B.ST,Sweden
Estee Lauder Cos Inc/The,US5184391044,EL,United States
E.Sun Financial Holding Co Ltd,TW0002884004,2884.TW,Taiwan
Etsy Inc,US29786A1060,ETSY,United States
Eurazeo SE,FR0000121121,RF.PA,France
Eurobank Ergasias Services and Holdings SA,GRS323003012,EUROB.AT,Greece
Eurofins Scientific SE,FR0014000MR3,ERF.PA,France
Euronext NV,NL0006294274,ENX.PA,France
Eva Airways Corp,TW0002618006,2618.TW,Taiwan
Eve Energy Co Ltd,CNE100000GS4,300014.SZ,China
Everbright Securities Co Ltd,CNE100000FD8,601788.SS,China
Everest Group Ltd,BMG3223R1088,EG,United States
Evergreen Marine Corp Taiwan Ltd,TW0002603008,2603.TW,Taiwan
Evergy Inc,US30034W1062,EVRG,United States
Eversource Energy,US30040W1080,ES,United States
Evolution AB,SE0012673267,EVO.ST,Sweden
Evolution Mining Ltd,AU000000EVN4,EVN.AX,Australia
Evonik Industries AG,DE000EVNK013,EVK.DE,Germany
EVT Ltd,AU000000EVT1,EVT.AX,Australia
Exact Sciences Corp,US30063P1057,EXAS,United States
Exelon Corp,US30161N1019,EXC,United States
EXOR NV,NL0012059018,EXO.AS,Netherlands
Expand Energy Corp,US1651677353,EXE,United States
Expedia Group Inc,US30212P3038,EXPE,United States
Expeditors International of Washington Inc,US3021301094,EXPD,United States
Experian PLC,GB00B19NLV48,EXPN.L,United Kingdom
Exxon Mobil Corp,US30231G1022,XOM,United States
F5 Inc,US3156161024,FFIV,United States
FactSet Research Systems Inc,US3030751057,FDS,United States
Fairfax Financial Holdings Ltd,CA3039011026,FFH.TO,Canada
Fair Isaac Corp,US3032501047,FICO,United States
Falabella SA,CLP3880F1085,FALABELLA.SN,Chile
FANUC Corp,JP3802400006,6954.T,Japan
Far Eastern New Century Corp,TW0001402006,1402.TW,Taiwan
Far East Horizon Ltd,HK0000077468,3360.HK,Hong Kong
Far EasTone Telecommunications Co Ltd,TW0004904008,4904.TW,Taiwan
Fastenal Co,US3119001044,FAST,United States
Fastighets AB Balder,SE0017832488,BALD-B.ST,Sweden
Fast Retailing Co Ltd,JP3802300008,9983.T,Japan
FAW Jiefang Group Co Ltd,CNE000000R85,000800.SZ,China
FedEx Corp,US31428X1063,FDX,United States
Feng TAY Enterprise Co Ltd,TW0009910000,9910.TW,Taiwan
Ferguson Enterprises Inc,US31488V1070,FERG,United States
Ferrari NV,NL0011585146,RACE.MI,Italy
Ferrovial SE,NL0015001FS8,FER.MC,Spain
Fidelity National Financial Inc,US31620R3030,FNF,United States
Fidelity National Information Services Inc,US31620M1062,FIS,United States
Fifth Third Bancorp,US3167731005,FITB,United States
FinecoBank Banca Fineco SpA,IT0000072170,FBK.MI,Italy
First Abu Dhabi Bank PJSC,AEN000101016,,
First Citizens BancShares Inc/NC,US31946M1036,FCNCA,United States
FirstEnergy Corp,US3379321074,FE,United States
First Financial Holding Co Ltd,TW0002892007,2892.TW,Taiwan
First Quantum Minerals Ltd,CA3359341052,FM.TO,Canada
FirstRand Ltd,ZAE000066304,FSR.JO,South Africa
FirstService Corp,CA33767E2024,FSV.TO,Canada
First Solar Inc,US3364331070,FSLR,United States
Fiserv Inc,US3377381088,FI,United States
Fisher & Paykel Healthcare Corp Ltd,NZFAPE0001S2,FPH.NZ,New Zealand
Flat Glass Group Co Ltd,CNE100003HV0,601865.SS,China
FleetPartners Group Ltd,AU0000272924,FPR.AX,Australia
Fletcher Building Ltd,NZFBUE0001S0,FBU.NZ,New Zealand
Flight Centre Travel Group Ltd,AU000000FLT9,FLT.AX,Australia
Flutter Entertainment PLC,IE00BWT6H894,FLUT,United States
Focus Media Information Technology Co Ltd,CNE000001KK2,002027.SZ,China
Fomento Economico Mexicano SAB de CV,US3444191064,FMX,United States
Fomento Economico Mexicano SAB de CV,MXP320321310,FEMSAUBD.MX,Mexico
Ford Motor Co,US3453708600,F,United States
Ford Otomotiv Sanayi AS,TRAOTOSN91H6,FROTO.IS,Turkey
Formosa Chemicals & Fibre Corp,TW0001326007,1326.TW,Taiwan
Formosa Plastics Corp,TW0001301000,1301.TW,Taiwan
Fortescue Ltd,AU000000FMG4,FMG.AX,Australia
Fortinet Inc,US34959E1091,FTNT,United States
Fortis Inc/Canada,CA3495531079,FTS.TO,Canada
Fortive Corp,US34959J1088,FTV,United States
Fortum Oyj,FI0009007132,FORTUM.HE,Finland
Fortune Brands Innovations Inc,US34964C1062,FBIN,United States
Fortune Electric Co Ltd,TW0001519007,1519.TW,Taiwan
Foshan Haitian Flavouring & Food Co Ltd,CNE100001SL2,603288.SS,China
Fosun International Ltd,HK0656038673,0656.HK,Hong Kong
Founder Securities Co Ltd,CNE1000015Y8,601901.SS,China
Foxconn Industrial Internet Co Ltd,CNE1000031P3,601138.SS,China
Fox Corp,US35137L2043,FOX,United States
Fox Corp,US35137L1052,FOXA,United States
Franco-Nevada Corp,CA3518581051,FNV.TO,Canada
Franklin Resources Inc,US3546131018,BEN,United States
Freeport-McMoRan Inc,US35671D8570,FCX,United States
Freightways Group Ltd,NZFREE0001S0,FRW.NZ,New Zealand
Fresenius Medical Care AG,DE0005785802,FME.DE,Germany
Fresenius SE & Co KGaA,DE0005785604,FRE.DE,Germany
Frontier Communications Parent Inc,US35909D1090,FYBR,United States
Fubon Financial Holding Co Ltd,TW0002881000,2881.TW,Taiwan
Fuji Electric Co Ltd,JP3820000002,6504.T,Japan
FUJIFILM Holdings Corp,JP3814000000,4901.T,Japan
Fujikura Ltd,JP3811000003,5803.T,Japan
Fujitsu Ltd,JP3818000006,6702.T,Japan
Futu Holdings Ltd,US36118L1061,US36118L1061.SG,Germany
Fuyao Glass Industry Group Co Ltd,CNE100001TR7,3606.HK,Hong Kong
Fuyao Glass Industry Group Co Ltd,CNE000000230,600660.SS,China
G8 Education Ltd,AU000000GEM7,GEM.AX,Australia
GAIL India Ltd,INE129A01019,GAIL.NS,India
Galaxy Entertainment Group Ltd,HK0027032686,0027.HK,Hong Kong
Galderma Group AG,CH1335392721,GALD.SW,Switzerland
Galp Energia SGPS SA,PTGAL0AM0009,GALP.LS,Portugal
Gamuda Bhd,MYL5398OO002,5398.KL,Malaysia
Ganfeng Lithium Group Co Ltd,CNE100000SF6,002460.SZ,China
Garmin Ltd,CH0114405324,GRMN,United States
Gartner Inc,US3666511072,IT,United States
GCL Technology Holdings Ltd,KYG3774X1088,3800.HK,Hong Kong
GD Power Development Co Ltd,CNE000000PC0,600795.SS,China
GEA Group AG,DE0006602006,G1A.F,Germany
Geberit AG,CH0030170408,GEBN.SW,Switzerland
Geely Automobile Holdings Ltd,KYG3777B1032,0175.HK,Hong Kong
GE HealthCare Technologies Inc,US36266G1076,GEHC,United States
GEM Co Ltd,CNE100000KT4,002340.SZ,China
Gen Digital Inc,US6687711084,GEN,United States
General Electric Co,US3696043013,GE,United States
Generali,IT0000062072,G.MI,Italy
General Mills Inc,US3703341046,GIS,United States
General Motors Co,US37045V1008,GM,United States
Genesis Minerals Ltd,AU000000GMD9,GMD.AX,Australia
Genmab A/S,DK0010272202,GMAB.CO,Denmark
Genscript Biotech Corp,KYG3825B1059,1548.HK,Hong Kong
Genting Bhd,MYL3182OO002,3182.KL,Malaysia
Genting Malaysia Bhd,MYL4715OO008,4715.KL,Malaysia
Genting Singapore Ltd,SGXE21576413,G13.SI,Singapore
Gentrack Group Ltd,NZGTKE0002S9,GTK.NZ,New Zealand
Genuine Parts Co,US3724601055,GPC,United States
GenusPlus Group Ltd,AU0000117160,GNP.AX,Australia
George Weston Ltd,CA9611485090,WN.TO,Canada
Gerdau SA,BRGGBRACNPR8,GGBR4.SA,Brazil
Getinge AB,SE0000202624,GETI-B.ST,Sweden
Getlink SE,FR0010533075,GET.PA,France
GE Vernova Inc,US36828A1016,GEV,United States
GFL Environmental Inc,CA36168Q1046,CA36168Q1046.SG,Germany
GF Securities Co Ltd,CNE0000008L2,000776.SZ,China
Giant Biogene Holding Co ltd,KYG3887G1091,2367.HK,Hong Kong
Gigabyte Technology Co Ltd,TW0002376001,2376.TW,Taiwan
GigaDevice Semiconductor Inc,CNE1000030S9,603986.SS,China
Gildan Activewear Inc,CA3759161035,CA3759161035.SG,Germany
Gilead Sciences Inc,US3755581036,GILD,United States
Ginlong Technologies Co Ltd,CNE100003JZ7,300763.SZ,China
Givaudan SA,CH0010645932,GIVN.SW,Switzerland
Gjensidige Forsikring ASA,NO0010582521,GJF.OL,Norway
Glencore PLC,JE00B4T3BW64,GLEN.L,United Kingdom
Global-e Online Ltd,IL0011741688,GLBE,United States
Global Payments Inc,US37940X1028,GPN,United States
Global Unichip Corp,TW0003443008,3443.TW,Taiwan
Globalwafers Co Ltd,TW0006488000,6488.TWO,Taiwan
Globant SA,LU0974299876,GLOB,United States
GMR Airports Ltd,INE776C01039,GMRAIRPORT.NS,India
GoDaddy Inc,US3802371076,GDDY,United States
Godrej Consumer Products Ltd,INE102D01028,GODREJCP.NS,India
Godrej Properties Ltd,INE484J01027,GODREJPROP.NS,India
GoerTek Inc,CNE100000BP1,002241.SZ,China
Gold Fields Ltd,ZAE000018123,GFI.JO,South Africa
Goldman Sachs Group Inc/The,US38141G1040,GS,United States
Gold Road Resources Ltd,AU000000GOR5,GOR.AX,Australia
Goldwind Science & Technology Co Ltd,CNE1000008S5,002202.SZ,China
Goneo Group Co Ltd,CNE100003RL0,603195.SS,China
Gotion High-tech Co Ltd,CNE000001NY7,002074.SZ,China
GoTo Gojek Tokopedia Tbk PT,ID1000166903,GOTO.JK,Indonesia
GQG Partners Inc,AU0000180499,GQG.AX,Australia
Grab Holdings Ltd,KYG4124C1096,GRAB,United States
Graco Inc,US3841091040,GGG,United States
GrainCorp Ltd,AU000000GNC9,GNC.AX,Australia
Grasim Industries Ltd,INE047A01021,GRASIM.NS,India
Great Wall Motor Co Ltd,CNE100000338,2333.HK,Hong Kong
Great Wall Motor Co Ltd,CNE1000018V8,601633.SS,China
Great-West Lifeco Inc,CA39138C1068,GWO.TO,Canada
Gree Electric Appliances Inc of Zhuhai,CNE0000001D4,000651.SZ,China
GRG Banking Equipment Co Ltd,CNE100000650,002152.SZ,China
Grifols SA,ES0171996087,GRF.MC,Spain
Groupe Bruxelles Lambert NV,BE0003797140,GBLB.BR,Belgium
Gruma SAB de CV,MXP4948K1056,GRUMAB.MX,Mexico
Grupo Aeroportuario del Centro Norte SAB de CV,MX01OM000018,OMAB.MX,Mexico
Grupo Aeroportuario del Pacifico SAB de CV,US4005061019,PAC,United States
Grupo Aeroportuario del Pacifico SAB de CV,MX01GA000004,GAPB.MX,Mexico
Grupo Aeroportuario del Sureste SAB de CV,MXP001661018,ASURB.MX,Mexico
Grupo Bimbo SAB de CV,MXP495211262,BIMBOA.MX,Mexico
Grupo Carso SAB de CV,MXP461181085,GCARSOA1.MX,Mexico
Grupo Comercial Chedraui SA de CV,MX01CH170002,CHDRAUIB.MX,Mexico
Grupo Financiero Banorte SAB de CV,MXP370711014,GFNORTEO.MX,Mexico
Grupo Financiero Inbursa SAB de CV,MXP370641013,GFINBURO.MX,Mexico
Grupo Mexico SAB de CV,MXP370841019,GMEXICOB.MX,Mexico
GS Holdings Corp,KR7078930005,078930.KS,South Korea
GSK PLC,GB00BN7SWP63,GSK.L,United Kingdom
Guangdong Haid Group Co Ltd,CNE100000HP8,002311.SZ,China
Guangdong Investment Ltd,HK0270001396,0270.HK,Hong Kong
Guangzhou Automobile Group Co Ltd,CNE100001NQ2,601238.SS,China
Guangzhou Baiyunshan Pharmaceutical Holdings Co Ltd,CNE000001733,600332.SS,China
Guangzhou Haige Communications Group Inc Co,CNE100000T24,002465.SZ,China
Guangzhou Tinci Materials Technology Co Ltd,CNE100001RG4,002709.SZ,China
Gulf Bank KSCP,KW0EQ0100028,GBK.KW,Kuwait
Gulf Energy Development PCL,TH8319010R14,,
Guosen Securities Co Ltd,CNE100001WS9,002736.SZ,China
Guotai Junan Securities Co Ltd,CNE1000022F3,601211.SS,China
Guzman y Gomez Ltd,AU0000336679,GYG.AX,Australia
GWA Group Ltd,AU000000GWA4,GWA.AX,Australia
Haci Omer Sabanci Holding AS,TRASAHOL91Q5,SAHOL.IS,Turkey
Haidilao International Holding Ltd,KYG4290A1013,6862.HK,Hong Kong
Haier Smart Home Co Ltd,CNE1000048K8,CNE1000048K8.SG,Germany
Haier Smart Home Co Ltd,CNE000000CG9,600690.SS,China
Hainan Airlines Holding Co Ltd,CNE0000011C5,600221.SS,China
Hainan Airport Infrastructure Co Ltd,CNE000001C32,600515.SS,China
Haitian International Holdings Ltd,KYG4232C1087,1882.HK,Hong Kong
Haitong Securities Co Ltd,CNE1000019K9,,
Haitong Securities Co Ltd,CNE000000CK1,,
Haleon PLC,GB00BMX86B70,HLN.L,United Kingdom
Halliburton Co,US4062161017,HAL,United States
Halma PLC,GB0004052071,HLMA.L,United Kingdom
Hana Financial Group Inc,KR7086790003,086790.KS,South Korea
Hang Seng Bank Ltd,HK0011000095,0011.HK,Hong Kong
Hangzhou First Applied Material Co Ltd,CNE100001VX1,603806.SS,China
Hangzhou GreatStar Industrial Co Ltd,CNE100000RC5,002444.SZ,China
Hangzhou Silan Microelectronics Co Ltd,CNE000001DN1,600460.SS,China
Hangzhou Tigermed Consulting Co Ltd,CNE100001KV8,300347.SZ,China
Hanjin Kal Corp,KR7180640005,180640.KS,South Korea
Hankook Tire & Technology Co Ltd,KR7161390000,161390.KS,South Korea
Hankyu Hanshin Holdings Inc,JP3774200004,9042.T,Japan
Hanmi Pharm Co Ltd,KR7128940004,128940.KS,South Korea
Hanmi Semiconductor Co Ltd,KR7042700005,042700.KS,South Korea
Hannover Rueck SE,DE0008402215,HNR1.DE,Germany
Hansen Technologies Ltd,AU000000HSN3,HSN.AX,Australia
Hansoh Pharmaceutical Group Co Ltd,KYG549581067,KYG549581067.SG,Germany
Hanwha Ocean Co Ltd,KR7042660001,042660.KS,South Korea
Hapvida Participacoes e Investimentos S/A,BRHAPVACNOR4,HAPV3.SA,Brazil
Hargreaves Lansdown PLC,GB00B1VZ0M25,,
Harmony Gold Mining Co Ltd,ZAE000015228,HAR.JO,South Africa
Hartford Financial Services Group Inc/The,US4165151048,HIG,United States
Harvey Norman Holdings Ltd,AU000000HVN7,HVN.AX,Australia
HA Sustainable Infrastructure Capital Inc,US41068X1000,HASI,United States
Havas NV,NL0015002AH0,HAVAS.AS,Netherlands
Havells India Ltd,INE176B01034,HAVELLS.NS,India
HCA Healthcare Inc,US40412C1018,HCA,United States
HCL Technologies Ltd,INE860A01027,HCLTECH.NS,India
HDFC Asset Management Co Ltd,INE127D01025,HDFCAMC.NS,India
HDFC Bank Ltd,INE040A01034,HDFCBANK.NS,India
HDFC Life Insurance Co Ltd,INE795G01014,HDFCLIFE.NS,India
HD Hyundai Co Ltd,KR7267250009,267250.KS,South Korea
HD Hyundai Electric Co Ltd,KR7267260008,267260.KS,South Korea
HD Hyundai Heavy Industries Co Ltd,KR7329180004,329180.KS,South Korea
HD Korea Shipbuilding & Offshore Engineering Co Ltd,KR7009540006,009540.KS,South Korea
Healius Ltd,AU0000033359,HLS.AX,Australia
HEICO Corp,US4228061093,HEI,United States
HEICO Corp,US4228062083,HEI-A,United States
Heidelberg Materials AG,DE0006047004,HEI.DE,Germany
Heilongjiang Agriculture Co Ltd,CNE0000019Z9,600598.SS,China
Heineken Holding NV,NL0000008977,HEIO.AS,Netherlands
Heineken NV,NL0000009165,HEIA.AS,Netherlands
Helia Group Ltd,AU0000251498,HLI.AX,Australia
Hellenic Telecommunications Organization SA,GRS260333000,HTO.AT,Greece
Helloworld Travel Ltd,AU000000HLO6,HLO.AX,Australia
Helvetia Holding AG,CH0466642201,HELN.SW,Switzerland
Henan Shuanghui Investment & Development Co Ltd,CNE000000XM3,000895.SZ,China
Henderson Land Development Co Ltd,HK0012000102,0012.HK,Hong Kong
Hengan International Group Co Ltd,KYG4402L1510,1044.HK,Hong Kong
Hengli Petrochemical Co Ltd,CNE0000018V0,600346.SS,China
Hengtong Optic-electric Co Ltd,CNE000001FQ9,600487.SS,China
Henkel AG & Co KGaA,DE0006048408,HEN.DE,Germany
Henkel AG & Co KGaA,DE0006048432,HEN3.DE,Germany
Henry Schein Inc,US8064071025,HSIC,United States
Hermes International SCA,FR0000052292,RMS.PA,France
Hero MotoCorp Ltd,INE158A01026,HEROMOTOCO.BO,India
Hershey Co/The,US4278661081,HSY,United States
Hess Corp,US42809H1077,,
Hewlett Packard Enterprise Co,US42824C1099,HPE,United States
Hexagon AB,SE0015961909,HEXA-B.ST,Sweden
HF Sinclair Corp,US4039491000,DINO,United States
Hikari Tsushin Inc,JP3783420007,9435.T,Japan
Hikma Pharmaceuticals PLC,GB00B0LCW083,HIK.L,United Kingdom
Hilton Worldwide Holdings Inc,US43300A2033,HLT,United States
Hindalco Industries Ltd,INE038A01020,HINDALCO.BO,India
Hindustan Aeronautics Ltd,INE066F01020,HAL.NS,India
Hindustan Petroleum Corp Ltd,INE094A01015,HINDPETRO.NS,India
Hindustan Unilever Ltd,INE030A01027,HINDUNILVR.NS,India
Hisense Home Appliances Group Co Ltd,CNE000000LC9,000921.SZ,China
Hisense Home Appliances Group Co Ltd,CNE100000353,0921.HK,Hong Kong
Hitachi Construction Machinery Co Ltd,JP3787000003,6305.T,Japan
Hitachi Ltd,JP3788600009,6501.T,Japan
Hithink RoyalFlush Information Network Co Ltd,CNE100000JG3,300033.SZ,China
HLA Group Corp Ltd,CNE0000016H3,600398.SS,China
HLB Inc,KR7028300002,028300.KQ,South Korea
HMC Capital Ltd,AU0000058943,HMC.AX,Australia
H & M Hennes & Mauritz AB,SE0000106270,HM-B.ST,Sweden
HMM Co Ltd,KR7011200003,011200.KS,South Korea
Holcim AG,CH0012214059,HOLN.SW,Switzerland
Holmen AB,SE0011090018,HOLM-B.ST,Sweden
Hologic Inc,US4364401012,HOLX,United States
Home Depot Inc/The,US4370761029,HD,United States
Home Product Center PCL,TH0661010R17,HMPRO-R.BK,Thailand
Honda Motor Co Ltd,JP3854600008,7267.T,Japan
Hong Kong & China Gas Co Ltd,HK0003000038,0003.HK,Hong Kong
Hong Kong Exchanges & Clearing Ltd,HK0388045442,0388.HK,Hong Kong
Hongkong Land Holdings Ltd,BMG4587L1090,H78.SI,Singapore
Hong Leong Bank Bhd,MYL5819OO007,5819.KL,Malaysia
Hon Hai Precision Industry Co Ltd,TW0002317005,2317.TW,Taiwan
Horizon Robotics Inc,KYG4602S1057,9660.HK,Hong Kong
Hormel Foods Corp,US4404521001,HRL,United States
Hoshizaki Corp,JP3845770001,6465.T,Japan
Hotai Motor Co Ltd,TW0002207008,2207.TW,Taiwan
Howmet Aerospace Inc,US4432011082,HWM,United States
Hoya Corp,JP3837800006,7741.T,Japan
HP Inc,US40434L1052,HPQ,United States
HSBC Holdings PLC,GB0005405286,HSBA.L,United Kingdom
Huadong Medicine Co Ltd,CNE0000011S1,000963.SZ,China
Huafon Chemical Co Ltd,CNE000001NK6,002064.SZ,China
Hua Hong Semiconductor Ltd,HK0000218211,HK0000218211.SG,Germany
Hualan Biological Engineering Inc,CNE000001JN8,002007.SZ,China
Hua Nan Financial Holdings Co Ltd,TW0002880002,2880.TW,Taiwan
Huaneng Lancang River Hydropower Inc,CNE100002T71,600025.SS,China
Huaneng Power International Inc,CNE1000006Z4,0902.HK,Hong Kong
Huaneng Power International Inc,CNE000001998,600011.SS,China
Huatai Securities Co Ltd,CNE100000LQ8,601688.SS,China
Huatai Securities Co Ltd,CNE100001YQ9,6886.HK,Hong Kong
Huaxia Bank Co Ltd,CNE000001FW7,600015.SS,China
Huayu Automotive Systems Co Ltd,CNE000000M15,600741.SS,China
HUB24 Ltd,AU000000HUB4,HUB.AX,Australia
Hubbell Inc,US4435106079,HUBB,United States
HubSpot Inc,US4435731009,HUBS,United States
Huizhou Desay Sv Automotive Co Ltd,CNE1000033C7,002920.SZ,China
Hulic Co Ltd,JP3360800001,3003.T,Japan
Humana Inc,US4448591028,HUM,United States
Humanwell Healthcare Group Co Ltd,CNE000000QW6,600079.SS,China
Hunan Valin Steel Co Ltd,CNE000001006,000932.SZ,China
Hundsun Technologies Inc,CNE000001GD5,600570.SS,China
Huntington Bancshares Inc/OH,US4461501045,HBAN,United States
H World Group Ltd,US44332N1063,HTHT,United States
Hyatt Hotels Corp,US4485791028,H,United States
HYBE Co Ltd,KR7352820005,352820.KS,South Korea
Hydro One Ltd,CA4488112083,H.TO,Canada
Hygon Information Technology Co Ltd,CNE100005PT2,688041.SS,China
Hypera SA,BRHYPEACNOR0,HYPE3.SA,Brazil
Hyundai Glovis Co Ltd,KR7086280005,086280.KS,South Korea
Hyundai Mobis Co Ltd,KR7012330007,012330.KS,South Korea
Hyundai Motor Co,KR7005380001,005380.KS,South Korea
Hyundai Motor Co,KR7005381009,005385.KS,South Korea
Hyundai Motor Co,KR7005382007,005387.KS,South Korea
Hyundai Rotem Co Ltd,KR7064350002,064350.KS,South Korea
iA Financial Corp Inc,CA45075E1043,IAG.TO,Canada
Iberdrola SA,ES0144580Y14,IBE.MC,Spain
ICICI Bank Ltd,INE090A01021,ICICIBANK.NS,India
ICICI Lombard General Insurance Co Ltd,INE765G01017,ICICIGI.NS,India
ICICI Prudential Life Insurance Co Ltd,INE726G01019,ICICIPRULI.NS,India
ICL Group Ltd,IL0002810146,ICL,United States
Idemitsu Kosan Co Ltd,JP3142500002,5019.T,Japan
IDEX Corp,US45167R1041,IEX,United States
IDEXX Laboratories Inc,US45168D1046,IDXX,United States
IDFC First Bank Ltd,INE092T01019,IDFCFIRSTB.BO,India
IDP Education Ltd,AU000000IEL5,IEL.AX,Australia
IEIT Systems Co Ltd,CNE0000012M2,000977.SZ,China
Iflytek Co Ltd,CNE100000B81,002230.SZ,China
IGM Financial Inc,CA4495861060,IGM.TO,Canada
IGO Ltd,AU000000IGO4,IGO.AX,Australia
IHH Healthcare Bhd,MYL5225OO007,5225.KL,Malaysia
Illinois Tool Works Inc,US4523081093,ITW,United States
Illumina Inc,US4523271090,ILMN,United States
Iluka Resources Ltd,AU000000ILU1,ILU.AX,Australia
IMCD NV,NL0010801007,IMCD.AS,Netherlands
Imdex Ltd,AU000000IMD5,IMD.AX,Australia
Imeik Technology Development Co Ltd,CNE100004868,300896.SZ,China
Immutep Ltd,AU000000IMM6,IMM.AX,Australia
Impala Platinum Holdings Ltd,ZAE000083648,IMP.JO,South Africa
Imperial Oil Ltd,CA4530384086,IMO.TO,Canada
Imugene Ltd,AU000000IMU9,IMU.AX,Australia
Inari Amertron Bhd,MYQ0166OO007,0166.KL,Malaysia
Incitec Pivot Ltd,AU000000IPL1,DNL.AX,Australia
Incyte Corp,US45337C1027,INCY,United States
Indah Kiat Pulp & Paper Tbk PT,ID1000062201,INKP.JK,Indonesia
Indian Hotels Co Ltd/The,INE053A01029,INDHOTEL.BO,India
Indian Oil Corp Ltd,INE242A01010,IOC.NS,India
Indian Railway Catering & Tourism Corp Ltd,INE335Y01020,IRCTC.NS,India
Indofood CBP Sukses Makmur Tbk PT,ID1000116700,ICBP.JK,Indonesia
Indofood Sukses Makmur Tbk PT,ID1000057003,INDF.JK,Indonesia
IndusInd Bank Ltd,INE095A01012,INDUSINDBK.NS,India
Indus Towers Ltd,INE121J01017,INDUSTOWER.NS,India
Industria de Diseno Textil SA,ES0148396007,ITX.MC,Spain
Industrial Bank Co Ltd,CNE000001QZ7,601166.SS,China
Industrial Bank of Korea,KR7024110009,024110.KS,South Korea
Industrial & Commercial Bank of China Ltd,CNE000001P37,601398.SS,China
Industrial & Commercial Bank of China Ltd,CNE1000003G1,1398.HK,Hong Kong
Industrial Securities Co Ltd,CNE100000V95,601377.SS,China
Industrias Penoles SAB de CV,MXP554091415,PE&OLES.MX,Mexico
Industrie De Nora SpA,IT0005186371,DNR.MI,Italy
Industries Qatar QSC,QA000A0KD6K3,IQCD.QA,Qatar
Industrivarden AB,SE0000190126,INDU-A.ST,Sweden
Industrivarden AB,SE0000107203,INDU-C.ST,Sweden
Indutrade AB,SE0001515552,INDT.ST,Sweden
Infineon Technologies AG,DE0006231004,IFX.DE,Germany
Info Edge India Ltd,INE663F01024,NAUKRI.NS,India
Infomedia Ltd,AU000000IFM0,IFM.AX,Australia
Informa PLC,GB00BMJ6DW54,INF.L,United Kingdom
Infosys Ltd,INE009A01021,INFY.NS,India
Infrastrutture Wireless Italiane SpA,IT0005090300,INW.MI,Italy
Infratil Ltd,NZIFTE0003S3,IFT.NZ,New Zealand
Ingenic Semiconductor Co Ltd,CNE100001377,300223.SZ,China
Ingersoll Rand Inc,US45687V1061,IR,United States
ING Groep NV,NL0011821202,INGA.AS,Netherlands
Inghams Group Ltd,AU000000ING6,ING.AX,Australia
Inner Mongolia BaoTou Steel Union Co Ltd,CNE0000017H1,600010.SS,China
Inner Mongolia Junzheng Energy & Chemical Industry Group Co Ltd,CNE1000010F8,601216.SS,China
Inner Mongolia Yili Industrial Group Co Ltd,CNE000000JP5,600887.SS,China
Innolux Corp,TW0003481008,3481.TW,Taiwan
Innovent Biologics Inc,KYG4818G1010,1801.HK,Hong Kong
Inpex Corp,JP3294460005,1605.T,Japan
InPost SA,LU2290522684,INPST.AS,Netherlands
Insignia Financial Ltd,AU000000IFL2,IFL.AX,Australia
Insulet Corp,US45784P1012,PODD,United States
Insurance Australia Group Ltd,AU000000IAG3,IAG.AX,Australia
Intact Financial Corp,CA45823T1066,IFC.TO,Canada
Integral Diagnostics Ltd,AU000000IDX2,IDX.AX,Australia
Intel Corp,US4581401001,INTC,United States
Intelligent Monitoring Group Ltd,AU0000199713,IMB.AX,Australia
Inter & Co Inc,KYG4R20B1074,INTR,United States
Interconexion Electrica SA ESP,COE15PA00026,ISA.CL,
Intercontinental Exchange Inc,US45866F1049,ICE,United States
InterContinental Hotels Group PLC,GB00BHJYC057,IHG.L,United Kingdom
InterGlobe Aviation Ltd,INE646L01027,INDIGO.NS,India
International Business Machines Corp,US4592001014,IBM,United States
International Container Terminal Services Inc,PHY411571011,,
International Flavors & Fragrances Inc,US4595061015,IFF,United States
International Games System Co Ltd,TW0003293007,3293.TWO,Taiwan
International Paper Co,US4601461035,IP,United States
Interpublic Group of Cos Inc/The,US4606901001,IPG,United States
Intertek Group PLC,GB0031638363,ITRK.L,United Kingdom
Intesa Sanpaolo SpA,IT0000072618,ISP.MI,Italy
Intouch Holdings PCL,TH0201010R12,,
Intuit Inc,US4612021034,INTU,United States
Intuitive Surgical Inc,US46120E6023,ISRG,United States
Inventec Corp,TW0002356003,2356.TW,Taiwan
Investment AB Latour,SE0010100958,LATO-B.ST,Sweden
Investor AB,SE0015811963,INVE-B.ST,Sweden
IOI Corp Bhd,MYL1961OO001,1961.KL,Malaysia
ioneer Ltd,AU0000028946,INR.AX,Australia
IPD Group Ltd/Australia,AU0000189318,IPG.AX,Australia
IperionX Ltd,AU0000208910,IPX.AX,Australia
IPH Ltd,AU000000IPH9,IPH.AX,Australia
Ipsen SA,FR0010259150,IPN.PA,France
IQVIA Holdings Inc,US46266C1053,IQV,United States
IRESS Ltd,AU000000IRE2,IRE.AX,Australia
iShares MSCI Saudi Arabia Capped UCITS ETF,IE00BYYR0489,IKSA.L,United Kingdom
iShares MSCI Saudi Arabia ETF,US46434V4234,KSA,United States
Israel Discount Bank Ltd,IL0006912120,DSCT.TA,Israel
Isuzu Motors Ltd,JP3137200006,7202.T,Japan
Itausa SA,BRITSAACNPR7,ITSA4.SA,Brazil
Itau Unibanco Holding SA,BRITUBACNPR1,ITUB4.SA,Brazil
ITOCHU Corp,JP3143600009,8001.T,Japan
Ivanhoe Mines Ltd,CA46579R1047,IVN.TO,Canada
Jabil Inc,US4663131039,JBL,United States
Jack Henry & Associates Inc,US4262811015,JKHY,United States
Jacobs Solutions Inc,US46982L1089,J,United States
James Hardie Industries PLC,AU000000JHX1,JHX.AX,Australia
Japan Airlines Co Ltd,JP3705200008,9201.T,Japan
Japan Exchange Group Inc,JP3183200009,8697.T,Japan
Japan Post Bank Co Ltd,JP3946750001,7182.T,Japan
Japan Post Holdings Co Ltd,JP3752900005,6178.T,Japan
Japan Post Insurance Co Ltd,JP3233250004,7181.T,Japan
Jardine Matheson Holdings Ltd,BMG507361001,J36.SI,Singapore
JA Solar Technology Co Ltd,CNE100000SD1,002459.SZ,China
Jazz Pharmaceuticals PLC,IE00B4Q5ZN47,JAZZ,United States
JB Hi-Fi Ltd,AU000000JBH7,JBH.AX,Australia
JB Hunt Transport Services Inc,US4456581077,JBHT,United States
JBS S/A,BRJBSSACNOR8,,
JCET Group Co Ltd,CNE000001F05,600584.SS,China
JD.com Inc,KYG8208B1014,9618.HK,Hong Kong
JD.com Inc,US47215P1066,JD,United States
JDE Peet's NV,NL0014332678,NL0014332678.SG,Germany
JD Health International Inc,KYG5074A1004,6618.HK,Hong Kong
JD Logistics Inc,KYG5074S1012,KYG5074S1012.SG,Germany
JD Sports Fashion PLC,GB00BM8Q5M07,JD.L,United Kingdom
Jentech Precision Industrial Co Ltd,TW0003653002,3653.TW,Taiwan
Jeronimo Martins SGPS SA,PTJMT0AE0001,JMT.LS,Portugal
JFE Holdings Inc,JP3386030005,5411.T,Japan
JG Summit Holdings Inc,PHY444251177,,
Jiangsu Eastern Shenghong Co Ltd,CNE0000012K6,000301.SZ,China
Jiangsu Expressway Co Ltd,CNE1000003J5,0177.HK,Hong Kong
Jiangsu Hengli Hydraulic Co Ltd,CNE1000019R4,601100.SS,China
Jiangsu Hengrui Pharmaceuticals Co Ltd,CNE0000014W7,600276.SS,China
Jiangsu King's Luck Brewery JSC Ltd,CNE100001TH8,603369.SS,China
Jiangsu Yanghe Distillery Co Ltd,CNE100000HB8,002304.SZ,China
Jiangsu Yuyue Medical Equipment & Supply Co Ltd,CNE1000009X3,002223.SZ,China
Jiangsu Zhongtian Technology Co Ltd,CNE000001CW4,600522.SS,China
Jiangxi Copper Co Ltd,CNE0000019P0,600362.SS,China
Jiangxi Copper Co Ltd,CNE1000003K3,0358.HK,Hong Kong
Jindal Stainless Ltd,INE220G01021,JSL.NS,India
Jindal Steel & Power Ltd,INE749A01030,JINDALSTEL.NS,India
Jinko Solar Co Ltd,CNE100005R96,688223.SS,China
Jio Financial Services Ltd,INE758E01017,JIOFIN.NS,India
J M Smucker Co/The,US8326964058,SJM,United States
Joby Aviation Inc,KYG651631007,JOBY,United States
Johns Lyng Group Ltd,AU000000JLG8,JLG.AX,Australia
Johnson Controls International plc,IE00BY7QL619,JCI,United States
Johnson & Johnson,US4781601046,JNJ,United States
Jointown Pharmaceutical Group Co Ltd,CNE100000W45,600998.SS,China
Jollibee Foods Corp,PHY4466S1007,,
Jones Lang LaSalle Inc,US48020Q1076,JLL,United States
JPMorgan Chase & Co,US46625H1005,JPM,United States
J Sainsbury PLC,GB00B019KW72,SBRY.L,United Kingdom
JSW Energy Ltd,INE121E01018,JSWENERGY.BO,India
JSW Steel Ltd,INE019A01038,JSWSTEEL.BO,India
Jubilant Foodworks Ltd,INE797F01020,JUBLFOOD.NS,India
Judo Capital Holdings Ltd,AU0000182271,JDO.AX,Australia
Julius Baer Group Ltd,CH0102484968,BAER.SW,Switzerland
Jumbo Interactive Ltd,AU000000JIN0,JIN.AX,Australia
JUMBO SA,GRS282183003,BELA.AT,Greece
Juneyao Airlines Co Ltd,CNE100001ZY0,603885.SS,China
Juniper Networks Inc,US48203R1041,,
Kajima Corp,JP3210200006,1812.T,Japan
KakaoBank Corp,KR7323410001,323410.KS,South Korea
Kakao Corp,KR7035720002,035720.KS,South Korea
Kalbe Farma Tbk PT,ID1000125107,KLBF.JK,Indonesia
Kalyan Jewellers India Ltd,INE303R01014,KALYANKJIL.NS,India
Kansai Electric Power Co Inc/The,JP3228600007,9503.T,Japan
Kanzhun Ltd,US48553T1060,8JN.SG,Germany
Kao Corp,JP3205800000,4452.T,Japan
Karoon Energy Ltd,AU000000KAR6,KAR.AX,Australia
Kasikornbank PCL,TH0016010017,KPCPF,United States
Kasikornbank PCL,TH0016010R14,KBANK-R.BK,Thailand
Kawasaki Kisen Kaisha Ltd,JP3223800008,9107.T,Japan
KBC Group NV,BE0003565737,KBC.BR,Belgium
KB Financial Group Inc,KR7105560007,105560.KS,South Korea
KDDI Corp,JP3496400007,9433.T,Japan
KE Holdings Inc,US4824971042,BEKE,United States
Kellanova,US4878361082,K,United States
Kelsian Group Ltd,AU0000186678,KLS.AX,Australia
Kenvue Inc,US49177J1025,KVUE,United States
Keppel Ltd,SG1U68934629,BN4.SI,Singapore
Kering SA,FR0000121485,KER.PA,France
Kerry Group PLC,IE0004906560,KRZ.IR,Ireland
Kesko Oyj,FI0009000202,,
Keurig Dr Pepper Inc,US49271V1008,KDP,United States
KeyCorp,US4932671088,KEY,United States
Keyence Corp,JP3236200006,6861.T,Japan
Keyera Corp,CA4932711001,KEY.TO,Canada
Keysight Technologies Inc,US49338L1035,KEYS,United States
KGHM Polska Miedz SA,PLKGHM000017,KGH.WA,Poland
KGI Financial Holding Co Ltd,TW0002883006,2883.TW,Taiwan
Kia Corp,KR7000270009,000270.KS,South Korea
Kikkoman Corp,JP3240400006,2801.T,Japan
Kimberly-Clark Corp,US4943681035,KMB,United States
Kimberly-Clark de Mexico SAB de CV,MXP606941179,KIMBERA.MX,Mexico
Kinder Morgan Inc,US49456B1017,KMI,United States
Kingdee International Software Group Co Ltd,KYG525681477,0268.HK,Hong Kong
Kingfisher PLC,GB0033195214,KGF.L,United Kingdom
Kingsoft Corp Ltd,KYG5264Y1089,3888.HK,Hong Kong
Kingspan Group PLC,IE0004927939,KRX.IR,Ireland
Kinross Gold Corp,CA4969024047,K.TO,Canada
Kirin Holdings Co Ltd,JP3258000003,2503.T,Japan
KKR & Co Inc,US48251W1045,KKR,United States
Klabin SA,BRKLBNCDAM18,KLBN11.SA,Brazil
KLA Corp,US4824801009,KLAC,United States
KMD Brands Ltd,NZKMDE0001S3,KMD.NZ,New Zealand
Knight-Swift Transportation Holdings Inc,US4990491049,KNX,United States
Knorr-Bremse AG,DE000KBX1006,KBX.DE,Germany
Kobe Bussan Co Ltd,JP3291200008,3038.T,Japan
KOC Holding AS,TRAKCHOL91Q8,KCHOL.IS,Turkey
Kogan.com Ltd,AU000000KGN2,KGN.AX,Australia
Komatsu Ltd,JP3304200003,6301.T,Japan
Komercni Banka AS,CZ0008019106,KOMB.PR,Czechia
Konami Group Corp,JP3300200007,9766.T,Japan
Kone Oyj,FI0009013403,KNEBV.HE,Finland
Kongsberg Gruppen ASA,NO0003043309,,
Koninklijke Ahold Delhaize NV,NL0011794037,AD.AS,Netherlands
Koninklijke KPN NV,NL0000009082,KPN.AS,Netherlands
Koninklijke Philips NV,NL0000009538,PHIA.AS,Netherlands
Korea Electric Power Corp,KR7015760002,015760.KS,South Korea
Korea Investment Holdings Co Ltd,KR7071050009,071050.KS,South Korea
Korean Air Lines Co Ltd,KR7003490000,003490.KS,South Korea
Korea Zinc Co Ltd,KR7010130003,010130.KS,South Korea
Kotak Mahindra Bank Ltd,INE237A01028,KOTAKBANK.BO,India
Kraft Heinz Co/The,US5007541064,KHC,United States
Krafton Inc,KR7259960003,259960.KS,South Korea
Kroger Co/The,US5010441013,KR,United States
Krung Thai Bank PCL,TH0150010R11,KTB-R.BK,Thailand
Krungthai Card PCL,TH0689010R18,KTC-R.BK,Thailand
KT Corp,US48268K1016,KTC.F,Germany
KT Corp,KR7030200000,030200.KS,South Korea
Kuaishou Technology,KYG532631028,1024.HK,Hong Kong
Kuala Lumpur Kepong Bhd,MYL2445OO004,2445.KL,Malaysia
Kuang-Chi Technologies Co Ltd,CNE1000018P0,002625.SZ,China
Kubota Corp,JP3266400005,6326.T,Japan
Kuehne + Nagel International AG,CH0025238863,KNIN.SW,Switzerland
Kumba Iron Ore Ltd,ZAE000085346,KIO.JO,South Africa
Kumho Petrochemical Co Ltd,KR7011780004,011780.KS,South Korea
Kunlun Energy Co Ltd,BMG5320C1082,0135.HK,Hong Kong
Kunlun Tech Co Ltd,CNE100001YF2,300418.SZ,China
Kuwait Finance House KSCP,KW0EQ0100085,KFH.KW,Kuwait
Kweichow Moutai Co Ltd,CNE0000018R8,600519.SS,China
Kyocera Corp,JP3249600002,6971.T,Japan
Kyowa Kirin Co Ltd,JP3256000005,4151.T,Japan
L3Harris Technologies Inc,US5024311095,LHX,United States
Labcorp Holdings Inc,US5049221055,LH,United States
La Francaise des Jeux SACA,FR0013451333,FDJU.PA,France
Lamb Weston Holdings Inc,US5132721045,LW,United States
Lam Research Corp,US5128073062,LRCX,United States
Largan Precision Co Ltd,TW0003008009,3008.TW,Taiwan
Larsen & Toubro Ltd,INE018A01030,LT.BO,India
Lasertec Corp,JP3979200007,6920.T,Japan
Las Vegas Sands Corp,US5178341070,LVS,United States
Latam Airlines Group SA,CL0000000423,LTM.SN,Chile
Latin Resources Ltd,AU000000LRS6,,
LB Group Co Ltd,CNE1000015M3,002601.SZ,China
Lear Corp,US5218652049,LEA,United States
Legal & General Group PLC,GB0005603997,LGEN.L,United Kingdom
Legend Biotech Corp,US52490G1022,LEGN,United States
LEG Immobilien SE,DE000LEG1110,LEG.DE,Germany
Legrand SA,FR0010307819,LR.PA,France
Leidos Holdings Inc,US5253271028,LDOS,United States
L E Lundbergforetagen AB,SE0000108847,LUND-B.ST,Sweden
Lennar Corp,US5260571048,LEN,United States
Lennox International Inc,US5261071071,LII,United States
Lenovo Group Ltd,HK0992009065,0992.HK,Hong Kong
Lens Technology Co Ltd,CNE100001YW7,300433.SZ,China
Leo Lithium Ltd,AU0000221251,,
Leonardo SpA,IT0003856405,LDO.MI,Italy
L&F Co Ltd,KR7066970005,066970.KS,South Korea
LG Chem Ltd,KR7051910008,051910.KS,South Korea
LG Chem Ltd,KR7051911006,051915.KS,South Korea
LG Corp,KR7003550001,003550.KS,South Korea
LG Display Co Ltd,KR7034220004,034220.KS,South Korea
LG Electronics Inc,KR7066570003,066570.KS,South Korea
LG Energy Solution Ltd,KR7373220003,373220.KS,South Korea
LG H&H Co Ltd,KR7051900009,051900.KS,South Korea
LG Innotek Co Ltd,KR7011070000,011070.KS,South Korea
LG Uplus Corp,KR7032640005,032640.KS,South Korea
Li Auto Inc,KYG5479M1050,2015.HK,Hong Kong
Liberty Media Corp-Liberty Formula One,US5312297550,FWONK,United States
Lifco AB,SE0015949201,SE0015949201.SG,Germany
Life360 Inc,AU0000045098,360.AX,Australia
Life Healthcare Group Holdings Ltd,ZAE000145892,LHC.JO,South Africa
Lifestyle Communities Ltd,AU000000LIC9,LIC.AX,Australia
Light & Wonder Inc,AU0000278103,LNW.AX,Australia
Linde PLC,IE000S9YS762,LIN,United States
Lingyi iTech Guangdong Co,CNE1000015L5,002600.SZ,China
Li Ning Co Ltd,KYG5496K1242,2331.HK,Hong Kong
Liontown Resources Ltd,AU000000LTR4,LTR.AX,Australia
Lite-On Technology Corp,TW0002301009,2301.TW,Taiwan
Live Nation Entertainment Inc,US5380341090,LYV,United States
LKQ Corp,US5018892084,LKQ,United States
Lloyds Banking Group PLC,GB0008706128,LLOY.L,United Kingdom
Loblaw Cos Ltd,CA5394811015,L.TO,Canada
Localiza Rent a Car SA,BRRENTACNOR4,RENT3.SA,Brazil
Loews Corp,US5404241086,L,United States
Logitech International SA,CH0025751329,LOGN.SW,Switzerland
London Stock Exchange Group PLC,GB00B0SWJX34,LSEG.L,United Kingdom
Longfor Group Holdings Ltd,KYG5635P1090,0960.HK,Hong Kong
LONGi Green Energy Technology Co Ltd,CNE100001FR6,601012.SS,China
Lonza Group AG,CH0013841017,LONN.SW,Switzerland
L'Oreal SA,FR0000120321,OR.PA,France
Lotte Chemical Corp,KR7011170008,011170.KS,South Korea
Lottery Corp Ltd/The,AU0000219529,TLC.AX,Australia
Lotus Bakeries NV,BE0003604155,LOTB.BR,Belgium
Lotus Resources Ltd,AU0000058737,LOT.AX,Australia
Louis Hachette Group,FR001400TL40,ALHG.PA,France
Lovisa Holdings Ltd,AU000000LOV7,LOV.AX,Australia
Lowe's Cos Inc,US5486611073,LOW,United States
LPL Financial Holdings Inc,US50212V1008,LPLA,United States
LPP SA,PLLPP0000011,LPP.WA,Poland
LS Electric Co Ltd,KR7010120004,010120.KS,South Korea
Lululemon Athletica Inc,US5500211090,LULU,United States
Lundin Mining Corp,CA5503721063,LUN.TO,Canada
Lupin Ltd,INE326A01037,LUPIN.BO,India
Luxshare Precision Industry Co Ltd,CNE100000TP3,002475.SZ,China
Luzhou Laojiao Co Ltd,CNE000000GF2,000568.SZ,China
LVMH Moet Hennessy Louis Vuitton SE,FR0000121014,MC.PA,France
Lycopodium Ltd,AU000000LYL7,LYL.AX,Australia
LY Corp,JP3933800009,4689.T,Japan
Lynas Rare Earths Ltd,AU000000LYC6,LYC.AX,Australia
LyondellBasell Industries NV,NL0009434992,LYB,United States
M3 Inc,JP3435750009,2413.T,Japan
Maas Group Holdings Ltd,AU0000118564,MGH.AX,Australia
Mabanee Co KPSC,KW0EQ0400725,MABANEE.KW,Kuwait
MAC Copper Ltd,AU0000319733,MAC.AX,Australia
Macmahon Holdings Ltd,AU000000MAH3,MAH.AX,Australia
Macquarie Group Ltd,AU000000MQG1,MQG.AX,Australia
Macquarie Technology Group Ltd,AU000000MAQ4,MAQ.AX,Australia
Macrotech Developers Ltd,INE670K01029,LODHA.NS,India
Mader Group Ltd,AU0000056269,MAD.AX,Australia
MA Financial Group Ltd,AU0000156218,MAF.AX,Australia
Magellan Financial Group Ltd,AU0000215808,,
Magellan Financial Group Ltd,AU000000MFG4,MFG.AX,Australia
Magna International Inc,CA5592224011,MG.TO,Canada
Magontec Ltd,AU000000MGL2,MGL.AX,Australia
Mahindra & Mahindra Ltd,INE101A01026,M&M.NS,India
Mainfreight Ltd,NZMFTE0001S9,MFT.NZ,New Zealand
MakeMyTrip Ltd,MU0295S00016,MMYT,United States
Makita Corp,JP3862400003,6586.T,Japan
Malayan Banking Bhd,MYL1155OO000,1155.KL,Malaysia
Mango Excellent Media Co Ltd,CNE100001Y83,300413.SZ,China
Manhattan Associates Inc,US5627501092,MANH,United States
Manila Electric Co,PHY5764J1483,,
Mankind Pharma Ltd,INE634S01028,MANKIND.NS,India
Manulife Financial Corp,CA56501R1064,MFC.TO,Canada
Marathon Petroleum Corp,US56585A1025,MPC,United States
Marico Ltd,INE196A01026,MARICO.BO,India
Markel Group Inc,US5705351048,MKL,United States
MarketAxess Holdings Inc,US57060D1081,MKTX,United States
Marks & Spencer Group PLC,GB0031274896,MKS.L,United Kingdom
Marriott International Inc/MD,US5719032022,MAR,United States
Marsh & McLennan Cos Inc,US5717481023,MMC,United States
Martin Marietta Materials Inc,US5732841060,MLM,United States
Marubeni Corp,JP3877600001,8002.T,Japan
Maruti Suzuki India Ltd,INE585B01010,MARUTI.NS,India
Marvell Technology Inc,US5738741041,MRVL,United States
Masco Corp,US5745991068,MAS,United States
Mastercard Inc,US57636Q1040,MA,United States
Match Group Inc,US57667L1070,MTCH,United States
MatsukiyoCocokara & Co,JP3869010003,3088.T,Japan
Max Healthcare Institute Ltd,INE027H01010,MAXHEALTH.BO,India
Maxis Bhd,MYL6012OO008,6012.KL,Malaysia
Maxscend Microelectronics Co Ltd,CNE100003QK4,300782.SZ,China
Mayne Pharma Group Ltd,AU000000MYX0,MYX.AX,Australia
Mazda Motor Corp,JP3868400007,7261.T,Japan
mBank SA,PLBRE0000012,MBK.WA,Poland
McCormick & Co Inc/MD,US5797802064,MKC,United States
McDonald's Corp,US5801351017,MCD,United States
McDonald's Holdings Co Japan Ltd,JP3750500005,2702.T,Japan
McKesson Corp,US58155Q1031,MCK,United States
McMillan Shakespeare Ltd,AU000000MMS5,MMS.AX,Australia
MediaTek Inc,TW0002454006,2454.TW,Taiwan
Medibank Pvt Ltd,AU000000MPL3,MPL.AX,Australia
Mediobanca Banca di Credito Finanziario SpA,IT0000062957,MB.MI,Italy
Medtronic PLC,IE00BTN1Y115,MDT,United States
Mega Financial Holding Co Ltd,TW0002886009,2886.TW,Taiwan
Megaport Ltd,AU000000MP15,MP1.AX,Australia
MEIJI Holdings Co Ltd,JP3918000005,2269.T,Japan
Meituan,KYG596691041,3690.HK,Hong Kong
Melrose Industries PLC,GB00BNGDN821,MRO.L,United Kingdom
MercadoLibre Inc,US58733R1023,MELI,United States
Mercedes-Benz Group AG,DE0007100000,MBG.DE,Germany
Merck & Co Inc,US58933Y1055,MRK,United States
Merck KGaA,DE0006599905,MRK.DE,Germany
Mercury NZ Ltd,NZMRPE0001S2,MCY.NZ,New Zealand
Merdeka Copper Gold Tbk PT,ID1000134406,MDKA.JK,Indonesia
Meridian Energy Ltd,NZMELE0002S7,MEL.NZ,New Zealand
Meritz Financial Group Inc,KR7138040001,138040.KS,South Korea
Mesaieed Petrochemical Holding Co,QA000VSUG130,MPHC.QA,Qatar
Mesoblast Ltd,AU000000MSB8,MSB.AX,Australia
Metallurgical Corp of China Ltd,CNE100000FX6,601618.SS,China
Meta Platforms Inc,US30303M1027,META,United States
Metcash Ltd,AU000000MTS0,MTS.AX,Australia
Meteoric Resources NL,AU000000MEI3,MEI.AX,Australia
Metlen Energy & Metals SA,GRS393503008,MYTIL.AT,Greece
MetLife Inc,US59156R1086,MET,United States
Metro Inc/CN,CA59162N1096,MRU.TO,Canada
Metropolitan Bank & Trust Co,PHY6028G1361,,
Metso Oyj,FI0009014575,METSO.HE,Finland
Mettler-Toledo International Inc,US5926881054,MTD,United States
MGM Resorts International,US5529531015,MGM,United States
M&G PLC,GB00BKFB1C65,MNG.L,United Kingdom
Microchip Technology Inc,US5950171042,MCHP,United States
Micron Technology Inc,US5951121038,MU,United States
Microsoft Corp,US5949181045,MSFT,United States
Micro-Star International Co Ltd,TW0002377009,2377.TW,Taiwan
MicroStrategy Inc,US5949724083,MSTR,United States
Midea Group Co Ltd,CNE100006M58,0300.HK,Hong Kong
Midea Group Co Ltd,CNE100001QQ5,000333.SZ,China
MINEBEA MITSUMI Inc,JP3906000009,6479.T,Japan
Mineral Resources Ltd,AU000000MIN4,MIN.AX,Australia
MINISO Group Holding Ltd,KYG6180F1081,9896.HK,Hong Kong
Minor International PCL,TH0128010R17,MINT-R.BK,Thailand
Minth Group Ltd,KYG6145U1094,0425.HK,Hong Kong
Mirae Asset Securities Co Ltd,KR7006800007,006800.KS,South Korea
MISC Bhd,MYL3816OO005,3816.KL,Malaysia
Mitsubishi Chemical Group Corp,JP3897700005,4188.T,Japan
Mitsubishi Corp,JP3898400001,8058.T,Japan
Mitsubishi Electric Corp,JP3902400005,6503.T,Japan
Mitsubishi Estate Co Ltd,JP3899600005,8802.T,Japan
Mitsubishi HC Capital Inc,JP3499800005,8593.T,Japan
Mitsubishi Heavy Industries Ltd,JP3900000005,7011.T,Japan
Mitsubishi UFJ Financial Group Inc,JP3902900004,8306.T,Japan
Mitsui Chemicals Inc,JP3888300005,4183.T,Japan
Mitsui & Co Ltd,JP3893600001,8031.T,Japan
Mitsui Fudosan Co Ltd,JP3893200000,8801.T,Japan
Mitsui OSK Lines Ltd,JP3362700001,9104.T,Japan
Mizrahi Tefahot Bank Ltd,IL0006954379,MZTF.TA,Israel
Mizuho Financial Group Inc,JP3885780001,8411.T,Japan
MMG Ltd,HK1208013172,1208.HK,Hong Kong
Mobile Telecommunications Co KSCP,KW0EQ0601058,ZAIN.KW,Kuwait
Moderna Inc,US60770K1079,MRNA,United States
MOL Hungarian Oil & Gas PLC,HU0000153937,MOL.BD,Bangladesh
Molina Healthcare Inc,US60855R1005,MOH,United States
Molson Coors Beverage Co,US60871R2094,TAP,United States
Monadelphous Group Ltd,AU000000MND5,MND.AX,Australia
Monash IVF Group Ltd,AU000000MVF3,MVF.AX,Australia
Moncler SpA,IT0004965148,MONC.MI,Italy
Monday.com Ltd,IL0011762130,MNDY,United States
Mondelez International Inc,US6092071058,MDLZ,United States
Mondi PLC,GB00BMWC6P49,MNDI.L,United Kingdom
Moneta Money Bank AS,CZ0008040318,MONET.PR,Czechia
MongoDB Inc,US60937P1066,MDB,United States
Monolithic Power Systems Inc,US6098391054,MPWR,United States
MonotaRO Co Ltd,JP3922950005,3064.T,Japan
Monster Beverage Corp,US61174X1090,MNST,United States
Montage Technology Co Ltd,CNE100003MN7,688008.SS,China
Moody's Corp,US6153691059,MCO,United States
Morgan Stanley,US6174464486,MS,United States
Mosaic Co/The,US61945C1036,MOS,United States
Motorola Solutions Inc,US6200763075,MSI,United States
Mowi ASA,NO0003054108,MOWI.OL,Norway
Mphasis Ltd,INE356A01018,MPHASIS.BO,India
MP Materials Corp,US5533681012,MP,United States
MR DIY Group M Bhd,MYL5296OO008,5296.KL,Malaysia
MRF Ltd,INE883A01011,MRF.NS,India
MS&AD Insurance Group Holdings Inc,JP3890310000,8725.T,Japan
MSCI Inc,US55354G1004,MSCI,United States
M&T Bank Corp,US55261F1049,MTB,United States
MTN Group Ltd,ZAE000042164,MTN.JO,South Africa
MTR Corp Ltd,HK0066009694,0066.HK,Hong Kong
MTU Aero Engines AG,DE000A0D9PT0,MTX.DE,Germany
Muenchener Rueckversicherungs-Gesellschaft AG in Muenchen,DE0008430026,MUV2.DE,Germany
MultiChoice Group,ZAE000265971,MCG.JO,South Africa
Multiply Group PJSC,AEM001001019,,
Murata Manufacturing Co Ltd,JP3914400001,6981.T,Japan
Muthoot Finance Ltd,INE414G01012,MUTHOOTFIN.NS,India
Muyuan Foods Co Ltd,CNE100001RQ3,002714.SZ,China
Myer Holdings Ltd,AU000000MYR2,MYR.AX,Australia
MyState Ltd,AU000000MYS0,MYS.AX,Australia
Nanosonics Ltd,AU000000NAN9,NAN.AX,Australia
Nan Ya Plastics Corp,TW0001303006,1303.TW,Taiwan
Nanya Technology Corp,TW0002408002,2408.TW,Taiwan
NARI Technology Co Ltd,CNE000001G38,600406.SS,China
Nasdaq Inc,US6311031081,NDAQ,United States
Naspers Ltd,ZAE000325783,NPN.JO,South Africa
National Australia Bank Ltd,AU000000NAB4,NAB.AX,Australia
National Bank of Canada,CA6330671034,NA.TO,Canada
National Bank of Greece SA,GRS003003035,ETE.AT,Greece
National Bank of Kuwait SAKP,KW0EQ0100010,NBK.KW,Kuwait
National Grid PLC,GB00BDR05C01,NG.L,United Kingdom
National Silicon Industry Group Co Ltd,CNE1000040F5,688126.SS,China
Natura & Co Holding SA,BRNTCOACNOR5,,
NatWest Group PLC,GB00BM8PJY71,NWG.L,United Kingdom
NAURA Technology Group Co Ltd,CNE100000ML7,002371.SZ,China
NAVER Corp,KR7035420009,035420.KS,South Korea
NCSoft Corp,KR7036570000,036570.KS,South Korea
NEC Corp,JP3733000008,6701.T,Japan
Nedbank Group Ltd,ZAE000004875,NED.JO,South Africa
Nemetschek SE,DE0006452907,NEM.DE,Germany
NEPI Rockcastle NV,NL0015000RT3,NRP.JO,South Africa
Neste Oyj,FI0009013296,NESTE.HE,Finland
Nestle India Ltd,INE239A01024,NESTLEIND.BO,India
Nestle Malaysia Bhd,MYL4707OO005,4707.KL,Malaysia
Nestle SA,CH0038863350,NESN.SW,Switzerland
NetApp Inc,US64110D1046,NTAP,United States
NetEase Inc,KYG6427A1022,KYG6427A1022.SG,Germany
NetEase Inc,US64110W1027,NTES,United States
Netflix Inc,US64110L1061,NFLX,United States
Netmarble Corp,KR7251270005,251270.KS,South Korea
Netwealth Group Ltd,AU000000NWL7,NWL.AX,Australia
Neuren Pharmaceuticals Ltd,NZNEUE0001S8,NEU.AX,Australia
Neurocrine Biosciences Inc,US64125C1099,NBIX,United States
New China Life Insurance Co Ltd,CNE100001922,1336.HK,Hong Kong
New China Life Insurance Co Ltd,CNE1000019Y0,601336.SS,China
New Hope Liuhe Co Ltd,CNE000000VB0,000876.SZ,China
Newmont Corp,AU0000297962,NEM.AX,Australia
Newmont Corp,US6516391066,NEM,United States
New Oriental Education & Technology Group Inc,KYG6470A1168,9901.HK,Hong Kong
News Corp,AU000000NWS2,NWS.AX,Australia
News Corp,AU0000NWSLV3,NWSLV.AX,Australia
News Corp,US65249B1098,NWSA,United States
NexGen Energy Ltd,AU0000159329,NXG.AX,Australia
Nexi SpA,IT0005366767,NEXI.MI,Italy
Nexon Co Ltd,JP3758190007,3659.T,Japan
NEXTDC Ltd,AU000000NXT8,NXT.AX,Australia
NextEra Energy Inc,US65339F1012,NEE,United States
Next PLC,GB0032089863,NXT.L,United Kingdom
NH Investment & Securities Co Ltd,KR7005940002,005940.KS,South Korea
NHPC Ltd,INE848E01016,NHPC.NS,India
Nibe Industrier AB,SE0015988019,NIBE-B.ST,Sweden
nib holdings Ltd/Australia,AU000000NHF0,NHF.AX,Australia
Nice Ltd,IL0002730112,NICE.TA,Israel
Nickel Industries Ltd,AU0000018236,NIC.AX,Australia
Nick Scali Ltd,AU000000NCK1,NCK.AX,Australia
NIDEC CORP,JP3734800000,6594.T,Japan
Nien Made Enterprise Co Ltd,TW0008464009,8464.TW,Taiwan
NIKE Inc,US6541061031,NKE,United States
Nine Entertainment Co Holdings Ltd,AU000000NEC4,NEC.AX,Australia
Ningbo Deye Technology Co Ltd,CNE1000052S3,605117.SS,China
Ningbo Orient Wires & Cables Co Ltd,CNE100001T23,603606.SS,China
Ningbo Sanxing Medical Electric Co Ltd,CNE100001567,601567.SS,China
Ningbo Tuopu Group Co Ltd,CNE1000023J3,601689.SS,China
Ningxia Baofeng Energy Group Co Ltd,CNE100003LF5,600989.SS,China
Nintendo Co Ltd,JP3756600007,7974.T,Japan
NIO Inc,KYG6525F1028,9866.HK,Hong Kong
NIPPON EXPRESS HOLDINGS INC,JP3688370000,9147.T,Japan
Nippon Paint Holdings Co Ltd,JP3749400002,4612.T,Japan
Nippon Sanso Holdings Corp,JP3711600001,4091.T,Japan
Nippon Steel Corp,JP3381000003,5401.T,Japan
Nippon Telegraph & Telephone Corp,JP3735400008,9432.T,Japan
Nippon Yusen KK,JP3753000003,9101.T,Japan
NiSource Inc,US65473P1057,NI,United States
Nissan Motor Co Ltd,JP3672400003,7201.T,Japan
Nissin Foods Holdings Co Ltd,JP3675600005,2897.T,Japan
Nitori Holdings Co Ltd,JP3756100008,9843.T,Japan
Nitto Denko Corp,JP3684000007,6988.T,Japan
NMDC Ltd,INE584A01023,NMDC.BO,India
NN Group NV,NL0010773842,NN.AS,Netherlands
Nokia Oyj,FI0009000681,NOKIA.HE,Finland
Nomura Holdings Inc,JP3762600009,8604.T,Japan
Nomura Research Institute Ltd,JP3762800005,4307.T,Japan
Nongfu Spring Co Ltd,CNE100004272,9633.HK,Hong Kong
Nordea Bank Abp,FI4000297767,NDA-FI.HE,Finland
Nordson Corp,US6556631025,NDSN,United States
Norfolk Southern Corp,US6558441084,NSC,United States
Norsk Hydro ASA,NO0005052605,NHY.OL,Norway
Northern Star Resources Ltd,AU000000NST8,NST.AX,Australia
Northern Trust Corp,US6658591044,NTRS,United States
Novartis AG,CH0012005267,NOVN.SW,Switzerland
Novatek Microelectronics Corp,TW0003034005,3034.TW,Taiwan
Novonesis (Novozymes) B,DK0060336014,NSIS-B.CO,Denmark
Novonix Ltd,AU000000NVX4,NVX.AX,Australia
Novo Nordisk A/S,DK0062498333,NOVO-B.CO,Denmark
NRG Energy Inc,US6293775085,NRG,United States
NRW Holdings Ltd,AU000000NWH5,NWH.AX,Australia
NTPC Ltd,INE733E01010,NTPC.NS,India
NTT Data Group Corp,JP3165700000,9613.T,Japan
Nucor Corp,US6703461052,NUE,United States
Nufarm Ltd,AU000000NUF3,NUF.AX,Australia
NU Holdings Ltd/Cayman Islands,KYG6683N1034,NU,United States
Nuix Ltd,AU0000119307,NXL.AX,Australia
Nutanix Inc,US67059N1081,NTNX,United States
Nutrien Ltd,CA67077M1086,NTR.TO,Canada
nVent Electric PLC,IE00BDVJJQ56,NVT,United States
NVIDIA Corp,US67066G1040,NVDA,United States
NVR Inc,US62944T1051,NVR,United States
NXP Semiconductors NV,NL0009538784,NXPI,United States
Obayashi Corp,JP3190000004,1802.T,Japan
Oberoi Realty Ltd,INE093I01010,OBEROIRLTY.NS,India
Obic Co Ltd,JP3173400007,4684.T,Japan
Objective Corp Ltd,AU000000OCL7,OCL.AX,Australia
Occidental Petroleum Corp,US6745991058,OXY,United States
Odontoprev SA,BRODPVACNOR4,ODPV3.SA,Brazil
OFX Group Ltd,AU000000OFX5,OFX.AX,Australia
Oil India Ltd,INE274J01014,OIL.NS,India
Oil & Natural Gas Corp Ltd,INE213A01029,ONGC.NS,India
Okta Inc,US6792951054,OKTA,United States
Old Dominion Freight Line Inc,US6795801009,ODFL,United States
Old Mutual Ltd,ZAE000255360,OMU.JO,South Africa
Olympus Corp,JP3201200007,7733.T,Japan
Omni Bridgeway Ltd,AU0000082489,AU0000082489.SG,Germany
Omnicom Group Inc,US6819191064,OMC,United States
Omron Corp,JP3197800000,6645.T,Japan
OMV AG,AT0000743059,OMV.VI,Austria
ONEOK Inc,US6826801036,OKE,United States
Onex Corp,CA68272K1030,ONEX.TO,Canada
Ono Pharmaceutical Co Ltd,JP3197600004,JP3197600004.SG,Germany
ON Semiconductor Corp,US6821891057,ON,United States
oOh!media Ltd,AU000000OML6,OML.AX,Australia
Ooredoo QPSC,QA0007227737,ORDS.QA,Qatar
OPAP SA,GRS419003009,OPAP.AT,Greece
Open Text Corp,CA6837151068,OTEX,United States
Operadora De Sites Mexicanos SAB de CV,MX01SI0C0002,SITES1A-1.MX,Mexico
Oppein Home Group Inc,CNE100002RB3,603833.SS,China
Opthea Ltd,AU000000OPT2,,
Oracle Corp,US68389X1054,ORCL,United States
Oracle Corp Japan,JP3689500001,4716.T,Japan
Oracle Financial Services Software Ltd,INE881D01027,OFSS.BO,India
Orange SA,FR0000133308,ORA.PA,France
O'Reilly Automotive Inc,US67103H1077,ORLY,United States
Orica Ltd,AU000000ORI1,ORI.AX,Australia
Oriental Land Co Ltd/Japan,JP3198900007,4661.T,Japan
Orient Overseas International Ltd,BMG677491539,0316.HK,Hong Kong
Orient Securities Co Ltd/China,CNE100001ZV6,600958.SS,China
Origin Energy Ltd,AU000000ORG5,ORG.AX,Australia
Orion Corp/Republic of Korea,KR7271560005,271560.KS,South Korea
Orion Oyj,FI0009014377,ORNBV.HE,Finland
ORIX Corp,JP3200450009,8591.T,Japan
Orkla ASA,NO0003733800,ORK.OL,Norway
ORLEN SA,PLPKN0000018,PKN.WA,Poland
Orora Ltd,AU000000ORA8,ORA.AX,Australia
Orsted AS,DK0060094928,ORSTED.CO,Denmark
Osaka Gas Co Ltd,JP3180400008,9532.T,Japan
Otis Worldwide Corp,US68902V1070,OTIS,United States
OTP Bank Nyrt,HU0000061726,OTP.BD,Bangladesh
Otsuka Corp,JP3188200004,4768.T,Japan
Otsuka Holdings Co Ltd,JP3188220002,4578.T,Japan
OUTsurance Group Ltd,ZAE000314084,OUT.JO,South Africa
Oversea-Chinese Banking Corp Ltd,SG1S04926220,O39.SI,Singapore
Ovintiv Inc,US69047Q1022,OVV,United States
Owens Corning,US6907421019,OC,United States
PACCAR Inc,US6937181088,PCAR,United States
Packaging Corp of America,US6951561090,PKG,United States
Page Industries Ltd,INE761H01022,PAGEIND.NS,India
Paladin Energy Ltd,AU000000PDN8,PDN.AX,Australia
Palantir Technologies Inc,US69608A1088,PLTR,United States
Palo Alto Networks Inc,US6974351057,PANW,United States
Pan American Silver Corp,CA6979001089,PAAS.TO,Canada
Panasonic Holdings Corp,JP3866800000,6752.T,Japan
Pandora A/S,DK0060252690,PNDORA.CO,Denmark
Pan Pacific International Holdings Corp,JP3639650005,7532.T,Japan
Parker-Hannifin Corp,US7010941042,PH,United States
Parkland Corp,CA70137W1086,PKI.TO,Canada
Partners Group Holding AG,CH0024608827,PGHN.SW,Switzerland
Patriot Battery Metals Inc,AU0000251258,PMT.AX,Australia
Paychex Inc,US7043261079,PAYX,United States
Paycom Software Inc,US70432V1026,PAYC,United States
PayPal Holdings Inc,US70450Y1038,PYPL,United States
PB Fintech Ltd,INE417T01026,POLICYBZR.NS,India
PDD Holdings Inc,US7223041028,9PDA.SG,Germany
Pearson PLC,GB0006776081,PSON.L,United Kingdom
Peet Ltd,AU000000PPC5,PPC.AX,Australia
Pegasus Hava Tasimaciligi AS,TREPEGS00016,PGSUS.IS,Turkey
Pegatron Corp,TW0004938006,4938.TW,Taiwan
Pembina Pipeline Corp,CA7063271034,PPL.TO,Canada
Pentair PLC,IE00BLS09M33,PNR,United States
People's Insurance Co Group of China Ltd/The,CNE100003F27,601319.SS,China
People's Insurance Co Group of China Ltd/The,CNE100001MK7,1339.HK,Hong Kong
Pepkor Holdings Ltd,ZAE000259479,PPH.JO,South Africa
PepsiCo Inc,US7134481081,PEP,United States
Perenti Ltd,AU0000061897,PRN.AX,Australia
Pernod Ricard SA,FR0000120693,RI.PA,France
Perpetual Ltd,AU000000PPT9,PPT.AX,Australia
Perseus Mining Ltd,AU000000PRU3,PRU.AX,Australia
Persimmon PLC,GB0006825383,PSN.L,United Kingdom
Persistent Systems Ltd,INE262H01021,PERSISTENT.NS,India
Persol Holdings Co Ltd,JP3547670004,2181.T,Japan
PetroChina Co Ltd,CNE1000003W8,0857.HK,Hong Kong
PetroChina Co Ltd,CNE1000007Q1,601857.SS,China
Petroleo Brasileiro SA,US71654V1017,PBR-A,United States
Petroleo Brasileiro SA,BRPETRACNOR9,PETR3.SA,Brazil
Petroleo Brasileiro SA,BRPETRACNPR6,PETR4.SA,Brazil
Petroleo Brasileiro SA,US71654V4086,PBR,United States
Petronas Chemicals Group Bhd,MYL5183OO008,5183.KL,Malaysia
Petronas Dagangan Bhd,MYL5681OO001,5681.KL,Malaysia
Petronas Gas Bhd,MYL6033OO004,6033.KL,Malaysia
Petronet LNG Ltd,INE347G01014,PETRONET.NS,India
PEXA Group Ltd,AU0000158594,PXA.AX,Australia
Pfizer Inc,US7170811035,PFE,United States
PG&E Corp,US69331C1080,PCG,United States
PGE Polska Grupa Energetyczna SA,PLPGER000010,PGE.WA,Poland
PharmaEssentia Corp,TW0006446008,6446.TW,Taiwan
Phillips 66,US7185461040,PSX,United States
Phoenix Group Holdings PLC,GB00BGXQNP29,PHNX.L,United Kingdom
Phoenix Mills Ltd/The,INE211B01039,PHOENIXLTD.BO,India
PICC Property & Casualty Co Ltd,CNE100000593,2328.HK,Hong Kong
Pidilite Industries Ltd,INE318A01026,PIDILITIND.NS,India
PI Industries Ltd,INE603J01030,PIIND.BO,India
Pilbara Minerals Ltd,AU000000PLS0,PLS.AX,Australia
Ping An Bank Co Ltd,CNE000000040,000001.SZ,China
Ping An Insurance Group Co of China Ltd,CNE1000003X6,2318.HK,Hong Kong
Ping An Insurance Group Co of China Ltd,CNE000001R84,601318.SS,China
Pinnacle Investment Management Group Ltd,AU000000PNI7,PNI.AX,Australia
Pinterest Inc,US72352L1061,PINS,United States
Piotech Inc,CNE100005998,688072.SS,China
Piraeus Financial Holdings SA,GRS014003032,TPEIR.AT,Greece
Platinum Asset Management Ltd,AU000000PTM6,PTM.AX,Australia
PLDT Inc,PHY7072Q1032,,
PNC Financial Services Group Inc/The,US6934751057,PNC,United States
Polycab India Ltd,INE455K01017,POLYCAB.NS,India
Poly Developments and Holdings Group Co Ltd,CNE000001ND1,600048.SS,China
PolyNovo Ltd,AU000000PNV0,PNV.AX,Australia
Pool Corp,US73278L1052,POOL,United States
Pop Mart International Group Ltd,KYG7170M1033,9992.HK,Hong Kong
Porsche Automobil Holding SE,DE000PAH0038,PAH3.DE,Germany
Posco DX Co Ltd,KR7022100002,022100.KS,South Korea
POSCO Future M Co Ltd,KR7003670007,003670.KS,South Korea
POSCO Holdings Inc,KR7005490008,005490.KS,South Korea
Posco International Corp,KR7047050000,047050.KS,South Korea
Postal Savings Bank of China Co Ltd,CNE100003PZ4,601658.SS,China
Postal Savings Bank of China Co Ltd,CNE1000029W3,1658.HK,Hong Kong
Poste Italiane SpA,IT0003796171,PST.MI,Italy
Pou Chen Corp,TW0009904003,9904.TW,Taiwan
Power Assets Holdings Ltd,HK0006000050,0006.HK,Hong Kong
Power Construction Corp of China Ltd,CNE1000017G1,601669.SS,China
Power Corp of Canada,CA7392391016,POW.TO,Canada
Power Finance Corp Ltd,INE134E01011,PFC.NS,India
Power Grid Corp of India Ltd,INE752E01010,POWERGRID.NS,India
Powszechna Kasa Oszczednosci Bank Polski SA,PLPKO0000016,PKO.WA,Poland
Powszechny Zaklad Ubezpieczen SA,PLPZU0000011,PZU.WA,Poland
PPB Group Bhd,MYL4065OO008,4065.KL,Malaysia
PPG Industries Inc,US6935061076,PPG,United States
PPL Corp,US69351T1060,PPL,United States
Praemium Ltd,AU000000PPS1,PPS.AX,Australia
Predictive Discovery Ltd,AU000000PDI8,PDI.AX,Australia
Premier Investments Ltd,AU000000PMV2,PMV.AX,Australia
President Chain Store Corp,TW0002912003,2912.TW,Taiwan
Press Metal Aluminium Holdings Bhd,MYL8869OO009,8869.KL,Malaysia
Prestige Estates Projects Ltd,INE811K01011,PRESTIGE.NS,India
Principal Financial Group Inc,US74251V1026,PFG,United States
PRIO SA/Brazil,BRPRIOACNOR1,PRIO3.SA,Brazil
Procter & Gamble Co/The,US7427181091,PG,United States
Progressive Corp/The,US7433151039,PGR,United States
Pro Medicus Ltd,AU000000PME8,PME.AX,Australia
Promotora y Operadora de Infraestructura SAB de CV,MX01PI000005,PINFRA.MX,Mexico
Propel Funeral Partners Ltd,AU000000PFP8,PFP.AX,Australia
Prosus NV,NL0013654783,PRX.AS,Netherlands
Proya Cosmetics Co Ltd,CNE100002TP9,603605.SS,China
Prudential Financial Inc,US7443201022,PRU,United States
Prudential PLC,GB0007099541,PRU.L,United Kingdom
Prysmian SpA,IT0004176001,PRY.MI,Italy
PTC Inc,US69370C1009,PTC,United States
PTT Exploration & Production PCL,TH0355A10Z12,PTXLF,United States
PTT Exploration & Production PCL,TH0355010R16,PTTEP-R.BK,Thailand
PTT Global Chemical PCL,TH1074010R12,PTTGC-R.BK,Thailand
PTT Oil & Retail Business PCL,THA099010R13,OR-R.BK,Thailand
PTT PCL,TH0646010Z18,PETFF,United States
PTT PCL,TH0646010R18,PTT-R.BK,Thailand
Public Bank Bhd,MYL1295OO004,1295.KL,Malaysia
Publicis Groupe SA,FR0000130577,PUB.PA,France
Public Power Corp SA,GRS434003000,PPC.AT,Greece
Public Service Enterprise Group Inc,US7445731067,PEG,United States
PulteGroup Inc,US7458671010,PHM,United States
Puma SE,DE0006969603,PUM.DE,Germany
Punjab National Bank,INE160A01022,PNB.NS,India
Pure Storage Inc,US74624M1027,PSTG,United States
PWR Holdings Ltd,AU000000PWH0,PWH.AX,Australia
PYC Therapeutics Ltd,AU000000PYC7,PYC.AX,Australia
Qantas Airways Ltd,AU000000QAN2,QAN.AX,Australia
Qatar Electricity & Water Co QSC,QA0006929812,QEWS.QA,Qatar
Qatar Fuel QSC,QA0001200771,QFLS.QA,Qatar
Qatar Gas Transport Co Ltd,QA000A0KD6L1,QGTS.QA,Qatar
Qatar International Islamic Bank QSC,QA0006929879,QIIK.QA,Qatar
Qatar Islamic Bank QPSC,QA0006929853,QIBK.QA,Qatar
Qatar National Bank QPSC,QA0006929895,QNBK.QA,Qatar
QBE Insurance Group Ltd,AU000000QBE9,QBE.AX,Australia
QIAGEN NV,NL0015001WM6,1QGEN.MI,Italy
Qifu Technology Inc,US88557W1018,QFIN,United States
Qinghai Salt Lake Industry Co Ltd,CNE000000SW2,000792.SZ,China
QL Resources Bhd,MYL7084OO006,7084.KL,Malaysia
Qorvo Inc,US74736K1016,QRVO,United States
QUALCOMM Inc,US7475251036,QCOM,United States
Qualitas Real Estate Income Fund,AU0000027310,QRI.AX,Australia
Quanta Computer Inc,TW0002382009,2382.TW,Taiwan
Quanta Services Inc,US74762E1029,PWR,United States
Qube Holdings Ltd,AU000000QUB5,QUB.AX,Australia
Quebecor Inc,CA7481932084,QBR-B.TO,Canada
Quest Diagnostics Inc,US74834L1008,DGX,United States
Raia Drogasil SA,BRRADLACNOR0,RADL3.SA,Brazil
Rail Vikas Nigam Ltd,INE415G01027,RVNL.NS,India
Rakuten Group Inc,JP3967200001,4755.T,Japan
Ramelius Resources Ltd,AU000000RMS4,RMS.AX,Australia
Ramsay Health Care Ltd,AU000000RHC8,RHC.AX,Australia
Randstad NV,NL0000379121,RAND.AS,Netherlands
Range Intelligent Computing Technology Group Co Ltd,CNE100001Z58,300442.SZ,China
Rational AG,DE0007010803,RAA.DE,Germany
Raymond James Financial Inc,US7547301090,RJF,United States
RB Global Inc,CA74935Q1072,RBA,United States
REA Group Ltd,AU000000REA9,REA.AX,Australia
Realtek Semiconductor Corp,TW0002379005,2379.TW,Taiwan
Reckitt Benckiser Group PLC,GB00B24CGK77,RKT.L,United Kingdom
REC Ltd,INE020B01018,RECLTD.NS,India
Recordati Industria Chimica e Farmaceutica SpA,IT0003828271,REC.MI,Italy
Recruit Holdings Co Ltd,JP3970300004,6098.T,Japan
Rede D'Or Sao Luiz SA,BRRDORACNOR8,RDOR3.SA,Brazil
Redeia Corp SA,ES0173093024,RED.MC,Spain
Redox Ltd/Australia,AU0000284895,RDX.AX,Australia
Reece Ltd,AU000000REH4,REH.AX,Australia
Regeneron Pharmaceuticals Inc,US75886F1075,REGN,United States
Regions Financial Corp,US7591EP1005,RF,United States
Regis Healthcare Ltd,AU000000REG6,REG.AX,Australia
Regis Resources Ltd,AU000000RRL8,RRL.AX,Australia
Reinet Investments SCA,LU0383812293,REINA.AS,Netherlands
Reliance Inc,US7595091023,RS,United States
Reliance Industries Ltd,INE002A01018,RELIANCE.NS,India
Reliance Worldwide Corp Ltd,AU000000RWC7,RWC.AX,Australia
RELX PLC,GB00B2B0DG97,REL.L,United Kingdom
Remgro Ltd,ZAE000026480,REM.JO,South Africa
Renault SA,FR0000131906,RNO.PA,France
Renesas Electronics Corp,JP3164720009,6723.T,Japan
Rentokil Initial PLC,GB00B082RF11,RTO.L,United Kingdom
Repsol SA,ES0173516115,REP.MC,Spain
Republic Services Inc,US7607591002,RSG,United States
ResMed Inc,US7611521078,RMD,United States
ResMed Inc,AU000000RMD6,RMD.AX,Australia
Resolute Mining Ltd,AU000000RSG6,RSG.AX,Australia
Resona Holdings Inc,JP3500610005,8308.T,Japan
Restaurant Brands International Inc,CA76131D1033,QSR,United States
Revvity Inc,US7140461093,RVTY,United States
Rexel SA,FR0010451203,RXL.PA,France
RHB Bank Bhd,MYL1066OO009,1066.KL,Malaysia
Rheinmetall AG,DE0007030009,RHM.DE,Germany
Richter Gedeon Nyrt,HU0000123096,,
Ricoh Co Ltd,JP3973400009,7752.T,Japan
Ridley Corp Ltd,AU000000RIC6,AU000000RIC6.SG,Germany
Rio Tinto Ltd,AU000000RIO1,RIO.AX,Australia
Rio Tinto PLC,GB0007188757,RIO.L,United Kingdom
Rivian Automotive Inc,US76954A1034,RIVN,United States
Robert Half Inc,US7703231032,RHI,United States
Robinhood Markets Inc,US7707001027,HOOD,United States
Robinsons Retail Holdings Inc,PHY7318T1017,,
ROBLOX Corp,US7710491033,RBLX,United States
Roche Holding AG,CH0012032048,ROG.SW,Switzerland
Roche Holding AG,CH0012032113,RO.SW,Switzerland
Rockwell Automation Inc,US7739031091,ROK,United States
ROCKWOOL A/S,DK0010219153,0M0A.IL,United Kingdom
Rogers Communications Inc,CA7751092007,RCI-B.TO,Canada
Roku Inc,US77543R1023,ROKU,United States
Rollins Inc,US7757111049,ROL,United States
Rolls-Royce Holdings PLC,GB00B63H8491,RR.L,United Kingdom
Rongsheng Petrochemical Co Ltd,CNE100000W60,002493.SZ,China
Roper Technologies Inc,US7766961061,ROP,United States
Ross Stores Inc,US7782961038,ROST,United States
Royal Bank of Canada,CA7800871021,RY.TO,Canada
Royal Caribbean Cruises Ltd,LR0008862868,RCL,United States
Royalty Pharma PLC,GB00BMVP7Y09,RPRX,United States
RPMGlobal Holdings Ltd,AU000000RUL2,RUL.AX,Australia
RPM International Inc,US7496851038,RPM,United States
Ruentex Development Co Ltd,TW0009945006,9945.TW,Taiwan
Rumo SA,BRRAILACNOR9,RAIL3.SA,Brazil
RWE AG,DE0007037129,RWE.DE,Germany
Ryman Healthcare Ltd,NZRYME0001S4,RYM.NZ,New Zealand
Saab AB,SE0021921269,SAAB-B.ST,Sweden
Safran SA,FR0000073272,SAF.PA,France
Sagax AB,SE0005127818,,
Sage Group PLC/The,GB00B8C3BL03,SGE.L,United Kingdom
SAIC Motor Corp Ltd,CNE000000TY6,600104.SS,China
Sailun Group Co Ltd,CNE1000015F7,601058.SS,China
Salesforce Inc,US79466L3024,CRM,United States
Salmar ASA,NO0010310956,SALM.OL,Norway
Sampo Oyj,FI4000552500,SAMPO.HE,Finland
Samsara Inc,US79589L1061,IOT,United States
Samsung Biologics Co Ltd,KR7207940008,207940.KS,South Korea
Samsung C&T Corp,KR7028260008,028260.KS,South Korea
Samsung E&A Co Ltd,KR7028050003,028050.KS,South Korea
Samsung Electro-Mechanics Co Ltd,KR7009150004,009150.KS,South Korea
Samsung Electronics Co Ltd,KR7005930003,005930.KS,South Korea
Samsung Electronics Co Ltd,KR7005931001,005935.KS,South Korea
Samsung Fire & Marine Insurance Co Ltd,KR7000810002,000810.KS,South Korea
Samsung Heavy Industries Co Ltd,KR7010140002,010140.KS,South Korea
Samsung Life Insurance Co Ltd,KR7032830002,032830.KS,South Korea
Samsung SDI Co Ltd,KR7006400006,006400.KS,South Korea
Samsung SDS Co Ltd,KR7018260000,018260.KS,South Korea
Samvardhana Motherson International Ltd,INE775A01035,MOTHERSON.BO,India
Sanan Optoelectronics Co Ltd,CNE000000KB3,600703.SS,China
Sandfire Resources Ltd,AU000000SFR8,SFR.AX,Australia
Sandoz Group AG,CH1243598427,SDZ.SW,Switzerland
Sands China Ltd,KYG7800X1079,1928.HK,Hong Kong
Sandvik AB,SE0000667891,SAND.ST,Sweden
Sanlam Ltd,ZAE000070660,SLM.JO,South Africa
Sanofi SA,FR0000120578,SAN.PA,France
Santander Bank Polska SA,PLBZ00000044,SPL.WA,Poland
Santos Ltd,AU000000STO6,STO.AX,Australia
Sany Heavy Industry Co Ltd,CNE000001F70,600031.SS,China
SAP SE,DE0007164600,SAP.DE,Germany
Saputo Inc,CA8029121057,SAP.TO,Canada
Sartorius AG,DE0007165631,SRT3.DE,Germany
Sartorius Stedim Biotech,FR0013154002,DIM.PA,France
Sasa Polyester Sanayi AS,TRASASAW91E4,SASA.IS,Turkey
Sasol Ltd,ZAE000006896,SOL.JO,South Africa
Satellite Chemical Co Ltd,CNE100001B07,002648.SZ,China
Sayona Mining Ltd,AU000000SYA5,SYA.AX,Australia
SBI Cards & Payment Services Ltd,INE018E01016,SBICARD.NS,India
SBI Holdings Inc,JP3436120004,8473.T,Japan
SBI Life Insurance Co Ltd,INE123W01016,SBILIFE.NS,India
SCB X PCL,THA790010013,OU8.F,Germany
SCB X PCL,THA790010R17,SCB-R.BK,Thailand
Schindler Holding AG,CH0024638212,SCHN.SW,Switzerland
Schindler Holding AG,CH0024638196,SCHP.SW,Switzerland
Schlumberger NV,AN8068571086,SLB,United States
Schneider Electric SE,FR0000121972,SU.PA,France
Schroders PLC,GB00BP9LHF23,SDR.L,United Kingdom
SCOR SE,FR0010411983,SCR.PA,France
Scout24 SE,DE000A12DM80,G24.DE,Germany
SCREEN Holdings Co Ltd,JP3494600004,7735.T,Japan
SCSK Corp,JP3400400002,9719.T,Japan
SD Guthrie Bhd,MYL5285OO001,5285.KL,Malaysia
SDIC Power Holdings Co Ltd,CNE000000JM2,600886.SS,China
Seagate Technology Holdings PLC,IE00BKVD2N49,STX,United States
Sea Ltd,US81141R1005,SE,United States
SEB SA,FR0000121709,SK.PA,France
Secom Co Ltd,JP3421800008,9735.T,Japan
Securitas AB,SE0000163594,SECU-B.ST,Sweden
SEEK Ltd,AU000000SEK6,SEK.AX,Australia
SEI Investments Co,US7841171033,SEIC,United States
Seiko Epson Corp,JP3414750004,6724.T,Japan
Sekisui Chemical Co Ltd,JP3419400001,4204.T,Japan
Sekisui House Ltd,JP3420600003,1928.T,Japan
Select Harvests Ltd,AU000000SHV6,AU000000SHV6.SG,Germany
Sembcorp Industries Ltd,SG1R50925390,U96.SI,Singapore
Sempra,US8168511090,SRE,United States
Sendas Distribuidora S/A,US81689T1043,ASAIY,United States
Sendas Distribuidora S/A,BRASAIACNOR0,ASAI3.SA,Brazil
Seres Group Co Ltd,CNE1000028B9,601127.SS,China
ServiceNow Inc,US81762P1021,NOW,United States
Service Stream Ltd,AU000000SSM2,SSM.AX,Australia
ServiceTitan Inc,US81764X1037,TTAN,United States
SES SA,LU0088087324,SGBAF,United States
Seven & i Holdings Co Ltd,JP3422950000,3382.T,Japan
Severn Trent PLC,GB00B1FH8J72,SVT.L,United Kingdom
SF Holding Co Ltd,CNE100000L63,002352.SZ,China
SGH Ltd,AU0000364754,SGH.AX,Australia
SG Holdings Co Ltd,JP3162770006,9143.T,Japan
SG Micro Corp,CNE100002NT4,300661.SZ,China
SGS SA,CH1256740924,SGSN.SW,Switzerland
Shandong Gold Mining Co Ltd,CNE1000036N7,1787.HK,Hong Kong
Shandong Gold Mining Co Ltd,CNE000001FR7,600547.SS,China
Shandong Hualu Hengsheng Chemical Co Ltd,CNE000001BM7,600426.SS,China
Shandong Linglong Tyre Co Ltd,CNE100002GM3,601966.SS,China
Shandong Nanshan Aluminum Co Ltd,CNE000001139,600219.SS,China
Shandong Weigao Group Medical Polymer Co Ltd,CNE100000171,1066.HK,Hong Kong
Shanghai Baosight Software Co Ltd,CNE000000C66,600845.SS,China
Shanghai Baosight Software Co Ltd,CNE000000GG0,900926.SS,China
Shanghai BOCHU Electronic Technology Corp Ltd,CNE100003LY6,688188.SS,China
Shanghai Commercial & Savings Bank Ltd/The,TW0005876007,5876.TW,Taiwan
Shanghai Electric Group Co Ltd,CNE100000D55,601727.SS,China
Shanghai Electric Power Co Ltd,CNE000001G53,600021.SS,China
Shanghai Fosun Pharmaceutical Group Co Ltd,CNE000000X38,600196.SS,China
Shanghai International Airport Co Ltd,CNE000000V89,600009.SS,China
Shanghai M&G Stationery Inc,CNE100001V60,603899.SS,China
Shanghai Pharmaceuticals Holding Co Ltd,CNE000000C82,601607.SS,China
Shanghai Pharmaceuticals Holding Co Ltd,CNE1000012B3,2607.HK,Hong Kong
Shanghai Pudong Development Bank Co Ltd,CNE0000011B7,600000.SS,China
Shanghai Putailai New Energy Technology Co Ltd,CNE100002TX3,603659.SS,China
Shanghai RAAS Blood Products Co Ltd,CNE100000C31,002252.SZ,China
Shanghai Rural Commercial Bank Co Ltd,CNE100004QD7,601825.SS,China
Shanghai United Imaging Healthcare Co Ltd,CNE100005PN5,688271.SS,China
Shanjin International Gold Co Ltd,CNE0000012L4,000975.SZ,China
Shanxi Xinghuacun Fen Wine Factory Co Ltd,CNE000000DH5,600809.SS,China
Shell PLC,GB00BP6MXD84,SHEL.L,United Kingdom
Shenergy Co Ltd,CNE0000005Q7,600642.SS,China
Shengyi Technology Co Ltd,CNE000000XL5,600183.SS,China
Shennan Circuits Co Ltd,CNE100003373,002916.SZ,China
Shenwan Hongyuan Group Co Ltd,CNE100002FD4,000166.SZ,China
Shenzhen Inovance Technology Co Ltd,CNE100000V46,300124.SZ,China
Shenzhen Mindray Bio-Medical Electronics Co Ltd,CNE100003G67,300760.SZ,China
Shenzhen New Industries Biomedical Engineering Co Ltd,CNE100003T39,300832.SZ,China
Shenzhen Salubris Pharmaceuticals Co Ltd,CNE100000FW8,002294.SZ,China
Shenzhen Transsion Holdings Co Ltd,CNE100003P74,688036.SS,China
Shenzhou International Group Holdings Ltd,KYG8087W1015,KYG8087W1015.SG,Germany
Sherwin-Williams Co/The,US8243481061,SHW,United States
Shijiazhuang Yiling Pharmaceutical Co Ltd,CNE1000015S0,002603.SZ,China
Shimadzu Corp,JP3357200009,7701.T,Japan
Shimano Inc,JP3358000002,7309.T,Japan
Shin-Etsu Chemical Co Ltd,JP3371200001,4063.T,Japan
Shinhan Financial Group Co Ltd,KR7055550008,055550.KS,South Korea
Shin Kong Financial Holding Co Ltd,TW0002888005,,
Shionogi & Co Ltd,JP3347200002,4507.T,Japan
Shiseido Co Ltd,JP3351600006,4911.T,Japan
Shizuoka Financial Group Inc,JP3351500008,5831.T,Japan
Shopify Inc,CA82509L1076,SHOP,United States
Shoprite Holdings Ltd,ZAE000012084,SHP.JO,South Africa
Shree Cement Ltd,INE070A01015,SHREECEM.NS,India
Shriram Finance Ltd,INE721A01047,SHRIRAMFIN.BO,India
Siam Cement PCL/The,TH0003010Z12,SCVPF,United States
Siam Cement PCL/The,TH0003010R12,SCC-R.BK,Thailand
Sibanye Stillwater Ltd,ZAE000259701,SSW.JO,South Africa
Sichuan Chuantou Energy Co Ltd,CNE000000BQ0,600674.SS,China
Sichuan Kelun Pharmaceutical Co Ltd,CNE100000PW7,002422.SZ,China
Sichuan Road and Bridge Group Co Ltd,CNE000001DQ4,600039.SS,China
Siemens AG,DE0007236101,SIE.DE,Germany
Siemens Energy AG,DE000ENER6Y0,ENR.DE,Germany
Siemens Healthineers AG,DE000SHL1006,SHL.DE,Germany
Siemens Ltd,INE003A01024,SIEMENS.NS,India
Sieyuan Electric Co Ltd,CNE000001KM8,002028.SZ,China
SIG Group AG,CH0435377954,SIGN.SW,Switzerland
Sigma Healthcare Ltd,AU000000SIG5,SIG.AX,Australia
Sika AG,CH0418792922,SIKA.SW,Switzerland
Silergy Corp,KYG8190F1028,6415.TW,Taiwan
Silex Systems Ltd,AU000000SLX4,SLX.AX,Australia
Sime Darby Bhd,MYL4197OO009,4197.KL,Malaysia
Sims Ltd,AU000000SGM7,SGM.AX,Australia
Singapore Airlines Ltd,SG1V61937297,C6L.SI,Singapore
Singapore Exchange Ltd,SG1J26887955,S68.SI,Singapore
Singapore Technologies Engineering Ltd,SG1F60858221,S63.SI,Singapore
Singapore Telecommunications Ltd,SG1T75931496,Z74.SI,Singapore
Sino Biopharmaceutical Ltd,KYG8167W1380,1177.HK,Hong Kong
Sino Land Co Ltd,HK0083000502,0083.HK,Hong Kong
SinoPac Financial Holdings Co Ltd,TW0002890001,2890.TW,Taiwan
Sinopharm Group Co Ltd,CNE100000FN7,1099.HK,Hong Kong
Sinotruk Hong Kong Ltd,HK3808041546,3808.HK,Hong Kong
SITC International Holdings Co Ltd,KYG8187G1055,1308.HK,Hong Kong
SiteMinder Ltd,AU0000183543,SDR.AX,Australia
Skandinaviska Enskilda Banken AB,SE0000148884,SEB-A.ST,Sweden
Skanska AB,SE0000113250,SKA-B.ST,Sweden
SK Biopharmaceuticals Co Ltd,KR7326030004,326030.KS,South Korea
SK Bioscience Co Ltd,KR7302440003,302440.KS,South Korea
SKC Co Ltd,KR7011790003,011790.KS,South Korea
Skellerup Holdings Ltd,NZSKXE0001S8,SKL.NZ,New Zealand
SKF AB,SE0000108227,SKF-B.ST,Sweden
SK Hynix Inc,KR7000660001,000660.KS,South Korea
SK Inc,KR7034730002,034730.KS,South Korea
SK Innovation Co Ltd,KR7096770003,096770.KS,South Korea
SK Square Co Ltd,KR7402340004,402340.KS,South Korea
SK Telecom Co Ltd,KR7017670001,017670.KS,South Korea
SKYCITY Entertainment Group Ltd,NZSKCE0001S2,SKC.NZ,New Zealand
SKY Network Television Ltd,NZSKTE0001S6,SKT.NZ,New Zealand
Skyworks Solutions Inc,US83088M1027,SWKS,United States
SmartGroup Corp Ltd,AU000000SIQ4,SIQ.AX,Australia
SMC Corp,JP3162600005,6273.T,Japan
SM Investments Corp,PHY806761029,,
Smith & Nephew PLC,GB0009223206,SN.L,United Kingdom
Smiths Group PLC,GB00B1WY2338,SMIN.L,United Kingdom
SM Prime Holdings Inc,PHY8076N1120,,
Smurfit WestRock PLC,IE00028FXN24,SW,United States
Snam SpA,IT0003153415,SRG.MI,Italy
Snap Inc,US83304A1060,SNAP,United States
Snap-on Inc,US8330341012,SNA,United States
Snowflake Inc,US8334451098,SNOW,United States
Sociedad Quimica y Minera de Chile SA,US8336351056,SQM,United States
Sociedad Quimica y Minera de Chile SA,CLP8716X1082,SQM-B.SN,Chile
Societe Generale SA,FR0000130809,GLE.PA,France
Sodexo SA,FR0000121220,SW.PA,France
Sofina SA,BE0003717312,SOF.BR,Belgium
SoftBank Corp,JP3732000009,9434.T,Japan
SoftBank Group Corp,JP3436100006,9984.T,Japan
S-Oil Corp,KR7010950004,010950.KS,South Korea
Solventum Corp,US83444M1018,SOLV,United States
Sompo Holdings Inc,JP3165000005,8630.T,Japan
Sona Blw Precision Forgings Ltd,INE073K01018,SONACOMS.NS,India
Sonic Healthcare Ltd,AU000000SHL7,SHL.AX,Australia
Sonova Holding AG,CH0012549785,SOON.SW,Switzerland
Sony Group Corp,JP3435000009,6758.T,Japan
South32 Ltd,AU000000S320,S32.AX,Australia
Southern Copper Corp,US84265V1052,SCCO,United States
Southern Co/The,US8425871071,SO,United States
Southwest Airlines Co,US8447411088,LUV,United States
Spark New Zealand Ltd,NZTELE0001S4,SPK.NZ,New Zealand
Spartan Resources Ltd/Australia,AU0000294233,,
Spectris PLC,GB0003308607,SXS.L,United Kingdom
S&P Global Inc,US78409V1044,SPGI,United States
Spirax Group PLC,GB00BWFGQN14,SPX.L,United Kingdom
Spotify Technology SA,LU1778762911,SPOT,United States
Spring Airlines Co Ltd,CNE100001V45,601021.SS,China
SRF Ltd,INE647A01010,SRF.BO,India
SRG Global Ltd,AU0000032914,SRG.AX,Australia
SS&C Technologies Holdings Inc,US78467J1007,SSNC,United States
SSE PLC,GB0007908733,SSE.L,United Kingdom
SSR Mining Inc,AU0000091407,SSRGF,United States
Standard Bank Group Ltd,ZAE000109815,SBK.JO,South Africa
Standard Chartered PLC,GB0004082847,STAN.L,United Kingdom
Stanley Black & Decker Inc,US8545021011,SWK,United States
Stanmore Resources Ltd,AU000000SMR4,SMR.AX,Australia
Stantec Inc,CA85472N1096,STN.TO,Canada
Starbucks Corp,US8552441094,SBUX,United States
Star Entertainment Grp Ltd/The,AU000000SGR6,SGR.AX,Australia
State Bank of India,INE062A01020,SBIN.NS,India
State Street Corp,US8574771031,STT,United States
Steadfast Group Ltd,AU000000SDF8,SDF.AX,Australia
Steel Dynamics Inc,US8581191009,STLD,United States
Stellantis NV,NL00150001Q9,STLAM.MI,Italy
Step One Clothing Ltd,AU0000181174,STP.AX,Australia
STERIS PLC,IE00BFY8C754,STE,United States
St James's Place PLC,GB0007669376,STJ.L,United Kingdom
STMicroelectronics NV,NL0000226223,STMPA.PA,France
StoneCo Ltd,KYG851581069,STNE,United States
Stora Enso Oyj,FI0009005961,STERV.HE,Finland
Straumann Holding AG,CH1175448666,STMN.SW,Switzerland
Strike Energy Ltd,AU000000STX7,STX.AX,Australia
Stryker Corp,US8636671013,SYK,United States
Subaru Corp,JP3814800003,7270.T,Japan
Sumber Alfaria Trijaya Tbk PT,ID1000128705,AMRT.JK,Indonesia
Sumitomo Corp,JP3404600003,8053.T,Japan
Sumitomo Electric Industries Ltd,JP3407400005,5802.T,Japan
Sumitomo Metal Mining Co Ltd,JP3402600005,5713.T,Japan
Sumitomo Mitsui Financial Group Inc,JP3890350006,8316.T,Japan
Sumitomo Mitsui Trust Group Inc,JP3892100003,8309.T,Japan
Sumitomo Realty & Development Co Ltd,JP3409000001,8830.T,Japan
Suncor Energy Inc,CA8672241079,SU.TO,Canada
Suncorp Group Ltd,AU000000SUN6,SUN.AX,Australia
Sundaram Finance Ltd,INE660A01013,SUNDARMFIN.NS,India
Sungrow Power Supply Co Ltd,CNE1000018M7,300274.SZ,China
Sun Hung Kai Properties Ltd,HK0016000132,0016.HK,Hong Kong
Sun Life Financial Inc,CA8667961053,SLF.TO,Canada
Sunny Optical Technology Group Co Ltd,KYG8586D1097,2382.HK,Hong Kong
Sun Pharmaceutical Industries Ltd,INE044A01036,SUNPHARMA.NS,India
Suntory Beverage & Food Ltd,JP3336560002,2587.T,Japan
Sunway Bhd,MYL5211OO007,5211.KL,Malaysia
Sunwoda Electronic Co Ltd,CNE100001260,300207.SZ,China
SUPCON Technology Co Ltd,CNE100005D92,688777.SS,China
Superloop Ltd,AU000000SLC8,SLC.AX,Australia
Super Micro Computer Inc,US86800U3023,SMCI,United States
Super Retail Group Ltd,AU000000SUL0,SUL.AX,Australia
Supply Network Ltd,AU000000SNL5,SNL.AX,Australia
Supreme Industries Ltd,INE195A01028,SUPREMEIND.NS,India
Suzano SA,BRSUZBACNOR0,SUZB3.SA,Brazil
Suzhou Dongshan Precision Manufacturing Co Ltd,CNE100000N79,002384.SZ,China
Suzhou Maxwell Technologies Co Ltd,CNE100003FS0,300751.SZ,China
Suzlon Energy Ltd,INE040H01021,SUZLON.NS,India
Suzuki Motor Corp,JP3397200001,7269.T,Japan
Svenska Cellulosa AB SCA,SE0000112724,SCA-B.ST,Sweden
Svenska Handelsbanken AB,SE0007100599,SHB-A.ST,Sweden
Swatch Group AG/The,CH0012255151,UHR.SW,Switzerland
Swedbank AB,SE0000242455,SWED-A.ST,Sweden
Swedish Orphan Biovitrum AB,SE0000872095,SOBI.ST,Sweden
Swire Pacific Ltd,HK0019000162,0019.HK,Hong Kong
Swisscom AG,CH0008742519,SCMN.SW,Switzerland
Swiss Life Holding AG,CH0014852781,SLHN.SW,Switzerland
Swiss Prime Site AG,CH0008038389,SPSN.SW,Switzerland
Swiss Re AG,CH0126881561,SREN.SW,Switzerland
Syensqo SA,BE0974464977,SYENS.BR,Belgium
Symbotic Inc,US87151X1019,SYM,United States
Symrise AG,DE000SYM9999,SY1.DE,Germany
Synchrony Financial,US87165B1035,SYF,United States
Synnex Technology International Corp,TW0002347002,2347.TW,Taiwan
Synopsys Inc,US8716071076,SNPS,United States
Syrah Resources Ltd,AU000000SYR9,SYR.AX,Australia
Sysco Corp,US8718291078,SYY,United States
Sysmex Corp,JP3351100007,6869.T,Japan
Tabcorp Holdings Ltd,AU000000TAH8,TAH.AX,Australia
Taisei Corp,JP3443600006,1801.T,Japan
Taishin Financial Holding Co Ltd,TW0002887007,2887.TW,Taiwan
Taiwan Business Bank,TW0002834009,2834.TW,Taiwan
Taiwan Cooperative Financial Holding Co Ltd,TW0005880009,5880.TW,Taiwan
Taiwan High Speed Rail Corp,TW0002633005,2633.TW,Taiwan
Taiwan Mobile Co Ltd,TW0003045001,3045.TW,Taiwan
Taiwan Semiconductor Manufacturing Co Ltd,TW0002330008,2330.TW,Taiwan
Taiwan Semiconductor Manufacturing Co Ltd,US8740391003,TSM,United States
Takeda Pharmaceutical Co Ltd,JP3463000004,4502.T,Japan
Take-Two Interactive Software Inc,US8740541094,TTWO,United States
Talaat Moustafa Group,EGS691S1C011,EGS691S1C011.CA,
Talanx AG,DE000TLX1005,TLX.DE,Germany
TAL Education Group,US8740801043,TAL,United States
Targa Resources Corp,US87612G1013,TRGP,United States
Target Corp,US87612E1064,TGT,United States
Tata Communications Ltd,INE151A01013,TATACOMM.NS,India
Tata Consultancy Services Ltd,INE467B01029,TCS.NS,India
Tata Consumer Products Ltd,INE192A01025,TATACONSUM.NS,India
Tata Elxsi Ltd,INE670A01012,TATAELXSI.BO,India
Tata Motors Ltd,INE155A01022,TATAMOTORS.BO,India
Tata Steel Ltd,INE081A01020,TATASTEEL.BO,India
Taylor Wimpey PLC,GB0008782301,TW.L,United Kingdom
TCC Group Holdings Co Ltd,TW0001101004,1101.TW,Taiwan
TC Energy Corp,CA87807B1076,TRP.TO,Canada
TCL Technology Group Corp,CNE000001GL8,000100.SZ,China
TCL Zhonghuan Renewable Energy Technology Co Ltd,CNE1000000B8,002129.SZ,China
T&D Holdings Inc,JP3539220008,8795.T,Japan
TDK Corp,JP3538800008,6762.T,Japan
Tech Mahindra Ltd,INE669C01036,TECHM.NS,India
Technology One Ltd,AU000000TNE8,TNE.AX,Australia
Techtronic Industries Co Ltd,HK0669013440,0669.HK,Hong Kong
Teck Resources Ltd,CA8787422044,TECK-B.TO,Canada
TE Connectivity PLC,IE000IVNQZ81,TEL,United States
Tele2 AB,SE0005190238,TEL2-B.ST,Sweden
Telecom Italia SpA/Milano,IT0003497168,TIT.MI,Italy
Teledyne Technologies Inc,US8793601050,TDY,United States
Teleflex Inc,US8793691069,TFX,United States
Telefonaktiebolaget LM Ericsson,SE0000108656,ERIC-B.ST,Sweden
Telefonica Brasil SA,BRVIVTACNOR0,VIVT3.SA,Brazil
Telefonica Brasil SA,US87936R2058,US87936R2058.SG,Germany
Telefonica SA,ES0178430E18,TEF.MC,Spain
Telekom Malaysia Bhd,MYL4863OO006,4863.KL,Malaysia
Telenor ASA,NO0010063308,TEL.OL,Norway
Teleperformance SE,FR0000051807,TEP.PA,France
Telia Co AB,SE0000667925,TELIA.ST,Sweden
Telix Pharmaceuticals Ltd,AU000000TLX2,TLX.AX,Australia
Telkom Indonesia Persero Tbk PT,US7156841063,TLK,United States
Telkom Indonesia Persero Tbk PT,ID1000129000,TLKM.JK,Indonesia
Telstra Group Ltd,AU000000TLS2,TLS.AX,Australia
TELUS Corp,CA87971M9969,,
TELUS Corp,CA87971M1032,T.TO,Canada
Temenos AG,CH0012453913,TEMN.SW,Switzerland
Temple & Webster Group Ltd,AU000000TPW5,TPW.AX,Australia
Tenaga Nasional Bhd,MYL5347OO009,5347.KL,Malaysia
Tenaris SA,LU2598331598,TEN.MI,Italy
Tencent Holdings Ltd,KYG875721634,0700.HK,Hong Kong
Tencent Music Entertainment Group,US88034P1093,US88034P1093.SG,Germany
Teradyne Inc,US8807701029,TER,United States
Terna - Rete Elettrica Nazionale,IT0003242622,TRN.MI,Italy
Ternium SA,US8808901081,TX,United States
Terumo Corp,JP3546800008,4543.T,Japan
Tesco PLC,GB00BLGZ9862,TSCO.L,United Kingdom
Tesla Inc,US88160R1014,TSLA,United States
Tetra Tech Inc,US88162G1031,TTEK,United States
Teva Pharmaceutical Industries Ltd,US8816242098,TEVA,United States
Texas Instruments Inc,US8825081040,TXN,United States
Texas Pacific Land Corp,US88262P1021,TPL,United States
Textron Inc,US8832031012,TXT,United States
TFI International Inc,CA87241L1094,TFII.TO,Canada
Thai Oil PCL,TH0796010R11,TOP-R.BK,Thailand
Thales SA,FR0000121329,HO.PA,France
The Campbell's Company,US1344291091,CPB,United States
Thermax Ltd,INE152A01029,THERMAX.NS,India
Thermo Fisher Scientific Inc,US8835561023,TMO,United States
Thomson Reuters Corp,CA8849038085,TRI.TO,Canada
Tianqi Lithium Corp,CNE100000T32,002466.SZ,China
Tianshui Huatian Technology Co Ltd,CNE100000825,002185.SZ,China
TIM SA/Brazil,BRTIMSACNOR5,TIMS3.SA,Brazil
TIM SA/Brazil,US88706T1088,TIMBN.MX,Mexico
Tingyi Cayman Islands Holding Corp,KYG8878S1030,0322.HK,Hong Kong
TIS Inc,JP3104890003,3626.T,Japan
Titan Co Ltd,INE280A01028,TITAN.BO,India
TJX Cos Inc/The,US8725401090,TJX,United States
TMBThanachart Bank PCL,TH0068010R15,TTB-R.BK,Thailand
T-Mobile US Inc,US8725901040,TMUS,United States
TMX Group Ltd,CA87262K1057,X.TO,Canada
Toast Inc,US8887871080,TOST,United States
Toho Co Ltd/Tokyo,JP3598600009,9602.T,Japan
Tokio Marine Holdings Inc,JP3910660004,8766.T,Japan
Tokyo Electric Power Co Holdings Inc,JP3585800000,9501.T,Japan
Tokyo Electron Ltd,JP3571400005,8035.T,Japan
Tokyo Gas Co Ltd,JP3573000001,9531.T,Japan
Tokyu Corp,JP3574200006,9005.T,Japan
Tongcheng Travel Holdings Ltd,KYG8918W1069,KYG8918W1069.SG,Germany
Tongkun Group Co Ltd,CNE1000012X7,601233.SS,China
Tongling Nonferrous Metals Group Co Ltd,CNE000000529,000630.SZ,China
Tongwei Co Ltd,CNE000001GS3,600438.SS,China
TopBuild Corp,US89055F1030,BLD,United States
TOPPAN Holdings Inc,JP3629000005,7911.T,Japan
Toray Industries Inc,JP3621000003,3402.T,Japan
Toro Co/The,US8910921084,TTC,United States
Toromont Industries Ltd,CA8911021050,TIH.TO,Canada
Toronto-Dominion Bank/The,CA8911605092,TD,United States
Torrent Pharmaceuticals Ltd,INE685A01028,TORNTPHARM.BO,India
Torrent Power Ltd,INE813H01021,TORNTPOWER.NS,India
TotalEnergies SE,FR0000120271,TTE.PA,France
TOTO Ltd,JP3596200000,5332.T,Japan
TOTVS SA,BRTOTSACNOR8,TOTS3.SA,Brazil
Tourmaline Oil Corp,CA89156V1067,TOU.TO,Canada
Toyota Industries Corp,JP3634600005,JP3634600005.SG,Germany
Toyota Motor Corp,JP3633400001,7203.T,Japan
Toyota Tsusho Corp,JP3635000007,8015.T,Japan
TPG Telecom Ltd,AU0000090128,TPG.AX,Australia
Tractor Supply Co,US8923561067,TSCO,United States
Trade Desk Inc/The,US88339J1051,TTD,United States
Tradeweb Markets Inc,US8926721064,TW,United States
Trane Technologies PLC,IE00BK9ZQ967,TT,United States
TransDigm Group Inc,US8936411003,TDG,United States
TransUnion,US89400J1079,TRU,United States
Travelers Cos Inc/The,US89417E1091,TRV,United States
TravelSky Technology Ltd,CNE1000004J3,0696.HK,Hong Kong
Treasury Wine Estates Ltd,AU000000TWE9,TWE.AX,Australia
Trelleborg AB,SE0000114837,TREL-B.ST,Sweden
Trend Micro Inc/Japan,JP3637300009,4704.T,Japan
Trent Ltd,INE849A01020,TRENT.BO,India
Trimble Inc,US8962391004,TRMB,United States
Trina Solar Co Ltd,CNE100003ZR0,688599.SS,China
Trip.com Group Ltd,US89677Q1076,US89677Q1076.SG,Germany
Trip.com Group Ltd,KYG9066F1019,9961.HK,Hong Kong
T Rowe Price Group Inc,US74144T1088,TROW,United States
True Corp PCL,THB231010R11,TRUE-R.BK,Thailand
Truist Financial Corp,US89832Q1094,TFC,United States
Tryg A/S,DK0060636678,TRYG.CO,Denmark
Tsingtao Brewery Co Ltd,CNE0000009Y3,600600.SS,China
Tsingtao Brewery Co Ltd,CNE1000004K1,0168.HK,Hong Kong
Tuas Ltd,AU0000089724,TUA.AX,Australia
Tube Investments of India Ltd,INE974X01010,TIINDIA.NS,India
Turkcell Iletisim Hizmetleri AS,TRATCELL91M1,TCELL.IS,Turkey
Turk Hava Yollari AO,TRATHYAO91M5,THYAO.IS,Turkey
Turkiye Is Bankasi AS,TRAISCTR91N2,ISCTR.IS,Turkey
Turkiye Petrol Rafinerileri AS,TRATUPRS91E8,TUPRS.IS,Turkey
Turkiye Sise ve Cam Fabrikalari AS,TRASISEW91Q3,SISE.IS,Turkey
TVS Motor Co Ltd,INE494B01023,TVSMOTOR.BO,India
Twilio Inc,US90138F1021,TWLO,United States
Tyler Technologies Inc,US9022521051,TYL,United States
Tyro Payments Ltd,AU0000066508,TYR.AX,Australia
Tyson Foods Inc,US9024941034,TSN,United States
Uber Technologies Inc,US90353T1007,UBER,United States
Ubisoft Entertainment SA,FR0000054470,UBI.PA,France
UBS Group AG,CH0244767585,UBSG.SW,Switzerland
UCB SA,BE0003739530,UCB.BR,Belgium
U-Haul Holding Co,US0235865062,UHAL-B,United States
UL Solutions Inc,US9037311076,ULS,United States
Ulta Beauty Inc,US90384S3031,ULTA,United States
Ultrapar Participacoes SA,BRUGPAACNOR8,UGPA3.SA,Brazil
UltraTech Cement Ltd,INE481G01011,ULTRACEMCO.NS,India
Unibail-Rodamco-Westfield,AU0000009771,UNIRF,United States
Unicharm Corp,JP3951600000,8113.T,Japan
UniCredit SpA,IT0005239360,UCG.MI,Italy
Unigroup Guoxin Microelectronics Co Ltd,CNE000001M14,002049.SZ,China
Unilever Indonesia Tbk PT,ID1000095706,UNVR.JK,Indonesia
Unilever PLC,GB00B10RZP78,ULVR.L,United Kingdom
Unimicron Technology Corp,TW0003037008,3037.TW,Taiwan
Union Bank of India Ltd,INE692A01016,UNIONBANK.NS,India
Union Pacific Corp,US9078181081,UNP,United States
Uni-President Enterprises Corp,TW0001216000,1216.TW,Taiwan
Unisplendour Corp Ltd,CNE0000010T1,000938.SZ,China
United Airlines Holdings Inc,US9100471096,UAL,United States
UnitedHealth Group Inc,US91324P1021,UNH,United States
United Microelectronics Corp,TW0002303005,2303.TW,Taiwan
United Overseas Bank Ltd,SG1M31001969,U11.SI,Singapore
United Parcel Service Inc,US9113121068,UPS,United States
United Rentals Inc,US9113631090,URI,United States
United Spirits Ltd,INE854D01024,UNITDSPR.NS,India
United Therapeutics Corp,US91307C1027,UTHR,United States
United Utilities Group PLC,GB00B39J2M42,UU.L,United Kingdom
Universal Health Services Inc,US9139031002,UHS,United States
Universal Music Group NV,NL0015000IY2,UMG.AS,Netherlands
Universal Robina Corp,PHY9297P1004,,
Universal Store Holdings Ltd,AU0000113565,UNI.AX,Australia
UPL Ltd,INE628A01036,UPL.BO,India
UPM-Kymmene Oyj,FI0009005987,UPM.HE,Finland
US Bancorp,US9029733048,USB,United States
Valeo SE,FR0013176526,FR.PA,France
Valero Energy Corp,US91913Y1001,VLO,United States
Vale SA,BRVALEACNOR0,VALE3.SA,Brazil
Vale SA,US91912E1055,VALE,United States
Vanguard Australian Shares Index ETF,AU000000VAS1,VAS.AX,Australia
Vanguard FTSE All-World ex-US ETF,US9220427754,VEU,United States
Vanguard International Semiconductor Corp,TW0005347009,5347.TWO,Taiwan
Varun Beverages Ltd,INE200M01039,VBL.NS,India
VAT Group AG,CH0311864901,VACN.SW,Switzerland
Vault Minerals Ltd,AU0000355588,VAU.AX,Australia
Vedanta Ltd,INE205A01025,VEDL.NS,India
Veeva Systems Inc,US9224751084,VEEV,United States
Ventia Services Group Pty Ltd,AU0000184459,VNT.AX,Australia
Veolia Environnement SA,FR0000124141,VIE.PA,France
Veralto Corp,US92338C1036,VLTO,United States
Verbund AG,AT0000746409,VER.VI,Austria
VeriSign Inc,US92343E1029,VRSN,United States
Verisk Analytics Inc,US92345Y1064,VRSK,United States
Verizon Communications Inc,US92343V1044,VZ,United States
Vertex Pharmaceuticals Inc,US92532F1003,VRTX,United States
Vertiv Holdings Co,US92537N1081,VRT,United States
Vestas Wind Systems A/S,DK0061539921,VWS.CO,Denmark
Viatris Inc,US92556V1061,VTRS,United States
Vibra Energia SA,BRVBBRACNOR1,VBBR3.SA,Brazil
Vinci SA,FR0000125486,DG.PA,France
Vipshop Holdings Ltd,US92763W1036,VIPS,United States
Visa Inc,US92826C8394,V,United States
Vistra Corp,US92840M1027,VST,United States
Viva Energy Group Ltd,AU0000016875,VEA.AX,Australia
Vivendi SE,FR0000127771,VIV.PA,France
Vodacom Group Ltd,ZAE000132577,VOD.JO,South Africa
Vodafone Group PLC,GB00BH4HKS39,VOD.L,United Kingdom
Vodafone Idea Ltd,INE669E01016,IDEA.NS,India
Volkswagen AG,DE0007664039,VOW3.DE,Germany
Voltas Ltd,INE226A01021,VOLTAS.NS,India
Voltronic Power Technology Corp,TW0006409006,6409.TW,Taiwan
Volvo AB,SE0000115446,1VOLVB.MI,Italy
Volvo AB,SE0000115420,VOLV-A.ST,Sweden
Vonovia SE,DE000A1ML7J1,VNA.DE,Germany
Vulcan Energy Resources Ltd,AU0000066086,AU0000066086.SG,Germany
Vulcan Materials Co,US9291601097,VMC,United States
Vulcan Steel Ltd,AU0000181984,VSL.AX,Australia
WA1 Resources Ltd,AU0000196594,WA1.AX,Australia
Walgreens Boots Alliance Inc,US9314271084,,
Wal-Mart de Mexico SAB de CV,MX01WA000038,WALMEX.MX,Mexico
Walmart Inc,US9311421039,WMT,United States
Walsin Lihwa Corp,TW0001605004,1605.TW,Taiwan
Walt Disney Co/The,US2546871060,DIS,United States
Wan Hai Lines Ltd,TW0002615002,2615.TW,Taiwan
Wanhua Chemical Group Co Ltd,CNE0000016J9,600309.SS,China
Want Want China Holdings Ltd,KYG9431R1039,0151.HK,Hong Kong
Warner Bros Discovery Inc,US9344231041,WBD,United States
Wartsila OYJ Abp,FI0009003727,WRT1V.HE,Finland
Waste Connections Inc,CA94106B1013,WCN,United States
Waste Management Inc,US94106L1098,WM,United States
Waters Corp,US9418481035,WAT,United States
Watsco Inc,US9426222009,WSO,United States
Watts Water Technologies Inc,US9427491025,WTS,United States
Webjet Group Ltd,AU0000350118,WJL.AX,Australia
WEB Travel Group Ltd,AU000000WEB7,WEB.AX,Australia
WEC Energy Group Inc,US92939U1060,WEC,United States
Weebit Nano Ltd,AU000000WBT5,WBT.AX,Australia
WEG SA,BRWEGEACNOR0,WEGE3.SA,Brazil
Weichai Power Co Ltd,CNE1000004L9,2338.HK,Hong Kong
Weichai Power Co Ltd,CNE1000000D4,000338.SZ,China
Weihai Guangwei Composites Co Ltd,CNE1000034T9,300699.SZ,China
Wells Fargo & Co,US9497461015,WFC,United States
Wens Foodstuff Group Co Ltd,CNE100002508,300498.SZ,China
Wesfarmers Ltd,AU000000WES1,WES.AX,Australia
West African Resources Ltd,AU000000WAF6,WAF.AX,Australia
Western Digital Corp,US9581021055,WDC,United States
Western Superconducting Technologies Co Ltd,CNE100003MF3,688122.SS,China
Western Union Co/The,US9598021098,WU,United States
West Fraser Timber Co Ltd,CA9528451052,WFG.TO,Canada
Westgold Resources Ltd,AU000000WGX6,WGX.AX,Australia
Westinghouse Air Brake Technologies Corp,US9297401088,WAB,United States
West Japan Railway Co,JP3659000008,9021.T,Japan
Westlake Corp,US9604131022,WLK,United States
Westpac Banking Corp,AU000000WBC1,WBC.AX,Australia
West Pharmaceutical Services Inc,US9553061055,WST,United States
Wharf Holdings Ltd/The,HK0004000045,0004.HK,Hong Kong
Wharf Real Estate Investment Co Ltd,KYG9593A1040,1997.HK,Hong Kong
Wheaton Precious Metals Corp,CA9628791027,WPM.TO,Canada
WH Group Ltd,KYG960071028,0288.HK,Hong Kong
Whitbread PLC,GB00B1KJJ408,WTB.L,United Kingdom
Wildcat Resources Ltd,AU0000096828,WC8.AX,Australia
Williams Cos Inc/The,US9694571004,WMB,United States
Williams-Sonoma Inc,US9699041011,WSM,United States
Willis Towers Watson PLC,IE00BDB6Q211,WTW,United States
Will Semiconductor Co Ltd Shanghai,CNE100002XM8,603501.SS,China
Wilmar International Ltd,SG1T56930848,F34.SI,Singapore
Wingtech Technology Co Ltd,CNE000000M72,600745.SS,China
Wintime Energy Group Co Ltd,CNE000000WD4,600157.SS,China
Wipro Ltd,INE075A01022,WIPRO.BO,India
Wise PLC,GB00BL9YR756,WISE.L,United Kingdom
WiseTech Global Ltd,AU000000WTC3,AU000000WTC3.SG,Germany
Wistron Corp,TW0003231007,3231.TW,Taiwan
Wiwynn Corp,TW0006669005,6669.TW,Taiwan
Wix.com Ltd,IL0011301780,WIX,United States
Wolters Kluwer NV,NL0000395903,WKL.AS,Netherlands
Woodside Energy Group Ltd,AU0000224040,WDS.AX,Australia
Woolworths Group Ltd,AU000000WOW2,WOW.AX,Australia
Woolworths Holdings Ltd/South Africa,ZAE000063863,WHL.JO,South Africa
Woori Financial Group Inc,KR7316140003,316140.KS,South Korea
Workday Inc,US98138H1014,WDAY,United States
Worldline SA/France,FR0011981968,WLN.PA,France
Worley Ltd,AU000000WOR2,WOR.AX,Australia
WPG Holdings Ltd,TW0003702007,3702.TW,Taiwan
WPP PLC,JE00B8KF9B49,WPP.L,United Kingdom
W R Berkley Corp,US0844231029,WRB,United States
WSP Global Inc,CA92938W2022,WSP.TO,Canada
Wuhan Guide Infrared Co Ltd,CNE100000RK8,002414.SZ,China
Wuliangye Yibin Co Ltd,CNE000000VQ8,000858.SZ,China
WUS Printed Circuit Kunshan Co Ltd,CNE100000SP5,002463.SZ,China
WuXi AppTec Co Ltd,CNE100003F19,2359.HK,Hong Kong
WuXi AppTec Co Ltd,CNE1000031K4,603259.SS,China
Wuxi Biologics Cayman Inc,KYG970081173,2269.HK,Hong Kong
WW Grainger Inc,US3848021040,GWW,United States
Wynn Resorts Ltd,US9831341071,WYNN,United States
Xcel Energy Inc,US98389B1008,XEL,United States
XCMG Construction Machinery Co Ltd,CNE000000FH0,000425.SZ,China
Xero Ltd,NZXROE0001S2,XRO.AX,Australia
Xiamen C & D Inc,CNE000000WL7,600153.SS,China
Xiaomi Corp,KYG9830T1067,1810.HK,Hong Kong
Xinyi Solar Holdings Ltd,KYG9829N1025,0968.HK,Hong Kong
XPeng Inc,KYG982AW1003,9868.HK,Hong Kong
XP Inc,KYG982391099,XP,United States
Xylem Inc/NY,US98419M1009,XYL,United States
Yadea Group Holdings Ltd,KYG9830F1063,1585.HK,Hong Kong
Yageo Corp,TW0002327004,2327.TW,Taiwan
Yakult Honsha Co Ltd,JP3931600005,2267.T,Japan
Yamaha Motor Co Ltd,JP3942800008,7272.T,Japan
Yang Ming Marine Transport Corp,TW0002609005,2609.TW,Taiwan
Yangzijiang Shipbuilding Holdings Ltd,SG1U76934819,BS6.SI,Singapore
Yantai Jereh Oilfield Services Group Co Ltd,CNE100000L55,002353.SZ,China
Yapi ve Kredi Bankasi AS,TRAYKBNK91N6,YKBNK.IS,Turkey
Yara International ASA,NO0010208051,YAR.OL,Norway
Yaskawa Electric Corp,JP3932000007,6506.T,Japan
Yealink Network Technology Corp Ltd,CNE100002PC5,300628.SZ,China
Yes Bank Ltd,INE528G01035,YESBANK.NS,India
Yifeng Pharmacy Chain Co Ltd,CNE100001TS5,603939.SS,China
Yihai Kerry Arawana Holdings Co Ltd,CNE1000048D3,300999.SZ,China
Yokogawa Electric Corp,JP3955000009,6841.T,Japan
Yonyou Network Technology Co Ltd,CNE0000017Y6,600588.SS,China
Youngor Fashion Co Ltd,CNE000000XR2,600177.SS,China
YTL Corp Bhd,MYL4677OO000,4677.KL,Malaysia
YTL Power International Bhd,MYL6742OO000,6742.KL,Malaysia
YTO Express Group Co Ltd,CNE0000012J8,600233.SS,China
Yuanta Financial Holding Co Ltd,TW0002885001,2885.TW,Taiwan
Yuhan Corp,KR7000100008,000100.KS,South Korea
Yum! Brands Inc,US9884981013,YUM,United States
Yum China Holdings Inc,US98850P1093,YUMC,United States
Yunnan Aluminium Co Ltd,CNE000000VG9,000807.SZ,China
Yunnan Baiyao Group Co Ltd,CNE0000008X7,000538.SZ,China
Yutong Bus Co Ltd,CNE000000PY4,600066.SS,China
Zalando SE,DE000ZAL1111,ZAL.DE,Germany
Zangge Mining Co Ltd,CNE000000L08,000408.SZ,China
Zealand Pharma A/S,DK0060257814,ZEAL.CO,Denmark
Zebra Technologies Corp,US9892071054,ZBRA,United States
Zensho Holdings Co Ltd,JP3429300001,7550.T,Japan
Zhangzhou Pientzehuang Pharmaceutical Co Ltd,CNE000001F21,600436.SS,China
Zhaojin Mining Industry Co Ltd,CNE1000004R6,1818.HK,Hong Kong
Zhejiang China Commodities City Group Co Ltd,CNE000001BC8,600415.SS,China
Zhejiang Chint Electrics Co Ltd,CNE100000KD8,601877.SS,China
Zhejiang Dahua Technology Co Ltd,CNE100000BJ4,002236.SZ,China
Zhejiang Dingli Machinery Co Ltd,CNE1000023M7,603338.SS,China
Zhejiang Expressway Co Ltd,CNE1000004S4,0576.HK,Hong Kong
Zhejiang Huahai Pharmaceutical Co Ltd,CNE000001DL5,600521.SS,China
Zhejiang Huayou Cobalt Co Ltd,CNE100001VW3,603799.SS,China
Zhejiang Jingsheng Mechanical & Electrical Co Ltd,CNE100001DJ8,300316.SZ,China
Zhejiang Juhua Co Ltd,CNE000000WQ6,600160.SS,China
Zhejiang Leapmotor Technology Co Ltd,CNE100005K77,9863.HK,Hong Kong
Zhejiang NHU Co Ltd,CNE000001J84,002001.SZ,China
Zhejiang Sanhua Intelligent Controls Co Ltd,CNE000001M22,002050.SZ,China
Zhejiang Supor Co Ltd,CNE000001KS5,002032.SZ,China
Zhejiang Wanfeng Auto Wheel Co Ltd,CNE000001PF1,002085.SZ,China
Zhejiang Weiming Environment Protection Co Ltd,CNE1000023N5,603568.SS,China
Zhejiang Zheneng Electric Power Co Ltd,CNE100001SP3,600023.SS,China
Zhen Ding Technology Holding Ltd,KYG989221000,4958.TW,Taiwan
Zheshang Securities Co Ltd,CNE100002R65,601878.SS,China
Zhongji Innolight Co Ltd,CNE100001CY9,300308.SZ,China
Zhongjin Gold Corp Ltd,CNE000001FM8,600489.SS,China
Zhongsheng Group Holdings Ltd,KYG9894K1085,KYG9894K1085.SG,Germany
Zhuzhou CRRC Times Electric Co Ltd,CNE1000004X4,3898.HK,Hong Kong
Zhuzhou CRRC Times Electric Co Ltd,CNE100004QK2,688187.SS,China
Zijin Mining Group Co Ltd,CNE100000502,2899.HK,Hong Kong
Zijin Mining Group Co Ltd,CNE100000B24,601899.SS,China
Zillow Group Inc,US98954M2008,Z,United States
Zimmer Biomet Holdings Inc,US98956P1021,ZBH,United States
Zip Co Ltd,AU0000218307,ZIP.AX,Australia
Zoetis Inc,US98978V1035,ZTS,United States
Zomato Ltd,INE758T01015,ETERNAL.NS,India
Zoom Communications Inc,US98980L1017,ZM,United States
Zoomlion Heavy Industry Science and Technology Co Ltd,CNE000001527,000157.SZ,China
ZOZO Inc,JP3399310006,3092.T,Japan
Zscaler Inc,US98980G1022,ZS,United States
ZTE Corp,CNE000000TK5,000063.SZ,China
ZTE Corp,CNE1000004Y2,0763.HK,Hong Kong
ZTO Express Cayman Inc,KYG9897K1058,KYG9897K1058.SG,Germany
Zurich Insurance Group AG,CH0011075394,ZURN.SW,Switzerland
Zydus Lifesciences Ltd,INE010B01027,ZYDUSLIFE.NS,India
APA Group,AU000000APA1,APA.AX,Australia
Atlas Arteria Ltd,AU0000013559,ALX.AX,Australia
Dalrymple Bay Infrastructure Ltd,AU0000120628,DBI.AX,Australia
Energisa S/A,BRENGICDAM16,ENGI11.SA,Brazil
HKT Trust & HKT Ltd,HK0000093390,6823.HK,Hong Kong
Transurban Group,AU000000TCL6,TCL.AX,Australia
Abacus Group,AU0000291882,ABG.AX,Australia
Abacus Storage King,AU0000286213,ASK.AX,Australia
Alexandria Real Estate Equities Inc,US0152711091,ARE,United States
American Homes 4 Rent,US02665T3068,AMH,United States
American Tower Corp,US03027X1000,AMT,United States
Arena REIT,AU000000ARF6,ARF.AX,Australia
AvalonBay Communities Inc,US0534841012,AVB,United States
BWP Trust,AU000000BWP3,BWP.AX,Australia
BXP Inc,US1011211018,BXP,United States
Camden Property Trust,US1331311027,CPT,United States
Canadian Apartment Properties REIT,CA1349211054,CAR-UN.TO,Canada
CapitaLand Ascendas REIT,SG1M77906915,A17U.SI,Singapore
CapitaLand Integrated Commercial Trust,SG1M51904654,C38U.SI,Singapore
Centuria Capital Group,AU000000CNI5,CNI.AX,Australia
Centuria Industrial REIT,AU000000CIP0,CIP.AX,Australia
Centuria Office REIT,AU0000077893,COF.AX,Australia
Charter Hall Group,AU000000CHC0,CHC.AX,Australia
Charter Hall Long Wale REIT,AU000000CLW0,CLW.AX,Australia
Charter Hall Retail REIT,AU000000CQR9,CQR.AX,Australia
Charter Hall Social Infrastructure REIT,AU0000030645,CQE.AX,Australia
Covivio SA/France,FR0000064578,COV.PA,France
Cromwell Property Group,AU000000CMW8,CMW.AX,Australia
Crown Castle Inc,US22822V1017,CCI,United States
Dexus,AU000000DXS1,DXS.AX,Australia
Dexus Industria REIT,AU0000192833,DXI.AX,Australia
DigiCo Infrastructure REIT,AU0000367088,DGT.AX,Australia
Digital Realty Trust Inc,US2538681030,DLR,United States
Equinix Inc,US29444U7000,EQIX,United States
Equity LifeStyle Properties Inc,US29472R1086,ELS,United States
Equity Residential,US29476L1070,EQR,United States
Essex Property Trust Inc,US2971781057,ESS,United States
Extra Space Storage Inc,US30225T1025,EXR,United States
Fibra Uno Administracion SA de CV,MXCFFU000001,FUNO11.MX,Mexico
Gaming and Leisure Properties Inc,US36467J1088,GLPI,United States
Gecina SA,FR0010040865,GFC.PA,France
Goodman Group,AU000000GMG2,GMG.AX,Australia
GPT Group/The,AU000000GPT8,GPT.AX,Australia
Growthpoint Properties Australia Ltd,AU000000GOZ8,GOZ.AX,Australia
HealthCo REIT,AU0000169302,HCW.AX,Australia
Healthpeak Properties Inc,US42250P1030,DOC,United States
HomeCo Daily Needs REIT,AU0000113136,HDN.AX,Australia
Host Hotels & Resorts Inc,US44107P1049,HST,United States
Ingenia Communities Group,AU000000INA9,INA.AX,Australia
Invitation Homes Inc,US46187W1071,INVH,United States
Iron Mountain Inc,US46284V1017,IRM,United States
Japan Real Estate Investment Corp,JP3027680002,8952.T,Japan
Kimco Realty Corp,US49446R1095,KIM,United States
Klepierre SA,FR0000121964,LI.PA,France
Land Securities Group PLC,GB00BYW0PQ60,LAND.L,United Kingdom
Lendlease Corp Ltd,AU000000LLC3,LLC.AX,Australia
Link REIT,HK0823032773,0823.HK,Hong Kong
Mid-America Apartment Communities Inc,US59522J1034,MAA,United States
Mirvac Group,AU000000MGR9,MGR.AX,Australia
National Storage REIT,AU000000NSR2,NSR.AX,Australia
Nippon Building Fund Inc,JP3027670003,8951.T,Japan
Prologis Inc,US74340W1036,PLD,United States
Prologis Property Mexico SA de CV,MXCFFI170008,FIBRAPL14.MX,Mexico
Public Storage,US74460D1090,PSA,United States
Realty Income Corp,US7561091049,O,United States
Regency Centers Corp,US7588491032,REG,United States
Region RE Ltd,AU0000253502,RGN.AX,Australia
Rural Funds Trust,AU000000RFF5,RFF.AX,Australia
SBA Communications Corp,US78410G1040,SBAC,United States
Scentre Group,AU000000SCG8,SCG.AX,Australia
Segro PLC,GB00B5ZN1N88,SGRO.L,United Kingdom
Simon Property Group Inc,US8288061091,SPG,United States
Stockland,AU000000SGP0,SGP.AX,Australia
Sun Communities Inc,US8666741041,SUI,United States
UDR Inc,US9026531049,UDR,United States
Unibail-Rodamco-Westfield,FR0013326246,URW.PA,France
Ventas Inc,US92276F1003,VTR,United States
Vicinity Ltd,AU000000VCX7,VCX.AX,Australia
VICI Properties Inc,US9256521090,VICI,United States
Warehouses De Pauw CVA,BE0974349814,WDP.BR,Belgium
Waypoint REIT Ltd,AU0000088064,WPR.AX,Australia
Welltower Inc,US95040Q1040,WELL,United States
Weyerhaeuser Co,US9621661043,WY,United States
WP Carey Inc,US92936U1097,WPC,United States
