Effective Date,Fund Name,Option Name,Asset Class Name,Int/Ext,Name/Kind of Investment Item,Currency,Stock ID,ID Type,Listed Country,Sector,Industry,Units Held,% Ownership,Address,Value (AUD),Weighting
12/31/2024,NGS,Balanced Growth,CASH,1,MACQUARIE GROUP LTD.,AUD,,,,,,,,-,105326287,0.0101
12/31/2024,NGS,Balanced Growth,CASH,1,STATE STREET BANK AND TRUST,AUD,,,,,,,,-,45796134,0.0044
12/31/2024,NGS,Balanced Growth,CASH,1,STATE STREET BANK AND TRUST,USD,,,,,,,,-,44732444,0.0043
12/31/2024,NGS,Balanced Growth,CASH,1,UBS AG,USD,,,,,,,,-,38266542,0.0037
12/31/2024,NGS,Balanced Growth,CASH,1,STATE STREET BANK AND TRUST,EUR,,,,,,,,-,13682413,0.0013
12/31/2024,NGS,Balanced Growth,CASH,1,BARCLAYS BANK PLC,USD,,,,,,,,-,7020216,0.0007
12/31/2024,NGS,Balanced Growth,CASH,1,UBS AG,AUD,,,,,,,,-,6152880,0.0006
12/31/2024,NGS,Balanced Growth,CASH,1,THE BANK OF NEW YORK MELLON,AUD,,,,,,,,-,5827238,0.0006
12/31/2024,NGS,Balanced Growth,CASH,1,STATE STREET BANK AND TRUST,GBP,,,,,,,,-,1772395,0.0002
12/31/2024,NGS,Balanced Growth,CASH,1,AUSTRALIA AND NEW ZEALAND BANKING GROUP LIMITED,USD,,,,,,,,-,1037977,0.0001
12/31/2024,NGS,Balanced Growth,CASH,1,STATE STREET BANK AND TRUST,RUB,,,,,,,,-,793015,0.0001
12/31/2024,NGS,Balanced Growth,CASH,1,STATE STREET BANK AND TRUST,CAD,,,,,,,,-,776292,0.0001
12/31/2024,NGS,Balanced Growth,CASH,1,"CITIGROUP, INC.",USD,,,,,,,,-,745393,0.0001
12/31/2024,NGS,Balanced Growth,CASH,1,STATE STREET BANK AND TRUST,HKD,,,,,,,,-,685915,0.0001
12/31/2024,NGS,Balanced Growth,CASH,1,STATE STREET BANK AND TRUST,JPY,,,,,,,,-,574430,0.0001
12/31/2024,NGS,Balanced Growth,CASH,1,STATE STREET BANK AND TRUST,TWD,,,,,,,,-,573364,0.0001
12/31/2024,NGS,Balanced Growth,CASH,1,STATE STREET BANK AND TRUST,CNH,,,,,,,,-,488017,0
12/31/2024,NGS,Balanced Growth,CASH,1,UBS AG,EUR,,,,,,,,-,484462,0
12/31/2024,NGS,Balanced Growth,CASH,1,"GOLDMAN SACHS GROUP, INC.",AUD,,,,,,,,-,467003,0
12/31/2024,NGS,Balanced Growth,CASH,1,JPMORGAN CHASE & CO,USD,,,,,,,,-,445341,0
12/31/2024,NGS,Balanced Growth,CASH,1,MACQUARIE GROUP LTD.,USD,,,,,,,,-,440388,0
12/31/2024,NGS,Balanced Growth,CASH,1,STATE STREET BANK AND TRUST,NOK,,,,,,,,-,421462,0
12/31/2024,NGS,Balanced Growth,CASH,1,"CITIGROUP, INC.",AUD,,,,,,,,-,366164,0
12/31/2024,NGS,Balanced Growth,CASH,1,STATE STREET BANK AND TRUST,SGD,,,,,,,,-,283103,0
12/31/2024,NGS,Balanced Growth,CASH,1,STATE STREET BANK AND TRUST,DKK,,,,,,,,-,253486,0
12/31/2024,NGS,Balanced Growth,CASH,1,STATE STREET BANK AND TRUST,SEK,,,,,,,,-,235632,0
12/31/2024,NGS,Balanced Growth,CASH,1,JPMORGAN CHASE & CO,AUD,,,,,,,,-,199039,0
12/31/2024,NGS,Balanced Growth,CASH,1,STATE STREET BANK AND TRUST,CHF,,,,,,,,-,188400,0
12/31/2024,NGS,Balanced Growth,CASH,1,"GOLDMAN SACHS GROUP, INC.",USD,,,,,,,,-,177152,0
12/31/2024,NGS,Balanced Growth,CASH,1,JPMORGAN CHASE & CO,GBP,,,,,,,,-,175580,0
12/31/2024,NGS,Balanced Growth,CASH,1,ROYAL BANK OF CANADA,AUD,,,,,,,,-,146672,0
12/31/2024,NGS,Balanced Growth,CASH,1,STATE STREET BANK AND TRUST,ILS,,,,,,,,-,139459,0
12/31/2024,NGS,Balanced Growth,CASH,1,STATE STREET BANK AND TRUST,ZAR,,,,,,,,-,60771,0
12/31/2024,NGS,Balanced Growth,CASH,1,HONGKONG & SHANGHAI BANKING CORP. LTD.,USD,,,,,,,,-,56638,0
12/31/2024,NGS,Balanced Growth,CASH,1,JPMORGAN CHASE & CO,EUR,,,,,,,,-,53908,0
12/31/2024,NGS,Balanced Growth,CASH,1,UBS AG,JPY,,,,,,,,-,40500,0
12/31/2024,NGS,Balanced Growth,CASH,1,STATE STREET BANK AND TRUST,BRL,,,,,,,,-,36402,0
12/31/2024,NGS,Balanced Growth,CASH,1,STATE STREET BANK AND TRUST,NZD,,,,,,,,-,31049,0
12/31/2024,NGS,Balanced Growth,CASH,1,STATE STREET BANK AND TRUST,SAR,,,,,,,,-,22048,0
12/31/2024,NGS,Balanced Growth,CASH,1,MORGAN STANLEY,USD,,,,,,,,-,21808,0
12/31/2024,NGS,Balanced Growth,CASH,1,STATE STREET BANK AND TRUST,PHP,,,,,,,,-,9219,0
12/31/2024,NGS,Balanced Growth,CASH,1,"CITIGROUP, INC.",CAD,,,,,,,,-,8112,0
12/31/2024,NGS,Balanced Growth,CASH,1,STATE STREET BANK AND TRUST,AED,,,,,,,,-,7597,0
12/31/2024,NGS,Balanced Growth,CASH,1,STATE STREET BANK AND TRUST,MXN,,,,,,,,-,6517,0
12/31/2024,NGS,Balanced Growth,CASH,1,STATE STREET BANK AND TRUST,INR,,,,,,,,-,3991,0
12/31/2024,NGS,Balanced Growth,CASH,1,STATE STREET BANK AND TRUST,TRY,,,,,,,,-,3156,0
12/31/2024,NGS,Balanced Growth,CASH,1,STATE STREET BANK AND TRUST,THB,,,,,,,,-,3006,0
12/31/2024,NGS,Balanced Growth,CASH,1,STATE STREET BANK AND TRUST,PLN,,,,,,,,-,2876,0
12/31/2024,NGS,Balanced Growth,CASH,1,STATE STREET BANK AND TRUST,CLP,,,,,,,,-,1046,0
12/31/2024,NGS,Balanced Growth,CASH,1,STATE STREET BANK AND TRUST,MYR,,,,,,,,-,496,0
12/31/2024,NGS,Balanced Growth,CASH,1,STATE STREET BANK AND TRUST,RON,,,,,,,,-,464,0
12/31/2024,NGS,Balanced Growth,CASH,1,STATE STREET BANK AND TRUST,HUF,,,,,,,,-,309,0
12/31/2024,NGS,Balanced Growth,CASH,1,STATE STREET BANK AND TRUST,KRW,,,,,,,,-,80,0
12/31/2024,NGS,Balanced Growth,CASH,1,STATE STREET BANK AND TRUST,COP,,,,,,,,-,6,0
12/31/2024,NGS,Balanced Growth,CASH,1,"CITIGROUP, INC.",GBP,,,,,,,,-,-14,0
12/31/2024,NGS,Balanced Growth,CASH,1,"CITIGROUP, INC.",JPY,,,,,,,,-,-10337,0
12/31/2024,NGS,Balanced Growth,CASH,1,JPMORGAN CHASE & CO,CAD,,,,,,,,-,-59791,0
12/31/2024,NGS,Balanced Growth,CASH,1,"CITIGROUP, INC.",EUR,,,,,,,,-,-332689,0
12/31/2024,NGS,Balanced Growth,CASH,1,STATE STREET BANK AND TRUST,CNY,,,,,,,,-,-489836,0
12/31/2024,NGS,Balanced Growth,CASH,1,THE BANK OF NEW YORK MELLON,USD,,,,,,,,-,-1157704,-0.0001
12/31/2024,NGS,Balanced Growth,CASH,1,SUB TOTAL,,,,,,,,,,276993923,0.0265
12/31/2024,NGS,Balanced Growth,FIXED INCOME,0,COMMONWEALTH BANK OF AUSTRALIA,-,,,,,,,,-,34308473,0.0033
12/31/2024,NGS,Balanced Growth,FIXED INCOME,0,WESTPAC BANKING CORPORATION,-,,,,,,,,-,28204023,0.0027
12/31/2024,NGS,Balanced Growth,FIXED INCOME,0,GOLDMAN SACHS BANK USA,-,,,,,,,,-,11777123,0.0011
12/31/2024,NGS,Balanced Growth,FIXED INCOME,0,P&N BANK LTD.,-,,,,,,,,-,10531667,0.001
12/31/2024,NGS,Balanced Growth,FIXED INCOME,0,HERITAGE & PEOPLE'S CHOICE LTD.,-,,,,,,,,-,7877373,0.0008
12/31/2024,NGS,Balanced Growth,FIXED INCOME,0,BEYOND BANK AUSTRALIA LTD.,-,,,,,,,,-,4456296,0.0004
12/31/2024,NGS,Balanced Growth,FIXED INCOME,0,NATIONAL AUSTRALIA BANK LIMITED,-,,,,,,,,-,3519677,0.0003
12/31/2024,NGS,Balanced Growth,FIXED INCOME,0,RACQ BANK,-,,,,,,,,-,1676036,0.0002
12/31/2024,NGS,Balanced Growth,FIXED INCOME,0,TEACHERS MUTUAL BANK LTD.,-,,,,,,,,-,838018,0.0001
12/31/2024,NGS,Balanced Growth,FIXED INCOME,0,SUB TOTAL,,,,,,,,,,103188686,0.0099
12/31/2024,NGS,Balanced Growth,FIXED INCOME,1,IFM INVESTORS PTY LTD,-,,,,,,,,-,324782617,0.0311
12/31/2024,NGS,Balanced Growth,FIXED INCOME,1,BLACKSTONE CREDIT SYSTEMATIC STRATEGIES LLC,-,,,,,,,,-,187709998,0.018
12/31/2024,NGS,Balanced Growth,FIXED INCOME,1,BRIDGEPOINT ADVISERS LIMITED,-,,,,,,,,-,130292492,0.0125
12/31/2024,NGS,Balanced Growth,FIXED INCOME,1,J.P. MORGAN ASSET MANAGEMENT AUSTRALIA LIMITED,-,,,,,,,,-,118541944,0.0114
12/31/2024,NGS,Balanced Growth,FIXED INCOME,1,BLUE OWL CAPITAL INC,-,,,,,,,,-,87821659,0.0084
12/31/2024,NGS,Balanced Growth,FIXED INCOME,1,"BRANDYWINE GLOBAL INVESTMENT MANAGEMENT, LLC",-,,,,,,,,-,80656724,0.0077
12/31/2024,NGS,Balanced Growth,FIXED INCOME,1,ALCEON GROUP PTY LIMITED,-,,,,,,,,-,72767307,0.007
12/31/2024,NGS,Balanced Growth,FIXED INCOME,1,MADISON REALTY CAPITAL,-,,,,,,,,-,65860950,0.0063
12/31/2024,NGS,Balanced Growth,FIXED INCOME,1,KENNEDY LEWIS INVESTMENT MANAGEMENT LLC,-,,,,,,,,-,53021197,0.0051
12/31/2024,NGS,Balanced Growth,FIXED INCOME,1,MONROE CAPITAL,-,,,,,,,,-,15468617,0.0015
12/31/2024,NGS,Balanced Growth,FIXED INCOME,1,CHALLENGER INVESTMENT SOLUTIONS MANAGEMENT PTY LTD,-,,,,,,,,-,8656188,0.0008
12/31/2024,NGS,Balanced Growth,FIXED INCOME,1,SOCIAL VENTURES AUSTRALIA LIMITED,-,,,,,,,,-,1104512,0.0001
12/31/2024,NGS,Balanced Growth,FIXED INCOME,1,MACQUARIE INVESTMENT MANAGEMENT LTD,-,,,,,,,,-,738000,0.0001
12/31/2024,NGS,Balanced Growth,FIXED INCOME,1,STATE STREET BANK AND TRUST COMPANY,-,,,,,,,,-,76462,0
12/31/2024,NGS,Balanced Growth,FIXED INCOME,1,SUB TOTAL,,,,,,,,,,1147498667,0.11
12/31/2024,NGS,Balanced Growth,LISTED EQUITY,1,COMMONWEALTH BANK OF AUSTRALIA,-,CBA AU,BB Ticker,Australia,Industrials,Electrical Equipment & Parts,1380991,,-,211636910,0.0203
12/31/2024,NGS,Balanced Growth,LISTED EQUITY,1,BHP GROUP LTD.,-,BHP AU,BB Ticker,Australia,Basic Materials,Other Industrial Metals & Mining,4451394,,-,176052619,0.0169
12/31/2024,NGS,Balanced Growth,LISTED EQUITY,1,"AMAZON.COM, INC.",-,AMZN US,BB Ticker,United States,Consumer Cyclical,Internet Retail,415725,,-,147308157,0.0141
12/31/2024,NGS,Balanced Growth,LISTED EQUITY,1,CSL LTD.,-,CSL AU,BB Ticker,Australia,Industrials,Building Products & Equipment,446807,,-,125811778,0.0121
12/31/2024,NGS,Balanced Growth,LISTED EQUITY,1,"APPLE, INC.",-,AAPL US,BB Ticker,United States,Technology,Consumer Electronics,311030,,-,125798344,0.0121
12/31/2024,NGS,Balanced Growth,LISTED EQUITY,1,NVIDIA CORP.,-,NVDA US,BB Ticker,United States,Technology,Semiconductors,531084,,-,115188947,0.011
12/31/2024,NGS,Balanced Growth,LISTED EQUITY,1,MICROSOFT CORP.,-,MSFT US,BB Ticker,United States,Technology,Software - Infrastructure,167880,,-,114288868,0.011
12/31/2024,NGS,Balanced Growth,LISTED EQUITY,1,NATIONAL AUSTRALIA BANK LTD.,-,NAB AU,BB Ticker,Australia,Energy,Oil & Gas Drilling,2891304,,-,107267364,0.0103
12/31/2024,NGS,Balanced Growth,LISTED EQUITY,1,WESTPAC BANKING CORP.,-,WBC AU,BB Ticker,Australia,,,2758267,,-,89147206,0.0085
12/31/2024,NGS,Balanced Growth,LISTED EQUITY,1,ANZ GROUP HOLDINGS LTD.,-,ANZ AU,BB Ticker,Australia,Financial Services,Banks - Diversified,3087554,,-,88118806,0.0084
12/31/2024,NGS,Balanced Growth,LISTED EQUITY,1,MACQUARIE GROUP LTD.,-,MQG AU,BB Ticker,Australia,Financial Services,Capital Markets,375109,,-,83142856,0.008
12/31/2024,NGS,Balanced Growth,LISTED EQUITY,1,WESFARMERS LTD.,-,WES AU,BB Ticker,Australia,Energy,Oil & Gas Midstream,792550,,-,56691075,0.0054
12/31/2024,NGS,Balanced Growth,LISTED EQUITY,1,"ALPHABET, INC.",-,GOOGL US,BB Ticker,United States,Communication Services,Internet Content & Information,178629,,-,54614525,0.0052
12/31/2024,NGS,Balanced Growth,LISTED EQUITY,1,"META PLATFORMS, INC.",-,META US,BB Ticker,United States,Communication Services,Internet Content & Information,52769,,-,49901742,0.0048
12/31/2024,NGS,Balanced Growth,LISTED EQUITY,1,QBE INSURANCE GROUP LTD.,-,QBE AU,BB Ticker,Australia,Financial Services,Insurance - Property & Casualty,2361488,,-,45340546,0.0043
12/31/2024,NGS,Balanced Growth,LISTED EQUITY,1,RIO TINTO LTD.,-,RIO AU,BB Ticker,Australia,Basic Materials,Other Industrial Metals & Mining,381048,,-,44757700,0.0043
12/31/2024,NGS,Balanced Growth,LISTED EQUITY,1,ARISTOCRAT LEISURE LTD.,-,ALL AU,BB Ticker,Australia,Financial Services,Insurance - Property & Casualty,645820,,-,44148228,0.0042
12/31/2024,NGS,Balanced Growth,LISTED EQUITY,1,TELSTRA GROUP LTD.,-,TLS AU,BB Ticker,Australia,Technology,Software - Infrastructure,10787103,,-,43256285,0.0041
12/31/2024,NGS,Balanced Growth,LISTED EQUITY,1,"TESLA, INC.",-,TSLA US,BB Ticker,United States,Consumer Cyclical,Auto Manufacturers,61788,,-,40300676,0.0039
12/31/2024,NGS,Balanced Growth,LISTED EQUITY,1,COLES GROUP LTD.,-,COL AU,BB Ticker,Australia,Consumer Defensive,Beverages - Non-Alcoholic,1755222,,-,33156118,0.0032
12/31/2024,NGS,Balanced Growth,LISTED EQUITY,1,"BROADCOM, INC.",-,AVGO US,BB Ticker,United States,Technology,Semiconductors,85091,,-,31862108,0.0031
12/31/2024,NGS,Balanced Growth,LISTED EQUITY,1,COCHLEAR LTD.,-,COH AU,BB Ticker,Australia,Technology,Scientific & Technical Instruments,108542,,-,31464208,0.003
12/31/2024,NGS,Balanced Growth,LISTED EQUITY,1,"ALPHABET, INC.",-,GOOG US,BB Ticker,United States,Communication Services,Internet Content & Information,99525,,-,30612206,0.0029
12/31/2024,NGS,Balanced Growth,LISTED EQUITY,1,XERO LTD.,-,XRO AU,BB Ticker,Australia,Technology,Software - Application,180695,,-,30457952,0.0029
12/31/2024,NGS,Balanced Growth,LISTED EQUITY,1,SUNCORP GROUP LTD.,-,SUN AU,BB Ticker,Australia,Energy,Oil & Gas Refining & Marketing,1550581,,-,29476557,0.0028
12/31/2024,NGS,Balanced Growth,LISTED EQUITY,1,FORTESCUE LTD.,-,FMG AU,BB Ticker,Australia,Basic Materials,Other Industrial Metals & Mining,1534837,,-,28010759,0.0027
12/31/2024,NGS,Balanced Growth,LISTED EQUITY,1,JAMES HARDIE INDUSTRIES PLC,-,JHX AU,BB Ticker,Australia,Basic Materials,Building Materials,545580,,-,27317130,0.0026
12/31/2024,NGS,Balanced Growth,LISTED EQUITY,1,WISETECH GLOBAL LTD.,-,WTC AU,BB Ticker,Australia,,,221526,,-,26817808,0.0026
12/31/2024,NGS,Balanced Growth,LISTED EQUITY,1,TRANSURBAN GROUP,-,TCL AU,BB Ticker,Australia,,,1953116,,-,26152214,0.0025
12/31/2024,NGS,Balanced Growth,LISTED EQUITY,1,WOOLWORTHS GROUP LTD.,-,WOW AU,BB Ticker,Australia,Communication Services,Telecom Services,850887,,-,25943551,0.0025
12/31/2024,NGS,Balanced Growth,LISTED EQUITY,1,TAIWAN SEMICONDUCTOR MANUFACTURING CO. LTD.,-,2330 TT,SEDOL,Taiwan,,,484416,,-,25654440,0.0025
12/31/2024,NGS,Balanced Growth,LISTED EQUITY,1,"VISA, INC.",-,V US,BB Ticker,United States,Financial Services,Credit Services,48957,,-,24989499,0.0024
12/31/2024,NGS,Balanced Growth,LISTED EQUITY,1,JPMORGAN CHASE & CO.,-,JPM US,BB Ticker,United States,Financial Services,Banks - Diversified,59547,,-,23054297,0.0022
12/31/2024,NGS,Balanced Growth,LISTED EQUITY,1,"RESMED, INC.",-,RMD AU,BB Ticker,Australia,Healthcare,Medical Instruments & Supplies,594243,,-,21850321,0.0021
12/31/2024,NGS,Balanced Growth,LISTED EQUITY,1,NORTHERN STAR RESOURCES LTD.,-,NST AU,BB Ticker,Australia,Basic Materials,Gold,1359554,,-,20991522,0.002
12/31/2024,NGS,Balanced Growth,LISTED EQUITY,1,BRAMBLES LTD.,-,BXB AU,BB Ticker,Australia,Industrials,Specialty Business Services,1090782,,-,20986639,0.002
12/31/2024,NGS,Balanced Growth,LISTED EQUITY,1,ANSELL LTD.,-,ANN AU,BB Ticker,Australia,,,618885,,-,20930702,0.002
12/31/2024,NGS,Balanced Growth,LISTED EQUITY,1,"MASTERCARD, INC.",-,MA US,BB Ticker,United States,Financial Services,Credit Services,24315,,-,20678891,0.002
12/31/2024,NGS,Balanced Growth,LISTED EQUITY,1,COMPUTERSHARE LTD.,-,CPU AU,BB Ticker,Australia,,,603535,,-,20490032,0.002
12/31/2024,NGS,Balanced Growth,LISTED EQUITY,1,"BLOCK, INC.",-,SQ2 AU,BB Ticker,Australia,,,144072,,-,20311340,0.0019
12/31/2024,NGS,Balanced Growth,LISTED EQUITY,1,"SERVICENOW, INC.",-,NOW US,BB Ticker,United States,Technology,Software - Application,11615,,-,19886785,0.0019
12/31/2024,NGS,Balanced Growth,LISTED EQUITY,1,ELI LILLY & CO.,-,LLY US,BB Ticker,United States,Healthcare,Drug Manufacturers - General,15340,,-,19126512,0.0018
12/31/2024,NGS,Balanced Growth,LISTED EQUITY,1,QANTAS AIRWAYS LTD.,-,QAN AU,BB Ticker,Australia,Industrials,Airlines,1922473,,-,17244581,0.0017
12/31/2024,NGS,Balanced Growth,LISTED EQUITY,1,FISHER & PAYKEL HEALTHCARE CORP. LTD.,-,FPH AU,BB Ticker,Australia,Real Estate,Real Estate - Development,490918,,-,17157605,0.0016
12/31/2024,NGS,Balanced Growth,LISTED EQUITY,1,COSTCO WHOLESALE CORP.,-,COST US,BB Ticker,United States,Consumer Defensive,Discount Stores,11042,,-,16341812,0.0016
12/31/2024,NGS,Balanced Growth,LISTED EQUITY,1,TECHNOLOGY ONE LTD.,-,TNE AU,BB Ticker,Australia,Industrials,Staffing & Employment Services,521701,,-,16334494,0.0016
12/31/2024,NGS,Balanced Growth,LISTED EQUITY,1,"BERKSHIRE HATHAWAY, INC.",-,BRKB US,BB Ticker,United States,,,22040,,-,16135922,0.0015
12/31/2024,NGS,Balanced Growth,LISTED EQUITY,1,"UNITEDHEALTH GROUP, INC.",-,UNH US,BB Ticker,United States,Healthcare,Healthcare Plans,19273,,-,15747045,0.0015
12/31/2024,NGS,Balanced Growth,LISTED EQUITY,1,PROCTER & GAMBLE CO.,-,PG US,BB Ticker,United States,Consumer Defensive,Household & Personal Products,57867,,-,15668807,0.0015
12/31/2024,NGS,Balanced Growth,LISTED EQUITY,1,WORLEY LTD.,-,WOR AU,BB Ticker,Australia,Industrials,Metal Fabrication,1103172,,-,15113446,0.0014
12/31/2024,NGS,Balanced Growth,LISTED EQUITY,1,JOHNSON & JOHNSON,-,JNJ US,BB Ticker,United States,Healthcare,Drug Manufacturers - General,62834,,-,14676775,0.0014
12/31/2024,NGS,Balanced Growth,LISTED EQUITY,1,SIMS LTD.,-,SGM AU,BB Ticker,Australia,Healthcare,Biotechnology,1211960,,-,14398085,0.0014
12/31/2024,NGS,Balanced Growth,LISTED EQUITY,1,INSURANCE AUSTRALIA GROUP LTD.,-,IAG AU,BB Ticker,Australia,Basic Materials,Gold,1673489,,-,14157712,0.0014
12/31/2024,NGS,Balanced Growth,LISTED EQUITY,1,"NETFLIX, INC.",-,NFLX US,BB Ticker,United States,Communication Services,Entertainment,9674,,-,13927280,0.0013
12/31/2024,NGS,Balanced Growth,LISTED EQUITY,1,SOUTH32 LTD.,-,S32 AU,BB Ticker,Australia,Basic Materials,Other Industrial Metals & Mining,4090831,,-,13908823,0.0013
12/31/2024,NGS,Balanced Growth,LISTED EQUITY,1,SONIC HEALTHCARE LTD.,-,SHL AU,BB Ticker,Australia,Healthcare,Medical Devices,508858,,-,13744246,0.0013
12/31/2024,NGS,Balanced Growth,LISTED EQUITY,1,"WALMART, INC.",-,WMT US,BB Ticker,United States,Consumer Defensive,Discount Stores,93882,,-,13699717,0.0013
12/31/2024,NGS,Balanced Growth,LISTED EQUITY,1,ATLAS ARTERIA LTD.,-,ALX AU,BB Ticker,Australia,Real Estate,REIT - Retail,2859456,,-,13582415,0.0013
12/31/2024,NGS,Balanced Growth,LISTED EQUITY,1,BANK OF AMERICA CORP.,-,BAC US,BB Ticker,United States,Financial Services,Banks - Diversified,187547,,-,13312921,0.0013
12/31/2024,NGS,Balanced Growth,LISTED EQUITY,1,ASML HOLDING NV,-,ASML NA,BB Ticker,Netherlands,Technology,Semiconductor Equipment & Materials,11719,,-,13302488,0.0013
12/31/2024,NGS,Balanced Growth,LISTED EQUITY,1,SEEK LTD.,-,SEK AU,BB Ticker,Australia,,,570201,,-,12869427,0.0012
12/31/2024,NGS,Balanced Growth,LISTED EQUITY,1,REA GROUP LTD.,-,REA AU,BB Ticker,Australia,,,54845,,-,12795976,0.0012
12/31/2024,NGS,Balanced Growth,LISTED EQUITY,1,ORACLE CORP.,-,ORCL US,BB Ticker,United States,Technology,Software - Infrastructure,47142,,-,12688071,0.0012
12/31/2024,NGS,Balanced Growth,LISTED EQUITY,1,ALCOA CORP.,-,AAI AU,BB Ticker,Australia,Financial Services,Asset Management,213276,,-,12651498,0.0012
12/31/2024,NGS,Balanced Growth,LISTED EQUITY,1,"SALESFORCE, INC.",-,CRM US,BB Ticker,United States,Technology,Software - Application,23427,,-,12650457,0.0012
12/31/2024,NGS,Balanced Growth,LISTED EQUITY,1,PRO MEDICUS LTD.,-,PME AU,BB Ticker,Australia,Basic Materials,Other Industrial Metals & Mining,50237,,-,12565272,0.0012
12/31/2024,NGS,Balanced Growth,LISTED EQUITY,1,ORICA LTD.,-,ORI AU,BB Ticker,Australia,Financial Services,Insurance - Property & Casualty,756848,,-,12548550,0.0012
12/31/2024,NGS,Balanced Growth,LISTED EQUITY,1,"QUALCOMM, INC.",-,QCOM US,BB Ticker,United States,Technology,Semiconductors,49956,,-,12394545,0.0012
12/31/2024,NGS,Balanced Growth,LISTED EQUITY,1,"MERCK & CO., INC.",-,MRK US,BB Ticker,United States,Healthcare,Drug Manufacturers - General,76736,,-,12329439,0.0012
12/31/2024,NGS,Balanced Growth,LISTED EQUITY,1,"HOME DEPOT, INC.",-,HD US,BB Ticker,United States,Consumer Cyclical,Home Improvement Retail,19510,,-,12257882,0.0012
12/31/2024,NGS,Balanced Growth,LISTED EQUITY,1,NEWMONT CORP.,-,NEM AU,BB Ticker,Australia,Basic Materials,Gold,202715,,-,12069669,0.0012
12/31/2024,NGS,Balanced Growth,LISTED EQUITY,1,QUBE HOLDINGS LTD.,-,QUB AU,BB Ticker,Australia,Technology,Computer Hardware,3003832,,-,11925210,0.0011
12/31/2024,NGS,Balanced Growth,LISTED EQUITY,1,SPOTIFY TECHNOLOGY SA,-,SPOT US,BB Ticker,United States,Communication Services,Internet Content & Information,16373,,-,11831521,0.0011
12/31/2024,NGS,Balanced Growth,LISTED EQUITY,1,CAR GROUP LTD.,-,CAR AU,BB Ticker,Australia,Industrials,Rental & Leasing Services,323135,,-,11642564,0.0011
12/31/2024,NGS,Balanced Growth,LISTED EQUITY,1,SCHNEIDER ELECTRIC SE,-,SU FP,BB Ticker,France,Energy,Oil & Gas Integrated,28829,,-,11615445,0.0011
12/31/2024,NGS,Balanced Growth,LISTED EQUITY,1,NOVO NORDISK AS,-,NOVOB DC,BB Ticker,Denmark,,,81336,,-,11386219,0.0011
12/31/2024,NGS,Balanced Growth,LISTED EQUITY,1,TREASURY WINE ESTATES LTD.,-,TWE AU,BB Ticker,Australia,,,999801,,-,11327741,0.0011
12/31/2024,NGS,Balanced Growth,LISTED EQUITY,1,"BOOKING HOLDINGS, INC.",-,BKNG US,BB Ticker,United States,Consumer Cyclical,Travel Services,1407,,-,11290175,0.0011
12/31/2024,NGS,Balanced Growth,LISTED EQUITY,1,"ABBVIE, INC.",-,ABBV US,BB Ticker,United States,Healthcare,Drug Manufacturers - General,38984,,-,11188682,0.0011
12/31/2024,NGS,Balanced Growth,LISTED EQUITY,1,CLEANAWAY WASTE MANAGEMENT LTD.,-,CWY AU,BB Ticker,Australia,Healthcare,Biotechnology,4146390,,-,10987935,0.0011
12/31/2024,NGS,Balanced Growth,LISTED EQUITY,1,AMP LTD.,-,AMP AU,BB Ticker,Australia,Financial Services,Asset Management,6852249,,-,10860814,0.001
12/31/2024,NGS,Balanced Growth,LISTED EQUITY,1,"ADOBE, INC.",-,ADBE US,BB Ticker,United States,Technology,Software - Application,14918,,-,10713824,0.001
12/31/2024,NGS,Balanced Growth,LISTED EQUITY,1,HUB24 LTD.,-,HUB AU,BB Ticker,Australia,,,153753,,-,10701215,0.001
12/31/2024,NGS,Balanced Growth,LISTED EQUITY,1,BREVILLE GROUP LTD.,-,BRG AU,BB Ticker,Australia,,,299368,,-,10591644,0.001
12/31/2024,NGS,Balanced Growth,LISTED EQUITY,1,AUCKLAND INTERNATIONAL AIRPORT LTD.,-,AIA AU,BB Ticker,Australia,,,1347432,,-,10456068,0.001
12/31/2024,NGS,Balanced Growth,LISTED EQUITY,1,TENCENT HOLDINGS LTD.,-,700 HK,BB Ticker,Hong Kong,,,119065,,-,10323323,0.001
12/31/2024,NGS,Balanced Growth,LISTED EQUITY,1,ORIGIN ENERGY LTD.,-,ORG AU,BB Ticker,Australia,Basic Materials,Chemicals,946237,,-,10313991,0.001
12/31/2024,NGS,Balanced Growth,LISTED EQUITY,1,NOVARTIS AG,-,NOVN SW,BB Ticker,Switzerland,Healthcare,Drug Manufacturers - General,65142,,-,10297692,0.001
12/31/2024,NGS,Balanced Growth,LISTED EQUITY,1,HDFC BANK LTD.,-,HDFCB IN,BB Ticker,India,Financial Services,Banks - Regional,306469,,-,10249882,0.001
12/31/2024,NGS,Balanced Growth,LISTED EQUITY,1,SAP SE,-,SAP GR,BB Ticker,Germany,Technology,Software - Application,25358,,-,10021602,0.001
12/31/2024,NGS,Balanced Growth,LISTED EQUITY,1,"UBER TECHNOLOGIES, INC.",-,UBER US,BB Ticker,United States,Technology,Software - Application,100029,,-,9745262,0.0009
12/31/2024,NGS,Balanced Growth,LISTED EQUITY,1,"S&P GLOBAL, INC.",-,SPGI US,BB Ticker,United States,Financial Services,Financial Data & Stock Exchanges,12006,,-,9657394,0.0009
12/31/2024,NGS,Balanced Growth,LISTED EQUITY,1,FLETCHER BUILDING LTD.,-,FBU AU,BB Ticker,Australia,Basic Materials,Building Materials,3779597,,-,9637971,0.0009
12/31/2024,NGS,Balanced Growth,LISTED EQUITY,1,ORORA LTD.,-,ORA AU,BB Ticker,Australia,Utilities,Utilities - Renewable,3853858,,-,9480491,0.0009
12/31/2024,NGS,Balanced Growth,LISTED EQUITY,1,ROCHE HOLDING AG,-,ROG SW,BB Ticker,Switzerland,Technology,Electronic Components,20348,,-,9265292,0.0009
12/31/2024,NGS,Balanced Growth,LISTED EQUITY,1,"AUTOMATIC DATA PROCESSING, INC.",-,ADP US,BB Ticker,United States,Technology,Software - Application,19589,,-,9261449,0.0009
12/31/2024,NGS,Balanced Growth,LISTED EQUITY,1,AMCOR PLC,-,AMC AU,BB Ticker,Australia,Communication Services,Entertainment,608059,,-,9102650,0.0009
12/31/2024,NGS,Balanced Growth,LISTED EQUITY,1,TESCO PLC,-,TSCO LN,BB Ticker,United Kingdom,Consumer Cyclical,Specialty Retail,1221560,,-,9100470,0.0009
12/31/2024,NGS,Balanced Growth,LISTED EQUITY,1,HERMES INTERNATIONAL SCA,-,RMS FP,BB Ticker,France,Consumer Cyclical,Luxury Goods,2334,,-,9065034,0.0009
12/31/2024,NGS,Balanced Growth,LISTED EQUITY,1,"DOORDASH, INC.",-,DASH US,BB Ticker,United States,Consumer Cyclical,Internet Retail,33234,,-,9004467,0.0009
12/31/2024,NGS,Balanced Growth,LISTED EQUITY,1,JB HI-FI LTD.,-,JBH AU,BB Ticker,Australia,Industrials,Integrated Freight & Logistics,95524,,-,8853175,0.0008
12/31/2024,NGS,Balanced Growth,LISTED EQUITY,1,SHELL PLC,-,SHEL LN,BB Ticker,United Kingdom,Energy,Oil & Gas Integrated,176734,,-,8851543,0.0008
12/31/2024,NGS,Balanced Growth,LISTED EQUITY,1,TOTALENERGIES SE,-,TTE FP,BB Ticker,France,Energy,Oil & Gas Integrated,97826,,-,8731819,0.0008
12/31/2024,NGS,Balanced Growth,LISTED EQUITY,1,AUB GROUP LTD.,-,AUB AU,BB Ticker,Australia,Financial Services,Banks - Regional,274681,,-,8570050,0.0008
12/31/2024,NGS,Balanced Growth,LISTED EQUITY,1,SANOFI SA,-,SAN FP,BB Ticker,France,Financial Services,Banks - Diversified,54531,,-,8549146,0.0008
12/31/2024,NGS,Balanced Growth,LISTED EQUITY,1,CAPRICORN METALS LTD.,-,CMM AU,BB Ticker,Australia,Basic Materials,Gold,1360400,,-,8543308,0.0008
12/31/2024,NGS,Balanced Growth,LISTED EQUITY,1,MORGAN STANLEY,-,MS US,BB Ticker,United States,Financial Services,Capital Markets,41372,,-,8400613,0.0008
12/31/2024,NGS,Balanced Growth,LISTED EQUITY,1,A2 MILK CO. LTD.,-,A2M AU,BB Ticker,Australia,Consumer Defensive,Packaged Foods,1450347,,-,8383000,0.0008
12/31/2024,NGS,Balanced Growth,LISTED EQUITY,1,AMERICAN EXPRESS CO.,-,AXP US,BB Ticker,United States,Financial Services,Credit Services,17438,,-,8359055,0.0008
12/31/2024,NGS,Balanced Growth,LISTED EQUITY,1,LVMH MOET HENNESSY LOUIS VUITTON SE,-,MC FP,BB Ticker,France,Financial Services,Capital Markets,7712,,-,8196625,0.0008
12/31/2024,NGS,Balanced Growth,LISTED EQUITY,1,GOLD ROAD RESOURCES LTD.,-,GOR AU,BB Ticker,Australia,Technology,Software - Infrastructure,3953094,,-,8103843,0.0008
12/31/2024,NGS,Balanced Growth,LISTED EQUITY,1,ASX LTD.,-,ASX AU,BB Ticker,Australia,Technology,Semiconductors,124390,,-,8095325,0.0008
12/31/2024,NGS,Balanced Growth,LISTED EQUITY,1,"FISERV, INC.",-,FI US,BB Ticker,United States,Technology,Information Technology Services,23648,,-,7845621,0.0008
12/31/2024,NGS,Balanced Growth,LISTED EQUITY,1,MEDTRONIC PLC,-,MDT US,BB Ticker,United States,Healthcare,Medical Devices,60636,,-,7823118,0.0007
12/31/2024,NGS,Balanced Growth,LISTED EQUITY,1,ACCENTURE PLC,-,ACN US,BB Ticker,United States,Technology,Information Technology Services,13730,,-,7801248,0.0007
12/31/2024,NGS,Balanced Growth,LISTED EQUITY,1,"TJX COS., INC.",-,TJX US,BB Ticker,United States,Consumer Cyclical,Apparel Retail,39915,,-,7788427,0.0007
12/31/2024,NGS,Balanced Growth,LISTED EQUITY,1,GENERAL ELECTRIC CO.,-,GE US,BB Ticker,United States,Industrials,Aerospace & Defense,28840,,-,7768805,0.0007
12/31/2024,NGS,Balanced Growth,LISTED EQUITY,1,COLGATE-PALMOLIVE CO.,-,CL US,BB Ticker,United States,Consumer Defensive,Household & Personal Products,52595,,-,7722501,0.0007
12/31/2024,NGS,Balanced Growth,LISTED EQUITY,1,DIAGEO PLC,-,DGE LN,BB Ticker,United Kingdom,Consumer Defensive,Beverages - Wineries & Distilleries,150288,,-,7714025,0.0007
12/31/2024,NGS,Balanced Growth,LISTED EQUITY,1,NESTLE SA,-,NESN SW,BB Ticker,Switzerland,Consumer Defensive,Packaged Foods,57745,,-,7706040,0.0007
12/31/2024,NGS,Balanced Growth,LISTED EQUITY,1,COCA-COLA CO.,-,KO US,BB Ticker,United States,Consumer Defensive,Beverages - Non-Alcoholic,76379,,-,7680439,0.0007
12/31/2024,NGS,Balanced Growth,LISTED EQUITY,1,CAPITAL ONE FINANCIAL CORP.,-,COF US,BB Ticker,United States,Financial Services,Credit Services,26641,,-,7672958,0.0007
12/31/2024,NGS,Balanced Growth,LISTED EQUITY,1,SANDFIRE RESOURCES LTD.,-,SFR AU,BB Ticker,Australia,,,825570,,-,7661293,0.0007
12/31/2024,NGS,Balanced Growth,LISTED EQUITY,1,MEDIBANK PVT LTD.,-,MPL AU,BB Ticker,Australia,Energy,Oil & Gas Midstream,2018207,,-,7649004,0.0007
12/31/2024,NGS,Balanced Growth,LISTED EQUITY,1,EATON CORP. PLC,-,ETN US,BB Ticker,United States,Industrials,Specialty Industrial Machinery,14034,,-,7522853,0.0007
12/31/2024,NGS,Balanced Growth,LISTED EQUITY,1,TRANE TECHNOLOGIES PLC,-,TT US,BB Ticker,United States,Industrials,Building Products & Equipment,12599,,-,7516244,0.0007
12/31/2024,NGS,Balanced Growth,LISTED EQUITY,1,DSV AS,-,DSV DC,BB Ticker,Denmark,Basic Materials,Silver,21914,,-,7514379,0.0007
12/31/2024,NGS,Balanced Growth,LISTED EQUITY,1,DOWNER EDI LTD.,-,DOW AU,BB Ticker,Australia,Basic Materials,Chemicals,1412529,,-,7415779,0.0007
12/31/2024,NGS,Balanced Growth,LISTED EQUITY,1,INCITEC PIVOT LTD.,-,IPL AU,BB Ticker,Australia,Real Estate,REIT - Retail,2513565,,-,7364746,0.0007
12/31/2024,NGS,Balanced Growth,LISTED EQUITY,1,ABB LTD.,-,ABBN SW,BB Ticker,Switzerland,Industrials,Electrical Equipment & Parts,83744,,-,7323669,0.0007
12/31/2024,NGS,Balanced Growth,LISTED EQUITY,1,"AT&T, INC.",-,T US,BB Ticker,United States,Communication Services,Telecom Services,197078,,-,7247779,0.0007
12/31/2024,NGS,Balanced Growth,LISTED EQUITY,1,"KEYSIGHT TECHNOLOGIES, INC.",-,KEYS US,BB Ticker,United States,Technology,Scientific & Technical Instruments,27531,,-,7142326,0.0007
12/31/2024,NGS,Balanced Growth,LISTED EQUITY,1,LOTTERY CORP. LTD.,-,TLC AU,BB Ticker,Australia,,,1442641,,-,7126646,0.0007
12/31/2024,NGS,Balanced Growth,LISTED EQUITY,1,ABBOTT LABORATORIES,-,ABT US,BB Ticker,United States,Healthcare,Medical Devices,38815,,-,7090915,0.0007
12/31/2024,NGS,Balanced Growth,LISTED EQUITY,1,"VERIZON COMMUNICATIONS, INC.",-,VZ US,BB Ticker,United States,Communication Services,Telecom Services,109648,,-,7081962,0.0007
12/31/2024,NGS,Balanced Growth,LISTED EQUITY,1,BANK CENTRAL ASIA TBK. PT,-,BBCA IJ,BB Ticker,Indonesia,,,7278889,,-,7066902,0.0007
12/31/2024,NGS,Balanced Growth,LISTED EQUITY,1,"APPLIED MATERIALS, INC.",-,AMAT US,BB Ticker,United States,Technology,Semiconductor Equipment & Materials,26890,,-,7062994,0.0007
12/31/2024,NGS,Balanced Growth,LISTED EQUITY,1,NETWEALTH GROUP LTD.,-,NWL AU,BB Ticker,Australia,Consumer Defensive,Household & Personal Products,245098,,-,7046567,0.0007
12/31/2024,NGS,Balanced Growth,LISTED EQUITY,1,"PFIZER, INC.",-,PFE US,BB Ticker,United States,Healthcare,Drug Manufacturers - General,164183,,-,7035096,0.0007
12/31/2024,NGS,Balanced Growth,LISTED EQUITY,1,"LIGHT & WONDER, INC.",-,LNW AU,BB Ticker,Australia,Consumer Cyclical,Gambling,51152,,-,7015972,0.0007
12/31/2024,NGS,Balanced Growth,LISTED EQUITY,1,ASTRAZENECA PLC,-,AZN LN,BB Ticker,United Kingdom,Healthcare,Drug Manufacturers - General,32531,,-,6888282,0.0007
12/31/2024,NGS,Balanced Growth,LISTED EQUITY,1,"GOLDMAN SACHS GROUP, INC.",-,GS US,BB Ticker,United States,Financial Services,Capital Markets,7405,,-,6849271,0.0007
12/31/2024,NGS,Balanced Growth,LISTED EQUITY,1,"MOTOROLA SOLUTIONS, INC.",-,MSI US,BB Ticker,United States,Technology,Communication Equipment,9147,,-,6828408,0.0007
12/31/2024,NGS,Balanced Growth,LISTED EQUITY,1,RAMSAY HEALTH CARE LTD.,-,RHC AU,BB Ticker,Australia,,,197299,,-,6814711,0.0007
12/31/2024,NGS,Balanced Growth,LISTED EQUITY,1,MONCLER SPA,-,MONC IM,BB Ticker,Italy,Consumer Cyclical,Apparel Manufacturing,79141,,-,6747628,0.0006
12/31/2024,NGS,Balanced Growth,LISTED EQUITY,1,PILBARA MINERALS LTD.,-,PLS AU,BB Ticker,Australia,Basic Materials,Other Industrial Metals & Mining,3052152,,-,6684213,0.0006
12/31/2024,NGS,Balanced Growth,LISTED EQUITY,1,"CITIGROUP, INC.",-,C US,BB Ticker,United States,Financial Services,Banks - Diversified,58394,,-,6638693,0.0006
12/31/2024,NGS,Balanced Growth,LISTED EQUITY,1,UBS GROUP AG,-,UBSG SW,BB Ticker,Switzerland,Financial Services,Banks - Diversified,133857,,-,6615266,0.0006
12/31/2024,NGS,Balanced Growth,LISTED EQUITY,1,"INTUIT, INC.",-,INTU US,BB Ticker,United States,Technology,Software - Application,6476,,-,6574094,0.0006
12/31/2024,NGS,Balanced Growth,LISTED EQUITY,1,AIA GROUP LTD.,-,1299 HK,BB Ticker,Hong Kong,Financial Services,Insurance - Life,560292,,-,6558738,0.0006
12/31/2024,NGS,Balanced Growth,LISTED EQUITY,1,BANK OF QUEENSLAND LTD.,-,BOQ AU,BB Ticker,Australia,Consumer Cyclical,Specialty Retail,973014,,-,6519199,0.0006
12/31/2024,NGS,Balanced Growth,LISTED EQUITY,1,"AMGEN, INC.",-,AMGN US,BB Ticker,United States,Healthcare,Drug Manufacturers - General,15475,,-,6514444,0.0006
12/31/2024,NGS,Balanced Growth,LISTED EQUITY,1,PINNACLE INVESTMENT MANAGEMENT GROUP LTD.,-,PNI AU,BB Ticker,Australia,Financial Services,Asset Management,285023,,-,6512770,0.0006
12/31/2024,NGS,Balanced Growth,LISTED EQUITY,1,SGH LTD.,-,SGH AU,BB Ticker,Australia,Consumer Cyclical,Gambling,140615,,-,6483768,0.0006
12/31/2024,NGS,Balanced Growth,LISTED EQUITY,1,"ARISTA NETWORKS, INC.",-,ANET US,BB Ticker,United States,Technology,Computer Hardware,36286,,-,6477789,0.0006
12/31/2024,NGS,Balanced Growth,LISTED EQUITY,1,BRISTOL-MYERS SQUIBB CO.,-,BMY US,BB Ticker,United States,Healthcare,Drug Manufacturers - General,70796,,-,6467344,0.0006
12/31/2024,NGS,Balanced Growth,LISTED EQUITY,1,BENDIGO & ADELAIDE BANK LTD.,-,BEN AU,BB Ticker,Australia,Financial Services,Asset Management,482373,,-,6319087,0.0006
12/31/2024,NGS,Balanced Growth,LISTED EQUITY,1,"THERMO FISHER SCIENTIFIC, INC.",-,TMO US,BB Ticker,United States,Healthcare,Diagnostics & Research,7450,,-,6259780,0.0006
12/31/2024,NGS,Balanced Growth,LISTED EQUITY,1,"LIFE360, INC.",-,360 AU,BB Ticker,Australia,,,274326,,-,6183298,0.0006
12/31/2024,NGS,Balanced Growth,LISTED EQUITY,1,SIEMENS AG,-,SIE GR,BB Ticker,Germany,Industrials,Specialty Industrial Machinery,19428,,-,6126706,0.0006
12/31/2024,NGS,Balanced Growth,LISTED EQUITY,1,"PEPSICO, INC.",-,PEP US,BB Ticker,United States,Consumer Defensive,Beverages - Non-Alcoholic,24867,,-,6107355,0.0006
12/31/2024,NGS,Balanced Growth,LISTED EQUITY,1,TATA CONSULTANCY SERVICES LTD.,-,TCS IN,BB Ticker,India,Technology,Information Technology Services,79032,,-,6105125,0.0006
12/31/2024,NGS,Balanced Growth,LISTED EQUITY,1,LAM RESEARCH CORP.,-,LRCX US,BB Ticker,United States,Technology,Semiconductor Equipment & Materials,51740,,-,6036056,0.0006
12/31/2024,NGS,Balanced Growth,LISTED EQUITY,1,DOMAIN HOLDINGS AUSTRALIA LTD.,-,DHG AU,BB Ticker,Australia,Healthcare,Drug Manufacturers - Specialty & Generic,2377900,,-,6016088,0.0006
12/31/2024,NGS,Balanced Growth,LISTED EQUITY,1,TPG TELECOM LTD.,-,TPG AU,BB Ticker,Australia,Financial Services,Asset Management,1330187,,-,5972541,0.0006
12/31/2024,NGS,Balanced Growth,LISTED EQUITY,1,"CME GROUP, INC.",-,CME US,BB Ticker,United States,Financial Services,Financial Data & Stock Exchanges,15850,,-,5945106,0.0006
12/31/2024,NGS,Balanced Growth,LISTED EQUITY,1,"AIRBNB, INC.",-,ABNB US,BB Ticker,United States,Consumer Cyclical,Travel Services,27948,,-,5931940,0.0006
12/31/2024,NGS,Balanced Growth,LISTED EQUITY,1,WALT DISNEY CO.,-,DIS US,BB Ticker,United States,Communication Services,Entertainment,32567,,-,5856982,0.0006
12/31/2024,NGS,Balanced Growth,LISTED EQUITY,1,"CATERPILLAR, INC.",-,CAT US,BB Ticker,United States,Industrials,Farm & Heavy Construction Machinery,9907,,-,5804329,0.0006
12/31/2024,NGS,Balanced Growth,LISTED EQUITY,1,"SK HYNIX, INC.",-,000660 KS,BB Ticker,South Korea,Technology,Semiconductors,30115,,-,5745520,0.0006
12/31/2024,NGS,Balanced Growth,LISTED EQUITY,1,L'OREAL SA,-,OR FP,BB Ticker,France,Basic Materials,Gold,9964,,-,5696333,0.0005
12/31/2024,NGS,Balanced Growth,LISTED EQUITY,1,MOODY'S CORP.,-,MCO US,BB Ticker,United States,Financial Services,Financial Data & Stock Exchanges,7449,,-,5695399,0.0005
12/31/2024,NGS,Balanced Growth,LISTED EQUITY,1,WELLS FARGO & CO.,-,WFC US,BB Ticker,United States,Financial Services,Banks - Diversified,49846,,-,5654798,0.0005
12/31/2024,NGS,Balanced Growth,LISTED EQUITY,1,NANOSONICS LTD.,-,NAN AU,BB Ticker,Australia,Financial Services,Asset Management,1861885,,-,5604275,0.0005
12/31/2024,NGS,Balanced Growth,LISTED EQUITY,1,"CHENIERE ENERGY, INC.",-,LNG US,BB Ticker,United States,Energy,Oil & Gas Midstream,16143,,-,5602131,0.0005
12/31/2024,NGS,Balanced Growth,LISTED EQUITY,1,"INTUITIVE SURGICAL, INC.",-,ISRG US,BB Ticker,United States,Healthcare,Medical Instruments & Supplies,6574,,-,5542018,0.0005
12/31/2024,NGS,Balanced Growth,LISTED EQUITY,1,LENDLEASE CORP. LTD.,-,LLC AU,BB Ticker,Australia,Industrials,Electrical Equipment & Parts,876393,,-,5459927,0.0005
12/31/2024,NGS,Balanced Growth,LISTED EQUITY,1,IGO LTD.,-,IGO AU,BB Ticker,Australia,Basic Materials,Other Industrial Metals & Mining,1140306,,-,5439261,0.0005
12/31/2024,NGS,Balanced Growth,LISTED EQUITY,1,HITACHI LTD.,-,6501 JP,BB Ticker,Japan,Industrials,Conglomerates,133785,,-,5412941,0.0005
12/31/2024,NGS,Balanced Growth,LISTED EQUITY,1,"GILEAD SCIENCES, INC.",-,GILD US,BB Ticker,United States,Healthcare,Drug Manufacturers - General,36200,,-,5400709,0.0005
12/31/2024,NGS,Balanced Growth,LISTED EQUITY,1,LYNAS RARE EARTHS LTD.,-,LYC AU,BB Ticker,Australia,Basic Materials,Other Industrial Metals & Mining,834527,,-,5366006,0.0005
12/31/2024,NGS,Balanced Growth,LISTED EQUITY,1,SAMSUNG ELECTRONICS CO. LTD.,-,005930 KS,BB Ticker,South Korea,Technology,Consumer Electronics,91858,,-,5361430,0.0005
12/31/2024,NGS,Balanced Growth,LISTED EQUITY,1,"CISCO SYSTEMS, INC.",-,CSCO US,BB Ticker,United States,Technology,Communication Equipment,55873,,-,5342361,0.0005
12/31/2024,NGS,Balanced Growth,LISTED EQUITY,1,"LOWE'S COS., INC.",-,LOW US,BB Ticker,United States,Consumer Cyclical,Home Improvement Retail,13389,,-,5337205,0.0005
12/31/2024,NGS,Balanced Growth,LISTED EQUITY,1,RECRUIT HOLDINGS CO. LTD.,-,6098 JP,BB Ticker,Japan,Communication Services,Internet Content & Information,46437,,-,5318779,0.0005
12/31/2024,NGS,Balanced Growth,LISTED EQUITY,1,TECHTRONIC INDUSTRIES CO. LTD.,-,669 HK,BB Ticker,Hong Kong,Technology,Semiconductors,249464,,-,5316542,0.0005
12/31/2024,NGS,Balanced Growth,LISTED EQUITY,1,JOHNSON CONTROLS INTERNATIONAL PLC,-,JCI US,BB Ticker,United States,Industrials,Building Products & Equipment,41312,,-,5266441,0.0005
12/31/2024,NGS,Balanced Growth,LISTED EQUITY,1,"MERCADOLIBRE, INC.",-,MELI US,BB Ticker,United States,Consumer Cyclical,Internet Retail,1910,,-,5245706,0.0005
12/31/2024,NGS,Balanced Growth,LISTED EQUITY,1,BARRICK GOLD CORP.,-,GOLD US,BB Ticker,United States,,,208627,,-,5222821,0.0005
12/31/2024,NGS,Balanced Growth,LISTED EQUITY,1,"MITSUBISHI UFJ FINANCIAL GROUP, INC.",-,8306 JP,BB Ticker,Japan,Financial Services,Banks - Diversified,273373,,-,5186216,0.0005
12/31/2024,NGS,Balanced Growth,LISTED EQUITY,1,ARB CORP. LTD.,-,ARB AU,BB Ticker,Australia,,,125749,,-,5106670,0.0005
12/31/2024,NGS,Balanced Growth,LISTED EQUITY,1,BOSTON SCIENTIFIC CORP.,-,BSX US,BB Ticker,United States,Healthcare,Medical Devices,35136,,-,5068858,0.0005
12/31/2024,NGS,Balanced Growth,LISTED EQUITY,1,"TRAVELERS COS., INC.",-,TRV US,BB Ticker,United States,Financial Services,Insurance - Property & Casualty,13016,,-,5063945,0.0005
12/31/2024,NGS,Balanced Growth,LISTED EQUITY,1,"MARSH & MCLENNAN COS., INC.",-,MMC US,BB Ticker,United States,Financial Services,Insurance Brokers,14697,,-,5042276,0.0005
12/31/2024,NGS,Balanced Growth,LISTED EQUITY,1,SOCIETE GENERALE SA,-,GLE FP,BB Ticker,France,Technology,Information Technology Services,110474,,-,5018147,0.0005
12/31/2024,NGS,Balanced Growth,LISTED EQUITY,1,"PALANTIR TECHNOLOGIES, INC.",-,PLTR US,BB Ticker,United States,Technology,Software - Infrastructure,40961,,-,5003456,0.0005
12/31/2024,NGS,Balanced Growth,LISTED EQUITY,1,INTERNATIONAL BUSINESS MACHINES CORP.,-,IBM US,BB Ticker,United States,Technology,Information Technology Services,13982,,-,4964475,0.0005
12/31/2024,NGS,Balanced Growth,LISTED EQUITY,1,DEUTSCHE TELEKOM AG,-,DTE GR,BB Ticker,Germany,Utilities,Utilities - Regulated Electric,102117,,-,4934013,0.0005
12/31/2024,NGS,Balanced Growth,LISTED EQUITY,1,"HCA HEALTHCARE, INC.",-,HCA US,BB Ticker,United States,Healthcare,Medical Care Facilities,10054,,-,4874229,0.0005
12/31/2024,NGS,Balanced Growth,LISTED EQUITY,1,ROYAL BANK OF CANADA,-,RY CN,BB Ticker,Canada,Financial Services,Banks - Diversified,24654,,-,4798821,0.0005
12/31/2024,NGS,Balanced Growth,LISTED EQUITY,1,TOKYO ELECTRON LTD.,-,8035 JP,BB Ticker,Japan,Industrials,Integrated Freight & Logistics,19279,,-,4791957,0.0005
12/31/2024,NGS,Balanced Growth,LISTED EQUITY,1,KLA CORP.,-,KLAC US,BB Ticker,United States,Technology,Semiconductor Equipment & Materials,4700,,-,4783706,0.0005
12/31/2024,NGS,Balanced Growth,LISTED EQUITY,1,STRYKER CORP.,-,SYK US,BB Ticker,United States,Healthcare,Medical Devices,8196,,-,4766381,0.0005
12/31/2024,NGS,Balanced Growth,LISTED EQUITY,1,MARUTI SUZUKI INDIA LTD.,-,MSIL IN,BB Ticker,India,,,23131,,-,4738289,0.0005
12/31/2024,NGS,Balanced Growth,LISTED EQUITY,1,CHORUS LTD.,-,CNU AU,BB Ticker,Australia,,,596611,,-,4737090,0.0005
12/31/2024,NGS,Balanced Growth,LISTED EQUITY,1,TELIX PHARMACEUTICALS LTD.,-,TLX AU,BB Ticker,Australia,Healthcare,Biotechnology,192264,,-,4731619,0.0005
12/31/2024,NGS,Balanced Growth,LISTED EQUITY,1,GUZMAN Y GOMEZ LTD.,-,GYG AU,BB Ticker,Australia,Financial Services,Shell Companies,114795,,-,4657232,0.0004
12/31/2024,NGS,Balanced Growth,LISTED EQUITY,1,FUJITSU LTD.,-,6702 JP,BB Ticker,Japan,Technology,Information Technology Services,160712,,-,4623736,0.0004
12/31/2024,NGS,Balanced Growth,LISTED EQUITY,1,FOMENTO ECONOMICO MEXICANO SAB DE CV,-,FEMSAUBD MM,BB Ticker,Mexico,Consumer Defensive,Beverages - Brewers,334495,,-,4617102,0.0004
12/31/2024,NGS,Balanced Growth,LISTED EQUITY,1,IMDEX LTD.,-,IMD AU,BB Ticker,Australia,Real Estate,REIT - Diversified,1986371,,-,4608381,0.0004
12/31/2024,NGS,Balanced Growth,LISTED EQUITY,1,"ENBRIDGE, INC.",-,ENB CN,BB Ticker,Canada,Energy,Oil & Gas Midstream,66729,,-,4571952,0.0004
12/31/2024,NGS,Balanced Growth,LISTED EQUITY,1,"WILLIAMS COS., INC.",-,WMB US,BB Ticker,United States,Energy,Oil & Gas Midstream,52265,,-,4568561,0.0004
12/31/2024,NGS,Balanced Growth,LISTED EQUITY,1,HARVEY NORMAN HOLDINGS LTD.,-,HVN AU,BB Ticker,Australia,Consumer Cyclical,Specialty Retail,976744,,-,4561394,0.0004
12/31/2024,NGS,Balanced Growth,LISTED EQUITY,1,"AMERICAN ELECTRIC POWER CO., INC.",-,AEP US,BB Ticker,United States,Utilities,Utilities - Regulated Electric,30502,,-,4543695,0.0004
12/31/2024,NGS,Balanced Growth,LISTED EQUITY,1,WESTINGHOUSE AIR BRAKE TECHNOLOGIES CORP.,-,WAB US,BB Ticker,United States,Industrials,Railroads,14808,,-,4534422,0.0004
12/31/2024,NGS,Balanced Growth,LISTED EQUITY,1,KELSIAN GROUP LTD.,-,KLS AU,BB Ticker,Australia,,,1234460,,-,4518124,0.0004
12/31/2024,NGS,Balanced Growth,LISTED EQUITY,1,STEADFAST GROUP LTD.,-,SDF AU,BB Ticker,Australia,Financial Services,Insurance Brokers,774481,,-,4491988,0.0004
12/31/2024,NGS,Balanced Growth,LISTED EQUITY,1,DANONE SA,-,BN FP,BB Ticker,France,Financial Services,Asset Management,41189,,-,4485847,0.0004
12/31/2024,NGS,Balanced Growth,LISTED EQUITY,1,"ADVANCED MICRO DEVICES, INC.",-,AMD US,BB Ticker,United States,Technology,Semiconductors,22989,,-,4484999,0.0004
12/31/2024,NGS,Balanced Growth,LISTED EQUITY,1,ALS LTD.,-,ALQ AU,BB Ticker,Australia,,,295622,,-,4457979,0.0004
12/31/2024,NGS,Balanced Growth,LISTED EQUITY,1,PARKER-HANNIFIN CORP.,-,PH US,BB Ticker,United States,Industrials,Specialty Industrial Machinery,4331,,-,4449501,0.0004
12/31/2024,NGS,Balanced Growth,LISTED EQUITY,1,INTESA SANPAOLO SPA,-,ISP IM,BB Ticker,Italy,Healthcare,Diagnostics & Research,687179,,-,4439651,0.0004
12/31/2024,NGS,Balanced Growth,LISTED EQUITY,1,"WORKDAY, INC.",-,WDAY US,BB Ticker,United States,Technology,Software - Application,10646,,-,4436950,0.0004
12/31/2024,NGS,Balanced Growth,LISTED EQUITY,1,3M CO.,-,MMM US,BB Ticker,United States,Industrials,Conglomerates,21202,,-,4420452,0.0004
12/31/2024,NGS,Balanced Growth,LISTED EQUITY,1,ALCON AG,-,ALC SW,BB Ticker,Switzerland,Healthcare,Medical Instruments & Supplies,32226,,-,4416575,0.0004
12/31/2024,NGS,Balanced Growth,LISTED EQUITY,1,LONDON STOCK EXCHANGE GROUP PLC,-,LSEG LN,BB Ticker,United Kingdom,Financial Services,Financial Data & Stock Exchanges,19345,,-,4415848,0.0004
12/31/2024,NGS,Balanced Growth,LISTED EQUITY,1,"ECOLAB, INC.",-,ECL US,BB Ticker,United States,Basic Materials,Specialty Chemicals,11660,,-,4412719,0.0004
12/31/2024,NGS,Balanced Growth,LISTED EQUITY,1,SIEMENS ENERGY AG,-,ENR GR,BB Ticker,Germany,Industrials,Electrical Equipment & Parts,51623,,-,4349675,0.0004
12/31/2024,NGS,Balanced Growth,LISTED EQUITY,1,ALLSTATE CORP.,-,ALL US,BB Ticker,United States,Financial Services,Insurance - Property & Casualty,13942,,-,4340914,0.0004
12/31/2024,NGS,Balanced Growth,LISTED EQUITY,1,"FORTINET, INC.",-,FTNT US,BB Ticker,United States,Technology,Software - Infrastructure,28423,,-,4337243,0.0004
12/31/2024,NGS,Balanced Growth,LISTED EQUITY,1,"CROWDSTRIKE HOLDINGS, INC.",-,CRWD US,BB Ticker,United States,Technology,Software - Infrastructure,7839,,-,4331353,0.0004
12/31/2024,NGS,Balanced Growth,LISTED EQUITY,1,INSIGNIA FINANCIAL LTD.,-,IFL AU,BB Ticker,Australia,,,1213775,,-,4308901,0.0004
12/31/2024,NGS,Balanced Growth,LISTED EQUITY,1,NEWS CORP.,-,NWS AU,BB Ticker,Australia,Communication Services,Entertainment,86716,,-,4292442,0.0004
12/31/2024,NGS,Balanced Growth,LISTED EQUITY,1,PEXA GROUP LTD.,-,PXA AU,BB Ticker,Australia,,,327347,,-,4275146,0.0004
12/31/2024,NGS,Balanced Growth,LISTED EQUITY,1,GSK PLC,-,GSK LN,BB Ticker,United Kingdom,Healthcare,Drug Manufacturers - General,156235,,-,4255294,0.0004
12/31/2024,NGS,Balanced Growth,LISTED EQUITY,1,CHALLENGER LTD.,-,CGF AU,BB Ticker,Australia,,,706484,,-,4245970,0.0004
12/31/2024,NGS,Balanced Growth,LISTED EQUITY,1,ALLIANZ SE,-,ALV GR,BB Ticker,Germany,Consumer Cyclical,Auto Parts,8558,,-,4235071,0.0004
12/31/2024,NGS,Balanced Growth,LISTED EQUITY,1,PROGRESSIVE CORP.,-,PGR US,BB Ticker,United States,Financial Services,Insurance - Property & Casualty,10941,,-,4233947,0.0004
12/31/2024,NGS,Balanced Growth,LISTED EQUITY,1,APA GROUP,-,APA AU,BB Ticker,Australia,Energy,Oil & Gas E&P,606131,,-,4224735,0.0004
12/31/2024,NGS,Balanced Growth,LISTED EQUITY,1,HSBC HOLDINGS PLC,-,HSBA LN,BB Ticker,United Kingdom,Financial Services,Banks - Diversified,265379,,-,4215516,0.0004
12/31/2024,NGS,Balanced Growth,LISTED EQUITY,1,TOYOTA MOTOR CORP.,-,7203 JP,BB Ticker,Japan,Consumer Cyclical,Auto Manufacturers,129915,,-,4200289,0.0004
12/31/2024,NGS,Balanced Growth,LISTED EQUITY,1,ENDEAVOUR GROUP LTD.,-,EDV AU,BB Ticker,Australia,,,996197,,-,4184025,0.0004
12/31/2024,NGS,Balanced Growth,LISTED EQUITY,1,IRESS LTD.,-,IRE AU,BB Ticker,Australia,Financial Services,Capital Markets,449285,,-,4182847,0.0004
12/31/2024,NGS,Balanced Growth,LISTED EQUITY,1,"VERTEX PHARMACEUTICALS, INC.",-,VRTX US,BB Ticker,United States,Healthcare,Biotechnology,6423,,-,4177685,0.0004
12/31/2024,NGS,Balanced Growth,LISTED EQUITY,1,IBERDROLA SA,-,IBE SM,BB Ticker,Spain,,,187475,,-,4170131,0.0004
12/31/2024,NGS,Balanced Growth,LISTED EQUITY,1,KIMBERLY-CLARK CORP.,-,KMB US,BB Ticker,United States,Consumer Defensive,Household & Personal Products,19461,,-,4118958,0.0004
12/31/2024,NGS,Balanced Growth,LISTED EQUITY,1,"PNC FINANCIAL SERVICES GROUP, INC.",-,PNC US,BB Ticker,United States,Financial Services,Banks - Regional,13196,,-,4110450,0.0004
12/31/2024,NGS,Balanced Growth,LISTED EQUITY,1,NATWEST GROUP PLC,-,NWG LN,BB Ticker,United Kingdom,Financial Services,Banks - Regional,505363,,-,4110397,0.0004
12/31/2024,NGS,Balanced Growth,LISTED EQUITY,1,CHUBB LTD.,-,CB US,BB Ticker,United States,Financial Services,Insurance - Property & Casualty,9190,,-,4101139,0.0004
12/31/2024,NGS,Balanced Growth,LISTED EQUITY,1,MEGAPORT LTD.,-,MP1 AU,BB Ticker,Australia,,,544724,,-,4014614,0.0004
12/31/2024,NGS,Balanced Growth,LISTED EQUITY,1,"NETAPP, INC.",-,NTAP US,BB Ticker,United States,Technology,Software - Infrastructure,21092,,-,3954349,0.0004
12/31/2024,NGS,Balanced Growth,LISTED EQUITY,1,DINO POLSKA SA,-,DNP PW,BB Ticker,Poland,Financial Services,Asset Management,25928,,-,3951916,0.0004
12/31/2024,NGS,Balanced Growth,LISTED EQUITY,1,"HARTFORD FINANCIAL SERVICES GROUP, INC.",-,HIG US,BB Ticker,United States,Financial Services,Insurance - Property & Casualty,22288,,-,3938270,0.0004
12/31/2024,NGS,Balanced Growth,LISTED EQUITY,1,"BLOCK, INC.",-,SQ US,BB Ticker,United States,,,28683,,-,3937258,0.0004
12/31/2024,NGS,Balanced Growth,LISTED EQUITY,1,COMCAST CORP.,-,CMCSA US,BB Ticker,United States,Communication Services,Telecom Services,64397,,-,3903484,0.0004
12/31/2024,NGS,Balanced Growth,LISTED EQUITY,1,"PAYPAL HOLDINGS, INC.",-,PYPL US,BB Ticker,United States,Financial Services,Credit Services,27960,,-,3854293,0.0004
12/31/2024,NGS,Balanced Growth,LISTED EQUITY,1,TE CONNECTIVITY PLC,-,TEL US,BB Ticker,United States,Technology,Electronic Components,16583,,-,3829186,0.0004
12/31/2024,NGS,Balanced Growth,LISTED EQUITY,1,AMADEUS IT GROUP SA,-,AMS SM,BB Ticker,Spain,Healthcare,Medical Care Facilities,33549,,-,3826656,0.0004
12/31/2024,NGS,Balanced Growth,LISTED EQUITY,1,BLUESCOPE STEEL LTD.,-,BSL AU,BB Ticker,Australia,Financial Services,Asset Management,203470,,-,3802865,0.0004
12/31/2024,NGS,Balanced Growth,LISTED EQUITY,1,EVOLUTION MINING LTD.,-,EVN AU,BB Ticker,Australia,Financial Services,Asset Management,782146,,-,3762123,0.0004
12/31/2024,NGS,Balanced Growth,LISTED EQUITY,1,DBS GROUP HOLDINGS LTD.,-,DBS SP,BB Ticker,Singapore,Financial Services,Banks - Regional,72462,,-,3750736,0.0004
12/31/2024,NGS,Balanced Growth,LISTED EQUITY,1,BELLEVUE GOLD LTD.,-,BGL AU,BB Ticker,Australia,Basic Materials,Gold,3322347,,-,3737641,0.0004
12/31/2024,NGS,Balanced Growth,LISTED EQUITY,1,"LULULEMON ATHLETICA, INC.",-,LULU US,BB Ticker,United States,Consumer Cyclical,Apparel Retail,6047,,-,3734582,0.0004
12/31/2024,NGS,Balanced Growth,LISTED EQUITY,1,EBOS GROUP LTD.,-,EBO AU,BB Ticker,Australia,Technology,Computer Hardware,109783,,-,3731524,0.0004
12/31/2024,NGS,Balanced Growth,LISTED EQUITY,1,SONY GROUP CORP.,-,6758 JP,BB Ticker,Japan,Technology,Consumer Electronics,107664,,-,3727615,0.0004
12/31/2024,NGS,Balanced Growth,LISTED EQUITY,1,GRUPO AEROPORTUARIO DEL PACIFICO SAB DE CV,-,GAPB MM,BB Ticker,Mexico,Industrials,Airports & Air Services,130524,,-,3716228,0.0004
12/31/2024,NGS,Balanced Growth,LISTED EQUITY,1,BHARTI AIRTEL LTD.,-,BHARTI IN,BB Ticker,India,Communication Services,Telecom Services,121426,,-,3637074,0.0003
12/31/2024,NGS,Balanced Growth,LISTED EQUITY,1,DECKERS OUTDOOR CORP.,-,DECK US,BB Ticker,United States,Consumer Cyclical,Footwear & Accessories,11082,,-,3634874,0.0003
12/31/2024,NGS,Balanced Growth,LISTED EQUITY,1,BANCO BILBAO VIZCAYA ARGENTARIA SA,-,BBVA SM,BB Ticker,Spain,Financial Services,Banks - Diversified,228640,,-,3614343,0.0003
12/31/2024,NGS,Balanced Growth,LISTED EQUITY,1,"NEXTERA ENERGY, INC.",-,NEE US,BB Ticker,United States,Utilities,Utilities - Regulated Electric,31090,,-,3599886,0.0003
12/31/2024,NGS,Balanced Growth,LISTED EQUITY,1,COLLINS FOODS LTD.,-,CKF AU,BB Ticker,Australia,Consumer Cyclical,Restaurants,493316,,-,3581476,0.0003
12/31/2024,NGS,Balanced Growth,LISTED EQUITY,1,PREMIER INVESTMENTS LTD.,-,PMV AU,BB Ticker,Australia,Healthcare,Biotechnology,111271,,-,3575140,0.0003
12/31/2024,NGS,Balanced Growth,LISTED EQUITY,1,HEALIUS LTD.,-,HLS AU,BB Ticker,Australia,Basic Materials,Other Precious Metals & Mining,2600510,,-,3562699,0.0003
12/31/2024,NGS,Balanced Growth,LISTED EQUITY,1,NUFARM LTD.,-,NUF AU,BB Ticker,Australia,Basic Materials,Agricultural Inputs,1005408,,-,3559145,0.0003
12/31/2024,NGS,Balanced Growth,LISTED EQUITY,1,CORPORATE TRAVEL MANAGEMENT LTD.,-,CTD AU,BB Ticker,Australia,Consumer Cyclical,Travel Services,264352,,-,3502658,0.0003
12/31/2024,NGS,Balanced Growth,LISTED EQUITY,1,"ONEOK, INC.",-,OKE US,BB Ticker,United States,Energy,Oil & Gas Midstream,21573,,-,3498190,0.0003
12/31/2024,NGS,Balanced Growth,LISTED EQUITY,1,ROLLS-ROYCE HOLDINGS PLC,-,RR LN,BB Ticker,United Kingdom,Industrials,Specialty Industrial Machinery,303904,,-,3495345,0.0003
12/31/2024,NGS,Balanced Growth,LISTED EQUITY,1,EQUINOR ASA,-,EQNR NO,BB Ticker,Belgium,Energy,Oil & Gas Integrated,92234,,-,3481118,0.0003
12/31/2024,NGS,Balanced Growth,LISTED EQUITY,1,MAAS GROUP HOLDINGS LTD.,-,MGH AU,BB Ticker,Australia,Real Estate,REIT - Hotel & Motel,722738,,-,3461917,0.0003
12/31/2024,NGS,Balanced Growth,LISTED EQUITY,1,INDUSTRIA DE DISENO TEXTIL SA,-,ITX SM,BB Ticker,Spain,Consumer Cyclical,Apparel Retail,41649,,-,3457761,0.0003
12/31/2024,NGS,Balanced Growth,LISTED EQUITY,1,"ALLY FINANCIAL, INC.",-,ALLY US,BB Ticker,United States,Financial Services,Credit Services,59250,,-,3446008,0.0003
12/31/2024,NGS,Balanced Growth,LISTED EQUITY,1,KEYENCE CORP.,-,6861 JP,BB Ticker,Japan,Technology,Scientific & Technical Instruments,5183,,-,3442374,0.0003
12/31/2024,NGS,Balanced Growth,LISTED EQUITY,1,INTEL CORP.,-,INTC US,BB Ticker,United States,Technology,Semiconductors,105773,,-,3425270,0.0003
12/31/2024,NGS,Balanced Growth,LISTED EQUITY,1,"EMCOR GROUP, INC.",-,EME US,BB Ticker,United States,Industrials,Engineering & Construction,4636,,-,3398269,0.0003
12/31/2024,NGS,Balanced Growth,LISTED EQUITY,1,SANRIO CO. LTD.,-,8136 JP,BB Ticker,Japan,Industrials,Electrical Equipment & Parts,59291,,-,3375667,0.0003
12/31/2024,NGS,Balanced Growth,LISTED EQUITY,1,BAKER HUGHES CO.,-,BKR US,BB Ticker,United States,Energy,Oil & Gas Equipment & Services,50720,,-,3360304,0.0003
12/31/2024,NGS,Balanced Growth,LISTED EQUITY,1,RWE AG,-,RWE GR,BB Ticker,Germany,Utilities,Utilities - Diversified,69628,,-,3357247,0.0003
12/31/2024,NGS,Balanced Growth,LISTED EQUITY,1,INTEGRAL DIAGNOSTICS LTD.,-,IDX AU,BB Ticker,Australia,,,1152784,,-,3354601,0.0003
12/31/2024,NGS,Balanced Growth,LISTED EQUITY,1,EXELON CORP.,-,EXC US,BB Ticker,United States,Utilities,Utilities - Regulated Electric,54584,,-,3318299,0.0003
12/31/2024,NGS,Balanced Growth,LISTED EQUITY,1,BNP PARIBAS SA,-,BNP FP,BB Ticker,France,Financial Services,Banks - Regional,33428,,-,3310748,0.0003
12/31/2024,NGS,Balanced Growth,LISTED EQUITY,1,"REGENERON PHARMACEUTICALS, INC.",-,REGN US,BB Ticker,United States,Healthcare,Biotechnology,2873,,-,3305753,0.0003
12/31/2024,NGS,Balanced Growth,LISTED EQUITY,1,MONADELPHOUS GROUP LTD.,-,MND AU,BB Ticker,Australia,Technology,Software - Application,234622,,-,3284705,0.0003
12/31/2024,NGS,Balanced Growth,LISTED EQUITY,1,SHELL PLC,-,SHELL NA,BB Ticker,Netherlands,Energy,Oil & Gas Integrated,65038,,-,3275677,0.0003
12/31/2024,NGS,Balanced Growth,LISTED EQUITY,1,FLIGHT CENTRE TRAVEL GROUP LTD.,-,FLT AU,BB Ticker,Australia,Industrials,Aerospace & Defense,195430,,-,3259780,0.0003
12/31/2024,NGS,Balanced Growth,LISTED EQUITY,1,"INTERCONTINENTAL EXCHANGE, INC.",-,ICE US,BB Ticker,United States,Financial Services,Financial Data & Stock Exchanges,13506,,-,3250375,0.0003
12/31/2024,NGS,Balanced Growth,LISTED EQUITY,1,AMERICA MOVIL SAB DE CV,-,AMX US,BB Ticker,United States,Communication Services,Telecom Services,139391,,-,3221648,0.0003
12/31/2024,NGS,Balanced Growth,LISTED EQUITY,1,ADIDAS AG,-,ADS GR,BB Ticker,Germany,Technology,Software - Application,8106,,-,3210491,0.0003
12/31/2024,NGS,Balanced Growth,LISTED EQUITY,1,NIB HOLDINGS LTD.,-,NHF AU,BB Ticker,Australia,,,582337,,-,3191204,0.0003
12/31/2024,NGS,Balanced Growth,LISTED EQUITY,1,CIE DE SAINT-GOBAIN SA,-,SGO FP,BB Ticker,France,,,22249,,-,3188875,0.0003
12/31/2024,NGS,Balanced Growth,LISTED EQUITY,1,LIBERTY MEDIA CORP.-LIBERTY FORMULA ONE,-,FWONK US,BB Ticker,United States,Communication Services,Entertainment,21306,,-,3188693,0.0003
12/31/2024,NGS,Balanced Growth,LISTED EQUITY,1,OOH!MEDIA LTD.,-,OML AU,BB Ticker,Australia,Communication Services,Advertising Agencies,2699095,,-,3184933,0.0003
12/31/2024,NGS,Balanced Growth,LISTED EQUITY,1,MARATHON PETROLEUM CORP.,-,MPC US,BB Ticker,United States,Energy,Oil & Gas Refining & Marketing,14052,,-,3166088,0.0003
12/31/2024,NGS,Balanced Growth,LISTED EQUITY,1,HONG KONG EXCHANGES & CLEARING LTD.,-,388 HK,BB Ticker,Hong Kong,Industrials,Security & Protection Services,51620,,-,3164071,0.0003
12/31/2024,NGS,Balanced Growth,LISTED EQUITY,1,"SUMITOMO MITSUI FINANCIAL GROUP, INC.",-,8316 JP,SEDOL,Japan,,,81681,,-,3159582,0.0003
12/31/2024,NGS,Balanced Growth,LISTED EQUITY,1,"MICRON TECHNOLOGY, INC.",-,MU US,BB Ticker,United States,Technology,Semiconductors,23236,,-,3158534,0.0003
12/31/2024,NGS,Balanced Growth,LISTED EQUITY,1,SPARK NEW ZEALAND LTD.,-,SPK AU,BB Ticker,Australia,Communication Services,Telecom Services,1173831,,-,3157606,0.0003
12/31/2024,NGS,Balanced Growth,LISTED EQUITY,1,AGL ENERGY LTD.,-,AGL AU,BB Ticker,Australia,Healthcare,Medical Care Facilities,279463,,-,3155138,0.0003
12/31/2024,NGS,Balanced Growth,LISTED EQUITY,1,INFOMEDIA LTD.,-,IFM AU,BB Ticker,Australia,,,2048050,,-,3153997,0.0003
12/31/2024,NGS,Balanced Growth,LISTED EQUITY,1,COWAY CO. LTD.,-,021240 KS,BB Ticker,South Korea,Consumer Cyclical,"Furnishings, Fixtures & Appliances",42963,,-,3153360,0.0003
12/31/2024,NGS,Balanced Growth,LISTED EQUITY,1,SCHLUMBERGER NV,-,SLB US,BB Ticker,United States,Energy,Oil & Gas Equipment & Services,50891,,-,3151374,0.0003
12/31/2024,NGS,Balanced Growth,LISTED EQUITY,1,CIE FINANCIERE RICHEMONT SA,-,CFR SW,BB Ticker,Switzerland,Financial Services,Banks - Regional,12699,,-,3120843,0.0003
12/31/2024,NGS,Balanced Growth,LISTED EQUITY,1,"CENCORA, INC.",-,COR US,BB Ticker,United States,Healthcare,Medical Distribution,8589,,-,3117024,0.0003
12/31/2024,NGS,Balanced Growth,LISTED EQUITY,1,WAL-MART DE MEXICO SAB DE CV,-,WALMEX MM,BB Ticker,Mexico,Consumer Defensive,Discount Stores,726141,,-,3096036,0.0003
12/31/2024,NGS,Balanced Growth,LISTED EQUITY,1,UNION PACIFIC CORP.,-,UNP US,BB Ticker,United States,Industrials,Railroads,8405,,-,3095682,0.0003
12/31/2024,NGS,Balanced Growth,LISTED EQUITY,1,RELIANCE WORLDWIDE CORP. LTD.,-,RWC AU,BB Ticker,Australia,,,615879,,-,3091713,0.0003
12/31/2024,NGS,Balanced Growth,LISTED EQUITY,1,JUDO CAPITAL HOLDINGS LTD.,-,JDO AU,BB Ticker,Australia,Financial Services,Banks - Regional,1677588,,-,3053209,0.0003
12/31/2024,NGS,Balanced Growth,LISTED EQUITY,1,DSM-FIRMENICH AG,-,DSFIR NA,BB Ticker,Netherlands,Basic Materials,Specialty Chemicals,18651,,-,3048183,0.0003
12/31/2024,NGS,Balanced Growth,LISTED EQUITY,1,GRUPO FINANCIERO BANORTE SAB DE CV,-,GFNORTEO MM,BB Ticker,Mexico,Financial Services,Banks - Regional,292240,,-,3041158,0.0003
12/31/2024,NGS,Balanced Growth,LISTED EQUITY,1,TELEFONAKTIEBOLAGET LM ERICSSON,-,ERICB SS,BB Ticker,Sweden,,,231347,,-,3039473,0.0003
12/31/2024,NGS,Balanced Growth,LISTED EQUITY,1,LOBLAW COS. LTD.,-,L CN,BB Ticker,Canada,Financial Services,Insurance - Property & Casualty,14287,,-,3035171,0.0003
12/31/2024,NGS,Balanced Growth,LISTED EQUITY,1,"TKO GROUP HOLDINGS, INC.",-,TKO US,BB Ticker,United States,Communication Services,Entertainment,13130,,-,3013740,0.0003
12/31/2024,NGS,Balanced Growth,LISTED EQUITY,1,SCOR SE,-,SCR FP,BB Ticker,France,,,76104,,-,3008928,0.0003
12/31/2024,NGS,Balanced Growth,LISTED EQUITY,1,BARCLAYS PLC,-,BARC LN,BB Ticker,United Kingdom,Financial Services,Banks - Diversified,551927,,-,2993691,0.0003
12/31/2024,NGS,Balanced Growth,LISTED EQUITY,1,GIVAUDAN SA,-,GIVN SW,BB Ticker,Switzerland,Basic Materials,Specialty Chemicals,422,,-,2984355,0.0003
12/31/2024,NGS,Balanced Growth,LISTED EQUITY,1,UNICREDIT SPA,-,UCG IM,BB Ticker,Italy,Financial Services,Banks - Regional,46074,,-,2968526,0.0003
12/31/2024,NGS,Balanced Growth,LISTED EQUITY,1,"KE HOLDINGS, INC.",-,BEKE US,BB Ticker,United States,Real Estate,Real Estate Services,99690,,-,2965829,0.0003
12/31/2024,NGS,Balanced Growth,LISTED EQUITY,1,CHARLES SCHWAB CORP.,-,SCHW US,BB Ticker,United States,Financial Services,Capital Markets,24805,,-,2965030,0.0003
12/31/2024,NGS,Balanced Growth,LISTED EQUITY,1,NORSK HYDRO ASA,-,NHY NO,BB Ticker,Belgium,Basic Materials,Aluminum,332389,,-,2956184,0.0003
12/31/2024,NGS,Balanced Growth,LISTED EQUITY,1,"DUPONT DE NEMOURS, INC.",-,DD US,BB Ticker,United States,Basic Materials,Specialty Chemicals,23968,,-,2951624,0.0003
12/31/2024,NGS,Balanced Growth,LISTED EQUITY,1,TARGA RESOURCES CORP.,-,TRGP US,BB Ticker,United States,Energy,Oil & Gas Midstream,10226,,-,2948324,0.0003
12/31/2024,NGS,Balanced Growth,LISTED EQUITY,1,CINTAS CORP.,-,CTAS US,BB Ticker,United States,Industrials,Specialty Business Services,9940,,-,2933277,0.0003
12/31/2024,NGS,Balanced Growth,LISTED EQUITY,1,"AUTODESK, INC.",-,ADSK US,BB Ticker,United States,Technology,Software - Application,6139,,-,2931044,0.0003
12/31/2024,NGS,Balanced Growth,LISTED EQUITY,1,MINERAL RESOURCES LTD.,-,MIN AU,BB Ticker,Australia,Financial Services,Asset Management,85293,,-,2921273,0.0003
12/31/2024,NGS,Balanced Growth,LISTED EQUITY,1,BECTON DICKINSON & CO.,-,BDX US,BB Ticker,United States,Healthcare,Medical Instruments & Supplies,7916,,-,2900779,0.0003
12/31/2024,NGS,Balanced Growth,LISTED EQUITY,1,INFRATIL LTD.,-,IFT AU,BB Ticker,Australia,,,250525,,-,2898575,0.0003
12/31/2024,NGS,Balanced Growth,LISTED EQUITY,1,WEB TRAVEL GROUP LTD.,-,WEB AU,BB Ticker,Australia,Financial Services,Banks - Regional,630441,,-,2893721,0.0003
12/31/2024,NGS,Balanced Growth,LISTED EQUITY,1,ENGIE SA,-,ENGI FP,BB Ticker,France,Technology,Information Technology Services,112952,,-,2892164,0.0003
12/31/2024,NGS,Balanced Growth,LISTED EQUITY,1,NEXTDC LTD.,-,NXT AU,BB Ticker,Australia,Technology,Solar,190671,,-,2873416,0.0003
12/31/2024,NGS,Balanced Growth,LISTED EQUITY,1,ASML HOLDING NV,-,ASML US,BB Ticker,United States,Technology,Semiconductor Equipment & Materials,2525,,-,2826011,0.0003
12/31/2024,NGS,Balanced Growth,LISTED EQUITY,1,MCDONALD'S CORP.,-,MCD US,BB Ticker,United States,Consumer Cyclical,Restaurants,6022,,-,2819392,0.0003
12/31/2024,NGS,Balanced Growth,LISTED EQUITY,1,"NOMURA HOLDINGS, INC.",-,8604 JP,BB Ticker,Japan,Financial Services,Capital Markets,292654,,-,2800951,0.0003
12/31/2024,NGS,Balanced Growth,LISTED EQUITY,1,BANK OF NEW YORK MELLON CORP.,-,BK US,BB Ticker,United States,Financial Services,Banks - Diversified,22539,,-,2796745,0.0003
12/31/2024,NGS,Balanced Growth,LISTED EQUITY,1,"VERISK ANALYTICS, INC.",-,VRSK US,BB Ticker,United States,Industrials,Consulting Services,6271,,-,2789425,0.0003
12/31/2024,NGS,Balanced Growth,LISTED EQUITY,1,AECOM,-,ACM US,BB Ticker,United States,Industrials,Engineering & Construction,16146,,-,2785627,0.0003
12/31/2024,NGS,Balanced Growth,LISTED EQUITY,1,GENERAL MOTORS CO.,-,GM US,BB Ticker,United States,Consumer Cyclical,Auto Manufacturers,32045,,-,2757100,0.0003
12/31/2024,NGS,Balanced Growth,LISTED EQUITY,1,"CBRE GROUP, INC.",-,CBRE US,BB Ticker,United States,Real Estate,Real Estate Services,12948,,-,2745595,0.0003
12/31/2024,NGS,Balanced Growth,LISTED EQUITY,1,"LEIDOS HOLDINGS, INC.",-,LDOS US,BB Ticker,United States,Technology,Information Technology Services,11762,,-,2736737,0.0003
12/31/2024,NGS,Balanced Growth,LISTED EQUITY,1,KROGER CO.,-,KR US,BB Ticker,United States,Consumer Defensive,Grocery Stores,27699,,-,2735655,0.0003
12/31/2024,NGS,Balanced Growth,LISTED EQUITY,1,DOMINO'S PIZZA ENTERPRISES LTD.,-,DMP AU,BB Ticker,Australia,Consumer Cyclical,Restaurants,92659,,-,2727874,0.0003
12/31/2024,NGS,Balanced Growth,LISTED EQUITY,1,U.S. BANCORP,-,USB US,BB Ticker,United States,Financial Services,Banks - Regional,35272,,-,2724788,0.0003
12/31/2024,NGS,Balanced Growth,LISTED EQUITY,1,CANADIAN IMPERIAL BANK OF COMMERCE,-,CM CN,BB Ticker,Canada,Financial Services,Banks - Diversified,26679,,-,2724393,0.0003
12/31/2024,NGS,Balanced Growth,LISTED EQUITY,1,CAPSTONE COPPER CORP.,-,CSC AU,BB Ticker,Australia,,,277177,,-,2719105,0.0003
12/31/2024,NGS,Balanced Growth,LISTED EQUITY,1,LENNAR CORP.,-,LEN US,BB Ticker,United States,Consumer Cyclical,Residential Construction,12282,,-,2705106,0.0003
12/31/2024,NGS,Balanced Growth,LISTED EQUITY,1,"CGI, INC.",-,GIBA CN,BB Ticker,Canada,,,15252,,-,2693896,0.0003
12/31/2024,NGS,Balanced Growth,LISTED EQUITY,1,"TEXAS INSTRUMENTS, INC.",-,TXN US,BB Ticker,United States,Technology,Semiconductors,8878,,-,2688837,0.0003
12/31/2024,NGS,Balanced Growth,LISTED EQUITY,1,HALLIBURTON CO.,-,HAL US,BB Ticker,United States,Energy,Oil & Gas Equipment & Services,60942,,-,2676260,0.0003
12/31/2024,NGS,Balanced Growth,LISTED EQUITY,1,DE GREY MINING LTD.,-,DEG AU,BB Ticker,Australia,Financial Services,Asset Management,1509971,,-,2665100,0.0003
12/31/2024,NGS,Balanced Growth,LISTED EQUITY,1,CANADIAN PACIFIC KANSAS CITY LTD.,-,CP CN,BB Ticker,Canada,Industrials,Railroads,22785,,-,2663164,0.0003
12/31/2024,NGS,Balanced Growth,LISTED EQUITY,1,LINDE PLC,-,LIN US,BB Ticker,United States,Basic Materials,Specialty Chemicals,3926,,-,2655080,0.0003
12/31/2024,NGS,Balanced Growth,LISTED EQUITY,1,BP PLC,-,BP LN,BB Ticker,United Kingdom,Energy,Oil & Gas Integrated,330682,,-,2628756,0.0003
12/31/2024,NGS,Balanced Growth,LISTED EQUITY,1,AON PLC,-,AON US,BB Ticker,United States,Financial Services,Insurance Brokers,4530,,-,2627637,0.0003
12/31/2024,NGS,Balanced Growth,LISTED EQUITY,1,ZEBRA TECHNOLOGIES CORP.,-,ZBRA US,BB Ticker,United States,Technology,Communication Equipment,4199,,-,2619131,0.0003
12/31/2024,NGS,Balanced Growth,LISTED EQUITY,1,MANULIFE FINANCIAL CORP.,-,MFC CN,BB Ticker,Canada,Financial Services,Insurance - Life,52780,,-,2617510,0.0003
12/31/2024,NGS,Balanced Growth,LISTED EQUITY,1,"MIZUHO FINANCIAL GROUP, INC.",-,8411 JP,BB Ticker,Japan,Industrials,Engineering & Construction,65717,,-,2615716,0.0003
12/31/2024,NGS,Balanced Growth,LISTED EQUITY,1,ST. JAMES'S PLACE PLC,-,STJ LN,BB Ticker,United Kingdom,Healthcare,Medical Devices,148942,,-,2615081,0.0003
12/31/2024,NGS,Balanced Growth,LISTED EQUITY,1,IDP EDUCATION LTD.,-,IEL AU,BB Ticker,Australia,Industrials,Rental & Leasing Services,206021,,-,2602042,0.0002
12/31/2024,NGS,Balanced Growth,LISTED EQUITY,1,GARMIN LTD.,-,GRMN US,BB Ticker,United States,Technology,Scientific & Technical Instruments,7804,,-,2599504,0.0002
12/31/2024,NGS,Balanced Growth,LISTED EQUITY,1,"SS&C TECHNOLOGIES HOLDINGS, INC.",-,SSNC US,BB Ticker,United States,Technology,Software - Application,21163,,-,2590297,0.0002
12/31/2024,NGS,Balanced Growth,LISTED EQUITY,1,"VEEVA SYSTEMS, INC.",-,VEEV US,BB Ticker,United States,Healthcare,Health Information Services,7615,,-,2585728,0.0002
12/31/2024,NGS,Balanced Growth,LISTED EQUITY,1,AGNICO EAGLE MINES LTD.,-,AEM CN,BB Ticker,Canada,Basic Materials,Gold,20423,,-,2579462,0.0002
12/31/2024,NGS,Balanced Growth,LISTED EQUITY,1,"CUMMINS, INC.",-,CMI US,BB Ticker,United States,Industrials,Specialty Industrial Machinery,4579,,-,2578003,0.0002
12/31/2024,NGS,Balanced Growth,LISTED EQUITY,1,METCASH LTD.,-,MTS AU,BB Ticker,Australia,Technology,Semiconductors,827031,,-,2563796,0.0002
12/31/2024,NGS,Balanced Growth,LISTED EQUITY,1,THOMSON REUTERS CORP.,-,TRI CN,BB Ticker,Canada,Industrials,Specialty Business Services,9843,,-,2551292,0.0002
12/31/2024,NGS,Balanced Growth,LISTED EQUITY,1,EMAAR PROPERTIES PJSC,-,EMAAR UH,BB Ticker,United Arab Emirates,Real Estate,Real Estate - Development,449456,,-,2539612,0.0002
12/31/2024,NGS,Balanced Growth,LISTED EQUITY,1,STMICROELECTRONICS NV,-,STMPA FP,BB Ticker,France,Technology,Semiconductors,62257,,-,2527552,0.0002
12/31/2024,NGS,Balanced Growth,LISTED EQUITY,1,WOLTERS KLUWER NV,-,WKL NA,BB Ticker,Netherlands,,,9341,,-,2505944,0.0002
12/31/2024,NGS,Balanced Growth,LISTED EQUITY,1,DEUTSCHE BOERSE AG,-,DB1 GR,BB Ticker,Germany,Financial Services,Financial Data & Stock Exchanges,6723,,-,2500677,0.0002
12/31/2024,NGS,Balanced Growth,LISTED EQUITY,1,"FIDELITY NATIONAL INFORMATION SERVICES, INC.",-,FIS US,BB Ticker,United States,Technology,Information Technology Services,19055,,-,2485823,0.0002
12/31/2024,NGS,Balanced Growth,LISTED EQUITY,1,EAGERS AUTOMOTIVE LTD.,-,APE AU,BB Ticker,Australia,Healthcare,Biotechnology,209331,,-,2478483,0.0002
12/31/2024,NGS,Balanced Growth,LISTED EQUITY,1,"UNITED PARCEL SERVICE, INC.",-,UPS US,BB Ticker,United States,Industrials,Integrated Freight & Logistics,12090,,-,2462258,0.0002
12/31/2024,NGS,Balanced Growth,LISTED EQUITY,1,LOVISA HOLDINGS LTD.,-,LOV AU,BB Ticker,Australia,Consumer Cyclical,"Furnishings, Fixtures & Appliances",81526,,-,2458823,0.0002
12/31/2024,NGS,Balanced Growth,LISTED EQUITY,1,"ZOETIS, INC.",-,ZTS US,BB Ticker,United States,Healthcare,Drug Manufacturers - Specialty & Generic,9325,,-,2454022,0.0002
12/31/2024,NGS,Balanced Growth,LISTED EQUITY,1,"GODADDY, INC.",-,GDDY US,BB Ticker,United States,Technology,Software - Infrastructure,7697,,-,2453759,0.0002
12/31/2024,NGS,Balanced Growth,LISTED EQUITY,1,"BROADRIDGE FINANCIAL SOLUTIONS, INC.",-,BR US,BB Ticker,United States,Technology,Information Technology Services,6682,,-,2439875,0.0002
12/31/2024,NGS,Balanced Growth,LISTED EQUITY,1,"SHOPIFY, INC.",-,SHOP CN,BB Ticker,Canada,Technology,Software - Application,14172,,-,2434847,0.0002
12/31/2024,NGS,Balanced Growth,LISTED EQUITY,1,TRUIST FINANCIAL CORP.,-,TFC US,BB Ticker,United States,Financial Services,Banks - Regional,34738,,-,2433902,0.0002
12/31/2024,NGS,Balanced Growth,LISTED EQUITY,1,"AXON ENTERPRISE, INC.",-,AXON US,BB Ticker,United States,Industrials,Aerospace & Defense,2533,,-,2431742,0.0002
12/31/2024,NGS,Balanced Growth,LISTED EQUITY,1,STATE STREET CORP.,-,STT US,BB Ticker,United States,Financial Services,Asset Management,15271,,-,2420849,0.0002
12/31/2024,NGS,Balanced Growth,LISTED EQUITY,1,CHINA MENGNIU DAIRY CO. LTD.,-,2319 HK,BB Ticker,Hong Kong,Consumer Defensive,Packaged Foods,662952,,-,2420496,0.0002
12/31/2024,NGS,Balanced Growth,LISTED EQUITY,1,SAMSUNG ELECTRONICS CO. LTD.,-,005935 KS,BB Ticker,South Korea,Technology,Consumer Electronics,49489,,-,2399854,0.0002
12/31/2024,NGS,Balanced Growth,LISTED EQUITY,1,AUSTRALIAN CLINICAL LABS LTD.,-,ACL AU,BB Ticker,Australia,Healthcare,Biotechnology,695212,,-,2391530,0.0002
12/31/2024,NGS,Balanced Growth,LISTED EQUITY,1,VODAFONE GROUP PLC,-,VOD LN,BB Ticker,United Kingdom,Communication Services,Telecom Services,1727568,,-,2386728,0.0002
12/31/2024,NGS,Balanced Growth,LISTED EQUITY,1,"FREEPORT-MCMORAN, INC.",-,FCX US,BB Ticker,United States,Basic Materials,Copper,38682,,-,2379092,0.0002
12/31/2024,NGS,Balanced Growth,LISTED EQUITY,1,RIGHTMOVE PLC,-,RMV LN,BB Ticker,United Kingdom,,,182235,,-,2365796,0.0002
12/31/2024,NGS,Balanced Growth,LISTED EQUITY,1,BANCO SANTANDER SA,-,SAN SM,BB Ticker,Spain,Financial Services,Banks - Diversified,314641,,-,2349321,0.0002
12/31/2024,NGS,Balanced Growth,LISTED EQUITY,1,"CONSTELLATION SOFTWARE, INC.",-,CSU CN,BB Ticker,Canada,Technology,Software - Application,470,,-,2345617,0.0002
12/31/2024,NGS,Balanced Growth,LISTED EQUITY,1,AXA SA,-,CS FP,BB Ticker,France,,,40698,,-,2336002,0.0002
12/31/2024,NGS,Balanced Growth,LISTED EQUITY,1,MERIDIAN ENERGY LTD.,-,MEZ AU,BB Ticker,Australia,,,425779,,-,2294948,0.0002
12/31/2024,NGS,Balanced Growth,LISTED EQUITY,1,"SHOPIFY, INC.",-,SHOP US,BB Ticker,United States,Technology,Software - Application,13313,,-,2286280,0.0002
12/31/2024,NGS,Balanced Growth,LISTED EQUITY,1,"SYNOPSYS, INC.",-,SNPS US,BB Ticker,United States,Technology,Software - Infrastructure,2903,,-,2275191,0.0002
12/31/2024,NGS,Balanced Growth,LISTED EQUITY,1,BROOKFIELD CORP.,-,BN CN,BB Ticker,Canada,Financial Services,Asset Management,24427,,-,2266394,0.0002
12/31/2024,NGS,Balanced Growth,LISTED EQUITY,1,"GENERAL MILLS, INC.",-,GIS US,BB Ticker,United States,Consumer Defensive,Packaged Foods,21968,,-,2262619,0.0002
12/31/2024,NGS,Balanced Growth,LISTED EQUITY,1,"PALO ALTO NETWORKS, INC.",-,PANW US,BB Ticker,United States,Technology,Software - Infrastructure,7697,,-,2261974,0.0002
12/31/2024,NGS,Balanced Growth,LISTED EQUITY,1,"CARDINAL HEALTH, INC.",-,CAH US,BB Ticker,United States,Healthcare,Medical Distribution,11714,,-,2237691,0.0002
12/31/2024,NGS,Balanced Growth,LISTED EQUITY,1,HOYA CORP.,-,7741 JP,BB Ticker,Japan,Healthcare,Medical Instruments & Supplies,10988,,-,2237452,0.0002
12/31/2024,NGS,Balanced Growth,LISTED EQUITY,1,"DATADOG, INC.",-,DDOG US,BB Ticker,United States,Technology,Software - Application,9646,,-,2226342,0.0002
12/31/2024,NGS,Balanced Growth,LISTED EQUITY,1,VALERO ENERGY CORP.,-,VLO US,BB Ticker,United States,Energy,Oil & Gas Refining & Marketing,11152,,-,2208052,0.0002
12/31/2024,NGS,Balanced Growth,LISTED EQUITY,1,ALIBABA GROUP HOLDING LTD.,-,9988 HK,SEDOL,Hong Kong,,,128809,,-,2206842,0.0002
12/31/2024,NGS,Balanced Growth,LISTED EQUITY,1,"METTLER-TOLEDO INTERNATIONAL, INC.",-,MTD US,BB Ticker,United States,Healthcare,Diagnostics & Research,1116,,-,2205693,0.0002
12/31/2024,NGS,Balanced Growth,LISTED EQUITY,1,LIFESTYLE COMMUNITIES LTD.,-,LIC AU,BB Ticker,Australia,Financial Services,Insurance - Life,256292,,-,2193857,0.0002
12/31/2024,NGS,Balanced Growth,LISTED EQUITY,1,"HUBSPOT, INC.",-,HUBS US,BB Ticker,United States,Technology,Software - Application,1938,,-,2181358,0.0002
12/31/2024,NGS,Balanced Growth,LISTED EQUITY,1,"TEXTRON, INC.",-,TXT US,BB Ticker,United States,Industrials,Aerospace & Defense,17634,,-,2178492,0.0002
12/31/2024,NGS,Balanced Growth,LISTED EQUITY,1,FAIRFAX FINANCIAL HOLDINGS LTD.,-,FFH CN,BB Ticker,Canada,Financial Services,Insurance - Property & Casualty,970,,-,2177574,0.0002
12/31/2024,NGS,Balanced Growth,LISTED EQUITY,1,"ELECTRONIC ARTS, INC.",-,EA US,BB Ticker,United States,Communication Services,Electronic Gaming & Multimedia,9212,,-,2176602,0.0002
12/31/2024,NGS,Balanced Growth,LISTED EQUITY,1,CENTENE CORP.,-,CNC US,BB Ticker,United States,Healthcare,Healthcare Plans,22126,,-,2164851,0.0002
12/31/2024,NGS,Balanced Growth,LISTED EQUITY,1,DATA#3 LTD.,-,DTL AU,BB Ticker,Australia,,,338411,,-,2162449,0.0002
12/31/2024,NGS,Balanced Growth,LISTED EQUITY,1,ILUKA RESOURCES LTD.,-,ILU AU,BB Ticker,Australia,Healthcare,Diagnostics & Research,426469,,-,2153665,0.0002
12/31/2024,NGS,Balanced Growth,LISTED EQUITY,1,EURONEXT NV,-,ENX FP,BB Ticker,France,Financial Services,Asset Management,11830,,-,2142701,0.0002
12/31/2024,NGS,Balanced Growth,LISTED EQUITY,1,HONDA MOTOR CO. LTD.,-,7267 JP,BB Ticker,Japan,Consumer Cyclical,Auto Manufacturers,135788,,-,2142069,0.0002
12/31/2024,NGS,Balanced Growth,LISTED EQUITY,1,INFORMA PLC,-,INF LN,BB Ticker,United Kingdom,Communication Services,Telecom Services,131800,,-,2128556,0.0002
12/31/2024,NGS,Balanced Growth,LISTED EQUITY,1,"MARVELL TECHNOLOGY, INC.",-,MRVL US,BB Ticker,United States,Technology,Semiconductors,11912,,-,2124868,0.0002
12/31/2024,NGS,Balanced Growth,LISTED EQUITY,1,LYONDELLBASELL INDUSTRIES NV,-,LYB US,BB Ticker,United States,Basic Materials,Specialty Chemicals,17557,,-,2106063,0.0002
12/31/2024,NGS,Balanced Growth,LISTED EQUITY,1,EQT HOLDINGS LTD.,-,EQT AU,BB Ticker,Australia,Energy,Oil & Gas E&P,65755,,-,2104168,0.0002
12/31/2024,NGS,Balanced Growth,LISTED EQUITY,1,"TRANSDIGM GROUP, INC.",-,TDG US,BB Ticker,United States,Industrials,Aerospace & Defense,1023,,-,2093336,0.0002
12/31/2024,NGS,Balanced Growth,LISTED EQUITY,1,BARRICK GOLD CORP.,-,ABX CN,BB Ticker,Canada,Basic Materials,Gold,83616,,-,2093073,0.0002
12/31/2024,NGS,Balanced Growth,LISTED EQUITY,1,EDISON INTERNATIONAL,-,EIX US,BB Ticker,United States,Utilities,Utilities - Regulated Electric,16174,,-,2085702,0.0002
12/31/2024,NGS,Balanced Growth,LISTED EQUITY,1,RELIANCE INDUSTRIES LTD.,-,RELIANCE IN,BB Ticker,India,Energy,Oil & Gas Refining & Marketing,90779,,-,2081539,0.0002
12/31/2024,NGS,Balanced Growth,LISTED EQUITY,1,NINTENDO CO. LTD.,-,7974 JP,BB Ticker,Japan,Communication Services,Electronic Gaming & Multimedia,21837,,-,2078970,0.0002
12/31/2024,NGS,Balanced Growth,LISTED EQUITY,1,TORONTO-DOMINION BANK,-,TD CN,BB Ticker,Canada,Financial Services,Banks - Diversified,24140,,-,2074748,0.0002
12/31/2024,NGS,Balanced Growth,LISTED EQUITY,1,"WASTE MANAGEMENT, INC.",-,WM US,BB Ticker,United States,Industrials,Waste Management,6363,,-,2073813,0.0002
12/31/2024,NGS,Balanced Growth,LISTED EQUITY,1,KONINKLIJKE AHOLD DELHAIZE NV,-,AD NA,BB Ticker,Netherlands,Communication Services,Telecom Services,39335,,-,2071608,0.0002
12/31/2024,NGS,Balanced Growth,LISTED EQUITY,1,MEITUAN,-,3690 HK,SEDOL,Hong Kong,,,65565,,-,2068038,0.0002
12/31/2024,NGS,Balanced Growth,LISTED EQUITY,1,"EXPEDIA GROUP, INC.",-,EXPE US,BB Ticker,United States,Consumer Cyclical,Travel Services,6858,,-,2064039,0.0002
12/31/2024,NGS,Balanced Growth,LISTED EQUITY,1,"CONSOLIDATED EDISON, INC.",-,ED US,BB Ticker,United States,Utilities,Utilities - Regulated Electric,14312,,-,2062607,0.0002
12/31/2024,NGS,Balanced Growth,LISTED EQUITY,1,EVERSOURCE ENERGY,-,ES US,BB Ticker,United States,Utilities,Utilities - Regulated Electric,22233,,-,2062284,0.0002
12/31/2024,NGS,Balanced Growth,LISTED EQUITY,1,"DELTA ELECTRONICS, INC.",-,2308 TT,BB Ticker,Taiwan,Technology,Electronic Components,97047,,-,2058215,0.0002
12/31/2024,NGS,Balanced Growth,LISTED EQUITY,1,"BLACKROCK, INC.",-,BLK US,BB Ticker,United States,Financial Services,Asset Management,1240,,-,2053712,0.0002
12/31/2024,NGS,Balanced Growth,LISTED EQUITY,1,DANAHER CORP.,-,DHR US,BB Ticker,United States,Healthcare,Diagnostics & Research,5533,,-,2051407,0.0002
12/31/2024,NGS,Balanced Growth,LISTED EQUITY,1,COMPASS GROUP PLC,-,CPG LN,BB Ticker,United Kingdom,,,38038,,-,2048243,0.0002
12/31/2024,NGS,Balanced Growth,LISTED EQUITY,1,APOLLO HOSPITALS ENTERPRISE LTD.,-,APHS IN,BB Ticker,India,,,14842,,-,2042963,0.0002
12/31/2024,NGS,Balanced Growth,LISTED EQUITY,1,KONGSBERG GRUPPEN ASA,-,KOG NO,BB Ticker,Belgium,Utilities,Utilities - Regulated Electric,11217,,-,2041783,0.0002
12/31/2024,NGS,Balanced Growth,LISTED EQUITY,1,"GE VERNOVA, INC.",-,GEV US,BB Ticker,United States,Industrials,Specialty Industrial Machinery,3838,,-,2038985,0.0002
12/31/2024,NGS,Balanced Growth,LISTED EQUITY,1,"EBAY, INC.",-,EBAY US,BB Ticker,United States,Consumer Cyclical,Internet Retail,20253,,-,2026432,0.0002
12/31/2024,NGS,Balanced Growth,LISTED EQUITY,1,CIGNA GROUP,-,CI US,BB Ticker,United States,Healthcare,Healthcare Plans,4538,,-,2023955,0.0002
12/31/2024,NGS,Balanced Growth,LISTED EQUITY,1,"TWILIO, INC.",-,TWLO US,BB Ticker,United States,Technology,Software - Infrastructure,11568,,-,2019441,0.0002
12/31/2024,NGS,Balanced Growth,LISTED EQUITY,1,"ROCKWELL AUTOMATION, INC.",-,ROK US,BB Ticker,United States,Industrials,Specialty Industrial Machinery,4354,,-,2009519,0.0002
12/31/2024,NGS,Balanced Growth,LISTED EQUITY,1,SKYCITY ENTERTAINMENT GROUP LTD.,-,SKC AU,BB Ticker,Australia,Basic Materials,Specialty Chemicals,1531422,,-,2006163,0.0002
12/31/2024,NGS,Balanced Growth,LISTED EQUITY,1,"INTERNATIONAL FLAVORS & FRAGRANCES, INC.",-,IFF US,BB Ticker,United States,Basic Materials,Specialty Chemicals,14600,,-,1993777,0.0002
12/31/2024,NGS,Balanced Growth,LISTED EQUITY,1,ARCH CAPITAL GROUP LTD.,-,ACGL US,BB Ticker,United States,Financial Services,Insurance - Diversified,13324,,-,1987335,0.0002
12/31/2024,NGS,Balanced Growth,LISTED EQUITY,1,POLYNOVO LTD.,-,PNV AU,BB Ticker,Australia,Consumer Defensive,Farm Products,971694,,-,1982256,0.0002
12/31/2024,NGS,Balanced Growth,LISTED EQUITY,1,VULCAN STEEL LTD.,-,VSL AU,BB Ticker,Australia,Technology,Software - Infrastructure,292652,,-,1975398,0.0002
12/31/2024,NGS,Balanced Growth,LISTED EQUITY,1,"DROPBOX, INC.",-,DBX US,BB Ticker,United States,Technology,Software - Infrastructure,40679,,-,1973678,0.0002
12/31/2024,NGS,Balanced Growth,LISTED EQUITY,1,"TOKIO MARINE HOLDINGS, INC.",-,8766 JP,BB Ticker,Japan,Financial Services,Insurance - Property & Casualty,33515,,-,1972910,0.0002
12/31/2024,NGS,Balanced Growth,LISTED EQUITY,1,NATIONAL BANK OF CANADA,-,NA CN,,Canada,,,13405,,-,1972734,0.0002
12/31/2024,NGS,Balanced Growth,LISTED EQUITY,1,NOKIA OYJ,-,NOKIA FH,BB Ticker,Finland,Technology,Communication Equipment,275649,,-,1970586,0.0002
12/31/2024,NGS,Balanced Growth,LISTED EQUITY,1,"TYSON FOODS, INC.",-,TSN US,BB Ticker,United States,Consumer Defensive,Farm Products,21154,,-,1962504,0.0002
12/31/2024,NGS,Balanced Growth,LISTED EQUITY,1,"BROWN & BROWN, INC.",-,BRO US,BB Ticker,United States,Financial Services,Insurance Brokers,11867,,-,1955402,0.0002
12/31/2024,NGS,Balanced Growth,LISTED EQUITY,1,"PPG INDUSTRIES, INC.",-,PPG US,BB Ticker,United States,Basic Materials,Specialty Chemicals,10109,,-,1950318,0.0002
12/31/2024,NGS,Balanced Growth,LISTED EQUITY,1,CUSCAL LTD.,-,CCL AU,BB Ticker,Australia,Consumer Cyclical,Travel Services,859658,,-,1942827,0.0002
12/31/2024,NGS,Balanced Growth,LISTED EQUITY,1,INFOSYS LTD.,-,INFY US,BB Ticker,United States,Technology,Information Technology Services,54854,,-,1942031,0.0002
12/31/2024,NGS,Balanced Growth,LISTED EQUITY,1,NUTRIEN LTD.,-,NTR US,BB Ticker,United States,Basic Materials,Agricultural Inputs,26798,,-,1936842,0.0002
12/31/2024,NGS,Balanced Growth,LISTED EQUITY,1,CANADIAN NATIONAL RAILWAY CO.,-,CNR CN,BB Ticker,Canada,Energy,Thermal Coal,11808,,-,1935596,0.0002
12/31/2024,NGS,Balanced Growth,LISTED EQUITY,1,UNILEVER PLC,-,ULVR LN,BB Ticker,United Kingdom,Consumer Defensive,Household & Personal Products,21021,,-,1933870,0.0002
12/31/2024,NGS,Balanced Growth,LISTED EQUITY,1,G8 EDUCATION LTD.,-,GEM AU,BB Ticker,Australia,,,1481504,,-,1933362,0.0002
12/31/2024,NGS,Balanced Growth,LISTED EQUITY,1,SYNCHRONY FINANCIAL,-,SYF US,BB Ticker,United States,Financial Services,Credit Services,18381,,-,1929599,0.0002
12/31/2024,NGS,Balanced Growth,LISTED EQUITY,1,ICON PLC,-,ICLR US,BB Ticker,United States,Healthcare,Diagnostics & Research,5697,,-,1929575,0.0002
12/31/2024,NGS,Balanced Growth,LISTED EQUITY,1,ADVANTEST CORP.,-,6857 JP,BB Ticker,Japan,Technology,Semiconductor Equipment & Materials,20385,,-,1926984,0.0002
12/31/2024,NGS,Balanced Growth,LISTED EQUITY,1,KEYERA CORP.,-,KEY CN,BB Ticker,Canada,Financial Services,Banks - Regional,38987,,-,1924724,0.0002
12/31/2024,NGS,Balanced Growth,LISTED EQUITY,1,PARTNERS GROUP HOLDING AG,-,PGHN SW,BB Ticker,Switzerland,Financial Services,Asset Management,878,,-,1923825,0.0002
12/31/2024,NGS,Balanced Growth,LISTED EQUITY,1,ALDAR PROPERTIES PJSC,-,ALDAR UH,BB Ticker,United Arab Emirates,Consumer Cyclical,Apparel Retail,569089,,-,1921845,0.0002
12/31/2024,NGS,Balanced Growth,LISTED EQUITY,1,KDDI CORP.,-,9433 JP,BB Ticker,Japan,Communication Services,Telecom Services,37040,,-,1919245,0.0002
12/31/2024,NGS,Balanced Growth,LISTED EQUITY,1,HEINEKEN NV,-,HEIA NA,BB Ticker,Netherlands,Consumer Defensive,Beverages - Brewers,16700,,-,1918740,0.0002
12/31/2024,NGS,Balanced Growth,LISTED EQUITY,1,NORTHERN TRUST CORP.,-,NTRS US,BB Ticker,United States,Financial Services,Asset Management,11578,,-,1916783,0.0002
12/31/2024,NGS,Balanced Growth,LISTED EQUITY,1,"ILLUMINA, INC.",-,ILMN US,BB Ticker,United States,Healthcare,Diagnostics & Research,8836,,-,1906968,0.0002
12/31/2024,NGS,Balanced Growth,LISTED EQUITY,1,"ILLINOIS TOOL WORKS, INC.",-,ITW US,BB Ticker,United States,Industrials,Specialty Industrial Machinery,4654,,-,1906000,0.0002
12/31/2024,NGS,Balanced Growth,LISTED EQUITY,1,KINGDEE INTERNATIONAL SOFTWARE GROUP CO. LTD.,-,268 HK,BB Ticker,Hong Kong,Basic Materials,Paper & Paper Products,1074312,,-,1905361,0.0002
12/31/2024,NGS,Balanced Growth,LISTED EQUITY,1,KONINKLIJKE PHILIPS NV,-,PHIA NA,BB Ticker,Netherlands,Healthcare,Medical Devices,46554,,-,1899757,0.0002
12/31/2024,NGS,Balanced Growth,LISTED EQUITY,1,SUPER RETAIL GROUP LTD.,-,SUL AU,BB Ticker,Australia,,,124998,,-,1897464,0.0002
12/31/2024,NGS,Balanced Growth,LISTED EQUITY,1,BOOZ ALLEN HAMILTON HOLDING CORP.,-,BAH US,BB Ticker,United States,Industrials,Consulting Services,9039,,-,1878845,0.0002
12/31/2024,NGS,Balanced Growth,LISTED EQUITY,1,CLOROX CO.,-,CLX US,BB Ticker,United States,Consumer Defensive,Household & Personal Products,7158,,-,1877558,0.0002
12/31/2024,NGS,Balanced Growth,LISTED EQUITY,1,TRACTOR SUPPLY CO.,-,TSCO US,BB Ticker,United States,Consumer Cyclical,Specialty Retail,21678,,-,1857746,0.0002
12/31/2024,NGS,Balanced Growth,LISTED EQUITY,1,AMPOL LTD.,-,ALD AU,BB Ticker,Australia,Healthcare,Biotechnology,65525,,-,1847140,0.0002
12/31/2024,NGS,Balanced Growth,LISTED EQUITY,1,"NIKE, INC.",-,NKE US,BB Ticker,United States,Consumer Cyclical,Footwear & Accessories,15046,,-,1838936,0.0002
12/31/2024,NGS,Balanced Growth,LISTED EQUITY,1,SEA LTD.,-,SE US,BB Ticker,United States,Consumer Cyclical,Internet Retail,10702,,-,1833831,0.0002
12/31/2024,NGS,Balanced Growth,LISTED EQUITY,1,"ELEVANCE HEALTH, INC.",-,ELV US,BB Ticker,United States,Healthcare,Healthcare Plans,3078,,-,1833437,0.0002
12/31/2024,NGS,Balanced Growth,LISTED EQUITY,1,GENTRACK GROUP LTD.,-,GTK AU,BB Ticker,Australia,Consumer Defensive,Farm Products,156862,,-,1818029,0.0002
12/31/2024,NGS,Balanced Growth,LISTED EQUITY,1,PEET LTD.,-,PPC AU,BB Ticker,Australia,Consumer Defensive,Packaged Foods,1248851,,-,1817078,0.0002
12/31/2024,NGS,Balanced Growth,LISTED EQUITY,1,LOEWS CORP.,-,L US,BB Ticker,United States,Financial Services,Insurance - Property & Casualty,13251,,-,1812475,0.0002
12/31/2024,NGS,Balanced Growth,LISTED EQUITY,1,"ALNYLAM PHARMACEUTICALS, INC.",-,ALNY US,BB Ticker,United States,Healthcare,Biotechnology,4747,,-,1804271,0.0002
12/31/2024,NGS,Balanced Growth,LISTED EQUITY,1,"ZOOM COMMUNICATIONS, INC.",-,ZM US,BB Ticker,United States,Technology,Software - Application,13664,,-,1801028,0.0002
12/31/2024,NGS,Balanced Growth,LISTED EQUITY,1,TELKOM INDONESIA PERSERO TBK. PT,-,TLKM IJ,BB Ticker,Indonesia,Communication Services,Telecom Services,6617806,,-,1799684,0.0002
12/31/2024,NGS,Balanced Growth,LISTED EQUITY,1,GLENCORE PLC,-,GLEN LN,BB Ticker,United Kingdom,Basic Materials,Other Industrial Metals & Mining,249874,,-,1786217,0.0002
12/31/2024,NGS,Balanced Growth,LISTED EQUITY,1,"T-MOBILE U.S., INC.",-,TMUS US,BB Ticker,United States,Communication Services,Telecom Services,5003,,-,1783630,0.0002
12/31/2024,NGS,Balanced Growth,LISTED EQUITY,1,EMERSON ELECTRIC CO.,-,EMR US,BB Ticker,United States,Industrials,Specialty Industrial Machinery,8884,,-,1778364,0.0002
12/31/2024,NGS,Balanced Growth,LISTED EQUITY,1,KRAFT HEINZ CO.,-,KHC US,BB Ticker,United States,Consumer Defensive,Packaged Foods,35830,,-,1777187,0.0002
12/31/2024,NGS,Balanced Growth,LISTED EQUITY,1,"KINDER MORGAN, INC.",-,KMI US,BB Ticker,United States,Energy,Oil & Gas Midstream,40114,,-,1775242,0.0002
12/31/2024,NGS,Balanced Growth,LISTED EQUITY,1,ZALANDO SE,-,ZAL GR,BB Ticker,Germany,Consumer Cyclical,Internet Retail,32754,,-,1774295,0.0002
12/31/2024,NGS,Balanced Growth,LISTED EQUITY,1,COGNIZANT TECHNOLOGY SOLUTIONS CORP.,-,CTSH US,BB Ticker,United States,Technology,Information Technology Services,14270,,-,1772356,0.0002
12/31/2024,NGS,Balanced Growth,LISTED EQUITY,1,SAMSONITE INTERNATIONAL SA,-,1910 HK,BB Ticker,Hong Kong,Consumer Cyclical,Footwear & Accessories,389744,,-,1750374,0.0002
12/31/2024,NGS,Balanced Growth,LISTED EQUITY,1,"BDO UNIBANK, INC.",-,BDO PM,BB Ticker,Philippines,Financial Services,Banks - Regional,435097,,-,1749390,0.0002
12/31/2024,NGS,Balanced Growth,LISTED EQUITY,1,MCKESSON CORP.,-,MCK US,BB Ticker,United States,Healthcare,Medical Distribution,1898,,-,1747308,0.0002
12/31/2024,NGS,Balanced Growth,LISTED EQUITY,1,"KKR & CO., INC.",-,KKR US,BB Ticker,United States,Financial Services,Asset Management,7288,,-,1740965,0.0002
12/31/2024,NGS,Balanced Growth,LISTED EQUITY,1,QUALITAS LTD.,-,QAL AU,BB Ticker,Australia,,,636863,,-,1738636,0.0002
12/31/2024,NGS,Balanced Growth,LISTED EQUITY,1,"CORE & MAIN, INC.",-,CNM US,BB Ticker,United States,Industrials,Industrial Distribution,21142,,-,1738434,0.0002
12/31/2024,NGS,Balanced Growth,LISTED EQUITY,1,"EXPEDITORS INTERNATIONAL OF WASHINGTON, INC.",-,EXPD US,BB Ticker,United States,Industrials,Integrated Freight & Logistics,9708,,-,1736890,0.0002
12/31/2024,NGS,Balanced Growth,LISTED EQUITY,1,"MS&AD INSURANCE GROUP HOLDINGS, INC.",-,8725 JP,SEDOL,Japan,,,48995,,-,1736609,0.0002
12/31/2024,NGS,Balanced Growth,LISTED EQUITY,1,VOLVO AB,-,VOLVB SS,BB Ticker,Sweden,,,44203,,-,1735509,0.0002
12/31/2024,NGS,Balanced Growth,LISTED EQUITY,1,LEONARDO SPA,-,LDO IM,BB Ticker,Italy,Technology,Information Technology Services,39952,,-,1732598,0.0002
12/31/2024,NGS,Balanced Growth,LISTED EQUITY,1,LEGRAND SA,-,LR FP,BB Ticker,France,,,11003,,-,1730474,0.0002
12/31/2024,NGS,Balanced Growth,LISTED EQUITY,1,AIRBUS SE,-,AIR FP,BB Ticker,France,Industrials,Aerospace & Defense,6669,,-,1726402,0.0002
12/31/2024,NGS,Balanced Growth,LISTED EQUITY,1,"CARLISLE COS., INC.",-,CSL US,BB Ticker,United States,Industrials,Building Products & Equipment,2891,,-,1721989,0.0002
12/31/2024,NGS,Balanced Growth,LISTED EQUITY,1,SMARTGROUP CORP. LTD.,-,SIQ AU,BB Ticker,Australia,,,220915,,-,1716510,0.0002
12/31/2024,NGS,Balanced Growth,LISTED EQUITY,1,J SAINSBURY PLC,-,SBRY LN,BB Ticker,United Kingdom,Consumer Defensive,Grocery Stores,310148,,-,1716454,0.0002
12/31/2024,NGS,Balanced Growth,LISTED EQUITY,1,COBRAM ESTATE OLIVES LTD.,-,CBO AU,BB Ticker,Australia,,,797810,,-,1715291,0.0002
12/31/2024,NGS,Balanced Growth,LISTED EQUITY,1,KOMATSU LTD.,-,6301 JP,BB Ticker,Japan,Industrials,Farm & Heavy Construction Machinery,38284,,-,1711440,0.0002
12/31/2024,NGS,Balanced Growth,LISTED EQUITY,1,"MCCORMICK & CO., INC.",-,MKC US,BB Ticker,United States,Consumer Defensive,Packaged Foods,13872,,-,1708132,0.0002
12/31/2024,NGS,Balanced Growth,LISTED EQUITY,1,STRAUMANN HOLDING AG,-,STMN SW,BB Ticker,Switzerland,Technology,Semiconductors,8346,,-,1699448,0.0002
12/31/2024,NGS,Balanced Growth,LISTED EQUITY,1,AVERY DENNISON CORP.,-,AVY US,BB Ticker,United States,Consumer Cyclical,Packaging & Containers,5609,,-,1695289,0.0002
12/31/2024,NGS,Balanced Growth,LISTED EQUITY,1,DAIICHI SANKYO CO. LTD.,-,4568 JP,BB Ticker,Japan,Industrials,Specialty Industrial Machinery,37316,,-,1668958,0.0002
12/31/2024,NGS,Balanced Growth,LISTED EQUITY,1,CHECK POINT SOFTWARE TECHNOLOGIES LTD.,-,CHKP US,BB Ticker,United States,Technology,Software - Infrastructure,5492,,-,1655969,0.0002
12/31/2024,NGS,Balanced Growth,LISTED EQUITY,1,ING GROEP NV,-,INGA NA,BB Ticker,Netherlands,Industrials,Aerospace & Defense,65417,,-,1655325,0.0002
12/31/2024,NGS,Balanced Growth,LISTED EQUITY,1,UNITED THERAPEUTICS CORP.,-,UTHR US,BB Ticker,United States,Healthcare,Drug Manufacturers - Specialty & Generic,2899,,-,1652017,0.0002
12/31/2024,NGS,Balanced Growth,LISTED EQUITY,1,"MONDELEZ INTERNATIONAL, INC.",-,MDLZ US,BB Ticker,United States,Consumer Defensive,Confectioners,16858,,-,1626356,0.0002
12/31/2024,NGS,Balanced Growth,LISTED EQUITY,1,OTIS WORLDWIDE CORP.,-,OTIS US,BB Ticker,United States,Industrials,Specialty Industrial Machinery,10819,,-,1618138,0.0002
12/31/2024,NGS,Balanced Growth,LISTED EQUITY,1,"ACUITY BRANDS, INC.",-,AYI US,BB Ticker,United States,Industrials,Electrical Equipment & Parts,3429,,-,1617847,0.0002
12/31/2024,NGS,Balanced Growth,LISTED EQUITY,1,"MSCI, INC.",-,MSCI US,BB Ticker,United States,Financial Services,Financial Data & Stock Exchanges,1669,,-,1617261,0.0002
12/31/2024,NGS,Balanced Growth,LISTED EQUITY,1,AXIS BANK LTD.,-,AXSB IN,BB Ticker,India,,,80310,,-,1613088,0.0002
12/31/2024,NGS,Balanced Growth,LISTED EQUITY,1,TAKEDA PHARMACEUTICAL CO. LTD.,-,4502 JP,BB Ticker,Japan,Healthcare,Drug Manufacturers - Specialty & Generic,37524,,-,1612288,0.0002
12/31/2024,NGS,Balanced Growth,LISTED EQUITY,1,"INTERNATIONAL CONTAINER TERMINAL SERVICES, INC.",-,ICT PM,BB Ticker,Philippines,Technology,Semiconductors,148856,,-,1604324,0.0002
12/31/2024,NGS,Balanced Growth,LISTED EQUITY,1,E.ON SE,-,EOAN GR,BB Ticker,Germany,Utilities,Utilities - Diversified,85240,,-,1603099,0.0002
12/31/2024,NGS,Balanced Growth,LISTED EQUITY,1,EDWARDS LIFESCIENCES CORP.,-,EW US,BB Ticker,United States,Healthcare,Medical Devices,13348,,-,1595988,0.0002
12/31/2024,NGS,Balanced Growth,LISTED EQUITY,1,ZURICH INSURANCE GROUP AG,-,ZURN SW,BB Ticker,Switzerland,Industrials,Pollution & Treatment Controls,1659,,-,1592558,0.0002
12/31/2024,NGS,Balanced Growth,LISTED EQUITY,1,MERCEDES-BENZ GROUP AG,-,MBG GR,BB Ticker,Germany,Consumer Cyclical,Auto Manufacturers,17656,,-,1588711,0.0002
12/31/2024,NGS,Balanced Growth,LISTED EQUITY,1,MITSUBISHI HEAVY INDUSTRIES LTD.,-,7011 JP,BB Ticker,Japan,Industrials,Specialty Industrial Machinery,69519,,-,1588181,0.0002
12/31/2024,NGS,Balanced Growth,LISTED EQUITY,1,MTU AERO ENGINES AG,-,MTX GR,BB Ticker,Germany,Basic Materials,Specialty Chemicals,2943,,-,1584960,0.0002
12/31/2024,NGS,Balanced Growth,LISTED EQUITY,1,"AMETEK, INC.",-,AME US,BB Ticker,United States,Industrials,Specialty Industrial Machinery,5441,,-,1584161,0.0002
12/31/2024,NGS,Balanced Growth,LISTED EQUITY,1,SEVERN TRENT PLC,-,SVT LN,BB Ticker,United Kingdom,Utilities,Utilities - Regulated Water,31207,,-,1583176,0.0002
12/31/2024,NGS,Balanced Growth,LISTED EQUITY,1,GRAINCORP LTD.,-,GNC AU,BB Ticker,Australia,Healthcare,Biotechnology,215590,,-,1582430,0.0002
12/31/2024,NGS,Balanced Growth,LISTED EQUITY,1,PARKLAND CORP.,-,PKI CN,BB Ticker,Canada,Financial Services,Insurance - Life,43261,,-,1579445,0.0002
12/31/2024,NGS,Balanced Growth,LISTED EQUITY,1,"BLACKSTONE, INC.",-,BX US,BB Ticker,United States,Financial Services,Asset Management,5669,,-,1578767,0.0002
12/31/2024,NGS,Balanced Growth,LISTED EQUITY,1,"ASSURANT, INC.",-,AIZ US,BB Ticker,United States,Financial Services,Insurance - Property & Casualty,4574,,-,1575161,0.0002
12/31/2024,NGS,Balanced Growth,LISTED EQUITY,1,"BIOGEN, INC.",-,BIIB US,BB Ticker,United States,Healthcare,Drug Manufacturers - General,6361,,-,1571059,0.0002
12/31/2024,NGS,Balanced Growth,LISTED EQUITY,1,CONSTELLATION ENERGY CORP.,-,CEG US,BB Ticker,United States,Utilities,Utilities - Renewable,4330,,-,1564517,0.0001
12/31/2024,NGS,Balanced Growth,LISTED EQUITY,1,HINDALCO INDUSTRIES LTD.,-,HNDL IN,BB Ticker,India,,,136791,,-,1554668,0.0001
12/31/2024,NGS,Balanced Growth,LISTED EQUITY,1,WIX.COM LTD.,-,WIX US,BB Ticker,United States,Technology,Software - Infrastructure,4484,,-,1553857,0.0001
12/31/2024,NGS,Balanced Growth,LISTED EQUITY,1,BOEING CO.,-,BA US,BB Ticker,United States,Industrials,Aerospace & Defense,5434,,-,1553339,0.0001
12/31/2024,NGS,Balanced Growth,LISTED EQUITY,1,"RESMED, INC.",-,RMD US,BB Ticker,United States,Healthcare,Medical Instruments & Supplies,4192,,-,1548552,0.0001
12/31/2024,NGS,Balanced Growth,LISTED EQUITY,1,"CHIPOTLE MEXICAN GRILL, INC.",-,CMG US,BB Ticker,United States,Consumer Cyclical,Restaurants,15900,,-,1548462,0.0001
12/31/2024,NGS,Balanced Growth,LISTED EQUITY,1,REGIS RESOURCES LTD.,-,RRL AU,BB Ticker,Australia,Basic Materials,Gold,606860,,-,1547492,0.0001
12/31/2024,NGS,Balanced Growth,LISTED EQUITY,1,"FORTUNE BRANDS INNOVATIONS, INC.",-,FBIN US,BB Ticker,United States,Industrials,Building Products & Equipment,14002,,-,1545325,0.0001
12/31/2024,NGS,Balanced Growth,LISTED EQUITY,1,"ADVANCED DRAINAGE SYSTEMS, INC.",-,WMS US,BB Ticker,United States,Industrials,Building Products & Equipment,8260,,-,1542195,0.0001
12/31/2024,NGS,Balanced Growth,LISTED EQUITY,1,VOLTRONIC POWER TECHNOLOGY CORP.,-,6409 TT,BB Ticker,Taiwan,Industrials,Electrical Equipment & Parts,16765,,-,1536235,0.0001
12/31/2024,NGS,Balanced Growth,LISTED EQUITY,1,PEMBINA PIPELINE CORP.,-,PPL CN,BB Ticker,Canada,Utilities,Utilities - Regulated Electric,25726,,-,1534374,0.0001
12/31/2024,NGS,Balanced Growth,LISTED EQUITY,1,"GQG PARTNERS, INC.",-,GQG AU,BB Ticker,Australia,,,740669,,-,1533184,0.0001
12/31/2024,NGS,Balanced Growth,LISTED EQUITY,1,TORO CO.,-,TTC US,BB Ticker,United States,Industrials,Tools & Accessories,11847,,-,1532672,0.0001
12/31/2024,NGS,Balanced Growth,LISTED EQUITY,1,"JACK HENRY & ASSOCIATES, INC.",-,JKHY US,BB Ticker,United States,Technology,Information Technology Services,5413,,-,1532550,0.0001
12/31/2024,NGS,Balanced Growth,LISTED EQUITY,1,STANDARD CHARTERED PLC,-,STAN LN,BB Ticker,United Kingdom,,,76621,,-,1532207,0.0001
12/31/2024,NGS,Balanced Growth,LISTED EQUITY,1,ON HOLDING AG,-,ONON US,BB Ticker,United States,Consumer Cyclical,Footwear & Accessories,17258,,-,1526636,0.0001
12/31/2024,NGS,Balanced Growth,LISTED EQUITY,1,AUTO TRADER GROUP PLC,-,AUTO LN,BB Ticker,United Kingdom,Consumer Cyclical,Auto Manufacturers,94904,,-,1522317,0.0001
12/31/2024,NGS,Balanced Growth,LISTED EQUITY,1,INCYTE CORP.,-,INCY US,BB Ticker,United States,Healthcare,Biotechnology,13602,,-,1517426,0.0001
12/31/2024,NGS,Balanced Growth,LISTED EQUITY,1,GRAB HOLDINGS LTD.,-,GRAB US,BB Ticker,United States,Technology,Software - Application,198856,,-,1515949,0.0001
12/31/2024,NGS,Balanced Growth,LISTED EQUITY,1,"NVR, INC.",-,NVR US,BB Ticker,United States,Consumer Cyclical,Residential Construction,114,,-,1506203,0.0001
12/31/2024,NGS,Balanced Growth,LISTED EQUITY,1,GWA GROUP LTD.,-,GWA AU,BB Ticker,Australia,Healthcare,Drug Manufacturers - Specialty & Generic,620193,,-,1500867,0.0001
12/31/2024,NGS,Balanced Growth,LISTED EQUITY,1,"MEDIATEK, INC.",-,2454 TT,BB Ticker,Taiwan,Technology,Semiconductors,21422,,-,1493324,0.0001
12/31/2024,NGS,Balanced Growth,LISTED EQUITY,1,RELX PLC,-,REN NA,BB Ticker,Netherlands,Basic Materials,Gold,20404,,-,1491899,0.0001
12/31/2024,NGS,Balanced Growth,LISTED EQUITY,1,"PULTEGROUP, INC.",-,PHM US,BB Ticker,United States,Consumer Cyclical,Residential Construction,8401,,-,1477728,0.0001
12/31/2024,NGS,Balanced Growth,LISTED EQUITY,1,NITTO DENKO CORP.,-,6988 JP,BB Ticker,Japan,Technology,Electronic Components,53555,,-,1475024,0.0001
12/31/2024,NGS,Balanced Growth,LISTED EQUITY,1,REECE LTD.,-,REH AU,BB Ticker,Australia,Utilities,Utilities - Renewable,65720,,-,1470814,0.0001
12/31/2024,NGS,Balanced Growth,LISTED EQUITY,1,"OKTA, INC.",-,OKTA US,BB Ticker,United States,Technology,Software - Infrastructure,11550,,-,1469979,0.0001
12/31/2024,NGS,Balanced Growth,LISTED EQUITY,1,NARI TECHNOLOGY CO. LTD.,-,600406 C1,BB Ticker,China,Industrials,Specialty Industrial Machinery,262122,,-,1462766,0.0001
12/31/2024,NGS,Balanced Growth,LISTED EQUITY,1,BOC HONG KONG HOLDINGS LTD.,-,2388 HK,BB Ticker,Hong Kong,Financial Services,Banks - Regional,280561,,-,1455441,0.0001
12/31/2024,NGS,Balanced Growth,LISTED EQUITY,1,DEERE & CO.,-,DE US,BB Ticker,United States,Industrials,Farm & Heavy Construction Machinery,2125,,-,1454147,0.0001
12/31/2024,NGS,Balanced Growth,LISTED EQUITY,1,UNILEVER PLC,-,UNA NA,BB Ticker,Netherlands,Consumer Defensive,Household & Personal Products,15843,,-,1454110,0.0001
12/31/2024,NGS,Balanced Growth,LISTED EQUITY,1,"DT MIDSTREAM, INC.",-,DTM US,BB Ticker,United States,Energy,Oil & Gas Midstream,9032,,-,1450433,0.0001
12/31/2024,NGS,Balanced Growth,LISTED EQUITY,1,GAZTRANSPORT ET TECHNIGAZ SA,-,GTT FP,BB Ticker,France,,,6730,,-,1447471,0.0001
12/31/2024,NGS,Balanced Growth,LISTED EQUITY,1,XIAOMI CORP.,-,1810 HK,SEDOL,Hong Kong,,,200677,,-,1439507,0.0001
12/31/2024,NGS,Balanced Growth,LISTED EQUITY,1,CHINA RESOURCES BEER HOLDINGS CO. LTD.,-,291 HK,BB Ticker,Hong Kong,Consumer Cyclical,Department Stores,273996,,-,1438476,0.0001
12/31/2024,NGS,Balanced Growth,LISTED EQUITY,1,"IDEXX LABORATORIES, INC.",-,IDXX US,BB Ticker,United States,Healthcare,Diagnostics & Research,2144,,-,1431393,0.0001
12/31/2024,NGS,Balanced Growth,LISTED EQUITY,1,MAX HEALTHCARE INSTITUTE LTD.,-,MAXHEALT IN,BB Ticker,India,Healthcare,Medical Care Facilities,67251,,-,1431283,0.0001
12/31/2024,NGS,Balanced Growth,LISTED EQUITY,1,FAIR ISAAC CORP.,-,FICO US,BB Ticker,United States,Technology,Software - Application,445,,-,1428800,0.0001
12/31/2024,NGS,Balanced Growth,LISTED EQUITY,1,SITEMINDER LTD.,-,SDR AU,BB Ticker,Australia,Energy,Oil & Gas Drilling,236501,,-,1428468,0.0001
12/31/2024,NGS,Balanced Growth,LISTED EQUITY,1,"FERGUSON ENTERPRISES, INC.",-,FERG US,BB Ticker,United States,Industrials,Industrial Distribution,5086,,-,1425795,0.0001
12/31/2024,NGS,Balanced Growth,LISTED EQUITY,1,"CLEAN HARBORS, INC.",-,CLH US,BB Ticker,United States,Industrials,Waste Management,3785,,-,1407080,0.0001
12/31/2024,NGS,Balanced Growth,LISTED EQUITY,1,PAYLOCITY HOLDING CORP.,-,PCTY US,BB Ticker,United States,Technology,Software - Application,4350,,-,1401451,0.0001
12/31/2024,NGS,Balanced Growth,LISTED EQUITY,1,ALIBABA GROUP HOLDING LTD.,-,BABA US,BB Ticker,United States,Consumer Cyclical,Internet Retail,10193,,-,1395952,0.0001
12/31/2024,NGS,Balanced Growth,LISTED EQUITY,1,"GUIDEWIRE SOFTWARE, INC.",-,GWRE US,BB Ticker,United States,Technology,Software - Application,5120,,-,1394024,0.0001
12/31/2024,NGS,Balanced Growth,LISTED EQUITY,1,"HASBRO, INC.",-,HAS US,BB Ticker,United States,Consumer Cyclical,Leisure,15412,,-,1391675,0.0001
12/31/2024,NGS,Balanced Growth,LISTED EQUITY,1,SERVICE CORP. INTERNATIONAL,-,SCI US,BB Ticker,United States,Consumer Cyclical,Personal Services,10760,,-,1387180,0.0001
12/31/2024,NGS,Balanced Growth,LISTED EQUITY,1,TECHNIPFMC PLC,-,FTI US,BB Ticker,United States,Energy,Oil & Gas Equipment & Services,29648,,-,1385801,0.0001
12/31/2024,NGS,Balanced Growth,LISTED EQUITY,1,ADVANTECH CO. LTD.,-,2395 TT,BB Ticker,Taiwan,Healthcare,Diagnostics & Research,80851,,-,1380146,0.0001
12/31/2024,NGS,Balanced Growth,LISTED EQUITY,1,"ANALOG DEVICES, INC.",-,ADI US,BB Ticker,United States,Technology,Semiconductors,4008,,-,1375339,0.0001
12/31/2024,NGS,Balanced Growth,LISTED EQUITY,1,ASSA ABLOY AB,-,ASSAB SS,BB Ticker,Sweden,,,28773,,-,1374464,0.0001
12/31/2024,NGS,Balanced Growth,LISTED EQUITY,1,PROSUS NV,-,PRX NA,BB Ticker,Netherlands,Communication Services,Internet Content & Information,21334,,-,1368311,0.0001
12/31/2024,NGS,Balanced Growth,LISTED EQUITY,1,"DAIWA SECURITIES GROUP, INC.",-,8601 JP,BB Ticker,Japan,Industrials,Engineering & Construction,126805,,-,1365714,0.0001
12/31/2024,NGS,Balanced Growth,LISTED EQUITY,1,NAVIGATOR GLOBAL INVESTMENTS LTD.,-,NGI AU,BB Ticker,Australia,Industrials,Specialty Industrial Machinery,793716,,-,1365191,0.0001
12/31/2024,NGS,Balanced Growth,LISTED EQUITY,1,BROOKFIELD CORP.,-,BN US,BB Ticker,United States,Financial Services,Asset Management,14662,,-,1360502,0.0001
12/31/2024,NGS,Balanced Growth,LISTED EQUITY,1,"BORGWARNER, INC.",-,BWA US,BB Ticker,United States,Consumer Cyclical,Auto Parts,26308,,-,1350795,0.0001
12/31/2024,NGS,Balanced Growth,LISTED EQUITY,1,SANKYO CO. LTD.,-,6417 JP,SEDOL,Japan,,,61502,,-,1345006,0.0001
12/31/2024,NGS,Balanced Growth,LISTED EQUITY,1,CREDIT CORP. GROUP LTD.,-,CCP AU,BB Ticker,Australia,Communication Services,Entertainment,84111,,-,1344931,0.0001
12/31/2024,NGS,Balanced Growth,LISTED EQUITY,1,BE SEMICONDUCTOR INDUSTRIES NV,-,BESI NA,BB Ticker,Netherlands,Technology,Semiconductor Equipment & Materials,6077,,-,1344778,0.0001
12/31/2024,NGS,Balanced Growth,LISTED EQUITY,1,CIA DE SANEAMENTO BASICO DO ESTADO DE SAO PAULO SABESP,-,SBSP3 BZ,BB Ticker,Brazil,Utilities,Utilities - Regulated Water,57978,,-,1341444,0.0001
12/31/2024,NGS,Balanced Growth,LISTED EQUITY,1,"TAKARA HOLDINGS, INC.",-,2531 JP,BB Ticker,Japan,,,96123,,-,1338533,0.0001
12/31/2024,NGS,Balanced Growth,LISTED EQUITY,1,POOL CORP.,-,POOL US,BB Ticker,United States,Industrials,Industrial Distribution,2423,,-,1334499,0.0001
12/31/2024,NGS,Balanced Growth,LISTED EQUITY,1,UNI-PRESIDENT ENTERPRISES CORP.,-,1216 TT,BB Ticker,Taiwan,Basic Materials,Specialty Chemicals,333770,,-,1330245,0.0001
12/31/2024,NGS,Balanced Growth,LISTED EQUITY,1,STARBUCKS CORP.,-,SBUX US,BB Ticker,United States,Consumer Cyclical,Restaurants,9015,,-,1328561,0.0001
12/31/2024,NGS,Balanced Growth,LISTED EQUITY,1,RELX PLC,-,REL LN,BB Ticker,United Kingdom,Healthcare,Biotechnology,18085,,-,1327563,0.0001
12/31/2024,NGS,Balanced Growth,LISTED EQUITY,1,"AMERIPRISE FINANCIAL, INC.",-,AMP US,BB Ticker,United States,Financial Services,Asset Management,1541,,-,1325171,0.0001
12/31/2024,NGS,Balanced Growth,LISTED EQUITY,1,SUN PHARMACEUTICAL INDUSTRIES LTD.,-,SUNP IN,BB Ticker,India,Healthcare,Drug Manufacturers - Specialty & Generic,37234,,-,1325034,0.0001
12/31/2024,NGS,Balanced Growth,LISTED EQUITY,1,MITSUBISHI ELECTRIC CORP.,-,6503 JP,SEDOL,Japan,,,47958,,-,1324309,0.0001
12/31/2024,NGS,Balanced Growth,LISTED EQUITY,1,TC ENERGY CORP.,-,TRP CN,BB Ticker,Canada,Energy,Oil & Gas Midstream,17591,,-,1323383,0.0001
12/31/2024,NGS,Balanced Growth,LISTED EQUITY,1,SINGAPORE TELECOMMUNICATIONS LTD.,-,ST SP,BB Ticker,Singapore,Technology,Scientific & Technical Instruments,360376,,-,1314109,0.0001
12/31/2024,NGS,Balanced Growth,LISTED EQUITY,1,ENEL SPA,-,ENEL IM,BB Ticker,Italy,Utilities,Utilities - Diversified,113508,,-,1307211,0.0001
12/31/2024,NGS,Balanced Growth,LISTED EQUITY,1,ANTA SPORTS PRODUCTS LTD.,-,2020 HK,BB Ticker,Hong Kong,,,80713,,-,1306471,0.0001
12/31/2024,NGS,Balanced Growth,LISTED EQUITY,1,ADYEN NV,-,ADYEN NA,BB Ticker,Netherlands,Technology,Software - Infrastructure,543,,-,1305372,0.0001
12/31/2024,NGS,Balanced Growth,LISTED EQUITY,1,EXPERIAN PLC,-,EXPN LN,BB Ticker,United Kingdom,Industrials,Consulting Services,18714,,-,1304072,0.0001
12/31/2024,NGS,Balanced Growth,LISTED EQUITY,1,VERRA MOBILITY CORP.,-,VRRM US,BB Ticker,United States,Technology,Information Technology Services,33330,,-,1301656,0.0001
12/31/2024,NGS,Balanced Growth,LISTED EQUITY,1,INVESTEC PLC,-,INVP LN,BB Ticker,United Kingdom,,,118119,,-,1299773,0.0001
12/31/2024,NGS,Balanced Growth,LISTED EQUITY,1,MALAYSIA AIRPORTS HOLDINGS BHD.,-,MAHB MK,BB Ticker,Malaysia,,,339782,,-,1298486,0.0001
12/31/2024,NGS,Balanced Growth,LISTED EQUITY,1,CRODA INTERNATIONAL PLC,-,CRDA LN,BB Ticker,United Kingdom,Basic Materials,Specialty Chemicals,18948,,-,1297400,0.0001
12/31/2024,NGS,Balanced Growth,LISTED EQUITY,1,HYUNDAI MOTOR CO.,-,005380 KS,BB Ticker,South Korea,Consumer Cyclical,Auto Manufacturers,5566,,-,1294494,0.0001
12/31/2024,NGS,Balanced Growth,LISTED EQUITY,1,NORDEA BANK ABP,-,NDA FH,BB Ticker,Finland,,,73435,,-,1289575,0.0001
12/31/2024,NGS,Balanced Growth,LISTED EQUITY,1,SOUTHERN CO.,-,SO US,BB Ticker,United States,Utilities,Utilities - Regulated Electric,9688,,-,1288125,0.0001
12/31/2024,NGS,Balanced Growth,LISTED EQUITY,1,"HOWMET AEROSPACE, INC.",-,HWM US,BB Ticker,United States,Industrials,Aerospace & Defense,7271,,-,1284280,0.0001
12/31/2024,NGS,Balanced Growth,LISTED EQUITY,1,"VERISIGN, INC.",-,VRSN US,BB Ticker,United States,Technology,Software - Infrastructure,3832,,-,1280833,0.0001
12/31/2024,NGS,Balanced Growth,LISTED EQUITY,1,LA FRANCAISE DES JEUX SACA,-,FDJ FP,BB Ticker,France,Consumer Cyclical,Gambling,20565,,-,1280159,0.0001
12/31/2024,NGS,Balanced Growth,LISTED EQUITY,1,"GMO PAYMENT GATEWAY, INC.",-,3769 JP,BB Ticker,Japan,Healthcare,Medical Care Facilities,15617,,-,1279334,0.0001
12/31/2024,NGS,Balanced Growth,LISTED EQUITY,1,FLEETPARTNERS GROUP LTD.,-,FPR AU,BB Ticker,Australia,,,474317,,-,1275913,0.0001
12/31/2024,NGS,Balanced Growth,LISTED EQUITY,1,DNB BANK ASA,-,DNB NO,BB Ticker,Belgium,Financial Services,Financial Data & Stock Exchanges,39182,,-,1264286,0.0001
12/31/2024,NGS,Balanced Growth,LISTED EQUITY,1,GENPACT LTD.,-,G US,BB Ticker,United States,Technology,Information Technology Services,18220,,-,1263898,0.0001
12/31/2024,NGS,Balanced Growth,LISTED EQUITY,1,PUBLICIS GROUPE SA,-,PUB FP,BB Ticker,France,Healthcare,Biotechnology,7337,,-,1263845,0.0001
12/31/2024,NGS,Balanced Growth,LISTED EQUITY,1,PHILLIPS 66,-,PSX US,BB Ticker,United States,Energy,Oil & Gas Refining & Marketing,6801,,-,1251486,0.0001
12/31/2024,NGS,Balanced Growth,LISTED EQUITY,1,VINCI SA,-,DG FP,BB Ticker,France,Consumer Defensive,Discount Stores,7487,,-,1248973,0.0001
12/31/2024,NGS,Balanced Growth,LISTED EQUITY,1,SOFTBANK GROUP CORP.,-,9984 JP,BB Ticker,Japan,Communication Services,Telecom Services,13198,,-,1245877,0.0001
12/31/2024,NGS,Balanced Growth,LISTED EQUITY,1,COLOPLAST AS,-,COLOB DC,BB Ticker,Denmark,Healthcare,Medical Instruments & Supplies,7063,,-,1245380,0.0001
12/31/2024,NGS,Balanced Growth,LISTED EQUITY,1,"HOULIHAN LOKEY, INC.",-,HLI US,BB Ticker,United States,Financial Services,Capital Markets,4440,,-,1245310,0.0001
12/31/2024,NGS,Balanced Growth,LISTED EQUITY,1,BUNZL PLC,-,BNZL LN,BB Ticker,United Kingdom,Consumer Defensive,Food Distribution,18645,,-,1243062,0.0001
12/31/2024,NGS,Balanced Growth,LISTED EQUITY,1,DAIKIN INDUSTRIES LTD.,-,6367 JP,BB Ticker,Japan,Industrials,Building Products & Equipment,6427,,-,1232415,0.0001
12/31/2024,NGS,Balanced Growth,LISTED EQUITY,1,CHOCOLADEFABRIKEN LINDT & SPRUENGLI AG,-,LISN SW,BB Ticker,Switzerland,Consumer Defensive,Confectioners,6,,-,1231564,0.0001
12/31/2024,NGS,Balanced Growth,LISTED EQUITY,1,FAST RETAILING CO. LTD.,-,9983 JP,BB Ticker,Japan,Consumer Cyclical,Apparel Retail,2211,,-,1223084,0.0001
12/31/2024,NGS,Balanced Growth,LISTED EQUITY,1,TRIP.COM GROUP LTD.,-,9961 HK,BB Ticker,Hong Kong,Consumer Cyclical,Travel Services,10849,,-,1218124,0.0001
12/31/2024,NGS,Balanced Growth,LISTED EQUITY,1,"ROSS STORES, INC.",-,ROST US,BB Ticker,United States,Consumer Cyclical,Apparel Retail,4980,,-,1216611,0.0001
12/31/2024,NGS,Balanced Growth,LISTED EQUITY,1,AIR LIQUIDE SA,-,AI FP,BB Ticker,France,Technology,Software - Infrastructure,4631,,-,1215451,0.0001
12/31/2024,NGS,Balanced Growth,LISTED EQUITY,1,DUKE ENERGY CORP.,-,DUK US,BB Ticker,United States,Utilities,Utilities - Regulated Electric,6959,,-,1210908,0.0001
12/31/2024,NGS,Balanced Growth,LISTED EQUITY,1,UOL GROUP LTD.,-,UOL SP,BB Ticker,Singapore,Real Estate,Real Estate - Development,198120,,-,1210330,0.0001
12/31/2024,NGS,Balanced Growth,LISTED EQUITY,1,"HILTON WORLDWIDE HOLDINGS, INC.",-,HLT US,BB Ticker,United States,Consumer Cyclical,Lodging,3025,,-,1207422,0.0001
12/31/2024,NGS,Balanced Growth,LISTED EQUITY,1,SUMITOMO CORP.,-,8053 JP,BB Ticker,Japan,Industrials,Conglomerates,34137,,-,1202625,0.0001
12/31/2024,NGS,Balanced Growth,LISTED EQUITY,1,BAJAJ FINANCE LTD.,-,BAF IN,BB Ticker,India,Financial Services,Banks - Regional,9342,,-,1202489,0.0001
12/31/2024,NGS,Balanced Growth,LISTED EQUITY,1,"BJ'S WHOLESALE CLUB HOLDINGS, INC.",-,BJ US,BB Ticker,United States,Consumer Defensive,Discount Stores,8265,,-,1192797,0.0001
12/31/2024,NGS,Balanced Growth,LISTED EQUITY,1,CREDIT AGRICOLE SA,-,ACA FP,BB Ticker,France,Industrials,Engineering & Construction,53649,,-,1192458,0.0001
12/31/2024,NGS,Balanced Growth,LISTED EQUITY,1,FILA HOLDINGS CORP.,-,081660 KS,BB Ticker,South Korea,Consumer Cyclical,Leisure,26832,,-,1186353,0.0001
12/31/2024,NGS,Balanced Growth,LISTED EQUITY,1,"DR HORTON, INC.",-,DHI US,BB Ticker,United States,Consumer Cyclical,Residential Construction,5247,,-,1184915,0.0001
12/31/2024,NGS,Balanced Growth,LISTED EQUITY,1,BANK POLSKA KASA OPIEKI SA,-,PEO PW,BB Ticker,Poland,Financial Services,Asset Management,21853,,-,1178345,0.0001
12/31/2024,NGS,Balanced Growth,LISTED EQUITY,1,VISTRA CORP.,-,VST US,BB Ticker,United States,Utilities,Utilities - Independent Power Producers,5287,,-,1177315,0.0001
12/31/2024,NGS,Balanced Growth,LISTED EQUITY,1,"ETSY, INC.",-,ETSY US,BB Ticker,United States,Consumer Cyclical,Internet Retail,13775,,-,1176719,0.0001
12/31/2024,NGS,Balanced Growth,LISTED EQUITY,1,CEMEX SAB DE CV,-,CX US,BB Ticker,United States,Basic Materials,Building Materials,129115,,-,1176138,0.0001
12/31/2024,NGS,Balanced Growth,LISTED EQUITY,1,APPLOVIN CORP.,-,APP US,BB Ticker,United States,Communication Services,Advertising Agencies,2248,,-,1175725,0.0001
12/31/2024,NGS,Balanced Growth,LISTED EQUITY,1,CHINA RESOURCES LAND LTD.,-,1109 HK,BB Ticker,Hong Kong,Real Estate,Real Estate - Development,250501,,-,1174499,0.0001
12/31/2024,NGS,Balanced Growth,LISTED EQUITY,1,VIVA ENERGY GROUP LTD.,-,VEA AU,BB Ticker,Australia,,,446508,,-,1174317,0.0001
12/31/2024,NGS,Balanced Growth,LISTED EQUITY,1,SKANDINAVISKA ENSKILDA BANKEN AB,-,SEBA SS,BB Ticker,Sweden,Industrials,Integrated Freight & Logistics,52870,,-,1170437,0.0001
12/31/2024,NGS,Balanced Growth,LISTED EQUITY,1,NEWMONT CORP.,-,NEM US,BB Ticker,United States,Basic Materials,Gold,19350,,-,1163242,0.0001
12/31/2024,NGS,Balanced Growth,LISTED EQUITY,1,"MICROSTRATEGY, INC.",-,MSTR US,BB Ticker,United States,Technology,Software - Application,2483,,-,1161423,0.0001
12/31/2024,NGS,Balanced Growth,LISTED EQUITY,1,"YETI HOLDINGS, INC.",-,YETI US,BB Ticker,United States,Consumer Cyclical,Leisure,18471,,-,1148843,0.0001
12/31/2024,NGS,Balanced Growth,LISTED EQUITY,1,CHRYSOS CORP. LTD.,-,C79 AU,BB Ticker,Australia,,,231056,,-,1141418,0.0001
12/31/2024,NGS,Balanced Growth,LISTED EQUITY,1,REDE D'OR SAO LUIZ SA,-,RDOR3 BZ,BB Ticker,Brazil,Healthcare,Medical Care Facilities,171740,,-,1141334,0.0001
12/31/2024,NGS,Balanced Growth,LISTED EQUITY,1,COCA-COLA HBC AG,-,CCH LN,BB Ticker,United Kingdom,Real Estate,Real Estate Services,20622,,-,1139610,0.0001
12/31/2024,NGS,Balanced Growth,LISTED EQUITY,1,NASPERS LTD.,-,NPN SJ,BB Ticker,South Africa,Consumer Cyclical,Internet Retail,3186,,-,1138149,0.0001
12/31/2024,NGS,Balanced Growth,LISTED EQUITY,1,AMPHENOL CORP.,-,APH US,BB Ticker,United States,Technology,Electronic Components,10136,,-,1136967,0.0001
12/31/2024,NGS,Balanced Growth,LISTED EQUITY,1,GEELY AUTOMOBILE HOLDINGS LTD.,-,175 HK,BB Ticker,Hong Kong,,,367631,,-,1132812,0.0001
12/31/2024,NGS,Balanced Growth,LISTED EQUITY,1,SWEDBANK AB,-,SWEDA SS,BB Ticker,Sweden,Financial Services,Banks - Regional,35477,,-,1132070,0.0001
12/31/2024,NGS,Balanced Growth,LISTED EQUITY,1,SOFTBANK CORP.,-,9434 JP,BB Ticker,Japan,Communication Services,Telecom Services,553520,,-,1131435,0.0001
12/31/2024,NGS,Balanced Growth,LISTED EQUITY,1,SENDAS DISTRIBUIDORA SA,-,ASAI3 BZ,BB Ticker,Brazil,Consumer Defensive,Grocery Stores,765263,,-,1126382,0.0001
12/31/2024,NGS,Balanced Growth,LISTED EQUITY,1,POWER GRID CORP. OF INDIA LTD.,-,PWGR IN,BB Ticker,India,,,192820,,-,1122924,0.0001
12/31/2024,NGS,Balanced Growth,LISTED EQUITY,1,"MANPOWERGROUP, INC.",-,MAN US,BB Ticker,United States,Industrials,Staffing & Employment Services,12019,,-,1120483,0.0001
12/31/2024,NGS,Balanced Growth,LISTED EQUITY,1,ALPHA SERVICES & HOLDINGS SA,-,ALPHA GA,BB Ticker,Greece,Communication Services,Internet Content & Information,414264,,-,1120317,0.0001
12/31/2024,NGS,Balanced Growth,LISTED EQUITY,1,"PRUDENTIAL FINANCIAL, INC.",-,PRU US,BB Ticker,United States,Financial Services,Insurance - Life,5847,,-,1119321,0.0001
12/31/2024,NGS,Balanced Growth,LISTED EQUITY,1,PICC PROPERTY & CASUALTY CO. LTD.,-,2328 HK,BB Ticker,Hong Kong,,,438117,,-,1116806,0.0001
12/31/2024,NGS,Balanced Growth,LISTED EQUITY,1,KT CORP.,-,030200 KS,BB Ticker,South Korea,Communication Services,Telecom Services,23166,,-,1114495,0.0001
12/31/2024,NGS,Balanced Growth,LISTED EQUITY,1,HCL TECHNOLOGIES LTD.,-,HCLT IN,BB Ticker,India,Technology,Information Technology Services,30679,,-,1109731,0.0001
12/31/2024,NGS,Balanced Growth,LISTED EQUITY,1,SERVICE STREAM LTD.,-,SSM AU,BB Ticker,Australia,Consumer Cyclical,Auto Manufacturers,708538,,-,1105319,0.0001
12/31/2024,NGS,Balanced Growth,LISTED EQUITY,1,VERALTO CORP.,-,VLTO US,BB Ticker,United States,Industrials,Pollution & Treatment Controls,6698,,-,1101967,0.0001
12/31/2024,NGS,Balanced Growth,LISTED EQUITY,1,"WARNER BROS DISCOVERY, INC.",-,WBD US,BB Ticker,United States,Communication Services,Entertainment,64400,,-,1099429,0.0001
12/31/2024,NGS,Balanced Growth,LISTED EQUITY,1,"IQVIA HOLDINGS, INC.",-,IQV US,BB Ticker,United States,Healthcare,Diagnostics & Research,3463,,-,1099260,0.0001
12/31/2024,NGS,Balanced Growth,LISTED EQUITY,1,"JACOBS SOLUTIONS, INC.",-,J US,BB Ticker,United States,Industrials,Engineering & Construction,5085,,-,1097327,0.0001
12/31/2024,NGS,Balanced Growth,LISTED EQUITY,1,OVERSEA-CHINESE BANKING CORP. LTD.,-,OCBC SP,BB Ticker,Singapore,Financial Services,Banks - Regional,55352,,-,1093743,0.0001
12/31/2024,NGS,Balanced Growth,LISTED EQUITY,1,"AGILENT TECHNOLOGIES, INC.",-,A US,BB Ticker,United States,Healthcare,Diagnostics & Research,5036,,-,1092594,0.0001
12/31/2024,NGS,Balanced Growth,LISTED EQUITY,1,WISE PLC,-,WISE LN,BB Ticker,United Kingdom,,,50248,,-,1083500,0.0001
12/31/2024,NGS,Balanced Growth,LISTED EQUITY,1,CRITEO SA,-,CRTO US,BB Ticker,United States,Communication Services,Advertising Agencies,16942,,-,1082501,0.0001
12/31/2024,NGS,Balanced Growth,LISTED EQUITY,1,AUSTRALIAN FINANCE GROUP LTD.,-,AFG AU,BB Ticker,Australia,Financial Services,Insurance - Property & Casualty,709693,,-,1071636,0.0001
12/31/2024,NGS,Balanced Growth,LISTED EQUITY,1,SHERWIN-WILLIAMS CO.,-,SHW US,BB Ticker,United States,Basic Materials,Specialty Chemicals,1946,,-,1068382,0.0001
12/31/2024,NGS,Balanced Growth,LISTED EQUITY,1,"COINBASE GLOBAL, INC.",-,COIN US,BB Ticker,United States,Financial Services,Financial Data & Stock Exchanges,2659,,-,1066391,0.0001
12/31/2024,NGS,Balanced Growth,LISTED EQUITY,1,FOX CORP.,-,FOXA US,BB Ticker,United States,Communication Services,Entertainment,13591,,-,1066351,0.0001
12/31/2024,NGS,Balanced Growth,LISTED EQUITY,1,INDOFOOD CBP SUKSES MAKMUR TBK. PT,-,ICBP IJ,BB Ticker,Indonesia,Consumer Defensive,Packaged Foods,932553,,-,1064481,0.0001
12/31/2024,NGS,Balanced Growth,LISTED EQUITY,1,KINROSS GOLD CORP.,-,K CN,BB Ticker,Canada,Consumer Defensive,Packaged Foods,70756,,-,1060788,0.0001
12/31/2024,NGS,Balanced Growth,LISTED EQUITY,1,OBIC CO. LTD.,-,4684 JP,BB Ticker,Japan,Technology,Software - Application,21906,,-,1056507,0.0001
12/31/2024,NGS,Balanced Growth,LISTED EQUITY,1,CHINA COMMUNICATIONS SERVICES CORP. LTD.,-,552 HK,BB Ticker,Hong Kong,Industrials,Engineering & Construction,1108422,,-,1050915,0.0001
12/31/2024,NGS,Balanced Growth,LISTED EQUITY,1,"CADENCE DESIGN SYSTEMS, INC.",-,CDNS US,BB Ticker,United States,Technology,Software - Application,2161,,-,1048622,0.0001
12/31/2024,NGS,Balanced Growth,LISTED EQUITY,1,"FRONTIER COMMUNICATIONS PARENT, INC.",-,FYBR US,BB Ticker,United States,Communication Services,Telecom Services,18707,,-,1048427,0.0001
12/31/2024,NGS,Balanced Growth,LISTED EQUITY,1,SAMSUNG SDI CO. LTD.,-,006400 KS,BB Ticker,South Korea,Industrials,Electrical Equipment & Parts,3842,,-,1043284,0.0001
12/31/2024,NGS,Balanced Growth,LISTED EQUITY,1,"BEST BUY CO., INC.",-,BBY US,BB Ticker,United States,Consumer Cyclical,Specialty Retail,7513,,-,1041121,0.0001
12/31/2024,NGS,Balanced Growth,LISTED EQUITY,1,RHEINMETALL AG,-,RHM GR,BB Ticker,Germany,Industrials,Aerospace & Defense,1012,,-,1039892,0.0001
12/31/2024,NGS,Balanced Growth,LISTED EQUITY,1,CP ALL PCL,-,CPALLF TB,BB Ticker,Thailand,,,391610,,-,1034218,0.0001
12/31/2024,NGS,Balanced Growth,LISTED EQUITY,1,NESTE OYJ,-,NESTE FH,BB Ticker,Finland,Energy,Oil & Gas Refining & Marketing,50807,,-,1030304,0.0001
12/31/2024,NGS,Balanced Growth,LISTED EQUITY,1,VERTIV HOLDINGS CO.,-,VRT US,BB Ticker,United States,Industrials,Electrical Equipment & Parts,5580,,-,1023914,0.0001
12/31/2024,NGS,Balanced Growth,LISTED EQUITY,1,ITAU UNIBANCO HOLDING SA,-,ITUB4 BZ,BB Ticker,Brazil,Financial Services,Banks - Regional,127185,,-,1021799,0.0001
12/31/2024,NGS,Balanced Growth,LISTED EQUITY,1,"BROOKDALE SENIOR LIVING, INC.",-,BKD US,BB Ticker,United States,Healthcare,Medical Care Facilities,125255,,-,1017577,0.0001
12/31/2024,NGS,Balanced Growth,LISTED EQUITY,1,PETROLEO BRASILEIRO SA,-,PETR4 BZ,BB Ticker,Brazil,Energy,Oil & Gas Integrated,107387,,-,1016031,0.0001
12/31/2024,NGS,Balanced Growth,LISTED EQUITY,1,ALLEGION PLC,-,ALLE US,BB Ticker,United States,Industrials,Security & Protection Services,4763,,-,1005215,0.0001
12/31/2024,NGS,Balanced Growth,LISTED EQUITY,1,ATLASSIAN CORP.,-,TEAM US,BB Ticker,United States,Technology,Software - Application,2547,,-,1000984,0.0001
12/31/2024,NGS,Balanced Growth,LISTED EQUITY,1,"FORTIS, INC.",-,FTS CN,BB Ticker,Canada,Utilities,Utilities - Regulated Electric,14858,,-,996590,0.0001
12/31/2024,NGS,Balanced Growth,LISTED EQUITY,1,"MARRIOTT INTERNATIONAL, INC.",-,MAR US,BB Ticker,United States,Consumer Cyclical,Lodging,2200,,-,990951,0.0001
12/31/2024,NGS,Balanced Growth,LISTED EQUITY,1,BANCO DO BRASIL SA,-,BBAS3 BZ,BB Ticker,Brazil,Financial Services,Banks - Regional,156312,,-,987726,0.0001
12/31/2024,NGS,Balanced Growth,LISTED EQUITY,1,"MANHATTAN ASSOCIATES, INC.",-,MANH US,BB Ticker,United States,Technology,Software - Application,2243,,-,978744,0.0001
12/31/2024,NGS,Balanced Growth,LISTED EQUITY,1,PG&E CORP.,-,PCG US,BB Ticker,United States,Utilities,Utilities - Regulated Electric,29904,,-,974659,0.0001
12/31/2024,NGS,Balanced Growth,LISTED EQUITY,1,"DIDI GLOBAL, INC.",-,DIDIY US,BB Ticker,United States,Technology,Software - Application,132024,,-,974479,0.0001
12/31/2024,NGS,Balanced Growth,LISTED EQUITY,1,SANTEN PHARMACEUTICAL CO. LTD.,-,4536 JP,BB Ticker,Japan,,,58323,,-,970103,0.0001
12/31/2024,NGS,Balanced Growth,LISTED EQUITY,1,"NEW ORIENTAL EDUCATION & TECHNOLOGY GROUP, INC.",-,9901 HK,BB Ticker,Hong Kong,Consumer Defensive,Education & Training Services,95087,,-,967764,0.0001
12/31/2024,NGS,Balanced Growth,LISTED EQUITY,1,SMITHS GROUP PLC,-,SMIN LN,BB Ticker,United Kingdom,,,27731,,-,964257,0.0001
12/31/2024,NGS,Balanced Growth,LISTED EQUITY,1,"CORTEVA, INC.",-,CTVA US,BB Ticker,United States,Basic Materials,Agricultural Inputs,10459,,-,962181,0.0001
12/31/2024,NGS,Balanced Growth,LISTED EQUITY,1,OMV AG,-,OMV AV,BB Ticker,Austria,Consumer Cyclical,Apparel Manufacturing,15359,,-,959115,0.0001
12/31/2024,NGS,Balanced Growth,LISTED EQUITY,1,ATLAS COPCO AB,-,ATCOB SS,BB Ticker,Sweden,Industrials,Specialty Industrial Machinery,43725,,-,955212,0.0001
12/31/2024,NGS,Balanced Growth,LISTED EQUITY,1,"SNOWFLAKE, INC.",-,SNOW US,BB Ticker,United States,Technology,Software - Application,3824,,-,953544,0.0001
12/31/2024,NGS,Balanced Growth,LISTED EQUITY,1,"DAI-ICHI LIFE HOLDINGS, INC.",-,8750 JP,BB Ticker,Japan,Financial Services,Insurance - Life,21767,,-,947385,0.0001
12/31/2024,NGS,Balanced Growth,LISTED EQUITY,1,RECKITT BENCKISER GROUP PLC,-,RKT LN,BB Ticker,United Kingdom,Financial Services,Mortgage Finance,9683,,-,946596,0.0001
12/31/2024,NGS,Balanced Growth,LISTED EQUITY,1,"KEURIG DR. PEPPER, INC.",-,KDP US,BB Ticker,United States,Consumer Defensive,Beverages - Non-Alcoholic,18187,,-,943481,0.0001
12/31/2024,NGS,Balanced Growth,LISTED EQUITY,1,MONOTARO CO. LTD.,-,3064 JP,BB Ticker,Japan,Consumer Cyclical,Internet Retail,34275,,-,941198,0.0001
12/31/2024,NGS,Balanced Growth,LISTED EQUITY,1,CIMB GROUP HOLDINGS BHD.,-,CIMB MK,BB Ticker,Malaysia,Financial Services,Banks - Regional,316564,,-,937617,0.0001
12/31/2024,NGS,Balanced Growth,LISTED EQUITY,1,KAMIGUMI CO. LTD.,-,9364 JP,SEDOL,Japan,,,26467,,-,931312,0.0001
12/31/2024,NGS,Balanced Growth,LISTED EQUITY,1,AGNICO EAGLE MINES LTD.,-,AEM US,BB Ticker,United States,Basic Materials,Gold,7295,,-,921438,0.0001
12/31/2024,NGS,Balanced Growth,LISTED EQUITY,1,"CROWN HOLDINGS, INC.",-,CCK US,BB Ticker,United States,Consumer Cyclical,Packaging & Containers,6871,,-,917553,0.0001
12/31/2024,NGS,Balanced Growth,LISTED EQUITY,1,MAKEMYTRIP LTD.,-,MMYT US,BB Ticker,United States,Consumer Cyclical,Travel Services,5031,,-,912302,0.0001
12/31/2024,NGS,Balanced Growth,LISTED EQUITY,1,"APOLLO GLOBAL MANAGEMENT, INC.",-,APO US,BB Ticker,United States,Financial Services,Asset Management,3412,,-,910250,0.0001
12/31/2024,NGS,Balanced Growth,LISTED EQUITY,1,WEBJET GROUP LTD.,-,WJL AU,BB Ticker,Australia,Technology,Communication Equipment,1044922,,-,909082,0.0001
12/31/2024,NGS,Balanced Growth,LISTED EQUITY,1,ENI SPA,-,ENI IM,BB Ticker,Italy,Energy,Oil & Gas Integrated,41435,,-,907102,0.0001
12/31/2024,NGS,Balanced Growth,LISTED EQUITY,1,ESSILORLUXOTTICA SA,-,EL FP,BB Ticker,France,Consumer Defensive,Household & Personal Products,2298,,-,905361,0.0001
12/31/2024,NGS,Balanced Growth,LISTED EQUITY,1,SUBARU CORP.,-,7270 JP,BB Ticker,Japan,Consumer Cyclical,Auto Manufacturers,31165,,-,903529,0.0001
12/31/2024,NGS,Balanced Growth,LISTED EQUITY,1,PAN AMERICAN SILVER CORP.,-,PAAS CN,BB Ticker,Canada,Basic Materials,Gold,27598,,-,901293,0.0001
12/31/2024,NGS,Balanced Growth,LISTED EQUITY,1,"O'REILLY AUTOMOTIVE, INC.",-,ORLY US,BB Ticker,United States,Consumer Cyclical,Auto Parts,470,,-,899964,0.0001
12/31/2024,NGS,Balanced Growth,LISTED EQUITY,1,"MONOLITHIC POWER SYSTEMS, INC.",-,MPWR US,BB Ticker,United States,Technology,Semiconductors,940,,-,898142,0.0001
12/31/2024,NGS,Balanced Growth,LISTED EQUITY,1,KONAMI GROUP CORP.,-,9766 JP,BB Ticker,Japan,Communication Services,Electronic Gaming & Multimedia,5874,,-,893395,0.0001
12/31/2024,NGS,Balanced Growth,LISTED EQUITY,1,"STEEL DYNAMICS, INC.",-,STLD US,BB Ticker,United States,Basic Materials,Steel,4837,,-,891070,0.0001
12/31/2024,NGS,Balanced Growth,LISTED EQUITY,1,BABY BUNTING GROUP LTD.,-,BBN AU,BB Ticker,Australia,Financial Services,Asset Management,530046,,-,890477,0.0001
12/31/2024,NGS,Balanced Growth,LISTED EQUITY,1,JIANGSU EXPRESSWAY CO. LTD.,-,177 HK,BB Ticker,Hong Kong,Healthcare,Biotechnology,494782,,-,882670,0.0001
12/31/2024,NGS,Balanced Growth,LISTED EQUITY,1,TECK RESOURCES LTD.,-,TECKB CN,BB Ticker,Canada,,,13480,,-,882212,0.0001
12/31/2024,NGS,Balanced Growth,LISTED EQUITY,1,"MASTEC, INC.",-,MTZ US,BB Ticker,United States,Industrials,Engineering & Construction,3998,,-,879162,0.0001
12/31/2024,NGS,Balanced Growth,LISTED EQUITY,1,"REINSURANCE GROUP OF AMERICA, INC.",-,RGA US,BB Ticker,United States,Financial Services,Insurance - Reinsurance,2544,,-,877911,0.0001
12/31/2024,NGS,Balanced Growth,LISTED EQUITY,1,YOKOGAWA ELECTRIC CORP.,-,6841 JP,BB Ticker,Japan,Healthcare,Health Information Services,25085,,-,875977,0.0001
12/31/2024,NGS,Balanced Growth,LISTED EQUITY,1,CAMECO CORP.,-,CCO CN,BB Ticker,Canada,Communication Services,Advertising Agencies,10534,,-,874297,0.0001
12/31/2024,NGS,Balanced Growth,LISTED EQUITY,1,BEGA CHEESE LTD.,-,BGA AU,BB Ticker,Australia,Consumer Defensive,Packaged Foods,150827,,-,870271,0.0001
12/31/2024,NGS,Balanced Growth,LISTED EQUITY,1,GOLD FIELDS LTD.,-,GFI SJ,BB Ticker,South Africa,Basic Materials,Gold,40994,,-,867004,0.0001
12/31/2024,NGS,Balanced Growth,LISTED EQUITY,1,RIO TINTO PLC,-,RIO LN,BB Ticker,United Kingdom,Basic Materials,Other Industrial Metals & Mining,9052,,-,864776,0.0001
12/31/2024,NGS,Balanced Growth,LISTED EQUITY,1,ROBLOX CORP.,-,RBLX US,BB Ticker,United States,Communication Services,Electronic Gaming & Multimedia,9240,,-,863534,0.0001
12/31/2024,NGS,Balanced Growth,LISTED EQUITY,1,NEXT PLC,-,NXT LN,BB Ticker,United Kingdom,Technology,Solar,4492,,-,862965,0.0001
12/31/2024,NGS,Balanced Growth,LISTED EQUITY,1,BANK OF MONTREAL,-,BMO CN,BB Ticker,Canada,Financial Services,Banks - Diversified,5500,,-,861933,0.0001
12/31/2024,NGS,Balanced Growth,LISTED EQUITY,1,CONTINENTAL AG,-,CON GR,BB Ticker,Germany,Healthcare,Medical Care Facilities,7931,,-,859715,0.0001
12/31/2024,NGS,Balanced Growth,LISTED EQUITY,1,MURATA MANUFACTURING CO. LTD.,-,6981 JP,BB Ticker,Japan,Technology,Electronic Components,32617,,-,857946,0.0001
12/31/2024,NGS,Balanced Growth,LISTED EQUITY,1,"ROPER TECHNOLOGIES, INC.",-,ROP US,BB Ticker,United States,Technology,Software - Application,1018,,-,854644,0.0001
12/31/2024,NGS,Balanced Growth,LISTED EQUITY,1,"EQUITABLE HOLDINGS, INC.",-,EQH US,BB Ticker,United States,Financial Services,Asset Management,11217,,-,854560,0.0001
12/31/2024,NGS,Balanced Growth,LISTED EQUITY,1,CSX CORP.,-,CSX US,BB Ticker,United States,Industrials,Railroads,16377,,-,853559,0.0001
12/31/2024,NGS,Balanced Growth,LISTED EQUITY,1,LONZA GROUP AG,-,LONN SW,BB Ticker,Switzerland,Healthcare,Diagnostics & Research,892,,-,851894,0.0001
12/31/2024,NGS,Balanced Growth,LISTED EQUITY,1,SHINHAN FINANCIAL GROUP CO. LTD.,-,055550 KS,SEDOL,South Korea,,,16239,,-,848916,0.0001
12/31/2024,NGS,Balanced Growth,LISTED EQUITY,1,PUBLIC BANK BHD.,-,PBK MK,BB Ticker,Malaysia,Financial Services,Banks - Regional,513854,,-,846361,0.0001
12/31/2024,NGS,Balanced Growth,LISTED EQUITY,1,HEICO CORP.,-,HEIA US,BB Ticker,United States,Consumer Defensive,Beverages - Brewers,2799,,-,841330,0.0001
12/31/2024,NGS,Balanced Growth,LISTED EQUITY,1,"GENERAC HOLDINGS, INC.",-,GNRC US,BB Ticker,United States,Industrials,Specialty Industrial Machinery,3343,,-,837225,0.0001
12/31/2024,NGS,Balanced Growth,LISTED EQUITY,1,"AIR PRODUCTS & CHEMICALS, INC.",-,APD US,BB Ticker,United States,Basic Materials,Specialty Chemicals,1781,,-,834213,0.0001
12/31/2024,NGS,Balanced Growth,LISTED EQUITY,1,FEDEX CORP.,-,FDX US,BB Ticker,United States,Industrials,Integrated Freight & Logistics,1833,,-,833025,0.0001
12/31/2024,NGS,Balanced Growth,LISTED EQUITY,1,GENMAB AS,-,GMAB DC,BB Ticker,Denmark,Healthcare,Biotechnology,2484,,-,831320,0.0001
12/31/2024,NGS,Balanced Growth,LISTED EQUITY,1,"PDD HOLDINGS, INC.",-,PDD US,BB Ticker,United States,Consumer Cyclical,Internet Retail,5299,,-,830068,0.0001
12/31/2024,NGS,Balanced Growth,LISTED EQUITY,1,BANK OF NOVA SCOTIA,-,BNS CN,BB Ticker,Canada,Financial Services,Banks - Diversified,9527,,-,825819,0.0001
12/31/2024,NGS,Balanced Growth,LISTED EQUITY,1,GRUPO MEXICO SAB DE CV,-,GMEXICOB MM,BB Ticker,Mexico,Basic Materials,Other Industrial Metals & Mining,106972,,-,822038,0.0001
12/31/2024,NGS,Balanced Growth,LISTED EQUITY,1,SEMPRA,-,SRE US,BB Ticker,United States,Utilities,Utilities - Diversified,5775,,-,818189,0.0001
12/31/2024,NGS,Balanced Growth,LISTED EQUITY,1,CONTEMPORARY AMPEREX TECHNOLOGY CO. LTD.,-,300750 C2,BB Ticker,China,Industrials,Electrical Equipment & Parts,13890,,-,817531,0.0001
12/31/2024,NGS,Balanced Growth,LISTED EQUITY,1,"SKYWORKS SOLUTIONS, INC.",-,SWKS US,BB Ticker,United States,Technology,Semiconductors,5707,,-,817344,0.0001
12/31/2024,NGS,Balanced Growth,LISTED EQUITY,1,ARTHUR J GALLAGHER & CO.,-,AJG US,BB Ticker,United States,Financial Services,Insurance Brokers,1782,,-,817043,0.0001
12/31/2024,NGS,Balanced Growth,LISTED EQUITY,1,ZOMATO LTD.,-,ZOMATO IN,BB Ticker,India,,,155223,,-,814217,0.0001
12/31/2024,NGS,Balanced Growth,LISTED EQUITY,1,CENTRICA PLC,-,CNA LN,BB Ticker,United Kingdom,Financial Services,Insurance - Property & Casualty,300959,,-,813317,0.0001
12/31/2024,NGS,Balanced Growth,LISTED EQUITY,1,"HANA FINANCIAL GROUP, INC.",-,086790 KS,BB Ticker,South Korea,Financial Services,Banks - Regional,12992,,-,809621,0.0001
12/31/2024,NGS,Balanced Growth,LISTED EQUITY,1,CRH PLC,-,CRH US,BB Ticker,United States,Basic Materials,Building Materials,5409,,-,808231,0.0001
12/31/2024,NGS,Balanced Growth,LISTED EQUITY,1,"AUTOZONE, INC.",-,AZO US,BB Ticker,United States,Consumer Cyclical,Auto Parts,156,,-,807671,0.0001
12/31/2024,NGS,Balanced Growth,LISTED EQUITY,1,CORP. INMOBILIARIA VESTA SAB DE CV,-,VESTA MM,BB Ticker,Mexico,Industrials,Specialty Industrial Machinery,195149,,-,806586,0.0001
12/31/2024,NGS,Balanced Growth,LISTED EQUITY,1,CANADIAN UTILITIES LTD.,-,CU CN,BB Ticker,Canada,Real Estate,REIT - Mortgage,20571,,-,805104,0.0001
12/31/2024,NGS,Balanced Growth,LISTED EQUITY,1,"PACCAR, INC.",-,PCAR US,BB Ticker,United States,Industrials,Farm & Heavy Construction Machinery,4785,,-,803856,0.0001
12/31/2024,NGS,Balanced Growth,LISTED EQUITY,1,BEIERSDORF AG,-,BEI GR,BB Ticker,Germany,Consumer Defensive,Household & Personal Products,3868,,-,802106,0.0001
12/31/2024,NGS,Balanced Growth,LISTED EQUITY,1,SVENSKA HANDELSBANKEN AB,-,SHBA SS,BB Ticker,Sweden,,,47867,,-,799056,0.0001
12/31/2024,NGS,Balanced Growth,LISTED EQUITY,1,"REPUBLIC SERVICES, INC.",-,RSG US,BB Ticker,United States,Industrials,Waste Management,2444,,-,794190,0.0001
12/31/2024,NGS,Balanced Growth,LISTED EQUITY,1,TARGET CORP.,-,TGT US,BB Ticker,United States,Consumer Defensive,Discount Stores,3630,,-,792546,0.0001
12/31/2024,NGS,Balanced Growth,LISTED EQUITY,1,FIRSTRAND LTD.,-,FSR SJ,BB Ticker,South Africa,,,120896,,-,786012,0.0001
12/31/2024,NGS,Balanced Growth,LISTED EQUITY,1,"CITIZENS FINANCIAL GROUP, INC.",-,CFG US,BB Ticker,United States,Financial Services,Banks - Regional,11113,,-,785407,0.0001
12/31/2024,NGS,Balanced Growth,LISTED EQUITY,1,MUENCHENER RUECKVERSICHERUNGS-GESELLSCHAFT AG IN MUENCHEN,-,MUV2 GR,BB Ticker,Germany,Financial Services,Insurance - Reinsurance,964,,-,785321,0.0001
12/31/2024,NGS,Balanced Growth,LISTED EQUITY,1,PING AN INSURANCE GROUP CO. OF CHINA LTD.,-,2318 HK,SEDOL,Hong Kong,,,81965,,-,784795,0.0001
12/31/2024,NGS,Balanced Growth,LISTED EQUITY,1,"TAKE-TWO INTERACTIVE SOFTWARE, INC.",-,TTWO US,BB Ticker,United States,Communication Services,Electronic Gaming & Multimedia,2636,,-,783595,0.0001
12/31/2024,NGS,Balanced Growth,LISTED EQUITY,1,SCREEN HOLDINGS CO. LTD.,-,7735 JP,BB Ticker,Japan,Technology,Semiconductor Equipment & Materials,8016,,-,781784,0.0001
12/31/2024,NGS,Balanced Growth,LISTED EQUITY,1,"AFLAC, INC.",-,AFL US,BB Ticker,United States,Financial Services,Insurance - Life,4669,,-,779979,0.0001
12/31/2024,NGS,Balanced Growth,LISTED EQUITY,1,RAIA DROGASIL SA,-,RADL3 BZ,BB Ticker,Brazil,Healthcare,Pharmaceutical Retailers,135139,,-,777262,0.0001
12/31/2024,NGS,Balanced Growth,LISTED EQUITY,1,NATIONAL GRID PLC,-,NG LN,BB Ticker,United Kingdom,Basic Materials,Gold,40430,,-,776925,0.0001
12/31/2024,NGS,Balanced Growth,LISTED EQUITY,1,"ENEOS HOLDINGS, INC.",-,5020 JP,BB Ticker,Japan,,,91148,,-,774007,0.0001
12/31/2024,NGS,Balanced Growth,LISTED EQUITY,1,BIRKENSTOCK HOLDING PLC,-,BIRK US,BB Ticker,United States,Consumer Cyclical,Footwear & Accessories,8444,,-,772774,0.0001
12/31/2024,NGS,Balanced Growth,LISTED EQUITY,1,MITSUBISHI CORP.,-,8058 JP,BB Ticker,Japan,Industrials,Conglomerates,28816,,-,771151,0.0001
12/31/2024,NGS,Balanced Growth,LISTED EQUITY,1,"TYLER TECHNOLOGIES, INC.",-,TYL US,BB Ticker,United States,Technology,Software - Application,826,,-,769090,0.0001
12/31/2024,NGS,Balanced Growth,LISTED EQUITY,1,ROYAL CARIBBEAN CRUISES LTD.,-,RCL US,BB Ticker,United States,Consumer Cyclical,Travel Services,2064,,-,769075,0.0001
12/31/2024,NGS,Balanced Growth,LISTED EQUITY,1,"QORVO, INC.",-,QRVO US,BB Ticker,United States,Technology,Semiconductors,6808,,-,768862,0.0001
12/31/2024,NGS,Balanced Growth,LISTED EQUITY,1,CENTRAL JAPAN RAILWAY CO.,-,9022 JP,BB Ticker,Japan,Industrials,Railroads,25223,,-,768565,0.0001
12/31/2024,NGS,Balanced Growth,LISTED EQUITY,1,KIA CORP.,-,000270 KS,BB Ticker,South Korea,Consumer Cyclical,Auto Manufacturers,6945,,-,767270,0.0001
12/31/2024,NGS,Balanced Growth,LISTED EQUITY,1,EIFFAGE SA,-,FGR FP,BB Ticker,France,Basic Materials,Chemicals,5411,,-,766562,0.0001
12/31/2024,NGS,Balanced Growth,LISTED EQUITY,1,HYDRO ONE LTD.,-,H CN,BB Ticker,Canada,Consumer Cyclical,Lodging,15381,,-,764682,0.0001
12/31/2024,NGS,Balanced Growth,LISTED EQUITY,1,INNER MONGOLIA YILI INDUSTRIAL GROUP CO. LTD.,-,600887 C1,BB Ticker,China,Consumer Defensive,Packaged Foods,113883,,-,760506,0.0001
12/31/2024,NGS,Balanced Growth,LISTED EQUITY,1,SHIN-ETSU CHEMICAL CO. LTD.,-,4063 JP,BB Ticker,Japan,Basic Materials,Chemicals,13890,,-,755974,0.0001
12/31/2024,NGS,Balanced Growth,LISTED EQUITY,1,WORLDLINE SA,-,WLN FP,BB Ticker,France,Technology,Software - Infrastructure,53148,,-,753593,0.0001
12/31/2024,NGS,Balanced Growth,LISTED EQUITY,1,"ANSYS, INC.",-,ANSS US,BB Ticker,United States,Technology,Software - Application,1383,,-,753367,0.0001
12/31/2024,NGS,Balanced Growth,LISTED EQUITY,1,OBAYASHI CORP.,-,1802 JP,BB Ticker,Japan,,,34898,,-,750625,0.0001
12/31/2024,NGS,Balanced Growth,LISTED EQUITY,1,"NORTHLAND POWER, INC.",-,NPI CN,BB Ticker,Canada,Utilities,Utilities - Renewable,37304,,-,749886,0.0001
12/31/2024,NGS,Balanced Growth,LISTED EQUITY,1,VONOVIA SE,-,VNA GR,BB Ticker,Germany,Real Estate,Real Estate Services,15258,,-,748169,0.0001
12/31/2024,NGS,Balanced Growth,LISTED EQUITY,1,"ROBERT HALF, INC.",-,RHI US,BB Ticker,United States,Industrials,Staffing & Employment Services,6530,,-,743154,0.0001
12/31/2024,NGS,Balanced Growth,LISTED EQUITY,1,ITOCHU CORP.,-,8001 JP,BB Ticker,Japan,Industrials,Conglomerates,9191,,-,739753,0.0001
12/31/2024,NGS,Balanced Growth,LISTED EQUITY,1,FORTIVE CORP.,-,FTV US,BB Ticker,United States,Technology,Scientific & Technical Instruments,6092,,-,737884,0.0001
12/31/2024,NGS,Balanced Growth,LISTED EQUITY,1,KMD BRANDS LTD.,-,KMD AU,BB Ticker,Australia,Healthcare,Drug Manufacturers - Specialty & Generic,1883246,,-,734466,0.0001
12/31/2024,NGS,Balanced Growth,LISTED EQUITY,1,"STANTEC, INC.",-,STN CN,BB Ticker,Canada,Industrials,Engineering & Construction,5797,,-,734135,0.0001
12/31/2024,NGS,Balanced Growth,LISTED EQUITY,1,BALL CORP.,-,BALL US,BB Ticker,United States,Consumer Cyclical,Packaging & Containers,8216,,-,731539,0.0001
12/31/2024,NGS,Balanced Growth,LISTED EQUITY,1,CVS HEALTH CORP.,-,CVS US,BB Ticker,United States,Healthcare,Healthcare Plans,10026,,-,726929,0.0001
12/31/2024,NGS,Balanced Growth,LISTED EQUITY,1,"AMERICAN INTERNATIONAL GROUP, INC.",-,AIG US,BB Ticker,United States,Financial Services,Insurance - Diversified,6182,,-,726884,0.0001
12/31/2024,NGS,Balanced Growth,LISTED EQUITY,1,"GARTNER, INC.",-,IT US,BB Ticker,United States,Technology,Information Technology Services,929,,-,726726,0.0001
12/31/2024,NGS,Balanced Growth,LISTED EQUITY,1,"WW GRAINGER, INC.",-,GWW US,BB Ticker,United States,Industrials,Industrial Distribution,426,,-,724680,0.0001
12/31/2024,NGS,Balanced Growth,LISTED EQUITY,1,FAR EASTONE TELECOMMUNICATIONS CO. LTD.,-,4904 TT,BB Ticker,Taiwan,Communication Services,Telecom Services,162393,,-,715223,0.0001
12/31/2024,NGS,Balanced Growth,LISTED EQUITY,1,FERRARI NV,-,RACE IM,BB Ticker,Italy,Consumer Cyclical,Auto Manufacturers,1034,,-,713502,0.0001
12/31/2024,NGS,Balanced Growth,LISTED EQUITY,1,MAKITA CORP.,-,6586 JP,BB Ticker,Japan,Healthcare,Biotechnology,14167,,-,705068,0.0001
12/31/2024,NGS,Balanced Growth,LISTED EQUITY,1,NXP SEMICONDUCTORS NV,-,NXPI US,BB Ticker,United States,Technology,Semiconductors,2096,,-,703602,0.0001
12/31/2024,NGS,Balanced Growth,LISTED EQUITY,1,POWER CORP. OF CANADA,-,POW CN,BB Ticker,Canada,Industrials,Electrical Equipment & Parts,13923,,-,701105,0.0001
12/31/2024,NGS,Balanced Growth,LISTED EQUITY,1,PETROCHINA CO. LTD.,-,857 HK,BB Ticker,Hong Kong,Financial Services,Credit Services,551447,,-,700555,0.0001
12/31/2024,NGS,Balanced Growth,LISTED EQUITY,1,"COMFORT SYSTEMS USA, INC.",-,FIX US,BB Ticker,United States,Industrials,Engineering & Construction,1018,,-,697164,0.0001
12/31/2024,NGS,Balanced Growth,LISTED EQUITY,1,INDUSIND BANK LTD.,-,IIB IN,BB Ticker,India,,,38422,,-,695945,0.0001
12/31/2024,NGS,Balanced Growth,LISTED EQUITY,1,"COPART, INC.",-,CPRT US,BB Ticker,United States,Industrials,Specialty Business Services,7508,,-,695938,0.0001
12/31/2024,NGS,Balanced Growth,LISTED EQUITY,1,KERING SA,-,KER FP,BB Ticker,France,Healthcare,Biotechnology,1726,,-,687896,0.0001
12/31/2024,NGS,Balanced Growth,LISTED EQUITY,1,SANWA HOLDINGS CORP.,-,5929 JP,BB Ticker,Japan,Industrials,Building Products & Equipment,15203,,-,687757,0.0001
12/31/2024,NGS,Balanced Growth,LISTED EQUITY,1,IMPERIAL OIL LTD.,-,IMO CN,BB Ticker,Canada,Energy,Oil & Gas Integrated,6908,,-,687290,0.0001
12/31/2024,NGS,Balanced Growth,LISTED EQUITY,1,NORFOLK SOUTHERN CORP.,-,NSC US,BB Ticker,United States,Industrials,Railroads,1811,,-,686570,0.0001
12/31/2024,NGS,Balanced Growth,LISTED EQUITY,1,HEWLETT PACKARD ENTERPRISE CO.,-,HPE US,BB Ticker,United States,Technology,Communication Equipment,19875,,-,685341,0.0001
12/31/2024,NGS,Balanced Growth,LISTED EQUITY,1,"NETEASE, INC.",-,NTES US,BB Ticker,United States,Communication Services,Electronic Gaming & Multimedia,4715,,-,679350,0.0001
12/31/2024,NGS,Balanced Growth,LISTED EQUITY,1,NICE LTD.,-,NICE IT,BB Ticker,Israel,Technology,Software - Application,2461,,-,677597,0.0001
12/31/2024,NGS,Balanced Growth,LISTED EQUITY,1,"METLIFE, INC.",-,MET US,BB Ticker,United States,Financial Services,Insurance - Life,5112,,-,675987,0.0001
12/31/2024,NGS,Balanced Growth,LISTED EQUITY,1,"PAYCHEX, INC.",-,PAYX US,BB Ticker,United States,Technology,Software - Application,2983,,-,675454,0.0001
12/31/2024,NGS,Balanced Growth,LISTED EQUITY,1,CARRIER GLOBAL CORP.,-,CARR US,BB Ticker,United States,Industrials,Building Products & Equipment,6113,,-,673935,0.0001
12/31/2024,NGS,Balanced Growth,LISTED EQUITY,1,"CBOE GLOBAL MARKETS, INC.",-,CBOE US,BB Ticker,United States,Financial Services,Financial Data & Stock Exchanges,2128,,-,671707,0.0001
12/31/2024,NGS,Balanced Growth,LISTED EQUITY,1,KPR MILL LTD.,-,KPR IN,BB Ticker,India,Healthcare,Biotechnology,35783,,-,671141,0.0001
12/31/2024,NGS,Balanced Growth,LISTED EQUITY,1,REPSOL SA,-,REP SM,BB Ticker,Spain,Real Estate,REIT - Mortgage,34129,,-,667253,0.0001
12/31/2024,NGS,Balanced Growth,LISTED EQUITY,1,"WASTE CONNECTIONS, INC.",-,WCN US,BB Ticker,United States,Industrials,Waste Management,2404,,-,666232,0.0001
12/31/2024,NGS,Balanced Growth,LISTED EQUITY,1,BROTHER INDUSTRIES LTD.,-,6448 JP,BB Ticker,Japan,Industrials,Business Equipment & Supplies,23841,,-,660911,0.0001
12/31/2024,NGS,Balanced Growth,LISTED EQUITY,1,ARGENX SE,-,ARGX BB,BB Ticker,Belgium,Healthcare,Biotechnology,658,,-,660844,0.0001
12/31/2024,NGS,Balanced Growth,LISTED EQUITY,1,FRESENIUS SE & CO. KGAA,-,FRE GR,BB Ticker,Germany,Basic Materials,Copper,11778,,-,660677,0.0001
12/31/2024,NGS,Balanced Growth,LISTED EQUITY,1,CYBERARK SOFTWARE LTD.,-,CYBR US,BB Ticker,United States,Technology,Software - Infrastructure,1222,,-,657396,0.0001
12/31/2024,NGS,Balanced Growth,LISTED EQUITY,1,RUBICON WATER LTD.,-,RWL AU,BB Ticker,Australia,,,2265164,,-,656898,0.0001
12/31/2024,NGS,Balanced Growth,LISTED EQUITY,1,DLF LTD.,-,DLFU IN,BB Ticker,India,,,42188,,-,656531,0.0001
12/31/2024,NGS,Balanced Growth,LISTED EQUITY,1,MITSUI & CO. LTD.,-,8031 JP,BB Ticker,Japan,Industrials,Conglomerates,19211,,-,653682,0.0001
12/31/2024,NGS,Balanced Growth,LISTED EQUITY,1,KAO CORP.,-,4452 JP,BB Ticker,Japan,,,9951,,-,653265,0.0001
12/31/2024,NGS,Balanced Growth,LISTED EQUITY,1,SAMSUNG C&T CORP.,-,028260 KS,BB Ticker,South Korea,Industrials,Engineering & Construction,5170,,-,651197,0.0001
12/31/2024,NGS,Balanced Growth,LISTED EQUITY,1,"TRADE DESK, INC.",-,TTD US,BB Ticker,United States,Communication Services,Advertising Agencies,3430,,-,651025,0.0001
12/31/2024,NGS,Balanced Growth,LISTED EQUITY,1,HYUNDAI MOBIS CO. LTD.,-,012330 KS,BB Ticker,South Korea,Consumer Cyclical,Auto Parts,2504,,-,649609,0.0001
12/31/2024,NGS,Balanced Growth,LISTED EQUITY,1,ASICS CORP.,-,7936 JP,BB Ticker,Japan,Consumer Cyclical,Footwear & Accessories,20316,,-,649337,0.0001
12/31/2024,NGS,Balanced Growth,LISTED EQUITY,1,OSHKOSH CORP.,-,OSK US,BB Ticker,United States,Industrials,Farm & Heavy Construction Machinery,4227,,-,649063,0.0001
12/31/2024,NGS,Balanced Growth,LISTED EQUITY,1,CHINA YANGTZE POWER CO. LTD.,-,600900 C1,BB Ticker,China,Utilities,Utilities - Renewable,99164,,-,648389,0.0001
12/31/2024,NGS,Balanced Growth,LISTED EQUITY,1,UNITED OVERSEAS BANK LTD.,-,UOB SP,BB Ticker,Singapore,Financial Services,Banks - Regional,15065,,-,647961,0.0001
12/31/2024,NGS,Balanced Growth,LISTED EQUITY,1,FANUC CORP.,-,6954 JP,BB Ticker,Japan,Industrials,Specialty Industrial Machinery,15065,,-,646361,0.0001
12/31/2024,NGS,Balanced Growth,LISTED EQUITY,1,CMS ENERGY CORP.,-,CMS US,BB Ticker,United States,Utilities,Utilities - Regulated Electric,6003,,-,646285,0.0001
12/31/2024,NGS,Balanced Growth,LISTED EQUITY,1,INTACT FINANCIAL CORP.,-,IFC CN,BB Ticker,Canada,Financial Services,Insurance - Property & Casualty,2196,,-,645495,0.0001
12/31/2024,NGS,Balanced Growth,LISTED EQUITY,1,JASA MARGA PERSERO TBK. PT,-,JSMR IJ,BB Ticker,Indonesia,Industrials,Infrastructure Operations,1482065,,-,643974,0.0001
12/31/2024,NGS,Balanced Growth,LISTED EQUITY,1,"IA FINANCIAL CORP., INC.",-,IAG CN,BB Ticker,Canada,Basic Materials,Gold,4299,,-,643637,0.0001
12/31/2024,NGS,Balanced Growth,LISTED EQUITY,1,AIR NEW ZEALAND LTD.,-,AIZ AU,BB Ticker,Australia,Financial Services,Insurance - Property & Casualty,1178443,,-,642252,0.0001
12/31/2024,NGS,Balanced Growth,LISTED EQUITY,1,TOP GLOVE CORP. BHD.,-,TOPG MK,BB Ticker,Malaysia,Consumer Cyclical,Leisure,1324094,,-,640877,0.0001
12/31/2024,NGS,Balanced Growth,LISTED EQUITY,1,"ROBINHOOD MARKETS, INC.",-,HOOD US,BB Ticker,United States,Financial Services,Capital Markets,10622,,-,639219,0.0001
12/31/2024,NGS,Balanced Growth,LISTED EQUITY,1,IPSEN SA,-,IPN FP,BB Ticker,France,Healthcare,Drug Manufacturers - Specialty & Generic,3434,,-,635856,0.0001
12/31/2024,NGS,Balanced Growth,LISTED EQUITY,1,COUNTRY GARDEN SERVICES HOLDINGS CO. LTD.,-,6098 HK,BB Ticker,Hong Kong,Communication Services,Internet Content & Information,553332,,-,635071,0.0001
12/31/2024,NGS,Balanced Growth,LISTED EQUITY,1,ARCHER-DANIELS-MIDLAND CO.,-,ADM US,BB Ticker,United States,Consumer Defensive,Farm Products,7779,,-,634733,0.0001
12/31/2024,NGS,Balanced Growth,LISTED EQUITY,1,KPIT TECHNOLOGIES LTD.,-,KPITTECH IN,BB Ticker,India,Technology,Software - Infrastructure,22922,,-,633386,0.0001
12/31/2024,NGS,Balanced Growth,LISTED EQUITY,1,"GEN DIGITAL, INC.",-,GEN US,BB Ticker,United States,Technology,Software - Infrastructure,14272,,-,631134,0.0001
12/31/2024,NGS,Balanced Growth,LISTED EQUITY,1,GALP ENERGIA SGPS SA,-,GALP PL,BB Ticker,Portugal,Energy,Oil & Gas Integrated,23493,,-,626695,0.0001
12/31/2024,NGS,Balanced Growth,LISTED EQUITY,1,WISTRON CORP.,-,3231 TT,BB Ticker,Taiwan,Technology,Computer Hardware,121622,,-,623135,0.0001
12/31/2024,NGS,Balanced Growth,LISTED EQUITY,1,PALADIN ENERGY LTD.,-,PDN AU,BB Ticker,Australia,,,82245,,-,621775,0.0001
12/31/2024,NGS,Balanced Growth,LISTED EQUITY,1,ANHEUSER-BUSCH INBEV SA,-,ABI BB,BB Ticker,Belgium,,,7673,,-,619201,0.0001
12/31/2024,NGS,Balanced Growth,LISTED EQUITY,1,"ASTELLAS PHARMA, INC.",-,4503 JP,BB Ticker,Japan,Healthcare,Drug Manufacturers - General,39182,,-,617892,0.0001
12/31/2024,NGS,Balanced Growth,LISTED EQUITY,1,TENET HEALTHCARE CORP.,-,THC US,BB Ticker,United States,Healthcare,Medical Care Facilities,3027,,-,617080,0.0001
12/31/2024,NGS,Balanced Growth,LISTED EQUITY,1,ALFA LAVAL AB,-,ALFA SS,BB Ticker,Sweden,Industrials,Specialty Industrial Machinery,9114,,-,616249,0.0001
12/31/2024,NGS,Balanced Growth,LISTED EQUITY,1,"NETEASE, INC.",-,9999 HK,SEDOL,Hong Kong,,,21215,,-,610482,0.0001
12/31/2024,NGS,Balanced Growth,LISTED EQUITY,1,"DEXCOM, INC.",-,DXCM US,BB Ticker,United States,Healthcare,Medical Devices,4855,,-,609853,0.0001
12/31/2024,NGS,Balanced Growth,LISTED EQUITY,1,CINCINNATI FINANCIAL CORP.,-,CINF US,BB Ticker,United States,Financial Services,Insurance - Property & Casualty,2622,,-,608498,0.0001
12/31/2024,NGS,Balanced Growth,LISTED EQUITY,1,KOC HOLDING AS,-,KCHOL TI,BB Ticker,Turkey,Industrials,Conglomerates,74074,,-,604269,0.0001
12/31/2024,NGS,Balanced Growth,LISTED EQUITY,1,"AKESO, INC.",-,9926 HK,BB Ticker,Hong Kong,Utilities,Utilities - Regulated Gas,47681,,-,601778,0.0001
12/31/2024,NGS,Balanced Growth,LISTED EQUITY,1,SYSCO CORP.,-,SYY US,BB Ticker,United States,Consumer Defensive,Food Distribution,4857,,-,599836,0.0001
12/31/2024,NGS,Balanced Growth,LISTED EQUITY,1,FLOWSERVE CORP.,-,FLS US,BB Ticker,United States,Industrials,Specialty Industrial Machinery,6435,,-,597815,0.0001
12/31/2024,NGS,Balanced Growth,LISTED EQUITY,1,ORKLA ASA,-,ORK NO,BB Ticker,Belgium,Healthcare,Biotechnology,42655,,-,596591,0.0001
12/31/2024,NGS,Balanced Growth,LISTED EQUITY,1,KEWPIE CORP.,-,2809 JP,BB Ticker,Japan,,,17276,,-,595478,0.0001
12/31/2024,NGS,Balanced Growth,LISTED EQUITY,1,ORIX CORP.,-,8591 JP,BB Ticker,Japan,Industrials,Engineering & Construction,16999,,-,595384,0.0001
12/31/2024,NGS,Balanced Growth,LISTED EQUITY,1,"RAYMOND JAMES FINANCIAL, INC.",-,RJF US,BB Ticker,United States,Financial Services,Asset Management,2370,,-,594640,0.0001
12/31/2024,NGS,Balanced Growth,LISTED EQUITY,1,"QUALYS, INC.",-,QLYS US,BB Ticker,United States,Technology,Software - Infrastructure,2625,,-,594544,0.0001
12/31/2024,NGS,Balanced Growth,LISTED EQUITY,1,"QUANTA SERVICES, INC.",-,PWR US,BB Ticker,United States,Industrials,Engineering & Construction,1158,,-,591200,0.0001
12/31/2024,NGS,Balanced Growth,LISTED EQUITY,1,"DOMINION ENERGY, INC.",-,D US,BB Ticker,United States,Utilities,Utilities - Regulated Electric,6783,,-,590013,0.0001
12/31/2024,NGS,Balanced Growth,LISTED EQUITY,1,SWISS RE AG,-,SREN SW,BB Ticker,Switzerland,Financial Services,Insurance - Reinsurance,2497,,-,583792,0.0001
12/31/2024,NGS,Balanced Growth,LISTED EQUITY,1,"DICK'S SPORTING GOODS, INC.",-,DKS US,BB Ticker,United States,Consumer Cyclical,Specialty Retail,1579,,-,583610,0.0001
12/31/2024,NGS,Balanced Growth,LISTED EQUITY,1,DAIWA HOUSE INDUSTRY CO. LTD.,-,1925 JP,BB Ticker,Japan,Real Estate,Real Estate - Development,11679,,-,583052,0.0001
12/31/2024,NGS,Balanced Growth,LISTED EQUITY,1,PRUDENTIAL PLC,-,PRU LN,BB Ticker,United Kingdom,Financial Services,Insurance - Life,45196,,-,582360,0.0001
12/31/2024,NGS,Balanced Growth,LISTED EQUITY,1,"CANADA GOOSE HOLDINGS, INC.",-,GOOS US,BB Ticker,United States,Consumer Cyclical,Apparel Manufacturing,35939,,-,582205,0.0001
12/31/2024,NGS,Balanced Growth,LISTED EQUITY,1,"LENNOX INTERNATIONAL, INC.",-,LII US,BB Ticker,United States,Industrials,Building Products & Equipment,590,,-,580756,0.0001
12/31/2024,NGS,Balanced Growth,LISTED EQUITY,1,"PUBLIC SERVICE ENTERPRISE GROUP, INC.",-,PEG US,BB Ticker,United States,Utilities,Utilities - Regulated Electric,4231,,-,577397,0.0001
12/31/2024,NGS,Balanced Growth,LISTED EQUITY,1,TRATON SE,-,8TRA GR,BB Ticker,Germany,Industrials,Farm & Heavy Construction Machinery,12347,,-,577149,0.0001
12/31/2024,NGS,Balanced Growth,LISTED EQUITY,1,LOGITECH INTERNATIONAL SA,-,LOGN SW,BB Ticker,Switzerland,Financial Services,Banks - Regional,4308,,-,576124,0.0001
12/31/2024,NGS,Balanced Growth,LISTED EQUITY,1,3I GROUP PLC,-,III LN,BB Ticker,United Kingdom,Technology,Information Technology Services,7975,,-,574948,0.0001
12/31/2024,NGS,Balanced Growth,LISTED EQUITY,1,"BIOMARIN PHARMACEUTICAL, INC.",-,BMRN US,BB Ticker,United States,Healthcare,Biotechnology,5409,,-,574200,0.0001
12/31/2024,NGS,Balanced Growth,LISTED EQUITY,1,"ALIMENTATION COUCHE-TARD, INC.",-,ATD CN,BB Ticker,Canada,Consumer Cyclical,Specialty Retail,6414,,-,574179,0.0001
12/31/2024,NGS,Balanced Growth,LISTED EQUITY,1,"UNITED RENTALS, INC.",-,URI US,BB Ticker,United States,Industrials,Rental & Leasing Services,504,,-,573947,0.0001
12/31/2024,NGS,Balanced Growth,LISTED EQUITY,1,NAVER CORP.,-,035420 KS,BB Ticker,South Korea,Communication Services,Internet Content & Information,2630,,-,573926,0.0001
12/31/2024,NGS,Balanced Growth,LISTED EQUITY,1,FASTENAL CO.,-,FAST US,BB Ticker,United States,Industrials,Industrial Distribution,4937,,-,573451,0.0001
12/31/2024,NGS,Balanced Growth,LISTED EQUITY,1,"PINTEREST, INC.",-,PINS US,BB Ticker,United States,Communication Services,Internet Content & Information,12189,,-,570922,0.0001
12/31/2024,NGS,Balanced Growth,LISTED EQUITY,1,FIRSTSERVICE CORP.,-,FSV CN,BB Ticker,Canada,Real Estate,Real Estate Services,1933,,-,565200,0.0001
12/31/2024,NGS,Balanced Growth,LISTED EQUITY,1,DB INSURANCE CO. LTD.,-,005830 KS,BB Ticker,South Korea,Financial Services,Insurance - Property & Casualty,5009,,-,564890,0.0001
12/31/2024,NGS,Balanced Growth,LISTED EQUITY,1,BIDVEST GROUP LTD.,-,BVT SJ,BB Ticker,South Africa,Technology,Software - Application,24855,,-,560931,0.0001
12/31/2024,NGS,Balanced Growth,LISTED EQUITY,1,INDUS TOWERS LTD.,-,INDUSTOW IN,BB Ticker,India,Communication Services,Telecom Services,86980,,-,560857,0.0001
12/31/2024,NGS,Balanced Growth,LISTED EQUITY,1,SANLAM LTD.,-,SLM SJ,BB Ticker,South Africa,Financial Services,Credit Services,75422,,-,560857,0.0001
12/31/2024,NGS,Balanced Growth,LISTED EQUITY,1,SEAGATE TECHNOLOGY HOLDINGS PLC,-,STX US,BB Ticker,United States,Technology,Computer Hardware,3999,,-,557467,0.0001
12/31/2024,NGS,Balanced Growth,LISTED EQUITY,1,TOYOTA TSUSHO CORP.,-,8015 JP,SEDOL,Japan,,,19073,,-,554308,0.0001
12/31/2024,NGS,Balanced Growth,LISTED EQUITY,1,BANCA MEDIOLANUM SPA,-,BMED IM,BB Ticker,Italy,,,28820,,-,553813,0.0001
12/31/2024,NGS,Balanced Growth,LISTED EQUITY,1,"NEUROCRINE BIOSCIENCES, INC.",-,NBIX US,BB Ticker,United States,Healthcare,Drug Manufacturers - Specialty & Generic,2508,,-,552872,0.0001
12/31/2024,NGS,Balanced Growth,LISTED EQUITY,1,H LUNDBECK AS,-,HLUNB DC,BB Ticker,Denmark,Healthcare,Drug Manufacturers - Specialty & Generic,59518,,-,551544,0.0001
12/31/2024,NGS,Balanced Growth,LISTED EQUITY,1,DISCOVER FINANCIAL SERVICES,-,DFS US,BB Ticker,United States,Consumer Cyclical,Specialty Retail,1965,,-,549867,0.0001
12/31/2024,NGS,Balanced Growth,LISTED EQUITY,1,CAPGEMINI SE,-,CAP FP,BB Ticker,France,Financial Services,Shell Companies,2073,,-,548151,0.0001
12/31/2024,NGS,Balanced Growth,LISTED EQUITY,1,BUREAU VERITAS SA,-,BVI FP,BB Ticker,France,Consumer Cyclical,Restaurants,11120,,-,545629,0.0001
12/31/2024,NGS,Balanced Growth,LISTED EQUITY,1,FLUTTER ENTERTAINMENT PLC,-,FLTR LN,BB Ticker,United Kingdom,,,1298,,-,544207,0.0001
12/31/2024,NGS,Balanced Growth,LISTED EQUITY,1,NOVONESIS (NOVOZYMES) B,-,NSISB DC,BB Ticker,Denmark,,,5938,,-,542952,0.0001
12/31/2024,NGS,Balanced Growth,LISTED EQUITY,1,FORD MOTOR CO.,-,F US,BB Ticker,United States,Consumer Cyclical,Auto Manufacturers,33918,,-,542339,0.0001
12/31/2024,NGS,Balanced Growth,LISTED EQUITY,1,OBEROI REALTY LTD.,-,OBER IN,BB Ticker,India,,,12387,,-,540150,0.0001
12/31/2024,NGS,Balanced Growth,LISTED EQUITY,1,PRYSMIAN SPA,-,PRY IM,BB Ticker,Italy,Industrials,Electrical Equipment & Parts,5202,,-,536533,0.0001
12/31/2024,NGS,Balanced Growth,LISTED EQUITY,1,SAGE GROUP PLC,-,SGE LN,BB Ticker,United Kingdom,,,20831,,-,536403,0.0001
12/31/2024,NGS,Balanced Growth,LISTED EQUITY,1,"INGERSOLL RAND, INC.",-,IR US,BB Ticker,United States,Industrials,Specialty Industrial Machinery,3671,,-,536314,0.0001
12/31/2024,NGS,Balanced Growth,LISTED EQUITY,1,"INTERACTIVE BROKERS GROUP, INC.",-,IBKR US,BB Ticker,United States,Financial Services,Capital Markets,1878,,-,535941,0.0001
12/31/2024,NGS,Balanced Growth,LISTED EQUITY,1,ITAU UNIBANCO HOLDING SA,-,ITUB US,BB Ticker,United States,Financial Services,Banks - Regional,66828,,-,535358,0.0001
12/31/2024,NGS,Balanced Growth,LISTED EQUITY,1,UGI CORP.,-,UGI US,BB Ticker,United States,Utilities,Utilities - Regulated Gas,11700,,-,533455,0.0001
12/31/2024,NGS,Balanced Growth,LISTED EQUITY,1,ERSTE GROUP BANK AG,-,EBS AV,BB Ticker,Austria,Healthcare,Drug Manufacturers - Specialty & Generic,5312,,-,530092,0.0001
12/31/2024,NGS,Balanced Growth,LISTED EQUITY,1,NIPPON TELEGRAPH & TELEPHONE CORP.,-,9432 JP,BB Ticker,Japan,Communication Services,Telecom Services,324510,,-,526924,0.0001
12/31/2024,NGS,Balanced Growth,LISTED EQUITY,1,HONASA CONSUMER LTD.,-,HONASA IN,BB Ticker,India,Consumer Defensive,Household & Personal Products,109266,,-,526049,0.0001
12/31/2024,NGS,Balanced Growth,LISTED EQUITY,1,CAIXABANK SA,-,CABK SM,BB Ticker,Spain,,,60044,,-,525805,0.0001
12/31/2024,NGS,Balanced Growth,LISTED EQUITY,1,MITSUBISHI ESTATE CO. LTD.,-,8802 JP,BB Ticker,Japan,Real Estate,Real Estate - Diversified,23081,,-,521952,0.0001
12/31/2024,NGS,Balanced Growth,LISTED EQUITY,1,MARUBENI CORP.,-,8002 JP,BB Ticker,Japan,Industrials,Conglomerates,21215,,-,521618,0
12/31/2024,NGS,Balanced Growth,LISTED EQUITY,1,"TEXAS ROADHOUSE, INC.",-,TXRH US,BB Ticker,United States,Consumer Cyclical,Restaurants,1790,,-,521571,0
12/31/2024,NGS,Balanced Growth,LISTED EQUITY,1,MONSTER BEVERAGE CORP.,-,MNST US,BB Ticker,United States,Consumer Defensive,Beverages - Non-Alcoholic,6143,,-,521509,0
12/31/2024,NGS,Balanced Growth,LISTED EQUITY,1,BIOMERIEUX,-,BIM FP,BB Ticker,France,Healthcare,Diagnostics & Research,3002,,-,519738,0
12/31/2024,NGS,Balanced Growth,LISTED EQUITY,1,"KENVUE, INC.",-,KVUE US,BB Ticker,United States,Consumer Defensive,Household & Personal Products,15049,,-,518920,0
12/31/2024,NGS,Balanced Growth,LISTED EQUITY,1,ANGLO AMERICAN PLC,-,AAL LN,BB Ticker,United Kingdom,Industrials,Airlines,10832,,-,517968,0
12/31/2024,NGS,Balanced Growth,LISTED EQUITY,1,CHINA OVERSEAS LAND & INVESTMENT LTD.,-,688 HK,BB Ticker,Hong Kong,Technology,Semiconductors,200746,,-,517566,0
12/31/2024,NGS,Balanced Growth,LISTED EQUITY,1,"MOLINA HEALTHCARE, INC.",-,MOH US,BB Ticker,United States,Healthcare,Healthcare Plans,1098,,-,516498,0
12/31/2024,NGS,Balanced Growth,LISTED EQUITY,1,"WILLIAMS-SONOMA, INC.",-,WSM US,BB Ticker,United States,Consumer Cyclical,Specialty Retail,1723,,-,515460,0
12/31/2024,NGS,Balanced Growth,LISTED EQUITY,1,"DOCUSIGN, INC.",-,DOCU US,BB Ticker,United States,Technology,Software - Application,3546,,-,515062,0
12/31/2024,NGS,Balanced Growth,LISTED EQUITY,1,SAMSUNG ELECTRO-MECHANICS CO. LTD.,-,009150 KS,BB Ticker,South Korea,Technology,Electronic Components,3791,,-,514907,0
12/31/2024,NGS,Balanced Growth,LISTED EQUITY,1,SEVEN & I HOLDINGS CO. LTD.,-,3382 JP,BB Ticker,Japan,Industrials,Marine Shipping,20040,,-,512196,0
12/31/2024,NGS,Balanced Growth,LISTED EQUITY,1,INVESTOR AB,-,INVEB SS,BB Ticker,Sweden,Financial Services,Asset Management,11915,,-,509779,0
12/31/2024,NGS,Balanced Growth,LISTED EQUITY,1,HACI OMER SABANCI HOLDING AS,-,SAHOL TI,BB Ticker,Turkey,Financial Services,Banks - Regional,116247,,-,509727,0
12/31/2024,NGS,Balanced Growth,LISTED EQUITY,1,JAPAN POST HOLDINGS CO. LTD.,-,6178 JP,BB Ticker,Japan,Financial Services,Banks - Regional,33239,,-,509143,0
12/31/2024,NGS,Balanced Growth,LISTED EQUITY,1,"EQUIFAX, INC.",-,EFX US,BB Ticker,United States,Industrials,Consulting Services,1235,,-,508293,0
12/31/2024,NGS,Balanced Growth,LISTED EQUITY,1,KUEHNE & NAGEL INTERNATIONAL AG,-,KNIN SW,BB Ticker,Switzerland,Industrials,Integrated Freight & Logistics,1372,,-,507999,0
12/31/2024,NGS,Balanced Growth,LISTED EQUITY,1,PANASONIC HOLDINGS CORP.,-,6752 JP,SEDOL,Japan,,,29922,,-,505228,0
12/31/2024,NGS,Balanced Growth,LISTED EQUITY,1,DEUTSCHE BANK AG,-,DBK GR,BB Ticker,Germany,Financial Services,Banks - Regional,18150,,-,505110,0
12/31/2024,NGS,Balanced Growth,LISTED EQUITY,1,"XCEL ENERGY, INC.",-,XEL US,BB Ticker,United States,Utilities,Utilities - Regulated Electric,4619,,-,503702,0
12/31/2024,NGS,Balanced Growth,LISTED EQUITY,1,THAI BEVERAGE PCL,-,THBEV SP,BB Ticker,Singapore,,,776724,,-,501175,0
12/31/2024,NGS,Balanced Growth,LISTED EQUITY,1,STERIS PLC,-,STE US,BB Ticker,United States,Healthcare,Medical Devices,1507,,-,500379,0
12/31/2024,NGS,Balanced Growth,LISTED EQUITY,1,UNIMICRON TECHNOLOGY CORP.,-,3037 TT,BB Ticker,Taiwan,Technology,Electronic Components,71868,,-,499216,0
12/31/2024,NGS,Balanced Growth,LISTED EQUITY,1,GRASIM INDUSTRIES LTD.,-,GRASIM IN,BB Ticker,India,Basic Materials,Building Materials,10798,,-,497598,0
12/31/2024,NGS,Balanced Growth,LISTED EQUITY,1,VOLVO AB,-,VOLVA SS,BB Ticker,Sweden,,,12590,,-,497258,0
12/31/2024,NGS,Balanced Growth,LISTED EQUITY,1,NEC CORP.,-,6701 JP,BB Ticker,Japan,Technology,Information Technology Services,3525,,-,496920,0
12/31/2024,NGS,Balanced Growth,LISTED EQUITY,1,HDFC LIFE INSURANCE CO. LTD.,-,HDFCLIFE IN,BB Ticker,India,Financial Services,Insurance - Life,42680,,-,496824,0
12/31/2024,NGS,Balanced Growth,LISTED EQUITY,1,NIDEC CORP.,-,6594 JP,BB Ticker,Japan,Industrials,Specialty Industrial Machinery,16931,,-,496747,0
12/31/2024,NGS,Balanced Growth,LISTED EQUITY,1,LLOYDS BANKING GROUP PLC,-,LLOY LN,BB Ticker,United Kingdom,Financial Services,Banks - Regional,448006,,-,496424,0
12/31/2024,NGS,Balanced Growth,LISTED EQUITY,1,ABU DHABI ISLAMIC BANK PJSC,-,ADIB UH,BB Ticker,United Arab Emirates,,,81325,,-,494205,0
12/31/2024,NGS,Balanced Growth,LISTED EQUITY,1,HOLCIM AG,-,HOLN SW,BB Ticker,Switzerland,Basic Materials,Building Materials,3174,,-,494158,0
12/31/2024,NGS,Balanced Growth,LISTED EQUITY,1,SAUDI AWWAL BANK,-,SABB AB,BB Ticker,Saudi Arabia,,,34074,,-,492866,0
12/31/2024,NGS,Balanced Growth,LISTED EQUITY,1,"CONSTELLATION BRANDS, INC.",-,STZ US,BB Ticker,United States,Consumer Defensive,Beverages - Brewers,1375,,-,490851,0
12/31/2024,NGS,Balanced Growth,LISTED EQUITY,1,YANGZIJIANG SHIPBUILDING HOLDINGS LTD.,-,YZJSGD SP,BB Ticker,Singapore,,,138276,,-,489491,0
12/31/2024,NGS,Balanced Growth,LISTED EQUITY,1,M&T BANK CORP.,-,MTB US,BB Ticker,United States,Financial Services,Banks - Regional,1600,,-,485986,0
12/31/2024,NGS,Balanced Growth,LISTED EQUITY,1,"WEC ENERGY GROUP, INC.",-,WEC US,BB Ticker,United States,Utilities,Utilities - Regulated Electric,3131,,-,475567,0
12/31/2024,NGS,Balanced Growth,LISTED EQUITY,1,AP MOLLER - MAERSK AS,-,MAERSKB DC,BB Ticker,Denmark,,,177,,-,474175,0
12/31/2024,NGS,Balanced Growth,LISTED EQUITY,1,KBC GROUP NV,-,KBC BB,BB Ticker,Belgium,Financial Services,Banks - Regional,3798,,-,473468,0
12/31/2024,NGS,Balanced Growth,LISTED EQUITY,1,INFINEON TECHNOLOGIES AG,-,IFX GR,BB Ticker,Germany,Technology,Semiconductors,9014,,-,473364,0
12/31/2024,NGS,Balanced Growth,LISTED EQUITY,1,"JD.COM, INC.",-,JD US,BB Ticker,United States,Consumer Cyclical,Internet Retail,8453,,-,473321,0
12/31/2024,NGS,Balanced Growth,LISTED EQUITY,1,WILLIS TOWERS WATSON PLC,-,WTW US,BB Ticker,United States,Financial Services,Insurance Brokers,934,,-,472321,0
12/31/2024,NGS,Balanced Growth,LISTED EQUITY,1,"CHURCH & DWIGHT CO., INC.",-,CHD US,BB Ticker,United States,Consumer Defensive,Household & Personal Products,2786,,-,471209,0
12/31/2024,NGS,Balanced Growth,LISTED EQUITY,1,TERUMO CORP.,-,4543 JP,BB Ticker,Japan,Consumer Cyclical,Auto Parts,14926,,-,469702,0
12/31/2024,NGS,Balanced Growth,LISTED EQUITY,1,BANK MANDIRI PERSERO TBK. PT,-,BMRI IJ,BB Ticker,Indonesia,Financial Services,Banks - Regional,819016,,-,468468,0
12/31/2024,NGS,Balanced Growth,LISTED EQUITY,1,"ZILLOW GROUP, INC.",-,Z US,BB Ticker,United States,Communication Services,Internet Content & Information,3909,,-,467537,0
12/31/2024,NGS,Balanced Growth,LISTED EQUITY,1,SODEXO SA,-,SW FP,BB Ticker,France,Consumer Cyclical,Packaging & Containers,3502,,-,465942,0
12/31/2024,NGS,Balanced Growth,LISTED EQUITY,1,NIPPON STEEL CORP.,-,5401 JP,BB Ticker,Japan,Real Estate,Real Estate - Development,14236,,-,465511,0
12/31/2024,NGS,Balanced Growth,LISTED EQUITY,1,"NASDAQ, INC.",-,NDAQ US,BB Ticker,United States,Financial Services,Financial Data & Stock Exchanges,3721,,-,464650,0
12/31/2024,NGS,Balanced Growth,LISTED EQUITY,1,DEUTSCHE POST AG,-,DHL GR,BB Ticker,Germany,Industrials,Integrated Freight & Logistics,8161,,-,463797,0
12/31/2024,NGS,Balanced Growth,LISTED EQUITY,1,BANGKOK CHAIN HOSPITAL PCL,-,BCHF TB,BB Ticker,Thailand,,,639554,,-,463534,0
12/31/2024,NGS,Balanced Growth,LISTED EQUITY,1,"GE HEALTHCARE TECHNOLOGIES, INC.",-,GEHC US,BB Ticker,United States,Healthcare,Health Information Services,3669,,-,463335,0
12/31/2024,NGS,Balanced Growth,LISTED EQUITY,1,AMADA CO. LTD.,-,6113 JP,BB Ticker,Japan,Communication Services,Advertising Agencies,29300,,-,462810,0
12/31/2024,NGS,Balanced Growth,LISTED EQUITY,1,"CHARTER COMMUNICATIONS, INC.",-,CHTR US,BB Ticker,United States,Communication Services,Telecom Services,835,,-,462141,0
12/31/2024,NGS,Balanced Growth,LISTED EQUITY,1,VIBRA ENERGIA SA,-,VBBR3 BZ,BB Ticker,Brazil,Consumer Cyclical,Specialty Retail,98611,,-,459924,0
12/31/2024,NGS,Balanced Growth,LISTED EQUITY,1,ATMOS ENERGY CORP.,-,ATO US,BB Ticker,United States,Utilities,Utilities - Regulated Gas,2044,,-,459791,0
12/31/2024,NGS,Balanced Growth,LISTED EQUITY,1,MORINAGA & CO. LTD.,-,2201 JP,BB Ticker,Japan,Healthcare,Drug Manufacturers - Specialty & Generic,16447,,-,459144,0
12/31/2024,NGS,Balanced Growth,LISTED EQUITY,1,LAS VEGAS SANDS CORP.,-,LVS US,BB Ticker,United States,Consumer Cyclical,Resorts & Casinos,5533,,-,458986,0
12/31/2024,NGS,Balanced Growth,LISTED EQUITY,1,AENA SME SA,-,AENA SM,BB Ticker,Spain,Industrials,Airports & Air Services,1388,,-,458334,0
12/31/2024,NGS,Balanced Growth,LISTED EQUITY,1,ENTERGY CORP.,-,ETR US,BB Ticker,United States,Utilities,Utilities - Regulated Electric,3721,,-,455610,0
12/31/2024,NGS,Balanced Growth,LISTED EQUITY,1,CONTAINER CORP. OF INDIA LTD.,-,CCRI IN,BB Ticker,India,,,30543,,-,454046,0
12/31/2024,NGS,Balanced Growth,LISTED EQUITY,1,"YUM! BRANDS, INC.",-,YUM US,BB Ticker,United States,Consumer Cyclical,Restaurants,2092,,-,453402,0
12/31/2024,NGS,Balanced Growth,LISTED EQUITY,1,"CORNING, INC.",-,GLW US,BB Ticker,United States,Technology,Electronic Components,5906,,-,453309,0
12/31/2024,NGS,Balanced Growth,LISTED EQUITY,1,BASF SE,-,BAS GR,BB Ticker,Germany,,,6335,,-,449893,0
12/31/2024,NGS,Balanced Growth,LISTED EQUITY,1,HALEON PLC,-,HLN LN,BB Ticker,United Kingdom,Healthcare,Drug Manufacturers - Specialty & Generic,58772,,-,448661,0
12/31/2024,NGS,Balanced Growth,LISTED EQUITY,1,OLYMPUS CORP.,-,7733 JP,SEDOL,Japan,,,18313,,-,446117,0
12/31/2024,NGS,Balanced Growth,LISTED EQUITY,1,MERCK KGAA,-,MRK GR,BB Ticker,Germany,Healthcare,Drug Manufacturers - General,1902,,-,444960,0
12/31/2024,NGS,Balanced Growth,LISTED EQUITY,1,HENKEL AG & CO. KGAA,-,HEN3 GR,BB Ticker,Germany,Consumer Defensive,Household & Personal Products,3140,,-,444714,0
12/31/2024,NGS,Balanced Growth,LISTED EQUITY,1,ENEL CHILE SA,-,ENELCHIL CI,BB Ticker,Chile,Utilities,Utilities - Regulated Electric,4753588,,-,443892,0
12/31/2024,NGS,Balanced Growth,LISTED EQUITY,1,SITC INTERNATIONAL HOLDINGS CO. LTD.,-,1308 HK,BB Ticker,Hong Kong,Basic Materials,Specialty Chemicals,102965,,-,443154,0
12/31/2024,NGS,Balanced Growth,LISTED EQUITY,1,WARTSILA OYJ ABP,-,WRT1V FH,BB Ticker,Finland,Industrials,Specialty Industrial Machinery,15485,,-,443106,0
12/31/2024,NGS,Balanced Growth,LISTED EQUITY,1,ACS ACTIVIDADES DE CONSTRUCCION Y SERVICIOS SA,-,ACS SM,BB Ticker,Spain,,,5467,,-,442940,0
12/31/2024,NGS,Balanced Growth,LISTED EQUITY,1,"JD.COM, INC.",-,9618 HK,BB Ticker,Hong Kong,Consumer Cyclical,Internet Retail,15653,,-,442633,0
12/31/2024,NGS,Balanced Growth,LISTED EQUITY,1,INDRAPRASTHA GAS LTD.,-,IGL IN,BB Ticker,India,Communication Services,Telecom Services,56427,,-,442463,0
12/31/2024,NGS,Balanced Growth,LISTED EQUITY,1,AEGON LTD.,-,AGN NA,BB Ticker,Netherlands,Real Estate,REIT - Mortgage,46116,,-,441169,0
12/31/2024,NGS,Balanced Growth,LISTED EQUITY,1,CAIXA SEGURIDADE PARTICIPACOES SA,-,CXSE3 BZ,BB Ticker,Brazil,Financial Services,Insurance - Diversified,117768,,-,438741,0
12/31/2024,NGS,Balanced Growth,LISTED EQUITY,1,WEICHAI POWER CO. LTD.,-,2338 HK,BB Ticker,Hong Kong,Technology,Semiconductor Equipment & Materials,177596,,-,438680,0
12/31/2024,NGS,Balanced Growth,LISTED EQUITY,1,ZHUZHOU CRRC TIMES ELECTRIC CO. LTD.,-,3898 HK,BB Ticker,Hong Kong,Industrials,Railroads,64197,,-,437812,0
12/31/2024,NGS,Balanced Growth,LISTED EQUITY,1,HANGZHOU OXYGEN PLANT GROUP CO. LTD.,-,002430 C2,BB Ticker,China,Industrials,Specialty Industrial Machinery,90733,,-,437671,0
12/31/2024,NGS,Balanced Growth,LISTED EQUITY,1,HDFC BANK LTD.,-,HDB US,BB Ticker,United States,Financial Services,Banks - Regional,4230,,-,436271,0
12/31/2024,NGS,Balanced Growth,LISTED EQUITY,1,"RPM INTERNATIONAL, INC.",-,RPM US,BB Ticker,United States,Basic Materials,Specialty Chemicals,2187,,-,434706,0
12/31/2024,NGS,Balanced Growth,LISTED EQUITY,1,MAYORA INDAH TBK. PT,-,MYOR IJ,BB Ticker,Indonesia,Consumer Defensive,Packaged Foods,1552481,,-,433096,0
12/31/2024,NGS,Balanced Growth,LISTED EQUITY,1,"NUTANIX, INC.",-,NTNX US,BB Ticker,United States,Technology,Software - Infrastructure,4376,,-,432369,0
12/31/2024,NGS,Balanced Growth,LISTED EQUITY,1,INTERTEK GROUP PLC,-,ITRK LN,BB Ticker,United Kingdom,Industrials,Specialty Business Services,4504,,-,430764,0
12/31/2024,NGS,Balanced Growth,LISTED EQUITY,1,"TOLL BROTHERS, INC.",-,TOL US,BB Ticker,United States,Consumer Cyclical,Residential Construction,2117,,-,430576,0
12/31/2024,NGS,Balanced Growth,LISTED EQUITY,1,AMEREN CORP.,-,AEE US,BB Ticker,United States,Utilities,Utilities - Regulated Electric,2987,,-,430093,0
12/31/2024,NGS,Balanced Growth,LISTED EQUITY,1,SIKA AG,-,SIKA SW,BB Ticker,Switzerland,Basic Materials,Specialty Chemicals,1117,,-,429486,0
12/31/2024,NGS,Balanced Growth,LISTED EQUITY,1,"CLOUDFLARE, INC.",-,NET US,BB Ticker,United States,Technology,Software - Infrastructure,2467,,-,429050,0
12/31/2024,NGS,Balanced Growth,LISTED EQUITY,1,PENTAIR PLC,-,PNR US,BB Ticker,United States,Industrials,Specialty Industrial Machinery,2634,,-,428070,0
12/31/2024,NGS,Balanced Growth,LISTED EQUITY,1,"MICROCHIP TECHNOLOGY, INC.",-,MCHP US,BB Ticker,United States,Technology,Semiconductors,4620,,-,427961,0
12/31/2024,NGS,Balanced Growth,LISTED EQUITY,1,"COSTAR GROUP, INC.",-,CSGP US,BB Ticker,United States,Real Estate,Real Estate Services,3696,,-,427395,0
12/31/2024,NGS,Balanced Growth,LISTED EQUITY,1,HF SINCLAIR CORP.,-,DINO US,BB Ticker,United States,Energy,Oil & Gas Refining & Marketing,7541,,-,426910,0
12/31/2024,NGS,Balanced Growth,LISTED EQUITY,1,MEIJI HOLDINGS CO. LTD.,-,2269 JP,BB Ticker,Japan,,,12923,,-,425099,0
12/31/2024,NGS,Balanced Growth,LISTED EQUITY,1,SAMSUNG FIRE & MARINE INSURANCE CO. LTD.,-,000810 KS,BB Ticker,South Korea,Technology,Communication Equipment,1080,,-,424816,0
12/31/2024,NGS,Balanced Growth,LISTED EQUITY,1,HONGFA TECHNOLOGY CO. LTD.,-,600885 C1,BB Ticker,China,Industrials,Electrical Equipment & Parts,60327,,-,424757,0
12/31/2024,NGS,Balanced Growth,LISTED EQUITY,1,PRIMO BRANDS CORP.,-,PRMB US,BB Ticker,United States,Consumer Defensive,Beverages - Non-Alcoholic,8528,,-,423821,0
12/31/2024,NGS,Balanced Growth,LISTED EQUITY,1,"XYLEM, INC.",-,XYL US,BB Ticker,United States,Industrials,Specialty Industrial Machinery,2258,,-,423175,0
12/31/2024,NGS,Balanced Growth,LISTED EQUITY,1,CHUGAI PHARMACEUTICAL CO. LTD.,-,4519 JP,BB Ticker,Japan,Healthcare,Drug Manufacturers - General,5874,,-,422491,0
12/31/2024,NGS,Balanced Growth,LISTED EQUITY,1,"SUMITOMO MITSUI TRUST GROUP, INC.",-,8309 JP,BB Ticker,Japan,Industrials,Waste Management,11125,,-,422133,0
12/31/2024,NGS,Balanced Growth,LISTED EQUITY,1,INTERNATIONAL PAPER CO.,-,IP US,BB Ticker,United States,Consumer Cyclical,Packaging & Containers,4856,,-,422103,0
12/31/2024,NGS,Balanced Growth,LISTED EQUITY,1,MGIC INVESTMENT CORP.,-,MTG US,BB Ticker,United States,Financial Services,Insurance - Specialty,10988,,-,420785,0
12/31/2024,NGS,Balanced Growth,LISTED EQUITY,1,IDEMITSU KOSAN CO. LTD.,-,5019 JP,BB Ticker,Japan,,,39527,,-,420638,0
12/31/2024,NGS,Balanced Growth,LISTED EQUITY,1,BHARAT FORGE LTD.,-,BHFC IN,BB Ticker,India,,,17128,,-,419898,0
12/31/2024,NGS,Balanced Growth,LISTED EQUITY,1,ARES MANAGEMENT CORP.,-,ARES US,BB Ticker,United States,Financial Services,Asset Management,1468,,-,419668,0
12/31/2024,NGS,Balanced Growth,LISTED EQUITY,1,"DONALDSON CO., INC.",-,DCI US,BB Ticker,United States,Industrials,Specialty Industrial Machinery,3853,,-,419146,0
12/31/2024,NGS,Balanced Growth,LISTED EQUITY,1,VULCAN MATERIALS CO.,-,VMC US,BB Ticker,United States,Basic Materials,Building Materials,1003,,-,416863,0
12/31/2024,NGS,Balanced Growth,LISTED EQUITY,1,"OLD DOMINION FREIGHT LINE, INC.",-,ODFL US,BB Ticker,United States,Industrials,Trucking,1455,,-,414434,0
12/31/2024,NGS,Balanced Growth,LISTED EQUITY,1,"UNITED AIRLINES HOLDINGS, INC.",-,UAL US,BB Ticker,United States,Industrials,Airlines,2640,,-,413987,0
12/31/2024,NGS,Balanced Growth,LISTED EQUITY,1,PAN PACIFIC INTERNATIONAL HOLDINGS CORP.,-,7532 JP,BB Ticker,Japan,Consumer Defensive,Discount Stores,9329,,-,413788,0
12/31/2024,NGS,Balanced Growth,LISTED EQUITY,1,FIFTH THIRD BANCORP,-,FITB US,BB Ticker,United States,Financial Services,Banks - Regional,6044,,-,412714,0
12/31/2024,NGS,Balanced Growth,LISTED EQUITY,1,"GLOBAL PAYMENTS, INC.",-,GPN US,BB Ticker,United States,Industrials,Specialty Business Services,2274,,-,411607,0
12/31/2024,NGS,Balanced Growth,LISTED EQUITY,1,"SUN LIFE FINANCIAL, INC.",-,SLF CN,BB Ticker,Canada,Financial Services,Insurance - Diversified,4286,,-,410857,0
12/31/2024,NGS,Balanced Growth,LISTED EQUITY,1,VESTAS WIND SYSTEMS AS,-,VWS DC,BB Ticker,Denmark,Industrials,Specialty Industrial Machinery,18620,,-,409575,0
12/31/2024,NGS,Balanced Growth,LISTED EQUITY,1,COCA-COLA ICECEK AS,-,CCOLA TI,BB Ticker,Turkey,Consumer Defensive,Beverages - Non-Alcoholic,148645,,-,407030,0
12/31/2024,NGS,Balanced Growth,LISTED EQUITY,1,ORANGE SA,-,ORA FP,BB Ticker,France,Utilities,Utilities - Renewable,25228,,-,406236,0
12/31/2024,NGS,Balanced Growth,LISTED EQUITY,1,FOX CORP.,-,FOX US,BB Ticker,United States,Communication Services,Entertainment,5480,,-,404832,0
12/31/2024,NGS,Balanced Growth,LISTED EQUITY,1,DTE ENERGY CO.,-,DTE US,BB Ticker,United States,Utilities,Utilities - Regulated Electric,2068,,-,403365,0
12/31/2024,NGS,Balanced Growth,LISTED EQUITY,1,EVEREST GROUP LTD.,-,EG US,BB Ticker,United States,Financial Services,Insurance - Reinsurance,689,,-,403330,0
12/31/2024,NGS,Balanced Growth,LISTED EQUITY,1,"DELL TECHNOLOGIES, INC.",-,DELL US,BB Ticker,United States,Technology,Computer Hardware,2164,,-,402837,0
12/31/2024,NGS,Balanced Growth,LISTED EQUITY,1,SUMITOMO BAKELITE CO. LTD.,-,4203 JP,BB Ticker,Japan,Basic Materials,Specialty Chemicals,10089,,-,401675,0
12/31/2024,NGS,Balanced Growth,LISTED EQUITY,1,XINYI GLASS HOLDINGS LTD.,-,868 HK,BB Ticker,Hong Kong,,,243936,,-,400175,0
12/31/2024,NGS,Balanced Growth,LISTED EQUITY,1,VALEO SE,-,FR FP,BB Ticker,France,Real Estate,REIT - Industrial,25420,,-,395885,0
12/31/2024,NGS,Balanced Growth,LISTED EQUITY,1,STELLANTIS NV,-,STLAM IM,BB Ticker,Italy,Consumer Cyclical,Auto Manufacturers,18795,,-,395747,0
12/31/2024,NGS,Balanced Growth,LISTED EQUITY,1,CURTISS-WRIGHT CORP.,-,CW US,BB Ticker,United States,Industrials,Aerospace & Defense,686,,-,393299,0
12/31/2024,NGS,Balanced Growth,LISTED EQUITY,1,VEOLIA ENVIRONNEMENT SA,-,VIE FP,BB Ticker,France,,,8644,,-,391960,0
12/31/2024,NGS,Balanced Growth,LISTED EQUITY,1,SINGAPORE TECHNOLOGIES ENGINEERING LTD.,-,STE SP,BB Ticker,Singapore,Healthcare,Medical Devices,70624,,-,389640,0
12/31/2024,NGS,Balanced Growth,LISTED EQUITY,1,MGM CHINA HOLDINGS LTD.,-,2282 HK,BB Ticker,Hong Kong,Consumer Defensive,Beverages - Non-Alcoholic,187685,,-,387895,0
12/31/2024,NGS,Balanced Growth,LISTED EQUITY,1,BGF RETAIL CO. LTD.,-,282330 KS,BB Ticker,South Korea,Consumer Defensive,Grocery Stores,3419,,-,384509,0
12/31/2024,NGS,Balanced Growth,LISTED EQUITY,1,GEORGE WESTON LTD.,-,WN CN,BB Ticker,Canada,Industrials,Farm & Heavy Construction Machinery,1529,,-,383903,0
12/31/2024,NGS,Balanced Growth,LISTED EQUITY,1,CATHAY FINANCIAL HOLDING CO. LTD.,-,2882 TT,BB Ticker,Taiwan,Consumer Cyclical,Restaurants,114021,,-,383655,0
12/31/2024,NGS,Balanced Growth,LISTED EQUITY,1,ROCHE HOLDING AG,-,RO SW,BB Ticker,Switzerland,,,796,,-,383584,0
12/31/2024,NGS,Balanced Growth,LISTED EQUITY,1,BUNGE GLOBAL SA,-,BG US,BB Ticker,United States,Consumer Defensive,Farm Products,3052,,-,383343,0
12/31/2024,NGS,Balanced Growth,LISTED EQUITY,1,"DYNATRACE, INC.",-,DT US,BB Ticker,United States,Technology,Software - Application,4361,,-,382827,0
12/31/2024,NGS,Balanced Growth,LISTED EQUITY,1,"F5, INC.",-,FFIV US,BB Ticker,United States,Technology,Software - Infrastructure,941,,-,381987,0
12/31/2024,NGS,Balanced Growth,LISTED EQUITY,1,TELENOR ASA,-,TEL NO,BB Ticker,Belgium,Technology,Electronic Components,21099,,-,380766,0
12/31/2024,NGS,Balanced Growth,LISTED EQUITY,1,"ROKU, INC.",-,ROKU US,BB Ticker,United States,Communication Services,Entertainment,3163,,-,379754,0
12/31/2024,NGS,Balanced Growth,LISTED EQUITY,1,FIRSTENERGY CORP.,-,FE US,BB Ticker,United States,Utilities,Utilities - Regulated Electric,5904,,-,379297,0
12/31/2024,NGS,Balanced Growth,LISTED EQUITY,1,CK HUTCHISON HOLDINGS LTD.,-,1 HK,BB Ticker,Hong Kong,,,43881,,-,378634,0
12/31/2024,NGS,Balanced Growth,LISTED EQUITY,1,ELBIT SYSTEMS LTD.,-,ESLT IT,BB Ticker,Israel,Industrials,Aerospace & Defense,895,,-,378034,0
12/31/2024,NGS,Balanced Growth,LISTED EQUITY,1,"AAC TECHNOLOGIES HOLDINGS, INC.",-,2018 HK,BB Ticker,Hong Kong,Technology,Communication Equipment,48373,,-,377162,0
12/31/2024,NGS,Balanced Growth,LISTED EQUITY,1,TAYLOR MORRISON HOME CORP.,-,TMHC US,BB Ticker,United States,Consumer Cyclical,Residential Construction,3790,,-,374649,0
12/31/2024,NGS,Balanced Growth,LISTED EQUITY,1,ON SEMICONDUCTOR CORP.,-,ON US,BB Ticker,United States,Technology,Semiconductors,3674,,-,374159,0
12/31/2024,NGS,Balanced Growth,LISTED EQUITY,1,CHINA RESOURCES GAS GROUP LTD.,-,1193 HK,BB Ticker,Hong Kong,Utilities,Utilities - Regulated Gas,58462,,-,373778,0
12/31/2024,NGS,Balanced Growth,LISTED EQUITY,1,"LPL FINANCIAL HOLDINGS, INC.",-,LPLA US,BB Ticker,United States,Financial Services,Capital Markets,706,,-,372072,0
12/31/2024,NGS,Balanced Growth,LISTED EQUITY,1,HAITIAN INTERNATIONAL HOLDINGS LTD.,-,1882 HK,BB Ticker,Hong Kong,Industrials,Engineering & Construction,84306,,-,369863,0
12/31/2024,NGS,Balanced Growth,LISTED EQUITY,1,HERA SPA,-,HER IM,BB Ticker,Italy,Consumer Defensive,Household & Personal Products,64237,,-,368713,0
12/31/2024,NGS,Balanced Growth,LISTED EQUITY,1,LENOVO GROUP LTD.,-,992 HK,SEDOL,Hong Kong,,,175523,,-,367868,0
12/31/2024,NGS,Balanced Growth,LISTED EQUITY,1,AERCAP HOLDINGS NV,-,AER US,BB Ticker,United States,Industrials,Rental & Leasing Services,2373,,-,366789,0
12/31/2024,NGS,Balanced Growth,LISTED EQUITY,1,"DOW, INC.",-,DOW US,BB Ticker,United States,Basic Materials,Chemicals,5656,,-,366600,0
12/31/2024,NGS,Balanced Growth,LISTED EQUITY,1,HERSHEY CO.,-,HSY US,BB Ticker,United States,Consumer Defensive,Confectioners,1334,,-,364794,0
12/31/2024,NGS,Balanced Growth,LISTED EQUITY,1,"BUILDERS FIRSTSOURCE, INC.",-,BLDR US,BB Ticker,United States,Industrials,Building Products & Equipment,1577,,-,364035,0
12/31/2024,NGS,Balanced Growth,LISTED EQUITY,1,"HOLOGIC, INC.",-,HOLX US,BB Ticker,United States,Healthcare,Medical Instruments & Supplies,3123,,-,363599,0
12/31/2024,NGS,Balanced Growth,LISTED EQUITY,1,BAYERISCHE MOTOREN WERKE AG,-,BMW GR,BB Ticker,Germany,Consumer Cyclical,Auto Manufacturers,2731,,-,360735,0
12/31/2024,NGS,Balanced Growth,LISTED EQUITY,1,CIPUTRA DEVELOPMENT TBK. PT,-,CTRA IJ,BB Ticker,Indonesia,Energy,Oil & Gas E&P,3653783,,-,359320,0
12/31/2024,NGS,Balanced Growth,LISTED EQUITY,1,"CENTERPOINT ENERGY, INC.",-,CNP US,BB Ticker,United States,Utilities,Utilities - Regulated Electric,6968,,-,357115,0
12/31/2024,NGS,Balanced Growth,LISTED EQUITY,1,MASCO CORP.,-,MAS US,BB Ticker,United States,Industrials,Building Products & Equipment,3042,,-,356624,0
12/31/2024,NGS,Balanced Growth,LISTED EQUITY,1,"ALIGN TECHNOLOGY, INC.",-,ALGN US,BB Ticker,United States,Healthcare,Medical Instruments & Supplies,1059,,-,356525,0
12/31/2024,NGS,Balanced Growth,LISTED EQUITY,1,ARAMARK,-,ARMK US,BB Ticker,United States,Industrials,Specialty Business Services,5880,,-,354330,0
12/31/2024,NGS,Balanced Growth,LISTED EQUITY,1,"HUMANA, INC.",-,HUM US,BB Ticker,United States,Healthcare,Healthcare Plans,862,,-,353392,0
12/31/2024,NGS,Balanced Growth,LISTED EQUITY,1,"HUBBELL, INC.",-,HUBB US,BB Ticker,United States,Industrials,Electrical Equipment & Parts,521,,-,352514,0
12/31/2024,NGS,Balanced Growth,LISTED EQUITY,1,FERROVIAL SE,-,FER SM,BB Ticker,Spain,Industrials,Engineering & Construction,5174,,-,351355,0
12/31/2024,NGS,Balanced Growth,LISTED EQUITY,1,KELLANOVA,-,K US,BB Ticker,United States,Consumer Defensive,Packaged Foods,2684,,-,351001,0
12/31/2024,NGS,Balanced Growth,LISTED EQUITY,1,INTELLIGENT MONITORING GROUP LTD.,-,IMB AU,BB Ticker,Australia,Consumer Defensive,Tobacco,626608,,-,350901,0
12/31/2024,NGS,Balanced Growth,LISTED EQUITY,1,SAAB AB,-,SAABB SS,BB Ticker,Sweden,Industrials,Aerospace & Defense,10238,,-,349730,0
12/31/2024,NGS,Balanced Growth,LISTED EQUITY,1,ASM INTERNATIONAL NV,-,ASM NA,BB Ticker,Netherlands,Basic Materials,Other Precious Metals & Mining,374,,-,349388,0
12/31/2024,NGS,Balanced Growth,LISTED EQUITY,1,NUCOR CORP.,-,NUE US,BB Ticker,United States,Basic Materials,Steel,1844,,-,347665,0
12/31/2024,NGS,Balanced Growth,LISTED EQUITY,1,WHEATON PRECIOUS METALS CORP.,-,WPM CN,BB Ticker,Canada,Basic Materials,Gold,3822,,-,347289,0
12/31/2024,NGS,Balanced Growth,LISTED EQUITY,1,"HP, INC.",-,HPQ US,BB Ticker,United States,Technology,Computer Hardware,6589,,-,347250,0
12/31/2024,NGS,Balanced Growth,LISTED EQUITY,1,FRANCO-NEVADA CORP.,-,FNV CN,BB Ticker,Canada,Basic Materials,Gold,1825,,-,346206,0
12/31/2024,NGS,Balanced Growth,LISTED EQUITY,1,ORIENTAL LAND CO. LTD.,-,4661 JP,BB Ticker,Japan,Technology,Software - Infrastructure,9813,,-,345089,0
12/31/2024,NGS,Balanced Growth,LISTED EQUITY,1,SYNGENE INTERNATIONAL LTD.,-,SYNG IN,BB Ticker,India,Healthcare,Biotechnology,21269,,-,344442,0
12/31/2024,NGS,Balanced Growth,LISTED EQUITY,1,"DOLLARAMA, INC.",-,DOL CN,BB Ticker,Canada,,,2185,,-,344225,0
12/31/2024,NGS,Balanced Growth,LISTED EQUITY,1,BANK LEUMI LE-ISRAEL BM,-,LUMI IT,BB Ticker,Israel,Consumer Cyclical,Auto Parts,17913,,-,344199,0
12/31/2024,NGS,Balanced Growth,LISTED EQUITY,1,CARNIVAL CORP.,-,CCL US,BB Ticker,United States,Consumer Cyclical,Travel Services,8489,,-,341686,0
12/31/2024,NGS,Balanced Growth,LISTED EQUITY,1,EVOLUTION AB,-,EVO SS,BB Ticker,Sweden,Healthcare,Drug Manufacturers - Specialty & Generic,2737,,-,341211,0
12/31/2024,NGS,Balanced Growth,LISTED EQUITY,1,SK TELECOM CO. LTD.,-,017670 KS,BB Ticker,South Korea,Communication Services,Telecom Services,5630,,-,340949,0
12/31/2024,NGS,Balanced Growth,LISTED EQUITY,1,"T. ROWE PRICE GROUP, INC.",-,TROW US,BB Ticker,United States,Financial Services,Asset Management,1864,,-,340542,0
12/31/2024,NGS,Balanced Growth,LISTED EQUITY,1,TINGYI CAYMAN ISLANDS HOLDING CORP.,-,322 HK,BB Ticker,Hong Kong,Technology,Semiconductors,161702,,-,340247,0
12/31/2024,NGS,Balanced Growth,LISTED EQUITY,1,NEDBANK GROUP LTD.,-,NED SJ,BB Ticker,South Africa,Technology,Information Technology Services,14025,,-,338161,0
12/31/2024,NGS,Balanced Growth,LISTED EQUITY,1,PERNOD RICARD SA,-,RI FP,BB Ticker,France,,,1853,,-,337863,0
12/31/2024,NGS,Balanced Growth,LISTED EQUITY,1,CMOC GROUP LTD.,-,3993 HK,BB Ticker,Hong Kong,Basic Materials,Other Industrial Metals & Mining,308893,,-,337182,0
12/31/2024,NGS,Balanced Growth,LISTED EQUITY,1,"NISOURCE, INC.",-,NI US,BB Ticker,United States,Utilities,Utilities - Regulated Gas,5669,,-,336553,0
12/31/2024,NGS,Balanced Growth,LISTED EQUITY,1,CDW CORP.,-,CDW US,BB Ticker,United States,Technology,Information Technology Services,1196,,-,336241,0
12/31/2024,NGS,Balanced Growth,LISTED EQUITY,1,DOVER CORP.,-,DOV US,BB Ticker,United States,Industrials,Specialty Industrial Machinery,1108,,-,335847,0
12/31/2024,NGS,Balanced Growth,LISTED EQUITY,1,DISCO CORP.,-,6146 JP,BB Ticker,Japan,Technology,Semiconductor Equipment & Materials,760,,-,333801,0
12/31/2024,NGS,Balanced Growth,LISTED EQUITY,1,"CONAGRA BRANDS, INC.",-,CAG US,BB Ticker,United States,Consumer Defensive,Packaged Foods,7445,,-,333692,0
12/31/2024,NGS,Balanced Growth,LISTED EQUITY,1,JAZZ PHARMACEUTICALS PLC,-,JAZZ US,BB Ticker,United States,Healthcare,Biotechnology,1671,,-,332350,0
12/31/2024,NGS,Balanced Growth,LISTED EQUITY,1,"MARTIN MARIETTA MATERIALS, INC.",-,MLM US,BB Ticker,United States,Basic Materials,Building Materials,398,,-,332045,0
12/31/2024,NGS,Balanced Growth,LISTED EQUITY,1,TDK CORP.,-,6762 JP,BB Ticker,Japan,Healthcare,Medical Devices,15548,,-,331161,0
12/31/2024,NGS,Balanced Growth,LISTED EQUITY,1,"UNIVERSAL HEALTH SERVICES, INC.",-,UHS US,BB Ticker,United States,Healthcare,Medical Care Facilities,1129,,-,327210,0
12/31/2024,NGS,Balanced Growth,LISTED EQUITY,1,SYMRISE AG,-,SY1 GR,BB Ticker,Germany,Basic Materials,Specialty Chemicals,1902,,-,326485,0
12/31/2024,NGS,Balanced Growth,LISTED EQUITY,1,"CANON, INC.",-,7751 JP,BB Ticker,Japan,Technology,Semiconductor Equipment & Materials,6150,,-,326202,0
12/31/2024,NGS,Balanced Growth,LISTED EQUITY,1,EVONIK INDUSTRIES AG,-,EVK GR,BB Ticker,Germany,Consumer Cyclical,Apparel Manufacturing,11638,,-,325645,0
12/31/2024,NGS,Balanced Growth,LISTED EQUITY,1,DAITO TRUST CONSTRUCTION CO. LTD.,-,1878 JP,BB Ticker,Japan,Real Estate,Real Estate - Diversified,1797,,-,324513,0
12/31/2024,NGS,Balanced Growth,LISTED EQUITY,1,"MARKEL GROUP, INC.",-,MKL US,BB Ticker,United States,Financial Services,Insurance - Property & Casualty,116,,-,323678,0
12/31/2024,NGS,Balanced Growth,LISTED EQUITY,1,GIANT BIOGENE HOLDING CO. LTD.,-,2367 HK,BB Ticker,Hong Kong,Technology,Electronic Components,31097,,-,322635,0
12/31/2024,NGS,Balanced Growth,LISTED EQUITY,1,"CAE, INC.",-,CAE CN,BB Ticker,Canada,Industrials,Aerospace & Defense,7867,,-,322458,0
12/31/2024,NGS,Balanced Growth,LISTED EQUITY,1,"PTC, INC.",-,PTC US,BB Ticker,United States,Technology,Software - Application,1085,,-,322192,0
12/31/2024,NGS,Balanced Growth,LISTED EQUITY,1,"LIVE NATION ENTERTAINMENT, INC.",-,LYV US,BB Ticker,United States,Communication Services,Entertainment,1529,,-,319712,0
12/31/2024,NGS,Balanced Growth,LISTED EQUITY,1,"INGREDION, INC.",-,INGR US,BB Ticker,United States,Consumer Defensive,Packaged Foods,1437,,-,319191,0
12/31/2024,NGS,Balanced Growth,LISTED EQUITY,1,"FIRST CITIZENS BANCSHARES, INC.",-,FCNCA US,BB Ticker,United States,Financial Services,Banks - Regional,93,,-,318377,0
12/31/2024,NGS,Balanced Growth,LISTED EQUITY,1,OTSUKA HOLDINGS CO. LTD.,-,4578 JP,BB Ticker,Japan,Healthcare,Drug Manufacturers - General,3593,,-,317588,0
12/31/2024,NGS,Balanced Growth,LISTED EQUITY,1,"IONIS PHARMACEUTICALS, INC.",-,IONS US,BB Ticker,United States,Healthcare,Biotechnology,5613,,-,316951,0
12/31/2024,NGS,Balanced Growth,LISTED EQUITY,1,SHIONOGI & CO. LTD.,-,4507 JP,SEDOL,Japan,,,13890,,-,316749,0
12/31/2024,NGS,Balanced Growth,LISTED EQUITY,1,"WEST PHARMACEUTICAL SERVICES, INC.",-,WST US,BB Ticker,United States,Healthcare,Medical Instruments & Supplies,596,,-,315505,0
12/31/2024,NGS,Balanced Growth,LISTED EQUITY,1,CARVANA CO.,-,CVNA US,BB Ticker,United States,Consumer Cyclical,Auto & Truck Dealerships,959,,-,315036,0
12/31/2024,NGS,Balanced Growth,LISTED EQUITY,1,SHRIRAM FINANCE LTD.,-,SHFL IN,BB Ticker,India,,,5776,,-,314799,0
12/31/2024,NGS,Balanced Growth,LISTED EQUITY,1,ASE TECHNOLOGY HOLDING CO. LTD.,-,3711 TT,BB Ticker,Taiwan,Technology,Semiconductors,39389,,-,314359,0
12/31/2024,NGS,Balanced Growth,LISTED EQUITY,1,UCB SA,-,UCB BB,BB Ticker,Belgium,Financial Services,Banks - Regional,976,,-,313870,0
12/31/2024,NGS,Balanced Growth,LISTED EQUITY,1,"WSP GLOBAL, INC.",-,WSP CN,BB Ticker,Canada,Industrials,Engineering & Construction,1102,,-,313111,0
12/31/2024,NGS,Balanced Growth,LISTED EQUITY,1,"ZIMMER BIOMET HOLDINGS, INC.",-,ZBH US,BB Ticker,United States,Healthcare,Medical Devices,1826,,-,311594,0
12/31/2024,NGS,Balanced Growth,LISTED EQUITY,1,GENERALI,-,G IM,BB Ticker,Italy,Technology,Information Technology Services,6815,,-,310817,0
12/31/2024,NGS,Balanced Growth,LISTED EQUITY,1,SSE PLC,-,SSE LN,BB Ticker,United Kingdom,,,9538,,-,309453,0
12/31/2024,NGS,Balanced Growth,LISTED EQUITY,1,AVIVA PLC,-,AV LN,BB Ticker,United Kingdom,,,32623,,-,309351,0
12/31/2024,NGS,Balanced Growth,LISTED EQUITY,1,UNIVERSAL MUSIC GROUP NV,-,UMG NA,BB Ticker,Netherlands,Communication Services,Entertainment,7477,,-,309122,0
12/31/2024,NGS,Balanced Growth,LISTED EQUITY,1,SMC CORP.,-,6273 JP,BB Ticker,Japan,Industrials,Specialty Industrial Machinery,484,,-,309109,0
12/31/2024,NGS,Balanced Growth,LISTED EQUITY,1,NUTRIEN LTD.,-,NTR CN,BB Ticker,Canada,Basic Materials,Agricultural Inputs,4264,,-,308026,0
12/31/2024,NGS,Balanced Growth,LISTED EQUITY,1,MOLSON COORS BEVERAGE CO.,-,TAP US,BB Ticker,United States,Consumer Defensive,Beverages - Brewers,3325,,-,307784,0
12/31/2024,NGS,Balanced Growth,LISTED EQUITY,1,BAPCOR LTD.,-,BAP AU,BB Ticker,Australia,Financial Services,Banks - Regional,65157,,-,307541,0
12/31/2024,NGS,Balanced Growth,LISTED EQUITY,1,TELIA CO. AB,-,TELIA SS,BB Ticker,Sweden,Communication Services,Telecom Services,68438,,-,306823,0
12/31/2024,NGS,Balanced Growth,LISTED EQUITY,1,"BANDAI NAMCO HOLDINGS, INC.",-,7832 JP,BB Ticker,Japan,Consumer Cyclical,Leisure,7877,,-,305946,0
12/31/2024,NGS,Balanced Growth,LISTED EQUITY,1,ALKERMES PLC,-,ALKS US,BB Ticker,United States,Healthcare,Drug Manufacturers - Specialty & Generic,6579,,-,305584,0
12/31/2024,NGS,Balanced Growth,LISTED EQUITY,1,SMURFIT WESTROCK PLC,-,SW US,BB Ticker,United States,Consumer Cyclical,Packaging & Containers,3504,,-,304835,0
12/31/2024,NGS,Balanced Growth,LISTED EQUITY,1,HUGO BOSS AG,-,BOSS GR,BB Ticker,Germany,Consumer Cyclical,Apparel Manufacturing,4045,,-,302964,0
12/31/2024,NGS,Balanced Growth,LISTED EQUITY,1,"CH ROBINSON WORLDWIDE, INC.",-,CHRW US,BB Ticker,United States,Industrials,Integrated Freight & Logistics,1813,,-,302474,0
12/31/2024,NGS,Balanced Growth,LISTED EQUITY,1,"CORPAY, INC.",-,CPAY US,BB Ticker,United States,Technology,Software - Infrastructure,553,,-,302170,0
12/31/2024,NGS,Balanced Growth,LISTED EQUITY,1,KINGSPAN GROUP PLC,-,KSP ID,BB Ticker,Ireland,Technology,Software - Infrastructure,2564,,-,302072,0
12/31/2024,NGS,Balanced Growth,LISTED EQUITY,1,"SOMPO HOLDINGS, INC.",-,8630 JP,BB Ticker,Japan,Financial Services,Insurance - Property & Casualty,7118,,-,301295,0
12/31/2024,NGS,Balanced Growth,LISTED EQUITY,1,DENSO CORP.,-,6902 JP,BB Ticker,Japan,Consumer Cyclical,Auto Parts,13199,,-,300380,0
12/31/2024,NGS,Balanced Growth,LISTED EQUITY,1,TEVA PHARMACEUTICAL INDUSTRIES LTD.,-,TEVA US,BB Ticker,United States,Healthcare,Drug Manufacturers - Specialty & Generic,8415,,-,299541,0
12/31/2024,NGS,Balanced Growth,LISTED EQUITY,1,MELROSE INDUSTRIES PLC,-,MRO LN,BB Ticker,United Kingdom,Industrials,Specialty Industrial Machinery,26557,,-,297497,0
12/31/2024,NGS,Balanced Growth,LISTED EQUITY,1,"STANLEY BLACK & DECKER, INC.",-,SWK US,BB Ticker,United States,Industrials,Tools & Accessories,2283,,-,296168,0
12/31/2024,NGS,Balanced Growth,LISTED EQUITY,1,FUJIFILM HOLDINGS CORP.,-,4901 JP,BB Ticker,Japan,Industrials,Conglomerates,8707,,-,296094,0
12/31/2024,NGS,Balanced Growth,LISTED EQUITY,1,VOLKSWAGEN AG,-,VOW3 GR,BB Ticker,Germany,Consumer Cyclical,Auto Manufacturers,1985,,-,295545,0
12/31/2024,NGS,Balanced Growth,LISTED EQUITY,1,MULTIPLAN EMPREENDIMENTOS IMOBILIARIOS SA,-,MULT3 BZ,BB Ticker,Brazil,Real Estate,Real Estate Services,53555,,-,295148,0
12/31/2024,NGS,Balanced Growth,LISTED EQUITY,1,ASAHI KASEI CORP.,-,3407 JP,SEDOL,Japan,,,26259,,-,294827,0
12/31/2024,NGS,Balanced Growth,LISTED EQUITY,1,EMPIRE CO. LTD.,-,EMPA CN,BB Ticker,Canada,,,5943,,-,292886,0
12/31/2024,NGS,Balanced Growth,LISTED EQUITY,1,ASHTEAD GROUP PLC,-,AHT LN,BB Ticker,United Kingdom,Real Estate,REIT - Hotel & Motel,2914,,-,292665,0
12/31/2024,NGS,Balanced Growth,LISTED EQUITY,1,MEDIOBANCA BANCA DI CREDITO FINANZIARIO SPA,-,MB IM,BB Ticker,Italy,Consumer Cyclical,Restaurants,12380,,-,291420,0
12/31/2024,NGS,Balanced Growth,LISTED EQUITY,1,CK ASSET HOLDINGS LTD.,-,1113 HK,BB Ticker,Hong Kong,Real Estate,Real Estate - Development,43535,,-,288755,0
12/31/2024,NGS,Balanced Growth,LISTED EQUITY,1,"GRACO, INC.",-,GGG US,BB Ticker,United States,Industrials,Specialty Industrial Machinery,2104,,-,286463,0
12/31/2024,NGS,Balanced Growth,LISTED EQUITY,1,W.R. BERKLEY CORP.,-,WRB US,BB Ticker,United States,Financial Services,Insurance - Property & Casualty,3009,,-,284444,0
12/31/2024,NGS,Balanced Growth,LISTED EQUITY,1,SWISSCOM AG,-,SCMN SW,BB Ticker,Switzerland,Communication Services,Telecom Services,314,,-,282081,0
12/31/2024,NGS,Balanced Growth,LISTED EQUITY,1,"HUNTINGTON BANCSHARES, INC.",-,HBAN US,BB Ticker,United States,Financial Services,Banks - Regional,10718,,-,281646,0
12/31/2024,NGS,Balanced Growth,LISTED EQUITY,1,"AJINOMOTO CO., INC.",-,2802 JP,SEDOL,Japan,,,4215,,-,279503,0
12/31/2024,NGS,Balanced Growth,LISTED EQUITY,1,SWISS LIFE HOLDING AG,-,SLHN SW,BB Ticker,Switzerland,Financial Services,Insurance - Diversified,223,,-,278297,0
12/31/2024,NGS,Balanced Growth,LISTED EQUITY,1,BRIDGESTONE CORP.,-,5108 JP,BB Ticker,Japan,,,5045,,-,276839,0
12/31/2024,NGS,Balanced Growth,LISTED EQUITY,1,GEA GROUP AG,-,G1A GR,BB Ticker,Germany,Industrials,Specialty Industrial Machinery,3457,,-,276445,0
12/31/2024,NGS,Balanced Growth,LISTED EQUITY,1,SUNNY OPTICAL TECHNOLOGY GROUP CO. LTD.,-,2382 HK,BB Ticker,Hong Kong,Energy,Oil & Gas Drilling,19280,,-,275998,0
12/31/2024,NGS,Balanced Growth,LISTED EQUITY,1,SANDVIK AB,-,SAND SS,BB Ticker,Sweden,Basic Materials,Gold,9369,,-,271575,0
12/31/2024,NGS,Balanced Growth,LISTED EQUITY,1,"PRINCIPAL FINANCIAL GROUP, INC.",-,PFG US,BB Ticker,United States,Financial Services,Asset Management,2171,,-,271375,0
12/31/2024,NGS,Balanced Growth,LISTED EQUITY,1,BAYER AG,-,BAYN GR,BB Ticker,Germany,Healthcare,Drug Manufacturers - General,8369,,-,270338,0
12/31/2024,NGS,Balanced Growth,LISTED EQUITY,1,"LABCORP HOLDINGS, INC.",-,LH US,BB Ticker,United States,Healthcare,Diagnostics & Research,727,,-,269254,0
12/31/2024,NGS,Balanced Growth,LISTED EQUITY,1,KERRY GROUP PLC,-,KYGA ID,BB Ticker,Ireland,Consumer Defensive,Packaged Foods,1713,,-,267165,0
12/31/2024,NGS,Balanced Growth,LISTED EQUITY,1,"AMERICAN WATER WORKS CO., INC.",-,AWK US,BB Ticker,United States,Utilities,Utilities - Regulated Water,1327,,-,266911,0
12/31/2024,NGS,Balanced Growth,LISTED EQUITY,1,NN GROUP NV,-,NN NA,BB Ticker,Netherlands,Technology,Software - Infrastructure,3792,,-,266785,0
12/31/2024,NGS,Balanced Growth,LISTED EQUITY,1,TOKYO OHKA KOGYO CO. LTD.,-,4186 JP,BB Ticker,Japan,,,7325,,-,265957,0
12/31/2024,NGS,Balanced Growth,LISTED EQUITY,1,"FACTSET RESEARCH SYSTEMS, INC.",-,FDS US,BB Ticker,United States,Financial Services,Financial Data & Stock Exchanges,343,,-,265877,0
12/31/2024,NGS,Balanced Growth,LISTED EQUITY,1,HEXAGON AB,-,HEXAB SS,BB Ticker,Sweden,Technology,Scientific & Technical Instruments,17157,,-,264836,0
12/31/2024,NGS,Balanced Growth,LISTED EQUITY,1,RENESAS ELECTRONICS CORP.,-,6723 JP,BB Ticker,Japan,Technology,Semiconductors,12577,,-,264512,0
12/31/2024,NGS,Balanced Growth,LISTED EQUITY,1,"NRG ENERGY, INC.",-,NRG US,BB Ticker,United States,Utilities,Utilities - Independent Power Producers,1809,,-,263619,0
12/31/2024,NGS,Balanced Growth,LISTED EQUITY,1,MAKALOT INDUSTRIAL CO. LTD.,-,1477 TT,BB Ticker,Taiwan,Consumer Cyclical,Apparel Manufacturing,16585,,-,262272,0
12/31/2024,NGS,Balanced Growth,LISTED EQUITY,1,KIRIN HOLDINGS CO. LTD.,-,2503 JP,BB Ticker,Japan,Consumer Defensive,Beverages - Brewers,12438,,-,261925,0
12/31/2024,NGS,Balanced Growth,LISTED EQUITY,1,DANSKE BANK AS,-,DANSKE DC,BB Ticker,Denmark,Financial Services,Banks - Regional,5725,,-,261553,0
12/31/2024,NGS,Balanced Growth,LISTED EQUITY,1,PACKAGING CORP. OF AMERICA,-,PKG US,BB Ticker,United States,Consumer Cyclical,Packaging & Containers,718,,-,261068,0
12/31/2024,NGS,Balanced Growth,LISTED EQUITY,1,JB CHEMICALS & PHARMACEUTICALS LTD.,-,JBCP IN,BB Ticker,India,,,7484,,-,260367,0
12/31/2024,NGS,Balanced Growth,LISTED EQUITY,1,DAIMLER TRUCK HOLDING AG,-,DTG GR,BB Ticker,Germany,,,4218,,-,259960,0
12/31/2024,NGS,Balanced Growth,LISTED EQUITY,1,PAKUWON JATI TBK. PT,-,PWON IJ,BB Ticker,Indonesia,Real Estate,Real Estate - Diversified,6476458,,-,258663,0
12/31/2024,NGS,Balanced Growth,LISTED EQUITY,1,"TERADYNE, INC.",-,TER US,BB Ticker,United States,Technology,Semiconductor Equipment & Materials,1265,,-,257328,0
12/31/2024,NGS,Balanced Growth,LISTED EQUITY,1,SCHINDLER HOLDING AG,-,SCHP SW,BB Ticker,Switzerland,,,567,,-,253183,0
12/31/2024,NGS,Balanced Growth,LISTED EQUITY,1,"PURE STORAGE, INC.",-,PSTG US,BB Ticker,United States,Technology,Computer Hardware,2544,,-,252378,0
12/31/2024,NGS,Balanced Growth,LISTED EQUITY,1,"SNAP-ON, INC.",-,SNA US,BB Ticker,United States,Industrials,Tools & Accessories,460,,-,252344,0
12/31/2024,NGS,Balanced Growth,LISTED EQUITY,1,FIRST QUANTUM MINERALS LTD.,-,FM CN,BB Ticker,Canada,Financial Services,Mortgage Finance,12122,,-,252255,0
12/31/2024,NGS,Balanced Growth,LISTED EQUITY,1,RALPH LAUREN CORP.,-,RL US,BB Ticker,United States,Consumer Cyclical,Apparel Manufacturing,675,,-,251868,0
12/31/2024,NGS,Balanced Growth,LISTED EQUITY,1,"WINGSTOP, INC.",-,WING US,BB Ticker,United States,Consumer Cyclical,Restaurants,549,,-,251854,0
12/31/2024,NGS,Balanced Growth,LISTED EQUITY,1,SECOM CO. LTD.,-,9735 JP,BB Ticker,Japan,Industrials,Security & Protection Services,4561,,-,251652,0
12/31/2024,NGS,Balanced Growth,LISTED EQUITY,1,"ASUSTEK COMPUTER, INC.",-,2357 TT,BB Ticker,Taiwan,Industrials,Aerospace & Defense,8292,,-,251651,0
12/31/2024,NGS,Balanced Growth,LISTED EQUITY,1,"DARDEN RESTAURANTS, INC.",-,DRI US,BB Ticker,United States,Consumer Cyclical,Restaurants,834,,-,251497,0
12/31/2024,NGS,Balanced Growth,LISTED EQUITY,1,ADITYA BIRLA REAL ESTATE LTD.,-,ABREL IN,BB Ticker,India,Basic Materials,Paper & Paper Products,5312,,-,251396,0
12/31/2024,NGS,Balanced Growth,LISTED EQUITY,1,INTERNATIONAL CONSOLIDATED AIRLINES GROUP SA,-,IAG LN,BB Ticker,United Kingdom,Basic Materials,Gold,41099,,-,250984,0
12/31/2024,NGS,Balanced Growth,LISTED EQUITY,1,REGIONS FINANCIAL CORP.,-,RF US,BB Ticker,United States,Financial Services,Banks - Regional,6582,,-,250039,0
12/31/2024,NGS,Balanced Growth,LISTED EQUITY,1,TRANSUNION,-,TRU US,BB Ticker,United States,Financial Services,Financial Data & Stock Exchanges,1669,,-,249890,0
12/31/2024,NGS,Balanced Growth,LISTED EQUITY,1,WESTERN DIGITAL CORP.,-,WDC US,BB Ticker,United States,Technology,Computer Hardware,2593,,-,249708,0
12/31/2024,NGS,Balanced Growth,LISTED EQUITY,1,"CF INDUSTRIES HOLDINGS, INC.",-,CF US,BB Ticker,United States,Basic Materials,Agricultural Inputs,1811,,-,249587,0
12/31/2024,NGS,Balanced Growth,LISTED EQUITY,1,EPIROC AB,-,EPIB SS,BB Ticker,Sweden,,,9878,,-,248939,0
12/31/2024,NGS,Balanced Growth,LISTED EQUITY,1,"H&R BLOCK, INC.",-,HRB US,BB Ticker,United States,Consumer Cyclical,Personal Services,2912,,-,248520,0
12/31/2024,NGS,Balanced Growth,LISTED EQUITY,1,SUZUKI MOTOR CORP.,-,7269 JP,BB Ticker,Japan,Consumer Cyclical,Auto Manufacturers,13337,,-,245343,0
12/31/2024,NGS,Balanced Growth,LISTED EQUITY,1,"RESTAURANT BRANDS INTERNATIONAL, INC.",-,QSR CN,BB Ticker,Canada,Consumer Cyclical,Restaurants,2315,,-,243570,0
12/31/2024,NGS,Balanced Growth,LISTED EQUITY,1,"FIRST SOLAR, INC.",-,FSLR US,BB Ticker,United States,Technology,Solar,855,,-,243321,0
12/31/2024,NGS,Balanced Growth,LISTED EQUITY,1,SOLVENTUM CORP.,-,SOLV US,BB Ticker,United States,Healthcare,Medical Instruments & Supplies,2273,,-,242498,0
12/31/2024,NGS,Balanced Growth,LISTED EQUITY,1,"QUEST DIAGNOSTICS, INC.",-,DGX US,BB Ticker,United States,Healthcare,Diagnostics & Research,991,,-,241450,0
12/31/2024,NGS,Balanced Growth,LISTED EQUITY,1,"ESTEE LAUDER COS., INC.",-,EL US,BB Ticker,United States,Consumer Defensive,Household & Personal Products,1989,,-,240847,0
12/31/2024,NGS,Balanced Growth,LISTED EQUITY,1,DOLLAR GENERAL CORP.,-,DG US,BB Ticker,United States,Consumer Defensive,Discount Stores,1961,,-,240160,0
12/31/2024,NGS,Balanced Growth,LISTED EQUITY,1,WATERS CORP.,-,WAT US,BB Ticker,United States,Healthcare,Diagnostics & Research,399,,-,238908,0
12/31/2024,NGS,Balanced Growth,LISTED EQUITY,1,DASSAULT SYSTEMES SE,-,DSY FP,BB Ticker,France,Consumer Defensive,Household & Personal Products,4261,,-,238728,0
12/31/2024,NGS,Balanced Growth,LISTED EQUITY,1,INSULET CORP.,-,PODD US,BB Ticker,United States,Healthcare,Medical Devices,565,,-,238350,0
12/31/2024,NGS,Balanced Growth,LISTED EQUITY,1,AIB GROUP PLC,-,AIBG ID,BB Ticker,Ireland,Financial Services,Banks - Regional,26716,,-,238146,0
12/31/2024,NGS,Balanced Growth,LISTED EQUITY,1,"CACI INTERNATIONAL, INC.",-,CACI US,BB Ticker,United States,Technology,Information Technology Services,365,,-,238114,0
12/31/2024,NGS,Balanced Growth,LISTED EQUITY,1,FRESENIUS MEDICAL CARE AG,-,FME GR,BB Ticker,Germany,Healthcare,Medical Care Facilities,3209,,-,236964,0
12/31/2024,NGS,Balanced Growth,LISTED EQUITY,1,"BURLINGTON STORES, INC.",-,BURL US,BB Ticker,United States,Consumer Cyclical,Apparel Retail,514,,-,236708,0
12/31/2024,NGS,Balanced Growth,LISTED EQUITY,1,J.M. SMUCKER CO.,-,SJM US,BB Ticker,United States,Consumer Defensive,Packaged Foods,1329,,-,236347,0
12/31/2024,NGS,Balanced Growth,LISTED EQUITY,1,"WATSCO, INC.",-,WSO US,BB Ticker,United States,Industrials,Industrial Distribution,307,,-,234836,0
12/31/2024,NGS,Balanced Growth,LISTED EQUITY,1,"OMNICOM GROUP, INC.",-,OMC US,BB Ticker,United States,Communication Services,Advertising Agencies,1681,,-,233640,0
12/31/2024,NGS,Balanced Growth,LISTED EQUITY,1,"TELEDYNE TECHNOLOGIES, INC.",-,TDY US,BB Ticker,United States,Technology,Scientific & Technical Instruments,312,,-,233626,0
12/31/2024,NGS,Balanced Growth,LISTED EQUITY,1,OTP BANK NYRT,-,OTP HB,BB Ticker,Hungary,Financial Services,Banks - Regional,2645,,-,233270,0
12/31/2024,NGS,Balanced Growth,LISTED EQUITY,1,NATURA & CO. HOLDING SA,-,NTCO3 BZ,BB Ticker,Brazil,,,69864,,-,233061,0
12/31/2024,NGS,Balanced Growth,LISTED EQUITY,1,"COOPER COS., INC.",-,COO US,BB Ticker,United States,Healthcare,Medical Instruments & Supplies,1558,,-,231371,0
12/31/2024,NGS,Balanced Growth,LISTED EQUITY,1,APTIV PLC,-,APTV US,BB Ticker,United States,Consumer Cyclical,Auto Parts,2361,,-,230654,0
12/31/2024,NGS,Balanced Growth,LISTED EQUITY,1,"MONGODB, INC.",-,MDB US,BB Ticker,United States,Technology,Software - Infrastructure,607,,-,228140,0
12/31/2024,NGS,Balanced Growth,LISTED EQUITY,1,"DOLLAR TREE, INC.",-,DLTR US,BB Ticker,United States,Consumer Defensive,Discount Stores,1884,,-,228005,0
12/31/2024,NGS,Balanced Growth,LISTED EQUITY,1,"ZSCALER, INC.",-,ZS US,BB Ticker,United States,Technology,Software - Infrastructure,782,,-,227734,0
12/31/2024,NGS,Balanced Growth,LISTED EQUITY,1,TRELLEBORG AB,-,TRELB SS,BB Ticker,Sweden,Industrials,Specialty Industrial Machinery,4108,,-,227317,0
12/31/2024,NGS,Balanced Growth,LISTED EQUITY,1,COMMERZBANK AG,-,CBK GR,BB Ticker,Germany,Financial Services,Banks - Regional,8553,,-,224937,0
12/31/2024,NGS,Balanced Growth,LISTED EQUITY,1,SANDOZ GROUP AG,-,SDZ SW,BB Ticker,Switzerland,Healthcare,Drug Manufacturers - Specialty & Generic,3380,,-,223896,0
12/31/2024,NGS,Balanced Growth,LISTED EQUITY,1,"TRIMBLE, INC.",-,TRMB US,BB Ticker,United States,Technology,Scientific & Technical Instruments,1952,,-,222791,0
12/31/2024,NGS,Balanced Growth,LISTED EQUITY,1,HONGKONG LAND HOLDINGS LTD.,-,HKL SP,BB Ticker,Singapore,Real Estate,Real Estate - Development,30959,,-,222507,0
12/31/2024,NGS,Balanced Growth,LISTED EQUITY,1,"TRADEWEB MARKETS, INC.",-,TW US,BB Ticker,United States,Financial Services,Capital Markets,1049,,-,221811,0
12/31/2024,NGS,Balanced Growth,LISTED EQUITY,1,CIE GENERALE DES ETABLISSEMENTS MICHELIN SCA,-,ML FP,BB Ticker,France,Consumer Cyclical,"Furnishings, Fixtures & Appliances",4169,,-,221725,0
12/31/2024,NGS,Balanced Growth,LISTED EQUITY,1,SIGNIFY NV,-,LIGHT NA,BB Ticker,Netherlands,Basic Materials,Specialty Chemicals,6143,,-,221722,0
12/31/2024,NGS,Balanced Growth,LISTED EQUITY,1,TENCENT MUSIC ENTERTAINMENT GROUP,-,TME US,BB Ticker,United States,Communication Services,Internet Content & Information,12074,,-,221331,0
12/31/2024,NGS,Balanced Growth,LISTED EQUITY,1,CELLNEX TELECOM SA,-,CLNX SM,BB Ticker,Spain,,,4312,,-,220030,0
12/31/2024,NGS,Balanced Growth,LISTED EQUITY,1,"RB GLOBAL, INC.",-,RBA CN,BB Ticker,Canada,Industrials,Specialty Business Services,1510,,-,219994,0
12/31/2024,NGS,Balanced Growth,LISTED EQUITY,1,"SUPER MICRO COMPUTER, INC.",-,SMCI US,BB Ticker,United States,Technology,Computer Hardware,4443,,-,218741,0
12/31/2024,NGS,Balanced Growth,LISTED EQUITY,1,KEYCORP,-,KEY US,BB Ticker,United States,Financial Services,Banks - Regional,7896,,-,218580,0
12/31/2024,NGS,Balanced Growth,LISTED EQUITY,1,"ROLLINS, INC.",-,ROL US,BB Ticker,United States,Consumer Cyclical,Personal Services,2918,,-,218462,0
12/31/2024,NGS,Balanced Growth,LISTED EQUITY,1,NIPPON YUSEN KK,-,9101 JP,BB Ticker,Japan,Industrials,Marine Shipping,4008,,-,217194,0
12/31/2024,NGS,Balanced Growth,LISTED EQUITY,1,"EVERGY, INC.",-,EVRG US,BB Ticker,United States,Utilities,Utilities - Regulated Electric,2180,,-,216736,0
12/31/2024,NGS,Balanced Growth,LISTED EQUITY,1,ALLIANT ENERGY CORP.,-,LNT US,BB Ticker,United States,Utilities,Utilities - Regulated Electric,2258,,-,215709,0
12/31/2024,NGS,Balanced Growth,LISTED EQUITY,1,"ULTA BEAUTY, INC.",-,ULTA US,BB Ticker,United States,Consumer Cyclical,Specialty Retail,307,,-,215530,0
12/31/2024,NGS,Balanced Growth,LISTED EQUITY,1,ARGENX SE,-,ARGXEUR X9,BB Ticker,Netherlands,,,212,,-,212885,0
12/31/2024,NGS,Balanced Growth,LISTED EQUITY,1,AEON CO. LTD.,-,8267 JP,BB Ticker,Japan,Communication Services,Electronic Gaming & Multimedia,5597,,-,212550,0
12/31/2024,NGS,Balanced Growth,LISTED EQUITY,1,INTERCONTINENTAL HOTELS GROUP PLC,-,IHG LN,BB Ticker,United Kingdom,Consumer Cyclical,Lodging,1052,,-,211907,0
12/31/2024,NGS,Balanced Growth,LISTED EQUITY,1,"VIATRIS, INC.",-,VTRS US,BB Ticker,United States,Healthcare,Drug Manufacturers - Specialty & Generic,10475,,-,210642,0
12/31/2024,NGS,Balanced Growth,LISTED EQUITY,1,TENARIS SA,-,TEN IM,BB Ticker,Italy,Energy,Oil & Gas Midstream,6953,,-,210114,0
12/31/2024,NGS,Balanced Growth,LISTED EQUITY,1,CATENA AB,-,CATE SS,BB Ticker,Sweden,Industrials,Farm & Heavy Construction Machinery,3036,,-,209878,0
12/31/2024,NGS,Balanced Growth,LISTED EQUITY,1,"DRAFTKINGS, INC.",-,DKNG US,BB Ticker,United States,Consumer Cyclical,Gambling,3472,,-,208592,0
12/31/2024,NGS,Balanced Growth,LISTED EQUITY,1,IDEX CORP.,-,IEX US,BB Ticker,United States,Industrials,Specialty Industrial Machinery,614,,-,207427,0
12/31/2024,NGS,Balanced Growth,LISTED EQUITY,1,"BAXTER INTERNATIONAL, INC.",-,BAX US,BB Ticker,United States,Healthcare,Medical Instruments & Supplies,4403,,-,207380,0
12/31/2024,NGS,Balanced Growth,LISTED EQUITY,1,KOITO MANUFACTURING CO. LTD.,-,7276 JP,BB Ticker,Japan,Consumer Cyclical,Auto Parts,10020,,-,206773,0
12/31/2024,NGS,Balanced Growth,LISTED EQUITY,1,A.O. SMITH CORP.,-,AOS US,BB Ticker,United States,Industrials,Specialty Industrial Machinery,1877,,-,206767,0
12/31/2024,NGS,Balanced Growth,LISTED EQUITY,1,SARTORIUS AG,-,SRT3 GR,BB Ticker,Germany,Healthcare,Medical Instruments & Supplies,574,,-,206431,0
12/31/2024,NGS,Balanced Growth,LISTED EQUITY,1,"TELEFLEX, INC.",-,TFX US,BB Ticker,United States,Healthcare,Medical Instruments & Supplies,713,,-,205200,0
12/31/2024,NGS,Balanced Growth,LISTED EQUITY,1,ASAHI GROUP HOLDINGS LTD.,-,2502 JP,BB Ticker,Japan,,,12024,,-,204755,0
12/31/2024,NGS,Balanced Growth,LISTED EQUITY,1,PANDORA AS,-,PNDORA DC,BB Ticker,Denmark,Consumer Cyclical,Luxury Goods,693,,-,204721,0
12/31/2024,NGS,Balanced Growth,LISTED EQUITY,1,HONG KONG & CHINA GAS CO. LTD.,-,3 HK,BB Ticker,Hong Kong,,,157556,,-,203435,0
12/31/2024,NGS,Balanced Growth,LISTED EQUITY,1,"RESONA HOLDINGS, INC.",-,8308 JP,BB Ticker,Japan,Consumer Cyclical,Resorts & Casinos,17276,,-,203198,0
12/31/2024,NGS,Balanced Growth,LISTED EQUITY,1,HORMEL FOODS CORP.,-,HRL US,BB Ticker,United States,Consumer Defensive,Packaged Foods,3992,,-,202265,0
12/31/2024,NGS,Balanced Growth,LISTED EQUITY,1,GEBERIT AG,-,GEBN SW,BB Ticker,Switzerland,Industrials,Building Products & Equipment,218,,-,199635,0
12/31/2024,NGS,Balanced Growth,LISTED EQUITY,1,"ENTEGRIS, INC.",-,ENTG US,BB Ticker,United States,Technology,Semiconductor Equipment & Materials,1247,,-,199563,0
12/31/2024,NGS,Balanced Growth,LISTED EQUITY,1,TERNA - RETE ELETTRICA NAZIONALE,-,TRN IM,BB Ticker,Italy,Industrials,Railroads,15654,,-,199496,0
12/31/2024,NGS,Balanced Growth,LISTED EQUITY,1,BROOKFIELD ASSET MANAGEMENT LTD.,-,BAM CN,BB Ticker,Canada,Financial Services,Asset Management,2275,,-,199167,0
12/31/2024,NGS,Balanced Growth,LISTED EQUITY,1,M&G PLC,-,MNG LN,BB Ticker,United Kingdom,,,49610,,-,198543,0
12/31/2024,NGS,Balanced Growth,LISTED EQUITY,1,JAPAN POST BANK CO. LTD.,-,7182 JP,BB Ticker,Japan,Financial Services,Banks - Regional,12922,,-,198472,0
12/31/2024,NGS,Balanced Growth,LISTED EQUITY,1,BLOOMBERRY RESORTS CORP.,-,BLOOM PM,BB Ticker,Philippines,,,1539559,,-,196879,0
12/31/2024,NGS,Balanced Growth,LISTED EQUITY,1,ENCOMPASS HEALTH CORP.,-,EHC US,BB Ticker,United States,Healthcare,Medical Care Facilities,1313,,-,195837,0
12/31/2024,NGS,Balanced Growth,LISTED EQUITY,1,LY CORP.,-,4689 JP,BB Ticker,Japan,Consumer Cyclical,Internet Retail,45263,,-,195089,0
12/31/2024,NGS,Balanced Growth,LISTED EQUITY,1,ABN AMRO BANK NV,-,ABN NA,BB Ticker,Netherlands,Consumer Cyclical,Travel Services,7792,,-,194046,0
12/31/2024,NGS,Balanced Growth,LISTED EQUITY,1,SGS SA,-,SGSN SW,BB Ticker,Switzerland,Industrials,Consulting Services,1192,,-,193070,0
12/31/2024,NGS,Balanced Growth,LISTED EQUITY,1,SONOVA HOLDING AG,-,SOON SW,BB Ticker,Switzerland,Industrials,Engineering & Construction,363,,-,191579,0
12/31/2024,NGS,Balanced Growth,LISTED EQUITY,1,LEGAL & GENERAL GROUP PLC,-,LGEN LN,BB Ticker,United Kingdom,Financial Services,Asset Management,41188,,-,191455,0
12/31/2024,NGS,Balanced Growth,LISTED EQUITY,1,"DOMINO'S PIZZA, INC.",-,DPZ US,BB Ticker,United States,Consumer Cyclical,Restaurants,281,,-,190678,0
12/31/2024,NGS,Balanced Growth,LISTED EQUITY,1,MGM RESORTS INTERNATIONAL,-,MGM US,BB Ticker,United States,Consumer Cyclical,Resorts & Casinos,3382,,-,189227,0
12/31/2024,NGS,Balanced Growth,LISTED EQUITY,1,"AKAMAI TECHNOLOGIES, INC.",-,AKAM US,BB Ticker,United States,Technology,Software - Infrastructure,1215,,-,187676,0
12/31/2024,NGS,Balanced Growth,LISTED EQUITY,1,EDP SA,-,EDP PL,BB Ticker,Portugal,,,36283,,-,187566,0
12/31/2024,NGS,Balanced Growth,LISTED EQUITY,1,NEWS CORP.,-,NWSA US,BB Ticker,United States,Communication Services,Entertainment,4208,,-,187161,0
12/31/2024,NGS,Balanced Growth,LISTED EQUITY,1,AINSWORTH GAME TECHNOLOGY LTD.,-,AGI AU,BB Ticker,Australia,Basic Materials,Gold,215673,,-,186557,0
12/31/2024,NGS,Balanced Growth,LISTED EQUITY,1,SIEMENS HEALTHINEERS AG,-,SHL GR,BB Ticker,Germany,Healthcare,Medical Devices,2169,,-,185745,0
12/31/2024,NGS,Balanced Growth,LISTED EQUITY,1,OWENS CORNING,-,OC US,BB Ticker,United States,Industrials,Building Products & Equipment,670,,-,184202,0
12/31/2024,NGS,Balanced Growth,LISTED EQUITY,1,PERSOL HOLDINGS CO. LTD.,-,2181 JP,SEDOL,Japan,,,75392,,-,183239,0
12/31/2024,NGS,Balanced Growth,LISTED EQUITY,1,CAMPBELL'S CO.,-,CPB US,BB Ticker,United States,Consumer Defensive,Packaged Foods,2708,,-,183184,0
12/31/2024,NGS,Balanced Growth,LISTED EQUITY,1,CLP HOLDINGS LTD.,-,2 HK,BB Ticker,Hong Kong,,,13475,,-,182956,0
12/31/2024,NGS,Balanced Growth,LISTED EQUITY,1,"MODERNA, INC.",-,MRNA US,BB Ticker,United States,Healthcare,Biotechnology,2723,,-,182892,0
12/31/2024,NGS,Balanced Growth,LISTED EQUITY,1,KYOCERA CORP.,-,6971 JP,BB Ticker,Japan,,,11264,,-,182376,0
12/31/2024,NGS,Balanced Growth,LISTED EQUITY,1,"FIDELITY NATIONAL FINANCIAL, INC.",-,FNF US,BB Ticker,United States,Financial Services,Insurance - Specialty,1999,,-,181270,0
12/31/2024,NGS,Balanced Growth,LISTED EQUITY,1,GENUINE PARTS CO.,-,GPC US,BB Ticker,United States,Consumer Cyclical,Auto Parts,961,,-,181270,0
12/31/2024,NGS,Balanced Growth,LISTED EQUITY,1,KONE OYJ,-,KNEBV FH,BB Ticker,Finland,Industrials,Specialty Industrial Machinery,2298,,-,180665,0
12/31/2024,NGS,Balanced Growth,LISTED EQUITY,1,SEKISUI HOUSE LTD.,-,1928 JP,SEDOL,Japan,,,4630,,-,179953,0
12/31/2024,NGS,Balanced Growth,LISTED EQUITY,1,"AMERICAN FINANCIAL GROUP, INC.",-,AFG US,BB Ticker,United States,Financial Services,Insurance - Property & Casualty,813,,-,179879,0
12/31/2024,NGS,Balanced Growth,LISTED EQUITY,1,ARCELORMITTAL SA,-,MT NA,BB Ticker,Netherlands,Basic Materials,Steel,4776,,-,179153,0
12/31/2024,NGS,Balanced Growth,LISTED EQUITY,1,RENTOKIL INITIAL PLC,-,RTO LN,BB Ticker,United Kingdom,Industrials,Specialty Business Services,22063,,-,178874,0
12/31/2024,NGS,Balanced Growth,LISTED EQUITY,1,COCA-COLA EUROPACIFIC PARTNERS PLC,-,CCEP US,BB Ticker,United States,Consumer Defensive,Beverages - Non-Alcoholic,1437,,-,178228,0
12/31/2024,NGS,Balanced Growth,LISTED EQUITY,1,"DAYFORCE, INC.",-,DAY US,BB Ticker,United States,Technology,Software - Application,1507,,-,176822,0
12/31/2024,NGS,Balanced Growth,LISTED EQUITY,1,CYRELA BRAZIL REALTY SA EMPREENDIMENTOS E PARTICIPACOES,-,CYRE3 BZ,BB Ticker,Brazil,Consumer Cyclical,Residential Construction,39735,,-,176078,0
12/31/2024,NGS,Balanced Growth,LISTED EQUITY,1,WPP PLC,-,WPP LN,BB Ticker,United Kingdom,Communication Services,Advertising Agencies,10392,,-,173921,0
12/31/2024,NGS,Balanced Growth,LISTED EQUITY,1,OPEN TEXT CORP.,-,OTEX CN,BB Ticker,Canada,Technology,Software - Application,3806,,-,173884,0
12/31/2024,NGS,Balanced Growth,LISTED EQUITY,1,"AVANTOR, INC.",-,AVTR US,BB Ticker,United States,Healthcare,Medical Instruments & Supplies,5100,,-,173550,0
12/31/2024,NGS,Balanced Growth,LISTED EQUITY,1,BOUYGUES SA,-,EN FP,BB Ticker,France,,,3613,,-,172443,0
12/31/2024,NGS,Balanced Growth,LISTED EQUITY,1,KONINKLIJKE KPN NV,-,KPN NA,BB Ticker,Netherlands,Communication Services,Telecom Services,29208,,-,171704,0
12/31/2024,NGS,Balanced Growth,LISTED EQUITY,1,"RELIANCE, INC.",-,RS US,BB Ticker,United States,Basic Materials,Steel,393,,-,170697,0
12/31/2024,NGS,Balanced Growth,LISTED EQUITY,1,"TOAST, INC.",-,TOST US,BB Ticker,United States,Technology,Software - Infrastructure,2891,,-,170213,0
12/31/2024,NGS,Balanced Growth,LISTED EQUITY,1,"VENUS MEDTECH HANGZHOU, INC.",-,2500 HK,BB Ticker,Hong Kong,,,145599,,-,170135,0
12/31/2024,NGS,Balanced Growth,LISTED EQUITY,1,ACCIONA SA,-,ANA SM,BB Ticker,Spain,Healthcare,Biotechnology,931,,-,169346,0
12/31/2024,NGS,Balanced Growth,LISTED EQUITY,1,BANKINTER SA,-,BKT SM,BB Ticker,Spain,Financial Services,Asset Management,13252,,-,169328,0
12/31/2024,NGS,Balanced Growth,LISTED EQUITY,1,"METRO, INC.",-,MRU CN,BB Ticker,Canada,,,1672,,-,169304,0
12/31/2024,NGS,Balanced Growth,LISTED EQUITY,1,HANNOVER RUECK SE,-,HNR1 GR,BB Ticker,Germany,Financial Services,Insurance - Reinsurance,419,,-,169069,0
12/31/2024,NGS,Balanced Growth,LISTED EQUITY,1,TOKYO GAS CO. LTD.,-,9531 JP,BB Ticker,Japan,Utilities,Utilities - Regulated Gas,3732,,-,167586,0
12/31/2024,NGS,Balanced Growth,LISTED EQUITY,1,"EPAM SYSTEMS, INC.",-,EPAM US,BB Ticker,United States,Technology,Information Technology Services,444,,-,167541,0
12/31/2024,NGS,Balanced Growth,LISTED EQUITY,1,HULIC CO. LTD.,-,3003 JP,BB Ticker,Japan,Industrials,Building Products & Equipment,11886,,-,167345,0
12/31/2024,NGS,Balanced Growth,LISTED EQUITY,1,"CARMAX, INC.",-,KMX US,BB Ticker,United States,Consumer Cyclical,Auto & Truck Dealerships,1265,,-,166992,0
12/31/2024,NGS,Balanced Growth,LISTED EQUITY,1,"PEGASYSTEMS, INC.",-,PEGA US,BB Ticker,United States,Technology,Software - Application,1105,,-,166329,0
12/31/2024,NGS,Balanced Growth,LISTED EQUITY,1,ESSITY AB,-,ESSITYB SS,BB Ticker,Sweden,,,3837,,-,165834,0
12/31/2024,NGS,Balanced Growth,LISTED EQUITY,1,ROYALTY PHARMA PLC,-,RPRX US,BB Ticker,United States,Healthcare,Biotechnology,3999,,-,164766,0
12/31/2024,NGS,Balanced Growth,LISTED EQUITY,1,TOYOTA INDUSTRIES CORP.,-,6201 JP,BB Ticker,Japan,Consumer Cyclical,"Furnishings, Fixtures & Appliances",1244,,-,164454,0
12/31/2024,NGS,Balanced Growth,LISTED EQUITY,1,SUMITOMO ELECTRIC INDUSTRIES LTD.,-,5802 JP,BB Ticker,Japan,Consumer Cyclical,Auto Parts,5597,,-,164144,0
12/31/2024,NGS,Balanced Growth,LISTED EQUITY,1,"LAMB WESTON HOLDINGS, INC.",-,LW US,BB Ticker,United States,Consumer Defensive,Packaged Foods,1508,,-,162754,0
12/31/2024,NGS,Balanced Growth,LISTED EQUITY,1,BANK HAPOALIM BM,-,POLI IT,BB Ticker,Israel,,,8330,,-,162549,0
12/31/2024,NGS,Balanced Growth,LISTED EQUITY,1,JOHNSON MATTHEY PLC,-,JMAT LN,BB Ticker,United Kingdom,Basic Materials,Specialty Chemicals,5997,,-,162544,0
12/31/2024,NGS,Balanced Growth,LISTED EQUITY,1,CHOCOLADEFABRIKEN LINDT & SPRUENGLI AG,-,LISP SW,BB Ticker,Switzerland,Consumer Defensive,Confectioners,9,,-,161224,0
12/31/2024,NGS,Balanced Growth,LISTED EQUITY,1,TELEPERFORMANCE SE,-,TEP FP,BB Ticker,France,Industrials,Specialty Business Services,1155,,-,160523,0
12/31/2024,NGS,Balanced Growth,LISTED EQUITY,1,JULIUS BAER GROUP LTD.,-,BAER SW,BB Ticker,Switzerland,Industrials,Security & Protection Services,1533,,-,160236,0
12/31/2024,NGS,Balanced Growth,LISTED EQUITY,1,PEARSON PLC,-,PSON LN,BB Ticker,United Kingdom,Communication Services,Publishing,6165,,-,159863,0
12/31/2024,NGS,Balanced Growth,LISTED EQUITY,1,SEI INVESTMENTS CO.,-,SEIC US,BB Ticker,United States,Financial Services,Asset Management,1198,,-,159533,0
12/31/2024,NGS,Balanced Growth,LISTED EQUITY,1,"IGM FINANCIAL, INC.",-,IGM CN,BB Ticker,Canada,,,3086,,-,159115,0
12/31/2024,NGS,Balanced Growth,LISTED EQUITY,1,SNAM SPA,-,SRG IM,BB Ticker,Italy,Real Estate,Real Estate Services,22236,,-,159057,0
12/31/2024,NGS,Balanced Growth,LISTED EQUITY,1,BT GROUP PLC,-,BTA LN,BB Ticker,United Kingdom,Financial Services,Asset Management,53871,,-,156970,0
12/31/2024,NGS,Balanced Growth,LISTED EQUITY,1,"JB HUNT TRANSPORT SERVICES, INC.",-,JBHT US,BB Ticker,United States,Industrials,Integrated Freight & Logistics,565,,-,155808,0
12/31/2024,NGS,Balanced Growth,LISTED EQUITY,1,EXOR NV,-,EXO NA,BB Ticker,Netherlands,Technology,Software - Infrastructure,1051,,-,155761,0
12/31/2024,NGS,Balanced Growth,LISTED EQUITY,1,HEICO CORP.,-,HEI US,BB Ticker,United States,Industrials,Aerospace & Defense,406,,-,155756,0
12/31/2024,NGS,Balanced Growth,LISTED EQUITY,1,EASTMAN CHEMICAL CO.,-,EMN US,BB Ticker,United States,Basic Materials,Specialty Chemicals,1055,,-,155534,0
12/31/2024,NGS,Balanced Growth,LISTED EQUITY,1,EAST JAPAN RAILWAY CO.,-,9020 JP,BB Ticker,Japan,Industrials,Railroads,5390,,-,154824,0
12/31/2024,NGS,Balanced Growth,LISTED EQUITY,1,KUBOTA CORP.,-,6326 JP,BB Ticker,Japan,Industrials,Farm & Heavy Construction Machinery,8154,,-,154108,0
12/31/2024,NGS,Balanced Growth,LISTED EQUITY,1,HANG SENG BANK LTD.,-,11 HK,SEDOL,Hong Kong,,,7740,,-,153761,0
12/31/2024,NGS,Balanced Growth,LISTED EQUITY,1,TELEFONICA SA,-,TEF SM,BB Ticker,Spain,Communication Services,Telecom Services,23181,,-,152637,0
12/31/2024,NGS,Balanced Growth,LISTED EQUITY,1,UNICHARM CORP.,-,8113 JP,BB Ticker,Japan,Consumer Defensive,Household & Personal Products,11195,,-,149850,0
12/31/2024,NGS,Balanced Growth,LISTED EQUITY,1,"COMMVAULT SYSTEMS, INC.",-,CVLT US,BB Ticker,United States,Technology,Software - Application,612,,-,149062,0
12/31/2024,NGS,Balanced Growth,LISTED EQUITY,1,"SNAP, INC.",-,SNAP US,BB Ticker,United States,Communication Services,Internet Content & Information,8548,,-,148693,0
12/31/2024,NGS,Balanced Growth,LISTED EQUITY,1,AKZO NOBEL NV,-,AKZA NA,BB Ticker,Netherlands,Basic Materials,Specialty Chemicals,1533,,-,148642,0
12/31/2024,NGS,Balanced Growth,LISTED EQUITY,1,ERIE INDEMNITY CO.,-,ERIE US,BB Ticker,United States,Financial Services,Insurance Brokers,223,,-,148149,0
12/31/2024,NGS,Balanced Growth,LISTED EQUITY,1,"CARLYLE GROUP, INC.",-,CG US,BB Ticker,United States,Financial Services,Asset Management,1815,,-,148037,0
12/31/2024,NGS,Balanced Growth,LISTED EQUITY,1,JARDINE MATHESON HOLDINGS LTD.,-,JM SP,BB Ticker,Singapore,,,2211,,-,146326,0
12/31/2024,NGS,Balanced Growth,LISTED EQUITY,1,"REVVITY, INC.",-,RVTY US,BB Ticker,United States,Healthcare,Diagnostics & Research,811,,-,146243,0
12/31/2024,NGS,Balanced Growth,LISTED EQUITY,1,NITORI HOLDINGS CO. LTD.,-,9843 JP,BB Ticker,Japan,Consumer Cyclical,"Furnishings, Fixtures & Appliances",760,,-,145574,0
12/31/2024,NGS,Balanced Growth,LISTED EQUITY,1,CANADIAN TIRE CORP. LTD.,-,CTCA CN,BB Ticker,Canada,,,855,,-,145283,0
12/31/2024,NGS,Balanced Growth,LISTED EQUITY,1,HEINEKEN HOLDING NV,-,HEIO NA,BB Ticker,Netherlands,Consumer Defensive,Beverages - Brewers,1490,,-,144147,0
12/31/2024,NGS,Balanced Growth,LISTED EQUITY,1,UPM-KYMMENE OYJ,-,UPM FH,BB Ticker,Finland,Basic Materials,Paper & Paper Products,3238,,-,143842,0
12/31/2024,NGS,Balanced Growth,LISTED EQUITY,1,SWEDISH ORPHAN BIOVITRUM AB,-,SOBI SS,BB Ticker,Sweden,Healthcare,Drug Manufacturers - Specialty & Generic,3093,,-,143506,0
12/31/2024,NGS,Balanced Growth,LISTED EQUITY,1,COVESTRO AG,-,1CO GR,BB Ticker,Germany,Basic Materials,Specialty Chemicals,1476,,-,143181,0
12/31/2024,NGS,Balanced Growth,LISTED EQUITY,1,SAMPO OYJ,-,SAMPO FH,BB Ticker,Finland,Financial Services,Insurance - Diversified,2167,,-,142727,0
12/31/2024,NGS,Balanced Growth,LISTED EQUITY,1,ALBEMARLE CORP.,-,ALB US,BB Ticker,United States,Basic Materials,Specialty Chemicals,1022,,-,142094,0
12/31/2024,NGS,Balanced Growth,LISTED EQUITY,1,"JABIL, INC.",-,JBL US,BB Ticker,United States,Technology,Electronic Components,606,,-,140853,0
12/31/2024,NGS,Balanced Growth,LISTED EQUITY,1,"ALBERTSONS COS., INC.",-,ACI US,BB Ticker,United States,Consumer Defensive,Grocery Stores,4380,,-,138931,0
12/31/2024,NGS,Balanced Growth,LISTED EQUITY,1,GALAXY ENTERTAINMENT GROUP LTD.,-,27 HK,BB Ticker,Hong Kong,Industrials,Airlines,20040,,-,137502,0
12/31/2024,NGS,Balanced Growth,LISTED EQUITY,1,"FINNING INTERNATIONAL, INC.",-,FTT CN,BB Ticker,Canada,Industrials,Industrial Distribution,3202,,-,136978,0
12/31/2024,NGS,Balanced Growth,LISTED EQUITY,1,"SHIMANO, INC.",-,7309 JP,BB Ticker,Japan,Consumer Cyclical,Leisure,622,,-,136715,0
12/31/2024,NGS,Balanced Growth,LISTED EQUITY,1,"JAPAN EXCHANGE GROUP, INC.",-,8697 JP,BB Ticker,Japan,Financial Services,Financial Data & Stock Exchanges,7463,,-,135756,0
12/31/2024,NGS,Balanced Growth,LISTED EQUITY,1,"MAGNA INTERNATIONAL, INC.",-,MG CN,BB Ticker,Canada,Industrials,Security & Protection Services,2010,,-,135631,0
12/31/2024,NGS,Balanced Growth,LISTED EQUITY,1,BUDWEISER BREWING CO. APAC LTD.,-,1876 HK,SEDOL,Hong Kong,,,86794,,-,135167,0
12/31/2024,NGS,Balanced Growth,LISTED EQUITY,1,"KNIGHT-SWIFT TRANSPORTATION HOLDINGS, INC.",-,KNX US,BB Ticker,United States,Industrials,Trucking,1570,,-,134498,0
12/31/2024,NGS,Balanced Growth,LISTED EQUITY,1,FISHER & PAYKEL HEALTHCARE CORP. LTD.,-,FPH NZ,BB Ticker,New Zealand,Real Estate,Real Estate - Development,3858,,-,134056,0
12/31/2024,NGS,Balanced Growth,LISTED EQUITY,1,CARLSBERG AS,-,CARLB DC,BB Ticker,Denmark,Consumer Defensive,Beverages - Brewers,864,,-,133777,0
12/31/2024,NGS,Balanced Growth,LISTED EQUITY,1,"ROGERS COMMUNICATIONS, INC.",-,RCIB CN,BB Ticker,Canada,,,2681,,-,133024,0
12/31/2024,NGS,Balanced Growth,LISTED EQUITY,1,"INTERPUBLIC GROUP OF COS., INC.",-,IPG US,BB Ticker,United States,Communication Services,Advertising Agencies,2936,,-,132880,0
12/31/2024,NGS,Balanced Growth,LISTED EQUITY,1,"ONEMAIN HOLDINGS, INC.",-,OMF US,BB Ticker,United States,Financial Services,Credit Services,1572,,-,132365,0
12/31/2024,NGS,Balanced Growth,LISTED EQUITY,1,SINO LAND CO. LTD.,-,83 HK,BB Ticker,Hong Kong,,,80751,,-,131800,0
12/31/2024,NGS,Balanced Growth,LISTED EQUITY,1,"RIVIAN AUTOMOTIVE, INC.",-,RIVN US,BB Ticker,United States,Consumer Cyclical,Auto Manufacturers,6118,,-,131416,0
12/31/2024,NGS,Balanced Growth,LISTED EQUITY,1,VAT GROUP AG,-,VACN SW,BB Ticker,Switzerland,Industrials,Specialty Industrial Machinery,214,,-,130876,0
12/31/2024,NGS,Balanced Growth,LISTED EQUITY,1,"TORAY INDUSTRIES, INC.",-,3402 JP,BB Ticker,Japan,Industrials,Specialty Industrial Machinery,12715,,-,130867,0
12/31/2024,NGS,Balanced Growth,LISTED EQUITY,1,BANK OF IRELAND GROUP PLC,-,BIRG ID,BB Ticker,Ireland,Financial Services,Banks - Regional,8883,,-,130829,0
12/31/2024,NGS,Balanced Growth,LISTED EQUITY,1,GETINGE AB,-,GETIB SS,BB Ticker,Sweden,Healthcare,Medical Devices,4915,,-,130443,0
12/31/2024,NGS,Balanced Growth,LISTED EQUITY,1,OSAKA GAS CO. LTD.,-,9532 JP,BB Ticker,Japan,,,3662,,-,130231,0
12/31/2024,NGS,Balanced Growth,LISTED EQUITY,1,EQT AB,-,EQT SS,BB Ticker,Sweden,Energy,Oil & Gas E&P,2909,,-,130172,0
12/31/2024,NGS,Balanced Growth,LISTED EQUITY,1,KYOWA KIRIN CO. LTD.,-,4151 JP,BB Ticker,Japan,Healthcare,Drug Manufacturers - General,5321,,-,129899,0
12/31/2024,NGS,Balanced Growth,LISTED EQUITY,1,LOUISIANA-PACIFIC CORP.,-,LPX US,BB Ticker,United States,Industrials,Building Products & Equipment,766,,-,128170,0
12/31/2024,NGS,Balanced Growth,LISTED EQUITY,1,BANCO DE SABADELL SA,-,SAB SM,BB Ticker,Spain,Technology,Software - Infrastructure,40764,,-,127967,0
12/31/2024,NGS,Balanced Growth,LISTED EQUITY,1,ASSOCIATED BRITISH FOODS PLC,-,ABF LN,BB Ticker,United Kingdom,Consumer Defensive,Packaged Foods,3094,,-,127851,0
12/31/2024,NGS,Balanced Growth,LISTED EQUITY,1,NORDSON CORP.,-,NDSN US,BB Ticker,United States,Industrials,Specialty Industrial Machinery,377,,-,127509,0
12/31/2024,NGS,Balanced Growth,LISTED EQUITY,1,MOSAIC CO.,-,MOS US,BB Ticker,United States,Basic Materials,Agricultural Inputs,3209,,-,127403,0
12/31/2024,NGS,Balanced Growth,LISTED EQUITY,1,"ALAMOS GOLD, INC.",-,AGI CN,BB Ticker,Canada,Basic Materials,Gold,4277,,-,127374,0
12/31/2024,NGS,Balanced Growth,LISTED EQUITY,1,"TFI INTERNATIONAL, INC.",-,TFII CN,BB Ticker,Canada,Industrials,Trucking,584,,-,127374,0
12/31/2024,NGS,Balanced Growth,LISTED EQUITY,1,EXACT SCIENCES CORP.,-,EXAS US,BB Ticker,United States,Healthcare,Diagnostics & Research,1398,,-,126870,0
12/31/2024,NGS,Balanced Growth,LISTED EQUITY,1,KAJIMA CORP.,-,1812 JP,BB Ticker,Japan,Basic Materials,Paper & Paper Products,4284,,-,126852,0
12/31/2024,NGS,Balanced Growth,LISTED EQUITY,1,PORSCHE AUTOMOBIL HOLDING SE,-,PAH3 GR,BB Ticker,Germany,Consumer Cyclical,Auto Manufacturers,2069,,-,125780,0
12/31/2024,NGS,Balanced Growth,LISTED EQUITY,1,SKANSKA AB,-,SKAB SS,BB Ticker,Sweden,,,3697,,-,125754,0
12/31/2024,NGS,Balanced Growth,LISTED EQUITY,1,"GFL ENVIRONMENTAL, INC.",-,GFL CN,BB Ticker,Canada,Industrials,Waste Management,1745,,-,125565,0
12/31/2024,NGS,Balanced Growth,LISTED EQUITY,1,GETLINK SE,-,GET FP,BB Ticker,France,Real Estate,REIT - Retail,4864,,-,125322,0
12/31/2024,NGS,Balanced Growth,LISTED EQUITY,1,AMCOR PLC,-,AMCR US,BB Ticker,United States,Consumer Cyclical,Packaging & Containers,8216,,-,124875,0
12/31/2024,NGS,Balanced Growth,LISTED EQUITY,1,"ENPHASE ENERGY, INC.",-,ENPH US,BB Ticker,United States,Technology,Solar,1125,,-,124793,0
12/31/2024,NGS,Balanced Growth,LISTED EQUITY,1,ORSTED AS,-,ORSTED DC,BB Ticker,Denmark,Utilities,Utilities - Renewable,1710,,-,124355,0
12/31/2024,NGS,Balanced Growth,LISTED EQUITY,1,"HENRY SCHEIN, INC.",-,HSIC US,BB Ticker,United States,Healthcare,Medical Distribution,1109,,-,123961,0
12/31/2024,NGS,Balanced Growth,LISTED EQUITY,1,SMITH & NEPHEW PLC,-,SN LN,BB Ticker,United Kingdom,Consumer Cyclical,"Furnishings, Fixtures & Appliances",6152,,-,123363,0
12/31/2024,NGS,Balanced Growth,LISTED EQUITY,1,NTT DATA GROUP CORP.,-,9613 JP,BB Ticker,Japan,Technology,Information Technology Services,3939,,-,122654,0
12/31/2024,NGS,Balanced Growth,LISTED EQUITY,1,NOMURA RESEARCH INSTITUTE LTD.,-,4307 JP,BB Ticker,Japan,Technology,Information Technology Services,2557,,-,122421,0
12/31/2024,NGS,Balanced Growth,LISTED EQUITY,1,TOKYO TATEMONO CO. LTD.,-,8804 JP,BB Ticker,Japan,Real Estate,Real Estate Services,4561,,-,122193,0
12/31/2024,NGS,Balanced Growth,LISTED EQUITY,1,FINECOBANK BANCA FINECO SPA,-,FBK IM,BB Ticker,Italy,Financial Services,Banks - Regional,4337,,-,121783,0
12/31/2024,NGS,Balanced Growth,LISTED EQUITY,1,SVENSKA CELLULOSA AB SCA,-,SCAB SS,BB Ticker,Sweden,,,5922,,-,121583,0
12/31/2024,NGS,Balanced Growth,LISTED EQUITY,1,SWIRE PACIFIC LTD.,-,19 HK,BB Ticker,Hong Kong,Consumer Defensive,Household & Personal Products,8293,,-,121468,0
12/31/2024,NGS,Balanced Growth,LISTED EQUITY,1,BOLLORE SE,-,BOL FP,BB Ticker,France,Healthcare,Biotechnology,12215,,-,121346,0
12/31/2024,NGS,Balanced Growth,LISTED EQUITY,1,CONVATEC GROUP PLC,-,CTEC LN,BB Ticker,United Kingdom,,,27091,,-,121217,0
12/31/2024,NGS,Balanced Growth,LISTED EQUITY,1,ALPS ALPINE CO. LTD.,-,6770 JP,BB Ticker,Japan,Technology,Semiconductors,7256,,-,120241,0
12/31/2024,NGS,Balanced Growth,LISTED EQUITY,1,BIO-TECHNE CORP.,-,TECH US,BB Ticker,United States,Healthcare,Biotechnology,1031,,-,119946,0
12/31/2024,NGS,Balanced Growth,LISTED EQUITY,1,BROWN-FORMAN CORP.,-,BFB US,BB Ticker,United States,,,1938,,-,118861,0
12/31/2024,NGS,Balanced Growth,LISTED EQUITY,1,"DELTA AIR LINES, INC.",-,DAL US,BB Ticker,United States,Industrials,Airlines,1214,,-,118640,0
12/31/2024,NGS,Balanced Growth,LISTED EQUITY,1,ALTAGAS LTD.,-,ALA CN,BB Ticker,Canada,Technology,Semiconductors,3151,,-,118477,0
12/31/2024,NGS,Balanced Growth,LISTED EQUITY,1,SYSMEX CORP.,-,6869 JP,BB Ticker,Japan,Utilities,Utilities - Renewable,3939,,-,118059,0
12/31/2024,NGS,Balanced Growth,LISTED EQUITY,1,"SAMSARA, INC.",-,IOT US,BB Ticker,United States,Technology,Software - Infrastructure,1667,,-,117664,0
12/31/2024,NGS,Balanced Growth,LISTED EQUITY,1,ESSENT GROUP LTD.,-,ESNT US,BB Ticker,United States,Financial Services,Insurance - Specialty,1331,,-,117025,0
12/31/2024,NGS,Balanced Growth,LISTED EQUITY,1,KEPPEL LTD.,-,KEP SP,BB Ticker,Singapore,Utilities,Utilities - Regulated Electric,14304,,-,115839,0
12/31/2024,NGS,Balanced Growth,LISTED EQUITY,1,"T&D HOLDINGS, INC.",-,8795 JP,BB Ticker,Japan,Financial Services,Insurance - Life,3870,,-,115550,0
12/31/2024,NGS,Balanced Growth,LISTED EQUITY,1,ALGONQUIN POWER & UTILITIES CORP.,-,AQN CN,BB Ticker,Canada,Utilities,Utilities - Diversified,16093,,-,115302,0
12/31/2024,NGS,Balanced Growth,LISTED EQUITY,1,"MARKETAXESS HOLDINGS, INC.",-,MKTX US,BB Ticker,United States,Financial Services,Capital Markets,316,,-,115294,0
12/31/2024,NGS,Balanced Growth,LISTED EQUITY,1,BLUEPRINT MEDICINES CORP.,-,BPMC US,BB Ticker,United States,Healthcare,Biotechnology,815,,-,114772,0
12/31/2024,NGS,Balanced Growth,LISTED EQUITY,1,RENAULT SA,-,RNO FP,BB Ticker,France,Consumer Cyclical,Auto Manufacturers,1450,,-,114083,0
12/31/2024,NGS,Balanced Growth,LISTED EQUITY,1,KIKKOMAN CORP.,-,2801 JP,BB Ticker,Japan,,,6288,,-,113902,0
12/31/2024,NGS,Balanced Growth,LISTED EQUITY,1,CARREFOUR SA,-,CA FP,BB Ticker,France,,,4940,,-,113425,0
12/31/2024,NGS,Balanced Growth,LISTED EQUITY,1,TAISEI CORP.,-,1801 JP,BB Ticker,Japan,,,1658,,-,113156,0
12/31/2024,NGS,Balanced Growth,LISTED EQUITY,1,BOLIDEN AB,-,BOL SS,BB Ticker,Sweden,Healthcare,Biotechnology,2486,,-,112817,0
12/31/2024,NGS,Balanced Growth,LISTED EQUITY,1,AUCKLAND INTERNATIONAL AIRPORT LTD.,-,AIA NZ,BB Ticker,New Zealand,,,13997,,-,110189,0
12/31/2024,NGS,Balanced Growth,LISTED EQUITY,1,TOKYU FUDOSAN HOLDINGS CORP.,-,3289 JP,BB Ticker,Japan,Real Estate,Real Estate - Diversified,11057,,-,109946,0
12/31/2024,NGS,Balanced Growth,LISTED EQUITY,1,"APPLIED INDUSTRIAL TECHNOLOGIES, INC.",-,AIT US,BB Ticker,United States,Industrials,Industrial Distribution,284,,-,109849,0
12/31/2024,NGS,Balanced Growth,LISTED EQUITY,1,CNH INDUSTRIAL NV,-,CNH US,BB Ticker,United States,Industrials,Farm & Heavy Construction Machinery,5993,,-,109674,0
12/31/2024,NGS,Balanced Growth,LISTED EQUITY,1,TOHO CO. LTD.,-,9602 JP,BB Ticker,Japan,Communication Services,Entertainment,1728,,-,109260,0
12/31/2024,NGS,Balanced Growth,LISTED EQUITY,1,"RAKUTEN GROUP, INC.",-,4755 JP,BB Ticker,Japan,Consumer Cyclical,Internet Retail,12370,,-,109184,0
12/31/2024,NGS,Balanced Growth,LISTED EQUITY,1,"JUNIPER NETWORKS, INC.",-,JNPR US,BB Ticker,United States,,,1804,,-,109135,0
12/31/2024,NGS,Balanced Growth,LISTED EQUITY,1,ISUZU MOTORS LTD.,-,7202 JP,BB Ticker,Japan,Consumer Cyclical,Auto Manufacturers,4906,,-,108836,0
12/31/2024,NGS,Balanced Growth,LISTED EQUITY,1,GRIFOLS SA,-,GRF SM,BB Ticker,Spain,Financial Services,Asset Management,7051,,-,107883,0
12/31/2024,NGS,Balanced Growth,LISTED EQUITY,1,LASERTEC CORP.,-,6920 JP,BB Ticker,Japan,Technology,Semiconductor Equipment & Materials,691,,-,107839,0
12/31/2024,NGS,Balanced Growth,LISTED EQUITY,1,"JFE HOLDINGS, INC.",-,5411 JP,BB Ticker,Japan,Basic Materials,Steel,5874,,-,107419,0
12/31/2024,NGS,Balanced Growth,LISTED EQUITY,1,"ASPEN TECHNOLOGY, INC.",-,AZPN US,BB Ticker,United States,,,264,,-,106430,0
12/31/2024,NGS,Balanced Growth,LISTED EQUITY,1,ANTOFAGASTA PLC,-,ANTO LN,BB Ticker,United Kingdom,Industrials,Integrated Freight & Logistics,3302,,-,106192,0
12/31/2024,NGS,Balanced Growth,LISTED EQUITY,1,SUMITOMO REALTY & DEVELOPMENT CO. LTD.,-,8830 JP,BB Ticker,Japan,Real Estate,Real Estate Services,2073,,-,105247,0
12/31/2024,NGS,Balanced Growth,LISTED EQUITY,1,DCC PLC,-,DCC LN,BB Ticker,United Kingdom,Energy,Oil & Gas Refining & Marketing,1012,,-,105185,0
12/31/2024,NGS,Balanced Growth,LISTED EQUITY,1,GROUPE BRUXELLES LAMBERT NV,-,GBLB BB,BB Ticker,Belgium,Financial Services,Asset Management,946,,-,104504,0
12/31/2024,NGS,Balanced Growth,LISTED EQUITY,1,AES CORP.,-,AES US,BB Ticker,United States,Utilities,Utilities - Diversified,5016,,-,104270,0
12/31/2024,NGS,Balanced Growth,LISTED EQUITY,1,MONDAY.COM LTD.,-,MNDY US,BB Ticker,United States,Technology,Software - Application,274,,-,104059,0
12/31/2024,NGS,Balanced Growth,LISTED EQUITY,1,YAMAHA MOTOR CO. LTD.,-,7272 JP,SEDOL,Japan,,,7187,,-,103733,0
12/31/2024,NGS,Balanced Growth,LISTED EQUITY,1,LIFCO AB,-,LIFCOB SS,BB Ticker,Sweden,,,2212,,-,103662,0
12/31/2024,NGS,Balanced Growth,LISTED EQUITY,1,NISSAN MOTOR CO. LTD.,-,7201 JP,BB Ticker,Japan,Consumer Cyclical,Auto Manufacturers,21007,,-,103628,0
12/31/2024,NGS,Balanced Growth,LISTED EQUITY,1,ALSTOM SA,-,ALO FP,BB Ticker,France,Technology,Computer Hardware,2860,,-,103108,0
12/31/2024,NGS,Balanced Growth,LISTED EQUITY,1,BANCO BPM SPA,-,BAMI IM,BB Ticker,Italy,Financial Services,Banks - Regional,7891,,-,103097,0
12/31/2024,NGS,Balanced Growth,LISTED EQUITY,1,TRYG AS,-,TRYG DC,BB Ticker,Denmark,,,3023,,-,102723,0
12/31/2024,NGS,Balanced Growth,LISTED EQUITY,1,"WALGREENS BOOTS ALLIANCE, INC.",-,WBA US,BB Ticker,United States,Healthcare,Pharmaceutical Retailers,6755,,-,101790,0
12/31/2024,NGS,Balanced Growth,LISTED EQUITY,1,EDENRED SE,-,EDEN FP,BB Ticker,France,,,1913,,-,101570,0
12/31/2024,NGS,Balanced Growth,LISTED EQUITY,1,POWER ASSETS HOLDINGS LTD.,-,6 HK,BB Ticker,Hong Kong,,,8983,,-,101237,0
12/31/2024,NGS,Balanced Growth,LISTED EQUITY,1,ENDESA SA,-,ELE SM,BB Ticker,Spain,Utilities,Utilities - Regulated Electric,2913,,-,101203,0
12/31/2024,NGS,Balanced Growth,LISTED EQUITY,1,CAPCOM CO. LTD.,-,9697 JP,BB Ticker,Japan,Communication Services,Electronic Gaming & Multimedia,2833,,-,101152,0
12/31/2024,NGS,Balanced Growth,LISTED EQUITY,1,"EXELIXIS, INC.",-,EXEL US,BB Ticker,United States,Healthcare,Biotechnology,1880,,-,101092,0
12/31/2024,NGS,Balanced Growth,LISTED EQUITY,1,TAYLOR WIMPEY PLC,-,TW LN,BB Ticker,United Kingdom,Financial Services,Capital Markets,40920,,-,101063,0
12/31/2024,NGS,Balanced Growth,LISTED EQUITY,1,JUST EAT TAKEAWAY.COM NV,-,TKWY NA,BB Ticker,Netherlands,,,4578,,-,101030,0
12/31/2024,NGS,Balanced Growth,LISTED EQUITY,1,WYNN RESORTS LTD.,-,WYNN US,BB Ticker,United States,Consumer Cyclical,Resorts & Casinos,724,,-,100683,0
12/31/2024,NGS,Balanced Growth,LISTED EQUITY,1,"DENTSU GROUP, INC.",-,4324 JP,BB Ticker,Japan,Communication Services,Advertising Agencies,2557,,-,100165,0
12/31/2024,NGS,Balanced Growth,LISTED EQUITY,1,"MATCH GROUP, INC.",-,MTCH US,BB Ticker,United States,Communication Services,Internet Content & Information,1895,,-,100104,0
12/31/2024,NGS,Balanced Growth,LISTED EQUITY,1,USS CO. LTD.,-,4732 JP,BB Ticker,Japan,,,7049,,-,99746,0
12/31/2024,NGS,Balanced Growth,LISTED EQUITY,1,"PAYCOM SOFTWARE, INC.",-,PAYC US,BB Ticker,United States,Technology,Software - Application,301,,-,99743,0
12/31/2024,NGS,Balanced Growth,LISTED EQUITY,1,YAKULT HONSHA CO. LTD.,-,2267 JP,BB Ticker,Japan,Consumer Defensive,Beverages - Non-Alcoholic,3248,,-,99700,0
12/31/2024,NGS,Balanced Growth,LISTED EQUITY,1,"SPROUTS FARMERS MARKET, INC.",-,SFM US,BB Ticker,United States,Consumer Defensive,Grocery Stores,485,,-,99560,0
12/31/2024,NGS,Balanced Growth,LISTED EQUITY,1,"BENTLEY SYSTEMS, INC.",-,BSY US,BB Ticker,United States,Technology,Software - Application,1318,,-,99449,0
12/31/2024,NGS,Balanced Growth,LISTED EQUITY,1,CELANESE CORP.,-,CE US,BB Ticker,United States,Basic Materials,Chemicals,889,,-,99415,0
12/31/2024,NGS,Balanced Growth,LISTED EQUITY,1,MITSUBISHI CHEMICAL GROUP CORP.,-,4188 JP,BB Ticker,Japan,Basic Materials,Specialty Chemicals,12093,,-,99387,0
12/31/2024,NGS,Balanced Growth,LISTED EQUITY,1,H & M HENNES & MAURITZ AB,-,HMB SS,BB Ticker,Sweden,Basic Materials,Other Industrial Metals & Mining,4552,,-,99206,0
12/31/2024,NGS,Balanced Growth,LISTED EQUITY,1,"EMERA, INC.",-,EMA CN,BB Ticker,Canada,Utilities,Utilities - Regulated Electric,1632,,-,98488,0
12/31/2024,NGS,Balanced Growth,LISTED EQUITY,1,"KONICA MINOLTA, INC.",-,4902 JP,BB Ticker,Japan,Industrials,Business Equipment & Supplies,14443,,-,98332,0
12/31/2024,NGS,Balanced Growth,LISTED EQUITY,1,ORION OYJ,-,ORNBV FH,BB Ticker,Finland,Healthcare,Drug Manufacturers - General,1368,,-,97895,0
12/31/2024,NGS,Balanced Growth,LISTED EQUITY,1,HYATT HOTELS CORP.,-,H US,BB Ticker,United States,Consumer Cyclical,Lodging,386,,-,97765,0
12/31/2024,NGS,Balanced Growth,LISTED EQUITY,1,ALMARAI CO. JSC,-,ALMARAI AB,BB Ticker,Saudi Arabia,Consumer Defensive,Packaged Foods,3960,,-,97374,0
12/31/2024,NGS,Balanced Growth,LISTED EQUITY,1,"KANSAI ELECTRIC POWER CO., INC.",-,9503 JP,BB Ticker,Japan,Utilities,Utilities - Renewable,5390,,-,97132,0
12/31/2024,NGS,Balanced Growth,LISTED EQUITY,1,SHISEIDO CO. LTD.,-,4911 JP,BB Ticker,Japan,Healthcare,Biotechnology,3386,,-,96966,0
12/31/2024,NGS,Balanced Growth,LISTED EQUITY,1,"COREBRIDGE FINANCIAL, INC.",-,CRBG US,BB Ticker,United States,Financial Services,Asset Management,1976,,-,95505,0
12/31/2024,NGS,Balanced Growth,LISTED EQUITY,1,DR. ING HC F PORSCHE AG,-,P911 GR,BB Ticker,Germany,Consumer Cyclical,Auto Manufacturers,970,,-,94795,0
12/31/2024,NGS,Balanced Growth,LISTED EQUITY,1,"GREAT-WEST LIFECO, INC.",-,GWO CN,BB Ticker,Canada,Financial Services,Insurance - Life,1756,,-,94002,0
12/31/2024,NGS,Balanced Growth,LISTED EQUITY,1,IVANHOE MINES LTD.,-,IVN CN,BB Ticker,Canada,Basic Materials,Other Industrial Metals & Mining,4890,,-,93694,0
12/31/2024,NGS,Balanced Growth,LISTED EQUITY,1,"CHARLES RIVER LABORATORIES INTERNATIONAL, INC.",-,CRL US,BB Ticker,United States,Healthcare,Diagnostics & Research,307,,-,91479,0
12/31/2024,NGS,Balanced Growth,LISTED EQUITY,1,"TREND MICRO, INC.",-,4704 JP,BB Ticker,Japan,Technology,Software - Infrastructure,1037,,-,91260,0
12/31/2024,NGS,Balanced Growth,LISTED EQUITY,1,NIPPON PAINT HOLDINGS CO. LTD.,-,4612 JP,BB Ticker,Japan,,,8638,,-,90857,0
12/31/2024,NGS,Balanced Growth,LISTED EQUITY,1,"DAVITA, INC.",-,DVA US,BB Ticker,United States,Healthcare,Medical Care Facilities,375,,-,90634,0
12/31/2024,NGS,Balanced Growth,LISTED EQUITY,1,MARKS & SPENCER GROUP PLC,-,MKS LN,BB Ticker,United Kingdom,Technology,Scientific & Technical Instruments,11829,,-,89848,0
12/31/2024,NGS,Balanced Growth,LISTED EQUITY,1,NISSIN FOODS HOLDINGS CO. LTD.,-,2897 JP,BB Ticker,Japan,,,2280,,-,89594,0
12/31/2024,NGS,Balanced Growth,LISTED EQUITY,1,U-HAUL HOLDING CO.,-,UHALB US,BB Ticker,United States,,,854,,-,88357,0
12/31/2024,NGS,Balanced Growth,LISTED EQUITY,1,ONO PHARMACEUTICAL CO. LTD.,-,4528 JP,BB Ticker,Japan,Healthcare,Drug Manufacturers - General,5252,,-,88219,0
12/31/2024,NGS,Balanced Growth,LISTED EQUITY,1,SEATRIUM LTD.,-,STM SP,BB Ticker,Singapore,Technology,Semiconductors,35865,,-,87895,0
12/31/2024,NGS,Balanced Growth,LISTED EQUITY,1,SUMITOMO METAL MINING CO. LTD.,-,5713 JP,BB Ticker,Japan,Basic Materials,Other Industrial Metals & Mining,2350,,-,87239,0
12/31/2024,NGS,Balanced Growth,LISTED EQUITY,1,"CHUBU ELECTRIC POWER CO., INC.",-,9502 JP,SEDOL,Japan,,,5114,,-,87001,0
12/31/2024,NGS,Balanced Growth,LISTED EQUITY,1,MONDI PLC,-,MNDI LN,BB Ticker,United Kingdom,,,3600,,-,86808,0
12/31/2024,NGS,Balanced Growth,LISTED EQUITY,1,"TOPPAN HOLDINGS, INC.",-,7911 JP,BB Ticker,Japan,Industrials,Conglomerates,2004,,-,86684,0
12/31/2024,NGS,Balanced Growth,LISTED EQUITY,1,TELUS CORP.,-,T CN,BB Ticker,Canada,Communication Services,Telecom Services,3945,,-,86349,0
12/31/2024,NGS,Balanced Growth,LISTED EQUITY,1,MITSUI OSK LINES LTD.,-,9104 JP,SEDOL,Japan,,,1520,,-,86056,0
12/31/2024,NGS,Balanced Growth,LISTED EQUITY,1,WH GROUP LTD.,-,288 HK,BB Ticker,Hong Kong,Financial Services,Banks - Diversified,68758,,-,85920,0
12/31/2024,NGS,Balanced Growth,LISTED EQUITY,1,HEIDELBERG MATERIALS AG,-,HEI GR,BB Ticker,Germany,Industrials,Aerospace & Defense,429,,-,85622,0
12/31/2024,NGS,Balanced Growth,LISTED EQUITY,1,DAI NIPPON PRINTING CO. LTD.,-,7912 JP,BB Ticker,Japan,Industrials,Conglomerates,3732,,-,85116,0
12/31/2024,NGS,Balanced Growth,LISTED EQUITY,1,FUJI ELECTRIC CO. LTD.,-,6504 JP,BB Ticker,Japan,Consumer Defensive,Household & Personal Products,967,,-,85087,0
12/31/2024,NGS,Balanced Growth,LISTED EQUITY,1,AMUNDI SA,-,AMUN FP,BB Ticker,France,,,792,,-,85030,0
12/31/2024,NGS,Balanced Growth,LISTED EQUITY,1,YASKAWA ELECTRIC CORP.,-,6506 JP,BB Ticker,Japan,Basic Materials,Specialty Chemicals,2004,,-,83760,0
12/31/2024,NGS,Balanced Growth,LISTED EQUITY,1,ATLAS COPCO AB,-,ATCOA SS,BB Ticker,Sweden,,,3343,,-,82516,0
12/31/2024,NGS,Balanced Growth,LISTED EQUITY,1,RANDSTAD NV,-,RAND NA,BB Ticker,Netherlands,Financial Services,Asset Management,1207,,-,82149,0
12/31/2024,NGS,Balanced Growth,LISTED EQUITY,1,EMS-CHEMIE HOLDING AG,-,EMSN SW,BB Ticker,Switzerland,Basic Materials,Specialty Chemicals,75,,-,82088,0
12/31/2024,NGS,Balanced Growth,LISTED EQUITY,1,DAIFUKU CO. LTD.,-,6383 JP,BB Ticker,Japan,Industrials,Specialty Industrial Machinery,2419,,-,82025,0
12/31/2024,NGS,Balanced Growth,LISTED EQUITY,1,IMCD NV,-,IMCD NA,BB Ticker,Netherlands,Basic Materials,Specialty Chemicals,338,,-,81099,0
12/31/2024,NGS,Balanced Growth,LISTED EQUITY,1,KINGFISHER PLC,-,KGF LN,BB Ticker,United Kingdom,Basic Materials,Other Precious Metals & Mining,15940,,-,80189,0
12/31/2024,NGS,Balanced Growth,LISTED EQUITY,1,J FRONT RETAILING CO. LTD.,-,3086 JP,BB Ticker,Japan,Communication Services,Electronic Gaming & Multimedia,3662,,-,80077,0
12/31/2024,NGS,Balanced Growth,LISTED EQUITY,1,MAZDA MOTOR CORP.,-,7261 JP,SEDOL,Japan,,,7187,,-,80025,0
12/31/2024,NGS,Balanced Growth,LISTED EQUITY,1,OMRON CORP.,-,6645 JP,BB Ticker,Japan,Technology,Electronic Components,1451,,-,79832,0
12/31/2024,NGS,Balanced Growth,LISTED EQUITY,1,"HANKYU HANSHIN HOLDINGS, INC.",-,9042 JP,BB Ticker,Japan,Industrials,Conglomerates,1866,,-,78942,0
12/31/2024,NGS,Balanced Growth,LISTED EQUITY,1,MATSUKIYOCOCOKARA & CO.,-,3088 JP,BB Ticker,Japan,Healthcare,Pharmaceutical Retailers,3317,,-,78573,0
12/31/2024,NGS,Balanced Growth,LISTED EQUITY,1,WILMAR INTERNATIONAL LTD.,-,WIL SP,BB Ticker,Singapore,Basic Materials,Specialty Chemicals,21353,,-,78369,0
12/31/2024,NGS,Balanced Growth,LISTED EQUITY,1,SKF AB,-,SKFB SS,BB Ticker,Sweden,Industrials,Tools & Accessories,2554,,-,77505,0
12/31/2024,NGS,Balanced Growth,LISTED EQUITY,1,KAWASAKI KISEN KAISHA LTD.,-,9107 JP,BB Ticker,Japan,Industrials,Marine Shipping,3317,,-,76852,0
12/31/2024,NGS,Balanced Growth,LISTED EQUITY,1,SAIPEM SPA,-,SPM IM,BB Ticker,Italy,,,18181,,-,76292,0
12/31/2024,NGS,Balanced Growth,LISTED EQUITY,1,NIBE INDUSTRIER AB,-,NIBEB SS,BB Ticker,Sweden,,,11869,,-,75020,0
12/31/2024,NGS,Balanced Growth,LISTED EQUITY,1,MTR CORP. LTD.,-,66 HK,SEDOL,Hong Kong,,,13130,,-,73981,0
12/31/2024,NGS,Balanced Growth,LISTED EQUITY,1,SPIRAX GROUP PLC,-,SPX LN,BB Ticker,United Kingdom,,,529,,-,73398,0
12/31/2024,NGS,Balanced Growth,LISTED EQUITY,1,INDUTRADE AB,-,INDT SS,BB Ticker,Sweden,,,1768,,-,71573,0
12/31/2024,NGS,Balanced Growth,LISTED EQUITY,1,BARRY CALLEBAUT AG,-,BARN SW,BB Ticker,Switzerland,Consumer Cyclical,Apparel Retail,33,,-,71174,0
12/31/2024,NGS,Balanced Growth,LISTED EQUITY,1,"MINEBEA MITSUMI, INC.",-,6479 JP,BB Ticker,Japan,Technology,Electronic Components,2695,,-,71167,0
12/31/2024,NGS,Balanced Growth,LISTED EQUITY,1,"BRINKER INTERNATIONAL, INC.",-,EAT US,BB Ticker,United States,Consumer Cyclical,Restaurants,332,,-,71019,0
12/31/2024,NGS,Balanced Growth,LISTED EQUITY,1,SANDS CHINA LTD.,-,1928 HK,SEDOL,Hong Kong,,,16308,,-,70869,0
12/31/2024,NGS,Balanced Growth,LISTED EQUITY,1,CTS EVENTIM AG & CO. KGAA,-,EVD GR,BB Ticker,Germany,Communication Services,Entertainment,516,,-,70491,0
12/31/2024,NGS,Balanced Growth,LISTED EQUITY,1,WHITBREAD PLC,-,WTB LN,BB Ticker,United Kingdom,Financial Services,Banks - Regional,1180,,-,70293,0
12/31/2024,NGS,Balanced Growth,LISTED EQUITY,1,REDEIA CORP. SA,-,RED SM,BB Ticker,Spain,Real Estate,REIT - Mortgage,2542,,-,70157,0
12/31/2024,NGS,Balanced Growth,LISTED EQUITY,1,BRENNTAG SE,-,BNR GR,BB Ticker,Germany,Healthcare,Diagnostics & Research,724,,-,70037,0
12/31/2024,NGS,Balanced Growth,LISTED EQUITY,1,MOWI ASA,-,MOWI NO,BB Ticker,Belgium,Consumer Defensive,Farm Products,2526,,-,69951,0
12/31/2024,NGS,Balanced Growth,LISTED EQUITY,1,EZ TEC EMPREENDIMENTOS E PARTICIPACOES SA,-,EZTC3 BZ,BB Ticker,Brazil,Real Estate,Real Estate - Development,24255,,-,68676,0
12/31/2024,NGS,Balanced Growth,LISTED EQUITY,1,LUNDIN MINING CORP.,-,LUN CN,BB Ticker,Canada,Industrials,Aerospace & Defense,4919,,-,68340,0
12/31/2024,NGS,Balanced Growth,LISTED EQUITY,1,ENTAIN PLC,-,ENT LN,BB Ticker,United Kingdom,Communication Services,Entertainment,4915,,-,68316,0
12/31/2024,NGS,Balanced Growth,LISTED EQUITY,1,AISIN CORP.,-,7259 JP,BB Ticker,Japan,Consumer Cyclical,Auto Parts,3732,,-,68166,0
12/31/2024,NGS,Balanced Growth,LISTED EQUITY,1,BAYERISCHE MOTOREN WERKE AG,-,BMW3 GR,BB Ticker,Germany,Consumer Cyclical,Auto Manufacturers,562,,-,68027,0
12/31/2024,NGS,Balanced Growth,LISTED EQUITY,1,"FRANKLIN RESOURCES, INC.",-,BEN US,BB Ticker,United States,Financial Services,Asset Management,2071,,-,67869,0
12/31/2024,NGS,Balanced Growth,LISTED EQUITY,1,NEXON CO. LTD.,-,3659 JP,BB Ticker,Japan,Technology,Computer Hardware,2764,,-,67509,0
12/31/2024,NGS,Balanced Growth,LISTED EQUITY,1,SECURITAS AB,-,SECUB SS,BB Ticker,Sweden,,,3351,,-,67054,0
12/31/2024,NGS,Balanced Growth,LISTED EQUITY,1,SYENSQO SA,-,SYENS BB,BB Ticker,Belgium,,,568,,-,67032,0
12/31/2024,NGS,Balanced Growth,LISTED EQUITY,1,KURITA WATER INDUSTRIES LTD.,-,6370 JP,BB Ticker,Japan,Industrials,Pollution & Treatment Controls,1175,,-,66932,0
12/31/2024,NGS,Balanced Growth,LISTED EQUITY,1,GLOBAL-E ONLINE LTD.,-,GLBE US,BB Ticker,United States,Consumer Cyclical,Internet Retail,753,,-,66278,0
12/31/2024,NGS,Balanced Growth,LISTED EQUITY,1,"NIPPON EXPRESS HOLDINGS, INC.",-,9147 JP,BB Ticker,Japan,Industrials,Integrated Freight & Logistics,2695,,-,66278,0
12/31/2024,NGS,Balanced Growth,LISTED EQUITY,1,WESTLAKE CORP.,-,WLK US,BB Ticker,United States,Basic Materials,Specialty Chemicals,357,,-,66156,0
12/31/2024,NGS,Balanced Growth,LISTED EQUITY,1,ISRAEL DISCOUNT BANK LTD.,-,DSCT IT,BB Ticker,Israel,Financial Services,Banks - Regional,5971,,-,65952,0
12/31/2024,NGS,Balanced Growth,LISTED EQUITY,1,DELIVERY HERO SE,-,DHER GR,BB Ticker,Germany,Consumer Cyclical,Internet Retail,1449,,-,65727,0
12/31/2024,NGS,Balanced Growth,LISTED EQUITY,1,"VAIL RESORTS, INC.",-,MTN US,BB Ticker,United States,Consumer Cyclical,Resorts & Casinos,216,,-,65484,0
12/31/2024,NGS,Balanced Growth,LISTED EQUITY,1,TELE2 AB,-,TEL2B SS,BB Ticker,Sweden,Communication Services,Telecom Services,4074,,-,65054,0
12/31/2024,NGS,Balanced Growth,LISTED EQUITY,1,SOUTHWEST AIRLINES CO.,-,LUV US,BB Ticker,United States,Industrials,Airlines,1198,,-,65028,0
12/31/2024,NGS,Balanced Growth,LISTED EQUITY,1,ZENSHO HOLDINGS CO. LTD.,-,7550 JP,BB Ticker,Japan,Consumer Cyclical,Restaurants,691,,-,63660,0
12/31/2024,NGS,Balanced Growth,LISTED EQUITY,1,HOLMEN AB,-,HOLMB SS,BB Ticker,Sweden,Basic Materials,Paper & Paper Products,1054,,-,62572,0
12/31/2024,NGS,Balanced Growth,LISTED EQUITY,1,LOTUS BAKERIES NV,-,LOTB BB,BB Ticker,Belgium,Consumer Defensive,Packaged Foods,3,,-,62294,0
12/31/2024,NGS,Balanced Growth,LISTED EQUITY,1,BEIJER REF AB,-,BEIJB SS,BB Ticker,Sweden,Industrials,Industrial Distribution,2609,,-,62193,0
12/31/2024,NGS,Balanced Growth,LISTED EQUITY,1,WEST FRASER TIMBER CO. LTD.,-,WFG CN,BB Ticker,Canada,Basic Materials,Lumber & Wood Production,439,,-,61473,0
12/31/2024,NGS,Balanced Growth,LISTED EQUITY,1,CONCORDIA FINANCIAL GROUP LTD.,-,7186 JP,SEDOL,Japan,,,6841,,-,61244,0
12/31/2024,NGS,Balanced Growth,LISTED EQUITY,1,"TOKYO ELECTRIC POWER CO. HOLDINGS, INC.",-,9501 JP,BB Ticker,Japan,Consumer Defensive,Household & Personal Products,12508,,-,61057,0
12/31/2024,NGS,Balanced Growth,LISTED EQUITY,1,ASR NEDERLAND NV,-,ASRNL NA,BB Ticker,Netherlands,,,795,,-,60845,0
12/31/2024,NGS,Balanced Growth,LISTED EQUITY,1,"BIO-RAD LABORATORIES, INC.",-,BIO US,BB Ticker,United States,Healthcare,Medical Devices,114,,-,60497,0
12/31/2024,NGS,Balanced Growth,LISTED EQUITY,1,INVESTMENT AB LATOUR,-,LATOB SS,BB Ticker,Sweden,,,1499,,-,60448,0
12/31/2024,NGS,Balanced Growth,LISTED EQUITY,1,INDUSTRIVARDEN AB,-,INDUC SS,BB Ticker,Sweden,,,1175,,-,59947,0
12/31/2024,NGS,Balanced Growth,LISTED EQUITY,1,TOKYU CORP.,-,9005 JP,BB Ticker,Japan,Consumer Cyclical,Department Stores,3455,,-,59938,0
12/31/2024,NGS,Balanced Growth,LISTED EQUITY,1,SEKISUI CHEMICAL CO. LTD.,-,4204 JP,BB Ticker,Japan,Industrials,Conglomerates,2142,,-,59771,0
12/31/2024,NGS,Balanced Growth,LISTED EQUITY,1,"ESSENTIAL UTILITIES, INC.",-,WTRG US,BB Ticker,United States,Utilities,Utilities - Regulated Water,1017,,-,59670,0
12/31/2024,NGS,Balanced Growth,LISTED EQUITY,1,PUMA SE,-,PUM GR,BB Ticker,Germany,Healthcare,Biotechnology,801,,-,59420,0
12/31/2024,NGS,Balanced Growth,LISTED EQUITY,1,"AGC, INC.",-,5201 JP,BB Ticker,Japan,Industrials,Conglomerates,1244,,-,59122,0
12/31/2024,NGS,Balanced Growth,LISTED EQUITY,1,UNITED UTILITIES GROUP PLC,-,UU LN,BB Ticker,United Kingdom,Energy,Uranium,2747,,-,58424,0
12/31/2024,NGS,Balanced Growth,LISTED EQUITY,1,SIG GROUP AG,-,SIGN SW,BB Ticker,Switzerland,Consumer Cyclical,Luxury Goods,1829,,-,58288,0
12/31/2024,NGS,Balanced Growth,LISTED EQUITY,1,HOSHIZAKI CORP.,-,6465 JP,BB Ticker,Japan,Industrials,Specialty Industrial Machinery,898,,-,57831,0
12/31/2024,NGS,Balanced Growth,LISTED EQUITY,1,ADECCO GROUP AG,-,ADEN SW,BB Ticker,Switzerland,Industrials,Industrial Distribution,1447,,-,57664,0
12/31/2024,NGS,Balanced Growth,LISTED EQUITY,1,AGEAS SA,-,AGS BB,BB Ticker,Belgium,Financial Services,Insurance - Diversified,726,,-,56968,0
12/31/2024,NGS,Balanced Growth,LISTED EQUITY,1,SUNTORY BEVERAGE & FOOD LTD.,-,2587 JP,BB Ticker,Japan,Consumer Defensive,Beverages - Non-Alcoholic,1106,,-,56961,0
12/31/2024,NGS,Balanced Growth,LISTED EQUITY,1,"DESCARTES SYSTEMS GROUP, INC.",-,DSG CN,BB Ticker,Canada,Technology,Software - Application,310,,-,56936,0
12/31/2024,NGS,Balanced Growth,LISTED EQUITY,1,ELEMENT FLEET MANAGEMENT CORP.,-,EFN CN,BB Ticker,Canada,Healthcare,Medical Devices,1730,,-,56470,0
12/31/2024,NGS,Balanced Growth,LISTED EQUITY,1,SAVOLA GROUP,-,SAVOLA AB,BB Ticker,Saudi Arabia,Consumer Defensive,Packaged Foods,3549,,-,55990,0
12/31/2024,NGS,Balanced Growth,LISTED EQUITY,1,REXEL SA,-,RXL FP,BB Ticker,France,,,1348,,-,55469,0
12/31/2024,NGS,Balanced Growth,LISTED EQUITY,1,HKT TRUST & HKT LTD.,-,6823 HK,BB Ticker,Hong Kong,Healthcare,Medical Devices,27641,,-,55173,0
12/31/2024,NGS,Balanced Growth,LISTED EQUITY,1,JERONIMO MARTINS SGPS SA,-,JMT PL,BB Ticker,Portugal,Basic Materials,Specialty Chemicals,1770,,-,54630,0
12/31/2024,NGS,Balanced Growth,LISTED EQUITY,1,TMX GROUP LTD.,-,X CN,BB Ticker,Canada,,,1088,,-,54122,0
12/31/2024,NGS,Balanced Growth,LISTED EQUITY,1,TEMENOS AG,-,TEMN SW,BB Ticker,Switzerland,Technology,Software - Application,468,,-,53445,0
12/31/2024,NGS,Balanced Growth,LISTED EQUITY,1,NIPPON SANSO HOLDINGS CORP.,-,4091 JP,SEDOL,Japan,,,1175,,-,53410,0
12/31/2024,NGS,Balanced Growth,LISTED EQUITY,1,"GILDAN ACTIVEWEAR, INC.",-,GIL CN,BB Ticker,Canada,Consumer Cyclical,Apparel Manufacturing,700,,-,53182,0
12/31/2024,NGS,Balanced Growth,LISTED EQUITY,1,BALOISE HOLDING AG,-,BALN SW,BB Ticker,Switzerland,,,180,,-,52546,0
12/31/2024,NGS,Balanced Growth,LISTED EQUITY,1,LEG IMMOBILIEN SE,-,LEG GR,BB Ticker,Germany,Consumer Cyclical,"Furnishings, Fixtures & Appliances",382,,-,52280,0
12/31/2024,NGS,Balanced Growth,LISTED EQUITY,1,HELVETIA HOLDING AG,-,HELN SW,BB Ticker,Switzerland,Financial Services,Insurance - Diversified,193,,-,51335,0
12/31/2024,NGS,Balanced Growth,LISTED EQUITY,1,KOBE BUSSAN CO. LTD.,-,3038 JP,BB Ticker,Japan,Healthcare,Medical Instruments & Supplies,1451,,-,51303,0
12/31/2024,NGS,Balanced Growth,LISTED EQUITY,1,"SBI HOLDINGS, INC.",-,8473 JP,BB Ticker,Japan,Industrials,Waste Management,1244,,-,50902,0
12/31/2024,NGS,Balanced Growth,LISTED EQUITY,1,NEMETSCHEK SE,-,NEM GR,BB Ticker,Germany,Basic Materials,Gold,321,,-,50302,0
12/31/2024,NGS,Balanced Growth,LISTED EQUITY,1,"HIKARI TSUSHIN, INC.",-,9435 JP,BB Ticker,Japan,Industrials,Conglomerates,138,,-,48973,0
12/31/2024,NGS,Balanced Growth,LISTED EQUITY,1,MCDONALD'S HOLDINGS CO. JAPAN LTD.,-,2702 JP,BB Ticker,Japan,Consumer Cyclical,Restaurants,760,,-,48356,0
12/31/2024,NGS,Balanced Growth,LISTED EQUITY,1,"SAPUTO, INC.",-,SAP CN,BB Ticker,Canada,Technology,Software - Application,1706,,-,47882,0
12/31/2024,NGS,Balanced Growth,LISTED EQUITY,1,MIZRAHI TEFAHOT BANK LTD.,-,MZTF IT,BB Ticker,Israel,Financial Services,Banks - Regional,679,,-,47455,0
12/31/2024,NGS,Balanced Growth,LISTED EQUITY,1,BKW AG,-,BKW SW,BB Ticker,Switzerland,Utilities,Utilities - Renewable,177,,-,47355,0
12/31/2024,NGS,Balanced Growth,LISTED EQUITY,1,VERBUND AG,-,VER AV,BB Ticker,Austria,Communication Services,Telecom Services,400,,-,46842,0
12/31/2024,NGS,Balanced Growth,LISTED EQUITY,1,"MITSUI CHEMICALS, INC.",-,4183 JP,BB Ticker,Japan,Healthcare,Medical Devices,1313,,-,46822,0
12/31/2024,NGS,Balanced Growth,LISTED EQUITY,1,LKQ CORP.,-,LKQ US,BB Ticker,United States,Consumer Cyclical,Auto Parts,777,,-,46144,0
12/31/2024,NGS,Balanced Growth,LISTED EQUITY,1,HALMA PLC,-,HLMA LN,BB Ticker,United Kingdom,Industrials,Conglomerates,832,,-,45255,0
12/31/2024,NGS,Balanced Growth,LISTED EQUITY,1,JDE PEET'S NV,-,JDEP NA,BB Ticker,Netherlands,Consumer Defensive,Packaged Foods,1609,,-,44474,0
12/31/2024,NGS,Balanced Growth,LISTED EQUITY,1,FUTU HOLDINGS LTD.,-,FUTU US,BB Ticker,United States,Financial Services,Capital Markets,342,,-,44192,0
12/31/2024,NGS,Balanced Growth,LISTED EQUITY,1,HENDERSON LAND DEVELOPMENT CO. LTD.,-,12 HK,BB Ticker,Hong Kong,,,8983,,-,44081,0
12/31/2024,NGS,Balanced Growth,LISTED EQUITY,1,SG HOLDINGS CO. LTD.,-,9143 JP,BB Ticker,Japan,Industrials,Integrated Freight & Logistics,2833,,-,43850,0
12/31/2024,NGS,Balanced Growth,LISTED EQUITY,1,RICOH CO. LTD.,-,7752 JP,BB Ticker,Japan,Utilities,Utilities - Renewable,2350,,-,43740,0
12/31/2024,NGS,Balanced Growth,LISTED EQUITY,1,BARRATT REDROW PLC,-,BTRW LN,BB Ticker,United Kingdom,Consumer Cyclical,Residential Construction,4852,,-,43198,0
12/31/2024,NGS,Balanced Growth,LISTED EQUITY,1,ORACLE CORP. JAPAN,-,4716 JP,BB Ticker,Japan,Technology,Software - Infrastructure,276,,-,43051,0
12/31/2024,NGS,Balanced Growth,LISTED EQUITY,1,RATIONAL AG,-,RAA GR,BB Ticker,Germany,,,31,,-,42854,0
12/31/2024,NGS,Balanced Growth,LISTED EQUITY,1,ENDEAVOUR MINING PLC,-,EDV LN,BB Ticker,United Kingdom,,,1460,,-,42088,0
12/31/2024,NGS,Balanced Growth,LISTED EQUITY,1,TOROMONT INDUSTRIES LTD.,-,TIH CN,BB Ticker,Canada,,,330,,-,42066,0
12/31/2024,NGS,Balanced Growth,LISTED EQUITY,1,DEMANT AS,-,DEMANT DC,BB Ticker,Denmark,Healthcare,Medical Devices,706,,-,41806,0
12/31/2024,NGS,Balanced Growth,LISTED EQUITY,1,AUSTRALIAN VINTAGE LTD.,-,AVG AU,BB Ticker,Australia,Technology,Semiconductors,297114,,-,41596,0
12/31/2024,NGS,Balanced Growth,LISTED EQUITY,1,PERSIMMON PLC,-,PSN LN,BB Ticker,United Kingdom,Technology,Information Technology Services,1702,,-,41245,0
12/31/2024,NGS,Balanced Growth,LISTED EQUITY,1,WHARF HOLDINGS LTD.,-,4 HK,BB Ticker,Hong Kong,,,8983,,-,40812,0
12/31/2024,NGS,Balanced Growth,LISTED EQUITY,1,FASTIGHETS AB BALDER,-,BALDB SS,BB Ticker,Sweden,,,3614,,-,40573,0
12/31/2024,NGS,Balanced Growth,LISTED EQUITY,1,GRASIM INDUSTRIES LTD.,-,GRASIMPP IN,BB Ticker,India,,,1236,,-,40563,0
12/31/2024,NGS,Balanced Growth,LISTED EQUITY,1,FORTUM OYJ,-,FORTUM FH,BB Ticker,Finland,Utilities,Utilities - Renewable,1750,,-,39565,0
12/31/2024,NGS,Balanced Growth,LISTED EQUITY,1,ROCKWOOL AS,-,ROCKB DC,BB Ticker,Denmark,Industrials,Building Products & Equipment,68,,-,38760,0
12/31/2024,NGS,Balanced Growth,LISTED EQUITY,1,CHIBA BANK LTD.,-,8331 JP,BB Ticker,Japan,Basic Materials,Other Industrial Metals & Mining,3041,,-,38200,0
12/31/2024,NGS,Balanced Growth,LISTED EQUITY,1,SINGAPORE AIRLINES LTD.,-,SIA SP,BB Ticker,Singapore,Industrials,Airlines,4906,,-,37409,0
12/31/2024,NGS,Balanced Growth,LISTED EQUITY,1,DAVIDE CAMPARI-MILANO NV,-,CPR IM,BB Ticker,Italy,Industrials,Specialty Business Services,3676,,-,36994,0
12/31/2024,NGS,Balanced Growth,LISTED EQUITY,1,KNORR-BREMSE AG,-,KBX GR,BB Ticker,Germany,Basic Materials,Other Industrial Metals & Mining,314,,-,36994,0
12/31/2024,NGS,Balanced Growth,LISTED EQUITY,1,YARA INTERNATIONAL ASA,-,YAR NO,BB Ticker,Belgium,Financial Services,Banks - Regional,842,,-,36004,0
12/31/2024,NGS,Balanced Growth,LISTED EQUITY,1,"TIS, INC.",-,3626 JP,BB Ticker,Japan,Industrials,Specialty Business Services,898,,-,34501,0
12/31/2024,NGS,Balanced Growth,LISTED EQUITY,1,JD SPORTS FASHION PLC,-,JD LN,BB Ticker,United Kingdom,Consumer Cyclical,Internet Retail,17650,,-,34239,0
12/31/2024,NGS,Balanced Growth,LISTED EQUITY,1,"SHIZUOKA FINANCIAL GROUP, INC.",-,5831 JP,BB Ticker,Japan,Financial Services,Banks - Regional,2557,,-,33752,0
12/31/2024,NGS,Balanced Growth,LISTED EQUITY,1,RECORDATI INDUSTRIA CHIMICA E FARMACEUTICA SPA,-,REC IM,BB Ticker,Italy,Energy,Oil & Gas E&P,388,,-,32866,0
12/31/2024,NGS,Balanced Growth,LISTED EQUITY,1,TOTO LTD.,-,5332 JP,BB Ticker,Japan,Industrials,Building Products & Equipment,829,,-,32426,0
12/31/2024,NGS,Balanced Growth,LISTED EQUITY,1,GENTING SINGAPORE LTD.,-,GENS SP,BB Ticker,Singapore,Healthcare,Biotechnology,35796,,-,32420,0
12/31/2024,NGS,Balanced Growth,LISTED EQUITY,1,OTSUKA CORP.,-,4768 JP,BB Ticker,Japan,Technology,Information Technology Services,829,,-,30756,0
12/31/2024,NGS,Balanced Growth,LISTED EQUITY,1,"M3, INC.",-,2413 JP,BB Ticker,Japan,,,2142,,-,30755,0
12/31/2024,NGS,Balanced Growth,LISTED EQUITY,1,CK INFRASTRUCTURE HOLDINGS LTD.,-,1038 HK,BB Ticker,Hong Kong,Utilities,Utilities - Regulated Electric,2419,,-,29041,0
12/31/2024,NGS,Balanced Growth,LISTED EQUITY,1,JAPAN POST INSURANCE CO. LTD.,-,7181 JP,BB Ticker,Japan,Technology,Information Technology Services,967,,-,28903,0
12/31/2024,NGS,Balanced Growth,LISTED EQUITY,1,METSO OYJ,-,METSO FH,BB Ticker,Finland,Industrials,Farm & Heavy Construction Machinery,1907,,-,28644,0
12/31/2024,NGS,Balanced Growth,LISTED EQUITY,1,ONEX CORP.,-,ONEX CN,BB Ticker,Canada,Financial Services,Asset Management,225,,-,28319,0
12/31/2024,NGS,Balanced Growth,LISTED EQUITY,1,ICL GROUP LTD.,-,ICL IT,BB Ticker,Israel,Basic Materials,Agricultural Inputs,3450,,-,27530,0
12/31/2024,NGS,Balanced Growth,LISTED EQUITY,1,STORA ENSO OYJ,-,STERV FH,BB Ticker,Finland,Basic Materials,Paper & Paper Products,1637,,-,26607,0
12/31/2024,NGS,Balanced Growth,LISTED EQUITY,1,BERKELEY GROUP HOLDINGS PLC,-,BKG LN,BB Ticker,United Kingdom,Industrials,Engineering & Construction,308,,-,24259,0
12/31/2024,NGS,Balanced Growth,LISTED EQUITY,1,MERIDIAN ENERGY LTD.,-,MEL NZ,BB Ticker,New Zealand,Consumer Cyclical,Internet Retail,4294,,-,22964,0
12/31/2024,NGS,Balanced Growth,LISTED EQUITY,1,AEROPORTS DE PARIS SA,-,ADP FP,BB Ticker,France,Technology,Software - Application,122,,-,22850,0
12/31/2024,NGS,Balanced Growth,LISTED EQUITY,1,TELECOM ITALIA SPA,-,TIT IM,BB Ticker,Italy,Healthcare,Biotechnology,55199,,-,22765,0
12/31/2024,NGS,Balanced Growth,LISTED EQUITY,1,NEXI SPA,-,NEXI IM,BB Ticker,Italy,Healthcare,Biotechnology,2517,,-,22561,0
12/31/2024,NGS,Balanced Growth,LISTED EQUITY,1,BANQUE CANTONALE VAUDOISE,-,BCVN SW,BB Ticker,Switzerland,Financial Services,Banks - Regional,149,,-,22212,0
12/31/2024,NGS,Balanced Growth,LISTED EQUITY,1,INFRASTRUTTURE WIRELESS ITALIANE SPA,-,INW IM,BB Ticker,Italy,Industrials,Building Products & Equipment,1288,,-,21144,0
12/31/2024,NGS,Balanced Growth,LISTED EQUITY,1,AMPLIFON SPA,-,AMP IM,BB Ticker,Italy,Financial Services,Asset Management,489,,-,20305,0
12/31/2024,NGS,Balanced Growth,LISTED EQUITY,1,CLARIANT AG,-,CLN SW,BB Ticker,Switzerland,Energy,Oil & Gas Refining & Marketing,1109,,-,19944,0
12/31/2024,NGS,Balanced Growth,LISTED EQUITY,1,"CCL INDUSTRIES, INC.",-,CCLB CN,BB Ticker,Canada,,,225,,-,18709,0
12/31/2024,NGS,Balanced Growth,LISTED EQUITY,1,SCHRODERS PLC,-,SDR LN,BB Ticker,United Kingdom,Energy,Oil & Gas Drilling,2788,,-,18247,0
12/31/2024,NGS,Balanced Growth,LISTED EQUITY,1,CARL ZEISS MEDITEC AG,-,AFX GR,BB Ticker,Germany,Healthcare,Medical Instruments & Supplies,210,,-,15993,0
12/31/2024,NGS,Balanced Growth,LISTED EQUITY,1,WEST JAPAN RAILWAY CO.,-,9021 JP,BB Ticker,Japan,Industrials,Railroads,553,,-,15891,0
12/31/2024,NGS,Balanced Growth,LISTED EQUITY,1,EISAI CO. LTD.,-,4523 JP,BB Ticker,Japan,,,346,,-,15372,0
12/31/2024,NGS,Balanced Growth,LISTED EQUITY,1,SALMAR ASA,-,SALM NO,BB Ticker,Belgium,Communication Services,Broadcasting,199,,-,15297,0
12/31/2024,NGS,Balanced Growth,LISTED EQUITY,1,SEMBCORP INDUSTRIES LTD.,-,SCI SP,BB Ticker,Singapore,Consumer Cyclical,Personal Services,2280,,-,14903,0
12/31/2024,NGS,Balanced Growth,LISTED EQUITY,1,ACCOR SA,-,AC FP,BB Ticker,France,Financial Services,Asset Management,186,,-,14624,0
12/31/2024,NGS,Balanced Growth,LISTED EQUITY,1,SWISS PRIME SITE AG,-,SPSN SW,BB Ticker,Switzerland,Real Estate,Real Estate - Diversified,68,,-,12046,0
12/31/2024,NGS,Balanced Growth,LISTED EQUITY,1,MERCURY NZ LTD.,-,MCY NZ,BB Ticker,New Zealand,Financial Services,Insurance - Property & Casualty,1424,,-,7535,0
12/31/2024,NGS,Balanced Growth,LISTED EQUITY,1,ELIA GROUP SA,-,ELI BB,BB Ticker,Belgium,Healthcare,Drug Manufacturers - General,53,,-,6535,0
12/31/2024,NGS,Balanced Growth,LISTED EQUITY,1,EDP RENOVAVEIS SA,-,EDPR PL,BB Ticker,Portugal,Utilities,Utilities - Renewable,351,,-,5895,0
12/31/2024,NGS,Balanced Growth,LISTED EQUITY,1,ELISA OYJ,-,ELISA FH,BB Ticker,Finland,Communication Services,Telecom Services,7,,-,483,0
12/31/2024,NGS,Balanced Growth,LISTED EQUITY,1,AVOLTA AG,-,AVOL SW,BB Ticker,Switzerland,Consumer Cyclical,Specialty Retail,3,,-,224,0
12/31/2024,NGS,Balanced Growth,LISTED EQUITY,1,VOLVO CAR AB,-,VOLCARB SS,BB Ticker,Sweden,,,38,,-,133,0
12/31/2024,NGS,Balanced Growth,LISTED EQUITY,1,CRH PLC,-,CRH LN,BB Ticker,United Kingdom,Basic Materials,Building Materials,1,,-,104,0
12/31/2024,NGS,Balanced Growth,LISTED EQUITY,1,POLESTAR AUTOMOTIVE HOLDING U.K. PLC,-,PSNY US,BB Ticker,United States,Consumer Cyclical,Auto Manufacturers,6,,-,11,0
12/31/2024,NGS,Balanced Growth,LISTED EQUITY,1,"ABIOMED, INC.",-,2223637D US,BB Ticker,United States,,,330,,-,0,0
12/31/2024,NGS,Balanced Growth,LISTED EQUITY,1,GMK NORILSKIY NICKEL PAO,-,GMKN RM,BB Ticker,Russia,,,108769,,-,0,0
12/31/2024,NGS,Balanced Growth,LISTED EQUITY,1,LUKOIL PJSC,-,LKOH RM,BB Ticker,Russia,,,18131,,-,0,0
12/31/2024,NGS,Balanced Growth,LISTED EQUITY,1,NOVATEK PJSC,-,NVTK RU,BB Ticker,Russia,,,17479,,-,0,0
12/31/2024,NGS,Balanced Growth,LISTED EQUITY,1,POLYUS PJSC,-,PLZL RU,BB Ticker,Russia,,,1691,,-,0,0
12/31/2024,NGS,Balanced Growth,LISTED EQUITY,1,SISTEMA AFK PAO,-,AFKS RM,BB Ticker,Russia,,,864113,,-,0,0
12/31/2024,NGS,Balanced Growth,LISTED EQUITY,1,SUB TOTAL,,,,,,,,,,5188362092,0.4972
12/31/2024,NGS,Balanced Growth,UNLISTED EQUITY,0,ORICELL THERAPEUTICS CO. LTD.,-,,,,,,,,-,,
12/31/2024,NGS,Balanced Growth,UNLISTED EQUITY,0,UNITED HYDROCARBON INTERNATIONAL CORP.,-,,,,,,,,-,,
12/31/2024,NGS,Balanced Growth,UNLISTED EQUITY,0,SUB TOTAL,,,,,,,,,,6567932,0.0006
12/31/2024,NGS,Balanced Growth,UNLISTED EQUITY,1,QIMING VENTURE PARTNERS,-,,,,,,,,-,279872725,0.0268
12/31/2024,NGS,Balanced Growth,UNLISTED EQUITY,1,GENERAL ATLANTIC INVESTMENT PARTNERS,-,,,,,,,,-,59763776,0.0057
12/31/2024,NGS,Balanced Growth,UNLISTED EQUITY,1,POTENTIA CAPITAL MANAGEMENT PTY LTD,-,,,,,,,,-,59497756,0.0057
12/31/2024,NGS,Balanced Growth,UNLISTED EQUITY,1,STILLBROOK CAPITAL LIMITED,-,,,,,,,,-,56972595,0.0055
12/31/2024,NGS,Balanced Growth,UNLISTED EQUITY,1,BLACKBIRD VENTURES PTY LIMITED,-,,,,,,,,-,52861653,0.0051
12/31/2024,NGS,Balanced Growth,UNLISTED EQUITY,1,ADAMANTEM CAPITAL MANAGEMENT PTY LTD,-,,,,,,,,-,37822431,0.0036
12/31/2024,NGS,Balanced Growth,UNLISTED EQUITY,1,CHALLENGER INVESTMENT SOLUTIONS MANAGEMENT PTY LTD,-,,,,,,,,-,35320873,0.0034
12/31/2024,NGS,Balanced Growth,UNLISTED EQUITY,1,MAIN SEQUENCE VENTURES,-,,,,,,,,-,32056769,0.0031
12/31/2024,NGS,Balanced Growth,UNLISTED EQUITY,1,SIGULER GUFF,-,,,,,,,,-,31713980,0.003
12/31/2024,NGS,Balanced Growth,UNLISTED EQUITY,1,QIC LIMITED,-,,,,,,,,-,25205492,0.0024
12/31/2024,NGS,Balanced Growth,UNLISTED EQUITY,1,ARDIAN FRANCE S.A.,-,,,,,,,,-,24763069,0.0024
12/31/2024,NGS,Balanced Growth,UNLISTED EQUITY,1,ALLEGRO FUNDS PTY LTD,-,,,,,,,,-,23028889,0.0022
12/31/2024,NGS,Balanced Growth,UNLISTED EQUITY,1,LGT CAPITAL PARTNERS,-,,,,,,,,-,17241322,0.0017
12/31/2024,NGS,Balanced Growth,UNLISTED EQUITY,1,HARBOURVEST PARTNERS LLC,-,,,,,,,,-,13482425,0.0013
12/31/2024,NGS,Balanced Growth,UNLISTED EQUITY,1,AUDAX MANAGEMENT COMPANY LLC,-,,,,,,,,-,12979589,0.0012
12/31/2024,NGS,Balanced Growth,UNLISTED EQUITY,1,LIGHTROCK LLP,-,,,,,,,,-,9742764,0.0009
12/31/2024,NGS,Balanced Growth,UNLISTED EQUITY,1,INDUSTRY SUPER HOLDINGS PTY LTD,-,,,,,,,,-,5053067,0.0005
12/31/2024,NGS,Balanced Growth,UNLISTED EQUITY,1,ROC CAPITAL PTY LIMITED,-,,,,,,,,-,1132898,0.0001
12/31/2024,NGS,Balanced Growth,UNLISTED EQUITY,1,UBS SECURITIES AUSTRALIA LIMITED,-,,,,,,,,-,832447,0.0001
12/31/2024,NGS,Balanced Growth,UNLISTED EQUITY,1,MACQUARIE INVESTMENT MANAGEMENT LTD,-,,,,,,,,-,803640,0.0001
12/31/2024,NGS,Balanced Growth,UNLISTED EQUITY,1,NEWBURY PARTNERS LLC,-,,,,,,,,-,650925,0.0001
12/31/2024,NGS,Balanced Growth,UNLISTED EQUITY,1,STAFFORD CAPITAL PARTNERS,-,,,,,,,,-,488061,0
12/31/2024,NGS,Balanced Growth,UNLISTED EQUITY,1,WILSHIRE,-,,,,,,,,-,337337,0
12/31/2024,NGS,Balanced Growth,UNLISTED EQUITY,1,CONTINUITY CAPITAL PARTNERS PTY LIMITED,-,,,,,,,,-,272171,0
12/31/2024,NGS,Balanced Growth,UNLISTED EQUITY,1,IFM INVESTORS PTY LTD,-,,,,,,,,-,30882,0
12/31/2024,NGS,Balanced Growth,UNLISTED EQUITY,1,PANTHEON,-,,,,,,,,-,13424,0
12/31/2024,NGS,Balanced Growth,UNLISTED EQUITY,1,"OAKTREE CAPITAL MANAGEMENT, L.P.",-,,,,,,,,-,5007,0
12/31/2024,NGS,Balanced Growth,UNLISTED EQUITY,1,SUB TOTAL,,,,,,,,,,781945967,0.0749
12/31/2024,NGS,Balanced Growth,LISTED PROPERTY,1,GOODMAN GROUP,-,GMG AU,BB Ticker,Australia,Basic Materials,Specialty Chemicals,1834511,,-,65381952,0.0063
12/31/2024,NGS,Balanced Growth,LISTED PROPERTY,1,SCENTRE GROUP,-,SCG AU,BB Ticker,Australia,Financial Services,Banks - Regional,3848669,,-,13200933,0.0013
12/31/2024,NGS,Balanced Growth,LISTED PROPERTY,1,VICINITY LTD.,-,VCX AU,BB Ticker,Australia,,,5121139,,-,10754390,0.001
12/31/2024,NGS,Balanced Growth,LISTED PROPERTY,1,STOCKLAND,-,SGP AU,BB Ticker,Australia,Consumer Defensive,Food Distribution,1865669,,-,8955212,0.0009
12/31/2024,NGS,Balanced Growth,LISTED PROPERTY,1,GPT GROUP,-,GPT AU,BB Ticker,Australia,Healthcare,Medical Care Facilities,1650431,,-,7212384,0.0007
12/31/2024,NGS,Balanced Growth,LISTED PROPERTY,1,CENTURIA CAPITAL GROUP,-,CNI AU,BB Ticker,Australia,Industrials,Railroads,3911441,,-,6942808,0.0007
12/31/2024,NGS,Balanced Growth,LISTED PROPERTY,1,"EQUINIX, INC.",-,EQIX US,BB Ticker,United States,Real Estate,REIT - Specialty,3829,,-,5830963,0.0006
12/31/2024,NGS,Balanced Growth,LISTED PROPERTY,1,"WELLTOWER, INC.",-,WELL US,BB Ticker,United States,Real Estate,REIT - Healthcare Facilities,27639,,-,5625942,0.0005
12/31/2024,NGS,Balanced Growth,LISTED PROPERTY,1,"PROLOGIS, INC.",-,PLD US,BB Ticker,United States,Real Estate,REIT - Industrial,30651,,-,5232713,0.0005
12/31/2024,NGS,Balanced Growth,LISTED PROPERTY,1,"SIMON PROPERTY GROUP, INC.",-,SPG US,BB Ticker,United States,Real Estate,REIT - Retail,18794,,-,5227363,0.0005
12/31/2024,NGS,Balanced Growth,LISTED PROPERTY,1,CHARTER HALL GROUP,-,CHC AU,BB Ticker,Australia,Real Estate,REIT - Healthcare Facilities,349788,,-,5019471,0.0005
12/31/2024,NGS,Balanced Growth,LISTED PROPERTY,1,"DIGITAL REALTY TRUST, INC.",-,DLR US,BB Ticker,United States,Real Estate,REIT - Specialty,16490,,-,4723011,0.0005
12/31/2024,NGS,Balanced Growth,LISTED PROPERTY,1,"VENTAS, INC.",-,VTR US,BB Ticker,United States,Real Estate,REIT - Healthcare Facilities,49314,,-,4690495,0.0004
12/31/2024,NGS,Balanced Growth,LISTED PROPERTY,1,DEXUS,-,DXS AU,BB Ticker,Australia,Industrials,Waste Management,661525,,-,4405752,0.0004
12/31/2024,NGS,Balanced Growth,LISTED PROPERTY,1,CENTURIA INDUSTRIAL REIT,-,CIP AU,BB Ticker,Australia,Financial Services,Capital Markets,1477362,,-,4166161,0.0004
12/31/2024,NGS,Balanced Growth,LISTED PROPERTY,1,MIRVAC GROUP,-,MGR AU,BB Ticker,Australia,,,1955073,,-,3665764,0.0004
12/31/2024,NGS,Balanced Growth,LISTED PROPERTY,1,NATIONAL STORAGE REIT,-,NSR AU,BB Ticker,Australia,Consumer Defensive,Packaged Foods,1560606,,-,3651817,0.0003
12/31/2024,NGS,Balanced Growth,LISTED PROPERTY,1,HOTEL PROPERTY INVESTMENTS LTD.,-,HPI AU,BB Ticker,Australia,Financial Services,Asset Management,928573,,-,3482148,0.0003
12/31/2024,NGS,Balanced Growth,LISTED PROPERTY,1,"EXTRA SPACE STORAGE, INC.",-,EXR US,BB Ticker,United States,Real Estate,REIT - Industrial,14032,,-,3390292,0.0003
12/31/2024,NGS,Balanced Growth,LISTED PROPERTY,1,WAYPOINT REIT LTD.,-,WPR AU,BB Ticker,Australia,Consumer Cyclical,Auto Parts,1405696,,-,3275272,0.0003
12/31/2024,NGS,Balanced Growth,LISTED PROPERTY,1,HOMECO DAILY NEEDS REIT,-,HDN AU,BB Ticker,Australia,,,2734499,,-,3131002,0.0003
12/31/2024,NGS,Balanced Growth,LISTED PROPERTY,1,REGION RE LTD.,-,RGN AU,BB Ticker,Australia,Healthcare,Biotechnology,1438266,,-,2977211,0.0003
12/31/2024,NGS,Balanced Growth,LISTED PROPERTY,1,CHARTER HALL LONG WALE REIT,-,CLW AU,BB Ticker,Australia,Basic Materials,Paper & Paper Products,782060,,-,2924905,0.0003
12/31/2024,NGS,Balanced Growth,LISTED PROPERTY,1,MITSUI FUDOSAN CO. LTD.,-,8801 JP,BB Ticker,Japan,Real Estate,Real Estate - Diversified,205396,,-,2680741,0.0003
12/31/2024,NGS,Balanced Growth,LISTED PROPERTY,1,"IRON MOUNTAIN, INC.",-,IRM US,BB Ticker,United States,Real Estate,REIT - Specialty,15109,,-,2565022,0.0002
12/31/2024,NGS,Balanced Growth,LISTED PROPERTY,1,"AVALONBAY COMMUNITIES, INC.",-,AVB US,BB Ticker,United States,Real Estate,REIT - Residential,7203,,-,2559190,0.0002
12/31/2024,NGS,Balanced Growth,LISTED PROPERTY,1,"UDR, INC.",-,UDR US,BB Ticker,United States,Real Estate,REIT - Residential,33243,,-,2330747,0.0002
12/31/2024,NGS,Balanced Growth,LISTED PROPERTY,1,CAMDEN PROPERTY TRUST,-,CPT US,BB Ticker,United States,Real Estate,REIT - Residential,10538,,-,1974939,0.0002
12/31/2024,NGS,Balanced Growth,LISTED PROPERTY,1,"ESSEX PROPERTY TRUST, INC.",-,ESS US,BB Ticker,United States,Real Estate,REIT - Residential,4273,,-,1969512,0.0002
12/31/2024,NGS,Balanced Growth,LISTED PROPERTY,1,"ESSENTIAL PROPERTIES REALTY TRUST, INC.",-,EPRT US,BB Ticker,United States,Real Estate,REIT - Retail,38964,,-,1968488,0.0002
12/31/2024,NGS,Balanced Growth,LISTED PROPERTY,1,EQUITY RESIDENTIAL,-,EQR US,BB Ticker,United States,Real Estate,REIT - Residential,16393,,-,1900013,0.0002
12/31/2024,NGS,Balanced Growth,LISTED PROPERTY,1,HMC CAPITAL LTD.,-,HMC AU,BB Ticker,Australia,Consumer Cyclical,Auto Manufacturers,185141,,-,1825494,0.0002
12/31/2024,NGS,Balanced Growth,LISTED PROPERTY,1,AMERICAN TOWER CORP.,-,AMT US,BB Ticker,United States,Real Estate,REIT - Specialty,6004,,-,1778678,0.0002
12/31/2024,NGS,Balanced Growth,LISTED PROPERTY,1,ABACUS GROUP,-,ABG AU,BB Ticker,Australia,Consumer Cyclical,Auto & Truck Dealerships,1602373,,-,1762611,0.0002
12/31/2024,NGS,Balanced Growth,LISTED PROPERTY,1,"WP CAREY, INC.",-,WPC US,BB Ticker,United States,Real Estate,REIT - Diversified,18719,,-,1647095,0.0002
12/31/2024,NGS,Balanced Growth,LISTED PROPERTY,1,"VICI PROPERTIES, INC.",-,VICI US,BB Ticker,United States,Real Estate,REIT - Diversified,34069,,-,1607281,0.0002
12/31/2024,NGS,Balanced Growth,LISTED PROPERTY,1,AGREE REALTY CORP.,-,ADC US,BB Ticker,United States,Real Estate,REIT - Retail,13759,,-,1565502,0.0002
12/31/2024,NGS,Balanced Growth,LISTED PROPERTY,1,ABACUS STORAGE KING,-,ASK AU,BB Ticker,Australia,,,1389000,,-,1562625,0.0001
12/31/2024,NGS,Balanced Growth,LISTED PROPERTY,1,"AMERICOLD REALTY TRUST, INC.",-,COLD US,BB Ticker,United States,Real Estate,REIT - Industrial,41823,,-,1445537,0.0001
12/31/2024,NGS,Balanced Growth,LISTED PROPERTY,1,"CROWN CASTLE, INC.",-,CCI US,BB Ticker,United States,Real Estate,REIT - Specialty,9411,,-,1379572,0.0001
12/31/2024,NGS,Balanced Growth,LISTED PROPERTY,1,REGENCY CENTERS CORP.,-,REG US,BB Ticker,United States,Real Estate,REIT - Retail,10884,,-,1299608,0.0001
12/31/2024,NGS,Balanced Growth,LISTED PROPERTY,1,"VERIS RESIDENTIAL, INC.",-,VRE US,BB Ticker,United States,Real Estate,REIT - Residential,45389,,-,1219116,0.0001
12/31/2024,NGS,Balanced Growth,LISTED PROPERTY,1,CHARTWELL RETIREMENT RESIDENCES,-,CSHU CN,BB Ticker,Canada,,,71890,,-,1217469,0.0001
12/31/2024,NGS,Balanced Growth,LISTED PROPERTY,1,AMERICAN HOMES 4 RENT,-,AMH US,BB Ticker,United States,Real Estate,REIT - Residential,19901,,-,1202789,0.0001
12/31/2024,NGS,Balanced Growth,LISTED PROPERTY,1,REALTY INCOME CORP.,-,O US,BB Ticker,United States,Real Estate,REIT - Retail,13743,,-,1185457,0.0001
12/31/2024,NGS,Balanced Growth,LISTED PROPERTY,1,"INVITATION HOMES, INC.",-,INVH US,BB Ticker,United States,Real Estate,REIT - Residential,20092,,-,1037424,0.0001
12/31/2024,NGS,Balanced Growth,LISTED PROPERTY,1,"STAG INDUSTRIAL, INC.",-,STAG US,BB Ticker,United States,Real Estate,REIT - Industrial,18481,,-,1009464,0.0001
12/31/2024,NGS,Balanced Growth,LISTED PROPERTY,1,LINK REIT,-,823 HK,BB Ticker,Hong Kong,Financial Services,Insurance - Property & Casualty,135579,,-,926032,0.0001
12/31/2024,NGS,Balanced Growth,LISTED PROPERTY,1,"SUN COMMUNITIES, INC.",-,SUI US,BB Ticker,United States,Real Estate,REIT - Residential,4500,,-,893751,0.0001
12/31/2024,NGS,Balanced Growth,LISTED PROPERTY,1,"EQUITY LIFESTYLE PROPERTIES, INC.",-,ELS US,BB Ticker,United States,Real Estate,REIT - Residential,8006,,-,861187,0.0001
12/31/2024,NGS,Balanced Growth,LISTED PROPERTY,1,UNITE GROUP PLC,-,UTG LN,BB Ticker,United Kingdom,Financial Services,Asset Management,45244,,-,738087,0.0001
12/31/2024,NGS,Balanced Growth,LISTED PROPERTY,1,KLEPIERRE SA,-,LI FP,BB Ticker,France,Consumer Cyclical,Auto Manufacturers,13785,,-,640903,0.0001
12/31/2024,NGS,Balanced Growth,LISTED PROPERTY,1,BRITISH LAND CO. PLC,-,BLND LN,BB Ticker,United Kingdom,Technology,Software - Application,87673,,-,639140,0.0001
12/31/2024,NGS,Balanced Growth,LISTED PROPERTY,1,GRAINGER PLC,-,GRI LN,BB Ticker,United Kingdom,Healthcare,Biotechnology,131508,,-,598523,0.0001
12/31/2024,NGS,Balanced Growth,LISTED PROPERTY,1,SUN HUNG KAI PROPERTIES LTD.,-,16 HK,BB Ticker,Hong Kong,,,37762,,-,586120,0.0001
12/31/2024,NGS,Balanced Growth,LISTED PROPERTY,1,"AMERICAN HEALTHCARE REIT, INC.",-,AHR US,BB Ticker,United States,Real Estate,REIT - Healthcare Facilities,12710,,-,583431,0.0001
12/31/2024,NGS,Balanced Growth,LISTED PROPERTY,1,SHURGARD SELF STORAGE LTD.,-,SHUR BB,BB Ticker,Belgium,Real Estate,REIT - Specialty,9634,,-,577623,0.0001
12/31/2024,NGS,Balanced Growth,LISTED PROPERTY,1,PUBLIC STORAGE,-,PSA US,BB Ticker,United States,Real Estate,REIT - Industrial,1180,,-,570490,0.0001
12/31/2024,NGS,Balanced Growth,LISTED PROPERTY,1,EMBASSY OFFICE PARKS REIT,-,EMBASSY IN,BB Ticker,India,Real Estate,Real Estate - Diversified,69159,,-,482097,0
12/31/2024,NGS,Balanced Growth,LISTED PROPERTY,1,KILROY REALTY CORP.,-,KRC US,BB Ticker,United States,Real Estate,REIT - Office,7326,,-,478618,0
12/31/2024,NGS,Balanced Growth,LISTED PROPERTY,1,INVINCIBLE INVESTMENT CORP.,-,8963 JP,SEDOL,Japan,,,653,,-,444583,0
12/31/2024,NGS,Balanced Growth,LISTED PROPERTY,1,"LINEAGE, INC.",-,LINE US,BB Ticker,United States,Real Estate,REIT - Industrial,4316,,-,408247,0
12/31/2024,NGS,Balanced Growth,LISTED PROPERTY,1,"HOST HOTELS & RESORTS, INC.",-,HST US,BB Ticker,United States,Real Estate,REIT - Hotel & Motel,13907,,-,393517,0
12/31/2024,NGS,Balanced Growth,LISTED PROPERTY,1,SL GREEN REALTY CORP.,-,SLG US,BB Ticker,United States,Real Estate,REIT - Office,3391,,-,372002,0
12/31/2024,NGS,Balanced Growth,LISTED PROPERTY,1,KIMCO REALTY CORP.,-,KIM US,BB Ticker,United States,Real Estate,REIT - Retail,9801,,-,370864,0
12/31/2024,NGS,Balanced Growth,LISTED PROPERTY,1,"CARETRUST REIT, INC.",-,CTRE US,BB Ticker,United States,Real Estate,REIT - Healthcare Facilities,8081,,-,353030,0
12/31/2024,NGS,Balanced Growth,LISTED PROPERTY,1,BWP TRUST,-,BWP AU,BB Ticker,Australia,,,105576,,-,346288,0
12/31/2024,NGS,Balanced Growth,LISTED PROPERTY,1,GLP J-REIT,-,3281 JP,SEDOL,Japan,,,271,,-,344104,0
12/31/2024,NGS,Balanced Growth,LISTED PROPERTY,1,MERLIN PROPERTIES SOCIMI SA,-,MRL SM,BB Ticker,Spain,Real Estate,REIT - Office,19575,,-,332618,0
12/31/2024,NGS,Balanced Growth,LISTED PROPERTY,1,WEYERHAEUSER CO.,-,WY US,BB Ticker,United States,Real Estate,REIT - Specialty,7189,,-,326845,0
12/31/2024,NGS,Balanced Growth,LISTED PROPERTY,1,"NIPPON BUILDING FUND, INC.",-,8951 JP,BB Ticker,Japan,Real Estate,REIT - Office,245,,-,307878,0
12/31/2024,NGS,Balanced Growth,LISTED PROPERTY,1,MACERICH CO.,-,MAC US,BB Ticker,United States,Real Estate,REIT - Retail,9109,,-,293056,0
12/31/2024,NGS,Balanced Growth,LISTED PROPERTY,1,KEPPEL DC REIT,-,KDCREIT SP,BB Ticker,Singapore,,,111636,,-,288130,0
12/31/2024,NGS,Balanced Growth,LISTED PROPERTY,1,"MID-AMERICA APARTMENT COMMUNITIES, INC.",-,MAA US,BB Ticker,United States,Real Estate,REIT - Residential,1102,,-,275163,0
12/31/2024,NGS,Balanced Growth,LISTED PROPERTY,1,TRITAX BIG BOX REIT PLC,-,BBOX LN,BB Ticker,United Kingdom,Technology,Software - Application,98527,,-,264469,0
12/31/2024,NGS,Balanced Growth,LISTED PROPERTY,1,LAMAR ADVERTISING CO.,-,LAMR US,BB Ticker,United States,Real Estate,REIT - Specialty,1174,,-,230851,0
12/31/2024,NGS,Balanced Growth,LISTED PROPERTY,1,"ALEXANDRIA REAL ESTATE EQUITIES, INC.",-,ARE US,BB Ticker,United States,Real Estate,REIT - Office,1359,,-,214159,0
12/31/2024,NGS,Balanced Growth,LISTED PROPERTY,1,SAGAX AB,-,SAGAB SS,BB Ticker,Sweden,Real Estate,Real Estate Services,6423,,-,212361,0
12/31/2024,NGS,Balanced Growth,LISTED PROPERTY,1,"BROADSTONE NET LEASE, INC.",-,BNL US,BB Ticker,United States,Real Estate,REIT - Diversified,8116,,-,207908,0
12/31/2024,NGS,Balanced Growth,LISTED PROPERTY,1,JAPAN METROPOLITAN FUND INVEST,-,8953 JP,BB Ticker,Japan,Real Estate,REIT - Retail,215,,-,199186,0
12/31/2024,NGS,Balanced Growth,LISTED PROPERTY,1,"GAMING & LEISURE PROPERTIES, INC.",-,GLPI US,BB Ticker,United States,Real Estate,REIT - Specialty,2536,,-,197268,0
12/31/2024,NGS,Balanced Growth,LISTED PROPERTY,1,UNIBAIL-RODAMCO-WESTFIELD,-,URW FP,BB Ticker,France,Real Estate,REIT - Retail,1617,,-,196664,0
12/31/2024,NGS,Balanced Growth,LISTED PROPERTY,1,SBA COMMUNICATIONS CORP.,-,SBAC US,BB Ticker,United States,Real Estate,REIT - Specialty,539,,-,177420,0
12/31/2024,NGS,Balanced Growth,LISTED PROPERTY,1,GECINA SA,-,GFC FP,BB Ticker,France,Healthcare,Biotechnology,1154,,-,174469,0
12/31/2024,NGS,Balanced Growth,LISTED PROPERTY,1,WHARF REAL ESTATE INVESTMENT CO. LTD.,-,1997 HK,BB Ticker,Hong Kong,Industrials,Building Products & Equipment,41462,,-,171209,0
12/31/2024,NGS,Balanced Growth,LISTED PROPERTY,1,CAPITALAND INVESTMENT LTD.,-,CLI SP,BB Ticker,Singapore,,,51492,,-,159722,0
12/31/2024,NGS,Balanced Growth,LISTED PROPERTY,1,H&R REAL ESTATE INVESTMENT TRUST,-,HRU CN,BB Ticker,Canada,Healthcare,Medical Care Facilities,15067,,-,157025,0
12/31/2024,NGS,Balanced Growth,LISTED PROPERTY,1,FRASERS LOGISTICS & COMMERCIAL TRUST,-,FLT SP,BB Ticker,Singapore,Industrials,Aerospace & Defense,144047,,-,150077,0
12/31/2024,NGS,Balanced Growth,LISTED PROPERTY,1,"BXP, INC.",-,BXP US,BB Ticker,United States,Real Estate,REIT - Office,1133,,-,136109,0
12/31/2024,NGS,Balanced Growth,LISTED PROPERTY,1,COVIVIO SA,-,COV FP,BB Ticker,France,,,1466,,-,119581,0
12/31/2024,NGS,Balanced Growth,LISTED PROPERTY,1,SEGRO PLC,-,SGRO LN,BB Ticker,United Kingdom,Consumer Defensive,Farm Products,8422,,-,119460,0
12/31/2024,NGS,Balanced Growth,LISTED PROPERTY,1,"HEALTHPEAK PROPERTIES, INC.",-,DOC US,BB Ticker,United States,Real Estate,REIT - Healthcare Facilities,3490,,-,114271,0
12/31/2024,NGS,Balanced Growth,LISTED PROPERTY,1,"BRIXMOR PROPERTY GROUP, INC.",-,BRX US,BB Ticker,United States,Real Estate,REIT - Retail,1535,,-,69012,0
12/31/2024,NGS,Balanced Growth,LISTED PROPERTY,1,RIOCAN REAL ESTATE INVESTMENT TRUST,-,REIU CN,BB Ticker,Canada,,,3212,,-,65937,0
12/31/2024,NGS,Balanced Growth,LISTED PROPERTY,1,CAPITALAND INTEGRATED COMMERCIAL TRUST,-,CICT SP,BB Ticker,Singapore,Technology,Communication Equipment,26708,,-,61027,0
12/31/2024,NGS,Balanced Growth,LISTED PROPERTY,1,"ANNALY CAPITAL MANAGEMENT, INC.",-,NLY US,BB Ticker,United States,Real Estate,REIT - Mortgage,1916,,-,56638,0
12/31/2024,NGS,Balanced Growth,LISTED PROPERTY,1,CAPITALAND ASCENDAS REIT,-,CLAR SP,BB Ticker,Singapore,Consumer Cyclical,Leisure,14650,,-,44575,0
12/31/2024,NGS,Balanced Growth,LISTED PROPERTY,1,JAPAN REAL ESTATE INVESTMENT CORP.,-,8952 JP,SEDOL,Japan,,,38,,-,42145,0
12/31/2024,NGS,Balanced Growth,LISTED PROPERTY,1,LAND SECURITIES GROUP PLC,-,LAND LN,BB Ticker,United Kingdom,Real Estate,REIT - Specialty,3306,,-,39053,0
12/31/2024,NGS,Balanced Growth,LISTED PROPERTY,1,WAREHOUSES DE PAUW CVA,-,WDP BB,BB Ticker,Belgium,,,363,,-,11550,0
12/31/2024,NGS,Balanced Growth,LISTED PROPERTY,1,KILLAM APARTMENT REAL ESTATE INVESTMENT TRUST,-,KMPU CN,BB Ticker,Canada,Basic Materials,Specialty Chemicals,152,,-,2910,0
12/31/2024,NGS,Balanced Growth,LISTED PROPERTY,1,SUB TOTAL,,,,,,,,,,241589718,0.0232
12/31/2024,NGS,Balanced Growth,UNLISTED PROPERTY,0,SUB TOTAL,,,,,,,,,,0,0
12/31/2024,NGS,Balanced Growth,UNLISTED PROPERTY,1,FIFE CAPITAL MANAGEMENT LLC,-,,,,,,,,-,386640346,0.0371
12/31/2024,NGS,Balanced Growth,UNLISTED PROPERTY,1,LENDLEASE FUNDS MANAGEMENT LIMITED,-,,,,,,,,-,139669934,0.0134
12/31/2024,NGS,Balanced Growth,UNLISTED PROPERTY,1,FIFE CAPITAL GROUP PTY LIMITED,-,,,,,,,,-,64033183,0.0061
12/31/2024,NGS,Balanced Growth,UNLISTED PROPERTY,1,GPT FUND MANAGEMENT LIMITED,-,,,,,,,,-,57160263,0.0055
12/31/2024,NGS,Balanced Growth,UNLISTED PROPERTY,1,INVESCO AUSTRALIA LIMITED,-,,,,,,,,-,47979887,0.0046
12/31/2024,NGS,Balanced Growth,UNLISTED PROPERTY,1,CAMPUS LIVING VILLAGES PTY LIMITED,-,,,,,,,,-,33296604,0.0032
12/31/2024,NGS,Balanced Growth,UNLISTED PROPERTY,1,GODREJ FUND MANAGEMENT PVT. LTD,-,,,,,,,,-,19943075,0.0019
12/31/2024,NGS,Balanced Growth,UNLISTED PROPERTY,1,DEXUS CAPITAL MANAGEMENT FUND LIMITED,-,,,,,,,,-,17779636,0.0017
12/31/2024,NGS,Balanced Growth,UNLISTED PROPERTY,1,MACQUARIE INVESTMENT MANAGEMENT LTD,-,,,,,,,,-,328109,0
12/31/2024,NGS,Balanced Growth,UNLISTED PROPERTY,1,SUB TOTAL,,,,,,,,,,766831037,0.0735
12/31/2024,NGS,Balanced Growth,LISTED INFRASTRUCTURE,1,SUB TOTAL,,,,,,,,,,0,0
12/31/2024,NGS,Balanced Growth,UNLISTED INFRASTRUCTURE,0,SUB TOTAL,,,,,,,,,,0,0
12/31/2024,NGS,Balanced Growth,UNLISTED INFRASTRUCTURE,1,IFM INVESTORS PTY LTD,-,,,,,,,,-,293348058,0.0281
12/31/2024,NGS,Balanced Growth,UNLISTED INFRASTRUCTURE,1,QIC LIMITED,-,,,,,,,,-,246582608,0.0236
12/31/2024,NGS,Balanced Growth,UNLISTED INFRASTRUCTURE,1,CLIMATE ADAPTIVE INFRASTRUCTURE LLC,-,,,,,,,,-,128061649,0.0123
12/31/2024,NGS,Balanced Growth,UNLISTED INFRASTRUCTURE,1,MORRISON & CO UTILITIES MANAGEMENT (AUSTRALIA) PTY LTD,-,,,,,,,,-,124010414,0.0119
12/31/2024,NGS,Balanced Growth,UNLISTED INFRASTRUCTURE,1,MACQUARIE INVESTMENT MANAGEMENT LTD,-,,,,,,,,-,103444581,0.0099
12/31/2024,NGS,Balanced Growth,UNLISTED INFRASTRUCTURE,1,ARDIAN FRANCE S.A.,-,,,,,,,,-,62093577,0.006
12/31/2024,NGS,Balanced Growth,UNLISTED INFRASTRUCTURE,1,HULL STREET ENERGY LLC,-,,,,,,,,-,60664590,0.0058
12/31/2024,NGS,Balanced Growth,UNLISTED INFRASTRUCTURE,1,ANTIN INFRASTRUCTURE PARTNERS,-,,,,,,,,-,36368417,0.0035
12/31/2024,NGS,Balanced Growth,UNLISTED INFRASTRUCTURE,1,EQT FUND MANAGEMENT,-,,,,,,,,-,34513441,0.0033
12/31/2024,NGS,Balanced Growth,UNLISTED INFRASTRUCTURE,1,BLACKROCK INVESTMENT MANAGEMENT (AUSTRALIA) LIMITED,-,,,,,,,,-,30085206,0.0029
12/31/2024,NGS,Balanced Growth,UNLISTED INFRASTRUCTURE,1,PACIFIC EQUITY PARTNERS PTY LIMITED,-,,,,,,,,-,28739363,0.0028
12/31/2024,NGS,Balanced Growth,UNLISTED INFRASTRUCTURE,1,COPENHAGEN INFRASTRUCTURE PARTNERS,-,,,,,,,,-,12844558,0.0012
12/31/2024,NGS,Balanced Growth,UNLISTED INFRASTRUCTURE,1,IGNEO INFRASTRUCTURE PARTNERS,-,,,,,,,,-,1142009,0.0001
12/31/2024,NGS,Balanced Growth,UNLISTED INFRASTRUCTURE,1,SUB TOTAL,,,,,,,,,,1161898471,0.1114
12/31/2024,NGS,Balanced Growth,LISTED ALTERNATIVES,1,SUB TOTAL,,,,,,,,,,0,0
12/31/2024,NGS,Balanced Growth,UNLISTED ALTERNATIVES,0,"INARI AGRICULTURE, INC.",-,,,,,,,,-,,
12/31/2024,NGS,Balanced Growth,UNLISTED ALTERNATIVES,0,INVAIO SCIENCES C PRIME,-,,,,,,,,-,,
12/31/2024,NGS,Balanced Growth,UNLISTED ALTERNATIVES,0,"INVAIO SCIENCES, INC.",-,,,,,,,,-,,
12/31/2024,NGS,Balanced Growth,UNLISTED ALTERNATIVES,0,PERTH MINT AUSTRALIA UNALL GOLD,-,,,,,,,,-,,
12/31/2024,NGS,Balanced Growth,UNLISTED ALTERNATIVES,0,SUB TOTAL,,,,,,,,,,381001160,0.0365
12/31/2024,NGS,Balanced Growth,UNLISTED ALTERNATIVES,1,GODREJ FUND MANAGEMENT PVT. LTD,-,,,,,,,,-,75652161,0.0073
12/31/2024,NGS,Balanced Growth,UNLISTED ALTERNATIVES,1,NEUBERGER BERMAN AUSTRALIA LTD,-,,,,,,,,-,72531445,0.007
12/31/2024,NGS,Balanced Growth,UNLISTED ALTERNATIVES,1,BARING ASIA PRIVATE EQUITY,-,,,,,,,,-,52462605,0.005
12/31/2024,NGS,Balanced Growth,UNLISTED ALTERNATIVES,1,"GRAHAM CAPITAL MANAGEMENT, L.P.",-,,,,,,,,-,47160174,0.0045
12/31/2024,NGS,Balanced Growth,UNLISTED ALTERNATIVES,1,PACIFIC INVESTMENT MANAGEMENT COMPANY (PIMCO),-,,,,,,,,-,46339428,0.0044
12/31/2024,NGS,Balanced Growth,UNLISTED ALTERNATIVES,1,PEAK ROCK CAPITAL LLC,-,,,,,,,,-,35434678,0.0034
12/31/2024,NGS,Balanced Growth,UNLISTED ALTERNATIVES,1,BLACKBIRD VENTURES PTY LIMITED,-,,,,,,,,-,31237122,0.003
12/31/2024,NGS,Balanced Growth,UNLISTED ALTERNATIVES,1,STRIDE CONSUMER PARTNERS,-,,,,,,,,-,25509224,0.0024
12/31/2024,NGS,Balanced Growth,UNLISTED ALTERNATIVES,1,KEPOS CAPITAL LP,-,,,,,,,,-,19283556,0.0018
12/31/2024,NGS,Balanced Growth,UNLISTED ALTERNATIVES,1,SIGULER GUFF,-,,,,,,,,-,2623934,0.0003
12/31/2024,NGS,Balanced Growth,UNLISTED ALTERNATIVES,1,ADAMANTEM CAPITAL MANAGEMENT PTY LTD,-,,,,,,,,-,2086293,0.0002
12/31/2024,NGS,Balanced Growth,UNLISTED ALTERNATIVES,1,ALCEON GROUP PTY LIMITED,-,,,,,,,,-,1405932,0.0001
12/31/2024,NGS,Balanced Growth,UNLISTED ALTERNATIVES,1,SUB TOTAL,,,,,,,,,,411726552,0.0395
