Option Name,Asset Class Name,Name/Kind of Investment Item,Stock ID,ID_Type,Listed Country,Exchange Code,Ticker,Yahoo Ticker
Lifecycle_Balanced_Pool_Superannuation,Listed Equity,COMMONWEALTH BANK OF AUSTRALIA,CBA AU,BB Ticker,Australia,,,
Lifecycle_Balanced_Pool_Superannuation,Listed Equity,BHP GROUP LTD.,BHP AU,BB Ticker,Australia,,,
Lifecycle_Balanced_Pool_Superannuation,Listed Equity,NVIDIA CORP.,NVDA US,BB Ticker,United States,,,
Lifecycle_Balanced_Pool_Superannuation,Listed Equity,CSL LTD.,CSL AU,BB Ticker,Australia,,,
Lifecycle_Balanced_Pool_Superannuation,Listed Equity,"AMAZON.COM, INC.",AMZN US,BB Ticker,United States,,,
Lifecycle_Balanced_Pool_Superannuation,Listed Equity,NATIONAL AUSTRALIA BANK LTD.,NAB AU,BB Ticker,Australia,,,
Lifecycle_Balanced_Pool_Superannuation,Listed Equity,WESTPAC BANKING CORP.,WBC AU,BB Ticker,Australia,,,
Lifecycle_Balanced_Pool_Superannuation,Listed Equity,ANZ GROUP HOLDINGS LTD.,ANZ AU,BB Ticker,Australia,,,
Lifecycle_Balanced_Pool_Superannuation,Listed Equity,"APPLE, INC.",AAPL US,BB Ticker,United States,,,
Lifecycle_Balanced_Pool_Superannuation,Listed Equity,MACQUARIE GROUP LTD.,MQG AU,BB Ticker,Australia,,,
Lifecycle_Balanced_Pool_Superannuation,Listed Equity,ISHARES CORE S&P 500 ETF,IVV US,BB Ticker,United States,,,
Lifecycle_Balanced_Pool_Superannuation,Listed Equity,WESFARMERS LTD.,WES AU,BB Ticker,Australia,,,
Lifecycle_Balanced_Pool_Superannuation,Listed Equity,MICROSOFT CORP.,MSFT US,BB Ticker,United States,,,
Lifecycle_Balanced_Pool_Superannuation,Listed Equity,TELSTRA GROUP LTD.,TLS AU,BB Ticker,Australia,,,
Lifecycle_Balanced_Pool_Superannuation,Listed Equity,RIO TINTO LTD.,RIO AU,BB Ticker,Australia,,,
Lifecycle_Balanced_Pool_Superannuation,Listed Equity,WOODSIDE ENERGY GROUP LTD.,WDS AU,BB Ticker,Australia,,,
Lifecycle_Balanced_Pool_Superannuation,Listed Equity,ARISTOCRAT LEISURE LTD.,ALL AU,BB Ticker,Australia,,,
Lifecycle_Balanced_Pool_Superannuation,Listed Equity,"TESLA, INC.",TSLA US,BB Ticker,United States,,,
Lifecycle_Balanced_Pool_Superannuation,Listed Equity,WOOLWORTHS GROUP LTD.,WOW AU,BB Ticker,Australia,,,
Lifecycle_Balanced_Pool_Superannuation,Listed Equity,QBE INSURANCE GROUP LTD.,QBE AU,BB Ticker,Australia,,,
Lifecycle_Balanced_Pool_Superannuation,Listed Equity,"META PLATFORMS, INC.",META US,BB Ticker,United States,,,
Lifecycle_Balanced_Pool_Superannuation,Listed Equity,FORTESCUE LTD.,FMG AU,BB Ticker,Australia,,,
Lifecycle_Balanced_Pool_Superannuation,Listed Equity,"ALPHABET, INC.",GOOGL US,BB Ticker,United States,,,
Lifecycle_Balanced_Pool_Superannuation,Listed Equity,BRAMBLES LTD.,BXB AU,BB Ticker,Australia,,,
Lifecycle_Balanced_Pool_Superannuation,Listed Equity,XERO LTD.,XRO AU,BB Ticker,Australia,,,
Lifecycle_Balanced_Pool_Superannuation,Listed Equity,COLES GROUP LTD.,COL AU,BB Ticker,Australia,,,
Lifecycle_Balanced_Pool_Superannuation,Listed Equity,"RESMED, INC.",RMD AU,BB Ticker,Australia,,,
Lifecycle_Balanced_Pool_Superannuation,Listed Equity,SANTOS LTD.,STO AU,BB Ticker,Australia,,,
Lifecycle_Balanced_Pool_Superannuation,Listed Equity,"BROADCOM, INC.",AVGO US,BB Ticker,United States,,,
Lifecycle_Balanced_Pool_Superannuation,Listed Equity,SUNCORP GROUP LTD.,SUN AU,BB Ticker,Australia,,,
Lifecycle_Balanced_Pool_Superannuation,Listed Equity,INSURANCE AUSTRALIA GROUP LTD.,IAG AU,BB Ticker,Australia,,,
Lifecycle_Balanced_Pool_Superannuation,Listed Equity,"ALPHABET, INC.",GOOG US,BB Ticker,United States,,,
Lifecycle_Balanced_Pool_Superannuation,Listed Equity,WISETECH GLOBAL LTD.,WTC AU,BB Ticker,Australia,,,
Lifecycle_Balanced_Pool_Superannuation,Listed Equity,COCHLEAR LTD.,COH AU,BB Ticker,Australia,,,
Lifecycle_Balanced_Pool_Superannuation,Listed Equity,JAMES HARDIE INDUSTRIES PLC,JHX AU,BB Ticker,Australia,,,
Lifecycle_Balanced_Pool_Superannuation,Listed Equity,TAIWAN SEMICONDUCTOR MANUFACTURING CO. LTD.,2330 TT,BB Ticker,Taiwan,,,
Lifecycle_Balanced_Pool_Superannuation,Listed Equity,ORIGIN ENERGY LTD.,ORG AU,BB Ticker,Australia,,,
Lifecycle_Balanced_Pool_Superannuation,Listed Equity,COMPUTERSHARE LTD.,CPU AU,BB Ticker,Australia,,,
Lifecycle_Balanced_Pool_Superannuation,Listed Equity,NORTHERN STAR RESOURCES LTD.,NST AU,BB Ticker,Australia,,,
Lifecycle_Balanced_Pool_Superannuation,Listed Equity,JPMORGAN CHASE & CO.,JPM US,BB Ticker,United States,,,
Lifecycle_Balanced_Pool_Superannuation,Listed Equity,QANTAS AIRWAYS LTD.,QAN AU,BB Ticker,Australia,,,
Lifecycle_Balanced_Pool_Superannuation,Listed Equity,PRO MEDICUS LTD.,PME AU,BB Ticker,Australia,,,
Lifecycle_Balanced_Pool_Superannuation,Listed Equity,"VISA, INC.",V US,BB Ticker,United States,,,
Lifecycle_Balanced_Pool_Superannuation,Listed Equity,SOUTH32 LTD.,S32 AU,BB Ticker,Australia,,,
Lifecycle_Balanced_Pool_Superannuation,Listed Equity,CAR GROUP LTD.,CAR AU,BB Ticker,Australia,,,
Lifecycle_Balanced_Pool_Superannuation,Listed Equity,REA GROUP LTD.,REA AU,BB Ticker,Australia,,,
Lifecycle_Balanced_Pool_Superannuation,Listed Equity,"BERKSHIRE HATHAWAY, INC.",BRKB US,BB Ticker,United States,,,
Lifecycle_Balanced_Pool_Superannuation,Listed Equity,"UNITEDHEALTH GROUP, INC.",UNH US,BB Ticker,United States,,,
Lifecycle_Balanced_Pool_Superannuation,Listed Equity,APPLOVIN CORP.,APP US,BB Ticker,United States,,,
Lifecycle_Balanced_Pool_Superannuation,Listed Equity,ELI LILLY & CO.,LLY US,BB Ticker,United States,,,
Lifecycle_Balanced_Pool_Superannuation,Listed Equity,TECHNOLOGY ONE LTD.,TNE AU,BB Ticker,Australia,,,
Lifecycle_Balanced_Pool_Superannuation,Listed Equity,TREASURY WINE ESTATES LTD.,TWE AU,BB Ticker,Australia,,,
Lifecycle_Balanced_Pool_Superannuation,Listed Equity,JB HI-FI LTD.,JBH AU,BB Ticker,Australia,,,
Lifecycle_Balanced_Pool_Superannuation,Listed Equity,SONIC HEALTHCARE LTD.,SHL AU,BB Ticker,Australia,,,
Lifecycle_Balanced_Pool_Superannuation,Listed Equity,"NETFLIX, INC.",NFLX US,BB Ticker,United States,,,
Lifecycle_Balanced_Pool_Superannuation,Listed Equity,LOTTERY CORP. LTD.,TLC AU,BB Ticker,Australia,,,
Lifecycle_Balanced_Pool_Superannuation,Listed Equity,CSOP SAUDI ARABIA ETF,2830 HK,BB Ticker,Hong Kong,,,
Lifecycle_Balanced_Pool_Superannuation,Listed Equity,JOHNSON & JOHNSON,JNJ US,BB Ticker,United States,,,
Lifecycle_Balanced_Pool_Superannuation,Listed Equity,ASX LTD.,ASX AU,BB Ticker,Australia,,,
Lifecycle_Balanced_Pool_Superannuation,Listed Equity,COSTCO WHOLESALE CORP.,COST US,BB Ticker,United States,,,
Lifecycle_Balanced_Pool_Superannuation,Listed Equity,"ADOBE, INC.",ADBE US,BB Ticker,United States,,,
Lifecycle_Balanced_Pool_Superannuation,Listed Equity,ORICA LTD.,ORI AU,BB Ticker,Australia,,,
Lifecycle_Balanced_Pool_Superannuation,Listed Equity,BANK OF AMERICA CORP.,BAC US,BB Ticker,United States,,,
Lifecycle_Balanced_Pool_Superannuation,Listed Equity,AMCOR PLC,AMC AU,BB Ticker,Australia,,,
Lifecycle_Balanced_Pool_Superannuation,Listed Equity,SGH LTD.,SGH AU,BB Ticker,Australia,,,
Lifecycle_Balanced_Pool_Superannuation,Listed Equity,EXXON MOBIL CORP.,XOM US,BB Ticker,United States,,,
Lifecycle_Balanced_Pool_Superannuation,Listed Equity,TENCENT HOLDINGS LTD.,700 HK,BB Ticker,Hong Kong,,,
Lifecycle_Balanced_Pool_Superannuation,Listed Equity,MEDIBANK PVT LTD.,MPL AU,BB Ticker,Australia,,,
Lifecycle_Balanced_Pool_Superannuation,Listed Equity,BENDIGO & ADELAIDE BANK LTD.,BEN AU,BB Ticker,Australia,,,
Lifecycle_Balanced_Pool_Superannuation,Listed Equity,WELLS FARGO & CO.,WFC US,BB Ticker,United States,,,
Lifecycle_Balanced_Pool_Superannuation,Listed Equity,GENERAL ELECTRIC CO.,GE US,BB Ticker,United States,,,
Lifecycle_Balanced_Pool_Superannuation,Listed Equity,NOVO NORDISK AS,NOVOB DC,BB Ticker,Denmark,,,
Lifecycle_Balanced_Pool_Superannuation,Listed Equity,"MASTERCARD, INC.",MA US,BB Ticker,United States,,,
Lifecycle_Balanced_Pool_Superannuation,Listed Equity,FISHER & PAYKEL HEALTHCARE CORP. LTD.,FPH AU,BB Ticker,Australia,,,
Lifecycle_Balanced_Pool_Superannuation,Listed Equity,ICICI BANK LTD.,IBN US,BB Ticker,United States,,,
Lifecycle_Balanced_Pool_Superannuation,Listed Equity,"INTUITIVE SURGICAL, INC.",ISRG US,BB Ticker,United States,,,
Lifecycle_Balanced_Pool_Superannuation,Listed Equity,INSIGNIA FINANCIAL LTD.,IFL AU,BB Ticker,Australia,,,
Lifecycle_Balanced_Pool_Superannuation,Listed Equity,PROCTER & GAMBLE CO.,PG US,BB Ticker,United States,,,
Lifecycle_Balanced_Pool_Superannuation,Listed Equity,"WALMART, INC.",WMT US,BB Ticker,United States,,,
Lifecycle_Balanced_Pool_Superannuation,Listed Equity,"BLOCK, INC.",SQ2 AU,BB Ticker,Australia,,,
Lifecycle_Balanced_Pool_Superannuation,Listed Equity,CLEANAWAY WASTE MANAGEMENT LTD.,CWY AU,BB Ticker,Australia,,,
Lifecycle_Balanced_Pool_Superannuation,Listed Equity,EVOLUTION MINING LTD.,EVN AU,BB Ticker,Australia,,,
Lifecycle_Balanced_Pool_Superannuation,Listed Equity,ENDEAVOUR GROUP LTD.,EDV AU,BB Ticker,Australia,,,
Lifecycle_Balanced_Pool_Superannuation,Listed Equity,"CITIGROUP, INC.",C US,BB Ticker,United States,,,
Lifecycle_Balanced_Pool_Superannuation,Listed Equity,3I GROUP PLC,III LN,BB Ticker,United Kingdom,,,
Lifecycle_Balanced_Pool_Superannuation,Listed Equity,"HOME DEPOT, INC.",HD US,BB Ticker,United States,,,
Lifecycle_Balanced_Pool_Superannuation,Listed Equity,"UBER TECHNOLOGIES, INC.",UBER US,BB Ticker,United States,,,
Lifecycle_Balanced_Pool_Superannuation,Listed Equity,NEXTDC LTD.,NXT AU,BB Ticker,Australia,,,
Lifecycle_Balanced_Pool_Superannuation,Listed Equity,NEXT FUNDS NIKKEI 225 EXCHANGE TRADED FUND,1321 JP,BB Ticker,Japan,,,
Lifecycle_Balanced_Pool_Superannuation,Listed Equity,TOYOTA MOTOR CORP.,7203 JP,BB Ticker,Japan,,,
Lifecycle_Balanced_Pool_Superannuation,Listed Equity,ANSELL LTD.,ANN AU,BB Ticker,Australia,,,
Lifecycle_Balanced_Pool_Superannuation,Listed Equity,AMPOL LTD.,ALD AU,BB Ticker,Australia,,,
Lifecycle_Balanced_Pool_Superannuation,Listed Equity,"ABBVIE, INC.",ABBV US,BB Ticker,United States,,,
Lifecycle_Balanced_Pool_Superannuation,Listed Equity,INCITEC PIVOT LTD.,IPL AU,BB Ticker,Australia,,,
Lifecycle_Balanced_Pool_Superannuation,Listed Equity,ALS LTD.,ALQ AU,BB Ticker,Australia,,,
Lifecycle_Balanced_Pool_Superannuation,Listed Equity,"CISCO SYSTEMS, INC.",CSCO US,BB Ticker,United States,,,
Lifecycle_Balanced_Pool_Superannuation,Listed Equity,ASML HOLDING NV,ASML NA,BB Ticker,Netherlands,,,
Lifecycle_Balanced_Pool_Superannuation,Listed Equity,SANDFIRE RESOURCES LTD.,SFR AU,BB Ticker,Australia,,,
Lifecycle_Balanced_Pool_Superannuation,Listed Equity,"SALESFORCE, INC.",CRM US,BB Ticker,United States,,,
Lifecycle_Balanced_Pool_Superannuation,Listed Equity,WORLEY LTD.,WOR AU,BB Ticker,Australia,,,
Lifecycle_Balanced_Pool_Superannuation,Listed Equity,RAMSAY HEALTH CARE LTD.,RHC AU,BB Ticker,Australia,,,
Lifecycle_Balanced_Pool_Superannuation,Listed Equity,TAIWAN SEMICONDUCTOR MANUFACTURING CO. LTD.,TSM US,BB Ticker,United States,,,
Lifecycle_Balanced_Pool_Superannuation,Listed Equity,QUBE HOLDINGS LTD.,QUB AU,BB Ticker,Australia,,,
Lifecycle_Balanced_Pool_Superannuation,Listed Equity,ASTRAZENECA PLC,AZN LN,BB Ticker,United Kingdom,,,
Lifecycle_Balanced_Pool_Superannuation,Listed Equity,NEWMONT CORP.,NEM AU,BB Ticker,Australia,,,
Lifecycle_Balanced_Pool_Superannuation,Listed Equity,AURIZON HOLDINGS LTD.,AZJ AU,BB Ticker,Australia,,,
Lifecycle_Balanced_Pool_Superannuation,Listed Equity,MEITUAN,3690 HK,BB Ticker,Hong Kong,,,
Lifecycle_Balanced_Pool_Superannuation,Listed Equity,ROCHE HOLDING AG,ROG SW,BB Ticker,Switzerland,,,
Lifecycle_Balanced_Pool_Superannuation,Listed Equity,BLUESCOPE STEEL LTD.,BSL AU,BB Ticker,Australia,,,
Lifecycle_Balanced_Pool_Superannuation,Listed Equity,ALIBABA GROUP HOLDING LTD.,9988 HK,BB Ticker,Hong Kong,,,
Lifecycle_Balanced_Pool_Superannuation,Listed Equity,STEADFAST GROUP LTD.,SDF AU,BB Ticker,Australia,,,
Lifecycle_Balanced_Pool_Superannuation,Listed Equity,SEA LTD.,SE US,BB Ticker,United States,,,
Lifecycle_Balanced_Pool_Superannuation,Listed Equity,"ARISTA NETWORKS, INC.",ANET US,BB Ticker,United States,,,
Lifecycle_Balanced_Pool_Superannuation,Listed Equity,HUB24 LTD.,HUB AU,BB Ticker,Australia,,,
Lifecycle_Balanced_Pool_Superannuation,Listed Equity,SAMSUNG ELECTRONICS CO. LTD.,005930 KS,BB Ticker,South Korea,,,
Lifecycle_Balanced_Pool_Superannuation,Listed Equity,SEEK LTD.,SEK AU,BB Ticker,Australia,,,
Lifecycle_Balanced_Pool_Superannuation,Listed Equity,ORACLE CORP.,ORCL US,BB Ticker,United States,,,
Lifecycle_Balanced_Pool_Superannuation,Listed Equity,"ADVANCED MICRO DEVICES, INC.",AMD US,BB Ticker,United States,,,
Lifecycle_Balanced_Pool_Superannuation,Listed Equity,PILBARA MINERALS LTD.,PLS AU,BB Ticker,Australia,,,
Lifecycle_Balanced_Pool_Superannuation,Listed Equity,SAP SE,SAP GR,BB Ticker,Germany,,,
Lifecycle_Balanced_Pool_Superannuation,Listed Equity,"PAYPAL HOLDINGS, INC.",PYPL US,BB Ticker,United States,,,
Lifecycle_Balanced_Pool_Superannuation,Listed Equity,AMERICAN EXPRESS CO.,AXP US,BB Ticker,United States,,,
Lifecycle_Balanced_Pool_Superannuation,Listed Equity,CAPITAL ONE FINANCIAL CORP.,COF US,BB Ticker,United States,,,
Lifecycle_Balanced_Pool_Superannuation,Listed Equity,METCASH LTD.,MTS AU,BB Ticker,Australia,,,
Lifecycle_Balanced_Pool_Superannuation,Listed Equity,"LIFE360, INC.",360 AU,BB Ticker,Australia,,,
Lifecycle_Balanced_Pool_Superannuation,Listed Equity,ORORA LTD.,ORA AU,BB Ticker,Australia,,,
Lifecycle_Balanced_Pool_Superannuation,Listed Equity,HSBC HOLDINGS PLC,HSBA LN,BB Ticker,United Kingdom,,,
Lifecycle_Balanced_Pool_Superannuation,Listed Equity,NETWEALTH GROUP LTD.,NWL AU,BB Ticker,Australia,,,
Lifecycle_Balanced_Pool_Superannuation,Listed Equity,PINNACLE INVESTMENT MANAGEMENT GROUP LTD.,PNI AU,BB Ticker,Australia,,,
Lifecycle_Balanced_Pool_Superannuation,Listed Equity,"BOOKING HOLDINGS, INC.",BKNG US,BB Ticker,United States,,,
Lifecycle_Balanced_Pool_Superannuation,Listed Equity,BRISTOL-MYERS SQUIBB CO.,BMY US,BB Ticker,United States,,,
Lifecycle_Balanced_Pool_Superannuation,Listed Equity,COCA-COLA CO.,KO US,BB Ticker,United States,,,
Lifecycle_Balanced_Pool_Superannuation,Listed Equity,AMP LTD.,AMP AU,BB Ticker,Australia,,,
Lifecycle_Balanced_Pool_Superannuation,Listed Equity,SONY GROUP CORP.,6758 JP,BB Ticker,Japan,,,
Lifecycle_Balanced_Pool_Superannuation,Listed Equity,"MERCK & CO., INC.",MRK US,BB Ticker,United States,,,
Lifecycle_Balanced_Pool_Superannuation,Listed Equity,UBS GROUP AG,UBSG SW,BB Ticker,Switzerland,,,
Lifecycle_Balanced_Pool_Superannuation,Listed Equity,TELIX PHARMACEUTICALS LTD.,TLX AU,BB Ticker,Australia,,,
Lifecycle_Balanced_Pool_Superannuation,Listed Equity,SIGMA HEALTHCARE LTD.,SIG AU,BB Ticker,Australia,,,
Lifecycle_Balanced_Pool_Superannuation,Listed Equity,"SERVICENOW, INC.",NOW US,BB Ticker,United States,,,
Lifecycle_Balanced_Pool_Superannuation,Listed Equity,CHEVRON CORP.,CVX US,BB Ticker,United States,,,
Lifecycle_Balanced_Pool_Superannuation,Listed Equity,RELIANCE WORLDWIDE CORP. LTD.,RWC AU,BB Ticker,Australia,,,
Lifecycle_Balanced_Pool_Superannuation,Listed Equity,REECE LTD.,REH AU,BB Ticker,Australia,,,
Lifecycle_Balanced_Pool_Superannuation,Listed Equity,LYNAS RARE EARTHS LTD.,LYC AU,BB Ticker,Australia,,,
Lifecycle_Balanced_Pool_Superannuation,Listed Equity,MCKESSON CORP.,MCK US,BB Ticker,United States,,,
Lifecycle_Balanced_Pool_Superannuation,Listed Equity,COGNIZANT TECHNOLOGY SOLUTIONS CORP.,CTSH US,BB Ticker,United States,,,
Lifecycle_Balanced_Pool_Superannuation,Listed Equity,SANOFI SA,SAN FP,BB Ticker,France,,,
Lifecycle_Balanced_Pool_Superannuation,Listed Equity,"PEPSICO, INC.",PEP US,BB Ticker,United States,,,
Lifecycle_Balanced_Pool_Superannuation,Listed Equity,MINERAL RESOURCES LTD.,MIN AU,BB Ticker,Australia,,,
Lifecycle_Balanced_Pool_Superannuation,Listed Equity,"DATADOG, INC.",DDOG US,BB Ticker,United States,,,
Lifecycle_Balanced_Pool_Superannuation,Listed Equity,ABBOTT LABORATORIES,ABT US,BB Ticker,United States,,,
Lifecycle_Balanced_Pool_Superannuation,Listed Equity,VIVA ENERGY GROUP LTD.,VEA AU,BB Ticker,Australia,,,
Lifecycle_Balanced_Pool_Superannuation,Listed Equity,"GOLDMAN SACHS GROUP, INC.",GS US,BB Ticker,United States,,,
Lifecycle_Balanced_Pool_Superannuation,Listed Equity,ARTHUR J GALLAGHER & CO.,AJG US,BB Ticker,United States,,,
Lifecycle_Balanced_Pool_Superannuation,Listed Equity,NOVARTIS AG,NOVN SW,BB Ticker,Switzerland,,,
Lifecycle_Balanced_Pool_Superannuation,Listed Equity,AUB GROUP LTD.,AUB AU,BB Ticker,Australia,,,
Lifecycle_Balanced_Pool_Superannuation,Listed Equity,BAPCOR LTD.,BAP AU,BB Ticker,Australia,,,
Lifecycle_Balanced_Pool_Superannuation,Listed Equity,MORGAN STANLEY,MS US,BB Ticker,United States,,,
Lifecycle_Balanced_Pool_Superannuation,Listed Equity,BANK OF QUEENSLAND LTD.,BOQ AU,BB Ticker,Australia,,,
Lifecycle_Balanced_Pool_Superannuation,Listed Equity,LINDE PLC,LIN US,BB Ticker,United States,,,
Lifecycle_Balanced_Pool_Superannuation,Listed Equity,BREVILLE GROUP LTD.,BRG AU,BB Ticker,Australia,,,
Lifecycle_Balanced_Pool_Superannuation,Listed Equity,WALT DISNEY CO.,DIS US,BB Ticker,United States,,,
Lifecycle_Balanced_Pool_Superannuation,Listed Equity,ADYEN NV,ADYEN NA,BB Ticker,Netherlands,,,
Lifecycle_Balanced_Pool_Superannuation,Listed Equity,INFOSYS LTD.,INFY US,BB Ticker,United States,,,
Lifecycle_Balanced_Pool_Superannuation,Listed Equity,SHELL PLC,SHEL LN,BB Ticker,United Kingdom,,,
Lifecycle_Balanced_Pool_Superannuation,Listed Equity,CHALLENGER LTD.,CGF AU,BB Ticker,Australia,,,
Lifecycle_Balanced_Pool_Superannuation,Listed Equity,NESTLE SA,NESN SW,BB Ticker,Switzerland,,,
Lifecycle_Balanced_Pool_Superannuation,Listed Equity,"GODADDY, INC.",GDDY US,BB Ticker,United States,,,
Lifecycle_Balanced_Pool_Superannuation,Listed Equity,PERSEUS MINING LTD.,PRU AU,BB Ticker,Australia,,,
Lifecycle_Balanced_Pool_Superannuation,Listed Equity,ACCENTURE PLC,ACN US,BB Ticker,United States,,,
Lifecycle_Balanced_Pool_Superannuation,Listed Equity,MEDTRONIC PLC,MDT US,BB Ticker,United States,,,
Lifecycle_Balanced_Pool_Superannuation,Listed Equity,RAMELIUS RESOURCES LTD.,RMS AU,BB Ticker,Australia,,,
Lifecycle_Balanced_Pool_Superannuation,Listed Equity,"VERTEX PHARMACEUTICALS, INC.",VRTX US,BB Ticker,United States,,,
Lifecycle_Balanced_Pool_Superannuation,Listed Equity,FLIGHT CENTRE TRAVEL GROUP LTD.,FLT AU,BB Ticker,Australia,,,
Lifecycle_Balanced_Pool_Superannuation,Listed Equity,"THERMO FISHER SCIENTIFIC, INC.",TMO US,BB Ticker,United States,,,
Lifecycle_Balanced_Pool_Superannuation,Listed Equity,INTERNATIONAL BUSINESS MACHINES CORP.,IBM US,BB Ticker,United States,,,
Lifecycle_Balanced_Pool_Superannuation,Listed Equity,"INTUIT, INC.",INTU US,BB Ticker,United States,,,
Lifecycle_Balanced_Pool_Superannuation,Listed Equity,IGO LTD.,IGO AU,BB Ticker,Australia,,,
Lifecycle_Balanced_Pool_Superannuation,Listed Equity,"QUALCOMM, INC.",QCOM US,BB Ticker,United States,,,
Lifecycle_Balanced_Pool_Superannuation,Listed Equity,"GE VERNOVA, INC.",GEV US,BB Ticker,United States,,,
Lifecycle_Balanced_Pool_Superannuation,Listed Equity,RTX CORP.,RTX US,BB Ticker,United States,,,
Lifecycle_Balanced_Pool_Superannuation,Listed Equity,"VERIZON COMMUNICATIONS, INC.",VZ US,BB Ticker,United States,,,
Lifecycle_Balanced_Pool_Superannuation,Listed Equity,"LIGHT & WONDER, INC.",LNW AU,BB Ticker,Australia,,,
Lifecycle_Balanced_Pool_Superannuation,Listed Equity,MCDONALD'S CORP.,MCD US,BB Ticker,United States,,,
Lifecycle_Balanced_Pool_Superannuation,Listed Equity,HDFC BANK LTD.,HDB US,BB Ticker,United States,,,
Lifecycle_Balanced_Pool_Superannuation,Listed Equity,ZIP CO. LTD.,ZIP AU,BB Ticker,Australia,,,
Lifecycle_Balanced_Pool_Superannuation,Listed Equity,"CATERPILLAR, INC.",CAT US,BB Ticker,United States,,,
Lifecycle_Balanced_Pool_Superannuation,Listed Equity,"AT&T, INC.",T US,BB Ticker,United States,,,
Lifecycle_Balanced_Pool_Superannuation,Listed Equity,"ILLUMINA, INC.",ILMN US,BB Ticker,United States,,,
Lifecycle_Balanced_Pool_Superannuation,Listed Equity,UNION PACIFIC CORP.,UNP US,BB Ticker,United States,,,
Lifecycle_Balanced_Pool_Superannuation,Listed Equity,NINE ENTERTAINMENT CO. HOLDINGS LTD.,NEC AU,BB Ticker,Australia,,,
Lifecycle_Balanced_Pool_Superannuation,Listed Equity,DAIMLER TRUCK HOLDING AG,DTG GR,BB Ticker,Germany,,,
Lifecycle_Balanced_Pool_Superannuation,Listed Equity,SIMS LTD.,SGM AU,BB Ticker,Australia,,,
Lifecycle_Balanced_Pool_Superannuation,Listed Equity,CVS HEALTH CORP.,CVS US,BB Ticker,United States,,,
Lifecycle_Balanced_Pool_Superannuation,Listed Equity,BARCLAYS PLC,BARC LN,BB Ticker,United Kingdom,,,
Lifecycle_Balanced_Pool_Superannuation,Listed Equity,"SS&C TECHNOLOGIES HOLDINGS, INC.",SSNC US,BB Ticker,United States,,,
Lifecycle_Balanced_Pool_Superannuation,Listed Equity,"CHIPOTLE MEXICAN GRILL, INC.",CMG US,BB Ticker,United States,,,
Lifecycle_Balanced_Pool_Superannuation,Listed Equity,A2 MILK CO. LTD.,A2M AU,BB Ticker,Australia,,,
Lifecycle_Balanced_Pool_Superannuation,Listed Equity,"CORTEVA, INC.",CTVA US,BB Ticker,United States,,,
Lifecycle_Balanced_Pool_Superannuation,Listed Equity,"SHOPIFY, INC.",SHOP CN,BB Ticker,Canada,,,
Lifecycle_Balanced_Pool_Superannuation,Listed Equity,NRW HOLDINGS LTD.,NWH AU,BB Ticker,Australia,,,
Lifecycle_Balanced_Pool_Superannuation,Listed Equity,"MICRON TECHNOLOGY, INC.",MU US,BB Ticker,United States,,,
Lifecycle_Balanced_Pool_Superannuation,Listed Equity,GENESIS MINERALS LTD.,GMD AU,BB Ticker,Australia,,,
Lifecycle_Balanced_Pool_Superannuation,Listed Equity,SUPER RETAIL GROUP LTD.,SUL AU,BB Ticker,Australia,,,
Lifecycle_Balanced_Pool_Superannuation,Listed Equity,"MIZUHO FINANCIAL GROUP, INC.",8411 JP,BB Ticker,Japan,,,
Lifecycle_Balanced_Pool_Superannuation,Listed Equity,CAPRICORN METALS LTD.,CMM AU,BB Ticker,Australia,,,
Lifecycle_Balanced_Pool_Superannuation,Listed Equity,ROYAL BANK OF CANADA,RY CN,BB Ticker,Canada,,,
Lifecycle_Balanced_Pool_Superannuation,Listed Equity,SIEMENS AG,SIE GR,BB Ticker,Germany,,,
Lifecycle_Balanced_Pool_Superannuation,Listed Equity,RECRUIT HOLDINGS CO. LTD.,6098 JP,BB Ticker,Japan,,,
Lifecycle_Balanced_Pool_Superannuation,Listed Equity,CHARLES SCHWAB CORP.,SCHW US,BB Ticker,United States,,,
Lifecycle_Balanced_Pool_Superannuation,Listed Equity,"LPL FINANCIAL HOLDINGS, INC.",LPLA US,BB Ticker,United States,,,
Lifecycle_Balanced_Pool_Superannuation,Listed Equity,"CHARTER COMMUNICATIONS, INC.",CHTR US,BB Ticker,United States,,,
Lifecycle_Balanced_Pool_Superannuation,Listed Equity,"PFIZER, INC.",PFE US,BB Ticker,United States,,,
Lifecycle_Balanced_Pool_Superannuation,Listed Equity,"BLACKROCK, INC.",BLK US,BB Ticker,United States,,,
Lifecycle_Balanced_Pool_Superannuation,Listed Equity,AMDOCS LTD.,DOX US,BB Ticker,United States,,,
Lifecycle_Balanced_Pool_Superannuation,Listed Equity,COMCAST CORP.,CMCSA US,BB Ticker,United States,,,
Lifecycle_Balanced_Pool_Superannuation,Listed Equity,UNILEVER PLC,ULVR LN,BB Ticker,United Kingdom,,,
Lifecycle_Balanced_Pool_Superannuation,Listed Equity,DOWNER EDI LTD.,DOW AU,BB Ticker,Australia,,,
Lifecycle_Balanced_Pool_Superannuation,Listed Equity,LVMH MOET HENNESSY LOUIS VUITTON SE,MC FP,BB Ticker,France,,,
Lifecycle_Balanced_Pool_Superannuation,Listed Equity,VENTIA SERVICES GROUP PTY. LTD.,VNT AU,BB Ticker,Australia,,,
Lifecycle_Balanced_Pool_Superannuation,Listed Equity,"TEXAS INSTRUMENTS, INC.",TXN US,BB Ticker,United States,,,
Lifecycle_Balanced_Pool_Superannuation,Listed Equity,"SKYWORKS SOLUTIONS, INC.",SWKS US,BB Ticker,United States,,,
Lifecycle_Balanced_Pool_Superannuation,Listed Equity,G8 EDUCATION LTD.,GEM AU,BB Ticker,Australia,,,
Lifecycle_Balanced_Pool_Superannuation,Listed Equity,TE CONNECTIVITY PLC,TEL US,BB Ticker,United States,,,
Lifecycle_Balanced_Pool_Superannuation,Listed Equity,HARVEY NORMAN HOLDINGS LTD.,HVN AU,BB Ticker,Australia,,,
Lifecycle_Balanced_Pool_Superannuation,Listed Equity,FERRARI NV,RACE IM,BB Ticker,Italy,,,
Lifecycle_Balanced_Pool_Superannuation,Listed Equity,EBOS GROUP LTD.,EBO AU,BB Ticker,Australia,,,
Lifecycle_Balanced_Pool_Superannuation,Listed Equity,"APPLIED MATERIALS, INC.",AMAT US,BB Ticker,United States,,,
Lifecycle_Balanced_Pool_Superannuation,Listed Equity,BOSTON SCIENTIFIC CORP.,BSX US,BB Ticker,United States,,,
Lifecycle_Balanced_Pool_Superannuation,Listed Equity,NUFARM LTD.,NUF AU,BB Ticker,Australia,,,
Lifecycle_Balanced_Pool_Superannuation,Listed Equity,"TJX COS., INC.",TJX US,BB Ticker,United States,,,
Lifecycle_Balanced_Pool_Superannuation,Listed Equity,HITACHI LTD.,6501 JP,BB Ticker,Japan,,,
Lifecycle_Balanced_Pool_Superannuation,Listed Equity,DANAHER CORP.,DHR US,BB Ticker,United States,,,
Lifecycle_Balanced_Pool_Superannuation,Listed Equity,"GILEAD SCIENCES, INC.",GILD US,BB Ticker,United States,,,
Lifecycle_Balanced_Pool_Superannuation,Listed Equity,GRAINCORP LTD.,GNC AU,BB Ticker,Australia,,,
Lifecycle_Balanced_Pool_Superannuation,Listed Equity,ING GROEP NV,INGA NA,BB Ticker,Netherlands,,,
Lifecycle_Balanced_Pool_Superannuation,Listed Equity,"T-MOBILE U.S., INC.",TMUS US,BB Ticker,United States,,,
Lifecycle_Balanced_Pool_Superannuation,Listed Equity,"FISERV, INC.",FI US,BB Ticker,United States,,,
Lifecycle_Balanced_Pool_Superannuation,Listed Equity,"NEXTERA ENERGY, INC.",NEE US,BB Ticker,United States,,,
Lifecycle_Balanced_Pool_Superannuation,Listed Equity,CHAMPION IRON LTD.,CIA AU,BB Ticker,Australia,,,
Lifecycle_Balanced_Pool_Superannuation,Listed Equity,TOKYO ELECTRON LTD.,8035 JP,BB Ticker,Japan,,,
Lifecycle_Balanced_Pool_Superannuation,Listed Equity,"TRADE DESK, INC.",TTD US,BB Ticker,United States,,,
Lifecycle_Balanced_Pool_Superannuation,Listed Equity,"PALANTIR TECHNOLOGIES, INC.",PLTR US,BB Ticker,United States,,,
Lifecycle_Balanced_Pool_Superannuation,Listed Equity,ALCOA CORP.,AAI AU,BB Ticker,Australia,,,
Lifecycle_Balanced_Pool_Superannuation,Listed Equity,"AMGEN, INC.",AMGN US,BB Ticker,United States,,,
Lifecycle_Balanced_Pool_Superannuation,Listed Equity,"S&P GLOBAL, INC.",SPGI US,BB Ticker,United States,,,
Lifecycle_Balanced_Pool_Superannuation,Listed Equity,STRYKER CORP.,SYK US,BB Ticker,United States,,,
Lifecycle_Balanced_Pool_Superannuation,Listed Equity,"BAXTER INTERNATIONAL, INC.",BAX US,BB Ticker,United States,,,
Lifecycle_Balanced_Pool_Superannuation,Listed Equity,REGIS RESOURCES LTD.,RRL AU,BB Ticker,Australia,,,
Lifecycle_Balanced_Pool_Superannuation,Listed Equity,IDP EDUCATION LTD.,IEL AU,BB Ticker,Australia,,,
Lifecycle_Balanced_Pool_Superannuation,Listed Equity,CIGNA GROUP,CI US,BB Ticker,United States,,,
Lifecycle_Balanced_Pool_Superannuation,Listed Equity,"ENTEGRIS, INC.",ENTG US,BB Ticker,United States,,,
Lifecycle_Balanced_Pool_Superannuation,Listed Equity,"MERCADOLIBRE, INC.",MELI US,BB Ticker,United States,,,
Lifecycle_Balanced_Pool_Superannuation,Listed Equity,ALLIANZ SE,ALV GR,BB Ticker,Germany,,,
Lifecycle_Balanced_Pool_Superannuation,Listed Equity,"GLOBAL PAYMENTS, INC.",GPN US,BB Ticker,United States,,,
Lifecycle_Balanced_Pool_Superannuation,Listed Equity,"ELEVANCE HEALTH, INC.",ELV US,BB Ticker,United States,,,
Lifecycle_Balanced_Pool_Superannuation,Listed Equity,PREMIER INVESTMENTS LTD.,PMV AU,BB Ticker,Australia,,,
Lifecycle_Balanced_Pool_Superannuation,Listed Equity,NOKIA OYJ,NOKIA FH,BB Ticker,Finland,,,
Lifecycle_Balanced_Pool_Superannuation,Listed Equity,"FREEPORT-MCMORAN, INC.",FCX US,BB Ticker,United States,,,
Lifecycle_Balanced_Pool_Superannuation,Listed Equity,ON SEMICONDUCTOR CORP.,ON US,BB Ticker,United States,,,
Lifecycle_Balanced_Pool_Superannuation,Listed Equity,ARB CORP. LTD.,ARB AU,BB Ticker,Australia,,,
Lifecycle_Balanced_Pool_Superannuation,Listed Equity,"LOWE'S COS., INC.",LOW US,BB Ticker,United States,,,
Lifecycle_Balanced_Pool_Superannuation,Listed Equity,"AUTOMATIC DATA PROCESSING, INC.",ADP US,BB Ticker,United States,,,
Lifecycle_Balanced_Pool_Superannuation,Listed Equity,BASF SE,BAS GR,BB Ticker,Germany,,,
Lifecycle_Balanced_Pool_Superannuation,Listed Equity,RECKITT BENCKISER GROUP PLC,RKT LN,BB Ticker,United Kingdom,,,
Lifecycle_Balanced_Pool_Superannuation,Listed Equity,SCHNEIDER ELECTRIC SE,SU FP,BB Ticker,France,,,
Lifecycle_Balanced_Pool_Superannuation,Listed Equity,SPOTIFY TECHNOLOGY SA,SPOT US,BB Ticker,United States,,,
Lifecycle_Balanced_Pool_Superannuation,Listed Equity,"AMERICAN INTERNATIONAL GROUP, INC.",AIG US,BB Ticker,United States,,,
Lifecycle_Balanced_Pool_Superannuation,Listed Equity,"HUMANA, INC.",HUM US,BB Ticker,United States,,,
Lifecycle_Balanced_Pool_Superannuation,Listed Equity,DOLLAR GENERAL CORP.,DG US,BB Ticker,United States,,,
Lifecycle_Balanced_Pool_Superannuation,Listed Equity,BEACH ENERGY LTD.,BPT AU,BB Ticker,Australia,,,
Lifecycle_Balanced_Pool_Superannuation,Listed Equity,"METLIFE, INC.",MET US,BB Ticker,United States,,,
Lifecycle_Balanced_Pool_Superannuation,Listed Equity,ENEL SPA,ENEL IM,BB Ticker,Italy,,,
Lifecycle_Balanced_Pool_Superannuation,Listed Equity,AUCKLAND INTERNATIONAL AIRPORT LTD.,AIA AU,BB Ticker,Australia,,,
Lifecycle_Balanced_Pool_Superannuation,Listed Equity,"REINSURANCE GROUP OF AMERICA, INC.",RGA US,BB Ticker,United States,,,
Lifecycle_Balanced_Pool_Superannuation,Listed Equity,BOOZ ALLEN HAMILTON HOLDING CORP.,BAH US,BB Ticker,United States,,,
Lifecycle_Balanced_Pool_Superannuation,Listed Equity,"SK HYNIX, INC.",000660 KS,BB Ticker,South Korea,,,
Lifecycle_Balanced_Pool_Superannuation,Listed Equity,LOVISA HOLDINGS LTD.,LOV AU,BB Ticker,Australia,,,
Lifecycle_Balanced_Pool_Superannuation,Listed Equity,LOCKHEED MARTIN CORP.,LMT US,BB Ticker,United States,,,
Lifecycle_Balanced_Pool_Superannuation,Listed Equity,"PDD HOLDINGS, INC.",PDD US,BB Ticker,United States,,,
Lifecycle_Balanced_Pool_Superannuation,Listed Equity,"TYSON FOODS, INC.",TSN US,BB Ticker,United States,,,
Lifecycle_Balanced_Pool_Superannuation,Listed Equity,WESTGOLD RESOURCES LTD.,WGX AU,BB Ticker,Australia,,,
Lifecycle_Balanced_Pool_Superannuation,Listed Equity,"MITSUBISHI UFJ FINANCIAL GROUP, INC.",8306 JP,BB Ticker,Japan,,,
Lifecycle_Balanced_Pool_Superannuation,Listed Equity,EATON CORP. PLC,ETN US,BB Ticker,United States,,,
Lifecycle_Balanced_Pool_Superannuation,Listed Equity,PROGRESSIVE CORP.,PGR US,BB Ticker,United States,,,
Lifecycle_Balanced_Pool_Superannuation,Listed Equity,"HONEYWELL INTERNATIONAL, INC.",HON US,BB Ticker,United States,,,
Lifecycle_Balanced_Pool_Superannuation,Listed Equity,HEALIUS LTD.,HLS AU,BB Ticker,Australia,,,
Lifecycle_Balanced_Pool_Superannuation,Listed Equity,"CME GROUP, INC.",CME US,BB Ticker,United States,,,
Lifecycle_Balanced_Pool_Superannuation,Listed Equity,"CBRE GROUP, INC.",CBRE US,BB Ticker,United States,,,
Lifecycle_Balanced_Pool_Superannuation,Listed Equity,DE GREY MINING LTD.,DEG AU,BB Ticker,Australia,,,
Lifecycle_Balanced_Pool_Superannuation,Listed Equity,KAROON ENERGY LTD.,KAR AU,BB Ticker,Australia,,,
Lifecycle_Balanced_Pool_Superannuation,Listed Equity,EDISON INTERNATIONAL,EIX US,BB Ticker,United States,,,
Lifecycle_Balanced_Pool_Superannuation,Listed Equity,"CLOUDFLARE, INC.",NET US,BB Ticker,United States,,,
Lifecycle_Balanced_Pool_Superannuation,Listed Equity,CIE GENERALE DES ETABLISSEMENTS MICHELIN SCA,ML FP,BB Ticker,France,,,
Lifecycle_Balanced_Pool_Superannuation,Listed Equity,LAM RESEARCH CORP.,LRCX US,BB Ticker,United States,,,
Lifecycle_Balanced_Pool_Superannuation,Listed Equity,"RESONA HOLDINGS, INC.",8308 JP,BB Ticker,Japan,,,
Lifecycle_Balanced_Pool_Superannuation,Listed Equity,"BLACKSTONE, INC.",BX US,BB Ticker,United States,,,
Lifecycle_Balanced_Pool_Superannuation,Listed Equity,JAPAN POST BANK CO. LTD.,7182 JP,BB Ticker,Japan,,,
Lifecycle_Balanced_Pool_Superannuation,Listed Equity,DEUTSCHE TELEKOM AG,DTE GR,BB Ticker,Germany,,,
Lifecycle_Balanced_Pool_Superannuation,Listed Equity,"LULULEMON ATHLETICA, INC.",LULU US,BB Ticker,United States,,,
Lifecycle_Balanced_Pool_Superannuation,Listed Equity,MAGELLAN FINANCIAL GROUP LTD.,MFG AU,BB Ticker,Australia,,,
Lifecycle_Balanced_Pool_Superannuation,Listed Equity,RANDSTAD NV,RAND NA,BB Ticker,Netherlands,,,
Lifecycle_Balanced_Pool_Superannuation,Listed Equity,ATLASSIAN CORP.,TEAM US,BB Ticker,United States,,,
Lifecycle_Balanced_Pool_Superannuation,Listed Equity,MITSUBISHI ELECTRIC CORP.,6503 JP,BB Ticker,Japan,,,
Lifecycle_Balanced_Pool_Superannuation,Listed Equity,BOEING CO.,BA US,BB Ticker,United States,,,
Lifecycle_Balanced_Pool_Superannuation,Listed Equity,VAULT MINERALS LTD.,VAU AU,BB Ticker,Australia,,,
Lifecycle_Balanced_Pool_Superannuation,Listed Equity,AMPHENOL CORP.,APH US,BB Ticker,United States,,,
Lifecycle_Balanced_Pool_Superannuation,Listed Equity,NEWS CORP.,NWS AU,BB Ticker,Australia,,,
Lifecycle_Balanced_Pool_Superannuation,Listed Equity,SAAB AB,SAABB SS,BB Ticker,Sweden,,,
Lifecycle_Balanced_Pool_Superannuation,Listed Equity,FRESENIUS MEDICAL CARE AG,FME GR,BB Ticker,Germany,,,
Lifecycle_Balanced_Pool_Superannuation,Listed Equity,"MAGNA INTERNATIONAL, INC.",MGA US,BB Ticker,United States,,,
Lifecycle_Balanced_Pool_Superannuation,Listed Equity,DEERE & CO.,DE US,BB Ticker,United States,,,
Lifecycle_Balanced_Pool_Superannuation,Listed Equity,ZURICH INSURANCE GROUP AG,ZURN SW,BB Ticker,Switzerland,,,
Lifecycle_Balanced_Pool_Superannuation,Listed Equity,"SUMITOMO MITSUI FINANCIAL GROUP, INC.",8316 JP,BB Ticker,Japan,,,
Lifecycle_Balanced_Pool_Superannuation,Listed Equity,HERMES INTERNATIONAL SCA,RMS FP,BB Ticker,France,,,
Lifecycle_Balanced_Pool_Superannuation,Listed Equity,"MARSH & MCLENNAN COS., INC.",MMC US,BB Ticker,United States,,,
Lifecycle_Balanced_Pool_Superannuation,Listed Equity,WEB TRAVEL GROUP LTD.,WEB AU,BB Ticker,Australia,,,
Lifecycle_Balanced_Pool_Superannuation,Listed Equity,"WORKDAY, INC.",WDAY US,BB Ticker,United States,,,
Lifecycle_Balanced_Pool_Superannuation,Listed Equity,J SAINSBURY PLC,SBRY LN,BB Ticker,United Kingdom,,,
Lifecycle_Balanced_Pool_Superannuation,Listed Equity,SHELL PLC,SHELL NA,BB Ticker,Netherlands,,,
Lifecycle_Balanced_Pool_Superannuation,Listed Equity,NATWEST GROUP PLC,NWG LN,BB Ticker,United Kingdom,,,
Lifecycle_Balanced_Pool_Superannuation,Listed Equity,IBERDROLA SA,IBE SM,BB Ticker,Spain,,,
Lifecycle_Balanced_Pool_Superannuation,Listed Equity,REXEL SA,RXL FP,BB Ticker,France,,,
Lifecycle_Balanced_Pool_Superannuation,Listed Equity,"PALO ALTO NETWORKS, INC.",PANW US,BB Ticker,United States,,,
Lifecycle_Balanced_Pool_Superannuation,Listed Equity,"AVNET, INC.",AVT US,BB Ticker,United States,,,
Lifecycle_Balanced_Pool_Superannuation,Listed Equity,AIRBUS SE,AIR FP,BB Ticker,France,,,
Lifecycle_Balanced_Pool_Superannuation,Listed Equity,"FRESHPET, INC.",FRPT US,BB Ticker,United States,,,
Lifecycle_Balanced_Pool_Superannuation,Listed Equity,CONOCOPHILLIPS,COP US,BB Ticker,United States,,,
Lifecycle_Balanced_Pool_Superannuation,Listed Equity,TRANE TECHNOLOGIES PLC,TT US,BB Ticker,United States,,,
Lifecycle_Balanced_Pool_Superannuation,Listed Equity,IMDEX LTD.,IMD AU,BB Ticker,Australia,,,
Lifecycle_Balanced_Pool_Superannuation,Listed Equity,JUDO CAPITAL HOLDINGS LTD.,JDO AU,BB Ticker,Australia,,,
Lifecycle_Balanced_Pool_Superannuation,Listed Equity,HDFC BANK LTD.,HDFCB IN,BB Ticker,India,,,
Lifecycle_Balanced_Pool_Superannuation,Listed Equity,"UNITED PARCEL SERVICE, INC.",UPS US,BB Ticker,United States,,,
Lifecycle_Balanced_Pool_Superannuation,Listed Equity,"DOW, INC.",DOW US,BB Ticker,United States,,,
Lifecycle_Balanced_Pool_Superannuation,Listed Equity,"ONEOK, INC.",OKE US,BB Ticker,United States,,,
Lifecycle_Balanced_Pool_Superannuation,Listed Equity,"NOV, INC.",NOV US,BB Ticker,United States,,,
Lifecycle_Balanced_Pool_Superannuation,Listed Equity,PEXA GROUP LTD.,PXA AU,BB Ticker,Australia,,,
Lifecycle_Balanced_Pool_Superannuation,Listed Equity,ILUKA RESOURCES LTD.,ILU AU,BB Ticker,Australia,,,
Lifecycle_Balanced_Pool_Superannuation,Listed Equity,KLA CORP.,KLAC US,BB Ticker,United States,,,
Lifecycle_Balanced_Pool_Superannuation,Listed Equity,MITSUBISHI HEAVY INDUSTRIES LTD.,7011 JP,BB Ticker,Japan,,,
Lifecycle_Balanced_Pool_Superannuation,Listed Equity,BEGA CHEESE LTD.,BGA AU,BB Ticker,Australia,,,
Lifecycle_Balanced_Pool_Superannuation,Listed Equity,STARBUCKS CORP.,SBUX US,BB Ticker,United States,,,
Lifecycle_Balanced_Pool_Superannuation,Listed Equity,RIO TINTO PLC,RIO LN,BB Ticker,United Kingdom,,,
Lifecycle_Balanced_Pool_Superannuation,Listed Equity,ADVANTEST CORP.,6857 JP,BB Ticker,Japan,,,
Lifecycle_Balanced_Pool_Superannuation,Listed Equity,"MONDELEZ INTERNATIONAL, INC.",MDLZ US,BB Ticker,United States,,,
Lifecycle_Balanced_Pool_Superannuation,Listed Equity,"MARVELL TECHNOLOGY, INC.",MRVL US,BB Ticker,United States,,,
Lifecycle_Balanced_Pool_Superannuation,Listed Equity,CHINA OVERSEAS LAND & INVESTMENT LTD.,688 HK,BB Ticker,Hong Kong,,,
Lifecycle_Balanced_Pool_Superannuation,Listed Equity,CHUBB LTD.,CB US,BB Ticker,United States,,,
Lifecycle_Balanced_Pool_Superannuation,Listed Equity,PVH CORP.,PVH US,BB Ticker,United States,,,
Lifecycle_Balanced_Pool_Superannuation,Listed Equity,NIB HOLDINGS LTD.,NHF AU,BB Ticker,Australia,,,
Lifecycle_Balanced_Pool_Superannuation,Listed Equity,"MOTOROLA SOLUTIONS, INC.",MSI US,BB Ticker,United States,,,
Lifecycle_Balanced_Pool_Superannuation,Listed Equity,AIA GROUP LTD.,1299 HK,BB Ticker,Hong Kong,,,
Lifecycle_Balanced_Pool_Superannuation,Listed Equity,MONADELPHOUS GROUP LTD.,MND AU,BB Ticker,Australia,,,
Lifecycle_Balanced_Pool_Superannuation,Listed Equity,ABB LTD.,ABBN SW,BB Ticker,Switzerland,,,
Lifecycle_Balanced_Pool_Superannuation,Listed Equity,SOFTBANK GROUP CORP.,9984 JP,BB Ticker,Japan,,,
Lifecycle_Balanced_Pool_Superannuation,Listed Equity,DETERRA ROYALTIES LTD.,DRR AU,BB Ticker,Australia,,,
Lifecycle_Balanced_Pool_Superannuation,Listed Equity,"ENBRIDGE, INC.",ENB CN,BB Ticker,Canada,,,
Lifecycle_Balanced_Pool_Superannuation,Listed Equity,"ANALOG DEVICES, INC.",ADI US,BB Ticker,United States,,,
Lifecycle_Balanced_Pool_Superannuation,Listed Equity,PALADIN ENERGY LTD.,PDN AU,BB Ticker,Australia,,,
Lifecycle_Balanced_Pool_Superannuation,Listed Equity,"WASTE MANAGEMENT, INC.",WM US,BB Ticker,United States,,,
Lifecycle_Balanced_Pool_Superannuation,Listed Equity,COLGATE-PALMOLIVE CO.,CL US,BB Ticker,United States,,,
Lifecycle_Balanced_Pool_Superannuation,Listed Equity,DOMINO'S PIZZA ENTERPRISES LTD.,DMP AU,BB Ticker,Australia,,,
Lifecycle_Balanced_Pool_Superannuation,Listed Equity,ITOCHU CORP.,8001 JP,BB Ticker,Japan,,,
Lifecycle_Balanced_Pool_Superannuation,Listed Equity,"CADENCE DESIGN SYSTEMS, INC.",CDNS US,BB Ticker,United States,,,
Lifecycle_Balanced_Pool_Superannuation,Listed Equity,PERPETUAL LTD.,PPT AU,BB Ticker,Australia,,,
Lifecycle_Balanced_Pool_Superannuation,Listed Equity,GOLD ROAD RESOURCES LTD.,GOR AU,BB Ticker,Australia,,,
Lifecycle_Balanced_Pool_Superannuation,Listed Equity,"WASTE CONNECTIONS, INC.",WCN US,BB Ticker,United States,,,
Lifecycle_Balanced_Pool_Superannuation,Listed Equity,CHINA CONSTRUCTION BANK CORP.,939 HK,BB Ticker,Hong Kong,,,
Lifecycle_Balanced_Pool_Superannuation,Listed Equity,"PNC FINANCIAL SERVICES GROUP, INC.",PNC US,BB Ticker,United States,,,
Lifecycle_Balanced_Pool_Superannuation,Listed Equity,"SHOPIFY, INC.",SHOP US,BB Ticker,United States,,,
Lifecycle_Balanced_Pool_Superannuation,Listed Equity,GENERAL MOTORS CO.,GM US,BB Ticker,United States,,,
Lifecycle_Balanced_Pool_Superannuation,Listed Equity,NORTHROP GRUMMAN CORP.,NOC US,BB Ticker,United States,,,
Lifecycle_Balanced_Pool_Superannuation,Listed Equity,SHERWIN-WILLIAMS CO.,SHW US,BB Ticker,United States,,,
Lifecycle_Balanced_Pool_Superannuation,Listed Equity,ARCELORMITTAL SA,MT NA,BB Ticker,Netherlands,,,
Lifecycle_Balanced_Pool_Superannuation,Listed Equity,"ECOLAB, INC.",ECL US,BB Ticker,United States,,,
Lifecycle_Balanced_Pool_Superannuation,Listed Equity,ICICI BANK LTD.,ICICIBC IN,BB Ticker,India,,,
Lifecycle_Balanced_Pool_Superannuation,Listed Equity,L'OREAL SA,OR FP,BB Ticker,France,,,
Lifecycle_Balanced_Pool_Superannuation,Listed Equity,ARCADIUM LITHIUM PLC,LTM AU,BB Ticker,Australia,,,
Lifecycle_Balanced_Pool_Superannuation,Listed Equity,TDK CORP.,6762 JP,BB Ticker,Japan,,,
Lifecycle_Balanced_Pool_Superannuation,Listed Equity,INGHAMS GROUP LTD.,ING AU,BB Ticker,Australia,,,
Lifecycle_Balanced_Pool_Superannuation,Listed Equity,"NIKE, INC.",NKE US,BB Ticker,United States,,,
Lifecycle_Balanced_Pool_Superannuation,Listed Equity,MARATHON PETROLEUM CORP.,MPC US,BB Ticker,United States,,,
Lifecycle_Balanced_Pool_Superannuation,Listed Equity,"MEDIATEK, INC.",2454 TT,BB Ticker,Taiwan,,,
Lifecycle_Balanced_Pool_Superannuation,Listed Equity,"NEWELL BRANDS, INC.",NWL US,BB Ticker,United States,,,
Lifecycle_Balanced_Pool_Superannuation,Listed Equity,TORONTO-DOMINION BANK,TD CN,BB Ticker,Canada,,,
Lifecycle_Balanced_Pool_Superannuation,Listed Equity,RELIANCE INDUSTRIES LTD.,RELIANCE IN,BB Ticker,India,,,
Lifecycle_Balanced_Pool_Superannuation,Listed Equity,LEAR CORP.,LEA US,BB Ticker,United States,,,
Lifecycle_Balanced_Pool_Superannuation,Listed Equity,EMERSON ELECTRIC CO.,EMR US,BB Ticker,United States,,,
Lifecycle_Balanced_Pool_Superannuation,Listed Equity,MITSUI & CO. LTD.,8031 JP,BB Ticker,Japan,,,
Lifecycle_Balanced_Pool_Superannuation,Listed Equity,INTESA SANPAOLO SPA,ISP IM,BB Ticker,Italy,,,
Lifecycle_Balanced_Pool_Superannuation,Listed Equity,TARGA RESOURCES CORP.,TRGP US,BB Ticker,United States,,,
Lifecycle_Balanced_Pool_Superannuation,Listed Equity,"KKR & CO., INC.",KKR US,BB Ticker,United States,,,
Lifecycle_Balanced_Pool_Superannuation,Listed Equity,"HCA HEALTHCARE, INC.",HCA US,BB Ticker,United States,,,
Lifecycle_Balanced_Pool_Superannuation,Listed Equity,HELIA GROUP LTD.,HLI AU,BB Ticker,Australia,,,
Lifecycle_Balanced_Pool_Superannuation,Listed Equity,INFOSYS LTD.,INFO IN,BB Ticker,India,,,
Lifecycle_Balanced_Pool_Superannuation,Listed Equity,IRESS LTD.,IRE AU,BB Ticker,Australia,,,
Lifecycle_Balanced_Pool_Superannuation,Listed Equity,HON HAI PRECISION INDUSTRY CO. LTD.,2317 TT,BB Ticker,Taiwan,,,
Lifecycle_Balanced_Pool_Superannuation,Listed Equity,"MARRIOTT INTERNATIONAL, INC.",MAR US,BB Ticker,United States,,,
Lifecycle_Balanced_Pool_Superannuation,Listed Equity,CODAN LTD.,CDA AU,BB Ticker,Australia,,,
Lifecycle_Balanced_Pool_Superannuation,Listed Equity,MESOBLAST LTD.,MSB AU,BB Ticker,Australia,,,
Lifecycle_Balanced_Pool_Superannuation,Listed Equity,PARKER-HANNIFIN CORP.,PH US,BB Ticker,United States,,,
Lifecycle_Balanced_Pool_Superannuation,Listed Equity,PERENTI LTD.,PRN AU,BB Ticker,Australia,,,
Lifecycle_Balanced_Pool_Superannuation,Listed Equity,INTEL CORP.,INTC US,BB Ticker,United States,,,
Lifecycle_Balanced_Pool_Superannuation,Listed Equity,CINTAS CORP.,CTAS US,BB Ticker,United States,,,
Lifecycle_Balanced_Pool_Superannuation,Listed Equity,UNICREDIT SPA,UCG IM,BB Ticker,Italy,,,
Lifecycle_Balanced_Pool_Superannuation,Listed Equity,"FIDELITY NATIONAL INFORMATION SERVICES, INC.",FIS US,BB Ticker,United States,,,
Lifecycle_Balanced_Pool_Superannuation,Listed Equity,LLOYDS BANKING GROUP PLC,LLOY LN,BB Ticker,United Kingdom,,,
Lifecycle_Balanced_Pool_Superannuation,Listed Equity,KEYENCE CORP.,6861 JP,BB Ticker,Japan,,,
Lifecycle_Balanced_Pool_Superannuation,Listed Equity,GSK PLC,GSK LN,BB Ticker,United Kingdom,,,
Lifecycle_Balanced_Pool_Superannuation,Listed Equity,"AUTODESK, INC.",ADSK US,BB Ticker,United States,,,
Lifecycle_Balanced_Pool_Superannuation,Listed Equity,XIAOMI CORP.,1810 HK,BB Ticker,Hong Kong,,,
Lifecycle_Balanced_Pool_Superannuation,Listed Equity,SYNCHRONY FINANCIAL,SYF US,BB Ticker,United States,,,
Lifecycle_Balanced_Pool_Superannuation,Listed Equity,BROOKFIELD CORP.,BN CN,BB Ticker,Canada,,,
Lifecycle_Balanced_Pool_Superannuation,Listed Equity,"INTERCONTINENTAL EXCHANGE, INC.",ICE US,BB Ticker,United States,,,
Lifecycle_Balanced_Pool_Superannuation,Listed Equity,BAKER HUGHES CO.,BKR US,BB Ticker,United States,,,
Lifecycle_Balanced_Pool_Superannuation,Listed Equity,HESS CORP.,HES US,BB Ticker,United States,,,
Lifecycle_Balanced_Pool_Superannuation,Listed Equity,BANCO SANTANDER SA,SAN SM,BB Ticker,Spain,,,
Lifecycle_Balanced_Pool_Superannuation,Listed Equity,"COUPANG, INC.",CPNG US,BB Ticker,United States,,,
Lifecycle_Balanced_Pool_Superannuation,Listed Equity,"ILLINOIS TOOL WORKS, INC.",ITW US,BB Ticker,United States,,,
Lifecycle_Balanced_Pool_Superannuation,Listed Equity,KROGER CO.,KR US,BB Ticker,United States,,,
Lifecycle_Balanced_Pool_Superannuation,Listed Equity,"SYNOPSYS, INC.",SNPS US,BB Ticker,United States,,,
Lifecycle_Balanced_Pool_Superannuation,Listed Equity,"CORNING, INC.",GLW US,BB Ticker,United States,,,
Lifecycle_Balanced_Pool_Superannuation,Listed Equity,RELX PLC,REL LN,BB Ticker,United Kingdom,,,
Lifecycle_Balanced_Pool_Superannuation,Listed Equity,INVESTOR AB,INVEB SS,BB Ticker,Sweden,,,
Lifecycle_Balanced_Pool_Superannuation,Listed Equity,BANCO BILBAO VIZCAYA ARGENTARIA SA,BBVA SM,BB Ticker,Spain,,,
Lifecycle_Balanced_Pool_Superannuation,Listed Equity,"CROWDSTRIKE HOLDINGS, INC.",CRWD US,BB Ticker,United States,,,
Lifecycle_Balanced_Pool_Superannuation,Listed Equity,BANK OF NEW YORK MELLON CORP.,BK US,BB Ticker,United States,,,
Lifecycle_Balanced_Pool_Superannuation,Listed Equity,ELDERS LTD.,ELD AU,BB Ticker,Australia,,,
Lifecycle_Balanced_Pool_Superannuation,Listed Equity,SAFRAN SA,SAF FP,BB Ticker,France,,,
Lifecycle_Balanced_Pool_Superannuation,Listed Equity,CIE FINANCIERE RICHEMONT SA,CFR SW,BB Ticker,Switzerland,,,
Lifecycle_Balanced_Pool_Superannuation,Listed Equity,"REGENERON PHARMACEUTICALS, INC.",REGN US,BB Ticker,United States,,,
Lifecycle_Balanced_Pool_Superannuation,Listed Equity,AXA SA,CS FP,BB Ticker,France,,,
Lifecycle_Balanced_Pool_Superannuation,Listed Equity,MUENCHENER RUECKVERSICHERUNGS-GESELLSCHAFT AG IN MUENCHEN,MUV2 GR,BB Ticker,Germany,,,
Lifecycle_Balanced_Pool_Superannuation,Listed Equity,MOODY'S CORP.,MCO US,BB Ticker,United States,,,
Lifecycle_Balanced_Pool_Superannuation,Listed Equity,NUIX LTD.,NXL AU,BB Ticker,Australia,,,
Lifecycle_Balanced_Pool_Superannuation,Listed Equity,ROBLOX CORP.,RBLX US,BB Ticker,United States,,,
Lifecycle_Balanced_Pool_Superannuation,Listed Equity,MITSUBISHI CORP.,8058 JP,BB Ticker,Japan,,,
Lifecycle_Balanced_Pool_Superannuation,Listed Equity,"JEFFERIES FINANCIAL GROUP, INC.",JEF US,BB Ticker,United States,,,
Lifecycle_Balanced_Pool_Superannuation,Listed Equity,"INTERACTIVE BROKERS GROUP, INC.",IBKR US,BB Ticker,United States,,,
Lifecycle_Balanced_Pool_Superannuation,Listed Equity,STANMORE RESOURCES LTD.,SMR AU,BB Ticker,Australia,,,
Lifecycle_Balanced_Pool_Superannuation,Listed Equity,TEXAS PACIFIC LAND CORP.,TPL US,BB Ticker,United States,,,
Lifecycle_Balanced_Pool_Superannuation,Listed Equity,PRAIRIESKY ROYALTY LTD.,PSK CN,BB Ticker,Canada,,,
Lifecycle_Balanced_Pool_Superannuation,Listed Equity,SERVICE STREAM LTD.,SSM AU,BB Ticker,Australia,,,
Lifecycle_Balanced_Pool_Superannuation,Listed Equity,INDUSTRIA DE DISENO TEXTIL SA,ITX SM,BB Ticker,Spain,,,
Lifecycle_Balanced_Pool_Superannuation,Listed Equity,"TOKIO MARINE HOLDINGS, INC.",8766 JP,BB Ticker,Japan,,,
Lifecycle_Balanced_Pool_Superannuation,Listed Equity,CSX CORP.,CSX US,BB Ticker,United States,,,
Lifecycle_Balanced_Pool_Superannuation,Listed Equity,"DEXCOM, INC.",DXCM US,BB Ticker,United States,,,
Lifecycle_Balanced_Pool_Superannuation,Listed Equity,TABCORP HOLDINGS LTD.,TAH AU,BB Ticker,Australia,,,
Lifecycle_Balanced_Pool_Superannuation,Listed Equity,BNP PARIBAS SA,BNP FP,BB Ticker,France,,,
Lifecycle_Balanced_Pool_Superannuation,Listed Equity,SITEMINDER LTD.,SDR AU,BB Ticker,Australia,,,
Lifecycle_Balanced_Pool_Superannuation,Listed Equity,"DT MIDSTREAM, INC.",DTM US,BB Ticker,United States,,,
Lifecycle_Balanced_Pool_Superannuation,Listed Equity,MAGNOLIA OIL & GAS CORP.,MGY US,BB Ticker,United States,,,
Lifecycle_Balanced_Pool_Superannuation,Listed Equity,"FORTINET, INC.",FTNT US,BB Ticker,United States,,,
Lifecycle_Balanced_Pool_Superannuation,Listed Equity,"EQUITABLE HOLDINGS, INC.",EQH US,BB Ticker,United States,,,
Lifecycle_Balanced_Pool_Superannuation,Listed Equity,SMC CORP.,6273 JP,BB Ticker,Japan,,,
Lifecycle_Balanced_Pool_Superannuation,Listed Equity,BOSS ENERGY LTD.,BOE AU,BB Ticker,Australia,,,
Lifecycle_Balanced_Pool_Superannuation,Listed Equity,"CONSOLIDATED EDISON, INC.",ED US,BB Ticker,United States,,,
Lifecycle_Balanced_Pool_Superannuation,Listed Equity,NICK SCALI LTD.,NCK AU,BB Ticker,Australia,,,
Lifecycle_Balanced_Pool_Superannuation,Listed Equity,"CONSTELLATION SOFTWARE, INC.",CSU CN,BB Ticker,Canada,,,
Lifecycle_Balanced_Pool_Superannuation,Listed Equity,"PUBLIC SERVICE ENTERPRISE GROUP, INC.",PEG US,BB Ticker,United States,,,
Lifecycle_Balanced_Pool_Superannuation,Listed Equity,BANK OF MONTREAL,BMO CN,BB Ticker,Canada,,,
Lifecycle_Balanced_Pool_Superannuation,Listed Equity,NU HOLDINGS LTD.,NU US,BB Ticker,United States,,,
Lifecycle_Balanced_Pool_Superannuation,Listed Equity,ESSILORLUXOTTICA SA,EL FP,BB Ticker,France,,,
Lifecycle_Balanced_Pool_Superannuation,Listed Equity,NEUREN PHARMACEUTICALS LTD.,NEU AU,BB Ticker,Australia,,,
Lifecycle_Balanced_Pool_Superannuation,Listed Equity,GALAXY ENTERTAINMENT GROUP LTD.,27 HK,BB Ticker,Hong Kong,,,
Lifecycle_Balanced_Pool_Superannuation,Listed Equity,NINTENDO CO. LTD.,7974 JP,BB Ticker,Japan,,,
Lifecycle_Balanced_Pool_Superannuation,Listed Equity,TESCO PLC,TSCO LN,BB Ticker,United Kingdom,,,
Lifecycle_Balanced_Pool_Superannuation,Listed Equity,CONSTELLATION ENERGY CORP.,CEG US,BB Ticker,United States,,,
Lifecycle_Balanced_Pool_Superannuation,Listed Equity,3M CO.,MMM US,BB Ticker,United States,,,
Lifecycle_Balanced_Pool_Superannuation,Listed Equity,CANADIAN PACIFIC KANSAS CITY LTD.,CP CN,BB Ticker,Canada,,,
Lifecycle_Balanced_Pool_Superannuation,Listed Equity,ROYAL CARIBBEAN CRUISES LTD.,RCL US,BB Ticker,United States,,,
Lifecycle_Balanced_Pool_Superannuation,Listed Equity,ROLLS-ROYCE HOLDINGS PLC,RR LN,BB Ticker,United Kingdom,,,
Lifecycle_Balanced_Pool_Superannuation,Listed Equity,"O'REILLY AUTOMOTIVE, INC.",ORLY US,BB Ticker,United States,,,
Lifecycle_Balanced_Pool_Superannuation,Listed Equity,"SAMSARA, INC.",IOT US,BB Ticker,United States,,,
Lifecycle_Balanced_Pool_Superannuation,Listed Equity,U.S. BANCORP,USB US,BB Ticker,United States,,,
Lifecycle_Balanced_Pool_Superannuation,Listed Equity,DIAGEO PLC,DGE LN,BB Ticker,United Kingdom,,,
Lifecycle_Balanced_Pool_Superannuation,Listed Equity,WEST AFRICAN RESOURCES LTD.,WAF AU,BB Ticker,Australia,,,
Lifecycle_Balanced_Pool_Superannuation,Listed Equity,"TRANSDIGM GROUP, INC.",TDG US,BB Ticker,United States,,,
Lifecycle_Balanced_Pool_Superannuation,Listed Equity,FAST RETAILING CO. LTD.,9983 JP,BB Ticker,Japan,,,
Lifecycle_Balanced_Pool_Superannuation,Listed Equity,CORPORATE TRAVEL MANAGEMENT LTD.,CTD AU,BB Ticker,Australia,,,
Lifecycle_Balanced_Pool_Superannuation,Listed Equity,SHINHAN FINANCIAL GROUP CO. LTD.,055550 KS,BB Ticker,South Korea,,,
Lifecycle_Balanced_Pool_Superannuation,Listed Equity,"AMERIPRISE FINANCIAL, INC.",AMP US,BB Ticker,United States,,,
Lifecycle_Balanced_Pool_Superannuation,Listed Equity,STANDARD CHARTERED PLC,STAN LN,BB Ticker,United Kingdom,,,
Lifecycle_Balanced_Pool_Superannuation,Listed Equity,EAGERS AUTOMOTIVE LTD.,APE AU,BB Ticker,Australia,,,
Lifecycle_Balanced_Pool_Superannuation,Listed Equity,"HILTON WORLDWIDE HOLDINGS, INC.",HLT US,BB Ticker,United States,,,
Lifecycle_Balanced_Pool_Superannuation,Listed Equity,"KEURIG DR. PEPPER, INC.",KDP US,BB Ticker,United States,,,
Lifecycle_Balanced_Pool_Superannuation,Listed Equity,SMARTGROUP CORP. LTD.,SIQ AU,BB Ticker,Australia,,,
Lifecycle_Balanced_Pool_Superannuation,Listed Equity,CANADIAN NATIONAL RAILWAY CO.,CNR CN,BB Ticker,Canada,,,
Lifecycle_Balanced_Pool_Superannuation,Listed Equity,"ZOETIS, INC.",ZTS US,BB Ticker,United States,,,
Lifecycle_Balanced_Pool_Superannuation,Listed Equity,FLEETPARTNERS GROUP LTD.,FPR AU,BB Ticker,Australia,,,
Lifecycle_Balanced_Pool_Superannuation,Listed Equity,"AUTOZONE, INC.",AZO US,BB Ticker,United States,,,
Lifecycle_Balanced_Pool_Superannuation,Listed Equity,NATIONAL GRID PLC,NG LN,BB Ticker,United Kingdom,,,
Lifecycle_Balanced_Pool_Superannuation,Listed Equity,PUIG BRANDS SA,PUIG SM,BB Ticker,Spain,,,
Lifecycle_Balanced_Pool_Superannuation,Listed Equity,AIR LIQUIDE SA,AI FP,BB Ticker,France,,,
Lifecycle_Balanced_Pool_Superannuation,Listed Equity,ACCENT GROUP LTD.,AX1 AU,BB Ticker,Australia,,,
Lifecycle_Balanced_Pool_Superannuation,Listed Equity,"CUMMINS, INC.",CMI US,BB Ticker,United States,,,
Lifecycle_Balanced_Pool_Superannuation,Listed Equity,TARGET CORP.,TGT US,BB Ticker,United States,,,
Lifecycle_Balanced_Pool_Superannuation,Listed Equity,"WILLIAMS COS., INC.",WMB US,BB Ticker,United States,,,
Lifecycle_Balanced_Pool_Superannuation,Listed Equity,HONDA MOTOR CO. LTD.,7267 JP,BB Ticker,Japan,,,
Lifecycle_Balanced_Pool_Superannuation,Listed Equity,CHORUS LTD.,CNU AU,BB Ticker,Australia,,,
Lifecycle_Balanced_Pool_Superannuation,Listed Equity,"DOORDASH, INC.",DASH US,BB Ticker,United States,,,
Lifecycle_Balanced_Pool_Superannuation,Listed Equity,DBS GROUP HOLDINGS LTD.,DBS SP,BB Ticker,Singapore,,,
Lifecycle_Balanced_Pool_Superannuation,Listed Equity,"HOWMET AEROSPACE, INC.",HWM US,BB Ticker,United States,,,
Lifecycle_Balanced_Pool_Superannuation,Listed Equity,BANK OF NOVA SCOTIA,BNS CN,BB Ticker,Canada,,,
Lifecycle_Balanced_Pool_Superannuation,Listed Equity,AMBEV SA,ABEV3 BZ,BB Ticker,Brazil,,,
Lifecycle_Balanced_Pool_Superannuation,Listed Equity,AON PLC,AON US,BB Ticker,United States,,,
Lifecycle_Balanced_Pool_Superannuation,Listed Equity,KIMBERLY-CLARK CORP.,KMB US,BB Ticker,United States,,,
Lifecycle_Balanced_Pool_Superannuation,Listed Equity,"JD.COM, INC.",9618 HK,BB Ticker,Hong Kong,,,
Lifecycle_Balanced_Pool_Superannuation,Listed Equity,EXELON CORP.,EXC US,BB Ticker,United States,,,
Lifecycle_Balanced_Pool_Superannuation,Listed Equity,EMAAR PROPERTIES PJSC,EMAAR UH,BB Ticker,United Arab Emirates,,,
Lifecycle_Balanced_Pool_Superannuation,Listed Equity,REGIS HEALTHCARE LTD.,REG AU,BB Ticker,Australia,,,
Lifecycle_Balanced_Pool_Superannuation,Listed Equity,SELECT HARVESTS LTD.,SHV AU,BB Ticker,Australia,,,
Lifecycle_Balanced_Pool_Superannuation,Listed Equity,"PRUDENTIAL FINANCIAL, INC.",PRU US,BB Ticker,United States,,,
Lifecycle_Balanced_Pool_Superannuation,Listed Equity,"UNITED RENTALS, INC.",URI US,BB Ticker,United States,,,
Lifecycle_Balanced_Pool_Superannuation,Listed Equity,TEMPLE & WEBSTER GROUP LTD.,TPW AU,BB Ticker,Australia,,,
Lifecycle_Balanced_Pool_Superannuation,Listed Equity,VERTIV HOLDINGS CO.,VRT US,BB Ticker,United States,,,
Lifecycle_Balanced_Pool_Superannuation,Listed Equity,"APOLLO GLOBAL MANAGEMENT, INC.",APO US,BB Ticker,United States,,,
Lifecycle_Balanced_Pool_Superannuation,Listed Equity,OVERSEA-CHINESE BANKING CORP. LTD.,OCBC SP,BB Ticker,Singapore,,,
Lifecycle_Balanced_Pool_Superannuation,Listed Equity,TRUIST FINANCIAL CORP.,TFC US,BB Ticker,United States,,,
Lifecycle_Balanced_Pool_Superannuation,Listed Equity,FAIRFAX FINANCIAL HOLDINGS LTD.,FFH CN,BB Ticker,Canada,,,
Lifecycle_Balanced_Pool_Superannuation,Listed Equity,MANULIFE FINANCIAL CORP.,MFC CN,BB Ticker,Canada,,,
Lifecycle_Balanced_Pool_Superannuation,Listed Equity,CAPSTONE COPPER CORP.,CSC AU,BB Ticker,Australia,,,
Lifecycle_Balanced_Pool_Superannuation,Listed Equity,MONSTER BEVERAGE CORP.,MNST US,BB Ticker,United States,,,
Lifecycle_Balanced_Pool_Superannuation,Listed Equity,SHIN-ETSU CHEMICAL CO. LTD.,4063 JP,BB Ticker,Japan,,,
Lifecycle_Balanced_Pool_Superannuation,Listed Equity,MAAS GROUP HOLDINGS LTD.,MGH AU,BB Ticker,Australia,,,
Lifecycle_Balanced_Pool_Superannuation,Listed Equity,"KINDER MORGAN, INC.",KMI US,BB Ticker,United States,,,
Lifecycle_Balanced_Pool_Superannuation,Listed Equity,"ELECTRONIC ARTS, INC.",EA US,BB Ticker,United States,,,
Lifecycle_Balanced_Pool_Superannuation,Listed Equity,CRH PLC,CRH US,BB Ticker,United States,,,
Lifecycle_Balanced_Pool_Superannuation,Listed Equity,"CHENIERE ENERGY, INC.",LNG US,BB Ticker,United States,,,
Lifecycle_Balanced_Pool_Superannuation,Listed Equity,CARRIER GLOBAL CORP.,CARR US,BB Ticker,United States,,,
Lifecycle_Balanced_Pool_Superannuation,Listed Equity,NORFOLK SOUTHERN CORP.,NSC US,BB Ticker,United States,,,
Lifecycle_Balanced_Pool_Superannuation,Listed Equity,COMPASS GROUP PLC,CPG LN,BB Ticker,United Kingdom,,,
Lifecycle_Balanced_Pool_Superannuation,Listed Equity,FEDEX CORP.,FDX US,BB Ticker,United States,,,
Lifecycle_Balanced_Pool_Superannuation,Listed Equity,SEMPRA,SRE US,BB Ticker,United States,,,
Lifecycle_Balanced_Pool_Superannuation,Listed Equity,VODAFONE GROUP PLC,VOD LN,BB Ticker,United Kingdom,,,
Lifecycle_Balanced_Pool_Superannuation,Listed Equity,PING AN INSURANCE GROUP CO. OF CHINA LTD.,2318 HK,BB Ticker,Hong Kong,,,
Lifecycle_Balanced_Pool_Superannuation,Listed Equity,"NOMURA HOLDINGS, INC.",8604 JP,BB Ticker,Japan,,,
Lifecycle_Balanced_Pool_Superannuation,Listed Equity,AMOTIV LTD.,AOV AU,BB Ticker,Australia,,,
Lifecycle_Balanced_Pool_Superannuation,Listed Equity,ANGLO AMERICAN PLC,AAL LN,BB Ticker,United Kingdom,,,
Lifecycle_Balanced_Pool_Superannuation,Listed Equity,CHINA MERCHANTS BANK CO. LTD.,3968 HK,BB Ticker,Hong Kong,,,
Lifecycle_Balanced_Pool_Superannuation,Listed Equity,SAMSUNG ELECTRONICS CO. LTD.,005935 KS,BB Ticker,South Korea,,,
Lifecycle_Balanced_Pool_Superannuation,Listed Equity,"CANON, INC.",7751 JP,BB Ticker,Japan,,,
Lifecycle_Balanced_Pool_Superannuation,Listed Equity,"ELF BEAUTY, INC.",ELF US,BB Ticker,United States,,,
Lifecycle_Balanced_Pool_Superannuation,Listed Equity,AL RAJHI BANK,RJHI AB,BB Ticker,Saudi Arabia,,,
Lifecycle_Balanced_Pool_Superannuation,Listed Equity,WESTINGHOUSE AIR BRAKE TECHNOLOGIES CORP.,WAB US,BB Ticker,United States,,,
Lifecycle_Balanced_Pool_Superannuation,Listed Equity,BECTON DICKINSON & CO.,BDX US,BB Ticker,United States,,,
Lifecycle_Balanced_Pool_Superannuation,Listed Equity,BELLEVUE GOLD LTD.,BGL AU,BB Ticker,Australia,,,
Lifecycle_Balanced_Pool_Superannuation,Listed Equity,"TRAVELERS COS., INC.",TRV US,BB Ticker,United States,,,
Lifecycle_Balanced_Pool_Superannuation,Listed Equity,NOKIA OYJ,NOK US,BB Ticker,United States,,,
Lifecycle_Balanced_Pool_Superannuation,Listed Equity,DAIICHI SANKYO CO. LTD.,4568 JP,BB Ticker,Japan,,,
Lifecycle_Balanced_Pool_Superannuation,Listed Equity,EMERALD RESOURCES NL,EMR AU,BB Ticker,Australia,,,
Lifecycle_Balanced_Pool_Superannuation,Listed Equity,VULCAN MATERIALS CO.,VMC US,BB Ticker,United States,,,
Lifecycle_Balanced_Pool_Superannuation,Listed Equity,INDUSTRIAL & COMMERCIAL BANK OF CHINA LTD.,1398 HK,BB Ticker,Hong Kong,,,
Lifecycle_Balanced_Pool_Superannuation,Listed Equity,NICKEL INDUSTRIES LTD.,NIC AU,BB Ticker,Australia,,,
Lifecycle_Balanced_Pool_Superannuation,Listed Equity,CANADIAN IMPERIAL BANK OF COMMERCE,CM CN,BB Ticker,Canada,,,
Lifecycle_Balanced_Pool_Superannuation,Listed Equity,AMUNDI SA,AMUN FP,BB Ticker,France,,,
Lifecycle_Balanced_Pool_Superannuation,Listed Equity,IPH LTD.,IPH AU,BB Ticker,Australia,,,
Lifecycle_Balanced_Pool_Superannuation,Listed Equity,"SNAP, INC.",SNAP US,BB Ticker,United States,,,
Lifecycle_Balanced_Pool_Superannuation,Listed Equity,HONG KONG EXCHANGES & CLEARING LTD.,388 HK,BB Ticker,Hong Kong,,,
Lifecycle_Balanced_Pool_Superannuation,Listed Equity,GENERAL DYNAMICS CORP.,GD US,BB Ticker,United States,,,
Lifecycle_Balanced_Pool_Superannuation,Listed Equity,TITAN CO. LTD.,TTAN IN,BB Ticker,India,,,
Lifecycle_Balanced_Pool_Superannuation,Listed Equity,DEUTSCHE BANK AG,DBK GR,BB Ticker,Germany,,,
Lifecycle_Balanced_Pool_Superannuation,Listed Equity,RESOLUTE MINING LTD.,RSG AU,BB Ticker,Australia,,,
Lifecycle_Balanced_Pool_Superannuation,Listed Equity,BHARTI AIRTEL LTD.,BHARTI IN,BB Ticker,India,,,
Lifecycle_Balanced_Pool_Superannuation,Listed Equity,JUMBO INTERACTIVE LTD.,JIN AU,BB Ticker,Australia,,,
Lifecycle_Balanced_Pool_Superannuation,Listed Equity,CIE DE SAINT-GOBAIN SA,SGO FP,BB Ticker,France,,,
Lifecycle_Balanced_Pool_Superannuation,Listed Equity,"AIR PRODUCTS & CHEMICALS, INC.",APD US,BB Ticker,United States,,,
Lifecycle_Balanced_Pool_Superannuation,Listed Equity,CENTENE CORP.,CNC US,BB Ticker,United States,,,
Lifecycle_Balanced_Pool_Superannuation,Listed Equity,"PACCAR, INC.",PCAR US,BB Ticker,United States,,,
Lifecycle_Balanced_Pool_Superannuation,Listed Equity,PG&E CORP.,PCG US,BB Ticker,United States,,,
Lifecycle_Balanced_Pool_Superannuation,Listed Equity,EDWARDS LIFESCIENCES CORP.,EW US,BB Ticker,United States,,,
Lifecycle_Balanced_Pool_Superannuation,Listed Equity,"AIRBNB, INC.",ABNB US,BB Ticker,United States,,,
Lifecycle_Balanced_Pool_Superannuation,Listed Equity,PROSUS NV,PRX NA,BB Ticker,Netherlands,,,
Lifecycle_Balanced_Pool_Superannuation,Listed Equity,"GQG PARTNERS, INC.",GQG AU,BB Ticker,Australia,,,
Lifecycle_Balanced_Pool_Superannuation,Listed Equity,"CITIZENS FINANCIAL GROUP, INC.",CFG US,BB Ticker,United States,,,
Lifecycle_Balanced_Pool_Superannuation,Listed Equity,CONTEMPORARY AMPEREX TECHNOLOGY CO. LTD.,300750 C2,BB Ticker,China,,,
Lifecycle_Balanced_Pool_Superannuation,Listed Equity,LONDON STOCK EXCHANGE GROUP PLC,LSEG LN,BB Ticker,United Kingdom,,,
Lifecycle_Balanced_Pool_Superannuation,Listed Equity,NEXGEN ENERGY LTD.,NXG AU,BB Ticker,Australia,,,
Lifecycle_Balanced_Pool_Superannuation,Listed Equity,SUPERLOOP LTD.,SLC AU,BB Ticker,Australia,,,
Lifecycle_Balanced_Pool_Superannuation,Listed Equity,NXP SEMICONDUCTORS NV,NXPI US,BB Ticker,United States,,,
Lifecycle_Balanced_Pool_Superannuation,Listed Equity,KWEICHOW MOUTAI CO. LTD.,600519 C1,BB Ticker,China,,,
Lifecycle_Balanced_Pool_Superannuation,Listed Equity,"BLOCK, INC.",SQ US,BB Ticker,United States,,,
Lifecycle_Balanced_Pool_Superannuation,Listed Equity,"ROPER TECHNOLOGIES, INC.",ROP US,BB Ticker,United States,,,
Lifecycle_Balanced_Pool_Superannuation,Listed Equity,KDDI CORP.,9433 JP,BB Ticker,Japan,,,
Lifecycle_Balanced_Pool_Superannuation,Listed Equity,LONZA GROUP AG,LONN SW,BB Ticker,Switzerland,,,
Lifecycle_Balanced_Pool_Superannuation,Listed Equity,VINCI SA,DG FP,BB Ticker,France,,,
Lifecycle_Balanced_Pool_Superannuation,Listed Equity,"CONSTELLATION BRANDS, INC.",STZ US,BB Ticker,United States,,,
Lifecycle_Balanced_Pool_Superannuation,Listed Equity,NEWMONT CORP.,NEM US,BB Ticker,United States,,,
Lifecycle_Balanced_Pool_Superannuation,Listed Equity,"DIAMONDBACK ENERGY, INC.",FANG US,BB Ticker,United States,,,
Lifecycle_Balanced_Pool_Superannuation,Listed Equity,BANK OF CHINA LTD.,3988 HK,BB Ticker,Hong Kong,,,
Lifecycle_Balanced_Pool_Superannuation,Listed Equity,FAIR ISAAC CORP.,FICO US,BB Ticker,United States,,,
Lifecycle_Balanced_Pool_Superannuation,Listed Equity,"VERISK ANALYTICS, INC.",VRSK US,BB Ticker,United States,,,
Lifecycle_Balanced_Pool_Superannuation,Listed Equity,LENNAR CORP.,LEN US,BB Ticker,United States,,,
Lifecycle_Balanced_Pool_Superannuation,Listed Equity,"L3HARRIS TECHNOLOGIES, INC.",LHX US,BB Ticker,United States,,,
Lifecycle_Balanced_Pool_Superannuation,Listed Equity,HANSEN TECHNOLOGIES LTD.,HSN AU,BB Ticker,Australia,,,
Lifecycle_Balanced_Pool_Superannuation,Listed Equity,"EXPEDIA GROUP, INC.",EXPE US,BB Ticker,United States,,,
Lifecycle_Balanced_Pool_Superannuation,Listed Equity,JOHNSON CONTROLS INTERNATIONAL PLC,JCI US,BB Ticker,United States,,,
Lifecycle_Balanced_Pool_Superannuation,Listed Equity,"AFLAC, INC.",AFL US,BB Ticker,United States,,,
Lifecycle_Balanced_Pool_Superannuation,Listed Equity,SCHLUMBERGER NV,SLB US,BB Ticker,United States,,,
Lifecycle_Balanced_Pool_Superannuation,Listed Equity,DANONE SA,BN FP,BB Ticker,France,,,
Lifecycle_Balanced_Pool_Superannuation,Listed Equity,HOYA CORP.,7741 JP,BB Ticker,Japan,,,
Lifecycle_Balanced_Pool_Superannuation,Listed Equity,BANK LEUMI LE-ISRAEL BM,LUMI IT,BB Ticker,Israel,,,
Lifecycle_Balanced_Pool_Superannuation,Listed Equity,"BANDAI NAMCO HOLDINGS, INC.",7832 JP,BB Ticker,Japan,,,
Lifecycle_Balanced_Pool_Superannuation,Listed Equity,"ROSS STORES, INC.",ROST US,BB Ticker,United States,,,
Lifecycle_Balanced_Pool_Superannuation,Listed Equity,SUN CORP.,6736 JP,BB Ticker,Japan,,,
Lifecycle_Balanced_Pool_Superannuation,Listed Equity,"MICROSTRATEGY, INC.",MSTR US,BB Ticker,United States,,,
Lifecycle_Balanced_Pool_Superannuation,Listed Equity,OCCIDENTAL PETROLEUM CORP.,OXY US,BB Ticker,United States,,,
Lifecycle_Balanced_Pool_Superannuation,Listed Equity,LOUISIANA-PACIFIC CORP.,LPX US,BB Ticker,United States,,,
Lifecycle_Balanced_Pool_Superannuation,Listed Equity,GARMIN LTD.,GRMN US,BB Ticker,United States,,,
Lifecycle_Balanced_Pool_Superannuation,Listed Equity,CANADIAN PACIFIC KANSAS CITY LTD.,CP US,BB Ticker,United States,,,
Lifecycle_Balanced_Pool_Superannuation,Listed Equity,MERCEDES-BENZ GROUP AG,MBG GR,BB Ticker,Germany,,,
Lifecycle_Balanced_Pool_Superannuation,Listed Equity,AGL ENERGY LTD.,AGL AU,BB Ticker,Australia,,,
Lifecycle_Balanced_Pool_Superannuation,Listed Equity,"COPART, INC.",CPRT US,BB Ticker,United States,,,
Lifecycle_Balanced_Pool_Superannuation,Listed Equity,CAMECO CORP.,CCO CN,BB Ticker,Canada,,,
Lifecycle_Balanced_Pool_Superannuation,Listed Equity,EXPERIAN PLC,EXPN LN,BB Ticker,United Kingdom,,,
Lifecycle_Balanced_Pool_Superannuation,Listed Equity,TAKEDA PHARMACEUTICAL CO. LTD.,4502 JP,BB Ticker,Japan,,,
Lifecycle_Balanced_Pool_Superannuation,Listed Equity,BAE SYSTEMS PLC,BA LN,BB Ticker,United Kingdom,,,
Lifecycle_Balanced_Pool_Superannuation,Listed Equity,"AMERICAN WATER WORKS CO., INC.",AWK US,BB Ticker,United States,,,
Lifecycle_Balanced_Pool_Superannuation,Listed Equity,NASPERS LTD.,NPN SJ,BB Ticker,South Africa,,,
Lifecycle_Balanced_Pool_Superannuation,Listed Equity,PHILLIPS 66,PSX US,BB Ticker,United States,,,
Lifecycle_Balanced_Pool_Superannuation,Listed Equity,MONCLER SPA,MONC IM,BB Ticker,Italy,,,
Lifecycle_Balanced_Pool_Superannuation,Listed Equity,"MSCI, INC.",MSCI US,BB Ticker,United States,,,
Lifecycle_Balanced_Pool_Superannuation,Listed Equity,"VEEVA SYSTEMS, INC.",VEEV US,BB Ticker,United States,,,
Lifecycle_Balanced_Pool_Superannuation,Listed Equity,TATA CONSULTANCY SERVICES LTD.,TCS IN,BB Ticker,India,,,
Lifecycle_Balanced_Pool_Superannuation,Listed Equity,CINCINNATI FINANCIAL CORP.,CINF US,BB Ticker,United States,,,
Lifecycle_Balanced_Pool_Superannuation,Listed Equity,"SNOWFLAKE, INC.",SNOW US,BB Ticker,United States,,,
Lifecycle_Balanced_Pool_Superannuation,Listed Equity,"CARDINAL HEALTH, INC.",CAH US,BB Ticker,United States,,,
Lifecycle_Balanced_Pool_Superannuation,Listed Equity,"DR HORTON, INC.",DHI US,BB Ticker,United States,,,
Lifecycle_Balanced_Pool_Superannuation,Listed Equity,ADIDAS AG,ADS GR,BB Ticker,Germany,,,
Lifecycle_Balanced_Pool_Superannuation,Listed Equity,NEC CORP.,6701 JP,BB Ticker,Japan,,,
Lifecycle_Balanced_Pool_Superannuation,Listed Equity,WOLTERS KLUWER NV,WKL NA,BB Ticker,Netherlands,,,
Lifecycle_Balanced_Pool_Superannuation,Listed Equity,TRIP.COM GROUP LTD.,9961 HK,BB Ticker,Hong Kong,,,
Lifecycle_Balanced_Pool_Superannuation,Listed Equity,INFINEON TECHNOLOGIES AG,IFX GR,BB Ticker,Germany,,,
Lifecycle_Balanced_Pool_Superannuation,Listed Equity,BYD CO. LTD.,1211 HK,BB Ticker,Hong Kong,,,
Lifecycle_Balanced_Pool_Superannuation,Listed Equity,DISCOVER FINANCIAL SERVICES,DFS US,BB Ticker,United States,,,
Lifecycle_Balanced_Pool_Superannuation,Listed Equity,"COINBASE GLOBAL, INC.",COIN US,BB Ticker,United States,,,
Lifecycle_Balanced_Pool_Superannuation,Listed Equity,VALERO ENERGY CORP.,VLO US,BB Ticker,United States,,,
Lifecycle_Balanced_Pool_Superannuation,Listed Equity,ANHEUSER-BUSCH INBEV SA,ABI BB,BB Ticker,Belgium,,,
Lifecycle_Balanced_Pool_Superannuation,Listed Equity,PUBLICIS GROUPE SA,PUB FP,BB Ticker,France,,,
Lifecycle_Balanced_Pool_Superannuation,Listed Equity,ALLSTATE CORP.,ALL US,BB Ticker,United States,,,
Lifecycle_Balanced_Pool_Superannuation,Listed Equity,VOLVO AB,VOLVB SS,BB Ticker,Sweden,,,
Lifecycle_Balanced_Pool_Superannuation,Listed Equity,MEGAPORT LTD.,MP1 AU,BB Ticker,Australia,,,
Lifecycle_Balanced_Pool_Superannuation,Listed Equity,"EBAY, INC.",EBAY US,BB Ticker,United States,,,
Lifecycle_Balanced_Pool_Superannuation,Listed Equity,"HIKARI TSUSHIN, INC.",9435 JP,BB Ticker,Japan,,,
Lifecycle_Balanced_Pool_Superannuation,Listed Equity,"ALIMENTATION COUCHE-TARD, INC.",ATD CN,BB Ticker,Canada,,,
Lifecycle_Balanced_Pool_Superannuation,Listed Equity,QUALITAS LTD.,QAL AU,BB Ticker,Australia,,,
Lifecycle_Balanced_Pool_Superannuation,Listed Equity,ATMOS ENERGY CORP.,ATO US,BB Ticker,United States,,,
Lifecycle_Balanced_Pool_Superannuation,Listed Equity,DEUTSCHE BOERSE AG,DB1 GR,BB Ticker,Germany,,,
Lifecycle_Balanced_Pool_Superannuation,Listed Equity,"RESMED, INC.",RMD US,BB Ticker,United States,,,
Lifecycle_Balanced_Pool_Superannuation,Listed Equity,AGNICO EAGLE MINES LTD.,AEM CN,BB Ticker,Canada,,,
Lifecycle_Balanced_Pool_Superannuation,Listed Equity,"SUNCOR ENERGY, INC.",SU CN,BB Ticker,Canada,,,
Lifecycle_Balanced_Pool_Superannuation,Listed Equity,PWR HOLDINGS LTD.,PWH AU,BB Ticker,Australia,,,
Lifecycle_Balanced_Pool_Superannuation,Listed Equity,EVERSOURCE ENERGY,ES US,BB Ticker,United States,,,
Lifecycle_Balanced_Pool_Superannuation,Listed Equity,TOYOTA INDUSTRIES CORP.,6201 JP,BB Ticker,Japan,,,
Lifecycle_Balanced_Pool_Superannuation,Listed Equity,EMIRATES NBD BANK PJSC,EMIRATES UH,BB Ticker,United Arab Emirates,,,
Lifecycle_Balanced_Pool_Superannuation,Listed Equity,ALCON AG,ALC SW,BB Ticker,Switzerland,,,
Lifecycle_Balanced_Pool_Superannuation,Listed Equity,NOBLE CORP. PLC,NE US,BB Ticker,United States,,,
Lifecycle_Balanced_Pool_Superannuation,Listed Equity,"GENERAL MILLS, INC.",GIS US,BB Ticker,United States,,,
Lifecycle_Balanced_Pool_Superannuation,Listed Equity,GIVAUDAN SA,GIVN SW,BB Ticker,Switzerland,,,
Lifecycle_Balanced_Pool_Superannuation,Listed Equity,DSV AS,DSV DC,BB Ticker,Denmark,,,
Lifecycle_Balanced_Pool_Superannuation,Listed Equity,MAHINDRA & MAHINDRA LTD.,MM IN,BB Ticker,India,,,
Lifecycle_Balanced_Pool_Superannuation,Listed Equity,"KENVUE, INC.",KVUE US,BB Ticker,United States,,,
Lifecycle_Balanced_Pool_Superannuation,Listed Equity,DICKER DATA LTD.,DDR AU,BB Ticker,Australia,,,
Lifecycle_Balanced_Pool_Superannuation,Listed Equity,SWISS RE AG,SREN SW,BB Ticker,Switzerland,,,
Lifecycle_Balanced_Pool_Superannuation,Listed Equity,CREDIT CORP. GROUP LTD.,CCP AU,BB Ticker,Australia,,,
Lifecycle_Balanced_Pool_Superannuation,Listed Equity,VANGUARD AUSTRALIAN SHARES INDEX ETF,VAS AU,BB Ticker,Australia,,,
Lifecycle_Balanced_Pool_Superannuation,Listed Equity,KOMATSU LTD.,6301 JP,BB Ticker,Japan,,,
Lifecycle_Balanced_Pool_Superannuation,Listed Equity,U.S. FOODS HOLDING CORP.,USFD US,BB Ticker,United States,,,
Lifecycle_Balanced_Pool_Superannuation,Listed Equity,TEVA PHARMACEUTICAL INDUSTRIES LTD.,TEVA US,BB Ticker,United States,,,
Lifecycle_Balanced_Pool_Superannuation,Listed Equity,SIKA AG,SIKA SW,BB Ticker,Switzerland,,,
Lifecycle_Balanced_Pool_Superannuation,Listed Equity,"ASTELLAS PHARMA, INC.",4503 JP,BB Ticker,Japan,,,
Lifecycle_Balanced_Pool_Superannuation,Listed Equity,NORTHERN TRUST CORP.,NTRS US,BB Ticker,United States,,,
Lifecycle_Balanced_Pool_Superannuation,Listed Equity,HERSHEY CO.,HSY US,BB Ticker,United States,,,
Lifecycle_Balanced_Pool_Superannuation,Listed Equity,"NETAPP, INC.",NTAP US,BB Ticker,United States,,,
Lifecycle_Balanced_Pool_Superannuation,Listed Equity,HEWLETT PACKARD ENTERPRISE CO.,HPE US,BB Ticker,United States,,,
Lifecycle_Balanced_Pool_Superannuation,Listed Equity,ISHARES MSCI TAIWAN ETF,EWT US,BB Ticker,United States,,,
Lifecycle_Balanced_Pool_Superannuation,Listed Equity,STATE STREET CORP.,STT US,BB Ticker,United States,,,
Lifecycle_Balanced_Pool_Superannuation,Listed Equity,"NETEASE, INC.",9999 HK,BB Ticker,Hong Kong,,,
Lifecycle_Balanced_Pool_Superannuation,Listed Equity,"GEN DIGITAL, INC.",GEN US,BB Ticker,United States,,,
Lifecycle_Balanced_Pool_Superannuation,Listed Equity,SEIKO EPSON CORP.,6724 JP,BB Ticker,Japan,,,
Lifecycle_Balanced_Pool_Superannuation,Listed Equity,AMADEUS IT GROUP SA,AMS SM,BB Ticker,Spain,,,
Lifecycle_Balanced_Pool_Superannuation,Listed Equity,"CENCORA, INC.",COR US,BB Ticker,United States,,,
Lifecycle_Balanced_Pool_Superannuation,Listed Equity,WILLIS TOWERS WATSON PLC,WTW US,BB Ticker,United States,,,
Lifecycle_Balanced_Pool_Superannuation,Listed Equity,MYER HOLDINGS LTD.,MYR AU,BB Ticker,Australia,,,
Lifecycle_Balanced_Pool_Superannuation,Listed Equity,"QUANTA SERVICES, INC.",PWR US,BB Ticker,United States,,,
Lifecycle_Balanced_Pool_Superannuation,Listed Equity,"WW GRAINGER, INC.",GWW US,BB Ticker,United States,,,
Lifecycle_Balanced_Pool_Superannuation,Listed Equity,ORIX CORP.,8591 JP,BB Ticker,Japan,,,
Lifecycle_Balanced_Pool_Superannuation,Listed Equity,EUREKA GROUP HOLDINGS LTD.,EGH AU,BB Ticker,Australia,,,
Lifecycle_Balanced_Pool_Superannuation,Listed Equity,DAIWA HOUSE INDUSTRY CO. LTD.,1925 JP,BB Ticker,Japan,,,
Lifecycle_Balanced_Pool_Superannuation,Listed Equity,DATA#3 LTD.,DTL AU,BB Ticker,Australia,,,
Lifecycle_Balanced_Pool_Superannuation,Listed Equity,"SUN LIFE FINANCIAL, INC.",SLF CN,BB Ticker,Canada,,,
Lifecycle_Balanced_Pool_Superannuation,Listed Equity,DEEP YELLOW LTD.,DYL AU,BB Ticker,Australia,,,
Lifecycle_Balanced_Pool_Superannuation,Listed Equity,FORD MOTOR CO.,F US,BB Ticker,United States,,,
Lifecycle_Balanced_Pool_Superannuation,Listed Equity,"AXON ENTERPRISE, INC.",AXON US,BB Ticker,United States,,,
Lifecycle_Balanced_Pool_Superannuation,Listed Equity,ALPHA HPA LTD.,A4N AU,BB Ticker,Australia,,,
Lifecycle_Balanced_Pool_Superannuation,Listed Equity,FUJI ELECTRIC CO. LTD.,6504 JP,BB Ticker,Japan,,,
Lifecycle_Balanced_Pool_Superannuation,Listed Equity,TRAVIS PERKINS PLC,TPK LN,BB Ticker,United Kingdom,,,
Lifecycle_Balanced_Pool_Superannuation,Listed Equity,"IDEXX LABORATORIES, INC.",IDXX US,BB Ticker,United States,,,
Lifecycle_Balanced_Pool_Superannuation,Listed Equity,MGM RESORTS INTERNATIONAL,MGM US,BB Ticker,United States,,,
Lifecycle_Balanced_Pool_Superannuation,Listed Equity,"AGILENT TECHNOLOGIES, INC.",A US,BB Ticker,United States,,,
Lifecycle_Balanced_Pool_Superannuation,Listed Equity,BIONTECH SE,BNTX US,BB Ticker,United States,,,
Lifecycle_Balanced_Pool_Superannuation,Listed Equity,"MCCORMICK & CO., INC.",MKC US,BB Ticker,United States,,,
Lifecycle_Balanced_Pool_Superannuation,Listed Equity,"PAYCHEX, INC.",PAYX US,BB Ticker,United States,,,
Lifecycle_Balanced_Pool_Superannuation,Listed Equity,CATHAY FINANCIAL HOLDING CO. LTD.,2882 TT,BB Ticker,Taiwan,,,
Lifecycle_Balanced_Pool_Superannuation,Listed Equity,UNITED OVERSEAS BANK LTD.,UOB SP,BB Ticker,Singapore,,,
Lifecycle_Balanced_Pool_Superannuation,Listed Equity,"HARTFORD FINANCIAL SERVICES GROUP, INC.",HIG US,BB Ticker,United States,,,
Lifecycle_Balanced_Pool_Superannuation,Listed Equity,HAFNIA LTD.,HAFNI NO,BB Ticker,Belgium,,,
Lifecycle_Balanced_Pool_Superannuation,Listed Equity,ACCOR SA,AC FP,BB Ticker,France,,,
Lifecycle_Balanced_Pool_Superannuation,Listed Equity,FERROGLOBE PLC,GSM US,BB Ticker,United States,,,
Lifecycle_Balanced_Pool_Superannuation,Listed Equity,"HP, INC.",HPQ US,BB Ticker,United States,,,
Lifecycle_Balanced_Pool_Superannuation,Listed Equity,KRAFT HEINZ CO.,KHC US,BB Ticker,United States,,,
Lifecycle_Balanced_Pool_Superannuation,Listed Equity,COLLINS FOODS LTD.,CKF AU,BB Ticker,Australia,,,
Lifecycle_Balanced_Pool_Superannuation,Listed Equity,HCL TECHNOLOGIES LTD.,HCLT IN,BB Ticker,India,,,
Lifecycle_Balanced_Pool_Superannuation,Listed Equity,CANADIAN NATURAL RESOURCES LTD.,CNQ CN,BB Ticker,Canada,,,
Lifecycle_Balanced_Pool_Superannuation,Listed Equity,"AMETEK, INC.",AME US,BB Ticker,United States,,,
Lifecycle_Balanced_Pool_Superannuation,Listed Equity,OOH!MEDIA LTD.,OML AU,BB Ticker,Australia,,,
Lifecycle_Balanced_Pool_Superannuation,Listed Equity,FIRSTRAND LTD.,FSR SJ,BB Ticker,South Africa,,,
Lifecycle_Balanced_Pool_Superannuation,Listed Equity,"DELL TECHNOLOGIES, INC.",DELL US,BB Ticker,United States,,,
Lifecycle_Balanced_Pool_Superannuation,Listed Equity,"GARTNER, INC.",IT US,BB Ticker,United States,,,
Lifecycle_Balanced_Pool_Superannuation,Listed Equity,MAC COPPER LTD.,MAC AU,BB Ticker,Australia,,,
Lifecycle_Balanced_Pool_Superannuation,Listed Equity,OTSUKA HOLDINGS CO. LTD.,4578 JP,BB Ticker,Japan,,,
Lifecycle_Balanced_Pool_Superannuation,Listed Equity,VALE SA,VALE3 BZ,BB Ticker,Brazil,,,
Lifecycle_Balanced_Pool_Superannuation,Listed Equity,"LEIDOS HOLDINGS, INC.",LDOS US,BB Ticker,United States,,,
Lifecycle_Balanced_Pool_Superannuation,Listed Equity,RIDLEY CORP. LTD.,RIC AU,BB Ticker,Australia,,,
Lifecycle_Balanced_Pool_Superannuation,Listed Equity,"DELTA ELECTRONICS, INC.",2308 TT,BB Ticker,Taiwan,,,
Lifecycle_Balanced_Pool_Superannuation,Listed Equity,"MS&AD INSURANCE GROUP HOLDINGS, INC.",8725 JP,BB Ticker,Japan,,,
Lifecycle_Balanced_Pool_Superannuation,Listed Equity,FLUTTER ENTERTAINMENT PLC,FLUT US,BB Ticker,United States,,,
Lifecycle_Balanced_Pool_Superannuation,Listed Equity,SEVEN & I HOLDINGS CO. LTD.,3382 JP,BB Ticker,Japan,,,
Lifecycle_Balanced_Pool_Superannuation,Listed Equity,ACS ACTIVIDADES DE CONSTRUCCION Y SERVICIOS SA,ACS SM,BB Ticker,Spain,,,
Lifecycle_Balanced_Pool_Superannuation,Listed Equity,SOFTBANK CORP.,9434 JP,BB Ticker,Japan,,,
Lifecycle_Balanced_Pool_Superannuation,Listed Equity,CTBC FINANCIAL HOLDING CO. LTD.,2891 TT,BB Ticker,Taiwan,,,
Lifecycle_Balanced_Pool_Superannuation,Listed Equity,"ZOOM COMMUNICATIONS, INC.",ZM US,BB Ticker,United States,,,
Lifecycle_Balanced_Pool_Superannuation,Listed Equity,"ENPHASE ENERGY, INC.",ENPH US,BB Ticker,United States,,,
Lifecycle_Balanced_Pool_Superannuation,Listed Equity,WISE PLC,WISE LN,BB Ticker,United Kingdom,,,
Lifecycle_Balanced_Pool_Superannuation,Listed Equity,"OLD DOMINION FREIGHT LINE, INC.",ODFL US,BB Ticker,United States,,,
Lifecycle_Balanced_Pool_Superannuation,Listed Equity,"STEEL DYNAMICS, INC.",STLD US,BB Ticker,United States,,,
Lifecycle_Balanced_Pool_Superannuation,Listed Equity,SIEMENS ENERGY AG,ENR GR,BB Ticker,Germany,,,
Lifecycle_Balanced_Pool_Superannuation,Listed Equity,FASTENAL CO.,FAST US,BB Ticker,United States,,,
Lifecycle_Balanced_Pool_Superannuation,Listed Equity,"YUM! BRANDS, INC.",YUM US,BB Ticker,United States,,,
Lifecycle_Balanced_Pool_Superannuation,Listed Equity,"DHT HOLDINGS, INC.",DHT US,BB Ticker,United States,,,
Lifecycle_Balanced_Pool_Superannuation,Listed Equity,CARNIVAL CORP.,CCL US,BB Ticker,United States,,,
Lifecycle_Balanced_Pool_Superannuation,Listed Equity,SYSCO CORP.,SYY US,BB Ticker,United States,,,
Lifecycle_Balanced_Pool_Superannuation,Listed Equity,INFRATIL LTD.,IFT AU,BB Ticker,Australia,,,
Lifecycle_Balanced_Pool_Superannuation,Listed Equity,SECOM CO. LTD.,9735 JP,BB Ticker,Japan,,,
Lifecycle_Balanced_Pool_Superannuation,Listed Equity,"RIVIAN AUTOMOTIVE, INC.",RIVN US,BB Ticker,United States,,,
Lifecycle_Balanced_Pool_Superannuation,Listed Equity,ITAU UNIBANCO HOLDING SA,ITUB4 BZ,BB Ticker,Brazil,,,
Lifecycle_Balanced_Pool_Superannuation,Listed Equity,"PPG INDUSTRIES, INC.",PPG US,BB Ticker,United States,,,
Lifecycle_Balanced_Pool_Superannuation,Listed Equity,KONINKLIJKE PHILIPS NV,PHIA NA,BB Ticker,Netherlands,,,
Lifecycle_Balanced_Pool_Superannuation,Listed Equity,LYONDELLBASELL INDUSTRIES NV,LYB US,BB Ticker,United States,,,
Lifecycle_Balanced_Pool_Superannuation,Listed Equity,"DOMINION ENERGY, INC.",D US,BB Ticker,United States,,,
Lifecycle_Balanced_Pool_Superannuation,Listed Equity,POWER GRID CORP. OF INDIA LTD.,PWGR IN,BB Ticker,India,,,
Lifecycle_Balanced_Pool_Superannuation,Listed Equity,MASCO CORP.,MAS US,BB Ticker,United States,,,
Lifecycle_Balanced_Pool_Superannuation,Listed Equity,CLOROX CO.,CLX US,BB Ticker,United States,,,
Lifecycle_Balanced_Pool_Superannuation,Listed Equity,AVERY DENNISON CORP.,AVY US,BB Ticker,United States,,,
Lifecycle_Balanced_Pool_Superannuation,Listed Equity,POLYNOVO LTD.,PNV AU,BB Ticker,Australia,,,
Lifecycle_Balanced_Pool_Superannuation,Listed Equity,GALP ENERGIA SGPS SA,GALP PL,BB Ticker,Portugal,,,
Lifecycle_Balanced_Pool_Superannuation,Listed Equity,AERCAP HOLDINGS NV,AER US,BB Ticker,United States,,,
Lifecycle_Balanced_Pool_Superannuation,Listed Equity,"DOCUSIGN, INC.",DOCU US,BB Ticker,United States,,,
Lifecycle_Balanced_Pool_Superannuation,Listed Equity,DECKERS OUTDOOR CORP.,DECK US,BB Ticker,United States,,,
Lifecycle_Balanced_Pool_Superannuation,Listed Equity,DAIKIN INDUSTRIES LTD.,6367 JP,BB Ticker,Japan,,,
Lifecycle_Balanced_Pool_Superannuation,Listed Equity,"INGERSOLL RAND, INC.",IR US,BB Ticker,United States,,,
Lifecycle_Balanced_Pool_Superannuation,Listed Equity,LIONTOWN RESOURCES LTD.,LTR AU,BB Ticker,Australia,,,
Lifecycle_Balanced_Pool_Superannuation,Listed Equity,"MODERNA, INC.",MRNA US,BB Ticker,United States,,,
Lifecycle_Balanced_Pool_Superannuation,Listed Equity,"TRIMBLE, INC.",TRMB US,BB Ticker,United States,,,
Lifecycle_Balanced_Pool_Superannuation,Listed Equity,NORDEA BANK ABP,NDA FH,BB Ticker,Finland,,,
Lifecycle_Balanced_Pool_Superannuation,Listed Equity,BABCOCK INTERNATIONAL GROUP PLC,BAB LN,BB Ticker,United Kingdom,,,
Lifecycle_Balanced_Pool_Superannuation,Listed Equity,KELLANOVA,K US,BB Ticker,United States,,,
Lifecycle_Balanced_Pool_Superannuation,Listed Equity,AUSTRALIAN CLINICAL LABS LTD.,ACL AU,BB Ticker,Australia,,,
Lifecycle_Balanced_Pool_Superannuation,Listed Equity,W.R. BERKLEY CORP.,WRB US,BB Ticker,United States,,,
Lifecycle_Balanced_Pool_Superannuation,Listed Equity,DAI NIPPON PRINTING CO. LTD.,7912 JP,BB Ticker,Japan,,,
Lifecycle_Balanced_Pool_Superannuation,Listed Equity,HALEON PLC,HLN LN,BB Ticker,United Kingdom,,,
Lifecycle_Balanced_Pool_Superannuation,Listed Equity,"COOPER COS., INC.",COO US,BB Ticker,United States,,,
Lifecycle_Balanced_Pool_Superannuation,Listed Equity,ERSTE GROUP BANK AG,EBS AV,BB Ticker,Austria,,,
Lifecycle_Balanced_Pool_Superannuation,Listed Equity,"MICROCHIP TECHNOLOGY, INC.",MCHP US,BB Ticker,United States,,,
Lifecycle_Balanced_Pool_Superannuation,Listed Equity,SPARK NEW ZEALAND LTD.,SPK AU,BB Ticker,Australia,,,
Lifecycle_Balanced_Pool_Superannuation,Listed Equity,PACKAGING CORP. OF AMERICA,PKG US,BB Ticker,United States,,,
Lifecycle_Balanced_Pool_Superannuation,Listed Equity,UNIVERSAL STORE HOLDINGS LTD.,UNI AU,BB Ticker,Australia,,,
Lifecycle_Balanced_Pool_Superannuation,Listed Equity,FUBON FINANCIAL HOLDING CO. LTD.,2881 TT,BB Ticker,Taiwan,,,
Lifecycle_Balanced_Pool_Superannuation,Listed Equity,ASSA ABLOY AB,ASSAB SS,BB Ticker,Sweden,,,
Lifecycle_Balanced_Pool_Superannuation,Listed Equity,"IQVIA HOLDINGS, INC.",IQV US,BB Ticker,United States,,,
Lifecycle_Balanced_Pool_Superannuation,Listed Equity,"ALNYLAM PHARMACEUTICALS, INC.",ALNY US,BB Ticker,United States,,,
Lifecycle_Balanced_Pool_Superannuation,Listed Equity,"KEYSIGHT TECHNOLOGIES, INC.",KEYS US,BB Ticker,United States,,,
Lifecycle_Balanced_Pool_Superannuation,Listed Equity,GENERALI,G IM,BB Ticker,Italy,,,
Lifecycle_Balanced_Pool_Superannuation,Listed Equity,"BROADRIDGE FINANCIAL SOLUTIONS, INC.",BR US,BB Ticker,United States,,,
Lifecycle_Balanced_Pool_Superannuation,Listed Equity,SUN PHARMACEUTICAL INDUSTRIES LTD.,SUNP IN,BB Ticker,India,,,
Lifecycle_Balanced_Pool_Superannuation,Listed Equity,ATLAS COPCO AB,ATCOB SS,BB Ticker,Sweden,,,
Lifecycle_Balanced_Pool_Superannuation,Listed Equity,"EQUIFAX, INC.",EFX US,BB Ticker,United States,,,
Lifecycle_Balanced_Pool_Superannuation,Listed Equity,"DUPONT DE NEMOURS, INC.",DD US,BB Ticker,United States,,,
Lifecycle_Balanced_Pool_Superannuation,Listed Equity,COSMO ENERGY HOLDINGS CO. LTD.,5021 JP,BB Ticker,Japan,,,
Lifecycle_Balanced_Pool_Superannuation,Listed Equity,FUJITSU LTD.,6702 JP,BB Ticker,Japan,,,
Lifecycle_Balanced_Pool_Superannuation,Listed Equity,"WARRIOR MET COAL, INC.",HCC US,BB Ticker,United States,,,
Lifecycle_Balanced_Pool_Superannuation,Listed Equity,KONINKLIJKE AHOLD DELHAIZE NV,AD NA,BB Ticker,Netherlands,,,
Lifecycle_Balanced_Pool_Superannuation,Listed Equity,"TWILIO, INC.",TWLO US,BB Ticker,United States,,,
Lifecycle_Balanced_Pool_Superannuation,Listed Equity,PANDORA AS,PNDORA DC,BB Ticker,Denmark,,,
Lifecycle_Balanced_Pool_Superannuation,Listed Equity,HOSKEN CONSOLIDATED INVESTMENTS LTD.,HCI SJ,BB Ticker,South Africa,,,
Lifecycle_Balanced_Pool_Superannuation,Listed Equity,"KB FINANCIAL GROUP, INC.",105560 KS,BB Ticker,South Korea,,,
Lifecycle_Balanced_Pool_Superannuation,Listed Equity,DEUTSCHE POST AG,DHL GR,BB Ticker,Germany,,,
Lifecycle_Balanced_Pool_Superannuation,Listed Equity,JOHN KEELLS HOLDINGS PLC,JKH SL,BB Ticker,Sri Lanka,,,
Lifecycle_Balanced_Pool_Superannuation,Listed Equity,BEIGENE LTD.,BGNE US,BB Ticker,United States,,,
Lifecycle_Balanced_Pool_Superannuation,Listed Equity,"ESSENTIAL UTILITIES, INC.",WTRG US,BB Ticker,United States,,,
Lifecycle_Balanced_Pool_Superannuation,Listed Equity,"FERGUSON ENTERPRISES, INC.",FERG US,BB Ticker,United States,,,
Lifecycle_Balanced_Pool_Superannuation,Listed Equity,INTACT FINANCIAL CORP.,IFC CN,BB Ticker,Canada,,,
Lifecycle_Balanced_Pool_Superannuation,Listed Equity,TELEFONAKTIEBOLAGET LM ERICSSON,ERICB SS,BB Ticker,Sweden,,,
Lifecycle_Balanced_Pool_Superannuation,Listed Equity,ATLAS COPCO AB,ATCOA SS,BB Ticker,Sweden,,,
Lifecycle_Balanced_Pool_Superannuation,Listed Equity,TOTALENERGIES SE,TTE FP,BB Ticker,France,,,
Lifecycle_Balanced_Pool_Superannuation,Listed Equity,BANK CENTRAL ASIA TBK. PT,BBCA IJ,BB Ticker,Indonesia,,,
Lifecycle_Balanced_Pool_Superannuation,Listed Equity,"DAI-ICHI LIFE HOLDINGS, INC.",8750 JP,BB Ticker,Japan,,,
Lifecycle_Balanced_Pool_Superannuation,Listed Equity,NN GROUP NV,NN NA,BB Ticker,Netherlands,,,
Lifecycle_Balanced_Pool_Superannuation,Listed Equity,SANDVIK AB,SAND SS,BB Ticker,Sweden,,,
Lifecycle_Balanced_Pool_Superannuation,Listed Equity,MONASH IVF GROUP LTD.,MVF AU,BB Ticker,Australia,,,
Lifecycle_Balanced_Pool_Superannuation,Listed Equity,"METTLER-TOLEDO INTERNATIONAL, INC.",MTD US,BB Ticker,United States,,,
Lifecycle_Balanced_Pool_Superannuation,Listed Equity,SPARTAN RESOURCES LTD.,SPR AU,BB Ticker,Australia,,,
Lifecycle_Balanced_Pool_Superannuation,Listed Equity,"HUBSPOT, INC.",HUBS US,BB Ticker,United States,,,
Lifecycle_Balanced_Pool_Superannuation,Listed Equity,INSULET CORP.,PODD US,BB Ticker,United States,,,
Lifecycle_Balanced_Pool_Superannuation,Listed Equity,OTIS WORLDWIDE CORP.,OTIS US,BB Ticker,United States,,,
Lifecycle_Balanced_Pool_Superannuation,Listed Equity,NANOSONICS LTD.,NAN AU,BB Ticker,Australia,,,
Lifecycle_Balanced_Pool_Superannuation,Listed Equity,OWENS CORNING,OC US,BB Ticker,United States,,,
Lifecycle_Balanced_Pool_Superannuation,Listed Equity,LEGRAND SA,LR FP,BB Ticker,France,,,
Lifecycle_Balanced_Pool_Superannuation,Listed Equity,NIPPON TELEGRAPH & TELEPHONE CORP.,9432 JP,BB Ticker,Japan,,,
Lifecycle_Balanced_Pool_Superannuation,Listed Equity,"SOMPO HOLDINGS, INC.",8630 JP,BB Ticker,Japan,,,
Lifecycle_Balanced_Pool_Superannuation,Listed Equity,ARCH CAPITAL GROUP LTD.,ACGL US,BB Ticker,United States,,,
Lifecycle_Balanced_Pool_Superannuation,Listed Equity,AVIVA PLC,AV LN,BB Ticker,United Kingdom,,,
Lifecycle_Balanced_Pool_Superannuation,Listed Equity,"SUMITOMO MITSUI TRUST GROUP, INC.",8309 JP,BB Ticker,Japan,,,
Lifecycle_Balanced_Pool_Superannuation,Listed Equity,AXIS BANK LTD.,AXSB IN,BB Ticker,India,,,
Lifecycle_Balanced_Pool_Superannuation,Listed Equity,"QUEST DIAGNOSTICS, INC.",DGX US,BB Ticker,United States,,,
Lifecycle_Balanced_Pool_Superannuation,Listed Equity,"ROCKWELL AUTOMATION, INC.",ROK US,BB Ticker,United States,,,
Lifecycle_Balanced_Pool_Superannuation,Listed Equity,BANCO DO BRASIL SA,BBAS3 BZ,BB Ticker,Brazil,,,
Lifecycle_Balanced_Pool_Superannuation,Listed Equity,GEELY AUTOMOBILE HOLDINGS LTD.,175 HK,BB Ticker,Hong Kong,,,
Lifecycle_Balanced_Pool_Superannuation,Listed Equity,NATIONAL BANK OF CANADA,NA CN,BB Ticker,Canada,,,
Lifecycle_Balanced_Pool_Superannuation,Listed Equity,"INTERNATIONAL FLAVORS & FRAGRANCES, INC.",IFF US,BB Ticker,United States,,,
Lifecycle_Balanced_Pool_Superannuation,Listed Equity,ASM INTERNATIONAL NV,ASM NA,BB Ticker,Netherlands,,,
Lifecycle_Balanced_Pool_Superannuation,Listed Equity,RHEINMETALL AG,RHM GR,BB Ticker,Germany,,,
Lifecycle_Balanced_Pool_Superannuation,Listed Equity,LARSEN & TOUBRO LTD.,LT IN,BB Ticker,India,,,
Lifecycle_Balanced_Pool_Superannuation,Listed Equity,"PULTEGROUP, INC.",PHM US,BB Ticker,United States,,,
Lifecycle_Balanced_Pool_Superannuation,Listed Equity,LIBERTY MEDIA CORP.-LIBERTY FORMULA ONE,FWONK US,BB Ticker,United States,,,
Lifecycle_Balanced_Pool_Superannuation,Listed Equity,"QUANTA COMPUTER, INC.",2382 TT,BB Ticker,Taiwan,,,
Lifecycle_Balanced_Pool_Superannuation,Listed Equity,RALPH LAUREN CORP.,RL US,BB Ticker,United States,,,
Lifecycle_Balanced_Pool_Superannuation,Listed Equity,"GE HEALTHCARE TECHNOLOGIES, INC.",GEHC US,BB Ticker,United States,,,
Lifecycle_Balanced_Pool_Superannuation,Listed Equity,CLARITY PHARMACEUTICALS LTD.,CU6 AU,BB Ticker,Australia,,,
Lifecycle_Balanced_Pool_Superannuation,Listed Equity,ANTOFAGASTA PLC,ANTO LN,BB Ticker,United Kingdom,,,
Lifecycle_Balanced_Pool_Superannuation,Listed Equity,KINROSS GOLD CORP.,K CN,BB Ticker,Canada,,,
Lifecycle_Balanced_Pool_Superannuation,Listed Equity,LOBLAW COS. LTD.,L CN,BB Ticker,Canada,,,
Lifecycle_Balanced_Pool_Superannuation,Listed Equity,ALTAGAS LTD.,ALA CN,BB Ticker,Canada,,,
Lifecycle_Balanced_Pool_Superannuation,Listed Equity,MELROSE INDUSTRIES PLC,MRO LN,BB Ticker,United Kingdom,,,
Lifecycle_Balanced_Pool_Superannuation,Listed Equity,CHUGAI PHARMACEUTICAL CO. LTD.,4519 JP,BB Ticker,Japan,,,
Lifecycle_Balanced_Pool_Superannuation,Listed Equity,HOLCIM AG,HOLN SW,BB Ticker,Switzerland,,,
Lifecycle_Balanced_Pool_Superannuation,Listed Equity,TOPAZ ENERGY CORP.,TPZ CN,BB Ticker,Canada,,,
Lifecycle_Balanced_Pool_Superannuation,Listed Equity,TOSEI CORP.,8923 JP,BB Ticker,Japan,,,
Lifecycle_Balanced_Pool_Superannuation,Listed Equity,"BAIDU, INC.",9888 HK,BB Ticker,Hong Kong,,,
Lifecycle_Balanced_Pool_Superannuation,Listed Equity,PEMBINA PIPELINE CORP.,PPL CN,BB Ticker,Canada,,,
Lifecycle_Balanced_Pool_Superannuation,Listed Equity,M&T BANK CORP.,MTB US,BB Ticker,United States,,,
Lifecycle_Balanced_Pool_Superannuation,Listed Equity,PANASONIC HOLDINGS CORP.,6752 JP,BB Ticker,Japan,,,
Lifecycle_Balanced_Pool_Superannuation,Listed Equity,"INTERNATIONAL SEAWAYS, INC.",INSW US,BB Ticker,United States,,,
Lifecycle_Balanced_Pool_Superannuation,Listed Equity,DENSO CORP.,6902 JP,BB Ticker,Japan,,,
Lifecycle_Balanced_Pool_Superannuation,Listed Equity,RYANAIR HOLDINGS PLC,RYAAY US,BB Ticker,United States,,,
Lifecycle_Balanced_Pool_Superannuation,Listed Equity,BSE LTD.,BSE IN,BB Ticker,India,,,
Lifecycle_Balanced_Pool_Superannuation,Listed Equity,KIA CORP.,000270 KS,BB Ticker,South Korea,,,
Lifecycle_Balanced_Pool_Superannuation,Listed Equity,HALLIBURTON CO.,HAL US,BB Ticker,United States,,,
Lifecycle_Balanced_Pool_Superannuation,Listed Equity,NEXT PLC,NXT LN,BB Ticker,United Kingdom,,,
Lifecycle_Balanced_Pool_Superannuation,Listed Equity,BAYERISCHE MOTOREN WERKE AG,BMW GR,BB Ticker,Germany,,,
Lifecycle_Balanced_Pool_Superannuation,Listed Equity,SEAGATE TECHNOLOGY HOLDINGS PLC,STX US,BB Ticker,United States,,,
Lifecycle_Balanced_Pool_Superannuation,Listed Equity,NAVER CORP.,035420 KS,BB Ticker,South Korea,,,
Lifecycle_Balanced_Pool_Superannuation,Listed Equity,MTU AERO ENGINES AG,MTX GR,BB Ticker,Germany,,,
Lifecycle_Balanced_Pool_Superannuation,Listed Equity,BARRICK GOLD CORP.,ABX CN,BB Ticker,Canada,,,
Lifecycle_Balanced_Pool_Superannuation,Listed Equity,"TAKE-TWO INTERACTIVE SOFTWARE, INC.",TTWO US,BB Ticker,United States,,,
Lifecycle_Balanced_Pool_Superannuation,Listed Equity,WEG SA,WEGE3 BZ,BB Ticker,Brazil,,,
Lifecycle_Balanced_Pool_Superannuation,Listed Equity,DTE ENERGY CO.,DTE US,BB Ticker,United States,,,
Lifecycle_Balanced_Pool_Superannuation,Listed Equity,TERUMO CORP.,4543 JP,BB Ticker,Japan,,,
Lifecycle_Balanced_Pool_Superannuation,Listed Equity,WHEATON PRECIOUS METALS CORP.,WPM CN,BB Ticker,Canada,,,
Lifecycle_Balanced_Pool_Superannuation,Listed Equity,E.ON SE,EOAN GR,BB Ticker,Germany,,,
Lifecycle_Balanced_Pool_Superannuation,Listed Equity,KBC GROUP NV,KBC BB,BB Ticker,Belgium,,,
Lifecycle_Balanced_Pool_Superannuation,Listed Equity,THOMSON REUTERS CORP.,TRI CN,BB Ticker,Canada,,,
Lifecycle_Balanced_Pool_Superannuation,Listed Equity,ALTIUS MINERALS CORP.,ALS CN,BB Ticker,Canada,,,
Lifecycle_Balanced_Pool_Superannuation,Listed Equity,CSOP NIKKEI 225 DAILY 2X LEVERAGED PRODUCT,7262 HK,BB Ticker,Hong Kong,,,
Lifecycle_Balanced_Pool_Superannuation,Listed Equity,VISTRA CORP.,VST US,BB Ticker,United States,,,
Lifecycle_Balanced_Pool_Superannuation,Listed Equity,NUCOR CORP.,NUE US,BB Ticker,United States,,,
Lifecycle_Balanced_Pool_Superannuation,Listed Equity,INTEGRAL DIAGNOSTICS LTD.,IDX AU,BB Ticker,Australia,,,
Lifecycle_Balanced_Pool_Superannuation,Listed Equity,CIMB GROUP HOLDINGS BHD.,CIMB MK,BB Ticker,Malaysia,,,
Lifecycle_Balanced_Pool_Superannuation,Listed Equity,TC ENERGY CORP.,TRP CN,BB Ticker,Canada,,,
Lifecycle_Balanced_Pool_Superannuation,Listed Equity,"MONOLITHIC POWER SYSTEMS, INC.",MPWR US,BB Ticker,United States,,,
Lifecycle_Balanced_Pool_Superannuation,Listed Equity,BE SEMICONDUCTOR INDUSTRIES NV,BESI NA,BB Ticker,Netherlands,,,
Lifecycle_Balanced_Pool_Superannuation,Listed Equity,STELLANTIS NV,STLAM IM,BB Ticker,Italy,,,
Lifecycle_Balanced_Pool_Superannuation,Listed Equity,HINDUSTAN UNILEVER LTD.,HUVR IN,BB Ticker,India,,,
Lifecycle_Balanced_Pool_Superannuation,Listed Equity,CEMEX SAB DE CV,CX US,BB Ticker,United States,,,
Lifecycle_Balanced_Pool_Superannuation,Listed Equity,"AKAMAI TECHNOLOGIES, INC.",AKAM US,BB Ticker,United States,,,
Lifecycle_Balanced_Pool_Superannuation,Listed Equity,PARTNERS GROUP HOLDING AG,PGHN SW,BB Ticker,Switzerland,,,
Lifecycle_Balanced_Pool_Superannuation,Listed Equity,STATE BANK OF INDIA,SBIN IN,BB Ticker,India,,,
Lifecycle_Balanced_Pool_Superannuation,Listed Equity,"BIOGEN, INC.",BIIB US,BB Ticker,United States,,,
Lifecycle_Balanced_Pool_Superannuation,Listed Equity,"DOLLARAMA, INC.",DOL CN,BB Ticker,Canada,,,
Lifecycle_Balanced_Pool_Superannuation,Listed Equity,STANDARD BANK GROUP LTD.,SBK SJ,BB Ticker,South Africa,,,
Lifecycle_Balanced_Pool_Superannuation,Listed Equity,JOHNS LYNG GROUP LTD.,JLG AU,BB Ticker,Australia,,,
Lifecycle_Balanced_Pool_Superannuation,Listed Equity,FIRST QUANTUM MINERALS LTD.,FM CN,BB Ticker,Canada,,,
Lifecycle_Balanced_Pool_Superannuation,Listed Equity,"EXPEDITORS INTERNATIONAL OF WASHINGTON, INC.",EXPD US,BB Ticker,United States,,,
Lifecycle_Balanced_Pool_Superannuation,Listed Equity,SAUDI NATIONAL BANK,SNB AB,BB Ticker,Saudi Arabia,,,
Lifecycle_Balanced_Pool_Superannuation,Listed Equity,MITSUBISHI ESTATE CO. LTD.,8802 JP,BB Ticker,Japan,,,
Lifecycle_Balanced_Pool_Superannuation,Listed Equity,"VIATRIS, INC.",VTRS US,BB Ticker,United States,,,
Lifecycle_Balanced_Pool_Superannuation,Listed Equity,LOEWS CORP.,L US,BB Ticker,United States,,,
Lifecycle_Balanced_Pool_Superannuation,Listed Equity,"ELEMENT SOLUTIONS, INC.",ESI US,BB Ticker,United States,,,
Lifecycle_Balanced_Pool_Superannuation,Listed Equity,MCMILLAN SHAKESPEARE LTD.,MMS AU,BB Ticker,Australia,,,
Lifecycle_Balanced_Pool_Superannuation,Listed Equity,UNI-PRESIDENT ENTERPRISES CORP.,1216 TT,BB Ticker,Taiwan,,,
Lifecycle_Balanced_Pool_Superannuation,Listed Equity,DRONESHIELD LTD.,DRO AU,BB Ticker,Australia,,,
Lifecycle_Balanced_Pool_Superannuation,Listed Equity,J.M. SMUCKER CO.,SJM US,BB Ticker,United States,,,
Lifecycle_Balanced_Pool_Superannuation,Listed Equity,CAIXABANK SA,CABK SM,BB Ticker,Spain,,,
Lifecycle_Balanced_Pool_Superannuation,Listed Equity,DISCO CORP.,6146 JP,BB Ticker,Japan,,,
Lifecycle_Balanced_Pool_Superannuation,Listed Equity,TENCENT HOLDINGS LTD.,TCEHY US,BB Ticker,United States,,,
Lifecycle_Balanced_Pool_Superannuation,Listed Equity,GLENCORE PLC,GLEN LN,BB Ticker,United Kingdom,,,
Lifecycle_Balanced_Pool_Superannuation,Listed Equity,"RAYMOND JAMES FINANCIAL, INC.",RJF US,BB Ticker,United States,,,
Lifecycle_Balanced_Pool_Superannuation,Listed Equity,MURATA MANUFACTURING CO. LTD.,6981 JP,BB Ticker,Japan,,,
Lifecycle_Balanced_Pool_Superannuation,Listed Equity,ASHTEAD GROUP PLC,AHT LN,BB Ticker,United Kingdom,,,
Lifecycle_Balanced_Pool_Superannuation,Listed Equity,ARES MANAGEMENT CORP.,ARES US,BB Ticker,United States,,,
Lifecycle_Balanced_Pool_Superannuation,Listed Equity,SOCIETE GENERALE SA,GLE FP,BB Ticker,France,,,
Lifecycle_Balanced_Pool_Superannuation,Listed Equity,TRACTOR SUPPLY CO.,TSCO US,BB Ticker,United States,,,
Lifecycle_Balanced_Pool_Superannuation,Listed Equity,SAUDI TELECOM CO.,STC AB,BB Ticker,Saudi Arabia,,,
Lifecycle_Balanced_Pool_Superannuation,Listed Equity,KYOCERA CORP.,6971 JP,BB Ticker,Japan,,,
Lifecycle_Balanced_Pool_Superannuation,Listed Equity,PRUDENTIAL PLC,PRU LN,BB Ticker,United Kingdom,,,
Lifecycle_Balanced_Pool_Superannuation,Listed Equity,SUMITOMO CORP.,8053 JP,BB Ticker,Japan,,,
Lifecycle_Balanced_Pool_Superannuation,Listed Equity,HYUNDAI MOTOR CO.,005380 KS,BB Ticker,South Korea,,,
Lifecycle_Balanced_Pool_Superannuation,Listed Equity,"TAPESTRY, INC.",TPR US,BB Ticker,United States,,,
Lifecycle_Balanced_Pool_Superannuation,Listed Equity,FRESENIUS SE & CO. KGAA,FRE GR,BB Ticker,Germany,,,
Lifecycle_Balanced_Pool_Superannuation,Listed Equity,"MARTIN MARIETTA MATERIALS, INC.",MLM US,BB Ticker,United States,,,
Lifecycle_Balanced_Pool_Superannuation,Listed Equity,NOVONESIS (NOVOZYMES) B,NSISB DC,BB Ticker,Denmark,,,
Lifecycle_Balanced_Pool_Superannuation,Listed Equity,ESSITY AB,ESSITYB SS,BB Ticker,Sweden,,,
Lifecycle_Balanced_Pool_Superannuation,Listed Equity,FRANCO-NEVADA CORP.,FNV CN,BB Ticker,Canada,,,
Lifecycle_Balanced_Pool_Superannuation,Listed Equity,DASSAULT SYSTEMES SE,DSY FP,BB Ticker,France,,,
Lifecycle_Balanced_Pool_Superannuation,Listed Equity,FANUC CORP.,6954 JP,BB Ticker,Japan,,,
Lifecycle_Balanced_Pool_Superannuation,Listed Equity,SSE PLC,SSE LN,BB Ticker,United Kingdom,,,
Lifecycle_Balanced_Pool_Superannuation,Listed Equity,"ANSYS, INC.",ANSS US,BB Ticker,United States,,,
Lifecycle_Balanced_Pool_Superannuation,Listed Equity,"WARNER BROS DISCOVERY, INC.",WBD US,BB Ticker,United States,,,
Lifecycle_Balanced_Pool_Superannuation,Listed Equity,UPM-KYMMENE OYJ,UPM FH,BB Ticker,Finland,,,
Lifecycle_Balanced_Pool_Superannuation,Listed Equity,UCB SA,UCB BB,BB Ticker,Belgium,,,
Lifecycle_Balanced_Pool_Superannuation,Listed Equity,ZEBRA TECHNOLOGIES CORP.,ZBRA US,BB Ticker,United States,,,
Lifecycle_Balanced_Pool_Superannuation,Listed Equity,MARUBENI CORP.,8002 JP,BB Ticker,Japan,,,
Lifecycle_Balanced_Pool_Superannuation,Listed Equity,"BIO-RAD LABORATORIES, INC.",BIO US,BB Ticker,United States,,,
Lifecycle_Balanced_Pool_Superannuation,Listed Equity,REGAL PARTNERS LTD.,RPL AU,BB Ticker,Australia,,,
Lifecycle_Balanced_Pool_Superannuation,Listed Equity,PERNOD RICARD SA,RI FP,BB Ticker,France,,,
Lifecycle_Balanced_Pool_Superannuation,Listed Equity,"HUNTINGTON BANCSHARES, INC.",HBAN US,BB Ticker,United States,,,
Lifecycle_Balanced_Pool_Superannuation,Listed Equity,SWISS LIFE HOLDING AG,SLHN SW,BB Ticker,Switzerland,,,
Lifecycle_Balanced_Pool_Superannuation,Listed Equity,FIFTH THIRD BANCORP,FITB US,BB Ticker,United States,,,
Lifecycle_Balanced_Pool_Superannuation,Listed Equity,"COSTAR GROUP, INC.",CSGP US,BB Ticker,United States,,,
Lifecycle_Balanced_Pool_Superannuation,Listed Equity,DR. REDDY'S LABORATORIES LTD.,DRRD IN,BB Ticker,India,,,
Lifecycle_Balanced_Pool_Superannuation,Listed Equity,SUMITOMO ELECTRIC INDUSTRIES LTD.,5802 JP,BB Ticker,Japan,,,
Lifecycle_Balanced_Pool_Superannuation,Listed Equity,EVT LTD.,EVT AU,BB Ticker,Australia,,,
Lifecycle_Balanced_Pool_Superannuation,Listed Equity,"RYDER SYSTEM, INC.",R US,BB Ticker,United States,,,
Lifecycle_Balanced_Pool_Superannuation,Listed Equity,"AMERICAN AIRLINES GROUP, INC.",AAL US,BB Ticker,United States,,,
Lifecycle_Balanced_Pool_Superannuation,Listed Equity,VONOVIA SE,VNA GR,BB Ticker,Germany,,,
Lifecycle_Balanced_Pool_Superannuation,Listed Equity,"XYLEM, INC.",XYL US,BB Ticker,United States,,,
Lifecycle_Balanced_Pool_Superannuation,Listed Equity,BALL CORP.,BALL US,BB Ticker,United States,,,
Lifecycle_Balanced_Pool_Superannuation,Listed Equity,"NVR, INC.",NVR US,BB Ticker,United States,,,
Lifecycle_Balanced_Pool_Superannuation,Listed Equity,"CHURCH & DWIGHT CO., INC.",CHD US,BB Ticker,United States,,,
Lifecycle_Balanced_Pool_Superannuation,Listed Equity,"WSP GLOBAL, INC.",WSP CN,BB Ticker,Canada,,,
Lifecycle_Balanced_Pool_Superannuation,Listed Equity,YUANTA FINANCIAL HOLDING CO. LTD.,2885 TT,BB Ticker,Taiwan,,,
Lifecycle_Balanced_Pool_Superannuation,Listed Equity,SILEX SYSTEMS LTD.,SLX AU,BB Ticker,Australia,,,
Lifecycle_Balanced_Pool_Superannuation,Listed Equity,VOLKSWAGEN AG,VOW3 GR,BB Ticker,Germany,,,
Lifecycle_Balanced_Pool_Superannuation,Listed Equity,NATIONAL BANK OF KUWAIT SAKP,NBK KK,BB Ticker,Kuwait,,,
Lifecycle_Balanced_Pool_Superannuation,Listed Equity,"YUM CHINA HOLDINGS, INC.",YUMC US,BB Ticker,United States,,,
Lifecycle_Balanced_Pool_Superannuation,Listed Equity,"EMCOR GROUP, INC.",EME US,BB Ticker,United States,,,
Lifecycle_Balanced_Pool_Superannuation,Listed Equity,"T. ROWE PRICE GROUP, INC.",TROW US,BB Ticker,United States,,,
Lifecycle_Balanced_Pool_Superannuation,Listed Equity,HEXAGON AB,HEXAB SS,BB Ticker,Sweden,,,
Lifecycle_Balanced_Pool_Superannuation,Listed Equity,"ALLISON TRANSMISSION HOLDINGS, INC.",ALSN US,BB Ticker,United States,,,
Lifecycle_Balanced_Pool_Superannuation,Listed Equity,PARAGON BANKING GROUP PLC,PAG LN,BB Ticker,United Kingdom,,,
Lifecycle_Balanced_Pool_Superannuation,Listed Equity,"BURLINGTON STORES, INC.",BURL US,BB Ticker,United States,,,
Lifecycle_Balanced_Pool_Superannuation,Listed Equity,ASE TECHNOLOGY HOLDING CO. LTD.,3711 TT,BB Ticker,Taiwan,,,
Lifecycle_Balanced_Pool_Superannuation,Listed Equity,ETIHAD ETISALAT CO.,EEC AB,BB Ticker,Saudi Arabia,,,
Lifecycle_Balanced_Pool_Superannuation,Listed Equity,LAS VEGAS SANDS CORP.,LVS US,BB Ticker,United States,,,
Lifecycle_Balanced_Pool_Superannuation,Listed Equity,HESS MIDSTREAM LP,HESM US,BB Ticker,United States,,,
Lifecycle_Balanced_Pool_Superannuation,Listed Equity,TATA MOTORS LTD.,TTMT IN,BB Ticker,India,,,
Lifecycle_Balanced_Pool_Superannuation,Listed Equity,OPEN TEXT CORP.,OTEX CN,BB Ticker,Canada,,,
Lifecycle_Balanced_Pool_Superannuation,Listed Equity,JAPAN POST HOLDINGS CO. LTD.,6178 JP,BB Ticker,Japan,,,
Lifecycle_Balanced_Pool_Superannuation,Listed Equity,ENGIE SA,ENGI FP,BB Ticker,France,,,
Lifecycle_Balanced_Pool_Superannuation,Listed Equity,KERRY GROUP PLC,KYGA ID,BB Ticker,Ireland,,,
Lifecycle_Balanced_Pool_Superannuation,Listed Equity,UNUM GROUP,UNM US,BB Ticker,United States,,,
Lifecycle_Balanced_Pool_Superannuation,Listed Equity,ASSOCIATED BRITISH FOODS PLC,ABF LN,BB Ticker,United Kingdom,,,
Lifecycle_Balanced_Pool_Superannuation,Listed Equity,UNITED THERAPEUTICS CORP.,UTHR US,BB Ticker,United States,,,
Lifecycle_Balanced_Pool_Superannuation,Listed Equity,ORIENTAL LAND CO. LTD.,4661 JP,BB Ticker,Japan,,,
Lifecycle_Balanced_Pool_Superannuation,Listed Equity,BAJAJ FINANCE LTD.,BAF IN,BB Ticker,India,,,
Lifecycle_Balanced_Pool_Superannuation,Listed Equity,LIFESTYLE COMMUNITIES LTD.,LIC AU,BB Ticker,Australia,,,
Lifecycle_Balanced_Pool_Superannuation,Listed Equity,FUJIFILM HOLDINGS CORP.,4901 JP,BB Ticker,Japan,,,
Lifecycle_Balanced_Pool_Superannuation,Listed Equity,FORTIVE CORP.,FTV US,BB Ticker,United States,,,
Lifecycle_Balanced_Pool_Superannuation,Listed Equity,PINEWOOD TECHNOLOGIES GROUP PLC,PINE LN,BB Ticker,United Kingdom,,,
Lifecycle_Balanced_Pool_Superannuation,Listed Equity,"ASSURANT, INC.",AIZ US,BB Ticker,United States,,,
Lifecycle_Balanced_Pool_Superannuation,Listed Equity,"BELLRING BRANDS, INC.",BRBR US,BB Ticker,United States,,,
Lifecycle_Balanced_Pool_Superannuation,Listed Equity,DANSKE BANK AS,DANSKE DC,BB Ticker,Denmark,,,
Lifecycle_Balanced_Pool_Superannuation,Listed Equity,FLETCHER BUILDING LTD.,FBU AU,BB Ticker,Australia,,,
Lifecycle_Balanced_Pool_Superannuation,Listed Equity,REGIONS FINANCIAL CORP.,RF US,BB Ticker,United States,,,
Lifecycle_Balanced_Pool_Superannuation,Listed Equity,"CELLTRION, INC.",068270 KS,BB Ticker,South Korea,,,
Lifecycle_Balanced_Pool_Superannuation,Listed Equity,CAPGEMINI SE,CAP FP,BB Ticker,France,,,
Lifecycle_Balanced_Pool_Superannuation,Listed Equity,WIX.COM LTD.,WIX US,BB Ticker,United States,,,
Lifecycle_Balanced_Pool_Superannuation,Listed Equity,INCYTE CORP.,INCY US,BB Ticker,United States,,,
Lifecycle_Balanced_Pool_Superannuation,Listed Equity,"REPUBLIC SERVICES, INC.",RSG US,BB Ticker,United States,,,
Lifecycle_Balanced_Pool_Superannuation,Listed Equity,"CGI, INC.",GIBA CN,BB Ticker,Canada,,,
Lifecycle_Balanced_Pool_Superannuation,Listed Equity,TOPBUILD CORP.,BLD US,BB Ticker,United States,,,
Lifecycle_Balanced_Pool_Superannuation,Listed Equity,ZOMATO LTD.,ZOMATO IN,BB Ticker,India,,,
Lifecycle_Balanced_Pool_Superannuation,Listed Equity,TOYO SEIKAN GROUP HOLDINGS LTD.,5901 JP,BB Ticker,Japan,,,
Lifecycle_Balanced_Pool_Superannuation,Listed Equity,SONOVA HOLDING AG,SOON SW,BB Ticker,Switzerland,,,
Lifecycle_Balanced_Pool_Superannuation,Listed Equity,LEONARDO SPA,LDO IM,BB Ticker,Italy,,,
Lifecycle_Balanced_Pool_Superannuation,Listed Equity,"DAIWA SECURITIES GROUP, INC.",8601 JP,BB Ticker,Japan,,,
Lifecycle_Balanced_Pool_Superannuation,Listed Equity,"CH ROBINSON WORLDWIDE, INC.",CHRW US,BB Ticker,United States,,,
Lifecycle_Balanced_Pool_Superannuation,Listed Equity,CAMPBELL'S CO.,CPB US,BB Ticker,United States,,,
Lifecycle_Balanced_Pool_Superannuation,Listed Equity,VERALTO CORP.,VLTO US,BB Ticker,United States,,,
Lifecycle_Balanced_Pool_Superannuation,Listed Equity,OLYMPUS CORP.,7733 JP,BB Ticker,Japan,,,
Lifecycle_Balanced_Pool_Superannuation,Listed Equity,"MUELLER INDUSTRIES, INC.",MLI US,BB Ticker,United States,,,
Lifecycle_Balanced_Pool_Superannuation,Listed Equity,AXALTA COATING SYSTEMS LTD.,AXTA US,BB Ticker,United States,,,
Lifecycle_Balanced_Pool_Superannuation,Listed Equity,"COREBRIDGE FINANCIAL, INC.",CRBG US,BB Ticker,United States,,,
Lifecycle_Balanced_Pool_Superannuation,Listed Equity,ORANGE SA,ORA FP,BB Ticker,France,,,
Lifecycle_Balanced_Pool_Superannuation,Listed Equity,"IMRICOR MEDICAL SYSTEMS, INC.",IMR AU,BB Ticker,Australia,,,
Lifecycle_Balanced_Pool_Superannuation,Listed Equity,CHECK POINT SOFTWARE TECHNOLOGIES LTD.,CHKP US,BB Ticker,United States,,,
Lifecycle_Balanced_Pool_Superannuation,Listed Equity,TECHNIPFMC PLC,FTI US,BB Ticker,United States,,,
Lifecycle_Balanced_Pool_Superannuation,Listed Equity,"H&R BLOCK, INC.",HRB US,BB Ticker,United States,,,
Lifecycle_Balanced_Pool_Superannuation,Listed Equity,AVIENT CORP.,AVNT US,BB Ticker,United States,,,
Lifecycle_Balanced_Pool_Superannuation,Listed Equity,TAMBURI INVESTMENT PARTNERS SPA,TIP IM,BB Ticker,Italy,,,
Lifecycle_Balanced_Pool_Superannuation,Listed Equity,"DELTA AIR LINES, INC.",DAL US,BB Ticker,United States,,,
Lifecycle_Balanced_Pool_Superannuation,Listed Equity,OBJECTIVE CORP. LTD.,OCL AU,BB Ticker,Australia,,,
Lifecycle_Balanced_Pool_Superannuation,Listed Equity,"ENEOS HOLDINGS, INC.",5020 JP,BB Ticker,Japan,,,
Lifecycle_Balanced_Pool_Superannuation,Listed Equity,DUKE ENERGY CORP.,DUK US,BB Ticker,United States,,,
Lifecycle_Balanced_Pool_Superannuation,Listed Equity,PACIFIC BASIN SHIPPING LTD.,2343 HK,BB Ticker,Hong Kong,,,
Lifecycle_Balanced_Pool_Superannuation,Listed Equity,"RELIANCE, INC.",RS US,BB Ticker,United States,,,
Lifecycle_Balanced_Pool_Superannuation,Listed Equity,OVS SPA,OVS IM,BB Ticker,Italy,,,
Lifecycle_Balanced_Pool_Superannuation,Listed Equity,VALARIS LTD.,VAL US,BB Ticker,United States,,,
Lifecycle_Balanced_Pool_Superannuation,Listed Equity,"PTC, INC.",PTC US,BB Ticker,United States,,,
Lifecycle_Balanced_Pool_Superannuation,Listed Equity,"KYOTO FINANCIAL GROUP, INC.",5844 JP,BB Ticker,Japan,,,
Lifecycle_Balanced_Pool_Superannuation,Listed Equity,SNAM SPA,SRG IM,BB Ticker,Italy,,,
Lifecycle_Balanced_Pool_Superannuation,Listed Equity,"BOMBARDIER, INC.",BBDB CN,BB Ticker,Canada,,,
Lifecycle_Balanced_Pool_Superannuation,Listed Equity,"LABCORP HOLDINGS, INC.",LH US,BB Ticker,United States,,,
Lifecycle_Balanced_Pool_Superannuation,Listed Equity,"COMFORT SYSTEMS USA, INC.",FIX US,BB Ticker,United States,,,
Lifecycle_Balanced_Pool_Superannuation,Listed Equity,"CENTERPOINT ENERGY, INC.",CNP US,BB Ticker,United States,,,
Lifecycle_Balanced_Pool_Superannuation,Listed Equity,CHINA LIFE INSURANCE CO. LTD.,2628 HK,BB Ticker,Hong Kong,,,
Lifecycle_Balanced_Pool_Superannuation,Listed Equity,MITSUI FUDOSAN CO. LTD.,8801 JP,BB Ticker,Japan,,,
Lifecycle_Balanced_Pool_Superannuation,Listed Equity,"RESTAURANT BRANDS INTERNATIONAL, INC.",QSR CN,BB Ticker,Canada,,,
Lifecycle_Balanced_Pool_Superannuation,Listed Equity,"TOPPAN HOLDINGS, INC.",7911 JP,BB Ticker,Japan,,,
Lifecycle_Balanced_Pool_Superannuation,Listed Equity,UNIBAIL-RODAMCO-WESTFIELD,URW AU,BB Ticker,Australia,,,
Lifecycle_Balanced_Pool_Superannuation,Listed Equity,AUSTAL LTD.,ASB AU,BB Ticker,Australia,,,
Lifecycle_Balanced_Pool_Superannuation,Listed Equity,KELSIAN GROUP LTD.,KLS AU,BB Ticker,Australia,,,
Lifecycle_Balanced_Pool_Superannuation,Listed Equity,EVEREST GROUP LTD.,EG US,BB Ticker,United States,,,
Lifecycle_Balanced_Pool_Superannuation,Listed Equity,ANTA SPORTS PRODUCTS LTD.,2020 HK,BB Ticker,Hong Kong,,,
Lifecycle_Balanced_Pool_Superannuation,Listed Equity,SKANDINAVISKA ENSKILDA BANKEN AB,SEBA SS,BB Ticker,Sweden,,,
Lifecycle_Balanced_Pool_Superannuation,Listed Equity,"WILLIAMS-SONOMA, INC.",WSM US,BB Ticker,United States,,,
Lifecycle_Balanced_Pool_Superannuation,Listed Equity,MBK PCL,MBKF TB,BB Ticker,Thailand,,,
Lifecycle_Balanced_Pool_Superannuation,Listed Equity,DOVER CORP.,DOV US,BB Ticker,United States,,,
Lifecycle_Balanced_Pool_Superannuation,Listed Equity,KAO CORP.,4452 JP,BB Ticker,Japan,,,
Lifecycle_Balanced_Pool_Superannuation,Listed Equity,SUMITOMO FORESTRY CO. LTD.,1911 JP,BB Ticker,Japan,,,
Lifecycle_Balanced_Pool_Superannuation,Listed Equity,PRYSMIAN SPA,PRY IM,BB Ticker,Italy,,,
Lifecycle_Balanced_Pool_Superannuation,Listed Equity,"HUBBELL, INC.",HUBB US,BB Ticker,United States,,,
Lifecycle_Balanced_Pool_Superannuation,Listed Equity,DNB BANK ASA,DNB NO,BB Ticker,Belgium,,,
Lifecycle_Balanced_Pool_Superannuation,Listed Equity,CIA ENERGETICA DE MINAS GERAIS,CMIG4 BZ,BB Ticker,Brazil,,,
Lifecycle_Balanced_Pool_Superannuation,Listed Equity,ALCOA CORP.,AA US,BB Ticker,United States,,,
Lifecycle_Balanced_Pool_Superannuation,Listed Equity,"NASDAQ, INC.",NDAQ US,BB Ticker,United States,,,
Lifecycle_Balanced_Pool_Superannuation,Listed Equity,"DARDEN RESTAURANTS, INC.",DRI US,BB Ticker,United States,,,
Lifecycle_Balanced_Pool_Superannuation,Listed Equity,TENET HEALTHCARE CORP.,THC US,BB Ticker,United States,,,
Lifecycle_Balanced_Pool_Superannuation,Listed Equity,MERCK KGAA,MRK GR,BB Ticker,Germany,,,
Lifecycle_Balanced_Pool_Superannuation,Listed Equity,BT GROUP PLC,BTA LN,BB Ticker,United Kingdom,,,
Lifecycle_Balanced_Pool_Superannuation,Listed Equity,GOLD FIELDS LTD.,GFI SJ,BB Ticker,South Africa,,,
Lifecycle_Balanced_Pool_Superannuation,Listed Equity,CARREFOUR SA,CA FP,BB Ticker,France,,,
Lifecycle_Balanced_Pool_Superannuation,Listed Equity,"WEST PHARMACEUTICAL SERVICES, INC.",WST US,BB Ticker,United States,,,
Lifecycle_Balanced_Pool_Superannuation,Listed Equity,NEW JERSEY RESOURCES CORP.,NJR US,BB Ticker,United States,,,
Lifecycle_Balanced_Pool_Superannuation,Listed Equity,WATERS CORP.,WAT US,BB Ticker,United States,,,
Lifecycle_Balanced_Pool_Superannuation,Listed Equity,KINGFISHER PLC,KGF LN,BB Ticker,United Kingdom,,,
Lifecycle_Balanced_Pool_Superannuation,Listed Equity,BROOKFIELD ASSET MANAGEMENT LTD.,BAM CN,BB Ticker,Canada,,,
Lifecycle_Balanced_Pool_Superannuation,Listed Equity,KOTAK MAHINDRA BANK LTD.,KMB IN,BB Ticker,India,,,
Lifecycle_Balanced_Pool_Superannuation,Listed Equity,MALAYAN BANKING BHD.,MAY MK,BB Ticker,Malaysia,,,
Lifecycle_Balanced_Pool_Superannuation,Listed Equity,BANK MANDIRI PERSERO TBK. PT,BMRI IJ,BB Ticker,Indonesia,,,
Lifecycle_Balanced_Pool_Superannuation,Listed Equity,"ASUSTEK COMPUTER, INC.",2357 TT,BB Ticker,Taiwan,,,
Lifecycle_Balanced_Pool_Superannuation,Listed Equity,NUTRIEN LTD.,NTR CN,BB Ticker,Canada,,,
Lifecycle_Balanced_Pool_Superannuation,Listed Equity,MARUTI SUZUKI INDIA LTD.,MSIL IN,BB Ticker,India,,,
Lifecycle_Balanced_Pool_Superannuation,Listed Equity,AMPLITUDE ENERGY LTD.,AEL AU,BB Ticker,Australia,,,
Lifecycle_Balanced_Pool_Superannuation,Listed Equity,"ACUITY BRANDS, INC.",AYI US,BB Ticker,United States,,,
Lifecycle_Balanced_Pool_Superannuation,Listed Equity,BAYER AG,BAYN GR,BB Ticker,Germany,,,
Lifecycle_Balanced_Pool_Superannuation,Listed Equity,"ROGERS COMMUNICATIONS, INC.",RCIB CN,BB Ticker,Canada,,,
Lifecycle_Balanced_Pool_Superannuation,Listed Equity,HENKEL AG & CO. KGAA,HEN3 GR,BB Ticker,Germany,,,
Lifecycle_Balanced_Pool_Superannuation,Listed Equity,GRUPO MEXICO SAB DE CV,GMEXICOB MM,BB Ticker,Mexico,,,
Lifecycle_Balanced_Pool_Superannuation,Listed Equity,AUDINATE GROUP LTD.,AD8 AU,BB Ticker,Australia,,,
Lifecycle_Balanced_Pool_Superannuation,Listed Equity,PUBLIC BANK BHD.,PBK MK,BB Ticker,Malaysia,,,
Lifecycle_Balanced_Pool_Superannuation,Listed Equity,ARGENX SE,ARGXEUR X9,BB Ticker,Netherlands,,,
Lifecycle_Balanced_Pool_Superannuation,Listed Equity,EBOS GROUP LTD.,EBO NZ,BB Ticker,New Zealand,,,
Lifecycle_Balanced_Pool_Superannuation,Listed Equity,"ULTA BEAUTY, INC.",ULTA US,BB Ticker,United States,,,
Lifecycle_Balanced_Pool_Superannuation,Listed Equity,TOEI CO. LTD.,9605 JP,BB Ticker,Japan,,,
Lifecycle_Balanced_Pool_Superannuation,Listed Equity,BEIERSDORF AG,BEI GR,BB Ticker,Germany,,,
Lifecycle_Balanced_Pool_Superannuation,Listed Equity,FOMENTO ECONOMICO MEXICANO SAB DE CV,FEMSAUBD MM,BB Ticker,Mexico,,,
Lifecycle_Balanced_Pool_Superannuation,Listed Equity,"MAGNA INTERNATIONAL, INC.",MG CN,BB Ticker,Canada,,,
Lifecycle_Balanced_Pool_Superannuation,Listed Equity,KUAISHOU TECHNOLOGY,1024 HK,BB Ticker,Hong Kong,,,
Lifecycle_Balanced_Pool_Superannuation,Listed Equity,DSM-FIRMENICH AG,DSFIR NA,BB Ticker,Netherlands,,,
Lifecycle_Balanced_Pool_Superannuation,Listed Equity,STAR ENTERTAINMENT GROUP LTD.,SGR AU,BB Ticker,Australia,,,
Lifecycle_Balanced_Pool_Superannuation,Listed Equity,CARVANA CO.,CVNA US,BB Ticker,United States,,,
Lifecycle_Balanced_Pool_Superannuation,Listed Equity,COCA-COLA HBC AG,CCH LN,BB Ticker,United Kingdom,,,
Lifecycle_Balanced_Pool_Superannuation,Listed Equity,"ZIMMER BIOMET HOLDINGS, INC.",ZBH US,BB Ticker,United States,,,
Lifecycle_Balanced_Pool_Superannuation,Listed Equity,"CORPAY, INC.",CPAY US,BB Ticker,United States,,,
Lifecycle_Balanced_Pool_Superannuation,Listed Equity,"LIVE NATION ENTERTAINMENT, INC.",LYV US,BB Ticker,United States,,,
Lifecycle_Balanced_Pool_Superannuation,Listed Equity,RELX PLC,REN NA,BB Ticker,Netherlands,,,
Lifecycle_Balanced_Pool_Superannuation,Listed Equity,TELEFONICA SA,TEF SM,BB Ticker,Spain,,,
Lifecycle_Balanced_Pool_Superannuation,Listed Equity,FERROVIAL SE,FER SM,BB Ticker,Spain,,,
Lifecycle_Balanced_Pool_Superannuation,Listed Equity,HEINEKEN NV,HEIA NA,BB Ticker,Netherlands,,,
Lifecycle_Balanced_Pool_Superannuation,Listed Equity,"CARLISLE COS., INC.",CSL US,BB Ticker,United States,,,
Lifecycle_Balanced_Pool_Superannuation,Listed Equity,TECHTRONIC INDUSTRIES CO. LTD.,669 HK,BB Ticker,Hong Kong,,,
Lifecycle_Balanced_Pool_Superannuation,Listed Equity,"F5, INC.",FFIV US,BB Ticker,United States,,,
Lifecycle_Balanced_Pool_Superannuation,Listed Equity,PETROLEO BRASILEIRO SA,PETR3 BZ,BB Ticker,Brazil,,,
Lifecycle_Balanced_Pool_Superannuation,Listed Equity,CDW CORP.,CDW US,BB Ticker,United States,,,
Lifecycle_Balanced_Pool_Superannuation,Listed Equity,"POPULAR, INC.",BPOP US,BB Ticker,United States,,,
Lifecycle_Balanced_Pool_Superannuation,Listed Equity,BROOKFIELD CORP.,BN US,BB Ticker,United States,,,
Lifecycle_Balanced_Pool_Superannuation,Listed Equity,GWA GROUP LTD.,GWA AU,BB Ticker,Australia,,,
Lifecycle_Balanced_Pool_Superannuation,Listed Equity,BUREAU VERITAS SA,BVI FP,BB Ticker,France,,,
Lifecycle_Balanced_Pool_Superannuation,Listed Equity,"ROBINHOOD MARKETS, INC.",HOOD US,BB Ticker,United States,,,
Lifecycle_Balanced_Pool_Superannuation,Listed Equity,SINGAPORE TELECOMMUNICATIONS LTD.,ST SP,BB Ticker,Singapore,,,
Lifecycle_Balanced_Pool_Superannuation,Listed Equity,BAWAG GROUP AG,BG AV,BB Ticker,Austria,,,
Lifecycle_Balanced_Pool_Superannuation,Listed Equity,"METRO, INC.",MRU CN,BB Ticker,Canada,,,
Lifecycle_Balanced_Pool_Superannuation,Listed Equity,ADVANCED INFO SERVICE PCL,ADVANCF TB,BB Ticker,Thailand,,,
Lifecycle_Balanced_Pool_Superannuation,Listed Equity,BANK HAPOALIM BM,POLI IT,BB Ticker,Israel,,,
Lifecycle_Balanced_Pool_Superannuation,Listed Equity,PING AN BANK CO. LTD.,000001 C2,BB Ticker,China,,,
Lifecycle_Balanced_Pool_Superannuation,Listed Equity,MACQUARIE TECHNOLOGY GROUP LTD.,MAQ AU,BB Ticker,Australia,,,
Lifecycle_Balanced_Pool_Superannuation,Listed Equity,ZENKOKU HOSHO CO. LTD.,7164 JP,BB Ticker,Japan,,,
Lifecycle_Balanced_Pool_Superannuation,Listed Equity,"TERADYNE, INC.",TER US,BB Ticker,United States,,,
Lifecycle_Balanced_Pool_Superannuation,Listed Equity,"JOBY AVIATION, INC.",JOBY US,BB Ticker,United States,,,
Lifecycle_Balanced_Pool_Superannuation,Listed Equity,"EXELIXIS, INC.",EXEL US,BB Ticker,United States,,,
Lifecycle_Balanced_Pool_Superannuation,Listed Equity,BANK RAKYAT INDONESIA PERSERO TBK. PT,BBRI IJ,BB Ticker,Indonesia,,,
Lifecycle_Balanced_Pool_Superannuation,Listed Equity,"TYLER TECHNOLOGIES, INC.",TYL US,BB Ticker,United States,,,
Lifecycle_Balanced_Pool_Superannuation,Listed Equity,FLEX LTD.,FLEX US,BB Ticker,United States,,,
Lifecycle_Balanced_Pool_Superannuation,Listed Equity,"CONAGRA BRANDS, INC.",CAG US,BB Ticker,United States,,,
Lifecycle_Balanced_Pool_Superannuation,Listed Equity,UNITED MICROELECTRONICS CORP.,2303 TT,BB Ticker,Taiwan,,,
Lifecycle_Balanced_Pool_Superannuation,Listed Equity,WEST FRASER TIMBER CO. LTD.,WFG CN,BB Ticker,Canada,,,
Lifecycle_Balanced_Pool_Superannuation,Listed Equity,"HOLOGIC, INC.",HOLX US,BB Ticker,United States,,,
Lifecycle_Balanced_Pool_Superannuation,Listed Equity,"RPM INTERNATIONAL, INC.",RPM US,BB Ticker,United States,,,
Lifecycle_Balanced_Pool_Superannuation,Listed Equity,KONE OYJ,KNEBV FH,BB Ticker,Finland,,,
Lifecycle_Balanced_Pool_Superannuation,Listed Equity,COMMERZBANK AG,CBK GR,BB Ticker,Germany,,,
Lifecycle_Balanced_Pool_Superannuation,Listed Equity,"MOLINA HEALTHCARE, INC.",MOH US,BB Ticker,United States,,,
Lifecycle_Balanced_Pool_Superannuation,Listed Equity,"DOLLAR TREE, INC.",DLTR US,BB Ticker,United States,,,
Lifecycle_Balanced_Pool_Superannuation,Listed Equity,COCA-COLA EUROPACIFIC PARTNERS PLC,CCEP US,BB Ticker,United States,,,
Lifecycle_Balanced_Pool_Superannuation,Listed Equity,"BATH & BODY WORKS, INC.",BBWI US,BB Ticker,United States,,,
Lifecycle_Balanced_Pool_Superannuation,Listed Equity,HEICO CORP.,HEI US,BB Ticker,United States,,,
Lifecycle_Balanced_Pool_Superannuation,Listed Equity,CENTRICA PLC,CNA LN,BB Ticker,United Kingdom,,,
Lifecycle_Balanced_Pool_Superannuation,Listed Equity,CREDICORP LTD.,BAP US,BB Ticker,United States,,,
Lifecycle_Balanced_Pool_Superannuation,Listed Equity,UNIVERSAL MUSIC GROUP NV,UMG NA,BB Ticker,Netherlands,,,
Lifecycle_Balanced_Pool_Superannuation,Listed Equity,UNITED UTILITIES GROUP PLC,UU LN,BB Ticker,United Kingdom,,,
Lifecycle_Balanced_Pool_Superannuation,Listed Equity,JULIUS BAER GROUP LTD.,BAER SW,BB Ticker,Switzerland,,,
Lifecycle_Balanced_Pool_Superannuation,Listed Equity,"MANHATTAN ASSOCIATES, INC.",MANH US,BB Ticker,United States,,,
Lifecycle_Balanced_Pool_Superannuation,Listed Equity,WAL-MART DE MEXICO SAB DE CV,WALMEX MM,BB Ticker,Mexico,,,
Lifecycle_Balanced_Pool_Superannuation,Listed Equity,"BROWN & BROWN, INC.",BRO US,BB Ticker,United States,,,
Lifecycle_Balanced_Pool_Superannuation,Listed Equity,CAPITEC BANK HOLDINGS LTD.,CPI SJ,BB Ticker,South Africa,,,
Lifecycle_Balanced_Pool_Superannuation,Listed Equity,TERNA - RETE ELETTRICA NAZIONALE,TRN IM,BB Ticker,Italy,,,
Lifecycle_Balanced_Pool_Superannuation,Listed Equity,SEADRILL LTD.,SDRL US,BB Ticker,United States,,,
Lifecycle_Balanced_Pool_Superannuation,Listed Equity,CYBERARK SOFTWARE LTD.,CYBR US,BB Ticker,United States,,,
Lifecycle_Balanced_Pool_Superannuation,Listed Equity,MALAYSIA AIRPORTS HOLDINGS BHD.,MAHB MK,BB Ticker,Malaysia,,,
Lifecycle_Balanced_Pool_Superannuation,Listed Equity,AUSSIE BROADBAND LTD.,ABB AU,BB Ticker,Australia,,,
Lifecycle_Balanced_Pool_Superannuation,Listed Equity,TRANSUNION,TRU US,BB Ticker,United States,,,
Lifecycle_Balanced_Pool_Superannuation,Listed Equity,CURTISS-WRIGHT CORP.,CW US,BB Ticker,United States,,,
Lifecycle_Balanced_Pool_Superannuation,Listed Equity,HONGKONG & SHANGHAI HOTELS LTD.,45 HK,BB Ticker,Hong Kong,,,
Lifecycle_Balanced_Pool_Superannuation,Listed Equity,KEYERA CORP.,KEY CN,BB Ticker,Canada,,,
Lifecycle_Balanced_Pool_Superannuation,Listed Equity,"ROYAL GOLD, INC.",RGLD US,BB Ticker,United States,,,
Lifecycle_Balanced_Pool_Superannuation,Listed Equity,"FIRST CITIZENS BANCSHARES, INC.",FCNCA US,BB Ticker,United States,,,
Lifecycle_Balanced_Pool_Superannuation,Listed Equity,SHIONOGI & CO. LTD.,4507 JP,BB Ticker,Japan,,,
Lifecycle_Balanced_Pool_Superannuation,Listed Equity,"CNO FINANCIAL GROUP, INC.",CNO US,BB Ticker,United States,,,
Lifecycle_Balanced_Pool_Superannuation,Listed Equity,CSOP NIKKEI 225 INDEX ETF,3153 HK,BB Ticker,Hong Kong,,,
Lifecycle_Balanced_Pool_Superannuation,Listed Equity,RENESAS ELECTRONICS CORP.,6723 JP,BB Ticker,Japan,,,
Lifecycle_Balanced_Pool_Superannuation,Listed Equity,FOX CORP.,FOXA US,BB Ticker,United States,,,
Lifecycle_Balanced_Pool_Superannuation,Listed Equity,JAPAN PETROLEUM EXPLORATION CO. LTD.,1662 JP,BB Ticker,Japan,,,
Lifecycle_Balanced_Pool_Superannuation,Listed Equity,"BERKSHIRE HATHAWAY, INC.",BRKA US,BB Ticker,United States,,,
Lifecycle_Balanced_Pool_Superannuation,Listed Equity,"DOMINO'S PIZZA, INC.",DPZ US,BB Ticker,United States,,,
Lifecycle_Balanced_Pool_Superannuation,Listed Equity,REALTEK SEMICONDUCTOR CORP.,2379 TT,BB Ticker,Taiwan,,,
Lifecycle_Balanced_Pool_Superannuation,Listed Equity,"AJINOMOTO CO., INC.",2802 JP,BB Ticker,Japan,,,
Lifecycle_Balanced_Pool_Superannuation,Listed Equity,"EPAM SYSTEMS, INC.",EPAM US,BB Ticker,United States,,,
Lifecycle_Balanced_Pool_Superannuation,Listed Equity,"ESTEE LAUDER COS., INC.",EL US,BB Ticker,United States,,,
Lifecycle_Balanced_Pool_Superannuation,Listed Equity,INFORMA PLC,INF LN,BB Ticker,United Kingdom,,,
Lifecycle_Balanced_Pool_Superannuation,Listed Equity,AENA SME SA,AENA SM,BB Ticker,Spain,,,
Lifecycle_Balanced_Pool_Superannuation,Listed Equity,SYMRISE AG,SY1 GR,BB Ticker,Germany,,,
Lifecycle_Balanced_Pool_Superannuation,Listed Equity,"IA FINANCIAL CORP., INC.",IAG CN,BB Ticker,Canada,,,
Lifecycle_Balanced_Pool_Superannuation,Listed Equity,GEBERIT AG,GEBN SW,BB Ticker,Switzerland,,,
Lifecycle_Balanced_Pool_Superannuation,Listed Equity,"NATERA, INC.",NTRA US,BB Ticker,United States,,,
Lifecycle_Balanced_Pool_Superannuation,Listed Equity,NVENT ELECTRIC PLC,NVT US,BB Ticker,United States,,,
Lifecycle_Balanced_Pool_Superannuation,Listed Equity,"HEADWATER EXPLORATION, INC.",HWX CN,BB Ticker,Canada,,,
Lifecycle_Balanced_Pool_Superannuation,Listed Equity,IMPALA PLATINUM HOLDINGS LTD.,IMP SJ,BB Ticker,South Africa,,,
Lifecycle_Balanced_Pool_Superannuation,Listed Equity,EMIRATES TELECOMMUNICATIONS GROUP CO. PJSC,EAND UH,BB Ticker,United Arab Emirates,,,
Lifecycle_Balanced_Pool_Superannuation,Listed Equity,KUWAIT FINANCE HOUSE KSCP,KFH KK,BB Ticker,Kuwait,,,
Lifecycle_Balanced_Pool_Superannuation,Listed Equity,"OMNICOM GROUP, INC.",OMC US,BB Ticker,United States,,,
Lifecycle_Balanced_Pool_Superannuation,Listed Equity,SGS SA,SGSN SW,BB Ticker,Switzerland,,,
Lifecycle_Balanced_Pool_Superannuation,Listed Equity,TENARIS SA,TEN IM,BB Ticker,Italy,,,
Lifecycle_Balanced_Pool_Superannuation,Listed Equity,"JONES LANG LASALLE, INC.",JLL US,BB Ticker,United States,,,
Lifecycle_Balanced_Pool_Superannuation,Listed Equity,"EAST WEST BANCORP, INC.",EWBC US,BB Ticker,United States,,,
Lifecycle_Balanced_Pool_Superannuation,Listed Equity,"BUILDERS FIRSTSOURCE, INC.",BLDR US,BB Ticker,United States,,,
Lifecycle_Balanced_Pool_Superannuation,Listed Equity,CREDIT AGRICOLE SA,ACA FP,BB Ticker,France,,,
Lifecycle_Balanced_Pool_Superannuation,Listed Equity,AGRICULTURAL BANK OF CHINA LTD.,1288 HK,BB Ticker,Hong Kong,,,
Lifecycle_Balanced_Pool_Superannuation,Listed Equity,NITTO DENKO CORP.,6988 JP,BB Ticker,Japan,,,
Lifecycle_Balanced_Pool_Superannuation,Listed Equity,PETRONET LNG LTD.,PLNG IN,BB Ticker,India,,,
Lifecycle_Balanced_Pool_Superannuation,Listed Equity,"ROLLINS, INC.",ROL US,BB Ticker,United States,,,
Lifecycle_Balanced_Pool_Superannuation,Listed Equity,SAMPO OYJ,SAMPO FH,BB Ticker,Finland,,,
Lifecycle_Balanced_Pool_Superannuation,Listed Equity,BUNZL PLC,BNZL LN,BB Ticker,United Kingdom,,,
Lifecycle_Balanced_Pool_Superannuation,Listed Equity,FOXTONS GROUP PLC,FOXT LN,BB Ticker,United Kingdom,,,
Lifecycle_Balanced_Pool_Superannuation,Listed Equity,WIPRO LTD.,WPRO IN,BB Ticker,India,,,
Lifecycle_Balanced_Pool_Superannuation,Listed Equity,JAZZ PHARMACEUTICALS PLC,JAZZ US,BB Ticker,United States,,,
Lifecycle_Balanced_Pool_Superannuation,Listed Equity,POWER CORP. OF CANADA,POW CN,BB Ticker,Canada,,,
Lifecycle_Balanced_Pool_Superannuation,Listed Equity,"MATTEL, INC.",MAT US,BB Ticker,United States,,,
Lifecycle_Balanced_Pool_Superannuation,Listed Equity,EAST JAPAN RAILWAY CO.,9020 JP,BB Ticker,Japan,,,
Lifecycle_Balanced_Pool_Superannuation,Listed Equity,ASICS CORP.,7936 JP,BB Ticker,Japan,,,
Lifecycle_Balanced_Pool_Superannuation,Listed Equity,HOKUETSU CORP.,3865 JP,BB Ticker,Japan,,,
Lifecycle_Balanced_Pool_Superannuation,Listed Equity,SAGE GROUP PLC,SGE LN,BB Ticker,United Kingdom,,,
Lifecycle_Balanced_Pool_Superannuation,Listed Equity,"TELEDYNE TECHNOLOGIES, INC.",TDY US,BB Ticker,United States,,,
Lifecycle_Balanced_Pool_Superannuation,Listed Equity,"TOLL BROTHERS, INC.",TOL US,BB Ticker,United States,,,
Lifecycle_Balanced_Pool_Superannuation,Listed Equity,PEARSON PLC,PSON LN,BB Ticker,United Kingdom,,,
Lifecycle_Balanced_Pool_Superannuation,Listed Equity,CELLNEX TELECOM SA,CLNX SM,BB Ticker,Spain,,,
Lifecycle_Balanced_Pool_Superannuation,Listed Equity,"BEST BUY CO., INC.",BBY US,BB Ticker,United States,,,
Lifecycle_Balanced_Pool_Superannuation,Listed Equity,STERIS PLC,STE US,BB Ticker,United States,,,
Lifecycle_Balanced_Pool_Superannuation,Listed Equity,BRIDGESTONE CORP.,5108 JP,BB Ticker,Japan,,,
Lifecycle_Balanced_Pool_Superannuation,Listed Equity,SUN HUNG KAI PROPERTIES LTD.,16 HK,BB Ticker,Hong Kong,,,
Lifecycle_Balanced_Pool_Superannuation,Listed Equity,SAYONA MINING LTD.,SYA AU,BB Ticker,Australia,,,
Lifecycle_Balanced_Pool_Superannuation,Listed Equity,"CBOE GLOBAL MARKETS, INC.",CBOE US,BB Ticker,United States,,,
Lifecycle_Balanced_Pool_Superannuation,Listed Equity,AMCOR PLC,AMCR US,BB Ticker,United States,,,
Lifecycle_Balanced_Pool_Superannuation,Listed Equity,"FIRST SOLAR, INC.",FSLR US,BB Ticker,United States,,,
Lifecycle_Balanced_Pool_Superannuation,Listed Equity,"LENNOX INTERNATIONAL, INC.",LII US,BB Ticker,United States,,,
Lifecycle_Balanced_Pool_Superannuation,Listed Equity,"UNIVERSAL HEALTH SERVICES, INC.",UHS US,BB Ticker,United States,,,
Lifecycle_Balanced_Pool_Superannuation,Listed Equity,BP PLC,BP LN,BB Ticker,United Kingdom,,,
Lifecycle_Balanced_Pool_Superannuation,Listed Equity,ASOS PLC,ASC LN,BB Ticker,United Kingdom,,,
Lifecycle_Balanced_Pool_Superannuation,Listed Equity,GENMAB AS,GMAB DC,BB Ticker,Denmark,,,
Lifecycle_Balanced_Pool_Superannuation,Listed Equity,"EVERGY, INC.",EVRG US,BB Ticker,United States,,,
Lifecycle_Balanced_Pool_Superannuation,Listed Equity,SANDOZ GROUP AG,SDZ SW,BB Ticker,Switzerland,,,
Lifecycle_Balanced_Pool_Superannuation,Listed Equity,GOLAR LNG LTD.,GLNG US,BB Ticker,United States,,,
Lifecycle_Balanced_Pool_Superannuation,Listed Equity,STMICROELECTRONICS NV,STMPA FP,BB Ticker,France,,,
Lifecycle_Balanced_Pool_Superannuation,Listed Equity,KUEHNE & NAGEL INTERNATIONAL AG,KNIN SW,BB Ticker,Switzerland,,,
Lifecycle_Balanced_Pool_Superannuation,Listed Equity,POWER ASSETS HOLDINGS LTD.,6 HK,BB Ticker,Hong Kong,,,
Lifecycle_Balanced_Pool_Superannuation,Listed Equity,NIDEC CORP.,6594 JP,BB Ticker,Japan,,,
Lifecycle_Balanced_Pool_Superannuation,Listed Equity,"MARKEL GROUP, INC.",MKL US,BB Ticker,United States,,,
Lifecycle_Balanced_Pool_Superannuation,Listed Equity,SUZUKI MOTOR CORP.,7269 JP,BB Ticker,Japan,,,
Lifecycle_Balanced_Pool_Superannuation,Listed Equity,KT CORP.,030200 KS,BB Ticker,South Korea,,,
Lifecycle_Balanced_Pool_Superannuation,Listed Equity,POWSZECHNA KASA OSZCZEDNOSCI BANK POLSKI SA,PKO PW,BB Ticker,Poland,,,
Lifecycle_Balanced_Pool_Superannuation,Listed Equity,HUMM GROUP LTD.,HUM AU,BB Ticker,Australia,,,
Lifecycle_Balanced_Pool_Superannuation,Listed Equity,"GUIDEWIRE SOFTWARE, INC.",GWRE US,BB Ticker,United States,,,
Lifecycle_Balanced_Pool_Superannuation,Listed Equity,PENTAIR PLC,PNR US,BB Ticker,United States,,,
Lifecycle_Balanced_Pool_Superannuation,Listed Equity,MEGA FINANCIAL HOLDING CO. LTD.,2886 TT,BB Ticker,Taiwan,,,
Lifecycle_Balanced_Pool_Superannuation,Listed Equity,SEVERN TRENT PLC,SVT LN,BB Ticker,United Kingdom,,,
Lifecycle_Balanced_Pool_Superannuation,Listed Equity,CRODA INTERNATIONAL PLC,CRDA LN,BB Ticker,United Kingdom,,,
Lifecycle_Balanced_Pool_Superannuation,Listed Equity,LEGAL & GENERAL GROUP PLC,LGEN LN,BB Ticker,United Kingdom,,,
Lifecycle_Balanced_Pool_Superannuation,Listed Equity,DEVELOP GLOBAL LTD.,DVP AU,BB Ticker,Australia,,,
Lifecycle_Balanced_Pool_Superannuation,Listed Equity,SWEDBANK AB,SWEDA SS,BB Ticker,Sweden,,,
Lifecycle_Balanced_Pool_Superannuation,Listed Equity,THALES SA,HO FP,BB Ticker,France,,,
Lifecycle_Balanced_Pool_Superannuation,Listed Equity,IVANHOE MINES LTD.,IVN CN,BB Ticker,Canada,,,
Lifecycle_Balanced_Pool_Superannuation,Listed Equity,TRENT LTD.,TRENT IN,BB Ticker,India,,,
Lifecycle_Balanced_Pool_Superannuation,Listed Equity,BROOKFIELD RENEWABLE CORP.,BEPC CN,BB Ticker,Canada,,,
Lifecycle_Balanced_Pool_Superannuation,Listed Equity,"NRG ENERGY, INC.",NRG US,BB Ticker,United States,,,
Lifecycle_Balanced_Pool_Superannuation,Listed Equity,"PRINCIPAL FINANCIAL GROUP, INC.",PFG US,BB Ticker,United States,,,
Lifecycle_Balanced_Pool_Superannuation,Listed Equity,WESTERN DIGITAL CORP.,WDC US,BB Ticker,United States,,,
Lifecycle_Balanced_Pool_Superannuation,Listed Equity,ASAHI GROUP HOLDINGS LTD.,2502 JP,BB Ticker,Japan,,,
Lifecycle_Balanced_Pool_Superannuation,Listed Equity,"JACOBS SOLUTIONS, INC.",J US,BB Ticker,United States,,,
Lifecycle_Balanced_Pool_Superannuation,Listed Equity,"PINTEREST, INC.",PINS US,BB Ticker,United States,,,
Lifecycle_Balanced_Pool_Superannuation,Listed Equity,AIB GROUP PLC,AIBG ID,BB Ticker,Ireland,,,
Lifecycle_Balanced_Pool_Superannuation,Listed Equity,AMERICAN STATES WATER CO.,AWR US,BB Ticker,United States,,,
Lifecycle_Balanced_Pool_Superannuation,Listed Equity,GRUPO FINANCIERO BANORTE SAB DE CV,GFNORTEO MM,BB Ticker,Mexico,,,
Lifecycle_Balanced_Pool_Superannuation,Listed Equity,TECK RESOURCES LTD.,TECKB CN,BB Ticker,Canada,,,
Lifecycle_Balanced_Pool_Superannuation,Listed Equity,RENAISSANCERE HOLDINGS LTD.,RNR US,BB Ticker,United States,,,
Lifecycle_Balanced_Pool_Superannuation,Listed Equity,CHINA RESOURCES LAND LTD.,1109 HK,BB Ticker,Hong Kong,,,
Lifecycle_Balanced_Pool_Superannuation,Listed Equity,SCOUT24 SE,G24 GR,BB Ticker,Germany,,,
Lifecycle_Balanced_Pool_Superannuation,Listed Equity,BANNERMAN ENERGY LTD.,BMN AU,BB Ticker,Australia,,,
Lifecycle_Balanced_Pool_Superannuation,Listed Equity,ISRAEL DISCOUNT BANK LTD.,DSCT IT,BB Ticker,Israel,,,
Lifecycle_Balanced_Pool_Superannuation,Listed Equity,ACCTON TECHNOLOGY CORP.,2345 TT,BB Ticker,Taiwan,,,
Lifecycle_Balanced_Pool_Superannuation,Listed Equity,ASIAN PAINTS LTD.,APNT IN,BB Ticker,India,,,
Lifecycle_Balanced_Pool_Superannuation,Listed Equity,KERING SA,KER FP,BB Ticker,France,,,
Lifecycle_Balanced_Pool_Superannuation,Listed Equity,"SECURE ENERGY SERVICES, INC.",SES CN,BB Ticker,Canada,,,
Lifecycle_Balanced_Pool_Superannuation,Listed Equity,APTIV PLC,APTV US,BB Ticker,United States,,,
Lifecycle_Balanced_Pool_Superannuation,Listed Equity,MOSAIC CO.,MOS US,BB Ticker,United States,,,
Lifecycle_Balanced_Pool_Superannuation,Listed Equity,SIEMENS HEALTHINEERS AG,SHL GR,BB Ticker,Germany,,,
Lifecycle_Balanced_Pool_Superannuation,Listed Equity,"NEUROCRINE BIOSCIENCES, INC.",NBIX US,BB Ticker,United States,,,
Lifecycle_Balanced_Pool_Superannuation,Listed Equity,ZIJIN MINING GROUP CO. LTD.,2899 HK,BB Ticker,Hong Kong,,,
Lifecycle_Balanced_Pool_Superannuation,Listed Equity,COLOPLAST AS,COLOB DC,BB Ticker,Denmark,,,
Lifecycle_Balanced_Pool_Superannuation,Listed Equity,"JABIL, INC.",JBL US,BB Ticker,United States,,,
Lifecycle_Balanced_Pool_Superannuation,Listed Equity,ARAB NATIONAL BANK,ARNB AB,BB Ticker,Saudi Arabia,,,
Lifecycle_Balanced_Pool_Superannuation,Listed Equity,NEWS CORP.,NWSA US,BB Ticker,United States,,,
Lifecycle_Balanced_Pool_Superannuation,Listed Equity,KONINKLIJKE KPN NV,KPN NA,BB Ticker,Netherlands,,,
Lifecycle_Balanced_Pool_Superannuation,Listed Equity,"DICK'S SPORTING GOODS, INC.",DKS US,BB Ticker,United States,,,
Lifecycle_Balanced_Pool_Superannuation,Listed Equity,SVENSKA HANDELSBANKEN AB,SHBA SS,BB Ticker,Sweden,,,
Lifecycle_Balanced_Pool_Superannuation,Listed Equity,EDP RENOVAVEIS SA,EDPR PL,BB Ticker,Portugal,,,
Lifecycle_Balanced_Pool_Superannuation,Listed Equity,HENKEL AG & CO. KGAA,HEN GR,BB Ticker,Germany,,,
Lifecycle_Balanced_Pool_Superannuation,Listed Equity,OLD REPUBLIC INTERNATIONAL CORP.,ORI US,BB Ticker,United States,,,
Lifecycle_Balanced_Pool_Superannuation,Listed Equity,TOYOTA TSUSHO CORP.,8015 JP,BB Ticker,Japan,,,
Lifecycle_Balanced_Pool_Superannuation,Listed Equity,"TEXTRON, INC.",TXT US,BB Ticker,United States,,,
Lifecycle_Balanced_Pool_Superannuation,Listed Equity,CHESAPEAKE UTILITIES CORP.,CPK US,BB Ticker,United States,,,
Lifecycle_Balanced_Pool_Superannuation,Listed Equity,RENAULT SA,RNO FP,BB Ticker,France,,,
Lifecycle_Balanced_Pool_Superannuation,Listed Equity,CHINA YANGTZE POWER CO. LTD.,600900 C1,BB Ticker,China,,,
Lifecycle_Balanced_Pool_Superannuation,Listed Equity,PICC PROPERTY & CASUALTY CO. LTD.,2328 HK,BB Ticker,Hong Kong,,,
Lifecycle_Balanced_Pool_Superannuation,Listed Equity,"FACTSET RESEARCH SYSTEMS, INC.",FDS US,BB Ticker,United States,,,
Lifecycle_Balanced_Pool_Superannuation,Listed Equity,HOWDEN JOINERY GROUP PLC,HWDN LN,BB Ticker,United Kingdom,,,
Lifecycle_Balanced_Pool_Superannuation,Listed Equity,"VERISIGN, INC.",VRSN US,BB Ticker,United States,,,
Lifecycle_Balanced_Pool_Superannuation,Listed Equity,"MEDPACE HOLDINGS, INC.",MEDP US,BB Ticker,United States,,,
Lifecycle_Balanced_Pool_Superannuation,Listed Equity,STRIKE ENERGY LTD.,STX AU,BB Ticker,Australia,,,
Lifecycle_Balanced_Pool_Superannuation,Listed Equity,VESTAS WIND SYSTEMS AS,VWS DC,BB Ticker,Denmark,,,
Lifecycle_Balanced_Pool_Superannuation,Listed Equity,"LI AUTO, INC.",2015 HK,BB Ticker,Hong Kong,,,
Lifecycle_Balanced_Pool_Superannuation,Listed Equity,NICE LTD.,NICE IT,BB Ticker,Israel,,,
Lifecycle_Balanced_Pool_Superannuation,Listed Equity,CHUNGHWA TELECOM CO. LTD.,2412 TT,BB Ticker,Taiwan,,,
Lifecycle_Balanced_Pool_Superannuation,Listed Equity,ALLEGION PLC,ALLE US,BB Ticker,United States,,,
Lifecycle_Balanced_Pool_Superannuation,Listed Equity,"ALIGN TECHNOLOGY, INC.",ALGN US,BB Ticker,United States,,,
Lifecycle_Balanced_Pool_Superannuation,Listed Equity,SERVICE CORP. INTERNATIONAL,SCI US,BB Ticker,United States,,,
Lifecycle_Balanced_Pool_Superannuation,Listed Equity,HYUNDAI MOBIS CO. LTD.,012330 KS,BB Ticker,South Korea,,,
Lifecycle_Balanced_Pool_Superannuation,Listed Equity,FREEHOLD ROYALTIES LTD.,FRU CN,BB Ticker,Canada,,,
Lifecycle_Balanced_Pool_Superannuation,Listed Equity,CIPLA LTD.,CIPLA IN,BB Ticker,India,,,
Lifecycle_Balanced_Pool_Superannuation,Listed Equity,"GENERAC HOLDINGS, INC.",GNRC US,BB Ticker,United States,,,
Lifecycle_Balanced_Pool_Superannuation,Listed Equity,FIRST ABU DHABI BANK PJSC,FAB UH,BB Ticker,United Arab Emirates,,,
Lifecycle_Balanced_Pool_Superannuation,Listed Equity,INFOMEDIA LTD.,IFM AU,BB Ticker,Australia,,,
Lifecycle_Balanced_Pool_Superannuation,Listed Equity,"GIBSON ENERGY, INC.",GEI CN,BB Ticker,Canada,,,
Lifecycle_Balanced_Pool_Superannuation,Listed Equity,EVOLUTION AB,EVO SS,BB Ticker,Sweden,,,
Lifecycle_Balanced_Pool_Superannuation,Listed Equity,"LESAKA TECHNOLOGIES, INC.",LSAK US,BB Ticker,United States,,,
Lifecycle_Balanced_Pool_Superannuation,Listed Equity,MITSUBISHI LOGISTICS CORP.,9301 JP,BB Ticker,Japan,,,
Lifecycle_Balanced_Pool_Superannuation,Listed Equity,"SYMBOTIC, INC.",SYM US,BB Ticker,United States,,,
Lifecycle_Balanced_Pool_Superannuation,Listed Equity,ARGENX SE,ARGX BB,BB Ticker,Belgium,,,
Lifecycle_Balanced_Pool_Superannuation,Listed Equity,STRAUMANN HOLDING AG,STMN SW,BB Ticker,Switzerland,,,
Lifecycle_Balanced_Pool_Superannuation,Listed Equity,VERBUND AG,VER AV,BB Ticker,Austria,,,
Lifecycle_Balanced_Pool_Superannuation,Listed Equity,TAYLOR MORRISON HOME CORP.,TMHC US,BB Ticker,United States,,,
Lifecycle_Balanced_Pool_Superannuation,Listed Equity,BHARAT ELECTRONICS LTD.,BHE IN,BB Ticker,India,,,
Lifecycle_Balanced_Pool_Superannuation,Listed Equity,CK ASSET HOLDINGS LTD.,1113 HK,BB Ticker,Hong Kong,,,
Lifecycle_Balanced_Pool_Superannuation,Listed Equity,KEYCORP,KEY US,BB Ticker,United States,,,
Lifecycle_Balanced_Pool_Superannuation,Listed Equity,"VAIL RESORTS, INC.",MTN US,BB Ticker,United States,,,
Lifecycle_Balanced_Pool_Superannuation,Listed Equity,E.SUN FINANCIAL HOLDING CO. LTD.,2884 TT,BB Ticker,Taiwan,,,
Lifecycle_Balanced_Pool_Superannuation,Listed Equity,TMX GROUP LTD.,X CN,BB Ticker,Canada,,,
Lifecycle_Balanced_Pool_Superannuation,Listed Equity,EIFFAGE SA,FGR FP,BB Ticker,France,,,
Lifecycle_Balanced_Pool_Superannuation,Listed Equity,"PURE STORAGE, INC.",PSTG US,BB Ticker,United States,,,
Lifecycle_Balanced_Pool_Superannuation,Listed Equity,"WOODWARD, INC.",WWD US,BB Ticker,United States,,,
Lifecycle_Balanced_Pool_Superannuation,Listed Equity,SMITH & NEPHEW PLC,SN LN,BB Ticker,United Kingdom,,,
Lifecycle_Balanced_Pool_Superannuation,Listed Equity,ALBEMARLE CORP.,ALB US,BB Ticker,United States,,,
Lifecycle_Balanced_Pool_Superannuation,Listed Equity,FTAI AVIATION LTD.,FTAI US,BB Ticker,United States,,,
Lifecycle_Balanced_Pool_Superannuation,Listed Equity,BOISE CASCADE CO.,BCC US,BB Ticker,United States,,,
Lifecycle_Balanced_Pool_Superannuation,Listed Equity,DELTA ELECTRONICS THAILAND PCL,DELTAF TB,BB Ticker,Thailand,,,
Lifecycle_Balanced_Pool_Superannuation,Listed Equity,"KE HOLDINGS, INC.",BEKE US,BB Ticker,United States,,,
Lifecycle_Balanced_Pool_Superannuation,Listed Equity,"SUPER MICRO COMPUTER, INC.",SMCI US,BB Ticker,United States,,,
Lifecycle_Balanced_Pool_Superannuation,Listed Equity,SCHINDLER HOLDING AG,SCHP SW,BB Ticker,Switzerland,,,
Lifecycle_Balanced_Pool_Superannuation,Listed Equity,HAIER SMART HOME CO. LTD.,6690 HK,BB Ticker,Hong Kong,,,
Lifecycle_Balanced_Pool_Superannuation,Listed Equity,"CASEY'S GENERAL STORES, INC.",CASY US,BB Ticker,United States,,,
Lifecycle_Balanced_Pool_Superannuation,Listed Equity,CIENA CORP.,CIEN US,BB Ticker,United States,,,
Lifecycle_Balanced_Pool_Superannuation,Listed Equity,DRAX GROUP PLC,DRX LN,BB Ticker,United Kingdom,,,
Lifecycle_Balanced_Pool_Superannuation,Listed Equity,HANNOVER RUECK SE,HNR1 GR,BB Ticker,Germany,,,
Lifecycle_Balanced_Pool_Superannuation,Listed Equity,MGIC INVESTMENT CORP.,MTG US,BB Ticker,United States,,,
Lifecycle_Balanced_Pool_Superannuation,Listed Equity,"ONE GAS, INC.",OGS US,BB Ticker,United States,,,
Lifecycle_Balanced_Pool_Superannuation,Listed Equity,YANGZIJIANG SHIPBUILDING HOLDINGS LTD.,YZJSGD SP,BB Ticker,Singapore,,,
Lifecycle_Balanced_Pool_Superannuation,Listed Equity,WPP PLC,WPP LN,BB Ticker,United Kingdom,,,
Lifecycle_Balanced_Pool_Superannuation,Listed Equity,"MONGODB, INC.",MDB US,BB Ticker,United States,,,
Lifecycle_Balanced_Pool_Superannuation,Listed Equity,HALMA PLC,HLMA LN,BB Ticker,United Kingdom,,,
Lifecycle_Balanced_Pool_Superannuation,Listed Equity,SEI INVESTMENTS CO.,SEIC US,BB Ticker,United States,,,
Lifecycle_Balanced_Pool_Superannuation,Listed Equity,LOGITECH INTERNATIONAL SA,LOGN SW,BB Ticker,Switzerland,,,
Lifecycle_Balanced_Pool_Superannuation,Listed Equity,INDUSTRIVARDEN AB,INDUC SS,BB Ticker,Sweden,,,
Lifecycle_Balanced_Pool_Superannuation,Listed Equity,B3 SA - BRASIL BOLSA BALCAO,B3SA3 BZ,BB Ticker,Brazil,,,
Lifecycle_Balanced_Pool_Superannuation,Listed Equity,OSAKA GAS CO. LTD.,9532 JP,BB Ticker,Japan,,,
Lifecycle_Balanced_Pool_Superannuation,Listed Equity,"DRAFTKINGS, INC.",DKNG US,BB Ticker,United States,,,
Lifecycle_Balanced_Pool_Superannuation,Listed Equity,ASTRAZENECA PLC,AZN US,BB Ticker,United States,,,
Lifecycle_Balanced_Pool_Superannuation,Listed Equity,"DESCARTES SYSTEMS GROUP, INC.",DSG CN,BB Ticker,Canada,,,
Lifecycle_Balanced_Pool_Superannuation,Listed Equity,"VIPER ENERGY, INC.",VNOM US,BB Ticker,United States,,,
Lifecycle_Balanced_Pool_Superannuation,Listed Equity,"DYNATRACE, INC.",DT US,BB Ticker,United States,,,
Lifecycle_Balanced_Pool_Superannuation,Listed Equity,"JB HUNT TRANSPORT SERVICES, INC.",JBHT US,BB Ticker,United States,,,
Lifecycle_Balanced_Pool_Superannuation,Listed Equity,SHANGHAI PUDONG DEVELOPMENT BANK CO. LTD.,600000 C1,BB Ticker,China,,,
Lifecycle_Balanced_Pool_Superannuation,Listed Equity,CENTRAL JAPAN RAILWAY CO.,9022 JP,BB Ticker,Japan,,,
Lifecycle_Balanced_Pool_Superannuation,Listed Equity,"RINGCENTRAL, INC.",RNG US,BB Ticker,United States,,,
Lifecycle_Balanced_Pool_Superannuation,Listed Equity,INTERTEK GROUP PLC,ITRK LN,BB Ticker,United Kingdom,,,
Lifecycle_Balanced_Pool_Superannuation,Listed Equity,SEKISUI HOUSE LTD.,1928 JP,BB Ticker,Japan,,,
Lifecycle_Balanced_Pool_Superannuation,Listed Equity,BP PLC,BP US,BB Ticker,United States,,,
Lifecycle_Balanced_Pool_Superannuation,Listed Equity,IDEMITSU KOSAN CO. LTD.,5019 JP,BB Ticker,Japan,,,
Lifecycle_Balanced_Pool_Superannuation,Listed Equity,WORLD KINECT CORP.,WKC US,BB Ticker,United States,,,
Lifecycle_Balanced_Pool_Superannuation,Listed Equity,ABERCROMBIE & FITCH CO.,ANF US,BB Ticker,United States,,,
Lifecycle_Balanced_Pool_Superannuation,Listed Equity,"HANA FINANCIAL GROUP, INC.",086790 KS,BB Ticker,South Korea,,,
Lifecycle_Balanced_Pool_Superannuation,Listed Equity,NOVATEK MICROELECTRONICS CORP.,3034 TT,BB Ticker,Taiwan,,,
Lifecycle_Balanced_Pool_Superannuation,Listed Equity,"JAPAN EXCHANGE GROUP, INC.",8697 JP,BB Ticker,Japan,,,
Lifecycle_Balanced_Pool_Superannuation,Listed Equity,"ZSCALER, INC.",ZS US,BB Ticker,United States,,,
Lifecycle_Balanced_Pool_Superannuation,Listed Equity,"VICTORY CAPITAL HOLDINGS, INC.",VCTR US,BB Ticker,United States,,,
Lifecycle_Balanced_Pool_Superannuation,Listed Equity,JANUS HENDERSON GROUP PLC,JHG US,BB Ticker,United States,,,
Lifecycle_Balanced_Pool_Superannuation,Listed Equity,"SPIRE, INC.",SR US,BB Ticker,United States,,,
Lifecycle_Balanced_Pool_Superannuation,Listed Equity,AITKEN SPENCE PLC,SPEN SL,BB Ticker,Sri Lanka,,,
Lifecycle_Balanced_Pool_Superannuation,Listed Equity,"INTERPUBLIC GROUP OF COS., INC.",IPG US,BB Ticker,United States,,,
Lifecycle_Balanced_Pool_Superannuation,Listed Equity,BOC HONG KONG HOLDINGS LTD.,2388 HK,BB Ticker,Hong Kong,,,
Lifecycle_Balanced_Pool_Superannuation,Listed Equity,HYDRO ONE LTD.,H CN,BB Ticker,Canada,,,
Lifecycle_Balanced_Pool_Superannuation,Listed Equity,MARKS & SPENCER GROUP PLC,MKS LN,BB Ticker,United Kingdom,,,
Lifecycle_Balanced_Pool_Superannuation,Listed Equity,"ALLY FINANCIAL, INC.",ALLY US,BB Ticker,United States,,,
Lifecycle_Balanced_Pool_Superannuation,Listed Equity,SUBARU CORP.,7270 JP,BB Ticker,Japan,,,
Lifecycle_Balanced_Pool_Superannuation,Listed Equity,SAMSUNG BIOLOGICS CO. LTD.,207940 KS,BB Ticker,South Korea,,,
Lifecycle_Balanced_Pool_Superannuation,Listed Equity,OBAYASHI CORP.,1802 JP,BB Ticker,Japan,,,
Lifecycle_Balanced_Pool_Superannuation,Listed Equity,FMC CORP.,FMC US,BB Ticker,United States,,,
Lifecycle_Balanced_Pool_Superannuation,Listed Equity,"EXLSERVICE HOLDINGS, INC.",EXLS US,BB Ticker,United States,,,
Lifecycle_Balanced_Pool_Superannuation,Listed Equity,INTERCONTINENTAL HOTELS GROUP PLC,IHG LN,BB Ticker,United Kingdom,,,
Lifecycle_Balanced_Pool_Superannuation,Listed Equity,REDEIA CORP. SA,RED SM,BB Ticker,Spain,,,
Lifecycle_Balanced_Pool_Superannuation,Listed Equity,MAKITA CORP.,6586 JP,BB Ticker,Japan,,,
Lifecycle_Balanced_Pool_Superannuation,Listed Equity,RINNAI CORP.,5947 JP,BB Ticker,Japan,,,
Lifecycle_Balanced_Pool_Superannuation,Listed Equity,J D WETHERSPOON PLC,JDW LN,BB Ticker,United Kingdom,,,
Lifecycle_Balanced_Pool_Superannuation,Listed Equity,AIRPORTS OF THAILAND PCL,AOTF TB,BB Ticker,Thailand,,,
Lifecycle_Balanced_Pool_Superannuation,Listed Equity,ENLIGHT RENEWABLE ENERGY LTD.,ENLT IT,BB Ticker,Israel,,,
Lifecycle_Balanced_Pool_Superannuation,Listed Equity,"ZILLOW GROUP, INC.",Z US,BB Ticker,United States,,,
Lifecycle_Balanced_Pool_Superannuation,Listed Equity,"TFI INTERNATIONAL, INC.",TFII CN,BB Ticker,Canada,,,
Lifecycle_Balanced_Pool_Superannuation,Listed Equity,SWISSCOM AG,SCMN SW,BB Ticker,Switzerland,,,
Lifecycle_Balanced_Pool_Superannuation,Listed Equity,"PAYCOM SOFTWARE, INC.",PAYC US,BB Ticker,United States,,,
Lifecycle_Balanced_Pool_Superannuation,Listed Equity,VIPSHOP HOLDINGS LTD.,VIPS US,BB Ticker,United States,,,
Lifecycle_Balanced_Pool_Superannuation,Listed Equity,ANTERO MIDSTREAM CORP.,AM US,BB Ticker,United States,,,
Lifecycle_Balanced_Pool_Superannuation,Listed Equity,ALFA LAVAL AB,ALFA SS,BB Ticker,Sweden,,,
Lifecycle_Balanced_Pool_Superannuation,Listed Equity,"SNAP-ON, INC.",SNA US,BB Ticker,United States,,,
Lifecycle_Balanced_Pool_Superannuation,Listed Equity,"DAYFORCE, INC.",DAY US,BB Ticker,United States,,,
Lifecycle_Balanced_Pool_Superannuation,Listed Equity,SINOPAC FINANCIAL HOLDINGS CO. LTD.,2890 TT,BB Ticker,Taiwan,,,
Lifecycle_Balanced_Pool_Superannuation,Listed Equity,"TIDEWATER, INC.",TDW US,BB Ticker,United States,,,
Lifecycle_Balanced_Pool_Superannuation,Listed Equity,"CIRRUS LOGIC, INC.",CRUS US,BB Ticker,United States,,,
Lifecycle_Balanced_Pool_Superannuation,Listed Equity,QIAGEN NV,QIA GR,BB Ticker,Germany,,,
Lifecycle_Balanced_Pool_Superannuation,Listed Equity,DIALOG AXIATA PLC,DIAL SL,BB Ticker,Sri Lanka,,,
Lifecycle_Balanced_Pool_Superannuation,Listed Equity,"REVVITY, INC.",RVTY US,BB Ticker,United States,,,
Lifecycle_Balanced_Pool_Superannuation,Listed Equity,FISHER & PAYKEL HEALTHCARE CORP. LTD.,FPH NZ,BB Ticker,New Zealand,,,
Lifecycle_Balanced_Pool_Superannuation,Listed Equity,BANCO BPM SPA,BAMI IM,BB Ticker,Italy,,,
Lifecycle_Balanced_Pool_Superannuation,Listed Equity,SYNCONA LTD.,SYNC LN,BB Ticker,United Kingdom,,,
Lifecycle_Balanced_Pool_Superannuation,Listed Equity,BANCO DE CHILE,CHILE CI,BB Ticker,Chile,,,
Lifecycle_Balanced_Pool_Superannuation,Listed Equity,NEDBANK GROUP LTD.,NED SJ,BB Ticker,South Africa,,,
Lifecycle_Balanced_Pool_Superannuation,Listed Equity,CHOCOLADEFABRIKEN LINDT & SPRUENGLI AG,LISP SW,BB Ticker,Switzerland,,,
Lifecycle_Balanced_Pool_Superannuation,Listed Equity,CHONGQING RURAL COMMERCIAL BANK CO. LTD.,601077 C1,BB Ticker,China,,,
Lifecycle_Balanced_Pool_Superannuation,Listed Equity,"MASTEC, INC.",MTZ US,BB Ticker,United States,,,
Lifecycle_Balanced_Pool_Superannuation,Listed Equity,"CLEARWAY ENERGY, INC.",CWEN US,BB Ticker,United States,,,
Lifecycle_Balanced_Pool_Superannuation,Listed Equity,"RB GLOBAL, INC.",RBA CN,BB Ticker,Canada,,,
Lifecycle_Balanced_Pool_Superannuation,Listed Equity,"WATSCO, INC.",WSO US,BB Ticker,United States,,,
Lifecycle_Balanced_Pool_Superannuation,Listed Equity,VISTRY GROUP PLC,VTY LN,BB Ticker,United Kingdom,,,
Lifecycle_Balanced_Pool_Superannuation,Listed Equity,"TOAST, INC.",TOST US,BB Ticker,United States,,,
Lifecycle_Balanced_Pool_Superannuation,Listed Equity,MILLICOM INTERNATIONAL CELLULAR SA,TIGO SS,BB Ticker,Sweden,,,
Lifecycle_Balanced_Pool_Superannuation,Listed Equity,"KONTOOR BRANDS, INC.",KTB US,BB Ticker,United States,,,
Lifecycle_Balanced_Pool_Superannuation,Listed Equity,"SPROUTS FARMERS MARKET, INC.",SFM US,BB Ticker,United States,,,
Lifecycle_Balanced_Pool_Superannuation,Listed Equity,"T&D HOLDINGS, INC.",8795 JP,BB Ticker,Japan,,,
Lifecycle_Balanced_Pool_Superannuation,Listed Equity,AECOM,ACM US,BB Ticker,United States,,,
Lifecycle_Balanced_Pool_Superannuation,Listed Equity,LIC HOUSING FINANCE LTD.,LICHF IN,BB Ticker,India,,,
Lifecycle_Balanced_Pool_Superannuation,Listed Equity,MIZRAHI TEFAHOT BANK LTD.,MZTF IT,BB Ticker,Israel,,,
Lifecycle_Balanced_Pool_Superannuation,Listed Equity,GEA GROUP AG,G1A GR,BB Ticker,Germany,,,
Lifecycle_Balanced_Pool_Superannuation,Listed Equity,HINDUSTAN AERONAUTICS LTD.,HNAL IN,BB Ticker,India,,,
Lifecycle_Balanced_Pool_Superannuation,Listed Equity,POOL CORP.,POOL US,BB Ticker,United States,,,
Lifecycle_Balanced_Pool_Superannuation,Listed Equity,"TELEFLEX, INC.",TFX US,BB Ticker,United States,,,
Lifecycle_Balanced_Pool_Superannuation,Listed Equity,"CCL INDUSTRIES, INC.",CCLB CN,BB Ticker,Canada,,,
Lifecycle_Balanced_Pool_Superannuation,Listed Equity,ITALGAS SPA,IG IM,BB Ticker,Italy,,,
Lifecycle_Balanced_Pool_Superannuation,Listed Equity,NOMURA RESEARCH INSTITUTE LTD.,4307 JP,BB Ticker,Japan,,,
Lifecycle_Balanced_Pool_Superannuation,Listed Equity,WA1 RESOURCES LTD.,WA1 AU,BB Ticker,Australia,,,
Lifecycle_Balanced_Pool_Superannuation,Listed Equity,"NUTANIX, INC.",NTNX US,BB Ticker,United States,,,
Lifecycle_Balanced_Pool_Superannuation,Listed Equity,DISCOVERY LTD.,DSY SJ,BB Ticker,South Africa,,,
Lifecycle_Balanced_Pool_Superannuation,Listed Equity,SAUDI ARABIAN MINING CO.,MAADEN AB,BB Ticker,Saudi Arabia,,,
Lifecycle_Balanced_Pool_Superannuation,Listed Equity,CP ALL PCL,CPALLF TB,BB Ticker,Thailand,,,
Lifecycle_Balanced_Pool_Superannuation,Listed Equity,LATIN RESOURCES LTD.,LRS AU,BB Ticker,Australia,,,
Lifecycle_Balanced_Pool_Superannuation,Listed Equity,"CELESTICA, INC.",CLS CN,BB Ticker,Canada,,,
Lifecycle_Balanced_Pool_Superannuation,Listed Equity,KGI FINANCIAL HOLDING CO. LTD.,2883 TT,BB Ticker,Taiwan,,,
Lifecycle_Balanced_Pool_Superannuation,Listed Equity,ARAMARK,ARMK US,BB Ticker,United States,,,
Lifecycle_Balanced_Pool_Superannuation,Listed Equity,CHINA CITIC BANK CORP. LTD.,998 HK,BB Ticker,Hong Kong,,,
Lifecycle_Balanced_Pool_Superannuation,Listed Equity,MIDDLESEX WATER CO.,MSEX US,BB Ticker,United States,,,
Lifecycle_Balanced_Pool_Superannuation,Listed Equity,"STANLEY BLACK & DECKER, INC.",SWK US,BB Ticker,United States,,,
Lifecycle_Balanced_Pool_Superannuation,Listed Equity,LENOVO GROUP LTD.,992 HK,BB Ticker,Hong Kong,,,
Lifecycle_Balanced_Pool_Superannuation,Listed Equity,RIYAD BANK,RIBL AB,BB Ticker,Saudi Arabia,,,
Lifecycle_Balanced_Pool_Superannuation,Listed Equity,NTT DATA GROUP CORP.,9613 JP,BB Ticker,Japan,,,
Lifecycle_Balanced_Pool_Superannuation,Listed Equity,ORKLA ASA,ORK NO,BB Ticker,Belgium,,,
Lifecycle_Balanced_Pool_Superannuation,Listed Equity,GENUINE PARTS CO.,GPC US,BB Ticker,United States,,,
Lifecycle_Balanced_Pool_Superannuation,Listed Equity,MOWI ASA,MOWI NO,BB Ticker,Belgium,,,
Lifecycle_Balanced_Pool_Superannuation,Listed Equity,BEZEQ THE ISRAELI TELECOMMUNICATION CORP. LTD.,BEZQ IT,BB Ticker,Israel,,,
Lifecycle_Balanced_Pool_Superannuation,Listed Equity,FOX CORP.,FOX US,BB Ticker,United States,,,
Lifecycle_Balanced_Pool_Superannuation,Listed Equity,AMERICA MOVIL SAB DE CV,AMXB MM,BB Ticker,Mexico,,,
Lifecycle_Balanced_Pool_Superannuation,Listed Equity,"WOORI FINANCIAL GROUP, INC.",316140 KS,BB Ticker,South Korea,,,
Lifecycle_Balanced_Pool_Superannuation,Listed Equity,IDEX CORP.,IEX US,BB Ticker,United States,,,
Lifecycle_Balanced_Pool_Superannuation,Listed Equity,NESTLE INDIA LTD.,NEST IN,BB Ticker,India,,,
Lifecycle_Balanced_Pool_Superannuation,Listed Equity,GEORGE WESTON LTD.,WN CN,BB Ticker,Canada,,,
Lifecycle_Balanced_Pool_Superannuation,Listed Equity,ROYALTY PHARMA PLC,RPRX US,BB Ticker,United States,,,
Lifecycle_Balanced_Pool_Superannuation,Listed Equity,FIRST FINANCIAL HOLDING CO. LTD.,2892 TT,BB Ticker,Taiwan,,,
Lifecycle_Balanced_Pool_Superannuation,Listed Equity,RENTOKIL INITIAL PLC,RTO LN,BB Ticker,United Kingdom,,,
Lifecycle_Balanced_Pool_Superannuation,Listed Equity,"AVANTOR, INC.",AVTR US,BB Ticker,United States,,,
Lifecycle_Balanced_Pool_Superannuation,Listed Equity,"FIDELITY NATIONAL FINANCIAL, INC.",FNF US,BB Ticker,United States,,,
Lifecycle_Balanced_Pool_Superannuation,Listed Equity,TENCENT MUSIC ENTERTAINMENT GROUP,TME US,BB Ticker,United States,,,
Lifecycle_Balanced_Pool_Superannuation,Listed Equity,YAGEO CORP.,2327 TT,BB Ticker,Taiwan,,,
Lifecycle_Balanced_Pool_Superannuation,Listed Equity,CHALICE MINING LTD.,CHN AU,BB Ticker,Australia,,,
Lifecycle_Balanced_Pool_Superannuation,Listed Equity,SHRIRAM FINANCE LTD.,SHFL IN,BB Ticker,India,,,
Lifecycle_Balanced_Pool_Superannuation,Listed Equity,CHINA PACIFIC INSURANCE GROUP CO. LTD.,2601 HK,BB Ticker,Hong Kong,,,
Lifecycle_Balanced_Pool_Superannuation,Listed Equity,AKZO NOBEL NV,AKZA NA,BB Ticker,Netherlands,,,
Lifecycle_Balanced_Pool_Superannuation,Listed Equity,ALINMA BANK,ALINMA AB,BB Ticker,Saudi Arabia,,,
Lifecycle_Balanced_Pool_Superannuation,Listed Equity,"TRUPANION, INC.",TRUP US,BB Ticker,United States,,,
Lifecycle_Balanced_Pool_Superannuation,Listed Equity,TINY LTD.,TINY CN,BB Ticker,Canada,,,
Lifecycle_Balanced_Pool_Superannuation,Listed Equity,"CORONADO GLOBAL RESOURCES, INC.",CRN AU,BB Ticker,Australia,,,
Lifecycle_Balanced_Pool_Superannuation,Listed Equity,SINGAPORE TECHNOLOGIES ENGINEERING LTD.,STE SP,BB Ticker,Singapore,,,
Lifecycle_Balanced_Pool_Superannuation,Listed Equity,SIBANYE STILLWATER LTD.,SSW SJ,BB Ticker,South Africa,,,
Lifecycle_Balanced_Pool_Superannuation,Listed Equity,CK HUTCHISON HOLDINGS LTD.,1 HK,BB Ticker,Hong Kong,,,
Lifecycle_Balanced_Pool_Superannuation,Listed Equity,LG ENERGY SOLUTION LTD.,373220 KS,BB Ticker,South Korea,,,
Lifecycle_Balanced_Pool_Superannuation,Listed Equity,"MARKETAXESS HOLDINGS, INC.",MKTX US,BB Ticker,United States,,,
Lifecycle_Balanced_Pool_Superannuation,Listed Equity,ALDAR PROPERTIES PJSC,ALDAR UH,BB Ticker,United Arab Emirates,,,
Lifecycle_Balanced_Pool_Superannuation,Listed Equity,BOUYGUES SA,EN FP,BB Ticker,France,,,
Lifecycle_Balanced_Pool_Superannuation,Listed Equity,DOMAIN HOLDINGS AUSTRALIA LTD.,DHG AU,BB Ticker,Australia,,,
Lifecycle_Balanced_Pool_Superannuation,Listed Equity,SABIC AGRI-NUTRIENTS CO.,SAFCO AB,BB Ticker,Saudi Arabia,,,
Lifecycle_Balanced_Pool_Superannuation,Listed Equity,CARPENTER TECHNOLOGY CORP.,CRS US,BB Ticker,United States,,,
Lifecycle_Balanced_Pool_Superannuation,Listed Equity,ORSTED AS,ORSTED DC,BB Ticker,Denmark,,,
Lifecycle_Balanced_Pool_Superannuation,Listed Equity,OSK HOLDINGS BHD.,OSK MK,BB Ticker,Malaysia,,,
Lifecycle_Balanced_Pool_Superannuation,Listed Equity,SAMSUNG SDS CO. LTD.,018260 KS,BB Ticker,South Korea,,,
Lifecycle_Balanced_Pool_Superannuation,Listed Equity,WEEBIT NANO LTD.,WBT AU,BB Ticker,Australia,,,
Lifecycle_Balanced_Pool_Superannuation,Listed Equity,LOTUS RESOURCES LTD.,LOT AU,BB Ticker,Australia,,,
Lifecycle_Balanced_Pool_Superannuation,Listed Equity,ITAUSA SA,ITSA4 BZ,BB Ticker,Brazil,,,
Lifecycle_Balanced_Pool_Superannuation,Listed Equity,KAWASAKI HEAVY INDUSTRIES LTD.,7012 JP,BB Ticker,Japan,,,
Lifecycle_Balanced_Pool_Superannuation,Listed Equity,BANK OF SHANGHAI CO. LTD.,601229 C1,BB Ticker,China,,,
Lifecycle_Balanced_Pool_Superannuation,Listed Equity,AEON CO. LTD.,8267 JP,BB Ticker,Japan,,,
Lifecycle_Balanced_Pool_Superannuation,Listed Equity,KONGSBERG GRUPPEN ASA,KOG NO,BB Ticker,Belgium,,,
Lifecycle_Balanced_Pool_Superannuation,Listed Equity,ESSENT GROUP LTD.,ESNT US,BB Ticker,United States,,,
Lifecycle_Balanced_Pool_Superannuation,Listed Equity,"ALPHA METALLURGICAL RESOURCES, INC.",AMR US,BB Ticker,United States,,,
Lifecycle_Balanced_Pool_Superannuation,Listed Equity,KONAMI GROUP CORP.,9766 JP,BB Ticker,Japan,,,
Lifecycle_Balanced_Pool_Superannuation,Listed Equity,"LUNDIN GOLD, INC.",LUG CN,BB Ticker,Canada,,,
Lifecycle_Balanced_Pool_Superannuation,Listed Equity,"BIOMARIN PHARMACEUTICAL, INC.",BMRN US,BB Ticker,United States,,,
Lifecycle_Balanced_Pool_Superannuation,Listed Equity,SWIRE PACIFIC LTD.,19 HK,BB Ticker,Hong Kong,,,
Lifecycle_Balanced_Pool_Superannuation,Listed Equity,APPEN LTD.,APX AU,BB Ticker,Australia,,,
Lifecycle_Balanced_Pool_Superannuation,Listed Equity,SVENSKA CELLULOSA AB SCA,SCAB SS,BB Ticker,Sweden,,,
Lifecycle_Balanced_Pool_Superannuation,Listed Equity,SOUTHERN COPPER CORP.,SCCO US,BB Ticker,United States,,,
Lifecycle_Balanced_Pool_Superannuation,Listed Equity,KINGSPAN GROUP PLC,KSP ID,BB Ticker,Ireland,,,
Lifecycle_Balanced_Pool_Superannuation,Listed Equity,IHI CORP.,7013 JP,BB Ticker,Japan,,,
Lifecycle_Balanced_Pool_Superannuation,Listed Equity,"SOFI TECHNOLOGIES, INC.",SOFI US,BB Ticker,United States,,,
Lifecycle_Balanced_Pool_Superannuation,Listed Equity,TUAS LTD.,TUA AU,BB Ticker,Australia,,,
Lifecycle_Balanced_Pool_Superannuation,Listed Equity,SAUDI AWWAL BANK,SABB AB,BB Ticker,Saudi Arabia,,,
Lifecycle_Balanced_Pool_Superannuation,Listed Equity,EVONIK INDUSTRIES AG,EVK GR,BB Ticker,Germany,,,
Lifecycle_Balanced_Pool_Superannuation,Listed Equity,"KANSAI ELECTRIC POWER CO., INC.",9503 JP,BB Ticker,Japan,,,
Lifecycle_Balanced_Pool_Superannuation,Listed Equity,"BWX TECHNOLOGIES, INC.",BWXT US,BB Ticker,United States,,,
Lifecycle_Balanced_Pool_Superannuation,Listed Equity,"XPO, INC.",XPO US,BB Ticker,United States,,,
Lifecycle_Balanced_Pool_Superannuation,Listed Equity,"OKTA, INC.",OKTA US,BB Ticker,United States,,,
Lifecycle_Balanced_Pool_Superannuation,Listed Equity,PERFORMANCE FOOD GROUP CO.,PFGC US,BB Ticker,United States,,,
Lifecycle_Balanced_Pool_Superannuation,Listed Equity,"THOR INDUSTRIES, INC.",THO US,BB Ticker,United States,,,
Lifecycle_Balanced_Pool_Superannuation,Listed Equity,TECH MAHINDRA LTD.,TECHM IN,BB Ticker,India,,,
Lifecycle_Balanced_Pool_Superannuation,Listed Equity,"CARMAX, INC.",KMX US,BB Ticker,United States,,,
Lifecycle_Balanced_Pool_Superannuation,Listed Equity,"KRAFTON, INC.",259960 KS,BB Ticker,South Korea,,,
Lifecycle_Balanced_Pool_Superannuation,Listed Equity,GETLINK SE,GET FP,BB Ticker,France,,,
Lifecycle_Balanced_Pool_Superannuation,Listed Equity,EICHER MOTORS LTD.,EIM IN,BB Ticker,India,,,
Lifecycle_Balanced_Pool_Superannuation,Listed Equity,"PATHWARD FINANCIAL, INC.",CASH US,BB Ticker,United States,,,
Lifecycle_Balanced_Pool_Superannuation,Listed Equity,NITERRA CO. LTD.,5334 JP,BB Ticker,Japan,,,
Lifecycle_Balanced_Pool_Superannuation,Listed Equity,ABU DHABI COMMERCIAL BANK PJSC,ADCB UH,BB Ticker,United Arab Emirates,,,
Lifecycle_Balanced_Pool_Superannuation,Listed Equity,BANK OF GEORGIA GROUP PLC,BGEO LN,BB Ticker,United Kingdom,,,
Lifecycle_Balanced_Pool_Superannuation,Listed Equity,"GILDAN ACTIVEWEAR, INC.",GIL CN,BB Ticker,Canada,,,
Lifecycle_Balanced_Pool_Superannuation,Listed Equity,ACWA POWER CO.,ACWA AB,BB Ticker,Saudi Arabia,,,
Lifecycle_Balanced_Pool_Superannuation,Listed Equity,BAJAJ AUTO LTD.,BJAUT IN,BB Ticker,India,,,
Lifecycle_Balanced_Pool_Superannuation,Listed Equity,KB HOME,KBH US,BB Ticker,United States,,,
Lifecycle_Balanced_Pool_Superannuation,Listed Equity,"AICHI FINANCIAL GROUP, INC.",7389 JP,BB Ticker,Japan,,,
Lifecycle_Balanced_Pool_Superannuation,Listed Equity,OFG BANCORP,OFG US,BB Ticker,United States,,,
Lifecycle_Balanced_Pool_Superannuation,Listed Equity,MOTOR OIL HELLAS CORINTH REFINERIES SA,MOH GA,BB Ticker,Greece,,,
Lifecycle_Balanced_Pool_Superannuation,Listed Equity,"ARCHROCK, INC.",AROC US,BB Ticker,United States,,,
Lifecycle_Balanced_Pool_Superannuation,Listed Equity,MOLSON COORS BEVERAGE CO.,TAP US,BB Ticker,United States,,,
Lifecycle_Balanced_Pool_Superannuation,Listed Equity,ADRIATIC METALS PLC,ADT AU,BB Ticker,Australia,,,
Lifecycle_Balanced_Pool_Superannuation,Listed Equity,FUJIKURA LTD.,5803 JP,BB Ticker,Japan,,,
Lifecycle_Balanced_Pool_Superannuation,Listed Equity,"LAMB WESTON HOLDINGS, INC.",LW US,BB Ticker,United States,,,
Lifecycle_Balanced_Pool_Superannuation,Listed Equity,INFO EDGE INDIA LTD.,INFOE IN,BB Ticker,India,,,
Lifecycle_Balanced_Pool_Superannuation,Listed Equity,SKANSKA AB,SKAB SS,BB Ticker,Sweden,,,
Lifecycle_Balanced_Pool_Superannuation,Listed Equity,"CENOVUS ENERGY, INC.",CVE CN,BB Ticker,Canada,,,
Lifecycle_Balanced_Pool_Superannuation,Listed Equity,SMURFIT WESTROCK PLC,SW US,BB Ticker,United States,,,
Lifecycle_Balanced_Pool_Superannuation,Listed Equity,KAJIMA CORP.,1812 JP,BB Ticker,Japan,,,
Lifecycle_Balanced_Pool_Superannuation,Listed Equity,SABLE OFFSHORE CORP.,SOC US,BB Ticker,United States,,,
Lifecycle_Balanced_Pool_Superannuation,Listed Equity,LARGAN PRECISION CO. LTD.,3008 TT,BB Ticker,Taiwan,,,
Lifecycle_Balanced_Pool_Superannuation,Listed Equity,SLM CORP.,SLM US,BB Ticker,United States,,,
Lifecycle_Balanced_Pool_Superannuation,Listed Equity,KEPPEL LTD.,KEP SP,BB Ticker,Singapore,,,
Lifecycle_Balanced_Pool_Superannuation,Listed Equity,HB FULLER CO.,FUL US,BB Ticker,United States,,,
Lifecycle_Balanced_Pool_Superannuation,Listed Equity,"CROCS, INC.",CROX US,BB Ticker,United States,,,
Lifecycle_Balanced_Pool_Superannuation,Listed Equity,"CAE, INC.",CAE CN,BB Ticker,Canada,,,
Lifecycle_Balanced_Pool_Superannuation,Listed Equity,OBIC CO. LTD.,4684 JP,BB Ticker,Japan,,,
Lifecycle_Balanced_Pool_Superannuation,Listed Equity,"AZEK CO., INC.",AZEK US,BB Ticker,United States,,,
Lifecycle_Balanced_Pool_Superannuation,Listed Equity,SANKYO CO. LTD.,6417 JP,BB Ticker,Japan,,,
Lifecycle_Balanced_Pool_Superannuation,Listed Equity,BOLLORE SE,BOL FP,BB Ticker,France,,,
Lifecycle_Balanced_Pool_Superannuation,Listed Equity,BARRATT REDROW PLC,BTRW LN,BB Ticker,United Kingdom,,,
Lifecycle_Balanced_Pool_Superannuation,Listed Equity,CHOCOLADEFABRIKEN LINDT & SPRUENGLI AG,LISN SW,BB Ticker,Switzerland,,,
Lifecycle_Balanced_Pool_Superannuation,Listed Equity,"VOYA FINANCIAL, INC.",VOYA US,BB Ticker,United States,,,
Lifecycle_Balanced_Pool_Superannuation,Listed Equity,GRAB HOLDINGS LTD.,GRAB US,BB Ticker,United States,,,
Lifecycle_Balanced_Pool_Superannuation,Listed Equity,"CACI INTERNATIONAL, INC.",CACI US,BB Ticker,United States,,,
Lifecycle_Balanced_Pool_Superannuation,Listed Equity,BANCO BRADESCO SA,BBDC4 BZ,BB Ticker,Brazil,,,
Lifecycle_Balanced_Pool_Superannuation,Listed Equity,HEIDELBERG MATERIALS AG,HEI GR,BB Ticker,Germany,,,
Lifecycle_Balanced_Pool_Superannuation,Listed Equity,UNITED SPIRITS LTD.,UNITDSPR IN,BB Ticker,India,,,
Lifecycle_Balanced_Pool_Superannuation,Listed Equity,HERA SPA,HER IM,BB Ticker,Italy,,,
Lifecycle_Balanced_Pool_Superannuation,Listed Equity,CARLSBERG AS,CARLB DC,BB Ticker,Denmark,,,
Lifecycle_Balanced_Pool_Superannuation,Listed Equity,EUROBANK ERGASIAS SERVICES & HOLDINGS SA,EUROB GA,BB Ticker,Greece,,,
Lifecycle_Balanced_Pool_Superannuation,Listed Equity,"RADIAN GROUP, INC.",RDN US,BB Ticker,United States,,,
Lifecycle_Balanced_Pool_Superannuation,Listed Equity,JVCKENWOOD CORP.,6632 JP,BB Ticker,Japan,,,
Lifecycle_Balanced_Pool_Superannuation,Listed Equity,KUBOTA CORP.,6326 JP,BB Ticker,Japan,,,
Lifecycle_Balanced_Pool_Superannuation,Listed Equity,ALSTOM SA,ALO FP,BB Ticker,France,,,
Lifecycle_Balanced_Pool_Superannuation,Listed Equity,CHINA NATIONAL NUCLEAR POWER CO. LTD.,601985 C1,BB Ticker,China,,,
Lifecycle_Balanced_Pool_Superannuation,Listed Equity,"SHIMANO, INC.",7309 JP,BB Ticker,Japan,,,
Lifecycle_Balanced_Pool_Superannuation,Listed Equity,"SKECHERS USA, INC.",SKX US,BB Ticker,United States,,,
Lifecycle_Balanced_Pool_Superannuation,Listed Equity,MAX HEALTHCARE INSTITUTE LTD.,MAXHEALT IN,BB Ticker,India,,,
Lifecycle_Balanced_Pool_Superannuation,Listed Equity,HORMEL FOODS CORP.,HRL US,BB Ticker,United States,,,
Lifecycle_Balanced_Pool_Superannuation,Listed Equity,"INNOSPEC, INC.",IOSP US,BB Ticker,United States,,,
Lifecycle_Balanced_Pool_Superannuation,Listed Equity,ISUZU MOTORS LTD.,7202 JP,BB Ticker,Japan,,,
Lifecycle_Balanced_Pool_Superannuation,Listed Equity,"LIGHT & WONDER, INC.",LNW US,BB Ticker,United States,,,
Lifecycle_Balanced_Pool_Superannuation,Listed Equity,MICHELMERSH BRICK HOLDINGS PLC,MBH LN,BB Ticker,United Kingdom,,,
Lifecycle_Balanced_Pool_Superannuation,Listed Equity,MA FINANCIAL GROUP LTD.,MAF AU,BB Ticker,Australia,,,
Lifecycle_Balanced_Pool_Superannuation,Listed Equity,"KBR, INC.",KBR US,BB Ticker,United States,,,
Lifecycle_Balanced_Pool_Superannuation,Listed Equity,TELKOM INDONESIA PERSERO TBK. PT,TLKM IJ,BB Ticker,Indonesia,,,
Lifecycle_Balanced_Pool_Superannuation,Listed Equity,ADMIRAL GROUP PLC,ADM LN,BB Ticker,United Kingdom,,,
Lifecycle_Balanced_Pool_Superannuation,Listed Equity,"BJ'S WHOLESALE CLUB HOLDINGS, INC.",BJ US,BB Ticker,United States,,,
Lifecycle_Balanced_Pool_Superannuation,Listed Equity,CONTINENTAL AG,CON GR,BB Ticker,Germany,,,
Lifecycle_Balanced_Pool_Superannuation,Listed Equity,"SAIA, INC.",SAIA US,BB Ticker,United States,,,
Lifecycle_Balanced_Pool_Superannuation,Listed Equity,JIO FINANCIAL SERVICES LTD.,JIOFIN IN,BB Ticker,India,,,
Lifecycle_Balanced_Pool_Superannuation,Listed Equity,DIVI'S LABORATORIES LTD.,DIVI IN,BB Ticker,India,,,
Lifecycle_Balanced_Pool_Superannuation,Listed Equity,"MITSUBISHI HC CAPITAL, INC.",8593 JP,BB Ticker,Japan,,,
Lifecycle_Balanced_Pool_Superannuation,Listed Equity,FABRINET,FN US,BB Ticker,United States,,,
Lifecycle_Balanced_Pool_Superannuation,Listed Equity,"CLEAN HARBORS, INC.",CLH US,BB Ticker,United States,,,
Lifecycle_Balanced_Pool_Superannuation,Listed Equity,"FINNING INTERNATIONAL, INC.",FTT CN,BB Ticker,Canada,,,
Lifecycle_Balanced_Pool_Superannuation,Listed Equity,"KODIAK GAS SERVICES, INC.",KGS US,BB Ticker,United States,,,
Lifecycle_Balanced_Pool_Superannuation,Listed Equity,BAJAJ FINSERV LTD.,BJFIN IN,BB Ticker,India,,,
Lifecycle_Balanced_Pool_Superannuation,Listed Equity,"HARLEY-DAVIDSON, INC.",HOG US,BB Ticker,United States,,,
Lifecycle_Balanced_Pool_Superannuation,Listed Equity,KASIKORNBANK PCL,KBANKR TB,BB Ticker,Thailand,,,
Lifecycle_Balanced_Pool_Superannuation,Listed Equity,"DUN & BRADSTREET HOLDINGS, INC.",DNB US,BB Ticker,United States,,,
Lifecycle_Balanced_Pool_Superannuation,Listed Equity,COHERENT CORP.,COHR US,BB Ticker,United States,,,
Lifecycle_Balanced_Pool_Superannuation,Listed Equity,"JUNIPER NETWORKS, INC.",JNPR US,BB Ticker,United States,,,
Lifecycle_Balanced_Pool_Superannuation,Listed Equity,BANK OF NANJING CO. LTD.,601009 C1,BB Ticker,China,,,
Lifecycle_Balanced_Pool_Superannuation,Listed Equity,"CAL-MAINE FOODS, INC.",CALM US,BB Ticker,United States,,,
Lifecycle_Balanced_Pool_Superannuation,Listed Equity,ARTIENCE CO. LTD.,4634 JP,BB Ticker,Japan,,,
Lifecycle_Balanced_Pool_Superannuation,Listed Equity,TATA CONSUMER PRODUCTS LTD.,TATACONS IN,BB Ticker,India,,,
Lifecycle_Balanced_Pool_Superannuation,Listed Equity,AEGON LTD.,AGN NA,BB Ticker,Netherlands,,,
Lifecycle_Balanced_Pool_Superannuation,Listed Equity,ADANI PORTS & SPECIAL ECONOMIC ZONE LTD.,ADSEZ IN,BB Ticker,India,,,
Lifecycle_Balanced_Pool_Superannuation,Listed Equity,WESTERN UNION CO.,WU US,BB Ticker,United States,,,
Lifecycle_Balanced_Pool_Superannuation,Listed Equity,ELEMENT FLEET MANAGEMENT CORP.,EFN CN,BB Ticker,Canada,,,
Lifecycle_Balanced_Pool_Superannuation,Listed Equity,"URBAN OUTFITTERS, INC.",URBN US,BB Ticker,United States,,,
Lifecycle_Balanced_Pool_Superannuation,Listed Equity,KOMORI CORP.,6349 JP,BB Ticker,Japan,,,
Lifecycle_Balanced_Pool_Superannuation,Listed Equity,BOLIDEN AB,BOL SS,BB Ticker,Sweden,,,
Lifecycle_Balanced_Pool_Superannuation,Listed Equity,"WESCO INTERNATIONAL, INC.",WCC US,BB Ticker,United States,,,
Lifecycle_Balanced_Pool_Superannuation,Listed Equity,"FEDERATED HERMES, INC.",FHI US,BB Ticker,United States,,,
Lifecycle_Balanced_Pool_Superannuation,Listed Equity,INDUSTRIES QATAR QSC,IQCD QD,BB Ticker,Qatar,,,
Lifecycle_Balanced_Pool_Superannuation,Listed Equity,"INGREDION, INC.",INGR US,BB Ticker,United States,,,
Lifecycle_Balanced_Pool_Superannuation,Listed Equity,HOSIDEN CORP.,6804 JP,BB Ticker,Japan,,,
Lifecycle_Balanced_Pool_Superannuation,Listed Equity,"CROWN HOLDINGS, INC.",CCK US,BB Ticker,United States,,,
Lifecycle_Balanced_Pool_Superannuation,Listed Equity,EPIROC AB,EPIB SS,BB Ticker,Sweden,,,
Lifecycle_Balanced_Pool_Superannuation,Listed Equity,"NEW ORIENTAL EDUCATION & TECHNOLOGY GROUP, INC.",9901 HK,BB Ticker,Hong Kong,,,
Lifecycle_Balanced_Pool_Superannuation,Listed Equity,FIRST HORIZON CORP.,FHN US,BB Ticker,United States,,,
Lifecycle_Balanced_Pool_Superannuation,Listed Equity,WHITBREAD PLC,WTB LN,BB Ticker,United Kingdom,,,
Lifecycle_Balanced_Pool_Superannuation,Listed Equity,BRADY CORP.,BRC US,BB Ticker,United States,,,
Lifecycle_Balanced_Pool_Superannuation,Listed Equity,SK KAKEN CO. LTD.,4628 JP,BB Ticker,Japan,,,
Lifecycle_Balanced_Pool_Superannuation,Listed Equity,NISSAN MOTOR CO. LTD.,7201 JP,BB Ticker,Japan,,,
Lifecycle_Balanced_Pool_Superannuation,Listed Equity,CALIFORNIA WATER SERVICE GROUP,CWT US,BB Ticker,United States,,,
Lifecycle_Balanced_Pool_Superannuation,Listed Equity,IMPERIAL OIL LTD.,IMO CN,BB Ticker,Canada,,,
Lifecycle_Balanced_Pool_Superannuation,Listed Equity,PAN AMERICAN SILVER CORP.,PAAS CN,BB Ticker,Canada,,,
Lifecycle_Balanced_Pool_Superannuation,Listed Equity,ANGLO AMERICAN PLATINUM LTD.,AMS SJ,BB Ticker,South Africa,,,
Lifecycle_Balanced_Pool_Superannuation,Listed Equity,"COMPAL ELECTRONICS, INC.",2324 TT,BB Ticker,Taiwan,,,
Lifecycle_Balanced_Pool_Superannuation,Listed Equity,TAIWAN COOPERATIVE FINANCIAL HOLDING CO. LTD.,5880 TT,BB Ticker,Taiwan,,,
Lifecycle_Balanced_Pool_Superannuation,Listed Equity,HAVELLS INDIA LTD.,HAVL IN,BB Ticker,India,,,
Lifecycle_Balanced_Pool_Superannuation,Listed Equity,ROCHE HOLDING AG,RO SW,BB Ticker,Switzerland,,,
Lifecycle_Balanced_Pool_Superannuation,Listed Equity,PRIMO BRANDS CORP.,PRMB US,BB Ticker,United States,,,
Lifecycle_Balanced_Pool_Superannuation,Listed Equity,"MOOG, INC.",MOGA US,BB Ticker,United States,,,
Lifecycle_Balanced_Pool_Superannuation,Listed Equity,BEIGENE LTD.,6160 HK,BB Ticker,Hong Kong,,,
Lifecycle_Balanced_Pool_Superannuation,Listed Equity,EXACT SCIENCES CORP.,EXAS US,BB Ticker,United States,,,
Lifecycle_Balanced_Pool_Superannuation,Listed Equity,VAT GROUP AG,VACN SW,BB Ticker,Switzerland,,,
Lifecycle_Balanced_Pool_Superannuation,Listed Equity,GOLDEN OCEAN GROUP LTD.,GOGL US,BB Ticker,United States,,,
Lifecycle_Balanced_Pool_Superannuation,Listed Equity,BANK POLSKA KASA OPIEKI SA,PEO PW,BB Ticker,Poland,,,
Lifecycle_Balanced_Pool_Superannuation,Listed Equity,"ONEMAIN HOLDINGS, INC.",OMF US,BB Ticker,United States,,,
Lifecycle_Balanced_Pool_Superannuation,Listed Equity,KOGAN.COM LTD.,KGN AU,BB Ticker,Australia,,,
Lifecycle_Balanced_Pool_Superannuation,Listed Equity,"DUOLINGO, INC.",DUOL US,BB Ticker,United States,,,
Lifecycle_Balanced_Pool_Superannuation,Listed Equity,POSTE ITALIANE SPA,PST IM,BB Ticker,Italy,,,
Lifecycle_Balanced_Pool_Superannuation,Listed Equity,REC LTD.,RECL IN,BB Ticker,India,,,
Lifecycle_Balanced_Pool_Superannuation,Listed Equity,FIRSTSERVICE CORP.,FSV CN,BB Ticker,Canada,,,
Lifecycle_Balanced_Pool_Superannuation,Listed Equity,WINTRUST FINANCIAL CORP.,WTFC US,BB Ticker,United States,,,
Lifecycle_Balanced_Pool_Superannuation,Listed Equity,MR. PRICE GROUP LTD.,MRP SJ,BB Ticker,South Africa,,,
Lifecycle_Balanced_Pool_Superannuation,Listed Equity,KIRIN HOLDINGS CO. LTD.,2503 JP,BB Ticker,Japan,,,
Lifecycle_Balanced_Pool_Superannuation,Listed Equity,"FUJI MEDIA HOLDINGS, INC.",4676 JP,BB Ticker,Japan,,,
Lifecycle_Balanced_Pool_Superannuation,Listed Equity,UNICHARM CORP.,8113 JP,BB Ticker,Japan,,,
Lifecycle_Balanced_Pool_Superannuation,Listed Equity,PAN PACIFIC INTERNATIONAL HOLDINGS CORP.,7532 JP,BB Ticker,Japan,,,
Lifecycle_Balanced_Pool_Superannuation,Listed Equity,BANK OF JIANGSU CO. LTD.,600919 C1,BB Ticker,China,,,
Lifecycle_Balanced_Pool_Superannuation,Listed Equity,FINECOBANK BANCA FINECO SPA,FBK IM,BB Ticker,Italy,,,
Lifecycle_Balanced_Pool_Superannuation,Listed Equity,"MBIA, INC.",MBI US,BB Ticker,United States,,,
Lifecycle_Balanced_Pool_Superannuation,Listed Equity,LEG IMMOBILIEN SE,LEG GR,BB Ticker,Germany,,,
Lifecycle_Balanced_Pool_Superannuation,Listed Equity,"GLOBE LIFE, INC.",GL US,BB Ticker,United States,,,
Lifecycle_Balanced_Pool_Superannuation,Listed Equity,"CORE & MAIN, INC.",CNM US,BB Ticker,United States,,,
Lifecycle_Balanced_Pool_Superannuation,Listed Equity,FLUTTER ENTERTAINMENT PLC,FLTR LN,BB Ticker,United Kingdom,,,
Lifecycle_Balanced_Pool_Superannuation,Listed Equity,DAITO TRUST CONSTRUCTION CO. LTD.,1878 JP,BB Ticker,Japan,,,
Lifecycle_Balanced_Pool_Superannuation,Listed Equity,INDIAN HOTELS CO. LTD.,IH IN,BB Ticker,India,,,
Lifecycle_Balanced_Pool_Superannuation,Listed Equity,SUZANO SA,SUZB3 BZ,BB Ticker,Brazil,,,
Lifecycle_Balanced_Pool_Superannuation,Listed Equity,UNITIL CORP.,UTL US,BB Ticker,United States,,,
Lifecycle_Balanced_Pool_Superannuation,Listed Equity,COWAY CO. LTD.,021240 KS,BB Ticker,South Korea,,,
Lifecycle_Balanced_Pool_Superannuation,Listed Equity,"HENRY SCHEIN, INC.",HSIC US,BB Ticker,United States,,,
Lifecycle_Balanced_Pool_Superannuation,Listed Equity,"ACI WORLDWIDE, INC.",ACIW US,BB Ticker,United States,,,
Lifecycle_Balanced_Pool_Superannuation,Listed Equity,ZALANDO SE,ZAL GR,BB Ticker,Germany,,,
Lifecycle_Balanced_Pool_Superannuation,Listed Equity,"SBI HOLDINGS, INC.",8473 JP,BB Ticker,Japan,,,
Lifecycle_Balanced_Pool_Superannuation,Listed Equity,SAGA PLC,SAGA LN,BB Ticker,United Kingdom,,,
Lifecycle_Balanced_Pool_Superannuation,Listed Equity,JAPAN POST INSURANCE CO. LTD.,7181 JP,BB Ticker,Japan,,,
Lifecycle_Balanced_Pool_Superannuation,Listed Equity,VIBRA ENERGIA SA,VBBR3 BZ,BB Ticker,Brazil,,,
Lifecycle_Balanced_Pool_Superannuation,Listed Equity,LIBERTY BROADBAND CORP.,LBRDK US,BB Ticker,United States,,,
Lifecycle_Balanced_Pool_Superannuation,Listed Equity,"KYNDRYL HOLDINGS, INC.",KD US,BB Ticker,United States,,,
Lifecycle_Balanced_Pool_Superannuation,Listed Equity,VARUN BEVERAGES LTD.,VBL IN,BB Ticker,India,,,
Lifecycle_Balanced_Pool_Superannuation,Listed Equity,BANCO BTG PACTUAL SA,BPAC11 BZ,BB Ticker,Brazil,,,
Lifecycle_Balanced_Pool_Superannuation,Listed Equity,PIRAEUS FINANCIAL HOLDINGS SA,TPEIR GA,BB Ticker,Greece,,,
Lifecycle_Balanced_Pool_Superannuation,Listed Equity,NORTHAM PLATINUM HOLDINGS LTD.,NPH SJ,BB Ticker,South Africa,,,
Lifecycle_Balanced_Pool_Superannuation,Listed Equity,"GREAT-WEST LIFECO, INC.",GWO CN,BB Ticker,Canada,,,
Lifecycle_Balanced_Pool_Superannuation,Listed Equity,"AFFIRM HOLDINGS, INC.",AFRM US,BB Ticker,United States,,,
Lifecycle_Balanced_Pool_Superannuation,Listed Equity,SIEMENS LTD.,SIEM IN,BB Ticker,India,,,
Lifecycle_Balanced_Pool_Superannuation,Listed Equity,"CAESARS ENTERTAINMENT, INC.",CZR US,BB Ticker,United States,,,
Lifecycle_Balanced_Pool_Superannuation,Listed Equity,AEROPORTS DE PARIS SA,ADP FP,BB Ticker,France,,,
Lifecycle_Balanced_Pool_Superannuation,Listed Equity,"HALOZYME THERAPEUTICS, INC.",HALO US,BB Ticker,United States,,,
Lifecycle_Balanced_Pool_Superannuation,Listed Equity,AXIS CAPITAL HOLDINGS LTD.,AXS US,BB Ticker,United States,,,
Lifecycle_Balanced_Pool_Superannuation,Listed Equity,"DAVITA, INC.",DVA US,BB Ticker,United States,,,
Lifecycle_Balanced_Pool_Superannuation,Listed Equity,RYOHIN KEIKAKU CO. LTD.,7453 JP,BB Ticker,Japan,,,
Lifecycle_Balanced_Pool_Superannuation,Listed Equity,WISTRON CORP.,3231 TT,BB Ticker,Taiwan,,,
Lifecycle_Balanced_Pool_Superannuation,Listed Equity,NEMETSCHEK SE,NEM GR,BB Ticker,Germany,,,
Lifecycle_Balanced_Pool_Superannuation,Listed Equity,TRANSOCEAN LTD.,RIG US,BB Ticker,United States,,,
Lifecycle_Balanced_Pool_Superannuation,Listed Equity,"ITRON, INC.",ITRI US,BB Ticker,United States,,,
Lifecycle_Balanced_Pool_Superannuation,Listed Equity,CHINA MERCHANTS BANK CO. LTD.,600036 C1,BB Ticker,China,,,
Lifecycle_Balanced_Pool_Superannuation,Listed Equity,"JACK HENRY & ASSOCIATES, INC.",JKHY US,BB Ticker,United States,,,
Lifecycle_Balanced_Pool_Superannuation,Listed Equity,NEXON CO. LTD.,3659 JP,BB Ticker,Japan,,,
Lifecycle_Balanced_Pool_Superannuation,Listed Equity,SINGAPORE EXCHANGE LTD.,SGX SP,BB Ticker,Singapore,,,
Lifecycle_Balanced_Pool_Superannuation,Listed Equity,ZIONS BANCORP NA,ZION US,BB Ticker,United States,,,
Lifecycle_Balanced_Pool_Superannuation,Listed Equity,PROGRESS SOFTWARE CORP.,PRGS US,BB Ticker,United States,,,
Lifecycle_Balanced_Pool_Superannuation,Listed Equity,NONGFU SPRING CO. LTD.,9633 HK,BB Ticker,Hong Kong,,,
Lifecycle_Balanced_Pool_Superannuation,Listed Equity,"QIFU TECHNOLOGY, INC.",QFIN US,BB Ticker,United States,,,
Lifecycle_Balanced_Pool_Superannuation,Listed Equity,BANGKOK DUSIT MEDICAL SERVICES PCL,BDMSF TB,BB Ticker,Thailand,,,
Lifecycle_Balanced_Pool_Superannuation,Listed Equity,"M/I HOMES, INC.",MHO US,BB Ticker,United States,,,
Lifecycle_Balanced_Pool_Superannuation,Listed Equity,BANK OF COMMUNICATIONS CO. LTD.,3328 HK,BB Ticker,Hong Kong,,,
Lifecycle_Balanced_Pool_Superannuation,Listed Equity,"BILL HOLDINGS, INC.",BILL US,BB Ticker,United States,,,
Lifecycle_Balanced_Pool_Superannuation,Listed Equity,"ALAMOS GOLD, INC.",AGI CN,BB Ticker,Canada,,,
Lifecycle_Balanced_Pool_Superannuation,Listed Equity,SANLAM LTD.,SLM SJ,BB Ticker,South Africa,,,
Lifecycle_Balanced_Pool_Superannuation,Listed Equity,"TRADEWEB MARKETS, INC.",TW US,BB Ticker,United States,,,
Lifecycle_Balanced_Pool_Superannuation,Listed Equity,KAKAO CORP.,035720 KS,BB Ticker,South Korea,,,
Lifecycle_Balanced_Pool_Superannuation,Listed Equity,EQT AB,EQT SS,BB Ticker,Sweden,,,
Lifecycle_Balanced_Pool_Superannuation,Listed Equity,GAZTRANSPORT ET TECHNIGAZ SA,GTT FP,BB Ticker,France,,,
Lifecycle_Balanced_Pool_Superannuation,Listed Equity,KORN FERRY,KFY US,BB Ticker,United States,,,
Lifecycle_Balanced_Pool_Superannuation,Listed Equity,AIR LEASE CORP.,AL US,BB Ticker,United States,,,
Lifecycle_Balanced_Pool_Superannuation,Listed Equity,DLF LTD.,DLFU IN,BB Ticker,India,,,
Lifecycle_Balanced_Pool_Superannuation,Listed Equity,"CACTUS, INC.",WHD US,BB Ticker,United States,,,
Lifecycle_Balanced_Pool_Superannuation,Listed Equity,ODFJELL DRILLING LTD.,ODL NO,BB Ticker,Belgium,,,
Lifecycle_Balanced_Pool_Superannuation,Listed Equity,CITY DEVELOPMENTS LTD.,CIT SP,BB Ticker,Singapore,,,
Lifecycle_Balanced_Pool_Superannuation,Listed Equity,J FRONT RETAILING CO. LTD.,3086 JP,BB Ticker,Japan,,,
Lifecycle_Balanced_Pool_Superannuation,Listed Equity,AUCKLAND INTERNATIONAL AIRPORT LTD.,AIA NZ,BB Ticker,New Zealand,,,
Lifecycle_Balanced_Pool_Superannuation,Listed Equity,HEINEKEN HOLDING NV,HEIO NA,BB Ticker,Netherlands,,,
Lifecycle_Balanced_Pool_Superannuation,Listed Equity,ANGLOGOLD ASHANTI PLC,ANG SJ,BB Ticker,South Africa,,,
Lifecycle_Balanced_Pool_Superannuation,Listed Equity,ALCHIP TECHNOLOGIES LTD.,3661 TT,BB Ticker,Taiwan,,,
Lifecycle_Balanced_Pool_Superannuation,Listed Equity,NATIONAL INDUSTRIES GROUP HOLDING SAK,NIND KK,BB Ticker,Kuwait,,,
Lifecycle_Balanced_Pool_Superannuation,Listed Equity,DB INSURANCE CO. LTD.,005830 KS,BB Ticker,South Korea,,,
Lifecycle_Balanced_Pool_Superannuation,Listed Equity,BROWN-FORMAN CORP.,BFB US,BB Ticker,United States,,,
Lifecycle_Balanced_Pool_Superannuation,Listed Equity,"TRI POINTE HOMES, INC.",TPH US,BB Ticker,United States,,,
Lifecycle_Balanced_Pool_Superannuation,Listed Equity,MESAIEED PETROCHEMICAL HOLDING CO.,MPHC QD,BB Ticker,Qatar,,,
Lifecycle_Balanced_Pool_Superannuation,Listed Equity,ISETAN MITSUKOSHI HOLDINGS LTD.,3099 JP,BB Ticker,Japan,,,
Lifecycle_Balanced_Pool_Superannuation,Listed Equity,KINGSOFT CORP. LTD.,3888 HK,BB Ticker,Hong Kong,,,
Lifecycle_Balanced_Pool_Superannuation,Listed Equity,PING AN INSURANCE GROUP CO. OF CHINA LTD.,601318 C1,BB Ticker,China,,,
Lifecycle_Balanced_Pool_Superannuation,Listed Equity,SOLVENTUM CORP.,SOLV US,BB Ticker,United States,,,
Lifecycle_Balanced_Pool_Superannuation,Listed Equity,H & M HENNES & MAURITZ AB,HMB SS,BB Ticker,Sweden,,,
Lifecycle_Balanced_Pool_Superannuation,Listed Equity,MTR CORP. LTD.,66 HK,BB Ticker,Hong Kong,,,
Lifecycle_Balanced_Pool_Superannuation,Listed Equity,"TREND MICRO, INC.",4704 JP,BB Ticker,Japan,,,
Lifecycle_Balanced_Pool_Superannuation,Listed Equity,"BORALEX, INC.",BLX CN,BB Ticker,Canada,,,
Lifecycle_Balanced_Pool_Superannuation,Listed Equity,REGAL REXNORD CORP.,RRX US,BB Ticker,United States,,,
Lifecycle_Balanced_Pool_Superannuation,Listed Equity,LUNDIN MINING CORP.,LUN CN,BB Ticker,Canada,,,
Lifecycle_Balanced_Pool_Superannuation,Listed Equity,APOLLO HOSPITALS ENTERPRISE LTD.,APHS IN,BB Ticker,India,,,
Lifecycle_Balanced_Pool_Superannuation,Listed Equity,"JACKSON FINANCIAL, INC.",JXN US,BB Ticker,United States,,,
Lifecycle_Balanced_Pool_Superannuation,Listed Equity,INDUSTRIAL BANK CO. LTD.,601166 C1,BB Ticker,China,,,
Lifecycle_Balanced_Pool_Superannuation,Listed Equity,"GRACO, INC.",GGG US,BB Ticker,United States,,,
Lifecycle_Balanced_Pool_Superannuation,Listed Equity,"ZTO EXPRESS CAYMAN, INC.",2057 HK,BB Ticker,Hong Kong,,,
Lifecycle_Balanced_Pool_Superannuation,Listed Equity,"HANKYU HANSHIN HOLDINGS, INC.",9042 JP,BB Ticker,Japan,,,
Lifecycle_Balanced_Pool_Superannuation,Listed Equity,POWSZECHNY ZAKLAD UBEZPIECZEN SA,PZU PW,BB Ticker,Poland,,,
Lifecycle_Balanced_Pool_Superannuation,Listed Equity,WARTSILA OYJ ABP,WRT1V FH,BB Ticker,Finland,,,
Lifecycle_Balanced_Pool_Superannuation,Listed Equity,"HASBRO, INC.",HAS US,BB Ticker,United States,,,
Lifecycle_Balanced_Pool_Superannuation,Listed Equity,ARYZTA AG,ARYN SW,BB Ticker,Switzerland,,,
Lifecycle_Balanced_Pool_Superannuation,Listed Equity,PLATINUM ASSET MANAGEMENT LTD.,PTM AU,BB Ticker,Australia,,,
Lifecycle_Balanced_Pool_Superannuation,Listed Equity,NEOEN SA,NEOEN FP,BB Ticker,France,,,
Lifecycle_Balanced_Pool_Superannuation,Listed Equity,IDFC FIRST BANK LTD.,IDFCFB IN,BB Ticker,India,,,
Lifecycle_Balanced_Pool_Superannuation,Listed Equity,HELLENIC TELECOMMUNICATIONS ORGANIZATION SA,HTO GA,BB Ticker,Greece,,,
Lifecycle_Balanced_Pool_Superannuation,Listed Equity,SAMSUNG FIRE & MARINE INSURANCE CO. LTD.,000810 KS,BB Ticker,South Korea,,,
Lifecycle_Balanced_Pool_Superannuation,Listed Equity,YAKULT HONSHA CO. LTD.,2267 JP,BB Ticker,Japan,,,
Lifecycle_Balanced_Pool_Superannuation,Listed Equity,DASSAULT AVIATION SA,AM FP,BB Ticker,France,,,
Lifecycle_Balanced_Pool_Superannuation,Listed Equity,CHAMPIONX CORP.,CHX US,BB Ticker,United States,,,
Lifecycle_Balanced_Pool_Superannuation,Listed Equity,PIDILITE INDUSTRIES LTD.,PIDI IN,BB Ticker,India,,,
Lifecycle_Balanced_Pool_Superannuation,Listed Equity,SQUARE ENIX HOLDINGS CO. LTD.,9684 JP,BB Ticker,Japan,,,
Lifecycle_Balanced_Pool_Superannuation,Listed Equity,SBI LIFE INSURANCE CO. LTD.,SBILIFE IN,BB Ticker,India,,,
Lifecycle_Balanced_Pool_Superannuation,Listed Equity,CHINA MENGNIU DAIRY CO. LTD.,2319 HK,BB Ticker,Hong Kong,,,
Lifecycle_Balanced_Pool_Superannuation,Listed Equity,"MEBUKI FINANCIAL GROUP, INC.",7167 JP,BB Ticker,Japan,,,
Lifecycle_Balanced_Pool_Superannuation,Listed Equity,CETTIRE LTD.,CTT AU,BB Ticker,Australia,,,
Lifecycle_Balanced_Pool_Superannuation,Listed Equity,SENSIENT TECHNOLOGIES CORP.,SXT US,BB Ticker,United States,,,
Lifecycle_Balanced_Pool_Superannuation,Listed Equity,"ARCOSA, INC.",ACA US,BB Ticker,United States,,,
Lifecycle_Balanced_Pool_Superannuation,Listed Equity,MERIDIAN ENERGY LTD.,MEL NZ,BB Ticker,New Zealand,,,
Lifecycle_Balanced_Pool_Superannuation,Listed Equity,OTP BANK NYRT,OTP HB,BB Ticker,Hungary,,,
Lifecycle_Balanced_Pool_Superannuation,Listed Equity,BIM BIRLESIK MAGAZALAR AS,BIMAS TI,BB Ticker,Turkey,,,
Lifecycle_Balanced_Pool_Superannuation,Listed Equity,SINOPEC KANTONS HOLDINGS LTD.,934 HK,BB Ticker,Hong Kong,,,
Lifecycle_Balanced_Pool_Superannuation,Listed Equity,"NEWMARK GROUP, INC.",NMRK US,BB Ticker,United States,,,
Lifecycle_Balanced_Pool_Superannuation,Listed Equity,PEGATRON CORP.,4938 TT,BB Ticker,Taiwan,,,
Lifecycle_Balanced_Pool_Superannuation,Listed Equity,"EVERUS CONSTRUCTION GROUP, INC.",ECG US,BB Ticker,United States,,,
Lifecycle_Balanced_Pool_Superannuation,Listed Equity,"HORIZON ROBOTICS, INC.",9660 HK,BB Ticker,Hong Kong,,,
Lifecycle_Balanced_Pool_Superannuation,Listed Equity,"MURPHY USA, INC.",MUSA US,BB Ticker,United States,,,
Lifecycle_Balanced_Pool_Superannuation,Listed Equity,BETSSON AB,BETSB SS,BB Ticker,Sweden,,,
Lifecycle_Balanced_Pool_Superannuation,Listed Equity,"LITHIA MOTORS, INC.",LAD US,BB Ticker,United States,,,
Lifecycle_Balanced_Pool_Superannuation,Listed Equity,NATIONAL BANK OF GREECE SA,ETE GA,BB Ticker,Greece,,,
Lifecycle_Balanced_Pool_Superannuation,Listed Equity,KIKKOMAN CORP.,2801 JP,BB Ticker,Japan,,,
Lifecycle_Balanced_Pool_Superannuation,Listed Equity,DR. SULAIMAN AL HABIB MEDICAL SERVICES GROUP CO.,SULAIMAN AB,BB Ticker,Saudi Arabia,,,
Lifecycle_Balanced_Pool_Superannuation,Listed Equity,COMFORTDELGRO CORP. LTD.,CD SP,BB Ticker,Singapore,,,
Lifecycle_Balanced_Pool_Superannuation,Listed Equity,CNH INDUSTRIAL NV,CNH US,BB Ticker,United States,,,
Lifecycle_Balanced_Pool_Superannuation,Listed Equity,"FIRSTCASH HOLDINGS, INC.",FCFS US,BB Ticker,United States,,,
Lifecycle_Balanced_Pool_Superannuation,Listed Equity,MONETA MONEY BANK AS,MONET CP,BB Ticker,Czech Republic,,,
Lifecycle_Balanced_Pool_Superannuation,Listed Equity,SAMSUNG SDI CO. LTD.,006400 KS,BB Ticker,South Korea,,,
Lifecycle_Balanced_Pool_Superannuation,Listed Equity,TUI AG,TUI1 GR,BB Ticker,Germany,,,
Lifecycle_Balanced_Pool_Superannuation,Listed Equity,COCA-COLA FEMSA SAB DE CV,KOFUBL MM,BB Ticker,Mexico,,,
Lifecycle_Balanced_Pool_Superannuation,Listed Equity,ABSA GROUP LTD.,ABG SJ,BB Ticker,South Africa,,,
Lifecycle_Balanced_Pool_Superannuation,Listed Equity,"MERITZ FINANCIAL GROUP, INC.",138040 KS,BB Ticker,South Korea,,,
Lifecycle_Balanced_Pool_Superannuation,Listed Equity,WEST JAPAN RAILWAY CO.,9021 JP,BB Ticker,Japan,,,
Lifecycle_Balanced_Pool_Superannuation,Listed Equity,GRUPO AEROPORTUARIO DEL PACIFICO SAB DE CV,GAPB MM,BB Ticker,Mexico,,,
Lifecycle_Balanced_Pool_Superannuation,Listed Equity,NITORI HOLDINGS CO. LTD.,9843 JP,BB Ticker,Japan,,,
Lifecycle_Balanced_Pool_Superannuation,Listed Equity,"ARMSTRONG WORLD INDUSTRIES, INC.",AWI US,BB Ticker,United States,,,
Lifecycle_Balanced_Pool_Superannuation,Listed Equity,SWISS PRIME SITE AG,SPSN SW,BB Ticker,Switzerland,,,
Lifecycle_Balanced_Pool_Superannuation,Listed Equity,AZELIS GROUP NV,AZE BB,BB Ticker,Belgium,,,
Lifecycle_Balanced_Pool_Superannuation,Listed Equity,"SAREPTA THERAPEUTICS, INC.",SRPT US,BB Ticker,United States,,,
Lifecycle_Balanced_Pool_Superannuation,Listed Equity,LITE-ON TECHNOLOGY CORP.,2301 TT,BB Ticker,Taiwan,,,
Lifecycle_Balanced_Pool_Superannuation,Listed Equity,"SCORPIO TANKERS, INC.",STNG US,BB Ticker,United States,,,
Lifecycle_Balanced_Pool_Superannuation,Listed Equity,ROYAL BANK OF CANADA,RY US,BB Ticker,United States,,,
Lifecycle_Balanced_Pool_Superannuation,Listed Equity,DUBAI ISLAMIC BANK PJSC,DIB UH,BB Ticker,United Arab Emirates,,,
Lifecycle_Balanced_Pool_Superannuation,Listed Equity,"UFP INDUSTRIES, INC.",UFPI US,BB Ticker,United States,,,
Lifecycle_Balanced_Pool_Superannuation,Listed Equity,TAKEDA PHARMACEUTICAL CO. LTD.,TAK US,BB Ticker,United States,,,
Lifecycle_Balanced_Pool_Superannuation,Listed Equity,"BNK FINANCIAL GROUP, INC.",138930 KS,BB Ticker,South Korea,,,
Lifecycle_Balanced_Pool_Superannuation,Listed Equity,"CARLYLE GROUP, INC.",CG US,BB Ticker,United States,,,
Lifecycle_Balanced_Pool_Superannuation,Listed Equity,JET2 PLC,JET2 LN,BB Ticker,United Kingdom,,,
Lifecycle_Balanced_Pool_Superannuation,Listed Equity,"PROG HOLDINGS, INC.",PRG US,BB Ticker,United States,,,
Lifecycle_Balanced_Pool_Superannuation,Listed Equity,D-MARKET ELEKTRONIK HIZMETLER VE TICARET AS,HEPS US,BB Ticker,United States,,,
Lifecycle_Balanced_Pool_Superannuation,Listed Equity,PI INDUSTRIES LTD.,PI IN,BB Ticker,India,,,
Lifecycle_Balanced_Pool_Superannuation,Listed Equity,"E INK HOLDINGS, INC.",8069 TT,BB Ticker,Taiwan,,,
Lifecycle_Balanced_Pool_Superannuation,Listed Equity,AKBANK TAS,AKBNK TI,BB Ticker,Turkey,,,
Lifecycle_Balanced_Pool_Superannuation,Listed Equity,CANADIAN TIRE CORP. LTD.,CTCA CN,BB Ticker,Canada,,,
Lifecycle_Balanced_Pool_Superannuation,Listed Equity,SCB X PCL,SCBF TB,BB Ticker,Thailand,,,
Lifecycle_Balanced_Pool_Superannuation,Listed Equity,AL MASANE AL KOBRA MINING CO.,AMAK AB,BB Ticker,Saudi Arabia,,,
Lifecycle_Balanced_Pool_Superannuation,Listed Equity,SCIENCE APPLICATIONS INTERNATIONAL CORP.,SAIC US,BB Ticker,United States,,,
Lifecycle_Balanced_Pool_Superannuation,Listed Equity,"PINNACLE FINANCIAL PARTNERS, INC.",PNFP US,BB Ticker,United States,,,
Lifecycle_Balanced_Pool_Superannuation,Listed Equity,MEDIOBANCA BANCA DI CREDITO FINANZIARIO SPA,MB IM,BB Ticker,Italy,,,
Lifecycle_Balanced_Pool_Superannuation,Listed Equity,BANCO DE SABADELL SA,SAB SM,BB Ticker,Spain,,,
Lifecycle_Balanced_Pool_Superannuation,Listed Equity,GAIL INDIA LTD.,GAIL IN,BB Ticker,India,,,
Lifecycle_Balanced_Pool_Superannuation,Listed Equity,CAPSTONE COPPER CORP.,CS CN,BB Ticker,Canada,,,
Lifecycle_Balanced_Pool_Superannuation,Listed Equity,SUMITOMO REALTY & DEVELOPMENT CO. LTD.,8830 JP,BB Ticker,Japan,,,
Lifecycle_Balanced_Pool_Superannuation,Listed Equity,EMBRAER SA,EMBR3 BZ,BB Ticker,Brazil,,,
Lifecycle_Balanced_Pool_Superannuation,Listed Equity,"ATI, INC.",ATI US,BB Ticker,United States,,,
Lifecycle_Balanced_Pool_Superannuation,Listed Equity,CARGOTEC OYJ,CGCBV FH,BB Ticker,Finland,,,
Lifecycle_Balanced_Pool_Superannuation,Listed Equity,FNB CORP.,FNB US,BB Ticker,United States,,,
Lifecycle_Balanced_Pool_Superannuation,Listed Equity,CITIC SECURITIES CO. LTD.,6030 HK,BB Ticker,Hong Kong,,,
Lifecycle_Balanced_Pool_Superannuation,Listed Equity,"KYUSHU ELECTRIC POWER CO., INC.",9508 JP,BB Ticker,Japan,,,
Lifecycle_Balanced_Pool_Superannuation,Listed Equity,BALCHEM CORP.,BCPC US,BB Ticker,United States,,,
Lifecycle_Balanced_Pool_Superannuation,Listed Equity,RAIFFEISEN BANK INTERNATIONAL AG,RBI AV,BB Ticker,Austria,,,
Lifecycle_Balanced_Pool_Superannuation,Listed Equity,SYSMEX CORP.,6869 JP,BB Ticker,Japan,,,
Lifecycle_Balanced_Pool_Superannuation,Listed Equity,"VAXCYTE, INC.",PCVX US,BB Ticker,United States,,,
Lifecycle_Balanced_Pool_Superannuation,Listed Equity,EDENRED SE,EDEN FP,BB Ticker,France,,,
Lifecycle_Balanced_Pool_Superannuation,Listed Equity,HANG SENG BANK LTD.,11 HK,BB Ticker,Hong Kong,,,
Lifecycle_Balanced_Pool_Superannuation,Listed Equity,"RAKUTEN GROUP, INC.",4755 JP,BB Ticker,Japan,,,
Lifecycle_Balanced_Pool_Superannuation,Listed Equity,"ROBERT HALF, INC.",RHI US,BB Ticker,United States,,,
Lifecycle_Balanced_Pool_Superannuation,Listed Equity,"CAVA GROUP, INC.",CAVA US,BB Ticker,United States,,,
Lifecycle_Balanced_Pool_Superannuation,Listed Equity,ENERGIX-RENEWABLE ENERGIES LTD.,ENRG IT,BB Ticker,Israel,,,
Lifecycle_Balanced_Pool_Superannuation,Listed Equity,BERKELEY GROUP HOLDINGS PLC,BKG LN,BB Ticker,United Kingdom,,,
Lifecycle_Balanced_Pool_Superannuation,Listed Equity,"USHIO, INC.",6925 JP,BB Ticker,Japan,,,
Lifecycle_Balanced_Pool_Superannuation,Listed Equity,BANK OF BEIJING CO. LTD.,601169 C1,BB Ticker,China,,,
Lifecycle_Balanced_Pool_Superannuation,Listed Equity,CAPCOM CO. LTD.,9697 JP,BB Ticker,Japan,,,
Lifecycle_Balanced_Pool_Superannuation,Listed Equity,"DROPBOX, INC.",DBX US,BB Ticker,United States,,,
Lifecycle_Balanced_Pool_Superannuation,Listed Equity,"KINSALE CAPITAL GROUP, INC.",KNSL US,BB Ticker,United States,,,
Lifecycle_Balanced_Pool_Superannuation,Listed Equity,NORITSU KOKI CO. LTD.,7744 JP,BB Ticker,Japan,,,
Lifecycle_Balanced_Pool_Superannuation,Listed Equity,EQT HOLDINGS LTD.,EQT AU,BB Ticker,Australia,,,
Lifecycle_Balanced_Pool_Superannuation,Listed Equity,BUNGE GLOBAL SA,BG US,BB Ticker,United States,,,
Lifecycle_Balanced_Pool_Superannuation,Listed Equity,AUTO TRADER GROUP PLC,AUTO LN,BB Ticker,United Kingdom,,,
Lifecycle_Balanced_Pool_Superannuation,Listed Equity,CHINA THREE GORGES RENEWABLES GROUP CO. LTD.,600905 C1,BB Ticker,China,,,
Lifecycle_Balanced_Pool_Superannuation,Listed Equity,GRIFFON CORP.,GFF US,BB Ticker,United States,,,
Lifecycle_Balanced_Pool_Superannuation,Listed Equity,"ATKINSREALIS GROUP, INC.",ATRL CN,BB Ticker,Canada,,,
Lifecycle_Balanced_Pool_Superannuation,Listed Equity,HENDERSON LAND DEVELOPMENT CO. LTD.,12 HK,BB Ticker,Hong Kong,,,
Lifecycle_Balanced_Pool_Superannuation,Listed Equity,"PEGASYSTEMS, INC.",PEGA US,BB Ticker,United States,,,
Lifecycle_Balanced_Pool_Superannuation,Listed Equity,CGN POWER CO. LTD.,1816 HK,BB Ticker,Hong Kong,,,
Lifecycle_Balanced_Pool_Superannuation,Listed Equity,SICHUAN CHUANTOU ENERGY CO. LTD.,600674 C1,BB Ticker,China,,,
Lifecycle_Balanced_Pool_Superannuation,Listed Equity,QATAR NATIONAL BANK QPSC,QNBK QD,BB Ticker,Qatar,,,
Lifecycle_Balanced_Pool_Superannuation,Listed Equity,SODEXO SA,SW FP,BB Ticker,France,,,
Lifecycle_Balanced_Pool_Superannuation,Listed Equity,BAYERISCHE MOTOREN WERKE AG,BMW3 GR,BB Ticker,Germany,,,
Lifecycle_Balanced_Pool_Superannuation,Listed Equity,TD SYNNEX CORP.,SNX US,BB Ticker,United States,,,
Lifecycle_Balanced_Pool_Superannuation,Listed Equity,NIPPON PAINT HOLDINGS CO. LTD.,4612 JP,BB Ticker,Japan,,,
Lifecycle_Balanced_Pool_Superannuation,Listed Equity,HOLMEN AB,HOLMB SS,BB Ticker,Sweden,,,
Lifecycle_Balanced_Pool_Superannuation,Listed Equity,"BEACON ROOFING SUPPLY, INC.",BECN US,BB Ticker,United States,,,
Lifecycle_Balanced_Pool_Superannuation,Listed Equity,NEPI ROCKCASTLE NV,NRP SJ,BB Ticker,South Africa,,,
Lifecycle_Balanced_Pool_Superannuation,Listed Equity,MTN GROUP LTD.,MTN SJ,BB Ticker,South Africa,,,
Lifecycle_Balanced_Pool_Superannuation,Listed Equity,TAISHIN FINANCIAL HOLDING CO. LTD.,2887 TT,BB Ticker,Taiwan,,,
Lifecycle_Balanced_Pool_Superannuation,Listed Equity,"ORMAT TECHNOLOGIES, INC.",ORA US,BB Ticker,United States,,,
Lifecycle_Balanced_Pool_Superannuation,Listed Equity,DMG MORI CO. LTD.,6141 JP,BB Ticker,Japan,,,
Lifecycle_Balanced_Pool_Superannuation,Listed Equity,WEBJET GROUP LTD.,WJL AU,BB Ticker,Australia,,,
Lifecycle_Balanced_Pool_Superannuation,Listed Equity,UNIMICRON TECHNOLOGY CORP.,3037 TT,BB Ticker,Taiwan,,,
Lifecycle_Balanced_Pool_Superannuation,Listed Equity,UPL LTD.,UPLL IN,BB Ticker,India,,,
Lifecycle_Balanced_Pool_Superannuation,Listed Equity,BIO-TECHNE CORP.,TECH US,BB Ticker,United States,,,
Lifecycle_Balanced_Pool_Superannuation,Listed Equity,MULTI COMMODITY EXCHANGE OF INDIA LTD.,MCX IN,BB Ticker,India,,,
Lifecycle_Balanced_Pool_Superannuation,Listed Equity,"CHART INDUSTRIES, INC.",GTLS US,BB Ticker,United States,,,
Lifecycle_Balanced_Pool_Superannuation,Listed Equity,HNI CORP.,HNI US,BB Ticker,United States,,,
Lifecycle_Balanced_Pool_Superannuation,Listed Equity,GODREJ CONSUMER PRODUCTS LTD.,GCPL IN,BB Ticker,India,,,
Lifecycle_Balanced_Pool_Superannuation,Listed Equity,FIRST BANCORP,FBP US,BB Ticker,United States,,,
Lifecycle_Balanced_Pool_Superannuation,Listed Equity,ENAGAS SA,ENG SM,BB Ticker,Spain,,,
Lifecycle_Balanced_Pool_Superannuation,Listed Equity,SK SQUARE CO. LTD.,402340 KS,BB Ticker,South Korea,,,
Lifecycle_Balanced_Pool_Superannuation,Listed Equity,WEBSTER FINANCIAL CORP.,WBS US,BB Ticker,United States,,,
Lifecycle_Balanced_Pool_Superannuation,Listed Equity,"DUNDEE PRECIOUS METALS, INC.",DPM CN,BB Ticker,Canada,,,
Lifecycle_Balanced_Pool_Superannuation,Listed Equity,"ASPEN TECHNOLOGY, INC.",AZPN US,BB Ticker,United States,,,
Lifecycle_Balanced_Pool_Superannuation,Listed Equity,"BADGER METER, INC.",BMI US,BB Ticker,United States,,,
Lifecycle_Balanced_Pool_Superannuation,Listed Equity,DIXON TECHNOLOGIES INDIA LTD.,DIXON IN,BB Ticker,India,,,
Lifecycle_Balanced_Pool_Superannuation,Listed Equity,"VALMONT INDUSTRIES, INC.",VMI US,BB Ticker,United States,,,
Lifecycle_Balanced_Pool_Superannuation,Listed Equity,SEKISUI JUSHI CORP.,4212 JP,BB Ticker,Japan,,,
Lifecycle_Balanced_Pool_Superannuation,Listed Equity,DS SMITH PLC,SMDS LN,BB Ticker,United Kingdom,,,
Lifecycle_Balanced_Pool_Superannuation,Listed Equity,EZAKI GLICO CO. LTD.,2206 JP,BB Ticker,Japan,,,
Lifecycle_Balanced_Pool_Superannuation,Listed Equity,TAISEI CORP.,1801 JP,BB Ticker,Japan,,,
Lifecycle_Balanced_Pool_Superannuation,Listed Equity,MONDAY.COM LTD.,MNDY US,BB Ticker,United States,,,
Lifecycle_Balanced_Pool_Superannuation,Listed Equity,YAMAHA MOTOR CO. LTD.,7272 JP,BB Ticker,Japan,,,
Lifecycle_Balanced_Pool_Superannuation,Listed Equity,H WORLD GROUP LTD.,HTHT US,BB Ticker,United States,,,
Lifecycle_Balanced_Pool_Superannuation,Listed Equity,ZIGUP PLC,ZIG LN,BB Ticker,United Kingdom,,,
Lifecycle_Balanced_Pool_Superannuation,Listed Equity,"TETRA TECH, INC.",TTEK US,BB Ticker,United States,,,
Lifecycle_Balanced_Pool_Superannuation,Listed Equity,GATX CORP.,GATX US,BB Ticker,United States,,,
Lifecycle_Balanced_Pool_Superannuation,Listed Equity,HINDALCO INDUSTRIES LTD.,HNDL IN,BB Ticker,India,,,
Lifecycle_Balanced_Pool_Superannuation,Listed Equity,CANADIAN UTILITIES LTD.,CU CN,BB Ticker,Canada,,,
Lifecycle_Balanced_Pool_Superannuation,Listed Equity,ADECCO GROUP AG,ADEN SW,BB Ticker,Switzerland,,,
Lifecycle_Balanced_Pool_Superannuation,Listed Equity,WESTERN MINING CO. LTD.,601168 C1,BB Ticker,China,,,
Lifecycle_Balanced_Pool_Superannuation,Listed Equity,CHINA ZHESHANG BANK CO. LTD.,601916 C1,BB Ticker,China,,,
Lifecycle_Balanced_Pool_Superannuation,Listed Equity,"TEMPUR SEALY INTERNATIONAL, INC.",TPX US,BB Ticker,United States,,,
Lifecycle_Balanced_Pool_Superannuation,Listed Equity,CARNIVAL PLC,CUK US,BB Ticker,United States,,,
Lifecycle_Balanced_Pool_Superannuation,Listed Equity,PAYLOCITY HOLDING CORP.,PCTY US,BB Ticker,United States,,,
Lifecycle_Balanced_Pool_Superannuation,Listed Equity,ARCA CONTINENTAL SAB DE CV,AC MM,BB Ticker,Mexico,,,
Lifecycle_Balanced_Pool_Superannuation,Listed Equity,MAZDA MOTOR CORP.,7261 JP,BB Ticker,Japan,,,
Lifecycle_Balanced_Pool_Superannuation,Listed Equity,ATCO LTD.,ACOX CN,BB Ticker,Canada,,,
Lifecycle_Balanced_Pool_Superannuation,Listed Equity,"FLOOR & DECOR HOLDINGS, INC.",FND US,BB Ticker,United States,,,
Lifecycle_Balanced_Pool_Superannuation,Listed Equity,WYNN RESORTS LTD.,WYNN US,BB Ticker,United States,,,
Lifecycle_Balanced_Pool_Superannuation,Listed Equity,"MATCH GROUP, INC.",MTCH US,BB Ticker,United States,,,
Lifecycle_Balanced_Pool_Superannuation,Listed Equity,EURONEXT NV,ENX FP,BB Ticker,France,,,
Lifecycle_Balanced_Pool_Superannuation,Listed Equity,"FORTUNE BRANDS INNOVATIONS, INC.",FBIN US,BB Ticker,United States,,,
Lifecycle_Balanced_Pool_Superannuation,Listed Equity,"WUXI BIOLOGICS CAYMAN, INC.",2269 HK,BB Ticker,Hong Kong,,,
Lifecycle_Balanced_Pool_Superannuation,Listed Equity,"ENACT HOLDINGS, INC.",ACT US,BB Ticker,United States,,,
Lifecycle_Balanced_Pool_Superannuation,Listed Equity,"VERACYTE, INC.",VCYT US,BB Ticker,United States,,,
Lifecycle_Balanced_Pool_Superannuation,Listed Equity,"EMEMORY TECHNOLOGY, INC.",3529 TT,BB Ticker,Taiwan,,,
Lifecycle_Balanced_Pool_Superannuation,Listed Equity,NEW YORK TIMES CO.,NYT US,BB Ticker,United States,,,
Lifecycle_Balanced_Pool_Superannuation,Listed Equity,HOTAI MOTOR CO. LTD.,2207 TT,BB Ticker,Taiwan,,,
Lifecycle_Balanced_Pool_Superannuation,Listed Equity,CENTRAIS ELETRICAS BRASILEIRAS SA,ELET3 BZ,BB Ticker,Brazil,,,
Lifecycle_Balanced_Pool_Superannuation,Listed Equity,KOC HOLDING AS,KCHOL TI,BB Ticker,Turkey,,,
Lifecycle_Balanced_Pool_Superannuation,Listed Equity,WIWYNN CORP.,6669 TT,BB Ticker,Taiwan,,,
Lifecycle_Balanced_Pool_Superannuation,Listed Equity,SAMSUNG C&T CORP.,028260 KS,BB Ticker,South Korea,,,
Lifecycle_Balanced_Pool_Superannuation,Listed Equity,HELIOS TOWERS PLC,HTWS LN,BB Ticker,United Kingdom,,,
Lifecycle_Balanced_Pool_Superannuation,Listed Equity,SANWA HOLDINGS CORP.,5929 JP,BB Ticker,Japan,,,
Lifecycle_Balanced_Pool_Superannuation,Listed Equity,BRITANNIA INDUSTRIES LTD.,BRIT IN,BB Ticker,India,,,
Lifecycle_Balanced_Pool_Superannuation,Listed Equity,TAV HAVALIMANLARI HOLDING AS,TAVHL TI,BB Ticker,Turkey,,,
Lifecycle_Balanced_Pool_Superannuation,Listed Equity,"APTARGROUP, INC.",ATR US,BB Ticker,United States,,,
Lifecycle_Balanced_Pool_Superannuation,Listed Equity,GAMESTOP CORP.,GME US,BB Ticker,United States,,,
Lifecycle_Balanced_Pool_Superannuation,Listed Equity,"WASTE CONNECTIONS, INC.",WCN CN,BB Ticker,Canada,,,
Lifecycle_Balanced_Pool_Superannuation,Listed Equity,HANCOCK WHITNEY CORP.,HWC US,BB Ticker,United States,,,
Lifecycle_Balanced_Pool_Superannuation,Listed Equity,TOYO SUISAN KAISHA LTD.,2875 JP,BB Ticker,Japan,,,
Lifecycle_Balanced_Pool_Superannuation,Listed Equity,COLGATE-PALMOLIVE INDIA LTD.,CLGT IN,BB Ticker,India,,,
Lifecycle_Balanced_Pool_Superannuation,Listed Equity,CHINA TOWER CORP. LTD.,788 HK,BB Ticker,Hong Kong,,,
Lifecycle_Balanced_Pool_Superannuation,Listed Equity,ELASTIC NV,ESTC US,BB Ticker,United States,,,
Lifecycle_Balanced_Pool_Superannuation,Listed Equity,HULIC CO. LTD.,3003 JP,BB Ticker,Japan,,,
Lifecycle_Balanced_Pool_Superannuation,Listed Equity,"COCA-COLA CONSOLIDATED, INC.",COKE US,BB Ticker,United States,,,
Lifecycle_Balanced_Pool_Superannuation,Listed Equity,NOVO NORDISK AS,NVO US,BB Ticker,United States,,,
Lifecycle_Balanced_Pool_Superannuation,Listed Equity,HERO MOTOCORP LTD.,HMCL IN,BB Ticker,India,,,
Lifecycle_Balanced_Pool_Superannuation,Listed Equity,BID CORP. LTD.,BID SJ,BB Ticker,South Africa,,,
Lifecycle_Balanced_Pool_Superannuation,Listed Equity,"ROKU, INC.",ROKU US,BB Ticker,United States,,,
Lifecycle_Balanced_Pool_Superannuation,Listed Equity,BANK ALBILAD,ALBI AB,BB Ticker,Saudi Arabia,,,
Lifecycle_Balanced_Pool_Superannuation,Listed Equity,"INTERNATIONAL CONTAINER TERMINAL SERVICES, INC.",ICT PM,BB Ticker,Philippines,,,
Lifecycle_Balanced_Pool_Superannuation,Listed Equity,"SOUTHWEST GAS HOLDINGS, INC.",SWX US,BB Ticker,United States,,,
Lifecycle_Balanced_Pool_Superannuation,Listed Equity,MITIE GROUP PLC,MTO LN,BB Ticker,United Kingdom,,,
Lifecycle_Balanced_Pool_Superannuation,Listed Equity,BANCOLOMBIA SA,PFBCOLO CB,BB Ticker,Colombia,,,
Lifecycle_Balanced_Pool_Superannuation,Listed Equity,"COMERICA, INC.",CMA US,BB Ticker,United States,,,
Lifecycle_Balanced_Pool_Superannuation,Listed Equity,KOMERCNI BANKA AS,KOMB CP,BB Ticker,Czech Republic,,,
Lifecycle_Balanced_Pool_Superannuation,Listed Equity,"LG ELECTRONICS, INC.",066570 KS,BB Ticker,South Korea,,,
Lifecycle_Balanced_Pool_Superannuation,Listed Equity,"CHARLES RIVER LABORATORIES INTERNATIONAL, INC.",CRL US,BB Ticker,United States,,,
Lifecycle_Balanced_Pool_Superannuation,Listed Equity,CMOC GROUP LTD.,3993 HK,BB Ticker,Hong Kong,,,
Lifecycle_Balanced_Pool_Superannuation,Listed Equity,MICRO-STAR INTERNATIONAL CO. LTD.,2377 TT,BB Ticker,Taiwan,,,
Lifecycle_Balanced_Pool_Superannuation,Listed Equity,"GENWORTH FINANCIAL, INC.",GNW US,BB Ticker,United States,,,
Lifecycle_Balanced_Pool_Superannuation,Listed Equity,SYNNEX TECHNOLOGY INTERNATIONAL CORP.,2347 TT,BB Ticker,Taiwan,,,
Lifecycle_Balanced_Pool_Superannuation,Listed Equity,SHISEIDO CO. LTD.,4911 JP,BB Ticker,Japan,,,
Lifecycle_Balanced_Pool_Superannuation,Listed Equity,ACCIONA SA,ANA SM,BB Ticker,Spain,,,
Lifecycle_Balanced_Pool_Superannuation,Listed Equity,AVENUE SUPERMARTS LTD.,DMART IN,BB Ticker,India,,,
Lifecycle_Balanced_Pool_Superannuation,Listed Equity,"MAXIMUS, INC.",MMS US,BB Ticker,United States,,,
Lifecycle_Balanced_Pool_Superannuation,Listed Equity,TBC BANK GROUP PLC,TBCG LN,BB Ticker,United Kingdom,,,
Lifecycle_Balanced_Pool_Superannuation,Listed Equity,KOREA INVESTMENT HOLDINGS CO. LTD.,071050 KS,BB Ticker,South Korea,,,
Lifecycle_Balanced_Pool_Superannuation,Listed Equity,"ALTEOGEN, INC.",196170 KS,BB Ticker,South Korea,,,
Lifecycle_Balanced_Pool_Superannuation,Listed Equity,"TEXAS ROADHOUSE, INC.",TXRH US,BB Ticker,United States,,,
Lifecycle_Balanced_Pool_Superannuation,Listed Equity,"ARROW ELECTRONICS, INC.",ARW US,BB Ticker,United States,,,
Lifecycle_Balanced_Pool_Superannuation,Listed Equity,BPER BANCA SPA,BPE IM,BB Ticker,Italy,,,
Lifecycle_Balanced_Pool_Superannuation,Listed Equity,BALOISE HOLDING AG,BALN SW,BB Ticker,Switzerland,,,
Lifecycle_Balanced_Pool_Superannuation,Listed Equity,NATWEST GROUP PLC,NWG US,BB Ticker,United States,,,
Lifecycle_Balanced_Pool_Superannuation,Listed Equity,API GROUP CORP.,APG US,BB Ticker,United States,,,
Lifecycle_Balanced_Pool_Superannuation,Listed Equity,ADAIRS LTD.,ADH AU,BB Ticker,Australia,,,
Lifecycle_Balanced_Pool_Superannuation,Listed Equity,VALMET OYJ,VALMT FH,BB Ticker,Finland,,,
Lifecycle_Balanced_Pool_Superannuation,Listed Equity,"ROCKET LAB USA, INC.",RKLB US,BB Ticker,United States,,,
Lifecycle_Balanced_Pool_Superannuation,Listed Equity,"HUNTINGTON INGALLS INDUSTRIES, INC.",HII US,BB Ticker,United States,,,
Lifecycle_Balanced_Pool_Superannuation,Listed Equity,YUHAN CORP.,000100 KS,BB Ticker,South Korea,,,
Lifecycle_Balanced_Pool_Superannuation,Listed Equity,ADVANTECH CO. LTD.,2395 TT,BB Ticker,Taiwan,,,
Lifecycle_Balanced_Pool_Superannuation,Listed Equity,"MR. COOPER GROUP, INC.",COOP US,BB Ticker,United States,,,
Lifecycle_Balanced_Pool_Superannuation,Listed Equity,"INTRA-CELLULAR THERAPIES, INC.",ITCI US,BB Ticker,United States,,,
Lifecycle_Balanced_Pool_Superannuation,Listed Equity,CENTRAL GLASS CO. LTD.,4044 JP,BB Ticker,Japan,,,
Lifecycle_Balanced_Pool_Superannuation,Listed Equity,SUNNY OPTICAL TECHNOLOGY GROUP CO. LTD.,2382 HK,BB Ticker,Hong Kong,,,
Lifecycle_Balanced_Pool_Superannuation,Listed Equity,MEIJI HOLDINGS CO. LTD.,2269 JP,BB Ticker,Japan,,,
Lifecycle_Balanced_Pool_Superannuation,Listed Equity,BRUNSWICK CORP.,BC US,BB Ticker,United States,,,
Lifecycle_Balanced_Pool_Superannuation,Listed Equity,ONEX CORP.,ONEX CN,BB Ticker,Canada,,,
Lifecycle_Balanced_Pool_Superannuation,Listed Equity,SUZLON ENERGY LTD.,SUEL IN,BB Ticker,India,,,
Lifecycle_Balanced_Pool_Superannuation,Listed Equity,SHANGHAI RURAL COMMERCIAL BANK CO. LTD.,601825 C1,BB Ticker,China,,,
Lifecycle_Balanced_Pool_Superannuation,Listed Equity,BYD CO. LTD.,002594 C2,BB Ticker,China,,,
Lifecycle_Balanced_Pool_Superannuation,Listed Equity,IMCD NV,IMCD NA,BB Ticker,Netherlands,,,
Lifecycle_Balanced_Pool_Superannuation,Listed Equity,"PATTERSON-UTI ENERGY, INC.",PTEN US,BB Ticker,United States,,,
Lifecycle_Balanced_Pool_Superannuation,Listed Equity,CATHAY GENERAL BANCORP,CATY US,BB Ticker,United States,,,
Lifecycle_Balanced_Pool_Superannuation,Listed Equity,REX AMERICAN RESOURCES CORP.,REX US,BB Ticker,United States,,,
Lifecycle_Balanced_Pool_Superannuation,Listed Equity,GENTRACK GROUP LTD.,GTK AU,BB Ticker,Australia,,,
Lifecycle_Balanced_Pool_Superannuation,Listed Equity,SYNOVUS FINANCIAL CORP.,SNV US,BB Ticker,United States,,,
Lifecycle_Balanced_Pool_Superannuation,Listed Equity,"COLUMBIA BANKING SYSTEM, INC.",COLB US,BB Ticker,United States,,,
Lifecycle_Balanced_Pool_Superannuation,Listed Equity,ONO PHARMACEUTICAL CO. LTD.,4528 JP,BB Ticker,Japan,,,
Lifecycle_Balanced_Pool_Superannuation,Listed Equity,FLUOR CORP.,FLR US,BB Ticker,United States,,,
Lifecycle_Balanced_Pool_Superannuation,Listed Equity,WULIANGYE YIBIN CO. LTD.,000858 C2,BB Ticker,China,,,
Lifecycle_Balanced_Pool_Superannuation,Listed Equity,ENCOMPASS HEALTH CORP.,EHC US,BB Ticker,United States,,,
Lifecycle_Balanced_Pool_Superannuation,Listed Equity,CHINA MINSHENG BANKING CORP. LTD.,1988 HK,BB Ticker,Hong Kong,,,
Lifecycle_Balanced_Pool_Superannuation,Listed Equity,TELUS CORP.,T CN,BB Ticker,Canada,,,
Lifecycle_Balanced_Pool_Superannuation,Listed Equity,CIA PARANAENSE DE ENERGIA - COPEL,CPLE6 BZ,BB Ticker,Brazil,,,
Lifecycle_Balanced_Pool_Superannuation,Listed Equity,BANK OF IRELAND GROUP PLC,BIRG ID,BB Ticker,Ireland,,,
Lifecycle_Balanced_Pool_Superannuation,Listed Equity,INTERNATIONAL CONSOLIDATED AIRLINES GROUP SA,IAG LN,BB Ticker,United Kingdom,,,
Lifecycle_Balanced_Pool_Superannuation,Listed Equity,GAMUDA BHD.,GAM MK,BB Ticker,Malaysia,,,
Lifecycle_Balanced_Pool_Superannuation,Listed Equity,GENTING MALAYSIA BHD.,GENM MK,BB Ticker,Malaysia,,,
Lifecycle_Balanced_Pool_Superannuation,Listed Equity,TURKCELL ILETISIM HIZMETLERI AS,TCELL TI,BB Ticker,Turkey,,,
Lifecycle_Balanced_Pool_Superannuation,Listed Equity,HONG KONG & CHINA GAS CO. LTD.,3 HK,BB Ticker,Hong Kong,,,
Lifecycle_Balanced_Pool_Superannuation,Listed Equity,TELEFONICA BRASIL SA,VIVT3 BZ,BB Ticker,Brazil,,,
Lifecycle_Balanced_Pool_Superannuation,Listed Equity,ENERSYS,ENS US,BB Ticker,United States,,,
Lifecycle_Balanced_Pool_Superannuation,Listed Equity,FILO CORP.,FIL CN,BB Ticker,Canada,,,
Lifecycle_Balanced_Pool_Superannuation,Listed Equity,ERIE INDEMNITY CO.,ERIE US,BB Ticker,United States,,,
Lifecycle_Balanced_Pool_Superannuation,Listed Equity,CREDO TECHNOLOGY GROUP HOLDING LTD.,CRDO US,BB Ticker,United States,,,
Lifecycle_Balanced_Pool_Superannuation,Listed Equity,WESTERN ALLIANCE BANCORP,WAL US,BB Ticker,United States,,,
Lifecycle_Balanced_Pool_Superannuation,Listed Equity,WH GROUP LTD.,288 HK,BB Ticker,Hong Kong,,,
Lifecycle_Balanced_Pool_Superannuation,Listed Equity,PETRONAS DAGANGAN BHD.,PETD MK,BB Ticker,Malaysia,,,
Lifecycle_Balanced_Pool_Superannuation,Listed Equity,"ADVANCED DRAINAGE SYSTEMS, INC.",WMS US,BB Ticker,United States,,,
Lifecycle_Balanced_Pool_Superannuation,Listed Equity,GIGABYTE TECHNOLOGY CO. LTD.,2376 TT,BB Ticker,Taiwan,,,
Lifecycle_Balanced_Pool_Superannuation,Listed Equity,CHINA RESOURCES GAS GROUP LTD.,1193 HK,BB Ticker,Hong Kong,,,
Lifecycle_Balanced_Pool_Superannuation,Listed Equity,NIPPON GAS CO. LTD.,8174 JP,BB Ticker,Japan,,,
Lifecycle_Balanced_Pool_Superannuation,Listed Equity,TELENOR ASA,TEL NO,BB Ticker,Belgium,,,
Lifecycle_Balanced_Pool_Superannuation,Listed Equity,CRESUD SACIF Y A,CRESY US,BB Ticker,United States,,,
Lifecycle_Balanced_Pool_Superannuation,Listed Equity,BANQUE SAUDI FRANSI,BSF AB,BB Ticker,Saudi Arabia,,,
Lifecycle_Balanced_Pool_Superannuation,Listed Equity,"COMMVAULT SYSTEMS, INC.",CVLT US,BB Ticker,United States,,,
Lifecycle_Balanced_Pool_Superannuation,Listed Equity,LY CORP.,4689 JP,BB Ticker,Japan,,,
Lifecycle_Balanced_Pool_Superannuation,Listed Equity,ULTRAPAR PARTICIPACOES SA,UGPA3 BZ,BB Ticker,Brazil,,,
Lifecycle_Balanced_Pool_Superannuation,Listed Equity,INDUSTRIAL BANK OF KOREA,024110 KS,BB Ticker,South Korea,,,
Lifecycle_Balanced_Pool_Superannuation,Listed Equity,BROOKFIELD INFRASTRUCTURE CORP.,BIPC CN,BB Ticker,Canada,,,
Lifecycle_Balanced_Pool_Superannuation,Listed Equity,"STARTS CORP., INC.",8850 JP,BB Ticker,Japan,,,
Lifecycle_Balanced_Pool_Superannuation,Listed Equity,BANCA MONTE DEI PASCHI DI SIENA SPA,BMPS IM,BB Ticker,Italy,,,
Lifecycle_Balanced_Pool_Superannuation,Listed Equity,LABRADOR IRON ORE ROYALTY CORP.,LIF CN,BB Ticker,Canada,,,
Lifecycle_Balanced_Pool_Superannuation,Listed Equity,COROMANDEL INTERNATIONAL LTD.,CRIN IN,BB Ticker,India,,,
Lifecycle_Balanced_Pool_Superannuation,Listed Equity,NORDSON CORP.,NDSN US,BB Ticker,United States,,,
Lifecycle_Balanced_Pool_Superannuation,Listed Equity,SANDS CHINA LTD.,1928 HK,BB Ticker,Hong Kong,,,
Lifecycle_Balanced_Pool_Superannuation,Listed Equity,QATAR ISLAMIC BANK QPSC,QIBK QD,BB Ticker,Qatar,,,
Lifecycle_Balanced_Pool_Superannuation,Listed Equity,SHIN KONG FINANCIAL HOLDING CO. LTD.,2888 TT,BB Ticker,Taiwan,,,
Lifecycle_Balanced_Pool_Superannuation,Listed Equity,TAMARACK VALLEY ENERGY LTD.,TVE CN,BB Ticker,Canada,,,
Lifecycle_Balanced_Pool_Superannuation,Listed Equity,A.O. SMITH CORP.,AOS US,BB Ticker,United States,,,
Lifecycle_Balanced_Pool_Superannuation,Listed Equity,LKQ CORP.,LKQ US,BB Ticker,United States,,,
Lifecycle_Balanced_Pool_Superannuation,Listed Equity,HEICO CORP.,HEIA US,BB Ticker,United States,,,
Lifecycle_Balanced_Pool_Superannuation,Listed Equity,DIPLOMA PLC,DPLM LN,BB Ticker,United Kingdom,,,
Lifecycle_Balanced_Pool_Superannuation,Listed Equity,NHK SPRING CO. LTD.,5991 JP,BB Ticker,Japan,,,
Lifecycle_Balanced_Pool_Superannuation,Listed Equity,MURRAY COD AUSTRALIA LTD.,MCA AU,BB Ticker,Australia,,,
Lifecycle_Balanced_Pool_Superannuation,Listed Equity,TRIPLE FLAG PRECIOUS METALS CORP.,TFPM CN,BB Ticker,Canada,,,
Lifecycle_Balanced_Pool_Superannuation,Listed Equity,POWER FINANCE CORP. LTD.,POWF IN,BB Ticker,India,,,
Lifecycle_Balanced_Pool_Superannuation,Listed Equity,"BRIGHT HORIZONS FAMILY SOLUTIONS, INC.",BFAM US,BB Ticker,United States,,,
Lifecycle_Balanced_Pool_Superannuation,Listed Equity,"OCEANEERING INTERNATIONAL, INC.",OII US,BB Ticker,United States,,,
Lifecycle_Balanced_Pool_Superannuation,Listed Equity,VONTIER CORP.,VNT US,BB Ticker,United States,,,
Lifecycle_Balanced_Pool_Superannuation,Listed Equity,"SPS COMMERCE, INC.",SPSC US,BB Ticker,United States,,,
Lifecycle_Balanced_Pool_Superannuation,Listed Equity,RWE AG,RWE GR,BB Ticker,Germany,,,
Lifecycle_Balanced_Pool_Superannuation,Listed Equity,"INSMED, INC.",INSM US,BB Ticker,United States,,,
Lifecycle_Balanced_Pool_Superannuation,Listed Equity,"WALGREENS BOOTS ALLIANCE, INC.",WBA US,BB Ticker,United States,,,
Lifecycle_Balanced_Pool_Superannuation,Listed Equity,"CENTERRA GOLD, INC.",CG CN,BB Ticker,Canada,,,
Lifecycle_Balanced_Pool_Superannuation,Listed Equity,"MACY'S, INC.",M US,BB Ticker,United States,,,
Lifecycle_Balanced_Pool_Superannuation,Listed Equity,LOMA NEGRA CIA INDUSTRIAL ARGENTINA SA,LOMA US,BB Ticker,United States,,,
Lifecycle_Balanced_Pool_Superannuation,Listed Equity,"PROCORE TECHNOLOGIES, INC.",PCOR US,BB Ticker,United States,,,
Lifecycle_Balanced_Pool_Superannuation,Listed Equity,HD KOREA SHIPBUILDING & OFFSHORE ENGINEERING CO. LTD.,009540 KS,BB Ticker,South Korea,,,
Lifecycle_Balanced_Pool_Superannuation,Listed Equity,ST. JAMES'S PLACE PLC,STJ LN,BB Ticker,United Kingdom,,,
Lifecycle_Balanced_Pool_Superannuation,Listed Equity,TSINGTAO BREWERY CO. LTD.,168 HK,BB Ticker,Hong Kong,,,
Lifecycle_Balanced_Pool_Superannuation,Listed Equity,ORA BANDA MINING LTD.,OBM AU,BB Ticker,Australia,,,
Lifecycle_Balanced_Pool_Superannuation,Listed Equity,WPG HOLDINGS LTD.,3702 TT,BB Ticker,Taiwan,,,
Lifecycle_Balanced_Pool_Superannuation,Listed Equity,DAIFUKU CO. LTD.,6383 JP,BB Ticker,Japan,,,
Lifecycle_Balanced_Pool_Superannuation,Listed Equity,ENN ENERGY HOLDINGS LTD.,2688 HK,BB Ticker,Hong Kong,,,
Lifecycle_Balanced_Pool_Superannuation,Listed Equity,"POST HOLDINGS, INC.",POST US,BB Ticker,United States,,,
Lifecycle_Balanced_Pool_Superannuation,Listed Equity,POLYCAB INDIA LTD.,POLYCAB IN,BB Ticker,India,,,
Lifecycle_Balanced_Pool_Superannuation,Listed Equity,CATCHER TECHNOLOGY CO. LTD.,2474 TT,BB Ticker,Taiwan,,,
Lifecycle_Balanced_Pool_Superannuation,Listed Equity,HDFC LIFE INSURANCE CO. LTD.,HDFCLIFE IN,BB Ticker,India,,,
Lifecycle_Balanced_Pool_Superannuation,Listed Equity,"LANDSTAR SYSTEM, INC.",LSTR US,BB Ticker,United States,,,
Lifecycle_Balanced_Pool_Superannuation,Listed Equity,"PROSPERITY BANCSHARES, INC.",PB US,BB Ticker,United States,,,
Lifecycle_Balanced_Pool_Superannuation,Listed Equity,MERITAGE HOMES CORP.,MTH US,BB Ticker,United States,,,
Lifecycle_Balanced_Pool_Superannuation,Listed Equity,SANTEN PHARMACEUTICAL CO. LTD.,4536 JP,BB Ticker,Japan,,,
Lifecycle_Balanced_Pool_Superannuation,Listed Equity,SPIRAX GROUP PLC,SPX LN,BB Ticker,United Kingdom,,,
Lifecycle_Balanced_Pool_Superannuation,Listed Equity,LUPIN LTD.,LPC IN,BB Ticker,India,,,
Lifecycle_Balanced_Pool_Superannuation,Listed Equity,"CORECIVIC, INC.",CXW US,BB Ticker,United States,,,
Lifecycle_Balanced_Pool_Superannuation,Listed Equity,GUOSEN SECURITIES CO. LTD.,002736 C2,BB Ticker,China,,,
Lifecycle_Balanced_Pool_Superannuation,Listed Equity,CLINUVEL PHARMACEUTICALS LTD.,CUV AU,BB Ticker,Australia,,,
Lifecycle_Balanced_Pool_Superannuation,Listed Equity,"WEX, INC.",WEX US,BB Ticker,United States,,,
Lifecycle_Balanced_Pool_Superannuation,Listed Equity,SOCIEDAD QUIMICA Y MINERA DE CHILE SA,SQMB CI,BB Ticker,Chile,,,
Lifecycle_Balanced_Pool_Superannuation,Listed Equity,"TELADOC HEALTH, INC.",TDOC US,BB Ticker,United States,,,
Lifecycle_Balanced_Pool_Superannuation,Listed Equity,"BENTLEY SYSTEMS, INC.",BSY US,BB Ticker,United States,,,
Lifecycle_Balanced_Pool_Superannuation,Listed Equity,PARKLAND CORP.,PKI CN,BB Ticker,Canada,,,
Lifecycle_Balanced_Pool_Superannuation,Listed Equity,"XPENG, INC.",9868 HK,BB Ticker,Hong Kong,,,
Lifecycle_Balanced_Pool_Superannuation,Listed Equity,WEATHERFORD INTERNATIONAL PLC,WFRD US,BB Ticker,United States,,,
Lifecycle_Balanced_Pool_Superannuation,Listed Equity,VOLTRONIC POWER TECHNOLOGY CORP.,6409 TT,BB Ticker,Taiwan,,,
Lifecycle_Balanced_Pool_Superannuation,Listed Equity,UNIPOL GRUPPO SPA,UNI IM,BB Ticker,Italy,,,
Lifecycle_Balanced_Pool_Superannuation,Listed Equity,"ONTO INNOVATION, INC.",ONTO US,BB Ticker,United States,,,
Lifecycle_Balanced_Pool_Superannuation,Listed Equity,STORA ENSO OYJ,STERV FH,BB Ticker,Finland,,,
Lifecycle_Balanced_Pool_Superannuation,Listed Equity,FLUGHAFEN ZURICH AG,FHZN SW,BB Ticker,Switzerland,,,
Lifecycle_Balanced_Pool_Superannuation,Listed Equity,NEXI SPA,NEXI IM,BB Ticker,Italy,,,
Lifecycle_Balanced_Pool_Superannuation,Listed Equity,EMPIRE CO. LTD.,EMPA CN,BB Ticker,Canada,,,
Lifecycle_Balanced_Pool_Superannuation,Listed Equity,POP MART INTERNATIONAL GROUP LTD.,9992 HK,BB Ticker,Hong Kong,,,
Lifecycle_Balanced_Pool_Superannuation,Listed Equity,CHAILEASE HOLDING CO. LTD.,5871 TT,BB Ticker,Taiwan,,,
Lifecycle_Balanced_Pool_Superannuation,Listed Equity,LUCECO PLC,LUCE LN,BB Ticker,United Kingdom,,,
Lifecycle_Balanced_Pool_Superannuation,Listed Equity,"INTERDIGITAL, INC.",IDCC US,BB Ticker,United States,,,
Lifecycle_Balanced_Pool_Superannuation,Listed Equity,EQUINOR ASA,EQNR NO,BB Ticker,Belgium,,,
Lifecycle_Balanced_Pool_Superannuation,Listed Equity,NORWEGIAN CRUISE LINE HOLDINGS LTD.,NCLH US,BB Ticker,United States,,,
Lifecycle_Balanced_Pool_Superannuation,Listed Equity,TELEKOM MALAYSIA BHD.,T MK,BB Ticker,Malaysia,,,
Lifecycle_Balanced_Pool_Superannuation,Listed Equity,GENTING SINGAPORE LTD.,GENS SP,BB Ticker,Singapore,,,
Lifecycle_Balanced_Pool_Superannuation,Listed Equity,DOOSAN ENERBILITY CO. LTD.,034020 KS,BB Ticker,South Korea,,,
Lifecycle_Balanced_Pool_Superannuation,Listed Equity,SOUTHSTATE CORP.,SSB US,BB Ticker,United States,,,
Lifecycle_Balanced_Pool_Superannuation,Listed Equity,EBARA CORP.,6361 JP,BB Ticker,Japan,,,
Lifecycle_Balanced_Pool_Superannuation,Listed Equity,AP MOLLER - MAERSK AS,MAERSKB DC,BB Ticker,Denmark,,,
Lifecycle_Balanced_Pool_Superannuation,Listed Equity,TELE2 AB,TEL2B SS,BB Ticker,Sweden,,,
Lifecycle_Balanced_Pool_Superannuation,Listed Equity,NMDC LTD.,NMDC IN,BB Ticker,India,,,
Lifecycle_Balanced_Pool_Superannuation,Listed Equity,TIM SA,TIMS3 BZ,BB Ticker,Brazil,,,
Lifecycle_Balanced_Pool_Superannuation,Listed Equity,TOMY CO. LTD.,7867 JP,BB Ticker,Japan,,,
Lifecycle_Balanced_Pool_Superannuation,Listed Equity,CUSHMAN & WAKEFIELD PLC,CWK US,BB Ticker,United States,,,
Lifecycle_Balanced_Pool_Superannuation,Listed Equity,LASERTEC CORP.,6920 JP,BB Ticker,Japan,,,
Lifecycle_Balanced_Pool_Superannuation,Listed Equity,LOCALIZA RENT A CAR SA,RENT3 BZ,BB Ticker,Brazil,,,
Lifecycle_Balanced_Pool_Superannuation,Listed Equity,PETROLEO BRASILEIRO SA,PETR4 BZ,BB Ticker,Brazil,,,
Lifecycle_Balanced_Pool_Superannuation,Listed Equity,"GAP, INC.",GAP US,BB Ticker,United States,,,
Lifecycle_Balanced_Pool_Superannuation,Listed Equity,CABOT CORP.,CBT US,BB Ticker,United States,,,
Lifecycle_Balanced_Pool_Superannuation,Listed Equity,IPSEN SA,IPN FP,BB Ticker,France,,,
Lifecycle_Balanced_Pool_Superannuation,Listed Equity,EUROFINS SCIENTIFIC SE,ERF FP,BB Ticker,France,,,
Lifecycle_Balanced_Pool_Superannuation,Listed Equity,"BRIGHTHOUSE FINANCIAL, INC.",BHF US,BB Ticker,United States,,,
Lifecycle_Balanced_Pool_Superannuation,Listed Equity,HONGKONG LAND HOLDINGS LTD.,HKL SP,BB Ticker,Singapore,,,
Lifecycle_Balanced_Pool_Superannuation,Listed Equity,LATTICE SEMICONDUCTOR CORP.,LSCC US,BB Ticker,United States,,,
Lifecycle_Balanced_Pool_Superannuation,Listed Equity,"HEALTHEQUITY, INC.",HQY US,BB Ticker,United States,,,
Lifecycle_Balanced_Pool_Superannuation,Listed Equity,HUA NAN FINANCIAL HOLDINGS CO. LTD.,2880 TT,BB Ticker,Taiwan,,,
Lifecycle_Balanced_Pool_Superannuation,Listed Equity,IG GROUP HOLDINGS PLC,IGG LN,BB Ticker,United Kingdom,,,
Lifecycle_Balanced_Pool_Superannuation,Listed Equity,REPLIGEN CORP.,RGEN US,BB Ticker,United States,,,
Lifecycle_Balanced_Pool_Superannuation,Listed Equity,SJW GROUP,SJW US,BB Ticker,United States,,,
Lifecycle_Balanced_Pool_Superannuation,Listed Equity,SPAREBANK 1 SMN,MING NO,BB Ticker,Belgium,,,
Lifecycle_Balanced_Pool_Superannuation,Listed Equity,"MANPOWERGROUP, INC.",MAN US,BB Ticker,United States,,,
Lifecycle_Balanced_Pool_Superannuation,Listed Equity,"BDO UNIBANK, INC.",BDO PM,BB Ticker,Philippines,,,
Lifecycle_Balanced_Pool_Superannuation,Listed Equity,GRUPO AEROPORTUARIO DEL SURESTE SAB DE CV,ASURB MM,BB Ticker,Mexico,,,
Lifecycle_Balanced_Pool_Superannuation,Listed Equity,NESTE OYJ,NESTE FH,BB Ticker,Finland,,,
Lifecycle_Balanced_Pool_Superannuation,Listed Equity,HEXPOL AB,HPOLB SS,BB Ticker,Sweden,,,
Lifecycle_Balanced_Pool_Superannuation,Listed Equity,ELM CO.,ELM AB,BB Ticker,Saudi Arabia,,,
Lifecycle_Balanced_Pool_Superannuation,Listed Equity,EISAI CO. LTD.,4523 JP,BB Ticker,Japan,,,
Lifecycle_Balanced_Pool_Superannuation,Listed Equity,BANK OZK,OZK US,BB Ticker,United States,,,
Lifecycle_Balanced_Pool_Superannuation,Listed Equity,"TREX CO., INC.",TREX US,BB Ticker,United States,,,
Lifecycle_Balanced_Pool_Superannuation,Listed Equity,"NIO, INC.",9866 HK,BB Ticker,Hong Kong,,,
Lifecycle_Balanced_Pool_Superannuation,Listed Equity,CRANSWICK PLC,CWK LN,BB Ticker,United Kingdom,,,
Lifecycle_Balanced_Pool_Superannuation,Listed Equity,SK TELECOM CO. LTD.,017670 KS,BB Ticker,South Korea,,,
Lifecycle_Balanced_Pool_Superannuation,Listed Equity,URANIUM ENERGY CORP.,UEC US,BB Ticker,United States,,,
Lifecycle_Balanced_Pool_Superannuation,Listed Equity,"SKY PERFECT JSAT HOLDINGS, INC.",9412 JP,BB Ticker,Japan,,,
Lifecycle_Balanced_Pool_Superannuation,Listed Equity,POSTAL SAVINGS BANK OF CHINA CO. LTD.,1658 HK,BB Ticker,Hong Kong,,,
Lifecycle_Balanced_Pool_Superannuation,Listed Equity,TOROMONT INDUSTRIES LTD.,TIH CN,BB Ticker,Canada,,,
Lifecycle_Balanced_Pool_Superannuation,Listed Equity,JOHNSON ELECTRIC HOLDINGS LTD.,179 HK,BB Ticker,Hong Kong,,,
Lifecycle_Balanced_Pool_Superannuation,Listed Equity,SWIRE PACIFIC LTD.,87 HK,BB Ticker,Hong Kong,,,
Lifecycle_Balanced_Pool_Superannuation,Listed Equity,PUMA SE,PUM GR,BB Ticker,Germany,,,
Lifecycle_Balanced_Pool_Superannuation,Listed Equity,ABN AMRO BANK NV,ABN NA,BB Ticker,Netherlands,,,
Lifecycle_Balanced_Pool_Superannuation,Listed Equity,"PBF ENERGY, INC.",PBF US,BB Ticker,United States,,,
Lifecycle_Balanced_Pool_Superannuation,Listed Equity,"ENSIGN GROUP, INC.",ENSG US,BB Ticker,United States,,,
Lifecycle_Balanced_Pool_Superannuation,Listed Equity,RICOH CO. LTD.,7752 JP,BB Ticker,Japan,,,
Lifecycle_Balanced_Pool_Superannuation,Listed Equity,"DOLBY LABORATORIES, INC.",DLB US,BB Ticker,United States,,,
Lifecycle_Balanced_Pool_Superannuation,Listed Equity,SINO BIOPHARMACEUTICAL LTD.,1177 HK,BB Ticker,Hong Kong,,,
Lifecycle_Balanced_Pool_Superannuation,Listed Equity,DEVON ENERGY CORP.,DVN US,BB Ticker,United States,,,
Lifecycle_Balanced_Pool_Superannuation,Listed Equity,QINGHAI SALT LAKE INDUSTRY CO. LTD.,000792 C2,BB Ticker,China,,,
Lifecycle_Balanced_Pool_Superannuation,Listed Equity,QINETIQ GROUP PLC,QQ LN,BB Ticker,United Kingdom,,,
Lifecycle_Balanced_Pool_Superannuation,Listed Equity,BANK OF COMMUNICATIONS CO. LTD.,601328 C1,BB Ticker,China,,,
Lifecycle_Balanced_Pool_Superannuation,Listed Equity,TOKYU FUDOSAN HOLDINGS CORP.,3289 JP,BB Ticker,Japan,,,
Lifecycle_Balanced_Pool_Superannuation,Listed Equity,ASR NEDERLAND NV,ASRNL NA,BB Ticker,Netherlands,,,
Lifecycle_Balanced_Pool_Superannuation,Listed Equity,OIL & NATURAL GAS CORP. LTD.,ONGC IN,BB Ticker,India,,,
Lifecycle_Balanced_Pool_Superannuation,Listed Equity,PHOENIX MILLS LTD.,PHNX IN,BB Ticker,India,,,
Lifecycle_Balanced_Pool_Superannuation,Listed Equity,HEXCEL CORP.,HXL US,BB Ticker,United States,,,
Lifecycle_Balanced_Pool_Superannuation,Listed Equity,"ENDO, INC.",NDOI US,BB Ticker,United States,,,
Lifecycle_Balanced_Pool_Superannuation,Listed Equity,KOITO MANUFACTURING CO. LTD.,7276 JP,BB Ticker,Japan,,,
Lifecycle_Balanced_Pool_Superannuation,Listed Equity,WILLSCOT HOLDINGS CORP.,WSC US,BB Ticker,United States,,,
Lifecycle_Balanced_Pool_Superannuation,Listed Equity,"LIFE TIME GROUP HOLDINGS, INC.",LTH US,BB Ticker,United States,,,
Lifecycle_Balanced_Pool_Superannuation,Listed Equity,NEWMARKET CORP.,NEU US,BB Ticker,United States,,,
Lifecycle_Balanced_Pool_Superannuation,Listed Equity,LPP SA,LPP PW,BB Ticker,Poland,,,
Lifecycle_Balanced_Pool_Superannuation,Listed Equity,SAUDI INDUSTRIAL INVESTMENT GROUP,SIIG AB,BB Ticker,Saudi Arabia,,,
Lifecycle_Balanced_Pool_Superannuation,Listed Equity,MACROTECH DEVELOPERS LTD.,LODHA IN,BB Ticker,India,,,
Lifecycle_Balanced_Pool_Superannuation,Listed Equity,SOUTHERN CO.,SO US,BB Ticker,United States,,,
Lifecycle_Balanced_Pool_Superannuation,Listed Equity,CPFL ENERGIA SA,CPFE3 BZ,BB Ticker,Brazil,,,
Lifecycle_Balanced_Pool_Superannuation,Listed Equity,SUMITOMO METAL MINING CO. LTD.,5713 JP,BB Ticker,Japan,,,
Lifecycle_Balanced_Pool_Superannuation,Listed Equity,"WINGSTOP, INC.",WING US,BB Ticker,United States,,,
Lifecycle_Balanced_Pool_Superannuation,Listed Equity,SEKISUI CHEMICAL CO. LTD.,4204 JP,BB Ticker,Japan,,,
Lifecycle_Balanced_Pool_Superannuation,Listed Equity,UOL GROUP LTD.,UOL SP,BB Ticker,Singapore,,,
Lifecycle_Balanced_Pool_Superannuation,Listed Equity,"VALVOLINE, INC.",VVV US,BB Ticker,United States,,,
Lifecycle_Balanced_Pool_Superannuation,Listed Equity,HECLA MINING CO.,HL US,BB Ticker,United States,,,
Lifecycle_Balanced_Pool_Superannuation,Listed Equity,SAMSUNG SECURITIES CO. LTD.,016360 KS,BB Ticker,South Korea,,,
Lifecycle_Balanced_Pool_Superannuation,Listed Equity,"ASGN, INC.",ASGN US,BB Ticker,United States,,,
Lifecycle_Balanced_Pool_Superannuation,Listed Equity,SENKO GROUP HOLDINGS CO. LTD.,9069 JP,BB Ticker,Japan,,,
Lifecycle_Balanced_Pool_Superannuation,Listed Equity,TELIA CO. AB,TELIA SS,BB Ticker,Sweden,,,
Lifecycle_Balanced_Pool_Superannuation,Listed Equity,SOLARIA ENERGIA Y MEDIO AMBIENTE SA,SLR SM,BB Ticker,Spain,,,
Lifecycle_Balanced_Pool_Superannuation,Listed Equity,CUMMINS INDIA LTD.,KKC IN,BB Ticker,India,,,
Lifecycle_Balanced_Pool_Superannuation,Listed Equity,"MKS INSTRUMENTS, INC.",MKSI US,BB Ticker,United States,,,
Lifecycle_Balanced_Pool_Superannuation,Listed Equity,CHAMPION IRON LTD.,CIA CN,BB Ticker,Canada,,,
Lifecycle_Balanced_Pool_Superannuation,Listed Equity,SAMSUNG LIFE INSURANCE CO. LTD.,032830 KS,BB Ticker,South Korea,,,
Lifecycle_Balanced_Pool_Superannuation,Listed Equity,GRAPHIC PACKAGING HOLDING CO.,GPK US,BB Ticker,United States,,,
Lifecycle_Balanced_Pool_Superannuation,Listed Equity,EPIROC AB,EPIA SS,BB Ticker,Sweden,,,
Lifecycle_Balanced_Pool_Superannuation,Listed Equity,CATRION CATERING HOLDING CO.,CATERING AB,BB Ticker,Saudi Arabia,,,
Lifecycle_Balanced_Pool_Superannuation,Listed Equity,QORIA LTD.,QOR AU,BB Ticker,Australia,,,
Lifecycle_Balanced_Pool_Superannuation,Listed Equity,"HLB, INC.",028300 KS,BB Ticker,South Korea,,,
Lifecycle_Balanced_Pool_Superannuation,Listed Equity,SCOTTS MIRACLE-GRO CO.,SMG US,BB Ticker,United States,,,
Lifecycle_Balanced_Pool_Superannuation,Listed Equity,"GLOBUS MEDICAL, INC.",GMED US,BB Ticker,United States,,,
Lifecycle_Balanced_Pool_Superannuation,Listed Equity,CT HOLDINGS PLC,CTHR SL,BB Ticker,Sri Lanka,,,
Lifecycle_Balanced_Pool_Superannuation,Listed Equity,GRAFTON GROUP PLC,GFTU LN,BB Ticker,United Kingdom,,,
Lifecycle_Balanced_Pool_Superannuation,Listed Equity,CSPC PHARMACEUTICAL GROUP LTD.,1093 HK,BB Ticker,Hong Kong,,,
Lifecycle_Balanced_Pool_Superannuation,Listed Equity,CONTAINER CORP. OF INDIA LTD.,CCRI IN,BB Ticker,India,,,
Lifecycle_Balanced_Pool_Superannuation,Listed Equity,"FUKUOKA FINANCIAL GROUP, INC.",8354 JP,BB Ticker,Japan,,,
Lifecycle_Balanced_Pool_Superannuation,Listed Equity,MIDEA GROUP CO. LTD.,000333 C2,BB Ticker,China,,,
Lifecycle_Balanced_Pool_Superannuation,Listed Equity,"QORVO, INC.",QRVO US,BB Ticker,United States,,,
Lifecycle_Balanced_Pool_Superannuation,Listed Equity,COFACE SA,COFA FP,BB Ticker,France,,,
Lifecycle_Balanced_Pool_Superannuation,Listed Equity,YOKOGAWA ELECTRIC CORP.,6841 JP,BB Ticker,Japan,,,
Lifecycle_Balanced_Pool_Superannuation,Listed Equity,AGEAS SA,AGS BB,BB Ticker,Belgium,,,
Lifecycle_Balanced_Pool_Superannuation,Listed Equity,"CYBERAGENT, INC.",4751 JP,BB Ticker,Japan,,,
Lifecycle_Balanced_Pool_Superannuation,Listed Equity,NAVIGATOR GLOBAL INVESTMENTS LTD.,NGI AU,BB Ticker,Australia,,,
Lifecycle_Balanced_Pool_Superannuation,Listed Equity,PB FINTECH LTD.,POLICYBZ IN,BB Ticker,India,,,
Lifecycle_Balanced_Pool_Superannuation,Listed Equity,ALPHA SERVICES & HOLDINGS SA,ALPHA GA,BB Ticker,Greece,,,
Lifecycle_Balanced_Pool_Superannuation,Listed Equity,"LANTHEUS HOLDINGS, INC.",LNTH US,BB Ticker,United States,,,
Lifecycle_Balanced_Pool_Superannuation,Listed Equity,BRINK'S CO.,BCO US,BB Ticker,United States,,,
Lifecycle_Balanced_Pool_Superannuation,Listed Equity,STELLANTIS NV,STLAP FP,BB Ticker,France,,,
Lifecycle_Balanced_Pool_Superannuation,Listed Equity,"ELANCO ANIMAL HEALTH, INC.",ELAN US,BB Ticker,United States,,,
Lifecycle_Balanced_Pool_Superannuation,Listed Equity,AUROBINDO PHARMA LTD.,ARBP IN,BB Ticker,India,,,
Lifecycle_Balanced_Pool_Superannuation,Listed Equity,"PLANET FITNESS, INC.",PLNT US,BB Ticker,United States,,,
Lifecycle_Balanced_Pool_Superannuation,Listed Equity,"UIPATH, INC.",PATH US,BB Ticker,United States,,,
Lifecycle_Balanced_Pool_Superannuation,Listed Equity,FIRST AMERICAN FINANCIAL CORP.,FAF US,BB Ticker,United States,,,
Lifecycle_Balanced_Pool_Superannuation,Listed Equity,RAIA DROGASIL SA,RADL3 BZ,BB Ticker,Brazil,,,
Lifecycle_Balanced_Pool_Superannuation,Listed Equity,BRAVURA SOLUTIONS LTD.,BVS AU,BB Ticker,Australia,,,
Lifecycle_Balanced_Pool_Superannuation,Listed Equity,AGILITY PUBLIC WAREHOUSING CO. KSC,AGLTY KK,BB Ticker,Kuwait,,,
Lifecycle_Balanced_Pool_Superannuation,Listed Equity,"INNOVENT BIOLOGICS, INC.",1801 HK,BB Ticker,Hong Kong,,,
Lifecycle_Balanced_Pool_Superannuation,Listed Equity,NIPPON SHOKUBAI CO. LTD.,4114 JP,BB Ticker,Japan,,,
Lifecycle_Balanced_Pool_Superannuation,Listed Equity,PTT PCL,PTTR TB,BB Ticker,Thailand,,,
Lifecycle_Balanced_Pool_Superannuation,Listed Equity,SAMSUNG ELECTRONICS CO. LTD.,SMSN LI,BB Ticker,United Kingdom,,,
Lifecycle_Balanced_Pool_Superannuation,Listed Equity,CHEMED CORP.,CHE US,BB Ticker,United States,,,
Lifecycle_Balanced_Pool_Superannuation,Listed Equity,CES ENERGY SOLUTIONS CORP.,CEU CN,BB Ticker,Canada,,,
Lifecycle_Balanced_Pool_Superannuation,Listed Equity,REDOX LTD.,RDX AU,BB Ticker,Australia,,,
Lifecycle_Balanced_Pool_Superannuation,Listed Equity,BARRY CALLEBAUT AG,BARN SW,BB Ticker,Switzerland,,,
Lifecycle_Balanced_Pool_Superannuation,Listed Equity,"ADMA BIOLOGICS, INC.",ADMA US,BB Ticker,United States,,,
Lifecycle_Balanced_Pool_Superannuation,Listed Equity,AMADA CO. LTD.,6113 JP,BB Ticker,Japan,,,
Lifecycle_Balanced_Pool_Superannuation,Listed Equity,"SAPUTO, INC.",SAP CN,BB Ticker,Canada,,,
Lifecycle_Balanced_Pool_Superannuation,Listed Equity,ALKERMES PLC,ALKS US,BB Ticker,United States,,,
Lifecycle_Balanced_Pool_Superannuation,Listed Equity,HIKMA PHARMACEUTICALS PLC,HIK LN,BB Ticker,United Kingdom,,,
Lifecycle_Balanced_Pool_Superannuation,Listed Equity,"LITTELFUSE, INC.",LFUS US,BB Ticker,United States,,,
Lifecycle_Balanced_Pool_Superannuation,Listed Equity,"IYOGIN HOLDINGS, INC.",5830 JP,BB Ticker,Japan,,,
Lifecycle_Balanced_Pool_Superannuation,Listed Equity,PERSISTENT SYSTEMS LTD.,PSYS IN,BB Ticker,India,,,
Lifecycle_Balanced_Pool_Superannuation,Listed Equity,WATCHES OF SWITZERLAND GROUP PLC,WOSG LN,BB Ticker,United Kingdom,,,
Lifecycle_Balanced_Pool_Superannuation,Listed Equity,SALMAR ASA,SALM NO,BB Ticker,Belgium,,,
Lifecycle_Balanced_Pool_Superannuation,Listed Equity,INDIAN OIL CORP. LTD.,IOCL IN,BB Ticker,India,,,
Lifecycle_Balanced_Pool_Superannuation,Listed Equity,"RAMBUS, INC.",RMBS US,BB Ticker,United States,,,
Lifecycle_Balanced_Pool_Superannuation,Listed Equity,"ARGAN, INC.",AGX US,BB Ticker,United States,,,
Lifecycle_Balanced_Pool_Superannuation,Listed Equity,KESKO OYJ,KESKOB FH,BB Ticker,Finland,,,
Lifecycle_Balanced_Pool_Superannuation,Listed Equity,"PRIMERICA, INC.",PRI US,BB Ticker,United States,,,
Lifecycle_Balanced_Pool_Superannuation,Listed Equity,TAL EDUCATION GROUP,TAL US,BB Ticker,United States,,,
Lifecycle_Balanced_Pool_Superannuation,Listed Equity,ARCADIUM LITHIUM PLC,ALTM US,BB Ticker,United States,,,
Lifecycle_Balanced_Pool_Superannuation,Listed Equity,"Q2 HOLDINGS, INC.",QTWO US,BB Ticker,United States,,,
Lifecycle_Balanced_Pool_Superannuation,Listed Equity,TRYG AS,TRYG DC,BB Ticker,Denmark,,,
Lifecycle_Balanced_Pool_Superannuation,Listed Equity,VALLEY NATIONAL BANCORP,VLY US,BB Ticker,United States,,,
Lifecycle_Balanced_Pool_Superannuation,Listed Equity,ABB INDIA LTD.,ABB IN,BB Ticker,India,,,
Lifecycle_Balanced_Pool_Superannuation,Listed Equity,MARRIOTT VACATIONS WORLDWIDE CORP.,VAC US,BB Ticker,United States,,,
Lifecycle_Balanced_Pool_Superannuation,Listed Equity,INTERNATIONAL GAMES SYSTEM CO. LTD.,3293 TT,BB Ticker,Taiwan,,,
Lifecycle_Balanced_Pool_Superannuation,Listed Equity,LTIMINDTREE LTD.,LTIM IN,BB Ticker,India,,,
Lifecycle_Balanced_Pool_Superannuation,Listed Equity,ARABI GROUP HOLDING KSC,AGHC KK,BB Ticker,Kuwait,,,
Lifecycle_Balanced_Pool_Superannuation,Listed Equity,WUXI APPTEC CO. LTD.,2359 HK,BB Ticker,Hong Kong,,,
Lifecycle_Balanced_Pool_Superannuation,Listed Equity,"ACER, INC.",2353 TT,BB Ticker,Taiwan,,,
Lifecycle_Balanced_Pool_Superannuation,Listed Equity,REMY COINTREAU SA,RCO FP,BB Ticker,France,,,
Lifecycle_Balanced_Pool_Superannuation,Listed Equity,BANK OF CHENGDU CO. LTD.,601838 C1,BB Ticker,China,,,
Lifecycle_Balanced_Pool_Superannuation,Listed Equity,"BILIBILI, INC.",9626 HK,BB Ticker,Hong Kong,,,
Lifecycle_Balanced_Pool_Superannuation,Listed Equity,INDUSTRIAL & COMMERCIAL BANK OF CHINA LTD.,601398 C1,BB Ticker,China,,,
Lifecycle_Balanced_Pool_Superannuation,Listed Equity,"PREMIER, INC.",PINC US,BB Ticker,United States,,,
Lifecycle_Balanced_Pool_Superannuation,Listed Equity,PREMIER FOODS PLC,PFD LN,BB Ticker,United Kingdom,,,
Lifecycle_Balanced_Pool_Superannuation,Listed Equity,KEMIRA OYJ,KEMIRA FH,BB Ticker,Finland,,,
Lifecycle_Balanced_Pool_Superannuation,Listed Equity,"BREAD FINANCIAL HOLDINGS, INC.",BFH US,BB Ticker,United States,,,
Lifecycle_Balanced_Pool_Superannuation,Listed Equity,MASIMO CORP.,MASI US,BB Ticker,United States,,,
Lifecycle_Balanced_Pool_Superannuation,Listed Equity,BANCO BILBAO VIZCAYA ARGENTARIA SA,BBVA US,BB Ticker,United States,,,
Lifecycle_Balanced_Pool_Superannuation,Listed Equity,"CHURCHILL DOWNS, INC.",CHDN US,BB Ticker,United States,,,
Lifecycle_Balanced_Pool_Superannuation,Listed Equity,BANK NEGARA INDONESIA PERSERO TBK. PT,BBNI IJ,BB Ticker,Indonesia,,,
Lifecycle_Balanced_Pool_Superannuation,Listed Equity,GRIFOLS SA,GRF SM,BB Ticker,Spain,,,
Lifecycle_Balanced_Pool_Superannuation,Listed Equity,COSMOS PHARMACEUTICAL CORP.,3349 JP,BB Ticker,Japan,,,
Lifecycle_Balanced_Pool_Superannuation,Listed Equity,YORK WATER CO.,YORW US,BB Ticker,United States,,,
Lifecycle_Balanced_Pool_Superannuation,Listed Equity,ORION OYJ,ORNBV FH,BB Ticker,Finland,,,
Lifecycle_Balanced_Pool_Superannuation,Listed Equity,BIDVEST GROUP LTD.,BVT SJ,BB Ticker,South Africa,,,
Lifecycle_Balanced_Pool_Superannuation,Listed Equity,"CYBERPOWER SYSTEMS, INC.",3617 TT,BB Ticker,Taiwan,,,
Lifecycle_Balanced_Pool_Superannuation,Listed Equity,"PENUMBRA, INC.",PEN US,BB Ticker,United States,,,
Lifecycle_Balanced_Pool_Superannuation,Listed Equity,"RESIDEO TECHNOLOGIES, INC.",REZI US,BB Ticker,United States,,,
Lifecycle_Balanced_Pool_Superannuation,Listed Equity,BUPA ARABIA FOR COOPERATIVE INSURANCE CO.,BUPA AB,BB Ticker,Saudi Arabia,,,
Lifecycle_Balanced_Pool_Superannuation,Listed Equity,ALLEGRO.EU SA,ALE PW,BB Ticker,Poland,,,
Lifecycle_Balanced_Pool_Superannuation,Listed Equity,UNIVERSAL DISPLAY CORP.,OLED US,BB Ticker,United States,,,
Lifecycle_Balanced_Pool_Superannuation,Listed Equity,"STELLA-JONES, INC.",SJ CN,BB Ticker,Canada,,,
Lifecycle_Balanced_Pool_Superannuation,Listed Equity,PHOENIX FINANCIAL LTD.,PHOE IT,BB Ticker,Israel,,,
Lifecycle_Balanced_Pool_Superannuation,Listed Equity,BOYD GAMING CORP.,BYD US,BB Ticker,United States,,,
Lifecycle_Balanced_Pool_Superannuation,Listed Equity,"AMERICAN FINANCIAL GROUP, INC.",AFG US,BB Ticker,United States,,,
Lifecycle_Balanced_Pool_Superannuation,Listed Equity,"ETSY, INC.",ETSY US,BB Ticker,United States,,,
Lifecycle_Balanced_Pool_Superannuation,Listed Equity,TINGYI CAYMAN ISLANDS HOLDING CORP.,322 HK,BB Ticker,Hong Kong,,,
Lifecycle_Balanced_Pool_Superannuation,Listed Equity,SHIMADZU CORP.,7701 JP,BB Ticker,Japan,,,
Lifecycle_Balanced_Pool_Superannuation,Listed Equity,DINO POLSKA SA,DNP PW,BB Ticker,Poland,,,
Lifecycle_Balanced_Pool_Superannuation,Listed Equity,"GLOBE TELECOM, INC.",GLO PM,BB Ticker,Philippines,,,
Lifecycle_Balanced_Pool_Superannuation,Listed Equity,SAUDI INVESTMENT BANK,SIBC AB,BB Ticker,Saudi Arabia,,,
Lifecycle_Balanced_Pool_Superannuation,Listed Equity,SUNTORY BEVERAGE & FOOD LTD.,2587 JP,BB Ticker,Japan,,,
Lifecycle_Balanced_Pool_Superannuation,Listed Equity,"AUTONATION, INC.",AN US,BB Ticker,United States,,,
Lifecycle_Balanced_Pool_Superannuation,Listed Equity,MIDDLEBY CORP.,MIDD US,BB Ticker,United States,,,
Lifecycle_Balanced_Pool_Superannuation,Listed Equity,"BLUE OWL CAPITAL, INC.",OWL US,BB Ticker,United States,,,
Lifecycle_Balanced_Pool_Superannuation,Listed Equity,BRUKER CORP.,BRKR US,BB Ticker,United States,,,
Lifecycle_Balanced_Pool_Superannuation,Listed Equity,CHINA RESOURCES BEER HOLDINGS CO. LTD.,291 HK,BB Ticker,Hong Kong,,,
Lifecycle_Balanced_Pool_Superannuation,Listed Equity,SARTORIUS AG,SRT3 GR,BB Ticker,Germany,,,
Lifecycle_Balanced_Pool_Superannuation,Listed Equity,APL APOLLO TUBES LTD.,APAT IN,BB Ticker,India,,,
Lifecycle_Balanced_Pool_Superannuation,Listed Equity,OSHKOSH CORP.,OSK US,BB Ticker,United States,,,
Lifecycle_Balanced_Pool_Superannuation,Listed Equity,BLUEPRINT MEDICINES CORP.,BPMC US,BB Ticker,United States,,,
Lifecycle_Balanced_Pool_Superannuation,Listed Equity,HARGREAVES LANSDOWN PLC,HL LN,BB Ticker,United Kingdom,,,
Lifecycle_Balanced_Pool_Superannuation,Listed Equity,"SMARTSHEET, INC.",SMAR US,BB Ticker,United States,,,
Lifecycle_Balanced_Pool_Superannuation,Listed Equity,SWEDISH ORPHAN BIOVITRUM AB,SOBI SS,BB Ticker,Sweden,,,
Lifecycle_Balanced_Pool_Superannuation,Listed Equity,ZHEJIANG CENTURY HUATONG GROUP CO. LTD.,002602 C2,BB Ticker,China,,,
Lifecycle_Balanced_Pool_Superannuation,Listed Equity,"FTI CONSULTING, INC.",FCN US,BB Ticker,United States,,,
Lifecycle_Balanced_Pool_Superannuation,Listed Equity,BRENNTAG SE,BNR GR,BB Ticker,Germany,,,
Lifecycle_Balanced_Pool_Superannuation,Listed Equity,"ASBURY AUTOMOTIVE GROUP, INC.",ABG US,BB Ticker,United States,,,
Lifecycle_Balanced_Pool_Superannuation,Listed Equity,INVESTOR AB,INVEA SS,BB Ticker,Sweden,,,
Lifecycle_Balanced_Pool_Superannuation,Listed Equity,SKF AB,SKFB SS,BB Ticker,Sweden,,,
Lifecycle_Balanced_Pool_Superannuation,Listed Equity,FUYO GENERAL LEASE CO. LTD.,8424 JP,BB Ticker,Japan,,,
Lifecycle_Balanced_Pool_Superannuation,Listed Equity,JIANGXI COPPER CO. LTD.,358 HK,BB Ticker,Hong Kong,,,
Lifecycle_Balanced_Pool_Superannuation,Listed Equity,TEMENOS AG,TEMN SW,BB Ticker,Switzerland,,,
Lifecycle_Balanced_Pool_Superannuation,Listed Equity,MYSTATE LTD.,MYS AU,BB Ticker,Australia,,,
Lifecycle_Balanced_Pool_Superannuation,Listed Equity,"SHIZUOKA FINANCIAL GROUP, INC.",5831 JP,BB Ticker,Japan,,,
Lifecycle_Balanced_Pool_Superannuation,Listed Equity,"ALGOMA STEEL GROUP, INC.",ASTL US,BB Ticker,United States,,,
Lifecycle_Balanced_Pool_Superannuation,Listed Equity,TOKYO OHKA KOGYO CO. LTD.,4186 JP,BB Ticker,Japan,,,
Lifecycle_Balanced_Pool_Superannuation,Listed Equity,TUBE INVESTMENTS OF INDIA LTD.,TIINDIA IN,BB Ticker,India,,,
Lifecycle_Balanced_Pool_Superannuation,Listed Equity,NIBE INDUSTRIER AB,NIBEB SS,BB Ticker,Sweden,,,
Lifecycle_Balanced_Pool_Superannuation,Listed Equity,SBM OFFSHORE NV,SBMO NA,BB Ticker,Netherlands,,,
Lifecycle_Balanced_Pool_Superannuation,Listed Equity,WOOLWORTHS HOLDINGS LTD.,WHL SJ,BB Ticker,South Africa,,,
Lifecycle_Balanced_Pool_Superannuation,Listed Equity,ALMARAI CO. JSC,ALMARAI AB,BB Ticker,Saudi Arabia,,,
Lifecycle_Balanced_Pool_Superannuation,Listed Equity,SHENZHOU INTERNATIONAL GROUP HOLDINGS LTD.,2313 HK,BB Ticker,Hong Kong,,,
Lifecycle_Balanced_Pool_Superannuation,Listed Equity,"SKYWEST, INC.",SKYW US,BB Ticker,United States,,,
Lifecycle_Balanced_Pool_Superannuation,Listed Equity,PERSIMMON PLC,PSN LN,BB Ticker,United Kingdom,,,
Lifecycle_Balanced_Pool_Superannuation,Listed Equity,EVA AIRWAYS CORP.,2618 TT,BB Ticker,Taiwan,,,
Lifecycle_Balanced_Pool_Superannuation,Listed Equity,OMRON CORP.,6645 JP,BB Ticker,Japan,,,
Lifecycle_Balanced_Pool_Superannuation,Listed Equity,BFF BANK SPA,BFF IM,BB Ticker,Italy,,,
Lifecycle_Balanced_Pool_Superannuation,Listed Equity,"STANTEC, INC.",STN CN,BB Ticker,Canada,,,
Lifecycle_Balanced_Pool_Superannuation,Listed Equity,NISSIN FOODS HOLDINGS CO. LTD.,2897 JP,BB Ticker,Japan,,,
Lifecycle_Balanced_Pool_Superannuation,Listed Equity,HD HYUNDAI ELECTRIC CO. LTD.,267260 KS,BB Ticker,South Korea,,,
Lifecycle_Balanced_Pool_Superannuation,Listed Equity,GENTEX CORP.,GNTX US,BB Ticker,United States,,,
Lifecycle_Balanced_Pool_Superannuation,Listed Equity,CAPITALAND INVESTMENT LTD.,CLI SP,BB Ticker,Singapore,,,
Lifecycle_Balanced_Pool_Superannuation,Listed Equity,EFG INTERNATIONAL AG,EFGN SW,BB Ticker,Switzerland,,,
Lifecycle_Balanced_Pool_Superannuation,Listed Equity,BURBERRY GROUP PLC,BRBY LN,BB Ticker,United Kingdom,,,
Lifecycle_Balanced_Pool_Superannuation,Listed Equity,"SPECTRUM BRANDS HOLDINGS, INC.",SPB US,BB Ticker,United States,,,
Lifecycle_Balanced_Pool_Superannuation,Listed Equity,GENPACT LTD.,G US,BB Ticker,United States,,,
Lifecycle_Balanced_Pool_Superannuation,Listed Equity,CONCORDIA FINANCIAL GROUP LTD.,7186 JP,BB Ticker,Japan,,,
Lifecycle_Balanced_Pool_Superannuation,Listed Equity,CHINA TAIPING INSURANCE HOLDINGS CO. LTD.,966 HK,BB Ticker,Hong Kong,,,
Lifecycle_Balanced_Pool_Superannuation,Listed Equity,KASIKORNBANK PCL,KBANKF TB,BB Ticker,Thailand,,,
Lifecycle_Balanced_Pool_Superannuation,Listed Equity,VALLOUREC SACA,VK FP,BB Ticker,France,,,
Lifecycle_Balanced_Pool_Superannuation,Listed Equity,TORO CO.,TTC US,BB Ticker,United States,,,
Lifecycle_Balanced_Pool_Superannuation,Listed Equity,"AEROVIRONMENT, INC.",AVAV US,BB Ticker,United States,,,
Lifecycle_Balanced_Pool_Superannuation,Listed Equity,GROUPE BRUXELLES LAMBERT NV,GBLB BB,BB Ticker,Belgium,,,
Lifecycle_Balanced_Pool_Superannuation,Listed Equity,SCREEN HOLDINGS CO. LTD.,7735 JP,BB Ticker,Japan,,,
Lifecycle_Balanced_Pool_Superannuation,Listed Equity,"LINCOLN ELECTRIC HOLDINGS, INC.",LECO US,BB Ticker,United States,,,
Lifecycle_Balanced_Pool_Superannuation,Listed Equity,"BERRY GLOBAL GROUP, INC.",BERY US,BB Ticker,United States,,,
Lifecycle_Balanced_Pool_Superannuation,Listed Equity,SIG GROUP AG,SIGN SW,BB Ticker,Switzerland,,,
Lifecycle_Balanced_Pool_Superannuation,Listed Equity,"ITT, INC.",ITT US,BB Ticker,United States,,,
Lifecycle_Balanced_Pool_Superannuation,Listed Equity,RIGHTMOVE PLC,RMV LN,BB Ticker,United Kingdom,,,
Lifecycle_Balanced_Pool_Superannuation,Listed Equity,"SIMPSON MANUFACTURING CO., INC.",SSD US,BB Ticker,United States,,,
Lifecycle_Balanced_Pool_Superannuation,Listed Equity,PEAB AB,PEABB SS,BB Ticker,Sweden,,,
Lifecycle_Balanced_Pool_Superannuation,Listed Equity,"ALIGHT, INC.",ALIT US,BB Ticker,United States,,,
Lifecycle_Balanced_Pool_Superannuation,Listed Equity,GLAUKOS CORP.,GKOS US,BB Ticker,United States,,,
Lifecycle_Balanced_Pool_Superannuation,Listed Equity,TRAVEL & LEISURE CO.,TNL US,BB Ticker,United States,,,
Lifecycle_Balanced_Pool_Superannuation,Listed Equity,GLOBAL-E ONLINE LTD.,GLBE US,BB Ticker,United States,,,
Lifecycle_Balanced_Pool_Superannuation,Listed Equity,PRECISION DRILLING CORP.,PD CN,BB Ticker,Canada,,,
Lifecycle_Balanced_Pool_Superannuation,Listed Equity,SINO LAND CO. LTD.,83 HK,BB Ticker,Hong Kong,,,
Lifecycle_Balanced_Pool_Superannuation,Listed Equity,PRESIDENT CHAIN STORE CORP.,2912 TT,BB Ticker,Taiwan,,,
Lifecycle_Balanced_Pool_Superannuation,Listed Equity,JOHNSON MATTHEY PLC,JMAT LN,BB Ticker,United Kingdom,,,
Lifecycle_Balanced_Pool_Superannuation,Listed Equity,"LYFT, INC.",LYFT US,BB Ticker,United States,,,
Lifecycle_Balanced_Pool_Superannuation,Listed Equity,VERRA MOBILITY CORP.,VRRM US,BB Ticker,United States,,,
Lifecycle_Balanced_Pool_Superannuation,Listed Equity,ENI SPA,ENI IM,BB Ticker,Italy,,,
Lifecycle_Balanced_Pool_Superannuation,Listed Equity,AMLOGIC SHANGHAI CO. LTD.,688099 C1,BB Ticker,China,,,
Lifecycle_Balanced_Pool_Superannuation,Listed Equity,"BORGWARNER, INC.",BWA US,BB Ticker,United States,,,
Lifecycle_Balanced_Pool_Superannuation,Listed Equity,ADDTECH AB,ADDTB SS,BB Ticker,Sweden,,,
Lifecycle_Balanced_Pool_Superannuation,Listed Equity,WHIRLPOOL CORP.,WHR US,BB Ticker,United States,,,
Lifecycle_Balanced_Pool_Superannuation,Listed Equity,AKER ASA,AKER NO,BB Ticker,Belgium,,,
Lifecycle_Balanced_Pool_Superannuation,Listed Equity,"WYNDHAM HOTELS & RESORTS, INC.",WH US,BB Ticker,United States,,,
Lifecycle_Balanced_Pool_Superannuation,Listed Equity,"SITEONE LANDSCAPE SUPPLY, INC.",SITE US,BB Ticker,United States,,,
Lifecycle_Balanced_Pool_Superannuation,Listed Equity,SUMITOMO OSAKA CEMENT CO. LTD.,5232 JP,BB Ticker,Japan,,,
Lifecycle_Balanced_Pool_Superannuation,Listed Equity,COPA HOLDINGS SA,CPA US,BB Ticker,United States,,,
Lifecycle_Balanced_Pool_Superannuation,Listed Equity,SES SA,SESG FP,BB Ticker,France,,,
Lifecycle_Balanced_Pool_Superannuation,Listed Equity,VICTREX PLC,VCT LN,BB Ticker,United Kingdom,,,
Lifecycle_Balanced_Pool_Superannuation,Listed Equity,TOWER SEMICONDUCTOR LTD.,TSEM IT,BB Ticker,Israel,,,
Lifecycle_Balanced_Pool_Superannuation,Listed Equity,VULCAN ENERGY RESOURCES LTD.,VUL AU,BB Ticker,Australia,,,
Lifecycle_Balanced_Pool_Superannuation,Listed Equity,GUNMA BANK LTD.,8334 JP,BB Ticker,Japan,,,
Lifecycle_Balanced_Pool_Superannuation,Listed Equity,INTERNATIONAL BANCSHARES CORP.,IBOC US,BB Ticker,United States,,,
Lifecycle_Balanced_Pool_Superannuation,Listed Equity,DABUR INDIA LTD.,DABUR IN,BB Ticker,India,,,
Lifecycle_Balanced_Pool_Superannuation,Listed Equity,"INNOVEX INTERNATIONAL, INC.",INVX US,BB Ticker,United States,,,
Lifecycle_Balanced_Pool_Superannuation,Listed Equity,BHARAT PETROLEUM CORP. LTD.,BPCL IN,BB Ticker,India,,,
Lifecycle_Balanced_Pool_Superannuation,Listed Equity,BANK OF THE PHILIPPINE ISLANDS,BPI PM,BB Ticker,Philippines,,,
Lifecycle_Balanced_Pool_Superannuation,Listed Equity,KNORR-BREMSE AG,KBX GR,BB Ticker,Germany,,,
Lifecycle_Balanced_Pool_Superannuation,Listed Equity,LIBERTY MEDIA CORP.-LIBERTY LIVE,LLYVK US,BB Ticker,United States,,,
Lifecycle_Balanced_Pool_Superannuation,Listed Equity,SINOTRUK HONG KONG LTD.,3808 HK,BB Ticker,Hong Kong,,,
Lifecycle_Balanced_Pool_Superannuation,Listed Equity,ZEALAND PHARMA AS,ZEAL DC,BB Ticker,Denmark,,,
Lifecycle_Balanced_Pool_Superannuation,Listed Equity,"KRATOS DEFENSE & SECURITY SOLUTIONS, INC.",KTOS US,BB Ticker,United States,,,
Lifecycle_Balanced_Pool_Superannuation,Listed Equity,AUSTRALIAN FINANCE GROUP LTD.,AFG AU,BB Ticker,Australia,,,
Lifecycle_Balanced_Pool_Superannuation,Listed Equity,"LUMEN TECHNOLOGIES, INC.",LUMN US,BB Ticker,United States,,,
Lifecycle_Balanced_Pool_Superannuation,Listed Equity,SINOPHARM GROUP CO. LTD.,1099 HK,BB Ticker,Hong Kong,,,
Lifecycle_Balanced_Pool_Superannuation,Listed Equity,"HERC HOLDINGS, INC.",HRI US,BB Ticker,United States,,,
Lifecycle_Balanced_Pool_Superannuation,Listed Equity,SM ENERGY CO.,SM US,BB Ticker,United States,,,
Lifecycle_Balanced_Pool_Superannuation,Listed Equity,SIMPLO TECHNOLOGY CO. LTD.,6121 TT,BB Ticker,Taiwan,,,
Lifecycle_Balanced_Pool_Superannuation,Listed Equity,TRUWORTHS INTERNATIONAL LTD.,TRU SJ,BB Ticker,South Africa,,,
Lifecycle_Balanced_Pool_Superannuation,Listed Equity,"NETEASE, INC.",NTES US,BB Ticker,United States,,,
Lifecycle_Balanced_Pool_Superannuation,Listed Equity,SARTORIUS STEDIM BIOTECH,DIM FP,BB Ticker,France,,,
Lifecycle_Balanced_Pool_Superannuation,Listed Equity,HYUNDAI MOTOR CO.,005387 KS,BB Ticker,South Korea,,,
Lifecycle_Balanced_Pool_Superannuation,Listed Equity,NIPPON YUSEN KK,9101 JP,BB Ticker,Japan,,,
Lifecycle_Balanced_Pool_Superannuation,Listed Equity,VF CORP.,VFC US,BB Ticker,United States,,,
Lifecycle_Balanced_Pool_Superannuation,Listed Equity,U-HAUL HOLDING CO.,UHALB US,BB Ticker,United States,,,
Lifecycle_Balanced_Pool_Superannuation,Listed Equity,WHARF REAL ESTATE INVESTMENT CO. LTD.,1997 HK,BB Ticker,Hong Kong,,,
Lifecycle_Balanced_Pool_Superannuation,Listed Equity,SYMAL GROUP LTD.,SYL AU,BB Ticker,Australia,,,
Lifecycle_Balanced_Pool_Superannuation,Listed Equity,KEISEI ELECTRIC RAILWAY CO. LTD.,9009 JP,BB Ticker,Japan,,,
Lifecycle_Balanced_Pool_Superannuation,Listed Equity,"NIFCO, INC.",7988 JP,BB Ticker,Japan,,,
Lifecycle_Balanced_Pool_Superannuation,Listed Equity,COVESTRO AG,1CO GR,BB Ticker,Germany,,,
Lifecycle_Balanced_Pool_Superannuation,Listed Equity,KLABIN SA,KLBN11 BZ,BB Ticker,Brazil,,,
Lifecycle_Balanced_Pool_Superannuation,Listed Equity,DR. ING HC F PORSCHE AG,P911 GR,BB Ticker,Germany,,,
Lifecycle_Balanced_Pool_Superannuation,Listed Equity,DENISON MINES CORP.,DML CN,BB Ticker,Canada,,,
Lifecycle_Balanced_Pool_Superannuation,Listed Equity,INVESTEC PLC,INVP LN,BB Ticker,United Kingdom,,,
Lifecycle_Balanced_Pool_Superannuation,Listed Equity,ELIA GROUP SA,ELI BB,BB Ticker,Belgium,,,
Lifecycle_Balanced_Pool_Superannuation,Listed Equity,TOKYO CENTURY CORP.,8439 JP,BB Ticker,Japan,,,
Lifecycle_Balanced_Pool_Superannuation,Listed Equity,ASHOK LEYLAND LTD.,AL IN,BB Ticker,India,,,
Lifecycle_Balanced_Pool_Superannuation,Listed Equity,SWAN ENERGY LTD.,SWAN IN,BB Ticker,India,,,
Lifecycle_Balanced_Pool_Superannuation,Listed Equity,"CALUMET, INC.",CLMT US,BB Ticker,United States,,,
Lifecycle_Balanced_Pool_Superannuation,Listed Equity,"NORDSTROM, INC.",JWN US,BB Ticker,United States,,,
Lifecycle_Balanced_Pool_Superannuation,Listed Equity,YAPI VE KREDI BANKASI AS,YKBNK TI,BB Ticker,Turkey,,,
Lifecycle_Balanced_Pool_Superannuation,Listed Equity,"TKO GROUP HOLDINGS, INC.",TKO US,BB Ticker,United States,,,
Lifecycle_Balanced_Pool_Superannuation,Listed Equity,MARICO LTD.,MRCO IN,BB Ticker,India,,,
Lifecycle_Balanced_Pool_Superannuation,Listed Equity,"ATMUS FILTRATION TECHNOLOGIES, INC.",ATMU US,BB Ticker,United States,,,
Lifecycle_Balanced_Pool_Superannuation,Listed Equity,ENTAIN PLC,ENT LN,BB Ticker,United Kingdom,,,
Lifecycle_Balanced_Pool_Superannuation,Listed Equity,TODA CORP.,1860 JP,BB Ticker,Japan,,,
Lifecycle_Balanced_Pool_Superannuation,Listed Equity,AFRICA OIL CORP.,AOI CN,BB Ticker,Canada,,,
Lifecycle_Balanced_Pool_Superannuation,Listed Equity,CLARIANT AG,CLN SW,BB Ticker,Switzerland,,,
Lifecycle_Balanced_Pool_Superannuation,Listed Equity,"FRONTIER COMMUNICATIONS PARENT, INC.",FYBR US,BB Ticker,United States,,,
Lifecycle_Balanced_Pool_Superannuation,Listed Equity,YASKAWA ELECTRIC CORP.,6506 JP,BB Ticker,Japan,,,
Lifecycle_Balanced_Pool_Superannuation,Listed Equity,BEIJING-SHANGHAI HIGH SPEED RAILWAY CO. LTD.,601816 C1,BB Ticker,China,,,
Lifecycle_Balanced_Pool_Superannuation,Listed Equity,KURITA WATER INDUSTRIES LTD.,6370 JP,BB Ticker,Japan,,,
Lifecycle_Balanced_Pool_Superannuation,Listed Equity,"COTY, INC.",COTY US,BB Ticker,United States,,,
Lifecycle_Balanced_Pool_Superannuation,Listed Equity,ZHEJIANG NHU CO. LTD.,002001 C2,BB Ticker,China,,,
Lifecycle_Balanced_Pool_Superannuation,Listed Equity,"QUALYS, INC.",QLYS US,BB Ticker,United States,,,
Lifecycle_Balanced_Pool_Superannuation,Listed Equity,STOREBRAND ASA,STB NO,BB Ticker,Belgium,,,
Lifecycle_Balanced_Pool_Superannuation,Listed Equity,M&G PLC,MNG LN,BB Ticker,United Kingdom,,,
Lifecycle_Balanced_Pool_Superannuation,Listed Equity,SHANGHAI COMMERCIAL & SAVINGS BANK LTD.,5876 TT,BB Ticker,Taiwan,,,
Lifecycle_Balanced_Pool_Superannuation,Listed Equity,SIMPLY GOOD FOODS CO.,SMPL US,BB Ticker,United States,,,
Lifecycle_Balanced_Pool_Superannuation,Listed Equity,BOOHOO GROUP PLC,BOO LN,BB Ticker,United Kingdom,,,
Lifecycle_Balanced_Pool_Superannuation,Listed Equity,CAPRI HOLDINGS LTD.,CPRI US,BB Ticker,United States,,,
Lifecycle_Balanced_Pool_Superannuation,Listed Equity,LINCOLN NATIONAL CORP.,LNC US,BB Ticker,United States,,,
Lifecycle_Balanced_Pool_Superannuation,Listed Equity,"DOXIMITY, INC.",DOCS US,BB Ticker,United States,,,
Lifecycle_Balanced_Pool_Superannuation,Listed Equity,TOKYO CEMENT CO. LANKA PLC,TKYOX SL,BB Ticker,Sri Lanka,,,
Lifecycle_Balanced_Pool_Superannuation,Listed Equity,ASSURED GUARANTY LTD.,AGO US,BB Ticker,United States,,,
Lifecycle_Balanced_Pool_Superannuation,Listed Equity,PEOPLE'S INSURANCE CO. GROUP OF CHINA LTD.,1339 HK,BB Ticker,Hong Kong,,,
Lifecycle_Balanced_Pool_Superannuation,Listed Equity,"MINEBEA MITSUMI, INC.",6479 JP,BB Ticker,Japan,,,
Lifecycle_Balanced_Pool_Superannuation,Listed Equity,JERONIMO MARTINS SGPS SA,JMT PL,BB Ticker,Portugal,,,
Lifecycle_Balanced_Pool_Superannuation,Listed Equity,"LAUREATE EDUCATION, INC.",LAUR US,BB Ticker,United States,,,
Lifecycle_Balanced_Pool_Superannuation,Listed Equity,"INSPIRE MEDICAL SYSTEMS, INC.",INSP US,BB Ticker,United States,,,
Lifecycle_Balanced_Pool_Superannuation,Listed Equity,"APPFOLIO, INC.",APPF US,BB Ticker,United States,,,
Lifecycle_Balanced_Pool_Superannuation,Listed Equity,"TRINITY INDUSTRIES, INC.",TRN US,BB Ticker,United States,,,
Lifecycle_Balanced_Pool_Superannuation,Listed Equity,PTT OIL & RETAIL BUSINESS PCL,ORF TB,BB Ticker,Thailand,,,
Lifecycle_Balanced_Pool_Superannuation,Listed Equity,SAUDI ARAMCO BASE OIL CO.,LUBEREF AB,BB Ticker,Saudi Arabia,,,
Lifecycle_Balanced_Pool_Superannuation,Listed Equity,"RPC, INC.",RES US,BB Ticker,United States,,,
Lifecycle_Balanced_Pool_Superannuation,Listed Equity,AKER SOLUTIONS ASA,AKSO NO,BB Ticker,Belgium,,,
Lifecycle_Balanced_Pool_Superannuation,Listed Equity,TELECOM PLUS PLC,TEP LN,BB Ticker,United Kingdom,,,
Lifecycle_Balanced_Pool_Superannuation,Listed Equity,ROHTO PHARMACEUTICAL CO. LTD.,4527 JP,BB Ticker,Japan,,,
Lifecycle_Balanced_Pool_Superannuation,Listed Equity,SMITHS GROUP PLC,SMIN LN,BB Ticker,United Kingdom,,,
Lifecycle_Balanced_Pool_Superannuation,Listed Equity,"NEXSTAR MEDIA GROUP, INC.",NXST US,BB Ticker,United States,,,
Lifecycle_Balanced_Pool_Superannuation,Listed Equity,TELEPERFORMANCE SE,TEP FP,BB Ticker,France,,,
Lifecycle_Balanced_Pool_Superannuation,Listed Equity,"SPX TECHNOLOGIES, INC.",SPXC US,BB Ticker,United States,,,
Lifecycle_Balanced_Pool_Superannuation,Listed Equity,AMMAN MINERAL INTERNASIONAL PT,AMMN IJ,BB Ticker,Indonesia,,,
Lifecycle_Balanced_Pool_Superannuation,Listed Equity,"ENERGY FUELS, INC.",EFR CN,BB Ticker,Canada,,,
Lifecycle_Balanced_Pool_Superannuation,Listed Equity,"COLLIERS INTERNATIONAL GROUP, INC.",CIGI CN,BB Ticker,Canada,,,
Lifecycle_Balanced_Pool_Superannuation,Listed Equity,EASTMAN CHEMICAL CO.,EMN US,BB Ticker,United States,,,
Lifecycle_Balanced_Pool_Superannuation,Listed Equity,"CYTOKINETICS, INC.",CYTK US,BB Ticker,United States,,,
Lifecycle_Balanced_Pool_Superannuation,Listed Equity,RATIONAL AG,RAA GR,BB Ticker,Germany,,,
Lifecycle_Balanced_Pool_Superannuation,Listed Equity,ASIA VITAL COMPONENTS CO. LTD.,3017 TT,BB Ticker,Taiwan,,,
Lifecycle_Balanced_Pool_Superannuation,Listed Equity,"SEGA SAMMY HOLDINGS, INC.",6460 JP,BB Ticker,Japan,,,
Lifecycle_Balanced_Pool_Superannuation,Listed Equity,PERRIGO CO. PLC,PRGO US,BB Ticker,United States,,,
Lifecycle_Balanced_Pool_Superannuation,Listed Equity,"GITLAB, INC.",GTLB US,BB Ticker,United States,,,
Lifecycle_Balanced_Pool_Superannuation,Listed Equity,TECHNIP ENERGIES NV,TE FP,BB Ticker,France,,,
Lifecycle_Balanced_Pool_Superannuation,Listed Equity,"AAON, INC.",AAON US,BB Ticker,United States,,,
Lifecycle_Balanced_Pool_Superannuation,Listed Equity,LIBERTY GLOBAL LTD.,LBTYK US,BB Ticker,United States,,,
Lifecycle_Balanced_Pool_Superannuation,Listed Equity,ADANI ENTERPRISES LTD.,ADE IN,BB Ticker,India,,,
Lifecycle_Balanced_Pool_Superannuation,Listed Equity,"DYCOM INDUSTRIES, INC.",DY US,BB Ticker,United States,,,
Lifecycle_Balanced_Pool_Superannuation,Listed Equity,"TIS, INC.",3626 JP,BB Ticker,Japan,,,
Lifecycle_Balanced_Pool_Superannuation,Listed Equity,OLD NATIONAL BANCORP,ONB US,BB Ticker,United States,,,
Lifecycle_Balanced_Pool_Superannuation,Listed Equity,HAIDILAO INTERNATIONAL HOLDING LTD.,6862 HK,BB Ticker,Hong Kong,,,
Lifecycle_Balanced_Pool_Superannuation,Listed Equity,"SM PRIME HOLDINGS, INC.",SMPH PM,BB Ticker,Philippines,,,
Lifecycle_Balanced_Pool_Superannuation,Listed Equity,SUPREME INDUSTRIES LTD.,SI IN,BB Ticker,India,,,
Lifecycle_Balanced_Pool_Superannuation,Listed Equity,"INNERGEX RENEWABLE ENERGY, INC.",INE CN,BB Ticker,Canada,,,
Lifecycle_Balanced_Pool_Superannuation,Listed Equity,SAMSUNG HEAVY INDUSTRIES CO. LTD.,010140 KS,BB Ticker,South Korea,,,
Lifecycle_Balanced_Pool_Superannuation,Listed Equity,MEG ENERGY CORP.,MEG CN,BB Ticker,Canada,,,
Lifecycle_Balanced_Pool_Superannuation,Listed Equity,KNIFE RIVER CORP.,KNF US,BB Ticker,United States,,,
Lifecycle_Balanced_Pool_Superannuation,Listed Equity,THULE GROUP AB,THULE SS,BB Ticker,Sweden,,,
Lifecycle_Balanced_Pool_Superannuation,Listed Equity,FIRST FINANCIAL CORP.,THFF US,BB Ticker,United States,,,
Lifecycle_Balanced_Pool_Superannuation,Listed Equity,"NEW FORTRESS ENERGY, INC.",NFE US,BB Ticker,United States,,,
Lifecycle_Balanced_Pool_Superannuation,Listed Equity,"HUDBAY MINERALS, INC.",HBM CN,BB Ticker,Canada,,,
Lifecycle_Balanced_Pool_Superannuation,Listed Equity,CRANE CO.,CR US,BB Ticker,United States,,,
Lifecycle_Balanced_Pool_Superannuation,Listed Equity,"POLARIS, INC.",PII US,BB Ticker,United States,,,
Lifecycle_Balanced_Pool_Superannuation,Listed Equity,TULLOW OIL PLC,TLW LN,BB Ticker,United Kingdom,,,
Lifecycle_Balanced_Pool_Superannuation,Listed Equity,SHENZHEN MINDRAY BIO-MEDICAL ELECTRONICS CO. LTD.,300760 C2,BB Ticker,China,,,
Lifecycle_Balanced_Pool_Superannuation,Listed Equity,"HAWKINS, INC.",HWKN US,BB Ticker,United States,,,
Lifecycle_Balanced_Pool_Superannuation,Listed Equity,"AAC TECHNOLOGIES HOLDINGS, INC.",2018 HK,BB Ticker,Hong Kong,,,
Lifecycle_Balanced_Pool_Superannuation,Listed Equity,ENSTAR GROUP LTD.,ESGR US,BB Ticker,United States,,,
Lifecycle_Balanced_Pool_Superannuation,Listed Equity,SHENZHEN INTERNATIONAL HOLDINGS LTD.,152 HK,BB Ticker,Hong Kong,,,
Lifecycle_Balanced_Pool_Superannuation,Listed Equity,BKW AG,BKW SW,BB Ticker,Switzerland,,,
Lifecycle_Balanced_Pool_Superannuation,Listed Equity,IWATANI CORP.,8088 JP,BB Ticker,Japan,,,
Lifecycle_Balanced_Pool_Superannuation,Listed Equity,GREAT WALL MOTOR CO. LTD.,2333 HK,BB Ticker,Hong Kong,,,
Lifecycle_Balanced_Pool_Superannuation,Listed Equity,"APPLIED INDUSTRIAL TECHNOLOGIES, INC.",AIT US,BB Ticker,United States,,,
Lifecycle_Balanced_Pool_Superannuation,Listed Equity,DOWA HOLDINGS CO. LTD.,5714 JP,BB Ticker,Japan,,,
Lifecycle_Balanced_Pool_Superannuation,Listed Equity,PERMANENT TSB GROUP HOLDINGS PLC,PTSB ID,BB Ticker,Ireland,,,
Lifecycle_Balanced_Pool_Superannuation,Listed Equity,INVESCO LTD.,IVZ US,BB Ticker,United States,,,
Lifecycle_Balanced_Pool_Superannuation,Listed Equity,DCC PLC,DCC LN,BB Ticker,United Kingdom,,,
Lifecycle_Balanced_Pool_Superannuation,Listed Equity,PHOENIX GROUP HOLDINGS PLC,PHNX LN,BB Ticker,United Kingdom,,,
Lifecycle_Balanced_Pool_Superannuation,Listed Equity,ZHEJIANG CHINT ELECTRICS CO. LTD.,601877 C1,BB Ticker,China,,,
Lifecycle_Balanced_Pool_Superannuation,Listed Equity,BRAINCHIP HOLDINGS LTD.,BRN AU,BB Ticker,Australia,,,
Lifecycle_Balanced_Pool_Superannuation,Listed Equity,LANCASTER COLONY CORP.,LANC US,BB Ticker,United States,,,
Lifecycle_Balanced_Pool_Superannuation,Listed Equity,ENVISTA HOLDINGS CORP.,NVST US,BB Ticker,United States,,,
Lifecycle_Balanced_Pool_Superannuation,Listed Equity,BB SEGURIDADE PARTICIPACOES SA,BBSE3 BZ,BB Ticker,Brazil,,,
Lifecycle_Balanced_Pool_Superannuation,Listed Equity,"DENTSU GROUP, INC.",4324 JP,BB Ticker,Japan,,,
Lifecycle_Balanced_Pool_Superannuation,Listed Equity,DAVIDE CAMPARI-MILANO NV,CPR IM,BB Ticker,Italy,,,
Lifecycle_Balanced_Pool_Superannuation,Listed Equity,DXC TECHNOLOGY CO.,DXC US,BB Ticker,United States,,,
Lifecycle_Balanced_Pool_Superannuation,Listed Equity,CHAROEN POKPHAND FOODS PCL,CPFR TB,BB Ticker,Thailand,,,
Lifecycle_Balanced_Pool_Superannuation,Listed Equity,TAYLOR WIMPEY PLC,TW LN,BB Ticker,United Kingdom,,,
Lifecycle_Balanced_Pool_Superannuation,Listed Equity,CRRC CORP. LTD.,601766 C1,BB Ticker,China,,,
Lifecycle_Balanced_Pool_Superannuation,Listed Equity,LI NING CO. LTD.,2331 HK,BB Ticker,Hong Kong,,,
Lifecycle_Balanced_Pool_Superannuation,Listed Equity,GETINGE AB,GETIB SS,BB Ticker,Sweden,,,
Lifecycle_Balanced_Pool_Superannuation,Listed Equity,"RBC BEARINGS, INC.",RBC US,BB Ticker,United States,,,
Lifecycle_Balanced_Pool_Superannuation,Listed Equity,"CAVCO INDUSTRIES, INC.",CVCO US,BB Ticker,United States,,,
Lifecycle_Balanced_Pool_Superannuation,Listed Equity,"CULLEN/FROST BANKERS, INC.",CFR US,BB Ticker,United States,,,
Lifecycle_Balanced_Pool_Superannuation,Listed Equity,CENERGY HOLDINGS SA,CENER BB,BB Ticker,Belgium,,,
Lifecycle_Balanced_Pool_Superannuation,Listed Equity,"AUTOLIV, INC.",ALV US,BB Ticker,United States,,,
Lifecycle_Balanced_Pool_Superannuation,Listed Equity,PETROCHINA CO. LTD.,857 HK,BB Ticker,Hong Kong,,,
Lifecycle_Balanced_Pool_Superannuation,Listed Equity,NEW CHINA LIFE INSURANCE CO. LTD.,1336 HK,BB Ticker,Hong Kong,,,
Lifecycle_Balanced_Pool_Superannuation,Listed Equity,SPAREBANK 1 SOR-NORGE ASA,SB1NO NO,BB Ticker,Belgium,,,
Lifecycle_Balanced_Pool_Superannuation,Listed Equity,BANK OF IRELAND GROUP PLC,BIRG LN,BB Ticker,United Kingdom,,,
Lifecycle_Balanced_Pool_Superannuation,Listed Equity,BW LPG LTD.,BWLPG NO,BB Ticker,Belgium,,,
Lifecycle_Balanced_Pool_Superannuation,Listed Equity,"COMMERCE BANCSHARES, INC.",CBSH US,BB Ticker,United States,,,
Lifecycle_Balanced_Pool_Superannuation,Listed Equity,BILFINGER SE,GBF GR,BB Ticker,Germany,,,
Lifecycle_Balanced_Pool_Superannuation,Listed Equity,NEXGEN ENERGY LTD.,NXE CN,BB Ticker,Canada,,,
Lifecycle_Balanced_Pool_Superannuation,Listed Equity,FUTU HOLDINGS LTD.,FUTU US,BB Ticker,United States,,,
Lifecycle_Balanced_Pool_Superannuation,Listed Equity,AGRICULTURAL BANK OF CHINA LTD.,601288 C1,BB Ticker,China,,,
Lifecycle_Balanced_Pool_Superannuation,Listed Equity,KYOWA KIRIN CO. LTD.,4151 JP,BB Ticker,Japan,,,
Lifecycle_Balanced_Pool_Superannuation,Listed Equity,"NEXTRACKER, INC.",NXT US,BB Ticker,United States,,,
Lifecycle_Balanced_Pool_Superannuation,Listed Equity,FIRST INTERNATIONAL BANK OF ISRAEL LTD.,FIBI IT,BB Ticker,Israel,,,
Lifecycle_Balanced_Pool_Superannuation,Listed Equity,NH FOODS LTD.,2282 JP,BB Ticker,Japan,,,
Lifecycle_Balanced_Pool_Superannuation,Listed Equity,COGNEX CORP.,CGNX US,BB Ticker,United States,,,
Lifecycle_Balanced_Pool_Superannuation,Listed Equity,CHINA JUSHI CO. LTD.,600176 C1,BB Ticker,China,,,
Lifecycle_Balanced_Pool_Superannuation,Listed Equity,TURKIYE IS BANKASI AS,ISCTR TI,BB Ticker,Turkey,,,
Lifecycle_Balanced_Pool_Superannuation,Listed Equity,MAPFRE SA,MAP SM,BB Ticker,Spain,,,
Lifecycle_Balanced_Pool_Superannuation,Listed Equity,BUMRUNGRAD HOSPITAL PCL,BHF TB,BB Ticker,Thailand,,,
Lifecycle_Balanced_Pool_Superannuation,Listed Equity,"QXO, INC.",QXO US,BB Ticker,United States,,,
Lifecycle_Balanced_Pool_Superannuation,Listed Equity,"DGB FINANCIAL GROUP, INC.",139130 KS,BB Ticker,South Korea,,,
Lifecycle_Balanced_Pool_Superannuation,Listed Equity,"STERLING INFRASTRUCTURE, INC.",STRL US,BB Ticker,United States,,,
Lifecycle_Balanced_Pool_Superannuation,Listed Equity,AYGAZ AS,AYGAZ TI,BB Ticker,Turkey,,,
Lifecycle_Balanced_Pool_Superannuation,Listed Equity,NEWMONT CORP.,NGT CN,BB Ticker,Canada,,,
Lifecycle_Balanced_Pool_Superannuation,Listed Equity,WHITE MOUNTAINS INSURANCE GROUP LTD.,WTM US,BB Ticker,United States,,,
Lifecycle_Balanced_Pool_Superannuation,Listed Equity,"ADTALEM GLOBAL EDUCATION, INC.",ATGE US,BB Ticker,United States,,,
Lifecycle_Balanced_Pool_Superannuation,Listed Equity,CG POWER & INDUSTRIAL SOLUTIONS LTD.,CGPOWER IN,BB Ticker,India,,,
Lifecycle_Balanced_Pool_Superannuation,Listed Equity,LIFCO AB,LIFCOB SS,BB Ticker,Sweden,,,
Lifecycle_Balanced_Pool_Superannuation,Listed Equity,"AYALA LAND, INC.",ALI PM,BB Ticker,Philippines,,,
Lifecycle_Balanced_Pool_Superannuation,Listed Equity,"FRANKLIN RESOURCES, INC.",BEN US,BB Ticker,United States,,,
Lifecycle_Balanced_Pool_Superannuation,Listed Equity,ANDRITZ AG,ANDR AV,BB Ticker,Austria,,,
Lifecycle_Balanced_Pool_Superannuation,Listed Equity,"PATTERSON COS., INC.",PDCO US,BB Ticker,United States,,,
Lifecycle_Balanced_Pool_Superannuation,Listed Equity,"ENBRIDGE, INC.",ENB US,BB Ticker,United States,,,
Lifecycle_Balanced_Pool_Superannuation,Listed Equity,"DAISHI HOKUETSU FINANCIAL GROUP, INC.",7327 JP,BB Ticker,Japan,,,
Lifecycle_Balanced_Pool_Superannuation,Listed Equity,"JD HEALTH INTERNATIONAL, INC.",6618 HK,BB Ticker,Hong Kong,,,
Lifecycle_Balanced_Pool_Superannuation,Listed Equity,HAEMONETICS CORP.,HAE US,BB Ticker,United States,,,
Lifecycle_Balanced_Pool_Superannuation,Listed Equity,MODINE MANUFACTURING CO.,MOD US,BB Ticker,United States,,,
Lifecycle_Balanced_Pool_Superannuation,Listed Equity,HACHIJUNI BANK LTD.,8359 JP,BB Ticker,Japan,,,
Lifecycle_Balanced_Pool_Superannuation,Listed Equity,BANGKOK BANK PCL,BBLF TB,BB Ticker,Thailand,,,
Lifecycle_Balanced_Pool_Superannuation,Listed Equity,EXPRO GROUP HOLDINGS NV,XPRO US,BB Ticker,United States,,,
Lifecycle_Balanced_Pool_Superannuation,Listed Equity,IIDA GROUP HOLDINGS CO. LTD.,3291 JP,BB Ticker,Japan,,,
Lifecycle_Balanced_Pool_Superannuation,Listed Equity,SCATEC ASA,SCATC NO,BB Ticker,Belgium,,,
Lifecycle_Balanced_Pool_Superannuation,Listed Equity,"CHEWY, INC.",CHWY US,BB Ticker,United States,,,
Lifecycle_Balanced_Pool_Superannuation,Listed Equity,"UNITY SOFTWARE, INC.",U US,BB Ticker,United States,,,
Lifecycle_Balanced_Pool_Superannuation,Listed Equity,"UNDER ARMOUR, INC.",UAA US,BB Ticker,United States,,,
Lifecycle_Balanced_Pool_Superannuation,Listed Equity,ALLEIMA AB,ALLEI SS,BB Ticker,Sweden,,,
Lifecycle_Balanced_Pool_Superannuation,Listed Equity,FORVIA SE,FRVIA FP,BB Ticker,France,,,
Lifecycle_Balanced_Pool_Superannuation,Listed Equity,"ADVANCE AUTO PARTS, INC.",AAP US,BB Ticker,United States,,,
Lifecycle_Balanced_Pool_Superannuation,Listed Equity,"CSW INDUSTRIALS, INC.",CSWI US,BB Ticker,United States,,,
Lifecycle_Balanced_Pool_Superannuation,Listed Equity,BALFOUR BEATTY PLC,BBY LN,BB Ticker,United Kingdom,,,
Lifecycle_Balanced_Pool_Superannuation,Listed Equity,INVENTEC CORP.,2356 TT,BB Ticker,Taiwan,,,
Lifecycle_Balanced_Pool_Superannuation,Listed Equity,"OMNICELL, INC.",OMCL US,BB Ticker,United States,,,
Lifecycle_Balanced_Pool_Superannuation,Listed Equity,YAMATO KOGYO CO. LTD.,5444 JP,BB Ticker,Japan,,,
Lifecycle_Balanced_Pool_Superannuation,Listed Equity,"CHAMPION HOMES, INC.",SKY US,BB Ticker,United States,,,
Lifecycle_Balanced_Pool_Superannuation,Listed Equity,77 BANK LTD.,8341 JP,BB Ticker,Japan,,,
Lifecycle_Balanced_Pool_Superannuation,Listed Equity,ADANI GREEN ENERGY LTD.,ADANIGR IN,BB Ticker,India,,,
Lifecycle_Balanced_Pool_Superannuation,Listed Equity,AMANO CORP.,6436 JP,BB Ticker,Japan,,,
Lifecycle_Balanced_Pool_Superannuation,Listed Equity,MARUICHI STEEL TUBE LTD.,5463 JP,BB Ticker,Japan,,,
Lifecycle_Balanced_Pool_Superannuation,Listed Equity,"GRAND CANYON EDUCATION, INC.",LOPE US,BB Ticker,United States,,,
Lifecycle_Balanced_Pool_Superannuation,Listed Equity,NORTHWEST NATURAL HOLDING CO.,NWN US,BB Ticker,United States,,,
Lifecycle_Balanced_Pool_Superannuation,Listed Equity,ITAU UNIBANCO HOLDING SA,ITUB US,BB Ticker,United States,,,
Lifecycle_Balanced_Pool_Superannuation,Listed Equity,CHICONY ELECTRONICS CO. LTD.,2385 TT,BB Ticker,Taiwan,,,
Lifecycle_Balanced_Pool_Superannuation,Listed Equity,BRADESPAR SA,BRAP4 BZ,BB Ticker,Brazil,,,
Lifecycle_Balanced_Pool_Superannuation,Listed Equity,"GEO GROUP, INC.",GEO US,BB Ticker,United States,,,
Lifecycle_Balanced_Pool_Superannuation,Listed Equity,NISSAN CHEMICAL CORP.,4021 JP,BB Ticker,Japan,,,
Lifecycle_Balanced_Pool_Superannuation,Listed Equity,POU CHEN CORP.,9904 TT,BB Ticker,Taiwan,,,
Lifecycle_Balanced_Pool_Superannuation,Listed Equity,SHIMIZU CORP.,1803 JP,BB Ticker,Japan,,,
Lifecycle_Balanced_Pool_Superannuation,Listed Equity,BANCO SANTANDER SA,SAN US,BB Ticker,United States,,,
Lifecycle_Balanced_Pool_Superannuation,Listed Equity,DEUTZ AG,DEZ GR,BB Ticker,Germany,,,
Lifecycle_Balanced_Pool_Superannuation,Listed Equity,RECORDATI INDUSTRIA CHIMICA E FARMACEUTICA SPA,REC IM,BB Ticker,Italy,,,
Lifecycle_Balanced_Pool_Superannuation,Listed Equity,"FRONTDOOR, INC.",FTDR US,BB Ticker,United States,,,
Lifecycle_Balanced_Pool_Superannuation,Listed Equity,"SYNAPTICS, INC.",SYNA US,BB Ticker,United States,,,
Lifecycle_Balanced_Pool_Superannuation,Listed Equity,CHANDRA ASRI PACIFIC TBK. PT,TPIA IJ,BB Ticker,Indonesia,,,
Lifecycle_Balanced_Pool_Superannuation,Listed Equity,WEIR GROUP PLC,WEIR LN,BB Ticker,United Kingdom,,,
Lifecycle_Balanced_Pool_Superannuation,Listed Equity,BIOMERIEUX,BIM FP,BB Ticker,France,,,
Lifecycle_Balanced_Pool_Superannuation,Listed Equity,TVS MOTOR CO. LTD.,TVSL IN,BB Ticker,India,,,
Lifecycle_Balanced_Pool_Superannuation,Listed Equity,CHINA NONFERROUS MINING CORP. LTD.,1258 HK,BB Ticker,Hong Kong,,,
Lifecycle_Balanced_Pool_Superannuation,Listed Equity,SECURITAS AB,SECUB SS,BB Ticker,Sweden,,,
Lifecycle_Balanced_Pool_Superannuation,Listed Equity,YES BANK LTD.,YES IN,BB Ticker,India,,,
Lifecycle_Balanced_Pool_Superannuation,Listed Equity,GLOBAL UNICHIP CORP.,3443 TT,BB Ticker,Taiwan,,,
Lifecycle_Balanced_Pool_Superannuation,Listed Equity,KAUFMAN & BROAD SA,KOF FP,BB Ticker,France,,,
Lifecycle_Balanced_Pool_Superannuation,Listed Equity,MITSUI MINING & SMELTING CO. LTD.,5706 JP,BB Ticker,Japan,,,
Lifecycle_Balanced_Pool_Superannuation,Listed Equity,"IONIS PHARMACEUTICALS, INC.",IONS US,BB Ticker,United States,,,
Lifecycle_Balanced_Pool_Superannuation,Listed Equity,"HELIX ENERGY SOLUTIONS GROUP, INC.",HLX US,BB Ticker,United States,,,
Lifecycle_Balanced_Pool_Superannuation,Listed Equity,BRITVIC PLC,BVIC LN,BB Ticker,United Kingdom,,,
Lifecycle_Balanced_Pool_Superannuation,Listed Equity,RAITO KOGYO CO. LTD.,1926 JP,BB Ticker,Japan,,,
Lifecycle_Balanced_Pool_Superannuation,Listed Equity,AGCO CORP.,AGCO US,BB Ticker,United States,,,
Lifecycle_Balanced_Pool_Superannuation,Listed Equity,ABU DHABI ISLAMIC BANK PJSC,ADIB UH,BB Ticker,United Arab Emirates,,,
Lifecycle_Balanced_Pool_Superannuation,Listed Equity,KANSAI NEROLAC PAINTS LTD.,KNPL IN,BB Ticker,India,,,
Lifecycle_Balanced_Pool_Superannuation,Listed Equity,BYD ELECTRONIC INTERNATIONAL CO. LTD.,285 HK,BB Ticker,Hong Kong,,,
Lifecycle_Balanced_Pool_Superannuation,Listed Equity,GJENSIDIGE FORSIKRING ASA,GJF NO,BB Ticker,Belgium,,,
Lifecycle_Balanced_Pool_Superannuation,Listed Equity,ABB LTD.,ABB SS,BB Ticker,Sweden,,,
Lifecycle_Balanced_Pool_Superannuation,Listed Equity,MULTIPLY GROUP PJSC,MULTIPLY UH,BB Ticker,United Arab Emirates,,,
Lifecycle_Balanced_Pool_Superannuation,Listed Equity,SAMVARDHANA MOTHERSON INTERNATIONAL LTD.,MOTHERSO IN,BB Ticker,India,,,
Lifecycle_Balanced_Pool_Superannuation,Listed Equity,INDEPENDENT BANK CORP.,INDB US,BB Ticker,United States,,,
Lifecycle_Balanced_Pool_Superannuation,Listed Equity,FINE ORGANIC INDUSTRIES LTD.,FINEORG IN,BB Ticker,India,,,
Lifecycle_Balanced_Pool_Superannuation,Listed Equity,EXOR NV,EXO NA,BB Ticker,Netherlands,,,
Lifecycle_Balanced_Pool_Superannuation,Listed Equity,"MILLERKNOLL, INC.",MLKN US,BB Ticker,United States,,,
Lifecycle_Balanced_Pool_Superannuation,Listed Equity,"HIMS & HERS HEALTH, INC.",HIMS US,BB Ticker,United States,,,
Lifecycle_Balanced_Pool_Superannuation,Listed Equity,YAMAHA CORP.,7951 JP,BB Ticker,Japan,,,
Lifecycle_Balanced_Pool_Superannuation,Listed Equity,"ICU MEDICAL, INC.",ICUI US,BB Ticker,United States,,,
Lifecycle_Balanced_Pool_Superannuation,Listed Equity,KANSAI PAINT CO. LTD.,4613 JP,BB Ticker,Japan,,,
Lifecycle_Balanced_Pool_Superannuation,Listed Equity,CONVATEC GROUP PLC,CTEC LN,BB Ticker,United Kingdom,,,
Lifecycle_Balanced_Pool_Superannuation,Listed Equity,IPD GROUP LTD.,IPG AU,BB Ticker,Australia,,,
Lifecycle_Balanced_Pool_Superannuation,Listed Equity,REYSAS TASIMACILIK VE LOJISTIK TICARET AS,RYSAS TI,BB Ticker,Turkey,,,
Lifecycle_Balanced_Pool_Superannuation,Listed Equity,CO. FOR COOPERATIVE INSURANCE,TAWUNIYA AB,BB Ticker,Saudi Arabia,,,
Lifecycle_Balanced_Pool_Superannuation,Listed Equity,RS GROUP PLC,RS1 LN,BB Ticker,United Kingdom,,,
Lifecycle_Balanced_Pool_Superannuation,Listed Equity,TERADATA CORP.,TDC US,BB Ticker,United States,,,
Lifecycle_Balanced_Pool_Superannuation,Listed Equity,"SILVERCREST METALS, INC.",SIL CN,BB Ticker,Canada,,,
Lifecycle_Balanced_Pool_Superannuation,Listed Equity,BHARAT HEAVY ELECTRICALS LTD.,BHEL IN,BB Ticker,India,,,
Lifecycle_Balanced_Pool_Superannuation,Listed Equity,FOSCHINI GROUP LTD.,TFG SJ,BB Ticker,South Africa,,,
Lifecycle_Balanced_Pool_Superannuation,Listed Equity,SD GUTHRIE BHD.,SDG MK,BB Ticker,Malaysia,,,
Lifecycle_Balanced_Pool_Superannuation,Listed Equity,MACMAHON HOLDINGS LTD.,MAH AU,BB Ticker,Australia,,,
Lifecycle_Balanced_Pool_Superannuation,Listed Equity,CENCOSUD SA,CENCOSUD CI,BB Ticker,Chile,,,
Lifecycle_Balanced_Pool_Superannuation,Listed Equity,"INSTALLED BUILDING PRODUCTS, INC.",IBP US,BB Ticker,United States,,,
Lifecycle_Balanced_Pool_Superannuation,Listed Equity,"CSG SYSTEMS INTERNATIONAL, INC.",CSGS US,BB Ticker,United States,,,
Lifecycle_Balanced_Pool_Superannuation,Listed Equity,VEDANTA LTD.,VEDL IN,BB Ticker,India,,,
Lifecycle_Balanced_Pool_Superannuation,Listed Equity,NOVOCURE LTD.,NVCR US,BB Ticker,United States,,,
Lifecycle_Balanced_Pool_Superannuation,Listed Equity,MATSUKIYOCOCOKARA & CO.,3088 JP,BB Ticker,Japan,,,
Lifecycle_Balanced_Pool_Superannuation,Listed Equity,"TEGNA, INC.",TGNA US,BB Ticker,United States,,,
Lifecycle_Balanced_Pool_Superannuation,Listed Equity,MEDIPAL HOLDINGS CORP.,7459 JP,BB Ticker,Japan,,,
Lifecycle_Balanced_Pool_Superannuation,Listed Equity,FORTIS HEALTHCARE LTD.,FORH IN,BB Ticker,India,,,
Lifecycle_Balanced_Pool_Superannuation,Listed Equity,"GROUP 1 AUTOMOTIVE, INC.",GPI US,BB Ticker,United States,,,
Lifecycle_Balanced_Pool_Superannuation,Listed Equity,"MACOM TECHNOLOGY SOLUTIONS HOLDINGS, INC.",MTSI US,BB Ticker,United States,,,
Lifecycle_Balanced_Pool_Superannuation,Listed Equity,"MINERALS TECHNOLOGIES, INC.",MTX US,BB Ticker,United States,,,
Lifecycle_Balanced_Pool_Superannuation,Listed Equity,CIA DE SANEAMENTO BASICO DO ESTADO DE SAO PAULO SABESP,SBSP3 BZ,BB Ticker,Brazil,,,
Lifecycle_Balanced_Pool_Superannuation,Listed Equity,KOBE BUSSAN CO. LTD.,3038 JP,BB Ticker,Japan,,,
Lifecycle_Balanced_Pool_Superannuation,Listed Equity,ELITE MATERIAL CO. LTD.,2383 TT,BB Ticker,Taiwan,,,
Lifecycle_Balanced_Pool_Superannuation,Listed Equity,"DENTSPLY SIRONA, INC.",XRAY US,BB Ticker,United States,,,
Lifecycle_Balanced_Pool_Superannuation,Listed Equity,OOREDOO QPSC,ORDS QD,BB Ticker,Qatar,,,
Lifecycle_Balanced_Pool_Superannuation,Listed Equity,BAYER CROPSCIENCE LTD.,BYRCS IN,BB Ticker,India,,,
Lifecycle_Balanced_Pool_Superannuation,Listed Equity,"OPEN UP GROUP, INC.",2154 JP,BB Ticker,Japan,,,
Lifecycle_Balanced_Pool_Superannuation,Listed Equity,PLAYTECH PLC,PTEC LN,BB Ticker,United Kingdom,,,
Lifecycle_Balanced_Pool_Superannuation,Listed Equity,"MISUMI GROUP, INC.",9962 JP,BB Ticker,Japan,,,
Lifecycle_Balanced_Pool_Superannuation,Listed Equity,"SENTINELONE, INC.",S US,BB Ticker,United States,,,
Lifecycle_Balanced_Pool_Superannuation,Listed Equity,"OKAMOTO INDUSTRIES, INC.",5122 JP,BB Ticker,Japan,,,
Lifecycle_Balanced_Pool_Superannuation,Listed Equity,BARCLAYS PLC,BCS US,BB Ticker,United States,,,
Lifecycle_Balanced_Pool_Superannuation,Listed Equity,PARSONS CORP.,PSN US,BB Ticker,United States,,,
Lifecycle_Balanced_Pool_Superannuation,Listed Equity,ASSOCIATED BANC-CORP.,ASB US,BB Ticker,United States,,,
Lifecycle_Balanced_Pool_Superannuation,Listed Equity,"OPTION CARE HEALTH, INC.",OPCH US,BB Ticker,United States,,,
Lifecycle_Balanced_Pool_Superannuation,Listed Equity,SYDBANK AS,SYDB DC,BB Ticker,Denmark,,,
Lifecycle_Balanced_Pool_Superannuation,Listed Equity,SIGNIFY NV,LIGHT NA,BB Ticker,Netherlands,,,
Lifecycle_Balanced_Pool_Superannuation,Listed Equity,MP MATERIALS CORP.,MP US,BB Ticker,United States,,,
Lifecycle_Balanced_Pool_Superannuation,Listed Equity,AKR CORPORINDO TBK. PT,AKRA IJ,BB Ticker,Indonesia,,,
Lifecycle_Balanced_Pool_Superannuation,Listed Equity,"OLYMPIC STEEL, INC.",ZEUS US,BB Ticker,United States,,,
Lifecycle_Balanced_Pool_Superannuation,Listed Equity,SYLVANIA PLATINUM LTD.,SLP LN,BB Ticker,United Kingdom,,,
Lifecycle_Balanced_Pool_Superannuation,Listed Equity,"MARA HOLDINGS, INC.",MARA US,BB Ticker,United States,,,
Lifecycle_Balanced_Pool_Superannuation,Listed Equity,INTERGLOBE AVIATION LTD.,INDIGO IN,BB Ticker,India,,,
Lifecycle_Balanced_Pool_Superannuation,Listed Equity,PERMIAN BASIN ROYALTY TRUST,PBT US,BB Ticker,United States,,,
Lifecycle_Balanced_Pool_Superannuation,Listed Equity,COMSYS HOLDINGS CORP.,1721 JP,BB Ticker,Japan,,,
Lifecycle_Balanced_Pool_Superannuation,Listed Equity,"NISHI-NIPPON FINANCIAL HOLDINGS, INC.",7189 JP,BB Ticker,Japan,,,
Lifecycle_Balanced_Pool_Superannuation,Listed Equity,FLOWSERVE CORP.,FLS US,BB Ticker,United States,,,
Lifecycle_Balanced_Pool_Superannuation,Listed Equity,POSCO INTERNATIONAL CORP.,047050 KS,BB Ticker,South Korea,,,
Lifecycle_Balanced_Pool_Superannuation,Listed Equity,FRAPORT AG FRANKFURT AIRPORT SERVICES WORLDWIDE,FRA GR,BB Ticker,Germany,,,
Lifecycle_Balanced_Pool_Superannuation,Listed Equity,CHINA MINSHENG BANKING CORP. LTD.,600016 C1,BB Ticker,China,,,
Lifecycle_Balanced_Pool_Superannuation,Listed Equity,"LUMENTUM HOLDINGS, INC.",LITE US,BB Ticker,United States,,,
Lifecycle_Balanced_Pool_Superannuation,Listed Equity,CTS EVENTIM AG & CO. KGAA,EVD GR,BB Ticker,Germany,,,
Lifecycle_Balanced_Pool_Superannuation,Listed Equity,DELIVERY HERO SE,DHER GR,BB Ticker,Germany,,,
Lifecycle_Balanced_Pool_Superannuation,Listed Equity,EMS-CHEMIE HOLDING AG,EMSN SW,BB Ticker,Switzerland,,,
Lifecycle_Balanced_Pool_Superannuation,Listed Equity,AMOREPACIFIC CORP.,090430 KS,BB Ticker,South Korea,,,
Lifecycle_Balanced_Pool_Superannuation,Listed Equity,"BRINKER INTERNATIONAL, INC.",EAT US,BB Ticker,United States,,,
Lifecycle_Balanced_Pool_Superannuation,Listed Equity,REPSOL SA,REP SM,BB Ticker,Spain,,,
Lifecycle_Balanced_Pool_Superannuation,Listed Equity,PARAMOUNT GLOBAL,PARA US,BB Ticker,United States,,,
Lifecycle_Balanced_Pool_Superannuation,Listed Equity,CHIBA BANK LTD.,8331 JP,BB Ticker,Japan,,,
Lifecycle_Balanced_Pool_Superannuation,Listed Equity,SENSATA TECHNOLOGIES HOLDING PLC,ST US,BB Ticker,United States,,,
Lifecycle_Balanced_Pool_Superannuation,Listed Equity,AIRTAC INTERNATIONAL GROUP,1590 TT,BB Ticker,Taiwan,,,
Lifecycle_Balanced_Pool_Superannuation,Listed Equity,"FIRST HAWAIIAN, INC.",FHB US,BB Ticker,United States,,,
Lifecycle_Balanced_Pool_Superannuation,Listed Equity,ASML HOLDING NV,ASML US,BB Ticker,United States,,,
Lifecycle_Balanced_Pool_Superannuation,Listed Equity,STIFEL FINANCIAL CORP.,SF US,BB Ticker,United States,,,
Lifecycle_Balanced_Pool_Superannuation,Listed Equity,SEB SA,SK FP,BB Ticker,France,,,
Lifecycle_Balanced_Pool_Superannuation,Listed Equity,ALTRI SGPS SA,ALTR PL,BB Ticker,Portugal,,,
Lifecycle_Balanced_Pool_Superannuation,Listed Equity,HANSOH PHARMACEUTICAL GROUP CO. LTD.,3692 HK,BB Ticker,Hong Kong,,,
Lifecycle_Balanced_Pool_Superannuation,Listed Equity,HUAXIA BANK CO. LTD.,600015 C1,BB Ticker,China,,,
Lifecycle_Balanced_Pool_Superannuation,Listed Equity,TOKYU CORP.,9005 JP,BB Ticker,Japan,,,
Lifecycle_Balanced_Pool_Superannuation,Listed Equity,INTERCONTINENTAL HOTELS GROUP PLC,IHG US,BB Ticker,United States,,,
Lifecycle_Balanced_Pool_Superannuation,Listed Equity,"GXO LOGISTICS, INC.",GXO US,BB Ticker,United States,,,
Lifecycle_Balanced_Pool_Superannuation,Listed Equity,BANK OF CHANGSHA CO. LTD.,601577 C1,BB Ticker,China,,,
Lifecycle_Balanced_Pool_Superannuation,Listed Equity,GAMES WORKSHOP GROUP PLC,GAW LN,BB Ticker,United Kingdom,,,
Lifecycle_Balanced_Pool_Superannuation,Listed Equity,SUMITOMO CHEMICAL INDIA LTD.,SUMICHEM IN,BB Ticker,India,,,
Lifecycle_Balanced_Pool_Superannuation,Listed Equity,EDGEWELL PERSONAL CARE CO.,EPC US,BB Ticker,United States,,,
Lifecycle_Balanced_Pool_Superannuation,Listed Equity,OLD MUTUAL LTD.,OMU SJ,BB Ticker,South Africa,,,
Lifecycle_Balanced_Pool_Superannuation,Listed Equity,SANOFI SA,SNY US,BB Ticker,United States,,,
Lifecycle_Balanced_Pool_Superannuation,Listed Equity,FIRSTGROUP PLC,FGP LN,BB Ticker,United Kingdom,,,
Lifecycle_Balanced_Pool_Superannuation,Listed Equity,"AFFILIATED MANAGERS GROUP, INC.",AMG US,BB Ticker,United States,,,
Lifecycle_Balanced_Pool_Superannuation,Listed Equity,NUVISTA ENERGY LTD.,NVA CN,BB Ticker,Canada,,,
Lifecycle_Balanced_Pool_Superannuation,Listed Equity,"AURORA INNOVATION, INC.",AUR US,BB Ticker,United States,,,
Lifecycle_Balanced_Pool_Superannuation,Listed Equity,FIREFLY METALS LTD.,FFM AU,BB Ticker,Australia,,,
Lifecycle_Balanced_Pool_Superannuation,Listed Equity,DENA CO. LTD.,2432 JP,BB Ticker,Japan,,,
Lifecycle_Balanced_Pool_Superannuation,Listed Equity,ECOPRO BM CO. LTD.,247540 KS,BB Ticker,South Korea,,,
Lifecycle_Balanced_Pool_Superannuation,Listed Equity,ELISA OYJ,ELISA FH,BB Ticker,Finland,,,
Lifecycle_Balanced_Pool_Superannuation,Listed Equity,OTSUKA CORP.,4768 JP,BB Ticker,Japan,,,
Lifecycle_Balanced_Pool_Superannuation,Listed Equity,CNX RESOURCES CORP.,CNX US,BB Ticker,United States,,,
Lifecycle_Balanced_Pool_Superannuation,Listed Equity,JGC HOLDINGS CORP.,1963 JP,BB Ticker,Japan,,,
Lifecycle_Balanced_Pool_Superannuation,Listed Equity,"INSPERITY, INC.",NSP US,BB Ticker,United States,,,
Lifecycle_Balanced_Pool_Superannuation,Listed Equity,"FIVE BELOW, INC.",FIVE US,BB Ticker,United States,,,
Lifecycle_Balanced_Pool_Superannuation,Listed Equity,REN - REDES ENERGETICAS NACIONAIS SGPS SA,RENE PL,BB Ticker,Portugal,,,
Lifecycle_Balanced_Pool_Superannuation,Listed Equity,"M3, INC.",2413 JP,BB Ticker,Japan,,,
Lifecycle_Balanced_Pool_Superannuation,Listed Equity,"AKESO, INC.",9926 HK,BB Ticker,Hong Kong,,,
Lifecycle_Balanced_Pool_Superannuation,Listed Equity,"VIRTUS INVESTMENT PARTNERS, INC.",VRTS US,BB Ticker,United States,,,
Lifecycle_Balanced_Pool_Superannuation,Listed Equity,"STRIDE, INC.",LRN US,BB Ticker,United States,,,
Lifecycle_Balanced_Pool_Superannuation,Listed Equity,"CLEARWATER ANALYTICS HOLDINGS, INC.",CWAN US,BB Ticker,United States,,,
Lifecycle_Balanced_Pool_Superannuation,Listed Equity,SEALED AIR CORP.,SEE US,BB Ticker,United States,,,
Lifecycle_Balanced_Pool_Superannuation,Listed Equity,FASTIGHETS AB BALDER,BALDB SS,BB Ticker,Sweden,,,
Lifecycle_Balanced_Pool_Superannuation,Listed Equity,PHARMAESSENTIA CORP.,6446 TT,BB Ticker,Taiwan,,,
Lifecycle_Balanced_Pool_Superannuation,Listed Equity,TOTALENERGIES SE,TTE US,BB Ticker,United States,,,
Lifecycle_Balanced_Pool_Superannuation,Listed Equity,"NOVANTA, INC.",NOVT US,BB Ticker,United States,,,
Lifecycle_Balanced_Pool_Superannuation,Listed Equity,BHARAT FORGE LTD.,BHFC IN,BB Ticker,India,,,
Lifecycle_Balanced_Pool_Superannuation,Listed Equity,TORRENT PHARMACEUTICALS LTD.,TRP IN,BB Ticker,India,,,
Lifecycle_Balanced_Pool_Superannuation,Listed Equity,BELLWAY PLC,BWY LN,BB Ticker,United Kingdom,,,
Lifecycle_Balanced_Pool_Superannuation,Listed Equity,WANDA FILM HOLDING CO. LTD.,002739 C2,BB Ticker,China,,,
Lifecycle_Balanced_Pool_Superannuation,Listed Equity,FORTUNE ELECTRIC CO. LTD.,1519 TT,BB Ticker,Taiwan,,,
Lifecycle_Balanced_Pool_Superannuation,Listed Equity,SEATRIUM LTD.,STM SP,BB Ticker,Singapore,,,
Lifecycle_Balanced_Pool_Superannuation,Listed Equity,"BCE, INC.",BCE CN,BB Ticker,Canada,,,
Lifecycle_Balanced_Pool_Superannuation,Listed Equity,UMICORE SA,UMI BB,BB Ticker,Belgium,,,
Lifecycle_Balanced_Pool_Superannuation,Listed Equity,OMV AG,OMV AV,BB Ticker,Austria,,,
Lifecycle_Balanced_Pool_Superannuation,Listed Equity,"BOX, INC.",BOX US,BB Ticker,United States,,,
Lifecycle_Balanced_Pool_Superannuation,Listed Equity,"SIRIUS XM HOLDINGS, INC.",SIRI US,BB Ticker,United States,,,
Lifecycle_Balanced_Pool_Superannuation,Listed Equity,MORGAN SINDALL GROUP PLC,MGNS LN,BB Ticker,United Kingdom,,,
Lifecycle_Balanced_Pool_Superannuation,Listed Equity,RIYADH CABLES GROUP CO.,RIYADHCA AB,BB Ticker,Saudi Arabia,,,
Lifecycle_Balanced_Pool_Superannuation,Listed Equity,DAR AL ARKAN REAL ESTATE DEVELOPMENT CO.,ALARKAN AB,BB Ticker,Saudi Arabia,,,
Lifecycle_Balanced_Pool_Superannuation,Listed Equity,ZANGGE MINING CO. LTD.,000408 C2,BB Ticker,China,,,
Lifecycle_Balanced_Pool_Superannuation,Listed Equity,"EXPONENT, INC.",EXPO US,BB Ticker,United States,,,
Lifecycle_Balanced_Pool_Superannuation,Listed Equity,LG H&H CO. LTD.,051900 KS,BB Ticker,South Korea,,,
Lifecycle_Balanced_Pool_Superannuation,Listed Equity,ZURN ELKAY WATER SOLUTIONS CORP.,ZWS US,BB Ticker,United States,,,
Lifecycle_Balanced_Pool_Superannuation,Listed Equity,CHINA EVERBRIGHT BANK CO. LTD.,601818 C1,BB Ticker,China,,,
Lifecycle_Balanced_Pool_Superannuation,Listed Equity,"BELDEN, INC.",BDC US,BB Ticker,United States,,,
Lifecycle_Balanced_Pool_Superannuation,Listed Equity,"ZIFF DAVIS, INC.",ZD US,BB Ticker,United States,,,
Lifecycle_Balanced_Pool_Superannuation,Listed Equity,JBS SA,JBSS3 BZ,BB Ticker,Brazil,,,
Lifecycle_Balanced_Pool_Superannuation,Listed Equity,REALIA BUSINESS SA,RLIA SM,BB Ticker,Spain,,,
Lifecycle_Balanced_Pool_Superannuation,Listed Equity,"BANKUNITED, INC.",BKU US,BB Ticker,United States,,,
Lifecycle_Balanced_Pool_Superannuation,Listed Equity,VIENNA INSURANCE GROUP AG WIENER VERSICHERUNG GRUPPE,VIG AV,BB Ticker,Austria,,,
Lifecycle_Balanced_Pool_Superannuation,Listed Equity,TRIVENI TURBINE LTD.,TRIV IN,BB Ticker,India,,,
Lifecycle_Balanced_Pool_Superannuation,Listed Equity,TSUGAMI CORP.,6101 JP,BB Ticker,Japan,,,
Lifecycle_Balanced_Pool_Superannuation,Listed Equity,"CONSTRUCTION PARTNERS, INC.",ROAD US,BB Ticker,United States,,,
Lifecycle_Balanced_Pool_Superannuation,Listed Equity,HUATAI SECURITIES CO. LTD.,601688 C1,BB Ticker,China,,,
Lifecycle_Balanced_Pool_Superannuation,Listed Equity,CASTROL INDIA LTD.,CSTRL IN,BB Ticker,India,,,
Lifecycle_Balanced_Pool_Superannuation,Listed Equity,KUMBA IRON ORE LTD.,KIO SJ,BB Ticker,South Africa,,,
Lifecycle_Balanced_Pool_Superannuation,Listed Equity,SAKATA INX CORP.,4633 JP,BB Ticker,Japan,,,
Lifecycle_Balanced_Pool_Superannuation,Listed Equity,BAKKAFROST P,BAKKA NO,BB Ticker,Belgium,,,
Lifecycle_Balanced_Pool_Superannuation,Listed Equity,"GREENBRIER COS., INC.",GBX US,BB Ticker,United States,,,
Lifecycle_Balanced_Pool_Superannuation,Listed Equity,NCR VOYIX CORP.,VYX US,BB Ticker,United States,,,
Lifecycle_Balanced_Pool_Superannuation,Listed Equity,"CELSIUS HOLDINGS, INC.",CELH US,BB Ticker,United States,,,
Lifecycle_Balanced_Pool_Superannuation,Listed Equity,UNIQA INSURANCE GROUP AG,UQA AV,BB Ticker,Austria,,,
Lifecycle_Balanced_Pool_Superannuation,Listed Equity,QUIDELORTHO CORP.,QDEL US,BB Ticker,United States,,,
Lifecycle_Balanced_Pool_Superannuation,Listed Equity,ESAB CORP.,ESAB US,BB Ticker,United States,,,
Lifecycle_Balanced_Pool_Superannuation,Listed Equity,CHINA GAS HOLDINGS LTD.,384 HK,BB Ticker,Hong Kong,,,
Lifecycle_Balanced_Pool_Superannuation,Listed Equity,"STEELCASE, INC.",SCS US,BB Ticker,United States,,,
Lifecycle_Balanced_Pool_Superannuation,Listed Equity,H LUNDBECK AS,HLUNB DC,BB Ticker,Denmark,,,
Lifecycle_Balanced_Pool_Superannuation,Listed Equity,"EOG RESOURCES, INC.",EOG US,BB Ticker,United States,,,
Lifecycle_Balanced_Pool_Superannuation,Listed Equity,"EURONET WORLDWIDE, INC.",EEFT US,BB Ticker,United States,,,
Lifecycle_Balanced_Pool_Superannuation,Listed Equity,"REVOLUTION MEDICINES, INC.",RVMD US,BB Ticker,United States,,,
Lifecycle_Balanced_Pool_Superannuation,Listed Equity,"ADT, INC.",ADT US,BB Ticker,United States,,,
Lifecycle_Balanced_Pool_Superannuation,Listed Equity,EVERGREEN STEEL CORP.,2211 TT,BB Ticker,Taiwan,,,
Lifecycle_Balanced_Pool_Superannuation,Listed Equity,ODAKYU ELECTRIC RAILWAY CO. LTD.,9007 JP,BB Ticker,Japan,,,
Lifecycle_Balanced_Pool_Superannuation,Listed Equity,DL E&C CO. LTD.,375500 KS,BB Ticker,South Korea,,,
Lifecycle_Balanced_Pool_Superannuation,Listed Equity,SAPPORO HOLDINGS LTD.,2501 JP,BB Ticker,Japan,,,
Lifecycle_Balanced_Pool_Superannuation,Listed Equity,"EVERCORE, INC.",EVR US,BB Ticker,United States,,,
Lifecycle_Balanced_Pool_Superannuation,Listed Equity,"HOWARD HUGHES HOLDINGS, INC.",HHH US,BB Ticker,United States,,,
Lifecycle_Balanced_Pool_Superannuation,Listed Equity,KUNLUN ENERGY CO. LTD.,135 HK,BB Ticker,Hong Kong,,,
Lifecycle_Balanced_Pool_Superannuation,Listed Equity,"ALTAIR ENGINEERING, INC.",ALTR US,BB Ticker,United States,,,
Lifecycle_Balanced_Pool_Superannuation,Listed Equity,MONOTARO CO. LTD.,3064 JP,BB Ticker,Japan,,,
Lifecycle_Balanced_Pool_Superannuation,Listed Equity,TIME DOTCOM BHD.,TDC MK,BB Ticker,Malaysia,,,
Lifecycle_Balanced_Pool_Superannuation,Listed Equity,CONCENTRIX CORP.,CNXC US,BB Ticker,United States,,,
Lifecycle_Balanced_Pool_Superannuation,Listed Equity,UBISOFT ENTERTAINMENT SA,UBI FP,BB Ticker,France,,,
Lifecycle_Balanced_Pool_Superannuation,Listed Equity,IHH HEALTHCARE BHD.,IHH MK,BB Ticker,Malaysia,,,
Lifecycle_Balanced_Pool_Superannuation,Listed Equity,MPHASIS LTD.,MPHL IN,BB Ticker,India,,,
Lifecycle_Balanced_Pool_Superannuation,Listed Equity,PROMOTORA Y OPERADORA DE INFRAESTRUCTURA SAB DE CV,PINFRA MM,BB Ticker,Mexico,,,
Lifecycle_Balanced_Pool_Superannuation,Listed Equity,"MAPLEBEAR, INC.",CART US,BB Ticker,United States,,,
Lifecycle_Balanced_Pool_Superannuation,Listed Equity,ECOPRO CO. LTD.,086520 KS,BB Ticker,South Korea,,,
Lifecycle_Balanced_Pool_Superannuation,Listed Equity,"BANC OF CALIFORNIA, INC.",BANC US,BB Ticker,United States,,,
Lifecycle_Balanced_Pool_Superannuation,Listed Equity,"NIPPON TELEVISION HOLDINGS, INC.",9404 JP,BB Ticker,Japan,,,
Lifecycle_Balanced_Pool_Superannuation,Listed Equity,"NIPPON EXPRESS HOLDINGS, INC.",9147 JP,BB Ticker,Japan,,,
Lifecycle_Balanced_Pool_Superannuation,Listed Equity,RPMGLOBAL HOLDINGS LTD.,RUL AU,BB Ticker,Australia,,,
Lifecycle_Balanced_Pool_Superannuation,Listed Equity,FORTUNA MINING CORP.,FVI CN,BB Ticker,Canada,,,
Lifecycle_Balanced_Pool_Superannuation,Listed Equity,AZRIELI GROUP LTD.,AZRG IT,BB Ticker,Israel,,,
Lifecycle_Balanced_Pool_Superannuation,Listed Equity,FORAN MINING CORP.,FOM CN,BB Ticker,Canada,,,
Lifecycle_Balanced_Pool_Superannuation,Listed Equity,IJM CORP. BHD.,IJM MK,BB Ticker,Malaysia,,,
Lifecycle_Balanced_Pool_Superannuation,Listed Equity,"CONFLUENT, INC.",CFLT US,BB Ticker,United States,,,
Lifecycle_Balanced_Pool_Superannuation,Listed Equity,"MIRION TECHNOLOGIES, INC.",MIR US,BB Ticker,United States,,,
Lifecycle_Balanced_Pool_Superannuation,Listed Equity,JOHNSON SERVICE GROUP PLC,JSG LN,BB Ticker,United Kingdom,,,
Lifecycle_Balanced_Pool_Superannuation,Listed Equity,"MITSUBISHI GAS CHEMICAL CO., INC.",4182 JP,BB Ticker,Japan,,,
Lifecycle_Balanced_Pool_Superannuation,Listed Equity,BANK OF HANGZHOU CO. LTD.,600926 C1,BB Ticker,China,,,
Lifecycle_Balanced_Pool_Superannuation,Listed Equity,"CORCEPT THERAPEUTICS, INC.",CORT US,BB Ticker,United States,,,
Lifecycle_Balanced_Pool_Superannuation,Listed Equity,TAIWAN MOBILE CO. LTD.,3045 TT,BB Ticker,Taiwan,,,
Lifecycle_Balanced_Pool_Superannuation,Listed Equity,ONE 97 COMMUNICATIONS LTD.,PAYTM IN,BB Ticker,India,,,
Lifecycle_Balanced_Pool_Superannuation,Listed Equity,"RADNET, INC.",RDNT US,BB Ticker,United States,,,
Lifecycle_Balanced_Pool_Superannuation,Listed Equity,COFORGE LTD.,COFORGE IN,BB Ticker,India,,,
Lifecycle_Balanced_Pool_Superannuation,Listed Equity,"IRIDIUM COMMUNICATIONS, INC.",IRDM US,BB Ticker,United States,,,
Lifecycle_Balanced_Pool_Superannuation,Listed Equity,TOKYO TATEMONO CO. LTD.,8804 JP,BB Ticker,Japan,,,
Lifecycle_Balanced_Pool_Superannuation,Listed Equity,HILL & SMITH PLC,HILS LN,BB Ticker,United Kingdom,,,
Lifecycle_Balanced_Pool_Superannuation,Listed Equity,LA FRANCAISE DES JEUX SACA,FDJ FP,BB Ticker,France,,,
Lifecycle_Balanced_Pool_Superannuation,Listed Equity,SHANGHAI PUTAILAI NEW ENERGY TECHNOLOGY CO. LTD.,603659 C1,BB Ticker,China,,,
Lifecycle_Balanced_Pool_Superannuation,Listed Equity,AUSTRALIAN ETHICAL INVESTMENT LTD.,AEF AU,BB Ticker,Australia,,,
Lifecycle_Balanced_Pool_Superannuation,Listed Equity,KOREAN AIR LINES CO. LTD.,003490 KS,BB Ticker,South Korea,,,
Lifecycle_Balanced_Pool_Superannuation,Listed Equity,CHINA EVERBRIGHT BANK CO. LTD.,6818 HK,BB Ticker,Hong Kong,,,
Lifecycle_Balanced_Pool_Superannuation,Listed Equity,NOVONIX LTD.,NVX AU,BB Ticker,Australia,,,
Lifecycle_Balanced_Pool_Superannuation,Listed Equity,NOVA LTD.,NVMI IT,BB Ticker,Israel,,,
Lifecycle_Balanced_Pool_Superannuation,Listed Equity,MAJOR CINEPLEX GROUP PCL,MAJORF TB,BB Ticker,Thailand,,,
Lifecycle_Balanced_Pool_Superannuation,Listed Equity,IBIDEN CO. LTD.,4062 JP,BB Ticker,Japan,,,
Lifecycle_Balanced_Pool_Superannuation,Listed Equity,GULF CABLES & ELECTRICAL INDUSTRIES GROUP CO. KSCP,CABLE KK,BB Ticker,Kuwait,,,
Lifecycle_Balanced_Pool_Superannuation,Listed Equity,INDOSAT TBK. PT,ISAT IJ,BB Ticker,Indonesia,,,
Lifecycle_Balanced_Pool_Superannuation,Listed Equity,TIANQI LITHIUM CORP.,002466 C2,BB Ticker,China,,,
Lifecycle_Balanced_Pool_Superannuation,Listed Equity,MABANEE CO. KPSC,MABANEE KK,BB Ticker,Kuwait,,,
Lifecycle_Balanced_Pool_Superannuation,Listed Equity,LOOMIS AB,LOOMIS SS,BB Ticker,Sweden,,,
Lifecycle_Balanced_Pool_Superannuation,Listed Equity,SAN-AI OBBLI CO. LTD.,8097 JP,BB Ticker,Japan,,,
Lifecycle_Balanced_Pool_Superannuation,Listed Equity,JIANGSU EXPRESSWAY CO. LTD.,177 HK,BB Ticker,Hong Kong,,,
Lifecycle_Balanced_Pool_Superannuation,Listed Equity,"LUCID GROUP, INC.",LCID US,BB Ticker,United States,,,
Lifecycle_Balanced_Pool_Superannuation,Listed Equity,ORACLE CORP. JAPAN,4716 JP,BB Ticker,Japan,,,
Lifecycle_Balanced_Pool_Superannuation,Listed Equity,FINVOLUTION GROUP,FINV US,BB Ticker,United States,,,
Lifecycle_Balanced_Pool_Superannuation,Listed Equity,ZENSHO HOLDINGS CO. LTD.,7550 JP,BB Ticker,Japan,,,
Lifecycle_Balanced_Pool_Superannuation,Listed Equity,TRELLEBORG AB,TRELB SS,BB Ticker,Sweden,,,
Lifecycle_Balanced_Pool_Superannuation,Listed Equity,SYNTHOMER PLC,SYNT LN,BB Ticker,United Kingdom,,,
Lifecycle_Balanced_Pool_Superannuation,Listed Equity,"SHIFT4 PAYMENTS, INC.",FOUR US,BB Ticker,United States,,,
Lifecycle_Balanced_Pool_Superannuation,Listed Equity,HANWA CO. LTD.,8078 JP,BB Ticker,Japan,,,
Lifecycle_Balanced_Pool_Superannuation,Listed Equity,NKT AS,NKT DC,BB Ticker,Denmark,,,
Lifecycle_Balanced_Pool_Superannuation,Listed Equity,ROIVANT SCIENCES LTD.,ROIV US,BB Ticker,United States,,,
Lifecycle_Balanced_Pool_Superannuation,Listed Equity,"MIXI, INC.",2121 JP,BB Ticker,Japan,,,
Lifecycle_Balanced_Pool_Superannuation,Listed Equity,"PHREESIA, INC.",PHR US,BB Ticker,United States,,,
Lifecycle_Balanced_Pool_Superannuation,Listed Equity,"DIANA SHIPPING, INC.",DSX US,BB Ticker,United States,,,
Lifecycle_Balanced_Pool_Superannuation,Listed Equity,EUROPRIS ASA,EPR NO,BB Ticker,Belgium,,,
Lifecycle_Balanced_Pool_Superannuation,Listed Equity,"MODEC, INC.",6269 JP,BB Ticker,Japan,,,
Lifecycle_Balanced_Pool_Superannuation,Listed Equity,BANK OF BARODA,BOB IN,BB Ticker,India,,,
Lifecycle_Balanced_Pool_Superannuation,Listed Equity,YANG MING MARINE TRANSPORT CORP.,2609 TT,BB Ticker,Taiwan,,,
Lifecycle_Balanced_Pool_Superannuation,Listed Equity,"REDDIT, INC.",RDDT US,BB Ticker,United States,,,
Lifecycle_Balanced_Pool_Superannuation,Listed Equity,KING YUAN ELECTRONICS CO. LTD.,2449 TT,BB Ticker,Taiwan,,,
Lifecycle_Balanced_Pool_Superannuation,Listed Equity,MANAPPURAM FINANCE LTD.,MGFL IN,BB Ticker,India,,,
Lifecycle_Balanced_Pool_Superannuation,Listed Equity,BEAZLEY PLC,BEZ LN,BB Ticker,United Kingdom,,,
Lifecycle_Balanced_Pool_Superannuation,Listed Equity,SILERGY CORP.,6415 TT,BB Ticker,Taiwan,,,
Lifecycle_Balanced_Pool_Superannuation,Listed Equity,"DARLING INGREDIENTS, INC.",DAR US,BB Ticker,United States,,,
Lifecycle_Balanced_Pool_Superannuation,Listed Equity,"DUTCH BROS, INC.",BROS US,BB Ticker,United States,,,
Lifecycle_Balanced_Pool_Superannuation,Listed Equity,BROTHER INDUSTRIES LTD.,6448 JP,BB Ticker,Japan,,,
Lifecycle_Balanced_Pool_Superannuation,Listed Equity,"OLLIE'S BARGAIN OUTLET HOLDINGS, INC.",OLLI US,BB Ticker,United States,,,
Lifecycle_Balanced_Pool_Superannuation,Listed Equity,ORGANON & CO.,OGN US,BB Ticker,United States,,,
Lifecycle_Balanced_Pool_Superannuation,Listed Equity,HAL TRUST,HAL NA,BB Ticker,Netherlands,,,
Lifecycle_Balanced_Pool_Superannuation,Listed Equity,HAREL INSURANCE INVESTMENTS & FINANCIAL SERVICES LTD.,HARL IT,BB Ticker,Israel,,,
Lifecycle_Balanced_Pool_Superannuation,Listed Equity,CAPITAL SECURITIES CO. LTD.,601136 C1,BB Ticker,China,,,
Lifecycle_Balanced_Pool_Superannuation,Listed Equity,PENNON GROUP PLC,PNN LN,BB Ticker,United Kingdom,,,
Lifecycle_Balanced_Pool_Superannuation,Listed Equity,GRUPO CARSO SAB DE CV,GCARSOA1 MM,BB Ticker,Mexico,,,
Lifecycle_Balanced_Pool_Superannuation,Listed Equity,AVOLTA AG,AVOL SW,BB Ticker,Switzerland,,,
Lifecycle_Balanced_Pool_Superannuation,Listed Equity,"HELMERICH & PAYNE, INC.",HP US,BB Ticker,United States,,,
Lifecycle_Balanced_Pool_Superannuation,Listed Equity,ZETA GLOBAL HOLDINGS CORP.,ZETA US,BB Ticker,United States,,,
Lifecycle_Balanced_Pool_Superannuation,Listed Equity,FRANCO-NEVADA CORP.,FNV US,BB Ticker,United States,,,
Lifecycle_Balanced_Pool_Superannuation,Listed Equity,SANTANDER BANK POLSKA SA,SPL PW,BB Ticker,Poland,,,
Lifecycle_Balanced_Pool_Superannuation,Listed Equity,"VIKING THERAPEUTICS, INC.",VKTX US,BB Ticker,United States,,,
Lifecycle_Balanced_Pool_Superannuation,Listed Equity,QATAR ALUMINUM MANUFACTURING CO.,QAMC QD,BB Ticker,Qatar,,,
Lifecycle_Balanced_Pool_Superannuation,Listed Equity,TURKCELL ILETISIM HIZMETLERI AS,TKC US,BB Ticker,United States,,,
Lifecycle_Balanced_Pool_Superannuation,Listed Equity,"GMS, INC.",GMS US,BB Ticker,United States,,,
Lifecycle_Balanced_Pool_Superannuation,Listed Equity,FEDERAL SIGNAL CORP.,FSS US,BB Ticker,United States,,,
Lifecycle_Balanced_Pool_Superannuation,Listed Equity,CENTRUS ENERGY CORP.,LEU US,BB Ticker,United States,,,
Lifecycle_Balanced_Pool_Superannuation,Listed Equity,BASF INDIA LTD.,BASF IN,BB Ticker,India,,,
Lifecycle_Balanced_Pool_Superannuation,Listed Equity,"OVINTIV, INC.",OVV US,BB Ticker,United States,,,
Lifecycle_Balanced_Pool_Superannuation,Listed Equity,"ADVANCED ENERGY INDUSTRIES, INC.",AEIS US,BB Ticker,United States,,,
Lifecycle_Balanced_Pool_Superannuation,Listed Equity,WD-40 CO.,WDFC US,BB Ticker,United States,,,
Lifecycle_Balanced_Pool_Superannuation,Listed Equity,BANK SYARIAH INDONESIA TBK. PT,BRIS IJ,BB Ticker,Indonesia,,,
Lifecycle_Balanced_Pool_Superannuation,Listed Equity,"AMKOR TECHNOLOGY, INC.",AMKR US,BB Ticker,United States,,,
Lifecycle_Balanced_Pool_Superannuation,Listed Equity,"CBIZ, INC.",CBZ US,BB Ticker,United States,,,
Lifecycle_Balanced_Pool_Superannuation,Listed Equity,BILLERUD AKTIEBOLAG,BILL SS,BB Ticker,Sweden,,,
Lifecycle_Balanced_Pool_Superannuation,Listed Equity,GRUPO FINANCIERO INBURSA SAB DE CV,GFINBURO MM,BB Ticker,Mexico,,,
Lifecycle_Balanced_Pool_Superannuation,Listed Equity,"KULICKE & SOFFA INDUSTRIES, INC.",KLIC US,BB Ticker,United States,,,
Lifecycle_Balanced_Pool_Superannuation,Listed Equity,"HURON CONSULTING GROUP, INC.",HURN US,BB Ticker,United States,,,
Lifecycle_Balanced_Pool_Superannuation,Listed Equity,"PRESTIGE CONSUMER HEALTHCARE, INC.",PBH US,BB Ticker,United States,,,
Lifecycle_Balanced_Pool_Superannuation,Listed Equity,KOHL'S CORP.,KSS US,BB Ticker,United States,,,
Lifecycle_Balanced_Pool_Superannuation,Listed Equity,"SILICON LABORATORIES, INC.",SLAB US,BB Ticker,United States,,,
Lifecycle_Balanced_Pool_Superannuation,Listed Equity,FIRST FINANCIAL BANCORP,FFBC US,BB Ticker,United States,,,
Lifecycle_Balanced_Pool_Superannuation,Listed Equity,CHUGOKU MARINE PAINTS LTD.,4617 JP,BB Ticker,Japan,,,
Lifecycle_Balanced_Pool_Superannuation,Listed Equity,NAHDI MEDICAL CO.,NAHDI AB,BB Ticker,Saudi Arabia,,,
Lifecycle_Balanced_Pool_Superannuation,Listed Equity,TOMRA SYSTEMS ASA,TOM NO,BB Ticker,Belgium,,,
Lifecycle_Balanced_Pool_Superannuation,Listed Equity,"KADANT, INC.",KAI US,BB Ticker,United States,,,
Lifecycle_Balanced_Pool_Superannuation,Listed Equity,TSUTSUMI JEWELRY CO. LTD.,7937 JP,BB Ticker,Japan,,,
Lifecycle_Balanced_Pool_Superannuation,Listed Equity,TELECOM ITALIA SPA,TIT IM,BB Ticker,Italy,,,
Lifecycle_Balanced_Pool_Superannuation,Listed Equity,"ENPRO, INC.",NPO US,BB Ticker,United States,,,
Lifecycle_Balanced_Pool_Superannuation,Listed Equity,TWIST BIOSCIENCE CORP.,TWST US,BB Ticker,United States,,,
Lifecycle_Balanced_Pool_Superannuation,Listed Equity,OPTIMA BANK SA,OPTIMA GA,BB Ticker,Greece,,,
Lifecycle_Balanced_Pool_Superannuation,Listed Equity,"MORNINGSTAR, INC.",MORN US,BB Ticker,United States,,,
Lifecycle_Balanced_Pool_Superannuation,Listed Equity,"BAYCURRENT, INC.",6532 JP,BB Ticker,Japan,,,
Lifecycle_Balanced_Pool_Superannuation,Listed Equity,"ATKORE, INC.",ATKR US,BB Ticker,United States,,,
Lifecycle_Balanced_Pool_Superannuation,Listed Equity,CLICKS GROUP LTD.,CLS SJ,BB Ticker,South Africa,,,
Lifecycle_Balanced_Pool_Superannuation,Listed Equity,"OVINTIV, INC.",OVV CN,BB Ticker,Canada,,,
Lifecycle_Balanced_Pool_Superannuation,Listed Equity,PREFERRED BANK,PFBC US,BB Ticker,United States,,,
Lifecycle_Balanced_Pool_Superannuation,Listed Equity,MURPHY OIL CORP.,MUR US,BB Ticker,United States,,,
Lifecycle_Balanced_Pool_Superannuation,Listed Equity,"NOMURA REAL ESTATE HOLDINGS, INC.",3231 JP,BB Ticker,Japan,,,
Lifecycle_Balanced_Pool_Superannuation,Listed Equity,"INSIGHT ENTERPRISES, INC.",NSIT US,BB Ticker,United States,,,
Lifecycle_Balanced_Pool_Superannuation,Listed Equity,"ROGERS COMMUNICATIONS, INC.",RCI US,BB Ticker,United States,,,
Lifecycle_Balanced_Pool_Superannuation,Listed Equity,YINSON HOLDINGS BHD.,YNS MK,BB Ticker,Malaysia,,,
Lifecycle_Balanced_Pool_Superannuation,Listed Equity,POSCO FUTURE M CO. LTD.,003670 KS,BB Ticker,South Korea,,,
Lifecycle_Balanced_Pool_Superannuation,Listed Equity,CUSCAL LTD.,CCL AU,BB Ticker,Australia,,,
Lifecycle_Balanced_Pool_Superannuation,Listed Equity,"MADRIGAL PHARMACEUTICALS, INC.",MDGL US,BB Ticker,United States,,,
Lifecycle_Balanced_Pool_Superannuation,Listed Equity,EQUATORIAL ENERGIA SA,EQTL3 BZ,BB Ticker,Brazil,,,
Lifecycle_Balanced_Pool_Superannuation,Listed Equity,ABU DHABI NATIONAL OIL CO. FOR DISTRIBUTION PJSC,ADNOCDIS UH,BB Ticker,United Arab Emirates,,,
Lifecycle_Balanced_Pool_Superannuation,Listed Equity,"ARITZIA, INC.",ATZ CN,BB Ticker,Canada,,,
Lifecycle_Balanced_Pool_Superannuation,Listed Equity,TOKAI HOLDINGS CORP.,3167 JP,BB Ticker,Japan,,,
Lifecycle_Balanced_Pool_Superannuation,Listed Equity,LOTES CO. LTD.,3533 TT,BB Ticker,Taiwan,,,
Lifecycle_Balanced_Pool_Superannuation,Listed Equity,CENTRAL DEPOSITORY SERVICES INDIA LTD.,CDSL IN,BB Ticker,India,,,
Lifecycle_Balanced_Pool_Superannuation,Listed Equity,KIRBY CORP.,KEX US,BB Ticker,United States,,,
Lifecycle_Balanced_Pool_Superannuation,Listed Equity,"MUELLER WATER PRODUCTS, INC.",MWA US,BB Ticker,United States,,,
Lifecycle_Balanced_Pool_Superannuation,Listed Equity,HOSHIZAKI CORP.,6465 JP,BB Ticker,Japan,,,
Lifecycle_Balanced_Pool_Superannuation,Listed Equity,"ACADEMY SPORTS & OUTDOORS, INC.",ASO US,BB Ticker,United States,,,
Lifecycle_Balanced_Pool_Superannuation,Listed Equity,ENDEAVOUR MINING PLC,EDV LN,BB Ticker,United Kingdom,,,
Lifecycle_Balanced_Pool_Superannuation,Listed Equity,"ZOOMINFO TECHNOLOGIES, INC.",ZI US,BB Ticker,United States,,,
Lifecycle_Balanced_Pool_Superannuation,Listed Equity,HAIER SMART HOME CO. LTD.,600690 C1,BB Ticker,China,,,
Lifecycle_Balanced_Pool_Superannuation,Listed Equity,SHELF DRILLING LTD.,SHLF NO,BB Ticker,Belgium,,,
Lifecycle_Balanced_Pool_Superannuation,Listed Equity,FRASERS GROUP PLC,FRAS LN,BB Ticker,United Kingdom,,,
Lifecycle_Balanced_Pool_Superannuation,Listed Equity,"JUROKU FINANCIAL GROUP, INC.",7380 JP,BB Ticker,Japan,,,
Lifecycle_Balanced_Pool_Superannuation,Listed Equity,"BOSTON BEER CO., INC.",SAM US,BB Ticker,United States,,,
Lifecycle_Balanced_Pool_Superannuation,Listed Equity,CADENCE BANK,CADE US,BB Ticker,United States,,,
Lifecycle_Balanced_Pool_Superannuation,Listed Equity,SANRIO CO. LTD.,8136 JP,BB Ticker,Japan,,,
Lifecycle_Balanced_Pool_Superannuation,Listed Equity,A2A SPA,A2A IM,BB Ticker,Italy,,,
Lifecycle_Balanced_Pool_Superannuation,Listed Equity,SOLAR APPLIED MATERIALS TECHNOLOGY CORP.,1785 TT,BB Ticker,Taiwan,,,
Lifecycle_Balanced_Pool_Superannuation,Listed Equity,TYRO PAYMENTS LTD.,TYR AU,BB Ticker,Australia,,,
Lifecycle_Balanced_Pool_Superannuation,Listed Equity,RALLIS INDIA LTD.,RALI IN,BB Ticker,India,,,
Lifecycle_Balanced_Pool_Superannuation,Listed Equity,"BRIDGEBIO PHARMA, INC.",BBIO US,BB Ticker,United States,,,
Lifecycle_Balanced_Pool_Superannuation,Listed Equity,RH,RH US,BB Ticker,United States,,,
Lifecycle_Balanced_Pool_Superannuation,Listed Equity,GENERAL INTERFACE SOLUTION HOLDING LTD.,6456 TT,BB Ticker,Taiwan,,,
Lifecycle_Balanced_Pool_Superannuation,Listed Equity,SEMTECH CORP.,SMTC US,BB Ticker,United States,,,
Lifecycle_Balanced_Pool_Superannuation,Listed Equity,WEICHAI POWER CO. LTD.,2338 HK,BB Ticker,Hong Kong,,,
Lifecycle_Balanced_Pool_Superannuation,Listed Equity,"UPSTART HOLDINGS, INC.",UPST US,BB Ticker,United States,,,
Lifecycle_Balanced_Pool_Superannuation,Listed Equity,CANADIAN WESTERN BANK,CWB CN,BB Ticker,Canada,,,
Lifecycle_Balanced_Pool_Superannuation,Listed Equity,GUZMAN Y GOMEZ LTD.,GYG AU,BB Ticker,Australia,,,
Lifecycle_Balanced_Pool_Superannuation,Listed Equity,"UNITED NATURAL FOODS, INC.",UNFI US,BB Ticker,United States,,,
Lifecycle_Balanced_Pool_Superannuation,Listed Equity,THANACHART CAPITAL PCL,TCAPF TB,BB Ticker,Thailand,,,
Lifecycle_Balanced_Pool_Superannuation,Listed Equity,"MONTAUK RENEWABLES, INC.",MKR SJ,BB Ticker,South Africa,,,
Lifecycle_Balanced_Pool_Superannuation,Listed Equity,OFX GROUP LTD.,OFX AU,BB Ticker,Australia,,,
Lifecycle_Balanced_Pool_Superannuation,Listed Equity,GATES INDUSTRIAL CORP. PLC,GTES US,BB Ticker,United States,,,
Lifecycle_Balanced_Pool_Superannuation,Listed Equity,"PENNYMAC FINANCIAL SERVICES, INC.",PFSI US,BB Ticker,United States,,,
Lifecycle_Balanced_Pool_Superannuation,Listed Equity,TOHO CO. LTD.,9602 JP,BB Ticker,Japan,,,
Lifecycle_Balanced_Pool_Superannuation,Listed Equity,JOHN BEAN TECHNOLOGIES CORP.,JBT US,BB Ticker,United States,,,
Lifecycle_Balanced_Pool_Superannuation,Listed Equity,ELIS SA,ELIS FP,BB Ticker,France,,,
Lifecycle_Balanced_Pool_Superannuation,Listed Equity,MCGRATH RENTCORP,MGRC US,BB Ticker,United States,,,
Lifecycle_Balanced_Pool_Superannuation,Listed Equity,"DOOSAN BOBCAT, INC.",241560 KS,BB Ticker,South Korea,,,
Lifecycle_Balanced_Pool_Superannuation,Listed Equity,"CARGURUS, INC.",CARG US,BB Ticker,United States,,,
Lifecycle_Balanced_Pool_Superannuation,Listed Equity,SCHIBSTED ASA,SCHA NO,BB Ticker,Belgium,,,
Lifecycle_Balanced_Pool_Superannuation,Listed Equity,JAPAN AIRPORT TERMINAL CO. LTD.,9706 JP,BB Ticker,Japan,,,
Lifecycle_Balanced_Pool_Superannuation,Listed Equity,SCSK CORP.,9719 JP,BB Ticker,Japan,,,
Lifecycle_Balanced_Pool_Superannuation,Listed Equity,REINET INVESTMENTS SCA,RNI SJ,BB Ticker,South Africa,,,
Lifecycle_Balanced_Pool_Superannuation,Listed Equity,"FORTIS, INC.",FTS CN,BB Ticker,Canada,,,
Lifecycle_Balanced_Pool_Superannuation,Listed Equity,INTEGER HOLDINGS CORP.,ITGR US,BB Ticker,United States,,,
Lifecycle_Balanced_Pool_Superannuation,Listed Equity,NAURA TECHNOLOGY GROUP CO. LTD.,002371 C2,BB Ticker,China,,,
Lifecycle_Balanced_Pool_Superannuation,Listed Equity,BANCO SANTANDER CHILE,BSAN CI,BB Ticker,Chile,,,
Lifecycle_Balanced_Pool_Superannuation,Listed Equity,"DORMAN PRODUCTS, INC.",DORM US,BB Ticker,United States,,,
Lifecycle_Balanced_Pool_Superannuation,Listed Equity,BANDHAN BANK LTD.,BANDHAN IN,BB Ticker,India,,,
Lifecycle_Balanced_Pool_Superannuation,Listed Equity,ECHOSTAR CORP.,SATS US,BB Ticker,United States,,,
Lifecycle_Balanced_Pool_Superannuation,Listed Equity,KPIT TECHNOLOGIES LTD.,KPITTECH IN,BB Ticker,India,,,
Lifecycle_Balanced_Pool_Superannuation,Listed Equity,"ZOZO, INC.",3092 JP,BB Ticker,Japan,,,
Lifecycle_Balanced_Pool_Superannuation,Listed Equity,"RUSH ENTERPRISES, INC.",RUSHA US,BB Ticker,United States,,,
Lifecycle_Balanced_Pool_Superannuation,Listed Equity,"BLACKBAUD, INC.",BLKB US,BB Ticker,United States,,,
Lifecycle_Balanced_Pool_Superannuation,Listed Equity,TALANX AG,TLX GR,BB Ticker,Germany,,,
Lifecycle_Balanced_Pool_Superannuation,Listed Equity,AMALGAMATED FINANCIAL CORP.,AMAL US,BB Ticker,United States,,,
Lifecycle_Balanced_Pool_Superannuation,Listed Equity,OPAP SA,OPAP GA,BB Ticker,Greece,,,
Lifecycle_Balanced_Pool_Superannuation,Listed Equity,"SHAKE SHACK, INC.",SHAK US,BB Ticker,United States,,,
Lifecycle_Balanced_Pool_Superannuation,Listed Equity,INDOFOOD SUKSES MAKMUR TBK. PT,INDF IJ,BB Ticker,Indonesia,,,
Lifecycle_Balanced_Pool_Superannuation,Listed Equity,SIGNET JEWELERS LTD.,SIG US,BB Ticker,United States,,,
Lifecycle_Balanced_Pool_Superannuation,Listed Equity,TP ICAP GROUP PLC,TCAP LN,BB Ticker,United Kingdom,,,
Lifecycle_Balanced_Pool_Superannuation,Listed Equity,ALKHORAYEF WATER & POWER TECHNOLOGIES CO.,AWPT AB,BB Ticker,Saudi Arabia,,,
Lifecycle_Balanced_Pool_Superannuation,Listed Equity,KANAMOTO CO. LTD.,9678 JP,BB Ticker,Japan,,,
Lifecycle_Balanced_Pool_Superannuation,Listed Equity,"CRINETICS PHARMACEUTICALS, INC.",CRNX US,BB Ticker,United States,,,
Lifecycle_Balanced_Pool_Superannuation,Listed Equity,KINPO ELECTRONICS,2312 TT,BB Ticker,Taiwan,,,
Lifecycle_Balanced_Pool_Superannuation,Listed Equity,37 INTERACTIVE ENTERTAINMENT NETWORK TECHNOLOGY GROUP CO. LTD.,002555 C2,BB Ticker,China,,,
Lifecycle_Balanced_Pool_Superannuation,Listed Equity,LOJAS RENNER SA,LREN3 BZ,BB Ticker,Brazil,,,
Lifecycle_Balanced_Pool_Superannuation,Listed Equity,VIVENDI SE,VIV FP,BB Ticker,France,,,
Lifecycle_Balanced_Pool_Superannuation,Listed Equity,KING SLIDE WORKS CO. LTD.,2059 TT,BB Ticker,Taiwan,,,
Lifecycle_Balanced_Pool_Superannuation,Listed Equity,ENERFLEX LTD.,EFX CN,BB Ticker,Canada,,,
Lifecycle_Balanced_Pool_Superannuation,Listed Equity,"HOKUHOKU FINANCIAL GROUP, INC.",8377 JP,BB Ticker,Japan,,,
Lifecycle_Balanced_Pool_Superannuation,Listed Equity,ENERPAC TOOL GROUP CORP.,EPAC US,BB Ticker,United States,,,
Lifecycle_Balanced_Pool_Superannuation,Listed Equity,BEIJER REF AB,BEIJB SS,BB Ticker,Sweden,,,
Lifecycle_Balanced_Pool_Superannuation,Listed Equity,LOTUS BAKERIES NV,LOTB BB,BB Ticker,Belgium,,,
Lifecycle_Balanced_Pool_Superannuation,Listed Equity,CRISPR THERAPEUTICS AG,CRSP US,BB Ticker,United States,,,
Lifecycle_Balanced_Pool_Superannuation,Listed Equity,"ACADIA HEALTHCARE CO., INC.",ACHC US,BB Ticker,United States,,,
Lifecycle_Balanced_Pool_Superannuation,Listed Equity,"XCEL ENERGY, INC.",XEL US,BB Ticker,United States,,,
Lifecycle_Balanced_Pool_Superannuation,Listed Equity,DEMANT AS,DEMANT DC,BB Ticker,Denmark,,,
Lifecycle_Balanced_Pool_Superannuation,Listed Equity,"CANNAE HOLDINGS, INC.",CNNE US,BB Ticker,United States,,,
Lifecycle_Balanced_Pool_Superannuation,Listed Equity,SOFINA SA,SOF BB,BB Ticker,Belgium,,,
Lifecycle_Balanced_Pool_Superannuation,Listed Equity,CHINA HONGQIAO GROUP LTD.,1378 HK,BB Ticker,Hong Kong,,,
Lifecycle_Balanced_Pool_Superannuation,Listed Equity,"QUEBECOR, INC.",QBRB CN,BB Ticker,Canada,,,
Lifecycle_Balanced_Pool_Superannuation,Listed Equity,NOJIMA CORP.,7419 JP,BB Ticker,Japan,,,
Lifecycle_Balanced_Pool_Superannuation,Listed Equity,"U.S. LIME & MINERALS, INC.",USLM US,BB Ticker,United States,,,
Lifecycle_Balanced_Pool_Superannuation,Listed Equity,INDUSTRIA DE DISENO TEXTIL SA,IDEXY US,BB Ticker,United States,,,
Lifecycle_Balanced_Pool_Superannuation,Listed Equity,BALRAMPUR CHINI MILLS LTD.,BRCM IN,BB Ticker,India,,,
Lifecycle_Balanced_Pool_Superannuation,Listed Equity,PRIMORIS SERVICES CORP.,PRIM US,BB Ticker,United States,,,
Lifecycle_Balanced_Pool_Superannuation,Listed Equity,UMB FINANCIAL CORP.,UMBF US,BB Ticker,United States,,,
Lifecycle_Balanced_Pool_Superannuation,Listed Equity,"JOHN WILEY & SONS, INC.",WLY US,BB Ticker,United States,,,
Lifecycle_Balanced_Pool_Superannuation,Listed Equity,LANCASHIRE HOLDINGS LTD.,LRE LN,BB Ticker,United Kingdom,,,
Lifecycle_Balanced_Pool_Superannuation,Listed Equity,DIRECT LINE INSURANCE GROUP PLC,DLG LN,BB Ticker,United Kingdom,,,
Lifecycle_Balanced_Pool_Superannuation,Listed Equity,NAVIN FLUORINE INTERNATIONAL LTD.,NFIL IN,BB Ticker,India,,,
Lifecycle_Balanced_Pool_Superannuation,Listed Equity,PAGE INDUSTRIES LTD.,PAG IN,BB Ticker,India,,,
Lifecycle_Balanced_Pool_Superannuation,Listed Equity,TOKYO GAS CO. LTD.,9531 JP,BB Ticker,Japan,,,
Lifecycle_Balanced_Pool_Superannuation,Listed Equity,ZHEJIANG EXPRESSWAY CO. LTD.,576 HK,BB Ticker,Hong Kong,,,
Lifecycle_Balanced_Pool_Superannuation,Listed Equity,AKER BP ASA,AKRBP NO,BB Ticker,Belgium,,,
Lifecycle_Balanced_Pool_Superannuation,Listed Equity,LB GROUP CO. LTD.,002601 C2,BB Ticker,China,,,
Lifecycle_Balanced_Pool_Superannuation,Listed Equity,"MONTAUK RENEWABLES, INC.",MNTK US,BB Ticker,United States,,,
Lifecycle_Balanced_Pool_Superannuation,Listed Equity,ANIMA HOLDING SPA,ANIM IM,BB Ticker,Italy,,,
Lifecycle_Balanced_Pool_Superannuation,Listed Equity,"MSA SAFETY, INC.",MSA US,BB Ticker,United States,,,
Lifecycle_Balanced_Pool_Superannuation,Listed Equity,ALTEN SA,ATE FP,BB Ticker,France,,,
Lifecycle_Balanced_Pool_Superannuation,Listed Equity,ARCELORMITTAL SA,MT US,BB Ticker,United States,,,
Lifecycle_Balanced_Pool_Superannuation,Listed Equity,"CCC INTELLIGENT SOLUTIONS HOLDINGS, INC.",CCCS US,BB Ticker,United States,,,
Lifecycle_Balanced_Pool_Superannuation,Listed Equity,"STRATEGIC EDUCATION, INC.",STRA US,BB Ticker,United States,,,
Lifecycle_Balanced_Pool_Superannuation,Listed Equity,"MERIT MEDICAL SYSTEMS, INC.",MMSI US,BB Ticker,United States,,,
Lifecycle_Balanced_Pool_Superannuation,Listed Equity,SPIE SA,SPIE FP,BB Ticker,France,,,
Lifecycle_Balanced_Pool_Superannuation,Listed Equity,"ENDEAVOR GROUP HOLDINGS, INC.",EDR US,BB Ticker,United States,,,
Lifecycle_Balanced_Pool_Superannuation,Listed Equity,NEW WORLD DEVELOPMENT CO. LTD.,17 HK,BB Ticker,Hong Kong,,,
Lifecycle_Balanced_Pool_Superannuation,Listed Equity,"BIZLINK HOLDING, INC.",3665 TT,BB Ticker,Taiwan,,,
Lifecycle_Balanced_Pool_Superannuation,Listed Equity,"DONALDSON CO., INC.",DCI US,BB Ticker,United States,,,
Lifecycle_Balanced_Pool_Superannuation,Listed Equity,FRONTLINE PLC,FRO NO,BB Ticker,Belgium,,,
Lifecycle_Balanced_Pool_Superannuation,Listed Equity,OFFSHORE OIL ENGINEERING CO. LTD.,600583 C1,BB Ticker,China,,,
Lifecycle_Balanced_Pool_Superannuation,Listed Equity,"UNITED BANKSHARES, INC.",UBSI US,BB Ticker,United States,,,
Lifecycle_Balanced_Pool_Superannuation,Listed Equity,PROXIMUS SADP,PROX BB,BB Ticker,Belgium,,,
Lifecycle_Balanced_Pool_Superannuation,Listed Equity,CHINA MERCHANTS EXPRESSWAY NETWORK & TECHNOLOGY HOLDINGS CO. LTD.,001965 C2,BB Ticker,China,,,
Lifecycle_Balanced_Pool_Superannuation,Listed Equity,"CATALYST PHARMACEUTICALS, INC.",CPRX US,BB Ticker,United States,,,
Lifecycle_Balanced_Pool_Superannuation,Listed Equity,ELDORADO GOLD CORP.,ELD CN,BB Ticker,Canada,,,
Lifecycle_Balanced_Pool_Superannuation,Listed Equity,SWCC CORP.,5805 JP,BB Ticker,Japan,,,
Lifecycle_Balanced_Pool_Superannuation,Listed Equity,ALLOS SA,ALOS3 BZ,BB Ticker,Brazil,,,
Lifecycle_Balanced_Pool_Superannuation,Listed Equity,ENI SPA,E US,BB Ticker,United States,,,
Lifecycle_Balanced_Pool_Superannuation,Listed Equity,"AXOS FINANCIAL, INC.",AX US,BB Ticker,United States,,,
Lifecycle_Balanced_Pool_Superannuation,Listed Equity,"SPIRIT AEROSYSTEMS HOLDINGS, INC.",SPR US,BB Ticker,United States,,,
Lifecycle_Balanced_Pool_Superannuation,Listed Equity,SAUDI TADAWUL GROUP HOLDING CO.,TADAWULG AB,BB Ticker,Saudi Arabia,,,
Lifecycle_Balanced_Pool_Superannuation,Listed Equity,BUMI RESOURCES MINERALS TBK. PT,BRMS IJ,BB Ticker,Indonesia,,,
Lifecycle_Balanced_Pool_Superannuation,Listed Equity,KONECRANES OYJ,KCR FH,BB Ticker,Finland,,,
Lifecycle_Balanced_Pool_Superannuation,Listed Equity,CHINA RARE EARTH RESOURCES & TECHNOLOGY CO. LTD.,000831 C2,BB Ticker,China,,,
Lifecycle_Balanced_Pool_Superannuation,Listed Equity,KONISHI CO. LTD.,4956 JP,BB Ticker,Japan,,,
Lifecycle_Balanced_Pool_Superannuation,Listed Equity,"ANDERSONS, INC.",ANDE US,BB Ticker,United States,,,
Lifecycle_Balanced_Pool_Superannuation,Listed Equity,CANAL & FRANCE SA,2533769D FP,BB Ticker,France,,,
Lifecycle_Balanced_Pool_Superannuation,Listed Equity,KINGDEE INTERNATIONAL SOFTWARE GROUP CO. LTD.,268 HK,BB Ticker,Hong Kong,,,
Lifecycle_Balanced_Pool_Superannuation,Listed Equity,ASTRAL LTD.,ASTRA IN,BB Ticker,India,,,
Lifecycle_Balanced_Pool_Superannuation,Listed Equity,PHARMARON BEIJING CO. LTD.,300759 C2,BB Ticker,China,,,
Lifecycle_Balanced_Pool_Superannuation,Listed Equity,NIKON CORP.,7731 JP,BB Ticker,Japan,,,
Lifecycle_Balanced_Pool_Superannuation,Listed Equity,SPECTRIS PLC,SXS LN,BB Ticker,United Kingdom,,,
Lifecycle_Balanced_Pool_Superannuation,Listed Equity,COMPUTER AGE MANAGEMENT SERVICES LTD.,CAMS IN,BB Ticker,India,,,
Lifecycle_Balanced_Pool_Superannuation,Listed Equity,"IAC, INC.",IAC US,BB Ticker,United States,,,
Lifecycle_Balanced_Pool_Superannuation,Listed Equity,SCB X PCL,SCBR TB,BB Ticker,Thailand,,,
Lifecycle_Balanced_Pool_Superannuation,Listed Equity,MOMENTUM GROUP LTD.,MTM SJ,BB Ticker,South Africa,,,
Lifecycle_Balanced_Pool_Superannuation,Listed Equity,"CLEVELAND-CLIFFS, INC.",CLF US,BB Ticker,United States,,,
Lifecycle_Balanced_Pool_Superannuation,Listed Equity,CSC FINANCIAL CO. LTD.,601066 C1,BB Ticker,China,,,
Lifecycle_Balanced_Pool_Superannuation,Listed Equity,NISHIMATSU CONSTRUCTION CO. LTD.,1820 JP,BB Ticker,Japan,,,
Lifecycle_Balanced_Pool_Superannuation,Listed Equity,MITSUI OSK LINES LTD.,9104 JP,BB Ticker,Japan,,,
Lifecycle_Balanced_Pool_Superannuation,Listed Equity,THEEB RENT A CAR CO.,THEEB AB,BB Ticker,Saudi Arabia,,,
Lifecycle_Balanced_Pool_Superannuation,Listed Equity,"HIROGIN HOLDINGS, INC.",7337 JP,BB Ticker,Japan,,,
Lifecycle_Balanced_Pool_Superannuation,Listed Equity,TATA COMMUNICATIONS LTD.,TCOM IN,BB Ticker,India,,,
Lifecycle_Balanced_Pool_Superannuation,Listed Equity,AURELIA METALS LTD.,AMI AU,BB Ticker,Australia,,,
Lifecycle_Balanced_Pool_Superannuation,Listed Equity,LIBERTY GLOBAL LTD.,LBTYA US,BB Ticker,United States,,,
Lifecycle_Balanced_Pool_Superannuation,Listed Equity,VOLTAS LTD.,VOLT IN,BB Ticker,India,,,
Lifecycle_Balanced_Pool_Superannuation,Listed Equity,MERDEKA COPPER GOLD TBK. PT,MDKA IJ,BB Ticker,Indonesia,,,
Lifecycle_Balanced_Pool_Superannuation,Listed Equity,CLAS OHLSON AB,CLASB SS,BB Ticker,Sweden,,,
Lifecycle_Balanced_Pool_Superannuation,Listed Equity,"ATLAS ENERGY SOLUTIONS, INC.",AESI US,BB Ticker,United States,,,
Lifecycle_Balanced_Pool_Superannuation,Listed Equity,CHINA DATANG CORP. RENEWABLE POWER CO. LTD.,1798 HK,BB Ticker,Hong Kong,,,
Lifecycle_Balanced_Pool_Superannuation,Listed Equity,RATNAMANI METALS & TUBES LTD.,RMT IN,BB Ticker,India,,,
Lifecycle_Balanced_Pool_Superannuation,Listed Equity,DAEWOO ENGINEERING & CONSTRUCTION CO. LTD.,047040 KS,BB Ticker,South Korea,,,
Lifecycle_Balanced_Pool_Superannuation,Listed Equity,GODREJ PROPERTIES LTD.,GPL IN,BB Ticker,India,,,
Lifecycle_Balanced_Pool_Superannuation,Listed Equity,COMMERCIAL BANK PSQC,CBQK QD,BB Ticker,Qatar,,,
Lifecycle_Balanced_Pool_Superannuation,Listed Equity,VONTOBEL HOLDING AG,VONN SW,BB Ticker,Switzerland,,,
Lifecycle_Balanced_Pool_Superannuation,Listed Equity,SANSIRI PCL,SIRIR TB,BB Ticker,Thailand,,,
Lifecycle_Balanced_Pool_Superannuation,Listed Equity,"PERIMETER SOLUTIONS, INC.",PRM US,BB Ticker,United States,,,
Lifecycle_Balanced_Pool_Superannuation,Listed Equity,HELLOFRESH SE,HFG GR,BB Ticker,Germany,,,
Lifecycle_Balanced_Pool_Superannuation,Listed Equity,CMOC GROUP LTD.,603993 C1,BB Ticker,China,,,
Lifecycle_Balanced_Pool_Superannuation,Listed Equity,FULTON FINANCIAL CORP.,FULT US,BB Ticker,United States,,,
Lifecycle_Balanced_Pool_Superannuation,Listed Equity,GRUPO BIMBO SAB DE CV,BIMBOA MM,BB Ticker,Mexico,,,
Lifecycle_Balanced_Pool_Superannuation,Listed Equity,"AGILYSYS, INC.",AGYS US,BB Ticker,United States,,,
Lifecycle_Balanced_Pool_Superannuation,Listed Equity,HAMAMATSU PHOTONICS KK,6965 JP,BB Ticker,Japan,,,
Lifecycle_Balanced_Pool_Superannuation,Listed Equity,"TG THERAPEUTICS, INC.",TGTX US,BB Ticker,United States,,,
Lifecycle_Balanced_Pool_Superannuation,Listed Equity,HASEKO CORP.,1808 JP,BB Ticker,Japan,,,
Lifecycle_Balanced_Pool_Superannuation,Listed Equity,FCC CO. LTD.,7296 JP,BB Ticker,Japan,,,
Lifecycle_Balanced_Pool_Superannuation,Listed Equity,SK GAS LTD.,018670 KS,BB Ticker,South Korea,,,
Lifecycle_Balanced_Pool_Superannuation,Listed Equity,NICE LTD.,NICE US,BB Ticker,United States,,,
Lifecycle_Balanced_Pool_Superannuation,Listed Equity,OCEANAGOLD CORP.,OGC CN,BB Ticker,Canada,,,
Lifecycle_Balanced_Pool_Superannuation,Listed Equity,ARCADIS NV,ARCAD NA,BB Ticker,Netherlands,,,
Lifecycle_Balanced_Pool_Superannuation,Listed Equity,"YETI HOLDINGS, INC.",YETI US,BB Ticker,United States,,,
Lifecycle_Balanced_Pool_Superannuation,Listed Equity,TOPCON CORP.,7732 JP,BB Ticker,Japan,,,
Lifecycle_Balanced_Pool_Superannuation,Listed Equity,KARUR VYSYA BANK LTD.,KVB IN,BB Ticker,India,,,
Lifecycle_Balanced_Pool_Superannuation,Listed Equity,RUBIS SCA,RUI FP,BB Ticker,France,,,
Lifecycle_Balanced_Pool_Superannuation,Listed Equity,SRF LTD.,SRF IN,BB Ticker,India,,,
Lifecycle_Balanced_Pool_Superannuation,Listed Equity,"MSC INDUSTRIAL DIRECT CO., INC.",MSM US,BB Ticker,United States,,,
Lifecycle_Balanced_Pool_Superannuation,Listed Equity,"YELP, INC.",YELP US,BB Ticker,United States,,,
Lifecycle_Balanced_Pool_Superannuation,Listed Equity,EPL LTD.,EPLL IN,BB Ticker,India,,,
Lifecycle_Balanced_Pool_Superannuation,Listed Equity,"SWEETGREEN, INC.",SG US,BB Ticker,United States,,,
Lifecycle_Balanced_Pool_Superannuation,Listed Equity,REDE D'OR SAO LUIZ SA,RDOR3 BZ,BB Ticker,Brazil,,,
Lifecycle_Balanced_Pool_Superannuation,Listed Equity,FREEDOM HOLDING CORP.,FRHC US,BB Ticker,United States,,,
Lifecycle_Balanced_Pool_Superannuation,Listed Equity,SUPALAI PCL,SPALIR TB,BB Ticker,Thailand,,,
Lifecycle_Balanced_Pool_Superannuation,Listed Equity,UNITED INTERNATIONAL TRANSPORTATION CO.,BUDGET AB,BB Ticker,Saudi Arabia,,,
Lifecycle_Balanced_Pool_Superannuation,Listed Equity,ST. JOE CO.,JOE US,BB Ticker,United States,,,
Lifecycle_Balanced_Pool_Superannuation,Listed Equity,HISCOX LTD.,HSX LN,BB Ticker,United Kingdom,,,
Lifecycle_Balanced_Pool_Superannuation,Listed Equity,"WATTS WATER TECHNOLOGIES, INC.",WTS US,BB Ticker,United States,,,
Lifecycle_Balanced_Pool_Superannuation,Listed Equity,"BOOT BARN HOLDINGS, INC.",BOOT US,BB Ticker,United States,,,
Lifecycle_Balanced_Pool_Superannuation,Listed Equity,SOULBRAIN CO. LTD.,357780 KS,BB Ticker,South Korea,,,
Lifecycle_Balanced_Pool_Superannuation,Listed Equity,CHINA PETROLEUM & CHEMICAL CORP.,386 HK,BB Ticker,Hong Kong,,,
Lifecycle_Balanced_Pool_Superannuation,Listed Equity,DIALOG GROUP BHD.,DLG MK,BB Ticker,Malaysia,,,
Lifecycle_Balanced_Pool_Superannuation,Listed Equity,SHANJIN INTERNATIONAL GOLD CO. LTD.,000975 C2,BB Ticker,China,,,
Lifecycle_Balanced_Pool_Superannuation,Listed Equity,L E LUNDBERGFORETAGEN AB,LUNDB SS,BB Ticker,Sweden,,,
Lifecycle_Balanced_Pool_Superannuation,Listed Equity,CLARKSON PLC,CKN LN,BB Ticker,United Kingdom,,,
Lifecycle_Balanced_Pool_Superannuation,Listed Equity,BECHTLE AG,BC8 GR,BB Ticker,Germany,,,
Lifecycle_Balanced_Pool_Superannuation,Listed Equity,TATA ELXSI LTD.,TELX IN,BB Ticker,India,,,
Lifecycle_Balanced_Pool_Superannuation,Listed Equity,"H&E EQUIPMENT SERVICES, INC.",HEES US,BB Ticker,United States,,,
Lifecycle_Balanced_Pool_Superannuation,Listed Equity,ATALAYA MINING PLC,ATYM LN,BB Ticker,United Kingdom,,,
Lifecycle_Balanced_Pool_Superannuation,Listed Equity,HUNTING PLC,HTG LN,BB Ticker,United Kingdom,,,
Lifecycle_Balanced_Pool_Superannuation,Listed Equity,SCOR SE,SCR FP,BB Ticker,France,,,
Lifecycle_Balanced_Pool_Superannuation,Listed Equity,"NETSCOUT SYSTEMS, INC.",NTCT US,BB Ticker,United States,,,
Lifecycle_Balanced_Pool_Superannuation,Listed Equity,PEPKOR HOLDINGS LTD.,PPH SJ,BB Ticker,South Africa,,,
Lifecycle_Balanced_Pool_Superannuation,Listed Equity,ALIOR BANK SA,ALR PW,BB Ticker,Poland,,,
Lifecycle_Balanced_Pool_Superannuation,Listed Equity,GLANBIA PLC,GLB ID,BB Ticker,Ireland,,,
Lifecycle_Balanced_Pool_Superannuation,Listed Equity,"TRIPADVISOR, INC.",TRIP US,BB Ticker,United States,,,
Lifecycle_Balanced_Pool_Superannuation,Listed Equity,"CINEMARK HOLDINGS, INC.",CNK US,BB Ticker,United States,,,
Lifecycle_Balanced_Pool_Superannuation,Listed Equity,SANY HEAVY INDUSTRY CO. LTD.,600031 C1,BB Ticker,China,,,
Lifecycle_Balanced_Pool_Superannuation,Listed Equity,COMMERCIAL INTERNATIONAL BANK - EGYPT (CIB),COMI EY,BB Ticker,Egypt,,,
Lifecycle_Balanced_Pool_Superannuation,Listed Equity,STEPAN CO.,SCL US,BB Ticker,United States,,,
Lifecycle_Balanced_Pool_Superannuation,Listed Equity,STAR MICRONICS CO. LTD.,7718 JP,BB Ticker,Japan,,,
Lifecycle_Balanced_Pool_Superannuation,Listed Equity,KANZHUN LTD.,BZ US,BB Ticker,United States,,,
Lifecycle_Balanced_Pool_Superannuation,Listed Equity,CHINA VANKE CO. LTD.,2202 HK,BB Ticker,Hong Kong,,,
Lifecycle_Balanced_Pool_Superannuation,Listed Equity,GUNZE LTD.,3002 JP,BB Ticker,Japan,,,
Lifecycle_Balanced_Pool_Superannuation,Listed Equity,CHINA GALAXY SECURITIES CO. LTD.,6881 HK,BB Ticker,Hong Kong,,,
Lifecycle_Balanced_Pool_Superannuation,Listed Equity,MUTHOOT FINANCE LTD.,MUTH IN,BB Ticker,India,,,
Lifecycle_Balanced_Pool_Superannuation,Listed Equity,RYERSON HOLDING CORP.,RYI US,BB Ticker,United States,,,
Lifecycle_Balanced_Pool_Superannuation,Listed Equity,PRUDENTIAL PLC,PUK US,BB Ticker,United States,,,
Lifecycle_Balanced_Pool_Superannuation,Listed Equity,"MERCURY SYSTEMS, INC.",MRCY US,BB Ticker,United States,,,
Lifecycle_Balanced_Pool_Superannuation,Listed Equity,KERRY PROPERTIES LTD.,683 HK,BB Ticker,Hong Kong,,,
Lifecycle_Balanced_Pool_Superannuation,Listed Equity,SINON CORP.,1712 TT,BB Ticker,Taiwan,,,
Lifecycle_Balanced_Pool_Superannuation,Listed Equity,"COCA-COLA BOTTLERS JAPAN HOLDINGS, INC.",2579 JP,BB Ticker,Japan,,,
Lifecycle_Balanced_Pool_Superannuation,Listed Equity,"TRINET GROUP, INC.",TNET US,BB Ticker,United States,,,
Lifecycle_Balanced_Pool_Superannuation,Listed Equity,LEGEND BIOTECH CORP.,LEGN US,BB Ticker,United States,,,
Lifecycle_Balanced_Pool_Superannuation,Listed Equity,LOTTE RENTAL CO. LTD.,089860 KS,BB Ticker,South Korea,,,
Lifecycle_Balanced_Pool_Superannuation,Listed Equity,CRANE NXT CO.,CXT US,BB Ticker,United States,,,
Lifecycle_Balanced_Pool_Superannuation,Listed Equity,HAMAKYOREX CO. LTD.,9037 JP,BB Ticker,Japan,,,
Lifecycle_Balanced_Pool_Superannuation,Listed Equity,USS CO. LTD.,4732 JP,BB Ticker,Japan,,,
Lifecycle_Balanced_Pool_Superannuation,Listed Equity,"AZENTA, INC.",AZTA US,BB Ticker,United States,,,
Lifecycle_Balanced_Pool_Superannuation,Listed Equity,"COEUR MINING, INC.",CDE US,BB Ticker,United States,,,
Lifecycle_Balanced_Pool_Superannuation,Listed Equity,AMMB HOLDINGS BHD.,AMM MK,BB Ticker,Malaysia,,,
Lifecycle_Balanced_Pool_Superannuation,Listed Equity,SAGAX AB,SAGAB SS,BB Ticker,Sweden,,,
Lifecycle_Balanced_Pool_Superannuation,Listed Equity,"IMPINJ, INC.",PI US,BB Ticker,United States,,,
Lifecycle_Balanced_Pool_Superannuation,Listed Equity,BROOKFIELD WEALTH SOLUTIONS LTD.,BNT CN,BB Ticker,Canada,,,
Lifecycle_Balanced_Pool_Superannuation,Listed Equity,FIRST COPPER TECHNOLOGY CO. LTD.,2009 TT,BB Ticker,Taiwan,,,
Lifecycle_Balanced_Pool_Superannuation,Listed Equity,INPEX CORP.,1605 JP,BB Ticker,Japan,,,
Lifecycle_Balanced_Pool_Superannuation,Listed Equity,SERVCORP LTD.,SRV AU,BB Ticker,Australia,,,
Lifecycle_Balanced_Pool_Superannuation,Listed Equity,FIRSTSOURCE SOLUTIONS LTD.,FSOL IN,BB Ticker,India,,,
Lifecycle_Balanced_Pool_Superannuation,Listed Equity,SHANDONG HIMILE MECHANICAL SCIENCE & TECHNOLOGY CO. LTD.,002595 C2,BB Ticker,China,,,
Lifecycle_Balanced_Pool_Superannuation,Listed Equity,KOBAYASHI PHARMACEUTICAL CO. LTD.,4967 JP,BB Ticker,Japan,,,
Lifecycle_Balanced_Pool_Superannuation,Listed Equity,TONGCHENG TRAVEL HOLDINGS LTD.,780 HK,BB Ticker,Hong Kong,,,
Lifecycle_Balanced_Pool_Superannuation,Listed Equity,EMBOTELLADORA ANDINA SA,ANDINAB CI,BB Ticker,Chile,,,
Lifecycle_Balanced_Pool_Superannuation,Listed Equity,"PTC THERAPEUTICS, INC.",PTCT US,BB Ticker,United States,,,
Lifecycle_Balanced_Pool_Superannuation,Listed Equity,HYUNDAI ROTEM CO. LTD.,064350 KS,BB Ticker,South Korea,,,
Lifecycle_Balanced_Pool_Superannuation,Listed Equity,PORSCHE AUTOMOBIL HOLDING SE,PAH3 GR,BB Ticker,Germany,,,
Lifecycle_Balanced_Pool_Superannuation,Listed Equity,LONGFOR GROUP HOLDINGS LTD.,960 HK,BB Ticker,Hong Kong,,,
Lifecycle_Balanced_Pool_Superannuation,Listed Equity,"ABM INDUSTRIES, INC.",ABM US,BB Ticker,United States,,,
Lifecycle_Balanced_Pool_Superannuation,Listed Equity,T HASEGAWA CO. LTD.,4958 JP,BB Ticker,Japan,,,
Lifecycle_Balanced_Pool_Superannuation,Listed Equity,"AMERICAN ELECTRIC POWER CO., INC.",AEP US,BB Ticker,United States,,,
Lifecycle_Balanced_Pool_Superannuation,Listed Equity,WAN HAI LINES LTD.,2615 TT,BB Ticker,Taiwan,,,
Lifecycle_Balanced_Pool_Superannuation,Listed Equity,CHOLAMANDALAM INVESTMENT & FINANCE CO. LTD.,CIFC IN,BB Ticker,India,,,
Lifecycle_Balanced_Pool_Superannuation,Listed Equity,SEVEN BANK LTD.,8410 JP,BB Ticker,Japan,,,
Lifecycle_Balanced_Pool_Superannuation,Listed Equity,SPAREBANK 1 NORD NORGE,NONG NO,BB Ticker,Belgium,,,
Lifecycle_Balanced_Pool_Superannuation,Listed Equity,"APELLIS PHARMACEUTICALS, INC.",APLS US,BB Ticker,United States,,,
Lifecycle_Balanced_Pool_Superannuation,Listed Equity,"ADEIA, INC.",ADEA US,BB Ticker,United States,,,
Lifecycle_Balanced_Pool_Superannuation,Listed Equity,"TEXAS CAPITAL BANCSHARES, INC.",TCBI US,BB Ticker,United States,,,
Lifecycle_Balanced_Pool_Superannuation,Listed Equity,"GUARDANT HEALTH, INC.",GH US,BB Ticker,United States,,,
Lifecycle_Balanced_Pool_Superannuation,Listed Equity,XTEP INTERNATIONAL HOLDINGS LTD.,1368 HK,BB Ticker,Hong Kong,,,
Lifecycle_Balanced_Pool_Superannuation,Listed Equity,UNITED INTERNET AG,UTDI GR,BB Ticker,Germany,,,
Lifecycle_Balanced_Pool_Superannuation,Listed Equity,SHOUGANG FUSHAN RESOURCES GROUP LTD.,639 HK,BB Ticker,Hong Kong,,,
Lifecycle_Balanced_Pool_Superannuation,Listed Equity,ACTER GROUP CORP. LTD.,5536 TT,BB Ticker,Taiwan,,,
Lifecycle_Balanced_Pool_Superannuation,Listed Equity,"SEIBU HOLDINGS, INC.",9024 JP,BB Ticker,Japan,,,
Lifecycle_Balanced_Pool_Superannuation,Listed Equity,TOTO LTD.,5332 JP,BB Ticker,Japan,,,
Lifecycle_Balanced_Pool_Superannuation,Listed Equity,OCADO GROUP PLC,OCDO LN,BB Ticker,United Kingdom,,,
Lifecycle_Balanced_Pool_Superannuation,Listed Equity,"WAYFAIR, INC.",W US,BB Ticker,United States,,,
Lifecycle_Balanced_Pool_Superannuation,Listed Equity,AZIMUT HOLDING SPA,AZM IM,BB Ticker,Italy,,,
Lifecycle_Balanced_Pool_Superannuation,Listed Equity,EASYJET PLC,EZJ LN,BB Ticker,United Kingdom,,,
Lifecycle_Balanced_Pool_Superannuation,Listed Equity,INVESTMENT AB LATOUR,LATOB SS,BB Ticker,Sweden,,,
Lifecycle_Balanced_Pool_Superannuation,Listed Equity,"WAFD, INC.",WAFD US,BB Ticker,United States,,,
Lifecycle_Balanced_Pool_Superannuation,Listed Equity,HD HYUNDAI HEAVY INDUSTRIES CO. LTD.,329180 KS,BB Ticker,South Korea,,,
Lifecycle_Balanced_Pool_Superannuation,Listed Equity,UBS GROUP AG,UBS US,BB Ticker,United States,,,
Lifecycle_Balanced_Pool_Superannuation,Listed Equity,TEREX CORP.,TEX US,BB Ticker,United States,,,
Lifecycle_Balanced_Pool_Superannuation,Listed Equity,FURUKAWA CO. LTD.,5715 JP,BB Ticker,Japan,,,
Lifecycle_Balanced_Pool_Superannuation,Listed Equity,AROUNDTOWN SA,AT1 GR,BB Ticker,Germany,,,
Lifecycle_Balanced_Pool_Superannuation,Listed Equity,ATOUR LIFESTYLE HOLDINGS LTD.,ATAT US,BB Ticker,United States,,,
Lifecycle_Balanced_Pool_Superannuation,Listed Equity,INTERMEDIATE CAPITAL GROUP PLC,ICG LN,BB Ticker,United Kingdom,,,
Lifecycle_Balanced_Pool_Superannuation,Listed Equity,BANCO DEL BAJIO SA,BBAJIOO MM,BB Ticker,Mexico,,,
Lifecycle_Balanced_Pool_Superannuation,Listed Equity,ASELSAN ELEKTRONIK SANAYI VE TICARET AS,ASELS TI,BB Ticker,Turkey,,,
Lifecycle_Balanced_Pool_Superannuation,Listed Equity,ALARKO HOLDING AS,ALARK TI,BB Ticker,Turkey,,,
Lifecycle_Balanced_Pool_Superannuation,Listed Equity,AMPLIFON SPA,AMP IM,BB Ticker,Italy,,,
Lifecycle_Balanced_Pool_Superannuation,Listed Equity,"KANGWON LAND, INC.",035250 KS,BB Ticker,South Korea,,,
Lifecycle_Balanced_Pool_Superannuation,Listed Equity,ENTERGY CORP.,ETR US,BB Ticker,United States,,,
Lifecycle_Balanced_Pool_Superannuation,Listed Equity,"ARCELLX, INC.",ACLX US,BB Ticker,United States,,,
Lifecycle_Balanced_Pool_Superannuation,Listed Equity,CGN POWER CO. LTD.,003816 C2,BB Ticker,China,,,
Lifecycle_Balanced_Pool_Superannuation,Listed Equity,"FLAGSTAR FINANCIAL, INC.",FLG US,BB Ticker,United States,,,
Lifecycle_Balanced_Pool_Superannuation,Listed Equity,"BANCORP, INC.",TBBK US,BB Ticker,United States,,,
Lifecycle_Balanced_Pool_Superannuation,Listed Equity,ANADOLU EFES BIRACILIK VE MALT SANAYII AS,AEFES TI,BB Ticker,Turkey,,,
Lifecycle_Balanced_Pool_Superannuation,Listed Equity,EVERGREEN MARINE CORP. TAIWAN LTD.,2603 TT,BB Ticker,Taiwan,,,
Lifecycle_Balanced_Pool_Superannuation,Listed Equity,"ACV AUCTIONS, INC.",ACVA US,BB Ticker,United States,,,
Lifecycle_Balanced_Pool_Superannuation,Listed Equity,BOK FINANCIAL CORP.,BOKF US,BB Ticker,United States,,,
Lifecycle_Balanced_Pool_Superannuation,Listed Equity,BIOHAVEN LTD.,BHVN US,BB Ticker,United States,,,
Lifecycle_Balanced_Pool_Superannuation,Listed Equity,"BGC GROUP, INC.",BGC US,BB Ticker,United States,,,
Lifecycle_Balanced_Pool_Superannuation,Listed Equity,SAUDI ARABIAN OIL CO.,ARAMCO AB,BB Ticker,Saudi Arabia,,,
Lifecycle_Balanced_Pool_Superannuation,Listed Equity,SAMSUNG E&A CO. LTD.,028050 KS,BB Ticker,South Korea,,,
Lifecycle_Balanced_Pool_Superannuation,Listed Equity,COLUMBIA SPORTSWEAR CO.,COLM US,BB Ticker,United States,,,
Lifecycle_Balanced_Pool_Superannuation,Listed Equity,CGN MINING CO. LTD.,1164 HK,BB Ticker,Hong Kong,,,
Lifecycle_Balanced_Pool_Superannuation,Listed Equity,LLOYDS BANKING GROUP PLC,LYG US,BB Ticker,United States,,,
Lifecycle_Balanced_Pool_Superannuation,Listed Equity,SUN TV NETWORK LTD.,SUNTV IN,BB Ticker,India,,,
Lifecycle_Balanced_Pool_Superannuation,Listed Equity,WHA CORP. PCL,WHAR TB,BB Ticker,Thailand,,,
Lifecycle_Balanced_Pool_Superannuation,Listed Equity,"SUPERNUS PHARMACEUTICALS, INC.",SUPN US,BB Ticker,United States,,,
Lifecycle_Balanced_Pool_Superannuation,Listed Equity,"RIOT PLATFORMS, INC.",RIOT US,BB Ticker,United States,,,
Lifecycle_Balanced_Pool_Superannuation,Listed Equity,LENNAR CORP.,LENB US,BB Ticker,United States,,,
Lifecycle_Balanced_Pool_Superannuation,Listed Equity,HIROSE ELECTRIC CO. LTD.,6806 JP,BB Ticker,Japan,,,
Lifecycle_Balanced_Pool_Superannuation,Listed Equity,D/S NORDEN AS,DNORD DC,BB Ticker,Denmark,,,
Lifecycle_Balanced_Pool_Superannuation,Listed Equity,PROCEPT BIOROBOTICS CORP.,PRCT US,BB Ticker,United States,,,
Lifecycle_Balanced_Pool_Superannuation,Listed Equity,"PASON SYSTEMS, INC.",PSI CN,BB Ticker,Canada,,,
Lifecycle_Balanced_Pool_Superannuation,Listed Equity,"EASTERN BANKSHARES, INC.",EBC US,BB Ticker,United States,,,
Lifecycle_Balanced_Pool_Superannuation,Listed Equity,MANKIND PHARMA LTD.,MANKIND IN,BB Ticker,India,,,
Lifecycle_Balanced_Pool_Superannuation,Listed Equity,COAST ENTERTAINMENT HOLDINGS LTD.,CEH AU,BB Ticker,Australia,,,
Lifecycle_Balanced_Pool_Superannuation,Listed Equity,AUTOHELLAS TOURIST & TRADING SA,OTOEL GA,BB Ticker,Greece,,,
Lifecycle_Balanced_Pool_Superannuation,Listed Equity,HITHINK ROYALFLUSH INFORMATION NETWORK CO. LTD.,300033 C2,BB Ticker,China,,,
Lifecycle_Balanced_Pool_Superannuation,Listed Equity,"TOMONY HOLDINGS, INC.",8600 JP,BB Ticker,Japan,,,
Lifecycle_Balanced_Pool_Superannuation,Listed Equity,JUMBO SA,BELA GA,BB Ticker,Greece,,,
Lifecycle_Balanced_Pool_Superannuation,Listed Equity,INDUS TOWERS LTD.,INDUSTOW IN,BB Ticker,India,,,
Lifecycle_Balanced_Pool_Superannuation,Listed Equity,"VARONIS SYSTEMS, INC.",VRNS US,BB Ticker,United States,,,
Lifecycle_Balanced_Pool_Superannuation,Listed Equity,NEOGEN CORP.,NEOG US,BB Ticker,United States,,,
Lifecycle_Balanced_Pool_Superannuation,Listed Equity,"TENABLE HOLDINGS, INC.",TENB US,BB Ticker,United States,,,
Lifecycle_Balanced_Pool_Superannuation,Listed Equity,COMMERCIAL METALS CO.,CMC US,BB Ticker,United States,,,
Lifecycle_Balanced_Pool_Superannuation,Listed Equity,GENIE ENERGY LTD.,GNE US,BB Ticker,United States,,,
Lifecycle_Balanced_Pool_Superannuation,Listed Equity,METROPOLITAN BANK & TRUST CO.,MBT PM,BB Ticker,Philippines,,,
Lifecycle_Balanced_Pool_Superannuation,Listed Equity,OPEN HOUSE GROUP CO. LTD.,3288 JP,BB Ticker,Japan,,,
Lifecycle_Balanced_Pool_Superannuation,Listed Equity,ERO COPPER CORP.,ERO CN,BB Ticker,Canada,,,
Lifecycle_Balanced_Pool_Superannuation,Listed Equity,PEPPER MONEY LTD.,PPM AU,BB Ticker,Australia,,,
Lifecycle_Balanced_Pool_Superannuation,Listed Equity,SHANGHAI PHARMACEUTICALS HOLDING CO. LTD.,2607 HK,BB Ticker,Hong Kong,,,
Lifecycle_Balanced_Pool_Superannuation,Listed Equity,CENTURY IRON & STEEL INDUSTRIAL CO. LTD.,9958 TT,BB Ticker,Taiwan,,,
Lifecycle_Balanced_Pool_Superannuation,Listed Equity,GUNKUL ENGINEERING PCL,GUNKULF TB,BB Ticker,Thailand,,,
Lifecycle_Balanced_Pool_Superannuation,Listed Equity,SIME DARBY PROPERTY BHD.,SDPR MK,BB Ticker,Malaysia,,,
Lifecycle_Balanced_Pool_Superannuation,Listed Equity,"WEC ENERGY GROUP, INC.",WEC US,BB Ticker,United States,,,
Lifecycle_Balanced_Pool_Superannuation,Listed Equity,"VEECO INSTRUMENTS, INC.",VECO US,BB Ticker,United States,,,
Lifecycle_Balanced_Pool_Superannuation,Listed Equity,ASPEN PHARMACARE HOLDINGS LTD.,APN SJ,BB Ticker,South Africa,,,
Lifecycle_Balanced_Pool_Superannuation,Listed Equity,HONG LEONG BANK BHD.,HLBK MK,BB Ticker,Malaysia,,,
Lifecycle_Balanced_Pool_Superannuation,Listed Equity,HEMNET GROUP AB,HEM SS,BB Ticker,Sweden,,,
Lifecycle_Balanced_Pool_Superannuation,Listed Equity,LCI INDUSTRIES,LCII US,BB Ticker,United States,,,
Lifecycle_Balanced_Pool_Superannuation,Listed Equity,CENTRAL PATTANA PCL,CPNF TB,BB Ticker,Thailand,,,
Lifecycle_Balanced_Pool_Superannuation,Listed Equity,NH INVESTMENT & SECURITIES CO. LTD.,005940 KS,BB Ticker,South Korea,,,
Lifecycle_Balanced_Pool_Superannuation,Listed Equity,BLUE STAR LTD.,BLSTR IN,BB Ticker,India,,,
Lifecycle_Balanced_Pool_Superannuation,Listed Equity,SAUDI REAL ESTATE CO.,SRECO AB,BB Ticker,Saudi Arabia,,,
Lifecycle_Balanced_Pool_Superannuation,Listed Equity,KEMPER CORP.,KMPR US,BB Ticker,United States,,,
Lifecycle_Balanced_Pool_Superannuation,Listed Equity,CROMPTON GREAVES CONSUMER ELECTRICALS LTD.,CROMPTON IN,BB Ticker,India,,,
Lifecycle_Balanced_Pool_Superannuation,Listed Equity,KONINKLIJKE VOPAK NV,VPK NA,BB Ticker,Netherlands,,,
Lifecycle_Balanced_Pool_Superannuation,Listed Equity,"FIRST FINANCIAL BANKSHARES, INC.",FFIN US,BB Ticker,United States,,,
Lifecycle_Balanced_Pool_Superannuation,Listed Equity,MIVNE REAL ESTATE KD LTD.,MVNE IT,BB Ticker,Israel,,,
Lifecycle_Balanced_Pool_Superannuation,Listed Equity,ZTE CORP.,763 HK,BB Ticker,Hong Kong,,,
Lifecycle_Balanced_Pool_Superannuation,Listed Equity,"CHUGIN FINANCIAL GROUP, INC.",5832 JP,BB Ticker,Japan,,,
Lifecycle_Balanced_Pool_Superannuation,Listed Equity,"XP, INC.",XP US,BB Ticker,United States,,,
Lifecycle_Balanced_Pool_Superannuation,Listed Equity,SG HOLDINGS CO. LTD.,9143 JP,BB Ticker,Japan,,,
Lifecycle_Balanced_Pool_Superannuation,Listed Equity,WESTAMERICA BANCORP,WABC US,BB Ticker,United States,,,
Lifecycle_Balanced_Pool_Superannuation,Listed Equity,CHRYSOS CORP. LTD.,C79 AU,BB Ticker,Australia,,,
Lifecycle_Balanced_Pool_Superannuation,Listed Equity,"COLLEGIUM PHARMACEUTICAL, INC.",COLL US,BB Ticker,United States,,,
Lifecycle_Balanced_Pool_Superannuation,Listed Equity,"CENOVUS ENERGY, INC.",CVE US,BB Ticker,United States,,,
Lifecycle_Balanced_Pool_Superannuation,Listed Equity,JUBILANT FOODWORKS LTD.,JUBI IN,BB Ticker,India,,,
Lifecycle_Balanced_Pool_Superannuation,Listed Equity,EMBRACER GROUP AB,EMBRACB SS,BB Ticker,Sweden,,,
Lifecycle_Balanced_Pool_Superannuation,Listed Equity,PTT OIL & RETAIL BUSINESS PCL,ORR TB,BB Ticker,Thailand,,,
Lifecycle_Balanced_Pool_Superannuation,Listed Equity,BEIJING ENTERPRISES HOLDINGS LTD.,392 HK,BB Ticker,Hong Kong,,,
Lifecycle_Balanced_Pool_Superannuation,Listed Equity,"RESORTTRUST, INC.",4681 JP,BB Ticker,Japan,,,
Lifecycle_Balanced_Pool_Superannuation,Listed Equity,KALBE FARMA TBK. PT,KLBF IJ,BB Ticker,Indonesia,,,
Lifecycle_Balanced_Pool_Superannuation,Listed Equity,CHAMBAL FERTILISERS & CHEMICALS LTD.,CHMB IN,BB Ticker,India,,,
Lifecycle_Balanced_Pool_Superannuation,Listed Equity,KUMIAI CHEMICAL INDUSTRY CO. LTD.,4996 JP,BB Ticker,Japan,,,
Lifecycle_Balanced_Pool_Superannuation,Listed Equity,JENTECH PRECISION INDUSTRIAL CO. LTD.,3653 TT,BB Ticker,Taiwan,,,
Lifecycle_Balanced_Pool_Superannuation,Listed Equity,TAIWAN BUSINESS BANK,2834 TT,BB Ticker,Taiwan,,,
Lifecycle_Balanced_Pool_Superannuation,Listed Equity,GUJARAT STATE PETRONET LTD.,GUJS IN,BB Ticker,India,,,
Lifecycle_Balanced_Pool_Superannuation,Listed Equity,WORLDLINE SA,WLN FP,BB Ticker,France,,,
Lifecycle_Balanced_Pool_Superannuation,Listed Equity,GRANGES AB,GRNG SS,BB Ticker,Sweden,,,
Lifecycle_Balanced_Pool_Superannuation,Listed Equity,"BILIBILI, INC.",BILI US,BB Ticker,United States,,,
Lifecycle_Balanced_Pool_Superannuation,Listed Equity,OSB GROUP PLC,OSB LN,BB Ticker,United Kingdom,,,
Lifecycle_Balanced_Pool_Superannuation,Listed Equity,ANGEL ONE LTD.,ANGELONE IN,BB Ticker,India,,,
Lifecycle_Balanced_Pool_Superannuation,Listed Equity,PRAEMIUM LTD.,PPS AU,BB Ticker,Australia,,,
Lifecycle_Balanced_Pool_Superannuation,Listed Equity,CHINA INTERNATIONAL CAPITAL CORP. LTD.,3908 HK,BB Ticker,Hong Kong,,,
Lifecycle_Balanced_Pool_Superannuation,Listed Equity,HYATT HOTELS CORP.,H US,BB Ticker,United States,,,
Lifecycle_Balanced_Pool_Superannuation,Listed Equity,ADYEN NV,ADYEY US,BB Ticker,United States,,,
Lifecycle_Balanced_Pool_Superannuation,Listed Equity,METHANEX CORP.,MX CN,BB Ticker,Canada,,,
Lifecycle_Balanced_Pool_Superannuation,Listed Equity,GRUPO AEROPORTUARIO DEL CENTRO NORTE SAB DE CV,OMAB MM,BB Ticker,Mexico,,,
Lifecycle_Balanced_Pool_Superannuation,Listed Equity,WIHLBORGS FASTIGHETER AB,WIHL SS,BB Ticker,Sweden,,,
Lifecycle_Balanced_Pool_Superannuation,Listed Equity,SOUTH BOW CORP.,SOBO CN,BB Ticker,Canada,,,
Lifecycle_Balanced_Pool_Superannuation,Listed Equity,HERBALIFE LTD.,HLF US,BB Ticker,United States,,,
Lifecycle_Balanced_Pool_Superannuation,Listed Equity,INCHCAPE PLC,INCH LN,BB Ticker,United Kingdom,,,
Lifecycle_Balanced_Pool_Superannuation,Listed Equity,INTERNATIONAL PAPER CO.,IP US,BB Ticker,United States,,,
Lifecycle_Balanced_Pool_Superannuation,Listed Equity,CYIENT LTD.,CYL IN,BB Ticker,India,,,
Lifecycle_Balanced_Pool_Superannuation,Listed Equity,"YAMAGUCHI FINANCIAL GROUP, INC.",8418 JP,BB Ticker,Japan,,,
Lifecycle_Balanced_Pool_Superannuation,Listed Equity,BARRICK GOLD CORP.,GOLD US,BB Ticker,United States,,,
Lifecycle_Balanced_Pool_Superannuation,Listed Equity,DUNEDIN ENTERPRISE INVESTMENT TRUST PLC,DNE LN,BB Ticker,United Kingdom,,,
Lifecycle_Balanced_Pool_Superannuation,Listed Equity,"IRHYTHM TECHNOLOGIES, INC.",IRTC US,BB Ticker,United States,,,
Lifecycle_Balanced_Pool_Superannuation,Listed Equity,VODAFONE QATAR QSC,VFQS QD,BB Ticker,Qatar,,,
Lifecycle_Balanced_Pool_Superannuation,Listed Equity,SRG GLOBAL LTD.,SRG AU,BB Ticker,Australia,,,
Lifecycle_Balanced_Pool_Superannuation,Listed Equity,IMI PLC,IMI LN,BB Ticker,United Kingdom,,,
Lifecycle_Balanced_Pool_Superannuation,Listed Equity,"AMENTUM HOLDINGS, INC.",AMTM US,BB Ticker,United States,,,
Lifecycle_Balanced_Pool_Superannuation,Listed Equity,"ICF INTERNATIONAL, INC.",ICFI US,BB Ticker,United States,,,
Lifecycle_Balanced_Pool_Superannuation,Listed Equity,"IONQ, INC.",IONQ US,BB Ticker,United States,,,
Lifecycle_Balanced_Pool_Superannuation,Listed Equity,DOGAN SIRKETLER GRUBU HOLDING AS,DOHOL TI,BB Ticker,Turkey,,,
Lifecycle_Balanced_Pool_Superannuation,Listed Equity,"AMERICAN EAGLE OUTFITTERS, INC.",AEO US,BB Ticker,United States,,,
Lifecycle_Balanced_Pool_Superannuation,Listed Equity,ASAHI INTECC CO. LTD.,7747 JP,BB Ticker,Japan,,,
Lifecycle_Balanced_Pool_Superannuation,Listed Equity,SEINO HOLDINGS CO. LTD.,9076 JP,BB Ticker,Japan,,,
Lifecycle_Balanced_Pool_Superannuation,Listed Equity,SHENZHEN CAPCHEM TECHNOLOGY CO. LTD.,300037 C2,BB Ticker,China,,,
Lifecycle_Balanced_Pool_Superannuation,Listed Equity,SERENA ENERGIA SA,SRNA3 BZ,BB Ticker,Brazil,,,
Lifecycle_Balanced_Pool_Superannuation,Listed Equity,"INARI MEDICAL, INC.",NARI US,BB Ticker,United States,,,
Lifecycle_Balanced_Pool_Superannuation,Listed Equity,"FORMFACTOR, INC.",FORM US,BB Ticker,United States,,,
Lifecycle_Balanced_Pool_Superannuation,Listed Equity,ACCELLERON INDUSTRIES AG,ACLN SW,BB Ticker,Switzerland,,,
Lifecycle_Balanced_Pool_Superannuation,Listed Equity,IPG PHOTONICS CORP.,IPGP US,BB Ticker,United States,,,
Lifecycle_Balanced_Pool_Superannuation,Listed Equity,"NISOURCE, INC.",NI US,BB Ticker,United States,,,
Lifecycle_Balanced_Pool_Superannuation,Listed Equity,BURCKHARDT COMPRESSION HOLDING AG,BCHN SW,BB Ticker,Switzerland,,,
Lifecycle_Balanced_Pool_Superannuation,Listed Equity,HITACHI CONSTRUCTION MACHINERY CO. LTD.,6305 JP,BB Ticker,Japan,,,
Lifecycle_Balanced_Pool_Superannuation,Listed Equity,INDUSTRIAL SECURITIES CO. LTD.,601377 C1,BB Ticker,China,,,
Lifecycle_Balanced_Pool_Superannuation,Listed Equity,PREMIUM BRANDS HOLDINGS CORP.,PBH CN,BB Ticker,Canada,,,
Lifecycle_Balanced_Pool_Superannuation,Listed Equity,ITV PLC,ITV LN,BB Ticker,United Kingdom,,,
Lifecycle_Balanced_Pool_Superannuation,Listed Equity,MUSASHINO BANK LTD.,8336 JP,BB Ticker,Japan,,,
Lifecycle_Balanced_Pool_Superannuation,Listed Equity,INDOFOOD CBP SUKSES MAKMUR TBK. PT,ICBP IJ,BB Ticker,Indonesia,,,
Lifecycle_Balanced_Pool_Superannuation,Listed Equity,"HOME BANCSHARES, INC.",HOMB US,BB Ticker,United States,,,
Lifecycle_Balanced_Pool_Superannuation,Listed Equity,CMS ENERGY CORP.,CMS US,BB Ticker,United States,,,
Lifecycle_Balanced_Pool_Superannuation,Listed Equity,AU SMALL FINANCE BANK LTD.,AUBANK IN,BB Ticker,India,,,
Lifecycle_Balanced_Pool_Superannuation,Listed Equity,SAUDI RESEARCH & MEDIA GROUP,RESEARCH AB,BB Ticker,Saudi Arabia,,,
Lifecycle_Balanced_Pool_Superannuation,Listed Equity,GRENERGY RENOVABLES SA,GRE SM,BB Ticker,Spain,,,
Lifecycle_Balanced_Pool_Superannuation,Listed Equity,PARTNER COMMUNICATIONS CO. LTD.,PTNR IT,BB Ticker,Israel,,,
Lifecycle_Balanced_Pool_Superannuation,Listed Equity,CREDIT SAISON CO. LTD.,8253 JP,BB Ticker,Japan,,,
Lifecycle_Balanced_Pool_Superannuation,Listed Equity,"SENSHU IKEDA HOLDINGS, INC.",8714 JP,BB Ticker,Japan,,,
Lifecycle_Balanced_Pool_Superannuation,Listed Equity,BELIMO HOLDING AG,BEAN SW,BB Ticker,Switzerland,,,
Lifecycle_Balanced_Pool_Superannuation,Listed Equity,HAPVIDA PARTICIPACOES E INVESTIMENTOS SA,HAPV3 BZ,BB Ticker,Brazil,,,
Lifecycle_Balanced_Pool_Superannuation,Listed Equity,B&M EUROPEAN VALUE RETAIL SA,BME LN,BB Ticker,United Kingdom,,,
Lifecycle_Balanced_Pool_Superannuation,Listed Equity,CANARA BANK,CBK IN,BB Ticker,India,,,
Lifecycle_Balanced_Pool_Superannuation,Listed Equity,"CHROMA ATE, INC.",2360 TT,BB Ticker,Taiwan,,,
Lifecycle_Balanced_Pool_Superannuation,Listed Equity,KONINKLIJKE BAM GROEP NV,BAMNB NA,BB Ticker,Netherlands,,,
Lifecycle_Balanced_Pool_Superannuation,Listed Equity,AURUBIS AG,NDA GR,BB Ticker,Germany,,,
Lifecycle_Balanced_Pool_Superannuation,Listed Equity,AZBIL CORP.,6845 JP,BB Ticker,Japan,,,
Lifecycle_Balanced_Pool_Superannuation,Listed Equity,CK HUTCHISON HOLDINGS LTD.,CKHUY US,BB Ticker,United States,,,
Lifecycle_Balanced_Pool_Superannuation,Listed Equity,PCCW LTD.,8 HK,BB Ticker,Hong Kong,,,
Lifecycle_Balanced_Pool_Superannuation,Listed Equity,RUN LONG CONSTRUCTION CO. LTD.,1808 TT,BB Ticker,Taiwan,,,
Lifecycle_Balanced_Pool_Superannuation,Listed Equity,FEDERAL BANK LTD.,FB IN,BB Ticker,India,,,
Lifecycle_Balanced_Pool_Superannuation,Listed Equity,"WALKER & DUNLOP, INC.",WD US,BB Ticker,United States,,,
Lifecycle_Balanced_Pool_Superannuation,Listed Equity,FALABELLA SA,FALAB CI,BB Ticker,Chile,,,
Lifecycle_Balanced_Pool_Superannuation,Listed Equity,MAKINO MILLING MACHINE CO. LTD.,6135 JP,BB Ticker,Japan,,,
Lifecycle_Balanced_Pool_Superannuation,Listed Equity,SURUGA BANK LTD.,8358 JP,BB Ticker,Japan,,,
Lifecycle_Balanced_Pool_Superannuation,Listed Equity,QUILTER PLC,QLT LN,BB Ticker,United Kingdom,,,
Lifecycle_Balanced_Pool_Superannuation,Listed Equity,ATLANTIC UNION BANKSHARES CORP.,AUB US,BB Ticker,United States,,,
Lifecycle_Balanced_Pool_Superannuation,Listed Equity,"LIGAND PHARMACEUTICALS, INC.",LGND US,BB Ticker,United States,,,
Lifecycle_Balanced_Pool_Superannuation,Listed Equity,VODACOM GROUP LTD.,VOD SJ,BB Ticker,South Africa,,,
Lifecycle_Balanced_Pool_Superannuation,Listed Equity,LG INNOTEK CO. LTD.,011070 KS,BB Ticker,South Korea,,,
Lifecycle_Balanced_Pool_Superannuation,Listed Equity,"ULTRAGENYX PHARMACEUTICAL, INC.",RARE US,BB Ticker,United States,,,
Lifecycle_Balanced_Pool_Superannuation,Listed Equity,CD PROJEKT SA,CDR PW,BB Ticker,Poland,,,
Lifecycle_Balanced_Pool_Superannuation,Listed Equity,NICHIREI CORP.,2871 JP,BB Ticker,Japan,,,
Lifecycle_Balanced_Pool_Superannuation,Listed Equity,DERICHEBOURG SA,DBG FP,BB Ticker,France,,,
Lifecycle_Balanced_Pool_Superannuation,Listed Equity,SYLVAMO CORP.,SLVM US,BB Ticker,United States,,,
Lifecycle_Balanced_Pool_Superannuation,Listed Equity,ARCHER-DANIELS-MIDLAND CO.,ADM US,BB Ticker,United States,,,
Lifecycle_Balanced_Pool_Superannuation,Listed Equity,"RELO GROUP, INC.",8876 JP,BB Ticker,Japan,,,
Lifecycle_Balanced_Pool_Superannuation,Listed Equity,ECORODOVIAS INFRAESTRUTURA E LOGISTICA SA,ECOR3 BZ,BB Ticker,Brazil,,,
Lifecycle_Balanced_Pool_Superannuation,Listed Equity,"POWERTECH TECHNOLOGY, INC.",6239 TT,BB Ticker,Taiwan,,,
Lifecycle_Balanced_Pool_Superannuation,Listed Equity,RICOH LEASING CO. LTD.,8566 JP,BB Ticker,Japan,,,
Lifecycle_Balanced_Pool_Superannuation,Listed Equity,HISENSE VISUAL TECHNOLOGY CO. LTD.,600060 C1,BB Ticker,China,,,
Lifecycle_Balanced_Pool_Superannuation,Listed Equity,TELEVISION FRANCAISE 1 SA,TFI FP,BB Ticker,France,,,
Lifecycle_Balanced_Pool_Superannuation,Listed Equity,METRO MINING LTD.,MMI AU,BB Ticker,Australia,,,
Lifecycle_Balanced_Pool_Superannuation,Listed Equity,"DIGITALOCEAN HOLDINGS, INC.",DOCN US,BB Ticker,United States,,,
Lifecycle_Balanced_Pool_Superannuation,Listed Equity,ST BARBARA LTD.,SBM AU,BB Ticker,Australia,,,
Lifecycle_Balanced_Pool_Superannuation,Listed Equity,HANMI SEMICONDUCTOR CO. LTD.,042700 KS,BB Ticker,South Korea,,,
Lifecycle_Balanced_Pool_Superannuation,Listed Equity,"UPWORK, INC.",UPWK US,BB Ticker,United States,,,
Lifecycle_Balanced_Pool_Superannuation,Listed Equity,BEIJING ORIENTAL YUHONG WATERPROOF TECHNOLOGY CO. LTD.,002271 C2,BB Ticker,China,,,
Lifecycle_Balanced_Pool_Superannuation,Listed Equity,CREDIT ACCEPTANCE CORP.,CACC US,BB Ticker,United States,,,
Lifecycle_Balanced_Pool_Superannuation,Listed Equity,INTERCONEXION ELECTRICA SA ESP,ISA CB,BB Ticker,Colombia,,,
Lifecycle_Balanced_Pool_Superannuation,Listed Equity,BOLSA MEXICANA DE VALORES SAB DE CV,BOLSAA MM,BB Ticker,Mexico,,,
Lifecycle_Balanced_Pool_Superannuation,Listed Equity,GREAT WALL ENTERPRISE CO. LTD.,1210 TT,BB Ticker,Taiwan,,,
Lifecycle_Balanced_Pool_Superannuation,Listed Equity,NCC LTD.,NJCC IN,BB Ticker,India,,,
Lifecycle_Balanced_Pool_Superannuation,Listed Equity,MAYNE PHARMA GROUP LTD.,MYX AU,BB Ticker,Australia,,,
Lifecycle_Balanced_Pool_Superannuation,Listed Equity,CLP HOLDINGS LTD.,2 HK,BB Ticker,Hong Kong,,,
Lifecycle_Balanced_Pool_Superannuation,Listed Equity,ROYAL UNIBREW AS,RBREW DC,BB Ticker,Denmark,,,
Lifecycle_Balanced_Pool_Superannuation,Listed Equity,MERSEN SA,MRN FP,BB Ticker,France,,,
Lifecycle_Balanced_Pool_Superannuation,Listed Equity,SHANGHAI BAOSIGHT SOFTWARE CO. LTD.,900926 CH,BB Ticker,China,,,
Lifecycle_Balanced_Pool_Superannuation,Listed Equity,ALFRESA HOLDINGS CORP.,2784 JP,BB Ticker,Japan,,,
Lifecycle_Balanced_Pool_Superannuation,Listed Equity,PERSOL HOLDINGS CO. LTD.,2181 JP,BB Ticker,Japan,,,
Lifecycle_Balanced_Pool_Superannuation,Listed Equity,BRAZILIAN RARE EARTHS LTD.,BRE AU,BB Ticker,Australia,,,
Lifecycle_Balanced_Pool_Superannuation,Listed Equity,TENAGA NASIONAL BHD.,TNB MK,BB Ticker,Malaysia,,,
Lifecycle_Balanced_Pool_Superannuation,Listed Equity,BRF SA,BRFS3 BZ,BB Ticker,Brazil,,,
Lifecycle_Balanced_Pool_Superannuation,Listed Equity,ICL GROUP LTD.,ICL IT,BB Ticker,Israel,,,
Lifecycle_Balanced_Pool_Superannuation,Listed Equity,GLOBALWAFERS CO. LTD.,6488 TT,BB Ticker,Taiwan,,,
Lifecycle_Balanced_Pool_Superannuation,Listed Equity,GALDERMA GROUP AG,GALD SW,BB Ticker,Switzerland,,,
Lifecycle_Balanced_Pool_Superannuation,Listed Equity,SENDAS DISTRIBUIDORA SA,ASAI3 BZ,BB Ticker,Brazil,,,
Lifecycle_Balanced_Pool_Superannuation,Listed Equity,BUZZI SPA,BZU IM,BB Ticker,Italy,,,
Lifecycle_Balanced_Pool_Superannuation,Listed Equity,VENTURE CORP. LTD.,VMS SP,BB Ticker,Singapore,,,
Lifecycle_Balanced_Pool_Superannuation,Listed Equity,KOSE CORP.,4922 JP,BB Ticker,Japan,,,
Lifecycle_Balanced_Pool_Superannuation,Listed Equity,ALIBABA HEALTH INFORMATION TECHNOLOGY LTD.,241 HK,BB Ticker,Hong Kong,,,
Lifecycle_Balanced_Pool_Superannuation,Listed Equity,NMDC STEEL LTD.,NSLNISP IN,BB Ticker,India,,,
Lifecycle_Balanced_Pool_Superannuation,Listed Equity,HYUNDAI GLOVIS CO. LTD.,086280 KS,BB Ticker,South Korea,,,
Lifecycle_Balanced_Pool_Superannuation,Listed Equity,"HA SUSTAINABLE INFRASTRUCTURE CAPITAL, INC.",HASI US,BB Ticker,United States,,,
Lifecycle_Balanced_Pool_Superannuation,Listed Equity,TOHO GAS CO. LTD.,9533 JP,BB Ticker,Japan,,,
Lifecycle_Balanced_Pool_Superannuation,Listed Equity,ASTRAZENECA PLC,AZN SS,BB Ticker,Sweden,,,
Lifecycle_Balanced_Pool_Superannuation,Listed Equity,NARI TECHNOLOGY CO. LTD.,600406 C1,BB Ticker,China,,,
Lifecycle_Balanced_Pool_Superannuation,Listed Equity,TEJON RANCH CO.,TRC US,BB Ticker,United States,,,
Lifecycle_Balanced_Pool_Superannuation,Listed Equity,BIOCON LTD.,BIOS IN,BB Ticker,India,,,
Lifecycle_Balanced_Pool_Superannuation,Listed Equity,"WINNEBAGO INDUSTRIES, INC.",WGO US,BB Ticker,United States,,,
Lifecycle_Balanced_Pool_Superannuation,Listed Equity,GOLDWIND SCIENCE & TECHNOLOGY CO. LTD.,002202 C2,BB Ticker,China,,,
Lifecycle_Balanced_Pool_Superannuation,Listed Equity,"RUSSEL METALS, INC.",RUS CN,BB Ticker,Canada,,,
Lifecycle_Balanced_Pool_Superannuation,Listed Equity,"CARTER'S, INC.",CRI US,BB Ticker,United States,,,
Lifecycle_Balanced_Pool_Superannuation,Listed Equity,KR1 PLC,0A9X LN,BB Ticker,United Kingdom,,,
Lifecycle_Balanced_Pool_Superannuation,Listed Equity,KALYAN JEWELLERS INDIA LTD.,KALYANKJ IN,BB Ticker,India,,,
Lifecycle_Balanced_Pool_Superannuation,Listed Equity,"KRYSTAL BIOTECH, INC.",KRYS US,BB Ticker,United States,,,
Lifecycle_Balanced_Pool_Superannuation,Listed Equity,CADELER AS,CADLR NO,BB Ticker,Belgium,,,
Lifecycle_Balanced_Pool_Superannuation,Listed Equity,CITIZEN WATCH CO. LTD.,7762 JP,BB Ticker,Japan,,,
Lifecycle_Balanced_Pool_Superannuation,Listed Equity,"PEPTIDREAM, INC.",4587 JP,BB Ticker,Japan,,,
Lifecycle_Balanced_Pool_Superannuation,Listed Equity,PUNJAB NATIONAL BANK,PNB IN,BB Ticker,India,,,
Lifecycle_Balanced_Pool_Superannuation,Listed Equity,NATIONAL GAS & INDUSTRIALIZATION CO.,NGIC AB,BB Ticker,Saudi Arabia,,,
Lifecycle_Balanced_Pool_Superannuation,Listed Equity,SAIC MOTOR CORP. LTD.,600104 C1,BB Ticker,China,,,
Lifecycle_Balanced_Pool_Superannuation,Listed Equity,"PROVIDENT FINANCIAL SERVICES, INC.",PFS US,BB Ticker,United States,,,
Lifecycle_Balanced_Pool_Superannuation,Listed Equity,OGAKI KYORITSU BANK LTD.,8361 JP,BB Ticker,Japan,,,
Lifecycle_Balanced_Pool_Superannuation,Listed Equity,HIGHWEALTH CONSTRUCTION CORP.,2542 TT,BB Ticker,Taiwan,,,
Lifecycle_Balanced_Pool_Superannuation,Listed Equity,SHIMAMURA CO. LTD.,8227 JP,BB Ticker,Japan,,,
Lifecycle_Balanced_Pool_Superannuation,Listed Equity,NOK CORP.,7240 JP,BB Ticker,Japan,,,
Lifecycle_Balanced_Pool_Superannuation,Listed Equity,TAG IMMOBILIEN AG,TEG GR,BB Ticker,Germany,,,
Lifecycle_Balanced_Pool_Superannuation,Listed Equity,VALIANT HOLDING AG,VATN SW,BB Ticker,Switzerland,,,
Lifecycle_Balanced_Pool_Superannuation,Listed Equity,SONAE SGPS SA,SON PL,BB Ticker,Portugal,,,
Lifecycle_Balanced_Pool_Superannuation,Listed Equity,ORION CORP.,271560 KS,BB Ticker,South Korea,,,
Lifecycle_Balanced_Pool_Superannuation,Listed Equity,"REVELYST, INC.",GEAR US,BB Ticker,United States,,,
Lifecycle_Balanced_Pool_Superannuation,Listed Equity,SHANXI XINGHUACUN FEN WINE FACTORY CO. LTD.,600809 C1,BB Ticker,China,,,
Lifecycle_Balanced_Pool_Superannuation,Listed Equity,"CLEANSPARK, INC.",CLSK US,BB Ticker,United States,,,
Lifecycle_Balanced_Pool_Superannuation,Listed Equity,FIRST PACIFIC CO. LTD.,142 HK,BB Ticker,Hong Kong,,,
Lifecycle_Balanced_Pool_Superannuation,Listed Equity,HYAKUGO BANK LTD.,8368 JP,BB Ticker,Japan,,,
Lifecycle_Balanced_Pool_Superannuation,Listed Equity,SOHGO SECURITY SERVICES CO. LTD.,2331 JP,BB Ticker,Japan,,,
Lifecycle_Balanced_Pool_Superannuation,Listed Equity,"AXSOME THERAPEUTICS, INC.",AXSM US,BB Ticker,United States,,,
Lifecycle_Balanced_Pool_Superannuation,Listed Equity,"SERVISFIRST BANCSHARES, INC.",SFBS US,BB Ticker,United States,,,
Lifecycle_Balanced_Pool_Superannuation,Listed Equity,L&K ENGINEERING CO. LTD.,6139 TT,BB Ticker,Taiwan,,,
Lifecycle_Balanced_Pool_Superannuation,Listed Equity,COSMO PHARMACEUTICALS NV,COPN SW,BB Ticker,Switzerland,,,
Lifecycle_Balanced_Pool_Superannuation,Listed Equity,"PLUG POWER, INC.",PLUG US,BB Ticker,United States,,,
Lifecycle_Balanced_Pool_Superannuation,Listed Equity,AMERICANA RESTAURANTS INTERNATIONAL PLC - FOREIGN CO.,AMR UH,BB Ticker,United Arab Emirates,,,
Lifecycle_Balanced_Pool_Superannuation,Listed Equity,FAR EASTONE TELECOMMUNICATIONS CO. LTD.,4904 TT,BB Ticker,Taiwan,,,
Lifecycle_Balanced_Pool_Superannuation,Listed Equity,HAVAS NV,HAVAS NA,BB Ticker,Netherlands,,,
Lifecycle_Balanced_Pool_Superannuation,Listed Equity,INPOST SA,INPST NA,BB Ticker,Netherlands,,,
Lifecycle_Balanced_Pool_Superannuation,Listed Equity,STMICROELECTRONICS NV,STMMI IM,BB Ticker,Italy,,,
Lifecycle_Balanced_Pool_Superannuation,Listed Equity,VESTIS CORP.,VSTS US,BB Ticker,United States,,,
Lifecycle_Balanced_Pool_Superannuation,Listed Equity,"SUNRUN, INC.",RUN US,BB Ticker,United States,,,
Lifecycle_Balanced_Pool_Superannuation,Listed Equity,ARABIAN INTERNET & COMMUNICATIONS SERVICES CO.,SOLUTION AB,BB Ticker,Saudi Arabia,,,
Lifecycle_Balanced_Pool_Superannuation,Listed Equity,"NEOGENOMICS, INC.",NEO US,BB Ticker,United States,,,
Lifecycle_Balanced_Pool_Superannuation,Listed Equity,INDUTRADE AB,INDT SS,BB Ticker,Sweden,,,
Lifecycle_Balanced_Pool_Superannuation,Listed Equity,"PENSKE AUTOMOTIVE GROUP, INC.",PAG US,BB Ticker,United States,,,
Lifecycle_Balanced_Pool_Superannuation,Listed Equity,"SALLY BEAUTY HOLDINGS, INC.",SBH US,BB Ticker,United States,,,
Lifecycle_Balanced_Pool_Superannuation,Listed Equity,SHIGA BANK LTD.,8366 JP,BB Ticker,Japan,,,
Lifecycle_Balanced_Pool_Superannuation,Listed Equity,NATIONAL FUEL GAS CO.,NFG US,BB Ticker,United States,,,
Lifecycle_Balanced_Pool_Superannuation,Listed Equity,HDFC ASSET MANAGEMENT CO. LTD.,HDFCAMC IN,BB Ticker,India,,,
Lifecycle_Balanced_Pool_Superannuation,Listed Equity,"FUJI SEAL INTERNATIONAL, INC.",7864 JP,BB Ticker,Japan,,,
Lifecycle_Balanced_Pool_Superannuation,Listed Equity,INWIDO AB,INWI SS,BB Ticker,Sweden,,,
Lifecycle_Balanced_Pool_Superannuation,Listed Equity,JD SPORTS FASHION PLC,JD LN,BB Ticker,United Kingdom,,,
Lifecycle_Balanced_Pool_Superannuation,Listed Equity,"CLEAR SECURE, INC.",YOU US,BB Ticker,United States,,,
Lifecycle_Balanced_Pool_Superannuation,Listed Equity,FOXCONN INDUSTRIAL INTERNET CO. LTD.,601138 C1,BB Ticker,China,,,
Lifecycle_Balanced_Pool_Superannuation,Listed Equity,JUPITER MINES LTD.,JMS AU,BB Ticker,Australia,,,
Lifecycle_Balanced_Pool_Superannuation,Listed Equity,"HOULIHAN LOKEY, INC.",HLI US,BB Ticker,United States,,,
Lifecycle_Balanced_Pool_Superannuation,Listed Equity,SAMMAAN CAPITAL LTD.,SAMMAANC IN,BB Ticker,India,,,
Lifecycle_Balanced_Pool_Superannuation,Listed Equity,MOUWASAT MEDICAL SERVICES CO.,MOUWASAT AB,BB Ticker,Saudi Arabia,,,
Lifecycle_Balanced_Pool_Superannuation,Listed Equity,BANQUE CANTONALE VAUDOISE,BCVN SW,BB Ticker,Switzerland,,,
Lifecycle_Balanced_Pool_Superannuation,Listed Equity,HIMALAYA SHIPPING LTD.,HSHP US,BB Ticker,United States,,,
Lifecycle_Balanced_Pool_Superannuation,Listed Equity,"ASPEED TECHNOLOGY, INC.",5274 TT,BB Ticker,Taiwan,,,
Lifecycle_Balanced_Pool_Superannuation,Listed Equity,PERDOCEO EDUCATION CORP.,PRDO US,BB Ticker,United States,,,
Lifecycle_Balanced_Pool_Superannuation,Listed Equity,"CASELLA WASTE SYSTEMS, INC.",CWST US,BB Ticker,United States,,,
Lifecycle_Balanced_Pool_Superannuation,Listed Equity,TEEJAY LANKA PLC,TJL SL,BB Ticker,Sri Lanka,,,
Lifecycle_Balanced_Pool_Superannuation,Listed Equity,RHB BANK BHD.,RHBBANK MK,BB Ticker,Malaysia,,,
Lifecycle_Balanced_Pool_Superannuation,Listed Equity,ORISSA MINERALS DEVELOPMENT CO. LTD.,OMDC IN,BB Ticker,India,,,
Lifecycle_Balanced_Pool_Superannuation,Listed Equity,ESR GROUP LTD.,1821 HK,BB Ticker,Hong Kong,,,
Lifecycle_Balanced_Pool_Superannuation,Listed Equity,CLARIVATE PLC,CLVT US,BB Ticker,United States,,,
Lifecycle_Balanced_Pool_Superannuation,Listed Equity,FIRSTENERGY CORP.,FE US,BB Ticker,United States,,,
Lifecycle_Balanced_Pool_Superannuation,Listed Equity,MPI CORP.,6223 TT,BB Ticker,Taiwan,,,
Lifecycle_Balanced_Pool_Superannuation,Listed Equity,HYUNDAI MARINE & FIRE INSURANCE CO. LTD.,001450 KS,BB Ticker,South Korea,,,
Lifecycle_Balanced_Pool_Superannuation,Listed Equity,ASMPT LTD.,522 HK,BB Ticker,Hong Kong,,,
Lifecycle_Balanced_Pool_Superannuation,Listed Equity,EQUINOR ASA,EQNR US,BB Ticker,United States,,,
Lifecycle_Balanced_Pool_Superannuation,Listed Equity,BANCO BRADESCO SA,BBDC3 BZ,BB Ticker,Brazil,,,
Lifecycle_Balanced_Pool_Superannuation,Listed Equity,PARQUE ARAUCO SA,PARAUCO CI,BB Ticker,Chile,,,
Lifecycle_Balanced_Pool_Superannuation,Listed Equity,"DRIVEN BRANDS HOLDINGS, INC.",DRVN US,BB Ticker,United States,,,
Lifecycle_Balanced_Pool_Superannuation,Listed Equity,ABRDN PLC,ABDN LN,BB Ticker,United Kingdom,,,
Lifecycle_Balanced_Pool_Superannuation,Listed Equity,SMARTONE TELECOMMUNICATIONS HOLDINGS LTD.,315 HK,BB Ticker,Hong Kong,,,
Lifecycle_Balanced_Pool_Superannuation,Listed Equity,BANK OF NINGBO CO. LTD.,002142 C2,BB Ticker,China,,,
Lifecycle_Balanced_Pool_Superannuation,Listed Equity,CONMED CORP.,CNMD US,BB Ticker,United States,,,
Lifecycle_Balanced_Pool_Superannuation,Listed Equity,SIME DARBY BHD.,SIME MK,BB Ticker,Malaysia,,,
Lifecycle_Balanced_Pool_Superannuation,Listed Equity,"AMPHASTAR PHARMACEUTICALS, INC.",AMPH US,BB Ticker,United States,,,
Lifecycle_Balanced_Pool_Superannuation,Listed Equity,"COMPASS, INC.",COMP US,BB Ticker,United States,,,
Lifecycle_Balanced_Pool_Superannuation,Listed Equity,SEERA GROUP HOLDING,SEERA AB,BB Ticker,Saudi Arabia,,,
Lifecycle_Balanced_Pool_Superannuation,Listed Equity,INDUSIND BANK LTD.,IIB IN,BB Ticker,India,,,
Lifecycle_Balanced_Pool_Superannuation,Listed Equity,DE' LONGHI SPA,DLG IM,BB Ticker,Italy,,,
Lifecycle_Balanced_Pool_Superannuation,Listed Equity,DUG TECHNOLOGY LTD.,DUG AU,BB Ticker,Australia,,,
Lifecycle_Balanced_Pool_Superannuation,Listed Equity,NCSOFT CORP.,036570 KS,BB Ticker,South Korea,,,
Lifecycle_Balanced_Pool_Superannuation,Listed Equity,WT MICROELECTRONICS CO. LTD.,3036 TT,BB Ticker,Taiwan,,,
Lifecycle_Balanced_Pool_Superannuation,Listed Equity,BYD CO. LTD.,BYDDY US,BB Ticker,United States,,,
Lifecycle_Balanced_Pool_Superannuation,Listed Equity,"MESA LABORATORIES, INC.",MLAB US,BB Ticker,United States,,,
Lifecycle_Balanced_Pool_Superannuation,Listed Equity,OIL REFINERIES LTD.,ORL IT,BB Ticker,Israel,,,
Lifecycle_Balanced_Pool_Superannuation,Listed Equity,LOUIS HACHETTE GROUP,ALHG FP,BB Ticker,France,,,
Lifecycle_Balanced_Pool_Superannuation,Listed Equity,BURFORD CAPITAL LTD.,BUR LN,BB Ticker,United Kingdom,,,
Lifecycle_Balanced_Pool_Superannuation,Listed Equity,ADDLIFE AB,ALIFB SS,BB Ticker,Sweden,,,
Lifecycle_Balanced_Pool_Superannuation,Listed Equity,"SHIP HEALTHCARE HOLDINGS, INC.",3360 JP,BB Ticker,Japan,,,
Lifecycle_Balanced_Pool_Superannuation,Listed Equity,D'IETEREN GROUP,DIE BB,BB Ticker,Belgium,,,
Lifecycle_Balanced_Pool_Superannuation,Listed Equity,AMEREN CORP.,AEE US,BB Ticker,United States,,,
Lifecycle_Balanced_Pool_Superannuation,Listed Equity,YUE YUEN INDUSTRIAL HOLDINGS LTD.,551 HK,BB Ticker,Hong Kong,,,
Lifecycle_Balanced_Pool_Superannuation,Listed Equity,JUST GROUP PLC,JUST LN,BB Ticker,United Kingdom,,,
Lifecycle_Balanced_Pool_Superannuation,Listed Equity,ZAI LAB LTD.,9688 HK,BB Ticker,Hong Kong,,,
Lifecycle_Balanced_Pool_Superannuation,Listed Equity,NATURA & CO. HOLDING SA,NTCO3 BZ,BB Ticker,Brazil,,,
Lifecycle_Balanced_Pool_Superannuation,Listed Equity,"C3.AI, INC.",AI US,BB Ticker,United States,,,
Lifecycle_Balanced_Pool_Superannuation,Listed Equity,UNITED PLANTATIONS BHD.,UPL MK,BB Ticker,Malaysia,,,
Lifecycle_Balanced_Pool_Superannuation,Listed Equity,"BAUSCH HEALTH COS., INC.",BHC CN,BB Ticker,Canada,,,
Lifecycle_Balanced_Pool_Superannuation,Listed Equity,KEIYO BANK LTD.,8544 JP,BB Ticker,Japan,,,
Lifecycle_Balanced_Pool_Superannuation,Listed Equity,NAGOYA RAILROAD CO. LTD.,9048 JP,BB Ticker,Japan,,,
Lifecycle_Balanced_Pool_Superannuation,Listed Equity,"UNITED PARKS & RESORTS, INC.",PRKS US,BB Ticker,United States,,,
Lifecycle_Balanced_Pool_Superannuation,Listed Equity,ATEA ASA,ATEA NO,BB Ticker,Belgium,,,
Lifecycle_Balanced_Pool_Superannuation,Listed Equity,FERROTEC HOLDINGS CORP.,6890 JP,BB Ticker,Japan,,,
Lifecycle_Balanced_Pool_Superannuation,Listed Equity,NIKKISO CO. LTD.,6376 JP,BB Ticker,Japan,,,
Lifecycle_Balanced_Pool_Superannuation,Listed Equity,EQT CORP.,EQT US,BB Ticker,United States,,,
Lifecycle_Balanced_Pool_Superannuation,Listed Equity,"NOMURA HOLDINGS, INC.",NMR US,BB Ticker,United States,,,
Lifecycle_Balanced_Pool_Superannuation,Listed Equity,DAESANG CORP.,001680 KS,BB Ticker,South Korea,,,
Lifecycle_Balanced_Pool_Superannuation,Listed Equity,CHEMRING GROUP PLC,CHG LN,BB Ticker,United Kingdom,,,
Lifecycle_Balanced_Pool_Superannuation,Listed Equity,HARMONY GOLD MINING CO. LTD.,HAR SJ,BB Ticker,South Africa,,,
Lifecycle_Balanced_Pool_Superannuation,Listed Equity,HAYS PLC,HAS LN,BB Ticker,United Kingdom,,,
Lifecycle_Balanced_Pool_Superannuation,Listed Equity,"AVIDITY BIOSCIENCES, INC.",RNA US,BB Ticker,United States,,,
Lifecycle_Balanced_Pool_Superannuation,Listed Equity,"DENALI THERAPEUTICS, INC.",DNLI US,BB Ticker,United States,,,
Lifecycle_Balanced_Pool_Superannuation,Listed Equity,GN STORE NORD AS,GN DC,BB Ticker,Denmark,,,
Lifecycle_Balanced_Pool_Superannuation,Listed Equity,CHANG HWA COMMERCIAL BANK LTD.,2801 TT,BB Ticker,Taiwan,,,
Lifecycle_Balanced_Pool_Superannuation,Listed Equity,IVECO GROUP NV,IVG IM,BB Ticker,Italy,,,
Lifecycle_Balanced_Pool_Superannuation,Listed Equity,LENDINGCLUB CORP.,LC US,BB Ticker,United States,,,
Lifecycle_Balanced_Pool_Superannuation,Listed Equity,NATCO PHARMA LTD.,NTCPH IN,BB Ticker,India,,,
Lifecycle_Balanced_Pool_Superannuation,Listed Equity,"CGI, INC.",GIB US,BB Ticker,United States,,,
Lifecycle_Balanced_Pool_Superannuation,Listed Equity,GS RETAIL CO. LTD.,007070 KS,BB Ticker,South Korea,,,
Lifecycle_Balanced_Pool_Superannuation,Listed Equity,KRUNG THAI BANK PCL,KTBF TB,BB Ticker,Thailand,,,
Lifecycle_Balanced_Pool_Superannuation,Listed Equity,ATTENDO AB,ATT SS,BB Ticker,Sweden,,,
Lifecycle_Balanced_Pool_Superannuation,Listed Equity,DEVYANI INTERNATIONAL LTD.,DEVYANI IN,BB Ticker,India,,,
Lifecycle_Balanced_Pool_Superannuation,Listed Equity,SCHOUW & CO. AS,SCHO DC,BB Ticker,Denmark,,,
Lifecycle_Balanced_Pool_Superannuation,Listed Equity,"TRANSMEDICS GROUP, INC.",TMDX US,BB Ticker,United States,,,
Lifecycle_Balanced_Pool_Superannuation,Listed Equity,"ENERGIZER HOLDINGS, INC.",ENR US,BB Ticker,United States,,,
Lifecycle_Balanced_Pool_Superannuation,Listed Equity,HENGAN INTERNATIONAL GROUP CO. LTD.,1044 HK,BB Ticker,Hong Kong,,,
Lifecycle_Balanced_Pool_Superannuation,Listed Equity,"INTERNET INITIATIVE JAPAN, INC.",3774 JP,BB Ticker,Japan,,,
Lifecycle_Balanced_Pool_Superannuation,Listed Equity,KITRON ASA,KIT NO,BB Ticker,Belgium,,,
Lifecycle_Balanced_Pool_Superannuation,Listed Equity,UNION BANK OF INDIA LTD.,UNBK IN,BB Ticker,India,,,
Lifecycle_Balanced_Pool_Superannuation,Listed Equity,JINAN ACETATE CHEMICAL CO. LTD.,4763 TT,BB Ticker,Taiwan,,,
Lifecycle_Balanced_Pool_Superannuation,Listed Equity,SAUDI ADVANCED INDUSTRIES CO.,SAIC AB,BB Ticker,Saudi Arabia,,,
Lifecycle_Balanced_Pool_Superannuation,Listed Equity,"MARTINREA INTERNATIONAL, INC.",MRE CN,BB Ticker,Canada,,,
Lifecycle_Balanced_Pool_Superannuation,Listed Equity,AEGIS LOGISTICS LTD.,AEGISLOG IN,BB Ticker,India,,,
Lifecycle_Balanced_Pool_Superannuation,Listed Equity,TRUE CORP. PCL,TRUEF TB,BB Ticker,Thailand,,,
Lifecycle_Balanced_Pool_Superannuation,Listed Equity,"CHOICE HOTELS INTERNATIONAL, INC.",CHH US,BB Ticker,United States,,,
Lifecycle_Balanced_Pool_Superannuation,Listed Equity,TOTVS SA,TOTS3 BZ,BB Ticker,Brazil,,,
Lifecycle_Balanced_Pool_Superannuation,Listed Equity,KIRLOSKAR PNEUMATIC CO. LTD.,KKPC IN,BB Ticker,India,,,
Lifecycle_Balanced_Pool_Superannuation,Listed Equity,"OXFORD INDUSTRIES, INC.",OXM US,BB Ticker,United States,,,
Lifecycle_Balanced_Pool_Superannuation,Listed Equity,MAN GROUP PLC,EMG LN,BB Ticker,United Kingdom,,,
Lifecycle_Balanced_Pool_Superannuation,Listed Equity,"FERGUSON ENTERPRISES, INC.",FERG LN,BB Ticker,United Kingdom,,,
Lifecycle_Balanced_Pool_Superannuation,Listed Equity,CHINA CONSTRUCTION BANK CORP.,CICHY US,BB Ticker,United States,,,
Lifecycle_Balanced_Pool_Superannuation,Listed Equity,AOZORA BANK LTD.,8304 JP,BB Ticker,Japan,,,
Lifecycle_Balanced_Pool_Superannuation,Listed Equity,AL-DAWAA MEDICAL SERVICES CO.,ALDAWAA AB,BB Ticker,Saudi Arabia,,,
Lifecycle_Balanced_Pool_Superannuation,Listed Equity,CENTURY ALUMINUM CO.,CENX US,BB Ticker,United States,,,
Lifecycle_Balanced_Pool_Superannuation,Listed Equity,ENCHEM CO. LTD.,348370 KS,BB Ticker,South Korea,,,
Lifecycle_Balanced_Pool_Superannuation,Listed Equity,BANK AL-JAZIRA,BJAZ AB,BB Ticker,Saudi Arabia,,,
Lifecycle_Balanced_Pool_Superannuation,Listed Equity,ICICI PRUDENTIAL LIFE INSURANCE CO. LTD.,IPRU IN,BB Ticker,India,,,
Lifecycle_Balanced_Pool_Superannuation,Listed Equity,GMR AIRPORTS LTD.,GMRAIRPO IN,BB Ticker,India,,,
Lifecycle_Balanced_Pool_Superannuation,Listed Equity,NIEN MADE ENTERPRISE CO. LTD.,8464 TT,BB Ticker,Taiwan,,,
Lifecycle_Balanced_Pool_Superannuation,Listed Equity,KEI INDUSTRIES LTD.,KEII IN,BB Ticker,India,,,
Lifecycle_Balanced_Pool_Superannuation,Listed Equity,HUATAI SECURITIES CO. LTD.,6886 HK,BB Ticker,Hong Kong,,,
Lifecycle_Balanced_Pool_Superannuation,Listed Equity,CHINA MERCHANTS PORT HOLDINGS CO. LTD.,144 HK,BB Ticker,Hong Kong,,,
Lifecycle_Balanced_Pool_Superannuation,Listed Equity,MAX CO. LTD.,6454 JP,BB Ticker,Japan,,,
Lifecycle_Balanced_Pool_Superannuation,Listed Equity,NIPPON LIGHT METAL HOLDINGS CO. LTD.,5703 JP,BB Ticker,Japan,,,
Lifecycle_Balanced_Pool_Superannuation,Listed Equity,"TOKYO KIRABOSHI FINANCIAL GROUP, INC.",7173 JP,BB Ticker,Japan,,,
Lifecycle_Balanced_Pool_Superannuation,Listed Equity,"BALDWIN INSURANCE GROUP, INC.",BWIN US,BB Ticker,United States,,,
Lifecycle_Balanced_Pool_Superannuation,Listed Equity,SUZUKEN CO. LTD.,9987 JP,BB Ticker,Japan,,,
Lifecycle_Balanced_Pool_Superannuation,Listed Equity,"FOOT LOCKER, INC.",FL US,BB Ticker,United States,,,
Lifecycle_Balanced_Pool_Superannuation,Listed Equity,"ARROWHEAD PHARMACEUTICALS, INC.",ARWR US,BB Ticker,United States,,,
Lifecycle_Balanced_Pool_Superannuation,Listed Equity,SOITEC,SOI FP,BB Ticker,France,,,
Lifecycle_Balanced_Pool_Superannuation,Listed Equity,BARWA REAL ESTATE CO.,BRES QD,BB Ticker,Qatar,,,
Lifecycle_Balanced_Pool_Superannuation,Listed Equity,NATIONAL MEDICAL CARE CO.,CARE AB,BB Ticker,Saudi Arabia,,,
Lifecycle_Balanced_Pool_Superannuation,Listed Equity,SAUDI GROUND SERVICES CO.,SGS AB,BB Ticker,Saudi Arabia,,,
Lifecycle_Balanced_Pool_Superannuation,Listed Equity,"INTERFACE, INC.",TILE US,BB Ticker,United States,,,
Lifecycle_Balanced_Pool_Superannuation,Listed Equity,CELCOMDIGI BHD.,CDB MK,BB Ticker,Malaysia,,,
Lifecycle_Balanced_Pool_Superannuation,Listed Equity,CCC SA,CCC PW,BB Ticker,Poland,,,
Lifecycle_Balanced_Pool_Superannuation,Listed Equity,PLUS500 LTD.,PLUS LN,BB Ticker,United Kingdom,,,
Lifecycle_Balanced_Pool_Superannuation,Listed Equity,KING'S TOWN BANK CO. LTD.,2809 TT,BB Ticker,Taiwan,,,
Lifecycle_Balanced_Pool_Superannuation,Listed Equity,TOKYO STEEL MANUFACTURING CO. LTD.,5423 JP,BB Ticker,Japan,,,
Lifecycle_Balanced_Pool_Superannuation,Listed Equity,BANK OF NAGOYA LTD.,8522 JP,BB Ticker,Japan,,,
Lifecycle_Balanced_Pool_Superannuation,Listed Equity,EMAMI LTD.,HMN IN,BB Ticker,India,,,
Lifecycle_Balanced_Pool_Superannuation,Listed Equity,HONG LEONG FINANCIAL GROUP BHD.,HLFG MK,BB Ticker,Malaysia,,,
Lifecycle_Balanced_Pool_Superannuation,Listed Equity,KRONES AG,KRN GR,BB Ticker,Germany,,,
Lifecycle_Balanced_Pool_Superannuation,Listed Equity,"AUTOHOME, INC.",ATHM US,BB Ticker,United States,,,
Lifecycle_Balanced_Pool_Superannuation,Listed Equity,"EMERA, INC.",EMA CN,BB Ticker,Canada,,,
Lifecycle_Balanced_Pool_Superannuation,Listed Equity,HAITONG SECURITIES CO. LTD.,6837 HK,BB Ticker,Hong Kong,,,
Lifecycle_Balanced_Pool_Superannuation,Listed Equity,KAGA ELECTRONICS CO. LTD.,8154 JP,BB Ticker,Japan,,,
Lifecycle_Balanced_Pool_Superannuation,Listed Equity,HYBE CO. LTD.,352820 KS,BB Ticker,South Korea,,,
Lifecycle_Balanced_Pool_Superannuation,Listed Equity,ORANGE SA,ORANY US,BB Ticker,United States,,,
Lifecycle_Balanced_Pool_Superannuation,Listed Equity,TASEKO MINES LTD.,TKO CN,BB Ticker,Canada,,,
Lifecycle_Balanced_Pool_Superannuation,Listed Equity,SITC INTERNATIONAL HOLDINGS CO. LTD.,1308 HK,BB Ticker,Hong Kong,,,
Lifecycle_Balanced_Pool_Superannuation,Listed Equity,HUSQVARNA AB,HUSQB SS,BB Ticker,Sweden,,,
Lifecycle_Balanced_Pool_Superannuation,Listed Equity,SOTERA HEALTH CO.,SHC US,BB Ticker,United States,,,
Lifecycle_Balanced_Pool_Superannuation,Listed Equity,MARFRIG GLOBAL FOODS SA,MRFG3 BZ,BB Ticker,Brazil,,,
Lifecycle_Balanced_Pool_Superannuation,Listed Equity,CRRC CORP. LTD.,1766 HK,BB Ticker,Hong Kong,,,
Lifecycle_Balanced_Pool_Superannuation,Listed Equity,VEOLIA ENVIRONNEMENT SA,VIE FP,BB Ticker,France,,,
Lifecycle_Balanced_Pool_Superannuation,Listed Equity,SHANGHAI MECHANICAL & ELECTRICAL INDUSTRY CO. LTD.,600835 C1,BB Ticker,China,,,
Lifecycle_Balanced_Pool_Superannuation,Listed Equity,HI-LEX CORP.,7279 JP,BB Ticker,Japan,,,
Lifecycle_Balanced_Pool_Superannuation,Listed Equity,BANCO DO ESTADO DO RIO GRANDE DO SUL SA,BRSR6 BZ,BB Ticker,Brazil,,,
Lifecycle_Balanced_Pool_Superannuation,Listed Equity,SHIZUOKA GAS CO. LTD.,9543 JP,BB Ticker,Japan,,,
Lifecycle_Balanced_Pool_Superannuation,Listed Equity,BANK TABUNGAN NEGARA PERSERO TBK. PT,BBTN IJ,BB Ticker,Indonesia,,,
Lifecycle_Balanced_Pool_Superannuation,Listed Equity,ICICI LOMBARD GENERAL INSURANCE CO. LTD.,ICICIGI IN,BB Ticker,India,,,
Lifecycle_Balanced_Pool_Superannuation,Listed Equity,CECONOMY AG,CEC GR,BB Ticker,Germany,,,
Lifecycle_Balanced_Pool_Superannuation,Listed Equity,FLUIDRA SA,FDR SM,BB Ticker,Spain,,,
Lifecycle_Balanced_Pool_Superannuation,Listed Equity,IMUGENE LTD.,IMU AU,BB Ticker,Australia,,,
Lifecycle_Balanced_Pool_Superannuation,Listed Equity,BNP PARIBAS SA,BNPQY US,BB Ticker,United States,,,
Lifecycle_Balanced_Pool_Superannuation,Listed Equity,HORIBA LTD.,6856 JP,BB Ticker,Japan,,,
Lifecycle_Balanced_Pool_Superannuation,Listed Equity,GOTO GOJEK TOKOPEDIA TBK. PT,GOTO IJ,BB Ticker,Indonesia,,,
Lifecycle_Balanced_Pool_Superannuation,Listed Equity,AL BABTAIN POWER & TELECOMMUNICATION CO.,ALBABTAI AB,BB Ticker,Saudi Arabia,,,
Lifecycle_Balanced_Pool_Superannuation,Listed Equity,GREAT EASTERN SHIPPING CO. LTD.,GESCO IN,BB Ticker,India,,,
Lifecycle_Balanced_Pool_Superannuation,Listed Equity,"NEW GOLD, INC.",NGD CN,BB Ticker,Canada,,,
Lifecycle_Balanced_Pool_Superannuation,Listed Equity,AEON FINANCIAL SERVICE CO. LTD.,8570 JP,BB Ticker,Japan,,,
Lifecycle_Balanced_Pool_Superannuation,Listed Equity,SAN-IN GODO BANK LTD.,8381 JP,BB Ticker,Japan,,,
Lifecycle_Balanced_Pool_Superannuation,Listed Equity,ENTRA ASA,ENTRA NO,BB Ticker,Belgium,,,
Lifecycle_Balanced_Pool_Superannuation,Listed Equity,TELEFONAKTIEBOLAGET LM ERICSSON,ERIC US,BB Ticker,United States,,,
Lifecycle_Balanced_Pool_Superannuation,Listed Equity,"HASHICORP, INC.",HCP US,BB Ticker,United States,,,
Lifecycle_Balanced_Pool_Superannuation,Listed Equity,BACHEM HOLDING AG,BANB SW,BB Ticker,Switzerland,,,
Lifecycle_Balanced_Pool_Superannuation,Listed Equity,RADIANT OPTO-ELECTRONICS CORP.,6176 TT,BB Ticker,Taiwan,,,
Lifecycle_Balanced_Pool_Superannuation,Listed Equity,"FORTREA HOLDINGS, INC.",FTRE US,BB Ticker,United States,,,
Lifecycle_Balanced_Pool_Superannuation,Listed Equity,CHINA RESOURCES MIXC LIFESTYLE SERVICES LTD.,1209 HK,BB Ticker,Hong Kong,,,
Lifecycle_Balanced_Pool_Superannuation,Listed Equity,WINPAK LTD.,WPK CN,BB Ticker,Canada,,,
Lifecycle_Balanced_Pool_Superannuation,Listed Equity,MINOR INTERNATIONAL PCL,MINTF TB,BB Ticker,Thailand,,,
Lifecycle_Balanced_Pool_Superannuation,Listed Equity,WHA CORP. PCL,WHAF TB,BB Ticker,Thailand,,,
Lifecycle_Balanced_Pool_Superannuation,Listed Equity,"SUNCOR ENERGY, INC.",SU US,BB Ticker,United States,,,
Lifecycle_Balanced_Pool_Superannuation,Listed Equity,"10X GENOMICS, INC.",TXG US,BB Ticker,United States,,,
Lifecycle_Balanced_Pool_Superannuation,Listed Equity,SEAH STEEL HOLDINGS CORP.,003030 KS,BB Ticker,South Korea,,,
Lifecycle_Balanced_Pool_Superannuation,Listed Equity,PANDOX AB,PNDXB SS,BB Ticker,Sweden,,,
Lifecycle_Balanced_Pool_Superannuation,Listed Equity,KFIN TECHNOLOGIES LTD.,KFINTECH IN,BB Ticker,India,,,
Lifecycle_Balanced_Pool_Superannuation,Listed Equity,PPL CORP.,PPL US,BB Ticker,United States,,,
Lifecycle_Balanced_Pool_Superannuation,Listed Equity,HIMALAYA SHIPPING LTD.,HSHP NO,BB Ticker,Belgium,,,
Lifecycle_Balanced_Pool_Superannuation,Listed Equity,HENSOLDT AG,HAG GR,BB Ticker,Germany,,,
Lifecycle_Balanced_Pool_Superannuation,Listed Equity,"HUB GROUP, INC.",HUBG US,BB Ticker,United States,,,
Lifecycle_Balanced_Pool_Superannuation,Listed Equity,AWA BANK LTD.,8388 JP,BB Ticker,Japan,,,
Lifecycle_Balanced_Pool_Superannuation,Listed Equity,"BRP, INC.",DOO CN,BB Ticker,Canada,,,
Lifecycle_Balanced_Pool_Superannuation,Listed Equity,NABTESCO CORP.,6268 JP,BB Ticker,Japan,,,
Lifecycle_Balanced_Pool_Superannuation,Listed Equity,POSTAL SAVINGS BANK OF CHINA CO. LTD.,601658 C1,BB Ticker,China,,,
Lifecycle_Balanced_Pool_Superannuation,Listed Equity,NBCC INDIA LTD.,NBCC IN,BB Ticker,India,,,
Lifecycle_Balanced_Pool_Superannuation,Listed Equity,"PHINIA, INC.",PHIN US,BB Ticker,United States,,,
Lifecycle_Balanced_Pool_Superannuation,Listed Equity,REDCARE PHARMACY NV,RDC GR,BB Ticker,Germany,,,
Lifecycle_Balanced_Pool_Superannuation,Listed Equity,BAVARIAN NORDIC AS,BAVA DC,BB Ticker,Denmark,,,
Lifecycle_Balanced_Pool_Superannuation,Listed Equity,GUJARAT PIPAVAV PORT LTD.,GPPV IN,BB Ticker,India,,,
Lifecycle_Balanced_Pool_Superannuation,Listed Equity,"LI AUTO, INC.",LI US,BB Ticker,United States,,,
Lifecycle_Balanced_Pool_Superannuation,Listed Equity,"KLAVIYO, INC.",KVYO US,BB Ticker,United States,,,
Lifecycle_Balanced_Pool_Superannuation,Listed Equity,MBANK SA,MBK PW,BB Ticker,Poland,,,
Lifecycle_Balanced_Pool_Superannuation,Listed Equity,FENG TAY ENTERPRISE CO. LTD.,9910 TT,BB Ticker,Taiwan,,,
Lifecycle_Balanced_Pool_Superannuation,Listed Equity,IMMUTEP LTD.,IMM AU,BB Ticker,Australia,,,
Lifecycle_Balanced_Pool_Superannuation,Listed Equity,METEORIC RESOURCES NL,MEI AU,BB Ticker,Australia,,,
Lifecycle_Balanced_Pool_Superannuation,Listed Equity,"AMN HEALTHCARE SERVICES, INC.",AMN US,BB Ticker,United States,,,
Lifecycle_Balanced_Pool_Superannuation,Listed Equity,VIVA LEISURE LTD.,VVA AU,BB Ticker,Australia,,,
Lifecycle_Balanced_Pool_Superannuation,Listed Equity,BANK OF EAST ASIA LTD.,23 HK,BB Ticker,Hong Kong,,,
Lifecycle_Balanced_Pool_Superannuation,Listed Equity,NCR ATLEOS CORP.,NATL US,BB Ticker,United States,,,
Lifecycle_Balanced_Pool_Superannuation,Listed Equity,DIASORIN SPA,DIA IM,BB Ticker,Italy,,,
Lifecycle_Balanced_Pool_Superannuation,Listed Equity,KALMAR OYJ,KALMAR FH,BB Ticker,Finland,,,
Lifecycle_Balanced_Pool_Superannuation,Listed Equity,CARL ZEISS MEDITEC AG,AFX GR,BB Ticker,Germany,,,
Lifecycle_Balanced_Pool_Superannuation,Listed Equity,SAIZERIYA CO. LTD.,7581 JP,BB Ticker,Japan,,,
Lifecycle_Balanced_Pool_Superannuation,Listed Equity,NEXTERA ENERGY PARTNERS LP,NEP US,BB Ticker,United States,,,
Lifecycle_Balanced_Pool_Superannuation,Listed Equity,NARAYANA HRUDAYALAYA LTD.,NARH IN,BB Ticker,India,,,
Lifecycle_Balanced_Pool_Superannuation,Listed Equity,CHINA RESOURCES PHARMACEUTICAL GROUP LTD.,3320 HK,BB Ticker,Hong Kong,,,
Lifecycle_Balanced_Pool_Superannuation,Listed Equity,TGS ASA,TGS NO,BB Ticker,Belgium,,,
Lifecycle_Balanced_Pool_Superannuation,Listed Equity,INVESTEC LTD.,INL SJ,BB Ticker,South Africa,,,
Lifecycle_Balanced_Pool_Superannuation,Listed Equity,SHINKO ELECTRIC INDUSTRIES CO. LTD.,6967 JP,BB Ticker,Japan,,,
Lifecycle_Balanced_Pool_Superannuation,Listed Equity,PANTORO LTD.,PNR AU,BB Ticker,Australia,,,
Lifecycle_Balanced_Pool_Superannuation,Listed Equity,"TANDEM DIABETES CARE, INC.",TNDM US,BB Ticker,United States,,,
Lifecycle_Balanced_Pool_Superannuation,Listed Equity,"EVERI HOLDINGS, INC.",EVRI US,BB Ticker,United States,,,
Lifecycle_Balanced_Pool_Superannuation,Listed Equity,"ASIA OPTICAL CO., INC.",3019 TT,BB Ticker,Taiwan,,,
Lifecycle_Balanced_Pool_Superannuation,Listed Equity,HORNBACH HOLDING AG & CO. KGAA,HBH GR,BB Ticker,Germany,,,
Lifecycle_Balanced_Pool_Superannuation,Listed Equity,"PATRIOT BATTERY METALS, INC.",PMT AU,BB Ticker,Australia,,,
Lifecycle_Balanced_Pool_Superannuation,Listed Equity,INTERNATIONAL DISTRIBUTION SERVICES PLC,IDS LN,BB Ticker,United Kingdom,,,
Lifecycle_Balanced_Pool_Superannuation,Listed Equity,"KYUSHU FINANCIAL GROUP, INC.",7180 JP,BB Ticker,Japan,,,
Lifecycle_Balanced_Pool_Superannuation,Listed Equity,AUREN ENERGIA SA,AURE3 BZ,BB Ticker,Brazil,,,
Lifecycle_Balanced_Pool_Superannuation,Listed Equity,NOVARTIS AG,NVS US,BB Ticker,United States,,,
Lifecycle_Balanced_Pool_Superannuation,Listed Equity,"GMO INTERNET GROUP, INC.",9449 JP,BB Ticker,Japan,,,
Lifecycle_Balanced_Pool_Superannuation,Listed Equity,SUNDARAM FINANCE LTD.,SUF IN,BB Ticker,India,,,
Lifecycle_Balanced_Pool_Superannuation,Listed Equity,JARIR MARKETING CO.,JARIR AB,BB Ticker,Saudi Arabia,,,
Lifecycle_Balanced_Pool_Superannuation,Listed Equity,RINGKJOEBING LANDBOBANK AS,RILBA DC,BB Ticker,Denmark,,,
Lifecycle_Balanced_Pool_Superannuation,Listed Equity,EMAAR ECONOMIC CITY,EMAAR AB,BB Ticker,Saudi Arabia,,,
Lifecycle_Balanced_Pool_Superannuation,Listed Equity,SEIKO GROUP CORP.,8050 JP,BB Ticker,Japan,,,
Lifecycle_Balanced_Pool_Superannuation,Listed Equity,YADEA GROUP HOLDINGS LTD.,1585 HK,BB Ticker,Hong Kong,,,
Lifecycle_Balanced_Pool_Superannuation,Listed Equity,ARCHEAN CHEMICAL INDUSTRIES LTD.,ACI IN,BB Ticker,India,,,
Lifecycle_Balanced_Pool_Superannuation,Listed Equity,PTC INDIA LTD.,PTCIN IN,BB Ticker,India,,,
Lifecycle_Balanced_Pool_Superannuation,Listed Equity,DUKHAN BANK,DUBK QD,BB Ticker,Qatar,,,
Lifecycle_Balanced_Pool_Superannuation,Listed Equity,"CF INDUSTRIES HOLDINGS, INC.",CF US,BB Ticker,United States,,,
Lifecycle_Balanced_Pool_Superannuation,Listed Equity,GUNKUL ENGINEERING PCL,GUNKULR TB,BB Ticker,Thailand,,,
Lifecycle_Balanced_Pool_Superannuation,Listed Equity,TRANSMISSORA ALIANCA DE ENERGIA ELETRICA SA,TAEE11 BZ,BB Ticker,Brazil,,,
Lifecycle_Balanced_Pool_Superannuation,Listed Equity,"NISSHIN SEIFUN GROUP, INC.",2002 JP,BB Ticker,Japan,,,
Lifecycle_Balanced_Pool_Superannuation,Listed Equity,NINGBO SANXING MEDICAL ELECTRIC CO. LTD.,601567 C1,BB Ticker,China,,,
Lifecycle_Balanced_Pool_Superannuation,Listed Equity,TECNICAS REUNIDAS SA,TRE SM,BB Ticker,Spain,,,
Lifecycle_Balanced_Pool_Superannuation,Listed Equity,"TECHNOPRO HOLDINGS, INC.",6028 JP,BB Ticker,Japan,,,
Lifecycle_Balanced_Pool_Superannuation,Listed Equity,ARC RESOURCES LTD.,ARX CN,BB Ticker,Canada,,,
Lifecycle_Balanced_Pool_Superannuation,Listed Equity,PIRAMAL ENTERPRISES LTD.,PIEL IN,BB Ticker,India,,,
Lifecycle_Balanced_Pool_Superannuation,Listed Equity,INDRA SISTEMAS SA,IDR SM,BB Ticker,Spain,,,
Lifecycle_Balanced_Pool_Superannuation,Listed Equity,"AXCELIS TECHNOLOGIES, INC.",ACLS US,BB Ticker,United States,,,
Lifecycle_Balanced_Pool_Superannuation,Listed Equity,CASTELLUM AB,CAST SS,BB Ticker,Sweden,,,
Lifecycle_Balanced_Pool_Superannuation,Listed Equity,NIPPON STEEL CORP.,5401 JP,BB Ticker,Japan,,,
Lifecycle_Balanced_Pool_Superannuation,Listed Equity,ZHEJIANG LEAPMOTOR TECHNOLOGY CO. LTD.,9863 HK,BB Ticker,Hong Kong,,,
Lifecycle_Balanced_Pool_Superannuation,Listed Equity,"CYTEK BIOSCIENCES, INC.",CTKB US,BB Ticker,United States,,,
Lifecycle_Balanced_Pool_Superannuation,Listed Equity,DEUTSCHE BANK AG,DB US,BB Ticker,United States,,,
Lifecycle_Balanced_Pool_Superannuation,Listed Equity,RHEINMETALL AG,RNMBY US,BB Ticker,United States,,,
Lifecycle_Balanced_Pool_Superannuation,Listed Equity,JEOL LTD.,6951 JP,BB Ticker,Japan,,,
Lifecycle_Balanced_Pool_Superannuation,Listed Equity,BANCO ITAU CHILE SA,ITAUCL CI,BB Ticker,Chile,,,
Lifecycle_Balanced_Pool_Superannuation,Listed Equity,ALK-ABELLO AS,ALKB DC,BB Ticker,Denmark,,,
Lifecycle_Balanced_Pool_Superannuation,Listed Equity,SAUDI CHEMICAL CO. HOLDING,CHEMICAL AB,BB Ticker,Saudi Arabia,,,
Lifecycle_Balanced_Pool_Superannuation,Listed Equity,NAN PAO RESINS CHEMICAL CO. LTD.,4766 TT,BB Ticker,Taiwan,,,
Lifecycle_Balanced_Pool_Superannuation,Listed Equity,SIGURD MICROELECTRONICS CORP.,6257 TT,BB Ticker,Taiwan,,,
Lifecycle_Balanced_Pool_Superannuation,Listed Equity,"IGM FINANCIAL, INC.",IGM CN,BB Ticker,Canada,,,
Lifecycle_Balanced_Pool_Superannuation,Listed Equity,GLORY LTD.,6457 JP,BB Ticker,Japan,,,
Lifecycle_Balanced_Pool_Superannuation,Listed Equity,WISDOM MARINE LINES CO. LTD.,2637 TT,BB Ticker,Taiwan,,,
Lifecycle_Balanced_Pool_Superannuation,Listed Equity,MIDLAND HOLDINGS LTD.,1200 HK,BB Ticker,Hong Kong,,,
Lifecycle_Balanced_Pool_Superannuation,Listed Equity,SK BIOPHARMACEUTICALS CO. LTD.,326030 KS,BB Ticker,South Korea,,,
Lifecycle_Balanced_Pool_Superannuation,Listed Equity,KUMHO PETROCHEMICAL CO. LTD.,011780 KS,BB Ticker,South Korea,,,
Lifecycle_Balanced_Pool_Superannuation,Listed Equity,HANWHA GENERAL INSURANCE CO. LTD.,000370 KS,BB Ticker,South Korea,,,
Lifecycle_Balanced_Pool_Superannuation,Listed Equity,MITSUBISHI MOTORS CORP.,7211 JP,BB Ticker,Japan,,,
Lifecycle_Balanced_Pool_Superannuation,Listed Equity,PROTECTOR FORSIKRING ASA,PROT NO,BB Ticker,Belgium,,,
Lifecycle_Balanced_Pool_Superannuation,Listed Equity,"BRIGHTSPHERE INVESTMENT GROUP, INC.",BSIG US,BB Ticker,United States,,,
Lifecycle_Balanced_Pool_Superannuation,Listed Equity,METSO OYJ,METSO FH,BB Ticker,Finland,,,
Lifecycle_Balanced_Pool_Superannuation,Listed Equity,NORDIC SEMICONDUCTOR ASA,NOD NO,BB Ticker,Belgium,,,
Lifecycle_Balanced_Pool_Superannuation,Listed Equity,IRON ROAD LTD.,IRD AU,BB Ticker,Australia,,,
Lifecycle_Balanced_Pool_Superannuation,Listed Equity,"RENOVA, INC.",9519 JP,BB Ticker,Japan,,,
Lifecycle_Balanced_Pool_Superannuation,Listed Equity,ALLIANT ENERGY CORP.,LNT US,BB Ticker,United States,,,
Lifecycle_Balanced_Pool_Superannuation,Listed Equity,PSP SWISS PROPERTY AG,PSPN SW,BB Ticker,Switzerland,,,
Lifecycle_Balanced_Pool_Superannuation,Listed Equity,"LIGACHEM BIOSCIENCES, INC.",141080 KS,BB Ticker,South Korea,,,
Lifecycle_Balanced_Pool_Superannuation,Listed Equity,JDE PEET'S NV,JDEP NA,BB Ticker,Netherlands,,,
Lifecycle_Balanced_Pool_Superannuation,Listed Equity,SPAR NORD BANK AS,SPNO DC,BB Ticker,Denmark,,,
Lifecycle_Balanced_Pool_Superannuation,Listed Equity,SCHIBSTED ASA,SCHB NO,BB Ticker,Belgium,,,
Lifecycle_Balanced_Pool_Superannuation,Listed Equity,AMARA RAJA ENERGY & MOBILITY LTD.,ARENM IN,BB Ticker,India,,,
Lifecycle_Balanced_Pool_Superannuation,Listed Equity,POSCO DX CO. LTD.,022100 KS,BB Ticker,South Korea,,,
Lifecycle_Balanced_Pool_Superannuation,Listed Equity,STORSKOGEN GROUP AB,STORB SS,BB Ticker,Sweden,,,
Lifecycle_Balanced_Pool_Superannuation,Listed Equity,TOURMALINE OIL CORP.,TOU CN,BB Ticker,Canada,,,
Lifecycle_Balanced_Pool_Superannuation,Listed Equity,BURGUNDY DIAMOND MINES LTD.,BDM AU,BB Ticker,Australia,,,
Lifecycle_Balanced_Pool_Superannuation,Listed Equity,DO & CO. AG,DOC AV,BB Ticker,Austria,,,
Lifecycle_Balanced_Pool_Superannuation,Listed Equity,FAR EAST HORIZON LTD.,3360 HK,BB Ticker,Hong Kong,,,
Lifecycle_Balanced_Pool_Superannuation,Listed Equity,SK BIOSCIENCE CO. LTD.,302440 KS,BB Ticker,South Korea,,,
Lifecycle_Balanced_Pool_Superannuation,Listed Equity,HANG LUNG PROPERTIES LTD.,101 HK,BB Ticker,Hong Kong,,,
Lifecycle_Balanced_Pool_Superannuation,Listed Equity,CHOW TAI FOOK JEWELLERY GROUP LTD.,1929 HK,BB Ticker,Hong Kong,,,
Lifecycle_Balanced_Pool_Superannuation,Listed Equity,KBC ANCORA,KBCA BB,BB Ticker,Belgium,,,
Lifecycle_Balanced_Pool_Superannuation,Listed Equity,CEYLON GUARDIAN INVESTMENT TRUST PLC,GUAR SL,BB Ticker,Sri Lanka,,,
Lifecycle_Balanced_Pool_Superannuation,Listed Equity,HUMANSOFT HOLDING CO. KSC,HUMANSFT KK,BB Ticker,Kuwait,,,
Lifecycle_Balanced_Pool_Superannuation,Listed Equity,"VNET GROUP, INC.",VNET US,BB Ticker,United States,,,
Lifecycle_Balanced_Pool_Superannuation,Listed Equity,HDC HYUNDAI DEVELOPMENT CO-ENGINEERING & CONSTRUCTION,294870 KS,BB Ticker,South Korea,,,
Lifecycle_Balanced_Pool_Superannuation,Listed Equity,"NORTH WEST CO., INC.",NWC CN,BB Ticker,Canada,,,
Lifecycle_Balanced_Pool_Superannuation,Listed Equity,BANCO DE CHILE,BCH US,BB Ticker,United States,,,
Lifecycle_Balanced_Pool_Superannuation,Listed Equity,TELEVISION BROADCASTS LTD.,511 HK,BB Ticker,Hong Kong,,,
Lifecycle_Balanced_Pool_Superannuation,Listed Equity,FORTNOX AB,FNOX SS,BB Ticker,Sweden,,,
Lifecycle_Balanced_Pool_Superannuation,Listed Equity,"TOHOKU ELECTRIC POWER CO., INC.",9506 JP,BB Ticker,Japan,,,
Lifecycle_Balanced_Pool_Superannuation,Listed Equity,KG DONGBUSTEEL,016380 KS,BB Ticker,South Korea,,,
Lifecycle_Balanced_Pool_Superannuation,Listed Equity,DEXERIALS CORP.,4980 JP,BB Ticker,Japan,,,
Lifecycle_Balanced_Pool_Superannuation,Listed Equity,"HANOVER INSURANCE GROUP, INC.",THG US,BB Ticker,United States,,,
Lifecycle_Balanced_Pool_Superannuation,Listed Equity,PARAMOUNT BED HOLDINGS CO. LTD.,7817 JP,BB Ticker,Japan,,,
Lifecycle_Balanced_Pool_Superannuation,Listed Equity,CAMTEK LTD.,CAMT IT,BB Ticker,Israel,,,
Lifecycle_Balanced_Pool_Superannuation,Listed Equity,NTPC LTD.,NTPC IN,BB Ticker,India,,,
Lifecycle_Balanced_Pool_Superannuation,Listed Equity,"GRAIL, INC.",GRAL US,BB Ticker,United States,,,
Lifecycle_Balanced_Pool_Superannuation,Listed Equity,KANDENKO CO. LTD.,1942 JP,BB Ticker,Japan,,,
Lifecycle_Balanced_Pool_Superannuation,Listed Equity,THANACHART CAPITAL PCL,TCAPR TB,BB Ticker,Thailand,,,
Lifecycle_Balanced_Pool_Superannuation,Listed Equity,GENERTEC UNIVERSAL MEDICAL GROUP CO. LTD.,2666 HK,BB Ticker,Hong Kong,,,
Lifecycle_Balanced_Pool_Superannuation,Listed Equity,KOKUYO CO. LTD.,7984 JP,BB Ticker,Japan,,,
Lifecycle_Balanced_Pool_Superannuation,Listed Equity,ABDULLAH AL OTHAIM MARKETS CO.,AOTHAIM AB,BB Ticker,Saudi Arabia,,,
Lifecycle_Balanced_Pool_Superannuation,Listed Equity,LEVI STRAUSS & CO.,LEVI US,BB Ticker,United States,,,
Lifecycle_Balanced_Pool_Superannuation,Listed Equity,MUTARES SE & CO. KGAA,MUX GR,BB Ticker,Germany,,,
Lifecycle_Balanced_Pool_Superannuation,Listed Equity,INDIAN RAILWAY CATERING & TOURISM CORP. LTD.,IRCTC IN,BB Ticker,India,,,
Lifecycle_Balanced_Pool_Superannuation,Listed Equity,SWECO AB,SWECB SS,BB Ticker,Sweden,,,
Lifecycle_Balanced_Pool_Superannuation,Listed Equity,HAITIAN INTERNATIONAL HOLDINGS LTD.,1882 HK,BB Ticker,Hong Kong,,,
Lifecycle_Balanced_Pool_Superannuation,Listed Equity,TSUBAKIMOTO CHAIN CO.,6371 JP,BB Ticker,Japan,,,
Lifecycle_Balanced_Pool_Superannuation,Listed Equity,SAIPEM SPA,SPM IM,BB Ticker,Italy,,,
Lifecycle_Balanced_Pool_Superannuation,Listed Equity,HOME PRODUCT CENTER PCL,HMPROF TB,BB Ticker,Thailand,,,
Lifecycle_Balanced_Pool_Superannuation,Listed Equity,YANGTZE OPTICAL FIBRE & CABLE JOINT STOCK CO. LTD.,601869 C1,BB Ticker,China,,,
Lifecycle_Balanced_Pool_Superannuation,Listed Equity,CHINA OILFIELD SERVICES LTD.,2883 HK,BB Ticker,Hong Kong,,,
Lifecycle_Balanced_Pool_Superannuation,Listed Equity,"SUNNOVA ENERGY INTERNATIONAL, INC.",NOVA US,BB Ticker,United States,,,
Lifecycle_Balanced_Pool_Superannuation,Listed Equity,WH SMITH PLC,SMWH LN,BB Ticker,United Kingdom,,,
Lifecycle_Balanced_Pool_Superannuation,Listed Equity,MABUCHI MOTOR CO. LTD.,6592 JP,BB Ticker,Japan,,,
Lifecycle_Balanced_Pool_Superannuation,Listed Equity,"FUJI SOFT, INC.",9749 JP,BB Ticker,Japan,,,
Lifecycle_Balanced_Pool_Superannuation,Listed Equity,AMERIS BANCORP,ABCB US,BB Ticker,United States,,,
Lifecycle_Balanced_Pool_Superannuation,Listed Equity,JYSKE BANK AS,JYSK DC,BB Ticker,Denmark,,,
Lifecycle_Balanced_Pool_Superannuation,Listed Equity,GENSCRIPT BIOTECH CORP.,1548 HK,BB Ticker,Hong Kong,,,
Lifecycle_Balanced_Pool_Superannuation,Listed Equity,"CORE LABORATORIES, INC.",CLB US,BB Ticker,United States,,,
Lifecycle_Balanced_Pool_Superannuation,Listed Equity,IPERIONX LTD.,IPX AU,BB Ticker,Australia,,,
Lifecycle_Balanced_Pool_Superannuation,Listed Equity,CHINA RUYI HOLDINGS LTD.,136 HK,BB Ticker,Hong Kong,,,
Lifecycle_Balanced_Pool_Superannuation,Listed Equity,MODERN TIMES GROUP MTG AB,MTGB SS,BB Ticker,Sweden,,,
Lifecycle_Balanced_Pool_Superannuation,Listed Equity,SHANDONG NANSHAN ALUMINUM CO. LTD.,600219 C1,BB Ticker,China,,,
Lifecycle_Balanced_Pool_Superannuation,Listed Equity,DELHIVERY LTD.,DELHIVER IN,BB Ticker,India,,,
Lifecycle_Balanced_Pool_Superannuation,Listed Equity,BOC INTERNATIONAL CHINA CO. LTD.,601696 C1,BB Ticker,China,,,
Lifecycle_Balanced_Pool_Superannuation,Listed Equity,APELOA PHARMACEUTICAL CO. LTD.,000739 C2,BB Ticker,China,,,
Lifecycle_Balanced_Pool_Superannuation,Listed Equity,BANGKOK EXPRESSWAY & METRO PCL,BEMF TB,BB Ticker,Thailand,,,
Lifecycle_Balanced_Pool_Superannuation,Listed Equity,DALLAH HEALTHCARE CO.,DALLAH AB,BB Ticker,Saudi Arabia,,,
Lifecycle_Balanced_Pool_Superannuation,Listed Equity,THYSSENKRUPP AG,TKA GR,BB Ticker,Germany,,,
Lifecycle_Balanced_Pool_Superannuation,Listed Equity,MINISO GROUP HOLDING LTD.,9896 HK,BB Ticker,Hong Kong,,,
Lifecycle_Balanced_Pool_Superannuation,Listed Equity,BEACON LIGHTING GROUP LTD.,BLX AU,BB Ticker,Australia,,,
Lifecycle_Balanced_Pool_Superannuation,Listed Equity,EMECO HOLDINGS LTD.,EHL AU,BB Ticker,Australia,,,
Lifecycle_Balanced_Pool_Superannuation,Listed Equity,PETS AT HOME GROUP PLC,PETS LN,BB Ticker,United Kingdom,,,
Lifecycle_Balanced_Pool_Superannuation,Listed Equity,ENDEAVOUR SILVER CORP.,EDR CN,BB Ticker,Canada,,,
Lifecycle_Balanced_Pool_Superannuation,Listed Equity,HUBER & SUHNER AG,HUBN SW,BB Ticker,Switzerland,,,
Lifecycle_Balanced_Pool_Superannuation,Listed Equity,"SOCIONEXT, INC.",6526 JP,BB Ticker,Japan,,,
Lifecycle_Balanced_Pool_Superannuation,Listed Equity,MITSUBISHI SHOKUHIN CO. LTD.,7451 JP,BB Ticker,Japan,,,
Lifecycle_Balanced_Pool_Superannuation,Listed Equity,UNILEVER INDONESIA TBK. PT,UNVR IJ,BB Ticker,Indonesia,,,
Lifecycle_Balanced_Pool_Superannuation,Listed Equity,WILMAR INTERNATIONAL LTD.,WIL SP,BB Ticker,Singapore,,,
Lifecycle_Balanced_Pool_Superannuation,Listed Equity,GD POWER DEVELOPMENT CO. LTD.,600795 C1,BB Ticker,China,,,
Lifecycle_Balanced_Pool_Superannuation,Listed Equity,JAFCO GROUP CO. LTD.,8595 JP,BB Ticker,Japan,,,
Lifecycle_Balanced_Pool_Superannuation,Listed Equity,"MYRIAD GENETICS, INC.",MYGN US,BB Ticker,United States,,,
Lifecycle_Balanced_Pool_Superannuation,Listed Equity,PETROCHINA CO. LTD.,601857 C1,BB Ticker,China,,,
Lifecycle_Balanced_Pool_Superannuation,Listed Equity,CIA DE SANEAMENTO DE MINAS GERAIS COPASA MG,CSMG3 BZ,BB Ticker,Brazil,,,
Lifecycle_Balanced_Pool_Superannuation,Listed Equity,EID PARRY INDIA LTD.,EID IN,BB Ticker,India,,,
Lifecycle_Balanced_Pool_Superannuation,Listed Equity,GILLETTE INDIA LTD.,GILL IN,BB Ticker,India,,,
Lifecycle_Balanced_Pool_Superannuation,Listed Equity,"ROCKET COS., INC.",RKT US,BB Ticker,United States,,,
Lifecycle_Balanced_Pool_Superannuation,Listed Equity,HOKURIKU ELECTRIC POWER CO.,9505 JP,BB Ticker,Japan,,,
Lifecycle_Balanced_Pool_Superannuation,Listed Equity,FOUNDER SECURITIES CO. LTD.,601901 C1,BB Ticker,China,,,
Lifecycle_Balanced_Pool_Superannuation,Listed Equity,EMPRESAS CMPC SA,CMPC CI,BB Ticker,Chile,,,
Lifecycle_Balanced_Pool_Superannuation,Listed Equity,ZHUZHOU CRRC TIMES ELECTRIC CO. LTD.,3898 HK,BB Ticker,Hong Kong,,,
Lifecycle_Balanced_Pool_Superannuation,Listed Equity,PARTRON CO. LTD.,091700 KS,BB Ticker,South Korea,,,
Lifecycle_Balanced_Pool_Superannuation,Listed Equity,"INSTEEL INDUSTRIES, INC.",IIIN US,BB Ticker,United States,,,
Lifecycle_Balanced_Pool_Superannuation,Listed Equity,BANCOLOMBIA SA,BCOLO CB,BB Ticker,Colombia,,,
Lifecycle_Balanced_Pool_Superannuation,Listed Equity,UNITED DEVELOPMENT CO. QSC,UDCD QD,BB Ticker,Qatar,,,
Lifecycle_Balanced_Pool_Superannuation,Listed Equity,PREDICTIVE DISCOVERY LTD.,PDI AU,BB Ticker,Australia,,,
Lifecycle_Balanced_Pool_Superannuation,Listed Equity,AAK AB,AAK SS,BB Ticker,Sweden,,,
Lifecycle_Balanced_Pool_Superannuation,Listed Equity,"AYA GOLD & SILVER, INC.",AYA CN,BB Ticker,Canada,,,
Lifecycle_Balanced_Pool_Superannuation,Listed Equity,"NAPCO SECURITY TECHNOLOGIES, INC.",NSSC US,BB Ticker,United States,,,
Lifecycle_Balanced_Pool_Superannuation,Listed Equity,"MOBVISTA, INC.",1860 HK,BB Ticker,Hong Kong,,,
Lifecycle_Balanced_Pool_Superannuation,Listed Equity,LIVANOVA PLC,LIVN US,BB Ticker,United States,,,
Lifecycle_Balanced_Pool_Superannuation,Listed Equity,RICHARD PIERIS & CO. PLC,RICH SL,BB Ticker,Sri Lanka,,,
Lifecycle_Balanced_Pool_Superannuation,Listed Equity,HELVETIA HOLDING AG,HELN SW,BB Ticker,Switzerland,,,
Lifecycle_Balanced_Pool_Superannuation,Listed Equity,KELLER GROUP PLC,KLR LN,BB Ticker,United Kingdom,,,
Lifecycle_Balanced_Pool_Superannuation,Listed Equity,ODFJELL SE,ODF NO,BB Ticker,Belgium,,,
Lifecycle_Balanced_Pool_Superannuation,Listed Equity,"GMO PAYMENT GATEWAY, INC.",3769 JP,BB Ticker,Japan,,,
Lifecycle_Balanced_Pool_Superannuation,Listed Equity,CCR SA,CCRO3 BZ,BB Ticker,Brazil,,,
Lifecycle_Balanced_Pool_Superannuation,Listed Equity,SSP GROUP PLC,SSPG LN,BB Ticker,United Kingdom,,,
Lifecycle_Balanced_Pool_Superannuation,Listed Equity,JAPAN ELEVATOR SERVICE HOLDINGS CO. LTD.,6544 JP,BB Ticker,Japan,,,
Lifecycle_Balanced_Pool_Superannuation,Listed Equity,CYFROWY POLSAT SA,CPS PW,BB Ticker,Poland,,,
Lifecycle_Balanced_Pool_Superannuation,Listed Equity,CORVEL CORP.,CRVL US,BB Ticker,United States,,,
Lifecycle_Balanced_Pool_Superannuation,Listed Equity,SARANA MENARA NUSANTARA TBK. PT,TOWR IJ,BB Ticker,Indonesia,,,
Lifecycle_Balanced_Pool_Superannuation,Listed Equity,SHANDONG WEIGAO GROUP MEDICAL POLYMER CO. LTD.,1066 HK,BB Ticker,Hong Kong,,,
Lifecycle_Balanced_Pool_Superannuation,Listed Equity,TRAINLINE PLC,TRN LN,BB Ticker,United Kingdom,,,
Lifecycle_Balanced_Pool_Superannuation,Listed Equity,ULTRATECH CEMENT LTD.,UTCEM IN,BB Ticker,India,,,
Lifecycle_Balanced_Pool_Superannuation,Listed Equity,MEGMILK SNOW BRAND CO. LTD.,2270 JP,BB Ticker,Japan,,,
Lifecycle_Balanced_Pool_Superannuation,Listed Equity,TRAVELSKY TECHNOLOGY LTD.,696 HK,BB Ticker,Hong Kong,,,
Lifecycle_Balanced_Pool_Superannuation,Listed Equity,TMBTHANACHART BANK PCL,TTBR TB,BB Ticker,Thailand,,,
Lifecycle_Balanced_Pool_Superannuation,Listed Equity,SIX FLAGS ENTERTAINMENT CORP.,FUN US,BB Ticker,United States,,,
Lifecycle_Balanced_Pool_Superannuation,Listed Equity,SINCH AB,SINCH SS,BB Ticker,Sweden,,,
Lifecycle_Balanced_Pool_Superannuation,Listed Equity,BANCA POPOLARE DI SONDRIO SPA,BPSO IM,BB Ticker,Italy,,,
Lifecycle_Balanced_Pool_Superannuation,Listed Equity,HUA HONG SEMICONDUCTOR LTD.,1347 HK,BB Ticker,Hong Kong,,,
Lifecycle_Balanced_Pool_Superannuation,Listed Equity,"GLACIER BANCORP, INC.",GBCI US,BB Ticker,United States,,,
Lifecycle_Balanced_Pool_Superannuation,Listed Equity,WUESTENROT & WUERTTEMBERGISCHE AG,WUW GR,BB Ticker,Germany,,,
Lifecycle_Balanced_Pool_Superannuation,Listed Equity,TOEI ANIMATION CO. LTD.,4816 JP,BB Ticker,Japan,,,
Lifecycle_Balanced_Pool_Superannuation,Listed Equity,MMG LTD.,1208 HK,BB Ticker,Hong Kong,,,
Lifecycle_Balanced_Pool_Superannuation,Listed Equity,"WORKIVA, INC.",WK US,BB Ticker,United States,,,
Lifecycle_Balanced_Pool_Superannuation,Listed Equity,LOTTE CORP.,004990 KS,BB Ticker,South Korea,,,
Lifecycle_Balanced_Pool_Superannuation,Listed Equity,"AST SPACEMOBILE, INC.",ASTS US,BB Ticker,United States,,,
Lifecycle_Balanced_Pool_Superannuation,Listed Equity,"COGECO COMMUNICATIONS, INC.",CCA CN,BB Ticker,Canada,,,
Lifecycle_Balanced_Pool_Superannuation,Listed Equity,SASA POLYESTER SANAYI AS,SASA TI,BB Ticker,Turkey,,,
Lifecycle_Balanced_Pool_Superannuation,Listed Equity,HINO MOTORS LTD.,7205 JP,BB Ticker,Japan,,,
Lifecycle_Balanced_Pool_Superannuation,Listed Equity,AL RAJHI CO. FOR CO-OPERATIVE INSURANCE,ARCCI AB,BB Ticker,Saudi Arabia,,,
Lifecycle_Balanced_Pool_Superannuation,Listed Equity,WHARF HOLDINGS LTD.,4 HK,BB Ticker,Hong Kong,,,
Lifecycle_Balanced_Pool_Superannuation,Listed Equity,DEYAAR DEVELOPMENT PJSC,DEYAAR UH,BB Ticker,United Arab Emirates,,,
Lifecycle_Balanced_Pool_Superannuation,Listed Equity,PTC INDUSTRIES LTD.,PTCIL IN,BB Ticker,India,,,
Lifecycle_Balanced_Pool_Superannuation,Listed Equity,"EVOLENT HEALTH, INC.",EVH US,BB Ticker,United States,,,
Lifecycle_Balanced_Pool_Superannuation,Listed Equity,KOREA ZINC CO. LTD.,010130 KS,BB Ticker,South Korea,,,
Lifecycle_Balanced_Pool_Superannuation,Listed Equity,SWEDENCARE AB,SECARE SS,BB Ticker,Sweden,,,
Lifecycle_Balanced_Pool_Superannuation,Listed Equity,GLENMARK PHARMACEUTICALS LTD.,GNP IN,BB Ticker,India,,,
Lifecycle_Balanced_Pool_Superannuation,Listed Equity,ZENSAR TECHNOLOGIES LTD.,ZENT IN,BB Ticker,India,,,
Lifecycle_Balanced_Pool_Superannuation,Listed Equity,LSL PROPERTY SERVICES PLC,LSL LN,BB Ticker,United Kingdom,,,
Lifecycle_Balanced_Pool_Superannuation,Listed Equity,"HANESBRANDS, INC.",HBI US,BB Ticker,United States,,,
Lifecycle_Balanced_Pool_Superannuation,Listed Equity,DROPSUITE LTD.,DSE AU,BB Ticker,Australia,,,
Lifecycle_Balanced_Pool_Superannuation,Listed Equity,MUNTERS GROUP AB,MTRS SS,BB Ticker,Sweden,,,
Lifecycle_Balanced_Pool_Superannuation,Listed Equity,GOLDSUN BUILDING MATERIALS CO. LTD.,2504 TT,BB Ticker,Taiwan,,,
Lifecycle_Balanced_Pool_Superannuation,Listed Equity,PLAZA SA,MALLPLAZ CI,BB Ticker,Chile,,,
Lifecycle_Balanced_Pool_Superannuation,Listed Equity,TORM PLC,TRMDA DC,BB Ticker,Denmark,,,
Lifecycle_Balanced_Pool_Superannuation,Listed Equity,SAVOLA GROUP,SAVOLA AB,BB Ticker,Saudi Arabia,,,
Lifecycle_Balanced_Pool_Superannuation,Listed Equity,STEVEN MADDEN LTD.,SHOO US,BB Ticker,United States,,,
Lifecycle_Balanced_Pool_Superannuation,Listed Equity,SYNGENE INTERNATIONAL LTD.,SYNG IN,BB Ticker,India,,,
Lifecycle_Balanced_Pool_Superannuation,Listed Equity,SAUDI BASIC INDUSTRIES CORP.,SABIC AB,BB Ticker,Saudi Arabia,,,
Lifecycle_Balanced_Pool_Superannuation,Listed Equity,ASIA AVIATION PCL,AAVR TB,BB Ticker,Thailand,,,
Lifecycle_Balanced_Pool_Superannuation,Listed Equity,ELAN MICROELECTRONICS CORP.,2458 TT,BB Ticker,Taiwan,,,
Lifecycle_Balanced_Pool_Superannuation,Listed Equity,KOREA GAS CORP.,036460 KS,BB Ticker,South Korea,,,
Lifecycle_Balanced_Pool_Superannuation,Listed Equity,ROSSARI BIOTECH LTD.,ROSSARI IN,BB Ticker,India,,,
Lifecycle_Balanced_Pool_Superannuation,Listed Equity,GIANT MANUFACTURING CO. LTD.,9921 TT,BB Ticker,Taiwan,,,
Lifecycle_Balanced_Pool_Superannuation,Listed Equity,CHUNG-HSIN ELECTRIC & MACHINERY MANUFACTURING CORP.,1513 TT,BB Ticker,Taiwan,,,
Lifecycle_Balanced_Pool_Superannuation,Listed Equity,NORDEA BANK ABP,NDA SS,BB Ticker,Sweden,,,
Lifecycle_Balanced_Pool_Superannuation,Listed Equity,PLAN B MEDIA PCL,PLANBF TB,BB Ticker,Thailand,,,
Lifecycle_Balanced_Pool_Superannuation,Listed Equity,NEC CAPITAL SOLUTIONS LTD.,8793 JP,BB Ticker,Japan,,,
Lifecycle_Balanced_Pool_Superannuation,Listed Equity,MISC BHD.,MISC MK,BB Ticker,Malaysia,,,
Lifecycle_Balanced_Pool_Superannuation,Listed Equity,VULCAN STEEL LTD.,VSL AU,BB Ticker,Australia,,,
Lifecycle_Balanced_Pool_Superannuation,Listed Equity,NOS SGPS SA,NOS PL,BB Ticker,Portugal,,,
Lifecycle_Balanced_Pool_Superannuation,Listed Equity,HEKTAS TICARET TAS,HEKTS TI,BB Ticker,Turkey,,,
Lifecycle_Balanced_Pool_Superannuation,Listed Equity,SBI SUMISHIN NET BANK LTD.,7163 JP,BB Ticker,Japan,,,
Lifecycle_Balanced_Pool_Superannuation,Listed Equity,NEXANS SA,NEX FP,BB Ticker,France,,,
Lifecycle_Balanced_Pool_Superannuation,Listed Equity,WILH WILHELMSEN HOLDING ASA,WWI NO,BB Ticker,Belgium,,,
Lifecycle_Balanced_Pool_Superannuation,Listed Equity,JCHX MINING MANAGEMENT CO. LTD.,603979 C1,BB Ticker,China,,,
Lifecycle_Balanced_Pool_Superannuation,Listed Equity,ASTRA INDUSTRIAL GROUP CO.,ASTRA AB,BB Ticker,Saudi Arabia,,,
Lifecycle_Balanced_Pool_Superannuation,Listed Equity,YUEXIU TRANSPORT INFRASTRUCTURE LTD.,1052 HK,BB Ticker,Hong Kong,,,
Lifecycle_Balanced_Pool_Superannuation,Listed Equity,NORSK HYDRO ASA,NHY NO,BB Ticker,Belgium,,,
Lifecycle_Balanced_Pool_Superannuation,Listed Equity,BANCO DE CREDITO E INVERSIONES SA,BCI CI,BB Ticker,Chile,,,
Lifecycle_Balanced_Pool_Superannuation,Listed Equity,COSCO SHIPPING ENERGY TRANSPORTATION CO. LTD.,1138 HK,BB Ticker,Hong Kong,,,
Lifecycle_Balanced_Pool_Superannuation,Listed Equity,CHINA LITERATURE LTD.,772 HK,BB Ticker,Hong Kong,,,
Lifecycle_Balanced_Pool_Superannuation,Listed Equity,KYUSHU RAILWAY CO.,9142 JP,BB Ticker,Japan,,,
Lifecycle_Balanced_Pool_Superannuation,Listed Equity,NIHON KOHDEN CORP.,6849 JP,BB Ticker,Japan,,,
Lifecycle_Balanced_Pool_Superannuation,Listed Equity,"VIRTU FINANCIAL, INC.",VIRT US,BB Ticker,United States,,,
Lifecycle_Balanced_Pool_Superannuation,Listed Equity,AMBU AS,AMBUB DC,BB Ticker,Denmark,,,
Lifecycle_Balanced_Pool_Superannuation,Listed Equity,RUENTEX DEVELOPMENT CO. LTD.,9945 TT,BB Ticker,Taiwan,,,
Lifecycle_Balanced_Pool_Superannuation,Listed Equity,SCHOELLER-BLECKMANN OILFIELD EQUIPMENT AG,SBO AV,BB Ticker,Austria,,,
Lifecycle_Balanced_Pool_Superannuation,Listed Equity,VODAFONE GROUP PLC,VOD US,BB Ticker,United States,,,
Lifecycle_Balanced_Pool_Superannuation,Listed Equity,INGEVITY CORP.,NGVT US,BB Ticker,United States,,,
Lifecycle_Balanced_Pool_Superannuation,Listed Equity,FOX FACTORY HOLDING CORP.,FOXF US,BB Ticker,United States,,,
Lifecycle_Balanced_Pool_Superannuation,Listed Equity,JCDECAUX SE,DEC FP,BB Ticker,France,,,
Lifecycle_Balanced_Pool_Superannuation,Listed Equity,"MERCARI, INC.",4385 JP,BB Ticker,Japan,,,
Lifecycle_Balanced_Pool_Superannuation,Listed Equity,EAST BUY HOLDING LTD.,1797 HK,BB Ticker,Hong Kong,,,
Lifecycle_Balanced_Pool_Superannuation,Listed Equity,FURUKAWA ELECTRIC CO. LTD.,5801 JP,BB Ticker,Japan,,,
Lifecycle_Balanced_Pool_Superannuation,Listed Equity,ANADOLU ANONIM TURK SIGORTA SIRKETI,ANSGR TI,BB Ticker,Turkey,,,
Lifecycle_Balanced_Pool_Superannuation,Listed Equity,HELLOWORLD TRAVEL LTD.,HLO AU,BB Ticker,Australia,,,
Lifecycle_Balanced_Pool_Superannuation,Listed Equity,DIP CORP.,2379 JP,BB Ticker,Japan,,,
Lifecycle_Balanced_Pool_Superannuation,Listed Equity,CHINA XD ELECTRIC CO. LTD.,601179 C1,BB Ticker,China,,,
Lifecycle_Balanced_Pool_Superannuation,Listed Equity,APERAM SA,APAM NA,BB Ticker,Netherlands,,,
Lifecycle_Balanced_Pool_Superannuation,Listed Equity,"ZILLOW GROUP, INC.",ZG US,BB Ticker,United States,,,
Lifecycle_Balanced_Pool_Superannuation,Listed Equity,BUKIT DARAH PLC,BUKI SL,BB Ticker,Sri Lanka,,,
Lifecycle_Balanced_Pool_Superannuation,Listed Equity,BCPG PCL,BCPGF TB,BB Ticker,Thailand,,,
Lifecycle_Balanced_Pool_Superannuation,Listed Equity,CORBION NV,CRBN NA,BB Ticker,Netherlands,,,
Lifecycle_Balanced_Pool_Superannuation,Listed Equity,ZHONGSHENG GROUP HOLDINGS LTD.,881 HK,BB Ticker,Hong Kong,,,
Lifecycle_Balanced_Pool_Superannuation,Listed Equity,TRUMP MEDIA & TECHNOLOGY GROUP CORP.,DJT US,BB Ticker,United States,,,
Lifecycle_Balanced_Pool_Superannuation,Listed Equity,"ASTERA LABS, INC.",ALAB US,BB Ticker,United States,,,
Lifecycle_Balanced_Pool_Superannuation,Listed Equity,DA-LI DEVELOPMENT CO. LTD.,6177 TT,BB Ticker,Taiwan,,,
Lifecycle_Balanced_Pool_Superannuation,Listed Equity,RAIL VIKAS NIGAM LTD.,RVNL IN,BB Ticker,India,,,
Lifecycle_Balanced_Pool_Superannuation,Listed Equity,DOWLAIS GROUP PLC,DWL LN,BB Ticker,United Kingdom,,,
Lifecycle_Balanced_Pool_Superannuation,Listed Equity,LOGISTA INTEGRAL SA,LOG SM,BB Ticker,Spain,,,
Lifecycle_Balanced_Pool_Superannuation,Listed Equity,"AVIS BUDGET GROUP, INC.",CAR US,BB Ticker,United States,,,
Lifecycle_Balanced_Pool_Superannuation,Listed Equity,DONGJIN SEMICHEM CO. LTD.,005290 KS,BB Ticker,South Korea,,,
Lifecycle_Balanced_Pool_Superannuation,Listed Equity,"RYAN SPECIALTY HOLDINGS, INC.",RYAN US,BB Ticker,United States,,,
Lifecycle_Balanced_Pool_Superannuation,Listed Equity,PRIMAX ELECTRONICS LTD.,4915 TT,BB Ticker,Taiwan,,,
Lifecycle_Balanced_Pool_Superannuation,Listed Equity,AES CORP.,AES US,BB Ticker,United States,,,
Lifecycle_Balanced_Pool_Superannuation,Listed Equity,"NORTHWEST BANCSHARES, INC.",NWBI US,BB Ticker,United States,,,
Lifecycle_Balanced_Pool_Superannuation,Listed Equity,KCC CORP.,002380 KS,BB Ticker,South Korea,,,
Lifecycle_Balanced_Pool_Superannuation,Listed Equity,BUNKA SHUTTER CO. LTD.,5930 JP,BB Ticker,Japan,,,
Lifecycle_Balanced_Pool_Superannuation,Listed Equity,"PIXART IMAGING, INC.",3227 TT,BB Ticker,Taiwan,,,
Lifecycle_Balanced_Pool_Superannuation,Listed Equity,GREENTOWN CHINA HOLDINGS LTD.,3900 HK,BB Ticker,Hong Kong,,,
Lifecycle_Balanced_Pool_Superannuation,Listed Equity,"WORTHINGTON ENTERPRISES, INC.",WOR US,BB Ticker,United States,,,
Lifecycle_Balanced_Pool_Superannuation,Listed Equity,PRESIDENT SECURITIES CORP.,2855 TT,BB Ticker,Taiwan,,,
Lifecycle_Balanced_Pool_Superannuation,Listed Equity,FUJI PHARMA CO. LTD.,4554 JP,BB Ticker,Japan,,,
Lifecycle_Balanced_Pool_Superannuation,Listed Equity,VALEO SE,FR FP,BB Ticker,France,,,
Lifecycle_Balanced_Pool_Superannuation,Listed Equity,OBEROI REALTY LTD.,OBER IN,BB Ticker,India,,,
Lifecycle_Balanced_Pool_Superannuation,Listed Equity,JINDAL SAW LTD.,JSAW IN,BB Ticker,India,,,
Lifecycle_Balanced_Pool_Superannuation,Listed Equity,SONA BLW PRECISION FORGINGS LTD.,SONACOMS IN,BB Ticker,India,,,
Lifecycle_Balanced_Pool_Superannuation,Listed Equity,AIRTEL AFRICA PLC,AAF LN,BB Ticker,United Kingdom,,,
Lifecycle_Balanced_Pool_Superannuation,Listed Equity,LENS TECHNOLOGY CO. LTD.,300433 C2,BB Ticker,China,,,
Lifecycle_Balanced_Pool_Superannuation,Listed Equity,BUMITAMA AGRI LTD.,BAL SP,BB Ticker,Singapore,,,
Lifecycle_Balanced_Pool_Superannuation,Listed Equity,"CONDUENT, INC.",CNDT US,BB Ticker,United States,,,
Lifecycle_Balanced_Pool_Superannuation,Listed Equity,ZHAOJIN MINING INDUSTRY CO. LTD.,1818 HK,BB Ticker,Hong Kong,,,
Lifecycle_Balanced_Pool_Superannuation,Listed Equity,UJJIVAN SMALL FINANCE BANK LTD.,UJJIVANS IN,BB Ticker,India,,,
Lifecycle_Balanced_Pool_Superannuation,Listed Equity,"OSCAR HEALTH, INC.",OSCR US,BB Ticker,United States,,,
Lifecycle_Balanced_Pool_Superannuation,Listed Equity,ACROW LTD.,ACF AU,BB Ticker,Australia,,,
Lifecycle_Balanced_Pool_Superannuation,Listed Equity,QUANTUMSCAPE CORP.,QS US,BB Ticker,United States,,,
Lifecycle_Balanced_Pool_Superannuation,Listed Equity,SUPERIOR PLUS CORP.,SPB CN,BB Ticker,Canada,,,
Lifecycle_Balanced_Pool_Superannuation,Listed Equity,ARCELORMITTAL SA,MTS SM,BB Ticker,Spain,,,
Lifecycle_Balanced_Pool_Superannuation,Listed Equity,"GIBRALTAR INDUSTRIES, INC.",ROCK US,BB Ticker,United States,,,
Lifecycle_Balanced_Pool_Superannuation,Listed Equity,LEROY SEAFOOD GROUP ASA,LSG NO,BB Ticker,Belgium,,,
Lifecycle_Balanced_Pool_Superannuation,Listed Equity,"IOVANCE BIOTHERAPEUTICS, INC.",IOVA US,BB Ticker,United States,,,
Lifecycle_Balanced_Pool_Superannuation,Listed Equity,HANJIN KAL CORP.,180640 KS,BB Ticker,South Korea,,,
Lifecycle_Balanced_Pool_Superannuation,Listed Equity,BOSIDENG INTERNATIONAL HOLDINGS LTD.,3998 HK,BB Ticker,Hong Kong,,,
Lifecycle_Balanced_Pool_Superannuation,Listed Equity,PARADE TECHNOLOGIES LTD.,4966 TT,BB Ticker,Taiwan,,,
Lifecycle_Balanced_Pool_Superannuation,Listed Equity,MIRAE ASSET SECURITIES CO. LTD.,006800 KS,BB Ticker,South Korea,,,
Lifecycle_Balanced_Pool_Superannuation,Listed Equity,BILIA AB,BILIA SS,BB Ticker,Sweden,,,
Lifecycle_Balanced_Pool_Superannuation,Listed Equity,ENGIE SA,ENGIY US,BB Ticker,United States,,,
Lifecycle_Balanced_Pool_Superannuation,Listed Equity,"COGENT COMMUNICATIONS HOLDINGS, INC.",CCOI US,BB Ticker,United States,,,
Lifecycle_Balanced_Pool_Superannuation,Listed Equity,"MS&AD INSURANCE GROUP HOLDINGS, INC.",MSADY US,BB Ticker,United States,,,
Lifecycle_Balanced_Pool_Superannuation,Listed Equity,NEXTDECADE CORP.,NEXT US,BB Ticker,United States,,,
Lifecycle_Balanced_Pool_Superannuation,Listed Equity,GALENICA AG,GALE SW,BB Ticker,Switzerland,,,
Lifecycle_Balanced_Pool_Superannuation,Listed Equity,THERMAX LTD.,TMX IN,BB Ticker,India,,,
Lifecycle_Balanced_Pool_Superannuation,Listed Equity,FORD OTOMOTIV SANAYI AS,FROTO TI,BB Ticker,Turkey,,,
Lifecycle_Balanced_Pool_Superannuation,Listed Equity,"HOPE BANCORP, INC.",HOPE US,BB Ticker,United States,,,
Lifecycle_Balanced_Pool_Superannuation,Listed Equity,"SUMMIT MATERIALS, INC.",SUM US,BB Ticker,United States,,,
Lifecycle_Balanced_Pool_Superannuation,Listed Equity,SJVN LTD.,SJVN IN,BB Ticker,India,,,
Lifecycle_Balanced_Pool_Superannuation,Listed Equity,LEEJAM SPORTS CO. JSC,LEEJAM AB,BB Ticker,Saudi Arabia,,,
Lifecycle_Balanced_Pool_Superannuation,Listed Equity,JOHN WOOD GROUP PLC,WG LN,BB Ticker,United Kingdom,,,
Lifecycle_Balanced_Pool_Superannuation,Listed Equity,TATUNG CO. LTD.,2371 TT,BB Ticker,Taiwan,,,
Lifecycle_Balanced_Pool_Superannuation,Listed Equity,SOUTHERN CROSS ELECTRICAL ENGINEERING LTD.,SXE AU,BB Ticker,Australia,,,
Lifecycle_Balanced_Pool_Superannuation,Listed Equity,TITAGARH RAIL SYSTEM LTD.,TITAGARH IN,BB Ticker,India,,,
Lifecycle_Balanced_Pool_Superannuation,Listed Equity,SCANDIC HOTELS GROUP AB,SHOT SS,BB Ticker,Sweden,,,
Lifecycle_Balanced_Pool_Superannuation,Listed Equity,HANMI PHARM CO. LTD.,128940 KS,BB Ticker,South Korea,,,
Lifecycle_Balanced_Pool_Superannuation,Listed Equity,HYPERA SA,HYPE3 BZ,BB Ticker,Brazil,,,
Lifecycle_Balanced_Pool_Superannuation,Listed Equity,L&T FINANCE LTD.,LTF IN,BB Ticker,India,,,
Lifecycle_Balanced_Pool_Superannuation,Listed Equity,HEALTH & HAPPINESS H&H INTERNATIONAL HOLDINGS LTD.,1112 HK,BB Ticker,Hong Kong,,,
Lifecycle_Balanced_Pool_Superannuation,Listed Equity,MERCEDES-BENZ GROUP AG,MBGYY US,BB Ticker,United States,,,
Lifecycle_Balanced_Pool_Superannuation,Listed Equity,WELSPUN CORP. LTD.,WLCO IN,BB Ticker,India,,,
Lifecycle_Balanced_Pool_Superannuation,Listed Equity,COSCO SHIPPING HOLDINGS CO. LTD.,1919 HK,BB Ticker,Hong Kong,,,
Lifecycle_Balanced_Pool_Superannuation,Listed Equity,LVMH MOET HENNESSY LOUIS VUITTON SE,LVMUY US,BB Ticker,United States,,,
Lifecycle_Balanced_Pool_Superannuation,Listed Equity,COMET HOLDING AG,COTN SW,BB Ticker,Switzerland,,,
Lifecycle_Balanced_Pool_Superannuation,Listed Equity,VICTORIA'S SECRET & CO.,VSCO US,BB Ticker,United States,,,
Lifecycle_Balanced_Pool_Superannuation,Listed Equity,COMPUTACENTER PLC,CCC LN,BB Ticker,United Kingdom,,,
Lifecycle_Balanced_Pool_Superannuation,Listed Equity,"GUNGHO ONLINE ENTERTAINMENT, INC.",3765 JP,BB Ticker,Japan,,,
Lifecycle_Balanced_Pool_Superannuation,Listed Equity,"ARCTURUS THERAPEUTICS HOLDINGS, INC.",ARCT US,BB Ticker,United States,,,
Lifecycle_Balanced_Pool_Superannuation,Listed Equity,BANCO SANTANDER CHILE,BSAC US,BB Ticker,United States,,,
Lifecycle_Balanced_Pool_Superannuation,Listed Equity,SCHRODERS PLC,SDR LN,BB Ticker,United Kingdom,,,
Lifecycle_Balanced_Pool_Superannuation,Listed Equity,"CANON MARKETING JAPAN, INC.",8060 JP,BB Ticker,Japan,,,
Lifecycle_Balanced_Pool_Superannuation,Listed Equity,OPERADORA DE SITES MEXICANOS SAB DE CV,SITES1 MM,BB Ticker,Mexico,,,
Lifecycle_Balanced_Pool_Superannuation,Listed Equity,WNS HOLDINGS LTD.,WNS US,BB Ticker,United States,,,
Lifecycle_Balanced_Pool_Superannuation,Listed Equity,MAX FINANCIAL SERVICES LTD.,MAXF IN,BB Ticker,India,,,
Lifecycle_Balanced_Pool_Superannuation,Listed Equity,MACH7 TECHNOLOGIES LTD.,M7T AU,BB Ticker,Australia,,,
Lifecycle_Balanced_Pool_Superannuation,Listed Equity,GENIUS ELECTRONIC OPTICAL CO. LTD.,3406 TT,BB Ticker,Taiwan,,,
Lifecycle_Balanced_Pool_Superannuation,Listed Equity,PERUSAHAAN GAS NEGARA TBK. PT,PGAS IJ,BB Ticker,Indonesia,,,
Lifecycle_Balanced_Pool_Superannuation,Listed Equity,TOENEC CORP.,1946 JP,BB Ticker,Japan,,,
Lifecycle_Balanced_Pool_Superannuation,Listed Equity,LAURENTIAN BANK OF CANADA,LB CN,BB Ticker,Canada,,,
Lifecycle_Balanced_Pool_Superannuation,Listed Equity,TOWNE BANK,TOWN US,BB Ticker,United States,,,
Lifecycle_Balanced_Pool_Superannuation,Listed Equity,SALHIA REAL ESTATE CO. KSCP,SRE KK,BB Ticker,Kuwait,,,
Lifecycle_Balanced_Pool_Superannuation,Listed Equity,"AGC, INC.",5201 JP,BB Ticker,Japan,,,
Lifecycle_Balanced_Pool_Superannuation,Listed Equity,TITOMIC LTD.,TTT AU,BB Ticker,Australia,,,
Lifecycle_Balanced_Pool_Superannuation,Listed Equity,SILVER MINES LTD.,SVL AU,BB Ticker,Australia,,,
Lifecycle_Balanced_Pool_Superannuation,Listed Equity,"CHUBU ELECTRIC POWER CO., INC.",9502 JP,BB Ticker,Japan,,,
Lifecycle_Balanced_Pool_Superannuation,Listed Equity,MOELIS & CO.,MC US,BB Ticker,United States,,,
Lifecycle_Balanced_Pool_Superannuation,Listed Equity,AVICHINA INDUSTRY & TECHNOLOGY CO. LTD.,2357 HK,BB Ticker,Hong Kong,,,
Lifecycle_Balanced_Pool_Superannuation,Listed Equity,ISS AS,ISS DC,BB Ticker,Denmark,,,
Lifecycle_Balanced_Pool_Superannuation,Listed Equity,PPB GROUP BHD.,PEP MK,BB Ticker,Malaysia,,,
Lifecycle_Balanced_Pool_Superannuation,Listed Equity,NISHIO HOLDINGS CO. LTD.,9699 JP,BB Ticker,Japan,,,
Lifecycle_Balanced_Pool_Superannuation,Listed Equity,SINOLINK SECURITIES CO. LTD.,600109 C1,BB Ticker,China,,,
Lifecycle_Balanced_Pool_Superannuation,Listed Equity,ASCOPIAVE SPA,ASC IM,BB Ticker,Italy,,,
Lifecycle_Balanced_Pool_Superannuation,Listed Equity,CHINA FEIHE LTD.,6186 HK,BB Ticker,Hong Kong,,,
Lifecycle_Balanced_Pool_Superannuation,Listed Equity,KAMIGUMI CO. LTD.,9364 JP,BB Ticker,Japan,,,
Lifecycle_Balanced_Pool_Superannuation,Listed Equity,AXFOOD AB,AXFO SS,BB Ticker,Sweden,,,
Lifecycle_Balanced_Pool_Superannuation,Listed Equity,BRILLIANCE CHINA AUTOMOTIVE HOLDINGS LTD.,1114 HK,BB Ticker,Hong Kong,,,
Lifecycle_Balanced_Pool_Superannuation,Listed Equity,"BIPROGY, INC.",8056 JP,BB Ticker,Japan,,,
Lifecycle_Balanced_Pool_Superannuation,Listed Equity,KOREA ELECTRIC POWER CORP.,015760 KS,BB Ticker,South Korea,,,
Lifecycle_Balanced_Pool_Superannuation,Listed Equity,INTESA SANPAOLO SPA,ISNPY US,BB Ticker,United States,,,
Lifecycle_Balanced_Pool_Superannuation,Listed Equity,NANTO BANK LTD.,8367 JP,BB Ticker,Japan,,,
Lifecycle_Balanced_Pool_Superannuation,Listed Equity,CAPITAL SECURITIES CORP.,6005 TT,BB Ticker,Taiwan,,,
Lifecycle_Balanced_Pool_Superannuation,Listed Equity,CURY CONSTRUTORA E INCORPORADORA SA,CURY3 BZ,BB Ticker,Brazil,,,
Lifecycle_Balanced_Pool_Superannuation,Listed Equity,AVANZA BANK HOLDING AB,AZA SS,BB Ticker,Sweden,,,
Lifecycle_Balanced_Pool_Superannuation,Listed Equity,"ALTUS POWER, INC.",AMPS US,BB Ticker,United States,,,
Lifecycle_Balanced_Pool_Superannuation,Listed Equity,GUOTAI JUNAN SECURITIES CO. LTD.,601211 C1,BB Ticker,China,,,
Lifecycle_Balanced_Pool_Superannuation,Listed Equity,COCA-COLA ICECEK AS,CCOLA TI,BB Ticker,Turkey,,,
Lifecycle_Balanced_Pool_Superannuation,Listed Equity,"PAYONEER GLOBAL, INC.",PAYO US,BB Ticker,United States,,,
Lifecycle_Balanced_Pool_Superannuation,Listed Equity,EXEDY CORP.,7278 JP,BB Ticker,Japan,,,
Lifecycle_Balanced_Pool_Superannuation,Listed Equity,AALBERTS NV,AALB NA,BB Ticker,Netherlands,,,
Lifecycle_Balanced_Pool_Superannuation,Listed Equity,KUM YANG CO. LTD.,001570 KS,BB Ticker,South Korea,,,
Lifecycle_Balanced_Pool_Superannuation,Listed Equity,AP MOLLER - MAERSK AS,MAERSKA DC,BB Ticker,Denmark,,,
Lifecycle_Balanced_Pool_Superannuation,Listed Equity,DONG-A SOCIO HOLDINGS CO. LTD.,000640 KS,BB Ticker,South Korea,,,
Lifecycle_Balanced_Pool_Superannuation,Listed Equity,PEUGEOT INVEST SA,PEUG FP,BB Ticker,France,,,
Lifecycle_Balanced_Pool_Superannuation,Listed Equity,GEM DIAMONDS LTD.,GEMD LN,BB Ticker,United Kingdom,,,
Lifecycle_Balanced_Pool_Superannuation,Listed Equity,BORR DRILLING LTD.,BORR NO,BB Ticker,Belgium,,,
Lifecycle_Balanced_Pool_Superannuation,Listed Equity,"PJT PARTNERS, INC.",PJT US,BB Ticker,United States,,,
Lifecycle_Balanced_Pool_Superannuation,Listed Equity,SOUTHERN CROSS GOLD LTD.,SXG AU,BB Ticker,Australia,,,
Lifecycle_Balanced_Pool_Superannuation,Listed Equity,BANK OF SUZHOU CO. LTD.,002966 C2,BB Ticker,China,,,
Lifecycle_Balanced_Pool_Superannuation,Listed Equity,J&J SNACK FOODS CORP.,JJSF US,BB Ticker,United States,,,
Lifecycle_Balanced_Pool_Superannuation,Listed Equity,KEIO CORP.,9008 JP,BB Ticker,Japan,,,
Lifecycle_Balanced_Pool_Superannuation,Listed Equity,CHINA MEDICAL SYSTEM HOLDINGS LTD.,867 HK,BB Ticker,Hong Kong,,,
Lifecycle_Balanced_Pool_Superannuation,Listed Equity,KERRY LOGISTICS NETWORK LTD.,636 HK,BB Ticker,Hong Kong,,,
Lifecycle_Balanced_Pool_Superannuation,Listed Equity,"POSCO HOLDINGS, INC.",005490 KS,BB Ticker,South Korea,,,
Lifecycle_Balanced_Pool_Superannuation,Listed Equity,"KAKAKU.COM, INC.",2371 JP,BB Ticker,Japan,,,
Lifecycle_Balanced_Pool_Superannuation,Listed Equity,ROCKWOOL AS,ROCKB DC,BB Ticker,Denmark,,,
Lifecycle_Balanced_Pool_Superannuation,Listed Equity,MADISON SQUARE GARDEN SPORTS CORP.,MSGS US,BB Ticker,United States,,,
Lifecycle_Balanced_Pool_Superannuation,Listed Equity,CONCORD NEW ENERGY GROUP LTD.,182 HK,BB Ticker,Hong Kong,,,
Lifecycle_Balanced_Pool_Superannuation,Listed Equity,WIA GOLD LTD.,WIA AU,BB Ticker,Australia,,,
Lifecycle_Balanced_Pool_Superannuation,Listed Equity,AISIN CORP.,7259 JP,BB Ticker,Japan,,,
Lifecycle_Balanced_Pool_Superannuation,Listed Equity,WENDY'S CO.,WEN US,BB Ticker,United States,,,
Lifecycle_Balanced_Pool_Superannuation,Listed Equity,"ADENTRA, INC.",ADEN CN,BB Ticker,Canada,,,
Lifecycle_Balanced_Pool_Superannuation,Listed Equity,BTS GROUP HOLDINGS PCL,BTSF TB,BB Ticker,Thailand,,,
Lifecycle_Balanced_Pool_Superannuation,Listed Equity,"MYR GROUP, INC.",MYRG US,BB Ticker,United States,,,
Lifecycle_Balanced_Pool_Superannuation,Listed Equity,"CORE SCIENTIFIC, INC.",CORZ US,BB Ticker,United States,,,
Lifecycle_Balanced_Pool_Superannuation,Listed Equity,ADASTRIA CO. LTD.,2685 JP,BB Ticker,Japan,,,
Lifecycle_Balanced_Pool_Superannuation,Listed Equity,CELANESE CORP.,CE US,BB Ticker,United States,,,
Lifecycle_Balanced_Pool_Superannuation,Listed Equity,SULZER AG,SUN SW,BB Ticker,Switzerland,,,
Lifecycle_Balanced_Pool_Superannuation,Listed Equity,"VITESSE ENERGY, INC.",VTS US,BB Ticker,United States,,,
Lifecycle_Balanced_Pool_Superannuation,Listed Equity,MAXIS BHD.,MAXIS MK,BB Ticker,Malaysia,,,
Lifecycle_Balanced_Pool_Superannuation,Listed Equity,L&F CO. LTD.,066970 KS,BB Ticker,South Korea,,,
Lifecycle_Balanced_Pool_Superannuation,Listed Equity,DORMAKABA HOLDING AG,DOKA SW,BB Ticker,Switzerland,,,
Lifecycle_Balanced_Pool_Superannuation,Listed Equity,KIER GROUP PLC,KIE LN,BB Ticker,United Kingdom,,,
Lifecycle_Balanced_Pool_Superannuation,Listed Equity,"VIAVI SOLUTIONS, INC.",VIAV US,BB Ticker,United States,,,
Lifecycle_Balanced_Pool_Superannuation,Listed Equity,BANCO ABC BRASIL SA,ABCB4 BZ,BB Ticker,Brazil,,,
Lifecycle_Balanced_Pool_Superannuation,Listed Equity,NORDEA BANK ABP,NDA DC,BB Ticker,Denmark,,,
Lifecycle_Balanced_Pool_Superannuation,Listed Equity,TATA STEEL LTD.,TATA IN,BB Ticker,India,,,
Lifecycle_Balanced_Pool_Superannuation,Listed Equity,FARADAY TECHNOLOGY CORP.,3035 TT,BB Ticker,Taiwan,,,
Lifecycle_Balanced_Pool_Superannuation,Listed Equity,HANWHA INDUSTRIAL SOLUTIONS CO. LTD.,489790 KP,BB Ticker,South Korea,,,
Lifecycle_Balanced_Pool_Superannuation,Listed Equity,"OPENLANE, INC.",KAR US,BB Ticker,United States,,,
Lifecycle_Balanced_Pool_Superannuation,Listed Equity,KAKAOBANK CORP.,323410 KS,BB Ticker,South Korea,,,
Lifecycle_Balanced_Pool_Superannuation,Listed Equity,BAIC MOTOR CORP. LTD.,1958 HK,BB Ticker,Hong Kong,,,
Lifecycle_Balanced_Pool_Superannuation,Listed Equity,"LIGHTSPEED COMMERCE, INC.",LSPD CN,BB Ticker,Canada,,,
Lifecycle_Balanced_Pool_Superannuation,Listed Equity,SWATCH GROUP AG,UHR SW,BB Ticker,Switzerland,,,
Lifecycle_Balanced_Pool_Superannuation,Listed Equity,SOL SPA,SOL IM,BB Ticker,Italy,,,
Lifecycle_Balanced_Pool_Superannuation,Listed Equity,GHCL LTD.,GHCL IN,BB Ticker,India,,,
Lifecycle_Balanced_Pool_Superannuation,Listed Equity,"K&O ENERGY GROUP, INC.",1663 JP,BB Ticker,Japan,,,
Lifecycle_Balanced_Pool_Superannuation,Listed Equity,MIGROS TICARET AS,MGROS TI,BB Ticker,Turkey,,,
Lifecycle_Balanced_Pool_Superannuation,Listed Equity,GENERATION DEVELOPMENT GROUP LTD.,GDG AU,BB Ticker,Australia,,,
Lifecycle_Balanced_Pool_Superannuation,Listed Equity,GE VERNOVA T&D INDIA LTD.,GVTD IN,BB Ticker,India,,,
Lifecycle_Balanced_Pool_Superannuation,Listed Equity,"PENN ENTERTAINMENT, INC.",PENN US,BB Ticker,United States,,,
Lifecycle_Balanced_Pool_Superannuation,Listed Equity,LIBERTY MEDIA CORP.-LIBERTY LIVE,LLYVA US,BB Ticker,United States,,,
Lifecycle_Balanced_Pool_Superannuation,Listed Equity,ENERGY ABSOLUTE PCL,EAF TB,BB Ticker,Thailand,,,
Lifecycle_Balanced_Pool_Superannuation,Listed Equity,"FIVE9, INC.",FIVN US,BB Ticker,United States,,,
Lifecycle_Balanced_Pool_Superannuation,Listed Equity,BANCO SANTANDER BRASIL SA,SANB11 BZ,BB Ticker,Brazil,,,
Lifecycle_Balanced_Pool_Superannuation,Listed Equity,OBSIDIAN ENERGY LTD.,OBE US,BB Ticker,United States,,,
Lifecycle_Balanced_Pool_Superannuation,Listed Equity,MULLEN GROUP LTD.,MTL CN,BB Ticker,Canada,,,
Lifecycle_Balanced_Pool_Superannuation,Listed Equity,"KNIGHT-SWIFT TRANSPORTATION HOLDINGS, INC.",KNX US,BB Ticker,United States,,,
Lifecycle_Balanced_Pool_Superannuation,Listed Equity,TXC CORP.,3042 TT,BB Ticker,Taiwan,,,
Lifecycle_Balanced_Pool_Superannuation,Listed Equity,TECO ELECTRIC & MACHINERY CO. LTD.,1504 TT,BB Ticker,Taiwan,,,
Lifecycle_Balanced_Pool_Superannuation,Listed Equity,LS CORP.,006260 KS,BB Ticker,South Korea,,,
Lifecycle_Balanced_Pool_Superannuation,Listed Equity,INTERPUMP GROUP SPA,IP IM,BB Ticker,Italy,,,
Lifecycle_Balanced_Pool_Superannuation,Listed Equity,HANG LUNG GROUP LTD.,10 HK,BB Ticker,Hong Kong,,,
Lifecycle_Balanced_Pool_Superannuation,Listed Equity,"TRANSCONTINENTAL, INC.",TCLA CN,BB Ticker,Canada,,,
Lifecycle_Balanced_Pool_Superannuation,Listed Equity,LAND & HOUSES PCL,LHF TB,BB Ticker,Thailand,,,
Lifecycle_Balanced_Pool_Superannuation,Listed Equity,SHIHLIN ELECTRIC & ENGINEERING CORP.,1503 TT,BB Ticker,Taiwan,,,
Lifecycle_Balanced_Pool_Superannuation,Listed Equity,"KENNEDY-WILSON HOLDINGS, INC.",KW US,BB Ticker,United States,,,
Lifecycle_Balanced_Pool_Superannuation,Listed Equity,UNIVERSAL SCIENTIFIC INDUSTRIAL SHANGHAI CO. LTD.,601231 C1,BB Ticker,China,,,
Lifecycle_Balanced_Pool_Superannuation,Listed Equity,MFE-MEDIAFOREUROPE NV,MFEA IM,BB Ticker,Italy,,,
Lifecycle_Balanced_Pool_Superannuation,Listed Equity,YUNNAN YUNTIANHUA CO. LTD.,600096 C1,BB Ticker,China,,,
Lifecycle_Balanced_Pool_Superannuation,Listed Equity,AMOT INVESTMENTS LTD.,AMOT IT,BB Ticker,Israel,,,
Lifecycle_Balanced_Pool_Superannuation,Listed Equity,DOUBLEUGAMES CO. LTD.,192080 KS,BB Ticker,South Korea,,,
Lifecycle_Balanced_Pool_Superannuation,Listed Equity,SITRONIX TECHNOLOGY CORP.,8016 TT,BB Ticker,Taiwan,,,
Lifecycle_Balanced_Pool_Superannuation,Listed Equity,CVB FINANCIAL CORP.,CVBF US,BB Ticker,United States,,,
Lifecycle_Balanced_Pool_Superannuation,Listed Equity,EAST MONEY INFORMATION CO. LTD.,300059 C2,BB Ticker,China,,,
Lifecycle_Balanced_Pool_Superannuation,Listed Equity,AJ BELL PLC,AJB LN,BB Ticker,United Kingdom,,,
Lifecycle_Balanced_Pool_Superannuation,Listed Equity,NETMARBLE CORP.,251270 KS,BB Ticker,South Korea,,,
Lifecycle_Balanced_Pool_Superannuation,Listed Equity,"ALARM.COM HOLDINGS, INC.",ALRM US,BB Ticker,United States,,,
Lifecycle_Balanced_Pool_Superannuation,Listed Equity,BOC AVIATION LTD.,2588 HK,BB Ticker,Hong Kong,,,
Lifecycle_Balanced_Pool_Superannuation,Listed Equity,PALADIN ENERGY LTD.,PDN CN,BB Ticker,Canada,,,
Lifecycle_Balanced_Pool_Superannuation,Listed Equity,PRESTIGE ESTATES PROJECTS LTD.,PEPL IN,BB Ticker,India,,,
Lifecycle_Balanced_Pool_Superannuation,Listed Equity,"KINAXIS, INC.",KXS CN,BB Ticker,Canada,,,
Lifecycle_Balanced_Pool_Superannuation,Listed Equity,NEBIUS GROUP NV,NBIS US,BB Ticker,United States,,,
Lifecycle_Balanced_Pool_Superannuation,Listed Equity,GSK PLC,GS71 GR,BB Ticker,Germany,,,
Lifecycle_Balanced_Pool_Superannuation,Listed Equity,VOLVO AB,VOLVA SS,BB Ticker,Sweden,,,
Lifecycle_Balanced_Pool_Superannuation,Listed Equity,HOLLYWOOD BOWL GROUP PLC,BOWL LN,BB Ticker,United Kingdom,,,
Lifecycle_Balanced_Pool_Superannuation,Listed Equity,LITHIUM AMERICAS ARGENTINA CORP.,LAAC CN,BB Ticker,Canada,,,
Lifecycle_Balanced_Pool_Superannuation,Listed Equity,XINTE ENERGY CO. LTD.,1799 HK,BB Ticker,Hong Kong,,,
Lifecycle_Balanced_Pool_Superannuation,Listed Equity,"UNITED COMMUNITY BANKS, INC.",UCB US,BB Ticker,United States,,,
Lifecycle_Balanced_Pool_Superannuation,Listed Equity,PLUXEE NV,PLX FP,BB Ticker,France,,,
Lifecycle_Balanced_Pool_Superannuation,Listed Equity,"PALOMAR HOLDINGS, INC.",PLMR US,BB Ticker,United States,,,
Lifecycle_Balanced_Pool_Superannuation,Listed Equity,UNITED LABORATORIES INTERNATIONAL HOLDINGS LTD.,3933 HK,BB Ticker,Hong Kong,,,
Lifecycle_Balanced_Pool_Superannuation,Listed Equity,"MISSION PRODUCE, INC.",AVO US,BB Ticker,United States,,,
Lifecycle_Balanced_Pool_Superannuation,Listed Equity,"WEIS MARKETS, INC.",WMK US,BB Ticker,United States,,,
Lifecycle_Balanced_Pool_Superannuation,Listed Equity,"EPLUS, INC.",PLUS US,BB Ticker,United States,,,
Lifecycle_Balanced_Pool_Superannuation,Listed Equity,CEMEX SAB DE CV,CEMEXCPO MM,BB Ticker,Mexico,,,
Lifecycle_Balanced_Pool_Superannuation,Listed Equity,"H.U. GROUP HOLDINGS, INC.",4544 JP,BB Ticker,Japan,,,
Lifecycle_Balanced_Pool_Superannuation,Listed Equity,BOSSARD HOLDING AG,BOSN SW,BB Ticker,Switzerland,,,
Lifecycle_Balanced_Pool_Superannuation,Listed Equity,TIANSHAN ALUMINUM GROUP CO. LTD.,002532 C2,BB Ticker,China,,,
Lifecycle_Balanced_Pool_Superannuation,Listed Equity,"INTERCORP FINANCIAL SERVICES, INC.",IFS US,BB Ticker,United States,,,
Lifecycle_Balanced_Pool_Superannuation,Listed Equity,GREGGS PLC,GRG LN,BB Ticker,United Kingdom,,,
Lifecycle_Balanced_Pool_Superannuation,Listed Equity,"FUJIMI, INC.",5384 JP,BB Ticker,Japan,,,
Lifecycle_Balanced_Pool_Superannuation,Listed Equity,ICHITAN GROUP PCL,ICHIR TB,BB Ticker,Thailand,,,
Lifecycle_Balanced_Pool_Superannuation,Listed Equity,JUST EAT TAKEAWAY.COM NV,TKWY NA,BB Ticker,Netherlands,,,
Lifecycle_Balanced_Pool_Superannuation,Listed Equity,SINGAPORE AIRLINES LTD.,SIA SP,BB Ticker,Singapore,,,
Lifecycle_Balanced_Pool_Superannuation,Listed Equity,OTSUKA HOLDINGS CO. LTD.,OTSKY US,BB Ticker,United States,,,
Lifecycle_Balanced_Pool_Superannuation,Listed Equity,INDUSTRIVARDEN AB,INDUA SS,BB Ticker,Sweden,,,
Lifecycle_Balanced_Pool_Superannuation,Listed Equity,PHIBRO ANIMAL HEALTH CORP.,PAHC US,BB Ticker,United States,,,
Lifecycle_Balanced_Pool_Superannuation,Listed Equity,ELEKTA AB,EKTAB SS,BB Ticker,Sweden,,,
Lifecycle_Balanced_Pool_Superannuation,Listed Equity,KONOIKE TRANSPORT CO. LTD.,9025 JP,BB Ticker,Japan,,,
Lifecycle_Balanced_Pool_Superannuation,Listed Equity,DOMETIC GROUP AB,DOM SS,BB Ticker,Sweden,,,
Lifecycle_Balanced_Pool_Superannuation,Listed Equity,TCC GROUP HOLDINGS CO. LTD.,1101 TT,BB Ticker,Taiwan,,,
Lifecycle_Balanced_Pool_Superannuation,Listed Equity,"DYNE THERAPEUTICS, INC.",DYN US,BB Ticker,United States,,,
Lifecycle_Balanced_Pool_Superannuation,Listed Equity,CAIRN HOMES PLC,CRN ID,BB Ticker,Ireland,,,
Lifecycle_Balanced_Pool_Superannuation,Listed Equity,ABB LTD.,ABBNY US,BB Ticker,United States,,,
Lifecycle_Balanced_Pool_Superannuation,Listed Equity,ESSO SA FRANCAISE,ES FP,BB Ticker,France,,,
Lifecycle_Balanced_Pool_Superannuation,Listed Equity,WICKES GROUP PLC,WIX LN,BB Ticker,United Kingdom,,,
Lifecycle_Balanced_Pool_Superannuation,Listed Equity,LG UPLUS CORP.,032640 KS,BB Ticker,South Korea,,,
Lifecycle_Balanced_Pool_Superannuation,Listed Equity,"OKINAWA FINANCIAL GROUP, INC.",7350 JP,BB Ticker,Japan,,,
Lifecycle_Balanced_Pool_Superannuation,Listed Equity,TONGYANG LIFE INSURANCE CO. LTD.,082640 KS,BB Ticker,South Korea,,,
Lifecycle_Balanced_Pool_Superannuation,Listed Equity,MOBILE TELECOMMUNICATIONS CO. KSCP,ZAIN KK,BB Ticker,Kuwait,,,
Lifecycle_Balanced_Pool_Superannuation,Listed Equity,HENKEL AG & CO. KGAA,HENKY US,BB Ticker,United States,,,
Lifecycle_Balanced_Pool_Superannuation,Listed Equity,VERBIO SE,VBK GR,BB Ticker,Germany,,,
Lifecycle_Balanced_Pool_Superannuation,Listed Equity,"IVANHOE ELECTRIC, INC.",IE US,BB Ticker,United States,,,
Lifecycle_Balanced_Pool_Superannuation,Listed Equity,"FIRST INTERSTATE BANCSYSTEM, INC.",FIBK US,BB Ticker,United States,,,
Lifecycle_Balanced_Pool_Superannuation,Listed Equity,SKYLARK HOLDINGS CO. LTD.,3197 JP,BB Ticker,Japan,,,
Lifecycle_Balanced_Pool_Superannuation,Listed Equity,TECAN GROUP AG,TECN SW,BB Ticker,Switzerland,,,
Lifecycle_Balanced_Pool_Superannuation,Listed Equity,AGNICO EAGLE MINES LTD.,AEM US,BB Ticker,United States,,,
Lifecycle_Balanced_Pool_Superannuation,Listed Equity,WENDEL SE,MF FP,BB Ticker,France,,,
Lifecycle_Balanced_Pool_Superannuation,Listed Equity,ALUMINUM CORP. OF CHINA LTD.,2600 HK,BB Ticker,Hong Kong,,,
Lifecycle_Balanced_Pool_Superannuation,Listed Equity,EXPAND ENERGY CORP.,EXE US,BB Ticker,United States,,,
Lifecycle_Balanced_Pool_Superannuation,Listed Equity,"POWELL INDUSTRIES, INC.",POWL US,BB Ticker,United States,,,
Lifecycle_Balanced_Pool_Superannuation,Listed Equity,ASAHI KASEI CORP.,3407 JP,BB Ticker,Japan,,,
Lifecycle_Balanced_Pool_Superannuation,Listed Equity,"TTM TECHNOLOGIES, INC.",TTMI US,BB Ticker,United States,,,
Lifecycle_Balanced_Pool_Superannuation,Listed Equity,ENERGY ABSOLUTE PCL,EAR TB,BB Ticker,Thailand,,,
Lifecycle_Balanced_Pool_Superannuation,Listed Equity,FOOD & LIFE COS. LTD.,3563 JP,BB Ticker,Japan,,,
Lifecycle_Balanced_Pool_Superannuation,Listed Equity,"TOKYO ELECTRIC POWER CO. HOLDINGS, INC.",9501 JP,BB Ticker,Japan,,,
Lifecycle_Balanced_Pool_Superannuation,Listed Equity,"WESBANCO, INC.",WSBC US,BB Ticker,United States,,,
Lifecycle_Balanced_Pool_Superannuation,Listed Equity,KOMERI CO. LTD.,8218 JP,BB Ticker,Japan,,,
Lifecycle_Balanced_Pool_Superannuation,Listed Equity,FREENET AG,FNTN GR,BB Ticker,Germany,,,
Lifecycle_Balanced_Pool_Superannuation,Listed Equity,SWATCH GROUP AG,UHRN SW,BB Ticker,Switzerland,,,
Lifecycle_Balanced_Pool_Superannuation,Listed Equity,HUGO BOSS AG,BOSS GR,BB Ticker,Germany,,,
Lifecycle_Balanced_Pool_Superannuation,Listed Equity,SUMITOMO HEAVY INDUSTRIES LTD.,6302 JP,BB Ticker,Japan,,,
Lifecycle_Balanced_Pool_Superannuation,Listed Equity,"BLACKLINE, INC.",BL US,BB Ticker,United States,,,
Lifecycle_Balanced_Pool_Superannuation,Listed Equity,KAVERI SEED CO. LTD.,KSCL IN,BB Ticker,India,,,
Lifecycle_Balanced_Pool_Superannuation,Listed Equity,ABS-CBN HOLDINGS CORP.,ABSP PM,BB Ticker,Philippines,,,
Lifecycle_Balanced_Pool_Superannuation,Listed Equity,FUYAO GLASS INDUSTRY GROUP CO. LTD.,3606 HK,BB Ticker,Hong Kong,,,
Lifecycle_Balanced_Pool_Superannuation,Listed Equity,SHOPRITE HOLDINGS LTD.,SHP SJ,BB Ticker,South Africa,,,
Lifecycle_Balanced_Pool_Superannuation,Listed Equity,"AMEDISYS, INC.",AMED US,BB Ticker,United States,,,
Lifecycle_Balanced_Pool_Superannuation,Listed Equity,TIETOEVRY OYJ,TIETO FH,BB Ticker,Finland,,,
Lifecycle_Balanced_Pool_Superannuation,Listed Equity,ID LOGISTICS GROUP SACA,IDL FP,BB Ticker,France,,,
Lifecycle_Balanced_Pool_Superannuation,Listed Equity,MATERION CORP.,MTRN US,BB Ticker,United States,,,
Lifecycle_Balanced_Pool_Superannuation,Listed Equity,CHINA STEEL CORP.,2002 TT,BB Ticker,Taiwan,,,
Lifecycle_Balanced_Pool_Superannuation,Listed Equity,KINDEN CORP.,1944 JP,BB Ticker,Japan,,,
Lifecycle_Balanced_Pool_Superannuation,Listed Equity,KOTOBUKI SPIRITS CO. LTD.,2222 JP,BB Ticker,Japan,,,
Lifecycle_Balanced_Pool_Superannuation,Listed Equity,SIMMONS FIRST NATIONAL CORP.,SFNC US,BB Ticker,United States,,,
Lifecycle_Balanced_Pool_Superannuation,Listed Equity,CHINA PETROLEUM & CHEMICAL CORP.,600028 C1,BB Ticker,China,,,
Lifecycle_Balanced_Pool_Superannuation,Listed Equity,"SHOALS TECHNOLOGIES GROUP, INC.",SHLS US,BB Ticker,United States,,,
Lifecycle_Balanced_Pool_Superannuation,Listed Equity,JTEKT CORP.,6473 JP,BB Ticker,Japan,,,
Lifecycle_Balanced_Pool_Superannuation,Listed Equity,SOCIETE BIC SA,BB FP,BB Ticker,France,,,
Lifecycle_Balanced_Pool_Superannuation,Listed Equity,HINDUSTAN COPPER LTD.,HCP IN,BB Ticker,India,,,
Lifecycle_Balanced_Pool_Superannuation,Listed Equity,IAMGOLD CORP.,IMG CN,BB Ticker,Canada,,,
Lifecycle_Balanced_Pool_Superannuation,Listed Equity,ASSECO POLAND SA,ACP PW,BB Ticker,Poland,,,
Lifecycle_Balanced_Pool_Superannuation,Listed Equity,"AMBARELLA, INC.",AMBA US,BB Ticker,United States,,,
Lifecycle_Balanced_Pool_Superannuation,Listed Equity,B2GOLD CORP.,BTO CN,BB Ticker,Canada,,,
Lifecycle_Balanced_Pool_Superannuation,Listed Equity,PETRONAS GAS BHD.,PTG MK,BB Ticker,Malaysia,,,
Lifecycle_Balanced_Pool_Superannuation,Listed Equity,VOLTALIA SA,VLTSA FP,BB Ticker,France,,,
Lifecycle_Balanced_Pool_Superannuation,Listed Equity,SHANDONG GOLD MINING CO. LTD.,1787 HK,BB Ticker,Hong Kong,,,
Lifecycle_Balanced_Pool_Superannuation,Listed Equity,AIXTRON SE,AIXA GR,BB Ticker,Germany,,,
Lifecycle_Balanced_Pool_Superannuation,Listed Equity,"JFE HOLDINGS, INC.",5411 JP,BB Ticker,Japan,,,
Lifecycle_Balanced_Pool_Superannuation,Listed Equity,NESTLE MALAYSIA BHD.,NESZ MK,BB Ticker,Malaysia,,,
Lifecycle_Balanced_Pool_Superannuation,Listed Equity,UNID CO. LTD.,014830 KS,BB Ticker,South Korea,,,
Lifecycle_Balanced_Pool_Superannuation,Listed Equity,DEME GROUP NV,DEME BB,BB Ticker,Belgium,,,
Lifecycle_Balanced_Pool_Superannuation,Listed Equity,TOA CORP.,1885 JP,BB Ticker,Japan,,,
Lifecycle_Balanced_Pool_Superannuation,Listed Equity,EDP SA,EDP PL,BB Ticker,Portugal,,,
Lifecycle_Balanced_Pool_Superannuation,Listed Equity,JCU CORP.,4975 JP,BB Ticker,Japan,,,
Lifecycle_Balanced_Pool_Superannuation,Listed Equity,PHISON ELECTRONICS CORP.,8299 TT,BB Ticker,Taiwan,,,
Lifecycle_Balanced_Pool_Superannuation,Listed Equity,GUOYUAN SECURITIES CO. LTD.,000728 C2,BB Ticker,China,,,
Lifecycle_Balanced_Pool_Superannuation,Listed Equity,OUTSURANCE GROUP LTD.,OUT SJ,BB Ticker,South Africa,,,
Lifecycle_Balanced_Pool_Superannuation,Listed Equity,ENCOUNTER RESOURCES LTD.,ENR AU,BB Ticker,Australia,,,
Lifecycle_Balanced_Pool_Superannuation,Listed Equity,DKSH HOLDING AG,DKSH SW,BB Ticker,Switzerland,,,
Lifecycle_Balanced_Pool_Superannuation,Listed Equity,3P LEARNING LTD.,3PL AU,BB Ticker,Australia,,,
Lifecycle_Balanced_Pool_Superannuation,Listed Equity,MAG SILVER CORP.,MAG CN,BB Ticker,Canada,,,
Lifecycle_Balanced_Pool_Superannuation,Listed Equity,LITHIUM AMERICAS CORP.,LAC CN,BB Ticker,Canada,,,
Lifecycle_Balanced_Pool_Superannuation,Listed Equity,AIR CANADA,AC CN,BB Ticker,Canada,,,
Lifecycle_Balanced_Pool_Superannuation,Listed Equity,INTERFOR CORP.,IFP CN,BB Ticker,Canada,,,
Lifecycle_Balanced_Pool_Superannuation,Listed Equity,"PRICESMART, INC.",PSMT US,BB Ticker,United States,,,
Lifecycle_Balanced_Pool_Superannuation,Listed Equity,TAIKISHA LTD.,1979 JP,BB Ticker,Japan,,,
Lifecycle_Balanced_Pool_Superannuation,Listed Equity,HILLMAN SOLUTIONS CORP.,HLMN US,BB Ticker,United States,,,
Lifecycle_Balanced_Pool_Superannuation,Listed Equity,AUDAX RENOVABLES SA,ADX SM,BB Ticker,Spain,,,
Lifecycle_Balanced_Pool_Superannuation,Listed Equity,CJ CORP.,001040 KS,BB Ticker,South Korea,,,
Lifecycle_Balanced_Pool_Superannuation,Listed Equity,"CENTURY COMMUNITIES, INC.",CCS US,BB Ticker,United States,,,
Lifecycle_Balanced_Pool_Superannuation,Listed Equity,ROBINSONS LAND CORP.,RLC PM,BB Ticker,Philippines,,,
Lifecycle_Balanced_Pool_Superannuation,Listed Equity,ASKUL CORP.,2678 JP,BB Ticker,Japan,,,
Lifecycle_Balanced_Pool_Superannuation,Listed Equity,"INDEPENDENT BANK GROUP, INC.",IBTX US,BB Ticker,United States,,,
Lifecycle_Balanced_Pool_Superannuation,Listed Equity,EURAZEO SE,RF FP,BB Ticker,France,,,
Lifecycle_Balanced_Pool_Superannuation,Listed Equity,NOKIAN RENKAAT OYJ,TYRES FH,BB Ticker,Finland,,,
Lifecycle_Balanced_Pool_Superannuation,Listed Equity,ZIJIN MINING GROUP CO. LTD.,601899 C1,BB Ticker,China,,,
Lifecycle_Balanced_Pool_Superannuation,Listed Equity,MAGAZINE LUIZA SA,MGLU3 BZ,BB Ticker,Brazil,,,
Lifecycle_Balanced_Pool_Superannuation,Listed Equity,RUENTEX INDUSTRIES LTD.,2915 TT,BB Ticker,Taiwan,,,
Lifecycle_Balanced_Pool_Superannuation,Listed Equity,MCDONALD'S HOLDINGS CO. JAPAN LTD.,2702 JP,BB Ticker,Japan,,,
Lifecycle_Balanced_Pool_Superannuation,Listed Equity,PRIMA MEAT PACKERS LTD.,2281 JP,BB Ticker,Japan,,,
Lifecycle_Balanced_Pool_Superannuation,Listed Equity,TOWER SEMICONDUCTOR LTD.,TSEM US,BB Ticker,United States,,,
Lifecycle_Balanced_Pool_Superannuation,Listed Equity,"SMITH & WESSON BRANDS, INC.",SWBI US,BB Ticker,United States,,,
Lifecycle_Balanced_Pool_Superannuation,Listed Equity,NAVIENT CORP.,NAVI US,BB Ticker,United States,,,
Lifecycle_Balanced_Pool_Superannuation,Listed Equity,LG CHEM LTD.,051910 KS,BB Ticker,South Korea,,,
Lifecycle_Balanced_Pool_Superannuation,Listed Equity,RENASANT CORP.,RNST US,BB Ticker,United States,,,
Lifecycle_Balanced_Pool_Superannuation,Listed Equity,"CALIX, INC.",CALX US,BB Ticker,United States,,,
Lifecycle_Balanced_Pool_Superannuation,Listed Equity,SOPRA STERIA GROUP,SOP FP,BB Ticker,France,,,
Lifecycle_Balanced_Pool_Superannuation,Listed Equity,"CENTERRA GOLD, INC.",CGAU US,BB Ticker,United States,,,
Lifecycle_Balanced_Pool_Superannuation,Listed Equity,WESTLAKE CORP.,WLK US,BB Ticker,United States,,,
Lifecycle_Balanced_Pool_Superannuation,Listed Equity,"BOYD GROUP SERVICES, INC.",BYD CN,BB Ticker,Canada,,,
Lifecycle_Balanced_Pool_Superannuation,Listed Equity,GRASIM INDUSTRIES LTD.,GRASIM IN,BB Ticker,India,,,
Lifecycle_Balanced_Pool_Superannuation,Listed Equity,"KONICA MINOLTA, INC.",4902 JP,BB Ticker,Japan,,,
Lifecycle_Balanced_Pool_Superannuation,Listed Equity,PEARSON PLC,PSO US,BB Ticker,United States,,,
Lifecycle_Balanced_Pool_Superannuation,Listed Equity,SEAZEN GROUP LTD.,1030 HK,BB Ticker,Hong Kong,,,
Lifecycle_Balanced_Pool_Superannuation,Listed Equity,ZHONGAN ONLINE P&C INSURANCE CO. LTD.,6060 HK,BB Ticker,Hong Kong,,,
Lifecycle_Balanced_Pool_Superannuation,Listed Equity,C&D INTERNATIONAL INVESTMENT GROUP LTD.,1908 HK,BB Ticker,Hong Kong,,,
Lifecycle_Balanced_Pool_Superannuation,Listed Equity,FIRST MERCHANTS CORP.,FRME US,BB Ticker,United States,,,
Lifecycle_Balanced_Pool_Superannuation,Listed Equity,LIBERTY LATIN AMERICA LTD.,LILAK US,BB Ticker,United States,,,
Lifecycle_Balanced_Pool_Superannuation,Listed Equity,"BARNES GROUP, INC.",B US,BB Ticker,United States,,,
Lifecycle_Balanced_Pool_Superannuation,Listed Equity,GS P&L CO. LTD.,499790 KS,BB Ticker,South Korea,,,
Lifecycle_Balanced_Pool_Superannuation,Listed Equity,G5 ENTERTAINMENT AB,G5EN SS,BB Ticker,Sweden,,,
Lifecycle_Balanced_Pool_Superannuation,Listed Equity,IPSOS SA,IPS FP,BB Ticker,France,,,
Lifecycle_Balanced_Pool_Superannuation,Listed Equity,"LIVERAMP HOLDINGS, INC.",RAMP US,BB Ticker,United States,,,
Lifecycle_Balanced_Pool_Superannuation,Listed Equity,RADWARE LTD.,RDWR US,BB Ticker,United States,,,
Lifecycle_Balanced_Pool_Superannuation,Listed Equity,HYUNDAI MOTOR CO.,005385 KS,BB Ticker,South Korea,,,
Lifecycle_Balanced_Pool_Superannuation,Listed Equity,PAN AFRICAN RESOURCES PLC,PAF LN,BB Ticker,United Kingdom,,,
Lifecycle_Balanced_Pool_Superannuation,Listed Equity,GRAINGER PLC,GRI LN,BB Ticker,United Kingdom,,,
Lifecycle_Balanced_Pool_Superannuation,Listed Equity,TURK HAVA YOLLARI AO,THYAO TI,BB Ticker,Turkey,,,
Lifecycle_Balanced_Pool_Superannuation,Listed Equity,NYFOSA AB,NYF SS,BB Ticker,Sweden,,,
Lifecycle_Balanced_Pool_Superannuation,Listed Equity,YUEXIU PROPERTY CO. LTD.,123 HK,BB Ticker,Hong Kong,,,
Lifecycle_Balanced_Pool_Superannuation,Listed Equity,SAVILLS PLC,SVS LN,BB Ticker,United Kingdom,,,
Lifecycle_Balanced_Pool_Superannuation,Listed Equity,CHINA RESOURCES POWER HOLDINGS CO. LTD.,836 HK,BB Ticker,Hong Kong,,,
Lifecycle_Balanced_Pool_Superannuation,Listed Equity,"ZYNEX, INC.",ZYXI US,BB Ticker,United States,,,
Lifecycle_Balanced_Pool_Superannuation,Listed Equity,MANDATUM OYJ,MANTA FH,BB Ticker,Finland,,,
Lifecycle_Balanced_Pool_Superannuation,Listed Equity,LUXSHARE PRECISION INDUSTRY CO. LTD.,002475 C2,BB Ticker,China,,,
Lifecycle_Balanced_Pool_Superannuation,Listed Equity,WIENERBERGER AG,WIE AV,BB Ticker,Austria,,,
Lifecycle_Balanced_Pool_Superannuation,Listed Equity,MEEKA METALS LTD.,MEK AU,BB Ticker,Australia,,,
Lifecycle_Balanced_Pool_Superannuation,Listed Equity,OHSHO FOOD SERVICE CORP.,9936 JP,BB Ticker,Japan,,,
Lifecycle_Balanced_Pool_Superannuation,Listed Equity,ELECTROLUX AB,ELUXB SS,BB Ticker,Sweden,,,
Lifecycle_Balanced_Pool_Superannuation,Listed Equity,ZENGAME TECHNOLOGY HOLDING LTD.,2660 HK,BB Ticker,Hong Kong,,,
Lifecycle_Balanced_Pool_Superannuation,Listed Equity,LAND & HOUSES PCL,LHR TB,BB Ticker,Thailand,,,
Lifecycle_Balanced_Pool_Superannuation,Listed Equity,PTT PCL,PTTF TB,BB Ticker,Thailand,,,
Lifecycle_Balanced_Pool_Superannuation,Listed Equity,CRYSTAL INTERNATIONAL GROUP LTD.,2232 HK,BB Ticker,Hong Kong,,,
Lifecycle_Balanced_Pool_Superannuation,Listed Equity,CNOOC ENERGY TECHNOLOGY & SERVICES LTD.,600968 C1,BB Ticker,China,,,
Lifecycle_Balanced_Pool_Superannuation,Listed Equity,"AGIOS PHARMACEUTICALS, INC.",AGIO US,BB Ticker,United States,,,
Lifecycle_Balanced_Pool_Superannuation,Listed Equity,SITIME CORP.,SITM US,BB Ticker,United States,,,
Lifecycle_Balanced_Pool_Superannuation,Listed Equity,"IQIYI, INC.",IQ US,BB Ticker,United States,,,
Lifecycle_Balanced_Pool_Superannuation,Listed Equity,GULF BANK KSCP,GBK KK,BB Ticker,Kuwait,,,
Lifecycle_Balanced_Pool_Superannuation,Listed Equity,HANWHA INVESTMENT & SECURITIES CO. LTD.,003530 KS,BB Ticker,South Korea,,,
Lifecycle_Balanced_Pool_Superannuation,Listed Equity,"BLUELINX HOLDINGS, INC.",BXC US,BB Ticker,United States,,,
Lifecycle_Balanced_Pool_Superannuation,Listed Equity,"HILLENBRAND, INC.",HI US,BB Ticker,United States,,,
Lifecycle_Balanced_Pool_Superannuation,Listed Equity,IS DONGSEO CO. LTD.,010780 KS,BB Ticker,South Korea,,,
Lifecycle_Balanced_Pool_Superannuation,Listed Equity,BANCA GENERALI SPA,BGN IM,BB Ticker,Italy,,,
Lifecycle_Balanced_Pool_Superannuation,Listed Equity,EMPRESAS COPEC SA,COPEC CI,BB Ticker,Chile,,,
Lifecycle_Balanced_Pool_Superannuation,Listed Equity,TEAMVIEWER SE,TMV GR,BB Ticker,Germany,,,
Lifecycle_Balanced_Pool_Superannuation,Listed Equity,VERICEL CORP.,VCEL US,BB Ticker,United States,,,
Lifecycle_Balanced_Pool_Superannuation,Listed Equity,"CARS.COM, INC.",CARS US,BB Ticker,United States,,,
Lifecycle_Balanced_Pool_Superannuation,Listed Equity,ISRACARD LTD.,ISCD IT,BB Ticker,Israel,,,
Lifecycle_Balanced_Pool_Superannuation,Listed Equity,XEROX HOLDINGS CORP.,XRX US,BB Ticker,United States,,,
Lifecycle_Balanced_Pool_Superannuation,Listed Equity,"GREEN BRICK PARTNERS, INC.",GRBK US,BB Ticker,United States,,,
Lifecycle_Balanced_Pool_Superannuation,Listed Equity,ZYDUS LIFESCIENCES LTD.,ZYDUSLIF IN,BB Ticker,India,,,
Lifecycle_Balanced_Pool_Superannuation,Listed Equity,FIRST RESOURCES LTD.,FR SP,BB Ticker,Singapore,,,
Lifecycle_Balanced_Pool_Superannuation,Listed Equity,DAH SING BANKING GROUP LTD.,2356 HK,BB Ticker,Hong Kong,,,
Lifecycle_Balanced_Pool_Superannuation,Listed Equity,PENINSULA ENERGY LTD.,PEN AU,BB Ticker,Australia,,,
Lifecycle_Balanced_Pool_Superannuation,Listed Equity,YAMABIKO CORP.,6250 JP,BB Ticker,Japan,,,
Lifecycle_Balanced_Pool_Superannuation,Listed Equity,"EVERTEC, INC.",EVTC US,BB Ticker,United States,,,
Lifecycle_Balanced_Pool_Superannuation,Listed Equity,SUPER HI INTERNATIONAL HOLDING LTD.,9658 HK,BB Ticker,Hong Kong,,,
Lifecycle_Balanced_Pool_Superannuation,Listed Equity,STANDEX INTERNATIONAL CORP.,SXI US,BB Ticker,United States,,,
Lifecycle_Balanced_Pool_Superannuation,Listed Equity,C UYEMURA & CO. LTD.,4966 JP,BB Ticker,Japan,,,
Lifecycle_Balanced_Pool_Superannuation,Listed Equity,CHINA STATE CONSTRUCTION INTERNATIONAL HOLDINGS LTD.,3311 HK,BB Ticker,Hong Kong,,,
Lifecycle_Balanced_Pool_Superannuation,Listed Equity,SAL SAUDI LOGISTICS SERVICES,SAL AB,BB Ticker,Saudi Arabia,,,
Lifecycle_Balanced_Pool_Superannuation,Listed Equity,CA IMMOBILIEN ANLAGEN AG,CAI AV,BB Ticker,Austria,,,
Lifecycle_Balanced_Pool_Superannuation,Listed Equity,"MOHAWK INDUSTRIES, INC.",MHK US,BB Ticker,United States,,,
Lifecycle_Balanced_Pool_Superannuation,Listed Equity,KION GROUP AG,KGX GR,BB Ticker,Germany,,,
Lifecycle_Balanced_Pool_Superannuation,Listed Equity,"CEVA, INC.",CEVA US,BB Ticker,United States,,,
Lifecycle_Balanced_Pool_Superannuation,Listed Equity,"ACADIA PHARMACEUTICALS, INC.",ACAD US,BB Ticker,United States,,,
Lifecycle_Balanced_Pool_Superannuation,Listed Equity,NETCOMPANY GROUP AS,NETC DC,BB Ticker,Denmark,,,
Lifecycle_Balanced_Pool_Superannuation,Listed Equity,ONESPAWORLD HOLDINGS LTD.,OSW US,BB Ticker,United States,,,
Lifecycle_Balanced_Pool_Superannuation,Listed Equity,UNIFIRST CORP.,UNF US,BB Ticker,United States,,,
Lifecycle_Balanced_Pool_Superannuation,Listed Equity,"PELOTON INTERACTIVE, INC.",PTON US,BB Ticker,United States,,,
Lifecycle_Balanced_Pool_Superannuation,Listed Equity,"PITNEY BOWES, INC.",PBI US,BB Ticker,United States,,,
Lifecycle_Balanced_Pool_Superannuation,Listed Equity,ATACADAO SA,CRFB3 BZ,BB Ticker,Brazil,,,
Lifecycle_Balanced_Pool_Superannuation,Listed Equity,SYNERGIE SE,SDG FP,BB Ticker,France,,,
Lifecycle_Balanced_Pool_Superannuation,Listed Equity,ATHABASCA OIL CORP.,ATH CN,BB Ticker,Canada,,,
Lifecycle_Balanced_Pool_Superannuation,Listed Equity,TECHNOGYM SPA,TGYM IM,BB Ticker,Italy,,,
Lifecycle_Balanced_Pool_Superannuation,Listed Equity,REPSOL SA,REPYY US,BB Ticker,United States,,,
Lifecycle_Balanced_Pool_Superannuation,Listed Equity,HINDUSTAN PETROLEUM CORP. LTD.,HPCL IN,BB Ticker,India,,,
Lifecycle_Balanced_Pool_Superannuation,Listed Equity,BCPG PCL,BCPGR TB,BB Ticker,Thailand,,,
Lifecycle_Balanced_Pool_Superannuation,Listed Equity,"POWER INTEGRATIONS, INC.",POWI US,BB Ticker,United States,,,
Lifecycle_Balanced_Pool_Superannuation,Listed Equity,"AMICUS THERAPEUTICS, INC.",FOLD US,BB Ticker,United States,,,
Lifecycle_Balanced_Pool_Superannuation,Listed Equity,DUNELM GROUP PLC,DNLM LN,BB Ticker,United Kingdom,,,
Lifecycle_Balanced_Pool_Superannuation,Listed Equity,SAMSUNG ELECTRO-MECHANICS CO. LTD.,009150 KS,BB Ticker,South Korea,,,
Lifecycle_Balanced_Pool_Superannuation,Listed Equity,ECOPRO MATERIALS CO. LTD.,450080 KS,BB Ticker,South Korea,,,
Lifecycle_Balanced_Pool_Superannuation,Listed Equity,MOTILAL OSWAL FINANCIAL SERVICES LTD.,MOFS IN,BB Ticker,India,,,
Lifecycle_Balanced_Pool_Superannuation,Listed Equity,"CABLE ONE, INC.",CABO US,BB Ticker,United States,,,
Lifecycle_Balanced_Pool_Superannuation,Listed Equity,HYOSUNG CORP.,004800 KS,BB Ticker,South Korea,,,
Lifecycle_Balanced_Pool_Superannuation,Listed Equity,VISTEON CORP.,VC US,BB Ticker,United States,,,
Lifecycle_Balanced_Pool_Superannuation,Listed Equity,NN GROUP NV,NNGRY US,BB Ticker,United States,,,
Lifecycle_Balanced_Pool_Superannuation,Listed Equity,"TOREX GOLD RESOURCES, INC.",TXG CN,BB Ticker,Canada,,,
Lifecycle_Balanced_Pool_Superannuation,Listed Equity,YAMAGATA BANK LTD.,8344 JP,BB Ticker,Japan,,,
Lifecycle_Balanced_Pool_Superannuation,Listed Equity,"TRIUMPH FINANCIAL, INC.",TFIN US,BB Ticker,United States,,,
Lifecycle_Balanced_Pool_Superannuation,Listed Equity,MONDI PLC,MNDI LN,BB Ticker,United Kingdom,,,
Lifecycle_Balanced_Pool_Superannuation,Listed Equity,NATIONAL BEVERAGE CORP.,FIZZ US,BB Ticker,United States,,,
Lifecycle_Balanced_Pool_Superannuation,Listed Equity,ANHUI CONCH CEMENT CO. LTD.,914 HK,BB Ticker,Hong Kong,,,
Lifecycle_Balanced_Pool_Superannuation,Listed Equity,"TRIUMPH GROUP, INC.",TGI US,BB Ticker,United States,,,
Lifecycle_Balanced_Pool_Superannuation,Listed Equity,METSA BOARD OYJ,METSB FH,BB Ticker,Finland,,,
Lifecycle_Balanced_Pool_Superannuation,Listed Equity,"LGI HOMES, INC.",LGIH US,BB Ticker,United States,,,
Lifecycle_Balanced_Pool_Superannuation,Listed Equity,MELISRON LTD.,MLSR IT,BB Ticker,Israel,,,
Lifecycle_Balanced_Pool_Superannuation,Listed Equity,"MAGNITE, INC.",MGNI US,BB Ticker,United States,,,
Lifecycle_Balanced_Pool_Superannuation,Listed Equity,GRIEG SEAFOOD ASA,GSF NO,BB Ticker,Belgium,,,
Lifecycle_Balanced_Pool_Superannuation,Listed Equity,FORWARD AIR CORP.,FWRD US,BB Ticker,United States,,,
Lifecycle_Balanced_Pool_Superannuation,Listed Equity,LANDIS & GYR GROUP AG,LAND SW,BB Ticker,Switzerland,,,
Lifecycle_Balanced_Pool_Superannuation,Listed Equity,"BERKSHIRE HILLS BANCORP, INC.",BHLB US,BB Ticker,United States,,,
Lifecycle_Balanced_Pool_Superannuation,Listed Equity,"SCHRODINGER, INC.",SDGR US,BB Ticker,United States,,,
Lifecycle_Balanced_Pool_Superannuation,Listed Equity,SPIRENT COMMUNICATIONS PLC,SPT LN,BB Ticker,United Kingdom,,,
Lifecycle_Balanced_Pool_Superannuation,Listed Equity,FLSMIDTH & CO. AS,FLS DC,BB Ticker,Denmark,,,
Lifecycle_Balanced_Pool_Superannuation,Listed Equity,KINNEVIK AB,KINVB SS,BB Ticker,Sweden,,,
Lifecycle_Balanced_Pool_Superannuation,Listed Equity,BROOKFIELD BUSINESS CORP.,BBUC CN,BB Ticker,Canada,,,
Lifecycle_Balanced_Pool_Superannuation,Listed Equity,BERRY CORP.,BRY US,BB Ticker,United States,,,
Lifecycle_Balanced_Pool_Superannuation,Listed Equity,U-BLOX HOLDING AG,UBXN SW,BB Ticker,Switzerland,,,
Lifecycle_Balanced_Pool_Superannuation,Listed Equity,BANNER CORP.,BANR US,BB Ticker,United States,,,
Lifecycle_Balanced_Pool_Superannuation,Listed Equity,OESTERREICHISCHE POST AG,POST AV,BB Ticker,Austria,,,
Lifecycle_Balanced_Pool_Superannuation,Listed Equity,OC OERLIKON CORP. AG PFAFFIKON,OERL SW,BB Ticker,Switzerland,,,
Lifecycle_Balanced_Pool_Superannuation,Listed Equity,BOUBYAN BANK KSCP,BOUBYAN KK,BB Ticker,Kuwait,,,
Lifecycle_Balanced_Pool_Superannuation,Listed Equity,"EXTREME NETWORKS, INC.",EXTR US,BB Ticker,United States,,,
Lifecycle_Balanced_Pool_Superannuation,Listed Equity,TURKIYE PETROL RAFINERILERI AS,TUPRS TI,BB Ticker,Turkey,,,
Lifecycle_Balanced_Pool_Superannuation,Listed Equity,"COTERRA ENERGY, INC.",CTRA US,BB Ticker,United States,,,
Lifecycle_Balanced_Pool_Superannuation,Listed Equity,AFRY AB,AFRY SS,BB Ticker,Sweden,,,
Lifecycle_Balanced_Pool_Superannuation,Listed Equity,BLACKBERRY LTD.,BB CN,BB Ticker,Canada,,,
Lifecycle_Balanced_Pool_Superannuation,Listed Equity,"INTERPARFUMS, INC.",IPAR US,BB Ticker,United States,,,
Lifecycle_Balanced_Pool_Superannuation,Listed Equity,"PHOTRONICS, INC.",PLAB US,BB Ticker,United States,,,
Lifecycle_Balanced_Pool_Superannuation,Listed Equity,A2 MILK CO. LTD.,ATM NZ,BB Ticker,New Zealand,,,
Lifecycle_Balanced_Pool_Superannuation,Listed Equity,"LEMONADE, INC.",LMND US,BB Ticker,United States,,,
Lifecycle_Balanced_Pool_Superannuation,Listed Equity,TOBU RAILWAY CO. LTD.,9001 JP,BB Ticker,Japan,,,
Lifecycle_Balanced_Pool_Superannuation,Listed Equity,C&A MODAS SA,CEAB3 BZ,BB Ticker,Brazil,,,
Lifecycle_Balanced_Pool_Superannuation,Listed Equity,ATS CORP.,ATS CN,BB Ticker,Canada,,,
Lifecycle_Balanced_Pool_Superannuation,Listed Equity,CITIC SECURITIES CO. LTD.,600030 C1,BB Ticker,China,,,
Lifecycle_Balanced_Pool_Superannuation,Listed Equity,COMMERCIAL INTERNATIONAL BANK - EGYPT (CIB),CBKD LI,BB Ticker,United Kingdom,,,
Lifecycle_Balanced_Pool_Superannuation,Listed Equity,"ULVAC, INC.",6728 JP,BB Ticker,Japan,,,
Lifecycle_Balanced_Pool_Superannuation,Listed Equity,"JOYY, INC.",YY US,BB Ticker,United States,,,
Lifecycle_Balanced_Pool_Superannuation,Listed Equity,"ASTRANA HEALTH, INC.",ASTH US,BB Ticker,United States,,,
Lifecycle_Balanced_Pool_Superannuation,Listed Equity,"MONEX GROUP, INC.",8698 JP,BB Ticker,Japan,,,
Lifecycle_Balanced_Pool_Superannuation,Listed Equity,"RAPID7, INC.",RPD US,BB Ticker,United States,,,
Lifecycle_Balanced_Pool_Superannuation,Listed Equity,"CELLTRION PHARM, INC.",068760 KS,BB Ticker,South Korea,,,
Lifecycle_Balanced_Pool_Superannuation,Listed Equity,TAKASAGO THERMAL ENGINEERING CO. LTD.,1969 JP,BB Ticker,Japan,,,
Lifecycle_Balanced_Pool_Superannuation,Listed Equity,LIBERTY LATIN AMERICA LTD.,LILA US,BB Ticker,United States,,,
Lifecycle_Balanced_Pool_Superannuation,Listed Equity,MONY GROUP PLC,MONY LN,BB Ticker,United Kingdom,,,
Lifecycle_Balanced_Pool_Superannuation,Listed Equity,CK INFRASTRUCTURE HOLDINGS LTD.,1038 HK,BB Ticker,Hong Kong,,,
Lifecycle_Balanced_Pool_Superannuation,Listed Equity,TRANSALTA CORP.,TA CN,BB Ticker,Canada,,,
Lifecycle_Balanced_Pool_Superannuation,Listed Equity,INTEGRA LIFESCIENCES HOLDINGS CORP.,IART US,BB Ticker,United States,,,
Lifecycle_Balanced_Pool_Superannuation,Listed Equity,SINOPEC ENGINEERING GROUP CO. LTD.,2386 HK,BB Ticker,Hong Kong,,,
Lifecycle_Balanced_Pool_Superannuation,Listed Equity,SEMBCORP INDUSTRIES LTD.,SCI SP,BB Ticker,Singapore,,,
Lifecycle_Balanced_Pool_Superannuation,Listed Equity,"SK, INC.",034730 KS,BB Ticker,South Korea,,,
Lifecycle_Balanced_Pool_Superannuation,Listed Equity,SIXT SE,SIX2 GR,BB Ticker,Germany,,,
Lifecycle_Balanced_Pool_Superannuation,Listed Equity,DOMINO'S PIZZA GROUP PLC,DOM LN,BB Ticker,United Kingdom,,,
Lifecycle_Balanced_Pool_Superannuation,Listed Equity,"KFORCE, INC.",KFRC US,BB Ticker,United States,,,
Lifecycle_Balanced_Pool_Superannuation,Listed Equity,KALPATARU PROJECTS INTERNATIONAL LTD.,KPIL IN,BB Ticker,India,,,
Lifecycle_Balanced_Pool_Superannuation,Listed Equity,BANKINTER SA,BKT SM,BB Ticker,Spain,,,
Lifecycle_Balanced_Pool_Superannuation,Listed Equity,"TSURUHA HOLDINGS, INC.",3391 JP,BB Ticker,Japan,,,
Lifecycle_Balanced_Pool_Superannuation,Listed Equity,RICHTER GEDEON NYRT,RICHT HB,BB Ticker,Hungary,,,
Lifecycle_Balanced_Pool_Superannuation,Listed Equity,LAKELAND FINANCIAL CORP.,LKFN US,BB Ticker,United States,,,
Lifecycle_Balanced_Pool_Superannuation,Listed Equity,BTS GROUP HOLDINGS PCL,BTSR TB,BB Ticker,Thailand,,,
Lifecycle_Balanced_Pool_Superannuation,Listed Equity,"LT GROUP, INC.",LTG PM,BB Ticker,Philippines,,,
Lifecycle_Balanced_Pool_Superannuation,Listed Equity,KEIHAN HOLDINGS CO. LTD.,9045 JP,BB Ticker,Japan,,,
Lifecycle_Balanced_Pool_Superannuation,Listed Equity,"E-MART, INC.",139480 KS,BB Ticker,South Korea,,,
Lifecycle_Balanced_Pool_Superannuation,Listed Equity,NORDEX SE,NDX1 GR,BB Ticker,Germany,,,
Lifecycle_Balanced_Pool_Superannuation,Listed Equity,PAGEGROUP PLC,PAGE LN,BB Ticker,United Kingdom,,,
Lifecycle_Balanced_Pool_Superannuation,Listed Equity,"HELIOS TECHNOLOGIES, INC.",HLIO US,BB Ticker,United States,,,
Lifecycle_Balanced_Pool_Superannuation,Listed Equity,FUTURE PLC,FUTR LN,BB Ticker,United Kingdom,,,
Lifecycle_Balanced_Pool_Superannuation,Listed Equity,PRIO SA,PRIO3 BZ,BB Ticker,Brazil,,,
Lifecycle_Balanced_Pool_Superannuation,Listed Equity,SM INVESTMENTS CORP.,SM PM,BB Ticker,Philippines,,,
Lifecycle_Balanced_Pool_Superannuation,Listed Equity,NOLATO AB,NOLAB SS,BB Ticker,Sweden,,,
Lifecycle_Balanced_Pool_Superannuation,Listed Equity,"SILVERCORP METALS, INC.",SVM CN,BB Ticker,Canada,,,
Lifecycle_Balanced_Pool_Superannuation,Listed Equity,LINDSAY CORP.,LNN US,BB Ticker,United States,,,
Lifecycle_Balanced_Pool_Superannuation,Listed Equity,BANCA IFIS SPA,IF IM,BB Ticker,Italy,,,
Lifecycle_Balanced_Pool_Superannuation,Listed Equity,"SONOS, INC.",SONO US,BB Ticker,United States,,,
Lifecycle_Balanced_Pool_Superannuation,Listed Equity,INDIVIOR PLC,INDV LN,BB Ticker,United Kingdom,,,
Lifecycle_Balanced_Pool_Superannuation,Listed Equity,JIANGSU HENGRUI PHARMACEUTICALS CO. LTD.,600276 C1,BB Ticker,China,,,
Lifecycle_Balanced_Pool_Superannuation,Listed Equity,RIKEN VITAMIN CO. LTD.,4526 JP,BB Ticker,Japan,,,
Lifecycle_Balanced_Pool_Superannuation,Listed Equity,ADANI POWER LTD.,ADANI IN,BB Ticker,India,,,
Lifecycle_Balanced_Pool_Superannuation,Listed Equity,LG CORP.,003550 KS,BB Ticker,South Korea,,,
Lifecycle_Balanced_Pool_Superannuation,Listed Equity,"VERINT SYSTEMS, INC.",VRNT US,BB Ticker,United States,,,
Lifecycle_Balanced_Pool_Superannuation,Listed Equity,ORLEN SA,PKN PW,BB Ticker,Poland,,,
Lifecycle_Balanced_Pool_Superannuation,Listed Equity,G-III APPAREL GROUP LTD.,GIII US,BB Ticker,United States,,,
Lifecycle_Balanced_Pool_Superannuation,Listed Equity,"HAKUHODO DY HOLDINGS, INC.",2433 JP,BB Ticker,Japan,,,
Lifecycle_Balanced_Pool_Superannuation,Listed Equity,"NBT BANCORP, INC.",NBTB US,BB Ticker,United States,,,
Lifecycle_Balanced_Pool_Superannuation,Listed Equity,STROEER SE & CO. KGAA,SAX GR,BB Ticker,Germany,,,
Lifecycle_Balanced_Pool_Superannuation,Listed Equity,"CUSTOMERS BANCORP, INC.",CUBI US,BB Ticker,United States,,,
Lifecycle_Balanced_Pool_Superannuation,Listed Equity,NIPPON SANSO HOLDINGS CORP.,4091 JP,BB Ticker,Japan,,,
Lifecycle_Balanced_Pool_Superannuation,Listed Equity,INTEGRATED RESEARCH LTD.,IRI AU,BB Ticker,Australia,,,
Lifecycle_Balanced_Pool_Superannuation,Listed Equity,WILDCAT RESOURCES LTD.,WC8 AU,BB Ticker,Australia,,,
Lifecycle_Balanced_Pool_Superannuation,Listed Equity,OBSIDIAN ENERGY LTD.,OBE CN,BB Ticker,Canada,,,
Lifecycle_Balanced_Pool_Superannuation,Listed Equity,RUENTEX ENGINEERING & CONSTRUCTION CO.,2597 TT,BB Ticker,Taiwan,,,
Lifecycle_Balanced_Pool_Superannuation,Listed Equity,HYGEIA HEALTHCARE HOLDINGS CO. LTD.,6078 HK,BB Ticker,Hong Kong,,,
Lifecycle_Balanced_Pool_Superannuation,Listed Equity,MYCRONIC AB,MYCR SS,BB Ticker,Sweden,,,
Lifecycle_Balanced_Pool_Superannuation,Listed Equity,"SCANSOURCE, INC.",SCSC US,BB Ticker,United States,,,
Lifecycle_Balanced_Pool_Superannuation,Listed Equity,1ST SOURCE CORP.,SRCE US,BB Ticker,United States,,,
Lifecycle_Balanced_Pool_Superannuation,Listed Equity,"REVOLVE GROUP, INC.",RVLV US,BB Ticker,United States,,,
Lifecycle_Balanced_Pool_Superannuation,Listed Equity,"UPBOUND GROUP, INC.",UPBD US,BB Ticker,United States,,,
Lifecycle_Balanced_Pool_Superannuation,Listed Equity,"GOOSEHEAD INSURANCE, INC.",GSHD US,BB Ticker,United States,,,
Lifecycle_Balanced_Pool_Superannuation,Listed Equity,ITO EN LTD.,2593 JP,BB Ticker,Japan,,,
Lifecycle_Balanced_Pool_Superannuation,Listed Equity,ALSO HOLDING AG,ALSN SW,BB Ticker,Switzerland,,,
Lifecycle_Balanced_Pool_Superannuation,Listed Equity,SBI CARDS & PAYMENT SERVICES LTD.,SBICARD IN,BB Ticker,India,,,
Lifecycle_Balanced_Pool_Superannuation,Listed Equity,FIRST COMMONWEALTH FINANCIAL CORP.,FCF US,BB Ticker,United States,,,
Lifecycle_Balanced_Pool_Superannuation,Listed Equity,DEUTSCHE LUFTHANSA AG,LHA GR,BB Ticker,Germany,,,
Lifecycle_Balanced_Pool_Superannuation,Listed Equity,SYENSQO SA,SYENS BB,BB Ticker,Belgium,,,
Lifecycle_Balanced_Pool_Superannuation,Listed Equity,MARTEN TRANSPORT LTD.,MRTN US,BB Ticker,United States,,,
Lifecycle_Balanced_Pool_Superannuation,Listed Equity,TOPSPORTS INTERNATIONAL HOLDINGS LTD.,6110 HK,BB Ticker,Hong Kong,,,
Lifecycle_Balanced_Pool_Superannuation,Listed Equity,NEXITY SA,NXI FP,BB Ticker,France,,,
Lifecycle_Balanced_Pool_Superannuation,Listed Equity,CASIO COMPUTER CO. LTD.,6952 JP,BB Ticker,Japan,,,
Lifecycle_Balanced_Pool_Superannuation,Listed Equity,"HILLTOP HOLDINGS, INC.",HTH US,BB Ticker,United States,,,
Lifecycle_Balanced_Pool_Superannuation,Listed Equity,BANCOLOMBIA SA,CIB US,BB Ticker,United States,,,
Lifecycle_Balanced_Pool_Superannuation,Listed Equity,YOKOWO CO. LTD.,6800 JP,BB Ticker,Japan,,,
Lifecycle_Balanced_Pool_Superannuation,Listed Equity,HANDSOME CO. LTD.,020000 KS,BB Ticker,South Korea,,,
Lifecycle_Balanced_Pool_Superannuation,Listed Equity,STEWART INFORMATION SERVICES CORP.,STC US,BB Ticker,United States,,,
Lifecycle_Balanced_Pool_Superannuation,Listed Equity,SUMBER ALFARIA TRIJAYA TBK. PT,AMRT IJ,BB Ticker,Indonesia,,,
Lifecycle_Balanced_Pool_Superannuation,Listed Equity,"VERITEX HOLDINGS, INC.",VBTX US,BB Ticker,United States,,,
Lifecycle_Balanced_Pool_Superannuation,Listed Equity,ENDESA SA,ELE SM,BB Ticker,Spain,,,
Lifecycle_Balanced_Pool_Superannuation,Listed Equity,LIBERTY MEDIA CORP.-LIBERTY FORMULA ONE,FWONA US,BB Ticker,United States,,,
Lifecycle_Balanced_Pool_Superannuation,Listed Equity,HMM CO. LTD.,011200 KS,BB Ticker,South Korea,,,
Lifecycle_Balanced_Pool_Superannuation,Listed Equity,ARC RESOURCES LTD.,AETUF US,BB Ticker,United States,,,
Lifecycle_Balanced_Pool_Superannuation,Listed Equity,CHINA CONSTRUCTION BANK CORP.,601939 C1,BB Ticker,China,,,
Lifecycle_Balanced_Pool_Superannuation,Listed Equity,BUDIMEX SA,BDX PW,BB Ticker,Poland,,,
Lifecycle_Balanced_Pool_Superannuation,Listed Equity,"HEARTLAND FINANCIAL USA, INC.",HTLF US,BB Ticker,United States,,,
Lifecycle_Balanced_Pool_Superannuation,Listed Equity,"INNOVIVA, INC.",INVA US,BB Ticker,United States,,,
Lifecycle_Balanced_Pool_Superannuation,Listed Equity,SKISTAR AB,SKISB SS,BB Ticker,Sweden,,,
Lifecycle_Balanced_Pool_Superannuation,Listed Equity,HELEN OF TROY LTD.,HELE US,BB Ticker,United States,,,
Lifecycle_Balanced_Pool_Superannuation,Listed Equity,BIG SHOPPING CENTERS LTD.,BIG IT,BB Ticker,Israel,,,
Lifecycle_Balanced_Pool_Superannuation,Listed Equity,SCHINDLER HOLDING AG,SCHN SW,BB Ticker,Switzerland,,,
Lifecycle_Balanced_Pool_Superannuation,Listed Equity,SVITZER GROUP AS,SVITZR DC,BB Ticker,Denmark,,,
Lifecycle_Balanced_Pool_Superannuation,Listed Equity,QATAR FUEL QSC,QFLS QD,BB Ticker,Qatar,,,
Lifecycle_Balanced_Pool_Superannuation,Listed Equity,ENGINEERS INDIA LTD.,ENGR IN,BB Ticker,India,,,
Lifecycle_Balanced_Pool_Superannuation,Listed Equity,KOEI TECMO HOLDINGS CO. LTD.,3635 JP,BB Ticker,Japan,,,
Lifecycle_Balanced_Pool_Superannuation,Listed Equity,RENISHAW PLC,RSW LN,BB Ticker,United Kingdom,,,
Lifecycle_Balanced_Pool_Superannuation,Listed Equity,TECHNICOLOR CREATIVE STUDIOS SA,TCHCS FP,BB Ticker,France,,,
Lifecycle_Balanced_Pool_Superannuation,Listed Equity,GULF ENERGY DEVELOPMENT PCL,GULFF TB,BB Ticker,Thailand,,,
Lifecycle_Balanced_Pool_Superannuation,Listed Equity,"GFL ENVIRONMENTAL, INC.",GFL CN,BB Ticker,Canada,,,
Lifecycle_Balanced_Pool_Superannuation,Listed Equity,PTT EXPLORATION & PRODUCTION PCL,PTTEPF TB,BB Ticker,Thailand,,,
Lifecycle_Balanced_Pool_Superannuation,Listed Equity,TOKYO SEIMITSU CO. LTD.,7729 JP,BB Ticker,Japan,,,
Lifecycle_Balanced_Pool_Superannuation,Listed Equity,COSMOAM&T CO. LTD.,005070 KS,BB Ticker,South Korea,,,
Lifecycle_Balanced_Pool_Superannuation,Listed Equity,AMBUJA CEMENTS LTD.,ACEM IN,BB Ticker,India,,,
Lifecycle_Balanced_Pool_Superannuation,Listed Equity,KEC INTERNATIONAL LTD.,KECI IN,BB Ticker,India,,,
Lifecycle_Balanced_Pool_Superannuation,Listed Equity,"DILLARD'S, INC.",DDS US,BB Ticker,United States,,,
Lifecycle_Balanced_Pool_Superannuation,Listed Equity,WACOAL HOLDINGS CORP.,3591 JP,BB Ticker,Japan,,,
Lifecycle_Balanced_Pool_Superannuation,Listed Equity,ENOVIS CORP.,ENOV US,BB Ticker,United States,,,
Lifecycle_Balanced_Pool_Superannuation,Listed Equity,MITSUBISHI PENCIL CO. LTD.,7976 JP,BB Ticker,Japan,,,
Lifecycle_Balanced_Pool_Superannuation,Listed Equity,MITSUBISHI CHEMICAL GROUP CORP.,4188 JP,BB Ticker,Japan,,,
Lifecycle_Balanced_Pool_Superannuation,Listed Equity,"JD LOGISTICS, INC.",2618 HK,BB Ticker,Hong Kong,,,
Lifecycle_Balanced_Pool_Superannuation,Listed Equity,ZHONGTAI SECURITIES CO. LTD.,600918 C1,BB Ticker,China,,,
Lifecycle_Balanced_Pool_Superannuation,Listed Equity,SK INNOVATION CO. LTD.,096770 KS,BB Ticker,South Korea,,,
Lifecycle_Balanced_Pool_Superannuation,Listed Equity,SUNDRUG CO. LTD.,9989 JP,BB Ticker,Japan,,,
Lifecycle_Balanced_Pool_Superannuation,Listed Equity,"SPROUT SOCIAL, INC.",SPT US,BB Ticker,United States,,,
Lifecycle_Balanced_Pool_Superannuation,Listed Equity,DYNAVAX TECHNOLOGIES CORP.,DVAX US,BB Ticker,United States,,,
Lifecycle_Balanced_Pool_Superannuation,Listed Equity,PRUKSA HOLDING PCL,PSHF TB,BB Ticker,Thailand,,,
Lifecycle_Balanced_Pool_Superannuation,Listed Equity,TRIGANO SA,TRI FP,BB Ticker,France,,,
Lifecycle_Balanced_Pool_Superannuation,Listed Equity,HODOGAYA CHEMICAL CO. LTD.,4112 JP,BB Ticker,Japan,,,
Lifecycle_Balanced_Pool_Superannuation,Listed Equity,QATAR INTERNATIONAL ISLAMIC BANK QSC,QIIK QD,BB Ticker,Qatar,,,
Lifecycle_Balanced_Pool_Superannuation,Listed Equity,EXIDE INDUSTRIES LTD.,EXID IN,BB Ticker,India,,,
Lifecycle_Balanced_Pool_Superannuation,Listed Equity,HD HYUNDAI CO. LTD.,267250 KS,BB Ticker,South Korea,,,
Lifecycle_Balanced_Pool_Superannuation,Listed Equity,PETRA DIAMONDS LTD.,PDL LN,BB Ticker,United Kingdom,,,
Lifecycle_Balanced_Pool_Superannuation,Listed Equity,INTERNATIONAL WORKPLACE GROUP PLC,IWG LN,BB Ticker,United Kingdom,,,
Lifecycle_Balanced_Pool_Superannuation,Listed Equity,KOREA AEROSPACE INDUSTRIES LTD.,047810 KS,BB Ticker,South Korea,,,
Lifecycle_Balanced_Pool_Superannuation,Listed Equity,QATAR GAS TRANSPORT CO. LTD.,QGTS QD,BB Ticker,Qatar,,,
Lifecycle_Balanced_Pool_Superannuation,Listed Equity,TIANNENG POWER INTERNATIONAL LTD.,819 HK,BB Ticker,Hong Kong,,,
Lifecycle_Balanced_Pool_Superannuation,Listed Equity,NAGASE & CO. LTD.,8012 JP,BB Ticker,Japan,,,
Lifecycle_Balanced_Pool_Superannuation,Listed Equity,"SELECTIVE INSURANCE GROUP, INC.",SIGI US,BB Ticker,United States,,,
Lifecycle_Balanced_Pool_Superannuation,Listed Equity,XTB SA,XTB PW,BB Ticker,Poland,,,
Lifecycle_Balanced_Pool_Superannuation,Listed Equity,SUPREME PETROCHEM LTD.,SPPT IN,BB Ticker,India,,,
Lifecycle_Balanced_Pool_Superannuation,Listed Equity,JSW STEEL LTD.,JSTL IN,BB Ticker,India,,,
Lifecycle_Balanced_Pool_Superannuation,Listed Equity,MASRAF AL RAYAN QSC,MARK QD,BB Ticker,Qatar,,,
Lifecycle_Balanced_Pool_Superannuation,Listed Equity,CITIC LTD.,267 HK,BB Ticker,Hong Kong,,,
Lifecycle_Balanced_Pool_Superannuation,Listed Equity,BURE EQUITY AB,BURE SS,BB Ticker,Sweden,,,
Lifecycle_Balanced_Pool_Superannuation,Listed Equity,"CHEFS' WAREHOUSE, INC.",CHEF US,BB Ticker,United States,,,
Lifecycle_Balanced_Pool_Superannuation,Listed Equity,CHEMOMETEC AS,CHEMM DC,BB Ticker,Denmark,,,
Lifecycle_Balanced_Pool_Superannuation,Listed Equity,"MITSUI CHEMICALS, INC.",4183 JP,BB Ticker,Japan,,,
Lifecycle_Balanced_Pool_Superannuation,Listed Equity,FOSHAN HAITIAN FLAVOURING & FOOD CO. LTD.,603288 C1,BB Ticker,China,,,
Lifecycle_Balanced_Pool_Superannuation,Listed Equity,SELECT MEDICAL HOLDINGS CORP.,SEM US,BB Ticker,United States,,,
Lifecycle_Balanced_Pool_Superannuation,Listed Equity,"MAXLINEAR, INC.",MXL US,BB Ticker,United States,,,
Lifecycle_Balanced_Pool_Superannuation,Listed Equity,CONSORCIO ARA SAB DE CV,ARA MM,BB Ticker,Mexico,,,
Lifecycle_Balanced_Pool_Superannuation,Listed Equity,"HUANENG POWER INTERNATIONAL, INC.",902 HK,BB Ticker,Hong Kong,,,
Lifecycle_Balanced_Pool_Superannuation,Listed Equity,"FLOWERS FOODS, INC.",FLO US,BB Ticker,United States,,,
Lifecycle_Balanced_Pool_Superannuation,Listed Equity,QUADIENT SA,QDT FP,BB Ticker,France,,,
Lifecycle_Balanced_Pool_Superannuation,Listed Equity,INTERROLL HOLDING AG,INRN SW,BB Ticker,Switzerland,,,
Lifecycle_Balanced_Pool_Superannuation,Listed Equity,PAR TECHNOLOGY CORP.,PAR US,BB Ticker,United States,,,
Lifecycle_Balanced_Pool_Superannuation,Listed Equity,AYALA CORP.,AC PM,BB Ticker,Philippines,,,
Lifecycle_Balanced_Pool_Superannuation,Listed Equity,REMGRO LTD.,REM SJ,BB Ticker,South Africa,,,
Lifecycle_Balanced_Pool_Superannuation,Listed Equity,"ALLEGRO MICROSYSTEMS, INC.",ALGM US,BB Ticker,United States,,,
Lifecycle_Balanced_Pool_Superannuation,Listed Equity,SWISSQUOTE GROUP HOLDING SA,SQN SW,BB Ticker,Switzerland,,,
Lifecycle_Balanced_Pool_Superannuation,Listed Equity,FINOLEX CABLES LTD.,FNXC IN,BB Ticker,India,,,
Lifecycle_Balanced_Pool_Superannuation,Listed Equity,WOLTERS KLUWER NV,WTKWY US,BB Ticker,United States,,,
Lifecycle_Balanced_Pool_Superannuation,Listed Equity,"HUDBAY MINERALS, INC.",HBM US,BB Ticker,United States,,,
Lifecycle_Balanced_Pool_Superannuation,Listed Equity,TORRENT POWER LTD.,TPW IN,BB Ticker,India,,,
Lifecycle_Balanced_Pool_Superannuation,Listed Equity,LUZHOU LAOJIAO CO. LTD.,000568 C2,BB Ticker,China,,,
Lifecycle_Balanced_Pool_Superannuation,Listed Equity,ALTUS GROUP LTD.,AIF CN,BB Ticker,Canada,,,
Lifecycle_Balanced_Pool_Superannuation,Listed Equity,TAIWAN HIGH SPEED RAIL CORP.,2633 TT,BB Ticker,Taiwan,,,
Lifecycle_Balanced_Pool_Superannuation,Listed Equity,FORMOSA PLASTICS CORP.,1301 TT,BB Ticker,Taiwan,,,
Lifecycle_Balanced_Pool_Superannuation,Listed Equity,"ATRICURE, INC.",ATRC US,BB Ticker,United States,,,
Lifecycle_Balanced_Pool_Superannuation,Listed Equity,"SHIFT, INC.",3697 JP,BB Ticker,Japan,,,
Lifecycle_Balanced_Pool_Superannuation,Listed Equity,TOHO HOLDINGS CO. LTD.,8129 JP,BB Ticker,Japan,,,
Lifecycle_Balanced_Pool_Superannuation,Listed Equity,BANCFIRST CORP.,BANF US,BB Ticker,United States,,,
Lifecycle_Balanced_Pool_Superannuation,Listed Equity,SOJITZ CORP.,2768 JP,BB Ticker,Japan,,,
Lifecycle_Balanced_Pool_Superannuation,Listed Equity,VANGUARD INTERNATIONAL SEMICONDUCTOR CORP.,5347 TT,BB Ticker,Taiwan,,,
Lifecycle_Balanced_Pool_Superannuation,Listed Equity,"SPRINGWORKS THERAPEUTICS, INC.",SWTX US,BB Ticker,United States,,,
Lifecycle_Balanced_Pool_Superannuation,Listed Equity,AIRPORTS OF THAILAND PCL,AOTR TB,BB Ticker,Thailand,,,
Lifecycle_Balanced_Pool_Superannuation,Listed Equity,SIAM CEMENT PCL,SCCR TB,BB Ticker,Thailand,,,
Lifecycle_Balanced_Pool_Superannuation,Listed Equity,KADOKAWA CORP.,9468 JP,BB Ticker,Japan,,,
Lifecycle_Balanced_Pool_Superannuation,Listed Equity,JOLLIBEE FOODS CORP.,JFC PM,BB Ticker,Philippines,,,
Lifecycle_Balanced_Pool_Superannuation,Listed Equity,VITROLIFE AB,VITR SS,BB Ticker,Sweden,,,
Lifecycle_Balanced_Pool_Superannuation,Listed Equity,"DAVE & BUSTER'S ENTERTAINMENT, INC.",PLAY US,BB Ticker,United States,,,
Lifecycle_Balanced_Pool_Superannuation,Listed Equity,NOVA LTD.,NVMI US,BB Ticker,United States,,,
Lifecycle_Balanced_Pool_Superannuation,Listed Equity,ECLAT TEXTILE CO. LTD.,1476 TT,BB Ticker,Taiwan,,,
Lifecycle_Balanced_Pool_Superannuation,Listed Equity,GRUMA SAB DE CV,GRUMAB MM,BB Ticker,Mexico,,,
Lifecycle_Balanced_Pool_Superannuation,Listed Equity,PARK24 CO. LTD.,4666 JP,BB Ticker,Japan,,,
Lifecycle_Balanced_Pool_Superannuation,Listed Equity,TAKASHIMAYA CO. LTD.,8233 JP,BB Ticker,Japan,,,
Lifecycle_Balanced_Pool_Superannuation,Listed Equity,POSTNL NV,PNL NA,BB Ticker,Netherlands,,,
Lifecycle_Balanced_Pool_Superannuation,Listed Equity,"DIGITALBRIDGE GROUP, INC.",DBRG US,BB Ticker,United States,,,
Lifecycle_Balanced_Pool_Superannuation,Listed Equity,"CLEARWAY ENERGY, INC.",CWENA US,BB Ticker,United States,,,
Lifecycle_Balanced_Pool_Superannuation,Listed Equity,INARI AMERTRON BHD.,INRI MK,BB Ticker,Malaysia,,,
Lifecycle_Balanced_Pool_Superannuation,Listed Equity,"AURINIA PHARMACEUTICALS, INC.",AUPH US,BB Ticker,United States,,,
Lifecycle_Balanced_Pool_Superannuation,Listed Equity,ANRITSU CORP.,6754 JP,BB Ticker,Japan,,,
Lifecycle_Balanced_Pool_Superannuation,Listed Equity,LOGITECH INTERNATIONAL SA,LOGI US,BB Ticker,United States,,,
Lifecycle_Balanced_Pool_Superannuation,Listed Equity,ELIOR GROUP SA,ELIOR FP,BB Ticker,France,,,
Lifecycle_Balanced_Pool_Superannuation,Listed Equity,ALLIANZ SE,ALIZY US,BB Ticker,United States,,,
Lifecycle_Balanced_Pool_Superannuation,Listed Equity,SEBANG CO. LTD.,004360 KS,BB Ticker,South Korea,,,
Lifecycle_Balanced_Pool_Superannuation,Listed Equity,"GLOBALSTAR, INC.",GSAT US,BB Ticker,United States,,,
Lifecycle_Balanced_Pool_Superannuation,Listed Equity,PILGRIM'S PRIDE CORP.,PPC US,BB Ticker,United States,,,
Lifecycle_Balanced_Pool_Superannuation,Listed Equity,SUGI HOLDINGS CO. LTD.,7649 JP,BB Ticker,Japan,,,
Lifecycle_Balanced_Pool_Superannuation,Listed Equity,CURRYS PLC,CURY LN,BB Ticker,United Kingdom,,,
Lifecycle_Balanced_Pool_Superannuation,Listed Equity,ARKEMA SA,AKE FP,BB Ticker,France,,,
Lifecycle_Balanced_Pool_Superannuation,Listed Equity,"FASTLY, INC.",FSLY US,BB Ticker,United States,,,
Lifecycle_Balanced_Pool_Superannuation,Listed Equity,FLATEXDEGIRO AG,FTK GR,BB Ticker,Germany,,,
Lifecycle_Balanced_Pool_Superannuation,Listed Equity,WUXI APPTEC CO. LTD.,603259 C1,BB Ticker,China,,,
Lifecycle_Balanced_Pool_Superannuation,Listed Equity,RADICO KHAITAN LTD.,RDCK IN,BB Ticker,India,,,
Lifecycle_Balanced_Pool_Superannuation,Listed Equity,BEML LTD.,BEML IN,BB Ticker,India,,,
Lifecycle_Balanced_Pool_Superannuation,Listed Equity,STMICROELECTRONICS NV,STM US,BB Ticker,United States,,,
Lifecycle_Balanced_Pool_Superannuation,Listed Equity,"MONEY FORWARD, INC.",3994 JP,BB Ticker,Japan,,,
Lifecycle_Balanced_Pool_Superannuation,Listed Equity,"BIOCRYST PHARMACEUTICALS, INC.",BCRX US,BB Ticker,United States,,,
Lifecycle_Balanced_Pool_Superannuation,Listed Equity,KUALA LUMPUR KEPONG BHD.,KLK MK,BB Ticker,Malaysia,,,
Lifecycle_Balanced_Pool_Superannuation,Listed Equity,CRAYON GROUP HOLDING ASA,CRAYN NO,BB Ticker,Belgium,,,
Lifecycle_Balanced_Pool_Superannuation,Listed Equity,"HISAMITSU PHARMACEUTICAL CO., INC.",4530 JP,BB Ticker,Japan,,,
Lifecycle_Balanced_Pool_Superannuation,Listed Equity,"S&T BANCORP, INC.",STBA US,BB Ticker,United States,,,
Lifecycle_Balanced_Pool_Superannuation,Listed Equity,CHINA CSSC HOLDINGS LTD.,600150 C1,BB Ticker,China,,,
Lifecycle_Balanced_Pool_Superannuation,Listed Equity,MANILA ELECTRIC CO.,MER PM,BB Ticker,Philippines,,,
Lifecycle_Balanced_Pool_Superannuation,Listed Equity,FORTUM OYJ,FORTUM FH,BB Ticker,Finland,,,
Lifecycle_Balanced_Pool_Superannuation,Listed Equity,VIRBAC SACA,VIRP FP,BB Ticker,France,,,
Lifecycle_Balanced_Pool_Superannuation,Listed Equity,KINTETSU GROUP HOLDINGS CO. LTD.,9041 JP,BB Ticker,Japan,,,
Lifecycle_Balanced_Pool_Superannuation,Listed Equity,EMBECTA CORP.,EMBC US,BB Ticker,United States,,,
Lifecycle_Balanced_Pool_Superannuation,Listed Equity,"NIHON M&A CENTER HOLDINGS, INC.",2127 JP,BB Ticker,Japan,,,
Lifecycle_Balanced_Pool_Superannuation,Listed Equity,IRB INFRASTRUCTURE DEVELOPERS LTD.,IRB IN,BB Ticker,India,,,
Lifecycle_Balanced_Pool_Superannuation,Listed Equity,KORNIT DIGITAL LTD.,KRNT US,BB Ticker,United States,,,
Lifecycle_Balanced_Pool_Superannuation,Listed Equity,PIGEON CORP.,7956 JP,BB Ticker,Japan,,,
Lifecycle_Balanced_Pool_Superannuation,Listed Equity,ADNOC DRILLING CO. PJSC,ADNOCDRI UH,BB Ticker,United Arab Emirates,,,
Lifecycle_Balanced_Pool_Superannuation,Listed Equity,"CONCENTRA GROUP HOLDINGS PARENT, INC.",CON US,BB Ticker,United States,,,
Lifecycle_Balanced_Pool_Superannuation,Listed Equity,YARA INTERNATIONAL ASA,YAR NO,BB Ticker,Belgium,,,
Lifecycle_Balanced_Pool_Superannuation,Listed Equity,KYUDENKO CORP.,1959 JP,BB Ticker,Japan,,,
Lifecycle_Balanced_Pool_Superannuation,Listed Equity,MAN WAH HOLDINGS LTD.,1999 HK,BB Ticker,Hong Kong,,,
Lifecycle_Balanced_Pool_Superannuation,Listed Equity,CORP. INMOBILIARIA VESTA SAB DE CV,VESTA MM,BB Ticker,Mexico,,,
Lifecycle_Balanced_Pool_Superannuation,Listed Equity,KIMBERLY-CLARK DE MEXICO SAB DE CV,KIMBERA MM,BB Ticker,Mexico,,,
Lifecycle_Balanced_Pool_Superannuation,Listed Equity,CHINA STATE CONSTRUCTION ENGINEERING CORP. LTD.,601668 C1,BB Ticker,China,,,
Lifecycle_Balanced_Pool_Superannuation,Listed Equity,MOL HUNGARIAN OIL & GAS PLC,MOL HB,BB Ticker,Hungary,,,
Lifecycle_Balanced_Pool_Superannuation,Listed Equity,GREAT LAKES DREDGE & DOCK CORP.,GLDD US,BB Ticker,United States,,,
Lifecycle_Balanced_Pool_Superannuation,Listed Equity,"CAMPING WORLD HOLDINGS, INC.",CWH US,BB Ticker,United States,,,
Lifecycle_Balanced_Pool_Superannuation,Listed Equity,"HOKKOKU FINANCIAL HOLDINGS, INC.",7381 JP,BB Ticker,Japan,,,
Lifecycle_Balanced_Pool_Superannuation,Listed Equity,BANCO BRADESCO SA,BBD US,BB Ticker,United States,,,
Lifecycle_Balanced_Pool_Superannuation,Listed Equity,EVOTEC SE,EVT GR,BB Ticker,Germany,,,
Lifecycle_Balanced_Pool_Superannuation,Listed Equity,CIMPRESS PLC,CMPR US,BB Ticker,United States,,,
Lifecycle_Balanced_Pool_Superannuation,Listed Equity,IOI CORP. BHD.,IOI MK,BB Ticker,Malaysia,,,
Lifecycle_Balanced_Pool_Superannuation,Listed Equity,SECTRA AB,SECTB SS,BB Ticker,Sweden,,,
Lifecycle_Balanced_Pool_Superannuation,Listed Equity,"PROGYNY, INC.",PGNY US,BB Ticker,United States,,,
Lifecycle_Balanced_Pool_Superannuation,Listed Equity,ALONY HETZ PROPERTIES & INVESTMENTS LTD.,ALHE IT,BB Ticker,Israel,,,
Lifecycle_Balanced_Pool_Superannuation,Listed Equity,"PROTAGONIST THERAPEUTICS, INC.",PTGX US,BB Ticker,United States,,,
Lifecycle_Balanced_Pool_Superannuation,Listed Equity,"BROOKLINE BANCORP, INC.",BRKL US,BB Ticker,United States,,,
Lifecycle_Balanced_Pool_Superannuation,Listed Equity,MELCO RESORTS & ENTERTAINMENT LTD.,MLCO US,BB Ticker,United States,,,
Lifecycle_Balanced_Pool_Superannuation,Listed Equity,"WHITECAP RESOURCES, INC.",WCP CN,BB Ticker,Canada,,,
Lifecycle_Balanced_Pool_Superannuation,Listed Equity,PEPCO GROUP NV,PCO PW,BB Ticker,Poland,,,
Lifecycle_Balanced_Pool_Superannuation,Listed Equity,TRIPLE FLAG PRECIOUS METALS CORP.,TFPM US,BB Ticker,United States,,,
Lifecycle_Balanced_Pool_Superannuation,Listed Equity,"XENCOR, INC.",XNCR US,BB Ticker,United States,,,
Lifecycle_Balanced_Pool_Superannuation,Listed Equity,CHINASOFT INTERNATIONAL LTD.,354 HK,BB Ticker,Hong Kong,,,
Lifecycle_Balanced_Pool_Superannuation,Listed Equity,SANGETSU CORP.,8130 JP,BB Ticker,Japan,,,
Lifecycle_Balanced_Pool_Superannuation,Listed Equity,KRUK SA,KRU PW,BB Ticker,Poland,,,
Lifecycle_Balanced_Pool_Superannuation,Listed Equity,MAGNERA CORP.,MAGN US,BB Ticker,United States,,,
Lifecycle_Balanced_Pool_Superannuation,Listed Equity,"GT CAPITAL HOLDINGS, INC.",GTCAP PM,BB Ticker,Philippines,,,
Lifecycle_Balanced_Pool_Superannuation,Listed Equity,CENTRAL RETAIL CORP. PCL,CRCF TB,BB Ticker,Thailand,,,
Lifecycle_Balanced_Pool_Superannuation,Listed Equity,SUMITOMO BAKELITE CO. LTD.,4203 JP,BB Ticker,Japan,,,
Lifecycle_Balanced_Pool_Superannuation,Listed Equity,BLUE SQUARE REAL ESTATE LTD.,BLSR IT,BB Ticker,Israel,,,
Lifecycle_Balanced_Pool_Superannuation,Listed Equity,"INTAPP, INC.",INTA US,BB Ticker,United States,,,
Lifecycle_Balanced_Pool_Superannuation,Listed Equity,VITASOY INTERNATIONAL HOLDINGS LTD.,345 HK,BB Ticker,Hong Kong,,,
Lifecycle_Balanced_Pool_Superannuation,Listed Equity,"PAPA JOHN'S INTERNATIONAL, INC.",PZZA US,BB Ticker,United States,,,
Lifecycle_Balanced_Pool_Superannuation,Listed Equity,SANY HEAVY EQUIPMENT INTERNATIONAL HOLDINGS CO. LTD.,631 HK,BB Ticker,Hong Kong,,,
Lifecycle_Balanced_Pool_Superannuation,Listed Equity,DEUTSCHE PFANDBRIEFBANK AG,PBB GR,BB Ticker,Germany,,,
Lifecycle_Balanced_Pool_Superannuation,Listed Equity,BRAVIDA HOLDING AB,BRAV SS,BB Ticker,Sweden,,,
Lifecycle_Balanced_Pool_Superannuation,Listed Equity,ALGONQUIN POWER & UTILITIES CORP.,AQN CN,BB Ticker,Canada,,,
Lifecycle_Balanced_Pool_Superannuation,Listed Equity,"KB FINANCIAL GROUP, INC.",KB US,BB Ticker,United States,,,
Lifecycle_Balanced_Pool_Superannuation,Listed Equity,GALAPAGOS NV,GLPG NA,BB Ticker,Netherlands,,,
Lifecycle_Balanced_Pool_Superannuation,Listed Equity,NIPPON SHINYAKU CO. LTD.,4516 JP,BB Ticker,Japan,,,
Lifecycle_Balanced_Pool_Superannuation,Listed Equity,SABRE CORP.,SABR US,BB Ticker,United States,,,
Lifecycle_Balanced_Pool_Superannuation,Listed Equity,ALDREES PETROLEUM & TRANSPORT SERVICES CO.,ALDREES AB,BB Ticker,Saudi Arabia,,,
Lifecycle_Balanced_Pool_Superannuation,Listed Equity,AMBER ENTERPRISES INDIA LTD.,AMBER IN,BB Ticker,India,,,
Lifecycle_Balanced_Pool_Superannuation,Listed Equity,GCL TECHNOLOGY HOLDINGS LTD.,3800 HK,BB Ticker,Hong Kong,,,
Lifecycle_Balanced_Pool_Superannuation,Listed Equity,GROCERY OUTLET HOLDING CORP.,GO US,BB Ticker,United States,,,
Lifecycle_Balanced_Pool_Superannuation,Listed Equity,"COHU, INC.",COHU US,BB Ticker,United States,,,
Lifecycle_Balanced_Pool_Superannuation,Listed Equity,GANFENG LITHIUM GROUP CO. LTD.,002460 C2,BB Ticker,China,,,
Lifecycle_Balanced_Pool_Superannuation,Listed Equity,VOLKSWAGEN AG,VWAGY US,BB Ticker,United States,,,
Lifecycle_Balanced_Pool_Superannuation,Listed Equity,UNO MINDA LTD.,UNOMINDA IN,BB Ticker,India,,,
Lifecycle_Balanced_Pool_Superannuation,Listed Equity,BLACK CAT SYNDICATE LTD.,BC8 AU,BB Ticker,Australia,,,
Lifecycle_Balanced_Pool_Superannuation,Listed Equity,BANCO COMERCIAL PORTUGUES SA,BCP PL,BB Ticker,Portugal,,,
Lifecycle_Balanced_Pool_Superannuation,Listed Equity,GNI GROUP LTD.,2160 JP,BB Ticker,Japan,,,
Lifecycle_Balanced_Pool_Superannuation,Listed Equity,HITE JINRO CO. LTD.,000080 KS,BB Ticker,South Korea,,,
Lifecycle_Balanced_Pool_Superannuation,Listed Equity,"KURA SUSHI, INC.",2695 JP,BB Ticker,Japan,,,
Lifecycle_Balanced_Pool_Superannuation,Listed Equity,"PEDIATRIX MEDICAL GROUP, INC.",MD US,BB Ticker,United States,,,
Lifecycle_Balanced_Pool_Superannuation,Listed Equity,YPSOMED HOLDING AG,YPSN SW,BB Ticker,Switzerland,,,
Lifecycle_Balanced_Pool_Superannuation,Listed Equity,"DNOW, INC.",DNOW US,BB Ticker,United States,,,
Lifecycle_Balanced_Pool_Superannuation,Listed Equity,OSISKO GOLD ROYALTIES LTD.,OR US,BB Ticker,United States,,,
Lifecycle_Balanced_Pool_Superannuation,Listed Equity,MEGASTUDYEDU CO. LTD.,215200 KS,BB Ticker,South Korea,,,
Lifecycle_Balanced_Pool_Superannuation,Listed Equity,DAETWYLER HOLDING AG,DAE SW,BB Ticker,Switzerland,,,
Lifecycle_Balanced_Pool_Superannuation,Listed Equity,YOUNGOR FASHION CO. LTD.,600177 C1,BB Ticker,China,,,
Lifecycle_Balanced_Pool_Superannuation,Listed Equity,JENOPTIK AG,JEN GR,BB Ticker,Germany,,,
Lifecycle_Balanced_Pool_Superannuation,Listed Equity,BARCO NV,BAR BB,BB Ticker,Belgium,,,
Lifecycle_Balanced_Pool_Superannuation,Listed Equity,"CELLDEX THERAPEUTICS, INC.",CLDX US,BB Ticker,United States,,,
Lifecycle_Balanced_Pool_Superannuation,Listed Equity,GALAXY SURFACTANTS LTD.,GALSURF IN,BB Ticker,India,,,
Lifecycle_Balanced_Pool_Superannuation,Listed Equity,GRUPA KETY SA,KTY PW,BB Ticker,Poland,,,
Lifecycle_Balanced_Pool_Superannuation,Listed Equity,VIAD CORP.,VVI US,BB Ticker,United States,,,
Lifecycle_Balanced_Pool_Superannuation,Listed Equity,BIRCHCLIFF ENERGY LTD.,BIR CN,BB Ticker,Canada,,,
Lifecycle_Balanced_Pool_Superannuation,Listed Equity,RAKUS CO. LTD.,3923 JP,BB Ticker,Japan,,,
Lifecycle_Balanced_Pool_Superannuation,Listed Equity,CHONGQING CHANGAN AUTOMOBILE CO. LTD.,000625 C2,BB Ticker,China,,,
Lifecycle_Balanced_Pool_Superannuation,Listed Equity,FEVERTREE DRINKS PLC,FEVR LN,BB Ticker,United Kingdom,,,
Lifecycle_Balanced_Pool_Superannuation,Listed Equity,NGK INSULATORS LTD.,5333 JP,BB Ticker,Japan,,,
Lifecycle_Balanced_Pool_Superannuation,Listed Equity,GRAND CITY PROPERTIES SA,GYC GR,BB Ticker,Germany,,,
Lifecycle_Balanced_Pool_Superannuation,Listed Equity,JUNGHEINRICH AG,JUN3 GR,BB Ticker,Germany,,,
Lifecycle_Balanced_Pool_Superannuation,Listed Equity,AEKYUNG INDUSTRIAL CO. LTD.,018250 KS,BB Ticker,South Korea,,,
Lifecycle_Balanced_Pool_Superannuation,Listed Equity,SONATA SOFTWARE LTD.,SSOF IN,BB Ticker,India,,,
Lifecycle_Balanced_Pool_Superannuation,Listed Equity,IFLYTEK CO. LTD.,002230 C2,BB Ticker,China,,,
Lifecycle_Balanced_Pool_Superannuation,Listed Equity,JUVENTUS FOOTBALL CLUB SPA,JUVE IM,BB Ticker,Italy,,,
Lifecycle_Balanced_Pool_Superannuation,Listed Equity,TALAAT MOUSTAFA GROUP,TMGH EY,BB Ticker,Egypt,,,
Lifecycle_Balanced_Pool_Superannuation,Listed Equity,SOBHA LTD.,SOBHA IN,BB Ticker,India,,,
Lifecycle_Balanced_Pool_Superannuation,Listed Equity,MAKALOT INDUSTRIAL CO. LTD.,1477 TT,BB Ticker,Taiwan,,,
Lifecycle_Balanced_Pool_Superannuation,Listed Equity,SUBSEA 7 SA,SUBC NO,BB Ticker,Belgium,,,
Lifecycle_Balanced_Pool_Superannuation,Listed Equity,"FRANKLIN ELECTRIC CO., INC.",FELE US,BB Ticker,United States,,,
Lifecycle_Balanced_Pool_Superannuation,Listed Equity,SUNRISE COMMUNICATIONS AG,SNRE US,BB Ticker,United States,,,
Lifecycle_Balanced_Pool_Superannuation,Listed Equity,"LIVE OAK BANCSHARES, INC.",LOB US,BB Ticker,United States,,,
Lifecycle_Balanced_Pool_Superannuation,Listed Equity,MIPS AB,MIPS SS,BB Ticker,Sweden,,,
Lifecycle_Balanced_Pool_Superannuation,Listed Equity,"OWENS & MINOR, INC.",OMI US,BB Ticker,United States,,,
Lifecycle_Balanced_Pool_Superannuation,Listed Equity,CP AXTRA PCL,CPAXTF TB,BB Ticker,Thailand,,,
Lifecycle_Balanced_Pool_Superannuation,Listed Equity,MR. DIY GROUP M BHD.,MRDIY MK,BB Ticker,Malaysia,,,
Lifecycle_Balanced_Pool_Superannuation,Listed Equity,AAR CORP.,AIR US,BB Ticker,United States,,,
Lifecycle_Balanced_Pool_Superannuation,Listed Equity,ZHEN DING TECHNOLOGY HOLDING LTD.,4958 TT,BB Ticker,Taiwan,,,
Lifecycle_Balanced_Pool_Superannuation,Listed Equity,CI FINANCIAL CORP.,CIX CN,BB Ticker,Canada,,,
Lifecycle_Balanced_Pool_Superannuation,Listed Equity,"HARMONIC, INC.",HLIT US,BB Ticker,United States,,,
Lifecycle_Balanced_Pool_Superannuation,Listed Equity,HYSAN DEVELOPMENT CO. LTD.,14 HK,BB Ticker,Hong Kong,,,
Lifecycle_Balanced_Pool_Superannuation,Listed Equity,KINTETSU DEPARTMENT STORE CO. LTD.,8244 JP,BB Ticker,Japan,,,
Lifecycle_Balanced_Pool_Superannuation,Listed Equity,FOCUS MEDIA INFORMATION TECHNOLOGY CO. LTD.,002027 C2,BB Ticker,China,,,
Lifecycle_Balanced_Pool_Superannuation,Listed Equity,SPHERE ENTERTAINMENT CO.,SPHR US,BB Ticker,United States,,,
Lifecycle_Balanced_Pool_Superannuation,Listed Equity,CVS GROUP PLC,CVSG LN,BB Ticker,United Kingdom,,,
Lifecycle_Balanced_Pool_Superannuation,Listed Equity,"TBS HOLDINGS, INC.",9401 JP,BB Ticker,Japan,,,
Lifecycle_Balanced_Pool_Superannuation,Listed Equity,BAJAJ HOLDINGS & INVESTMENT LTD.,BJHI IN,BB Ticker,India,,,
Lifecycle_Balanced_Pool_Superannuation,Listed Equity,"PACIRA BIOSCIENCES, INC.",PCRX US,BB Ticker,United States,,,
Lifecycle_Balanced_Pool_Superannuation,Listed Equity,VICOR CORP.,VICR US,BB Ticker,United States,,,
Lifecycle_Balanced_Pool_Superannuation,Listed Equity,REGIONAL SAB DE CV,RA MM,BB Ticker,Mexico,,,
Lifecycle_Balanced_Pool_Superannuation,Listed Equity,KANEMATSU CORP.,8020 JP,BB Ticker,Japan,,,
Lifecycle_Balanced_Pool_Superannuation,Listed Equity,DR. MARTENS PLC,DOCS LN,BB Ticker,United Kingdom,,,
Lifecycle_Balanced_Pool_Superannuation,Listed Equity,CANCOM SE,COK GR,BB Ticker,Germany,,,
Lifecycle_Balanced_Pool_Superannuation,Listed Equity,DUERR AG,DUE GR,BB Ticker,Germany,,,
Lifecycle_Balanced_Pool_Superannuation,Listed Equity,"PROTO LABS, INC.",PRLB US,BB Ticker,United States,,,
Lifecycle_Balanced_Pool_Superannuation,Listed Equity,AVISTA CORP.,AVA US,BB Ticker,United States,,,
Lifecycle_Balanced_Pool_Superannuation,Listed Equity,PROSIEBENSAT.1 MEDIA SE,PSM GR,BB Ticker,Germany,,,
Lifecycle_Balanced_Pool_Superannuation,Listed Equity,HEIWA CORP.,6412 JP,BB Ticker,Japan,,,
Lifecycle_Balanced_Pool_Superannuation,Listed Equity,CEMBRA MONEY BANK AG,CMBN SW,BB Ticker,Switzerland,,,
Lifecycle_Balanced_Pool_Superannuation,Listed Equity,SUNGROW POWER SUPPLY CO. LTD.,300274 C2,BB Ticker,China,,,
Lifecycle_Balanced_Pool_Superannuation,Listed Equity,CHINA CONCH VENTURE HOLDINGS LTD.,586 HK,BB Ticker,Hong Kong,,,
Lifecycle_Balanced_Pool_Superannuation,Listed Equity,"NMI HOLDINGS, INC.",NMIH US,BB Ticker,United States,,,
Lifecycle_Balanced_Pool_Superannuation,Listed Equity,ALLFUNDS GROUP PLC,ALLFG NA,BB Ticker,Netherlands,,,
Lifecycle_Balanced_Pool_Superannuation,Listed Equity,"HEARTLAND EXPRESS, INC.",HTLD US,BB Ticker,United States,,,
Lifecycle_Balanced_Pool_Superannuation,Listed Equity,YANGZIJIANG FINANCIAL HOLDING LTD.,YZJFH SP,BB Ticker,Singapore,,,
Lifecycle_Balanced_Pool_Superannuation,Listed Equity,KAINOS GROUP PLC,KNOS LN,BB Ticker,United Kingdom,,,
Lifecycle_Balanced_Pool_Superannuation,Listed Equity,"SOLAREDGE TECHNOLOGIES, INC.",SEDG US,BB Ticker,United States,,,
Lifecycle_Balanced_Pool_Superannuation,Listed Equity,FIVERR INTERNATIONAL LTD.,FVRR US,BB Ticker,United States,,,
Lifecycle_Balanced_Pool_Superannuation,Listed Equity,SANSHIN ELECTRONICS CO. LTD.,8150 JP,BB Ticker,Japan,,,
Lifecycle_Balanced_Pool_Superannuation,Listed Equity,GB GROUP PLC,GBG LN,BB Ticker,United Kingdom,,,
Lifecycle_Balanced_Pool_Superannuation,Listed Equity,"NAKANISHI, INC.",7716 JP,BB Ticker,Japan,,,
Lifecycle_Balanced_Pool_Superannuation,Listed Equity,YANBU NATIONAL PETROCHEMICAL CO.,YANSAB AB,BB Ticker,Saudi Arabia,,,
Lifecycle_Balanced_Pool_Superannuation,Listed Equity,WENS FOODSTUFF GROUP CO. LTD.,300498 C2,BB Ticker,China,,,
Lifecycle_Balanced_Pool_Superannuation,Listed Equity,CAREL INDUSTRIES SPA,CRL IM,BB Ticker,Italy,,,
Lifecycle_Balanced_Pool_Superannuation,Listed Equity,CEZ AS,CEZ CP,BB Ticker,Czech Republic,,,
Lifecycle_Balanced_Pool_Superannuation,Listed Equity,ANHUI GUJING DISTILLERY CO. LTD.,000596 C2,BB Ticker,China,,,
Lifecycle_Balanced_Pool_Superannuation,Listed Equity,TAKEUCHI MANUFACTURING CO. LTD.,6432 JP,BB Ticker,Japan,,,
Lifecycle_Balanced_Pool_Superannuation,Listed Equity,FORMULA SYSTEMS 1985 LTD.,FORTY IT,BB Ticker,Israel,,,
Lifecycle_Balanced_Pool_Superannuation,Listed Equity,STAAR SURGICAL CO.,STAA US,BB Ticker,United States,,,
Lifecycle_Balanced_Pool_Superannuation,Listed Equity,AIER EYE HOSPITAL GROUP CO. LTD.,300015 C2,BB Ticker,China,,,
Lifecycle_Balanced_Pool_Superannuation,Listed Equity,HANKOOK TIRE & TECHNOLOGY CO. LTD.,161390 KS,BB Ticker,South Korea,,,
Lifecycle_Balanced_Pool_Superannuation,Listed Equity,GRAHAM HOLDINGS CO.,GHC US,BB Ticker,United States,,,
Lifecycle_Balanced_Pool_Superannuation,Listed Equity,POLY DEVELOPMENTS & HOLDINGS GROUP CO. LTD.,600048 C1,BB Ticker,China,,,
Lifecycle_Balanced_Pool_Superannuation,Listed Equity,CLAL INSURANCE ENTERPRISES HOLDINGS LTD.,CLIS IT,BB Ticker,Israel,,,
Lifecycle_Balanced_Pool_Superannuation,Listed Equity,BIRCHCLIFF ENERGY LTD.,BIREF US,BB Ticker,United States,,,
Lifecycle_Balanced_Pool_Superannuation,Listed Equity,FP CORP.,7947 JP,BB Ticker,Japan,,,
Lifecycle_Balanced_Pool_Superannuation,Listed Equity,SUPALAI PCL,SPALIF TB,BB Ticker,Thailand,,,
Lifecycle_Balanced_Pool_Superannuation,Listed Equity,STANDARD CHARTERED PLC,2888 HK,BB Ticker,Hong Kong,,,
Lifecycle_Balanced_Pool_Superannuation,Listed Equity,"GOLDWIN, INC.",8111 JP,BB Ticker,Japan,,,
Lifecycle_Balanced_Pool_Superannuation,Listed Equity,"IMMUNOVANT, INC.",IMVT US,BB Ticker,United States,,,
Lifecycle_Balanced_Pool_Superannuation,Listed Equity,NSD CO. LTD.,9759 JP,BB Ticker,Japan,,,
Lifecycle_Balanced_Pool_Superannuation,Listed Equity,SUNWAY BHD.,SWB MK,BB Ticker,Malaysia,,,
Lifecycle_Balanced_Pool_Superannuation,Listed Equity,UNIVERSAL ROBINA CORP.,URC PM,BB Ticker,Philippines,,,
Lifecycle_Balanced_Pool_Superannuation,Listed Equity,QT GROUP OYJ,QTCOM FH,BB Ticker,Finland,,,
Lifecycle_Balanced_Pool_Superannuation,Listed Equity,ELECOM CO. LTD.,6750 JP,BB Ticker,Japan,,,
Lifecycle_Balanced_Pool_Superannuation,Listed Equity,FUJITSU GENERAL LTD.,6755 JP,BB Ticker,Japan,,,
Lifecycle_Balanced_Pool_Superannuation,Listed Equity,GENTING BHD.,GENT MK,BB Ticker,Malaysia,,,
Lifecycle_Balanced_Pool_Superannuation,Listed Equity,CHAROEN POKPHAND FOODS PCL,CPFF TB,BB Ticker,Thailand,,,
Lifecycle_Balanced_Pool_Superannuation,Listed Equity,RAKUTEN BANK LTD.,5838 JP,BB Ticker,Japan,,,
Lifecycle_Balanced_Pool_Superannuation,Listed Equity,"MEITU, INC.",1357 HK,BB Ticker,Hong Kong,,,
Lifecycle_Balanced_Pool_Superannuation,Listed Equity,MARSHALLS PLC,MSLH LN,BB Ticker,United Kingdom,,,
Lifecycle_Balanced_Pool_Superannuation,Listed Equity,RLI CORP.,RLI US,BB Ticker,United States,,,
Lifecycle_Balanced_Pool_Superannuation,Listed Equity,LION CORP.,4912 JP,BB Ticker,Japan,,,
Lifecycle_Balanced_Pool_Superannuation,Listed Equity,BASIC-FIT NV,BFIT NA,BB Ticker,Netherlands,,,
Lifecycle_Balanced_Pool_Superannuation,Listed Equity,"ENOVA INTERNATIONAL, INC.",ENVA US,BB Ticker,United States,,,
Lifecycle_Balanced_Pool_Superannuation,Listed Equity,"KELLY SERVICES, INC.",KELYA US,BB Ticker,United States,,,
Lifecycle_Balanced_Pool_Superannuation,Listed Equity,JIANGSU YANGHE DISTILLERY CO. LTD.,002304 C2,BB Ticker,China,,,
Lifecycle_Balanced_Pool_Superannuation,Listed Equity,"CHEESECAKE FACTORY, INC.",CAKE US,BB Ticker,United States,,,
Lifecycle_Balanced_Pool_Superannuation,Listed Equity,THK CO. LTD.,6481 JP,BB Ticker,Japan,,,
Lifecycle_Balanced_Pool_Superannuation,Listed Equity,"PDF SOLUTIONS, INC.",PDFS US,BB Ticker,United States,,,
Lifecycle_Balanced_Pool_Superannuation,Listed Equity,MIGDAL INSURANCE & FINANCIAL HOLDINGS LTD.,MGDL IT,BB Ticker,Israel,,,
Lifecycle_Balanced_Pool_Superannuation,Listed Equity,SIXT SE,SIX3 GR,BB Ticker,Germany,,,
Lifecycle_Balanced_Pool_Superannuation,Listed Equity,PRAJ INDUSTRIES LTD.,PRJ IN,BB Ticker,India,,,
Lifecycle_Balanced_Pool_Superannuation,Listed Equity,NAN YA PLASTICS CORP.,1303 TT,BB Ticker,Taiwan,,,
Lifecycle_Balanced_Pool_Superannuation,Listed Equity,CHINA RAILWAY GROUP LTD.,390 HK,BB Ticker,Hong Kong,,,
Lifecycle_Balanced_Pool_Superannuation,Listed Equity,QUALITAS CONTROLADORA SAB DE CV,Q MM,BB Ticker,Mexico,,,
Lifecycle_Balanced_Pool_Superannuation,Listed Equity,SUMITOMO PHARMA CO. LTD.,4506 JP,BB Ticker,Japan,,,
Lifecycle_Balanced_Pool_Superannuation,Listed Equity,KGHM POLSKA MIEDZ SA,KGH PW,BB Ticker,Poland,,,
Lifecycle_Balanced_Pool_Superannuation,Listed Equity,ORIENT OVERSEAS INTERNATIONAL LTD.,316 HK,BB Ticker,Hong Kong,,,
Lifecycle_Balanced_Pool_Superannuation,Listed Equity,LEGEND UPSTAR HOLDINGS LTD.,459 HK,BB Ticker,Hong Kong,,,
Lifecycle_Balanced_Pool_Superannuation,Listed Equity,"NATIONAL VISION HOLDINGS, INC.",EYE US,BB Ticker,United States,,,
Lifecycle_Balanced_Pool_Superannuation,Listed Equity,JINDAL STEEL & POWER LTD.,JSP IN,BB Ticker,India,,,
Lifecycle_Balanced_Pool_Superannuation,Listed Equity,CHINA TOURISM GROUP DUTY FREE CORP. LTD.,601888 C1,BB Ticker,China,,,
Lifecycle_Balanced_Pool_Superannuation,Listed Equity,"NCINO, INC.",NCNO US,BB Ticker,United States,,,
Lifecycle_Balanced_Pool_Superannuation,Listed Equity,BRIGADE ENTERPRISES LTD.,BRGD IN,BB Ticker,India,,,
Lifecycle_Balanced_Pool_Superannuation,Listed Equity,"MALIBU BOATS, INC.",MBUU US,BB Ticker,United States,,,
Lifecycle_Balanced_Pool_Superannuation,Listed Equity,"DIGITAL GARAGE, INC.",4819 JP,BB Ticker,Japan,,,
Lifecycle_Balanced_Pool_Superannuation,Listed Equity,"SIGA TECHNOLOGIES, INC.",SIGA US,BB Ticker,United States,,,
Lifecycle_Balanced_Pool_Superannuation,Listed Equity,FUJITSU LTD.,FJTSY US,BB Ticker,United States,,,
Lifecycle_Balanced_Pool_Superannuation,Listed Equity,"MRC GLOBAL, INC.",MRC US,BB Ticker,United States,,,
Lifecycle_Balanced_Pool_Superannuation,Listed Equity,GRUPO COMERCIAL CHEDRAUI SA DE CV,CHDRAUIB MM,BB Ticker,Mexico,,,
Lifecycle_Balanced_Pool_Superannuation,Listed Equity,"PROS HOLDINGS, INC.",PRO US,BB Ticker,United States,,,
Lifecycle_Balanced_Pool_Superannuation,Listed Equity,GERDAU SA,GGBR4 BZ,BB Ticker,Brazil,,,
Lifecycle_Balanced_Pool_Superannuation,Listed Equity,INFRASTRUTTURE WIRELESS ITALIANE SPA,INW IM,BB Ticker,Italy,,,
Lifecycle_Balanced_Pool_Superannuation,Listed Equity,"PSK, INC.",319660 KS,BB Ticker,South Korea,,,
Lifecycle_Balanced_Pool_Superannuation,Listed Equity,AUO CORP.,2409 TT,BB Ticker,Taiwan,,,
Lifecycle_Balanced_Pool_Superannuation,Listed Equity,HUTCHMED CHINA LTD.,13 HK,BB Ticker,Hong Kong,,,
Lifecycle_Balanced_Pool_Superannuation,Listed Equity,"HELLO GROUP, INC.",MOMO US,BB Ticker,United States,,,
Lifecycle_Balanced_Pool_Superannuation,Listed Equity,EVE ENERGY CO. LTD.,300014 C2,BB Ticker,China,,,
Lifecycle_Balanced_Pool_Superannuation,Listed Equity,YAMAZAKI BAKING CO. LTD.,2212 JP,BB Ticker,Japan,,,
Lifecycle_Balanced_Pool_Superannuation,Listed Equity,ALFA SAB DE CV,ALFAA MM,BB Ticker,Mexico,,,
Lifecycle_Balanced_Pool_Superannuation,Listed Equity,"3SBIO, INC.",1530 HK,BB Ticker,Hong Kong,,,
Lifecycle_Balanced_Pool_Superannuation,Listed Equity,AIC MINES LTD.,A1M AU,BB Ticker,Australia,,,
Lifecycle_Balanced_Pool_Superannuation,Listed Equity,"BEAM THERAPEUTICS, INC.",BEAM US,BB Ticker,United States,,,
Lifecycle_Balanced_Pool_Superannuation,Listed Equity,ZEE ENTERTAINMENT ENTERPRISES LTD.,Z IN,BB Ticker,India,,,
Lifecycle_Balanced_Pool_Superannuation,Listed Equity,GENTERA SAB DE CV,GENTERA MM,BB Ticker,Mexico,,,
Lifecycle_Balanced_Pool_Superannuation,Listed Equity,PLEXUS CORP.,PLXS US,BB Ticker,United States,,,
Lifecycle_Balanced_Pool_Superannuation,Listed Equity,STABILUS SE,STM GR,BB Ticker,Germany,,,
Lifecycle_Balanced_Pool_Superannuation,Listed Equity,"OCEANPAL, INC.",OP US,BB Ticker,United States,,,
Lifecycle_Balanced_Pool_Superannuation,Listed Equity,BANK OF CHINA LTD.,601988 C1,BB Ticker,China,,,
Lifecycle_Balanced_Pool_Superannuation,Listed Equity,SHANGHAI ELECTRIC GROUP CO. LTD.,601727 C1,BB Ticker,China,,,
Lifecycle_Balanced_Pool_Superannuation,Listed Equity,"RED ROCK RESORTS, INC.",RRR US,BB Ticker,United States,,,
Lifecycle_Balanced_Pool_Superannuation,Listed Equity,REDINGTON LTD.,REDI IN,BB Ticker,India,,,
Lifecycle_Balanced_Pool_Superannuation,Listed Equity,"AZZ, INC.",AZZ US,BB Ticker,United States,,,
Lifecycle_Balanced_Pool_Superannuation,Listed Equity,SOFTWAREONE HOLDING AG,SWON SW,BB Ticker,Switzerland,,,
Lifecycle_Balanced_Pool_Superannuation,Listed Equity,LEARNING TECHNOLOGIES GROUP PLC,LTG LN,BB Ticker,United Kingdom,,,
Lifecycle_Balanced_Pool_Superannuation,Listed Equity,"PAGERDUTY, INC.",PD US,BB Ticker,United States,,,
Lifecycle_Balanced_Pool_Superannuation,Listed Equity,SAMYANG FOODS CO. LTD.,003230 KS,BB Ticker,South Korea,,,
Lifecycle_Balanced_Pool_Superannuation,Listed Equity,TRIPOD TECHNOLOGY CORP.,3044 TT,BB Ticker,Taiwan,,,
Lifecycle_Balanced_Pool_Superannuation,Listed Equity,PRESS METAL ALUMINIUM HOLDINGS BHD.,PMAH MK,BB Ticker,Malaysia,,,
Lifecycle_Balanced_Pool_Superannuation,Listed Equity,"SHUTTERSTOCK, INC.",SSTK US,BB Ticker,United States,,,
Lifecycle_Balanced_Pool_Superannuation,Listed Equity,"AIR WATER, INC.",4088 JP,BB Ticker,Japan,,,
Lifecycle_Balanced_Pool_Superannuation,Listed Equity,"MARAVAI LIFESCIENCES HOLDINGS, INC.",MRVI US,BB Ticker,United States,,,
Lifecycle_Balanced_Pool_Superannuation,Listed Equity,OCEANFIRST FINANCIAL CORP.,OCFC US,BB Ticker,United States,,,
Lifecycle_Balanced_Pool_Superannuation,Listed Equity,"INTELLIA THERAPEUTICS, INC.",NTLA US,BB Ticker,United States,,,
Lifecycle_Balanced_Pool_Superannuation,Listed Equity,SHREE CEMENT LTD.,SRCM IN,BB Ticker,India,,,
Lifecycle_Balanced_Pool_Superannuation,Listed Equity,AECC AVIATION POWER CO. LTD.,600893 C1,BB Ticker,China,,,
Lifecycle_Balanced_Pool_Superannuation,Listed Equity,AP THAILAND PCL,APF TB,BB Ticker,Thailand,,,
Lifecycle_Balanced_Pool_Superannuation,Listed Equity,RWS HOLDINGS PLC,RWS LN,BB Ticker,United Kingdom,,,
Lifecycle_Balanced_Pool_Superannuation,Listed Equity,PETRONAS CHEMICALS GROUP BHD.,PCHEM MK,BB Ticker,Malaysia,,,
Lifecycle_Balanced_Pool_Superannuation,Listed Equity,ZIM INTEGRATED SHIPPING SERVICES LTD.,ZIM US,BB Ticker,United States,,,
Lifecycle_Balanced_Pool_Superannuation,Listed Equity,BANCO SANTANDER BRASIL SA,BSBR US,BB Ticker,United States,,,
Lifecycle_Balanced_Pool_Superannuation,Listed Equity,REDFIN CORP.,RDFN US,BB Ticker,United States,,,
Lifecycle_Balanced_Pool_Superannuation,Listed Equity,LUK FOOK HOLDINGS INTERNATIONAL LTD.,590 HK,BB Ticker,Hong Kong,,,
Lifecycle_Balanced_Pool_Superannuation,Listed Equity,INDUSTRIAS PENOLES SAB DE CV,PE&OLES MM,BB Ticker,Mexico,,,
Lifecycle_Balanced_Pool_Superannuation,Listed Equity,TOPGOLF CALLAWAY BRANDS CORP.,MODG US,BB Ticker,United States,,,
Lifecycle_Balanced_Pool_Superannuation,Listed Equity,"CERTARA, INC.",CERT US,BB Ticker,United States,,,
Lifecycle_Balanced_Pool_Superannuation,Listed Equity,AMATA CORP. PCL,AMATAF TB,BB Ticker,Thailand,,,
Lifecycle_Balanced_Pool_Superannuation,Listed Equity,GRINDWELL NORTON LTD.,GWN IN,BB Ticker,India,,,
Lifecycle_Balanced_Pool_Superannuation,Listed Equity,"NV5 GLOBAL, INC.",NVEE US,BB Ticker,United States,,,
Lifecycle_Balanced_Pool_Superannuation,Listed Equity,LIBERTY BROADBAND CORP.,LBRDA US,BB Ticker,United States,,,
Lifecycle_Balanced_Pool_Superannuation,Listed Equity,SASOL LTD.,SOL SJ,BB Ticker,South Africa,,,
Lifecycle_Balanced_Pool_Superannuation,Listed Equity,MDA SPACE LTD.,MDA CN,BB Ticker,Canada,,,
Lifecycle_Balanced_Pool_Superannuation,Listed Equity,"HAIN CELESTIAL GROUP, INC.",HAIN US,BB Ticker,United States,,,
Lifecycle_Balanced_Pool_Superannuation,Listed Equity,MRF LTD.,MRF IN,BB Ticker,India,,,
Lifecycle_Balanced_Pool_Superannuation,Listed Equity,INFICON HOLDING AG,IFCN SW,BB Ticker,Switzerland,,,
Lifecycle_Balanced_Pool_Superannuation,Listed Equity,ZHEJIANG JUHUA CO. LTD.,600160 C1,BB Ticker,China,,,
Lifecycle_Balanced_Pool_Superannuation,Listed Equity,EMPRESA NACIONAL DE TELECOMUNICACIONES SA,ENTEL CI,BB Ticker,Chile,,,
Lifecycle_Balanced_Pool_Superannuation,Listed Equity,DR. LAL PATHLABS LTD.,DLPL IN,BB Ticker,India,,,
Lifecycle_Balanced_Pool_Superannuation,Listed Equity,GENOMMA LAB INTERNACIONAL SAB DE CV,LABB MM,BB Ticker,Mexico,,,
Lifecycle_Balanced_Pool_Superannuation,Listed Equity,MUYUAN FOODS CO. LTD.,002714 C2,BB Ticker,China,,,
Lifecycle_Balanced_Pool_Superannuation,Listed Equity,ADAPTHEALTH CORP.,AHCO US,BB Ticker,United States,,,
Lifecycle_Balanced_Pool_Superannuation,Listed Equity,BAYTEX ENERGY CORP.,BTE US,BB Ticker,United States,,,
Lifecycle_Balanced_Pool_Superannuation,Listed Equity,"EXP WORLD HOLDINGS, INC.",EXPI US,BB Ticker,United States,,,
Lifecycle_Balanced_Pool_Superannuation,Listed Equity,KRUNGTHAI CARD PCL,KTCF TB,BB Ticker,Thailand,,,
Lifecycle_Balanced_Pool_Superannuation,Listed Equity,ACCO BRANDS CORP.,ACCO US,BB Ticker,United States,,,
Lifecycle_Balanced_Pool_Superannuation,Listed Equity,"OPKO HEALTH, INC.",OPK US,BB Ticker,United States,,,
Lifecycle_Balanced_Pool_Superannuation,Listed Equity,TRUSTMARK CORP.,TRMK US,BB Ticker,United States,,,
Lifecycle_Balanced_Pool_Superannuation,Listed Equity,TS TECH CO. LTD.,7313 JP,BB Ticker,Japan,,,
Lifecycle_Balanced_Pool_Superannuation,Listed Equity,SINTOKOGIO LTD.,6339 JP,BB Ticker,Japan,,,
Lifecycle_Balanced_Pool_Superannuation,Listed Equity,ELECTRIC POWER DEVELOPMENT CO. LTD.,9513 JP,BB Ticker,Japan,,,
Lifecycle_Balanced_Pool_Superannuation,Listed Equity,SUMITOMO RUBBER INDUSTRIES LTD.,5110 JP,BB Ticker,Japan,,,
Lifecycle_Balanced_Pool_Superannuation,Listed Equity,OBIC BUSINESS CONSULTANTS CO. LTD.,4733 JP,BB Ticker,Japan,,,
Lifecycle_Balanced_Pool_Superannuation,Listed Equity,SERCO GROUP PLC,SRP LN,BB Ticker,United Kingdom,,,
Lifecycle_Balanced_Pool_Superannuation,Listed Equity,"ARCUS BIOSCIENCES, INC.",RCUS US,BB Ticker,United States,,,
Lifecycle_Balanced_Pool_Superannuation,Listed Equity,OPEN LENDING CORP.,LPRO US,BB Ticker,United States,,,
Lifecycle_Balanced_Pool_Superannuation,Listed Equity,INTOUCH HOLDINGS PCL,INTUCHF TB,BB Ticker,Thailand,,,
Lifecycle_Balanced_Pool_Superannuation,Listed Equity,KARDEX HOLDING AG,KARN SW,BB Ticker,Switzerland,,,
Lifecycle_Balanced_Pool_Superannuation,Listed Equity,"TILRAY BRANDS, INC.",TLRY US,BB Ticker,United States,,,
Lifecycle_Balanced_Pool_Superannuation,Listed Equity,CHINA PACIFIC INSURANCE GROUP CO. LTD.,601601 C1,BB Ticker,China,,,
Lifecycle_Balanced_Pool_Superannuation,Listed Equity,UNITED ELECTRONICS CO.,EXTRA AB,BB Ticker,Saudi Arabia,,,
Lifecycle_Balanced_Pool_Superannuation,Listed Equity,"AVANOS MEDICAL, INC.",AVNS US,BB Ticker,United States,,,
Lifecycle_Balanced_Pool_Superannuation,Listed Equity,HANON SYSTEMS,018880 KS,BB Ticker,South Korea,,,
Lifecycle_Balanced_Pool_Superannuation,Listed Equity,SHINHAN FINANCIAL GROUP CO. LTD.,SHG US,BB Ticker,United States,,,
Lifecycle_Balanced_Pool_Superannuation,Listed Equity,"GENTHERM, INC.",THRM US,BB Ticker,United States,,,
Lifecycle_Balanced_Pool_Superannuation,Listed Equity,CHINA NORTHERN RARE EARTH GROUP HIGH-TECH CO. LTD.,600111 C1,BB Ticker,China,,,
Lifecycle_Balanced_Pool_Superannuation,Listed Equity,MERCURY GENERAL CORP.,MCY US,BB Ticker,United States,,,
Lifecycle_Balanced_Pool_Superannuation,Listed Equity,KEEPER TECHNICAL LABORATORY CO. LTD.,6036 JP,BB Ticker,Japan,,,
Lifecycle_Balanced_Pool_Superannuation,Listed Equity,"AIN HOLDINGS, INC.",9627 JP,BB Ticker,Japan,,,
Lifecycle_Balanced_Pool_Superannuation,Listed Equity,INMODE LTD.,INMD US,BB Ticker,United States,,,
Lifecycle_Balanced_Pool_Superannuation,Listed Equity,SOUTHERN CROSS MEDIA GROUP LTD.,SXL AU,BB Ticker,Australia,,,
Lifecycle_Balanced_Pool_Superannuation,Listed Equity,SCHOLASTIC CORP.,SCHL US,BB Ticker,United States,,,
Lifecycle_Balanced_Pool_Superannuation,Listed Equity,RUMO SA,RAIL3 BZ,BB Ticker,Brazil,,,
Lifecycle_Balanced_Pool_Superannuation,Listed Equity,"KENNAMETAL, INC.",KMT US,BB Ticker,United States,,,
Lifecycle_Balanced_Pool_Superannuation,Listed Equity,"ALKAMI TECHNOLOGY, INC.",ALKT US,BB Ticker,United States,,,
Lifecycle_Balanced_Pool_Superannuation,Listed Equity,"IES HOLDINGS, INC.",IESC US,BB Ticker,United States,,,
Lifecycle_Balanced_Pool_Superannuation,Listed Equity,METLEN ENERGY & METALS SA,MYTIL GA,BB Ticker,Greece,,,
Lifecycle_Balanced_Pool_Superannuation,Listed Equity,FAR EASTERN NEW CENTURY CORP.,1402 TT,BB Ticker,Taiwan,,,
Lifecycle_Balanced_Pool_Superannuation,Listed Equity,NHPC LTD.,NHPC IN,BB Ticker,India,,,
Lifecycle_Balanced_Pool_Superannuation,Listed Equity,"MASTERBRAND, INC.",MBC US,BB Ticker,United States,,,
Lifecycle_Balanced_Pool_Superannuation,Listed Equity,JAPAN AIRLINES CO. LTD.,9201 JP,BB Ticker,Japan,,,
Lifecycle_Balanced_Pool_Superannuation,Listed Equity,NINGXIA BAOFENG ENERGY GROUP CO. LTD.,600989 C1,BB Ticker,China,,,
Lifecycle_Balanced_Pool_Superannuation,Listed Equity,EUTELSAT COMMUNICATIONS SACA,ETL FP,BB Ticker,France,,,
Lifecycle_Balanced_Pool_Superannuation,Listed Equity,PARADOX INTERACTIVE AB,PDX SS,BB Ticker,Sweden,,,
Lifecycle_Balanced_Pool_Superannuation,Listed Equity,"UFP TECHNOLOGIES, INC.",UFPT US,BB Ticker,United States,,,
Lifecycle_Balanced_Pool_Superannuation,Listed Equity,"CHUGOKU ELECTRIC POWER CO., INC.",9504 JP,BB Ticker,Japan,,,
Lifecycle_Balanced_Pool_Superannuation,Listed Equity,DGL GROUP LTD.,DGL AU,BB Ticker,Australia,,,
Lifecycle_Balanced_Pool_Superannuation,Listed Equity,"HAYWARD HOLDINGS, INC.",HAYW US,BB Ticker,United States,,,
Lifecycle_Balanced_Pool_Superannuation,Listed Equity,"SURGERY PARTNERS, INC.",SGRY US,BB Ticker,United States,,,
Lifecycle_Balanced_Pool_Superannuation,Listed Equity,"ARVINAS, INC.",ARVN US,BB Ticker,United States,,,
Lifecycle_Balanced_Pool_Superannuation,Listed Equity,"DOCEBO, INC.",DCBO CN,BB Ticker,Canada,,,
Lifecycle_Balanced_Pool_Superannuation,Listed Equity,SANDSTORM GOLD LTD.,SSL CN,BB Ticker,Canada,,,
Lifecycle_Balanced_Pool_Superannuation,Listed Equity,INNOLUX CORP.,3481 TT,BB Ticker,Taiwan,,,
Lifecycle_Balanced_Pool_Superannuation,Listed Equity,GUANGDONG INVESTMENT LTD.,270 HK,BB Ticker,Hong Kong,,,
Lifecycle_Balanced_Pool_Superannuation,Listed Equity,CJ CHEILJEDANG CORP.,097950 KS,BB Ticker,South Korea,,,
Lifecycle_Balanced_Pool_Superannuation,Listed Equity,FORMOSA CHEMICALS & FIBRE CORP.,1326 TT,BB Ticker,Taiwan,,,
Lifecycle_Balanced_Pool_Superannuation,Listed Equity,ENEL CHILE SA,ENELCHIL CI,BB Ticker,Chile,,,
Lifecycle_Balanced_Pool_Superannuation,Listed Equity,HACI OMER SABANCI HOLDING AS,SAHOL TI,BB Ticker,Turkey,,,
Lifecycle_Balanced_Pool_Superannuation,Listed Equity,BALKRISHNA INDUSTRIES LTD.,BIL IN,BB Ticker,India,,,
Lifecycle_Balanced_Pool_Superannuation,Listed Equity,SIEGFRIED HOLDING AG,SFZN SW,BB Ticker,Switzerland,,,
Lifecycle_Balanced_Pool_Superannuation,Listed Equity,CIE DES ALPES,CDA FP,BB Ticker,France,,,
Lifecycle_Balanced_Pool_Superannuation,Listed Equity,WANT WANT CHINA HOLDINGS LTD.,151 HK,BB Ticker,Hong Kong,,,
Lifecycle_Balanced_Pool_Superannuation,Listed Equity,"DESCARTES SYSTEMS GROUP, INC.",DSGX US,BB Ticker,United States,,,
Lifecycle_Balanced_Pool_Superannuation,Listed Equity,4IMPRINT GROUP PLC,FOUR LN,BB Ticker,United Kingdom,,,
Lifecycle_Balanced_Pool_Superannuation,Listed Equity,JSW ENERGY LTD.,JSW IN,BB Ticker,India,,,
Lifecycle_Balanced_Pool_Superannuation,Listed Equity,ATOSS SOFTWARE SE,AOF GR,BB Ticker,Germany,,,
Lifecycle_Balanced_Pool_Superannuation,Listed Equity,BRUNELLO CUCINELLI SPA,BC IM,BB Ticker,Italy,,,
Lifecycle_Balanced_Pool_Superannuation,Listed Equity,ZTE CORP.,000063 C2,BB Ticker,China,,,
Lifecycle_Balanced_Pool_Superannuation,Listed Equity,AL HAMMADI HOLDING,ALHAMMAD AB,BB Ticker,Saudi Arabia,,,
Lifecycle_Balanced_Pool_Superannuation,Listed Equity,JINDAL STAINLESS LTD.,JDSL IN,BB Ticker,India,,,
Lifecycle_Balanced_Pool_Superannuation,Listed Equity,CHAROEN POKPHAND INDONESIA TBK. PT,CPIN IJ,BB Ticker,Indonesia,,,
Lifecycle_Balanced_Pool_Superannuation,Listed Equity,CHINA LONGYUAN POWER GROUP CORP. LTD.,916 HK,BB Ticker,Hong Kong,,,
Lifecycle_Balanced_Pool_Superannuation,Listed Equity,CIA DE MINAS BUENAVENTURA SAA,BVN US,BB Ticker,United States,,,
Lifecycle_Balanced_Pool_Superannuation,Listed Equity,FUYAO GLASS INDUSTRY GROUP CO. LTD.,600660 C1,BB Ticker,China,,,
Lifecycle_Balanced_Pool_Superannuation,Listed Equity,HYGON INFORMATION TECHNOLOGY CO. LTD.,688041 C1,BB Ticker,China,,,
Lifecycle_Balanced_Pool_Superannuation,Listed Equity,IIFL FINANCE LTD.,IIFL IN,BB Ticker,India,,,
Lifecycle_Balanced_Pool_Superannuation,Listed Equity,CATO CORP.,CATO US,BB Ticker,United States,,,
Lifecycle_Balanced_Pool_Superannuation,Listed Equity,BATA INDIA LTD.,BATA IN,BB Ticker,India,,,
Lifecycle_Balanced_Pool_Superannuation,Listed Equity,BOE TECHNOLOGY GROUP CO. LTD.,000725 C2,BB Ticker,China,,,
Lifecycle_Balanced_Pool_Superannuation,Listed Equity,CHENG SHIN RUBBER INDUSTRY CO. LTD.,2105 TT,BB Ticker,Taiwan,,,
Lifecycle_Balanced_Pool_Superannuation,Listed Equity,CHINA COMMUNICATIONS SERVICES CORP. LTD.,552 HK,BB Ticker,Hong Kong,,,
Lifecycle_Balanced_Pool_Superannuation,Listed Equity,COLRUYT GROUP NV,COLR BB,BB Ticker,Belgium,,,
Lifecycle_Balanced_Pool_Superannuation,Listed Equity,ASIA CEMENT CORP.,1102 TT,BB Ticker,Taiwan,,,
Lifecycle_Balanced_Pool_Superannuation,Listed Equity,BEIJING ENTERPRISES WATER GROUP LTD.,371 HK,BB Ticker,Hong Kong,,,
Lifecycle_Balanced_Pool_Superannuation,Listed Equity,CH KARNCHANG PCL,CKF TB,BB Ticker,Thailand,,,
Lifecycle_Balanced_Pool_Superannuation,Listed Equity,KIYO BANK LTD.,8370 JP,BB Ticker,Japan,,,
Lifecycle_Balanced_Pool_Superannuation,Listed Equity,THAI OIL PCL,TOPF TB,BB Ticker,Thailand,,,
Lifecycle_Balanced_Pool_Superannuation,Listed Equity,YTL POWER INTERNATIONAL BHD.,YTLP MK,BB Ticker,Malaysia,,,
Lifecycle_Balanced_Pool_Superannuation,Listed Equity,CHINA MERCHANTS SECURITIES CO. LTD.,600999 C1,BB Ticker,China,,,
Lifecycle_Balanced_Pool_Superannuation,Listed Equity,NSK LTD.,6471 JP,BB Ticker,Japan,,,
Lifecycle_Balanced_Pool_Superannuation,Listed Equity,AERIS RESOURCES LTD.,AIS AU,BB Ticker,Australia,,,
Lifecycle_Balanced_Pool_Superannuation,Listed Equity,COMPUGROUP MEDICAL SE & CO. KGAA,COP GR,BB Ticker,Germany,,,
Lifecycle_Balanced_Pool_Superannuation,Listed Equity,SAHARA INTERNATIONAL PETROCHEMICAL CO.,SIPCHEM AB,BB Ticker,Saudi Arabia,,,
Lifecycle_Balanced_Pool_Superannuation,Listed Equity,VOLKSWAGEN AG,VOW GR,BB Ticker,Germany,,,
Lifecycle_Balanced_Pool_Superannuation,Listed Equity,"CASS INFORMATION SYSTEMS, INC.",CASS US,BB Ticker,United States,,,
Lifecycle_Balanced_Pool_Superannuation,Listed Equity,SHUFERSAL LTD.,SAE IT,BB Ticker,Israel,,,
Lifecycle_Balanced_Pool_Superannuation,Listed Equity,SERES GROUP CO. LTD.,601127 C1,BB Ticker,China,,,
Lifecycle_Balanced_Pool_Superannuation,Listed Equity,PEGASUS HAVA TASIMACILIGI AS,PGSUS TI,BB Ticker,Turkey,,,
Lifecycle_Balanced_Pool_Superannuation,Listed Equity,CHINA MERCHANTS ENERGY SHIPPING CO. LTD.,601872 C1,BB Ticker,China,,,
Lifecycle_Balanced_Pool_Superannuation,Listed Equity,CHINA EVERBRIGHT LTD.,165 HK,BB Ticker,Hong Kong,,,
Lifecycle_Balanced_Pool_Superannuation,Listed Equity,"TECHTARGET, INC.",TTGT US,BB Ticker,United States,,,
Lifecycle_Balanced_Pool_Superannuation,Listed Equity,LATAM AIRLINES GROUP SA,LTM CI,BB Ticker,Chile,,,
Lifecycle_Balanced_Pool_Superannuation,Listed Equity,S-OIL CORP.,010950 KS,BB Ticker,South Korea,,,
Lifecycle_Balanced_Pool_Superannuation,Listed Equity,ZHEJIANG JINGSHENG MECHANICAL & ELECTRICAL CO. LTD.,300316 C2,BB Ticker,China,,,
Lifecycle_Balanced_Pool_Superannuation,Listed Equity,VAREX IMAGING CORP.,VREX US,BB Ticker,United States,,,
Lifecycle_Balanced_Pool_Superannuation,Listed Equity,EREGLI DEMIR VE CELIK FABRIKALARI TAS,EREGL TI,BB Ticker,Turkey,,,
Lifecycle_Balanced_Pool_Superannuation,Listed Equity,GAMMA COMMUNICATIONS PLC,GAMA LN,BB Ticker,United Kingdom,,,
Lifecycle_Balanced_Pool_Superannuation,Listed Equity,ERSTE GROUP BANK AG,RBAG CP,BB Ticker,Czech Republic,,,
Lifecycle_Balanced_Pool_Superannuation,Listed Equity,QL RESOURCES BHD.,QLG MK,BB Ticker,Malaysia,,,
Lifecycle_Balanced_Pool_Superannuation,Listed Equity,HAITONG SECURITIES CO. LTD.,600837 C1,BB Ticker,China,,,
Lifecycle_Balanced_Pool_Superannuation,Listed Equity,RATOS AB,RATOB SS,BB Ticker,Sweden,,,
Lifecycle_Balanced_Pool_Superannuation,Listed Equity,LS ELECTRIC CO. LTD.,010120 KS,BB Ticker,South Korea,,,
Lifecycle_Balanced_Pool_Superannuation,Listed Equity,"ARRAY TECHNOLOGIES, INC.",ARRY US,BB Ticker,United States,,,
Lifecycle_Balanced_Pool_Superannuation,Listed Equity,SHENWAN HONGYUAN GROUP CO. LTD.,000166 C2,BB Ticker,China,,,
Lifecycle_Balanced_Pool_Superannuation,Listed Equity,"PLDT, INC.",TEL PM,BB Ticker,Philippines,,,
Lifecycle_Balanced_Pool_Superannuation,Listed Equity,CHINA AIRLINES LTD.,2610 TT,BB Ticker,Taiwan,,,
Lifecycle_Balanced_Pool_Superannuation,Listed Equity,BARITO PACIFIC TBK. PT,BRPT IJ,BB Ticker,Indonesia,,,
Lifecycle_Balanced_Pool_Superannuation,Listed Equity,NORMA GROUP SE,NOEJ GR,BB Ticker,Germany,,,
Lifecycle_Balanced_Pool_Superannuation,Listed Equity,CHINA LIFE INSURANCE CO. LTD.,601628 C1,BB Ticker,China,,,
Lifecycle_Balanced_Pool_Superannuation,Listed Equity,INNER MONGOLIA YILI INDUSTRIAL GROUP CO. LTD.,600887 C1,BB Ticker,China,,,
Lifecycle_Balanced_Pool_Superannuation,Listed Equity,GIANT BIOGENE HOLDING CO. LTD.,2367 HK,BB Ticker,Hong Kong,,,
Lifecycle_Balanced_Pool_Superannuation,Listed Equity,BROOKFIELD WEALTH SOLUTIONS LTD.,BNT US,BB Ticker,United States,,,
Lifecycle_Balanced_Pool_Superannuation,Listed Equity,"ANA HOLDINGS, INC.",9202 JP,BB Ticker,Japan,,,
Lifecycle_Balanced_Pool_Superannuation,Listed Equity,AXIATA GROUP BHD.,AXIATA MK,BB Ticker,Malaysia,,,
Lifecycle_Balanced_Pool_Superannuation,Listed Equity,CHINA UNITED NETWORK COMMUNICATIONS LTD.,600050 C1,BB Ticker,China,,,
Lifecycle_Balanced_Pool_Superannuation,Listed Equity,ENEL AMERICAS SA,ENELAM CI,BB Ticker,Chile,,,
Lifecycle_Balanced_Pool_Superannuation,Listed Equity,FNAC DARTY SA,FNAC FP,BB Ticker,France,,,
Lifecycle_Balanced_Pool_Superannuation,Listed Equity,WILL SEMICONDUCTOR CO. LTD. SHANGHAI,603501 C1,BB Ticker,China,,,
Lifecycle_Balanced_Pool_Superannuation,Listed Equity,FRONTLINE PLC,FRO US,BB Ticker,United States,,,
Lifecycle_Balanced_Pool_Superannuation,Listed Equity,WANHUA CHEMICAL GROUP CO. LTD.,600309 C1,BB Ticker,China,,,
Lifecycle_Balanced_Pool_Superannuation,Listed Equity,XINYI SOLAR HOLDINGS LTD.,968 HK,BB Ticker,Hong Kong,,,
Lifecycle_Balanced_Pool_Superannuation,Listed Equity,CHINA RAILWAY GROUP LTD.,601390 C1,BB Ticker,China,,,
Lifecycle_Balanced_Pool_Superannuation,Listed Equity,SF HOLDING CO. LTD.,002352 C2,BB Ticker,China,,,
Lifecycle_Balanced_Pool_Superannuation,Listed Equity,QATAR ELECTRICITY & WATER CO. QSC,QEWS QD,BB Ticker,Qatar,,,
Lifecycle_Balanced_Pool_Superannuation,Listed Equity,ORIENT SECURITIES CO. LTD.,600958 C1,BB Ticker,China,,,
Lifecycle_Balanced_Pool_Superannuation,Listed Equity,PROTO CORP.,4298 JP,BB Ticker,Japan,,,
Lifecycle_Balanced_Pool_Superannuation,Listed Equity,EFG HOLDING SAE,HRHO EY,BB Ticker,Egypt,,,
Lifecycle_Balanced_Pool_Superannuation,Listed Equity,DAQIN RAILWAY CO. LTD.,601006 C1,BB Ticker,China,,,
Lifecycle_Balanced_Pool_Superannuation,Listed Equity,COSAN SA,CSAN3 BZ,BB Ticker,Brazil,,,
Lifecycle_Balanced_Pool_Superannuation,Listed Equity,SEIKO EPSON CORP.,SEKEY US,BB Ticker,United States,,,
Lifecycle_Balanced_Pool_Superannuation,Listed Equity,WALSIN LIHWA CORP.,1605 TT,BB Ticker,Taiwan,,,
Lifecycle_Balanced_Pool_Superannuation,Listed Equity,ZOOMLION HEAVY INDUSTRY SCIENCE & TECHNOLOGY CO. LTD.,000157 C2,BB Ticker,China,,,
Lifecycle_Balanced_Pool_Superannuation,Listed Equity,SKC CO. LTD.,011790 KS,BB Ticker,South Korea,,,
Lifecycle_Balanced_Pool_Superannuation,Listed Equity,ENERGISA SA,ENGI11 BZ,BB Ticker,Brazil,,,
Lifecycle_Balanced_Pool_Superannuation,Listed Equity,TAIHEIYO CEMENT CORP.,5233 JP,BB Ticker,Japan,,,
Lifecycle_Balanced_Pool_Superannuation,Listed Equity,CHINA INTERNATIONAL CAPITAL CORP. LTD.,601995 C1,BB Ticker,China,,,
Lifecycle_Balanced_Pool_Superannuation,Listed Equity,YUNNAN BAIYAO GROUP CO. LTD.,000538 C2,BB Ticker,China,,,
Lifecycle_Balanced_Pool_Superannuation,Listed Equity,HS HYOSUNG CORP.,487570 KS,BB Ticker,South Korea,,,
Lifecycle_Balanced_Pool_Superannuation,Listed Equity,YTL CORP. BHD.,YTL MK,BB Ticker,Malaysia,,,
Lifecycle_Balanced_Pool_Superannuation,Listed Equity,PING AN HEALTHCARE & TECHNOLOGY CO. LTD.,1833 HK,BB Ticker,Hong Kong,,,
Lifecycle_Balanced_Pool_Superannuation,Listed Equity,MOBILE TELECOMMUNICATIONS CO. SAUDI ARABIA,ZAINKSA AB,BB Ticker,Saudi Arabia,,,
Lifecycle_Balanced_Pool_Superannuation,Listed Equity,COSCO SHIPPING ENERGY TRANSPORTATION CO. LTD.,600026 C1,BB Ticker,China,,,
Lifecycle_Balanced_Pool_Superannuation,Listed Equity,ISRAEL CORP. LTD.,ILCO IT,BB Ticker,Israel,,,
Lifecycle_Balanced_Pool_Superannuation,Listed Equity,LG DISPLAY CO. LTD.,034220 KS,BB Ticker,South Korea,,,
Lifecycle_Balanced_Pool_Superannuation,Listed Equity,GUANGZHOU TINCI MATERIALS TECHNOLOGY CO. LTD.,002709 C2,BB Ticker,China,,,
Lifecycle_Balanced_Pool_Superannuation,Listed Equity,ADVANCED PETROCHEMICAL CO.,APPC AB,BB Ticker,Saudi Arabia,,,
Lifecycle_Balanced_Pool_Superannuation,Listed Equity,SAUDI KAYAN PETROCHEMICAL CO.,KAYAN AB,BB Ticker,Saudi Arabia,,,
Lifecycle_Balanced_Pool_Superannuation,Listed Equity,ANHUI GUJING DISTILLERY CO. LTD.,200596 CH,BB Ticker,China,,,
Lifecycle_Balanced_Pool_Superannuation,Listed Equity,CHINA RESOURCES SANJIU MEDICAL & PHARMACEUTICAL CO. LTD.,000999 C2,BB Ticker,China,,,
Lifecycle_Balanced_Pool_Superannuation,Listed Equity,"ADVANCED MICRO-FABRICATION EQUIPMENT, INC. CHINA",688012 C1,BB Ticker,China,,,
Lifecycle_Balanced_Pool_Superannuation,Listed Equity,YANTAI JEREH OILFIELD SERVICES GROUP CO. LTD.,002353 C2,BB Ticker,China,,,
Lifecycle_Balanced_Pool_Superannuation,Listed Equity,SHENZHEN INOVANCE TECHNOLOGY CO. LTD.,300124 C2,BB Ticker,China,,,
Lifecycle_Balanced_Pool_Superannuation,Listed Equity,HANWHA OCEAN CO. LTD.,042660 KS,BB Ticker,South Korea,,,
Lifecycle_Balanced_Pool_Superannuation,Listed Equity,SHANGHAI INTERNATIONAL AIRPORT CO. LTD.,600009 C1,BB Ticker,China,,,
Lifecycle_Balanced_Pool_Superannuation,Listed Equity,VANTIVA SA,VANTI FP,BB Ticker,France,,,
Lifecycle_Balanced_Pool_Superannuation,Listed Equity,"BEIJING KINGSOFT OFFICE SOFTWARE, INC.",688111 C1,BB Ticker,China,,,
Lifecycle_Balanced_Pool_Superannuation,Listed Equity,HENAN SHUANGHUI INVESTMENT & DEVELOPMENT CO. LTD.,000895 C2,BB Ticker,China,,,
Lifecycle_Balanced_Pool_Superannuation,Listed Equity,ZHANGZHOU PIENTZEHUANG PHARMACEUTICAL CO. LTD.,600436 C1,BB Ticker,China,,,
Lifecycle_Balanced_Pool_Superannuation,Listed Equity,IMPLENIA AG,IMPN SW,BB Ticker,Switzerland,,,
Lifecycle_Balanced_Pool_Superannuation,Listed Equity,CIA SIDERURGICA NACIONAL SA,CSNA3 BZ,BB Ticker,Brazil,,,
Lifecycle_Balanced_Pool_Superannuation,Listed Equity,DAH SING FINANCIAL HOLDINGS LTD.,440 HK,BB Ticker,Hong Kong,,,
Lifecycle_Balanced_Pool_Superannuation,Listed Equity,WEICHAI POWER CO. LTD.,000338 C2,BB Ticker,China,,,
Lifecycle_Balanced_Pool_Superannuation,Listed Equity,PTT GLOBAL CHEMICAL PCL,PTTGCF TB,BB Ticker,Thailand,,,
Lifecycle_Balanced_Pool_Superannuation,Listed Equity,HENGLI PETROCHEMICAL CO. LTD.,600346 C1,BB Ticker,China,,,
Lifecycle_Balanced_Pool_Superannuation,Listed Equity,UNISPLENDOUR CORP. LTD.,000938 C2,BB Ticker,China,,,
Lifecycle_Balanced_Pool_Superannuation,Listed Equity,NATIONAL REAL ESTATE CO. KPSC,NRE KK,BB Ticker,Kuwait,,,
Lifecycle_Balanced_Pool_Superannuation,Listed Equity,HUAIBEI MINING HOLDINGS CO. LTD.,600985 C1,BB Ticker,China,,,
Lifecycle_Balanced_Pool_Superannuation,Listed Equity,JIANGSU HENGLI HYDRAULIC CO. LTD.,601100 C1,BB Ticker,China,,,
Lifecycle_Balanced_Pool_Superannuation,Listed Equity,JINCHUAN GROUP INTERNATIONAL RESOURCES CO. LTD.,2362 HK,BB Ticker,Hong Kong,,,
Lifecycle_Balanced_Pool_Superannuation,Listed Equity,POWER & WATER UTILITY CO. FOR JUBAIL & YANBU,MARAFIQ AB,BB Ticker,Saudi Arabia,,,
Lifecycle_Balanced_Pool_Superannuation,Listed Equity,GRANGE RESOURCES LTD.,GRR AU,BB Ticker,Australia,,,
Lifecycle_Balanced_Pool_Superannuation,Listed Equity,HUIZHOU DESAY SV AUTOMOTIVE CO. LTD.,002920 C2,BB Ticker,China,,,
Lifecycle_Balanced_Pool_Superannuation,Listed Equity,CATAPULT GROUP INTERNATIONAL LTD.,CAT AU,BB Ticker,Australia,,,
Lifecycle_Balanced_Pool_Superannuation,Listed Equity,TSINGTAO BREWERY CO. LTD.,600600 C1,BB Ticker,China,,,
Lifecycle_Balanced_Pool_Superannuation,Listed Equity,NETDRAGON WEBSOFT HOLDINGS LTD.,777 HK,BB Ticker,Hong Kong,,,
Lifecycle_Balanced_Pool_Superannuation,Listed Equity,GSK PLC,GSK US,BB Ticker,United States,,,
Lifecycle_Balanced_Pool_Superannuation,Listed Equity,NANYA TECHNOLOGY CORP.,2408 TT,BB Ticker,Taiwan,,,
Lifecycle_Balanced_Pool_Superannuation,Listed Equity,"HUNDSUN TECHNOLOGIES, INC.",600570 C1,BB Ticker,China,,,
Lifecycle_Balanced_Pool_Superannuation,Listed Equity,ZHONGJI INNOLIGHT CO. LTD.,300308 C2,BB Ticker,China,,,
Lifecycle_Balanced_Pool_Superannuation,Listed Equity,ADES HOLDING CO.,ADES AB,BB Ticker,Saudi Arabia,,,
Lifecycle_Balanced_Pool_Superannuation,Listed Equity,GUANGDONG HAID GROUP CO. LTD.,002311 C2,BB Ticker,China,,,
Lifecycle_Balanced_Pool_Superannuation,Listed Equity,TURKIYE SISE VE CAM FABRIKALARI AS,SISE TI,BB Ticker,Turkey,,,
Lifecycle_Balanced_Pool_Superannuation,Listed Equity,"JG SUMMIT HOLDINGS, INC.",JGS PM,BB Ticker,Philippines,,,
Lifecycle_Balanced_Pool_Superannuation,Listed Equity,SHANGHAI UNITED IMAGING HEALTHCARE CO. LTD.,688271 C1,BB Ticker,China,,,
Lifecycle_Balanced_Pool_Superannuation,Listed Equity,HISENSE HOME APPLIANCES GROUP CO. LTD.,921 HK,BB Ticker,Hong Kong,,,
Lifecycle_Balanced_Pool_Superannuation,Listed Equity,HUADONG MEDICINE CO. LTD.,000963 C2,BB Ticker,China,,,
Lifecycle_Balanced_Pool_Superannuation,Listed Equity,SHANDONG HUALU HENGSHENG CHEMICAL CO. LTD.,600426 C1,BB Ticker,China,,,
Lifecycle_Balanced_Pool_Superannuation,Listed Equity,BOSCH LTD.,BOS IN,BB Ticker,India,,,
Lifecycle_Balanced_Pool_Superannuation,Listed Equity,JIANGSU KING'S LUCK BREWERY JSC LTD.,603369 C1,BB Ticker,China,,,
Lifecycle_Balanced_Pool_Superannuation,Listed Equity,LONGI GREEN ENERGY TECHNOLOGY CO. LTD.,601012 C1,BB Ticker,China,,,
Lifecycle_Balanced_Pool_Superannuation,Listed Equity,"360 SECURITY TECHNOLOGY, INC.",601360 C1,BB Ticker,China,,,
Lifecycle_Balanced_Pool_Superannuation,Listed Equity,POWER CONSTRUCTION CORP. OF CHINA LTD.,601669 C1,BB Ticker,China,,,
Lifecycle_Balanced_Pool_Superannuation,Listed Equity,IMEIK TECHNOLOGY DEVELOPMENT CO. LTD.,300896 C2,BB Ticker,China,,,
Lifecycle_Balanced_Pool_Superannuation,Listed Equity,TONGWEI CO. LTD.,600438 C1,BB Ticker,China,,,
Lifecycle_Balanced_Pool_Superannuation,Listed Equity,CHINA MERCHANTS SHEKOU INDUSTRIAL ZONE HOLDINGS CO. LTD.,001979 C2,BB Ticker,China,,,
Lifecycle_Balanced_Pool_Superannuation,Listed Equity,YTO EXPRESS GROUP CO. LTD.,600233 C1,BB Ticker,China,,,
Lifecycle_Balanced_Pool_Superannuation,Listed Equity,CENTRAIS ELETRICAS BRASILEIRAS SA,ELET6 BZ,BB Ticker,Brazil,,,
Lifecycle_Balanced_Pool_Superannuation,Listed Equity,RANPAK HOLDINGS CORP.,PACK US,BB Ticker,United States,,,
Lifecycle_Balanced_Pool_Superannuation,Listed Equity,LOTTE CHEMICAL CORP.,011170 KS,BB Ticker,South Korea,,,
Lifecycle_Balanced_Pool_Superannuation,Listed Equity,CHINA VANKE CO. LTD.,000002 C2,BB Ticker,China,,,
Lifecycle_Balanced_Pool_Superannuation,Listed Equity,LG CHEM LTD.,051915 KS,BB Ticker,South Korea,,,
Lifecycle_Balanced_Pool_Superannuation,Listed Equity,JIANGSU ZHONGTIAN TECHNOLOGY CO. LTD.,600522 C1,BB Ticker,China,,,
Lifecycle_Balanced_Pool_Superannuation,Listed Equity,NEW HORIZON HEALTH LTD.,6606 HK,BB Ticker,Hong Kong,,,
Lifecycle_Balanced_Pool_Superannuation,Listed Equity,CHONGQING ZHIFEI BIOLOGICAL PRODUCTS CO. LTD.,300122 C2,BB Ticker,China,,,
Lifecycle_Balanced_Pool_Superannuation,Listed Equity,CITIC PACIFIC SPECIAL STEEL GROUP CO. LTD.,000708 C2,BB Ticker,China,,,
Lifecycle_Balanced_Pool_Superannuation,Listed Equity,ZHEJIANG HUAYOU COBALT CO. LTD.,603799 C1,BB Ticker,China,,,
Lifecycle_Balanced_Pool_Superannuation,Listed Equity,NINESTAR CORP.,002180 C2,BB Ticker,China,,,
Lifecycle_Balanced_Pool_Superannuation,Listed Equity,AVAYA HOLDINGS CORP.,AVYA US,BB Ticker,United States,,,
Lifecycle_Balanced_Pool_Superannuation,Listed Equity,YONYOU NETWORK TECHNOLOGY CO. LTD.,600588 C1,BB Ticker,China,,,
Lifecycle_Balanced_Pool_Superannuation,Listed Equity,NINGBO DEYE TECHNOLOGY CO. LTD.,605117 C1,BB Ticker,China,,,
Lifecycle_Balanced_Pool_Superannuation,Listed Equity,COSEL CO. LTD.,6905 JP,BB Ticker,Japan,,,
Lifecycle_Balanced_Pool_Superannuation,Listed Equity,HANGZHOU FIRST APPLIED MATERIAL CO. LTD.,603806 C1,BB Ticker,China,,,
Lifecycle_Balanced_Pool_Superannuation,Listed Equity,UNIGROUP GUOXIN MICROELECTRONICS CO. LTD.,002049 C2,BB Ticker,China,,,
Lifecycle_Balanced_Pool_Superannuation,Listed Equity,SUZHOU MAXWELL TECHNOLOGIES CO. LTD.,300751 C2,BB Ticker,China,,,
Lifecycle_Balanced_Pool_Superannuation,Listed Equity,"ATLANTA BRAVES HOLDINGS, INC.",BATRK US,BB Ticker,United States,,,
Lifecycle_Balanced_Pool_Superannuation,Listed Equity,"CASSAVA SCIENCES, INC.",SAVA US,BB Ticker,United States,,,
Lifecycle_Balanced_Pool_Superannuation,Listed Equity,TCL ZHONGHUAN RENEWABLE ENERGY TECHNOLOGY CO. LTD.,002129 C2,BB Ticker,China,,,
Lifecycle_Balanced_Pool_Superannuation,Listed Equity,JA SOLAR TECHNOLOGY CO. LTD.,002459 C2,BB Ticker,China,,,
Lifecycle_Balanced_Pool_Superannuation,Listed Equity,"WASHINGTON MUTUAL, INC.",WAMUQ US,BB Ticker,United States,,,
Lifecycle_Balanced_Pool_Superannuation,Listed Equity,GINLONG TECHNOLOGIES CO. LTD.,300763 C2,BB Ticker,China,,,
Lifecycle_Balanced_Pool_Superannuation,Listed Equity,TRINA SOLAR CO. LTD.,688599 C1,BB Ticker,China,,,
Lifecycle_Balanced_Pool_Superannuation,Listed Equity,YUNNAN ENERGY NEW MATERIAL CO. LTD.,002812 C2,BB Ticker,China,,,
Lifecycle_Balanced_Pool_Superannuation,Listed Equity,OMNI BRIDGEWAY LTD.,OBL AU,BB Ticker,Australia,,,
Lifecycle_Balanced_Pool_Superannuation,Listed Equity,"IHEARTMEDIA, INC.",IHRT US,BB Ticker,United States,,,
Lifecycle_Balanced_Pool_Superannuation,Listed Equity,SCILEX HOLDING CO.,SCLX US,BB Ticker,United States,,,
Lifecycle_Balanced_Pool_Superannuation,Listed Equity,NMC HEALTH PLC,NMC LN,BB Ticker,United Kingdom,,,
Lifecycle_Balanced_Pool_Superannuation,Listed Equity,DELEK GROUP LTD.,DLEKG IT,BB Ticker,Israel,,,
Lifecycle_Balanced_Pool_Superannuation,Listed Property,GOODMAN GROUP,GMG AU,BB Ticker,Australia,,,
Lifecycle_Balanced_Pool_Superannuation,Listed Property,SCENTRE GROUP,SCG AU,BB Ticker,Australia,,,
Lifecycle_Balanced_Pool_Superannuation,Listed Property,STOCKLAND,SGP AU,BB Ticker,Australia,,,
Lifecycle_Balanced_Pool_Superannuation,Listed Property,GPT GROUP,GPT AU,BB Ticker,Australia,,,
Lifecycle_Balanced_Pool_Superannuation,Listed Property,CHARTER HALL GROUP,CHC AU,BB Ticker,Australia,,,
Lifecycle_Balanced_Pool_Superannuation,Listed Property,VICINITY LTD.,VCX AU,BB Ticker,Australia,,,
Lifecycle_Balanced_Pool_Superannuation,Listed Property,MIRVAC GROUP,MGR AU,BB Ticker,Australia,,,
Lifecycle_Balanced_Pool_Superannuation,Listed Property,DEXUS,DXS AU,BB Ticker,Australia,,,
Lifecycle_Balanced_Pool_Superannuation,Listed Property,LENDLEASE GROUP,LLC AU,BB Ticker,Australia,,,
Lifecycle_Balanced_Pool_Superannuation,Listed Property,HMC CAPITAL LTD.,HMC AU,BB Ticker,Australia,,,
Lifecycle_Balanced_Pool_Superannuation,Listed Property,NATIONAL STORAGE REIT,NSR AU,BB Ticker,Australia,,,
Lifecycle_Balanced_Pool_Superannuation,Listed Property,REGION RE LTD.,RGN AU,BB Ticker,Australia,,,
Lifecycle_Balanced_Pool_Superannuation,Listed Property,INGENIA COMMUNITIES GROUP,INA AU,BB Ticker,Australia,,,
Lifecycle_Balanced_Pool_Superannuation,Listed Property,AMERICAN TOWER CORP.,AMT US,BB Ticker,United States,,,
Lifecycle_Balanced_Pool_Superannuation,Listed Property,ARENA REIT,ARF AU,BB Ticker,Australia,,,
Lifecycle_Balanced_Pool_Superannuation,Listed Property,"EQUINIX, INC.",EQIX US,BB Ticker,United States,,,
Lifecycle_Balanced_Pool_Superannuation,Listed Property,"SIMON PROPERTY GROUP, INC.",SPG US,BB Ticker,United States,,,
Lifecycle_Balanced_Pool_Superannuation,Listed Property,"PROLOGIS, INC.",PLD US,BB Ticker,United States,,,
Lifecycle_Balanced_Pool_Superannuation,Listed Property,CENTURIA CAPITAL GROUP,CNI AU,BB Ticker,Australia,,,
Lifecycle_Balanced_Pool_Superannuation,Listed Property,CHARTER HALL LONG WALE REIT,CLW AU,BB Ticker,Australia,,,
Lifecycle_Balanced_Pool_Superannuation,Listed Property,HOMECO DAILY NEEDS REIT,HDN AU,BB Ticker,Australia,,,
Lifecycle_Balanced_Pool_Superannuation,Listed Property,CHARTER HALL RETAIL REIT,CQR AU,BB Ticker,Australia,,,
Lifecycle_Balanced_Pool_Superannuation,Listed Property,WAYPOINT REIT LTD.,WPR AU,BB Ticker,Australia,,,
Lifecycle_Balanced_Pool_Superannuation,Listed Property,BWP TRUST,BWP AU,BB Ticker,Australia,,,
Lifecycle_Balanced_Pool_Superannuation,Listed Property,"WELLTOWER, INC.",WELL US,BB Ticker,United States,,,
Lifecycle_Balanced_Pool_Superannuation,Listed Property,"DIGITAL REALTY TRUST, INC.",DLR US,BB Ticker,United States,,,
Lifecycle_Balanced_Pool_Superannuation,Listed Property,PUBLIC STORAGE,PSA US,BB Ticker,United States,,,
Lifecycle_Balanced_Pool_Superannuation,Listed Property,"CROWN CASTLE, INC.",CCI US,BB Ticker,United States,,,
Lifecycle_Balanced_Pool_Superannuation,Listed Property,CENTURIA INDUSTRIAL REIT,CIP AU,BB Ticker,Australia,,,
Lifecycle_Balanced_Pool_Superannuation,Listed Property,GROWTHPOINT PROPERTIES AUSTRALIA LTD.,GOZ AU,BB Ticker,Australia,,,
Lifecycle_Balanced_Pool_Superannuation,Listed Property,CHARTER HALL SOCIAL INFRASTRUCTURE REIT,CQE AU,BB Ticker,Australia,,,
Lifecycle_Balanced_Pool_Superannuation,Listed Property,"VICI PROPERTIES, INC.",VICI US,BB Ticker,United States,,,
Lifecycle_Balanced_Pool_Superannuation,Listed Property,REALTY INCOME CORP.,O US,BB Ticker,United States,,,
Lifecycle_Balanced_Pool_Superannuation,Listed Property,SBA COMMUNICATIONS CORP.,SBAC US,BB Ticker,United States,,,
Lifecycle_Balanced_Pool_Superannuation,Listed Property,"EXTRA SPACE STORAGE, INC.",EXR US,BB Ticker,United States,,,
Lifecycle_Balanced_Pool_Superannuation,Listed Property,SL GREEN REALTY CORP.,SLG US,BB Ticker,United States,,,
Lifecycle_Balanced_Pool_Superannuation,Listed Property,"IRON MOUNTAIN, INC.",IRM US,BB Ticker,United States,,,
Lifecycle_Balanced_Pool_Superannuation,Listed Property,"AVALONBAY COMMUNITIES, INC.",AVB US,BB Ticker,United States,,,
Lifecycle_Balanced_Pool_Superannuation,Listed Property,"PARK HOTELS & RESORTS, INC.",PK US,BB Ticker,United States,,,
Lifecycle_Balanced_Pool_Superannuation,Listed Property,AGNC INVESTMENT CORP.,AGNC US,BB Ticker,United States,,,
Lifecycle_Balanced_Pool_Superannuation,Listed Property,ABACUS STORAGE KING,ASK AU,BB Ticker,Australia,,,
Lifecycle_Balanced_Pool_Superannuation,Listed Property,WEYERHAEUSER CO.,WY US,BB Ticker,United States,,,
Lifecycle_Balanced_Pool_Superannuation,Listed Property,"VENTAS, INC.",VTR US,BB Ticker,United States,,,
Lifecycle_Balanced_Pool_Superannuation,Listed Property,EQUITY RESIDENTIAL,EQR US,BB Ticker,United States,,,
Lifecycle_Balanced_Pool_Superannuation,Listed Property,LINK REIT,823 HK,BB Ticker,Hong Kong,,,
Lifecycle_Balanced_Pool_Superannuation,Listed Property,ABACUS GROUP,ABG AU,BB Ticker,Australia,,,
Lifecycle_Balanced_Pool_Superannuation,Listed Property,"BRIXMOR PROPERTY GROUP, INC.",BRX US,BB Ticker,United States,,,
Lifecycle_Balanced_Pool_Superannuation,Listed Property,"INVITATION HOMES, INC.",INVH US,BB Ticker,United States,,,
Lifecycle_Balanced_Pool_Superannuation,Listed Property,KLEPIERRE SA,LI FP,BB Ticker,France,,,
Lifecycle_Balanced_Pool_Superannuation,Listed Property,"ALEXANDRIA REAL ESTATE EQUITIES, INC.",ARE US,BB Ticker,United States,,,
Lifecycle_Balanced_Pool_Superannuation,Listed Property,"HOST HOTELS & RESORTS, INC.",HST US,BB Ticker,United States,,,
Lifecycle_Balanced_Pool_Superannuation,Listed Property,"ESSEX PROPERTY TRUST, INC.",ESS US,BB Ticker,United States,,,
Lifecycle_Balanced_Pool_Superannuation,Listed Property,RLJ LODGING TRUST,RLJ US,BB Ticker,United States,,,
Lifecycle_Balanced_Pool_Superannuation,Listed Property,"MID-AMERICA APARTMENT COMMUNITIES, INC.",MAA US,BB Ticker,United States,,,
Lifecycle_Balanced_Pool_Superannuation,Listed Property,"BXP, INC.",BXP US,BB Ticker,United States,,,
Lifecycle_Balanced_Pool_Superannuation,Listed Property,KIMCO REALTY CORP.,KIM US,BB Ticker,United States,,,
Lifecycle_Balanced_Pool_Superannuation,Listed Property,"SUN COMMUNITIES, INC.",SUI US,BB Ticker,United States,,,
Lifecycle_Balanced_Pool_Superannuation,Listed Property,SEGRO PLC,SGRO LN,BB Ticker,United Kingdom,,,
Lifecycle_Balanced_Pool_Superannuation,Listed Property,"HEALTHPEAK PROPERTIES, INC.",DOC US,BB Ticker,United States,,,
Lifecycle_Balanced_Pool_Superannuation,Listed Property,UNIBAIL-RODAMCO-WESTFIELD,URW FP,BB Ticker,France,,,
Lifecycle_Balanced_Pool_Superannuation,Listed Property,"UDR, INC.",UDR US,BB Ticker,United States,,,
Lifecycle_Balanced_Pool_Superannuation,Listed Property,"OUTFRONT MEDIA, INC.",OUT US,BB Ticker,United States,,,
Lifecycle_Balanced_Pool_Superannuation,Listed Property,GECINA SA,GFC FP,BB Ticker,France,,,
Lifecycle_Balanced_Pool_Superannuation,Listed Property,RURAL FUNDS TRUST,RFF AU,BB Ticker,Australia,,,
Lifecycle_Balanced_Pool_Superannuation,Listed Property,COVIVIO SA,COV FP,BB Ticker,France,,,
Lifecycle_Balanced_Pool_Superannuation,Listed Property,"HEALTHCARE REALTY TRUST, INC.",HR US,BB Ticker,United States,,,
Lifecycle_Balanced_Pool_Superannuation,Listed Property,NATIONAL STORAGE AFFILIATES TRUST,NSA US,BB Ticker,United States,,,
Lifecycle_Balanced_Pool_Superannuation,Listed Property,CAPITALAND INTEGRATED COMMERCIAL TRUST,CICT SP,BB Ticker,Singapore,,,
Lifecycle_Balanced_Pool_Superannuation,Listed Property,LAMAR ADVERTISING CO.,LAMR US,BB Ticker,United States,,,
Lifecycle_Balanced_Pool_Superannuation,Listed Property,CAMDEN PROPERTY TRUST,CPT US,BB Ticker,United States,,,
Lifecycle_Balanced_Pool_Superannuation,Listed Property,CROMWELL PROPERTY GROUP,CMW AU,BB Ticker,Australia,,,
Lifecycle_Balanced_Pool_Superannuation,Listed Property,LAND SECURITIES GROUP PLC,LAND LN,BB Ticker,United Kingdom,,,
Lifecycle_Balanced_Pool_Superannuation,Listed Property,"WP CAREY, INC.",WPC US,BB Ticker,United States,,,
Lifecycle_Balanced_Pool_Superannuation,Listed Property,CAPITALAND ASCENDAS REIT,CLAR SP,BB Ticker,Singapore,,,
Lifecycle_Balanced_Pool_Superannuation,Listed Property,"EQUITY LIFESTYLE PROPERTIES, INC.",ELS US,BB Ticker,United States,,,
Lifecycle_Balanced_Pool_Superannuation,Listed Property,HEALTHCO REIT,HCW AU,BB Ticker,Australia,,,
Lifecycle_Balanced_Pool_Superannuation,Listed Property,KITE REALTY GROUP TRUST,KRG US,BB Ticker,United States,,,
Lifecycle_Balanced_Pool_Superannuation,Listed Property,KILROY REALTY CORP.,KRC US,BB Ticker,United States,,,
Lifecycle_Balanced_Pool_Superannuation,Listed Property,AMERICAN HOMES 4 RENT,AMH US,BB Ticker,United States,,,
Lifecycle_Balanced_Pool_Superannuation,Listed Property,"STAG INDUSTRIAL, INC.",STAG US,BB Ticker,United States,,,
Lifecycle_Balanced_Pool_Superannuation,Listed Property,GDI PROPERTY GROUP PARTNERSHIP,GDI AU,BB Ticker,Australia,,,
Lifecycle_Balanced_Pool_Superannuation,Listed Property,H&R REAL ESTATE INVESTMENT TRUST,HRU CN,BB Ticker,Canada,,,
Lifecycle_Balanced_Pool_Superannuation,Listed Property,REGENCY CENTERS CORP.,REG US,BB Ticker,United States,,,
Lifecycle_Balanced_Pool_Superannuation,Listed Property,"OMEGA HEALTHCARE INVESTORS, INC.",OHI US,BB Ticker,United States,,,
Lifecycle_Balanced_Pool_Superannuation,Listed Property,BRITISH LAND CO. PLC,BLND LN,BB Ticker,United Kingdom,,,
Lifecycle_Balanced_Pool_Superannuation,Listed Property,"ANNALY CAPITAL MANAGEMENT, INC.",NLY US,BB Ticker,United States,,,
Lifecycle_Balanced_Pool_Superannuation,Listed Property,DEXUS INDUSTRIA REIT,DXI AU,BB Ticker,Australia,,,
Lifecycle_Balanced_Pool_Superannuation,Listed Property,GRANITE REAL ESTATE INVESTMENT TRUST,GRPU US,BB Ticker,United States,,,
Lifecycle_Balanced_Pool_Superannuation,Listed Property,"GAMING & LEISURE PROPERTIES, INC.",GLPI US,BB Ticker,United States,,,
Lifecycle_Balanced_Pool_Superannuation,Listed Property,CENTURIA OFFICE REIT,COF AU,BB Ticker,Australia,,,
Lifecycle_Balanced_Pool_Superannuation,Listed Property,"SABRA HEALTH CARE REIT, INC.",SBRA US,BB Ticker,United States,,,
Lifecycle_Balanced_Pool_Superannuation,Listed Property,"TANGER, INC.",SKT US,BB Ticker,United States,,,
Lifecycle_Balanced_Pool_Superannuation,Listed Property,CUBESMART,CUBE US,BB Ticker,United States,,,
Lifecycle_Balanced_Pool_Superannuation,Listed Property,"RYMAN HOSPITALITY PROPERTIES, INC.",RHP US,BB Ticker,United States,,,
Lifecycle_Balanced_Pool_Superannuation,Listed Property,URBAN EDGE PROPERTIES,UE US,BB Ticker,United States,,,
Lifecycle_Balanced_Pool_Superannuation,Listed Property,INVINCIBLE INVESTMENT CORP.,8963 JP,BB Ticker,Japan,,,
Lifecycle_Balanced_Pool_Superannuation,Listed Property,FIBRA UNO ADMINISTRACION SA DE CV,FUNO11 MM,BB Ticker,Mexico,,,
Lifecycle_Balanced_Pool_Superannuation,Listed Property,LADDER CAPITAL CORP.,LADR US,BB Ticker,United States,,,
Lifecycle_Balanced_Pool_Superannuation,Listed Property,"NIPPON BUILDING FUND, INC.",8951 JP,BB Ticker,Japan,,,
Lifecycle_Balanced_Pool_Superannuation,Listed Property,"CBL & ASSOCIATES PROPERTIES, INC.",CBL US,BB Ticker,United States,,,
Lifecycle_Balanced_Pool_Superannuation,Listed Property,"EASTGROUP PROPERTIES, INC.",EGP US,BB Ticker,United States,,,
Lifecycle_Balanced_Pool_Superannuation,Listed Property,VORNADO REALTY TRUST,VNO US,BB Ticker,United States,,,
Lifecycle_Balanced_Pool_Superannuation,Listed Property,"REXFORD INDUSTRIAL REALTY, INC.",REXR US,BB Ticker,United States,,,
Lifecycle_Balanced_Pool_Superannuation,Listed Property,RITHM CAPITAL CORP.,RITM US,BB Ticker,United States,,,
Lifecycle_Balanced_Pool_Superannuation,Listed Property,"STARWOOD PROPERTY TRUST, INC.",STWD US,BB Ticker,United States,,,
Lifecycle_Balanced_Pool_Superannuation,Listed Property,MAPLETREE LOGISTICS TRUST,MLT SP,BB Ticker,Singapore,,,
Lifecycle_Balanced_Pool_Superannuation,Listed Property,BRANDYWINE REALTY TRUST,BDN US,BB Ticker,United States,,,
Lifecycle_Balanced_Pool_Superannuation,Listed Property,FIBRA MACQUARIE MEXICO,FIBRAMQ MM,BB Ticker,Mexico,,,
Lifecycle_Balanced_Pool_Superannuation,Listed Property,"FIRST INDUSTRIAL REALTY TRUST, INC.",FR US,BB Ticker,United States,,,
Lifecycle_Balanced_Pool_Superannuation,Listed Property,REYSAS GAYRIMENKUL YATIRIM ORTAKLIGI AS,RYGYO TI,BB Ticker,Turkey,,,
Lifecycle_Balanced_Pool_Superannuation,Listed Property,DIAMONDROCK HOSPITALITY CO.,DRH US,BB Ticker,United States,,,
Lifecycle_Balanced_Pool_Superannuation,Listed Property,POTLATCHDELTIC CORP.,PCH US,BB Ticker,United States,,,
Lifecycle_Balanced_Pool_Superannuation,Listed Property,"COUSINS PROPERTIES, INC.",CUZ US,BB Ticker,United States,,,
Lifecycle_Balanced_Pool_Superannuation,Listed Property,"NATIONAL HEALTH INVESTORS, INC.",NHI US,BB Ticker,United States,,,
Lifecycle_Balanced_Pool_Superannuation,Listed Property,PRIMARIS REAL ESTATE INVESTMENT TRUST,PMZU CN,BB Ticker,Canada,,,
Lifecycle_Balanced_Pool_Superannuation,Listed Property,JAPAN METROPOLITAN FUND INVEST,8953 JP,BB Ticker,Japan,,,
Lifecycle_Balanced_Pool_Superannuation,Listed Property,EPR PROPERTIES,EPR US,BB Ticker,United States,,,
Lifecycle_Balanced_Pool_Superannuation,Listed Property,DIGICO INFRASTRUCTURE REIT,DGT AU,BB Ticker,Australia,,,
Lifecycle_Balanced_Pool_Superannuation,Listed Property,EMBASSY OFFICE PARKS REIT,EMBASSY IN,BB Ticker,India,,,
Lifecycle_Balanced_Pool_Superannuation,Listed Property,FEDERAL REALTY INVESTMENT TRUST,FRT US,BB Ticker,United States,,,
Lifecycle_Balanced_Pool_Superannuation,Listed Property,"NIPPON PROLOGIS REIT, INC.",3283 JP,BB Ticker,Japan,,,
Lifecycle_Balanced_Pool_Superannuation,Listed Property,MACERICH CO.,MAC US,BB Ticker,United States,,,
Lifecycle_Balanced_Pool_Superannuation,Listed Property,"XENIA HOTELS & RESORTS, INC.",XHR US,BB Ticker,United States,,,
Lifecycle_Balanced_Pool_Superannuation,Listed Property,"BROADSTONE NET LEASE, INC.",BNL US,BB Ticker,United States,,,
Lifecycle_Balanced_Pool_Superannuation,Listed Property,"MEDICAL PROPERTIES TRUST, INC.",MPW US,BB Ticker,United States,,,
Lifecycle_Balanced_Pool_Superannuation,Listed Property,"DOUGLAS EMMETT, INC.",DEI US,BB Ticker,United States,,,
Lifecycle_Balanced_Pool_Superannuation,Listed Property,RIOCAN REAL ESTATE INVESTMENT TRUST,REIU CN,BB Ticker,Canada,,,
Lifecycle_Balanced_Pool_Superannuation,Listed Property,"FRANKLIN BSP REALTY TRUST, INC.",FBRT US,BB Ticker,United States,,,
Lifecycle_Balanced_Pool_Superannuation,Listed Property,"MFA FINANCIAL, INC.",MFA US,BB Ticker,United States,,,
Lifecycle_Balanced_Pool_Superannuation,Listed Property,JAPAN REAL ESTATE INVESTMENT CORP.,8952 JP,BB Ticker,Japan,,,
Lifecycle_Balanced_Pool_Superannuation,Listed Property,GROWTHPOINT PROPERTIES LTD.,GRT SJ,BB Ticker,South Africa,,,
Lifecycle_Balanced_Pool_Superannuation,Listed Property,MAPLETREE PAN ASIA COMMERCIAL TRUST,MPACT SP,BB Ticker,Singapore,,,
Lifecycle_Balanced_Pool_Superannuation,Listed Property,CURBLINE PROPERTIES CORP.,CURB US,BB Ticker,United States,,,
Lifecycle_Balanced_Pool_Superannuation,Listed Property,"APPLE HOSPITALITY REIT, INC.",APLE US,BB Ticker,United States,,,
Lifecycle_Balanced_Pool_Superannuation,Listed Property,"NNN REIT, INC.",NNN US,BB Ticker,United States,,,
Lifecycle_Balanced_Pool_Superannuation,Listed Property,CANADIAN APARTMENT PROPERTIES REIT,CARU CN,BB Ticker,Canada,,,
Lifecycle_Balanced_Pool_Superannuation,Listed Property,QUALITAS REAL ESTATE INCOME FUND,QRI AU,BB Ticker,Australia,,,
Lifecycle_Balanced_Pool_Superannuation,Listed Property,TERRENO REALTY CORP.,TRNO US,BB Ticker,United States,,,
Lifecycle_Balanced_Pool_Superannuation,Listed Property,"EMPIRE STATE REALTY TRUST, INC.",ESRT US,BB Ticker,United States,,,
Lifecycle_Balanced_Pool_Superannuation,Listed Property,"PHILLIPS EDISON & CO., INC.",PECO US,BB Ticker,United States,,,
Lifecycle_Balanced_Pool_Superannuation,Listed Property,"CARETRUST REIT, INC.",CTRE US,BB Ticker,United States,,,
Lifecycle_Balanced_Pool_Superannuation,Listed Property,LXP INDUSTRIAL TRUST,LXP US,BB Ticker,United States,,,
Lifecycle_Balanced_Pool_Superannuation,Listed Property,"RAYONIER, INC.",RYN US,BB Ticker,United States,,,
Lifecycle_Balanced_Pool_Superannuation,Listed Property,KDX REALTY INVESTMENT CORP.,8972 JP,BB Ticker,Japan,,,
Lifecycle_Balanced_Pool_Superannuation,Listed Property,"HIGHWOODS PROPERTIES, INC.",HIW US,BB Ticker,United States,,,
Lifecycle_Balanced_Pool_Superannuation,Listed Property,REDEFINE PROPERTIES LTD.,RDF SJ,BB Ticker,South Africa,,,
Lifecycle_Balanced_Pool_Superannuation,Listed Property,WAREHOUSES DE PAUW CVA,WDP BB,BB Ticker,Belgium,,,
Lifecycle_Balanced_Pool_Superannuation,Listed Property,"NOMURA REAL ESTATE MASTER FUND, INC.",3462 JP,BB Ticker,Japan,,,
Lifecycle_Balanced_Pool_Superannuation,Listed Property,ARTIS REAL ESTATE INVESTMENT TRUST,AXU CN,BB Ticker,Canada,,,
Lifecycle_Balanced_Pool_Superannuation,Listed Property,GRANITE REAL ESTATE INVESTMENT TRUST,GRTU CN,BB Ticker,Canada,,,
Lifecycle_Balanced_Pool_Superannuation,Listed Property,AGREE REALTY CORP.,ADC US,BB Ticker,United States,,,
Lifecycle_Balanced_Pool_Superannuation,Listed Property,READY CAPITAL CORP.,RC US,BB Ticker,United States,,,
Lifecycle_Balanced_Pool_Superannuation,Listed Property,"SAFEHOLD, INC.",SAFE US,BB Ticker,United States,,,
Lifecycle_Balanced_Pool_Superannuation,Listed Property,MERLIN PROPERTIES SOCIMI SA,MRL SM,BB Ticker,Spain,,,
Lifecycle_Balanced_Pool_Superannuation,Listed Property,"ARBOR REALTY TRUST, INC.",ABR US,BB Ticker,United States,,,
Lifecycle_Balanced_Pool_Superannuation,Listed Property,TWO HARBORS INVESTMENT CORP.,TWO US,BB Ticker,United States,,,
Lifecycle_Balanced_Pool_Superannuation,Listed Property,CARMILA SA,CARM FP,BB Ticker,France,,,
Lifecycle_Balanced_Pool_Superannuation,Listed Property,"TPG RE FINANCE TRUST, INC.",TRTX US,BB Ticker,United States,,,
Lifecycle_Balanced_Pool_Superannuation,Listed Property,"AMERICOLD REALTY TRUST, INC.",COLD US,BB Ticker,United States,,,
Lifecycle_Balanced_Pool_Superannuation,Listed Property,GLP J-REIT,3281 JP,BB Ticker,Japan,,,
Lifecycle_Balanced_Pool_Superannuation,Listed Property,"INNOVATIVE INDUSTRIAL PROPERTIES, INC.",IIPR US,BB Ticker,United States,,,
Lifecycle_Balanced_Pool_Superannuation,Listed Property,DAIWA HOUSE REIT INVESTMENT CORP.,8984 JP,BB Ticker,Japan,,,
Lifecycle_Balanced_Pool_Superannuation,Listed Property,CHOICE PROPERTIES REAL ESTATE INVESTMENT TRUST,CHPU CN,BB Ticker,Canada,,,
Lifecycle_Balanced_Pool_Superannuation,Listed Property,JAPAN HOTEL REIT INVESTMENT CORP.,8985 JP,BB Ticker,Japan,,,
Lifecycle_Balanced_Pool_Superannuation,Listed Property,"BLACKSTONE MORTGAGE TRUST, INC.",BXMT US,BB Ticker,United States,,,
Lifecycle_Balanced_Pool_Superannuation,Listed Property,TRITAX BIG BOX REIT PLC,BBOX LN,BB Ticker,United Kingdom,,,
Lifecycle_Balanced_Pool_Superannuation,Listed Property,PEBBLEBROOK HOTEL TRUST,PEB US,BB Ticker,United States,,,
Lifecycle_Balanced_Pool_Superannuation,Listed Property,UNITED URBAN INVESTMENT CORP.,8960 JP,BB Ticker,Japan,,,
Lifecycle_Balanced_Pool_Superannuation,Listed Property,"NEXPOINT RESIDENTIAL TRUST, INC.",NXRT US,BB Ticker,United States,,,
Lifecycle_Balanced_Pool_Superannuation,Listed Property,ADVANCE RESIDENCE INVESTMENT CORP.,3269 JP,BB Ticker,Japan,,,
Lifecycle_Balanced_Pool_Superannuation,Listed Property,AEON REIT INVESTMENT CORP.,3292 JP,BB Ticker,Japan,,,
Lifecycle_Balanced_Pool_Superannuation,Listed Property,FIRST CAPITAL REAL ESTATE INVESTMENT TRUST,FCRU CN,BB Ticker,Canada,,,
Lifecycle_Balanced_Pool_Superannuation,Listed Property,SHAFTESBURY CAPITAL PLC,SHC LN,BB Ticker,United Kingdom,,,
Lifecycle_Balanced_Pool_Superannuation,Listed Property,SITE CENTERS CORP.,SITC US,BB Ticker,United States,,,
Lifecycle_Balanced_Pool_Superannuation,Listed Property,BIG YELLOW GROUP PLC,BYG LN,BB Ticker,United Kingdom,,,
Lifecycle_Balanced_Pool_Superannuation,Listed Property,PROLOGIS PROPERTY MEXICO SA DE CV,FIBRAPL MM,BB Ticker,Mexico,,,
Lifecycle_Balanced_Pool_Superannuation,Listed Property,COFINIMMO SA,COFB BB,BB Ticker,Belgium,,,
Lifecycle_Balanced_Pool_Superannuation,Listed Property,PENNYMAC MORTGAGE INVESTMENT TRUST,PMT US,BB Ticker,United States,,,
Lifecycle_Balanced_Pool_Superannuation,Listed Property,SUNTEC REAL ESTATE INVESTMENT TRUST,SUN SP,BB Ticker,Singapore,,,
Lifecycle_Balanced_Pool_Superannuation,Listed Property,MERCIALYS SA,MERY FP,BB Ticker,France,,,
Lifecycle_Balanced_Pool_Superannuation,Listed Property,"LTC PROPERTIES, INC.",LTC US,BB Ticker,United States,,,
Lifecycle_Balanced_Pool_Superannuation,Listed Property,"ESSENTIAL PROPERTIES REALTY TRUST, INC.",EPRT US,BB Ticker,United States,,,
Lifecycle_Balanced_Pool_Superannuation,Listed Property,JADWA REIT SAUDI FUND,JADWAREI AB,BB Ticker,Saudi Arabia,,,
Lifecycle_Balanced_Pool_Superannuation,Listed Property,UNITE GROUP PLC,UTG LN,BB Ticker,United Kingdom,,,
Lifecycle_Balanced_Pool_Superannuation,Listed Property,LONDONMETRIC PROPERTY PLC,LMP LN,BB Ticker,United Kingdom,,,
Lifecycle_Balanced_Pool_Superannuation,Listed Property,MAPLETREE INDUSTRIAL TRUST,MINT SP,BB Ticker,Singapore,,,
Lifecycle_Balanced_Pool_Superannuation,Listed Property,"ORIX JREIT, INC.",8954 JP,BB Ticker,Japan,,,
Lifecycle_Balanced_Pool_Superannuation,Listed Property,SHURGARD SELF STORAGE LTD.,SHUR BB,BB Ticker,Belgium,,,
Lifecycle_Balanced_Pool_Superannuation,Listed Property,KEPPEL REIT,KREIT SP,BB Ticker,Singapore,,,
Lifecycle_Balanced_Pool_Superannuation,Listed Property,ACADIA REALTY TRUST,AKR US,BB Ticker,United States,,,
Lifecycle_Balanced_Pool_Superannuation,Listed Property,HAMMERSON PLC,HMSO LN,BB Ticker,United Kingdom,,,
Lifecycle_Balanced_Pool_Superannuation,Listed Property,"SEKISUI HOUSE REIT, INC.",3309 JP,BB Ticker,Japan,,,
Lifecycle_Balanced_Pool_Superannuation,Listed Property,CAPITALAND ASCOTT TRUST,CLAS SP,BB Ticker,Singapore,,,
Lifecycle_Balanced_Pool_Superannuation,Listed Property,ICADE,ICAD FP,BB Ticker,France,,,
Lifecycle_Balanced_Pool_Superannuation,Listed Property,SAFESTORE HOLDINGS PLC,SAFE LN,BB Ticker,United Kingdom,,,
Lifecycle_Balanced_Pool_Superannuation,Listed Property,"NIPPON ACCOMMODATIONS FUND, INC.",3226 JP,BB Ticker,Japan,,,
Lifecycle_Balanced_Pool_Superannuation,Listed Property,"APOLLO COMMERCIAL REAL ESTATE FINANCE, INC.",ARI US,BB Ticker,United States,,,
Lifecycle_Balanced_Pool_Superannuation,Listed Property,BROOKFIELD INDIA REAL ESTATE TRUST,BIRET IN,BB Ticker,India,,,
Lifecycle_Balanced_Pool_Superannuation,Listed Property,"UNITI GROUP, INC.",UNIT US,BB Ticker,United States,,,
Lifecycle_Balanced_Pool_Superannuation,Listed Property,"ACTIVIA PROPERTIES, INC.",3279 JP,BB Ticker,Japan,,,
Lifecycle_Balanced_Pool_Superannuation,Listed Property,CHIMERA INVESTMENT CORP.,CIM US,BB Ticker,United States,,,
Lifecycle_Balanced_Pool_Superannuation,Listed Property,INDUSTRIAL & INFRASTRUCTURE FUND INVESTMENT CORP.,3249 JP,BB Ticker,Japan,,,
Lifecycle_Balanced_Pool_Superannuation,Listed Property,"INDEPENDENCE REALTY TRUST, INC.",IRT US,BB Ticker,United States,,,
Lifecycle_Balanced_Pool_Superannuation,Listed Property,"JAPAN LOGISTICS FUND, INC.",8967 JP,BB Ticker,Japan,,,
Lifecycle_Balanced_Pool_Superannuation,Listed Property,COPT DEFENSE PROPERTIES,CDP US,BB Ticker,United States,,,
Lifecycle_Balanced_Pool_Superannuation,Listed Property,"MITSUI FUDOSAN LOGISTICS PARK, INC.",3471 JP,BB Ticker,Japan,,,
Lifecycle_Balanced_Pool_Superannuation,Listed Property,AEDIFICA SA,AED BB,BB Ticker,Belgium,,,
Lifecycle_Balanced_Pool_Superannuation,Listed Property,SIRIUS REAL ESTATE LTD.,SRE LN,BB Ticker,United Kingdom,,,
Lifecycle_Balanced_Pool_Superannuation,Listed Property,ELME COMMUNITIES,ELME US,BB Ticker,United States,,,
Lifecycle_Balanced_Pool_Superannuation,Listed Property,FRONTIER REAL ESTATE INVESTMENT CORP.,8964 JP,BB Ticker,Japan,,,
Lifecycle_Balanced_Pool_Superannuation,Listed Property,"REDWOOD TRUST, INC.",RWT US,BB Ticker,United States,,,
Lifecycle_Balanced_Pool_Superannuation,Listed Property,LENDLEASE GLOBAL COMMERCIAL REIT,LREIT SP,BB Ticker,Singapore,,,
Lifecycle_Balanced_Pool_Superannuation,Listed Property,"COMFORIA RESIDENTIAL REIT, INC.",3282 JP,BB Ticker,Japan,,,
Lifecycle_Balanced_Pool_Superannuation,Listed Property,RESILIENT REIT LTD.,RES SJ,BB Ticker,South Africa,,,
Lifecycle_Balanced_Pool_Superannuation,Listed Property,"NEW YORK MORTGAGE TRUST, INC.",NYMT US,BB Ticker,United States,,,
Lifecycle_Balanced_Pool_Superannuation,Listed Property,INVENTRUST PROPERTIES CORP.,IVT US,BB Ticker,United States,,,
Lifecycle_Balanced_Pool_Superannuation,Listed Property,"INVESCO MORTGAGE CAPITAL, INC.",IVR US,BB Ticker,United States,,,
Lifecycle_Balanced_Pool_Superannuation,Listed Property,EQUITY COMMONWEALTH,EQC US,BB Ticker,United States,,,
Lifecycle_Balanced_Pool_Superannuation,Listed Infrastructure,TRANSURBAN GROUP,TCL AU,BB Ticker,Australia,,,
Lifecycle_Balanced_Pool_Superannuation,Listed Infrastructure,APA GROUP,APA AU,BB Ticker,Australia,,,
Lifecycle_Balanced_Pool_Superannuation,Listed Infrastructure,ATLAS ARTERIA LTD.,ALX AU,BB Ticker,Australia,,,
Lifecycle_Balanced_Pool_Superannuation,Listed Infrastructure,DALRYMPLE BAY INFRASTRUCTURE LTD.,DBI AU,BB Ticker,Australia,,,
Lifecycle_Balanced_Pool_Superannuation,Listed Infrastructure,ENLINK MIDSTREAM LLC,ENLC US,BB Ticker,United States,,,
Lifecycle_Balanced_Pool_Superannuation,Listed Infrastructure,HKT TRUST & HKT LTD.,6823 HK,BB Ticker,Hong Kong,,,
Lifecycle_Balanced_Pool_Superannuation,Listed Infrastructure,GLOBAL DATA CENTRE GROUP,GDC AU,BB Ticker,Australia,,,
Lifecycle_Balanced_Pool_Superannuation,Listed Infrastructure,NETLINK NBN TRUST,NETLINK SP,BB Ticker,Singapore,,,
Lifecycle_Balanced_Pool_Superannuation,Listed Alternatives,NEXTERA ENERGY PARTNERS LP,XIFR US,BB Ticker,United States,,,
