Option Name,Asset Class Name,Name/Kind of Investment Item,Stock ID,ID_Type,Listed Country,Exchange Code,Ticker,Yahoo Ticker
Balanced,Listed Equity,3i Group PLC,III LN,BB Ticker,United Kingdom,,,
Balanced,Listed Equity,3M Co,MMM US,BB Ticker,United States,,,
Balanced,Listed Equity,A O Smith Corp,AOS US,BB Ticker,United States,,,
Balanced,Listed Equity,a2 Milk Co Ltd/The,A2M AU,BB Ticker,Australia,,,
Balanced,Listed Equity,A2A SpA,A2A IM,BB Ticker,Italy,,,
Balanced,Listed Equity,AAC Technologies Holdings Inc,2018 HK,BB Ticker,Hong Kong,,,
Balanced,Listed Equity,ABB Ltd,ABBN SW,BB Ticker,Switzerland,,,
Balanced,Listed Equity,Abbott Laboratories,ABT US,BB Ticker,United States,,,
Balanced,Listed Equity,AbbVie Inc,ABBV US,BB Ticker,United States,,,
Balanced,Listed Equity,ABN AMRO Bank NV,ABN NA,BB Ticker,Netherlands,,,
Balanced,Listed Equity,Abu Dhabi Commercial Bank PJSC,ADCB UH,BB Ticker,United Arab Emirates,,,
Balanced,Listed Equity,Abu Dhabi Islamic Bank PJSC,ADIB UH,BB Ticker,United Arab Emirates,,,
Balanced,Listed Equity,Accent Group Ltd,AX1 AU,BB Ticker,Australia,,,
Balanced,Listed Equity,Accenture PLC,ACN US,BB Ticker,United States,,,
Balanced,Listed Equity,Accton Technology Corp,2345 TT,BB Ticker,Taiwan,,,
Balanced,Listed Equity,ACS Actividades de Construccion y Servicios SA,ACS SM,BB Ticker,Spain,,,
Balanced,Listed Equity,Acuity Brands Inc,AYI US,BB Ticker,United States,,,
Balanced,Listed Equity,Adairs Ltd,ADH AU,BB Ticker,Australia,,,
Balanced,Listed Equity,adidas AG,ADS GR,BB Ticker,Germany,,,
Balanced,Listed Equity,Adnoc Gas PLC,ADNOCGAS UH,BB Ticker,United Arab Emirates,,,
Balanced,Listed Equity,ADNOC Logistics & Services,ADNOCLS UH,BB Ticker,United Arab Emirates,,,
Balanced,Listed Equity,Adobe Inc,ADBE US,BB Ticker,United States,,,
Balanced,Listed Equity,Adriatic Metals PLC,ADT AU,BB Ticker,Australia,,,
Balanced,Listed Equity,Advanced Micro Devices Inc,AMD US,BB Ticker,United States,,,
Balanced,Listed Equity,Advantech Co Ltd,2395 TT,BB Ticker,Taiwan,,,
Balanced,Listed Equity,Advantest Corp,6857 JP,BB Ticker,Japan,,,
Balanced,Listed Equity,Adyen NV,ADYEN NA,BB Ticker,Netherlands,,,
Balanced,Listed Equity,Aena SME SA,AENA SM,BB Ticker,Spain,,,
Balanced,Listed Equity,AerCap Holdings NV,AER US,BB Ticker,United States,,,
Balanced,Listed Equity,Aeroports de Paris SA,ADP FP,BB Ticker,France,,,
Balanced,Listed Equity,Aflac Inc,AFL US,BB Ticker,United States,,,
Balanced,Listed Equity,Agilent Technologies Inc,A US,BB Ticker,United States,,,
Balanced,Listed Equity,AGL Energy Ltd,AGL AU,BB Ticker,Australia,,,
Balanced,Listed Equity,Agnico Eagle Mines Limited/Mines Agnico Eagle Limitee,AEM CN,BB Ticker,Canada,,,
Balanced,Listed Equity,AIA Group Ltd,1299 HK,BB Ticker,Hong Kong,,,
Balanced,Listed Equity,AIB Group PLC,AIBG ID,BB Ticker,Ireland,,,
Balanced,Listed Equity,Aier Eye Hospital Group Co Ltd,300015 C2,BB Ticker,China,,,
Balanced,Listed Equity,Air Canada,AC CN,BB Ticker,Canada,,,
Balanced,Listed Equity,Air Liquide SA,AI FP,BB Ticker,France,,,
Balanced,Listed Equity,Airbnb Inc,ABNB US,BB Ticker,United States,,,
Balanced,Listed Equity,Airbus SE,AIR FP,BB Ticker,France,,,
Balanced,Listed Equity,Airtac International Group,1590 TT,BB Ticker,Taiwan,,,
Balanced,Listed Equity,Ajinomoto Co Inc,2802 JP,BB Ticker,Japan,,,
Balanced,Listed Equity,Akamai Technologies Inc,AKAM US,BB Ticker,United States,,,
Balanced,Listed Equity,Akbank TAS,AKBNK TI,BB Ticker,Turkey,,,
Balanced,Listed Equity,Al Rajhi Bank,RJHI AB,BB Ticker,Saudi Arabia,,,
Balanced,Listed Equity,Al Rajhi Co for Co-operative Insurance,ARCCI AB,BB Ticker,Saudi Arabia,,,
Balanced,Listed Equity,Albertsons Cos Inc,ACI US,BB Ticker,United States,,,
Balanced,Listed Equity,Alcoa Corp,AAI AU,BB Ticker,Australia,,,
Balanced,Listed Equity,Alcoa Corp,AA US,BB Ticker,United States,,,
Balanced,Listed Equity,Alcon Inc,ALC SW,BB Ticker,Switzerland,,,
Balanced,Listed Equity,Alfresa Holdings Corp,2784 JP,BB Ticker,Japan,,,
Balanced,Listed Equity,Algonquin Power & Utilities Corp,AQN CN,BB Ticker,Canada,,,
Balanced,Listed Equity,Alibaba Group Holding Ltd,BABA US,BB Ticker,United States,,,
Balanced,Listed Equity,Alibaba Group Holding Ltd,9988 HK,BB Ticker,Hong Kong,,,
Balanced,Listed Equity,Align Technology Inc,ALGN US,BB Ticker,United States,,,
Balanced,Listed Equity,Allegion plc,ALLE US,BB Ticker,United States,,,
Balanced,Listed Equity,Allegro.eu SA,ALE PW,BB Ticker,Poland,,,
Balanced,Listed Equity,ALLETE Inc,ALE US,BB Ticker,United States,,,
Balanced,Listed Equity,Alliance Aviation Services Ltd,AQZ AU,BB Ticker,Australia,,,
Balanced,Listed Equity,Alliant Energy Corp,LNT US,BB Ticker,United States,,,
Balanced,Listed Equity,Allianz SE,ALV GR,BB Ticker,Germany,,,
Balanced,Listed Equity,Ally Financial Inc,ALLY US,BB Ticker,United States,,,
Balanced,Listed Equity,Alnylam Pharmaceuticals Inc,ALNY US,BB Ticker,United States,,,
Balanced,Listed Equity,Alpha Dhabi Holding PJSC,ALPHADHA UH,BB Ticker,United Arab Emirates,,,
Balanced,Listed Equity,Alpha HPA Ltd,A4N AU,BB Ticker,Australia,,,
Balanced,Listed Equity,Alphabet Inc,GOOGL US,BB Ticker,United States,,,
Balanced,Listed Equity,Alphabet Inc,GOOG US,BB Ticker,United States,,,
Balanced,Listed Equity,Alps Alpine Co Ltd,6770 JP,BB Ticker,Japan,,,
Balanced,Listed Equity,ALS Ltd,ALQ AU,BB Ticker,Australia,,,
Balanced,Listed Equity,Amadeus IT Group SA,AMS SM,BB Ticker,Spain,,,
Balanced,Listed Equity,Amazon.com Inc,AMZN US,BB Ticker,United States,,,
Balanced,Listed Equity,Ambev SA,ABEV US,BB Ticker,United States,,,
Balanced,Listed Equity,Ambev SA,ABEV3 BZ,BB Ticker,Brazil,,,
Balanced,Listed Equity,Amcor PLC,AMC AU,BB Ticker,Australia,,,
Balanced,Listed Equity,Amdocs Ltd,DOX US,BB Ticker,United States,,,
Balanced,Listed Equity,Ameren Corp,AEE US,BB Ticker,United States,,,
Balanced,Listed Equity,America Movil SAB de CV,AMXB MM,BB Ticker,Mexico,,,
Balanced,Listed Equity,American Electric Power Co Inc,AEP US,BB Ticker,United States,,,
Balanced,Listed Equity,American Express Co,AXP US,BB Ticker,United States,,,
Balanced,Listed Equity,American International Group Inc,AIG US,BB Ticker,United States,,,
Balanced,Listed Equity,American States Water Co,AWR US,BB Ticker,United States,,,
Balanced,Listed Equity,American Water Works Co Inc,AWK US,BB Ticker,United States,,,
Balanced,Listed Equity,Ameriprise Financial Inc,AMP US,BB Ticker,United States,,,
Balanced,Listed Equity,Amgen Inc,AMGN US,BB Ticker,United States,,,
Balanced,Listed Equity,Amotiv Ltd,AOV AU,BB Ticker,Australia,,,
Balanced,Listed Equity,AMP Ltd,AMP AU,BB Ticker,Australia,,,
Balanced,Listed Equity,Amphenol Corp,APH US,BB Ticker,United States,,,
Balanced,Listed Equity,Amplitude Energy Ltd,AEL AU,BB Ticker,Australia,,,
Balanced,Listed Equity,Ampol Ltd,ALD AU,BB Ticker,Australia,,,
Balanced,Listed Equity,Amundi SA,AMUN FP,BB Ticker,France,,,
Balanced,Listed Equity,ANA Holdings Inc,9202 JP,BB Ticker,Japan,,,
Balanced,Listed Equity,Analog Devices Inc,ADI US,BB Ticker,United States,,,
Balanced,Listed Equity,ANDRITZ AG,ANDR AV,BB Ticker,Austria,,,
Balanced,Listed Equity,Anglo American Platinum Ltd,AMS SJ,BB Ticker,South Africa,,,
Balanced,Listed Equity,Anheuser-Busch InBev SA/NV,ABI BB,BB Ticker,Belgium,,,
Balanced,Listed Equity,Anritsu Corp,6754 JP,BB Ticker,Japan,,,
Balanced,Listed Equity,Ansell Ltd,ANN AU,BB Ticker,Australia,,,
Balanced,Listed Equity,ANSYS Inc,ANSS US,BB Ticker,United States,,,
Balanced,Listed Equity,ANZ Group Holdings Ltd,ANZ AU,BB Ticker,Australia,,,
Balanced,Listed Equity,Aon PLC,AON US,BB Ticker,United States,,,
Balanced,Listed Equity,AP Moller - Maersk A/S,MAERSKB DC,BB Ticker,Denmark,,,
Balanced,Listed Equity,AP Moller - Maersk A/S,MAERSKA DC,BB Ticker,Denmark,,,
Balanced,Listed Equity,APA Corp,APA US,BB Ticker,United States,,,
Balanced,Listed Equity,Apple Inc,AAPL US,BB Ticker,United States,,,
Balanced,Listed Equity,Applied Materials Inc,AMAT US,BB Ticker,United States,,,
Balanced,Listed Equity,AppLovin Corp,APP US,BB Ticker,United States,,,
Balanced,Listed Equity,Aptiv PLC,APTV US,BB Ticker,United States,,,
Balanced,Listed Equity,Arab National Bank,ARNB AB,BB Ticker,Saudi Arabia,,,
Balanced,Listed Equity,Arafura Rare Earths Ltd,ARU AU,BB Ticker,Australia,,,
Balanced,Listed Equity,Aramark,ARMK US,BB Ticker,United States,,,
Balanced,Listed Equity,ARB Corp Ltd,ARB AU,BB Ticker,Australia,,,
Balanced,Listed Equity,ARC Resources Ltd,ARX CN,BB Ticker,Canada,,,
Balanced,Listed Equity,Arca Continental SAB de CV,AC* MM,BB Ticker,Mexico,,,
Balanced,Listed Equity,Arcadium Lithium PLC,LTM AU,BB Ticker,Australia,,,
Balanced,Listed Equity,ArcelorMittal SA,MT NA,BB Ticker,Netherlands,,,
Balanced,Listed Equity,Arch Capital Group Ltd,ACGL US,BB Ticker,United States,,,
Balanced,Listed Equity,Ares Management Corp,ARES US,BB Ticker,United States,,,
Balanced,Listed Equity,Arhaus Inc,ARHS US,BB Ticker,United States,,,
Balanced,Listed Equity,Arista Networks Inc,ANET US,BB Ticker,United States,,,
Balanced,Listed Equity,Aristocrat Leisure Ltd,ALL AU,BB Ticker,Australia,,,
Balanced,Listed Equity,Armstrong World Industries Inc,AWI US,BB Ticker,United States,,,
Balanced,Listed Equity,ASE Technology Holding Co Ltd,3711 TT,BB Ticker,Taiwan,,,
Balanced,Listed Equity,Aselsan Elektronik Sanayi Ve Ticaret AS,ASELS TI,BB Ticker,Turkey,,,
Balanced,Listed Equity,Ashtead Group PLC,AHT LN,BB Ticker,United Kingdom,,,
Balanced,Listed Equity,Asia Vital Components Co Ltd,3017 TT,BB Ticker,Taiwan,,,
Balanced,Listed Equity,Asics Corp,7936 JP,BB Ticker,Japan,,,
Balanced,Listed Equity,ASML Holding NV,ASML NA,BB Ticker,Netherlands,,,
Balanced,Listed Equity,ASPEED Technology Inc,5274 TT,BB Ticker,Taiwan,,,
Balanced,Listed Equity,Aspen Pharmacare Holdings Ltd,APN SJ,BB Ticker,South Africa,,,
Balanced,Listed Equity,ASR Nederland NV,ASRNL NA,BB Ticker,Netherlands,,,
Balanced,Listed Equity,Assa Abloy AB,ASSAB SS,BB Ticker,Sweden,,,
Balanced,Listed Equity,Associated British Foods PLC,ABF LN,BB Ticker,United Kingdom,,,
Balanced,Listed Equity,Assurant Inc,AIZ US,BB Ticker,United States,,,
Balanced,Listed Equity,Assured Guaranty Ltd,AGO US,BB Ticker,United States,,,
Balanced,Listed Equity,AstraZeneca PLC,AZN LN,BB Ticker,United Kingdom,,,
Balanced,Listed Equity,Asustek Computer Inc,2357 TT,BB Ticker,Taiwan,,,
Balanced,Listed Equity,ASX Ltd,ASX AU,BB Ticker,Australia,,,
Balanced,Listed Equity,AT&T Inc,T US,BB Ticker,United States,,,
Balanced,Listed Equity,Atco Ltd/Canada,ACO/X CN,BB Ticker,Canada,,,
Balanced,Listed Equity,ATI Inc,ATI US,BB Ticker,United States,,,
Balanced,Listed Equity,Atlas Copco AB,ATCOBS M0,BB Ticker,France,,,
Balanced,Listed Equity,Atlas Copco AB,ATCOA SS,BB Ticker,Sweden,,,
Balanced,Listed Equity,Atlas Copco AB,ATCOB SS,BB Ticker,Sweden,,,
Balanced,Listed Equity,Atlassian Corp,TEAM US,BB Ticker,United States,,,
Balanced,Listed Equity,Atmos Energy Corp,ATO US,BB Ticker,United States,,,
Balanced,Listed Equity,AU Small Finance Bank Ltd,AUBANK IN,BB Ticker,India,,,
Balanced,Listed Equity,AUB Group Ltd,AUB AU,BB Ticker,Australia,,,
Balanced,Listed Equity,Auckland International Airport Ltd,AIA NZ,BB Ticker,New Zealand,,,
Balanced,Listed Equity,Auckland International Airport Ltd,AIA AU,BB Ticker,Australia,,,
Balanced,Listed Equity,Audinate Group Ltd,AD8 AU,BB Ticker,Australia,,,
Balanced,Listed Equity,Aurizon Holdings Ltd,AZJ AU,BB Ticker,Australia,,,
Balanced,Listed Equity,Aurora Solar Technologies Inc,ACU CN,BB Ticker,Canada,,,
Balanced,Listed Equity,Aussie Broadband Ltd,ABB AU,BB Ticker,Australia,,,
Balanced,Listed Equity,Austal Ltd,ASB AU,BB Ticker,Australia,,,
Balanced,Listed Equity,Austin Engineering Ltd,ANG AU,BB Ticker,Australia,,,
Balanced,Listed Equity,Australian Clinical Labs Ltd,ACL AU,BB Ticker,Australia,,,
Balanced,Listed Equity,Australian Ethical Investment Ltd,AEF AU,BB Ticker,Australia,,,
Balanced,Listed Equity,Australian Finance Group Ltd,AFG AU,BB Ticker,Australia,,,
Balanced,Listed Equity,Auto Trader Group PLC,AUTO LN,BB Ticker,United Kingdom,,,
Balanced,Listed Equity,Autodesk Inc,ADSK US,BB Ticker,United States,,,
Balanced,Listed Equity,Autohome Inc,ATHM US,BB Ticker,United States,,,
Balanced,Listed Equity,Autoliv Inc,ALIV SS,BB Ticker,Sweden,,,
Balanced,Listed Equity,Automatic Data Processing Inc,ADP US,BB Ticker,United States,,,
Balanced,Listed Equity,AutoZone Inc,AZO US,BB Ticker,United States,,,
Balanced,Listed Equity,Avery Dennison Corp,AVY US,BB Ticker,United States,,,
Balanced,Listed Equity,Avista Corp,AVA US,BB Ticker,United States,,,
Balanced,Listed Equity,Aviva PLC,AV/ LN,BB Ticker,United Kingdom,,,
Balanced,Listed Equity,Avnet Inc,AVT US,BB Ticker,United States,,,
Balanced,Listed Equity,AXA SA,CS FP,BB Ticker,France,,,
Balanced,Listed Equity,Axis Bank Ltd,AXSB IN,BB Ticker,India,,,
Balanced,Listed Equity,Axis Capital Holdings Ltd,AXS US,BB Ticker,United States,,,
Balanced,Listed Equity,Axon Enterprise Inc,AXON US,BB Ticker,United States,,,
Balanced,Listed Equity,B3 SA - Brasil Bolsa Balcao,B3SA3 BZ,BB Ticker,Brazil,,,
Balanced,Listed Equity,Bachem Holding AG,BANB SW,BB Ticker,Switzerland,,,
Balanced,Listed Equity,BAE Systems PLC,BA/ LN,BB Ticker,United Kingdom,,,
Balanced,Listed Equity,Baidu Inc,BIDU US,BB Ticker,United States,,,
Balanced,Listed Equity,Baidu Inc,9888 HK,BB Ticker,Hong Kong,,,
Balanced,Listed Equity,Baillie Gifford Worldwide Positive Change Fund,BGWPCAA ID,BB Ticker,Ireland,,,
Balanced,Listed Equity,Bajaj Auto Ltd,BJAUT IN,BB Ticker,India,,,
Balanced,Listed Equity,Baker Hughes Co,BKR US,BB Ticker,United States,,,
Balanced,Listed Equity,Balchem Corp,BCPC US,BB Ticker,United States,,,
Balanced,Listed Equity,Ball Corp,BALL US,BB Ticker,United States,,,
Balanced,Listed Equity,Banco Bilbao Vizcaya Argentaria SA,BBVA SM,BB Ticker,Spain,,,
Balanced,Listed Equity,Banco BPM SpA,BAMI IM,BB Ticker,Italy,,,
Balanced,Listed Equity,Banco Bradesco SA,BBDC3 BZ,BB Ticker,Brazil,,,
Balanced,Listed Equity,Banco Bradesco SA,BBDC4 BZ,BB Ticker,Brazil,,,
Balanced,Listed Equity,Banco BTG Pactual SA,BPAC11 BZ,BB Ticker,Brazil,,,
Balanced,Listed Equity,Banco de Chile,BCH US,BB Ticker,United States,,,
Balanced,Listed Equity,Banco do Brasil SA,BBAS3 BZ,BB Ticker,Brazil,,,
Balanced,Listed Equity,Banco Santander SA,SAN SM,BB Ticker,Spain,,,
Balanced,Listed Equity,Bancolombia SA,BCOLO CB,BB Ticker,Colombia,,,
Balanced,Listed Equity,Bancolombia SA,PFBCOLO CB,BB Ticker,Colombia,,,
Balanced,Listed Equity,Bangkok Dusit Medical Services PCL,BDMS/F TB,BB Ticker,Thailand,,,
Balanced,Listed Equity,Bank AlBilad,ALBI AB,BB Ticker,Saudi Arabia,,,
Balanced,Listed Equity,Bank Central Asia Tbk PT,BBCA IJ,BB Ticker,Indonesia,,,
Balanced,Listed Equity,Bank Leumi Le-Israel BM,LUMI IT,BB Ticker,Israel,,,
Balanced,Listed Equity,Bank Mandiri Persero Tbk PT,BMRI IJ,BB Ticker,Indonesia,,,
Balanced,Listed Equity,Bank of America Corp,BAC US,BB Ticker,United States,,,
Balanced,Listed Equity,Bank of China Ltd,3988 HK,BB Ticker,Hong Kong,,,
Balanced,Listed Equity,Bank of New York Mellon Corp/The,BK US,BB Ticker,United States,,,
Balanced,Listed Equity,Bank of Ningbo Co Ltd,002142 C2,BB Ticker,China,,,
Balanced,Listed Equity,Bank of Nova Scotia/The,BNS CN,BB Ticker,Canada,,,
Balanced,Listed Equity,Bank of Queensland Ltd,BOQ AU,BB Ticker,Australia,,,
Balanced,Listed Equity,Bank of the Philippine Islands,BPI PM,BB Ticker,Philippines,,,
Balanced,Listed Equity,Bank OZK,OZK US,BB Ticker,United States,,,
Balanced,Listed Equity,Bank Polska Kasa Opieki SA,PEO PW,BB Ticker,Poland,,,
Balanced,Listed Equity,Bank Rakyat Indonesia Persero Tbk PT,BBRI IJ,BB Ticker,Indonesia,,,
Balanced,Listed Equity,Bapcor Ltd,BAP AU,BB Ticker,Australia,,,
Balanced,Listed Equity,Barclays PLC,BARC LN,BB Ticker,United Kingdom,,,
Balanced,Listed Equity,Barratt Redrow PLC,BTRW LN,BB Ticker,United Kingdom,,,
Balanced,Listed Equity,Barrick Gold Corp,ABX CN,BB Ticker,Canada,,,
Balanced,Listed Equity,Barrick Gold Corp,GOLD US,BB Ticker,United States,,,
Balanced,Listed Equity,BASF SE,BAS GR,BB Ticker,Germany,,,
Balanced,Listed Equity,Baxter International Inc,BAX US,BB Ticker,United States,,,
Balanced,Listed Equity,BayCurrent Inc,6532 JP,BB Ticker,Japan,,,
Balanced,Listed Equity,Bayerische Motoren Werke AG,BMW GR,BB Ticker,Germany,,,
Balanced,Listed Equity,BB Seguridade Participacoes SA,BBSE3 BZ,BB Ticker,Brazil,,,
Balanced,Listed Equity,BDO Unibank Inc,BDO PM,BB Ticker,Philippines,,,
Balanced,Listed Equity,Beach Energy Ltd,BPT AU,BB Ticker,Australia,,,
Balanced,Listed Equity,Bechtle AG,BC8 GR,BB Ticker,Germany,,,
Balanced,Listed Equity,Becton Dickinson & Co,BDX US,BB Ticker,United States,,,
Balanced,Listed Equity,Bega Cheese Ltd,BGA AU,BB Ticker,Australia,,,
Balanced,Listed Equity,Beiersdorf AG,BEI GR,BB Ticker,Germany,,,
Balanced,Listed Equity,BeiGene Ltd,BGNE US,BB Ticker,United States,,,
Balanced,Listed Equity,BeiGene Ltd,688235 C1,BB Ticker,China,,,
Balanced,Listed Equity,Beijing Oriental Yuhong Waterproof Technology Co Ltd,002271 C2,BB Ticker,China,,,
Balanced,Listed Equity,Beijing-Shanghai High Speed Railway Co Ltd,601816 C1,BB Ticker,China,,,
Balanced,Listed Equity,Bellevue Gold Ltd,BGL AU,BB Ticker,Australia,,,
Balanced,Listed Equity,BellRing Brands Inc,BRBR US,BB Ticker,United States,,,
Balanced,Listed Equity,Bellway PLC,BWY LN,BB Ticker,United Kingdom,,,
Balanced,Listed Equity,Bendigo & Adelaide Bank Ltd,BEN AU,BB Ticker,Australia,,,
Balanced,Listed Equity,Berkshire Hathaway Inc,BRK/B US,BB Ticker,United States,,,
Balanced,Listed Equity,Best Buy Co Inc,BBY US,BB Ticker,United States,,,
Balanced,Listed Equity,Betmakers Technology Group Ltd,BET AU,BB Ticker,Australia,,,
Balanced,Listed Equity,Bhagwan Marine Ltd,BWN AU,BB Ticker,Australia,,,
Balanced,Listed Equity,Bharat Electronics Ltd,BHE IN,BB Ticker,India,,,
Balanced,Listed Equity,Bharti Airtel Ltd,BHARTI IN,BB Ticker,India,,,
Balanced,Listed Equity,BHP Group Ltd,BHP AU,BB Ticker,Australia,,,
Balanced,Listed Equity,Bid Corp Ltd,BID SJ,BB Ticker,South Africa,,,
Balanced,Listed Equity,Bilibili Inc,BILI US,BB Ticker,United States,,,
Balanced,Listed Equity,Biogen Inc,BIIB US,BB Ticker,United States,,,
Balanced,Listed Equity,BioMerieux,BIM FP,BB Ticker,France,,,
Balanced,Listed Equity,BioNTech SE,BNTX US,BB Ticker,United States,,,
Balanced,Listed Equity,Bizlink Holding Inc,3665 TT,BB Ticker,Taiwan,,,
Balanced,Listed Equity,Black Hills Corp,BKH US,BB Ticker,United States,,,
Balanced,Listed Equity,Blackrock Inc,BLK US,BB Ticker,United States,,,
Balanced,Listed Equity,Blackstone Inc,BX US,BB Ticker,United States,,,
Balanced,Listed Equity,Block Inc,SQ2 AU,BB Ticker,Australia,,,
Balanced,Listed Equity,Block Inc,SQ US,BB Ticker,United States,,,
Balanced,Listed Equity,BlueScope Steel Ltd,BSL AU,BB Ticker,Australia,,,
Balanced,Listed Equity,BNP Paribas SA,BNP FP,BB Ticker,France,,,
Balanced,Listed Equity,BOC Hong Kong Holdings Ltd,2388 HK,BB Ticker,Hong Kong,,,
Balanced,Listed Equity,BOE Technology Group Co Ltd,000725 C2,BB Ticker,China,,,
Balanced,Listed Equity,Booking Holdings Inc,BKNG US,BB Ticker,United States,,,
Balanced,Listed Equity,BorgWarner Inc,BWA US,BB Ticker,United States,,,
Balanced,Listed Equity,Bosch Ltd,BOS IN,BB Ticker,India,,,
Balanced,Listed Equity,Bosideng International Holdings Ltd,3998 HK,BB Ticker,Hong Kong,,,
Balanced,Listed Equity,Boss Energy Ltd,BOE AU,BB Ticker,Australia,,,
Balanced,Listed Equity,Boston Scientific Corp,BSX US,BB Ticker,United States,,,
Balanced,Listed Equity,Botanix Pharmaceuticals Ltd,BOT AU,BB Ticker,Australia,,,
Balanced,Listed Equity,BP PLC,BP/ LN,BB Ticker,United Kingdom,,,
Balanced,Listed Equity,Brady Corp,BRC US,BB Ticker,United States,,,
Balanced,Listed Equity,BrainChip Holdings Ltd,BRN AU,BB Ticker,Australia,,,
Balanced,Listed Equity,Brambles Ltd,BXB AU,BB Ticker,Australia,,,
Balanced,Listed Equity,Bravura Solutions Ltd,BVS AU,BB Ticker,Australia,,,
Balanced,Listed Equity,Breville Group Ltd,BRG AU,BB Ticker,Australia,,,
Balanced,Listed Equity,Brickworks Ltd,BKW AU,BB Ticker,Australia,,,
Balanced,Listed Equity,Bridgestone Corp,5108 JP,BB Ticker,Japan,,,
Balanced,Listed Equity,Bristol-Myers Squibb Co,BMY US,BB Ticker,United States,,,
Balanced,Listed Equity,Britannia Industries Ltd,BRIT IN,BB Ticker,India,,,
Balanced,Listed Equity,Broadcom Inc,AVGO US,BB Ticker,United States,,,
Balanced,Listed Equity,Broadridge Financial Solutions Inc,BR US,BB Ticker,United States,,,
Balanced,Listed Equity,Brookdale Senior Living Inc,BKD US,BB Ticker,United States,,,
Balanced,Listed Equity,Brookfield Asset Management Ltd,BAM CN,BB Ticker,Canada,,,
Balanced,Listed Equity,Brookfield Infrastructure Corp,BIPC CN,BB Ticker,Canada,,,
Balanced,Listed Equity,Brother Industries Ltd,6448 JP,BB Ticker,Japan,,,
Balanced,Listed Equity,Brown & Brown Inc,BRO US,BB Ticker,United States,,,
Balanced,Listed Equity,Builders FirstSource Inc,BLDR US,BB Ticker,United States,,,
Balanced,Listed Equity,Bumrungrad Hospital PCL,BH/F TB,BB Ticker,Thailand,,,
Balanced,Listed Equity,Bunge Global SA,BG US,BB Ticker,United States,,,
Balanced,Listed Equity,Bunzl PLC,BNZL LN,BB Ticker,United Kingdom,,,
Balanced,Listed Equity,Bupa Arabia for Cooperative Insurance Co,BUPA AB,BB Ticker,Saudi Arabia,,,
Balanced,Listed Equity,Bureau Veritas SA,BVI FP,BB Ticker,France,,,
Balanced,Listed Equity,Burgundy Diamond Mines Ltd,BDM AU,BB Ticker,Australia,,,
Balanced,Listed Equity,BYD Co Ltd,1211 HK,BB Ticker,Hong Kong,,,
Balanced,Listed Equity,C4 Therapeutics Inc,CCCC US,BB Ticker,United States,,,
Balanced,Listed Equity,Cadence Design Systems Inc,CDNS US,BB Ticker,United States,,,
Balanced,Listed Equity,Caixa Seguridade Participacoes S/A,CXSE3 BZ,BB Ticker,Brazil,,,
Balanced,Listed Equity,CaixaBank SA,CABK SM,BB Ticker,Spain,,,
Balanced,Listed Equity,California Water Service Group,CWT US,BB Ticker,United States,,,
Balanced,Listed Equity,Canadian Imperial Bank of Commerce,CM CN,BB Ticker,Canada,,,
Balanced,Listed Equity,Canadian National Railway Co,CNR CN,BB Ticker,Canada,,,
Balanced,Listed Equity,Canadian Natural Resources Ltd,CNQ CN,BB Ticker,Canada,,,
Balanced,Listed Equity,Canadian Pacific Kansas City Ltd,CP CN,BB Ticker,Canada,,,
Balanced,Listed Equity,Canadian Pacific Kansas City Ltd,CP US,BB Ticker,United States,,,
Balanced,Listed Equity,Canadian Tire Corp Ltd,CTC/A CN,BB Ticker,Canada,,,
Balanced,Listed Equity,Canadian Utilities Ltd,CU CN,BB Ticker,Canada,,,
Balanced,Listed Equity,Capcom Co Ltd,9697 JP,BB Ticker,Japan,,,
Balanced,Listed Equity,Capgemini SE,CAP FP,BB Ticker,France,,,
Balanced,Listed Equity,Capital One Financial Corp,COF US,BB Ticker,United States,,,
Balanced,Listed Equity,Capitec Bank Holdings Ltd,CPI SJ,BB Ticker,South Africa,,,
Balanced,Listed Equity,Capricorn Metals Ltd,CMM AU,BB Ticker,Australia,,,
Balanced,Listed Equity,Capstone Copper Corp,CSC AU,BB Ticker,Australia,,,
Balanced,Listed Equity,CAR Group Ltd,CAR AU,BB Ticker,Australia,,,
Balanced,Listed Equity,Cardinal Health Inc,CAH US,BB Ticker,United States,,,
Balanced,Listed Equity,Carlisle Cos Inc,CSL US,BB Ticker,United States,,,
Balanced,Listed Equity,Catapult Group International Ltd,CAT AU,BB Ticker,Australia,,,
Balanced,Listed Equity,Caterpillar Inc,CAT US,BB Ticker,United States,,,
Balanced,Listed Equity,Cathay Financial Holding Co Ltd,2882 TT,BB Ticker,Taiwan,,,
Balanced,Listed Equity,Cboe Global Markets Inc,CBOE US,BB Ticker,United States,,,
Balanced,Listed Equity,CD Projekt SA,CDR PW,BB Ticker,Poland,,,
Balanced,Listed Equity,CDW Corp/DE,CDW US,BB Ticker,United States,,,
Balanced,Listed Equity,Celanese Corp,CE US,BB Ticker,United States,,,
Balanced,Listed Equity,Celestica Inc,CLS CN,BB Ticker,Canada,,,
Balanced,Listed Equity,Cellnex Telecom SA,CLNX SM,BB Ticker,Spain,,,
Balanced,Listed Equity,Celltrion Inc,068270 KS,BB Ticker,South Korea,,,
Balanced,Listed Equity,Celsius Holdings Inc,CELH US,BB Ticker,United States,,,
Balanced,Listed Equity,Cemex SAB de CV,CX US,BB Ticker,United States,,,
Balanced,Listed Equity,Cencora Inc,COR US,BB Ticker,United States,,,
Balanced,Listed Equity,Cenovus Energy Inc,CVE CN,BB Ticker,Canada,,,
Balanced,Listed Equity,Centene Corp,CNC US,BB Ticker,United States,,,
Balanced,Listed Equity,CenterPoint Energy Inc,CNP US,BB Ticker,United States,,,
Balanced,Listed Equity,Centrais Eletricas Brasileiras SA,ELET3 BZ,BB Ticker,Brazil,,,
Balanced,Listed Equity,Central Japan Railway Co,9022 JP,BB Ticker,Japan,,,
Balanced,Listed Equity,Centrica PLC,CNA LN,BB Ticker,United Kingdom,,,
Balanced,Listed Equity,Cettire Ltd,CTT AU,BB Ticker,Australia,,,
Balanced,Listed Equity,CF Industries Holdings Inc,CF US,BB Ticker,United States,,,
Balanced,Listed Equity,CGI Inc,GIB/A CN,BB Ticker,Canada,,,
Balanced,Listed Equity,CH Robinson Worldwide Inc,CHRW US,BB Ticker,United States,,,
Balanced,Listed Equity,Chalice Mining Ltd,CHN AU,BB Ticker,Australia,,,
Balanced,Listed Equity,Challenger Ltd,CGF AU,BB Ticker,Australia,,,
Balanced,Listed Equity,Champion Iron Ltd,CIA AU,BB Ticker,Australia,,,
Balanced,Listed Equity,Changchun High-Tech Industry Group Co Ltd,000661 C2,BB Ticker,China,,,
Balanced,Listed Equity,Charles Schwab Corp/The,SCHW US,BB Ticker,United States,,,
Balanced,Listed Equity,Charter Communications Inc,CHTR US,BB Ticker,United States,,,
Balanced,Listed Equity,Check Point Software Technologies Ltd,CHKP US,BB Ticker,United States,,,
Balanced,Listed Equity,Cheng Shin Rubber Industry Co Ltd,2105 TT,BB Ticker,Taiwan,,,
Balanced,Listed Equity,Cheniere Energy Inc,LNG US,BB Ticker,United States,,,
Balanced,Listed Equity,Chesapeake Utilities Corp,CPK US,BB Ticker,United States,,,
Balanced,Listed Equity,Chevron Corp,CVX US,BB Ticker,United States,,,
Balanced,Listed Equity,China Airlines Ltd,2610 TT,BB Ticker,Taiwan,,,
Balanced,Listed Equity,China CITIC Financial Asset Management Co Ltd,2799 HK,BB Ticker,Hong Kong,,,
Balanced,Listed Equity,China Construction Bank Corp,939 HK,BB Ticker,Hong Kong,,,
Balanced,Listed Equity,China Everbright Bank Co Ltd,601818 C1,BB Ticker,China,,,
Balanced,Listed Equity,China Everbright Bank Co Ltd,6818 HK,BB Ticker,Hong Kong,,,
Balanced,Listed Equity,China Feihe Ltd,6186 HK,BB Ticker,Hong Kong,,,
Balanced,Listed Equity,China Life Insurance Co Ltd,2628 HK,BB Ticker,Hong Kong,,,
Balanced,Listed Equity,China Mengniu Dairy Co Ltd,2319 HK,BB Ticker,Hong Kong,,,
Balanced,Listed Equity,China Merchants Bank Co Ltd,3968 HK,BB Ticker,Hong Kong,,,
Balanced,Listed Equity,China Merchants Port Holdings Co Ltd,144 HK,BB Ticker,Hong Kong,,,
Balanced,Listed Equity,China National Nuclear Power Co Ltd,601985 C1,BB Ticker,China,,,
Balanced,Listed Equity,China Oilfield Services Ltd,2883 HK,BB Ticker,Hong Kong,,,
Balanced,Listed Equity,China Pacific Insurance Group Co Ltd,2601 HK,BB Ticker,Hong Kong,,,
Balanced,Listed Equity,China Resources Beer Holdings Co Ltd,291 HK,BB Ticker,Hong Kong,,,
Balanced,Listed Equity,China State Construction Engineering Corp Ltd,601668 C1,BB Ticker,China,,,
Balanced,Listed Equity,China Tourism Group Duty Free Corp Ltd,601888 C1,BB Ticker,China,,,
Balanced,Listed Equity,Chipotle Mexican Grill Inc,CMG US,BB Ticker,United States,,,
Balanced,Listed Equity,Chocoladefabriken Lindt & Spruengli AG,LISP SW,BB Ticker,Switzerland,,,
Balanced,Listed Equity,Chongqing Changan Automobile Co Ltd,000625 C2,BB Ticker,China,,,
Balanced,Listed Equity,Chorus Ltd,CNU AU,BB Ticker,Australia,,,
Balanced,Listed Equity,Chrysos Corp Ltd,C79 AU,BB Ticker,Australia,,,
Balanced,Listed Equity,Chubb Ltd,CB US,BB Ticker,United States,,,
Balanced,Listed Equity,Chubu Electric Power Co Inc,9502 JP,BB Ticker,Japan,,,
Balanced,Listed Equity,Chugai Pharmaceutical Co Ltd,4519 JP,BB Ticker,Japan,,,
Balanced,Listed Equity,Chugoku Electric Power Co Inc/The,9504 JP,BB Ticker,Japan,,,
Balanced,Listed Equity,Church & Dwight Co Inc,CHD US,BB Ticker,United States,,,
Balanced,Listed Equity,Cia Cervecerias Unidas SA,CCU US,BB Ticker,United States,,,
Balanced,Listed Equity,Cia de Minas Buenaventura SAA,BVN US,BB Ticker,United States,,,
Balanced,Listed Equity,Cia de Saneamento Basico do Estado de Sao Paulo SABESP,SBSP3 BZ,BB Ticker,Brazil,,,
Balanced,Listed Equity,Cia Energetica de Minas Gerais,CMIG4 BZ,BB Ticker,Brazil,,,
Balanced,Listed Equity,Cia Paranaense de Energia - Copel,CPLE3 BZ,BB Ticker,Brazil,,,
Balanced,Listed Equity,Cie de Saint-Gobain SA,SGO FP,BB Ticker,France,,,
Balanced,Listed Equity,Cie Generale des Etablissements Michelin SCA,ML FP,BB Ticker,France,,,
Balanced,Listed Equity,Cigna Group/The,CI US,BB Ticker,United States,,,
Balanced,Listed Equity,CIMB Group Holdings Bhd,CIMB MK,BB Ticker,Malaysia,,,
Balanced,Listed Equity,Cintas Corp,CTAS US,BB Ticker,United States,,,
Balanced,Listed Equity,Cipla Ltd/India,CIPLA IN,BB Ticker,India,,,
Balanced,Listed Equity,Cisco Systems Inc,CSCO US,BB Ticker,United States,,,
Balanced,Listed Equity,Citigroup Inc,C US,BB Ticker,United States,,,
Balanced,Listed Equity,Citizens Financial Group Inc,CFG US,BB Ticker,United States,,,
Balanced,Listed Equity,CK Hutchison Holdings Ltd,1 HK,BB Ticker,Hong Kong,,,
Balanced,Listed Equity,CK Infrastructure Holdings Ltd,1038 HK,BB Ticker,Hong Kong,,,
Balanced,Listed Equity,Clarity Pharmaceuticals Ltd,CU6 AU,BB Ticker,Australia,,,
Balanced,Listed Equity,Cleanaway Waste Management Ltd,CWY AU,BB Ticker,Australia,,,
Balanced,Listed Equity,Clearwater Analytics Holdings Inc,CWAN US,BB Ticker,United States,,,
Balanced,Listed Equity,Clicks Group Ltd,CLS SJ,BB Ticker,South Africa,,,
Balanced,Listed Equity,Clinuvel Pharmaceuticals Ltd,CUV AU,BB Ticker,Australia,,,
Balanced,Listed Equity,Clorox Co/The,CLX US,BB Ticker,United States,,,
Balanced,Listed Equity,Cloudflare Inc,NET US,BB Ticker,United States,,,
Balanced,Listed Equity,CLP Holdings Ltd,2 HK,BB Ticker,Hong Kong,,,
Balanced,Listed Equity,CME Group Inc,CME US,BB Ticker,United States,,,
Balanced,Listed Equity,CMOC Group Ltd,603993 C1,BB Ticker,China,,,
Balanced,Listed Equity,CMS Energy Corp,CMS US,BB Ticker,United States,,,
Balanced,Listed Equity,CNOOC Energy Technology & Services Ltd,600968 C1,BB Ticker,China,,,
Balanced,Listed Equity,Co for Cooperative Insurance/The,TAWUNIYA AB,BB Ticker,Saudi Arabia,,,
Balanced,Listed Equity,Coca-Cola Co/The,KO US,BB Ticker,United States,,,
Balanced,Listed Equity,Coca-Cola Femsa SAB de CV,KOFUBL MM,BB Ticker,Mexico,,,
Balanced,Listed Equity,Coca-Cola HBC AG,CCH LN,BB Ticker,United Kingdom,,,
Balanced,Listed Equity,Cochlear Ltd,COH AU,BB Ticker,Australia,,,
Balanced,Listed Equity,Codan Ltd,CDA AU,BB Ticker,Australia,,,
Balanced,Listed Equity,Cogent Communications Holdings Inc,CCOI US,BB Ticker,United States,,,
Balanced,Listed Equity,Cognizant Technology Solutions Corp,CTSH US,BB Ticker,United States,,,
Balanced,Listed Equity,Coinbase Global Inc,COIN US,BB Ticker,United States,,,
Balanced,Listed Equity,Coles Group Ltd,COL AU,BB Ticker,Australia,,,
Balanced,Listed Equity,Colgate-Palmolive Co,CL US,BB Ticker,United States,,,
Balanced,Listed Equity,Colgate-Palmolive India Ltd,CLGT IN,BB Ticker,India,,,
Balanced,Listed Equity,Collins Foods Ltd,CKF AU,BB Ticker,Australia,,,
Balanced,Listed Equity,Comcast Corp,CMCSA US,BB Ticker,United States,,,
Balanced,Listed Equity,ComfortDelGro Corp Ltd,CD SP,BB Ticker,Singapore,,,
Balanced,Listed Equity,Commercial International Bank - Egypt (CIB),COMI EY,BB Ticker,Egypt,,,
Balanced,Listed Equity,Commonwealth Bank of Australia,CBA AU,BB Ticker,Australia,,,
Balanced,Listed Equity,Compal Electronics Inc,2324 TT,BB Ticker,Taiwan,,,
Balanced,Listed Equity,Compass Group PLC,CPG LN,BB Ticker,United Kingdom,,,
Balanced,Listed Equity,Computershare Ltd,CPU AU,BB Ticker,Australia,,,
Balanced,Listed Equity,Conagra Brands Inc,CAG US,BB Ticker,United States,,,
Balanced,Listed Equity,ConocoPhillips,COP US,BB Ticker,United States,,,
Balanced,Listed Equity,Consolidated Edison Inc,ED US,BB Ticker,United States,,,
Balanced,Listed Equity,Constellation Energy Corp,CEG US,BB Ticker,United States,,,
Balanced,Listed Equity,Constellation Software Inc/Canada,CSU CN,BB Ticker,Canada,,,
Balanced,Listed Equity,Contact Energy Ltd,CEN AU,BB Ticker,Australia,,,
Balanced,Listed Equity,Contemporary Amperex Technology Co Ltd,300750 C2,BB Ticker,China,,,
Balanced,Listed Equity,Continental AG,CON GR,BB Ticker,Germany,,,
Balanced,Listed Equity,Control Bionics Ltd,CBL AU,BB Ticker,Australia,,,
Balanced,Listed Equity,Cooper Cos Inc/The,COO US,BB Ticker,United States,,,
Balanced,Listed Equity,Copa Holdings SA,CPA US,BB Ticker,United States,,,
Balanced,Listed Equity,Copart Inc,CPRT US,BB Ticker,United States,,,
Balanced,Listed Equity,Coronado Global Resources Inc,CRN AU,BB Ticker,Australia,,,
Balanced,Listed Equity,Corporate Travel Management Ltd,CTD AU,BB Ticker,Australia,,,
Balanced,Listed Equity,COSCO SHIPPING Holdings Co Ltd,601919 C1,BB Ticker,China,,,
Balanced,Listed Equity,COSCO SHIPPING Holdings Co Ltd,1919 HK,BB Ticker,Hong Kong,,,
Balanced,Listed Equity,Costco Wholesale Corp,COST US,BB Ticker,United States,,,
Balanced,Listed Equity,Coterra Energy Inc,CTRA US,BB Ticker,United States,,,
Balanced,Listed Equity,Coupang Inc,CPNG US,BB Ticker,United States,,,
Balanced,Listed Equity,Coway Co Ltd,021240 KS,BB Ticker,South Korea,,,
Balanced,Listed Equity,CP ALL PCL,CPALL/F TB,BB Ticker,Thailand,,,
Balanced,Listed Equity,CPFL Energia SA,CPFE3 BZ,BB Ticker,Brazil,,,
Balanced,Listed Equity,Credicorp Ltd,BAP US,BB Ticker,United States,,,
Balanced,Listed Equity,Credit Agricole SA,ACA FP,BB Ticker,France,,,
Balanced,Listed Equity,Credit Agricole SA,XCA TH,BB Ticker,Germany,,,
Balanced,Listed Equity,Credit Corp Group Ltd,CCP AU,BB Ticker,Australia,,,
Balanced,Listed Equity,CRH PLC,CRH LN,BB Ticker,United Kingdom,,,
Balanced,Listed Equity,CRH PLC,CRH US,BB Ticker,United States,,,
Balanced,Listed Equity,Criteo SA,CRTO US,BB Ticker,United States,,,
Balanced,Listed Equity,Croda International PLC,CRDA LN,BB Ticker,United Kingdom,,,
Balanced,Listed Equity,Crowdstrike Holdings Inc,CRWD US,BB Ticker,United States,,,
Balanced,Listed Equity,Crown Holdings Inc,CCK US,BB Ticker,United States,,,
Balanced,Listed Equity,CRRC Corp Ltd,1766 HK,BB Ticker,Hong Kong,,,
Balanced,Listed Equity,CSL Ltd,CSL AU,BB Ticker,Australia,,,
Balanced,Listed Equity,CSPC Pharmaceutical Group Ltd,1093 HK,BB Ticker,Hong Kong,,,
Balanced,Listed Equity,CSX Corp,CSX US,BB Ticker,United States,,,
Balanced,Listed Equity,CTBC Financial Holding Co Ltd,2891 TT,BB Ticker,Taiwan,,,
Balanced,Listed Equity,Cummins Inc,CMI US,BB Ticker,United States,,,
Balanced,Listed Equity,Cummins India Ltd,KKC IN,BB Ticker,India,,,
Balanced,Listed Equity,CVS Health Corp,CVS US,BB Ticker,United States,,,
Balanced,Listed Equity,CyberArk Software Ltd,CYBR US,BB Ticker,United States,,,
Balanced,Listed Equity,Dai Nippon Printing Co Ltd,7912 JP,BB Ticker,Japan,,,
Balanced,Listed Equity,Dai-ichi Life Holdings Inc,8750 JP,BB Ticker,Japan,,,
Balanced,Listed Equity,Daiichi Sankyo Co Ltd,4568 JP,BB Ticker,Japan,,,
Balanced,Listed Equity,Daimler Truck Holding AG,DTG GR,BB Ticker,Germany,,,
Balanced,Listed Equity,Daiwa Securities Group Inc,8601 JP,BB Ticker,Japan,,,
Balanced,Listed Equity,Danaher Corp,DHR US,BB Ticker,United States,,,
Balanced,Listed Equity,Danone SA,BN FP,BB Ticker,France,,,
Balanced,Listed Equity,Danske Bank A/S,DANSKE DC,BB Ticker,Denmark,,,
Balanced,Listed Equity,Daqin Railway Co Ltd,601006 C1,BB Ticker,China,,,
Balanced,Listed Equity,Darden Restaurants Inc,DRI US,BB Ticker,United States,,,
Balanced,Listed Equity,Dassault Aviation SA,AM FP,BB Ticker,France,,,
Balanced,Listed Equity,Data#3 Ltd,DTL AU,BB Ticker,Australia,,,
Balanced,Listed Equity,Datadog Inc,DDOG US,BB Ticker,United States,,,
Balanced,Listed Equity,DaVita Inc,DVA US,BB Ticker,United States,,,
Balanced,Listed Equity,DB Insurance Co Ltd,005830 KS,BB Ticker,South Korea,,,
Balanced,Listed Equity,DBS Group Holdings Ltd,DBS SP,BB Ticker,Singapore,,,
Balanced,Listed Equity,De Grey Mining Ltd,DEG AU,BB Ticker,Australia,,,
Balanced,Listed Equity,Deckers Outdoor Corp,DECK US,BB Ticker,United States,,,
Balanced,Listed Equity,Deere & Co,DE US,BB Ticker,United States,,,
Balanced,Listed Equity,Dell Technologies Inc,DELL US,BB Ticker,United States,,,
Balanced,Listed Equity,Delta Air Lines Inc,DAL US,BB Ticker,United States,,,
Balanced,Listed Equity,Delta Electronics Inc,2308 TT,BB Ticker,Taiwan,,,
Balanced,Listed Equity,Descartes Systems Group Inc/The,DSG CN,BB Ticker,Canada,,,
Balanced,Listed Equity,Deterra Royalties Ltd,DRR AU,BB Ticker,Australia,,,
Balanced,Listed Equity,Deutsche Boerse AG,DB1 GR,BB Ticker,Germany,,,
Balanced,Listed Equity,Deutsche Lufthansa AG,LHA GR,BB Ticker,Germany,,,
Balanced,Listed Equity,Deutsche Post AG,DHL GR,BB Ticker,Germany,,,
Balanced,Listed Equity,Deutsche Telekom AG,DTE GR,BB Ticker,Germany,,,
Balanced,Listed Equity,Develop Global Ltd,DVP AU,BB Ticker,Australia,,,
Balanced,Listed Equity,Devon Energy Corp,DVN US,BB Ticker,United States,,,
Balanced,Listed Equity,Dexco SA,DXCO3 BZ,BB Ticker,Brazil,,,
Balanced,Listed Equity,Dexcom Inc,DXCM US,BB Ticker,United States,,,
Balanced,Listed Equity,Dexerials Corp,4980 JP,BB Ticker,Japan,,,
Balanced,Listed Equity,Diageo PLC,DGE LN,BB Ticker,United Kingdom,,,
Balanced,Listed Equity,Diamondback Energy Inc,FANG US,BB Ticker,United States,,,
Balanced,Listed Equity,DiaSorin SpA,DIA IM,BB Ticker,Italy,,,
Balanced,Listed Equity,Dicker Data Ltd,DDR AU,BB Ticker,Australia,,,
Balanced,Listed Equity,Dick's Sporting Goods Inc,DKS US,BB Ticker,United States,,,
Balanced,Listed Equity,DiDi Global Inc,DIDIY US,BB Ticker,United States,,,
Balanced,Listed Equity,Diploma PLC,DPLM LN,BB Ticker,United Kingdom,,,
Balanced,Listed Equity,Disco Corp,6146 JP,BB Ticker,Japan,,,
Balanced,Listed Equity,Discover Financial Services,DFS US,BB Ticker,United States,,,
Balanced,Listed Equity,Divi's Laboratories Ltd,DIVI IN,BB Ticker,India,,,
Balanced,Listed Equity,DKSH Holding AG,DKSH SW,BB Ticker,Switzerland,,,
Balanced,Listed Equity,DNB Bank ASA,DNB NO,BB Ticker,Belgium,,,
Balanced,Listed Equity,DocuSign Inc,DOCU US,BB Ticker,United States,,,
Balanced,Listed Equity,Dollar General Corp,DG US,BB Ticker,United States,,,
Balanced,Listed Equity,Dollarama Inc,DOL CN,BB Ticker,Canada,,,
Balanced,Listed Equity,Domain Holdings Australia Ltd,DHG AU,BB Ticker,Australia,,,
Balanced,Listed Equity,Dominion Energy Inc,D US,BB Ticker,United States,,,
Balanced,Listed Equity,Domino's Pizza Enterprises Ltd,DMP AU,BB Ticker,Australia,,,
Balanced,Listed Equity,DoorDash Inc,DASH US,BB Ticker,United States,,,
Balanced,Listed Equity,Doosan Bobcat Inc,241560 KS,BB Ticker,South Korea,,,
Balanced,Listed Equity,Dover Corp,DOV US,BB Ticker,United States,,,
Balanced,Listed Equity,Dow Inc,DOW US,BB Ticker,United States,,,
Balanced,Listed Equity,Downer EDI Ltd,DOW AU,BB Ticker,Australia,,,
Balanced,Listed Equity,DR Horton Inc,DHI US,BB Ticker,United States,,,
Balanced,Listed Equity,Dr Ing hc F Porsche AG,P911 GR,BB Ticker,Germany,,,
Balanced,Listed Equity,Dr Lal PathLabs Ltd,DLPL IN,BB Ticker,India,,,
Balanced,Listed Equity,Dr Reddy's Laboratories Ltd,RDY US,BB Ticker,United States,,,
Balanced,Listed Equity,DroneShield Ltd,DRO AU,BB Ticker,Australia,,,
Balanced,Listed Equity,Dropbox Inc,DBX US,BB Ticker,United States,,,
Balanced,Listed Equity,DSM-Firmenich AG,DSFIR NA,BB Ticker,Netherlands,,,
Balanced,Listed Equity,DSV A/S,DSV DC,BB Ticker,Denmark,,,
Balanced,Listed Equity,Duke Energy Corp,DUK US,BB Ticker,United States,,,
Balanced,Listed Equity,DuPont de Nemours Inc,DD US,BB Ticker,United States,,,
Balanced,Listed Equity,Dutch Bros Inc,BROS US,BB Ticker,United States,,,
Balanced,Listed Equity,Dynatrace Inc,DT US,BB Ticker,United States,,,
Balanced,Listed Equity,E Ink Holdings Inc,8069 TT,BB Ticker,Taiwan,,,
Balanced,Listed Equity,E.ON SE,EOAN GR,BB Ticker,Germany,,,
Balanced,Listed Equity,E.Sun Financial Holding Co Ltd,2884 TT,BB Ticker,Taiwan,,,
Balanced,Listed Equity,Eagers Automotive Ltd,APE AU,BB Ticker,Australia,,,
Balanced,Listed Equity,East Japan Railway Co,9020 JP,BB Ticker,Japan,,,
Balanced,Listed Equity,Eastroc Beverage Group Co Ltd,605499 C1,BB Ticker,China,,,
Balanced,Listed Equity,Eaton Corp PLC,ETN US,BB Ticker,United States,,,
Balanced,Listed Equity,eBay Inc,EBAY US,BB Ticker,United States,,,
Balanced,Listed Equity,EBOS Group Ltd,EBO AU,BB Ticker,Australia,,,
Balanced,Listed Equity,Ecolab Inc,ECL US,BB Ticker,United States,,,
Balanced,Listed Equity,Edison International,EIX US,BB Ticker,United States,,,
Balanced,Listed Equity,EDP SA,EDP PL,BB Ticker,Portugal,,,
Balanced,Listed Equity,Edwards Lifesciences Corp,EW US,BB Ticker,United States,,,
Balanced,Listed Equity,Eiffage SA,FGR FP,BB Ticker,France,,,
Balanced,Listed Equity,Elders Ltd,ELD AU,BB Ticker,Australia,,,
Balanced,Listed Equity,Eldorado Gold Corp,EGO US,BB Ticker,United States,,,
Balanced,Listed Equity,Electronic Arts Inc,EA US,BB Ticker,United States,,,
Balanced,Listed Equity,Elevance Health Inc,ELV US,BB Ticker,United States,,,
Balanced,Listed Equity,elf Beauty Inc,ELF US,BB Ticker,United States,,,
Balanced,Listed Equity,Elgi Equipments Ltd,ELEQ IN,BB Ticker,India,,,
Balanced,Listed Equity,Eli Lilly & Co,LLY US,BB Ticker,United States,,,
Balanced,Listed Equity,Elia Group SA/NV,ELI BB,BB Ticker,Belgium,,,
Balanced,Listed Equity,Embraer SA,EMBR3 BZ,BB Ticker,Brazil,,,
Balanced,Listed Equity,EMCOR Group Inc,EME US,BB Ticker,United States,,,
Balanced,Listed Equity,Emera Inc,EMA CN,BB Ticker,Canada,,,
Balanced,Listed Equity,Emerald Resources NL,EMR AU,BB Ticker,Australia,,,
Balanced,Listed Equity,Emerson Electric Co,EMR US,BB Ticker,United States,,,
Balanced,Listed Equity,Empire Co Ltd,EMP/A CN,BB Ticker,Canada,,,
Balanced,Listed Equity,Empresas Copec SA,COPEC CI,BB Ticker,Chile,,,
Balanced,Listed Equity,EMS-Chemie Holding AG,EMSN SW,BB Ticker,Switzerland,,,
Balanced,Listed Equity,Enagas SA,ENG SM,BB Ticker,Spain,,,
Balanced,Listed Equity,Enbridge Inc,ENB CN,BB Ticker,Canada,,,
Balanced,Listed Equity,Enchem Co Ltd,348370 KS,BB Ticker,South Korea,,,
Balanced,Listed Equity,Endava PLC,DAVA US,BB Ticker,United States,,,
Balanced,Listed Equity,Endeavour Group Ltd/Australia,EDV AU,BB Ticker,Australia,,,
Balanced,Listed Equity,Endesa SA,ELE SM,BB Ticker,Spain,,,
Balanced,Listed Equity,Enel Chile SA,ENELCHIL CI,BB Ticker,Chile,,,
Balanced,Listed Equity,Enel SpA,ENEL IM,BB Ticker,Italy,,,
Balanced,Listed Equity,ENEOS Holdings Inc,5020 JP,BB Ticker,Japan,,,
Balanced,Listed Equity,Engie SA,ENGI FP,BB Ticker,France,,,
Balanced,Listed Equity,Eni SpA,ENI IM,BB Ticker,Italy,,,
Balanced,Listed Equity,Enphase Energy Inc,ENPH US,BB Ticker,United States,,,
Balanced,Listed Equity,Ensign Group Inc/The,ENSG US,BB Ticker,United States,,,
Balanced,Listed Equity,Entergy Corp,ETR US,BB Ticker,United States,,,
Balanced,Listed Equity,EOG Resources Inc,EOG US,BB Ticker,United States,,,
Balanced,Listed Equity,Eoptolink Technology Inc Ltd,300502 C2,BB Ticker,China,,,
Balanced,Listed Equity,EPAM Systems Inc,EPAM US,BB Ticker,United States,,,
Balanced,Listed Equity,Epiroc AB,EPIA SS,BB Ticker,Sweden,,,
Balanced,Listed Equity,EQT AB,EQT SS,BB Ticker,Sweden,,,
Balanced,Listed Equity,EQT Corp,EQT US,BB Ticker,United States,,,
Balanced,Listed Equity,Equifax Inc,EFX US,BB Ticker,United States,,,
Balanced,Listed Equity,Equinor ASA,EQNR NO,BB Ticker,Belgium,,,
Balanced,Listed Equity,Equitable Holdings Inc,EQH US,BB Ticker,United States,,,
Balanced,Listed Equity,Erste Group Bank AG,EBS AV,BB Ticker,Austria,,,
Balanced,Listed Equity,Esperion Therapeutics Inc,ESPR US,BB Ticker,United States,,,
Balanced,Listed Equity,Essential Utilities Inc,WTRG US,BB Ticker,United States,,,
Balanced,Listed Equity,EssilorLuxottica SA,EL FP,BB Ticker,France,,,
Balanced,Listed Equity,Essity AB,ESSITYB SS,BB Ticker,Sweden,,,
Balanced,Listed Equity,Etihad Etisalat Co,EEC AB,BB Ticker,Saudi Arabia,,,
Balanced,Listed Equity,Etsy Inc,ETSY US,BB Ticker,United States,,,
Balanced,Listed Equity,Eurazeo SE,RF FP,BB Ticker,France,,,
Balanced,Listed Equity,Eurobank Ergasias Services and Holdings SA,EUROB GA,BB Ticker,Greece,,,
Balanced,Listed Equity,Euronext NV,ENX FP,BB Ticker,France,,,
Balanced,Listed Equity,Eutelsat Communications SACA,ETL FP,BB Ticker,France,,,
Balanced,Listed Equity,Eva Airways Corp,2618 TT,BB Ticker,Taiwan,,,
Balanced,Listed Equity,Evercore Inc,EVR US,BB Ticker,United States,,,
Balanced,Listed Equity,Everest Group Ltd,EG US,BB Ticker,United States,,,
Balanced,Listed Equity,Evergreen Marine Corp Taiwan Ltd,2603 TT,BB Ticker,Taiwan,,,
Balanced,Listed Equity,Evergy Inc,EVRG US,BB Ticker,United States,,,
Balanced,Listed Equity,Eversource Energy,ES US,BB Ticker,United States,,,
Balanced,Listed Equity,EVN AG,EVN AV,BB Ticker,Austria,,,
Balanced,Listed Equity,Evolution AB,EVO SS,BB Ticker,Sweden,,,
Balanced,Listed Equity,Evolution Mining Ltd,EVN AU,BB Ticker,Australia,,,
Balanced,Listed Equity,Evonik Industries AG,EVK GR,BB Ticker,Germany,,,
Balanced,Listed Equity,EVT Ltd,EVT AU,BB Ticker,Australia,,,
Balanced,Listed Equity,Exelixis Inc,EXEL US,BB Ticker,United States,,,
Balanced,Listed Equity,Exelon Corp,EXC US,BB Ticker,United States,,,
Balanced,Listed Equity,EXOR NV,EXO NA,BB Ticker,Netherlands,,,
Balanced,Listed Equity,Chesapeake Energy Corp,CHK US,BB Ticker,United States,,,
Balanced,Listed Equity,Expedia Group Inc,EXPE US,BB Ticker,United States,,,
Balanced,Listed Equity,Experian PLC,EXPN LN,BB Ticker,United Kingdom,,,
Balanced,Listed Equity,Exxon Mobil Corp,XOM US,BB Ticker,United States,,,
Balanced,Listed Equity,F5 Inc,FFIV US,BB Ticker,United States,,,
Balanced,Listed Equity,Fabrinet,FN US,BB Ticker,United States,,,
Balanced,Listed Equity,FactSet Research Systems Inc,FDS US,BB Ticker,United States,,,
Balanced,Listed Equity,Fair Isaac Corp,FICO US,BB Ticker,United States,,,
Balanced,Listed Equity,Fairfax Financial Holdings Ltd,FFH CN,BB Ticker,Canada,,,
Balanced,Listed Equity,Falabella SA,FALAB CI,BB Ticker,Chile,,,
Balanced,Listed Equity,FANUC Corp,6954 JP,BB Ticker,Japan,,,
Balanced,Listed Equity,Fast Retailing Co Ltd,9983 JP,BB Ticker,Japan,,,
Balanced,Listed Equity,Fastenal Co,FAST US,BB Ticker,United States,,,
Balanced,Listed Equity,FedEx Corp,FDX US,BB Ticker,United States,,,
Balanced,Listed Equity,Ferrari NV,RACEM BQ,BB Ticker,Germany,,,
Balanced,Listed Equity,Fidelity National Financial Inc,FNF US,BB Ticker,United States,,,
Balanced,Listed Equity,Fidelity National Information Services Inc,FIS US,BB Ticker,United States,,,
Balanced,Listed Equity,Fifth Third Bancorp,FITB US,BB Ticker,United States,,,
Balanced,Listed Equity,Firefinch Ltd,FFX AU,BB Ticker,Australia,,,
Balanced,Listed Equity,First Abu Dhabi Bank PJSC,FAB UH,BB Ticker,United Arab Emirates,,,
Balanced,Listed Equity,First Citizens BancShares Inc/NC,FCNCA US,BB Ticker,United States,,,
Balanced,Listed Equity,First Horizon Corp,FHN US,BB Ticker,United States,,,
Balanced,Listed Equity,First Solar Inc,FSLR US,BB Ticker,United States,,,
Balanced,Listed Equity,FirstEnergy Corp,FE US,BB Ticker,United States,,,
Balanced,Listed Equity,Firstgroup PLC,FGP LN,BB Ticker,United Kingdom,,,
Balanced,Listed Equity,Fiserv Inc,FI US,BB Ticker,United States,,,
Balanced,Listed Equity,Fisher & Paykel Healthcare Corp Ltd,FPH AU,BB Ticker,Australia,,,
Balanced,Listed Equity,Five Below Inc,FIVE US,BB Ticker,United States,,,
Balanced,Listed Equity,Five-Star Business Finance Ltd,FIVESTAR IN,BB Ticker,India,,,
Balanced,Listed Equity,Corpay Inc,CPAY US,BB Ticker,United States,,,
Balanced,Listed Equity,FleetPartners Group Ltd,FPR AU,BB Ticker,Australia,,,
Balanced,Listed Equity,Fletcher Building Ltd,FBU AU,BB Ticker,Australia,,,
Balanced,Listed Equity,Flex Ltd,FLEX US,BB Ticker,United States,,,
Balanced,Listed Equity,Flight Centre Travel Group Ltd,FLT AU,BB Ticker,Australia,,,
Balanced,Listed Equity,Floor & Decor Holdings Inc,FND US,BB Ticker,United States,,,
Balanced,Listed Equity,Fluence Corp Ltd,FLC AU,BB Ticker,Australia,,,
Balanced,Listed Equity,Flughafen Zurich AG,FHZN SW,BB Ticker,Switzerland,,,
Balanced,Listed Equity,Flutter Entertainment PLC,FLTRL TQ,BB Ticker,United Kingdom,,,
Balanced,Listed Equity,FMC Corp,FMC US,BB Ticker,United States,,,
Balanced,Listed Equity,Fomento Economico Mexicano SAB de CV,FMX US,BB Ticker,United States,,,
Balanced,Listed Equity,Ford Motor Co,F US,BB Ticker,United States,,,
Balanced,Listed Equity,Fortescue Ltd,FMG AU,BB Ticker,Australia,,,
Balanced,Listed Equity,Fortinet Inc,FTNT US,BB Ticker,United States,,,
Balanced,Listed Equity,Fortis Inc/Canada,FTS CN,BB Ticker,Canada,,,
Balanced,Listed Equity,Fortive Corp,FTV US,BB Ticker,United States,,,
Balanced,Listed Equity,Fortune Electric Co Ltd,1519 TT,BB Ticker,Taiwan,,,
Balanced,Listed Equity,Fox Corp,FOXA US,BB Ticker,United States,,,
Balanced,Listed Equity,Foxconn Industrial Internet Co Ltd,601138 C1,BB Ticker,China,,,
Balanced,Listed Equity,Franco-Nevada Corp,FNV CN,BB Ticker,Canada,,,
Balanced,Listed Equity,Franco-Nevada Corp,FNV US,BB Ticker,United States,,,
Balanced,Listed Equity,Fraport AG Frankfurt Airport Services Worldwide,FRA GR,BB Ticker,Germany,,,
Balanced,Listed Equity,Freeport-McMoRan Inc,FCX US,BB Ticker,United States,,,
Balanced,Listed Equity,Fresenius Medical Care AG,FME GR,BB Ticker,Germany,,,
Balanced,Listed Equity,Fresenius SE & Co KGaA,FRE GR,BB Ticker,Germany,,,
Balanced,Listed Equity,Freshpet Inc,FRPT US,BB Ticker,United States,,,
Balanced,Listed Equity,Frontier Communications Parent Inc,FYBR US,BB Ticker,United States,,,
Balanced,Listed Equity,Fubon Financial Holding Co Ltd,2881 TT,BB Ticker,Taiwan,,,
Balanced,Listed Equity,Fuji Electric Co Ltd,6504 JP,BB Ticker,Japan,,,
Balanced,Listed Equity,Fujikura Ltd,5803 JP,BB Ticker,Japan,,,
Balanced,Listed Equity,Fujitsu Ltd,6702 JP,BB Ticker,Japan,,,
Balanced,Listed Equity,Furukawa Electric Co Ltd,5801 JP,BB Ticker,Japan,,,
Balanced,Listed Equity,Futu Holdings Ltd,FUTU US,BB Ticker,United States,,,
Balanced,Listed Equity,G8 Education Ltd,GEM AU,BB Ticker,Australia,,,
Balanced,Listed Equity,Galaxy Entertainment Group Ltd,27 HK,BB Ticker,Hong Kong,,,
Balanced,Listed Equity,Garmin Ltd,GRMN US,BB Ticker,United States,,,
Balanced,Listed Equity,Gartner Inc,IT US,BB Ticker,United States,,,
Balanced,Listed Equity,Gaztransport Et Technigaz SA,GTT FP,BB Ticker,France,,,
Balanced,Listed Equity,GE Aerospace,GE US,BB Ticker,United States,,,
Balanced,Listed Equity,GE Vernova Inc,GEV US,BB Ticker,United States,,,
Balanced,Listed Equity,GEA Group AG,G1A GR,BB Ticker,Germany,,,
Balanced,Listed Equity,Geberit AG,GEBN SW,BB Ticker,Switzerland,,,
Balanced,Listed Equity,Geely Automobile Holdings Ltd,175 HK,BB Ticker,Hong Kong,,,
Balanced,Listed Equity,General Mills Inc,GIS US,BB Ticker,United States,,,
Balanced,Listed Equity,General Motors Co,GM US,BB Ticker,United States,,,
Balanced,Listed Equity,Generali,G IM,BB Ticker,Italy,,,
Balanced,Listed Equity,Generation Development Group Ltd,GDG AU,BB Ticker,Australia,,,
Balanced,Listed Equity,Genesis Minerals Ltd,GMD AU,BB Ticker,Australia,,,
Balanced,Listed Equity,Genmab A/S,GMAB DC,BB Ticker,Denmark,,,
Balanced,Listed Equity,Genmab A/S,GMAB US,BB Ticker,United States,,,
Balanced,Listed Equity,Genting Singapore Ltd,GENS SP,BB Ticker,Singapore,,,
Balanced,Listed Equity,Gentrack Group Ltd,GTK AU,BB Ticker,Australia,,,
Balanced,Listed Equity,George Weston Ltd,WN CN,BB Ticker,Canada,,,
Balanced,Listed Equity,Gerdau SA,GGBR4 BZ,BB Ticker,Brazil,,,
Balanced,Listed Equity,Getlink SE,GET FP,BB Ticker,France,,,
Balanced,Listed Equity,Gildan Activewear Inc,GIL CN,BB Ticker,Canada,,,
Balanced,Listed Equity,Gilead Sciences Inc,GILD US,BB Ticker,United States,,,
Balanced,Listed Equity,Givaudan SA,GIVN SW,BB Ticker,Switzerland,,,
Balanced,Listed Equity,Glencore PLC,GLEN LN,BB Ticker,United Kingdom,,,
Balanced,Listed Equity,Global Payments Inc,GPN US,BB Ticker,United States,,,
Balanced,Listed Equity,Globant SA,GLOB US,BB Ticker,United States,,,
Balanced,Listed Equity,GMO Payment Gateway Inc,3769 JP,BB Ticker,Japan,,,
Balanced,Listed Equity,GMR Airports Ltd,GMRAIRPO IN,BB Ticker,India,,,
Balanced,Listed Equity,GoDaddy Inc,GDDY US,BB Ticker,United States,,,
Balanced,Listed Equity,Gold Fields Ltd,GFI SJ,BB Ticker,South Africa,,,
Balanced,Listed Equity,Gold Road Resources Ltd,GOR AU,BB Ticker,Australia,,,
Balanced,Listed Equity,Goldman Sachs Group Inc/The,GS US,BB Ticker,United States,,,
Balanced,Listed Equity,GQG Partners Inc,GQG AU,BB Ticker,Australia,,,
Balanced,Listed Equity,Grab Holdings Ltd,GRAB US,BB Ticker,United States,,,
Balanced,Listed Equity,Graco Inc,GGG US,BB Ticker,United States,,,
Balanced,Listed Equity,GrainCorp Ltd,GNC AU,BB Ticker,Australia,,,
Balanced,Listed Equity,Graphic Packaging Holding Co,GPK US,BB Ticker,United States,,,
Balanced,Listed Equity,Great-West Lifeco Inc,GWO CN,BB Ticker,Canada,,,
Balanced,Listed Equity,Gree Electric Appliances Inc of Zhuhai,000651 C2,BB Ticker,China,,,
Balanced,Listed Equity,Grupo Aeroportuario del Sureste SAB de CV,ASURB MM,BB Ticker,Mexico,,,
Balanced,Listed Equity,Grupo Financiero Banorte SAB de CV,GFNORTEO MM,BB Ticker,Mexico,,,
Balanced,Listed Equity,Grupo Financiero Inbursa SAB de CV,GFINBURO MM,BB Ticker,Mexico,,,
Balanced,Listed Equity,Grupo Mexico SAB de CV,GMEXICOB MM,BB Ticker,Mexico,,,
Balanced,Listed Equity,GS Yuasa Corp,6674 JP,BB Ticker,Japan,,,
Balanced,Listed Equity,GSK PLC,GSK LN,BB Ticker,United Kingdom,,,
Balanced,Listed Equity,Gudeng Precision Industrial Co Ltd,3680 TT,BB Ticker,Taiwan,,,
Balanced,Listed Equity,Guidewire Software Inc,GWRE US,BB Ticker,United States,,,
Balanced,Listed Equity,Guzman y Gomez Ltd,GYG AU,BB Ticker,Australia,,,
Balanced,Listed Equity,GWA Group Ltd,GWA AU,BB Ticker,Australia,,,
Balanced,Listed Equity,H Lundbeck A/S,HLUNB DC,BB Ticker,Denmark,,,
Balanced,Listed Equity,H World Group Ltd,HTHT US,BB Ticker,United States,,,
Balanced,Listed Equity,H&R Block Inc,HRB US,BB Ticker,United States,,,
Balanced,Listed Equity,Haidilao International Holding Ltd,6862 HK,BB Ticker,Hong Kong,,,
Balanced,Listed Equity,Haleon PLC,HLN LN,BB Ticker,United Kingdom,,,
Balanced,Listed Equity,Halliburton Co,HAL US,BB Ticker,United States,,,
Balanced,Listed Equity,Hamilton Lane Inc,HLNE US,BB Ticker,United States,,,
Balanced,Listed Equity,Hana Financial Group Inc,086790 KS,BB Ticker,South Korea,,,
Balanced,Listed Equity,Hang Seng Bank Ltd,11 HK,BB Ticker,Hong Kong,,,
Balanced,Listed Equity,Hangzhou Robam Appliances Co Ltd,002508 C2,BB Ticker,China,,,
Balanced,Listed Equity,Hangzhou Tigermed Consulting Co Ltd,3347 HK,BB Ticker,Hong Kong,,,
Balanced,Listed Equity,Hankook Tire & Technology Co Ltd,161390 KS,BB Ticker,South Korea,,,
Balanced,Listed Equity,Hannover Rueck SE,HNR1 GR,BB Ticker,Germany,,,
Balanced,Listed Equity,Hansen Technologies Ltd,HSN AU,BB Ticker,Australia,,,
Balanced,Listed Equity,Hansoh Pharmaceutical Group Co Ltd,3692 HK,BB Ticker,Hong Kong,,,
Balanced,Listed Equity,Hargreaves Lansdown PLC,HL/ LN,BB Ticker,United Kingdom,,,
Balanced,Listed Equity,Harmony Gold Mining Co Ltd,HAR SJ,BB Ticker,South Africa,,,
Balanced,Listed Equity,Hartford Financial Services Group Inc/The,HIG US,BB Ticker,United States,,,
Balanced,Listed Equity,Harvey Norman Holdings Ltd,HVN AU,BB Ticker,Australia,,,
Balanced,Listed Equity,Hasbro Inc,HAS US,BB Ticker,United States,,,
Balanced,Listed Equity,Hawaiian Electric Industries Inc,HE US,BB Ticker,United States,,,
Balanced,Listed Equity,HCA Healthcare Inc,HCA US,BB Ticker,United States,,,
Balanced,Listed Equity,HCL Technologies Ltd,HCLT IN,BB Ticker,India,,,
Balanced,Listed Equity,HD Hyundai Electric Co Ltd,267260 KS,BB Ticker,South Korea,,,
Balanced,Listed Equity,HDFC Asset Management Co Ltd,HDFCAMC IN,BB Ticker,India,,,
Balanced,Listed Equity,HDFC Bank Ltd,HDB US,BB Ticker,United States,,,
Balanced,Listed Equity,HDFC Bank Ltd,HDFCB IN,BB Ticker,India,,,
Balanced,Listed Equity,HDFC Life Insurance Co Ltd,HDFCLIFE IN,BB Ticker,India,,,
Balanced,Listed Equity,Healius Ltd,HLS AU,BB Ticker,Australia,,,
Balanced,Listed Equity,HealthEquity Inc,HQY US,BB Ticker,United States,,,
Balanced,Listed Equity,HEICO Corp,HEI US,BB Ticker,United States,,,
Balanced,Listed Equity,Heineken Holding NV,HEIO NA,BB Ticker,Netherlands,,,
Balanced,Listed Equity,Heineken NV,HEIA NA,BB Ticker,Netherlands,,,
Balanced,Listed Equity,Helia Group Ltd,HLI AU,BB Ticker,Australia,,,
Balanced,Listed Equity,Helios Technologies Inc,HLIO US,BB Ticker,United States,,,
Balanced,Listed Equity,Helios Towers PLC,HTWS LN,BB Ticker,United Kingdom,,,
Balanced,Listed Equity,Hellenic Telecommunications Organization SA,HTO GA,BB Ticker,Greece,,,
Balanced,Listed Equity,Helvetia Holding AG,HELN SW,BB Ticker,Switzerland,,,
Balanced,Listed Equity,Henkel AG & Co KGaA,HEN GR,BB Ticker,Germany,,,
Balanced,Listed Equity,Henkel AG & Co KGaA,HEN3 GR,BB Ticker,Germany,,,
Balanced,Listed Equity,Hera SpA,HER IM,BB Ticker,Italy,,,
Balanced,Listed Equity,Hermes International SCA,RMS FP,BB Ticker,France,,,
Balanced,Listed Equity,Hero MotoCorp Ltd,HMCL IN,BB Ticker,India,,,
Balanced,Listed Equity,Hershey Co/The,HSY US,BB Ticker,United States,,,
Balanced,Listed Equity,Hess Midstream LP,HESM US,BB Ticker,United States,,,
Balanced,Listed Equity,Hewlett Packard Enterprise Co,HPE US,BB Ticker,United States,,,
Balanced,Listed Equity,HF Sinclair Corp,DINO US,BB Ticker,United States,,,
Balanced,Listed Equity,Hilton Worldwide Holdings Inc,HLT US,BB Ticker,United States,,,
Balanced,Listed Equity,Hims & Hers Health Inc,HIMS US,BB Ticker,United States,,,
Balanced,Listed Equity,Hindustan Aeronautics Ltd,HNAL IN,BB Ticker,India,,,
Balanced,Listed Equity,Hindustan Unilever Ltd,HUVR IN,BB Ticker,India,,,
Balanced,Listed Equity,Hitachi Ltd,6501 JP,BB Ticker,Japan,,,
Balanced,Listed Equity,HMM Co Ltd,011200 KS,BB Ticker,South Korea,,,
Balanced,Listed Equity,HOCHTIEF AG,HOT GR,BB Ticker,Germany,,,
Balanced,Listed Equity,Hokkaido Electric Power Co Inc,9509 JP,BB Ticker,Japan,,,
Balanced,Listed Equity,Hokkaido Gas Co Ltd,9534 JP,BB Ticker,Japan,,,
Balanced,Listed Equity,Hokuriku Electric Power Co,9505 JP,BB Ticker,Japan,,,
Balanced,Listed Equity,Holcim AG,HOLN SW,BB Ticker,Switzerland,,,
Balanced,Listed Equity,Hologic Inc,HOLX US,BB Ticker,United States,,,
Balanced,Listed Equity,Home Depot Inc/The,HD US,BB Ticker,United States,,,
Balanced,Listed Equity,Hon Hai Precision Industry Co Ltd,2317 TT,BB Ticker,Taiwan,,,
Balanced,Listed Equity,Honda Motor Co Ltd,7267 JP,BB Ticker,Japan,,,
Balanced,Listed Equity,Hong Kong & China Gas Co Ltd,3 HK,BB Ticker,Hong Kong,,,
Balanced,Listed Equity,Hong Kong Exchanges & Clearing Ltd,388 HK,BB Ticker,Hong Kong,,,
Balanced,Listed Equity,Hong Leong Bank Bhd,HLBK MK,BB Ticker,Malaysia,,,
Balanced,Listed Equity,Horizon Robotics Inc,9660 HK,BB Ticker,Hong Kong,,,
Balanced,Listed Equity,Howmet Aerospace Inc,HWM US,BB Ticker,United States,,,
Balanced,Listed Equity,Hoya Corp,7741 JP,BB Ticker,Japan,,,
Balanced,Listed Equity,HP Inc,HPQ US,BB Ticker,United States,,,
Balanced,Listed Equity,HSBC Holdings PLC,HSBA LN,BB Ticker,United Kingdom,,,
Balanced,Listed Equity,HSBC Holdings PLC,5 HK,BB Ticker,Hong Kong,,,
Balanced,Listed Equity,HUB24 Ltd,HUB AU,BB Ticker,Australia,,,
Balanced,Listed Equity,Hubbell Inc,HUBB US,BB Ticker,United States,,,
Balanced,Listed Equity,HubSpot Inc,HUBS US,BB Ticker,United States,,,
Balanced,Listed Equity,Humana Inc,HUM US,BB Ticker,United States,,,
Balanced,Listed Equity,Huntington Bancshares Inc/OH,HBAN US,BB Ticker,United States,,,
Balanced,Listed Equity,Huntington Ingalls Industries Inc,HII US,BB Ticker,United States,,,
Balanced,Listed Equity,Hydro One Ltd,H CN,BB Ticker,Canada,,,
Balanced,Listed Equity,Hyundai Glovis Co Ltd,086280 KS,BB Ticker,South Korea,,,
Balanced,Listed Equity,Hyundai Mobis Co Ltd,012330 KS,BB Ticker,South Korea,,,
Balanced,Listed Equity,Hyundai Motor Co,005380 KS,BB Ticker,South Korea,,,
Balanced,Listed Equity,Hyundai Motor Co,005387 KS,BB Ticker,South Korea,,,
Balanced,Listed Equity,Hyundai Rotem Co Ltd,064350 KS,BB Ticker,South Korea,,,
Balanced,Listed Equity,iA Financial Corp Inc,IAG CN,BB Ticker,Canada,,,
Balanced,Listed Equity,Iberdrola SA,IBE SM,BB Ticker,Spain,,,
Balanced,Listed Equity,ICICI Bank Ltd,IBN US,BB Ticker,United States,,,
Balanced,Listed Equity,ICICI Bank Ltd,ICICIBC IN,BB Ticker,India,,,
Balanced,Listed Equity,ICL Group Ltd,ICL IT,BB Ticker,Israel,,,
Balanced,Listed Equity,ICON PLC,ICLR US,BB Ticker,United States,,,
Balanced,Listed Equity,IDACORP Inc,IDA US,BB Ticker,United States,,,
Balanced,Listed Equity,IDEX Corp,IEX US,BB Ticker,United States,,,
Balanced,Listed Equity,IDEXX Laboratories Inc,IDXX US,BB Ticker,United States,,,
Balanced,Listed Equity,IDFC First Bank Ltd,IDFCFB IN,BB Ticker,India,,,
Balanced,Listed Equity,IDP Education Ltd,IEL AU,BB Ticker,Australia,,,
Balanced,Listed Equity,IGM Financial Inc,IGM CN,BB Ticker,Canada,,,
Balanced,Listed Equity,IGO Ltd,IGO AU,BB Ticker,Australia,,,
Balanced,Listed Equity,Illinois Tool Works Inc,ITW US,BB Ticker,United States,,,
Balanced,Listed Equity,Illumina Inc,ILMN US,BB Ticker,United States,,,
Balanced,Listed Equity,Iluka Resources Ltd,ILU AU,BB Ticker,Australia,,,
Balanced,Listed Equity,Imdex Ltd,IMD AU,BB Ticker,Australia,,,
Balanced,Listed Equity,Immutep Ltd,IMM AU,BB Ticker,Australia,,,
Balanced,Listed Equity,Imperial Oil Ltd,IMO CN,BB Ticker,Canada,,,
Balanced,Listed Equity,Imugene Ltd,IMU AU,BB Ticker,Australia,,,
Balanced,Listed Equity,Incitec Pivot Ltd,IPL AU,BB Ticker,Australia,,,
Balanced,Listed Equity,Incyte Corp,INCY US,BB Ticker,United States,,,
Balanced,Listed Equity,Indian Railway Catering & Tourism Corp Ltd,IRCTC IN,BB Ticker,India,,,
Balanced,Listed Equity,Indofood Sukses Makmur Tbk PT,INDF IJ,BB Ticker,Indonesia,,,
Balanced,Listed Equity,Industria de Diseno Textil SA,ITX SM,BB Ticker,Spain,,,
Balanced,Listed Equity,Industrial & Commercial Bank of China Ltd,1398 HK,BB Ticker,Hong Kong,,,
Balanced,Listed Equity,Industrial & Commercial Bank of China Ltd,601398 C1,BB Ticker,China,,,
Balanced,Listed Equity,Industrial Bank of Korea,024110 KS,BB Ticker,South Korea,,,
Balanced,Listed Equity,Industrivarden AB,INDUA SS,BB Ticker,Sweden,,,
Balanced,Listed Equity,Infineon Technologies AG,IFX GR,BB Ticker,Germany,,,
Balanced,Listed Equity,Infomedia Ltd,IFM AU,BB Ticker,Australia,,,
Balanced,Listed Equity,Informa PLC,INF LN,BB Ticker,United Kingdom,,,
Balanced,Listed Equity,Infosys Ltd,INFY US,BB Ticker,United States,,,
Balanced,Listed Equity,Infosys Ltd,INFO IN,BB Ticker,India,,,
Balanced,Listed Equity,Infrastrutture Wireless Italiane SpA,INW IM,BB Ticker,Italy,,,
Balanced,Listed Equity,Infratil Ltd,IFT AU,BB Ticker,Australia,,,
Balanced,Listed Equity,ING Groep NV,INGA NA,BB Ticker,Netherlands,,,
Balanced,Listed Equity,Ingersoll Rand Inc,IR US,BB Ticker,United States,,,
Balanced,Listed Equity,Inghams Group Ltd,ING AU,BB Ticker,Australia,,,
Balanced,Listed Equity,Inpex Corp,1605 JP,BB Ticker,Japan,,,
Balanced,Listed Equity,InPost SA,INPST NA,BB Ticker,Netherlands,,,
Balanced,Listed Equity,Insignia Financial Ltd,IFL AU,BB Ticker,Australia,,,
Balanced,Listed Equity,Inspire Medical Systems Inc,INSP US,BB Ticker,United States,,,
Balanced,Listed Equity,Insurance Australia Group Ltd,IAG AU,BB Ticker,Australia,,,
Balanced,Listed Equity,Intact Financial Corp,IFC CN,BB Ticker,Canada,,,
Balanced,Listed Equity,Integral Diagnostics Ltd,IDX AU,BB Ticker,Australia,,,
Balanced,Listed Equity,Intel Corp,INTC US,BB Ticker,United States,,,
Balanced,Listed Equity,Interactive Brokers Group Inc,IBKR US,BB Ticker,United States,,,
Balanced,Listed Equity,Intercontinental Exchange Inc,ICE US,BB Ticker,United States,,,
Balanced,Listed Equity,InterContinental Hotels Group PLC,IHG LN,BB Ticker,United Kingdom,,,
Balanced,Listed Equity,InterGlobe Aviation Ltd,INDIGO IN,BB Ticker,India,,,
Balanced,Listed Equity,International Business Machines Corp,IBM US,BB Ticker,United States,,,
Balanced,Listed Equity,International Flavors & Fragrances Inc,IFF US,BB Ticker,United States,,,
Balanced,Listed Equity,International Games System Co Ltd,3293 TT,BB Ticker,Taiwan,,,
Balanced,Listed Equity,International Holding Co PJSC,IHC UH,BB Ticker,United Arab Emirates,,,
Balanced,Listed Equity,International Paper Co,IP US,BB Ticker,United States,,,
Balanced,Listed Equity,Intertek Group PLC,ITRK LN,BB Ticker,United Kingdom,,,
Balanced,Listed Equity,Intesa Sanpaolo SpA,ISP IM,BB Ticker,Italy,,,
Balanced,Listed Equity,Intouch Holdings PCL,INTUCH/F TB,BB Ticker,Thailand,,,
Balanced,Listed Equity,Intra-Cellular Therapies Inc,ITCI US,BB Ticker,United States,,,
Balanced,Listed Equity,Intuit Inc,INTU US,BB Ticker,United States,,,
Balanced,Listed Equity,Intuitive Surgical Inc,ISRG US,BB Ticker,United States,,,
Balanced,Listed Equity,Investec Ltd,INL SJ,BB Ticker,South Africa,,,
Balanced,Listed Equity,Investec PLC,INVP LN,BB Ticker,United Kingdom,,,
Balanced,Listed Equity,ioneer Ltd,INR AU,BB Ticker,Australia,,,
Balanced,Listed Equity,IperionX Ltd,IPX AU,BB Ticker,Australia,,,
Balanced,Listed Equity,IPH Ltd,IPH AU,BB Ticker,Australia,,,
Balanced,Listed Equity,Ipsen SA,IPN FP,BB Ticker,France,,,
Balanced,Listed Equity,IQVIA Holdings Inc,IQV US,BB Ticker,United States,,,
Balanced,Listed Equity,IRESS Ltd,IRE AU,BB Ticker,Australia,,,
Balanced,Listed Equity,Iridium Communications Inc,IRDM US,BB Ticker,United States,,,
Balanced,Listed Equity,Isuzu Motors Ltd,7202 JP,BB Ticker,Japan,,,
Balanced,Listed Equity,Italgas SpA,IG IM,BB Ticker,Italy,,,
Balanced,Listed Equity,Itau Unibanco Holding SA,ITUB US,BB Ticker,United States,,,
Balanced,Listed Equity,ITOCHU Corp,8001 JP,BB Ticker,Japan,,,
Balanced,Listed Equity,J Sainsbury PLC,SBRY LN,BB Ticker,United Kingdom,,,
Balanced,Listed Equity,Jabil Inc,JBL US,BB Ticker,United States,,,
Balanced,Listed Equity,James Hardie Industries PLC,JHX AU,BB Ticker,Australia,,,
Balanced,Listed Equity,Japan Airlines Co Ltd,9201 JP,BB Ticker,Japan,,,
Balanced,Listed Equity,Japan Aviation Electronics Industry Ltd,6807 JP,BB Ticker,Japan,,,
Balanced,Listed Equity,Japan Elevator Service Holdings Co Ltd,6544 JP,BB Ticker,Japan,,,
Balanced,Listed Equity,Japan Exchange Group Inc,8697 JP,BB Ticker,Japan,,,
Balanced,Listed Equity,Japan Post Holdings Co Ltd,6178 JP,BB Ticker,Japan,,,
Balanced,Listed Equity,Jarir Marketing Co,JARIR AB,BB Ticker,Saudi Arabia,,,
Balanced,Listed Equity,JB Hi-Fi Ltd,JBH AU,BB Ticker,Australia,,,
Balanced,Listed Equity,JD Logistics Inc,2618 HK,BB Ticker,Hong Kong,,,
Balanced,Listed Equity,JD.com Inc,9618 HK,BB Ticker,Hong Kong,,,
Balanced,Listed Equity,JD.com Inc,JD US,BB Ticker,United States,,,
Balanced,Listed Equity,Jeronimo Martins SGPS SA,JMT PL,BB Ticker,Portugal,,,
Balanced,Listed Equity,JMDC Inc,4483 JP,BB Ticker,Japan,,,
Balanced,Listed Equity,Joby Aviation Inc,JOBY US,BB Ticker,United States,,,
Balanced,Listed Equity,Johns Lyng Group Ltd,JLG AU,BB Ticker,Australia,,,
Balanced,Listed Equity,Johnson & Johnson,JNJ US,BB Ticker,United States,,,
Balanced,Listed Equity,Johnson Controls International plc,JCI US,BB Ticker,United States,,,
Balanced,Listed Equity,JPMorgan Chase & Co,JPM US,BB Ticker,United States,,,
Balanced,Listed Equity,JSW Energy Ltd,JSW IN,BB Ticker,India,,,
Balanced,Listed Equity,JSW Steel Ltd,JSTL IN,BB Ticker,India,,,
Balanced,Listed Equity,JTEKT Corp,6473 JP,BB Ticker,Japan,,,
Balanced,Listed Equity,Judo Capital Holdings Ltd,JDO AU,BB Ticker,Australia,,,
Balanced,Listed Equity,Jumbo Interactive Ltd,JIN AU,BB Ticker,Australia,,,
Balanced,Listed Equity,JUMBO SA,BELA GA,BB Ticker,Greece,,,
Balanced,Listed Equity,Juniper Networks Inc,JNPR US,BB Ticker,United States,,,
Balanced,Listed Equity,Jupiter Mines Ltd,JMS AU,BB Ticker,Australia,,,
Balanced,Listed Equity,Kadant Inc,KAI US,BB Ticker,United States,,,
Balanced,Listed Equity,Kalbe Farma Tbk PT,KLBF IJ,BB Ticker,Indonesia,,,
Balanced,Listed Equity,Kansai Electric Power Co Inc/The,9503 JP,BB Ticker,Japan,,,
Balanced,Listed Equity,Kansai Paint Co Ltd,4613 JP,BB Ticker,Japan,,,
Balanced,Listed Equity,Kanzhun Ltd,BZ US,BB Ticker,United States,,,
Balanced,Listed Equity,Kao Corp,4452 JP,BB Ticker,Japan,,,
Balanced,Listed Equity,Karoon Energy Ltd,KAR AU,BB Ticker,Australia,,,
Balanced,Listed Equity,Kasikornbank PCL,KBANK/F TB,BB Ticker,Thailand,,,
Balanced,Listed Equity,Kawasaki Kisen Kaisha Ltd,9107 JP,BB Ticker,Japan,,,
Balanced,Listed Equity,KB Financial Group Inc,105560 KS,BB Ticker,South Korea,,,
Balanced,Listed Equity,KBC Group NV,KBC BB,BB Ticker,Belgium,,,
Balanced,Listed Equity,KDDI Corp,9433 JP,BB Ticker,Japan,,,
Balanced,Listed Equity,Kelsian Group Ltd,KLS AU,BB Ticker,Australia,,,
Balanced,Listed Equity,Kerry Group PLC,KYGA LN,BB Ticker,United Kingdom,,,
Balanced,Listed Equity,Kerry Group PLC,KYGA ID,BB Ticker,Ireland,,,
Balanced,Listed Equity,Keurig Dr Pepper Inc,KDP US,BB Ticker,United States,,,
Balanced,Listed Equity,Kewpie Corp,2809 JP,BB Ticker,Japan,,,
Balanced,Listed Equity,KeyCorp,KEY US,BB Ticker,United States,,,
Balanced,Listed Equity,Keyence Corp,6861 JP,BB Ticker,Japan,,,
Balanced,Listed Equity,Keysight Technologies Inc,KEYS US,BB Ticker,United States,,,
Balanced,Listed Equity,Kia Corp,000270 KS,BB Ticker,South Korea,,,
Balanced,Listed Equity,Kikkoman Corp,2801 JP,BB Ticker,Japan,,,
Balanced,Listed Equity,Kimberly-Clark Corp,KMB US,BB Ticker,United States,,,
Balanced,Listed Equity,Kinder Morgan Inc,KMI US,BB Ticker,United States,,,
Balanced,Listed Equity,Kingdee International Software Group Co Ltd,268 HK,BB Ticker,Hong Kong,,,
Balanced,Listed Equity,Kingfisher PLC,KGF LN,BB Ticker,United Kingdom,,,
Balanced,Listed Equity,Kingspan Group PLC,KSP ID,BB Ticker,Ireland,,,
Balanced,Listed Equity,Kinross Gold Corp,K CN,BB Ticker,Canada,,,
Balanced,Listed Equity,KKR & Co Inc,KKR US,BB Ticker,United States,,,
Balanced,Listed Equity,KLA Corp,KLAC US,BB Ticker,United States,,,
Balanced,Listed Equity,KMD Brands Ltd,KMD AU,BB Ticker,Australia,,,
Balanced,Listed Equity,Knorr-Bremse AG,KBX GR,BB Ticker,Germany,,,
Balanced,Listed Equity,Kogan.com Ltd,KGN AU,BB Ticker,Australia,,,
Balanced,Listed Equity,Kokuyo Co Ltd,7984 JP,BB Ticker,Japan,,,
Balanced,Listed Equity,Komatsu Ltd,6301 JP,BB Ticker,Japan,,,
Balanced,Listed Equity,Komercni Banka AS,KOMB CP,BB Ticker,Czech Republic,,,
Balanced,Listed Equity,Konami Group Corp,9766 JP,BB Ticker,Japan,,,
Balanced,Listed Equity,Kone Oyj,KNEBV FH,BB Ticker,Finland,,,
Balanced,Listed Equity,Kongsberg Gruppen ASA,KOG NO,BB Ticker,Belgium,,,
Balanced,Listed Equity,Konica Minolta Inc,4902 JP,BB Ticker,Japan,,,
Balanced,Listed Equity,Koninklijke Ahold Delhaize NV,AD NA,BB Ticker,Netherlands,,,
Balanced,Listed Equity,Koninklijke KPN NV,KPN NA,BB Ticker,Netherlands,,,
Balanced,Listed Equity,Koninklijke Philips NV,PHIA NA,BB Ticker,Netherlands,,,
Balanced,Listed Equity,Koninklijke Vopak NV,VPK NA,BB Ticker,Netherlands,,,
Balanced,Listed Equity,Korea Electric Power Corp,015760 KS,BB Ticker,South Korea,,,
Balanced,Listed Equity,Korea Gas Corp,036460 KS,BB Ticker,South Korea,,,
Balanced,Listed Equity,Korean Air Lines Co Ltd,003490 KS,BB Ticker,South Korea,,,
Balanced,Listed Equity,Kotak Mahindra Bank Ltd,KMB IN,BB Ticker,India,,,
Balanced,Listed Equity,Kraft Heinz Co/The,KHC US,BB Ticker,United States,,,
Balanced,Listed Equity,Krafton Inc,259960 KS,BB Ticker,South Korea,,,
Balanced,Listed Equity,Kroger Co/The,KR US,BB Ticker,United States,,,
Balanced,Listed Equity,Krung Thai Bank PCL,KTB/F TB,BB Ticker,Thailand,,,
Balanced,Listed Equity,K's Holdings Corp,8282 JP,BB Ticker,Japan,,,
Balanced,Listed Equity,KT Corp,KT US,BB Ticker,United States,,,
Balanced,Listed Equity,Kuehne + Nagel International AG,KNIN SW,BB Ticker,Switzerland,,,
Balanced,Listed Equity,Kumba Iron Ore Ltd,KIO SJ,BB Ticker,South Africa,,,
Balanced,Listed Equity,Kunlun Energy Co Ltd,135 HK,BB Ticker,Hong Kong,,,
Balanced,Listed Equity,Kweichow Moutai Co Ltd,600519 C1,BB Ticker,China,,,
Balanced,Listed Equity,Kyowa Kirin Co Ltd,4151 JP,BB Ticker,Japan,,,
Balanced,Listed Equity,Kyushu Electric Power Co Inc,9508 JP,BB Ticker,Japan,,,
Balanced,Listed Equity,La Francaise des Jeux SAEM,FDJ FP,BB Ticker,France,,,
Balanced,Listed Equity,Lam Research Corp,LRCX US,BB Ticker,United States,,,
Balanced,Listed Equity,Largan Precision Co Ltd,3008 TT,BB Ticker,Taiwan,,,
Balanced,Listed Equity,Larsen & Toubro Ltd,LT IN,BB Ticker,India,,,
Balanced,Listed Equity,Las Vegas Sands Corp,LVS US,BB Ticker,United States,,,
Balanced,Listed Equity,Latam Airlines Group SA,LTM CI,BB Ticker,Chile,,,
Balanced,Listed Equity,Latin Resources Ltd,LRS AU,BB Ticker,Australia,,,
Balanced,Listed Equity,Lear Corp,LEA US,BB Ticker,United States,,,
Balanced,Listed Equity,LEENO Industrial Inc,058470 KS,BB Ticker,South Korea,,,
Balanced,Listed Equity,Legal & General Group PLC,LGEN LN,BB Ticker,United Kingdom,,,
Balanced,Listed Equity,Legrand SA,LR FP,BB Ticker,France,,,
Balanced,Listed Equity,Leidos Holdings Inc,LDOS US,BB Ticker,United States,,,
Balanced,Listed Equity,Lennar Corp,LEN US,BB Ticker,United States,,,
Balanced,Listed Equity,Lennox International Inc,LII US,BB Ticker,United States,,,
Balanced,Listed Equity,Lenovo Group Ltd,992 HK,BB Ticker,Hong Kong,,,
Balanced,Listed Equity,Leonardo SpA,LDO IM,BB Ticker,Italy,,,
Balanced,Listed Equity,LG Chem Ltd,051910 KS,BB Ticker,South Korea,,,
Balanced,Listed Equity,LG Corp,003550 KS,BB Ticker,South Korea,,,
Balanced,Listed Equity,LGI Homes Inc,LGIH US,BB Ticker,United States,,,
Balanced,Listed Equity,Li Ning Co Ltd,2331 HK,BB Ticker,Hong Kong,,,
Balanced,Listed Equity,Liberty Media Corp-Liberty Formula One,FWONK US,BB Ticker,United States,,,
Balanced,Listed Equity,Life360 Inc,360 AU,BB Ticker,Australia,,,
Balanced,Listed Equity,Light & Wonder Inc,LNW AU,BB Ticker,Australia,,,
Balanced,Listed Equity,Linde PLC,LIN US,BB Ticker,United States,,,
Balanced,Listed Equity,Linde PLC,LIN GR,BB Ticker,Germany,,,
Balanced,Listed Equity,Lintec Corp,7966 JP,BB Ticker,Japan,,,
Balanced,Listed Equity,Liontown Resources Ltd,LTR AU,BB Ticker,Australia,,,
Balanced,Listed Equity,Live Nation Entertainment Inc,LYV US,BB Ticker,United States,,,
Balanced,Listed Equity,Lloyds Banking Group PLC,LLOY LN,BB Ticker,United Kingdom,,,
Balanced,Listed Equity,Loblaw Cos Ltd,L CN,BB Ticker,Canada,,,
Balanced,Listed Equity,Lockheed Martin Corp,LMT US,BB Ticker,United States,,,
Balanced,Listed Equity,Loews Corp,L US,BB Ticker,United States,,,
Balanced,Listed Equity,Logitech International SA,LOGN SW,BB Ticker,Switzerland,,,
Balanced,Listed Equity,Lojas Renner SA,LREN3 BZ,BB Ticker,Brazil,,,
Balanced,Listed Equity,London Stock Exchange Group PLC,LSEG LN,BB Ticker,United Kingdom,,,
Balanced,Listed Equity,Lonza Group AG,LONN SW,BB Ticker,Switzerland,,,
Balanced,Listed Equity,L'Oreal SA,OR FP,BB Ticker,France,,,
Balanced,Listed Equity,Lotes Co Ltd,3533 TT,BB Ticker,Taiwan,,,
Balanced,Listed Equity,Lottery Corp Ltd/The,TLC AU,BB Ticker,Australia,,,
Balanced,Listed Equity,Lovisa Holdings Ltd,LOV AU,BB Ticker,Australia,,,
Balanced,Listed Equity,Lowe's Cos Inc,LOW US,BB Ticker,United States,,,
Balanced,Listed Equity,LPL Financial Holdings Inc,LPLA US,BB Ticker,United States,,,
Balanced,Listed Equity,LS Electric Co Ltd,010120 KS,BB Ticker,South Korea,,,
Balanced,Listed Equity,Lupin Ltd,LPC IN,BB Ticker,India,,,
Balanced,Listed Equity,LVMH Moet Hennessy Louis Vuitton SE,MC FP,BB Ticker,France,,,
Balanced,Listed Equity,LY Corp,4689 JP,BB Ticker,Japan,,,
Balanced,Listed Equity,Lynas Rare Earths Ltd,LYC AU,BB Ticker,Australia,,,
Balanced,Listed Equity,LyondellBasell Industries NV,LYB US,BB Ticker,United States,,,
Balanced,Listed Equity,M&T Bank Corp,MTB US,BB Ticker,United States,,,
Balanced,Listed Equity,MA Financial Group Ltd,MAF AU,BB Ticker,Australia,,,
Balanced,Listed Equity,Maas Group Holdings Ltd,MGH AU,BB Ticker,Australia,,,
Balanced,Listed Equity,Metals Acquisition Ltd,MAC AU,BB Ticker,Australia,,,
Balanced,Listed Equity,Macquarie Group Ltd,MQG AU,BB Ticker,Australia,,,
Balanced,Listed Equity,Macquarie Technology Group Ltd,MAQ AU,BB Ticker,Australia,,,
Balanced,Listed Equity,Magellan Financial Group Ltd,MFG AU,BB Ticker,Australia,,,
Balanced,Listed Equity,Magna International Inc,MG CN,BB Ticker,Canada,,,
Balanced,Listed Equity,Magna International Inc,MGA US,BB Ticker,United States,,,
Balanced,Listed Equity,Mahindra & Mahindra Ltd,MM IN,BB Ticker,India,,,
Balanced,Listed Equity,MakeMyTrip Ltd,MMYT US,BB Ticker,United States,,,
Balanced,Listed Equity,Makita Corp,6586 JP,BB Ticker,Japan,,,
Balanced,Listed Equity,Manhattan Associates Inc,MANH US,BB Ticker,United States,,,
Balanced,Listed Equity,ManpowerGroup Inc,MAN US,BB Ticker,United States,,,
Balanced,Listed Equity,Manulife Financial Corp,MFC CN,BB Ticker,Canada,,,
Balanced,Listed Equity,MarketAxess Holdings Inc,MKTX US,BB Ticker,United States,,,
Balanced,Listed Equity,Marks & Spencer Group PLC,MKS LN,BB Ticker,United Kingdom,,,
Balanced,Listed Equity,Marriott International Inc/MD,MAR US,BB Ticker,United States,,,
Balanced,Listed Equity,Marsh & McLennan Cos Inc,MMC US,BB Ticker,United States,,,
Balanced,Listed Equity,Marvell Technology Inc,MRVL US,BB Ticker,United States,,,
Balanced,Listed Equity,Masco Corp,MAS US,BB Ticker,United States,,,
Balanced,Listed Equity,Mastercard Inc,MA US,BB Ticker,United States,,,
Balanced,Listed Equity,Match Group Inc,MTCH US,BB Ticker,United States,,,
Balanced,Listed Equity,Max Healthcare Institute Ltd,MAXHEALT IN,BB Ticker,India,,,
Balanced,Listed Equity,Mayne Pharma Group Ltd,MYX AU,BB Ticker,Australia,,,
Balanced,Listed Equity,Mazda Motor Corp,7261 JP,BB Ticker,Japan,,,
Balanced,Listed Equity,McCormick & Co Inc/MD,MKC US,BB Ticker,United States,,,
Balanced,Listed Equity,McDonald's Corp,MCD US,BB Ticker,United States,,,
Balanced,Listed Equity,McDonald's Holdings Co Japan Ltd,2702 JP,BB Ticker,Japan,,,
Balanced,Listed Equity,McKesson Corp,MCK US,BB Ticker,United States,,,
Balanced,Listed Equity,McMillan Shakespeare Ltd,MMS AU,BB Ticker,Australia,,,
Balanced,Listed Equity,MediaTek Inc,2454 TT,BB Ticker,Taiwan,,,
Balanced,Listed Equity,Medibank Pvt Ltd,MPL AU,BB Ticker,Australia,,,
Balanced,Listed Equity,Medipal Holdings Corp,7459 JP,BB Ticker,Japan,,,
Balanced,Listed Equity,Medpace Holdings Inc,MEDP US,BB Ticker,United States,,,
Balanced,Listed Equity,Medtronic PLC,MDT US,BB Ticker,United States,,,
Balanced,Listed Equity,MEG Energy Corp,MEG CN,BB Ticker,Canada,,,
Balanced,Listed Equity,Megaport Ltd,MP1 AU,BB Ticker,Australia,,,
Balanced,Listed Equity,MEIJI Holdings Co Ltd,2269 JP,BB Ticker,Japan,,,
Balanced,Listed Equity,Meituan,3690 HK,BB Ticker,Hong Kong,,,
Balanced,Listed Equity,Melexis NV,MELE BB,BB Ticker,Belgium,,,
Balanced,Listed Equity,MercadoLibre Inc,MELI US,BB Ticker,United States,,,
Balanced,Listed Equity,Mercedes-Benz Group AG,MBG GR,BB Ticker,Germany,,,
Balanced,Listed Equity,Merck & Co Inc,MRK US,BB Ticker,United States,,,
Balanced,Listed Equity,Mercury NZ Ltd,MCY NZ,BB Ticker,New Zealand,,,
Balanced,Listed Equity,Meritz Financial Group Inc,138040 KS,BB Ticker,South Korea,,,
Balanced,Listed Equity,Mesoblast Ltd,MSB AU,BB Ticker,Australia,,,
Balanced,Listed Equity,Meta Platforms Inc,META US,BB Ticker,United States,,,
Balanced,Listed Equity,Metcash Ltd,MTS AU,BB Ticker,Australia,,,
Balanced,Listed Equity,Meteoric Resources NL,MEI AU,BB Ticker,Australia,,,
Balanced,Listed Equity,MetLife Inc,MET US,BB Ticker,United States,,,
Balanced,Listed Equity,Metropolitan Bank & Trust Co,MBT PM,BB Ticker,Philippines,,,
Balanced,Listed Equity,Mettler-Toledo International Inc,MTD US,BB Ticker,United States,,,
Balanced,Listed Equity,MGE Energy Inc,MGEE US,BB Ticker,United States,,,
Balanced,Listed Equity,MGM Resorts International,MGM US,BB Ticker,United States,,,
Balanced,Listed Equity,Microchip Technology Inc,MCHP US,BB Ticker,United States,,,
Balanced,Listed Equity,Micron Technology Inc,MU US,BB Ticker,United States,,,
Balanced,Listed Equity,Microsoft Corp,MSFT US,BB Ticker,United States,,,
Balanced,Listed Equity,MicroStrategy Inc,MSTR US,BB Ticker,United States,,,
Balanced,Listed Equity,Midea Group Co Ltd,000333 C2,BB Ticker,China,,,
Balanced,Listed Equity,Mineral Resources Ltd,MIN AU,BB Ticker,Australia,,,
Balanced,Listed Equity,MINISO Group Holding Ltd,9896 HK,BB Ticker,Hong Kong,,,
Balanced,Listed Equity,Minor International PCL,MINT/F TB,BB Ticker,Thailand,,,
Balanced,Listed Equity,Mitsubishi Chemical Group Corp,4188 JP,BB Ticker,Japan,,,
Balanced,Listed Equity,Mitsubishi Corp,8058 JP,BB Ticker,Japan,,,
Balanced,Listed Equity,Mitsubishi Electric Corp,6503 JP,BB Ticker,Japan,,,
Balanced,Listed Equity,Mitsubishi Heavy Industries Ltd,7011 JP,BB Ticker,Japan,,,
Balanced,Listed Equity,Mitsubishi UFJ Financial Group Inc,8306 JP,BB Ticker,Japan,,,
Balanced,Listed Equity,Mitsui & Co Ltd,8031 JP,BB Ticker,Japan,,,
Balanced,Listed Equity,Mitsui Mining & Smelting Co Ltd,5706 JP,BB Ticker,Japan,,,
Balanced,Listed Equity,Mitsui OSK Lines Ltd,9104 JP,BB Ticker,Japan,,,
Balanced,Listed Equity,Mizuho Financial Group Inc,8411 JP,BB Ticker,Japan,,,
Balanced,Listed Equity,Moderna Inc,MRNA US,BB Ticker,United States,,,
Balanced,Listed Equity,Modine Manufacturing Co,MOD US,BB Ticker,United States,,,
Balanced,Listed Equity,Monadelphous Group Ltd,MND AU,BB Ticker,Australia,,,
Balanced,Listed Equity,Monash IVF Group Ltd,MVF AU,BB Ticker,Australia,,,
Balanced,Listed Equity,Moncler SpA,MONC IM,BB Ticker,Italy,,,
Balanced,Listed Equity,Monday.com Ltd,MNDY US,BB Ticker,United States,,,
Balanced,Listed Equity,Mondelez International Inc,MDLZ US,BB Ticker,United States,,,
Balanced,Listed Equity,Mondi PLC,MNDI LN,BB Ticker,United Kingdom,,,
Balanced,Listed Equity,Monolithic Power Systems Inc,MPWR US,BB Ticker,United States,,,
Balanced,Listed Equity,MonotaRO Co Ltd,3064 JP,BB Ticker,Japan,,,
Balanced,Listed Equity,Monster Beverage Corp,MNST US,BB Ticker,United States,,,
Balanced,Listed Equity,Moody's Corp,MCO US,BB Ticker,United States,,,
Balanced,Listed Equity,Morgan Stanley,MS US,BB Ticker,United States,,,
Balanced,Listed Equity,Morinaga & Co Ltd/Japan,2201 JP,BB Ticker,Japan,,,
Balanced,Listed Equity,Morinaga Milk Industry Co Ltd,2264 JP,BB Ticker,Japan,,,
Balanced,Listed Equity,Mosaic Co/The,MOS US,BB Ticker,United States,,,
Balanced,Listed Equity,Motorola Solutions Inc,MSI US,BB Ticker,United States,,,
Balanced,Listed Equity,Mowi ASA,MOWI NO,BB Ticker,Belgium,,,
Balanced,Listed Equity,Mr Price Group Ltd,MRP SJ,BB Ticker,South Africa,,,
Balanced,Listed Equity,MS&AD Insurance Group Holdings Inc,8725 JP,BB Ticker,Japan,,,
Balanced,Listed Equity,MSCI Inc,MSCI US,BB Ticker,United States,,,
Balanced,Listed Equity,MTN Group Ltd,MTN SJ,BB Ticker,South Africa,,,
Balanced,Listed Equity,MTR Corp Ltd,66 HK,BB Ticker,Hong Kong,,,
Balanced,Listed Equity,MTU Aero Engines AG,MTX GR,BB Ticker,Germany,,,
Balanced,Listed Equity,Muenchener Rueckversicherungs-Gesellschaft AG in Muenchen,MUV2 GR,BB Ticker,Germany,,,
Balanced,Listed Equity,Multiply Group PJSC,MULTIPLY UH,BB Ticker,United Arab Emirates,,,
Balanced,Listed Equity,MyState Ltd,MYS AU,BB Ticker,Australia,,,
Balanced,Listed Equity,Nanosonics Ltd,NAN AU,BB Ticker,Australia,,,
Balanced,Listed Equity,NARI Technology Co Ltd,600406 C1,BB Ticker,China,,,
Balanced,Listed Equity,Nasdaq Inc,NDAQ US,BB Ticker,United States,,,
Balanced,Listed Equity,Naspers Ltd,NPN SJ,BB Ticker,South Africa,,,
Balanced,Listed Equity,National Australia Bank Ltd,NAB AU,BB Ticker,Australia,,,
Balanced,Listed Equity,National Bank of Canada,NA CN,BB Ticker,Canada,,,
Balanced,Listed Equity,National Bank of Greece SA,ETE GA,BB Ticker,Greece,,,
Balanced,Listed Equity,National Grid PLC,NG/ LN,BB Ticker,United Kingdom,,,
Balanced,Listed Equity,Naturgy Energy Group SA,NTGY SM,BB Ticker,Spain,,,
Balanced,Listed Equity,NatWest Group PLC,NWG LN,BB Ticker,United Kingdom,,,
Balanced,Listed Equity,nCino Inc,NCNO US,BB Ticker,United States,,,
Balanced,Listed Equity,NEC Corp,6701 JP,BB Ticker,Japan,,,
Balanced,Listed Equity,Nedbank Group Ltd,NED SJ,BB Ticker,South Africa,,,
Balanced,Listed Equity,Nestle India Ltd,NEST IN,BB Ticker,India,,,
Balanced,Listed Equity,Nestle Malaysia Bhd,NESZ MK,BB Ticker,Malaysia,,,
Balanced,Listed Equity,Nestle SA,NESN SW,BB Ticker,Switzerland,,,
Balanced,Listed Equity,NetApp Inc,NTAP US,BB Ticker,United States,,,
Balanced,Listed Equity,NetEase Inc,NTES US,BB Ticker,United States,,,
Balanced,Listed Equity,NetEase Inc,9999 HK,BB Ticker,Hong Kong,,,
Balanced,Listed Equity,Netflix Inc,NFLX US,BB Ticker,United States,,,
Balanced,Listed Equity,Netwealth Group Ltd,NWL AU,BB Ticker,Australia,,,
Balanced,Listed Equity,Neuren Pharmaceuticals Ltd,NEU AU,BB Ticker,Australia,,,
Balanced,Listed Equity,Neurocrine Biosciences Inc,NBIX US,BB Ticker,United States,,,
Balanced,Listed Equity,New Oriental Education & Technology Group Inc,9901 HK,BB Ticker,Hong Kong,,,
Balanced,Listed Equity,Newell Brands Inc,NWL US,BB Ticker,United States,,,
Balanced,Listed Equity,Newmont Corp,NEM AU,BB Ticker,Australia,,,
Balanced,Listed Equity,News Corp,NWS AU,BB Ticker,Australia,,,
Balanced,Listed Equity,News Corp,NWSA US,BB Ticker,United States,,,
Balanced,Listed Equity,NexGen Energy Ltd,NXG AU,BB Ticker,Australia,,,
Balanced,Listed Equity,Nexon Co Ltd,3659 JP,BB Ticker,Japan,,,
Balanced,Listed Equity,Next PLC,NXT LN,BB Ticker,United Kingdom,,,
Balanced,Listed Equity,NEXTDC Ltd,NXT AU,BB Ticker,Australia,,,
Balanced,Listed Equity,NextEra Energy Inc,NEE US,BB Ticker,United States,,,
Balanced,Listed Equity,NGK Insulators Ltd,5333 JP,BB Ticker,Japan,,,
Balanced,Listed Equity,nib holdings Ltd/Australia,NHF AU,BB Ticker,Australia,,,
Balanced,Listed Equity,Nice Ltd,NICE IT,BB Ticker,Israel,,,
Balanced,Listed Equity,Nick Scali Ltd,NCK AU,BB Ticker,Australia,,,
Balanced,Listed Equity,Nickel Industries Ltd,NIC AU,BB Ticker,Australia,,,
Balanced,Listed Equity,Nien Made Enterprise Co Ltd,8464 TT,BB Ticker,Taiwan,,,
Balanced,Listed Equity,NIKE Inc,NKE US,BB Ticker,United States,,,
Balanced,Listed Equity,Nine Entertainment Co Holdings Ltd,NEC AU,BB Ticker,Australia,,,
Balanced,Listed Equity,Nintendo Co Ltd,7974 JP,BB Ticker,Japan,,,
Balanced,Listed Equity,Nippon Steel Corp,5401 JP,BB Ticker,Japan,,,
Balanced,Listed Equity,Nippon Telegraph & Telephone Corp,9432 JP,BB Ticker,Japan,,,
Balanced,Listed Equity,Nippon Yusen KK,9101 JP,BB Ticker,Japan,,,
Balanced,Listed Equity,NiSource Inc,NI US,BB Ticker,United States,,,
Balanced,Listed Equity,Nitto Denko Corp,6988 JP,BB Ticker,Japan,,,
Balanced,Listed Equity,NMDC Ltd,NMDC IN,BB Ticker,India,,,
Balanced,Listed Equity,NN Group NV,NN NA,BB Ticker,Netherlands,,,
Balanced,Listed Equity,NOK Corp,7240 JP,BB Ticker,Japan,,,
Balanced,Listed Equity,Nokia Oyj,NOK US,BB Ticker,United States,,,
Balanced,Listed Equity,Nokia Oyj,NOKIA FH,BB Ticker,Finland,,,
Balanced,Listed Equity,Nomura Holdings Inc,8604 JP,BB Ticker,Japan,,,
Balanced,Listed Equity,Nomura Research Institute Ltd,4307 JP,BB Ticker,Japan,,,
Balanced,Listed Equity,Nordea Bank Abp,NDA FH,BB Ticker,Finland,,,
Balanced,Listed Equity,Norfolk Southern Corp,NSC US,BB Ticker,United States,,,
Balanced,Listed Equity,Northern Star Resources Ltd,NST AU,BB Ticker,Australia,,,
Balanced,Listed Equity,Northern Trust Corp,NTRS US,BB Ticker,United States,,,
Balanced,Listed Equity,Northland Power Inc,NPI CN,BB Ticker,Canada,,,
Balanced,Listed Equity,Northwest Natural Holding Co,NWN US,BB Ticker,United States,,,
Balanced,Listed Equity,Northwestern Energy Group Inc,NWE US,BB Ticker,United States,,,
Balanced,Listed Equity,NOV Inc,NOV US,BB Ticker,United States,,,
Balanced,Listed Equity,Nova Ltd,NVMI US,BB Ticker,United States,,,
Balanced,Listed Equity,Novartis AG,NOVN SW,BB Ticker,Switzerland,,,
Balanced,Listed Equity,Novo Nordisk A/S,NOVOB DC,BB Ticker,Denmark,,,
Balanced,Listed Equity,Novonesis (Novozymes) B,NSISB DC,BB Ticker,Denmark,,,
Balanced,Listed Equity,Novonix Ltd,NVX AU,BB Ticker,Australia,,,
Balanced,Listed Equity,NRG Energy Inc,NRG US,BB Ticker,United States,,,
Balanced,Listed Equity,NRW Holdings Ltd,NWH AU,BB Ticker,Australia,,,
Balanced,Listed Equity,NU Holdings Ltd/Cayman Islands,NU US,BB Ticker,United States,,,
Balanced,Listed Equity,Nucor Corp,NUE US,BB Ticker,United States,,,
Balanced,Listed Equity,Nufarm Ltd,NUF AU,BB Ticker,Australia,,,
Balanced,Listed Equity,Nuix Ltd,NXL AU,BB Ticker,Australia,,,
Balanced,Listed Equity,Nutanix Inc,NTNX US,BB Ticker,United States,,,
Balanced,Listed Equity,Nutrien Ltd,NTR US,BB Ticker,United States,,,
Balanced,Listed Equity,Nutrien Ltd,NTR CN,BB Ticker,Canada,,,
Balanced,Listed Equity,NVIDIA Corp,NVDA US,BB Ticker,United States,,,
Balanced,Listed Equity,NVR Inc,NVR US,BB Ticker,United States,,,
Balanced,Listed Equity,NXP Semiconductors NV,NXPI US,BB Ticker,United States,,,
Balanced,Listed Equity,Obic Co Ltd,4684 JP,BB Ticker,Japan,,,
Balanced,Listed Equity,Occidental Petroleum Corp,OXY US,BB Ticker,United States,,,
Balanced,Listed Equity,OFX Group Ltd,OFX AU,BB Ticker,Australia,,,
Balanced,Listed Equity,OGE Energy Corp,OGE US,BB Ticker,United States,,,
Balanced,Listed Equity,Okinawa Electric Power Co Inc/The,9511 JP,BB Ticker,Japan,,,
Balanced,Listed Equity,Okta Inc,OKTA US,BB Ticker,United States,,,
Balanced,Listed Equity,Old Dominion Freight Line Inc,ODFL US,BB Ticker,United States,,,
Balanced,Listed Equity,Ollie's Bargain Outlet Holdings Inc,OLLI US,BB Ticker,United States,,,
Balanced,Listed Equity,Olympus Corp,7733 JP,BB Ticker,Japan,,,
Balanced,Listed Equity,Omni Bridgeway Ltd,OBL AU,BB Ticker,Australia,,,
Balanced,Listed Equity,OMV AG,OMV AV,BB Ticker,Austria,,,
Balanced,Listed Equity,ON Semiconductor Corp,ON US,BB Ticker,United States,,,
Balanced,Listed Equity,ONE Gas Inc,OGS US,BB Ticker,United States,,,
Balanced,Listed Equity,ONEOK Inc,OKE US,BB Ticker,United States,,,
Balanced,Listed Equity,oOh!media Ltd,OML AU,BB Ticker,Australia,,,
Balanced,Listed Equity,OPAP SA,OPAP GA,BB Ticker,Greece,,,
Balanced,Listed Equity,Open House Group Co Ltd,3288 JP,BB Ticker,Japan,,,
Balanced,Listed Equity,Open Lending Corp,LPRO US,BB Ticker,United States,,,
Balanced,Listed Equity,Open Text Corp,OTEX CN,BB Ticker,Canada,,,
Balanced,Listed Equity,Opthea Ltd,OPT AU,BB Ticker,Australia,,,
Balanced,Listed Equity,Ora Banda Mining Ltd,OBM AU,BB Ticker,Australia,,,
Balanced,Listed Equity,Oracle Corp,ORCL US,BB Ticker,United States,,,
Balanced,Listed Equity,Oracle Corp Japan,4716 JP,BB Ticker,Japan,,,
Balanced,Listed Equity,Oracle Financial Services Software Ltd,OFSS IN,BB Ticker,India,,,
Balanced,Listed Equity,O'Reilly Automotive Inc,ORLY US,BB Ticker,United States,,,
Balanced,Listed Equity,Orica Ltd,ORI AU,BB Ticker,Australia,,,
Balanced,Listed Equity,Orient Overseas International Ltd,316 HK,BB Ticker,Hong Kong,,,
Balanced,Listed Equity,Origin Energy Ltd,ORG AU,BB Ticker,Australia,,,
Balanced,Listed Equity,Orion Corp/Republic of Korea,271560 KS,BB Ticker,South Korea,,,
Balanced,Listed Equity,Orion Oyj,ORNBV FH,BB Ticker,Finland,,,
Balanced,Listed Equity,ORIX Corp,8591 JP,BB Ticker,Japan,,,
Balanced,Listed Equity,Orkla ASA,ORK NO,BB Ticker,Belgium,,,
Balanced,Listed Equity,ORLEN SA,PKN PW,BB Ticker,Poland,,,
Balanced,Listed Equity,Orora Ltd,ORA AU,BB Ticker,Australia,,,
Balanced,Listed Equity,Osaka Gas Co Ltd,9532 JP,BB Ticker,Japan,,,
Balanced,Listed Equity,Otis Worldwide Corp,OTIS US,BB Ticker,United States,,,
Balanced,Listed Equity,OTP Bank Nyrt,OTP HB,BB Ticker,Hungary,,,
Balanced,Listed Equity,Otsuka Corp,4768 JP,BB Ticker,Japan,,,
Balanced,Listed Equity,Oversea-Chinese Banking Corp Ltd,OCBC SP,BB Ticker,Singapore,,,
Balanced,Listed Equity,Ovintiv Inc,OVV US,BB Ticker,United States,,,
Balanced,Listed Equity,Owens Corning,OC US,BB Ticker,United States,,,
Balanced,Listed Equity,PACCAR Inc,PCAR US,BB Ticker,United States,,,
Balanced,Listed Equity,Packaging Corp of America,PKG US,BB Ticker,United States,,,
Balanced,Listed Equity,Paladin Energy Ltd,PDN AU,BB Ticker,Australia,,,
Balanced,Listed Equity,Palantir Technologies Inc,PLTR US,BB Ticker,United States,,,
Balanced,Listed Equity,Palo Alto Networks Inc,PANW US,BB Ticker,United States,,,
Balanced,Listed Equity,Pan American Silver Corp,PAAS CN,BB Ticker,Canada,,,
Balanced,Listed Equity,Panasonic Holdings Corp,6752 JP,BB Ticker,Japan,,,
Balanced,Listed Equity,Parker-Hannifin Corp,PH US,BB Ticker,United States,,,
Balanced,Listed Equity,Patanjali Foods Ltd,PATANJAL IN,BB Ticker,India,,,
Balanced,Listed Equity,Patriot Battery Metals Inc,PMT AU,BB Ticker,Australia,,,
Balanced,Listed Equity,Paychex Inc,PAYX US,BB Ticker,United States,,,
Balanced,Listed Equity,Paylocity Holding Corp,PCTY US,BB Ticker,United States,,,
Balanced,Listed Equity,PayPal Holdings Inc,PYPL US,BB Ticker,United States,,,
Balanced,Listed Equity,PB Fintech Ltd,POLICYBZ IN,BB Ticker,India,,,
Balanced,Listed Equity,PDD Holdings Inc,PDD US,BB Ticker,United States,,,
Balanced,Listed Equity,Pegasus Hava Tasimaciligi AS,PGSUS TI,BB Ticker,Turkey,,,
Balanced,Listed Equity,Pegatron Corp,4938 TT,BB Ticker,Taiwan,,,
Balanced,Listed Equity,Pembina Pipeline Corp,PPL CN,BB Ticker,Canada,,,
Balanced,Listed Equity,Pennon Group PLC,PNN LN,BB Ticker,United Kingdom,,,
Balanced,Listed Equity,Pentair PLC,PNR US,BB Ticker,United States,,,
Balanced,Listed Equity,People's Insurance Co Group of China Ltd/The,1339 HK,BB Ticker,Hong Kong,,,
Balanced,Listed Equity,PepsiCo Inc,PEP US,BB Ticker,United States,,,
Balanced,Listed Equity,Perenti Ltd,PRN AU,BB Ticker,Australia,,,
Balanced,Listed Equity,Perpetual Ltd,PPT AU,BB Ticker,Australia,,,
Balanced,Listed Equity,Perseus Mining Ltd,PRU AU,BB Ticker,Australia,,,
Balanced,Listed Equity,Persistent Systems Ltd,PSYS IN,BB Ticker,India,,,
Balanced,Listed Equity,Persol Holdings Co Ltd,2181 JP,BB Ticker,Japan,,,
Balanced,Listed Equity,PetroChina Co Ltd,857 HK,BB Ticker,Hong Kong,,,
Balanced,Listed Equity,Petroleo Brasileiro SA,PBR US,BB Ticker,United States,,,
Balanced,Listed Equity,Petroleo Brasileiro SA,PETR3 BZ,BB Ticker,Brazil,,,
Balanced,Listed Equity,Petroleo Brasileiro SA,PETR4 BZ,BB Ticker,Brazil,,,
Balanced,Listed Equity,Petronas Gas Bhd,PTG MK,BB Ticker,Malaysia,,,
Balanced,Listed Equity,Petronet LNG Ltd,PLNG IN,BB Ticker,India,,,
Balanced,Listed Equity,Pfizer Inc,PFE US,BB Ticker,United States,,,
Balanced,Listed Equity,PG&E Corp,PCG US,BB Ticker,United States,,,
Balanced,Listed Equity,Phillips 66,PSX US,BB Ticker,United States,,,
Balanced,Listed Equity,Phoenix Group Holdings PLC,PHNX LN,BB Ticker,United Kingdom,,,
Balanced,Listed Equity,PICC Property & Casualty Co Ltd,2328 HK,BB Ticker,Hong Kong,,,
Balanced,Listed Equity,Piedmont Lithium Inc,PLL AU,BB Ticker,Australia,,,
Balanced,Listed Equity,Pilbara Minerals Ltd,PLS AU,BB Ticker,Australia,,,
Balanced,Listed Equity,Ping An Bank Co Ltd,000001 C2,BB Ticker,China,,,
Balanced,Listed Equity,Ping An Insurance Group Co of China Ltd,2318 HK,BB Ticker,Hong Kong,,,
Balanced,Listed Equity,Pinnacle Investment Management Group Ltd,PNI AU,BB Ticker,Australia,,,
Balanced,Listed Equity,Pinnacle West Capital Corp,PNW US,BB Ticker,United States,,,
Balanced,Listed Equity,Pinterest Inc,PINS US,BB Ticker,United States,,,
Balanced,Listed Equity,Piraeus Financial Holdings SA,TPEIR GA,BB Ticker,Greece,,,
Balanced,Listed Equity,Pirelli & C SpA,PIRC IM,BB Ticker,Italy,,,
Balanced,Listed Equity,Platinum Asset Management Ltd,PTM AU,BB Ticker,Australia,,,
Balanced,Listed Equity,PLDT Inc,TEL PM,BB Ticker,Philippines,,,
Balanced,Listed Equity,PNC Financial Services Group Inc/The,PNC US,BB Ticker,United States,,,
Balanced,Listed Equity,PolyNovo Ltd,PNV AU,BB Ticker,Australia,,,
Balanced,Listed Equity,Pop Mart International Group Ltd,9992 HK,BB Ticker,Hong Kong,,,
Balanced,Listed Equity,Popular Inc,BPOP US,BB Ticker,United States,,,
Balanced,Listed Equity,Porsche Automobil Holding SE,PAH3 GR,BB Ticker,Germany,,,
Balanced,Listed Equity,Portland General Electric Co,POR US,BB Ticker,United States,,,
Balanced,Listed Equity,POSCO Holdings Inc,005490 KS,BB Ticker,South Korea,,,
Balanced,Listed Equity,Poste Italiane SpA,PST IM,BB Ticker,Italy,,,
Balanced,Listed Equity,Power Assets Holdings Ltd,6 HK,BB Ticker,Hong Kong,,,
Balanced,Listed Equity,Power Corp of Canada,POW CN,BB Ticker,Canada,,,
Balanced,Listed Equity,Power Finance Corp Ltd,POWF IN,BB Ticker,India,,,
Balanced,Listed Equity,Power Grid Corp of India Ltd,PWGR IN,BB Ticker,India,,,
Balanced,Listed Equity,Powszechna Kasa Oszczednosci Bank Polski SA,PKO PW,BB Ticker,Poland,,,
Balanced,Listed Equity,Powszechny Zaklad Ubezpieczen SA,PZU PW,BB Ticker,Poland,,,
Balanced,Listed Equity,PPB Group Bhd,PEP MK,BB Ticker,Malaysia,,,
Balanced,Listed Equity,PPL Corp,PPL US,BB Ticker,United States,,,
Balanced,Listed Equity,Predictive Discovery Ltd,PDI AU,BB Ticker,Australia,,,
Balanced,Listed Equity,Premier Investments Ltd,PMV AU,BB Ticker,Australia,,,
Balanced,Listed Equity,President Chain Store Corp,2912 TT,BB Ticker,Taiwan,,,
Balanced,Listed Equity,Primerica Inc,PRI US,BB Ticker,United States,,,
Balanced,Listed Equity,Principal Financial Group Inc,PFG US,BB Ticker,United States,,,
Balanced,Listed Equity,PRIO SA/Brazil,PRIO3 BZ,BB Ticker,Brazil,,,
Balanced,Listed Equity,Pro Medicus Ltd,PME AU,BB Ticker,Australia,,,
Balanced,Listed Equity,Progress Software Corp,PRGS US,BB Ticker,United States,,,
Balanced,Listed Equity,Progressive Corp/The,PGR US,BB Ticker,United States,,,
Balanced,Listed Equity,Propel Funeral Partners Ltd,PFP AU,BB Ticker,Australia,,,
Balanced,Listed Equity,Prosus NV,PRX NA,BB Ticker,Netherlands,,,
Balanced,Listed Equity,Prudential Financial Inc,PRU US,BB Ticker,United States,,,
Balanced,Listed Equity,Prysmian SpA,PRY IM,BB Ticker,Italy,,,
Balanced,Listed Equity,Public Bank Bhd,PBK MK,BB Ticker,Malaysia,,,
Balanced,Listed Equity,Public Service Enterprise Group Inc,PEG US,BB Ticker,United States,,,
Balanced,Listed Equity,Publicis Groupe SA,PUB FP,BB Ticker,France,,,
Balanced,Listed Equity,PulteGroup Inc,PHM US,BB Ticker,United States,,,
Balanced,Listed Equity,Pure Storage Inc,PSTG US,BB Ticker,United States,,,
Balanced,Listed Equity,PVH Corp,PVH US,BB Ticker,United States,,,
Balanced,Listed Equity,PWR Holdings Ltd,PWH AU,BB Ticker,Australia,,,
Balanced,Listed Equity,Q2 Holdings Inc,QTWO US,BB Ticker,United States,,,
Balanced,Listed Equity,Qantas Airways Ltd,QAN AU,BB Ticker,Australia,,,
Balanced,Listed Equity,QBE Insurance Group Ltd,QBE AU,BB Ticker,Australia,,,
Balanced,Listed Equity,QIAGEN NV,QIAD S1,BB Ticker,United Kingdom,,,
Balanced,Listed Equity,Qifu Technology Inc,QFIN US,BB Ticker,United States,,,
Balanced,Listed Equity,Qorvo Inc,QRVO US,BB Ticker,United States,,,
Balanced,Listed Equity,QUALCOMM Inc,QCOM US,BB Ticker,United States,,,
Balanced,Listed Equity,Quanta Computer Inc,2382 TT,BB Ticker,Taiwan,,,
Balanced,Listed Equity,Quanta Services Inc,PWR US,BB Ticker,United States,,,
Balanced,Listed Equity,Qube Holdings Ltd,QUB AU,BB Ticker,Australia,,,
Balanced,Listed Equity,Quest Diagnostics Inc,DGX US,BB Ticker,United States,,,
Balanced,Listed Equity,Radian Group Inc,RDN US,BB Ticker,United States,,,
Balanced,Listed Equity,RAI Way SpA,RWAY IM,BB Ticker,Italy,,,
Balanced,Listed Equity,Raia Drogasil SA,RADL3 BZ,BB Ticker,Brazil,,,
Balanced,Listed Equity,Rakus Co Ltd,3923 JP,BB Ticker,Japan,,,
Balanced,Listed Equity,Ramelius Resources Ltd,RMS AU,BB Ticker,Australia,,,
Balanced,Listed Equity,Ramsay Health Care Ltd,RHC AU,BB Ticker,Australia,,,
Balanced,Listed Equity,Randstad NV,RAND NA,BB Ticker,Netherlands,,,
Balanced,Listed Equity,Raymond James Financial Inc,RJF US,BB Ticker,United States,,,
Balanced,Listed Equity,RB Global Inc,RBA CN,BB Ticker,Canada,,,
Balanced,Listed Equity,RBC Bearings Inc,RBC US,BB Ticker,United States,,,
Balanced,Listed Equity,REA Group Ltd,REA AU,BB Ticker,Australia,,,
Balanced,Listed Equity,Reckitt Benckiser Group PLC,RKT LN,BB Ticker,United Kingdom,,,
Balanced,Listed Equity,Recruit Holdings Co Ltd,6098 JP,BB Ticker,Japan,,,
Balanced,Listed Equity,Redeia Corp SA,RED SM,BB Ticker,Spain,,,
Balanced,Listed Equity,Redox Ltd/Australia,RDX AU,BB Ticker,Australia,,,
Balanced,Listed Equity,Reece Ltd,REH AU,BB Ticker,Australia,,,
Balanced,Listed Equity,Regeneron Pharmaceuticals Inc,REGN US,BB Ticker,United States,,,
Balanced,Listed Equity,Regions Financial Corp,RF US,BB Ticker,United States,,,
Balanced,Listed Equity,Regis Healthcare Ltd,REG AU,BB Ticker,Australia,,,
Balanced,Listed Equity,Regis Resources Ltd,RRL AU,BB Ticker,Australia,,,
Balanced,Listed Equity,Reinsurance Group of America Inc,RGA US,BB Ticker,United States,,,
Balanced,Listed Equity,Reliance Inc,RS US,BB Ticker,United States,,,
Balanced,Listed Equity,Reliance Industries Ltd,RELIANCE IN,BB Ticker,India,,,
Balanced,Listed Equity,Reliance Worldwide Corp Ltd,RWC AU,BB Ticker,Australia,,,
Balanced,Listed Equity,RELX PLC,REL LN,BB Ticker,United Kingdom,,,
Balanced,Listed Equity,RELX PLC,REN NA,BB Ticker,Netherlands,,,
Balanced,Listed Equity,REN - Redes Energeticas Nacionais SGPS SA,RENE PL,BB Ticker,Portugal,,,
Balanced,Listed Equity,RenaissanceRe Holdings Ltd,RNR US,BB Ticker,United States,,,
Balanced,Listed Equity,Repsol SA,REP SM,BB Ticker,Spain,,,
Balanced,Listed Equity,Republic Services Inc,RSG US,BB Ticker,United States,,,
Balanced,Listed Equity,ResMed Inc,RMD AU,BB Ticker,Australia,,,
Balanced,Listed Equity,ResMed Inc,RMD US,BB Ticker,United States,,,
Balanced,Listed Equity,Resolute Mining Ltd,RSG AU,BB Ticker,Australia,,,
Balanced,Listed Equity,Resona Holdings Inc,8308 JP,BB Ticker,Japan,,,
Balanced,Listed Equity,Resonac Holdings Corp,4004 JP,BB Ticker,Japan,,,
Balanced,Listed Equity,Rexel SA,RXL FP,BB Ticker,France,,,
Balanced,Listed Equity,Rheinmetall AG,RHM GR,BB Ticker,Germany,,,
Balanced,Listed Equity,Richter Gedeon Nyrt,RICHT HB,BB Ticker,Hungary,,,
Balanced,Listed Equity,Ridley Corp Ltd,RIC AU,BB Ticker,Australia,,,
Balanced,Listed Equity,Rincon Resources Ltd,RCR AU,BB Ticker,Australia,,,
Balanced,Listed Equity,Rio Tinto Ltd,RIO AU,BB Ticker,Australia,,,
Balanced,Listed Equity,Rio Tinto PLC,RIO LN,BB Ticker,United Kingdom,,,
Balanced,Listed Equity,Rivian Automotive Inc,RIVN US,BB Ticker,United States,,,
Balanced,Listed Equity,Robinhood Markets Inc,HOOD US,BB Ticker,United States,,,
Balanced,Listed Equity,ROBLOX Corp,RBLX US,BB Ticker,United States,,,
Balanced,Listed Equity,Roche Holding AG,ROG SW,BB Ticker,Switzerland,,,
Balanced,Listed Equity,Roche Holding AG,RO SW,BB Ticker,Switzerland,,,
Balanced,Listed Equity,ROCKWOOL A/S,ROCKB DC,BB Ticker,Denmark,,,
Balanced,Listed Equity,Roku Inc,ROKU US,BB Ticker,United States,,,
Balanced,Listed Equity,Rollins Inc,ROL US,BB Ticker,United States,,,
Balanced,Listed Equity,Rolls-Royce Holdings PLC,RR/ LN,BB Ticker,United Kingdom,,,
Balanced,Listed Equity,Roper Technologies Inc,ROP US,BB Ticker,United States,,,
Balanced,Listed Equity,Ross Stores Inc,ROST US,BB Ticker,United States,,,
Balanced,Listed Equity,Royal Bank of Canada,RY CN,BB Ticker,Canada,,,
Balanced,Listed Equity,Royalty Pharma PLC,RPRX US,BB Ticker,United States,,,
Balanced,Listed Equity,RPM International Inc,RPM US,BB Ticker,United States,,,
Balanced,Listed Equity,RPMGlobal Holdings Ltd,RUL AU,BB Ticker,Australia,,,
Balanced,Listed Equity,RTX Corp,RTX US,BB Ticker,United States,,,
Balanced,Listed Equity,RWE AG,RWE GR,BB Ticker,Germany,,,
Balanced,Listed Equity,S&P Global Inc,SPGI US,BB Ticker,United States,,,
Balanced,Listed Equity,Saab AB,SAABB SS,BB Ticker,Sweden,,,
Balanced,Listed Equity,Safran SA,SAF FP,BB Ticker,France,,,
Balanced,Listed Equity,Saia Inc,SAIA US,BB Ticker,United States,,,
Balanced,Listed Equity,Saibu Gas Holdings Co Ltd,9536 JP,BB Ticker,Japan,,,
Balanced,Listed Equity,Saipem SpA,SPM IM,BB Ticker,Italy,,,
Balanced,Listed Equity,Salesforce Inc,CRM US,BB Ticker,United States,,,
Balanced,Listed Equity,Salmar ASA,SALM NO,BB Ticker,Belgium,,,
Balanced,Listed Equity,Samsara Inc,IOT US,BB Ticker,United States,,,
Balanced,Listed Equity,Samsonite International SA,1910 HK,BB Ticker,Hong Kong,,,
Balanced,Listed Equity,Samsung C&T Corp,028260 KS,BB Ticker,South Korea,,,
Balanced,Listed Equity,Samsung E&A Co Ltd,028050 KS,BB Ticker,South Korea,,,
Balanced,Listed Equity,Samsung Electronics Co Ltd,005930 KS,BB Ticker,South Korea,,,
Balanced,Listed Equity,Samsung Electronics Co Ltd,SMSN LI,BB Ticker,United Kingdom,,,
Balanced,Listed Equity,Samsung Electronics Co Ltd,005935 KS,BB Ticker,South Korea,,,
Balanced,Listed Equity,Samsung Fire & Marine Insurance Co Ltd,000810 KS,BB Ticker,South Korea,,,
Balanced,Listed Equity,Samsung SDS Co Ltd,018260 KS,BB Ticker,South Korea,,,
Balanced,Listed Equity,Sandfire Resources Ltd,SFR AU,BB Ticker,Australia,,,
Balanced,Listed Equity,Sangamo Therapeutics Inc,SGMO US,BB Ticker,United States,,,
Balanced,Listed Equity,Sankyo Co Ltd,6417 JP,BB Ticker,Japan,,,
Balanced,Listed Equity,Sanlam Ltd,SLM SJ,BB Ticker,South Africa,,,
Balanced,Listed Equity,Sanofi SA,SAN FP,BB Ticker,France,,,
Balanced,Listed Equity,Santander Bank Polska SA,SPL PW,BB Ticker,Poland,,,
Balanced,Listed Equity,Santen Pharmaceutical Co Ltd,4536 JP,BB Ticker,Japan,,,
Balanced,Listed Equity,Santos Ltd,STO AU,BB Ticker,Australia,,,
Balanced,Listed Equity,Sanwa Holdings Corp,5929 JP,BB Ticker,Japan,,,
Balanced,Listed Equity,SAP SE,SAP GR,BB Ticker,Germany,,,
Balanced,Listed Equity,Sappi Ltd,SAP SJ,BB Ticker,South Africa,,,
Balanced,Listed Equity,Sartorius AG,SRT3 GR,BB Ticker,Germany,,,
Balanced,Listed Equity,Saudi Arabian Oil Co,ARAMCO AB,BB Ticker,Saudi Arabia,,,
Balanced,Listed Equity,Saudi Awwal Bank,SABB AB,BB Ticker,Saudi Arabia,,,
Balanced,Listed Equity,Saudi Basic Industries Corp,SABIC AB,BB Ticker,Saudi Arabia,,,
Balanced,Listed Equity,Sayona Mining Ltd,SYA AU,BB Ticker,Australia,,,
Balanced,Listed Equity,SBI Holdings Inc,8473 JP,BB Ticker,Japan,,,
Balanced,Listed Equity,SBI Life Insurance Co Ltd,SBILIFE IN,BB Ticker,India,,,
Balanced,Listed Equity,SCB X PCL,SCB/F TB,BB Ticker,Thailand,,,
Balanced,Listed Equity,Schlumberger NV,SLB US,BB Ticker,United States,,,
Balanced,Listed Equity,Schneider Electric SE,SU FP,BB Ticker,France,,,
Balanced,Listed Equity,Schroders PLC,SDR LN,BB Ticker,United Kingdom,,,
Balanced,Listed Equity,SCOR SE,SCR FP,BB Ticker,France,,,
Balanced,Listed Equity,SCREEN Holdings Co Ltd,7735 JP,BB Ticker,Japan,,,
Balanced,Listed Equity,Sea Ltd,SE US,BB Ticker,United States,,,
Balanced,Listed Equity,Seagate Technology Holdings PLC,STX US,BB Ticker,United States,,,
Balanced,Listed Equity,SEB SA,SK FP,BB Ticker,France,,,
Balanced,Listed Equity,Secom Co Ltd,9735 JP,BB Ticker,Japan,,,
Balanced,Listed Equity,Securitas AB,SECUB SS,BB Ticker,Sweden,,,
Balanced,Listed Equity,SEEK Ltd,SEK AU,BB Ticker,Australia,,,
Balanced,Listed Equity,Sega Sammy Holdings Inc,6460 JP,BB Ticker,Japan,,,
Balanced,Listed Equity,SEI Investments Co,SEIC US,BB Ticker,United States,,,
Balanced,Listed Equity,Seiko Epson Corp,6724 JP,BB Ticker,Japan,,,
Balanced,Listed Equity,Select Harvests Ltd,SHV AU,BB Ticker,Australia,,,
Balanced,Listed Equity,Sempra,SRE US,BB Ticker,United States,,,
Balanced,Listed Equity,Sendas Distribuidora S/A,ASAIY US,BB Ticker,United States,,,
Balanced,Listed Equity,Sendas Distribuidora S/A,ASAI3 BZ,BB Ticker,Brazil,,,
Balanced,Listed Equity,Sensata Technologies Holding PLC,ST US,BB Ticker,United States,,,
Balanced,Listed Equity,Service Stream Ltd,SSM AU,BB Ticker,Australia,,,
Balanced,Listed Equity,ServiceNow Inc,NOW US,BB Ticker,United States,,,
Balanced,Listed Equity,SES SA,SESG FP,BB Ticker,France,,,
Balanced,Listed Equity,Severn Trent PLC,SVT LN,BB Ticker,United Kingdom,,,
Balanced,Listed Equity,SGH Ltd,SGH AU,BB Ticker,Australia,,,
Balanced,Listed Equity,SGS SA,SGSN SW,BB Ticker,Switzerland,,,
Balanced,Listed Equity,Shanghai Commercial & Savings Bank Ltd/The,5876 TT,BB Ticker,Taiwan,,,
Balanced,Listed Equity,Shell PLC,SHEL LN,BB Ticker,United Kingdom,,,
Balanced,Listed Equity,Shell PLC,SHELLA S4,BB Ticker,S4,,,
Balanced,Listed Equity,Shenwan Hongyuan Group Co Ltd,000166 C2,BB Ticker,China,,,
Balanced,Listed Equity,Shenzhen Mindray Bio-Medical Electronics Co Ltd,300760 C2,BB Ticker,China,,,
Balanced,Listed Equity,Sherwin-Williams Co/The,SHW US,BB Ticker,United States,,,
Balanced,Listed Equity,Shift4 Payments Inc,FOUR US,BB Ticker,United States,,,
Balanced,Listed Equity,Shikoku Electric Power Co Inc,9507 JP,BB Ticker,Japan,,,
Balanced,Listed Equity,Shimamura Co Ltd,8227 JP,BB Ticker,Japan,,,
Balanced,Listed Equity,Shimano Inc,7309 JP,BB Ticker,Japan,,,
Balanced,Listed Equity,Shin-Etsu Chemical Co Ltd,4063 JP,BB Ticker,Japan,,,
Balanced,Listed Equity,Shinhan Financial Group Co Ltd,SHG US,BB Ticker,United States,,,
Balanced,Listed Equity,Shinhan Financial Group Co Ltd,055550 KS,BB Ticker,South Korea,,,
Balanced,Listed Equity,Shionogi & Co Ltd,4507 JP,BB Ticker,Japan,,,
Balanced,Listed Equity,Shizuoka Gas Co Ltd,9543 JP,BB Ticker,Japan,,,
Balanced,Listed Equity,Shopify Inc,SHOP CN,BB Ticker,Canada,,,
Balanced,Listed Equity,Shopify Inc,SHOP US,BB Ticker,United States,,,
Balanced,Listed Equity,Sichuan Chuantou Energy Co Ltd,600674 C1,BB Ticker,China,,,
Balanced,Listed Equity,Siemens AG,SIE GR,BB Ticker,Germany,,,
Balanced,Listed Equity,Siemens Energy AG,ENR GR,BB Ticker,Germany,,,
Balanced,Listed Equity,Sigma Healthcare Ltd,SIG AU,BB Ticker,Australia,,,
Balanced,Listed Equity,Signify NV,LIGHT NA,BB Ticker,Netherlands,,,
Balanced,Listed Equity,Sika AG,SIKA SW,BB Ticker,Switzerland,,,
Balanced,Listed Equity,Silergy Corp,6415 TT,BB Ticker,Taiwan,,,
Balanced,Listed Equity,Silex Systems Ltd,SLX AU,BB Ticker,Australia,,,
Balanced,Listed Equity,Sims Ltd,SGM AU,BB Ticker,Australia,,,
Balanced,Listed Equity,Singapore Airlines Ltd,SIA SP,BB Ticker,Singapore,,,
Balanced,Listed Equity,Singapore Exchange Ltd,SGX SP,BB Ticker,Singapore,,,
Balanced,Listed Equity,Singapore Technologies Engineering Ltd,STE SP,BB Ticker,Singapore,,,
Balanced,Listed Equity,Singapore Telecommunications Ltd,ST SP,BB Ticker,Singapore,,,
Balanced,Listed Equity,Sinotruk Hong Kong Ltd,3808 HK,BB Ticker,Hong Kong,,,
Balanced,Listed Equity,Sirius XM Holdings Inc,SIRI US,BB Ticker,United States,,,
Balanced,Listed Equity,SITC International Holdings Co Ltd,1308 HK,BB Ticker,Hong Kong,,,
Balanced,Listed Equity,SiteMinder Ltd,SDR AU,BB Ticker,Australia,,,
Balanced,Listed Equity,SJW Group,SJW US,BB Ticker,United States,,,
Balanced,Listed Equity,SK Hynix Inc,000660 KS,BB Ticker,South Korea,,,
Balanced,Listed Equity,SK Telecom Co Ltd,017670 KS,BB Ticker,South Korea,,,
Balanced,Listed Equity,Skandinaviska Enskilda Banken AB,SEBA SS,BB Ticker,Sweden,,,
Balanced,Listed Equity,SKF AB,SKFB SS,BB Ticker,Sweden,,,
Balanced,Listed Equity,SKY Network Television Ltd,SKT NZ,BB Ticker,New Zealand,,,
Balanced,Listed Equity,SKYCITY Entertainment Group Ltd,SKC AU,BB Ticker,Australia,,,
Balanced,Listed Equity,Skyworks Solutions Inc,SWKS US,BB Ticker,United States,,,
Balanced,Listed Equity,SmartGroup Corp Ltd,SIQ AU,BB Ticker,Australia,,,
Balanced,Listed Equity,SMC Corp,6273 JP,BB Ticker,Japan,,,
Balanced,Listed Equity,Smith Douglas Homes Corp,SDHC US,BB Ticker,United States,,,
Balanced,Listed Equity,SMS Co Ltd,2175 JP,BB Ticker,Japan,,,
Balanced,Listed Equity,Smurfit WestRock PLC,SW US,BB Ticker,United States,,,
Balanced,Listed Equity,Snam SpA,SRG IM,BB Ticker,Italy,,,
Balanced,Listed Equity,Snap-on Inc,SNA US,BB Ticker,United States,,,
Balanced,Listed Equity,Snowflake Inc,SNOW US,BB Ticker,United States,,,
Balanced,Listed Equity,Societe Generale SA,GLE FP,BB Ticker,France,,,
Balanced,Listed Equity,SoftBank Corp,9434 JP,BB Ticker,Japan,,,
Balanced,Listed Equity,Softcat PLC,SCT LN,BB Ticker,United Kingdom,,,
Balanced,Listed Equity,Solventum Corp,SOLV US,BB Ticker,United States,,,
Balanced,Listed Equity,Sompo Holdings Inc,8630 JP,BB Ticker,Japan,,,
Balanced,Listed Equity,Sonic Healthcare Ltd,SHL AU,BB Ticker,Australia,,,
Balanced,Listed Equity,Sonova Holding AG,SOON SW,BB Ticker,Switzerland,,,
Balanced,Listed Equity,Sony Group Corp,6758 JP,BB Ticker,Japan,,,
Balanced,Listed Equity,South Bow Corp,SOBO CN,BB Ticker,Canada,,,
Balanced,Listed Equity,South32 Ltd,S32 AU,BB Ticker,Australia,,,
Balanced,Listed Equity,Southern Copper Corp,SCCO US,BB Ticker,United States,,,
Balanced,Listed Equity,Southern Cross Media Group Ltd,SXL AU,BB Ticker,Australia,,,
Balanced,Listed Equity,Southern Cross Payments Ltd,SP1 AU,BB Ticker,Australia,,,
Balanced,Listed Equity,Spark New Zealand Ltd,SPK AU,BB Ticker,Australia,,,
Balanced,Listed Equity,Spartan Resources Ltd/Australia,SPR AU,BB Ticker,Australia,,,
Balanced,Listed Equity,Spire Inc,SR US,BB Ticker,United States,,,
Balanced,Listed Equity,Spotify Technology SA,SPOT US,BB Ticker,United States,,,
Balanced,Listed Equity,SRG Global Ltd,SRG AU,BB Ticker,Australia,,,
Balanced,Listed Equity,SS&C Technologies Holdings Inc,SSNC US,BB Ticker,United States,,,
Balanced,Listed Equity,St James's Place PLC,STJ LN,BB Ticker,United Kingdom,,,
Balanced,Listed Equity,Standard Bank Group Ltd,SBK SJ,BB Ticker,South Africa,,,
Balanced,Listed Equity,Stanmore Resources Ltd,SMR AU,BB Ticker,Australia,,,
Balanced,Listed Equity,Stantec Inc,STN CN,BB Ticker,Canada,,,
Balanced,Listed Equity,Star Entertainment Grp Ltd/The,SGR AU,BB Ticker,Australia,,,
Balanced,Listed Equity,Starbucks Corp,SBUX US,BB Ticker,United States,,,
Balanced,Listed Equity,State Bank of India,SBIN IN,BB Ticker,India,,,
Balanced,Listed Equity,State Street Corp,STT US,BB Ticker,United States,,,
Balanced,Listed Equity,Steadfast Group Ltd,SDF AU,BB Ticker,Australia,,,
Balanced,Listed Equity,Steel Dynamics Inc,STLD US,BB Ticker,United States,,,
Balanced,Listed Equity,Stellantis NV,STLAM IM,BB Ticker,Italy,,,
Balanced,Listed Equity,Stifel Financial Corp,SF US,BB Ticker,United States,,,
Balanced,Listed Equity,STMicroelectronics NV,STMPA FP,BB Ticker,France,,,
Balanced,Listed Equity,Straumann Holding AG,STMN SW,BB Ticker,Switzerland,,,
Balanced,Listed Equity,Strike Energy Ltd,STX AU,BB Ticker,Australia,,,
Balanced,Listed Equity,Stryker Corp,SYK US,BB Ticker,United States,,,
Balanced,Listed Equity,Subaru Corp,7270 JP,BB Ticker,Japan,,,
Balanced,Listed Equity,Sugi Holdings Co Ltd,7649 JP,BB Ticker,Japan,,,
Balanced,Listed Equity,Sumitomo Chemical Co Ltd,4005 JP,BB Ticker,Japan,,,
Balanced,Listed Equity,Sumitomo Corp,8053 JP,BB Ticker,Japan,,,
Balanced,Listed Equity,Sumitomo Electric Industries Ltd,5802 JP,BB Ticker,Japan,,,
Balanced,Listed Equity,Sumitomo Forestry Co Ltd,1911 JP,BB Ticker,Japan,,,
Balanced,Listed Equity,Sumitomo Mitsui Financial Group Inc,8316 JP,BB Ticker,Japan,,,
Balanced,Listed Equity,Sun Life Financial Inc,SLF CN,BB Ticker,Canada,,,
Balanced,Listed Equity,Sun Pharmaceutical Industries Ltd,SUNP IN,BB Ticker,India,,,
Balanced,Listed Equity,Suncor Energy Inc,SU CN,BB Ticker,Canada,,,
Balanced,Listed Equity,Suncorp Group Ltd,SUN AU,BB Ticker,Australia,,,
Balanced,Listed Equity,Sunway Bhd,SWB MK,BB Ticker,Malaysia,,,
Balanced,Listed Equity,Super Retail Group Ltd,SUL AU,BB Ticker,Australia,,,
Balanced,Listed Equity,Superloop Ltd,SLC AU,BB Ticker,Australia,,,
Balanced,Listed Equity,Suzano SA,SUZ US,BB Ticker,United States,,,
Balanced,Listed Equity,Suzuken Co Ltd/Aichi Japan,9987 JP,BB Ticker,Japan,,,
Balanced,Listed Equity,Swire Pacific Ltd,19 HK,BB Ticker,Hong Kong,,,
Balanced,Listed Equity,Swisscom AG,SCMN SW,BB Ticker,Switzerland,,,
Balanced,Listed Equity,Swissquote Group Holding SA,SQN SW,BB Ticker,Switzerland,,,
Balanced,Listed Equity,Symal Group Ltd,SYL AU,BB Ticker,Australia,,,
Balanced,Listed Equity,Symbotic Inc,SYM US,BB Ticker,United States,,,
Balanced,Listed Equity,Symrise AG,SY1 GR,BB Ticker,Germany,,,
Balanced,Listed Equity,Synchrony Financial,SYF US,BB Ticker,United States,,,
Balanced,Listed Equity,Syngene International Ltd,SYNG IN,BB Ticker,India,,,
Balanced,Listed Equity,Synopsys Inc,SNPS US,BB Ticker,United States,,,
Balanced,Listed Equity,Syrah Resources Ltd,SYR AU,BB Ticker,Australia,,,
Balanced,Listed Equity,Sysco Corp,SYY US,BB Ticker,United States,,,
Balanced,Listed Equity,T Rowe Price Group Inc,TROW US,BB Ticker,United States,,,
Balanced,Listed Equity,Tabcorp Holdings Ltd,TAH AU,BB Ticker,Australia,,,
Balanced,Listed Equity,Taiwan Mobile Co Ltd,3045 TT,BB Ticker,Taiwan,,,
Balanced,Listed Equity,Taiwan Semiconductor Manufacturing Co Ltd,TSM US,BB Ticker,United States,,,
Balanced,Listed Equity,Taiwan Semiconductor Manufacturing Co Ltd,2330 TT,BB Ticker,Taiwan,,,
Balanced,Listed Equity,Takara Holdings Inc,2531 JP,BB Ticker,Japan,,,
Balanced,Listed Equity,Takeda Pharmaceutical Co Ltd,4502 JP,BB Ticker,Japan,,,
Balanced,Listed Equity,Take-Two Interactive Software Inc,TTWO US,BB Ticker,United States,,,
Balanced,Listed Equity,Targa Resources Corp,TRGP US,BB Ticker,United States,,,
Balanced,Listed Equity,Target Corp,TGT US,BB Ticker,United States,,,
Balanced,Listed Equity,TasFoods Ltd,TFL AU,BB Ticker,Australia,,,
Balanced,Listed Equity,Tata Consultancy Services Ltd,TCS IN,BB Ticker,India,,,
Balanced,Listed Equity,Tata Elxsi Ltd,TELX IN,BB Ticker,India,,,
Balanced,Listed Equity,Taylor Wimpey PLC,TW/ LN,BB Ticker,United Kingdom,,,
Balanced,Listed Equity,TC Energy Corp,TRP CN,BB Ticker,Canada,,,
Balanced,Listed Equity,TDK Corp,6762 JP,BB Ticker,Japan,,,
Balanced,Listed Equity,TE Connectivity PLC,TEL US,BB Ticker,United States,,,
Balanced,Listed Equity,Tech Mahindra Ltd,TECHM IN,BB Ticker,India,,,
Balanced,Listed Equity,Technology One Ltd,TNE AU,BB Ticker,Australia,,,
Balanced,Listed Equity,Teck Resources Ltd,TECK/B CN,BB Ticker,Canada,,,
Balanced,Listed Equity,Teleflex Inc,TFX US,BB Ticker,United States,,,
Balanced,Listed Equity,Telefonaktiebolaget LM Ericsson,ERICB SS,BB Ticker,Sweden,,,
Balanced,Listed Equity,Telefonica Brasil SA,VIV US,BB Ticker,United States,,,
Balanced,Listed Equity,Telefonica Brasil SA,VIVT3 BZ,BB Ticker,Brazil,,,
Balanced,Listed Equity,Telefonica SA,TEF SM,BB Ticker,Spain,,,
Balanced,Listed Equity,Teleperformance SE,TEP FP,BB Ticker,France,,,
Balanced,Listed Equity,Telia Co AB,TELIA SS,BB Ticker,Sweden,,,
Balanced,Listed Equity,Telix Pharmaceuticals Ltd,TLX AU,BB Ticker,Australia,,,
Balanced,Listed Equity,Telstra Group Ltd,TLS AU,BB Ticker,Australia,,,
Balanced,Listed Equity,Temple & Webster Group Ltd,TPW AU,BB Ticker,Australia,,,
Balanced,Listed Equity,Tenaga Nasional Bhd,TNB MK,BB Ticker,Malaysia,,,
Balanced,Listed Equity,Tenaris SA,TEN IM,BB Ticker,Italy,,,
Balanced,Listed Equity,Tencent Holdings Ltd,700 HK,BB Ticker,Hong Kong,,,
Balanced,Listed Equity,Tencent Music Entertainment Group,TME US,BB Ticker,United States,,,
Balanced,Listed Equity,Teradyne Inc,TER US,BB Ticker,United States,,,
Balanced,Listed Equity,Terna - Rete Elettrica Nazionale,TRN IM,BB Ticker,Italy,,,
Balanced,Listed Equity,Ternium SA,TX US,BB Ticker,United States,,,
Balanced,Listed Equity,Tesco PLC,TSCO LN,BB Ticker,United Kingdom,,,
Balanced,Listed Equity,Tesla Inc,TSLA US,BB Ticker,United States,,,
Balanced,Listed Equity,Texas Instruments Inc,TXN US,BB Ticker,United States,,,
Balanced,Listed Equity,Texas Pacific Land Corp,TPL US,BB Ticker,United States,,,
Balanced,Listed Equity,Textron Inc,TXT US,BB Ticker,United States,,,
Balanced,Listed Equity,TFI International Inc,TFII CN,BB Ticker,Canada,,,
Balanced,Listed Equity,Thales SA,HO FP,BB Ticker,France,,,
Balanced,Listed Equity,Allstate Corp/The,ALL US,BB Ticker,United States,,,
Balanced,Listed Equity,Campbell Soup Co,CPB US,BB Ticker,United States,,,
Balanced,Listed Equity,Procter & Gamble Co/The,PG US,BB Ticker,United States,,,
Balanced,Listed Equity,Southern Co/The,SO US,BB Ticker,United States,,,
Balanced,Listed Equity,Walt Disney Co/The,DIS US,BB Ticker,United States,,,
Balanced,Listed Equity,Thermo Fisher Scientific Inc,TMO US,BB Ticker,United States,,,
Balanced,Listed Equity,Thomson Reuters Corp,TRI CN,BB Ticker,Canada,,,
Balanced,Listed Equity,TIM SA/Brazil,TIMB US,BB Ticker,United States,,,
Balanced,Listed Equity,TIM SA/Brazil,TIMS3 BZ,BB Ticker,Brazil,,,
Balanced,Listed Equity,Titan Co Ltd,TTAN IN,BB Ticker,India,,,
Balanced,Listed Equity,TJX Cos Inc/The,TJX US,BB Ticker,United States,,,
Balanced,Listed Equity,TMBThanachart Bank PCL,TTB/F TB,BB Ticker,Thailand,,,
Balanced,Listed Equity,T-Mobile US Inc,TMUS US,BB Ticker,United States,,,
Balanced,Listed Equity,TMX Group Ltd,X CN,BB Ticker,Canada,,,
Balanced,Listed Equity,Toho Gas Co Ltd,9533 JP,BB Ticker,Japan,,,
Balanced,Listed Equity,Tohoku Electric Power Co Inc,9506 JP,BB Ticker,Japan,,,
Balanced,Listed Equity,Tokio Marine Holdings Inc,8766 JP,BB Ticker,Japan,,,
Balanced,Listed Equity,Tokyo Electric Power Co Holdings Inc,9501 JP,BB Ticker,Japan,,,
Balanced,Listed Equity,Tokyo Electron Ltd,8035 JP,BB Ticker,Japan,,,
Balanced,Listed Equity,Tokyo Gas Co Ltd,9531 JP,BB Ticker,Japan,,,
Balanced,Listed Equity,Toll Brothers Inc,TOL US,BB Ticker,United States,,,
Balanced,Listed Equity,Tongwei Co Ltd,600438 C1,BB Ticker,China,,,
Balanced,Listed Equity,TOPPAN Holdings Inc,7911 JP,BB Ticker,Japan,,,
Balanced,Listed Equity,Toray Industries Inc,3402 JP,BB Ticker,Japan,,,
Balanced,Listed Equity,Toromont Industries Ltd,TIH CN,BB Ticker,Canada,,,
Balanced,Listed Equity,Toronto-Dominion Bank/The,TD CN,BB Ticker,Canada,,,
Balanced,Listed Equity,TotalEnergies SE,TTE FP,BB Ticker,France,,,
Balanced,Listed Equity,TOTO Ltd,5332 JP,BB Ticker,Japan,,,
Balanced,Listed Equity,Tourmaline Oil Corp,TOU CN,BB Ticker,Canada,,,
Balanced,Listed Equity,Toyota Motor Corp,7203 JP,BB Ticker,Japan,,,
Balanced,Listed Equity,Toyota Tsusho Corp,8015 JP,BB Ticker,Japan,,,
Balanced,Listed Equity,TPG Telecom Ltd,TPG AU,BB Ticker,Australia,,,
Balanced,Listed Equity,Tractor Supply Co,TSCO US,BB Ticker,United States,,,
Balanced,Listed Equity,Trade Desk Inc/The,TTD US,BB Ticker,United States,,,
Balanced,Listed Equity,Tradeweb Markets Inc,TW US,BB Ticker,United States,,,
Balanced,Listed Equity,Trane Technologies PLC,TT US,BB Ticker,United States,,,
Balanced,Listed Equity,TransDigm Group Inc,TDG US,BB Ticker,United States,,,
Balanced,Listed Equity,TransMedics Group Inc,TMDX US,BB Ticker,United States,,,
Balanced,Listed Equity,Travelers Cos Inc/The,TRV US,BB Ticker,United States,,,
Balanced,Listed Equity,Travis Perkins PLC,TPK LN,BB Ticker,United Kingdom,,,
Balanced,Listed Equity,Treasury Wine Estates Ltd,TWE AU,BB Ticker,Australia,,,
Balanced,Listed Equity,Trelleborg AB,TRELB SS,BB Ticker,Sweden,,,
Balanced,Listed Equity,Trend Micro Inc/Japan,4704 JP,BB Ticker,Japan,,,
Balanced,Listed Equity,Trent Ltd,TRENT IN,BB Ticker,India,,,
Balanced,Listed Equity,Trex Co Inc,TREX US,BB Ticker,United States,,,
Balanced,Listed Equity,Trimble Inc,TRMB US,BB Ticker,United States,,,
Balanced,Listed Equity,Trip.com Group Ltd,TCOM US,BB Ticker,United States,,,
Balanced,Listed Equity,Trip.com Group Ltd,9961 HK,BB Ticker,Hong Kong,,,
Balanced,Listed Equity,True Corp PCL,TRUE/F TB,BB Ticker,Thailand,,,
Balanced,Listed Equity,Truist Financial Corp,TFC US,BB Ticker,United States,,,
Balanced,Listed Equity,TS Tech Co Ltd,7313 JP,BB Ticker,Japan,,,
Balanced,Listed Equity,Tuas Ltd,TUA AU,BB Ticker,Australia,,,
Balanced,Listed Equity,Tube Investments of India Ltd,TIINDIA IN,BB Ticker,India,,,
Balanced,Listed Equity,Turkiye Petrol Rafinerileri AS,TUPRS TI,BB Ticker,Turkey,,,
Balanced,Listed Equity,Turk Hava Yollari AO,THYAO TI,BB Ticker,Turkey,,,
Balanced,Listed Equity,Turkcell Iletisim Hizmetleri AS,TCELL TI,BB Ticker,Turkey,,,
Balanced,Listed Equity,Turkiye Is Bankasi AS,ISCTR TI,BB Ticker,Turkey,,,
Balanced,Listed Equity,Twilio Inc,TWLO US,BB Ticker,United States,,,
Balanced,Listed Equity,TXNM Energy Inc,TXNM US,BB Ticker,United States,,,
Balanced,Listed Equity,Tyler Technologies Inc,TYL US,BB Ticker,United States,,,
Balanced,Listed Equity,Tyro Payments Ltd,TYR AU,BB Ticker,Australia,,,
Balanced,Listed Equity,Tyson Foods Inc,TSN US,BB Ticker,United States,,,
Balanced,Listed Equity,Uber Technologies Inc,UBER US,BB Ticker,United States,,,
Balanced,Listed Equity,UBS Group AG,UBSG SW,BB Ticker,Switzerland,,,
Balanced,Listed Equity,UCB SA,UCB BB,BB Ticker,Belgium,,,
Balanced,Listed Equity,Ulta Beauty Inc,ULTA US,BB Ticker,United States,,,
Balanced,Listed Equity,UniCredit SpA,UCG IM,BB Ticker,Italy,,,
Balanced,Listed Equity,Unilever PLC,UL US,BB Ticker,United States,,,
Balanced,Listed Equity,Unilever PLC,ULVR LN,BB Ticker,United Kingdom,,,
Balanced,Listed Equity,Unilever PLC,UNAA I2,BB Ticker,Netherlands,,,
Balanced,Listed Equity,Unimicron Technology Corp,3037 TT,BB Ticker,Taiwan,,,
Balanced,Listed Equity,Union Pacific Corp,UNP US,BB Ticker,United States,,,
Balanced,Listed Equity,Unipol Assicurazioni SpA,UNI IM,BB Ticker,Italy,,,
Balanced,Listed Equity,United Microelectronics Corp,2303 TT,BB Ticker,Taiwan,,,
Balanced,Listed Equity,United Overseas Bank Ltd,UOB SP,BB Ticker,Singapore,,,
Balanced,Listed Equity,United Parcel Service Inc,UPS US,BB Ticker,United States,,,
Balanced,Listed Equity,United Rentals Inc,URI US,BB Ticker,United States,,,
Balanced,Listed Equity,United Therapeutics Corp,UTHR US,BB Ticker,United States,,,
Balanced,Listed Equity,United Utilities Group PLC,UU/ LN,BB Ticker,United Kingdom,,,
Balanced,Listed Equity,UnitedHealth Group Inc,UNH US,BB Ticker,United States,,,
Balanced,Listed Equity,Universal Health Services Inc,UHS US,BB Ticker,United States,,,
Balanced,Listed Equity,Varun Beverages Ltd,VBL IN,BB Ticker,India,,,
Balanced,Listed Equity,Universal Robina Corp,URC PM,BB Ticker,Philippines,,,
Balanced,Listed Equity,Universal Store Holdings Ltd,UNI AU,BB Ticker,Australia,,,
Balanced,Listed Equity,Unum Group,UNM US,BB Ticker,United States,,,
Balanced,Listed Equity,US Bancorp,USB US,BB Ticker,United States,,,
Balanced,Listed Equity,US Foods Holding Corp,USFD US,BB Ticker,United States,,,
Balanced,Listed Equity,Vale SA,VALE US,BB Ticker,United States,,,
Balanced,Listed Equity,Vale SA,VALE3 BZ,BB Ticker,Brazil,,,
Balanced,Listed Equity,Valeo SE,FR FP,BB Ticker,France,,,
Balanced,Listed Equity,Valero Energy Corp,VLO US,BB Ticker,United States,,,
Balanced,Listed Equity,Valvoline Inc,VVV US,BB Ticker,United States,,,
Balanced,Listed Equity,Varun Beverages Ltd,VBL IN,BB Ticker,India,,,
Balanced,Listed Equity,Vault Minerals Ltd,VAU AU,BB Ticker,Australia,,,
Balanced,Listed Equity,Vector Ltd,VCT NZ,BB Ticker,New Zealand,,,
Balanced,Listed Equity,Vedanta Ltd,VEDL IN,BB Ticker,India,,,
Balanced,Listed Equity,Veeva Systems Inc,VEEV US,BB Ticker,United States,,,
Balanced,Listed Equity,Ventia Services Group Pty Ltd,VNT AU,BB Ticker,Australia,,,
Balanced,Listed Equity,Veralto Corp,VLTO US,BB Ticker,United States,,,
Balanced,Listed Equity,Verbund AG,VER AV,BB Ticker,Austria,,,
Balanced,Listed Equity,VeriSign Inc,VRSN US,BB Ticker,United States,,,
Balanced,Listed Equity,Verisk Analytics Inc,VRSK US,BB Ticker,United States,,,
Balanced,Listed Equity,Verizon Communications Inc,VZ US,BB Ticker,United States,,,
Balanced,Listed Equity,Vertex Pharmaceuticals Inc,VRTX US,BB Ticker,United States,,,
Balanced,Listed Equity,Vertiv Holdings Co,VRT US,BB Ticker,United States,,,
Balanced,Listed Equity,Viatris Inc,VTRS US,BB Ticker,United States,,,
Balanced,Listed Equity,Vibra Energia SA,VBBR3 BZ,BB Ticker,Brazil,,,
Balanced,Listed Equity,Vinci SA,DG FP,BB Ticker,France,,,
Balanced,Listed Equity,Vipshop Holdings Ltd,VIPS US,BB Ticker,United States,,,
Balanced,Listed Equity,Visa Inc,V US,BB Ticker,United States,,,
Balanced,Listed Equity,Vista Energy SAB de CV,VIST US,BB Ticker,United States,,,
Balanced,Listed Equity,Vistra Corp,VST US,BB Ticker,United States,,,
Balanced,Listed Equity,Viva Energy Group Ltd,VEA AU,BB Ticker,Australia,,,
Balanced,Listed Equity,Vodacom Group Ltd,VOD SJ,BB Ticker,South Africa,,,
Balanced,Listed Equity,Vodafone Group PLC,VOD LN,BB Ticker,United Kingdom,,,
Balanced,Listed Equity,Volkswagen AG,VOW3 GR,BB Ticker,Germany,,,
Balanced,Listed Equity,Voltronic Power Technology Corp,6409 TT,BB Ticker,Taiwan,,,
Balanced,Listed Equity,Volvo AB,VOLVB SS,BB Ticker,Sweden,,,
Balanced,Listed Equity,Voya Financial Inc,VOYA US,BB Ticker,United States,,,
Balanced,Listed Equity,Vulcan Energy Resources Ltd,VUL AU,BB Ticker,Australia,,,
Balanced,Listed Equity,Vulcan Steel Ltd,VSL AU,BB Ticker,Australia,,,
Balanced,Listed Equity,W R Berkley Corp,WRB US,BB Ticker,United States,,,
Balanced,Listed Equity,WA1 Resources Ltd,WA1 AU,BB Ticker,Australia,,,
Balanced,Listed Equity,Wal-Mart de Mexico SAB de CV,WALMEX* MM,BB Ticker,Mexico,,,
Balanced,Listed Equity,Walmart Inc,WMT US,BB Ticker,United States,,,
Balanced,Listed Equity,Wartsila OYJ Abp,WRT1V FH,BB Ticker,Finland,,,
Balanced,Listed Equity,Washington H Soul Pattinson & Co Ltd,SOL AU,BB Ticker,Australia,,,
Balanced,Listed Equity,Waste Connections Inc,WCN CN,BB Ticker,Canada,,,
Balanced,Listed Equity,Waste Connections Inc,WCN US,BB Ticker,United States,,,
Balanced,Listed Equity,Waste Management Inc,WM US,BB Ticker,United States,,,
Balanced,Listed Equity,Waters Corp,WAT US,BB Ticker,United States,,,
Balanced,Listed Equity,Webjet Ltd,WEB AU,BB Ticker,Australia,,,
Balanced,Listed Equity,Webjet Group Ltd,WJL AU,BB Ticker,Australia,,,
Balanced,Listed Equity,WEC Energy Group Inc,WEC US,BB Ticker,United States,,,
Balanced,Listed Equity,Weebit Nano Ltd,WBT AU,BB Ticker,Australia,,,
Balanced,Listed Equity,WEG SA,WEGE3 BZ,BB Ticker,Brazil,,,
Balanced,Listed Equity,Wells Fargo & Co,WFC US,BB Ticker,United States,,,
Balanced,Listed Equity,Wesfarmers Ltd,WES AU,BB Ticker,Australia,,,
Balanced,Listed Equity,West African Resources Ltd,WAF AU,BB Ticker,Australia,,,
Balanced,Listed Equity,Westgold Resources Ltd,WGX AU,BB Ticker,Australia,,,
Balanced,Listed Equity,Westinghouse Air Brake Technologies Corp,WAB US,BB Ticker,United States,,,
Balanced,Listed Equity,Westpac Banking Corp,WBC AU,BB Ticker,Australia,,,
Balanced,Listed Equity,Westpac Banking Corp,WBC AU,BB Ticker,Australia,,,
Balanced,Listed Equity,WH Group Ltd,288 HK,BB Ticker,Hong Kong,,,
Balanced,Listed Equity,Wheaton Precious Metals Corp,WPM CN,BB Ticker,Canada,,,
Balanced,Listed Equity,Wildcat Resources Ltd,WC8 AU,BB Ticker,Australia,,,
Balanced,Listed Equity,Williams Cos Inc/The,WMB US,BB Ticker,United States,,,
Balanced,Listed Equity,Williams-Sonoma Inc,WSM US,BB Ticker,United States,,,
Balanced,Listed Equity,Willis Towers Watson PLC,WTW US,BB Ticker,United States,,,
Balanced,Listed Equity,Wipro Ltd,WPRO IN,BB Ticker,India,,,
Balanced,Listed Equity,Wise PLC,WISE LN,BB Ticker,United Kingdom,,,
Balanced,Listed Equity,WiseTech Global Ltd,WTC AU,BB Ticker,Australia,,,
Balanced,Listed Equity,Wistron Corp,3231 TT,BB Ticker,Taiwan,,,
Balanced,Listed Equity,Wiwynn Corp,6669 TT,BB Ticker,Taiwan,,,
Balanced,Listed Equity,Wix.com Ltd,WIX US,BB Ticker,United States,,,
Balanced,Listed Equity,Wolters Kluwer NV,WKL NA,BB Ticker,Netherlands,,,
Balanced,Listed Equity,Woodside Energy Group Ltd,WDS AU,BB Ticker,Australia,,,
Balanced,Listed Equity,Woolworths Group Ltd,WOW AU,BB Ticker,Australia,,,
Balanced,Listed Equity,Woori Financial Group Inc,316140 KS,BB Ticker,South Korea,,,
Balanced,Listed Equity,Workday Inc,WDAY US,BB Ticker,United States,,,
Balanced,Listed Equity,Worldline SA/France,WLN FP,BB Ticker,France,,,
Balanced,Listed Equity,Worley Ltd,WOR AU,BB Ticker,Australia,,,
Balanced,Listed Equity,WSP Global Inc,WSP CN,BB Ticker,Canada,,,
Balanced,Listed Equity,WW Grainger Inc,GWW US,BB Ticker,United States,,,
Balanced,Listed Equity,Xcel Energy Inc,XEL US,BB Ticker,United States,,,
Balanced,Listed Equity,Xero Ltd,XRO AU,BB Ticker,Australia,,,
Balanced,Listed Equity,Xiaomi Corp,1810 HK,BB Ticker,Hong Kong,,,
Balanced,Listed Equity,XPEL Inc,XPEL US,BB Ticker,United States,,,
Balanced,Listed Equity,Xylem Inc/NY,XYL US,BB Ticker,United States,,,
Balanced,Listed Equity,Yakult Honsha Co Ltd,2267 JP,BB Ticker,Japan,,,
Balanced,Listed Equity,Yamada Holdings Co Ltd,9831 JP,BB Ticker,Japan,,,
Balanced,Listed Equity,Yamaha Motor Co Ltd,7272 JP,BB Ticker,Japan,,,
Balanced,Listed Equity,Yang Ming Marine Transport Corp,2609 TT,BB Ticker,Taiwan,,,
Balanced,Listed Equity,Yangzijiang Shipbuilding Holdings Ltd,YZJSGD SP,BB Ticker,Singapore,,,
Balanced,Listed Equity,Yantai Jereh Oilfield Services Group Co Ltd,002353 C2,BB Ticker,China,,,
Balanced,Listed Equity,Yapi ve Kredi Bankasi AS,YKBNK TI,BB Ticker,Turkey,,,
Balanced,Listed Equity,Yaskawa Electric Corp,6506 JP,BB Ticker,Japan,,,
Balanced,Listed Equity,YETI Holdings Inc,YETI US,BB Ticker,United States,,,
Balanced,Listed Equity,Yifeng Pharmacy Chain Co Ltd,603939 C1,BB Ticker,China,,,
Balanced,Listed Equity,Yokogawa Electric Corp,6841 JP,BB Ticker,Japan,,,
Balanced,Listed Equity,Yuanta Financial Holding Co Ltd,2885 TT,BB Ticker,Taiwan,,,
Balanced,Listed Equity,Yum! Brands Inc,YUM US,BB Ticker,United States,,,
Balanced,Listed Equity,Zalando SE,ZAL GR,BB Ticker,Germany,,,
Balanced,Listed Equity,Zebra Technologies Corp,ZBRA US,BB Ticker,United States,,,
Balanced,Listed Equity,Zhongji Innolight Co Ltd,300308 C2,BB Ticker,China,,,
Balanced,Listed Equity,Zhongsheng Group Holdings Ltd,881 HK,BB Ticker,Hong Kong,,,
Balanced,Listed Equity,Zijin Mining Group Co Ltd,2899 HK,BB Ticker,Hong Kong,,,
Balanced,Listed Equity,Zimmer Biomet Holdings Inc,ZBH US,BB Ticker,United States,,,
Balanced,Listed Equity,Zip Co Ltd,ZIP AU,BB Ticker,Australia,,,
Balanced,Listed Equity,Zoetis Inc,ZTS US,BB Ticker,United States,,,
Balanced,Listed Equity,Zomato Ltd,ZOMATO IN,BB Ticker,India,,,
Balanced,Listed Equity,Zoom Video Communications Inc,ZM US,BB Ticker,United States,,,
Balanced,Listed Equity,ZOZO Inc,3092 JP,BB Ticker,Japan,,,
Balanced,Listed Equity,Zscaler Inc,ZS US,BB Ticker,United States,,,
Balanced,Listed Equity,ZTE Corp,000063 C2,BB Ticker,China,,,
Balanced,Listed Equity,ZTE Corp,763 HK,BB Ticker,Hong Kong,,,
Balanced,Listed Equity,Zurich Insurance Group AG,ZURN SW,BB Ticker,Switzerland,,,
Balanced,Listed Equity,Zydus Lifesciences Ltd,ZYDUSLIF IN,BB Ticker,India,,,
Balanced,Listed Property,Abacus Group,ABG AU,BB Ticker,Australia,,,
Balanced,Listed Property,Abacus Storage King,ASK AU,BB Ticker,Australia,,,
Balanced,Listed Property,Acadia Realty Trust,AKR US,BB Ticker,United States,,,
Balanced,Listed Property,Activia Properties Inc,3279 JP,BB Ticker,Japan,,,
Balanced,Listed Property,Advance Residence Investment Corp,3269 JP,BB Ticker,Japan,,,
Balanced,Listed Property,Aedifica SA,AED BB,BB Ticker,Belgium,,,
Balanced,Listed Property,Aeon Mall Co Ltd,8905 JP,BB Ticker,Japan,,,
Balanced,Listed Property,AEON REIT Investment Corp,3292 JP,BB Ticker,Japan,,,
Balanced,Listed Property,Agree Realty Corp,ADC US,BB Ticker,United States,,,
Balanced,Listed Property,Aldar Properties PJSC,ALDAR UH,BB Ticker,United Arab Emirates,,,
Balanced,Listed Property,Alexander & Baldwin Inc,ALEX US,BB Ticker,United States,,,
Balanced,Listed Property,Alexandria Real Estate Equities Inc,ARE US,BB Ticker,United States,,,
Balanced,Listed Property,Allied Properties Real Estate Investment Trust,AP-U CN,BB Ticker,Canada,,,
Balanced,Listed Property,Allreal Holding AG,ALLN SW,BB Ticker,Switzerland,,,
Balanced,Listed Property,American Assets Trust Inc,AAT US,BB Ticker,United States,,,
Balanced,Listed Property,American Homes 4 Rent,AMH US,BB Ticker,United States,,,
Balanced,Listed Property,American Tower Corp,AMT US,BB Ticker,United States,,,
Balanced,Listed Property,Americold Realty Trust Inc,COLD US,BB Ticker,United States,,,
Balanced,Listed Property,Amot Investments Ltd,AMOT IT,BB Ticker,Israel,,,
Balanced,Listed Property,Annaly Capital Management Inc,NLY US,BB Ticker,United States,,,
Balanced,Listed Property,Apartment Investment and Management Co,AIV US,BB Ticker,United States,,,
Balanced,Listed Property,Apple Hospitality REIT Inc,APLE US,BB Ticker,United States,,,
Balanced,Listed Property,Arena REIT,ARF AU,BB Ticker,Australia,,,
Balanced,Listed Property,ARGAN SA,ARG FP,BB Ticker,France,,,
Balanced,Listed Property,Aroundtown SA,AT1 GR,BB Ticker,Germany,,,
Balanced,Listed Property,Assura PLC,AGR LN,BB Ticker,United Kingdom,,,
Balanced,Listed Property,Atrium Ljungberg AB,ATRLJB SS,BB Ticker,Sweden,,,
Balanced,Listed Property,AvalonBay Communities Inc,AVB US,BB Ticker,United States,,,
Balanced,Listed Property,Azrieli Group Ltd,AZRG IT,BB Ticker,Israel,,,
Balanced,Listed Property,Big Yellow Group PLC,BYG LN,BB Ticker,United Kingdom,,,
Balanced,Listed Property,Boardwalk Real Estate Investment Trust,BEI-U CN,BB Ticker,Canada,,,
Balanced,Listed Property,British Land Co PLC/The,BLND LN,BB Ticker,United Kingdom,,,
Balanced,Listed Property,Brixmor Property Group Inc,BRX US,BB Ticker,United States,,,
Balanced,Listed Property,Broadstone Net Lease Inc,BNL US,BB Ticker,United States,,,
Balanced,Listed Property,BWP Trust,BWP AU,BB Ticker,Australia,,,
Balanced,Listed Property,BXP Inc,BXP US,BB Ticker,United States,,,
Balanced,Listed Property,CA Immobilien Anlagen AG,CAI AV,BB Ticker,Austria,,,
Balanced,Listed Property,Camden Property Trust,CPT US,BB Ticker,United States,,,
Balanced,Listed Property,Canadian Apartment Properties REIT,CAR-U CN,BB Ticker,Canada,,,
Balanced,Listed Property,CapitaLand Ascendas REIT,CLAR SP,BB Ticker,Singapore,,,
Balanced,Listed Property,CapitaLand Ascott Trust,CLAS SP,BB Ticker,Singapore,,,
Balanced,Listed Property,CapitaLand Integrated Commercial Trust,CICT SP,BB Ticker,Singapore,,,
Balanced,Listed Property,CapitaLand Investment Ltd/Singapore,CLI SP,BB Ticker,Singapore,,,
Balanced,Listed Property,CareTrust REIT Inc,CTRE US,BB Ticker,United States,,,
Balanced,Listed Property,Carmila SA,CARM FP,BB Ticker,France,,,
Balanced,Listed Property,Castellum AB,CAST SS,BB Ticker,Sweden,,,
Balanced,Listed Property,Catena AB,CATE SS,BB Ticker,Sweden,,,
Balanced,Listed Property,CBRE Group Inc,CBRE US,BB Ticker,United States,,,
Balanced,Listed Property,CDL Hospitality Trusts,CDREIT SP,BB Ticker,Singapore,,,
Balanced,Listed Property,Centerspace,CSR US,BB Ticker,United States,,,
Balanced,Listed Property,Centuria Capital Group,CNI AU,BB Ticker,Australia,,,
Balanced,Listed Property,Centuria Industrial REIT,CIP AU,BB Ticker,Australia,,,
Balanced,Listed Property,Centuria Office REIT,COF AU,BB Ticker,Australia,,,
Balanced,Listed Property,Charter Hall Group,CHC AU,BB Ticker,Australia,,,
Balanced,Listed Property,Charter Hall Long Wale REIT,CLW AU,BB Ticker,Australia,,,
Balanced,Listed Property,Charter Hall Retail REIT,CQR AU,BB Ticker,Australia,,,
Balanced,Listed Property,Charter Hall Social Infrastructure REIT,CQE AU,BB Ticker,Australia,,,
Balanced,Listed Property,Chartwell Retirement Residences,CSH-U CN,BB Ticker,Canada,,,
Balanced,Listed Property,China Overseas Land & Investment Ltd,688 HK,BB Ticker,Hong Kong,,,
Balanced,Listed Property,Choice Properties Real Estate Investment Trust,CHP-U CN,BB Ticker,Canada,,,
Balanced,Listed Property,Cofinimmo SA,COFB BB,BB Ticker,Belgium,,,
Balanced,Listed Property,Comforia Residential REIT Inc,3282 JP,BB Ticker,Japan,,,
Balanced,Listed Property,COPT Defense Properties,CDP US,BB Ticker,United States,,,
Balanced,Listed Property,CoStar Group Inc,CSGP US,BB Ticker,United States,,,
Balanced,Listed Property,Country Garden Services Holdings Co Ltd,6098 HK,BB Ticker,Hong Kong,,,
Balanced,Listed Property,Cousins Properties Inc,CUZ US,BB Ticker,United States,,,
Balanced,Listed Property,Covivio SA/France,COV FP,BB Ticker,France,,,
Balanced,Listed Property,Crombie Real Estate Investment Trust,CRR-U CN,BB Ticker,Canada,,,
Balanced,Listed Property,Cromwell Property Group,CMW AU,BB Ticker,Australia,,,
Balanced,Listed Property,Crown Castle Inc,CCI US,BB Ticker,United States,,,
Balanced,Listed Property,CubeSmart,CUBE US,BB Ticker,United States,,,
Balanced,Listed Property,Curbline Properties Corp,CURB US,BB Ticker,United States,,,
Balanced,Listed Property,Daito Trust Construction Co Ltd,1878 JP,BB Ticker,Japan,,,
Balanced,Listed Property,Daiwa House Industry Co Ltd,1925 JP,BB Ticker,Japan,,,
Balanced,Listed Property,Daiwa House REIT Investment Corp,8984 JP,BB Ticker,Japan,,,
Balanced,Listed Property,Daiwa Office Investment Corp,8976 JP,BB Ticker,Japan,,,
Balanced,Listed Property,Daiwa Securities Living Investments Corp,8986 JP,BB Ticker,Japan,,,
Balanced,Listed Property,Derwent London PLC,DLN LN,BB Ticker,United Kingdom,,,
Balanced,Listed Property,Deutsche Wohnen SE,DWNI GR,BB Ticker,Germany,,,
Balanced,Listed Property,Dexus,DXS AU,BB Ticker,Australia,,,
Balanced,Listed Property,Dexus Industria REIT,DXI AU,BB Ticker,Australia,,,
Balanced,Listed Property,DiamondRock Hospitality Co,DRH US,BB Ticker,United States,,,
Balanced,Listed Property,DigiCo Infrastructure REIT,DGT AU,BB Ticker,Australia,,,
Balanced,Listed Property,Digital Realty Trust Inc,DLR US,BB Ticker,United States,,,
Balanced,Listed Property,Dios Fastigheter AB,DIOS SS,BB Ticker,Sweden,,,
Balanced,Listed Property,Douglas Emmett Inc,DEI US,BB Ticker,United States,,,
Balanced,Listed Property,Dream Industrial Real Estate Investment Trust,DIR-U CN,BB Ticker,Canada,,,
Balanced,Listed Property,Easterly Government Properties Inc,DEA US,BB Ticker,United States,,,
Balanced,Listed Property,EastGroup Properties Inc,EGP US,BB Ticker,United States,,,
Balanced,Listed Property,Elme Communities,ELME US,BB Ticker,United States,,,
Balanced,Listed Property,Emaar Properties PJSC,EMAAR UH,BB Ticker,United Arab Emirates,,,
Balanced,Listed Property,Empire State Realty Trust Inc,ESRT US,BB Ticker,United States,,,
Balanced,Listed Property,Empiric Student Property PLC,ESP LN,BB Ticker,United Kingdom,,,
Balanced,Listed Property,Entra ASA,ENTRA NO,BB Ticker,Belgium,,,
Balanced,Listed Property,EPR Properties,EPR US,BB Ticker,United States,,,
Balanced,Listed Property,Equinix Inc,EQIX US,BB Ticker,United States,,,
Balanced,Listed Property,Equity LifeStyle Properties Inc,ELS US,BB Ticker,United States,,,
Balanced,Listed Property,Equity Residential,EQR US,BB Ticker,United States,,,
Balanced,Listed Property,ESR-REIT,EREIT SP,BB Ticker,Singapore,,,
Balanced,Listed Property,Essential Properties Realty Trust Inc,EPRT US,BB Ticker,United States,,,
Balanced,Listed Property,Essex Property Trust Inc,ESS US,BB Ticker,United States,,,
Balanced,Listed Property,Eurocommercial Properties NV,ECMPA NA,BB Ticker,Netherlands,,,
Balanced,Listed Property,Extra Space Storage Inc,EXR US,BB Ticker,United States,,,
Balanced,Listed Property,Fabege AB,FABG SS,BB Ticker,Sweden,,,
Balanced,Listed Property,Fastighets AB Balder,BALDB SS,BB Ticker,Sweden,,,
Balanced,Listed Property,Federal Realty Investment Trust,FRT US,BB Ticker,United States,,,
Balanced,Listed Property,Fibra Uno Administracion SA de CV,FUNO11 MM,BB Ticker,Mexico,,,
Balanced,Listed Property,First Capital Real Estate Investment Trust,FCR-U CN,BB Ticker,Canada,,,
Balanced,Listed Property,First Industrial Realty Trust Inc,FR US,BB Ticker,United States,,,
Balanced,Listed Property,FirstService Corp,FSV CN,BB Ticker,Canada,,,
Balanced,Listed Property,Fortune Real Estate Investment Trust,778 HK,BB Ticker,Hong Kong,,,
Balanced,Listed Property,Four Corners Property Trust Inc,FCPT US,BB Ticker,United States,,,
Balanced,Listed Property,Frasers Centrepoint Trust,FCT SP,BB Ticker,Singapore,,,
Balanced,Listed Property,Frasers Logistics & Commercial Trust,FLT SP,BB Ticker,Singapore,,,
Balanced,Listed Property,Frontier Real Estate Investment Corp,8964 JP,BB Ticker,Japan,,,
Balanced,Listed Property,Fukuoka REIT Corp,8968 JP,BB Ticker,Japan,,,
Balanced,Listed Property,Gaming and Leisure Properties Inc,GLPI US,BB Ticker,United States,,,
Balanced,Listed Property,Gecina SA,GFC FP,BB Ticker,France,,,
Balanced,Listed Property,Getty Realty Corp,GTY US,BB Ticker,United States,,,
Balanced,Listed Property,Global Net Lease Inc,GNL US,BB Ticker,United States,,,
Balanced,Listed Property,Global One Real Estate Investment Corp,8958 JP,BB Ticker,Japan,,,
Balanced,Listed Property,GLP J-Reit,3281 JP,BB Ticker,Japan,,,
Balanced,Listed Property,Goodman Group,GMG AU,BB Ticker,Australia,,,
Balanced,Listed Property,Goodman Property Trust,GMT NZ,BB Ticker,New Zealand,,,
Balanced,Listed Property,GPT Group/The,GPT AU,BB Ticker,Australia,,,
Balanced,Listed Property,Grand City Properties SA,GYC GR,BB Ticker,Germany,,,
Balanced,Listed Property,Granite Real Estate Investment Trust,GRT-U CN,BB Ticker,Canada,,,
Balanced,Listed Property,Great Portland Estates PLC,GPE LN,BB Ticker,United Kingdom,,,
Balanced,Listed Property,Growthpoint Properties Australia Ltd,GOZ AU,BB Ticker,Australia,,,
Balanced,Listed Property,H&R Real Estate Investment Trust,HR-U CN,BB Ticker,Canada,,,
Balanced,Listed Property,Hammerson PLC,HMSO LN,BB Ticker,United Kingdom,,,
Balanced,Listed Property,Healthcare Realty Trust Inc,HR US,BB Ticker,United States,,,
Balanced,Listed Property,HealthCo REIT,HCW AU,BB Ticker,Australia,,,
Balanced,Listed Property,Healthpeak Properties Inc,DOC US,BB Ticker,United States,,,
Balanced,Listed Property,Heiwa Real Estate REIT Inc,8966 JP,BB Ticker,Japan,,,
Balanced,Listed Property,Highwoods Properties Inc,HIW US,BB Ticker,United States,,,
Balanced,Listed Property,HMC Capital Ltd,HMC AU,BB Ticker,Australia,,,
Balanced,Listed Property,HomeCo Daily Needs REIT,HDN AU,BB Ticker,Australia,,,
Balanced,Listed Property,Hongkong Land Holdings Ltd,HKL SP,BB Ticker,Singapore,,,
Balanced,Listed Property,Hoshino Resorts REIT Inc,3287 JP,BB Ticker,Japan,,,
Balanced,Listed Property,Host Hotels & Resorts Inc,HST US,BB Ticker,United States,,,
Balanced,Listed Property,Hotel Property Investments Ltd,HPI AU,BB Ticker,Australia,,,
Balanced,Listed Property,Hufvudstaden AB,HUFVA SS,BB Ticker,Sweden,,,
Balanced,Listed Property,Hulic Reit Inc,3295 JP,BB Ticker,Japan,,,
Balanced,Listed Property,Hysan Development Co Ltd,14 HK,BB Ticker,Hong Kong,,,
Balanced,Listed Property,ICADE,ICAD FP,BB Ticker,France,,,
Balanced,Listed Property,Independence Realty Trust Inc,IRT US,BB Ticker,United States,,,
Balanced,Listed Property,Industrial & Infrastructure Fund Investment Corp,3249 JP,BB Ticker,Japan,,,
Balanced,Listed Property,Ingenia Communities Group,INA AU,BB Ticker,Australia,,,
Balanced,Listed Property,Inmobiliaria Colonial Socimi SA,COL SM,BB Ticker,Spain,,,
Balanced,Listed Property,Innovative Industrial Properties Inc,IIPR US,BB Ticker,United States,,,
Balanced,Listed Property,InterRent Real Estate Investment Trust,IIP-U CN,BB Ticker,Canada,,,
Balanced,Listed Property,InvenTrust Properties Corp,IVT US,BB Ticker,United States,,,
Balanced,Listed Property,Invincible Investment Corp,8963 JP,BB Ticker,Japan,,,
Balanced,Listed Property,Invitation Homes Inc,INVH US,BB Ticker,United States,,,
Balanced,Listed Property,Iron Mountain Inc,IRM US,BB Ticker,United States,,,
Balanced,Listed Property,Japan Excellent Inc,8987 JP,BB Ticker,Japan,,,
Balanced,Listed Property,Japan Hotel REIT Investment Corp,8985 JP,BB Ticker,Japan,,,
Balanced,Listed Property,Japan Logistics Fund Inc,8967 JP,BB Ticker,Japan,,,
Balanced,Listed Property,Japan Metropolitan Fund Invest,8953 JP,BB Ticker,Japan,,,
Balanced,Listed Property,Japan Prime Realty Investment Corp,8955 JP,BB Ticker,Japan,,,
Balanced,Listed Property,Japan Real Estate Investment Corp,8952 JP,BB Ticker,Japan,,,
Balanced,Listed Property,JBG SMITH Properties,JBGS US,BB Ticker,United States,,,
Balanced,Listed Property,KDX Realty Investment Corp,8972 JP,BB Ticker,Japan,,,
Balanced,Listed Property,KE Holdings Inc,BEKE US,BB Ticker,United States,,,
Balanced,Listed Property,Kennedy-Wilson Holdings Inc,KW US,BB Ticker,United States,,,
Balanced,Listed Property,Keppel DC REIT,KDCREIT SP,BB Ticker,Singapore,,,
Balanced,Listed Property,Keppel REIT,KREIT SP,BB Ticker,Singapore,,,
Balanced,Listed Property,Killam Apartment Real Estate Investment Trust,KMP-U CN,BB Ticker,Canada,,,
Balanced,Listed Property,Kilroy Realty Corp,KRC US,BB Ticker,United States,,,
Balanced,Listed Property,Kimco Realty Corp,KIM US,BB Ticker,United States,,,
Balanced,Listed Property,Kite Realty Group Trust,KRG US,BB Ticker,United States,,,
Balanced,Listed Property,Kiwi Property Group Ltd,KPG NZ,BB Ticker,New Zealand,,,
Balanced,Listed Property,Klepierre SA,LI FP,BB Ticker,France,,,
Balanced,Listed Property,Kojamo Oyj,KOJAMO FH,BB Ticker,Finland,,,
Balanced,Listed Property,Land Securities Group PLC,LAND LN,BB Ticker,United Kingdom,,,
Balanced,Listed Property,LaSalle Logiport REIT,3466 JP,BB Ticker,Japan,,,
Balanced,Listed Property,LEG Immobilien SE,LEG GR,BB Ticker,Germany,,,
Balanced,Listed Property,Lendlease Corp Ltd,LLC AU,BB Ticker,Australia,,,
Balanced,Listed Property,Lendlease Global Commercial REIT,LREIT SP,BB Ticker,Singapore,,,
Balanced,Listed Property,Lifestyle Communities Ltd,LIC AU,BB Ticker,Australia,,,
Balanced,Listed Property,Link REIT,823 HK,BB Ticker,Hong Kong,,,
Balanced,Listed Property,LondonMetric Property PLC,LMP LN,BB Ticker,United Kingdom,,,
Balanced,Listed Property,LTC Properties Inc,LTC US,BB Ticker,United States,,,
Balanced,Listed Property,LXP Industrial Trust,LXP US,BB Ticker,United States,,,
Balanced,Listed Property,Macerich Co/The,MAC US,BB Ticker,United States,,,
Balanced,Listed Property,Macrotech Developers Ltd,LODHA IN,BB Ticker,India,,,
Balanced,Listed Property,Mapletree Industrial Trust,MINT SP,BB Ticker,Singapore,,,
Balanced,Listed Property,Mapletree Logistics Trust,MLT SP,BB Ticker,Singapore,,,
Balanced,Listed Property,Mapletree Pan Asia Commercial Trust,MPACT SP,BB Ticker,Singapore,,,
Balanced,Listed Property,Medical Properties Trust Inc,MPW US,BB Ticker,United States,,,
Balanced,Listed Property,Melisron Ltd,MLSR IT,BB Ticker,Israel,,,
Balanced,Listed Property,Mercialys SA,MERY FP,BB Ticker,France,,,
Balanced,Listed Property,Merlin Properties Socimi SA,MRL SM,BB Ticker,Spain,,,
Balanced,Listed Property,Mid-America Apartment Communities Inc,MAA US,BB Ticker,United States,,,
Balanced,Listed Property,Mirvac Group,MGR AU,BB Ticker,Australia,,,
Balanced,Listed Property,Mitsubishi Estate Co Ltd,8802 JP,BB Ticker,Japan,,,
Balanced,Listed Property,Mitsubishi Estate Logistics REIT Investment Corp,3481 JP,BB Ticker,Japan,,,
Balanced,Listed Property,Mitsui Fudosan Co Ltd,8801 JP,BB Ticker,Japan,,,
Balanced,Listed Property,Mitsui Fudosan Logistics Park Inc,3471 JP,BB Ticker,Japan,,,
Balanced,Listed Property,Mobimo Holding AG,MOBN SW,BB Ticker,Switzerland,,,
Balanced,Listed Property,Montea NV,MONT BB,BB Ticker,Belgium,,,
Balanced,Listed Property,Mori Hills REIT Investment Corp,3234 JP,BB Ticker,Japan,,,
Balanced,Listed Property,Mori Trust Reit Inc,8961 JP,BB Ticker,Japan,,,
Balanced,Listed Property,Multiplan Empreendimentos Imobiliarios SA,MULT3 BZ,BB Ticker,Brazil,,,
Balanced,Listed Property,National Health Investors Inc,NHI US,BB Ticker,United States,,,
Balanced,Listed Property,National Storage Affiliates Trust,NSA US,BB Ticker,United States,,,
Balanced,Listed Property,National Storage REIT,NSR AU,BB Ticker,Australia,,,
Balanced,Listed Property,NEPI Rockcastle NV,NRP SJ,BB Ticker,South Africa,,,
Balanced,Listed Property,NETSTREIT Corp,NTST US,BB Ticker,United States,,,
Balanced,Listed Property,NexPoint Residential Trust Inc,NXRT US,BB Ticker,United States,,,
Balanced,Listed Property,Nippon Accommodations Fund Inc,3226 JP,BB Ticker,Japan,,,
Balanced,Listed Property,Nippon Building Fund Inc,8951 JP,BB Ticker,Japan,,,
Balanced,Listed Property,Nippon Prologis REIT Inc,3283 JP,BB Ticker,Japan,,,
Balanced,Listed Property,NIPPON REIT Investment Corp,3296 JP,BB Ticker,Japan,,,
Balanced,Listed Property,NNN REIT Inc,NNN US,BB Ticker,United States,,,
Balanced,Listed Property,Nomura Real Estate Master Fund Inc,3462 JP,BB Ticker,Japan,,,
Balanced,Listed Property,NorthWest Healthcare Properties Real Estate Investment Trust,NWH-U CN,BB Ticker,Canada,,,
Balanced,Listed Property,NP3 Fastigheter AB,NP3 SS,BB Ticker,Sweden,,,
Balanced,Listed Property,NTT UD REIT Investment Corp,8956 JP,BB Ticker,Japan,,,
Balanced,Listed Property,Nyfosa AB,NYF SS,BB Ticker,Sweden,,,
Balanced,Listed Property,Omega Healthcare Investors Inc,OHI US,BB Ticker,United States,,,
Balanced,Listed Property,Orix JREIT Inc,8954 JP,BB Ticker,Japan,,,
Balanced,Listed Property,Pandox AB,PNDXB SS,BB Ticker,Sweden,,,
Balanced,Listed Property,Paramount Group Inc,PGRE US,BB Ticker,United States,,,
Balanced,Listed Property,Park Hotels & Resorts Inc,PK US,BB Ticker,United States,,,
Balanced,Listed Property,Parkway Life Real Estate Investment Trust,PREIT SP,BB Ticker,Singapore,,,
Balanced,Listed Property,Pebblebrook Hotel Trust,PEB US,BB Ticker,United States,,,
Balanced,Listed Property,PEXA Group Ltd,PXA AU,BB Ticker,Australia,,,
Balanced,Listed Property,Phillips Edison & Co Inc,PECO US,BB Ticker,United States,,,
Balanced,Listed Property,Phoenix Mills Ltd/The,PHNX IN,BB Ticker,India,,,
Balanced,Listed Property,Piedmont Office Realty Trust Inc,PDM US,BB Ticker,United States,,,
Balanced,Listed Property,Precinct Properties Group,PCT NZ,BB Ticker,New Zealand,,,
Balanced,Listed Property,Primaris Real Estate Investment Trust,PMZ-U CN,BB Ticker,Canada,,,
Balanced,Listed Property,Primary Health Properties PLC,PHP LN,BB Ticker,United Kingdom,,,
Balanced,Listed Property,Prologis Inc,PLD US,BB Ticker,United States,,,
Balanced,Listed Property,PRS REIT Plc/The,PRSR LN,BB Ticker,United Kingdom,,,
Balanced,Listed Property,PSP Swiss Property AG,PSPN SW,BB Ticker,Switzerland,,,
Balanced,Listed Property,Public Storage,PSA US,BB Ticker,United States,,,
Balanced,Listed Property,Qualitas Real Estate Income Fund,QRI AU,BB Ticker,Australia,,,
Balanced,Listed Property,Realty Income Corp,O US,BB Ticker,United States,,,
Balanced,Listed Property,Regency Centers Corp,REG US,BB Ticker,United States,,,
Balanced,Listed Property,Region RE Ltd,RGN AU,BB Ticker,Australia,,,
Balanced,Listed Property,Retail Estates NV,RET BB,BB Ticker,Belgium,,,
Balanced,Listed Property,Retail Opportunity Investments Corp,ROIC US,BB Ticker,United States,,,
Balanced,Listed Property,Rexford Industrial Realty Inc,REXR US,BB Ticker,United States,,,
Balanced,Listed Property,RioCan Real Estate Investment Trust,REI-U CN,BB Ticker,Canada,,,
Balanced,Listed Property,RLJ Lodging Trust,RLJ US,BB Ticker,United States,,,
Balanced,Listed Property,Rural Funds Group,RFF AU,BB Ticker,Australia,,,
Balanced,Listed Property,Ryman Hospitality Properties Inc,RHP US,BB Ticker,United States,,,
Balanced,Listed Property,Sabra Health Care REIT Inc,SBRA US,BB Ticker,United States,,,
Balanced,Listed Property,Safehold Inc,SAFE US,BB Ticker,United States,,,
Balanced,Listed Property,Safestore Holdings PLC,SAFE LN,BB Ticker,United Kingdom,,,
Balanced,Listed Property,Sagax AB,SAGAB SS,BB Ticker,Sweden,,,
Balanced,Listed Property,Samhallsbyggnadsbolaget i Norden AB,SBBB SS,BB Ticker,Sweden,,,
Balanced,Listed Property,SBA Communications Corp,SBAC US,BB Ticker,United States,,,
Balanced,Listed Property,Scentre Group,SCG AU,BB Ticker,Australia,,,
Balanced,Listed Property,Segro PLC,SGRO LN,BB Ticker,United Kingdom,,,
Balanced,Listed Property,Sekisui House Reit Inc,3309 JP,BB Ticker,Japan,,,
Balanced,Listed Property,Service Properties Trust,SVC US,BB Ticker,United States,,,
Balanced,Listed Property,Shaftesbury Capital PLC,SHC LN,BB Ticker,United Kingdom,,,
Balanced,Listed Property,Shurgard Self Storage Ltd,SHUR BB,BB Ticker,Belgium,,,
Balanced,Listed Property,Simon Property Group Inc,SPG US,BB Ticker,United States,,,
Balanced,Listed Property,Sino Land Co Ltd,83 HK,BB Ticker,Hong Kong,,,
Balanced,Listed Property,Sirius Real Estate Ltd,SRE LN,BB Ticker,United Kingdom,,,
Balanced,Listed Property,SITE Centers Corp,SITC US,BB Ticker,United States,,,
Balanced,Listed Property,SL Green Realty Corp,SLG US,BB Ticker,United States,,,
Balanced,Listed Property,SmartCentres Real Estate Investment Trust,SRU-U CN,BB Ticker,Canada,,,
Balanced,Listed Property,STAG Industrial Inc,STAG US,BB Ticker,United States,,,
Balanced,Listed Property,Star Asia Investment Corp,3468 JP,BB Ticker,Japan,,,
Balanced,Listed Property,Starhill Global REIT,SGREIT SP,BB Ticker,Singapore,,,
Balanced,Listed Property,Stockland,SGP AU,BB Ticker,Australia,,,
Balanced,Listed Property,StorageVault Canada Inc,SVI CN,BB Ticker,Canada,,,
Balanced,Listed Property,Summit Hotel Properties Inc,INN US,BB Ticker,United States,,,
Balanced,Listed Property,Sun Communities Inc,SUI US,BB Ticker,United States,,,
Balanced,Listed Property,Sun Hung Kai Properties Ltd,16 HK,BB Ticker,Hong Kong,,,
Balanced,Listed Property,Sunstone Hotel Investors Inc,SHO US,BB Ticker,United States,,,
Balanced,Listed Property,Suntec Real Estate Investment Trust,SUN SP,BB Ticker,Singapore,,,
Balanced,Listed Property,Supermarket Income Reit PLC,SUPR LN,BB Ticker,United Kingdom,,,
Balanced,Listed Property,Swire Properties Ltd,1972 HK,BB Ticker,Hong Kong,,,
Balanced,Listed Property,TAG Immobilien AG,TEG GR,BB Ticker,Germany,,,
Balanced,Listed Property,Tanger Inc,SKT US,BB Ticker,United States,,,
Balanced,Listed Property,Target Healthcare REIT PLC,THRL LN,BB Ticker,United Kingdom,,,
Balanced,Listed Property,Terreno Realty Corp,TRNO US,BB Ticker,United States,,,
Balanced,Listed Property,Tokyu Fudosan Holdings Corp,3289 JP,BB Ticker,Japan,,,
Balanced,Listed Property,Tokyu REIT Inc,8957 JP,BB Ticker,Japan,,,
Balanced,Listed Property,Tritax Big Box REIT PLC,BBOX LN,BB Ticker,United Kingdom,,,
Balanced,Listed Property,UDR Inc,UDR US,BB Ticker,United States,,,
Balanced,Listed Property,Unibail-Rodamco-Westfield,URW AU,BB Ticker,Australia,,,
Balanced,Listed Property,Unibail-Rodamco-Westfield,URW FP,BB Ticker,France,,,
Balanced,Listed Property,UNITE Group PLC/The,UTG LN,BB Ticker,United Kingdom,,,
Balanced,Listed Property,United Urban Investment Corp,8960 JP,BB Ticker,Japan,,,
Balanced,Listed Property,UOL Group Ltd,UOL SP,BB Ticker,Singapore,,,
Balanced,Listed Property,Urban Edge Properties,UE US,BB Ticker,United States,,,
Balanced,Listed Property,Urban Logistics REIT PLC,SHED LN,BB Ticker,United Kingdom,,,
Balanced,Listed Property,Ventas Inc,VTR US,BB Ticker,United States,,,
Balanced,Listed Property,Veris Residential Inc,VRE US,BB Ticker,United States,,,
Balanced,Listed Property,VICI Properties Inc,VICI US,BB Ticker,United States,,,
Balanced,Listed Property,Vicinity Ltd,VCX AU,BB Ticker,Australia,,,
Balanced,Listed Property,Vonovia SE,VNA GR,BB Ticker,Germany,,,
Balanced,Listed Property,Vornado Realty Trust,VNO US,BB Ticker,United States,,,
Balanced,Listed Property,Wallenstam AB,WALLB SS,BB Ticker,Sweden,,,
Balanced,Listed Property,Warehouse Reit PLC,WHR LN,BB Ticker,United Kingdom,,,
Balanced,Listed Property,Warehouses De Pauw CVA,WDP BB,BB Ticker,Belgium,,,
Balanced,Listed Property,Waypoint REIT Ltd,WPR AU,BB Ticker,Australia,,,
Balanced,Listed Property,Welltower Inc,WELL US,BB Ticker,United States,,,
Balanced,Listed Property,Weyerhaeuser Co,WY US,BB Ticker,United States,,,
Balanced,Listed Property,Wharf Real Estate Investment Co Ltd,1997 HK,BB Ticker,Hong Kong,,,
Balanced,Listed Property,Wihlborgs Fastigheter AB,WIHL SS,BB Ticker,Sweden,,,
Balanced,Listed Property,Workspace Group PLC,WKP LN,BB Ticker,United Kingdom,,,
Balanced,Listed Property,WP Carey Inc,WPC US,BB Ticker,United States,,,
Balanced,Listed Property,Xenia Hotels & Resorts Inc,XHR US,BB Ticker,United States,,,
Balanced,Listed Property,Xior Student Housing NV,XIOR BB,BB Ticker,Belgium,,,
Balanced,Listed Property,Zillow Group Inc,Z US,BB Ticker,United States,,,
Balanced,Listed Infrastructure,APA Group,APA AU,BB Ticker,Australia,,,
Balanced,Listed Infrastructure,Atlas Arteria Ltd,ALX AU,BB Ticker,Australia,,,
Balanced,Listed Infrastructure,Dalrymple Bay Infrastructure Ltd,DBI AU,BB Ticker,Australia,,,
Balanced,Listed Infrastructure,Hutchison Port Holdings Trust,HPHT SP,BB Ticker,Singapore,,,
Balanced,Listed Infrastructure,NETLINK NBN TRUST,NETLINK SP,BB Ticker,Singapore,,,
Balanced,Listed Infrastructure,Transurban Group,TCL AU,BB Ticker,Australia,,,
