Option Name,Asset Class Name,Name/Kind of Investment Item,Stock ID,ID_Type,Listed Country,Exchange Code,Ticker,Yahoo Ticker
Balanced Growth,Listed equity,361 DEGREES INTERNATIONAL LTD COMMON STOCK HKD 0.1,B51BL70,SEDOL,Hong Kong,HK,1361,
Balanced Growth,Listed equity,3I GROUP,B1YW440,SEDOL,United Kingdom,LN,III,
Balanced Growth,Listed equity,3SBIO,BY9D3L9,SEDOL,Hong Kong,HK,1530,
Balanced Growth,Listed equity,AAC TECHNOLOGIES (CN),B85LKS1,SEDOL,Hong Kong,HK,2018,
Balanced Growth,Listed equity,ABB INDIA LTD COMMON STOCK INR 2,B1Y9QS9,SEDOL,India,IN,ABB,
Balanced Growth,Listed equity,ABB LTD,7108899,SEDOL,Switzerland,SW,ABBN,
Balanced Growth,Listed equity,ABB LTD COMMON STOCK CHF 0.12,7113815,SEDOL,Sweden,SS,ABB,
Balanced Growth,Listed equity,ABBOTT LABORATORIES,2002305,SEDOL,United States,US,ABT,
Balanced Growth,Listed equity,ABBVIE,B92SR70,SEDOL,United States,US,ABBV,
Balanced Growth,Listed equity,ABN AMRO BANK,BYQP136,SEDOL,Netherlands,NA,ABN,
Balanced Growth,Listed equity,ABOITIZ EQUITY VENTURES,6068411,SEDOL,Philippines,PM,AEV,
Balanced Growth,Listed equity,ABOITIZ POWER,B1Z9Q99,SEDOL,Philippines,PM,AP,
Balanced Growth,Listed equity,ABSA GROUP,BFX05H3,SEDOL,South Africa,SJ,ABG,
Balanced Growth,Listed equity,ABU DHABI ISLAMIC BK(AE),6001728,SEDOL,United Arab Emirates,UH,ADIB,
Balanced Growth,Listed equity,ACCENT GROUP LTD,BD20RS5,SEDOL,Australia,AU,AX1,
Balanced Growth,Listed equity,ACCENTURE A,B4BNMY3,SEDOL,United States,US,ACN,
Balanced Growth,Listed equity,ACCOR,5852842,SEDOL,France,FP,AC,
Balanced Growth,Listed equity,ACS ACTIV CONST Y SVCS,B01FLQ6,SEDOL,Spain,SM,ACS,
Balanced Growth,Listed equity,ADAIRS LTD,BYYT7Q5,SEDOL,Australia,AU,ADH,
Balanced Growth,Listed equity,ADANI ENTERPRISES,B01VRK0,SEDOL,India,IN,ADE,
Balanced Growth,Listed equity,ADANI GREEN ENERGY,BD6H7M6,SEDOL,India,IN,ADANIGR,
Balanced Growth,Listed equity,ADANI PORTS AND SEZ,B28XXH2,SEDOL,India,IN,ADSEZ,
Balanced Growth,Listed equity,ADANI POWER,B3WQH49,SEDOL,,,,
Balanced Growth,Listed equity,ADANI TRANSMISSION,BYPCLL6,SEDOL,India,IN,ADANIENS,
Balanced Growth,Listed equity,ADARO ENERGY INDONESIA,B3BQFC4,SEDOL,Indonesia,IJ,ADRO,
Balanced Growth,Listed equity,ADDTECH B,BLN8T44,SEDOL,Sweden,SS,ADDTB,
Balanced Growth,Listed equity,ADECCO GROUP,7110720,SEDOL,Switzerland,SW,ADEN,
Balanced Growth,Listed equity,ADIDAS,4031976,SEDOL,Germany,GR,ADS,
Balanced Growth,Listed equity,ADITYA BIRLA CAPITAL LTD COMMON STOCK INR 10,BYVKT10,SEDOL,India,IN,ABCAP,
Balanced Growth,Listed equity,ADNOC DRILLING CO PJSC COMMON STOCK AED,BN12D39,SEDOL,United Arab Emirates,UH,ADNOCDRI,
Balanced Growth,Listed equity,ADNOC GAS PLC,BPJLW35,SEDOL,United Arab Emirates,UH,ADNOCGAS,
Balanced Growth,Listed equity,ADNOC LOGISTICS & SERVICES COMMON STOCK AED 1.983,BRBN103,SEDOL,United Arab Emirates,UH,ADNOCLS,
Balanced Growth,Listed equity,ADOBE,2008154,SEDOL,United States,US,ADBE,
Balanced Growth,Listed equity,ADP,B164FY1,SEDOL,France,FP,ADP,
Balanced Growth,Listed equity,ADTALEM GLOBAL EDUCATION INC COMMON STOCK USD 0.01,BZ12TX5,SEDOL,United States,US,ATGE,
Balanced Growth,Listed equity,ADVANCED INFO SERVICE PCL FOREIGN SH. THB 1,6412591,SEDOL,Thailand,TB,ADVANC/F,
Balanced Growth,Listed equity,ADVANCED MICRO DEVICES,2007849,SEDOL,United States,US,AMD,
Balanced Growth,Listed equity,ADVANTEST CORP,6870490,SEDOL,Japan,JP,6857,
Balanced Growth,Listed equity,ADYEN NV,BZ1HM42,SEDOL,Netherlands,NA,ADYEN,
Balanced Growth,Listed equity,AECOM,B1VZ431,SEDOL,United States,US,ACM,
Balanced Growth,Listed equity,AEGON,BPH0Y27,SEDOL,Netherlands,NA,AGN,
Balanced Growth,Listed equity,AEGON LTD NY REG SHRS USD,BSB7ZN3,SEDOL,United States,US,AEG,
Balanced Growth,Listed equity,AENA,BVRZ8L1,SEDOL,,,,
Balanced Growth,Listed equity,AERCAP HOLDINGS NV,B1HHKD3,SEDOL,United States,US,AER,
Balanced Growth,Listed equity,AG ANADOLU GRUBU HOLDING AS COMMON STOCK TRY 1,B03MZM9,SEDOL,Turkey,TI,AGHOL,
Balanced Growth,Listed equity,AGILE GROUP HOLDINGS,B0PR2F4,SEDOL,Hong Kong,HK,3383,
Balanced Growth,Listed equity,AGILENT TECHNOLOGIES,2520153,SEDOL,United States,US,A,
Balanced Growth,Listed equity,AGL ENERGY,BSS7GP5,SEDOL,Australia,AU,AGL,
Balanced Growth,Listed equity,AGNICO EAGLE MINES,2009823,SEDOL,Canada,CN,AEM,
Balanced Growth,Listed equity,AGNICO EAGLE MINES LTD COMMON STOCK CAD 0,2009834,SEDOL,United States,US,AEM,
Balanced Growth,Listed equity,AGRI BANK OF CHINA H,B60LZR6,SEDOL,Hong Kong,HK,1288,
Balanced Growth,Listed equity,AGRI BANK OF CN A (HK-C),BP3R228,SEDOL,China,C1,601288,
Balanced Growth,Listed equity,AHOLD DELHAIZE,BD0Q398,SEDOL,Netherlands,NA,AD,
Balanced Growth,Listed equity,AIA GROUP,B4TX8S1,SEDOL,Hong Kong,HK,1299,
Balanced Growth,Listed equity,AIB GROUP,BF0L353,SEDOL,Ireland,ID,AIBG,
Balanced Growth,Listed equity,AIMA TECHNOLOGY GROUP CO LTD COMMON STOCK CNY 1,BP91ND2,SEDOL,China,C1,603529,
Balanced Growth,Listed equity,AINSWORTH GAME TECHNOLOGY LTD COMMON STOCK AUD 0,6427829,SEDOL,Australia,AU,AGI,
Balanced Growth,Listed equity,AIR NEW ZEALAND LTD COMMON STOCK NZD 0,6426569,SEDOL,Australia,AU,AIZ,
Balanced Growth,Listed equity,AIRBNB A,BMGYYH4,SEDOL,United States,US,ABNB,
Balanced Growth,Listed equity,AIRBUS,4012250,SEDOL,France,FP,AIR,
Balanced Growth,Listed equity,AIRTAC INTERNATIONAL,B52J816,SEDOL,Taiwan,TT (Taiwan Stock Exchange),1590,
Balanced Growth,Listed equity,AISIN CORP,6010702,SEDOL,Japan,JP,7259,
Balanced Growth,Listed equity,AJIN INDUSTRIAL CO LTD COMMON STOCK KRW 500,BDCWS11,SEDOL,South Korea,KS,013310,
Balanced Growth,Listed equity,AKAMAI TECHNOLOGIES,2507457,SEDOL,United States,US,AKAM,
Balanced Growth,Listed equity,AKBANK,B03MN70,SEDOL,Turkey,TI,AKBNK,
Balanced Growth,Listed equity,AKER BP,B1L95G3,SEDOL,Belgium,NO,AKRBP,
Balanced Growth,Listed equity,AKZO NOBEL,BJ2KSG2,SEDOL,Netherlands,NA,AKZA,
Balanced Growth,Listed equity,AL RAJHI BANKING & INV,B12LZH9,SEDOL,Saudi Arabia,AB,RJHI,
Balanced Growth,Listed equity,AL RAYAN BANK,B0VR7W0,SEDOL,Qatar,QD,MARK,
Balanced Growth,Listed equity,ALCOA CORP CDI AUD,BSY2LN7,SEDOL,Australia,AU,AAI,
Balanced Growth,Listed equity,ALDAR PROPERTIES,B0LX3Y2,SEDOL,United Arab Emirates,UH,ALDAR,
Balanced Growth,Listed equity,ALFA,2043423,SEDOL,Mexico,MM,ALFAA,
Balanced Growth,Listed equity,ALFA LAVAL,7332687,SEDOL,Sweden,SS,ALFA,
Balanced Growth,Listed equity,ALIBABA GROUP HLDG ADR,BP41ZD1,SEDOL,United States,US,BABA,
Balanced Growth,Listed equity,ALIBABA GRP HLDG (HK),BK6YZP5,SEDOL,Hong Kong,HK,9988,
Balanced Growth,Listed equity,ALIGN TECHNOLOGY,2679204,SEDOL,United States,US,ALGN,
Balanced Growth,Listed equity,ALIMENTATION COUCHE,BL56KN2,SEDOL,Canada,CN,ATD,
Balanced Growth,Listed equity,ALIOR BANK,B8W8F13,SEDOL,Poland,PW,ALR,
Balanced Growth,Listed equity,ALL WINNER TECHNOLOGY CO LTD COMMON STOCK CNY 1,BD5M1H5,SEDOL,China,C2,300458,
Balanced Growth,Listed equity,ALLEGRO.EU,BMBQDF6,SEDOL,Poland,PW,ALE,
Balanced Growth,Listed equity,ALLIANZ,5231485,SEDOL,Germany,GR,ALV,
Balanced Growth,Listed equity,ALLSTATE CORP,2019952,SEDOL,United States,US,ALL,
Balanced Growth,Listed equity,ALLY FINANCIAL,B72XK05,SEDOL,United States,US,ALLY,
Balanced Growth,Listed equity,ALPEK SAB DE CV COMMON STOCK MXN 0,B85H8C9,SEDOL,Mexico,MM,ALPEKA,
Balanced Growth,Listed equity,ALPHA CORP COMMON STOCK JPY,6744186,SEDOL,Japan,JP,3434,
Balanced Growth,Listed equity,ALPHA DHABI HOLDING PJSC COMMON STOCK AED 1,BM8K209,SEDOL,United Arab Emirates,UH,ALPHADHA,
Balanced Growth,Listed equity,ALPHA SERVICES AND HLDGS,BZ1MXR7,SEDOL,,,,
Balanced Growth,Listed equity,ALPHABET A,BYVY8G0,SEDOL,United States,US,GOOGL,
Balanced Growth,Listed equity,ALPHABET C,BYY88Y7,SEDOL,United States,US,GOOG,
Balanced Growth,Listed equity,ALS LTD,B86SZR5,SEDOL,Australia,AU,ALQ,
Balanced Growth,Listed equity,ALTAGAS,B43WJC5,SEDOL,Canada,CN,ALA,
Balanced Growth,Listed equity,ALUMINUM CORP OF CHINA H,6425395,SEDOL,Hong Kong,HK,2600,
Balanced Growth,Listed equity,AMAZON.COM,2000019,SEDOL,United States,US,AMZN,
Balanced Growth,Listed equity,AMBEV SA ADR USD 0,BG804F6,SEDOL,United States,US,ABEV,
Balanced Growth,Listed equity,AMBEV SA COMMON STOCK BRL 0,BG7ZWY7,SEDOL,Brazil,BZ,ABEV3,
Balanced Growth,Listed equity,AMBUJA CEMENTS,B09QQ11,SEDOL,India,IN,ACEM,
Balanced Growth,Listed equity,AMCOR PLC CDI,6066608,SEDOL,Australia,AU,AMC,
Balanced Growth,Listed equity,AMEREN CORPORATION,2050832,SEDOL,United States,US,AEE,
Balanced Growth,Listed equity,AMERICA MOVIL B,BMVRB77,SEDOL,Mexico,MM,AMXB,
Balanced Growth,Listed equity,AMERICAN ELECTRIC POWER,2026242,SEDOL,United States,US,AEP,
Balanced Growth,Listed equity,AMERICAN EXPRESS,2026082,SEDOL,United States,US,AXP,
Balanced Growth,Listed equity,AMERICAN INTL GROUP,2027342,SEDOL,United States,US,AIG,
Balanced Growth,Listed equity,AMERICAN PUBLIC EDUCATION INC COMMON STOCK USD 0.01,B292GM4,SEDOL,United States,US,APEI,
Balanced Growth,Listed equity,AMERICANA RESTAURANTS,BPCMH29,SEDOL,United Arab Emirates,UH,AMR,
Balanced Growth,Listed equity,AMERIPRISE FINANCIAL,B0J7D57,SEDOL,United States,US,AMP,
Balanced Growth,Listed equity,AMGEN,2023607,SEDOL,United States,US,AMGN,
Balanced Growth,Listed equity,AMOREG,6665931,SEDOL,South Korea,KS,002790,
Balanced Growth,Listed equity,AMOREPACIFIC CORP (NEW),B15SK50,SEDOL,South Korea,KS,090430,
Balanced Growth,Listed equity,AMOTIV LTD COMMON STOCK AUD 0,BQH8HH4,SEDOL,Australia,AU,AOV,
Balanced Growth,Listed equity,AMP LTD,6709958,SEDOL,Australia,AU,AMP,
Balanced Growth,Listed equity,AMPHENOL CORP,2145084,SEDOL,United States,US,APH,
Balanced Growth,Listed equity,AMPLITUDE ENERGY LTD,BLGTZK2,SEDOL,Australia,AU,AEL,
Balanced Growth,Listed equity,AMPOL,BM91201,SEDOL,Australia,AU,ALD,
Balanced Growth,Listed equity,ANA HOLDINGS,6014908,SEDOL,Japan,JP,9202,
Balanced Growth,Listed equity,ANADOLU EFES BIRACILIK,B03MNV4,SEDOL,Turkey,TI,AEFES,
Balanced Growth,Listed equity,ANGLO AMERICAN PLATINUM,6761000,SEDOL,South Africa,SJ,VAL,
Balanced Growth,Listed equity,ANGLO AMERICAN PLC COMMON STOCK GBP 0.54945,B1XZS82,SEDOL,,,,
Balanced Growth,Listed equity,ANGLOGOLD ASHANTI PLC COMMON STOCK,BRXH266,SEDOL,United States,US,AU,
Balanced Growth,Listed equity,ANHEUSER-BUSCH INBEV,BYYHL23,SEDOL,Belgium,BB,ABI,
Balanced Growth,Listed equity,ANHUI CONCH CEMENT H,6080396,SEDOL,Hong Kong,HK,914,
Balanced Growth,Listed equity,ANSELL LTD,6286611,SEDOL,Australia,AU,ANN,
Balanced Growth,Listed equity,ANTA SPORTS PRODUCTS,B1YVKN8,SEDOL,Hong Kong,HK,2020,
Balanced Growth,Listed equity,ANZ GROUP HOLDINGS,6065586,SEDOL,Australia,AU,ANZ,
Balanced Growth,Listed equity,APA CORPORATION,BNNF1C1,SEDOL,United States,US,APA,
Balanced Growth,Listed equity,APPLE,2046251,SEDOL,United States,US,AAPL,
Balanced Growth,Listed equity,APPLIED MATERIALS,2046552,SEDOL,United States,US,AMAT,
Balanced Growth,Listed equity,APPLOVIN CORP A,BMV3LG4,SEDOL,United States,US,APP,
Balanced Growth,Listed equity,ARABIAN INTERNET COMMU,BMVH0Q9,SEDOL,Saudi Arabia,AB,SOLUTION,
Balanced Growth,Listed equity,ARB CORP LTD,BWV03W5,SEDOL,Australia,AU,ARB,
Balanced Growth,Listed equity,ARC RESOURCES,B6463M8,SEDOL,Canada,CN,ARX,
Balanced Growth,Listed equity,ARCA CONTINENTAL,2823885,SEDOL,Mexico,MM,AC*,
Balanced Growth,Listed equity,ARCELORMITTAL SA COMMON STOCK EUR 0,BZ11XT6,SEDOL,Spain,SM,MTS,
Balanced Growth,Listed equity,ARCHER-DANIELS-MIDLAND,2047317,SEDOL,United States,US,ADM,
Balanced Growth,Listed equity,ARDMORE SHIPPING CORP COMMON STOCK USD 0.01,BCGCR57,SEDOL,United States,US,ASC,
Balanced Growth,Listed equity,ARISTA NETWORKS INC COMMON STOCK USD 0.0001,BL9XPM3,SEDOL,United States,US,ANET,
Balanced Growth,Listed equity,ARISTOCRAT LEISURE,6253983,SEDOL,Australia,AU,ALL,
Balanced Growth,Listed equity,ASAHI KASEI CORP,6054603,SEDOL,Japan,JP,3407,
Balanced Growth,Listed equity,ASE TECHNOLOGY HOLDING,BFXZDY1,SEDOL,Taiwan,TT (Taiwan Stock Exchange),3711,
Balanced Growth,Listed equity,ASIA CEMENT CORP,6056331,SEDOL,Taiwan,TT (Taiwan Stock Exchange),1102,
Balanced Growth,Listed equity,ASIAN PAINTS,BCRWL65,SEDOL,India,IN,APNT,
Balanced Growth,Listed equity,ASICS CORP COMMON STOCK JPY,6057378,SEDOL,Japan,JP,7936,
Balanced Growth,Listed equity,ASM INTERNATIONAL NV COMMON STOCK EUR 0.04,5165294,SEDOL,Netherlands,NA,ASM,
Balanced Growth,Listed equity,ASML HLDG,B929F46,SEDOL,Netherlands,NA,ASML,
Balanced Growth,Listed equity,ASML HOLDING NV NY REG SHRS USD 0.09,B908F01,SEDOL,United States,US,ASML,
Balanced Growth,Listed equity,ASPEED TECHNOLOGY INC COMMON STOCK TWD 10,B80VKP3,SEDOL,Taiwan,TT (Taipei Stock Exchange),5274,
Balanced Growth,Listed equity,ASPEN PHARMACARE HLDGS,B09C0Z1,SEDOL,South Africa,SJ,APN,
Balanced Growth,Listed equity,ASR NEDERLAND,BD9PNF2,SEDOL,Netherlands,NA,ASRNL,
Balanced Growth,Listed equity,ASSICURAZIONI GENERALI,4056719,SEDOL,Italy,IM,G,
Balanced Growth,Listed equity,ASSOCIATED BRITISH FOODS,673123,SEDOL,United Kingdom,LN,ABF,
Balanced Growth,Listed equity,ASSURED GUARANTY LTD COMMON STOCK USD 0.01,B00V7H8,SEDOL,United States,US,AGO,
Balanced Growth,Listed equity,ASTI CORP COMMON STOCK JPY,6050894,SEDOL,Japan,JP,6899,
Balanced Growth,Listed equity,ASTRA INTERNATIONAL,B800MQ5,SEDOL,Indonesia,IJ,ASII,
Balanced Growth,Listed equity,ASTRAZENECA PLC COMMON STOCK GBP 0.25,989529,SEDOL,United Kingdom,LN,AZN,
Balanced Growth,Listed equity,ASUSTEK COMPUTER,6051046,SEDOL,Taiwan,TT (Taiwan Stock Exchange),2357,
Balanced Growth,Listed equity,AT&T,2831811,SEDOL,United States,US,T,
Balanced Growth,Listed equity,ATACADAO,BF7LBH4,SEDOL,,,,
Balanced Growth,Listed equity,ATLASSIAN (US),BQ1PC76,SEDOL,United States,US,TEAM,
Balanced Growth,Listed equity,AUB GROUP LIMITED,B0MBNC3,SEDOL,Australia,AU,AUB,
Balanced Growth,Listed equity,AUCKLAND INTERNATIONAL AIRPORT LTD COMMON STOCK NZD 0,BLRZSS8,SEDOL,Australia,AU,AIA,
Balanced Growth,Listed equity,AUO CORP,6288190,SEDOL,Taiwan,TT (Taiwan Stock Exchange),2409,
Balanced Growth,Listed equity,AURELIA METALS LIMITED,BN790Y4,SEDOL,Australia,AU,AMI,
Balanced Growth,Listed equity,AURIZON HOLDINGS,B87CVM3,SEDOL,Australia,AU,AZJ,
Balanced Growth,Listed equity,AUROBINDO PHARMA,6702634,SEDOL,India,IN,ARBP,
Balanced Growth,Listed equity,AUSTAL LTD,6137162,SEDOL,Australia,AU,ASB,
Balanced Growth,Listed equity,AUSTRALIAN CLINICAL LABS LTD,BMWLLJ0,SEDOL,Australia,AU,ACL,
Balanced Growth,Listed equity,AUSTRALIAN ETHICAL INVESTMENT LTD,6568212,SEDOL,Australia,AU,AEF,
Balanced Growth,Listed equity,AUSTRALIAN FINANCE GROUP LTD,BY4K6K5,SEDOL,Australia,AU,AFG,
Balanced Growth,Listed equity,AUTO TRADER GROUP,BVYVFW2,SEDOL,United Kingdom,LN,AUTO,
Balanced Growth,Listed equity,AUTODESK,2065159,SEDOL,United States,US,ADSK,
Balanced Growth,Listed equity,AUTOHOME ADR,BH5QGR0,SEDOL,United States,US,ATHM,
Balanced Growth,Listed equity,AUTOLIV,2064253,SEDOL,United States,US,ALV,
Balanced Growth,Listed equity,AUTOZONE,2065955,SEDOL,United States,US,AZO,
Balanced Growth,Listed equity,AVERY DENNISON CORP,2066408,SEDOL,United States,US,AVY,
Balanced Growth,Listed equity,AVIVA,BPQY8M8,SEDOL,United Kingdom,LN,AV/,
Balanced Growth,Listed equity,AVZ MINERALS LTD COMMON STOCK AUD 0,AU000000AVZ6,ISIN,,,,
Balanced Growth,Listed equity,AXA,7088429,SEDOL,France,FP,CS,
Balanced Growth,Listed equity,AXIS BANK,BPFJHC7,SEDOL,India,IN,AXSB,
Balanced Growth,Listed equity,AYALA CORP,B09JBT3,SEDOL,Philippines,PM,AC,
Balanced Growth,Listed equity,AYALA LAND,6055112,SEDOL,Philippines,PM,ALI,
Balanced Growth,Listed equity,AZTECH GLOBAL LTD COMMON STOCK SGD,BMFZSZ4,SEDOL,Singapore,SP,AZTECH,
Balanced Growth,Listed equity,B3,BG36ZK1,SEDOL,Brazil,BZ,B3SA3,
Balanced Growth,Listed equity,BABY BUNTING GROUP LIMITED,BYRJS58,SEDOL,Australia,AU,BBN,
Balanced Growth,Listed equity,BAIC MOTOR CORP H,BTF8BT7,SEDOL,Hong Kong,HK,1958,
Balanced Growth,Listed equity,BAIDU (HK),B0J2D41,SEDOL,Hong Kong,HK,9888,
Balanced Growth,Listed equity,BAIRONG INC COMMON STOCK HKD 0.00002,BMVXJ26,SEDOL,Hong Kong,HK,6608,
Balanced Growth,Listed equity,BAJAJ AUTO,B2QKXW0,SEDOL,India,IN,BJAUT,
Balanced Growth,Listed equity,BAJAJ FINANCE,BD2N0P2,SEDOL,,,,
Balanced Growth,Listed equity,BAKER HUGHES CO,BDHLTQ5,SEDOL,United States,US,BKR,
Balanced Growth,Listed equity,BANCA GENERALI SPA COMMON STOCK EUR 1,B1HKSV6,SEDOL,Italy,IM,BGN,
Balanced Growth,Listed equity,BANCO BBVA ARGENTINA SA ADR USD,BKT4TC7,SEDOL,United States,US,BBAR,
Balanced Growth,Listed equity,BANCO BPM,BYMD5K9,SEDOL,Italy,IM,BAMI,
Balanced Growth,Listed equity,BANCO BRADESCO ON,B00FM86,SEDOL,Brazil,BZ,BBDC3,
Balanced Growth,Listed equity,BANCO BRADESCO PN,B00FM53,SEDOL,Brazil,BZ,BBDC4,
Balanced Growth,Listed equity,BANCO BRASIL ON,2328595,SEDOL,Brazil,BZ,BBAS3,
Balanced Growth,Listed equity,BANCO BTG PACTUAL,BZBZVC7,SEDOL,Brazil,BZ,BPAC11,
Balanced Growth,Listed equity,BANCO DE CHILE,2100845,SEDOL,Chile,CI,CHILE,
Balanced Growth,Listed equity,BANCO DE CHILE ADR USD,2834252,SEDOL,United States,US,BCH,
Balanced Growth,Listed equity,BANCO DE CREDITO E INVER,2069355,SEDOL,Chile,CI,BCI,
Balanced Growth,Listed equity,BANCO SABADELL,B1X8QN2,SEDOL,Spain,SM,SAB,
Balanced Growth,Listed equity,BANCO SANTANDER,5705946,SEDOL,Spain,SM,SAN,
Balanced Growth,Listed equity,BANCOLOMBIA,BJ62K57,SEDOL,,,,
Balanced Growth,Listed equity,BANCOLOMBIA PREF,BJ62LW1,SEDOL,,,,
Balanced Growth,Listed equity,BANCOLOMBIA SA ADR,2082567,SEDOL,,,,
Balanced Growth,Listed equity,BANDAI NAMCO HOLDINGS,B0JDQD4,SEDOL,Japan,JP,7832,
Balanced Growth,Listed equity,BANGKOK DUSIT MEDICAL SERVICES PCL FOREIGN SH. THB 0.1,BLZGSM7,SEDOL,Thailand,TB,BDMS/F,
Balanced Growth,Listed equity,BANK CENTRAL ASIA,B01C1P6,SEDOL,Indonesia,IJ,BBCA,
Balanced Growth,Listed equity,BANK CIMB NIAGA TBK PT COMMON STOCK IDR 5000,B00ZNP0,SEDOL,Indonesia,IJ,BNGA,
Balanced Growth,Listed equity,BANK HAPOALIM,6075808,SEDOL,Israel,IT,POLI,
Balanced Growth,Listed equity,BANK LEUMI LE-ISRAEL,6076425,SEDOL,Israel,IT,LUMI,
Balanced Growth,Listed equity,BANK MANDIRI,6651048,SEDOL,Indonesia,IJ,BMRI,
Balanced Growth,Listed equity,BANK NEW YORK MELLON,B1Z77F6,SEDOL,United States,US,BK,
Balanced Growth,Listed equity,BANK OF AMERICA CORP,2295677,SEDOL,United States,US,BAC,
Balanced Growth,Listed equity,BANK OF BEIJING A (HK-C),BP3R2W8,SEDOL,China,C1,601169,
Balanced Growth,Listed equity,BANK OF CHANGSHA A(HK-C),BK94875,SEDOL,China,C1,601577,
Balanced Growth,Listed equity,BANK OF CHENGDU A (HK-C),BFYQHF2,SEDOL,China,C1,601838,
Balanced Growth,Listed equity,BANK OF CHINA A (HK-C),BP3R239,SEDOL,China,C1,601988,
Balanced Growth,Listed equity,BANK OF CHINA H,B154564,SEDOL,Hong Kong,HK,3988,
Balanced Growth,Listed equity,BANK OF CHONGQING CO LTD COMMON STOCK HKD 1,BFZCJC0,SEDOL,Hong Kong,HK,1963,
Balanced Growth,Listed equity,BANK OF COMMU A (HK-C),BP3R2G2,SEDOL,China,C1,601328,
Balanced Growth,Listed equity,BANK OF COMMUNICATIONS H,B0B8Z29,SEDOL,Hong Kong,HK,3328,
Balanced Growth,Listed equity,BANK OF HANGZHOU A(HK-C),BYW5MZ9,SEDOL,China,C1,600926,
Balanced Growth,Listed equity,BANK OF IRELAND GROUP PLC COMMON STOCK EUR 1,BD1RP61,SEDOL,Ireland,ID,BIRG,
Balanced Growth,Listed equity,BANK OF JIANGSU A (HK-C),BYW5MY8,SEDOL,China,C1,600919,
Balanced Growth,Listed equity,BANK OF NANJING A (HK-C),BP3R529,SEDOL,China,C1,601009,
Balanced Growth,Listed equity,BANK OF PHIL ISLANDS,6074968,SEDOL,Philippines,PM,BPI,
Balanced Growth,Listed equity,BANK OF QINGDAO CO LTD COMMON STOCK CNY 1,BHZM366,SEDOL,China,C2,002948,
Balanced Growth,Listed equity,BANK OF QUEENSLAND LTD,6076243,SEDOL,Australia,AU,BOQ,
Balanced Growth,Listed equity,BANK OF SHANGHAI A(HK-C),BD8P9J9,SEDOL,China,C1,601229,
Balanced Growth,Listed equity,BANK OF SUZHOU A (HK-C),BK71760,SEDOL,China,C2,002966,
Balanced Growth,Listed equity,BANK OF ZHENGZHOU CO LTD COMMON STOCK HKD 1,BYQ3YQ4,SEDOL,Hong Kong,HK,6196,
Balanced Growth,Listed equity,BANK PEKAO,5473113,SEDOL,Poland,PW,PEO,
Balanced Growth,Listed equity,BANK RAKYAT INDONESIA,6709099,SEDOL,Indonesia,IJ,BBRI,
Balanced Growth,Listed equity,BANNERMAN ENERGY LTD,B07DXJ1,SEDOL,Australia,AU,BMN,
Balanced Growth,Listed equity,BAOSHAN IRON A (HK-C),BP3R2Y0,SEDOL,China,C1,600019,
Balanced Growth,Listed equity,BAPCOR LIMITED,BLD2CY7,SEDOL,Australia,AU,BAP,
Balanced Growth,Listed equity,BARCLAYS,3134865,SEDOL,United Kingdom,LN,BARC,
Balanced Growth,Listed equity,BARRICK GOLD CORP,2024644,SEDOL,,,,
Balanced Growth,Listed equity,BATH & BODY WORKS,BNNTGJ5,SEDOL,United States,US,BBWI,
Balanced Growth,Listed equity,BAYER,5069211,SEDOL,Germany,GR,BAYN,
Balanced Growth,Listed equity,BAYERISCHE MOTOREN WERKE AG COMMON STOCK EUR 1,B23V5Q4,SEDOL,Italy,IM,1BMW,
Balanced Growth,Listed equity,BB SEGURIDADE PART ON,B9N3SQ0,SEDOL,Brazil,BZ,BBSE3,
Balanced Growth,Listed equity,BBVA,5501906,SEDOL,Spain,SM,BBVA,
Balanced Growth,Listed equity,BCO SANTANDER CHILE (NEW,2000257,SEDOL,Chile,CI,BSAN,
Balanced Growth,Listed equity,BDO UNIBANK,B5VJH76,SEDOL,Philippines,PM,BDO,
Balanced Growth,Listed equity,BEACH ENERGY LIMITED,6088204,SEDOL,Australia,AU,BPT,
Balanced Growth,Listed equity,BEACON LIGHTING GROUP LTD COMMON STOCK AUD 0,BKXF175,SEDOL,Australia,AU,BLX,
Balanced Growth,Listed equity,BEACON ROOFING SUPPLY INC COMMON STOCK USD 0.01,B02TS99,SEDOL,,,,
Balanced Growth,Listed equity,BECTON DICKINSON,2087807,SEDOL,United States,US,BDX,
Balanced Growth,Listed equity,BEGA CHEESE LTD,B56CQJ5,SEDOL,Australia,AU,BGA,
Balanced Growth,Listed equity,BEIGENE ADR (CN),BYYWPW6,SEDOL,United States,US,ONC,
Balanced Growth,Listed equity,BEIJING AOSAIKANG PHARMACEUTICAL CO LTD COMMON STOCK CNY 1,BKDQ7Z8,SEDOL,China,C2,002755,
Balanced Growth,Listed equity,BEIJING ENTERPRISES HLDG,6081690,SEDOL,Hong Kong,HK,392,
Balanced Growth,Listed equity,BEIJING ORIENT NATIONAL COMMUNICATION SCIENCE & TECHNOLOGY C,BD5CFD9,SEDOL,China,C2,300166,
Balanced Growth,Listed equity,BEIJING SHANGHAI A(HK-C),BL58M76,SEDOL,China,C1,601816,
Balanced Growth,Listed equity,BEIJING SIFANG AUTOMATION CO LTD COMMON STOCK CNY 1,BP3RFT6,SEDOL,China,C1,601126,
Balanced Growth,Listed equity,BEIJING TEAMSUN TECHNOLOGY CO LTD COMMON STOCK CNY 1,BP3RFM9,SEDOL,China,C1,600410,
Balanced Growth,Listed equity,BELLEVUE GOLD LTD,BFZ31P0,SEDOL,Australia,AU,BGL,
Balanced Growth,Listed equity,BENEFIT SYSTEMS SA COMMON STOCK PLN 1,B4XY9X2,SEDOL,Poland,PW,BFT,
Balanced Growth,Listed equity,BERKLEY (W.R.) CORP,2093644,SEDOL,United States,US,WRB,
Balanced Growth,Listed equity,BERKSHIRE HATHAWAY B,2073390,SEDOL,United States,US,BRK/B,
Balanced Growth,Listed equity,BEST BUY CO,2094670,SEDOL,United States,US,BBY,
Balanced Growth,Listed equity,BET SHEMESH ENGINES HOLDINGS 1997 LTD COMMON STOCK ILS 1,6103936,SEDOL,Israel,IT,BSEN,
Balanced Growth,Listed equity,BEYONDSOFT CORP COMMON STOCK CNY 1,BD5C799,SEDOL,China,C2,002649,
Balanced Growth,Listed equity,BGF RETAIL (NEW),BD95QN1,SEDOL,South Korea,KS,282330,
Balanced Growth,Listed equity,BHARAT ELECTRONICS LTD COMMON STOCK INR 1,BF1THH6,SEDOL,India,IN,BHE,
Balanced Growth,Listed equity,BHARAT PETROLEUM CORP,6099723,SEDOL,India,IN,BPCL,
Balanced Growth,Listed equity,BHARTI AIRTEL,6442327,SEDOL,India,IN,BHARTI,
Balanced Growth,Listed equity,BHARTI HEXACOM LTD COMMON STOCK INR 5,BMDR2V6,SEDOL,India,IN,BHARTIHE,
Balanced Growth,Listed equity,BHP GROUP (AU),6144690,SEDOL,Australia,AU,BHP,
Balanced Growth,Listed equity,BID CORPORATION,BZBFKT7,SEDOL,South Africa,SJ,BID,
Balanced Growth,Listed equity,BIDVEST GROUP,6100089,SEDOL,South Africa,SJ,BVT,
Balanced Growth,Listed equity,BIONTECH SE ADR USD,BK6H543,SEDOL,United States,US,BNTX,
Balanced Growth,Listed equity,BK SANTANDER BRASIL UNIT,B4V5RY4,SEDOL,Brazil,BZ,SANB11,
Balanced Growth,Listed equity,BKI HOLDINGS PCL FOREIGN SH. THB 10,BS0BB49,SEDOL,Thailand,TB,BKIH/F,
Balanced Growth,Listed equity,BKW AG COMMON STOCK CHF 2.5,B76D410,SEDOL,Switzerland,SW,BKW,
Balanced Growth,Listed equity,BLACK CAT SYNDICATE LTD COMMON STOCK AUD,BFX28Y7,SEDOL,Australia,AU,BC8,
Balanced Growth,Listed equity,BLACKSTONE GROUP,BKF2SL7,SEDOL,United States,US,BX,
Balanced Growth,Listed equity,BLOCK,BYNZGK1,SEDOL,United States,US,XYZ,
Balanced Growth,Listed equity,BLOCK INC CDI AUD,BMHJ8W1,SEDOL,,,,
Balanced Growth,Listed equity,BLUESCOPE STEEL,6533232,SEDOL,Australia,AU,BSL,
Balanced Growth,Listed equity,BLUESTAR ADISSEO CO COMMON STOCK CNY 1,BYV1QK1,SEDOL,China,C1,600299,
Balanced Growth,Listed equity,BMW VORZUG,5756030,SEDOL,Germany,GR,BMW3,
Balanced Growth,Listed equity,BNK FINANCIAL GROUP,B3S98W7,SEDOL,South Korea,KS,138930,
Balanced Growth,Listed equity,BNP PARIBAS,7309681,SEDOL,France,FP,BNP,
Balanced Growth,Listed equity,BOC HONG KONG HOLDINGS,6536112,SEDOL,Hong Kong,HK,2388,
Balanced Growth,Listed equity,BOOKING HOLDINGS,BDRXDB4,SEDOL,United States,US,BKNG,
Balanced Growth,Listed equity,BOOZ ALLEN HAMILTON A,B5367T7,SEDOL,United States,US,BAH,
Balanced Growth,Listed equity,BORALEX INC COMMON STOCK CAD 0,2099084,SEDOL,Canada,CN,BLX,
Balanced Growth,Listed equity,BOROUGE PLC,BN2SB32,SEDOL,United Arab Emirates,UH,BOROUGE,
Balanced Growth,Listed equity,BOSIDENG INTL HLDGS,B24FZ32,SEDOL,Hong Kong,HK,3998,
Balanced Growth,Listed equity,BOSS ENERGY LTD,B1XLCQ6,SEDOL,Australia,AU,BOE,
Balanced Growth,Listed equity,BOSTON SCIENTIFIC CORP,2113434,SEDOL,United States,US,BSX,
Balanced Growth,Listed equity,BP,798059,SEDOL,United Kingdom,LN,BP/,
Balanced Growth,Listed equity,BRAMBLES,B1FJ0C0,SEDOL,Australia,AU,BXB,
Balanced Growth,Listed equity,BRAVURA SOLUTIONS LIMITED,BZBHBM3,SEDOL,Australia,AU,BVS,
Balanced Growth,Listed equity,BRAZILIAN RARE EARTHS LTD COMMON STOCK AUD,BMVMLB6,SEDOL,Australia,AU,BRE,
Balanced Growth,Listed equity,BREVILLE GROUP LTD,6158709,SEDOL,Australia,AU,BRG,
Balanced Growth,Listed equity,BRILLIANCE CHINA AUTO,6181482,SEDOL,Hong Kong,HK,1114,
Balanced Growth,Listed equity,BRISTOL-MYERS SQUIBB CO,2126335,SEDOL,United States,US,BMY,
Balanced Growth,Listed equity,BRITANNIA INDUSTRIES,BGSQG47,SEDOL,India,IN,BRIT,
Balanced Growth,Listed equity,BROADCOM,BDZ78H9,SEDOL,United States,US,AVGO,
Balanced Growth,Listed equity,BROADRIDGE FINANCIAL,B1VP7R6,SEDOL,United States,US,BR,
Balanced Growth,Listed equity,BROOKFIELD RENEWABLE CORP COMMON STOCK CAD,BSQLLY3,SEDOL,Canada,CN,BEPC,
Balanced Growth,Listed equity,BROS EASTERN CO LTD COMMON STOCK CNY 1,BTFRHP2,SEDOL,China,C1,601339,
Balanced Growth,Listed equity,BROTHER INDUSTRIES,6146500,SEDOL,Japan,JP,6448,
Balanced Growth,Listed equity,BRUNSWICK CORP/DE COMMON STOCK USD 0.75,2149309,SEDOL,United States,US,BC,
Balanced Growth,Listed equity,BT GROUP,3091357,SEDOL,United Kingdom,LN,BT/A,
Balanced Growth,Listed equity,BUDIMEX,4149330,SEDOL,Poland,PW,BDX,
Balanced Growth,Listed equity,BUILDERS FIRSTSOURCE,B0BV2M7,SEDOL,United States,US,BLDR,
Balanced Growth,Listed equity,BUNGE GLOBAL,BQ6BPG9,SEDOL,United States,US,BG,
Balanced Growth,Listed equity,BUNZL,B0744B3,SEDOL,United Kingdom,LN,BNZL,
Balanced Growth,Listed equity,BUPA ARABIA FOR COPR INS,B2RLCR0,SEDOL,Saudi Arabia,AB,BUPA,
Balanced Growth,Listed equity,BUREAU VERITAS SA,B28DTJ6,SEDOL,France,FP,BVI,
Balanced Growth,Listed equity,BURJEEL HOLDINGS PLC COMMON STOCK AED 0.1,BQ1LDD7,SEDOL,United Arab Emirates,UH,BURJEEL,
Balanced Growth,Listed equity,BURLINGTON STORES,BF311Y5,SEDOL,United States,US,BURL,
Balanced Growth,Listed equity,BURSA MALAYSIA BHD COMMON STOCK MYR 0,B06FV38,SEDOL,Malaysia,MK,BURSA,
Balanced Growth,Listed equity,BUZZI SPA COMMON STOCK EUR 0,5782206,SEDOL,Italy,IM,BZU,
Balanced Growth,Listed equity,BYD CO H,6536651,SEDOL,Hong Kong,HK,1211,
Balanced Growth,Listed equity,BYD ELECTRONIC INTL,B29SHS5,SEDOL,Hong Kong,HK,285,
Balanced Growth,Listed equity,C&A MODAS SA COMMON STOCK BRL,BKPHNH3,SEDOL,Brazil,BZ,CEAB3,
Balanced Growth,Listed equity,CADENCE DESIGN SYSTEMS,2302232,SEDOL,United States,US,CDNS,
Balanced Growth,Listed equity,CAIXA SEGURIDADE PAR,BMDWWN3,SEDOL,Brazil,BZ,CXSE3,
Balanced Growth,Listed equity,CAIXABANK,B283W97,SEDOL,Spain,SM,CABK,
Balanced Growth,Listed equity,CANADIAN NAT RESOURCES,2171573,SEDOL,Canada,CT,CNQ,
Balanced Growth,Listed equity,CANADIAN NATIONAL RAILWAY CO COMMON STOCK CAD 0,2210959,SEDOL,United States,US,CNI,
Balanced Growth,Listed equity,CANADIAN NATL RAILWAY,2180632,SEDOL,Canada,CN,CNR,
Balanced Growth,Listed equity,CANADIAN TIRE CORP A,2172286,SEDOL,Canada,CN,CTC/A,
Balanced Growth,Listed equity,CANARA BANK,BS5WYP9,SEDOL,India,IN,CBK,
Balanced Growth,Listed equity,CANON INC,6172323,SEDOL,Japan,JP,7751,
Balanced Growth,Listed equity,CAP SA COMMON STOCK CLP 0,2174312,SEDOL,Chile,CI,CAP,
Balanced Growth,Listed equity,CAPCOM CO,6173694,SEDOL,Japan,JP,9697,
Balanced Growth,Listed equity,CAPGEMINI,4163437,SEDOL,France,FP,CAP,
Balanced Growth,Listed equity,CAPITAL ONE FINANCIAL,2654461,SEDOL,United States,US,COF,
Balanced Growth,Listed equity,CAPITAL SECURIT A (HK-C),BPXYT73,SEDOL,China,C1,601136,
Balanced Growth,Listed equity,CAPITEC BANK HOLDINGS,6440859,SEDOL,South Africa,SJ,CPI,
Balanced Growth,Listed equity,CAPRAL LTD COMMON STOCK AUD 0,6013972,SEDOL,Australia,AU,CAA,
Balanced Growth,Listed equity,CAPRICORN METALS LTD,BDD98W2,SEDOL,Australia,AU,CMM,
Balanced Growth,Listed equity,CAPSTONE COPPER CORP CDI,BQXH1K6,SEDOL,Australia,AU,CSC,
Balanced Growth,Listed equity,CAR GROUP,BW0BGZ3,SEDOL,Australia,AU,CAR,
Balanced Growth,Listed equity,CARAVEL MINERALS LTD COMMON STOCK AUD 0,B90KY77,SEDOL,Australia,AU,CVV,
Balanced Growth,Listed equity,CARDINAL HEALTH,2175672,SEDOL,United States,US,CAH,
Balanced Growth,Listed equity,CARLISLE COS,2176318,SEDOL,United States,US,CSL,
Balanced Growth,Listed equity,CARNABY RESOURCES LTD COMMON STOCK AUD,BKB0C46,SEDOL,Australia,AU,CNB,
Balanced Growth,Listed equity,CARNARVON ENERGY LIMITED,6110497,SEDOL,Australia,AU,CVN,
Balanced Growth,Listed equity,CARNIVAL CORP (US),2523044,SEDOL,United States,US,CCL,
Balanced Growth,Listed equity,CARREFOUR,5641567,SEDOL,France,FP,CA,
Balanced Growth,Listed equity,CARVANA A,BYQHPG3,SEDOL,United States,US,CVNA,
Balanced Growth,Listed equity,CATALYST METALS LTD COMMON STOCK AUD 0,B17P5V0,SEDOL,Australia,AU,CYL,
Balanced Growth,Listed equity,CATAPULT GROUP INTERNATIONAL LTD COMMON STOCK AUD,BTL0Y76,SEDOL,Australia,AU,CAT,
Balanced Growth,Listed equity,CATCHER TECH CO,6186669,SEDOL,Taiwan,TT (Taiwan Stock Exchange),2474,
Balanced Growth,Listed equity,CATERPILLAR,2180201,SEDOL,United States,US,CAT,
Balanced Growth,Listed equity,CATHAY FINANCIAL HOLDING,6425663,SEDOL,Taiwan,TT (Taiwan Stock Exchange),2882,
Balanced Growth,Listed equity,CBOE GLOBAL MARKETS,B5834C5,SEDOL,United States,US,CBOE,
Balanced Growth,Listed equity,CBRE GROUP,B6WVMH3,SEDOL,United States,US,CBRE,
Balanced Growth,Listed equity,CCL INDUSTRIES B,2159795,SEDOL,Canada,CN,CCL/B,
Balanced Growth,Listed equity,CDW CORP,BBM5MD6,SEDOL,United States,US,CDW,
Balanced Growth,Listed equity,CELLNEX TELECOM,BX90C05,SEDOL,Spain,SM,CLNX,
Balanced Growth,Listed equity,CEMEX SAB DE CV ADR USD 0,2488671,SEDOL,United States,US,CX,
Balanced Growth,Listed equity,CEMIG PN,B1YBRG0,SEDOL,Brazil,BZ,CMIG4,
Balanced Growth,Listed equity,CENCORA,2795393,SEDOL,United States,US,COR,
Balanced Growth,Listed equity,CENCOSUD,B00R3L2,SEDOL,Chile,CI,CENCOSUD,
Balanced Growth,Listed equity,CENOVUS ENERGY,B57FG04,SEDOL,Canada,CN,CVE,
Balanced Growth,Listed equity,CENOVUS ENERGY INC COMMON STOCK CAD 0,B5BQMT4,SEDOL,United States,US,CVE,
Balanced Growth,Listed equity,CENTENE CORP,2807061,SEDOL,United States,US,CNC,
Balanced Growth,Listed equity,CENTRICA,B033F22,SEDOL,United Kingdom,LN,CNA,
Balanced Growth,Listed equity,CEZ CESKE ENER ZAVODY,5624030,SEDOL,Czech Republic,CP,CEZ,
Balanced Growth,Listed equity,CF INDUSTRIES HOLDINGS,B0G4K50,SEDOL,United States,US,CF,
Balanced Growth,Listed equity,CGI A,BJ2L575,SEDOL,Canada,CN,GIB/A,
Balanced Growth,Listed equity,CGI INC COMMON STOCK CAD 0,BJ2L553,SEDOL,United States,US,GIB,
Balanced Growth,Listed equity,CH ROBINSON WORLDWIDE,2116228,SEDOL,United States,US,CHRW,
Balanced Growth,Listed equity,CHAILEASE HOLDING,B58J1S8,SEDOL,Taiwan,TT (Taiwan Stock Exchange),5871,
Balanced Growth,Listed equity,CHALICE MINING LTD,B0ZGW28,SEDOL,Australia,AU,CHN,
Balanced Growth,Listed equity,CHAMPION IRON LIMITED,BLD1SB3,SEDOL,Australia,AU,CIA,
Balanced Growth,Listed equity,CHANGHONG MEILING CO LTD COMMON STOCK CNY 1,BPDWSH0,SEDOL,China,C2,000521,
Balanced Growth,Listed equity,CHANGJIANG SEC A (HK-C),BD5CP40,SEDOL,China,C2,000783,
Balanced Growth,Listed equity,CHAROEN POKPHAND FOODS PCL FOREIGN SH. THB 1,B5L2DG6,SEDOL,Thailand,TB,CPF/F,
Balanced Growth,Listed equity,CHARTER COMM A (NEW),BZ6VT82,SEDOL,United States,US,CHTR,
Balanced Growth,Listed equity,Chartwell Retirement Residences,B8S8C94,SEDOL,Canada,CN,CSH-U,
Balanced Growth,Listed equity,CHECK POINT SOFTW (USD),2181334,SEDOL,United States,US,CHKP,
Balanced Growth,Listed equity,CHEVRON CORP,2838555,SEDOL,United States,US,CVX,
Balanced Growth,Listed equity,CHINA BOHAI BANK CO H,BMQ8Q14,SEDOL,Hong Kong,HK,9668,
Balanced Growth,Listed equity,CHINA CINDA ASSET MGMT H,BGY6SV2,SEDOL,Hong Kong,HK,1359,
Balanced Growth,Listed equity,CHINA CITIC BANK H,B1W0JF2,SEDOL,Hong Kong,HK,998,
Balanced Growth,Listed equity,CHINA CITIC BK A (HK-C),BP3R2H3,SEDOL,China,C1,601998,
Balanced Growth,Listed equity,CHINA COAL ENERGY H,B1JNK84,SEDOL,Hong Kong,HK,1898,
Balanced Growth,Listed equity,CHINA COMMU SERVICES H,B1HVJ16,SEDOL,Hong Kong,HK,552,
Balanced Growth,Listed equity,CHINA CONSTRUCTION BK H,B0LMTQ3,SEDOL,Hong Kong,HK,939,
Balanced Growth,Listed equity,CHINA CSSC HLDG A (HK-C),BP3R4N3,SEDOL,China,C1,600150,
Balanced Growth,Listed equity,CHINA DEVELOPMENT BANK FINANCIAL LEASING CO LTD COMMON STOCK,BD8CRP2,SEDOL,Hong Kong,HK,1606,
Balanced Growth,Listed equity,CHINA EASTERN AIRLINES CORP LTD COMMON STOCK CNY 1,BP3R5X0,SEDOL,China,C1,600115,
Balanced Growth,Listed equity,CHINA EVERBRIGHT BANK H,B5NRRJ0,SEDOL,Hong Kong,HK,6818,
Balanced Growth,Listed equity,CHINA EVERBRIGHT ENVIRONMENT GROUP LTD COMMON STOCK HKD 0,6630940,SEDOL,Hong Kong,HK,257,
Balanced Growth,Listed equity,CHINA FEIHE,BK0SBL1,SEDOL,Hong Kong,HK,6186,
Balanced Growth,Listed equity,CHINA GALAXY SEC H,B92NYF2,SEDOL,Hong Kong,HK,6881,
Balanced Growth,Listed equity,CHINA HONGQIAO GROUP,B44ZV94,SEDOL,Hong Kong,HK,1378,
Balanced Growth,Listed equity,CHINA INTERNATIONAL MARINE CONTAINERS GROUP CO LTD COMMON ST,B87RSJ4,SEDOL,Hong Kong,HK,2039,
Balanced Growth,Listed equity,CHINA INTL CPTL CORP H,BZ169C6,SEDOL,Hong Kong,HK,3908,
Balanced Growth,Listed equity,CHINA JINMAO HLDGS GROUP,B23TGR6,SEDOL,Hong Kong,HK,817,
Balanced Growth,Listed equity,CHINA LESSO GROUP HLDGS,BCDBKF8,SEDOL,Hong Kong,HK,2128,
Balanced Growth,Listed equity,CHINA LIFE INSURANCE H,6718976,SEDOL,Hong Kong,HK,2628,
Balanced Growth,Listed equity,CHINA MENGNIU DAIRY CO,B01B1L9,SEDOL,Hong Kong,HK,2319,
Balanced Growth,Listed equity,CHINA MERCH ENER A(HK-C),BP3R8G4,SEDOL,China,C1,601872,
Balanced Growth,Listed equity,CHINA MERCH SEC A (HK-C),BP3R303,SEDOL,China,C1,600999,
Balanced Growth,Listed equity,CHINA MERCHANTS BANK H,B1DYPZ5,SEDOL,Hong Kong,HK,3968,
Balanced Growth,Listed equity,CHINA MERCHANTS PORT,6416139,SEDOL,Hong Kong,HK,144,
Balanced Growth,Listed equity,CHINA MERCHANTS PORT GROUP CO LTD COMMON STOCK CNY 1,BD25NM6,SEDOL,China,C2,001872,
Balanced Growth,Listed equity,CHINA MINSHENG BANK H,B57JY24,SEDOL,Hong Kong,HK,1988,
Balanced Growth,Listed equity,CHINA NATL BUILDING H,B0Y91C1,SEDOL,Hong Kong,HK,3323,
Balanced Growth,Listed equity,CHINA OILFIELD SVCS H,6560995,SEDOL,Hong Kong,HK,2883,
Balanced Growth,Listed equity,CHINA OVERSEAS GRAND OCEANS GROUP LTD COMMON STOCK HKD 0,6803247,SEDOL,Hong Kong,HK,81,
Balanced Growth,Listed equity,CHINA OVERSEAS LAND &INV,6192150,SEDOL,Hong Kong,HK,688,
Balanced Growth,Listed equity,CHINA PACIFIC INS GRP H,B2Q5H56,SEDOL,Hong Kong,HK,2601,
Balanced Growth,Listed equity,CHINA RAILWAY GROUP H,B297KM7,SEDOL,Hong Kong,HK,390,
Balanced Growth,Listed equity,CHINA REINSURANCE (GRP)H,BYYN347,SEDOL,Hong Kong,HK,1508,
Balanced Growth,Listed equity,CHINA RESOURCES CEMENT,B41XC98,SEDOL,Hong Kong,HK,1313,
Balanced Growth,Listed equity,CHINA RESOURCES LAND,6193766,SEDOL,Hong Kong,HK,1109,
Balanced Growth,Listed equity,CHINA RESOURCES PHARMA,BYNGG26,SEDOL,Hong Kong,HK,3320,
Balanced Growth,Listed equity,CHINA SHENHUA ENERGY H,B09N7M0,SEDOL,Hong Kong,HK,1088,
Balanced Growth,Listed equity,CHINA STATE CON A (HK-C),BP3R2Q2,SEDOL,China,C1,601668,
Balanced Growth,Listed equity,CHINA STATE CONSTRUCTION,B0BM5T8,SEDOL,Hong Kong,HK,3311,
Balanced Growth,Listed equity,CHINA TAIPING INSURANCE,6264048,SEDOL,Hong Kong,HK,966,
Balanced Growth,Listed equity,CHINA TOWER CORP H,BFZ2PK0,SEDOL,,,,
Balanced Growth,Listed equity,CHINA VANKE CO H,BN320P8,SEDOL,Hong Kong,HK,2202,
Balanced Growth,Listed equity,CHINA XD ELEC A (HK-C),BP3R671,SEDOL,China,C1,601179,
Balanced Growth,Listed equity,CHINA YANGTZE A (HK-C),BP3R2M8,SEDOL,China,C1,600900,
Balanced Growth,Listed equity,CHINA YONGDA AUTOMOBILES SERVICES HOLDINGS LTD COMMON STOCK,B8F2T65,SEDOL,Hong Kong,HK,3669,
Balanced Growth,Listed equity,CHINA ZHESHANG A (HK-C),BK96BF0,SEDOL,China,C1,601916,
Balanced Growth,Listed equity,CHINA ZHESHANG BANK CO LTD COMMON STOCK HKD 1,BZ3T5T2,SEDOL,Hong Kong,HK,2016,
Balanced Growth,Listed equity,CHIPOTLE MEXICAN GRILL A,B0X7DZ3,SEDOL,United States,US,CMG,
Balanced Growth,Listed equity,CHOLAMANDALAM INV & FIN,BJ9K2H4,SEDOL,India,IN,CIFC,
Balanced Growth,Listed equity,CHONGQING RURAL A (HK-C),BJLWMG7,SEDOL,China,C1,601077,
Balanced Growth,Listed equity,CHONGQING RURAL COMM H,B4Q1Y57,SEDOL,Hong Kong,HK,3618,
Balanced Growth,Listed equity,CHORUS LTD.,B54F6S5,SEDOL,Australia,AU,CNU,
Balanced Growth,Listed equity,CHOW TAI FOOK (CN),B4R39F7,SEDOL,Hong Kong,HK,1929,
Balanced Growth,Listed equity,CHRYSOS CORP LTD COMMON STOCK AUD,BPNXX01,SEDOL,Australia,AU,C79,
Balanced Growth,Listed equity,CHUBB,B3BQMF6,SEDOL,United States,US,CB,
Balanced Growth,Listed equity,CHUBU ELECTRIC POWER CO,6195609,SEDOL,Japan,JP,9502,
Balanced Growth,Listed equity,CIA PARANA ENERGIA,2192831,SEDOL,Brazil,BZ,CPLE3,
Balanced Growth,Listed equity,CIA SUD AMERICANA,2196338,SEDOL,Chile,CI,VAPORES,
Balanced Growth,Listed equity,CIENA CORP COMMON STOCK USD 0.01,B1FLZ21,SEDOL,United States,US,CIEN,
Balanced Growth,Listed equity,CIFI HOLDINGS GROUP CO,B8Z00N3,SEDOL,Hong Kong,HK,884,
Balanced Growth,Listed equity,CIMB GROUP HOLDINGS,6075745,SEDOL,Malaysia,MK,CIMB,
Balanced Growth,Listed equity,CINTAS CORP,2197137,SEDOL,United States,US,CTAS,
Balanced Growth,Listed equity,CIPLA,B011108,SEDOL,India,IN,CIPLA,
Balanced Growth,Listed equity,CISCO SYSTEMS,2198163,SEDOL,United States,US,CSCO,
Balanced Growth,Listed equity,CITIC SECURITIES CO H,B6SPB49,SEDOL,Hong Kong,HK,6030,
Balanced Growth,Listed equity,CITIGROUP GLOBAL MARKETS HOLDINGS INC/UNITED STATES EQUITY W,BFYTT00,SEDOL,Ireland,ID,CITIC12M,
Balanced Growth,Listed equity,CJ CHEILJEDANG CORP,B2492F5,SEDOL,South Korea,KS,097950,
Balanced Growth,Listed equity,CJ CORP,6189516,SEDOL,South Korea,KS,001040,
Balanced Growth,Listed equity,CK HUTCHISON HOLDINGS,BW9P816,SEDOL,Hong Kong,HK,1,
Balanced Growth,Listed equity,CLARIANT,7113990,SEDOL,Switzerland,SW,CLN,
Balanced Growth,Listed equity,CLEANAWAY WASTE MANAGEMENT,BYQ8KW7,SEDOL,Australia,AU,CWY,
Balanced Growth,Listed equity,CLICKS GROUP,6105578,SEDOL,South Africa,SJ,CLS,
Balanced Growth,Listed equity,CLINUVEL PHARMACEUTICALS LIMITED,6328405,SEDOL,Australia,AU,CUV,
Balanced Growth,Listed equity,CLOUDFLARE A,BJXC5M2,SEDOL,United States,US,NET,
Balanced Growth,Listed equity,CME GROUP,2965839,SEDOL,United States,US,CME,
Balanced Growth,Listed equity,CMOC GROUP H,B1VRCG6,SEDOL,Hong Kong,HK,3993,
Balanced Growth,Listed equity,CNH INDUSTRIAL (US),BDX85Z1,SEDOL,United States,US,CNH,
Balanced Growth,Listed equity,CO FOR COOPERATIVE INS,B128FN6,SEDOL,Saudi Arabia,AB,TAWUNIYA,
Balanced Growth,Listed equity,COAL INDIA,B4Z9XF5,SEDOL,India,IN,COAL,
Balanced Growth,Listed equity,COBRAM ESTATE OLIVES LTD COMMON STOCK AUD,BKVC4C4,SEDOL,Australia,AU,CBO,
Balanced Growth,Listed equity,COCA COLA (THE),2206657,SEDOL,United States,US,KO,
Balanced Growth,Listed equity,COCA-COLA FEMSA SAB DE CV ADR USD 0,2193317,SEDOL,United States,US,KOF,
Balanced Growth,Listed equity,COCA-COLA FEMSA UBL,BHHP0S4,SEDOL,Mexico,MM,KOFUBL,
Balanced Growth,Listed equity,COCA-COLA HBC CDI,B9895B7,SEDOL,United Kingdom,LN,CCH,
Balanced Growth,Listed equity,COCHLEAR,6211798,SEDOL,Australia,AU,COH,
Balanced Growth,Listed equity,CODAN LIMITED,6712611,SEDOL,Australia,AU,CDA,
Balanced Growth,Listed equity,COGNIZANT TECH SOLUTIONS,2257019,SEDOL,United States,US,CTSH,
Balanced Growth,Listed equity,COLES,BYWR0T5,SEDOL,Australia,AU,COL,
Balanced Growth,Listed equity,COLGATE-PALMOLIVE,2209106,SEDOL,United States,US,CL,
Balanced Growth,Listed equity,COLLINS FOODS LTD,B6QCFP1,SEDOL,Australia,AU,CKF,
Balanced Growth,Listed equity,COMCAST CORP A (NEW),2044545,SEDOL,United States,US,CMCSA,
Balanced Growth,Listed equity,COMMERCIAL BANK OF QATAR,6150448,SEDOL,Qatar,QD,CBQK,
Balanced Growth,Listed equity,COMMERCIAL INTERNATIONAL BANK - EGYPT (CIB) GDR USD 10,5668287,SEDOL,United Kingdom,LI,CBKD,
Balanced Growth,Listed equity,COMMONWEALTH BANK OF AUS,6215035,SEDOL,Australia,AU,CBA,
Balanced Growth,Listed equity,COMPAL ELECTRONICS,6225744,SEDOL,Taiwan,TT (Taiwan Stock Exchange),2324,
Balanced Growth,Listed equity,COMPASS GROUP,BD6K457,SEDOL,United Kingdom,LN,CPG,
Balanced Growth,Listed equity,CONAGRA BRANDS,2215460,SEDOL,United States,US,CAG,
Balanced Growth,Listed equity,CONOCOPHILLIPS,2685717,SEDOL,United States,US,COP,
Balanced Growth,Listed equity,CONRAD ASIA ENERGY LTD CDI,BMFX148,SEDOL,Australia,AU,CRD,
Balanced Growth,Listed equity,CONSTELLATION ENERGY,BMH4FS1,SEDOL,United States,US,CEG,
Balanced Growth,Listed equity,CONSTELLATION SOFTWARE,B15C4L6,SEDOL,Canada,CN,CSU,
Balanced Growth,Listed equity,CONTAINER CORP OF INDIA,BG0ZVG9,SEDOL,India,IN,CCRI,
Balanced Growth,Listed equity,CONTEMPORARY AMP A(HK-C),BHQPSY7,SEDOL,China,C2,300750,
Balanced Growth,Listed equity,CONTINENTAL,4598589,SEDOL,Germany,GR,CON,
Balanced Growth,Listed equity,COPART,2208073,SEDOL,United States,US,CPRT,
Balanced Growth,Listed equity,COREBRIDGE FINANCIAL,BMTX0G9,SEDOL,United States,US,CRBG,
Balanced Growth,Listed equity,CORECIVIC INC,BZ8VC58,SEDOL,United States,US,CXW,
Balanced Growth,Listed equity,CORONADO GLOBAL RESOURCES INC (CDI),BGV71W0,SEDOL,Australia,AU,CRN,
Balanced Growth,Listed equity,CORONADO GLOBAL RESOURCES INC CDI AUD,AU0000026122,ISIN,Australia,,,CRN.AX
Balanced Growth,Listed equity,CORP INMOBILIARIA VESTA SAB DE CV ADR USD,BMDHMR2,SEDOL,United States,US,VTMX,
Balanced Growth,Listed equity,COSCO SHIP HLDG A (HK-C),BP3R552,SEDOL,China,C1,601919,
Balanced Growth,Listed equity,COSCO SHIPPING HLDGS H,B0B8Z18,SEDOL,Hong Kong,HK,1919,
Balanced Growth,Listed equity,COSCO SHIPPING INTERNATIONAL HONG KONG CO LTD COMMON STOCK H,6806280,SEDOL,Hong Kong,HK,517,
Balanced Growth,Listed equity,COSCO SHIPPING SPECIALIZED CARRIERS CO LTD COMMON STOCK CNY,BP3RGR1,SEDOL,China,C1,600428,
Balanced Growth,Listed equity,COSTCO WHOLESALE CORP,2701271,SEDOL,United States,US,COST,
Balanced Growth,Listed equity,COTERRA ENERGY,2162340,SEDOL,United States,US,CTRA,
Balanced Growth,Listed equity,COUNTRY GARDEN HLDGS,B1VKYN6,SEDOL,Hong Kong,HK,2007,
Balanced Growth,Listed equity,COUPANG INC COMMON STOCK USD 0.0001,BNYHDF3,SEDOL,United States,US,CPNG,
Balanced Growth,Listed equity,COWAY,6173401,SEDOL,South Korea,KS,021240,
Balanced Growth,Listed equity,CP ALL PCL COMMON STOCK THB 1,B08YDG0,SEDOL,Thailand,TB,CPALL,
Balanced Growth,Listed equity,CP ALL PCL FOREIGN SH. THB 1,B08YDF9,SEDOL,Thailand,TB,CPALL/F,
Balanced Growth,Listed equity,CP KANSAS CITY,BMBQR09,SEDOL,Canada,CN,CP,
Balanced Growth,Listed equity,CPFL ENERGIA ON,B031NN3,SEDOL,Brazil,BZ,CPFE3,
Balanced Growth,Listed equity,CREDICORP,2232878,SEDOL,United States,US,BAP,
Balanced Growth,Listed equity,CREDIT AGRICOLE,7262610,SEDOL,France,FP,ACA,
Balanced Growth,Listed equity,CRH  (US),B01ZKD6,SEDOL,United States,US,CRH,
Balanced Growth,Listed equity,CROSS PLUS INC COMMON STOCK JPY,B00GW67,SEDOL,Japan,JP,3320,
Balanced Growth,Listed equity,CROWDSTRIKE HLDGS A,BJJP138,SEDOL,United States,US,CRWD,
Balanced Growth,Listed equity,CRRC CORP H,B2R2ZC9,SEDOL,Hong Kong,HK,1766,
Balanced Growth,Listed equity,CSE GLOBAL LTD COMMON STOCK SGD 0,6143998,SEDOL,Singapore,SP,CSE,
Balanced Growth,Listed equity,CSL,6185495,SEDOL,Australia,AU,CSL,
Balanced Growth,Listed equity,CSX CORP,2160753,SEDOL,United States,US,CSX,
Balanced Growth,Listed equity,CTBC FINANCIAL HOLDING,6527666,SEDOL,Taiwan,TT (Taiwan Stock Exchange),2891,
Balanced Growth,Listed equity,CUMMINS,2240202,SEDOL,United States,US,CMI,
Balanced Growth,Listed equity,CUSCAL LTD COMMON STOCK AUD,BSKNPH6,SEDOL,Australia,AU,CCL,
Balanced Growth,Listed equity,CVS HEALTH,2577609,SEDOL,United States,US,CVS,
Balanced Growth,Listed equity,CYBERARK SOFTWARE (USD),BQT3XY6,SEDOL,United States,US,CYBR,
Balanced Growth,Listed equity,CYBERPOWER SYSTEMS INC COMMON STOCK TWD 10,B2QZ4K0,SEDOL,Taiwan,TT (Taiwan Stock Exchange),3617,
Balanced Growth,Listed equity,CYFROWY POLSAT SA,B2QRCM4,SEDOL,Poland,PW,CPS,
Balanced Growth,Listed equity,D'IETEREN GROUP COMMON STOCK EUR 0,4247494,SEDOL,Belgium,BB,DIE,
Balanced Growth,Listed equity,DABUR INDIA,6297356,SEDOL,India,IN,DABUR,
Balanced Growth,Listed equity,DAI ICHI LIFE HOLDINGS,B601QS4,SEDOL,Japan,JP,8750,
Balanced Growth,Listed equity,DAIICHI SANKYO CO,B0J7D91,SEDOL,Japan,JP,4568,
Balanced Growth,Listed equity,DAITO TRUST CONSTRUCTION,6250508,SEDOL,Japan,JP,1878,
Balanced Growth,Listed equity,DAIWA SECURITIES GROUP,6251448,SEDOL,Japan,JP,8601,
Balanced Growth,Listed equity,DANAHER CORP,2250870,SEDOL,United States,US,DHR,
Balanced Growth,Listed equity,DANSKE BANK,4588825,SEDOL,Denmark,DC,DANSKE,
Balanced Growth,Listed equity,DAOU DATA CORP COMMON STOCK KRW 500,6214526,SEDOL,South Korea,KS,032190,
Balanced Growth,Listed equity,DARDEN RESTAURANTS,2289874,SEDOL,United States,US,DRI,
Balanced Growth,Listed equity,DASSAULT SYSTEMES,BM8H5Y5,SEDOL,France,FP,DSY,
Balanced Growth,Listed equity,DATA#3 LIMITED,6093015,SEDOL,Australia,AU,DTL,
Balanced Growth,Listed equity,DATADOG A,BKT9Y49,SEDOL,United States,US,DDOG,
Balanced Growth,Listed equity,DATANG INTERNATIONAL POWER GENERATION CO LTD COMMON STOCK HK,6080716,SEDOL,Hong Kong,HK,991,
Balanced Growth,Listed equity,DAVITA HEALTHCARE PARTNR,2898087,SEDOL,United States,US,DVA,
Balanced Growth,Listed equity,DB INSURANCE CO,6155937,SEDOL,South Korea,KS,005830,
Balanced Growth,Listed equity,DBS GROUP HOLDINGS,6175203,SEDOL,Singapore,SP,DBS,
Balanced Growth,Listed equity,DE GREY MINING LTD,6534837,SEDOL,,,,
Balanced Growth,Listed equity,DECKERS OUTDOOR CORP COMMON STOCK USD 0.01,2267278,SEDOL,United States,US,DECK,
Balanced Growth,Listed equity,DEEP YELLOW LIMITED,6480275,SEDOL,Australia,AU,DYL,
Balanced Growth,Listed equity,DEERE & CO,2261203,SEDOL,United States,US,DE,
Balanced Growth,Listed equity,DELL TECHNOLOGIES C,BHKD3S6,SEDOL,United States,US,DELL,
Balanced Growth,Listed equity,DELTA ELECTRONICS,6260734,SEDOL,Taiwan,TT (Taiwan Stock Exchange),2308,
Balanced Growth,Listed equity,DESCARTES SYSTEMS GROUP INC/THE COMMON STOCK CAD 0,2528834,SEDOL,United States,US,DSGX,
Balanced Growth,Listed equity,DETERRA ROYALTIES LTD,BJP5T05,SEDOL,Australia,AU,DRR,
Balanced Growth,Listed equity,DEUTSCHE BANK,5750355,SEDOL,Germany,GR,DBK,
Balanced Growth,Listed equity,DEUTSCHE BANK AG COMMON STOCK EUR 0,2803025,SEDOL,United States,US,DB,
Balanced Growth,Listed equity,DEUTSCHE POST,4617859,SEDOL,Germany,GR,DHL,
Balanced Growth,Listed equity,DEUTSCHE ROHSTOFF AG COMMON STOCK EUR,B1VVKT7,SEDOL,Germany,GR,DR0,
Balanced Growth,Listed equity,DEUTSCHE TELEKOM,5842359,SEDOL,Germany,GR,DTE,
Balanced Growth,Listed equity,DEVELOP GLOBAL LTD,BNVQGB0,SEDOL,Australia,AU,DVP,
Balanced Growth,Listed equity,DEVON ENERGY CORP,2480677,SEDOL,United States,US,DVN,
Balanced Growth,Listed equity,DEXCOM,B0796X4,SEDOL,United States,US,DXCM,
Balanced Growth,Listed equity,DEYAAR DEVELOPMENT PJSC COMMON STOCK AED 1,B24F8T9,SEDOL,United Arab Emirates,UH,DEYAAR,
Balanced Growth,Listed equity,DFZQ-H COMMON STOCK HKD 1,BD31M48,SEDOL,Hong Kong,HK,3958,
Balanced Growth,Listed equity,DFZQ-H COMMON STOCK HKD 1,CNE1000027F2,ISIN,Hong Kong,,,3958.HK
Balanced Growth,Listed equity,DGB FINANCIAL GROUP INC COMMON STOCK KRW 5000,B68N347,SEDOL,South Korea,KS,139130,
Balanced Growth,Listed equity,DIAGEO,237400,SEDOL,United Kingdom,LN,DGE,
Balanced Growth,Listed equity,DICKER DATA LIMITED,B3YPKQ7,SEDOL,Australia,AU,DDR,
Balanced Growth,Listed equity,DICKS SPORTING GOODS,2969637,SEDOL,United States,US,DKS,
Balanced Growth,Listed equity,DIDI GLOBAL A ADR,BMBR6F0,SEDOL,United States,US,DIDIY,
Balanced Growth,Listed equity,DISCOVER FINANCIAL,B1YLC43,SEDOL,,,,
Balanced Growth,Listed equity,DISNEY (WALT),2270726,SEDOL,United States,US,DIS,
Balanced Growth,Listed equity,DOCUSIGN,BFYT7B7,SEDOL,United States,US,DOCU,
Balanced Growth,Listed equity,DOLLAR TREE,2272476,SEDOL,United States,US,DLTR,
Balanced Growth,Listed equity,DOLLARAMA,B4TP9G2,SEDOL,Canada,CN,DOL,
Balanced Growth,Listed equity,DOMAIN HOLDINGS AUSTRALIA LTD,BF17Y13,SEDOL,Australia,AU,DHG,
Balanced Growth,Listed equity,DOMINION ENERGY,2542049,SEDOL,United States,US,D,
Balanced Growth,Listed equity,DOMINO'S PIZZA ENT,B07SFG7,SEDOL,Australia,AU,DMP,
Balanced Growth,Listed equity,DOMINOS PIZZA,B01SD70,SEDOL,United States,US,DPZ,
Balanced Growth,Listed equity,DONG-A SOCIO HOLDINGS CO LTD COMMON STOCK KRW 5000,6273163,SEDOL,South Korea,KS,000640,
Balanced Growth,Listed equity,DONGKUK STEEL MILL CO LTD/NEW COMMON STOCK KRW 5000,BMTXTY0,SEDOL,South Korea,KS,460860,
Balanced Growth,Listed equity,DOORDASH INC COMMON STOCK USD 0.00001,BN13P03,SEDOL,United States,US,DASH,
Balanced Growth,Listed equity,DOOSAN BOBCAT,BYX9GP8,SEDOL,South Korea,KS,241560,
Balanced Growth,Listed equity,DOUSHEN BEIJING EDUCATION & TECHNOLOGY INC COMMON STOCK CNY,BD5CFT5,SEDOL,China,C2,300010,
Balanced Growth,Listed equity,DOVER CORP,2278407,SEDOL,United States,US,DOV,
Balanced Growth,Listed equity,DOWNER EDI LTD,6465573,SEDOL,Australia,AU,DOW,
Balanced Growth,Listed equity,DR ING HC F PORSCHE AG PREFERENCE,BJN59B8,SEDOL,Germany,GR,P911,
Balanced Growth,Listed equity,DR REDDY'S LABORATORIES,BQ2KJW4,SEDOL,India,IN,DRRD,
Balanced Growth,Listed equity,DSV,B1WT5G2,SEDOL,Denmark,DC,DSV,
Balanced Growth,Listed equity,DTE ENERGY,2280220,SEDOL,United States,US,DTE,
Balanced Growth,Listed equity,DUBAI ISLAMIC BANK,6283452,SEDOL,United Arab Emirates,UH,DIB,
Balanced Growth,Listed equity,DUKE ENERGY CORP,B7VD3F2,SEDOL,United States,US,DUK,
Balanced Growth,Listed equity,DUPONT DE NEMOURS,BK0VN47,SEDOL,United States,US,DD,
Balanced Growth,Listed equity,EAGERS AUTOMOTIVE LTD,6296201,SEDOL,Australia,AU,APE,
Balanced Growth,Listed equity,EASTCOMPEACE TECHNOLOGY CO LTD COMMON STOCK CNY 1,BL58BT1,SEDOL,China,C2,002017,
Balanced Growth,Listed equity,EASTROC BEVERAGE GROUP CO LTD COMMON STOCK CNY 1,BP91NL0,SEDOL,China,C1,605499,
Balanced Growth,Listed equity,EBAY,2293819,SEDOL,United States,US,EBAY,
Balanced Growth,Listed equity,EBOS GROUP LTD,BH36SD2,SEDOL,Australia,AU,EBO,
Balanced Growth,Listed equity,EDWARDS LIFESCIENCES,2567116,SEDOL,United States,US,EW,
Balanced Growth,Listed equity,EEKA FASHION HOLDINGS LTD COMMON STOCK HKD 0.01,BK8Y0F8,SEDOL,Hong Kong,HK,3709,
Balanced Growth,Listed equity,EIFFAGE,B13X013,SEDOL,France,FP,FGR,
Balanced Growth,Listed equity,EL PUERTO DE LIVERPOOL SAB DE CV COMMON STOCK MXN 0,2306814,SEDOL,Mexico,MM,LIVEPOLC,
Balanced Growth,Listed equity,ELDERS LTD,6357852,SEDOL,Australia,AU,ELD,
Balanced Growth,Listed equity,ELECTRICAL INDUSTRIES CO COMMON STOCK SAR 0.5,BSMSY94,SEDOL,Saudi Arabia,AB,EIC,
Balanced Growth,Listed equity,ELECTRONIC ARTS,2310194,SEDOL,United States,US,EA,
Balanced Growth,Listed equity,ELETROBRAS ON,2311120,SEDOL,Brazil,BZ,ELET3,
Balanced Growth,Listed equity,ELEVANCE HEALTH,BSPHGL4,SEDOL,United States,US,ELV,
Balanced Growth,Listed equity,ELF BEAUTY INC COMMON STOCK USD 0.01,BDDQ975,SEDOL,United States,US,ELF,
Balanced Growth,Listed equity,ELMERA GROUP ASA COMMON STOCK NOK 0.3,BG0SKQ1,SEDOL,Belgium,NO,ELMRA,
Balanced Growth,Listed equity,ELVALHALCOR SA COMMON STOCK EUR 0.39,BG0WLZ9,SEDOL,Greece,GA,ELHA,
Balanced Growth,Listed equity,EMAAR DEVELOPMENT PJSC COMMON STOCK AED 1,BDG1977,SEDOL,United Arab Emirates,UH,EMAARDEV,
Balanced Growth,Listed equity,EMAAR PROPERTIES,B01RM25,SEDOL,United Arab Emirates,UH,EMAAR,
Balanced Growth,Listed equity,EMART CO,B682TF7,SEDOL,South Korea,KS,139480,
Balanced Growth,Listed equity,EMBOTELLADORA PREF B,2311454,SEDOL,Chile,CI,ANDINAB,
Balanced Growth,Listed equity,EMCOR GROUP,2474164,SEDOL,United States,US,EME,
Balanced Growth,Listed equity,EMECO HOLDINGS,B1978V5,SEDOL,Australia,AU,EHL,
Balanced Growth,Listed equity,EMERA,2650050,SEDOL,Canada,CN,EMA,
Balanced Growth,Listed equity,EMERALD RESOURCES NL,6107381,SEDOL,Australia,AU,EMR,
Balanced Growth,Listed equity,EMERGING DISPLAY TECHNOLOGIES CORP COMMON STOCK TWD 10,6343969,SEDOL,Taiwan,TT (Taiwan Stock Exchange),3038,
Balanced Growth,Listed equity,EMERSON ELECTRIC CO,2313405,SEDOL,United States,US,EMR,
Balanced Growth,Listed equity,EMIRATES INTEGRATED TELECOMMUNICATIONS CO PJSC COMMON STOCK,B13TMN7,SEDOL,United Arab Emirates,UH,DU,
Balanced Growth,Listed equity,EMIRATES NBD BANK,B28PFX8,SEDOL,United Arab Emirates,UH,EMIRATES,
Balanced Growth,Listed equity,EMPIRE CO A,2314000,SEDOL,Canada,CN,EMP/A,
Balanced Growth,Listed equity,EMPRESAS CMPC,2196015,SEDOL,Chile,CI,CMPC,
Balanced Growth,Listed equity,EMPRESAS COPEC,2196026,SEDOL,Chile,CI,COPEC,
Balanced Growth,Listed equity,EMS-CHEMIE HOLDING,7635610,SEDOL,United Kingdom,TQ,EMSNZ,
Balanced Growth,Listed equity,ENBRIDGE INC COMMON STOCK CAD 0,2478906,SEDOL,United States,US,ENB,
Balanced Growth,Listed equity,ENDEAVOUR GROUP,BNVS144,SEDOL,Australia,AU,EDV,
Balanced Growth,Listed equity,ENDESA,5271782,SEDOL,Spain,SM,ELE,
Balanced Growth,Listed equity,ENEL,7144569,SEDOL,Italy,IM,ENEL,
Balanced Growth,Listed equity,ENEL AMERICAS,2299453,SEDOL,Chile,CI,ENELAM,
Balanced Growth,Listed equity,ENEL CHILE,BYMLZD6,SEDOL,Chile,CI,ENELCHIL,
Balanced Growth,Listed equity,ENEOS HOLDINGS,B627LW9,SEDOL,Japan,JP,5020,
Balanced Growth,Listed equity,ENGIE,B0C2CQ3,SEDOL,France,FP,ENGI,
Balanced Growth,Listed equity,ENGRO FERTILIZERS LTD COMMON STOCK PKR 10,B668PD7,SEDOL,Pakistan,PA,EFERT,
Balanced Growth,Listed equity,ENI,7145056,SEDOL,Italy,IM,ENI,
Balanced Growth,Listed equity,ENLINK MIDSTREAM LLC,BJTNDQ9,SEDOL,,,,
Balanced Growth,Listed equity,ENN ENERGY HOLDINGS,6333937,SEDOL,Hong Kong,HK,2688,
Balanced Growth,Listed equity,ENN NATURAL GAS A (HK-C),BYYFJJ0,SEDOL,China,C1,600803,
Balanced Growth,Listed equity,ENPHASE ENERGY INC COMMON STOCK USD 0.00001,B65SQW4,SEDOL,United States,US,ENPH,
Balanced Growth,Listed equity,ENSUIKO SUGAR REFINING CO LTD COMMON STOCK JPY,6319067,SEDOL,Japan,JP,2112,
Balanced Growth,Listed equity,ENTERGY CORP,2317087,SEDOL,United States,US,ETR,
Balanced Growth,Listed equity,ENVISTA HOLDINGS CORP COMMON STOCK USD 0.01,BK63SF3,SEDOL,United States,US,NVST,
Balanced Growth,Listed equity,EOG RESOURCES,2318024,SEDOL,United States,US,EOG,
Balanced Growth,Listed equity,EPAM SYSTEMS,B44Z3T8,SEDOL,United States,US,EPAM,
Balanced Growth,Listed equity,EQT HOLDINGS LTD COMMON STOCK AUD 0,BD5WNY6,SEDOL,Australia,AU,EQT,
Balanced Growth,Listed equity,EQUINOR,7133608,SEDOL,Belgium,NO,EQNR,
Balanced Growth,Listed equity,EQUITABLE HOLDINGS,BKRMR96,SEDOL,United States,US,EQH,
Balanced Growth,Listed equity,ERICSSON (LM) B,5959378,SEDOL,Sweden,SS,ERICB,
Balanced Growth,Listed equity,ERSTE GROUP BANK,5289837,SEDOL,Austria,AV,EBS,
Balanced Growth,Listed equity,ERSTE GROUP BANK AG COMMON STOCK EUR 0,7440621,SEDOL,Czech Republic,CP,RBAG,
Balanced Growth,Listed equity,ESSENTIAL UTILITIES,BLCF3J9,SEDOL,United States,US,WTRG,
Balanced Growth,Listed equity,ESSITY B,BF1K7P7,SEDOL,Sweden,SS,ESSITYB,
Balanced Growth,Listed equity,ESTEE LAUDER COS A,2320524,SEDOL,United States,US,EL,
Balanced Growth,Listed equity,ETIHAD ETISALAT CO,B12LR51,SEDOL,Saudi Arabia,AB,EEC,
Balanced Growth,Listed equity,ETSY INC COMMON STOCK USD 0.001,BWTN5N1,SEDOL,United States,US,ETSY,
Balanced Growth,Listed equity,EURAZEO,7042395,SEDOL,France,FP,RF,
Balanced Growth,Listed equity,EUROBANK HOLDINGS,BYZ43T4,SEDOL,Greece,GA,EUROB,
Balanced Growth,Listed equity,EUROPEAN METALS HOLDINGS LTD COMMON STOCK GBP,BLNMGR8,SEDOL,Australia,AU,EMH,
Balanced Growth,Listed equity,EVA AIRWAYS CORP,6186023,SEDOL,Taiwan,TT (Taiwan Stock Exchange),2618,
Balanced Growth,Listed equity,EVERBRIGHT SECURITIES CO LTD COMMON STOCK HKD 1,BDCSC73,SEDOL,Hong Kong,HK,6178,
Balanced Growth,Listed equity,EVERGREEN MARINE CORP,6324500,SEDOL,Taiwan,TT (Taiwan Stock Exchange),2603,
Balanced Growth,Listed equity,EVERTZ TECHNOLOGIES LTD COMMON STOCK CAD 0,B17XX09,SEDOL,Canada,CN,ET,
Balanced Growth,Listed equity,EVOLUTION AB COMMON STOCK SEK 0.003,BJXSCH4,SEDOL,Sweden,SS,EVO,
Balanced Growth,Listed equity,EVOLUTION MINING,B3X0F91,SEDOL,Australia,AU,EVN,
Balanced Growth,Listed equity,EVT LTD,BDG0N49,SEDOL,Australia,AU,EVT,
Balanced Growth,Listed equity,EXELON CORP,2670519,SEDOL,United States,US,EXC,
Balanced Growth,Listed equity,EXOR NV COMMON STOCK,BMJ1825,SEDOL,Netherlands,NA,EXO,
Balanced Growth,Listed equity,EXPEDIA GROUP,B748CK2,SEDOL,United States,US,EXPE,
Balanced Growth,Listed equity,EXPEDITORS INTL OF WASH,2325507,SEDOL,United States,US,EXPD,
Balanced Growth,Listed equity,EXXARO RESOURCES,6418801,SEDOL,South Africa,SJ,EXX,
Balanced Growth,Listed equity,EXXON MOBIL CORP,2326618,SEDOL,United States,US,XOM,
Balanced Growth,Listed equity,F5,2427599,SEDOL,United States,US,FFIV,
Balanced Growth,Listed equity,FACTSET RESEARCH SYSTEMS,2329770,SEDOL,United States,US,FDS,
Balanced Growth,Listed equity,FAIR ISAAC CORP COMMON STOCK USD 0.01,2330299,SEDOL,United States,US,FICO,
Balanced Growth,Listed equity,FALABELLA SACI,2771672,SEDOL,Chile,CI,FALAB,
Balanced Growth,Listed equity,FALCON METALS LTD/AUSTRALIA COMMON STOCK AUD,BMDVXZ9,SEDOL,Australia,AU,FAL,
Balanced Growth,Listed equity,FAR EAST HORIZON,B63DLB5,SEDOL,Hong Kong,HK,3360,
Balanced Growth,Listed equity,FAR EASTERN NEW CENTURY,6331470,SEDOL,Taiwan,TT (Taiwan Stock Exchange),1402,
Balanced Growth,Listed equity,FAST RETAILING CO,6332439,SEDOL,Japan,JP,9983,
Balanced Growth,Listed equity,FASTENAL CO,2332262,SEDOL,United States,US,FAST,
Balanced Growth,Listed equity,FEDEX CORP,2142784,SEDOL,United States,US,FDX,
Balanced Growth,Listed equity,FERGUSON ENTERPRISES,BS6VHW3,SEDOL,United States,US,FERG,
Balanced Growth,Listed equity,FERRARI (IT),BD6G507,SEDOL,Italy,IM,RACE,
Balanced Growth,Listed equity,FERROVIAL SE COMMON STOCK EUR 0.01,BRS7CF0,SEDOL,Spain,SM,FER,
Balanced Growth,Listed equity,FERTIGLOBE PLC COMMON STOCK,BMXCL70,SEDOL,United Arab Emirates,UH,FERTIGLB,
Balanced Growth,Listed equity,FIDELITY NATL INFO SVCS,2769796,SEDOL,United States,US,FIS,
Balanced Growth,Listed equity,FIN RICHEMONT NAMEN A,BCRWZ18,SEDOL,Switzerland,SW,CFR,
Balanced Growth,Listed equity,FINANCE STREET A (HK-C),BD5CMG1,SEDOL,China,C2,000402,
Balanced Growth,Listed equity,FINECOBANK,BNGN9Z1,SEDOL,Italy,IM,FBK,
Balanced Growth,Listed equity,FIREFLY METALS LTD COMMON STOCK AUD 0,BPDXXB2,SEDOL,Australia,AU,FFM,
Balanced Growth,Listed equity,FIRST ABU DHABI BANK,6624471,SEDOL,United Arab Emirates,UH,FAB,
Balanced Growth,Listed equity,FIRST BROTHERS CO LTD COMMON STOCK JPY,BVGCSW4,SEDOL,Japan,JP,3454,
Balanced Growth,Listed equity,FIRST QUANTUM MINERALS,2347608,SEDOL,Canada,CN,FM,
Balanced Growth,Listed equity,FIRSTRAND,6606996,SEDOL,South Africa,SJ,FSR,
Balanced Growth,Listed equity,FIRSTSERVICE CORP,BJMKSJ5,SEDOL,Canada,CN,FSV,
Balanced Growth,Listed equity,FISERV,2342034,SEDOL,United States,US,FI,
Balanced Growth,Listed equity,FISHER & PAYKEL HEALTHCARE CORP,6423968,SEDOL,Australia,AU,FPH,
Balanced Growth,Listed equity,FIT HOLDING CO LTD COMMON STOCK TWD 10,BFD2018,SEDOL,Taiwan,TT (Taiwan Stock Exchange),3712,
Balanced Growth,Listed equity,FLEETPARTNERS GROUP LTD,BN7HDZ0,SEDOL,Australia,AU,FPR,
Balanced Growth,Listed equity,FLETCHER BUILDING LTD,6341617,SEDOL,Australia,AU,FBU,
Balanced Growth,Listed equity,FLIGHT CENTRE TRAVEL GROUP LTD,6352147,SEDOL,Australia,AU,FLT,
Balanced Growth,Listed equity,FLUGHAFEN ZURICH,BYQ8481,SEDOL,Switzerland,SW,FHZN,
Balanced Growth,Listed equity,FOCUS MEDIA A (HK-C),BD5CND5,SEDOL,China,C2,002027,
Balanced Growth,Listed equity,FOMENTO ECONOMICO MEXICANO SAB DE CV ADR USD,2246039,SEDOL,United States,US,FMX,
Balanced Growth,Listed equity,FORD OTOMOTIV SANAYI,B03MSR5,SEDOL,Turkey,TI,FROTO,
Balanced Growth,Listed equity,FORTESCUE,6086253,SEDOL,Australia,AU,FMG,
Balanced Growth,Listed equity,FORTINET,B5B2106,SEDOL,United States,US,FTNT,
Balanced Growth,Listed equity,FORTUNE BRANDS INNOV,B3MC7D6,SEDOL,United States,US,FBIN,
Balanced Growth,Listed equity,FOSUN INTL(CN),B1Z7FX0,SEDOL,Hong Kong,HK,656,
Balanced Growth,Listed equity,FOXCONN INDL A (HK-C),BG20N99,SEDOL,China,C1,601138,
Balanced Growth,Listed equity,FRANCO-NEVADA CORP COMMON STOCK,B29VF02,SEDOL,United States,US,FNV,
Balanced Growth,Listed equity,FRAPORT,7107551,SEDOL,Germany,GR,FRA,
Balanced Growth,Listed equity,FREEPORT MCMORAN B,2352118,SEDOL,United States,US,FCX,
Balanced Growth,Listed equity,FUBON FINANCIAL HOLDING,6411673,SEDOL,Taiwan,TT (Taiwan Stock Exchange),2881,
Balanced Growth,Listed equity,FUJI ELECTRIC CO,6356365,SEDOL,Japan,JP,6504,
Balanced Growth,Listed equity,FUJI FILM HOLDINGS CO,6356525,SEDOL,Japan,JP,4901,
Balanced Growth,Listed equity,FUJIKURA,6356707,SEDOL,Japan,JP,5803,
Balanced Growth,Listed equity,FUJITSU,6356945,SEDOL,Japan,JP,6702,
Balanced Growth,Listed equity,FUTURE LAND HLD A (HK-C),BZ3F6M0,SEDOL,China,C1,601155,
Balanced Growth,Listed equity,FUYAO GLASS IND GRP H,BWGCFG4,SEDOL,Hong Kong,HK,3606,
Balanced Growth,Listed equity,FUYAO GROUP A (HK-C),BP3R6K4,SEDOL,China,C1,600660,
Balanced Growth,Listed equity,G8 EDUCATION LIMITED,B296314,SEDOL,Australia,AU,GEM,
Balanced Growth,Listed equity,GALAXY ENTERTAINMENT GRP,6465874,SEDOL,Hong Kong,HK,27,
Balanced Growth,Listed equity,GALLAGHER (ARTHUR J.),2359506,SEDOL,United States,US,AJG,
Balanced Growth,Listed equity,GALP ENERGIA SGPS B,B1FW751,SEDOL,Portugal,PL,GALP,
Balanced Growth,Listed equity,GARTNER,2372763,SEDOL,United States,US,IT,
Balanced Growth,Listed equity,GE HEALTHCARE TECHNOLOGIES INC COMMON STOCK USD 0.01,BL6JPG8,SEDOL,United States,US,GEHC,
Balanced Growth,Listed equity,GEA GROUP,4557104,SEDOL,Germany,GR,G1A,
Balanced Growth,Listed equity,GEELY AUTOMOBILE HLDGS,6531827,SEDOL,Hong Kong,HK,175,
Balanced Growth,Listed equity,GEN DIGITAL,BJN4XN5,SEDOL,United States,US,GEN,
Balanced Growth,Listed equity,GENERAL INSURANCE CORP OF INDIA COMMON STOCK INR 5,BZ0XK69,SEDOL,India,IN,GICRE,
Balanced Growth,Listed equity,GENERAL MILLS,2367026,SEDOL,United States,US,GIS,
Balanced Growth,Listed equity,GENERAL MOTORS,B665KZ5,SEDOL,United States,US,GM,
Balanced Growth,Listed equity,GENESIS MINERALS LTD,B23G0X1,SEDOL,Australia,AU,GMD,
Balanced Growth,Listed equity,GENIMOUS TECHNOLOGY CO LTD COMMON STOCK CNY 1,BD5CQC5,SEDOL,China,C2,000676,
Balanced Growth,Listed equity,GENMAB,4595739,SEDOL,Denmark,DC,GMAB,
Balanced Growth,Listed equity,GENTING,B1VXJL8,SEDOL,Malaysia,MK,GENT,
Balanced Growth,Listed equity,GENTING SINGAPORE,BDRTVP2,SEDOL,Singapore,SP,GENS,
Balanced Growth,Listed equity,GENTRACK GROUP LTD,BNJZLK3,SEDOL,Australia,AU,GTK,
Balanced Growth,Listed equity,GERDAU PN,2645517,SEDOL,Brazil,BZ,GGBR4,
Balanced Growth,Listed equity,GETLINK,B292JQ9,SEDOL,United Kingdom,IX,GETP,
Balanced Growth,Listed equity,GF SECURITIES A (HK-C),BD5CQ36,SEDOL,China,C2,000776,
Balanced Growth,Listed equity,GF SECURITIES CO H,BW4NKK8,SEDOL,Hong Kong,HK,1776,
Balanced Growth,Listed equity,GIGA DEVICE SC A (HK-C),BHWLWF8,SEDOL,China,C1,603986,
Balanced Growth,Listed equity,GILDAN ACTIVEWEAR,2254645,SEDOL,Canada,CN,GIL,
Balanced Growth,Listed equity,GILEAD SCIENCES,2369174,SEDOL,United States,US,GILD,
Balanced Growth,Listed equity,GIORDANO INTERNATIONAL LTD COMMON STOCK HKD 0.05,6282040,SEDOL,Hong Kong,HK,709,
Balanced Growth,Listed equity,GIVAUDAN,5980613,SEDOL,Switzerland,SW,GIVN,
Balanced Growth,Listed equity,GLENCORE,B4T3BW6,SEDOL,United Kingdom,LN,GLEN,
Balanced Growth,Listed equity,GLOBAL PAYMENTS,2712013,SEDOL,United States,US,GPN,
Balanced Growth,Listed equity,GLOBANT,BP40HF4,SEDOL,United States,US,GLOB,
Balanced Growth,Listed equity,GLOBE LIFE,BK6YKG1,SEDOL,United States,US,GL,
Balanced Growth,Listed equity,GLOBE TELECOM,6284864,SEDOL,Philippines,PM,GLO,
Balanced Growth,Listed equity,GMR AIRPORTS,B192HJ1,SEDOL,India,IN,GMRAIRPO,
Balanced Growth,Listed equity,GODADDY A,BWFRFC6,SEDOL,United States,US,GDDY,
Balanced Growth,Listed equity,GOLD FIELDS LTD ADR USD,2416326,SEDOL,United States,US,GFI,
Balanced Growth,Listed equity,GOLD ROAD RESOURCES LTD,B15F5K1,SEDOL,Australia,AU,GOR,
Balanced Growth,Listed equity,GOLDCUP ELECTRIC APPARATUS CO LTD COMMON STOCK CNY 1,BD73MC8,SEDOL,China,C2,002533,
Balanced Growth,Listed equity,GOLDMAN SACHS GROUP,2407966,SEDOL,United States,US,GS,
Balanced Growth,Listed equity,GOLDWIND SCIENCE A(HK-C),BD5CQ58,SEDOL,China,C2,002202,
Balanced Growth,Listed equity,GQG PARTNERS INC CDI AUD,BN469H4,SEDOL,Australia,AU,GQG,
Balanced Growth,Listed equity,GR ENGINEERING SERVICES LTD COMMON STOCK AUD 0,B62LMX9,SEDOL,Australia,AU,GNG,
Balanced Growth,Listed equity,GRAB HOLDINGS LTD COMMON STOCK USD 0.000001,BP6NH40,SEDOL,United States,US,GRAB,
Balanced Growth,Listed equity,GRAINCORP LTD A,6102331,SEDOL,Australia,AU,GNC,
Balanced Growth,Listed equity,GRAINGER (WW),2380863,SEDOL,United States,US,GWW,
Balanced Growth,Listed equity,GRANGE RESOURCES LTD,6135876,SEDOL,Australia,AU,GRR,
Balanced Growth,Listed equity,GREAT WALL MOTOR H,6718255,SEDOL,Hong Kong,HK,2333,
Balanced Growth,Listed equity,GREAT-WEST LIFECO,2384951,SEDOL,Canada,CN,GWO,
Balanced Growth,Listed equity,GREE ELECT APPL A (HK-C),BD5CPN9,SEDOL,China,C2,000651,
Balanced Growth,Listed equity,GREENTOWN CHINA HLDGS,B17N9P6,SEDOL,Hong Kong,HK,3900,
Balanced Growth,Listed equity,GROUPE BRUXELLES LAMBERT,7097328,SEDOL,Belgium,BB,GBLB,
Balanced Growth,Listed equity,GRUMA B,2392545,SEDOL,Mexico,MM,GRUMAB,
Balanced Growth,Listed equity,GRUPO AERO CENTRO NOR. B,B1KFX13,SEDOL,Mexico,MM,OMAB,
Balanced Growth,Listed equity,GRUPO AEROP PACIFICO B,B0ZV104,SEDOL,Mexico,MM,GAPB,
Balanced Growth,Listed equity,GRUPO AEROPORTUARIO B,2639349,SEDOL,Mexico,MM,ASURB,
Balanced Growth,Listed equity,GRUPO BIMBO A,2392471,SEDOL,Mexico,MM,BIMBOA,
Balanced Growth,Listed equity,GRUPO FIN BANORTE O,2421041,SEDOL,Mexico,MM,GFNORTEO,
Balanced Growth,Listed equity,GRUPO FIN INBURSA O,2822398,SEDOL,Mexico,MM,GFINBURO,
Balanced Growth,Listed equity,GRUPO FINANCIERO GALICIA SA ADR USD,2613570,SEDOL,United States,US,GGAL,
Balanced Growth,Listed equity,GRUPO MEXICO B,2643674,SEDOL,Mexico,MM,GMEXICOB,
Balanced Growth,Listed equity,GRUPO SUPERVIELLE SA ADR USD,BYZJRN1,SEDOL,United States,US,SUPV,
Balanced Growth,Listed equity,GRUPO TELEVISA SAB ADR USD 0,2399450,SEDOL,United States,US,TV,
Balanced Growth,Listed equity,GS HOLDINGS CORP,B01RJV3,SEDOL,South Korea,KS,078930,
Balanced Growth,Listed equity,GS HOLDINGS CORP PREFERENCE KRW 5000,B02FVX2,SEDOL,South Korea,KS,078935,
Balanced Growth,Listed equity,GS P&L CO LTD COMMON STOCK KRW 1000,BR4ZLQ2,SEDOL,South Korea,KS,499790,
Balanced Growth,Listed equity,GS RETAIL,B7F9Q79,SEDOL,South Korea,KS,007070,
Balanced Growth,Listed equity,GSK,BN7SWP6,SEDOL,United Kingdom,LN,GSK,
Balanced Growth,Listed equity,GUANGDONG HAID GROUP CO LTD COMMON STOCK CNY 1,BD5CJ60,SEDOL,China,C2,002311,
Balanced Growth,Listed equity,GUANGZHOU R&F PROP H,B19H8Y8,SEDOL,Hong Kong,HK,2777,
Balanced Growth,Listed equity,GUOSEN SEC CO A (HK-C),BD5CPR3,SEDOL,China,C2,002736,
Balanced Growth,Listed equity,GUOTAI JUNAN SEC CO H,BD4GT29,SEDOL,Hong Kong,HK,2611,
Balanced Growth,Listed equity,GUZMAN Y GOMEZ LTD,BSLTT82,SEDOL,Australia,AU,GYG,
Balanced Growth,Listed equity,GWA GROUP LTD,6392949,SEDOL,Australia,AU,GWA,
Balanced Growth,Listed equity,HAIER SMART HOME CO H,BLD4QD0,SEDOL,Hong Kong,HK,6690,
Balanced Growth,Listed equity,HALFORDS GROUP PLC COMMON STOCK GBP 1,B012TP2,SEDOL,United Kingdom,LN,HFD,
Balanced Growth,Listed equity,HANA FINANCIAL HOLDINGS,B0RNRF5,SEDOL,South Korea,KS,086790,
Balanced Growth,Listed equity,HANKOOK TIRE & TECH,B7T5KQ0,SEDOL,South Korea,KS,161390,
Balanced Growth,Listed equity,HANMI PHARM CO LTD COMMON STOCK KRW 2500,B613DJ9,SEDOL,South Korea,KS,128940,
Balanced Growth,Listed equity,HANMI SEMICONDUCTOR CO,B0CSXQ8,SEDOL,South Korea,KS,042700,
Balanced Growth,Listed equity,HANNOVER RUECK,4511809,SEDOL,Germany,GR,HNR1,
Balanced Growth,Listed equity,HANSOH PHARMACEUTICAL,BJYKB72,SEDOL,Hong Kong,HK,3692,
Balanced Growth,Listed equity,HANWHA AEROSPACE,6772671,SEDOL,South Korea,KS,012450,
Balanced Growth,Listed equity,HANWHA CORP,6496755,SEDOL,South Korea,KS,000880,
Balanced Growth,Listed equity,HANWHA LIFE INSURANCE CO LTD COMMON STOCK KRW 5000,B62B9W7,SEDOL,South Korea,KS,088350,
Balanced Growth,Listed equity,HANWHA SOLUTIONS,6407768,SEDOL,South Korea,KS,009830,
Balanced Growth,Listed equity,HARDIE (JAMES) IND CDI,B60QWJ2,SEDOL,Australia,AU,JHX,
Balanced Growth,Listed equity,HARTFORD FINANCIAL SVCS,2476193,SEDOL,United States,US,HIG,
Balanced Growth,Listed equity,HARVEY NORMAN HLDGS LTD,6173508,SEDOL,Australia,AU,HVN,
Balanced Growth,Listed equity,HCA HOLDINGS,B4MGBG6,SEDOL,United States,US,HCA,
Balanced Growth,Listed equity,HCL TECHNOLOGIES,6294896,SEDOL,India,IN,HCLT,
Balanced Growth,Listed equity,HD HYUNDAI,BD4HFT1,SEDOL,South Korea,KS,267250,
Balanced Growth,Listed equity,HD HYUNDAI MARINE SOLUTION CO LTD COMMON STOCK KRW 500,BRJRZT4,SEDOL,South Korea,KS,443060,
Balanced Growth,Listed equity,HD KOREA SHIPBUILDING,6446620,SEDOL,South Korea,KS,009540,
Balanced Growth,Listed equity,HDFC ASSET MANAGEMENT,BG0R3M5,SEDOL,India,IN,HDFCAMC,
Balanced Growth,Listed equity,HDFC BANK,BK1N461,SEDOL,India,IN,HDFCB,
Balanced Growth,Listed equity,HDFC BANK LTD ADR USD,2781648,SEDOL,United States,US,HDB,
Balanced Growth,Listed equity,HEALIUS LTD,BFZYRL1,SEDOL,Australia,AU,HLS,
Balanced Growth,Listed equity,HEICO CORP A,2237561,SEDOL,United States,US,HEI/A,
Balanced Growth,Listed equity,HEIDELBERG MATERIALS,5120679,SEDOL,Germany,GR,HEI,
Balanced Growth,Listed equity,HEINEKEN HOLDING,B0CCH46,SEDOL,Netherlands,NA,HEIO,
Balanced Growth,Listed equity,HELIA GROUP LTD,BP5HL07,SEDOL,Australia,AU,HLI,
Balanced Growth,Listed equity,HELLENIQ ENERGY HOLDINGS S.A. COMMON STOCK EUR 2.18,5475658,SEDOL,Greece,GA,ELPE,
Balanced Growth,Listed equity,HELLO GROUP A ADR,BM9STM3,SEDOL,United States,US,MOMO,
Balanced Growth,Listed equity,HENNES & MAURITZ B,5687431,SEDOL,Sweden,SS,HMB,
Balanced Growth,Listed equity,HENRY (JACK) & ASSOCIATE,2469193,SEDOL,United States,US,JKHY,
Balanced Growth,Listed equity,HERMES INTERNATIONAL,5253973,SEDOL,France,FP,RMS,
Balanced Growth,Listed equity,HERO MOTOCORP,6327327,SEDOL,India,IN,HMCL,
Balanced Growth,Listed equity,HEWLETT PACKARD ENT CO,BYVYWS0,SEDOL,United States,US,HPE,
Balanced Growth,Listed equity,HILTON WORLDWIDE HLDGS,BYVMW06,SEDOL,United States,US,HLT,
Balanced Growth,Listed equity,HINDALCO INDUSTRIES,B0GWF48,SEDOL,India,IN,HNDL,
Balanced Growth,Listed equity,HINDUSTAN AERONAUTICS,BR56KD4,SEDOL,India,IN,HNAL,
Balanced Growth,Listed equity,HINDUSTAN UNILEVER,6261674,SEDOL,India,IN,HUVR,
Balanced Growth,Listed equity,HISENSE HOME APPL GRP H,6391935,SEDOL,Hong Kong,HK,921,
Balanced Growth,Listed equity,HISENSE VISUAL A (HK-C),BP3R7F6,SEDOL,China,C1,600060,
Balanced Growth,Listed equity,HITACHI,6429104,SEDOL,Japan,JP,6501,
Balanced Growth,Listed equity,HLA GROUP CORP A (HK-C),BS7K3T8,SEDOL,China,C1,600398,
Balanced Growth,Listed equity,HMM,6405869,SEDOL,South Korea,KS,011200,
Balanced Growth,Listed equity,HOKURIKU ELECTRIC POWER,6433127,SEDOL,Japan,JP,9505,
Balanced Growth,Listed equity,HOLCIM,7110753,SEDOL,Switzerland,SW,HOLN,
Balanced Growth,Listed equity,HOLOGIC,2433530,SEDOL,United States,US,HOLX,
Balanced Growth,Listed equity,HOME DEPOT,2434209,SEDOL,United States,US,HD,
Balanced Growth,Listed equity,HON HAI PRECISION IND CO,6438564,SEDOL,Taiwan,TT (Taiwan Stock Exchange),2317,
Balanced Growth,Listed equity,HONDA MOTOR CO,6435145,SEDOL,Japan,JP,7267,
Balanced Growth,Listed equity,HONDA MOTOR CO LTD ADR USD,2435279,SEDOL,United States,US,HMC,
Balanced Growth,Listed equity,HONG LEONG BANK,6436892,SEDOL,Malaysia,MK,HLBK,
Balanced Growth,Listed equity,HONG LEONG FINANCIAL GRP,6436450,SEDOL,Malaysia,MK,HLFG,
Balanced Growth,Listed equity,HONGKONG EXCH & CLEARING,6267359,SEDOL,Hong Kong,HK,388,
Balanced Growth,Listed equity,HOPSON DEVELOPMENT HOLDINGS LTD COMMON STOCK HKD 0.1,BMXJW56,SEDOL,Hong Kong,HK,754,
Balanced Growth,Listed equity,HORIZON ROBOTICS INC COMMON STOCK HKD 0.0000025,BS5YNY7,SEDOL,Hong Kong,HK,9660,
Balanced Growth,Listed equity,HORTON (DR),2250687,SEDOL,United States,US,DHI,
Balanced Growth,Listed equity,HOWMET AEROSPACE,BKLJ8V2,SEDOL,United States,US,HWM,
Balanced Growth,Listed equity,HOYA CORP,6441506,SEDOL,Japan,JP,7741,
Balanced Growth,Listed equity,HP,BYX4D52,SEDOL,United States,US,HPQ,
Balanced Growth,Listed equity,HSBC HOLDINGS PLC COMMON STOCK GBP 0.5,540528,SEDOL,United Kingdom,LN,HSBA,
Balanced Growth,Listed equity,HUAIBEI MINING A (HK-C),BS7K376,SEDOL,China,C1,600985,
Balanced Growth,Listed equity,HUATAI SECURITIES CO H,BWVFT00,SEDOL,Hong Kong,HK,6886,
Balanced Growth,Listed equity,HUAXIA BANK A (HK-C),BP3R2T5,SEDOL,China,C1,600015,
Balanced Growth,Listed equity,HUB24 LIMITED,BD4T5X1,SEDOL,Australia,AU,HUB,
Balanced Growth,Listed equity,HYDRO ONE,BYYXJY9,SEDOL,Canada,CN,H,
Balanced Growth,Listed equity,HYPERMARCAS ON,B2QY968,SEDOL,Brazil,BZ,HYPE3,
Balanced Growth,Listed equity,HYUNDAI GLOVIS CO,B0V3XR5,SEDOL,South Korea,KS,086280,
Balanced Growth,Listed equity,HYUNDAI MARINE & FIRE,B01LXY6,SEDOL,South Korea,KS,001450,
Balanced Growth,Listed equity,HYUNDAI MOBIS,6449544,SEDOL,South Korea,KS,012330,
Balanced Growth,Listed equity,HYUNDAI MOTOR CO,6451055,SEDOL,South Korea,KS,005380,
Balanced Growth,Listed equity,HYUNDAI MOTOR CO PREF,6451022,SEDOL,South Korea,KS,005385,
Balanced Growth,Listed equity,HYUNDAI MOTOR CO PREF 2,6148272,SEDOL,South Korea,KS,005387,
Balanced Growth,Listed equity,HYUNDAI ROTEM,BFPM3C8,SEDOL,South Korea,KS,064350,
Balanced Growth,Listed equity,HYUNDAI STEEL CO,6461850,SEDOL,South Korea,KS,004020,
Balanced Growth,Listed equity,IBM CORP,2005973,SEDOL,United States,US,IBM,
Balanced Growth,Listed equity,ICBC A (HK-C),BP3R217,SEDOL,China,C1,601398,
Balanced Growth,Listed equity,ICBC H,B1G1QD8,SEDOL,Hong Kong,HK,1398,
Balanced Growth,Listed equity,ICICI BANK,BSZ2BY7,SEDOL,India,IN,ICICIBC,
Balanced Growth,Listed equity,ICL GROUP,6455530,SEDOL,Israel,IT,ICL,
Balanced Growth,Listed equity,ICTSI INTL CONTAINER,6455819,SEDOL,Philippines,PM,ICT,
Balanced Growth,Listed equity,IDEMITSU KOSAN CO,B1FF8P7,SEDOL,Japan,JP,5019,
Balanced Growth,Listed equity,IDEXX LABORATORIES,2459202,SEDOL,United States,US,IDXX,
Balanced Growth,Listed equity,IDFC FIRST BANK,BYWZNK1,SEDOL,India,IN,IDFCFB,
Balanced Growth,Listed equity,IDP EDUCATION,BDB6DD1,SEDOL,Australia,AU,IEL,
Balanced Growth,Listed equity,IGO,6439567,SEDOL,Australia,AU,IGO,
Balanced Growth,Listed equity,IHH HEALTHCARE,B83X6P8,SEDOL,Malaysia,MK,IHH,
Balanced Growth,Listed equity,IHI CORP COMMON STOCK JPY,6466985,SEDOL,Japan,JP,7013,
Balanced Growth,Listed equity,IINO KAIUN KAISHA LTD COMMON STOCK JPY,6457008,SEDOL,Japan,JP,9119,
Balanced Growth,Listed equity,ILLINOIS TOOL WORKS,2457552,SEDOL,United States,US,ITW,
Balanced Growth,Listed equity,ILUKA RESOURCES LTD,6957575,SEDOL,Australia,AU,ILU,
Balanced Growth,Listed equity,IMDEX LIMITED,6462154,SEDOL,Australia,AU,IMD,
Balanced Growth,Listed equity,IMPEDIMED LTD COMMON STOCK AUD 0,B282M83,SEDOL,Australia,AU,IPD,
Balanced Growth,Listed equity,IMPERIAL OIL,2454241,SEDOL,Canada,CN,IMO,
Balanced Growth,Listed equity,INCITEC PIVOT,6673042,SEDOL,,,,
Balanced Growth,Listed equity,INCYTE CORP,2471950,SEDOL,United States,US,INCY,
Balanced Growth,Listed equity,INDAH KIAT PULP & PAPER,6462422,SEDOL,Indonesia,IJ,INKP,
Balanced Growth,Listed equity,INDITEX,BP9DL90,SEDOL,Spain,SM,ITX,
Balanced Growth,Listed equity,INDO TAMBANGRAYA MEGAH TBK PT COMMON STOCK IDR 500,B29SK75,SEDOL,Indonesia,IJ,ITMG,
Balanced Growth,Listed equity,INDOFOOD CBP SUKSES,B4LD3M8,SEDOL,Indonesia,IJ,ICBP,
Balanced Growth,Listed equity,INDOFOOD SUKSES MAKMUR,6283979,SEDOL,Indonesia,IJ,INDF,
Balanced Growth,Listed equity,INDORAMA VENTURES PCL FOREIGN SH. THB 1,B5V4S12,SEDOL,Thailand,TB,IVL/F,
Balanced Growth,Listed equity,INDUSTRIA DE DISENO TEXTIL SA ADR USD,B3L4YX2,SEDOL,United States,US,IDEXY,
Balanced Growth,Listed equity,INDUSTRIAL BANK A (HK-C),BP3R295,SEDOL,China,C1,601166,
Balanced Growth,Listed equity,INDUSTRIAL BANK OF KOREA,6462972,SEDOL,South Korea,KS,024110,
Balanced Growth,Listed equity,INDUSTRIAL SEC A (HK-C),BP3R5B8,SEDOL,China,C1,601377,
Balanced Growth,Listed equity,INDUSTRIES QATAR,6673570,SEDOL,Qatar,QD,IQCD,
Balanced Growth,Listed equity,INDUSTRIVARDEN C,B1VSK54,SEDOL,Sweden,SS,INDUC,
Balanced Growth,Listed equity,INFO EDGE (INDIA),B1685L0,SEDOL,,,,
Balanced Growth,Listed equity,INFOMEDIA LTD,6268095,SEDOL,Australia,AU,IFM,
Balanced Growth,Listed equity,INFOSYS,6205122,SEDOL,India,IN,INFO,
Balanced Growth,Listed equity,INFRASTRUTTURE WIRELESS ITALIANE SPA COMMON STOCK EUR 0,BZ0P4R4,SEDOL,Italy,IM,INW,
Balanced Growth,Listed equity,ING GROEP,BZ57390,SEDOL,Netherlands,NA,INGA,
Balanced Growth,Listed equity,ING GROEP NV ADR USD,2452643,SEDOL,United States,US,ING,
Balanced Growth,Listed equity,INGHAMS GROUP LTD,BZCNHW2,SEDOL,Australia,AU,ING,
Balanced Growth,Listed equity,INNER MONGOL ER A (HK-C),BP3RH89,SEDOL,China,C1,600295,
Balanced Growth,Listed equity,INNER MONGOLIA YITAI B,6019011,SEDOL,China,CH,900948,
Balanced Growth,Listed equity,INNOVENT BIOLOGICS,BGR6KX5,SEDOL,Hong Kong,HK,1801,
Balanced Growth,Listed equity,INPEX CORP,B10RB15,SEDOL,Japan,JP,1605,
Balanced Growth,Listed equity,INSURANCE AUSTRALIA GRP,6271026,SEDOL,Australia,AU,IAG,
Balanced Growth,Listed equity,INTACT FINANCIAL,B04YJV1,SEDOL,Canada,CN,IFC,
Balanced Growth,Listed equity,INTEGRAL DIAGNOSTICS LIMITED,BYV2ZK7,SEDOL,Australia,AU,IDX,
Balanced Growth,Listed equity,INTELLIGENT MONITORING GROUP LTD COMMON STOCK AUD 0,BMF19D7,SEDOL,Australia,AU,IMB,
Balanced Growth,Listed equity,INTERCONEXION ELEC (NEW),2205706,SEDOL,Colombia,CB,ISA,
Balanced Growth,Listed equity,INTERCONTINENTAL EXCH,BFSSDS9,SEDOL,United States,US,ICE,
Balanced Growth,Listed equity,INTERCONTINENTAL HOTELS,BHJYC05,SEDOL,United Kingdom,LN,IHG,
Balanced Growth,Listed equity,INTERGLOBE AVIATION,BYYZ7D0,SEDOL,India,IN,INDIGO,
Balanced Growth,Listed equity,INTERNATIONAL HOLDING CO PJSC COMMON STOCK AED 1,B1K9VV1,SEDOL,United Arab Emirates,UH,IHC,
Balanced Growth,Listed equity,INTERTEK GROUP,3163836,SEDOL,United Kingdom,LN,ITRK,
Balanced Growth,Listed equity,INTESA SANPAOLO,4076836,SEDOL,Italy,IM,ISP,
Balanced Growth,Listed equity,INTESA SANPAOLO SPA ADR USD,B1M98R4,SEDOL,United States,US,ISNPY,
Balanced Growth,Listed equity,INTUIT,2459020,SEDOL,United States,US,INTU,
Balanced Growth,Listed equity,INTUITIVE SURGICAL,2871301,SEDOL,United States,US,ISRG,
Balanced Growth,Listed equity,INVESTEC LTD COMMON STOCK ZAR 0.02,B17BBR6,SEDOL,South Africa,SJ,INL,
Balanced Growth,Listed equity,INVESTOR B,BMV7PQ4,SEDOL,Sweden,SS,INVEB,
Balanced Growth,Listed equity,IPH LIMITED,BS7K5S1,SEDOL,Australia,AU,IPH,
Balanced Growth,Listed equity,IPSEN,B0R7JF1,SEDOL,France,FP,IPN,
Balanced Growth,Listed equity,IQIYI ADR A,BYWT1W1,SEDOL,United States,US,IQ,
Balanced Growth,Listed equity,IQVIA HOLDINGS,BDR73G1,SEDOL,United States,US,IQV,
Balanced Growth,Listed equity,ISHARES CORE MSCI CHINA ETF ETP HKD,6423247,SEDOL,Hong Kong,HK,2801,
Balanced Growth,Listed equity,ISHARES CORE S&P 500 ETF ETP USD,2593025,SEDOL,United States,US,IVV,
Balanced Growth,Listed equity,ISHARES MSCI CHINA ETF ETP USD,B5LX1Z4,SEDOL,United States,US,MCHI,
Balanced Growth,Listed equity,ISRAEL DISCOUNT BANK,6451271,SEDOL,Israel,IT,DSCT,
Balanced Growth,Listed equity,ISUZU MOTORS,6467104,SEDOL,Japan,JP,7202,
Balanced Growth,Listed equity,ITALGAS,BD2Z8S7,SEDOL,Italy,IM,IG,
Balanced Growth,Listed equity,ITAU UNIBANCO HOLDING SA ADR USD 0,2849739,SEDOL,United States,US,ITUB,
Balanced Growth,Listed equity,ITAU UNIBANCO PN,B037HR3,SEDOL,Brazil,BZ,ITUB4,
Balanced Growth,Listed equity,ITOCHU CORP,6467803,SEDOL,Japan,JP,8001,
Balanced Growth,Listed equity,ITURAN LOCATION AND CONTROL LTD COMMON STOCK USD 0.333333,B0LNCS9,SEDOL,United States,US,ITRN,
Balanced Growth,Listed equity,JABIL CIRCUIT,2471789,SEDOL,United States,US,JBL,
Balanced Growth,Listed equity,JACKSON FINANCIAL INC COMMON STOCK USD 0.01,BMFX6P4,SEDOL,United States,US,JXN,
Balanced Growth,Listed equity,JAPAN EXCHANGE GROUP,6743882,SEDOL,Japan,JP,8697,
Balanced Growth,Listed equity,JAPAN POST BANK CO,BYT8165,SEDOL,Japan,JP,7182,
Balanced Growth,Listed equity,JAPAN POST HOLDINGS CO,BYT8143,SEDOL,Japan,JP,6178,
Balanced Growth,Listed equity,JAPAN POST INSURANCE CO,BYT8154,SEDOL,Japan,JP,7181,
Balanced Growth,Listed equity,JARDINE MATHESON (USD),6472119,SEDOL,Singapore,SP,JM,
Balanced Growth,Listed equity,JB HI-FI,6702623,SEDOL,Australia,AU,JBH,
Balanced Growth,Listed equity,JBS ON,B1V74X7,SEDOL,,,,
Balanced Growth,Listed equity,JD LOGISTICS INC COMMON STOCK HKD 0.000025,BNMBPD9,SEDOL,Hong Kong,HK,2618,
Balanced Growth,Listed equity,JD SPORTS FASHION PLC COMMON STOCK GBP,BM8Q5M0,SEDOL,United Kingdom,LN,JD/,
Balanced Growth,Listed equity,JD.COM (HK),BKPQZT6,SEDOL,Hong Kong,HK,9618,
Balanced Growth,Listed equity,JD.COM ADR,BMM27D9,SEDOL,United States,US,JD,
Balanced Growth,Listed equity,JG SUMMIT HOLDINGS,6466457,SEDOL,Philippines,PM,JGS,
Balanced Growth,Listed equity,JIANGLING MOTORS CORP LTD COMMON STOCK CNY 1,BD5M272,SEDOL,China,C2,000550,
Balanced Growth,Listed equity,JIANGSU CHANGS A (HK-C),BFF1Z18,SEDOL,China,C1,601128,
Balanced Growth,Listed equity,JIANGSU EXPRESSWAY CO H,6005504,SEDOL,Hong Kong,HK,177,
Balanced Growth,Listed equity,JIANGSU HENGRUI A (HK-C),BP3R369,SEDOL,China,C1,600276,
Balanced Growth,Listed equity,JIANGSU KANION PHARMACEUTICAL CO LTD COMMON STOCK CNY 1,BP3R7P6,SEDOL,China,C1,600557,
Balanced Growth,Listed equity,JIANGXI COPPER CO H,6000305,SEDOL,Hong Kong,HK,358,
Balanced Growth,Listed equity,JOBY AVIATION INC COMMON STOCK USD 0.0001,BMCRLL0,SEDOL,United States,US,JOBY,
Balanced Growth,Listed equity,JOHNSON & JOHNSON,2475833,SEDOL,United States,US,JNJ,
Balanced Growth,Listed equity,JOYY INC ADR,BL3N3C5,SEDOL,United States,US,JOYY,
Balanced Growth,Listed equity,JPMORGAN CHASE & CO,2190385,SEDOL,United States,US,JPM,
Balanced Growth,Listed equity,JSC KASPI.KZ GDR-REG S,BJY21K1,SEDOL,United States,US,KSPI,
Balanced Growth,Listed equity,JSW ENERGY,B4X3ST8,SEDOL,India,IN,JSW,
Balanced Growth,Listed equity,JSW STEEL,BZBYJJ7,SEDOL,India,IN,JSTL,
Balanced Growth,Listed equity,JUDO CAPITAL HOLDINGS LTD,BMW7F41,SEDOL,Australia,AU,JDO,
Balanced Growth,Listed equity,JULIUS BAER GROUP,B4R2R50,SEDOL,Switzerland,SW,BAER,
Balanced Growth,Listed equity,JUMBO,7243530,SEDOL,Greece,GA,BELA,
Balanced Growth,Listed equity,JUMBO INTERACTIVE LIMITED,6524474,SEDOL,Australia,AU,JIN,
Balanced Growth,Listed equity,KANSAI ELECTRIC POWER CO,6483489,SEDOL,Japan,JP,9503,
Balanced Growth,Listed equity,KAROON ENERGY LTD,B00SV00,SEDOL,Australia,AU,KAR,
Balanced Growth,Listed equity,KASIKORNBANK FGN,6888794,SEDOL,Thailand,TB,KBANK/F,
Balanced Growth,Listed equity,KATHMANDU HOLDINGS LTD,B59HM77,SEDOL,Australia,AU,KMD,
Balanced Growth,Listed equity,KAWASAKI HEAVY IND,6484620,SEDOL,Japan,JP,7012,
Balanced Growth,Listed equity,KB FINANCIAL GROUP,B3DF0Y6,SEDOL,South Korea,KS,105560,
Balanced Growth,Listed equity,KB FINANCIAL GROUP INC ADR USD,B3DG2Y3,SEDOL,United States,US,KB,
Balanced Growth,Listed equity,KDDI,6248990,SEDOL,Japan,JP,9433,
Balanced Growth,Listed equity,KE HOLDINGS ADR,BMBX7M2,SEDOL,United States,US,BEKE,
Balanced Growth,Listed equity,KEIYO GAS CO LTD COMMON STOCK JPY,6487469,SEDOL,Japan,JP,9539,
Balanced Growth,Listed equity,KELLER GROUP PLC COMMON STOCK GBP 10,486622,SEDOL,United Kingdom,LN,KLR,
Balanced Growth,Listed equity,KELSIAN GROUP LIMITED,BPBKR80,SEDOL,Australia,AU,KLS,
Balanced Growth,Listed equity,KENVUE INC COMMON STOCK USD 0.01,BQ84ZQ6,SEDOL,United States,US,KVUE,
Balanced Growth,Listed equity,KEPCO KOREA ELECT. POWER,6495730,SEDOL,South Korea,KS,015760,
Balanced Growth,Listed equity,KERING,5505072,SEDOL,France,FP,KER,
Balanced Growth,Listed equity,KEURIG DR PEPPER,BD3W133,SEDOL,United States,US,KDP,
Balanced Growth,Listed equity,KEYSIGHT TECHNOLOGIES,BQZJ0Q9,SEDOL,United States,US,KEYS,
Balanced Growth,Listed equity,KGHM POLSKA MIEDZ,5263251,SEDOL,Poland,PW,KGH,
Balanced Growth,Listed equity,KGI FINANCIAL HOLDING CO,6431756,SEDOL,Taiwan,TT (Taiwan Stock Exchange),2883,
Balanced Growth,Listed equity,KGL RESOURCES LTD/AUSTRALIA COMMON STOCK AUD 0,B066SP2,SEDOL,Australia,AU,KGL,
Balanced Growth,Listed equity,KIA CORP,6490928,SEDOL,South Korea,KS,000270,
Balanced Growth,Listed equity,KIKKOMAN CORP,6490809,SEDOL,Japan,JP,2801,
Balanced Growth,Listed equity,KIMBERLY-CLARK CORP,2491839,SEDOL,United States,US,KMB,
Balanced Growth,Listed equity,KINDER MORGAN P,B3NQ4P8,SEDOL,United States,US,KMI,
Balanced Growth,Listed equity,KINGBOARD HOLDINGS (CN),6491318,SEDOL,Hong Kong,HK,148,
Balanced Growth,Listed equity,KINGFISHER,3319521,SEDOL,United Kingdom,LN,KGF,
Balanced Growth,Listed equity,KINKI SHARYO CO LTD/THE COMMON STOCK JPY,6493002,SEDOL,Japan,JP,7122,
Balanced Growth,Listed equity,KINROSS GOLD CORP,B03Z841,SEDOL,Canada,CN,K,
Balanced Growth,Listed equity,KIWOOM SECURITIES CO LTD COMMON STOCK KRW 5000,B00VS64,SEDOL,South Korea,KS,039490,
Balanced Growth,Listed equity,KLA CORPORATION,2480138,SEDOL,United States,US,KLAC,
Balanced Growth,Listed equity,KLABIN SA UNIT BRL 0,BJ0K6Z9,SEDOL,Brazil,BZ,KLBN11,
Balanced Growth,Listed equity,KLAVENESS COMBINATION CARRIERS ASA COMMON STOCK NOK 1,BGR6L09,SEDOL,Belgium,NO,KCC,
Balanced Growth,Listed equity,KOC HOLDING,B03MVJ8,SEDOL,Turkey,TI,KCHOL,
Balanced Growth,Listed equity,KOGAN.COM LTD,BYYY339,SEDOL,Australia,AU,KGN,
Balanced Growth,Listed equity,KOMATSU,6496584,SEDOL,Japan,JP,6301,
Balanced Growth,Listed equity,KOMERCNI BANKA,4519449,SEDOL,Czech Republic,CP,KOMB,
Balanced Growth,Listed equity,KONAMI GROUP CORP,6496681,SEDOL,Japan,JP,9766,
Balanced Growth,Listed equity,KONGSBERG GRUPPEN ASA COMMON STOCK NOK 1.25,5208241,SEDOL,,,,
Balanced Growth,Listed equity,KONINKLIJKE KPN,5956078,SEDOL,Netherlands,NA,KPN,
Balanced Growth,Listed equity,KONINKLIJKE PHILIPS,5986622,SEDOL,Netherlands,NA,PHIA,
Balanced Growth,Listed equity,KOREA GAS CORPORATION,6182076,SEDOL,South Korea,KS,036460,
Balanced Growth,Listed equity,KOREA INVESTMENT HLDG,6654586,SEDOL,South Korea,KS,071050,
Balanced Growth,Listed equity,KOREAN AIR CO,6496766,SEDOL,South Korea,KS,003490,
Balanced Growth,Listed equity,KOTAK MAHINDRA BANK,6135661,SEDOL,India,IN,KMB,
Balanced Growth,Listed equity,KRAFT HEINZ CO,BYRY499,SEDOL,United States,US,KHC,
Balanced Growth,Listed equity,KRAFTON,BMBP900,SEDOL,South Korea,KS,259960,
Balanced Growth,Listed equity,KROGER CO,2497406,SEDOL,United States,US,KR,
Balanced Growth,Listed equity,KRUNG THAI BANK PCL FOREIGN SH. THB 5.15,6492838,SEDOL,Thailand,TB,KTB/F,
Balanced Growth,Listed equity,KSS LINE LTD COMMON STOCK KRW 500,B28TPF2,SEDOL,South Korea,KS,044450,
Balanced Growth,Listed equity,KT CORP,6505316,SEDOL,South Korea,KS,030200,
Balanced Growth,Listed equity,KT CORP ADR USD,2419875,SEDOL,United States,US,KT,
Balanced Growth,Listed equity,KUAISHOU TECHNOLOGY B,BLC90T0,SEDOL,Hong Kong,HK,1024,
Balanced Growth,Listed equity,KUMBA IRON ORE,B1G4262,SEDOL,South Africa,SJ,KIO,
Balanced Growth,Listed equity,KUMHO PETRO CHEMICAL CO,6499323,SEDOL,South Korea,KS,011780,
Balanced Growth,Listed equity,KUNLUN ENERGY,6340078,SEDOL,Hong Kong,HK,135,
Balanced Growth,Listed equity,KWEICHOW MOUTAI A (HK-C),BP3R2F1,SEDOL,China,C1,600519,
Balanced Growth,Listed equity,KYOCERA CORP,6499260,SEDOL,Japan,JP,6971,
Balanced Growth,Listed equity,KYOEI SANGYO CO LTD/TOKYO COMMON STOCK JPY,6498405,SEDOL,Japan,JP,6973,
Balanced Growth,Listed equity,KYOWA LEATHER CLOTH CO LTD COMMON STOCK JPY,6499505,SEDOL,Japan,JP,3553,
Balanced Growth,Listed equity,L&T FINANCE LTD COMMON STOCK INR 10,B5KYHQ1,SEDOL,India,IN,LTF,
Balanced Growth,Listed equity,L'OREAL,4057808,SEDOL,France,FP,OR,
Balanced Growth,Listed equity,LA FRANCAISE DES JEUX SACA COMMON STOCK EUR,BG0SC10,SEDOL,France,FP,FDJU,
Balanced Growth,Listed equity,LABCORP HOLDINGS,BSBK800,SEDOL,United States,US,LH,
Balanced Growth,Listed equity,LAM RESEARCH CORP COMMON STOCK USD 0.001,BSML4N7,SEDOL,United States,US,LRCX,
Balanced Growth,Listed equity,LAMB WESTON HOLDINGS,BDQZFJ3,SEDOL,United States,US,LW,
Balanced Growth,Listed equity,LANTHEUS HOLDINGS INC COMMON STOCK USD 0.01,BP8S8J5,SEDOL,United States,US,LNTH,
Balanced Growth,Listed equity,LARGAN PRECISION CO,6451668,SEDOL,Taiwan,TT (Taiwan Stock Exchange),3008,
Balanced Growth,Listed equity,LARSEN & TOUBRO,B0166K8,SEDOL,India,IN,LT,
Balanced Growth,Listed equity,LEG IMMOBILIEN,B9G6L89,SEDOL,Germany,GR,LEG,
Balanced Growth,Listed equity,LEGAL & GENERAL GROUP,560399,SEDOL,United Kingdom,LN,LGEN,
Balanced Growth,Listed equity,LEGEND HOLDINGS CORP,BYMW733,SEDOL,Hong Kong,HK,3396,
Balanced Growth,Listed equity,LEGRAND,B11ZRK9,SEDOL,United Kingdom,EB,LRP,
Balanced Growth,Listed equity,LEIDOS HOLDINGS,BDV82B8,SEDOL,United States,US,LDOS,
Balanced Growth,Listed equity,LENNAR CORP A,2511920,SEDOL,United States,US,LEN,
Balanced Growth,Listed equity,LENOVO GROUP,6218089,SEDOL,Hong Kong,HK,992,
Balanced Growth,Listed equity,LENS TECHNOLOGY A (HK-C),BD5CP17,SEDOL,China,C2,300433,
Balanced Growth,Listed equity,LEO LITHIUM LTD COMMON STOCK AUD,BPX2X20,SEDOL,Australia,AT,LLL,
Balanced Growth,Listed equity,LEONARDO,B0DJNG0,SEDOL,Italy,IM,LDO,
Balanced Growth,Listed equity,LG DISPLAY CO,B01VZN9,SEDOL,South Korea,KS,034220,
Balanced Growth,Listed equity,LG ELECTRONICS (NEW),6520739,SEDOL,South Korea,KS,066570,
Balanced Growth,Listed equity,LG H&H,6344456,SEDOL,South Korea,KS,051900,
Balanced Growth,Listed equity,LG INNOTEK CO,B39Z8G8,SEDOL,South Korea,KS,011070,
Balanced Growth,Listed equity,LG UPLUS,6290902,SEDOL,South Korea,KS,032640,
Balanced Growth,Listed equity,LIC HOUSING FINANCE LTD COMMON STOCK INR 2,6101026,SEDOL,India,IN,LICHF,
Balanced Growth,Listed equity,LIFE360 INC,BJMXQ67,SEDOL,Australia,AU,360,
Balanced Growth,Listed equity,LIFESTYLE COMMUNITIES LTD,6137195,SEDOL,Australia,AU,LIC,
Balanced Growth,Listed equity,LIGHT & WONDER INC,BMXNX11,SEDOL,Australia,AU,LNW,
Balanced Growth,Listed equity,LILLY (ELI) & COMPANY,2516152,SEDOL,United States,US,LLY,
Balanced Growth,Listed equity,LINDE PLC COMMON STOCK EUR 0.001,BNZHB81,SEDOL,United States,US,LIN,
Balanced Growth,Listed equity,LITE-ON TECHNOLOGY CORP,6519481,SEDOL,Taiwan,TT (Taiwan Stock Exchange),2301,
Balanced Growth,Listed equity,LIVE NATION ENTMT,B0T7YX2,SEDOL,United States,US,LYV,
Balanced Growth,Listed equity,LLOYDS BANKING GROUP,870612,SEDOL,United Kingdom,LN,LLOY,
Balanced Growth,Listed equity,LOBLAW,2521800,SEDOL,Canada,CN,L,
Balanced Growth,Listed equity,LOCALIZA RENT A CAR ON,B08K3S0,SEDOL,Brazil,BZ,RENT3,
Balanced Growth,Listed equity,LOCKHEED MARTIN CORP COMMON STOCK USD 1,2522096,SEDOL,United States,US,LMT,
Balanced Growth,Listed equity,LOEWS CORP,2523022,SEDOL,United States,US,L,
Balanced Growth,Listed equity,LOGITECH INTERNATIONAL SA COMMON STOCK CHF 0.25,B18ZRK2,SEDOL,Switzerland,SW,LOGN,
Balanced Growth,Listed equity,LOGITECH INTERNATIONAL SA COMMON STOCK CHF 0.25,B1921K0,SEDOL,United States,US,LOGI,
Balanced Growth,Listed equity,LOJAS RENNER ON,B0CGYD6,SEDOL,Brazil,BZ,LREN3,
Balanced Growth,Listed equity,LONDON STOCK EXCHANGE,B0SWJX3,SEDOL,United Kingdom,LN,LSEG,
Balanced Growth,Listed equity,LONGFOR GROUP HOLDINGS,B56KLY9,SEDOL,Hong Kong,HK,960,
Balanced Growth,Listed equity,LOTTE HOLDINGS,6535432,SEDOL,South Korea,KS,004990,
Balanced Growth,Listed equity,LOTTE SHOPPING CO,B0WGPZ5,SEDOL,South Korea,KS,023530,
Balanced Growth,Listed equity,LOTUS RESOURCES LIMITED,BK6XLC1,SEDOL,Australia,AU,LOT,
Balanced Growth,Listed equity,LOVISA HOLDINGS LTD,BT9PVP0,SEDOL,Australia,AU,LOV,
Balanced Growth,Listed equity,LOWE'S COS,2536763,SEDOL,United States,US,LOW,
Balanced Growth,Listed equity,LPL FINANCIAL HOLDINGS INC COMMON STOCK USD,B75JX34,SEDOL,United States,US,LPLA,
Balanced Growth,Listed equity,LPP,7127979,SEDOL,Poland,PW,LPP,
Balanced Growth,Listed equity,LUCKY CEMENT,6537557,SEDOL,Pakistan,PA,LUCK,
Balanced Growth,Listed equity,LUFAX HOLDING ADR,BR0V7R7,SEDOL,United States,US,LU,
Balanced Growth,Listed equity,LULU RETAIL HOLDINGS PLC COMMON STOCK AED 0.051,BNG1TF5,SEDOL,United Arab Emirates,UH,LULU,
Balanced Growth,Listed equity,LULULEMON ATHLETICA,B23FN39,SEDOL,United States,US,LULU,
Balanced Growth,Listed equity,LUNDIN MINING CORP,2866857,SEDOL,Canada,CN,LUN,
Balanced Growth,Listed equity,LUXSHARE PREC A (HK-C),BD5CN80,SEDOL,China,C2,002475,
Balanced Growth,Listed equity,LVMH MOET HENNESSY,4061412,SEDOL,France,FP,MC,
Balanced Growth,Listed equity,LYNAS RARE EARTHS LTD,6121176,SEDOL,Australia,AU,LYC,
Balanced Growth,Listed equity,LYONDELLBASELL INDS A,B3SPXZ3,SEDOL,United States,US,LYB,
Balanced Growth,Listed equity,MAAS GROUP HOLDINGS LTD,BLD4919,SEDOL,Australia,AU,MGH,
Balanced Growth,Listed equity,MAC COPPER LIMITED,BS2KWR4,SEDOL,Australia,AU,MAC,
Balanced Growth,Listed equity,MACMAHON HOLDINGS LTD,6551160,SEDOL,Australia,AU,MAH,
Balanced Growth,Listed equity,MACQUARIE GROUP,B28YTC2,SEDOL,Australia,AU,MQG,
Balanced Growth,Listed equity,MACQUARIE TECHNOLOGY GROUP LIMITED,6175054,SEDOL,Australia,AU,MAQ,
Balanced Growth,Listed equity,MACROTECH DEVELOPERS,BM9G370,SEDOL,India,IN,LODHA,
Balanced Growth,Listed equity,MAGELLAN FINANCIAL GROUP,B015YX4,SEDOL,Australia,AU,MFG,
Balanced Growth,Listed equity,MAGONTEC LTD COMMON STOCK AUD 0,B6S2SR2,SEDOL,Australia,AU,MGL,
Balanced Growth,Listed equity,MAHINDRA & MAHINDRA,6100186,SEDOL,India,IN,MM,
Balanced Growth,Listed equity,MAKEMYTRIP LTD COMMON STOCK USD 0.0005,B552PC2,SEDOL,United States,US,MMYT,
Balanced Growth,Listed equity,MAKITA CORP,6555805,SEDOL,Japan,JP,6586,
Balanced Growth,Listed equity,MALAYAN BANKING,6556325,SEDOL,Malaysia,MK,MAY,
Balanced Growth,Listed equity,MALAYSIA AIRPORTS HOLDINGS BHD COMMON STOCK MYR 0,6188193,SEDOL,,,,
Balanced Growth,Listed equity,MANHATTAN ASSOCIATES,2239471,SEDOL,United States,US,MANH,
Balanced Growth,Listed equity,MANILA ELECTRIC CO B,B247XZ6,SEDOL,Philippines,PM,MER,
Balanced Growth,Listed equity,MANULIFE FINANCIAL CORP,2492519,SEDOL,Canada,CN,MFC,
Balanced Growth,Listed equity,MARATHON PETROLEUM,B3K3L40,SEDOL,United States,US,MPC,
Balanced Growth,Listed equity,MARCOPOLO SA COMMON STOCK BRL 0,2564667,SEDOL,Brazil,BZ,POMO3,
Balanced Growth,Listed equity,MARKS & SPENCER GROUP,3127489,SEDOL,United Kingdom,LN,MKS,
Balanced Growth,Listed equity,MARRIOTT INTERNATIONAL A,2210614,SEDOL,United States,US,MAR,
Balanced Growth,Listed equity,MARSH & MCLENNAN COS,2567741,SEDOL,United States,US,MMC,
Balanced Growth,Listed equity,MARUBENI CONSTRUCTION MATERIAL LEASE CO LTD COMMON STOCK JPY,6569378,SEDOL,Japan,JP,9763,
Balanced Growth,Listed equity,MARVELL TECHNOLOGY INC COMMON STOCK USD 0.002,BNKJSM5,SEDOL,United States,US,MRVL,
Balanced Growth,Listed equity,MASCO CORP,2570200,SEDOL,United States,US,MAS,
Balanced Growth,Listed equity,MASTERCARD A,B121557,SEDOL,United States,US,MA,
Balanced Growth,Listed equity,MATCH GROUP(NEW),BK80XH9,SEDOL,United States,US,MTCH,
Balanced Growth,Listed equity,MATSUKIYOCOCOKARA & CO,B249GC0,SEDOL,Japan,JP,3088,
Balanced Growth,Listed equity,MAX FINANCIAL SERVICES LTD COMMON STOCK INR 2,B1TJG95,SEDOL,India,IN,MAXF,
Balanced Growth,Listed equity,MAX HEALTHCARE INSTITUTE,BMB2291,SEDOL,India,IN,MAXHEALT,
Balanced Growth,Listed equity,MAZDA MOTOR CORP,6900308,SEDOL,Japan,JP,7261,
Balanced Growth,Listed equity,MCDONALD'S CORP,2550707,SEDOL,United States,US,MCD,
Balanced Growth,Listed equity,MCKESSON CORP,2378534,SEDOL,United States,US,MCK,
Balanced Growth,Listed equity,MEDIATEK INC,6372480,SEDOL,Taiwan,TT (Taiwan Stock Exchange),2454,
Balanced Growth,Listed equity,MEDIBANK PRIVATE,BRTNNQ5,SEDOL,Australia,AU,MPL,
Balanced Growth,Listed equity,MEDIOBANCA,4574813,SEDOL,Italy,IM,MB,
Balanced Growth,Listed equity,MEEZAN BANK LTD COMMON STOCK PKR 10,6292083,SEDOL,Pakistan,PA,MEBL,
Balanced Growth,Listed equity,MEG ENERGY CORP,B4XF9J1,SEDOL,Canada,CN,MEG,
Balanced Growth,Listed equity,MEGAPORT LIMITED,BZ5ZWZ3,SEDOL,Australia,AU,MP1,
Balanced Growth,Listed equity,MEIJI SHIPPING GROUP CO LTD COMMON STOCK JPY,6576248,SEDOL,Japan,JP,9115,
Balanced Growth,Listed equity,MEITUAN B,BGJW376,SEDOL,Hong Kong,HK,3690,
Balanced Growth,Listed equity,MERCADOLIBRE,B23X1H3,SEDOL,United States,US,MELI,
Balanced Growth,Listed equity,MERCEDES BENZ GROUP,5529027,SEDOL,Germany,GR,MBG,
Balanced Growth,Listed equity,MERCK & CO,2778844,SEDOL,United States,US,MRK,
Balanced Growth,Listed equity,MERITZ FINANCIAL HOLDING,B4WRJD2,SEDOL,South Korea,KS,138040,
Balanced Growth,Listed equity,META PLATFORMS A,B7TL820,SEDOL,United States,US,META,
Balanced Growth,Listed equity,METALS X LTD COMMON STOCK AUD 0,B02HJ56,SEDOL,Australia,AU,MLX,
Balanced Growth,Listed equity,METALURGICA GERDAU SA PREFERENCE BRL 0,2648862,SEDOL,Brazil,BZ,GOAU4,
Balanced Growth,Listed equity,METCASH LTD,B0744W4,SEDOL,Australia,AU,MTS,
Balanced Growth,Listed equity,METRO A,2583952,SEDOL,Canada,CN,MRU,
Balanced Growth,Listed equity,METROPOLITAN BANK &TRUST,6514442,SEDOL,Philippines,PM,MBT,
Balanced Growth,Listed equity,METTLER TOLEDO INTL,2126249,SEDOL,United States,US,MTD,
Balanced Growth,Listed equity,MGM RESORTS INTL,2547419,SEDOL,United States,US,MGM,
Balanced Growth,Listed equity,MICHELIN,BPBPJ01,SEDOL,France,FP,ML,
Balanced Growth,Listed equity,MICROCHIP TECHNOLOGY,2592174,SEDOL,United States,US,MCHP,
Balanced Growth,Listed equity,MICRON TECHNOLOGY,2588184,SEDOL,United States,US,MU,
Balanced Growth,Listed equity,MICROSOFT CORP,2588173,SEDOL,United States,US,MSFT,
Balanced Growth,Listed equity,MICROSTRATEGY,2974329,SEDOL,United States,US,MSTR,
Balanced Growth,Listed equity,MIDEA GROUP CO A (HK-C),BD5CPP1,SEDOL,China,C2,000333,
Balanced Growth,Listed equity,MIDEA GROUP H,BQB7ZL7,SEDOL,Hong Kong,HK,300,
Balanced Growth,Listed equity,MIDEA REAL ESTATE HOLDING LTD COMMON STOCK HKD 1,BF55Q06,SEDOL,Hong Kong,HK,3990,
Balanced Growth,Listed equity,MIGDAL INSURANCE & FINANCIAL HOLDINGS LTD COMMON STOCK ILS 0,6509062,SEDOL,Israel,IT,MGDL,
Balanced Growth,Listed equity,MINERAL RESOURCES,B17ZL56,SEDOL,Australia,AU,MIN,
Balanced Growth,Listed equity,MINTH GROUP (CN),B0RJCG9,SEDOL,Hong Kong,HK,425,
Balanced Growth,Listed equity,MIRAE ASSET SECURITIES,6249658,SEDOL,South Korea,KS,006800,
Balanced Growth,Listed equity,MISC BHD,6557997,SEDOL,Malaysia,MK,MISC,
Balanced Growth,Listed equity,MITSUBISHI CORP,6596785,SEDOL,Japan,JP,8058,
Balanced Growth,Listed equity,MITSUBISHI ELECTRIC CORP,6597045,SEDOL,Japan,JP,6503,
Balanced Growth,Listed equity,MITSUBISHI HEAVY IND,6597067,SEDOL,Japan,JP,7011,
Balanced Growth,Listed equity,MITSUBISHI UFJ FIN GRP,6335171,SEDOL,Japan,JP,8306,
Balanced Growth,Listed equity,MITSUI FUDOSAN CO,6597603,SEDOL,Japan,JP,8801,
Balanced Growth,Listed equity,MITSUI OSK LINES,6597584,SEDOL,Japan,JP,9104,
Balanced Growth,Listed equity,MIZRAHI TEFAHOT BANK,6916703,SEDOL,Israel,IT,MZTF,
Balanced Growth,Listed equity,MIZUHO FINANCIAL GROUP,6591014,SEDOL,Japan,JP,8411,
Balanced Growth,Listed equity,MMG,6728793,SEDOL,Hong Kong,HK,1208,
Balanced Growth,Listed equity,MOBVISTA INC COMMON STOCK HKD 0.01,BHR7002,SEDOL,Hong Kong,HK,1860,
Balanced Growth,Listed equity,MODERNA,BGSXTS3,SEDOL,United States,US,MRNA,
Balanced Growth,Listed equity,MOL MAGYAR OLAJ GAZIPARI,BD5ZXH8,SEDOL,Hungary,HB,MOL,
Balanced Growth,Listed equity,MOLSON COORS BREWING B,B067BM3,SEDOL,United States,US,TAP,
Balanced Growth,Listed equity,MOMENTUM METROPOL HLDGS,BK9S758,SEDOL,South Africa,SJ,MTM,
Balanced Growth,Listed equity,MONADELPHOUS GROUP LTD,6600471,SEDOL,Australia,AU,MND,
Balanced Growth,Listed equity,MONCLER SPA,BGLP232,SEDOL,Italy,IM,MONC,
Balanced Growth,Listed equity,MONDAY.COM LTD COMMON STOCK USD,BMHRYX8,SEDOL,United States,US,MNDY,
Balanced Growth,Listed equity,MONDELEZ INTERNATIONAL A,B8CKK03,SEDOL,United States,US,MDLZ,
Balanced Growth,Listed equity,MONOLITHIC POWER SYSTEMS,B01Z7J1,SEDOL,United States,US,MPWR,
Balanced Growth,Listed equity,MOODY'S CORP,2252058,SEDOL,United States,US,MCO,
Balanced Growth,Listed equity,MORGAN STANLEY,2262314,SEDOL,United States,US,MS,
Balanced Growth,Listed equity,MOSAIC CO (THE),B3NPHP6,SEDOL,United States,US,MOS,
Balanced Growth,Listed equity,MOTOR OIL HELLAS,5996234,SEDOL,Greece,GA,MOH,
Balanced Growth,Listed equity,MOTOROLA SOLUTIONS,B5BKPQ4,SEDOL,United States,US,MSI,
Balanced Growth,Listed equity,MOUNT GIBSON IRON,6963743,SEDOL,Australia,AU,MGX,
Balanced Growth,Listed equity,MPC CONTAINER SHIPS ASA COMMON STOCK NOK 1,BF20GN7,SEDOL,Belgium,NO,MPCC,
Balanced Growth,Listed equity,MS&AD INSURANCE GROUP,B2Q4CS1,SEDOL,Japan,JP,8725,
Balanced Growth,Listed equity,MSCI,B2972D2,SEDOL,United States,US,MSCI,
Balanced Growth,Listed equity,MTN GROUP,6563206,SEDOL,South Africa,SJ,MTN,
Balanced Growth,Listed equity,MTU AERO ENGINES,B09DHL9,SEDOL,Germany,GR,MTX,
Balanced Growth,Listed equity,MUENCHENER RUECKVERSICH,5294121,SEDOL,Germany,GR,MUV2,
Balanced Growth,Listed equity,MURAKAMI CORP COMMON STOCK JPY,6610232,SEDOL,Japan,JP,7292,
Balanced Growth,Listed equity,MURATA MANUFACTURING CO,6610403,SEDOL,Japan,JP,6981,
Balanced Growth,Listed equity,MUTHOOT FINANCE,B40MFF3,SEDOL,India,IN,MUTH,
Balanced Growth,Listed equity,MYER HOLDINGS LTD,B50YPZ6,SEDOL,Australia,AU,MYR,
Balanced Growth,Listed equity,NAKANO CORP/TOKYO COMMON STOCK JPY,6620844,SEDOL,Japan,JP,1827,
Balanced Growth,Listed equity,NANOSONICS LIMITED,B1WF979,SEDOL,Australia,AU,NAN,
Balanced Growth,Listed equity,NARI TECHNOLOGY A (HK-C),BP3R444,SEDOL,China,C1,600406,
Balanced Growth,Listed equity,NASPERS N,BN0VX82,SEDOL,South Africa,SJ,NPN,
Balanced Growth,Listed equity,NATIONAL AUSTRALIA BANK,6624608,SEDOL,Australia,AU,NAB,
Balanced Growth,Listed equity,NATIONAL BANK OF GREECE,BG087C6,SEDOL,Greece,GA,ETE,
Balanced Growth,Listed equity,NATIONAL GRID,BDR05C0,SEDOL,United Kingdom,LN,NG/,
Balanced Growth,Listed equity,NATURA & CO HOLDINGS,BJRFY31,SEDOL,Brazil,BS,NTCO3,
Balanced Growth,Listed equity,NATWEST GROUP,BM8PJY7,SEDOL,United Kingdom,LN,NWG,
Balanced Growth,Listed equity,NATWEST GROUP PLC ADR USD,BP0WTS1,SEDOL,United States,US,NWG,
Balanced Growth,Listed equity,NAVER,6560393,SEDOL,South Korea,KS,035420,
Balanced Growth,Listed equity,NAVIGATOR GLOBAL INVESTMENTS LTD,BFN1D38,SEDOL,Australia,AU,NGI,
Balanced Growth,Listed equity,NAVINFO CO LTD COMMON STOCK CNY 1,BD5CKR8,SEDOL,China,C2,002405,
Balanced Growth,Listed equity,NBTM NEW MATERIALS GROUP CO LTD COMMON STOCK CNY 1,BP3RJR2,SEDOL,China,C1,600114,
Balanced Growth,Listed equity,NCSOFT CORP,6264189,SEDOL,South Korea,KS,036570,
Balanced Growth,Listed equity,NEBIUS GROUP NV COMMON STOCK USD 0.01,B5BSZB3,SEDOL,United States,US,NBIS,
Balanced Growth,Listed equity,NEC CORP,6640400,SEDOL,Japan,JP,6701,
Balanced Growth,Listed equity,NEDBANK GROUP,6628008,SEDOL,South Africa,SJ,NED,
Balanced Growth,Listed equity,NEMETSCHEK,5633962,SEDOL,Germany,GR,NEM,
Balanced Growth,Listed equity,NEOENERGIA SA COMMON STOCK BRL 0,BF8GMG4,SEDOL,Brazil,BZ,NEOE3,
Balanced Growth,Listed equity,NEPI ROCKCASTLE,BLF9GQ6,SEDOL,South Africa,SJ,NRP,
Balanced Growth,Listed equity,NESTLE,7123870,SEDOL,Switzerland,SW,NESN,
Balanced Growth,Listed equity,NESTLE INDIA,BQB8GH3,SEDOL,India,IN,NEST,
Balanced Growth,Listed equity,NETAPP,2630643,SEDOL,United States,US,NTAP,
Balanced Growth,Listed equity,NETEASE COM ADR,2606440,SEDOL,United States,US,NTES,
Balanced Growth,Listed equity,NETEASE INC COMMON STOCK CNY 0.0001,BM93SF4,SEDOL,Hong Kong,HK,9999,
Balanced Growth,Listed equity,NETFLIX,2857817,SEDOL,United States,US,NFLX,
Balanced Growth,Listed equity,NETWEALTH GROUP LTD,BF52PL1,SEDOL,Australia,AU,NWL,
Balanced Growth,Listed equity,NEUREN PHARMACEUTICALS LTD,B04LVF0,SEDOL,Australia,AU,NEU,
Balanced Growth,Listed equity,NEW CHINA LIFE INS H,B5730Z1,SEDOL,Hong Kong,HK,1336,
Balanced Growth,Listed equity,NEW FOX A,BJJMGL2,SEDOL,United States,US,FOXA,
Balanced Growth,Listed equity,NEW FOX B,BJJMGY5,SEDOL,United States,US,FOX,
Balanced Growth,Listed equity,NEW HOPE CORP,6681960,SEDOL,Australia,AU,NHC,
Balanced Growth,Listed equity,NEW INFORMA,BMJ6DW5,SEDOL,United Kingdom,LN,INF,
Balanced Growth,Listed equity,NEW ORIENTAL EDUCATION,BN4MKV3,SEDOL,Hong Kong,HK,9901,
Balanced Growth,Listed equity,NEW WORLD RESOURCES LTD COMMON STOCK AUD 0,BZ17GS4,SEDOL,,,,
Balanced Growth,Listed equity,NEWMONT CORPORATION CDI,BRDVMB3,SEDOL,Australia,AU,NEM,
Balanced Growth,Listed equity,NEWS CORP,BD7SZP7,SEDOL,Australia,AU,NWS,
Balanced Growth,Listed equity,NEXANS SA COMMON STOCK EUR 1,7130836,SEDOL,France,FP,NEX,
Balanced Growth,Listed equity,NEXGEN ENERGY LTD.,BLR8K36,SEDOL,Australia,AU,NXG,
Balanced Growth,Listed equity,NEXON CO,B63QM77,SEDOL,Japan,JP,3659,
Balanced Growth,Listed equity,NEXTDC LTD,B5LMKP4,SEDOL,Australia,AU,NXT,
Balanced Growth,Listed equity,NEXTEER AUTOMOTIVE GROUP LTD COMMON STOCK HKD 0.1,BBPD5F0,SEDOL,Hong Kong,HK,1316,
Balanced Growth,Listed equity,NEXTERA ENERGY,2328915,SEDOL,United States,US,NEE,
Balanced Growth,Listed equity,NH INVESTMENT & SECURITIES CO LTD COMMON STOCK KRW 5000,6537085,SEDOL,South Korea,KS,005940,
Balanced Growth,Listed equity,NIB HOLDINGS LIMITED,B28ZM60,SEDOL,Australia,AU,NHF,
Balanced Growth,Listed equity,NICE,6647133,SEDOL,Israel,IT,NICE,
Balanced Growth,Listed equity,NICE LTD ADR USD,2639736,SEDOL,United States,US,NICE,
Balanced Growth,Listed equity,NICK SCALI LIMITED,B00VZV8,SEDOL,Australia,AU,NCK,
Balanced Growth,Listed equity,NICKEL INDUSTRIES LTD,BZ7NDP2,SEDOL,Australia,AU,NIC,
Balanced Growth,Listed equity,NIEN MADE ENTERPRISE CO LTD COMMON STOCK TWD 10,BSZLN15,SEDOL,Taiwan,TT (Taiwan Stock Exchange),8464,
Balanced Growth,Listed equity,NIHON PLAST CO LTD COMMON STOCK JPY,6639583,SEDOL,Japan,JP,7291,
Balanced Growth,Listed equity,NIKE B,2640147,SEDOL,United States,US,NKE,
Balanced Growth,Listed equity,NINE ENTERTAINMENT CO. HOLDINGS LIMITED,BGQV183,SEDOL,Australia,AU,NEC,
Balanced Growth,Listed equity,NINGBO SANXING  A (HK-C),BP3RJG1,SEDOL,China,C1,601567,
Balanced Growth,Listed equity,NINTENDO CO,6639550,SEDOL,Japan,JP,7974,
Balanced Growth,Listed equity,NIPPON YUSEN K.K,6643960,SEDOL,Japan,JP,9101,
Balanced Growth,Listed equity,NITTO DENKO CORP,6641801,SEDOL,Japan,JP,6988,
Balanced Growth,Listed equity,NMDC,6148119,SEDOL,India,IN,NMDC,
Balanced Growth,Listed equity,NN GROUP,BNG8PQ9,SEDOL,Netherlands,NA,NN,
Balanced Growth,Listed equity,NOKIA CORP,5902941,SEDOL,Finland,FH,NOKIA,
Balanced Growth,Listed equity,NOMURA HOLDINGS,6643108,SEDOL,Japan,JP,8604,
Balanced Growth,Listed equity,NOMURA HOLDINGS INC ADR USD,2830164,SEDOL,United States,US,NMR,
Balanced Growth,Listed equity,NOMURA RESEARCH INST,6390921,SEDOL,Japan,JP,4307,
Balanced Growth,Listed equity,NORDEA BANK  (FI),BFM0SV9,SEDOL,Finland,FH,NDA,
Balanced Growth,Listed equity,NORDEA BANK ABP COMMON STOCK EUR 1,BGJRHX5,SEDOL,Denmark,DC,NDA,
Balanced Growth,Listed equity,NORDEA BANK ABP COMMON STOCK EUR 1,BYZF9J9,SEDOL,Sweden,SS,NDA,
Balanced Growth,Listed equity,NORSK HYDRO,B11HK39,SEDOL,Belgium,NO,NHY,
Balanced Growth,Listed equity,NORTHERN STAR RESOURCES,6717456,SEDOL,Australia,AU,NST,
Balanced Growth,Listed equity,NORTHERN TRUST CORP,2648668,SEDOL,United States,US,NTRS,
Balanced Growth,Listed equity,NOS SGPS SA COMMON STOCK EUR 0.01,B0B9GS5,SEDOL,Portugal,PL,NOS,
Balanced Growth,Listed equity,NOVARTIS,7103065,SEDOL,Switzerland,SW,NOVN,
Balanced Growth,Listed equity,NOVATEK MICROELECTRS,6346333,SEDOL,Taiwan,TT (Taiwan Stock Exchange),3034,
Balanced Growth,Listed equity,NOVO NORDISK B,BP6KMJ1,SEDOL,Denmark,DC,NOVOB,
Balanced Growth,Listed equity,NOVONIX LTD,BYZ6CM6,SEDOL,Australia,AU,NVX,
Balanced Growth,Listed equity,NRW HOLDINGS LIMITED,B23XW70,SEDOL,Australia,AU,NWH,
Balanced Growth,Listed equity,NTPC,B037HF1,SEDOL,India,IN,NTPC,
Balanced Growth,Listed equity,NTT CORP,6641373,SEDOL,Japan,JP,9432,
Balanced Growth,Listed equity,NU HOLDINGS A,BN6NP19,SEDOL,United States,US,NU,
Balanced Growth,Listed equity,NUCOR CORP,2651086,SEDOL,United States,US,NUE,
Balanced Growth,Listed equity,NUFARM LIMITED,6335331,SEDOL,Australia,AU,NUF,
Balanced Growth,Listed equity,NUIX LTD,BMW7P63,SEDOL,Australia,AU,NXL,
Balanced Growth,Listed equity,NUTANIX A,BYQBFT8,SEDOL,United States,US,NTNX,
Balanced Growth,Listed equity,NUTRIEN LTD,BDRJLN0,SEDOL,Canada,CN,NTR,
Balanced Growth,Listed equity,NVIDIA,2379504,SEDOL,United States,US,NVDA,
Balanced Growth,Listed equity,NVR,2637785,SEDOL,United States,US,NVR,
Balanced Growth,Listed equity,NXP SEMICONDUCTORS (US),B505PN7,SEDOL,United States,US,NXPI,
Balanced Growth,Listed equity,O'REILLY AUTOMOTIVE,B65LWX6,SEDOL,United States,US,ORLY,
Balanced Growth,Listed equity,OBEROI REALTY,B4MXNL6,SEDOL,India,IN,OBER,
Balanced Growth,Listed equity,OBIC CO,6136749,SEDOL,Japan,JP,4684,
Balanced Growth,Listed equity,OBJECTIVE CORP LTD COMMON STOCK AUD 0,6283407,SEDOL,Australia,AU,OCL,
Balanced Growth,Listed equity,OFX GROUP LIMITED,BFG1Q58,SEDOL,Australia,AU,OFX,
Balanced Growth,Listed equity,OKEANIS ECO TANKERS CORP COMMON STOCK NOK 0.001,BLR8SN2,SEDOL,United States,US,ECO,
Balanced Growth,Listed equity,OLD MUTUAL (NEW),BDVPYN5,SEDOL,South Africa,SJ,OMU,
Balanced Growth,Listed equity,OLYMPUS CORP,6658801,SEDOL,Japan,JP,7733,
Balanced Growth,Listed equity,OMNICOM GROUP,2279303,SEDOL,United States,US,OMC,
Balanced Growth,Listed equity,OMV AG,4651459,SEDOL,Austria,AV,OMV,
Balanced Growth,Listed equity,ON HOLDING AG COMMON STOCK USD 0.1,BPF0FP9,SEDOL,United States,US,ONON,
Balanced Growth,Listed equity,ON SEMICONDUCTOR CORP,2583576,SEDOL,United States,US,ON,
Balanced Growth,Listed equity,OOH!MEDIA LIMITED,BSXN8D0,SEDOL,Australia,AU,OML,
Balanced Growth,Listed equity,OOREDOO,6158174,SEDOL,Qatar,QD,ORDS,
Balanced Growth,Listed equity,OPAP,7107250,SEDOL,Greece,GA,OPAP,
Balanced Growth,Listed equity,OPEN TEXT CORP,2260824,SEDOL,Canada,CN,OTEX,
Balanced Growth,Listed equity,OPEN TEXT CORP COMMON STOCK EUR 0,2655657,SEDOL,United States,US,OTEX,
Balanced Growth,Listed equity,ORA BANDA MINING LTD COMMON STOCK AUD 0,BKDX544,SEDOL,Australia,AU,OBM,
Balanced Growth,Listed equity,ORACLE CORP,2661568,SEDOL,United States,US,ORCL,
Balanced Growth,Listed equity,ORANGE,5176177,SEDOL,France,FP,ORA,
Balanced Growth,Listed equity,ORBIA ADVANCE CORP,BH3T8K8,SEDOL,Mexico,MM,ORBIA*,
Balanced Growth,Listed equity,ORICA,6458001,SEDOL,Australia,AU,ORI,
Balanced Growth,Listed equity,ORIENT OVERSEAS (CN),6659116,SEDOL,Hong Kong,HK,316,
Balanced Growth,Listed equity,ORIGIN ENERGY,6214861,SEDOL,Australia,AU,ORG,
Balanced Growth,Listed equity,ORION CORP (NEW),BDVLJ72,SEDOL,South Korea,KS,271560,
Balanced Growth,Listed equity,ORIX CORP,6661144,SEDOL,Japan,JP,8591,
Balanced Growth,Listed equity,ORIX CORP ADR USD 0,2402444,SEDOL,United States,US,IX,
Balanced Growth,Listed equity,ORORA LIMITED,BH4TCW7,SEDOL,Australia,AU,ORA,
Balanced Growth,Listed equity,OSAKA GAS CO,6661768,SEDOL,Japan,JP,9532,
Balanced Growth,Listed equity,OTE HELLENIC TELECOM,5051605,SEDOL,Greece,GA,HTO,
Balanced Growth,Listed equity,OTIS WORLDWIDE,BK531S8,SEDOL,United States,US,OTIS,
Balanced Growth,Listed equity,OTP BANK,7320154,SEDOL,Hungary,HB,OTP,
Balanced Growth,Listed equity,OTSUKA CORP,6267058,SEDOL,Japan,JP,4768,
Balanced Growth,Listed equity,OTSUKA HOLDINGS CO,B5LTM93,SEDOL,Japan,JP,4578,
Balanced Growth,Listed equity,OURPALM CO LTD COMMON STOCK CNY 1,BD5CMR2,SEDOL,China,C2,300315,
Balanced Growth,Listed equity,OVINTIV(US),BJ01KB6,SEDOL,United States,US,OVV,
Balanced Growth,Listed equity,OWENS CORNING,B1FW7Q2,SEDOL,United States,US,OC,
Balanced Growth,Listed equity,P G & E CORP,2689560,SEDOL,United States,US,PCG,
Balanced Growth,Listed equity,PAKISTAN OILFIELDS LTD COMMON STOCK PKR 10,6677141,SEDOL,Pakistan,PA,POL,
Balanced Growth,Listed equity,PALADIN ENERGY LTD.,6668468,SEDOL,Australia,AU,PDN,
Balanced Growth,Listed equity,PALANTIR TECHNOLOGIES INC COMMON STOCK USD 0.001,BN78DQ4,SEDOL,United States,US,PLTR,
Balanced Growth,Listed equity,PAN PACIFIC INTL HLDGS,6269861,SEDOL,Japan,JP,7532,
Balanced Growth,Listed equity,PANASONIC HOLDINGS CORP,6572707,SEDOL,Japan,JP,6752,
Balanced Growth,Listed equity,PANDORA,B44XTX8,SEDOL,Denmark,DC,PNDORA,
Balanced Growth,Listed equity,PARADE TECHNOLOGIES,B6RV676,SEDOL,Taiwan,TT (Taipei Stock Exchange),4966,
Balanced Growth,Listed equity,PARKER HANNIFIN CORP,2671501,SEDOL,United States,US,PH,
Balanced Growth,Listed equity,PARKLAND CORP/CANADA,BLFHPV8,SEDOL,Canada,CN,PKI,
Balanced Growth,Listed equity,PATANJALI FOODS LTD COMMON STOCK INR 2,BKVLFJ5,SEDOL,India,IN,PATANJAL,
Balanced Growth,Listed equity,PATRIA INVESTMENTS LTD COMMON STOCK USD 0.0001,BMXYHQ7,SEDOL,United States,US,PAX,
Balanced Growth,Listed equity,PATTINSON (WASHINGTON),6821807,SEDOL,Australia,AU,SOL,
Balanced Growth,Listed equity,PAYPAL HOLDINGS,BYW36M8,SEDOL,United States,US,PYPL,
Balanced Growth,Listed equity,PB FINTECH,BP4DVR3,SEDOL,India,IN,POLICYBZ,
Balanced Growth,Listed equity,PDD HOLDINGS A ADR,BYVW0F7,SEDOL,United States,US,PDD,
Balanced Growth,Listed equity,PEET LTD COMMON STOCK AUD 0,B01QLP8,SEDOL,Australia,AU,PPC,
Balanced Growth,Listed equity,PEGATRON,B4PLX17,SEDOL,Taiwan,TT (Taiwan Stock Exchange),4938,
Balanced Growth,Listed equity,PEOPLE'S INSURANCE CO H,B8RZJZ1,SEDOL,Hong Kong,HK,1339,
Balanced Growth,Listed equity,PEPCO GROUP(PL),BMXNYN0,SEDOL,Poland,PW,PCO,
Balanced Growth,Listed equity,PEPKOR HOLDINGS LTD COMMON STOCK ZAR,BFXG366,SEDOL,South Africa,SJ,PPH,
Balanced Growth,Listed equity,PEPPER MONEY LTD/AUSTRALIA COMMON STOCK AUD,BMBPP68,SEDOL,Australia,AU,PPM,
Balanced Growth,Listed equity,PEPSICO,2681511,SEDOL,United States,US,PEP,
Balanced Growth,Listed equity,PERENTI LTD,BKRKNV4,SEDOL,Australia,AU,PRN,
Balanced Growth,Listed equity,PERNOD RICARD,4682329,SEDOL,France,FP,RI,
Balanced Growth,Listed equity,PERSEUS MINING LIMITED,B02FBC1,SEDOL,Australia,AU,PRU,
Balanced Growth,Listed equity,PETROBRAS ON,2682365,SEDOL,Brazil,BZ,PETR3,
Balanced Growth,Listed equity,PETROBRAS PN,2684532,SEDOL,Brazil,BZ,PETR4,
Balanced Growth,Listed equity,PETROCHINA CO H,6226576,SEDOL,Hong Kong,HK,857,
Balanced Growth,Listed equity,PETROLEO BRASILEIRO SA ADR USD,2616580,SEDOL,United States,US,PBR,
Balanced Growth,Listed equity,PETRONAS GAS,6703972,SEDOL,Malaysia,MK,PTG,
Balanced Growth,Listed equity,PEXA GROUP LTD,BMD0WJ3,SEDOL,Australia,AU,PXA,
Balanced Growth,Listed equity,PHOSAGRO PJSC GDR RUB,BLNM708,SEDOL,Germany,TH,P6SG,
Balanced Growth,Listed equity,PICC PPTY & CASUALTY H,6706250,SEDOL,Hong Kong,HK,2328,
Balanced Growth,Listed equity,PILBARA MINERALS,B2368L5,SEDOL,Australia,AU,PLS,
Balanced Growth,Listed equity,PING AN BANK CO A (HK-C),BD5CPS4,SEDOL,China,C2,000001,
Balanced Growth,Listed equity,PING AN INSURANCE H,B01FLR7,SEDOL,Hong Kong,HK,2318,
Balanced Growth,Listed equity,PINNACLE INVESTMENT MANAGEMENT GROUP LIMITED,BD0F7H1,SEDOL,Australia,AU,PNI,
Balanced Growth,Listed equity,PINTEREST A,BJ2Z0H2,SEDOL,United States,US,PINS,
Balanced Growth,Listed equity,PIRAEUS FINANCIAL HLDGS,BNC0DB0,SEDOL,Greece,GA,TPEIR,
Balanced Growth,Listed equity,PKO BANK POLSKI,B03NGS5,SEDOL,Poland,PW,PKO,
Balanced Growth,Listed equity,PLATINUM ASSET MANAGEMENT LIMITED,B1XK7G8,SEDOL,Australia,AU,PTM,
Balanced Growth,Listed equity,PLDT,BDGN274,SEDOL,Philippines,PM,TEL,
Balanced Growth,Listed equity,POLSKA GRUPA ENER,B544PW9,SEDOL,Poland,PW,PGE,
Balanced Growth,Listed equity,POLSKI KONCERN NAF ORLEN,5810066,SEDOL,Poland,PW,PKN,
Balanced Growth,Listed equity,POLY PROPERTY GROUP CO LTD COMMON STOCK HKD 0,6220987,SEDOL,Hong Kong,HK,119,
Balanced Growth,Listed equity,PORTO SEGURO ON,B0498T7,SEDOL,Brazil,BZ,PSSA3,
Balanced Growth,Listed equity,POSCO DX COMPANY,B123VB1,SEDOL,South Korea,KS,022100,
Balanced Growth,Listed equity,POSCO HOLDINGS,6693233,SEDOL,South Korea,KS,005490,
Balanced Growth,Listed equity,POSTAL SAVINGS BANK H,BD8GL18,SEDOL,Hong Kong,HK,1658,
Balanced Growth,Listed equity,POSTE ITALIANE,BYYN701,SEDOL,Italy,IM,PST,
Balanced Growth,Listed equity,POU CHEN CORP,6696157,SEDOL,Taiwan,TT (Taiwan Stock Exchange),9904,
Balanced Growth,Listed equity,POWER CORP OF CANADA,2697701,SEDOL,Canada,CN,POW,
Balanced Growth,Listed equity,POWER FINANCE CORP,B1S7225,SEDOL,India,IN,POWF,
Balanced Growth,Listed equity,POWER GRID CORP OF INDIA,B233HS6,SEDOL,India,IN,PWGR,
Balanced Growth,Listed equity,POWERLONG REAL ESTATE HOLDINGS LTD COMMON STOCK HKD 0.01,B4LL9N5,SEDOL,Hong Kong,HK,1238,
Balanced Growth,Listed equity,POWSZECHNY ZAKLAD UBEZP,B63DG21,SEDOL,Poland,PW,PZU,
Balanced Growth,Listed equity,PPG INDUSTRIES,2698470,SEDOL,United States,US,PPG,
Balanced Growth,Listed equity,PRAEMIUM LTD COMMON STOCK AUD 0,B13YTQ4,SEDOL,Australia,AU,PPS,
Balanced Growth,Listed equity,PREMIER INVESTMENTS LTD,6699781,SEDOL,Australia,AU,PMV,
Balanced Growth,Listed equity,PRESIDENT CHAIN STORE,6704986,SEDOL,Taiwan,TT (Taiwan Stock Exchange),2912,
Balanced Growth,Listed equity,PRICE (T. ROWE) GROUP,2702337,SEDOL,United States,US,TROW,
Balanced Growth,Listed equity,PRICE GROUP (MR),BYXW419,SEDOL,South Africa,SJ,MRP,
Balanced Growth,Listed equity,PRIO ON,BYY0144,SEDOL,Brazil,BZ,PRIO3,
Balanced Growth,Listed equity,PRO MEDICUS,6292782,SEDOL,Australia,AU,PME,
Balanced Growth,Listed equity,PROCTER & GAMBLE CO,2704407,SEDOL,United States,US,PG,
Balanced Growth,Listed equity,PROGRESSIVE CORP,2705024,SEDOL,United States,US,PGR,
Balanced Growth,Listed equity,PROMOTORA Y OPER DE INFR,2393388,SEDOL,Mexico,MM,PINFRA*,
Balanced Growth,Listed equity,PROSUS N,BJDS7L3,SEDOL,Netherlands,NA,PRX,
Balanced Growth,Listed equity,PROTECTOR FORSIKRING ASA COMMON STOCK NOK 1,B182K93,SEDOL,Belgium,NO,PROT,
Balanced Growth,Listed equity,PRUDENTIAL,709954,SEDOL,United Kingdom,LN,PRU,
Balanced Growth,Listed equity,PRYSMIAN,B1W4V69,SEDOL,Italy,IM,PRY,
Balanced Growth,Listed equity,PTT EXPLORATION & PRODUCTION PCL FOREIGN SH. THB 1,B1359J0,SEDOL,Thailand,TB,PTTEP/F,
Balanced Growth,Listed equity,PTT PCL FOREIGN SH. 1,BD0BDJ3,SEDOL,Thailand,TB,PTT/F,
Balanced Growth,Listed equity,PUBLIC BANK,B012W42,SEDOL,Malaysia,MK,PBK,
Balanced Growth,Listed equity,PUBLIC SERVICE ENT GRP,2707677,SEDOL,United States,US,PEG,
Balanced Growth,Listed equity,PULTEGROUP,2708841,SEDOL,United States,US,PHM,
Balanced Growth,Listed equity,PURE STORAGE INC COMMON STOCK USD 0.0001,BYZ62T3,SEDOL,United States,US,PSTG,
Balanced Growth,Listed equity,QANTAS AIRWAYS,6710347,SEDOL,Australia,AU,QAN,
Balanced Growth,Listed equity,QATAR NATIONAL BANK,6148197,SEDOL,Qatar,QD,QNBK,
Balanced Growth,Listed equity,QBE INSURANCE GROUP,6715740,SEDOL,Australia,AU,QBE,
Balanced Growth,Listed equity,QIFU TECHNOLOGY A ADR,BFMV9Y2,SEDOL,United States,US,QFIN,
Balanced Growth,Listed equity,QL RESOURCES,B00G234,SEDOL,Malaysia,MK,QLG,
Balanced Growth,Listed equity,QORVO,BR9YYP4,SEDOL,United States,US,QRVO,
Balanced Growth,Listed equity,QUADIENT SA COMMON STOCK EUR 1,5617096,SEDOL,France,FP,QDT,
Balanced Growth,Listed equity,QUALCOMM,2714923,SEDOL,United States,US,QCOM,
Balanced Growth,Listed equity,QUALITAS REAL ESTATE INCOME FUND,BGT0TD8,SEDOL,Australia,AU,QRI,
Balanced Growth,Listed equity,QUANTA COMPUTER,6141011,SEDOL,Taiwan,TT (Taiwan Stock Exchange),2382,
Balanced Growth,Listed equity,QUEBECOR B,2715777,SEDOL,Canada,CN,QBR/B,
Balanced Growth,Listed equity,QUEST DIAGNOSTICS,2702791,SEDOL,United States,US,DGX,
Balanced Growth,Listed equity,QUINENCO SA COMMON STOCK CLP 0,2712864,SEDOL,Chile,CI,QUINENC,
Balanced Growth,Listed equity,RAIA DROGASIL ON,B7FQV64,SEDOL,Brazil,BZ,RADL3,
Balanced Growth,Listed equity,RAIZEN SA PREFERENCE BRL,BL66B27,SEDOL,Brazil,BZ,RAIZ4,
Balanced Growth,Listed equity,RAMELIUS RESOURCES LTD,6586872,SEDOL,Australia,AU,RMS,
Balanced Growth,Listed equity,RAMSAY HEALTH CARE,6041995,SEDOL,Australia,AU,RHC,
Balanced Growth,Listed equity,RANDSTAD NV,5228658,SEDOL,Netherlands,NA,RAND,
Balanced Growth,Listed equity,RATIONAL,5910609,SEDOL,Germany,GR,RAA,
Balanced Growth,Listed equity,RAYMOND JAMES FINANCIAL,2718992,SEDOL,United States,US,RJF,
Balanced Growth,Listed equity,REA GROUP,6198578,SEDOL,Australia,AU,REA,
Balanced Growth,Listed equity,REALTEK SEMICONDUCTOR,6051422,SEDOL,Taiwan,TT (Taiwan Stock Exchange),2379,
Balanced Growth,Listed equity,REC,B2Q7WL3,SEDOL,India,IN,RECL,
Balanced Growth,Listed equity,RECRUIT HOLDINGS CO,BQRRZ00,SEDOL,Japan,JP,6098,
Balanced Growth,Listed equity,RED STAR MACALLINE GROUP CORP LTD COMMON STOCK CNY 1,BG139S0,SEDOL,China,C1,601828,
Balanced Growth,Listed equity,REDE DOR SAO LUIZ,BNDQ8P6,SEDOL,Brazil,BZ,RDOR3,
Balanced Growth,Listed equity,REDOX LTD,BQ81P89,SEDOL,Australia,AU,RDX,
Balanced Growth,Listed equity,REECE,6728801,SEDOL,Australia,AU,REH,
Balanced Growth,Listed equity,REGIONS FINANCIAL (NEW),B01R311,SEDOL,United States,US,RF,
Balanced Growth,Listed equity,REGIS HEALTHCARE LIMITED,BQV68F9,SEDOL,Australia,AU,REG,
Balanced Growth,Listed equity,REGIS RESOURCES LTD,6476542,SEDOL,Australia,AU,RRL,
Balanced Growth,Listed equity,RELIANCE,2729068,SEDOL,United States,US,RS,
Balanced Growth,Listed equity,RELIANCE INDUSTRIES,6099626,SEDOL,India,IN,RELIANCE,
Balanced Growth,Listed equity,RELIANCE WORLDWIDE CORPORATION LIMITED,BD1DM79,SEDOL,Australia,AU,RWC,
Balanced Growth,Listed equity,RELX (GB),B2B0DG9,SEDOL,United Kingdom,LN,REL,
Balanced Growth,Listed equity,RELX PLC COMMON STOCK GBP 0.144397,BYWLC68,SEDOL,Netherlands,NA,REN,
Balanced Growth,Listed equity,RENESAS ELECTRONICS CORP,6635677,SEDOL,Japan,JP,6723,
Balanced Growth,Listed equity,REPSOL,5669354,SEDOL,Spain,SM,REP,
Balanced Growth,Listed equity,REPUBLIC SERVICES,2262530,SEDOL,United States,US,RSG,
Balanced Growth,Listed equity,RESMED,2732903,SEDOL,United States,US,RMD,
Balanced Growth,Listed equity,RESMED INC,6221667,SEDOL,Australia,AU,RMD,
Balanced Growth,Listed equity,RESOLUTE MINING LTD,6410636,SEDOL,Australia,AU,RSG,
Balanced Growth,Listed equity,RHB BANK,6244675,SEDOL,Malaysia,MK,RHBBANK,
Balanced Growth,Listed equity,RICHTER GEDEON,BC9ZH86,SEDOL,Hungary,HB,RICHT,
Balanced Growth,Listed equity,RICOH CO,6738220,SEDOL,Japan,JP,7752,
Balanced Growth,Listed equity,RIDLEY CORPORATION LTD,6738929,SEDOL,Australia,AU,RIC,
Balanced Growth,Listed equity,RIO TINTO LTD (AU),6220103,SEDOL,Australia,AU,RIO,
Balanced Growth,Listed equity,RIO TINTO PLC (GB),718875,SEDOL,United Kingdom,LN,RIO,
Balanced Growth,Listed equity,RIO TINTO PLC ADR USD,2740434,SEDOL,United States,US,RIO,
Balanced Growth,Listed equity,RISESUN REAL A (HK-C),BD5CMZ0,SEDOL,China,C2,002146,
Balanced Growth,Listed equity,RISO KAGAKU CORP COMMON STOCK JPY,6740849,SEDOL,Japan,JP,6413,
Balanced Growth,Listed equity,RIVIAN AUTOMOTIVE INC COMMON STOCK USD 0.001,BL98841,SEDOL,United States,US,RIVN,
Balanced Growth,Listed equity,RIYAD BANK,B12LZW4,SEDOL,Saudi Arabia,AB,RIBL,
Balanced Growth,Listed equity,RIYADH CABLES GROUP CO COMMON STOCK SAR 10,BNBPXW7,SEDOL,Saudi Arabia,AB,RIYADHCA,
Balanced Growth,Listed equity,ROBLOX CORP A,BMWBC20,SEDOL,United States,US,RBLX,
Balanced Growth,Listed equity,ROCHE HOLDING GENUSS,7110388,SEDOL,Switzerland,SW,ROG,
Balanced Growth,Listed equity,ROCKWOOL A/S COMMON STOCK DKK 10,4713490,SEDOL,,,,
Balanced Growth,Listed equity,ROGERS COMMUNICATIONS B,2169051,SEDOL,Canada,CN,RCI/B,
Balanced Growth,Listed equity,ROJANA INDUSTRIAL PARK PCL FOREIGN SH. THB 1,6708234,SEDOL,Thailand,TB,ROJNA/F,
Balanced Growth,Listed equity,ROKU A,BZ1LFG7,SEDOL,United States,US,ROKU,
Balanced Growth,Listed equity,ROLLS-ROYCE GROUP,B63H849,SEDOL,United Kingdom,LN,RR/,
Balanced Growth,Listed equity,ROSS STORES,2746711,SEDOL,United States,US,ROST,
Balanced Growth,Listed equity,ROYALTY PHARMA PLC COMMON STOCK USD,BMVP7Y0,SEDOL,United States,US,RPRX,
Balanced Growth,Listed equity,RPM INTL,2756174,SEDOL,United States,US,RPM,
Balanced Growth,Listed equity,RPMGLOBAL HOLDINGS LTD,B2RK006,SEDOL,Australia,AU,RUL,
Balanced Growth,Listed equity,RUENTEX DEVELOPMENT CO LTD COMMON STOCK TWD 10,6748423,SEDOL,Taiwan,TT (Taiwan Stock Exchange),9945,
Balanced Growth,Listed equity,RWE STAMM,4768962,SEDOL,Germany,GR,RWE,
Balanced Growth,Listed equity,RYANAIR HOLDINGS PLC ADR USD,BYYN585,SEDOL,United States,US,RYAAY,
Balanced Growth,Listed equity,S F HOLDING A (HK-C),BD73M39,SEDOL,China,C2,002352,
Balanced Growth,Listed equity,S&P GLOBAL,BYV2325,SEDOL,United States,US,SPGI,
Balanced Growth,Listed equity,SABANCI HLDG (HACI OMER),B03N0C7,SEDOL,Turkey,TI,SAHOL,
Balanced Growth,Listed equity,SABESP ON,B1YCHL8,SEDOL,Brazil,BZ,SBSP3,
Balanced Growth,Listed equity,SAFE BULKERS INC COMMON STOCK USD 0.001,B39GTS0,SEDOL,United States,US,SB,
Balanced Growth,Listed equity,SAFRAN,B058TZ6,SEDOL,France,FP,SAF,
Balanced Growth,Listed equity,SAFRAN SA ADR USD,B23WS79,SEDOL,United States,US,SAFRY,
Balanced Growth,Listed equity,SAGE GROUP (THE),B8C3BL0,SEDOL,United Kingdom,LN,SGE,
Balanced Growth,Listed equity,SAIC MOTOR CORP A (HK-C),BP3R2D9,SEDOL,China,C1,600104,
Balanced Growth,Listed equity,SAINT-GOBAIN,7380482,SEDOL,France,FP,SGO,
Balanced Growth,Listed equity,SALESFORCE,2310525,SEDOL,United States,US,CRM,
Balanced Growth,Listed equity,SAMSARA A,BPK3058,SEDOL,United States,US,IOT,
Balanced Growth,Listed equity,SAMSUNG C&T CORPORATION,BSXN8K7,SEDOL,South Korea,KS,028260,
Balanced Growth,Listed equity,SAMSUNG CARD CO,B1WQQ48,SEDOL,South Korea,KS,029780,
Balanced Growth,Listed equity,SAMSUNG ELECTRONICS CO,6771720,SEDOL,South Korea,KS,005930,
Balanced Growth,Listed equity,SAMSUNG ELECTRONICS PREF,6773812,SEDOL,South Korea,KS,005935,
Balanced Growth,Listed equity,SAMSUNG FIRE & MARINE,6155250,SEDOL,South Korea,KS,000810,
Balanced Growth,Listed equity,SAMSUNG LIFE INSURANCE,B12C0T9,SEDOL,South Korea,KS,032830,
Balanced Growth,Listed equity,SAMSUNG SDS CO,BRS2KY0,SEDOL,South Korea,KS,018260,
Balanced Growth,Listed equity,SAMSUNG SECURITIES CO,6408448,SEDOL,South Korea,KS,016360,
Balanced Growth,Listed equity,SANDFIRE RESOURCES LTD,6739739,SEDOL,Australia,AU,SFR,
Balanced Growth,Listed equity,SANDVIK,B1VQ252,SEDOL,Sweden,SS,SAND,
Balanced Growth,Listed equity,SANLAM,B0L6750,SEDOL,South Africa,SJ,SLM,
Balanced Growth,Listed equity,SANOFI,5671735,SEDOL,France,FP,SAN,
Balanced Growth,Listed equity,SANOH INDUSTRIAL CO LTD COMMON STOCK JPY,6775807,SEDOL,Japan,JP,6584,
Balanced Growth,Listed equity,SANTANDER BANK POLSKA,7153639,SEDOL,Poland,PW,SPL,
Balanced Growth,Listed equity,SANTOS,6776703,SEDOL,Australia,AU,STO,
Balanced Growth,Listed equity,SANYO SHOKAI LTD COMMON STOCK JPY,6776888,SEDOL,Japan,JP,8011,
Balanced Growth,Listed equity,SAP,4846288,SEDOL,Germany,GR,SAP,
Balanced Growth,Listed equity,SASOL,6777450,SEDOL,South Africa,SJ,SOL,
Balanced Growth,Listed equity,SAUDI ARAMCO,BJTM270,SEDOL,Saudi Arabia,AB,ARAMCO,
Balanced Growth,Listed equity,SAUDI AWWAL BANK,B12LSY7,SEDOL,Saudi Arabia,AB,SABB,
Balanced Growth,Listed equity,SAUDI NATIONAL BANK,BSHYYN1,SEDOL,Saudi Arabia,AB,SNB,
Balanced Growth,Listed equity,SAUDI TADAWUL GROUP HLDG,BMZQ749,SEDOL,Saudi Arabia,AB,TADAWULG,
Balanced Growth,Listed equity,SAXA INC COMMON STOCK JPY,6728975,SEDOL,Japan,JP,6675,
Balanced Growth,Listed equity,SBI LIFE INSURANCE CO,BZ60N32,SEDOL,India,IN,SBILIFE,
Balanced Growth,Listed equity,SCB X PCL FOREIGN SH. THB 10,BPH0717,SEDOL,Thailand,TB,SCB/F,
Balanced Growth,Listed equity,SCHNEIDER ELECTRIC,4834108,SEDOL,France,FP,SU,
Balanced Growth,Listed equity,SCHWAB (CHARLES) CORP,2779397,SEDOL,United States,US,SCHW,
Balanced Growth,Listed equity,SCOR,B1LB9P6,SEDOL,France,FP,SCR,
Balanced Growth,Listed equity,SCOUT24,BYT9340,SEDOL,Germany,GR,G24,
Balanced Growth,Listed equity,SCSK CORP,6858474,SEDOL,Japan,JP,9719,
Balanced Growth,Listed equity,SDIC CAPITAL CO A (HK-C),BYYFJ78,SEDOL,China,C1,600061,
Balanced Growth,Listed equity,SEA A ADR,BYWD7L4,SEDOL,United States,US,SE,
Balanced Growth,Listed equity,SEAGATE TECHNOLOGY,BKVD2N4,SEDOL,United States,US,STX,
Balanced Growth,Listed equity,SEANERGY MARITIME HOLDINGS CORP COMMON STOCK USD,BMTY3S5,SEDOL,United States,US,SHIP,
Balanced Growth,Listed equity,SEAZEN GROUP,BMWYQP0,SEDOL,Hong Kong,HK,1030,
Balanced Growth,Listed equity,SECURITAS B,5554041,SEDOL,Sweden,SS,SECUB,
Balanced Growth,Listed equity,SEEK,B0767Y3,SEDOL,Australia,AU,SEK,
Balanced Growth,Listed equity,SEI INVESTMENTS CO,2793610,SEDOL,United States,US,SEIC,
Balanced Growth,Listed equity,SEIKO EPSON CORPORATION,6616508,SEDOL,Japan,JP,6724,
Balanced Growth,Listed equity,SEKISUI CHEMICAL CO,6793821,SEDOL,Japan,JP,4204,
Balanced Growth,Listed equity,SELECT HARVESTS LTD,6260723,SEDOL,Australia,AU,SHV,
Balanced Growth,Listed equity,SEMPRA ENERGY,2138158,SEDOL,United States,US,SRE,
Balanced Growth,Listed equity,SEOYON E-HWA CO LTD COMMON STOCK KRW 500,BNGMV52,SEDOL,South Korea,KS,200880,
Balanced Growth,Listed equity,SERCO GROUP PLC COMMON STOCK GBP 2,797379,SEDOL,United Kingdom,LN,SRP,
Balanced Growth,Listed equity,SERVICE STREAM LIMITED,B04KLG8,SEDOL,Australia,AU,SSM,
Balanced Growth,Listed equity,SERVICENOW,B80NXX8,SEDOL,United States,US,NOW,
Balanced Growth,Listed equity,SEVEN WEST MEDIA LTD,6949431,SEDOL,Australia,AU,SWM,
Balanced Growth,Listed equity,SEVERN TRENT,B1FH8J7,SEDOL,United Kingdom,LN,SVT,
Balanced Growth,Listed equity,SGH LTD COMMON STOCK AUD 0,BR858V2,SEDOL,Australia,AU,SGH,
Balanced Growth,Listed equity,SHAANXI COAL IND A(HK-C),BS7K5P8,SEDOL,China,C1,601225,
Balanced Growth,Listed equity,SHAANXI INTERNATIONAL TRUST CO LTD COMMON STOCK CNY 1,BD5CF84,SEDOL,China,C2,000563,
Balanced Growth,Listed equity,SHANDONG XINCHAO ENERGY CORP LTD COMMON STOCK CNY 1,BS7K3P4,SEDOL,China,C1,600777,
Balanced Growth,Listed equity,SHANGHAI BEITE TECHNOLOGY CO LTD COMMON STOCK CNY 1,BTFRHT6,SEDOL,China,C1,603009,
Balanced Growth,Listed equity,SHANGHAI CONST A (HK-C),BP3R6J3,SEDOL,China,C1,600170,
Balanced Growth,Listed equity,SHANGHAI INTL AI A(HK-C),BP3R4P5,SEDOL,China,C1,600009,
Balanced Growth,Listed equity,SHANGHAI PUDONG A (HK-C),BP3R2B7,SEDOL,China,C1,600000,
Balanced Growth,Listed equity,SHANGRI-LA ASIA LTD COMMON STOCK HKD 1,6771032,SEDOL,Hong Kong,HK,69,
Balanced Growth,Listed equity,SHELL,BP6MXD8,SEDOL,United Kingdom,LN,SHEL,
Balanced Growth,Listed equity,SHENWAN HONGY A (HK-C),BD5CPV7,SEDOL,China,C2,000166,
Balanced Growth,Listed equity,SHENZHEN AISIDI CO LTD COMMON STOCK CNY 1,BD5CF95,SEDOL,China,C2,002416,
Balanced Growth,Listed equity,SHENZHEN INOVANC A(HK-C),BD5CMN8,SEDOL,China,C2,300124,
Balanced Growth,Listed equity,SHENZHEN INTL HOLDINGS,BJVBTY1,SEDOL,Hong Kong,HK,152,
Balanced Growth,Listed equity,SHENZHEN INVESTMENT,6535261,SEDOL,Hong Kong,HK,604,
Balanced Growth,Listed equity,SHENZHEN MINDRAY A(HK-C),BHQK864,SEDOL,China,C2,300760,
Balanced Growth,Listed equity,SHENZHEN TRANSSION HOLDINGS CO LTD COMMON STOCK CNY 1,BNR4NP1,SEDOL,China,C1,688036,
Balanced Growth,Listed equity,SHENZHOU INTERNATIONAL,B0MP1B0,SEDOL,Hong Kong,HK,2313,
Balanced Growth,Listed equity,SHERWIN-WILLIAMS CO,2804211,SEDOL,United States,US,SHW,
Balanced Growth,Listed equity,SHIN KONG FINL HLDGS,6452586,SEDOL,,,,
Balanced Growth,Listed equity,SHINHAN FINANCIAL GROUP,6397502,SEDOL,South Korea,KS,055550,
Balanced Growth,Listed equity,SHINSEGAE CO (NEW),6805049,SEDOL,South Korea,KS,004170,
Balanced Growth,Listed equity,SHIONOGI & CO,6804682,SEDOL,Japan,JP,4507,
Balanced Growth,Listed equity,SHIZUOKA FINANCIAL GROUP INC COMMON STOCK JPY,BP38QJ6,SEDOL,Japan,JP,5831,
Balanced Growth,Listed equity,SHOPIFY A,BX865C7,SEDOL,Canada,CN,SHOP,
Balanced Growth,Listed equity,SHOPIFY INC COMMON STOCK CAD,BXDZ9Z0,SEDOL,United States,US,SHOP,
Balanced Growth,Listed equity,SHOPRITE HOLDINGS,6801575,SEDOL,South Africa,SJ,SHP,
Balanced Growth,Listed equity,SHOUGANG FUSHAN RESOURCES GROUP LTD COMMON STOCK HKD 0,6354671,SEDOL,Hong Kong,HK,639,
Balanced Growth,Listed equity,SHRIRAM FINANCE,6802608,SEDOL,,,,
Balanced Growth,Listed equity,SHUI ON LAND (CN),B16NHT7,SEDOL,Hong Kong,HK,272,
Balanced Growth,Listed equity,SIBANYE STILLWATER LTD ADR USD,BL8F9X9,SEDOL,United States,US,SBSW,
Balanced Growth,Listed equity,SICHUAN CHANGHONG ELECTRIC CO LTD COMMON STOCK CNY 1,BP3R6X7,SEDOL,China,C1,600839,
Balanced Growth,Listed equity,SICHUAN EXPRESSWAY CO LTD COMMON STOCK HKD 1,6055877,SEDOL,Hong Kong,HK,107,
Balanced Growth,Listed equity,SICHUAN KELUN-BIOTECH BIOPHARMACEUTICAL CO LTD COMMON STOCK,BPXZ192,SEDOL,Hong Kong,HK,6990,
Balanced Growth,Listed equity,SIEMENS,5727973,SEDOL,Germany,GR,SIE,
Balanced Growth,Listed equity,SIEMENS ENERGY,BMTVQK9,SEDOL,Germany,GR,ENR,
Balanced Growth,Listed equity,SIGMA HEALTHCARE LTD,BF13K02,SEDOL,Australia,AU,SIG,
Balanced Growth,Listed equity,SILEX SYSTEMS LTD,6111735,SEDOL,Australia,AU,SLX,
Balanced Growth,Listed equity,SIMS LTD,B0LCW75,SEDOL,Australia,AU,SGM,
Balanced Growth,Listed equity,SINGAPORE AIRLINES,6811734,SEDOL,Singapore,SP,SIA,
Balanced Growth,Listed equity,SINGAPORE TECH ENGR,6043214,SEDOL,Singapore,SP,STE,
Balanced Growth,Listed equity,SINGAPORE TELECOMMUNICATION LIMITED,B02PY11,SEDOL,Singapore,SP,ST,
Balanced Growth,Listed equity,SINO BIOPHARMACEUTICAL,B00XSF9,SEDOL,Hong Kong,HK,1177,
Balanced Growth,Listed equity,SINO OCEAN GROUP HOLDING,B24CVP7,SEDOL,Hong Kong,HK,3377,
Balanced Growth,Listed equity,SINOPHARM GROUP CO H,B3ZVDV0,SEDOL,Hong Kong,HK,1099,
Balanced Growth,Listed equity,SINOTRUK (HONG KONG),B296ZH4,SEDOL,Hong Kong,HK,3808,
Balanced Growth,Listed equity,SITC INTERNATIONAL HOLDINGS CO LTD COMMON STOCK HKD 0.1,B61X7R5,SEDOL,Hong Kong,HK,1308,
Balanced Growth,Listed equity,SITEMINDER LTD,BLH35X6,SEDOL,Australia,AU,SDR,
Balanced Growth,Listed equity,SK,B39Z8L3,SEDOL,South Korea,KS,034730,
Balanced Growth,Listed equity,SK HYNIX,6450267,SEDOL,South Korea,KS,000660,
Balanced Growth,Listed equity,SK SQUARE CO,BMG3GS6,SEDOL,South Korea,KS,402340,
Balanced Growth,Listed equity,SK TELECOM CO,6224871,SEDOL,South Korea,KS,017670,
Balanced Growth,Listed equity,SK TELECOM CO LTD ADR USD,US78440P3064,ISIN,United States,,,SKM
Balanced Growth,Listed equity,SKAND.ENSKILDA BANKEN A,4813345,SEDOL,Sweden,SS,SEBA,
Balanced Growth,Listed equity,SKF B,B1Q3J35,SEDOL,Sweden,SS,SKFB,
Balanced Growth,Listed equity,SKYCITY ENTERTAINMENT GROUP,6151311,SEDOL,Australia,AU,SKC,
Balanced Growth,Listed equity,SKYWORKS SOLUTIONS,2961053,SEDOL,United States,US,SWKS,
Balanced Growth,Listed equity,SM INVESTMENTS,B068DB9,SEDOL,Philippines,PM,SM,
Balanced Growth,Listed equity,SM PRIME HOLDINGS,6818843,SEDOL,Philippines,PM,SMPH,
Balanced Growth,Listed equity,SMARTGROUP CORPORATION LTD,BNB5WS6,SEDOL,Australia,AU,SIQ,
Balanced Growth,Listed equity,SMITH (A.O.) CORP,2816023,SEDOL,United States,US,AOS,
Balanced Growth,Listed equity,SMURFIT WESTROCK,BRK49M5,SEDOL,United States,US,SW,
Balanced Growth,Listed equity,SNAM,7251470,SEDOL,Italy,IM,SRG,
Balanced Growth,Listed equity,SNAP-ON,2818740,SEDOL,United States,US,SNA,
Balanced Growth,Listed equity,SNOWFLAKE INC COMMON STOCK USD 1,BN134B7,SEDOL,United States,US,SNOW,
Balanced Growth,Listed equity,SOCIEDAD QUIMICA Y MINERA DE CHILE SA ADR USD 1,2771122,SEDOL,United States,US,SQM,
Balanced Growth,Listed equity,SOCIETE GENERALE,5966516,SEDOL,France,FP,GLE,
Balanced Growth,Listed equity,SODEXO,7062713,SEDOL,France,FP,SW,
Balanced Growth,Listed equity,SOGEFI SPA COMMON STOCK EUR 0.52,4820668,SEDOL,Italy,IM,SGF,
Balanced Growth,Listed equity,SOLVAR LTD,BNSMR30,SEDOL,Australia,AU,SVR,
Balanced Growth,Listed equity,SOLVENTUM CORP,BMTQB43,SEDOL,United States,US,SOLV,
Balanced Growth,Listed equity,SOMPO HOLDINGS,B62G7K6,SEDOL,Japan,JP,8630,
Balanced Growth,Listed equity,SONGCHENG PERF A (HK-C),BD5CMV6,SEDOL,China,C2,300144,
Balanced Growth,Listed equity,SONY GROUP CORP,6821506,SEDOL,Japan,JP,6758,
Balanced Growth,Listed equity,SOUTH 32 (AU),BWSW5D9,SEDOL,Australia,AU,S32,
Balanced Growth,Listed equity,SOUTHERN COMPANY (THE),2829601,SEDOL,United States,US,SO,
Balanced Growth,Listed equity,SOUTHERN COPPER CORP,2823777,SEDOL,United States,US,SCCO,
Balanced Growth,Listed equity,SPARK NEW ZEALAND LTD,6881500,SEDOL,Australia,AU,SPK,
Balanced Growth,Listed equity,SPORTS GEAR CO LTD COMMON STOCK TWD 10,BNBQ580,SEDOL,Taiwan,TT (Taiwan Stock Exchange),6768,
Balanced Growth,Listed equity,SPORTS TOTO BHD COMMON STOCK MYR 0,6331566,SEDOL,Malaysia,MK,SPTOTO,
Balanced Growth,Listed equity,SPOTIFY TECHNOLOGY,BFZ1K46,SEDOL,United States,US,SPOT,
Balanced Growth,Listed equity,SS&C TECHNOLOGIES HLDGS,B58YSC6,SEDOL,United States,US,SSNC,
Balanced Growth,Listed equity,SSE,790873,SEDOL,United Kingdom,LN,SSE,
Balanced Growth,Listed equity,ST JAMES'S PLACE,766937,SEDOL,United Kingdom,LN,STJ,
Balanced Growth,Listed equity,STANDARD BANK GROUP,B030GJ7,SEDOL,South Africa,SJ,SBK,
Balanced Growth,Listed equity,STANDARD CHARTERED PLC USD,408284,SEDOL,United Kingdom,LN,STAN,
Balanced Growth,Listed equity,STANDARD CHARTERED PLC USD,6558484,SEDOL,Hong Kong,HK,2888,
Balanced Growth,Listed equity,STANMORE RESOURCES LTD,B4KDPZ6,SEDOL,Australia,AU,SMR,
Balanced Growth,Listed equity,STAR BULK CARRIERS CORP COMMON STOCK USD 0.01,BD6NYK1,SEDOL,United States,US,SBLK,
Balanced Growth,Listed equity,STATE BANK OF INDIA,BSQCB24,SEDOL,India,IN,SBIN,
Balanced Growth,Listed equity,STATE STREET CORP,2842040,SEDOL,United States,US,STT,
Balanced Growth,Listed equity,STEADFAST GROUP LIMITED,BCT5FD7,SEDOL,Australia,AU,SDF,
Balanced Growth,Listed equity,STEALTHGAS INC COMMON STOCK USD 0.01,B0LX494,SEDOL,United States,US,GASS,
Balanced Growth,Listed equity,STEEL AUTHORITY OF INDIA LTD COMMON STOCK INR 10,6121499,SEDOL,India,IN,SAIL,
Balanced Growth,Listed equity,STEEL DYNAMICS,2849472,SEDOL,United States,US,STLD,
Balanced Growth,Listed equity,STELLANTIS,BMD8KX7,SEDOL,Italy,IM,STLAM,
Balanced Growth,Listed equity,STRABAG SE COMMON STOCK EUR 0,B28DT41,SEDOL,Austria,AV,STR,
Balanced Growth,Listed equity,STRANDLINE RESOURCES LTD COMMON STOCK AUD 0,BTD8GM7,SEDOL,Australia,AT,STA,
Balanced Growth,Listed equity,STRAUMANN HOLDING AG COMMON STOCK CHF 0.01,BQ7ZV06,SEDOL,Switzerland,SW,STMN,
Balanced Growth,Listed equity,STRIKE ENERGY LIMITED,B01NQF4,SEDOL,Australia,AU,STX,
Balanced Growth,Listed equity,SUBARU CORPORATION,6356406,SEDOL,Japan,JP,7270,
Balanced Growth,Listed equity,SUMITOMO ELECTRIC IND,6858708,SEDOL,Japan,JP,5802,
Balanced Growth,Listed equity,SUMITOMO METAL MINING CO,6858849,SEDOL,Japan,JP,5713,
Balanced Growth,Listed equity,SUMITOMO MITSUI FINANCIAL GROUP INC ADR USD,2267513,SEDOL,United States,US,SMFG,
Balanced Growth,Listed equity,SUMITOMO MITSUI FINL GRP,6563024,SEDOL,Japan,JP,8316,
Balanced Growth,Listed equity,SUMITOMO MITSUI TRUST,6431897,SEDOL,Japan,JP,8309,
Balanced Growth,Listed equity,SUMITOMO RUBBER IND,6858991,SEDOL,Japan,JP,5110,
Balanced Growth,Listed equity,SUN ART RETAIL GROUP,B3MPN59,SEDOL,Hong Kong,HK,6808,
Balanced Growth,Listed equity,SUN HUNG KAI PROPERTIES,6859927,SEDOL,Hong Kong,HK,16,
Balanced Growth,Listed equity,SUN PHARMACEUTICAL IND,6582483,SEDOL,India,IN,SUNP,
Balanced Growth,Listed equity,SUNAC CHINA HOLDINGS,B4XRPN3,SEDOL,Hong Kong,HK,1918,
Balanced Growth,Listed equity,SUNCOR ENERGY,B3NB1P2,SEDOL,Canada,CN,SU,
Balanced Growth,Listed equity,SUNCOR ENERGY INC COMMON STOCK CAD 0,B3NB0P5,SEDOL,United States,US,SU,
Balanced Growth,Listed equity,SUNCORP GROUP,6585084,SEDOL,Australia,AU,SUN,
Balanced Growth,Listed equity,SUNDRUG CO,6817895,SEDOL,Japan,JP,9989,
Balanced Growth,Listed equity,SUNSHINE INSURANCE GROUP CO LTD COMMON STOCK HKD 1,BPCS4V5,SEDOL,Hong Kong,HK,6963,
Balanced Growth,Listed equity,SUNTORY BEVERAGE & FOOD,BBD7Q84,SEDOL,Japan,JP,2587,
Balanced Growth,Listed equity,SUPER RETAIL GROUP LTD,B01C7R0,SEDOL,Australia,AU,SUL,
Balanced Growth,Listed equity,SUPERLOOP LIMITED,BYPC6V1,SEDOL,Australia,AU,SLC,
Balanced Growth,Listed equity,SUZANO ON,B02GKC7,SEDOL,Brazil,BZ,SUZB3,
Balanced Growth,Listed equity,SUZUKI MOTOR CORP,6865504,SEDOL,Japan,JP,7269,
Balanced Growth,Listed equity,SVENSKA HANDELSBANKEN AB ADR USD,B3F2FG2,SEDOL,United States,US,SVNLY,
Balanced Growth,Listed equity,SVENSKA HANDELSBK A,BXDZ9Q1,SEDOL,Sweden,SS,SHBA,
Balanced Growth,Listed equity,SVITZER GROUP A/S COMMON STOCK DKK 10,BPXW7F1,SEDOL,,,,
Balanced Growth,Listed equity,SWATCH GROUP NAM,7184736,SEDOL,Switzerland,SW,UHRN,
Balanced Growth,Listed equity,SWEDBANK,4846523,SEDOL,Sweden,SS,SWEDA,
Balanced Growth,Listed equity,SWISS LIFE HOLDING,7437805,SEDOL,Switzerland,SW,SLHN,
Balanced Growth,Listed equity,SWISS RE,B545MG5,SEDOL,Switzerland,SW,SREN,
Balanced Growth,Listed equity,SYDBANK AS COMMON STOCK DKK 10,B06JSP1,SEDOL,Denmark,DC,SYDB,
Balanced Growth,Listed equity,SYMBOTIC INC COMMON STOCK USD 0.0001,BPG82M8,SEDOL,United States,US,SYM,
Balanced Growth,Listed equity,SYNCHRONY FINANCIAL,BP96PS6,SEDOL,United States,US,SYF,
Balanced Growth,Listed equity,SYRAH RESOURCES LIMITED,B23HV20,SEDOL,Australia,AU,SYR,
Balanced Growth,Listed equity,SYSCO CORP,2868165,SEDOL,United States,US,SYY,
Balanced Growth,Listed equity,T&D HOLDINGS,6744294,SEDOL,Japan,JP,8795,
Balanced Growth,Listed equity,T-MOBILE US,B94Q9V0,SEDOL,United States,US,TMUS,
Balanced Growth,Listed equity,TABCORP HOLDINGS,6873262,SEDOL,Australia,AU,TAH,
Balanced Growth,Listed equity,TAG Immobilien AG,5735631,SEDOL,Germany,GR,TEG,
Balanced Growth,Listed equity,TAIWAN SAKURA CORP COMMON STOCK TWD 10,6874027,SEDOL,Taiwan,TT (Taiwan Stock Exchange),9911,
Balanced Growth,Listed equity,TAIWAN SEMICONDUCTOR MANUFACTURING CO LTD ADR USD,2113382,SEDOL,United States,US,TSM,
Balanced Growth,Listed equity,TAIWAN SEMICONDUCTOR MFG,6889106,SEDOL,Taiwan,TT (Taiwan Stock Exchange),2330,
Balanced Growth,Listed equity,TAKEDA PHARMACEUTICAL,6870445,SEDOL,Japan,JP,4502,
Balanced Growth,Listed equity,TAL EDUCATION GROUP ADR,B4MGD82,SEDOL,United States,US,TAL,
Balanced Growth,Listed equity,TALABAT HOLDING PLC COMMON STOCK AED 0.04,BRPSDQ4,SEDOL,United Arab Emirates,UH,TALABAT,
Balanced Growth,Listed equity,TANABE ENGINEERING CORP COMMON STOCK JPY,6899956,SEDOL,Japan,JP,1828,
Balanced Growth,Listed equity,TARGA RESOURCES CORP,B55PZY3,SEDOL,United States,US,TRGP,
Balanced Growth,Listed equity,TATA CONSULTANCY,B01NPJ1,SEDOL,India,IN,TCS,
Balanced Growth,Listed equity,TATA MOTORS,B611LV1,SEDOL,India,IN,TTMT,
Balanced Growth,Listed equity,TAURON POLSKA ENERGIA SA COMMON STOCK PLN 5,B5P7L41,SEDOL,Poland,PW,TPE,
Balanced Growth,Listed equity,TE CONNECTIVITY PLC COMMON STOCK USD 0.01,BRC3N84,SEDOL,United States,US,TEL,
Balanced Growth,Listed equity,TEBIAN ELEC APP A (HK-C),BP3R4H7,SEDOL,China,C1,600089,
Balanced Growth,Listed equity,TECH MAHINDRA,BWFGD63,SEDOL,India,IN,TECHM,
Balanced Growth,Listed equity,TECHNOLOGY ONE LTD,6302410,SEDOL,Australia,AU,TNE,
Balanced Growth,Listed equity,TECHTRONIC INDUSTRIES CO,B0190C7,SEDOL,Hong Kong,HK,669,
Balanced Growth,Listed equity,TECK RESOURCES B,2879327,SEDOL,Canada,CN,TECK/B,
Balanced Growth,Listed equity,TEIKOKU TSUSHIN KOGYO CO LTD COMMON STOCK JPY,6881027,SEDOL,Japan,JP,6763,
Balanced Growth,Listed equity,TEL AVIV STOCK EXCHANGE LTD COMMON STOCK ILS,BK5HCP4,SEDOL,Israel,IT,TASE,
Balanced Growth,Listed equity,TELE2 B,B97C733,SEDOL,Sweden,SS,TEL2B,
Balanced Growth,Listed equity,TELEF BRASIL ON (NEW),B6XFBX3,SEDOL,Brazil,BZ,VIVT3,
Balanced Growth,Listed equity,TELEFONICA BRASIL SA ADR USD,BMDB207,SEDOL,United States,US,VIV,
Balanced Growth,Listed equity,TELENOR,4732495,SEDOL,Belgium,NO,TEL,
Balanced Growth,Listed equity,TELEPERFORMANCE,5999330,SEDOL,France,FP,TEP,
Balanced Growth,Listed equity,TELIA CO,5978384,SEDOL,Sweden,SS,TELIA,
Balanced Growth,Listed equity,TELIA CO AB ADR USD,B3F2DW4,SEDOL,United States,US,TLSNY,
Balanced Growth,Listed equity,TELIA CO AB COMMON STOCK SEK 3.2,7520880,SEDOL,Finland,FH,TELIA1,
Balanced Growth,Listed equity,TELIX PHARMACEUTICALS LTD,BF7M092,SEDOL,Australia,AU,TLX,
Balanced Growth,Listed equity,TELSTRA GROUP,6087289,SEDOL,Australia,AU,TLS,
Balanced Growth,Listed equity,TENAGA NASIONAL,6904612,SEDOL,Malaysia,MK,TNB,
Balanced Growth,Listed equity,TENCENT HOLDINGS LI (CN),BMMV2K8,SEDOL,Hong Kong,HK,700,
Balanced Growth,Listed equity,TENCENT HOLDINGS LTD ADR USD 0.00002,B3F2DZ7,SEDOL,United States,US,TCEHY,
Balanced Growth,Listed equity,TERNIUM SA ADR USD 1,B0XGGY0,SEDOL,United States,US,TX,
Balanced Growth,Listed equity,TERUMO CORP,6885074,SEDOL,Japan,JP,4543,
Balanced Growth,Listed equity,TESCO,BLGZ986,SEDOL,United Kingdom,LN,TSCO,
Balanced Growth,Listed equity,TESLA,B616C79,SEDOL,United States,US,TSLA,
Balanced Growth,Listed equity,TEVA PHARMA IND ADR,2883878,SEDOL,United States,US,TEVA,
Balanced Growth,Listed equity,TEXAS INSTRUMENTS,2885409,SEDOL,United States,US,TXN,
Balanced Growth,Listed equity,TEXAS PACIFIC LAND CORP COMMON STOCK USD,BM99VY2,SEDOL,United States,US,TPL,
Balanced Growth,Listed equity,TEXTRON,2885937,SEDOL,United States,US,TXT,
Balanced Growth,Listed equity,TFI INTERNATIONAL,BDRXBF4,SEDOL,Canada,CN,TFII,
Balanced Growth,Listed equity,TFI INTERNATIONAL INC COMMON STOCK CAD 0,BYPJP59,SEDOL,United States,US,TFII,
Balanced Growth,Listed equity,THAI BEVERAGE PCL COMMON STOCK SGD 1,B15F664,SEDOL,Singapore,SP,THBEV,
Balanced Growth,Listed equity,THE A2 MILK COMPANY LTD,BWSRTS7,SEDOL,Australia,AU,A2M,
Balanced Growth,Listed equity,THE CIGNA GROUP,BHJ0775,SEDOL,United States,US,CI,
Balanced Growth,Listed equity,THE LOTTERY CORPORATION,BNRQW72,SEDOL,Australia,AU,TLC,
Balanced Growth,Listed equity,THERMO FISHER SCIENTIFIC,2886907,SEDOL,United States,US,TMO,
Balanced Growth,Listed equity,TIAN DI SCIENCE A (HK-C),BP3R8L9,SEDOL,China,C1,600582,
Balanced Growth,Listed equity,TIANFENG SEC A(HK-C),BK94886,SEDOL,China,C1,601162,
Balanced Growth,Listed equity,TIANSHAN MATERIAL CO LTD COMMON STOCK CNY 1,BD5LV72,SEDOL,China,C2,000877,
Balanced Growth,Listed equity,TIGERS POLYMER CORP COMMON STOCK JPY,6891305,SEDOL,Japan,JP,4231,
Balanced Growth,Listed equity,TIM SA ON,BN71RB6,SEDOL,Brazil,BZ,TIMS3,
Balanced Growth,Listed equity,TIM SA/BRAZIL ADR USD,BK531P5,SEDOL,United States,US,TIMB,
Balanced Growth,Listed equity,TIS INC COMMON STOCK JPY,B2Q4CR0,SEDOL,Japan,JP,3626,
Balanced Growth,Listed equity,TITAN COMPANY,6139340,SEDOL,India,IN,TTAN,
Balanced Growth,Listed equity,TJX COMPANIES,2989301,SEDOL,United States,US,TJX,
Balanced Growth,Listed equity,TOAST INC COMMON STOCK USD 0.000001,BP6D7B7,SEDOL,United States,US,TOST,
Balanced Growth,Listed equity,TOKIO MARINE HOLDINGS,6513126,SEDOL,Japan,JP,8766,
Balanced Growth,Listed equity,TOKYO ELECTRIC POWER CO,6895404,SEDOL,Japan,JP,9501,
Balanced Growth,Listed equity,TOKYO ELECTRON,6895675,SEDOL,Japan,JP,8035,
Balanced Growth,Listed equity,TOKYO GAS CO,6895448,SEDOL,Japan,JP,9531,
Balanced Growth,Listed equity,TOPPAN HOLDINGS,6897024,SEDOL,Japan,JP,7911,
Balanced Growth,Listed equity,TOPSPORTS INTERNATIONAL HOLDINGS LTD COMMON STOCK HKD 0.0000,BJRFW26,SEDOL,Hong Kong,HK,6110,
Balanced Growth,Listed equity,TOTALENERGIES,B15C557,SEDOL,France,FP,TTE,
Balanced Growth,Listed equity,TOYOTA INDUSTRIES CORP,6900546,SEDOL,Japan,JP,6201,
Balanced Growth,Listed equity,TOYOTA TSUSHO,6900580,SEDOL,Japan,JP,8015,
Balanced Growth,Listed equity,TPG TELECOM,BMB2257,SEDOL,Australia,AU,TPG,
Balanced Growth,Listed equity,TRADE DESK A,BD8FDD1,SEDOL,United States,US,TTD,
Balanced Growth,Listed equity,TRANE TECHNOLOGIES,BK9ZQ96,SEDOL,United States,US,TT,
Balanced Growth,Listed equity,TRATON SE COMMON STOCK EUR,BK4PR10,SEDOL,Sweden,SS,8TRA,
Balanced Growth,Listed equity,TRAVEL + LEISURE CO COMMON STOCK USD 0.01,BMXYT16,SEDOL,United States,US,TNL,
Balanced Growth,Listed equity,TRAVELERS COS (THE),2769503,SEDOL,United States,US,TRV,
Balanced Growth,Listed equity,TREASURY WINE ESTATES,B61JC67,SEDOL,Australia,AU,TWE,
Balanced Growth,Listed equity,TREND MICRO,6125286,SEDOL,Japan,JP,4704,
Balanced Growth,Listed equity,TRENT,BDDRN32,SEDOL,India,IN,TRENT,
Balanced Growth,Listed equity,TRIP COM GROUP LTD ADR,BK1K3N2,SEDOL,United States,US,TCOM,
Balanced Growth,Listed equity,TRUE CORP PCL FOREIGN SH. THB 4,BQKRHQ7,SEDOL,Thailand,TB,TRUE/F,
Balanced Growth,Listed equity,TRUE CORP PCL NVDR THB 4,BQKRHP6,SEDOL,Thailand,TB,TRUE-R,
Balanced Growth,Listed equity,TRUIST FINANCIAL CORP,BKP7287,SEDOL,United States,US,TFC,
Balanced Growth,Listed equity,TRYG,BXDZ972,SEDOL,Denmark,DC,TRYG,
Balanced Growth,Listed equity,TUAS LTD,BM94P78,SEDOL,Australia,AU,TUA,
Balanced Growth,Listed equity,TUPRAS TURKIYE PETROL,B03MYT9,SEDOL,Turkey,TI,TUPRS,
Balanced Growth,Listed equity,TURK HAVA YOLLARI,B03MYK0,SEDOL,Turkey,TI,THYAO,
Balanced Growth,Listed equity,TURKCELL ILETISIM HIZMET,B03MYN3,SEDOL,Turkey,TI,TCELL,
Balanced Growth,Listed equity,TURKIYE GARANTI BANKASI,B03MYP5,SEDOL,Turkey,TI,GARAN,
Balanced Growth,Listed equity,TURKIYE IS BANKASI C,B03MYS8,SEDOL,Turkey,TI,ISCTR,
Balanced Growth,Listed equity,TURKIYE SINAI KALKINMA BANKASI AS COMMON STOCK TRY 1,B03MY88,SEDOL,Turkey,TI,TSKB,
Balanced Growth,Listed equity,TURVO INTERNATIONAL CO LTD COMMON STOCK TWD 10,B4T5HX5,SEDOL,Taiwan,TT (Taiwan Stock Exchange),2233,
Balanced Growth,Listed equity,TWILIO A,BD6P5Q0,SEDOL,United States,US,TWLO,
Balanced Growth,Listed equity,TXNM ENERGY INC,2707826,SEDOL,United States,US,TXNM,
Balanced Growth,Listed equity,TYSON FOODS A,2909730,SEDOL,United States,US,TSN,
Balanced Growth,Listed equity,UACJ CORP COMMON STOCK JPY,B0N9WZ2,SEDOL,Japan,JP,5741,
Balanced Growth,Listed equity,UBER TECHNOLOGIES,BK6N347,SEDOL,United States,US,UBER,
Balanced Growth,Listed equity,UBS GROUP AG COMMON STOCK CHF 0.1,BRJL176,SEDOL,Switzerland,SW,UBSG,
Balanced Growth,Listed equity,UBS GROUP AG COMMON STOCK CHF 0.1,BRTR118,SEDOL,United States,US,UBS,
Balanced Growth,Listed equity,ULTA BEAUTY,B28TS42,SEDOL,United States,US,ULTA,
Balanced Growth,Listed equity,UNI-CHARM CORP,6911485,SEDOL,Japan,JP,8113,
Balanced Growth,Listed equity,UNI-PRESIDENT ENT.,6700393,SEDOL,Taiwan,TT (Taiwan Stock Exchange),1216,
Balanced Growth,Listed equity,UNIBAIL-RODAMCO-WESTFIELD,BDDR365,SEDOL,Australia,AU,URW,
Balanced Growth,Listed equity,UNICREDIT,BYMXPS7,SEDOL,Italy,IM,UCG,
Balanced Growth,Listed equity,UNILEVER INDONESIA,6687184,SEDOL,Indonesia,IJ,UNVR,
Balanced Growth,Listed equity,UNILEVER PLC (GB),B10RZP7,SEDOL,United Kingdom,LN,ULVR,
Balanced Growth,Listed equity,UNILEVER PLC ADR USD,2416520,SEDOL,United States,US,UL,
Balanced Growth,Listed equity,UNIMICRON TECHNOLOGY,6137720,SEDOL,Taiwan,TT (Taiwan Stock Exchange),3037,
Balanced Growth,Listed equity,UNION PACIFIC CORP,2914734,SEDOL,United States,US,UNP,
Balanced Growth,Listed equity,UNITED ENERGY GROUP LTD COMMON STOCK HKD 0.01,B0FXSY3,SEDOL,Hong Kong,HK,467,
Balanced Growth,Listed equity,UNITED OVERSEAS BANK,6916781,SEDOL,Singapore,SP,UOB,
Balanced Growth,Listed equity,UNITED THERAPEUTICS CORP,2430412,SEDOL,United States,US,UTHR,
Balanced Growth,Listed equity,UNITED TRACTORS,6230845,SEDOL,Indonesia,IJ,UNTR,
Balanced Growth,Listed equity,UNITEDHEALTH GROUP,2917766,SEDOL,United States,US,UNH,
Balanced Growth,Listed equity,UNIVERSAL HEALTH SVCS B,2923785,SEDOL,United States,US,UHS,
Balanced Growth,Listed equity,UNIVERSAL INSURANCE HOLDINGS INC COMMON STOCK USD 0.01,2912374,SEDOL,United States,US,UVE,
Balanced Growth,Listed equity,UNIVERSAL SCIEN A (HK-C),BP3R4F5,SEDOL,China,C1,601231,
Balanced Growth,Listed equity,UNIVERSAL STORE HOLDINGS LTD COMMON STOCK AUD,BMCK9H1,SEDOL,Australia,AU,UNI,
Balanced Growth,Listed equity,UNIVERSAL TECHNICAL INSTITUTE INC COMMON STOCK USD 0.0001,2002543,SEDOL,United States,US,UTI,
Balanced Growth,Listed equity,UNUM GROUP COMMON STOCK USD 0.1,2433842,SEDOL,United States,US,UNM,
Balanced Growth,Listed equity,US BANCORP,2736035,SEDOL,United States,US,USB,
Balanced Growth,Listed equity,VAIL RESORTS,2954194,SEDOL,United States,US,MTN,
Balanced Growth,Listed equity,VALE ON,2196286,SEDOL,Brazil,BZ,VALE3,
Balanced Growth,Listed equity,VALERO ENERGY CORP,2041364,SEDOL,United States,US,VLO,
Balanced Growth,Listed equity,VARUN BEVERAGES,BQB80M6,SEDOL,India,IN,VBL,
Balanced Growth,Listed equity,VAULT MINERALS LTD COMMON STOCK AUD 0,BSML1B4,SEDOL,Australia,AU,VAU,
Balanced Growth,Listed equity,VEDANTA,6136040,SEDOL,India,IN,VEDL,
Balanced Growth,Listed equity,VENTIA SERVICES GROUP LTD,BNV08F0,SEDOL,Australia,AU,VNT,
Balanced Growth,Listed equity,VEOLIA ENVIRONNEMENT,4031879,SEDOL,France,FP,VIE,
Balanced Growth,Listed equity,VERALTO CORP,BPGMZQ5,SEDOL,United States,US,VLTO,
Balanced Growth,Listed equity,VERBUND A,4661607,SEDOL,Austria,AV,VER,
Balanced Growth,Listed equity,VERISIGN,2142922,SEDOL,United States,US,VRSN,
Balanced Growth,Listed equity,VERIZON COMMUNICATIONS,2090571,SEDOL,United States,US,VZ,
Balanced Growth,Listed equity,VERTIV HOLDINGS A,BL3LWS8,SEDOL,United States,US,VRT,
Balanced Growth,Listed equity,VESTAS WIND SYSTEMS,BN4MYF5,SEDOL,Denmark,DC,VWS,
Balanced Growth,Listed equity,VIATRIS,BMWS3X9,SEDOL,United States,US,VTRS,
Balanced Growth,Listed equity,VIBRA ENERGIA SA COMMON STOCK BRL,BPBLV81,SEDOL,Brazil,BZ,VBBR3,
Balanced Growth,Listed equity,VINCI,B1XH026,SEDOL,France,FP,DG,
Balanced Growth,Listed equity,VIPSHOP HOLDINGS ADR,B3N0H17,SEDOL,United States,US,VIPS,
Balanced Growth,Listed equity,VISA A,B2PZN04,SEDOL,United States,US,V,
Balanced Growth,Listed equity,VISTRA ENERGY,BZ8VJQ8,SEDOL,United States,US,VST,
Balanced Growth,Listed equity,VIVA ENERGY GROUP LTD,BYQM3N1,SEDOL,Australia,AU,VEA,
Balanced Growth,Listed equity,VODACOM GROUP,B65B4D0,SEDOL,South Africa,SJ,VOD,
Balanced Growth,Listed equity,VODAFONE GROUP,BH4HKS3,SEDOL,United Kingdom,LN,VOD,
Balanced Growth,Listed equity,VODAFONE GROUP PLC ADR USD,BK019T4,SEDOL,United States,US,VOD,
Balanced Growth,Listed equity,VODAFONE IDEA,B1MP4H4,SEDOL,India,IN,IDEA,
Balanced Growth,Listed equity,VOLKSWAGEN STAMM,5497102,SEDOL,Germany,GR,VOW,
Balanced Growth,Listed equity,VOLKSWAGEN VORZUG,5497168,SEDOL,Germany,GR,VOW3,
Balanced Growth,Listed equity,VOLTRONIC POWER TECH,B96HCH8,SEDOL,Taiwan,TT (Taiwan Stock Exchange),6409,
Balanced Growth,Listed equity,VSTECS HOLDINGS LTD COMMON STOCK HKD 0.1,6527031,SEDOL,Hong Kong,HK,856,
Balanced Growth,Listed equity,VULCAN STEEL LTD,BMG3PV2,SEDOL,Australia,AU,VSL,
Balanced Growth,Listed equity,WABTEC CORP,2955733,SEDOL,United States,US,WAB,
Balanced Growth,Listed equity,WALMART,2936921,SEDOL,United States,US,WMT,
Balanced Growth,Listed equity,WALMART MEXICO V,BW1YVH8,SEDOL,Mexico,MM,WALMEX*,
Balanced Growth,Listed equity,WAN HAI LINES,6932334,SEDOL,Taiwan,TT (Taiwan Stock Exchange),2615,
Balanced Growth,Listed equity,WANT WANT CHINA HLDGS,B2Q14Z3,SEDOL,Hong Kong,HK,151,
Balanced Growth,Listed equity,WARNER BROS DISCOVERY INC COMMON STOCK USD,BM8JYX3,SEDOL,United States,US,WBD,
Balanced Growth,Listed equity,WARTSILA B,4525189,SEDOL,Finland,FH,WRT1V,
Balanced Growth,Listed equity,WASTE CONNECTIONS,BYVG1F6,SEDOL,United States,US,WCN,
Balanced Growth,Listed equity,WASTE MANAGEMENT,2937667,SEDOL,United States,US,WM,
Balanced Growth,Listed equity,WATTS CO LTD COMMON STOCK JPY,6524377,SEDOL,Japan,JP,2735,
Balanced Growth,Listed equity,WEB TRAVEL GROUP LIMITED,6015815,SEDOL,Australia,AU,WEB,
Balanced Growth,Listed equity,WEBJET GROUP LTD COMMON STOCK AUD,BSY5JG5,SEDOL,Australia,AU,WJL,
Balanced Growth,Listed equity,WEG ON,2945422,SEDOL,Brazil,BZ,WEGE3,
Balanced Growth,Listed equity,WEIBO CORP ADR,BLLJ4H7,SEDOL,United States,US,WB,
Balanced Growth,Listed equity,WEICHAI POWER CO H,6743956,SEDOL,Hong Kong,HK,2338,
Balanced Growth,Listed equity,WELLS FARGO & CO,2649100,SEDOL,United States,US,WFC,
Balanced Growth,Listed equity,WESFARMERS,6948836,SEDOL,Australia,AU,WES,
Balanced Growth,Listed equity,WEST AFRICAN RESOURCES LIMITED,B4KBBN0,SEDOL,Australia,AU,WAF,
Balanced Growth,Listed equity,WESTERN MINING A (HK-C),BP3R7X4,SEDOL,China,C1,601168,
Balanced Growth,Listed equity,WESTGOLD RESOURCES LTD,BYVQ673,SEDOL,Australia,AU,WGX,
Balanced Growth,Listed equity,WESTON (GEORGE),2956662,SEDOL,Canada,CN,WN,
Balanced Growth,Listed equity,WESTPAC BANKING,6076146,SEDOL,Australia,AU,WBC,
Balanced Growth,Listed equity,WH GROUP,BLLHKZ1,SEDOL,Hong Kong,HK,288,
Balanced Growth,Listed equity,WHEATON PRECIOUS METALS CORP,BDG1S92,SEDOL,United States,US,WPM,
Balanced Growth,Listed equity,WHITEHAVEN COAL LTD,B1XQXC4,SEDOL,Australia,AU,WHC,
Balanced Growth,Listed equity,WILDCAT RESOURCES LTD,BMXRJN7,SEDOL,Australia,AU,WC8,
Balanced Growth,Listed equity,WILL SC A (HK-C),BK947V2,SEDOL,China,C1,603501,
Balanced Growth,Listed equity,WILLIAMS COS,2967181,SEDOL,United States,US,WMB,
Balanced Growth,Listed equity,WILLIAMS-SONOMA INC COMMON STOCK USD 0.01,2967589,SEDOL,United States,US,WSM,
Balanced Growth,Listed equity,WILLIS TOWERS WATSON,BDB6Q21,SEDOL,United States,US,WTW,
Balanced Growth,Listed equity,WILMAR INTERNATIONAL,B17KC69,SEDOL,Singapore,SP,WIL,
Balanced Growth,Listed equity,WIPRO,6206051,SEDOL,India,IN,WPRO,
Balanced Growth,Listed equity,WISETECH GLOBAL,BZ8GX83,SEDOL,Australia,AU,WTC,
Balanced Growth,Listed equity,WISTRON CORP,6672481,SEDOL,Taiwan,TT (Taiwan Stock Exchange),3231,
Balanced Growth,Listed equity,WIWYNN CORPORATION,BF4QXG5,SEDOL,Taiwan,TT (Taiwan Stock Exchange),6669,
Balanced Growth,Listed equity,WIX.COM,BFZCHN7,SEDOL,United States,US,WIX,
Balanced Growth,Listed equity,WIZZ AIR HOLDINGS PLC COMMON STOCK GBP 0.0001,BN574F9,SEDOL,United Kingdom,LN,WIZZ,
Balanced Growth,Listed equity,WOLTERS KLUWER,5671519,SEDOL,Netherlands,NA,WKL,
Balanced Growth,Listed equity,WOODSIDE ENERGY GROUP LTD COMMON STOCK AUD 0,AU0000224040,ISIN,Australia,,,WDS.AX
Balanced Growth,Listed equity,WOOLWORTHS GROUP,6981239,SEDOL,Australia,AU,WOW,
Balanced Growth,Listed equity,WOORI FINANCIAL GROUP,BGHWH98,SEDOL,South Korea,KS,316140,
Balanced Growth,Listed equity,WORKDAY A,B8K6ZD1,SEDOL,United States,US,WDAY,
Balanced Growth,Listed equity,WORLEY LTD,6562474,SEDOL,Australia,AU,WOR,
Balanced Growth,Listed equity,WULIANGYE YIBIN A (HK-C),BD5CPG2,SEDOL,China,C2,000858,
Balanced Growth,Listed equity,WUXI APPTEC CO H,BGHH0L6,SEDOL,Hong Kong,HK,2359,
Balanced Growth,Listed equity,XERO (AU),B8P4LP4,SEDOL,Australia,AU,XRO,
Balanced Growth,Listed equity,XIAOMI CORP B,BG0ZMJ9,SEDOL,Hong Kong,HK,1810,
Balanced Growth,Listed equity,XINJIANG GOLDWIND SCI H,B59GZJ7,SEDOL,Hong Kong,HK,2208,
Balanced Growth,Listed equity,YANG MING MARINE TRANSP,6987583,SEDOL,Taiwan,TT (Taiwan Stock Exchange),2609,
Balanced Growth,Listed equity,YANGZIJIANG SHIPBUILD,B1VT035,SEDOL,Singapore,SP,YZJSGD,
Balanced Growth,Listed equity,YAPI VE KREDI BANKASI,B03MZJ6,SEDOL,Turkey,TI,YKBNK,
Balanced Growth,Listed equity,YEALINK NETWORK TECHNOLOGY CORP LTD COMMON STOCK CNY 1,BFCCR07,SEDOL,China,C2,300628,
Balanced Growth,Listed equity,YOKOGAWA ELECTRIC CORP,6986427,SEDOL,Japan,JP,6841,
Balanced Growth,Listed equity,YOUNG FAST OPTOELECTRONICS CO LTD COMMON STOCK TWD 10,B2QM230,SEDOL,Taiwan,TT (Taiwan Stock Exchange),3622,
Balanced Growth,Listed equity,YPF D ADR,2985945,SEDOL,United States,US,YPF,
Balanced Growth,Listed equity,YTL CORP BHD COMMON STOCK MYR 0,6436126,SEDOL,Malaysia,MK,YTL,
Balanced Growth,Listed equity,YUANTA FINANCIAL HOLDING,6424110,SEDOL,Taiwan,TT (Taiwan Stock Exchange),2885,
Balanced Growth,Listed equity,YUEXIU PROPERTY CO,BNR5PB4,SEDOL,Hong Kong,HK,123,
Balanced Growth,Listed equity,YUM CHINA HOLDINGS,BYW4289,SEDOL,United States,US,YUMC,
Balanced Growth,Listed equity,YUM CHINA HOLDINGS INC COMMON STOCK USD 0.01,BN2BD13,SEDOL,Hong Kong,HK,9987,
Balanced Growth,Listed equity,YUTONG BUS CO A (HK-C),BP3R5T6,SEDOL,China,C1,600066,
Balanced Growth,Listed equity,ZAI LAB,BP8L269,SEDOL,Hong Kong,HK,9688,
Balanced Growth,Listed equity,ZAI LAB ADR,BD9GVY0,SEDOL,United States,US,ZLAB,
Balanced Growth,Listed equity,ZEBRA TECHNOLOGIES A,2989356,SEDOL,United States,US,ZBRA,
Balanced Growth,Listed equity,ZHEJIANG CHINT A (HK-C),BP3R5K7,SEDOL,China,C1,601877,
Balanced Growth,Listed equity,ZHEJIANG EXPRESSWAY H,6990763,SEDOL,Hong Kong,HK,576,
Balanced Growth,Listed equity,ZHEJIANG JINGXIN PHARMACEUTICAL CO LTD COMMON STOCK CNY 1,BD5LTK1,SEDOL,China,C2,002020,
Balanced Growth,Listed equity,ZHEJIANG NHU CO LTD COMMON STOCK CNY 1,BD5CH66,SEDOL,China,C2,002001,
Balanced Growth,Listed equity,ZHEN DING TECHNOLOGY,B734XQ4,SEDOL,Taiwan,TT (Taiwan Stock Exchange),4958,
Balanced Growth,Listed equity,ZHENGZHOU COAL MINING MACHINERY GROUP CO LTD COMMON STOCK CN,BP3RCS4,SEDOL,China,C1,601717,
Balanced Growth,Listed equity,ZHONGJIN GOLD A (HK-C),BP3R585,SEDOL,China,C1,600489,
Balanced Growth,Listed equity,ZHONGSHENG GROUP HLDGS,B633D97,SEDOL,Hong Kong,HK,881,
Balanced Growth,Listed equity,ZHUZHOU CRRC TIMES H,B1L3XL6,SEDOL,Hong Kong,HK,3898,
Balanced Growth,Listed equity,ZIJIN MINING A (HK-C),BP3R400,SEDOL,China,C1,601899,
Balanced Growth,Listed equity,ZIJIN MINING GROUP H,6725299,SEDOL,Hong Kong,HK,2899,
Balanced Growth,Listed equity,ZIM INTEGRATED SHIPPING,BLC90J0,SEDOL,United States,US,ZIM,
Balanced Growth,Listed equity,ZIMPLATS HOLDINGS LTD COMMON STOCK AUD 0.1,6128490,SEDOL,Australia,AU,ZIM,
Balanced Growth,Listed equity,ZOETIS A,B95WG16,SEDOL,United States,US,ZTS,
Balanced Growth,Listed equity,ZOOM COMMUNICATIONS A,BGSP7M9,SEDOL,United States,US,ZM,
Balanced Growth,Listed equity,ZSCALER INC COMMON STOCK USD 0.001,BZ00V34,SEDOL,United States,US,ZS,
Balanced Growth,Listed equity,ZTE CORP H,B04KP88,SEDOL,Hong Kong,HK,763,
Balanced Growth,Listed equity,ZURICH INSURANCE GROUP,5983816,SEDOL,Switzerland,SW,ZURN,
Balanced Growth,Listed property,ABACUS GROUP REIT AUD 0,BQV4PB8,SEDOL,Australia,AU,ABG,
Balanced Growth,Listed property,ABACUS STORAGE KING REIT AUD,BQYLGZ7,SEDOL,Australia,AU,ASK,
Balanced Growth,Listed property,Agree Realty,2062161,SEDOL,United States,US,ADC,
Balanced Growth,Listed property,AMERICAN TOWER CORP,B7FBFL2,SEDOL,United States,US,AMT,
Balanced Growth,Listed property,APN CONVENIENCE RETAIL REIT,BPG8J16,SEDOL,Australia,AU,DXC,
Balanced Growth,Listed property,ARENA REIT,B99K263,SEDOL,Australia,AU,ARF,
Balanced Growth,Listed property,Big Yellow Group,286941,SEDOL,United Kingdom,LN,BYG,
Balanced Growth,Listed property,BRITISH LAND CO,136701,SEDOL,United Kingdom,LN,BLND,
Balanced Growth,Listed property,BWP TRUST,6127453,SEDOL,Australia,AU,BWP,
Balanced Growth,Listed property,BXP,2019479,SEDOL,United States,US,BXP,
Balanced Growth,Listed property,CANADIAN APT PPTYS REIT,2117599,SEDOL,Canada,CN,CAR-U,
Balanced Growth,Listed property,CENTURIA CAPITAL GROUP,6518745,SEDOL,Australia,AU,CNI,
Balanced Growth,Listed property,CENTURIA INDUSTRIAL REIT,BD31FD8,SEDOL,Australia,AU,CIP,
Balanced Growth,Listed property,CENTURIA OFFICE REIT,BKTW448,SEDOL,Australia,AU,COF,
Balanced Growth,Listed property,CHARTER HALL GROUP,B15F6S6,SEDOL,Australia,AU,CHC,
Balanced Growth,Listed property,CHARTER HALL LONG WALE REIT,BDB46J2,SEDOL,Australia,AU,CLW,
Balanced Growth,Listed property,CHARTER HALL RETAIL REIT,6225595,SEDOL,Australia,AU,CQR,
Balanced Growth,Listed property,CHARTER HALL SOCIAL INFRASTRUCTURE REIT,BHJVMY0,SEDOL,Australia,AU,CQE,
Balanced Growth,Listed property,Cousins Property,BJP0MF6,SEDOL,United States,US,CUZ,
Balanced Growth,Listed property,CROMWELL PROPERTY GROUP,6225476,SEDOL,Australia,AU,CMW,
Balanced Growth,Listed property,CROWN CASTLE,BTGQCX1,SEDOL,United States,US,CCI,
Balanced Growth,Listed property,CubeSmart,B6SW913,SEDOL,United States,US,CUBE,
Balanced Growth,Listed property,Derwent London,265274,SEDOL,United Kingdom,LN,DLN,
Balanced Growth,Listed property,DEXUS,B033YN6,SEDOL,Australia,AU,DXS,
Balanced Growth,Listed property,DEXUS INDUSTRIA REIT REIT AUD 0,BP2RQ94,SEDOL,Australia,AU,DXI,
Balanced Growth,Listed property,DIGITAL INFRASTRUCTURE REIT REIT AUD,BTCHK67,SEDOL,Australia,AU,DGT,
Balanced Growth,Listed property,DIGITAL REALTY TRUST,B03GQS4,SEDOL,United States,US,DLR,
Balanced Growth,Listed property,ELANOR COMMERCIAL PROPERTY FUND,BKM1DJ0,SEDOL,Australia,AU,ECF,
Balanced Growth,Listed property,EMBASSY OFFICE PARKS REIT,BJH4V15,SEDOL,India,IN,EMBASSY,
Balanced Growth,Listed property,EQUINIX,BVLZX12,SEDOL,United States,US,EQIX,
Balanced Growth,Listed property,EQUITY LIFESTYLE PPTYS,2563125,SEDOL,United States,US,ELS,
Balanced Growth,Listed property,EQUITY RESIDENTIAL,2319157,SEDOL,United States,US,EQR,
Balanced Growth,Listed property,Essential Properties Realty Trust,BFFK0X2,SEDOL,United States,US,EPRT,
Balanced Growth,Listed property,ESSEX PROPERTY TRUST,2316619,SEDOL,United States,US,ESS,
Balanced Growth,Listed property,EXTRA SPACE STORAGE,B02HWR9,SEDOL,United States,US,EXR,
Balanced Growth,Listed property,Federal Realty Invs,BN7P9B2,SEDOL,United States,US,FRT,
Balanced Growth,Listed property,FIBRA UNO ADMINISTRACION,B671GT8,SEDOL,Mexico,MM,FUNO11,
Balanced Growth,Listed property,GDI PROPERTY GROUP,BHB0NV9,SEDOL,Australia,AU,GDI,
Balanced Growth,Listed property,GECINA,7742468,SEDOL,France,FP,GFC,
Balanced Growth,Listed property,GOODMAN GROUP,B03FYZ4,SEDOL,Australia,AU,GMG,
Balanced Growth,Listed property,GPT GROUP,6365866,SEDOL,Australia,AU,GPT,
Balanced Growth,Listed property,GROWTHPOINT PROP LTD,BBGB5W0,SEDOL,South Africa,SJ,GRT,
Balanced Growth,Listed property,GROWTHPOINT PROPERTIES AUSTRALIA,B1Y9BC8,SEDOL,Australia,AU,GOZ,
Balanced Growth,Listed property,HEALTHCO HEALTHCARE AND WELLNESS REIT,BNHNN03,SEDOL,Australia,AU,HCW,
Balanced Growth,Listed property,HEALTHPEAK PROPERTIES,BJBLRK3,SEDOL,United States,US,DOC,
Balanced Growth,Listed property,HOMECO DAILY NEEDS REIT,BNC0NF4,SEDOL,Australia,AU,HDN,
Balanced Growth,Listed property,HOST HOTELS & RESORTS,2567503,SEDOL,United States,US,HST,
Balanced Growth,Listed property,HOTEL PROPERTY INVESTMENTS,BGSHGN9,SEDOL,,,,
Balanced Growth,Listed property,Igd - Immobiliare Grande Distribuzione,BF0VLX7,SEDOL,Italy,IM,IGD,
Balanced Growth,Listed property,INGENIA COMMUNITIES GROUP,B84GSC7,SEDOL,Australia,AU,INA,
Balanced Growth,Listed property,INVITATION HOMES,BD81GW9,SEDOL,United States,US,INVH,
Balanced Growth,Listed property,Kilroy Realty,2495529,SEDOL,United States,US,KRC,
Balanced Growth,Listed property,KIMCO REALTY CORP,2491594,SEDOL,United States,US,KIM,
Balanced Growth,Listed property,KLEPIERRE,7582556,SEDOL,France,FP,LI,
Balanced Growth,Listed property,LAND SECURITIES GROUP,BYW0PQ6,SEDOL,United Kingdom,LN,LAND,
Balanced Growth,Listed property,LENDLEASE GROUP,6512004,SEDOL,Australia,AU,LLC,
Balanced Growth,Listed property,MIRVAC GROUP,6161978,SEDOL,Australia,AU,MGR,
Balanced Growth,Listed property,NATIONAL RETAIL PPTYS,2211811,SEDOL,United States,US,NNN,
Balanced Growth,Listed property,NATIONAL STORAGE REIT,BGP6479,SEDOL,Australia,AU,NSR,
Balanced Growth,Listed property,Nippon Accommodations Fund,B182BB2,SEDOL,Japan,JP,3226,
Balanced Growth,Listed property,PROLOGIS,B44WZD7,SEDOL,United States,US,PLD,
Balanced Growth,Listed property,RAM ESSENTIAL SERVICES PROPERTY FUND REIT AUD,BMCFQX1,SEDOL,Australia,AU,REP,
Balanced Growth,Listed property,REGION GROUP,BPBMY63,SEDOL,Australia,AU,RGN,
Balanced Growth,Listed property,Rexford Industrial Realty,BC9ZHL9,SEDOL,United States,US,REXR,
Balanced Growth,Listed property,RURAL FUNDS GROUP,BJVD378,SEDOL,Australia,AU,RFF,
Balanced Growth,Listed property,Safestore Holdings,B1N7Z09,SEDOL,United Kingdom,LN,SAFE,
Balanced Growth,Listed property,SBA COMMUNICATIONS A,BZ6TS23,SEDOL,United States,US,SBAC,
Balanced Growth,Listed property,SCENTRE GROUP,BLZH0Z7,SEDOL,Australia,AU,SCG,
Balanced Growth,Listed property,Shaftesbury Capital,B62G9D3,SEDOL,United Kingdom,LN,SHC,
Balanced Growth,Listed property,Shurgard Self Storage,BQZCBZ4,SEDOL,Belgium,BB,SHUR,
Balanced Growth,Listed property,SIMON PROPERTY GROUP,2812452,SEDOL,United States,US,SPG,
Balanced Growth,Listed property,Sirius Real Estate,B1W3VF5,SEDOL,United Kingdom,LN,SRE,
Balanced Growth,Listed property,STOCKLAND,6850856,SEDOL,Australia,AU,SGP,
Balanced Growth,Listed property,SUN COMMUNITIES,2860257,SEDOL,United States,US,SUI,
Balanced Growth,Listed property,Terreno Realty,B3N4753,SEDOL,United States,US,TRNO,
Balanced Growth,Listed property,UNIBAIL-RODAMCO-WE,BF2PQ09,SEDOL,France,FP,URW,
Balanced Growth,Listed property,Unite Group,692861,SEDOL,United Kingdom,LN,UTG,
Balanced Growth,Listed property,Urban Edge Properties,BTPSGQ9,SEDOL,United States,US,UE,
Balanced Growth,Listed property,VENTAS,2927925,SEDOL,United States,US,VTR,
Balanced Growth,Listed property,VICINITY CENTRES,BY7QXS7,SEDOL,Australia,AU,VCX,
Balanced Growth,Listed property,WAREHOUSES DE PAUW SCA,BK8VQD9,SEDOL,Belgium,BB,WDP,
Balanced Growth,Listed property,WAYPOINT REIT TRUST,BLBQ285,SEDOL,Australia,AU,WPR,
Balanced Growth,Listed property,WELLTOWER INC,BYVYHH4,SEDOL,United States,US,WELL,
Balanced Growth,Listed property,WEYERHAEUSER CO,2958936,SEDOL,United States,US,WY,
Balanced Growth,Listed infrastructure,DALRYMPLE BAY INFRASTRUCTURE LTD,BNM6Z56,SEDOL,Australia,AU,DBI,
Balanced Growth,Listed infrastructure,TRANSURBAN GROUP,6200882,SEDOL,Australia,AU,TCL,
