Option Name,Asset Class Name,Name/Kind of Investment Item,Stock ID,ID_Type,Listed Country,Exchange Code,Ticker,Yahoo Ticker
Balanced Growth,Listed Equity,3M Co,US88579Y1010,ISIN,United States,,,MMM
Balanced Growth,Listed Equity,3i Group PLC,GB00B1YW4409,ISIN,United Kingdom,,,III.L
Balanced Growth,Listed Equity,A O Smith Corp,US8318652091,ISIN,United States,,,AOS
Balanced Growth,Listed Equity,ABB Ltd,CH0012221716,ISIN,Switzerland,,,ABBN.SW
Balanced Growth,Listed Equity,ABN AMRO Bank NV,NL0011540547,ISIN,Netherlands,,,ABN.AS
Balanced Growth,Listed Equity,ACS Actividades de Construccion y Servicio,ES0167050915,ISIN,Spain,,,ACS.MC
Balanced Growth,Listed Equity,AECOM,US00766T1007,ISIN,United States,,,ACM
Balanced Growth,Listed Equity,AES Corp/The,US00130H1059,ISIN,United States,,,AES
Balanced Growth,Listed Equity,AGC Inc,JP3112000009,ISIN,Japan,,,5201.T
Balanced Growth,Listed Equity,AGL Energy Ltd,AU000000AGL7,ISIN,Australia,,,AGL.AX
Balanced Growth,Listed Equity,AIA Group Ltd,HK0000069689,ISIN,Hong Kong,,,1299.HK
Balanced Growth,Listed Equity,AIB Group PLC,IE00BF0L3536,ISIN,Ireland,,,A5G.IR
Balanced Growth,Listed Equity,ALS Ltd,AU000000ALQ6,ISIN,Australia,,,ALQ.AX
Balanced Growth,Listed Equity,AMETEK Inc,US0311001004,ISIN,United States,,,AME
Balanced Growth,Listed Equity,AMP Ltd,AU000000AMP6,ISIN,Australia,,,AMP.AX
Balanced Growth,Listed Equity,ANA Holdings Inc,JP3429800000,ISIN,Japan,,,9202.T
Balanced Growth,Listed Equity,ANSYS Inc,US03662Q1058,ISIN,US,,,
Balanced Growth,Listed Equity,AP Moller - Maersk A/S,DK0010244425,ISIN,Denmark,,,MAERSK-A.CO
Balanced Growth,Listed Equity,AP Moller - Maersk A/S,DK0010244508,ISIN,Denmark,,,MAERSK-B.CO
Balanced Growth,Listed Equity,APA Corp,US03743Q1085,ISIN,United States,,,APA
Balanced Growth,Listed Equity,ARB Corp Ltd,AU000000ARB5,ISIN,Australia,,,ARB.AX
Balanced Growth,Listed Equity,ARC Resources Ltd,CA00208D4084,ISIN,Canada,,,ARX.TO
Balanced Growth,Listed Equity,ASM International NV,NL0000334118,ISIN,Netherlands,,,ASM.AS
Balanced Growth,Listed Equity,ASML Holding NV,NL0010273215,ISIN,Netherlands,,,ASML.AS
Balanced Growth,Listed Equity,ASR Nederland NV,NL0011872643,ISIN,Netherlands,,,ASRNL.AS
Balanced Growth,Listed Equity,ASX Ltd,AU000000ASX7,ISIN,Australia,,,ASX.AX
Balanced Growth,Listed Equity,AT&T Inc,US00206R1023,ISIN,United States,,,T
Balanced Growth,Listed Equity,ATI Inc,US01741R1023,ISIN,United States,,,ATI
Balanced Growth,Listed Equity,AUB Group Ltd,AU000000AUB9,ISIN,Australia,,,AUB.AX
Balanced Growth,Listed Equity,AVZ Minerals Ltd,AU000000AVZ6,ISIN,AU,,,
Balanced Growth,Listed Equity,AXA SA,FR0000120628,ISIN,France,,,CS.PA
Balanced Growth,Listed Equity,AbbVie Inc,US00287Y1091,ISIN,United States,,,ABBV
Balanced Growth,Listed Equity,Abbott Laboratories,US0028241000,ISIN,United States,,,ABT
Balanced Growth,Listed Equity,Academy Sports & Outdoors Inc,US00402L1070,ISIN,United States,,,ASO
Balanced Growth,Listed Equity,Accent Group Ltd,AU000000AX19,ISIN,Australia,,,AX1.AX
Balanced Growth,Listed Equity,Accenture PLC,IE00B4BNMY34,ISIN,United States,,,ACN
Balanced Growth,Listed Equity,Acciona SA,ES0125220311,ISIN,Spain,,,ANA.MC
Balanced Growth,Listed Equity,Accor SA,FR0000120404,ISIN,France,,,AC.PA
Balanced Growth,Listed Equity,Accton Technology Corp,TW0002345006,ISIN,Taiwan,,,2345.TW
Balanced Growth,Listed Equity,Acuity Brands Inc,US00508Y1029,ISIN,United States,,,AYI
Balanced Growth,Listed Equity,Adairs Ltd,AU000000ADH2,ISIN,Australia,,,ADH.AX
Balanced Growth,Listed Equity,AddTech AB,SE0014781795,ISIN,Sweden,,,ADDT-B.ST
Balanced Growth,Listed Equity,Adecco Group AG,CH0012138605,ISIN,Switzerland,,,ADEN.SW
Balanced Growth,Listed Equity,Admiral Group PLC,GB00B02J6398,ISIN,United Kingdom,,,ADM.L
Balanced Growth,Listed Equity,Adobe Inc,US00724F1012,ISIN,United States,,,ADBE
Balanced Growth,Listed Equity,Adriatic Metals PLC,AU0000004772,ISIN,Australia,,,ADT.AX
Balanced Growth,Listed Equity,Advanced Micro Devices Inc,US0079031078,ISIN,United States,,,AMD
Balanced Growth,Listed Equity,Advantech Co Ltd,TW0002395001,ISIN,Taiwan,,,2395.TW
Balanced Growth,Listed Equity,Advantest Corp,JP3122400009,ISIN,Japan,,,6857.T
Balanced Growth,Listed Equity,Adyen NV,NL0012969182,ISIN,Netherlands,,,ADYEN.AS
Balanced Growth,Listed Equity,Aegon Ltd,BMG0112X1056,ISIN,Netherlands,,,AGN.AS
Balanced Growth,Listed Equity,Aena SME SA,ES0105046009,ISIN,Spain,,,AENA.MC
Balanced Growth,Listed Equity,Aeon Co Ltd,JP3388200002,ISIN,Japan,,,8267.T
Balanced Growth,Listed Equity,AerCap Holdings NV,NL0000687663,ISIN,United States,,,AER
Balanced Growth,Listed Equity,Aeroports de Paris SA,FR0010340141,ISIN,France,,,ADP.PA
Balanced Growth,Listed Equity,Aflac Inc,US0010551028,ISIN,United States,,,AFL
Balanced Growth,Listed Equity,Ageas SA/NV,BE0974264930,ISIN,Belgium,,,AGS.BR
Balanced Growth,Listed Equity,Agilent Technologies Inc,US00846U1016,ISIN,United States,,,A
Balanced Growth,Listed Equity,Agnico Eagle Mines Ltd,CA0084741085,ISIN,United States,,,AEM
Balanced Growth,Listed Equity,Ainsworth Game Technology Ltd,AU000000AGI3,ISIN,Australia,,,AGI.AX
Balanced Growth,Listed Equity,Air Canada,FR0000120404,ISIN,France,,,AC.PA
Balanced Growth,Listed Equity,Air Liquide SA,FR0000120073,ISIN,France,,,AI.PA
Balanced Growth,Listed Equity,Air New Zealand Ltd,NZAIRE0001S2,ISIN,New Zealand,,,AIR.NZ
Balanced Growth,Listed Equity,Air Products and Chemicals Inc,US0091581068,ISIN,United States,,,APD
Balanced Growth,Listed Equity,Airbnb Inc,US0090661010,ISIN,United States,,,ABNB
Balanced Growth,Listed Equity,Airbus SE,NL0000235190,ISIN,France,,,AIR.PA
Balanced Growth,Listed Equity,Aisin Corp,JP3102000001,ISIN,Japan,,,7259.T
Balanced Growth,Listed Equity,Ajinomoto Co Inc,JP3119600009,ISIN,Japan,,,2802.T
Balanced Growth,Listed Equity,Akamai Technologies Inc,US00971T1016,ISIN,United States,,,AKAM
Balanced Growth,Listed Equity,Aker BP ASA,NO0010345853,ISIN,Norway,,,AKRBP.OL
Balanced Growth,Listed Equity,Akzo Nobel NV,NL0013267909,ISIN,Netherlands,,,AKZA.AS
Balanced Growth,Listed Equity,Albemarle Corp,US0126531013,ISIN,United States,,,ALB
Balanced Growth,Listed Equity,Albertsons Cos Inc,US0130911037,ISIN,United States,,,ACI
Balanced Growth,Listed Equity,Alcoa Corp,AU0000339426,ISIN,Australia,,,AAI.AX
Balanced Growth,Listed Equity,Alcon AG,CH0432492467,ISIN,Switzerland,,,ALC.SW
Balanced Growth,Listed Equity,Alfa Laval AB,SE0000695876,ISIN,Sweden,,,ALFA.ST
Balanced Growth,Listed Equity,Alibaba Group Holding Ltd,KYG017191142,ISIN,Hong Kong,,,9988.HK
Balanced Growth,Listed Equity,Alibaba Group Holding Ltd,US01609W1027,ISIN,United States,,,BABA
Balanced Growth,Listed Equity,Align Technology Inc,US0162551016,ISIN,United States,,,ALGN
Balanced Growth,Listed Equity,Alimentation Couche-Tard Inc,CA01626P1484,ISIN,Canada,,,ATD.TO
Balanced Growth,Listed Equity,Allegion plc,IE00BFRT3W74,ISIN,United States,,,ALLE
Balanced Growth,Listed Equity,Alliant Energy Corp,US0188021085,ISIN,United States,,,LNT
Balanced Growth,Listed Equity,Allianz SE,DE0008404005,ISIN,Germany,,,ALV.DE
Balanced Growth,Listed Equity,Allstate Corp/The,US0200021014,ISIN,United States,,,ALL
Balanced Growth,Listed Equity,Ally Financial Inc,US02005N1000,ISIN,United States,,,ALLY
Balanced Growth,Listed Equity,Alnylam Pharmaceuticals Inc,US02043Q1076,ISIN,United States,,,ALNY
Balanced Growth,Listed Equity,Alpha HPA Ltd,AU0000033060,ISIN,Australia,,,A4N.AX
Balanced Growth,Listed Equity,Alpha Metallurgical Resources Inc,US0207641061,ISIN,United States,,,AMR
Balanced Growth,Listed Equity,Alphabet Inc,US02079K1079,ISIN,United States,,,GOOG
Balanced Growth,Listed Equity,Alphabet Inc,US02079K3059,ISIN,Italy,,,1GOOGL.MI
Balanced Growth,Listed Equity,Alstom SA,FR0010220475,ISIN,France,,,ALO.PA
Balanced Growth,Listed Equity,AltaGas Ltd,CA0213611001,ISIN,Canada,,,ALA.TO
Balanced Growth,Listed Equity,Amadeus IT Group SA,ES0109067019,ISIN,Spain,,,AMS.MC
Balanced Growth,Listed Equity,Amazon.com Inc,US0231351067,ISIN,United States,,,AMZN
Balanced Growth,Listed Equity,Ambev SA,US02319V1035,ISIN,Mexico,,,ABEVN.MX
Balanced Growth,Listed Equity,Amcor PLC,AU000000AMC4,ISIN,AU,,,
Balanced Growth,Listed Equity,Amcor PLC,JE00BJ1F3079,ISIN,United States,,,AMCR
Balanced Growth,Listed Equity,Ameren Corp,US0236081024,ISIN,United States,,,AEE
Balanced Growth,Listed Equity,America Movil SAB de CV,US02390A1016,ISIN,United States,,,AMX
Balanced Growth,Listed Equity,American Electric Power Co Inc,US0255371017,ISIN,United States,,,AEP
Balanced Growth,Listed Equity,American Express Co,US0258161092,ISIN,United States,,,AXP
Balanced Growth,Listed Equity,American Financial Group Inc/OH,US0259321042,ISIN,United States,,,AFG
Balanced Growth,Listed Equity,American International Group Inc,US0268747849,ISIN,United States,,,AIG
Balanced Growth,Listed Equity,American Water Works Co Inc,US0304201033,ISIN,United States,,,AWK
Balanced Growth,Listed Equity,Ameriprise Financial Inc,AU000000AMP6,ISIN,Australia,,,AMP.AX
Balanced Growth,Listed Equity,Amgen Inc,US0311621009,ISIN,United States,,,AMGN
Balanced Growth,Listed Equity,Amotiv Ltd,AU0000340770,ISIN,Australia,,,AOV.AX
Balanced Growth,Listed Equity,Amphenol Corp,US0320951017,ISIN,United States,,,APH
Balanced Growth,Listed Equity,Amplifon SpA,AU000000AMP6,ISIN,Australia,,,AMP.AX
Balanced Growth,Listed Equity,Amplitude Energy Ltd,AU0000361909,ISIN,Australia,,,AEL.AX
Balanced Growth,Listed Equity,Ampol Ltd,AU0000088338,ISIN,Australia,,,ALD.AX
Balanced Growth,Listed Equity,Amundi SA,FR0004125920,ISIN,France,,,AMUN.PA
Balanced Growth,Listed Equity,Analog Devices Inc,US0326541051,ISIN,United States,,,ADI
Balanced Growth,Listed Equity,Anglo American PLC,GB00B1XZS820,ISIN,Switzerland,,,AAM.SW
Balanced Growth,Listed Equity,Anheuser-Busch InBev SA/NV,BE0974293251,ISIN,Belgium,,,ABI.BR
Balanced Growth,Listed Equity,Ansell Ltd,AU000000ANN9,ISIN,Australia,,,ANN.AX
Balanced Growth,Listed Equity,Antofagasta PLC,GB0000456144,ISIN,United Kingdom,,,ANTO.L
Balanced Growth,Listed Equity,Aon PLC,IE00BLP1HW54,ISIN,United States,,,AON
Balanced Growth,Listed Equity,Apollo Global Management Inc,US03769M1062,ISIN,United States,,,APO
Balanced Growth,Listed Equity,AppLovin Corp,US03831W1080,ISIN,United States,,,APP
Balanced Growth,Listed Equity,Apple Inc,US0378331005,ISIN,United States,,,AAPL
Balanced Growth,Listed Equity,Applied Materials Inc,US0382221051,ISIN,United States,,,AMAT
Balanced Growth,Listed Equity,Aptiv PLC,JE00BTDN8H13,ISIN,United States,,,APTV
Balanced Growth,Listed Equity,Arafura Rare Earths Ltd,AU000000ARU5,ISIN,Australia,,,ARU.AX
Balanced Growth,Listed Equity,Arcadium Lithium PLC,AU0000305724,ISIN,AU,,,
Balanced Growth,Listed Equity,ArcelorMittal SA,LU1598757687,ISIN,Netherlands,,,MT.AS
Balanced Growth,Listed Equity,Arch Capital Group Ltd,BMG0450A1053,ISIN,United States,,,ACGL
Balanced Growth,Listed Equity,Archer-Daniels-Midland Co,GB00B02J6398,ISIN,United Kingdom,,,ADM.L
Balanced Growth,Listed Equity,Ares Management Corp,US03990B1017,ISIN,United States,,,ARES
Balanced Growth,Listed Equity,Argenx SE,US04016X1019,ISIN,United States,,,ARGX
Balanced Growth,Listed Equity,Arista Networks Inc,US0404132054,ISIN,United States,,,ANET
Balanced Growth,Listed Equity,Aristocrat Leisure Ltd,US0200021014,ISIN,United States,,,ALL
Balanced Growth,Listed Equity,Arkema SA,FR0010313833,ISIN,France,,,AKE.PA
Balanced Growth,Listed Equity,Armstrong World Industries Inc,US04247X1028,ISIN,United States,,,AWI
Balanced Growth,Listed Equity,Arthur J Gallagher & Co,US3635761097,ISIN,United States,,,AJG
Balanced Growth,Listed Equity,Asahi Group Holdings Ltd,JP3116000005,ISIN,Japan,,,2502.T
Balanced Growth,Listed Equity,Asahi Kasei Corp,JP3111200006,ISIN,Japan,,,3407.T
Balanced Growth,Listed Equity,Ashtead Group PLC,GB0000536739,ISIN,United Kingdom,,,AHT.L
Balanced Growth,Listed Equity,Asia Vital Components Co Ltd,TW0003017000,ISIN,Taiwan,,,3017.TW
Balanced Growth,Listed Equity,Asics Corp,JP3118000003,ISIN,Japan,,,7936.T
Balanced Growth,Listed Equity,Aspen Technology Inc,US29109X1063,ISIN,US,,,
Balanced Growth,Listed Equity,Assa Abloy AB,SE0007100581,ISIN,Sweden,,,ASSA-B.ST
Balanced Growth,Listed Equity,Associated British Foods PLC,GB0006731235,ISIN,United Kingdom,,,ABF.L
Balanced Growth,Listed Equity,Assurant Inc,NZAIRE0001S2,ISIN,New Zealand,,,AIR.NZ
Balanced Growth,Listed Equity,Assured Guaranty Ltd,BMG0585R1060,ISIN,United States,,,AGO
Balanced Growth,Listed Equity,Astellas Pharma Inc,JP3942400007,ISIN,Japan,,,4503.T
Balanced Growth,Listed Equity,AstraZeneca PLC,GB0009895292,ISIN,United Kingdom,,,AZN.L
Balanced Growth,Listed Equity,Astral Ltd,INE006I01046,ISIN,India,,,ASTRAL.NS
Balanced Growth,Listed Equity,Atkore Inc,US0476491081,ISIN,United States,,,ATKR
Balanced Growth,Listed Equity,Atlas Copco AB,SE0017486889,ISIN,Sweden,,,ATCO-A.ST
Balanced Growth,Listed Equity,Atlas Copco AB,SE0017486897,ISIN,United Kingdom,,,0XXV.IL
Balanced Growth,Listed Equity,Atlassian Corp,US0494681010,ISIN,United States,,,TEAM
Balanced Growth,Listed Equity,Atmos Energy Corp,US0495601058,ISIN,United States,,,ATO
Balanced Growth,Listed Equity,Auckland International Airport Ltd,NZAIAE0002S6,ISIN,New Zealand,,,AIA.NZ
Balanced Growth,Listed Equity,Audinate Group Ltd,AU000000AD88,ISIN,Australia,,,AD8.AX
Balanced Growth,Listed Equity,Aurelia Metals Ltd,AU000000AMI1,ISIN,Australia,,,AMI.AX
Balanced Growth,Listed Equity,Aurizon Holdings Ltd,AU000000AZJ1,ISIN,Australia,,,AZJ.AX
Balanced Growth,Listed Equity,Aussie Broadband Ltd,AU0000106643,ISIN,Australia,,,ABB.AX
Balanced Growth,Listed Equity,Austal Ltd,AU000000ASB3,ISIN,Australia,,,ASB.AX
Balanced Growth,Listed Equity,Australia & New Zealand Banking Group Ltd,AU000000ANZ3,ISIN,Australia,,,ANZ.AX
Balanced Growth,Listed Equity,Australian Clinical Labs Ltd,AU0000148496,ISIN,Australia,,,ACL.AX
Balanced Growth,Listed Equity,Australian Finance Group Ltd,US0259321042,ISIN,United States,,,AFG
Balanced Growth,Listed Equity,Australian Vintage Ltd,AU000000AVG6,ISIN,Australia,,,AVG.AX
Balanced Growth,Listed Equity,Auto Trader Group PLC,GB00BVYVFW23,ISIN,United Kingdom,,,AUTO.L
Balanced Growth,Listed Equity,AutoZone Inc,US0533321024,ISIN,United States,,,AZO
Balanced Growth,Listed Equity,Autodesk Inc,US0527691069,ISIN,United States,,,ADSK
Balanced Growth,Listed Equity,Automatic Data Processing Inc,FR0010340141,ISIN,France,,,ADP.PA
Balanced Growth,Listed Equity,Avantor Inc,US05352A1007,ISIN,United States,,,AVTR
Balanced Growth,Listed Equity,Avery Dennison Corp,US0536111091,ISIN,United States,,,AVY
Balanced Growth,Listed Equity,Aviva PLC,GB00BPQY8M80,ISIN,United Kingdom,,,AV.L
Balanced Growth,Listed Equity,Avolta AG,CH0023405456,ISIN,Switzerland,,,AVOL.SW
Balanced Growth,Listed Equity,Axis Bank Ltd,INE238A01034,ISIN,India,,,AXISBANK.BO
Balanced Growth,Listed Equity,Axis Capital Holdings Ltd,BMG0692U1099,ISIN,United States,,,AXS
Balanced Growth,Listed Equity,Axon Enterprise Inc,US05464C1018,ISIN,United States,,,AXON
Balanced Growth,Listed Equity,Ayala Corp,FR0000120404,ISIN,France,,,AC.PA
Balanced Growth,Listed Equity,Azrieli Group Ltd,IL0011194789,ISIN,Israel,,,AZRG.TA
Balanced Growth,Listed Equity,BAE Systems PLC,GB0002634946,ISIN,United Kingdom,,,BA.L
Balanced Growth,Listed Equity,BASF SE,DE000BASF111,ISIN,Germany,,,BAS.DE
Balanced Growth,Listed Equity,BCE Inc,CA05534B7604,ISIN,Canada,,,BCE.TO
Balanced Growth,Listed Equity,BDO Unibank Inc,PHY077751022,ISIN,PH,,,
Balanced Growth,Listed Equity,BE Semiconductor Industries NV,NL0012866412,ISIN,Netherlands,,,BESI.AS
Balanced Growth,Listed Equity,BHP Group Ltd,AU000000BHP4,ISIN,Australia,,,BHP.AX
Balanced Growth,Listed Equity,BKW AG,CH0130293662,ISIN,Switzerland,,,BKW.SW
Balanced Growth,Listed Equity,BNP Paribas SA,FR0000131104,ISIN,France,,,BNP.PA
Balanced Growth,Listed Equity,BOC Hong Kong Holdings Ltd,HK2388011192,ISIN,Hong Kong,,,2388.HK
Balanced Growth,Listed Equity,BP PLC,GB0007980591,ISIN,United Kingdom,,,BP.L
Balanced Growth,Listed Equity,BPER Banca SPA,IT0000066123,ISIN,Italy,,,BPE.MI
Balanced Growth,Listed Equity,BT Group PLC,GB0030913577,ISIN,United Kingdom,,,BT-A.L
Balanced Growth,Listed Equity,Bachem Holding AG,CH1176493729,ISIN,Switzerland,,,BANB.SW
Balanced Growth,Listed Equity,Baker Hughes Co,US05722G1004,ISIN,United States,,,BKR
Balanced Growth,Listed Equity,Ball Corp,US0584981064,ISIN,United States,,,BALL
Balanced Growth,Listed Equity,Baloise Holding AG,CH0012410517,ISIN,Switzerland,,,BALN.SW
Balanced Growth,Listed Equity,Banco BPM SpA,IT0005218380,ISIN,Italy,,,BAMI.MI
Balanced Growth,Listed Equity,Banco Bilbao Vizcaya Argentaria SA,ES0113211835,ISIN,Spain,,,BBVA.MC
Balanced Growth,Listed Equity,Banco Santander SA,ES0113900J37,ISIN,Spain,,,SAN.MC
Balanced Growth,Listed Equity,Banco de Sabadell SA,ES0113860A34,ISIN,Spain,,,SAB.MC
Balanced Growth,Listed Equity,Bandai Namco Holdings Inc,JP3778630008,ISIN,Japan,,,7832.T
Balanced Growth,Listed Equity,Bank Central Asia Tbk PT,ID1000109507,ISIN,Indonesia,,,BBCA.JK
Balanced Growth,Listed Equity,Bank Hapoalim BM,IL0006625771,ISIN,Israel,,,POLI.TA
Balanced Growth,Listed Equity,Bank Leumi Le-Israel BM,IL0006046119,ISIN,Israel,,,LUMI.TA
Balanced Growth,Listed Equity,Bank Mandiri Persero Tbk PT,ID1000095003,ISIN,Indonesia,,,BMRI.JK
Balanced Growth,Listed Equity,Bank Rakyat Indonesia Persero Tbk PT,ID1000118201,ISIN,Indonesia,,,BBRI.JK
Balanced Growth,Listed Equity,Bank of America Corp,US0605051046,ISIN,United States,,,BAC
Balanced Growth,Listed Equity,Bank of Ireland Group PLC,IE00BD1RP616,ISIN,Ireland,,,BIRG.IR
Balanced Growth,Listed Equity,Bank of Montreal,CA0636711016,ISIN,Canada,,,BMO.TO
Balanced Growth,Listed Equity,Bank of New York Mellon Corp/The,US0640581007,ISIN,United States,,,BK
Balanced Growth,Listed Equity,Bank of Nova Scotia/The,CA0641491075,ISIN,Canada,,,BNS.TO
Balanced Growth,Listed Equity,Bank of Queensland Ltd,AU000000BOQ8,ISIN,Australia,,,BOQ.AX
Balanced Growth,Listed Equity,Banque Cantonale Vaudoise,CH0531751755,ISIN,Switzerland,,,BCVN.SW
Balanced Growth,Listed Equity,Bapcor Ltd,AU000000BAP9,ISIN,Australia,,,BAP.AX
Balanced Growth,Listed Equity,Barclays PLC,GB0031348658,ISIN,United Kingdom,,,BARC.L
Balanced Growth,Listed Equity,Barratt Redrow PLC,GB0000811801,ISIN,United Kingdom,,,BTRW.L
Balanced Growth,Listed Equity,Barrick Gold Corp,CA0679011084,ISIN,CA,,,
Balanced Growth,Listed Equity,Barrick Gold Corp,CA0679011084,ISIN,CA,,,
Balanced Growth,Listed Equity,Barry Callebaut AG,CH0009002962,ISIN,Switzerland,,,BARN.SW
Balanced Growth,Listed Equity,Baxter International Inc,US0718131099,ISIN,United States,,,BAX
Balanced Growth,Listed Equity,Bayer AG,DE000BAY0017,ISIN,Germany,,,BAYN.DE
Balanced Growth,Listed Equity,Bayerische Motoren Werke AG,DE0005190003,ISIN,Germany,,,BMW.DE
Balanced Growth,Listed Equity,Bayerische Motoren Werke AG,DE0005190037,ISIN,Germany,,,BMW3.DE
Balanced Growth,Listed Equity,Beach Energy Ltd,AU000000BPT9,ISIN,Australia,,,BPT.AX
Balanced Growth,Listed Equity,Bechtle AG,DE0005158703,ISIN,Germany,,,BC8.DE
Balanced Growth,Listed Equity,Becton Dickinson & Co,US0758871091,ISIN,United States,,,BDX
Balanced Growth,Listed Equity,Bega Cheese Ltd,AU000000BGA8,ISIN,Australia,,,BGA.AX
Balanced Growth,Listed Equity,BeiGene Ltd,US07725L1026,ISIN,United States,,,ONC
Balanced Growth,Listed Equity,Beiersdorf AG,DE0005200000,ISIN,Germany,,,BEI.DE
Balanced Growth,Listed Equity,Beijer Ref AB,SE0015949748,ISIN,Sweden,,,BEIJ-B.ST
Balanced Growth,Listed Equity,Bellevue Gold Ltd,AU0000019374,ISIN,Australia,,,BGL.AX
Balanced Growth,Listed Equity,Bendigo & Adelaide Bank Ltd,AU000000BEN6,ISIN,Australia,,,BEN.AX
Balanced Growth,Listed Equity,Bentley Systems Inc,US08265T2087,ISIN,United States,,,BSY
Balanced Growth,Listed Equity,Berkeley Group Holdings PLC,GB00BP0RGD03,ISIN,United Kingdom,,,BKG.L
Balanced Growth,Listed Equity,Berkshire Hathaway Inc,US0846707026,ISIN,United States,,,BRK-B
Balanced Growth,Listed Equity,Best Buy Co Inc,US0865161014,ISIN,United States,,,BBY
Balanced Growth,Listed Equity,Betmakers Technology Group Ltd,AU0000050585,ISIN,Australia,,,BET.AX
Balanced Growth,Listed Equity,Bharti Airtel Ltd,INE397D01024,ISIN,India,,,BHARTIARTL.BO
Balanced Growth,Listed Equity,Bilibili Inc,US0900401060,ISIN,United States,,,BILI
Balanced Growth,Listed Equity,Bio-Rad Laboratories Inc,US0905722072,ISIN,United States,,,BIO
Balanced Growth,Listed Equity,Bio-Techne Corp,US09073M1045,ISIN,United States,,,TECH
Balanced Growth,Listed Equity,BioMarin Pharmaceutical Inc,US09061G1013,ISIN,United States,,,BMRN
Balanced Growth,Listed Equity,BioMerieux,FR0013280286,ISIN,France,,,BIM.PA
Balanced Growth,Listed Equity,BioNTech SE,US09075V1026,ISIN,US,,,
Balanced Growth,Listed Equity,Biogen Inc,US09062X1037,ISIN,United States,,,BIIB
Balanced Growth,Listed Equity,Blackrock Inc,US09290D1019,ISIN,United States,,,BLK
Balanced Growth,Listed Equity,Blackstone Inc,US09260D1072,ISIN,United States,,,BX
Balanced Growth,Listed Equity,Block Inc,US8522341036,ISIN,United States,,,XYZ
Balanced Growth,Listed Equity,Block Inc,AU0000187353,ISIN,AU,,,
Balanced Growth,Listed Equity,Blue Bird Corp,US0953061068,ISIN,United States,,,BLBD
Balanced Growth,Listed Equity,BlueScope Steel Ltd,AU000000BSL0,ISIN,Australia,,,BSL.AX
Balanced Growth,Listed Equity,Boeing Co/The,US0970231058,ISIN,United States,,,BA
Balanced Growth,Listed Equity,Boliden AB,SE0020050417,ISIN,Sweden,,,BOL.ST
Balanced Growth,Listed Equity,Bollore SE,SE0020050417,ISIN,Sweden,,,BOL.ST
Balanced Growth,Listed Equity,Booking Holdings Inc,US09857L1089,ISIN,United States,,,BKNG
Balanced Growth,Listed Equity,Booz Allen Hamilton Holding Corp,US0995021062,ISIN,United States,,,BAH
Balanced Growth,Listed Equity,Boss Energy Ltd,AU000000BOE4,ISIN,Australia,,,BOE.AX
Balanced Growth,Listed Equity,Boston Scientific Corp,US1011371077,ISIN,United States,,,BSX
Balanced Growth,Listed Equity,Bouygues SA,FR0000120503,ISIN,France,,,EN.PA
Balanced Growth,Listed Equity,BrainChip Holdings Ltd,AU000000BRN8,ISIN,Australia,,,BRN.AX
Balanced Growth,Listed Equity,Brambles Ltd,AU000000BXB1,ISIN,Australia,,,BXB.AX
Balanced Growth,Listed Equity,Brenntag SE,DE000A1DAHH0,ISIN,Germany,,,BNR.DE
Balanced Growth,Listed Equity,Breville Group Ltd,AU000000BRG2,ISIN,Australia,,,BRG.AX
Balanced Growth,Listed Equity,Bridgestone Corp,JP3830800003,ISIN,Japan,,,5108.T
Balanced Growth,Listed Equity,Bristol-Myers Squibb Co,US1101221083,ISIN,United States,,,BMY
Balanced Growth,Listed Equity,Broadcom Inc,US11135F1012,ISIN,United States,,,AVGO
Balanced Growth,Listed Equity,Broadridge Financial Solutions Inc,US11133T1034,ISIN,United States,,,BR
Balanced Growth,Listed Equity,Brookfield Asset Management Ltd,CA1130041058,ISIN,Canada,,,BAM.TO
Balanced Growth,Listed Equity,Brookfield Corp,CA11271J1075,ISIN,Canada,,,BN.TO
Balanced Growth,Listed Equity,Brookfield Renewable Corp,CA11285B1085,ISIN,United States,,,BEPC
Balanced Growth,Listed Equity,Brother Industries Ltd,JP3830000000,ISIN,Japan,,,6448.T
Balanced Growth,Listed Equity,Brown & Brown Inc,US1152361010,ISIN,United States,,,BRO
Balanced Growth,Listed Equity,Brown-Forman Corp,US1156372096,ISIN,United States,,,BF-B
Balanced Growth,Listed Equity,Builders FirstSource Inc,US12008R1077,ISIN,United States,,,BLDR
Balanced Growth,Listed Equity,Bunge Global SA,CH1300646267,ISIN,United States,,,BG
Balanced Growth,Listed Equity,Bunzl PLC,GB00B0744B38,ISIN,United Kingdom,,,BNZL.L
Balanced Growth,Listed Equity,Bureau Veritas SA,FR0006174348,ISIN,France,,,BVI.PA
Balanced Growth,Listed Equity,Burlington Stores Inc,US1220171060,ISIN,United States,,,BURL
Balanced Growth,Listed Equity,CAE Inc,CA1247651088,ISIN,Canada,,,CAE.TO
Balanced Growth,Listed Equity,CAR Group Ltd,AU000000CAR3,ISIN,Australia,,,CAR.AX
Balanced Growth,Listed Equity,CBRE Group Inc,US12504L1098,ISIN,United States,,,CBRE
Balanced Growth,Listed Equity,CCL Industries Inc,CA1249003098,ISIN,Canada,,,CCL-B.TO
Balanced Growth,Listed Equity,CDW Corp/DE,US12514G1085,ISIN,United States,,,CDW
Balanced Growth,Listed Equity,CF Industries Holdings Inc,US1252691001,ISIN,United States,,,CF
Balanced Growth,Listed Equity,CGI Inc,CA12532H1047,ISIN,Canada,,,GIB-A.TO
Balanced Growth,Listed Equity,CH Robinson Worldwide Inc,US12541W2098,ISIN,United States,,,CHRW
Balanced Growth,Listed Equity,CK Asset Holdings Ltd,KYG2177B1014,ISIN,Hong Kong,,,1113.HK
Balanced Growth,Listed Equity,CK Hutchison Holdings Ltd,KYG217651051,ISIN,Hong Kong,,,0001.HK
Balanced Growth,Listed Equity,CK Infrastructure Holdings Ltd,BMG2178K1009,ISIN,Hong Kong,,,1038.HK
Balanced Growth,Listed Equity,CLP Holdings Ltd,HK0002007356,ISIN,Hong Kong,,,0002.HK
Balanced Growth,Listed Equity,CME Group Inc,US12572Q1058,ISIN,United States,,,CME
Balanced Growth,Listed Equity,CMS Energy Corp,US1258961002,ISIN,United States,,,CMS
Balanced Growth,Listed Equity,CNH Industrial NV,NL0010545661,ISIN,United States,,,CNH
Balanced Growth,Listed Equity,CONSOL Energy Inc,US20854L1089,ISIN,US,,,
Balanced Growth,Listed Equity,CRH PLC,IE0001827041,ISIN,United States,,,CRH
Balanced Growth,Listed Equity,CSL Ltd,AU000000CSL8,ISIN,Australia,,,CSL.AX
Balanced Growth,Listed Equity,CSX Corp,US1264081035,ISIN,United States,,,CSX
Balanced Growth,Listed Equity,CTS Eventim AG & Co KGaA,DE0005470306,ISIN,Germany,,,EVD.DE
Balanced Growth,Listed Equity,CVS Health Corp,US1266501006,ISIN,United States,,,CVS
Balanced Growth,Listed Equity,Cadence Design Systems Inc,US1273871087,ISIN,United States,,,CDNS
Balanced Growth,Listed Equity,CaixaBank SA,ES0140609019,ISIN,Spain,,,CABK.MC
Balanced Growth,Listed Equity,Calbee Inc,JP3220580009,ISIN,JP,,,
Balanced Growth,Listed Equity,Cameco Corp,CA13321L1085,ISIN,Canada,,,CCO.TO
Balanced Growth,Listed Equity,Canadian Imperial Bank of Commerce,CA1360691010,ISIN,Canada,,,CM.TO
Balanced Growth,Listed Equity,Canadian National Railway Co,CA1363751027,ISIN,Canada,,,CNR.TO
Balanced Growth,Listed Equity,Canadian Natural Resources Ltd,CA1363851017,ISIN,Canada,,,CNQ.TO
Balanced Growth,Listed Equity,Canadian Pacific Kansas City Ltd,CA13646K1084,ISIN,Canada,,,CP.TO
Balanced Growth,Listed Equity,Canadian Tire Corp Ltd,CA1366812024,ISIN,Canada,,,CTC-A.TO
Balanced Growth,Listed Equity,Canadian Utilities Ltd,CA1367178326,ISIN,Canada,,,CU.TO
Balanced Growth,Listed Equity,Canon Inc,JP3242800005,ISIN,Japan,,,7751.T
Balanced Growth,Listed Equity,Capcom Co Ltd,JP3218900003,ISIN,Japan,,,9697.T
Balanced Growth,Listed Equity,Capgemini SE,FR0000125338,ISIN,France,,,CAP.PA
Balanced Growth,Listed Equity,CapitaLand Investment Ltd/Singapore,SGXE62145532,ISIN,Singapore,,,9CI.SI
Balanced Growth,Listed Equity,Capital One Financial Corp,US14040H1059,ISIN,United States,,,COF
Balanced Growth,Listed Equity,Capral Ltd,AU000000CAA9,ISIN,Australia,,,CAA.AX
Balanced Growth,Listed Equity,Capricorn Metals Ltd,AU000000CMM9,ISIN,Australia,,,CMM.AX
Balanced Growth,Listed Equity,Capstone Copper Corp,AU0000318552,ISIN,Australia,,,CSC.AX
Balanced Growth,Listed Equity,CarMax Inc,US1431301027,ISIN,United States,,,KMX
Balanced Growth,Listed Equity,Cardinal Health Inc,US14149Y1082,ISIN,United States,,,CAH
Balanced Growth,Listed Equity,Carl Zeiss Meditec AG,DE0005313704,ISIN,Germany,,,AFX.DE
Balanced Growth,Listed Equity,Carlisle Cos Inc,AU000000CSL8,ISIN,Australia,,,CSL.AX
Balanced Growth,Listed Equity,Carlsberg AS,DK0010181759,ISIN,Denmark,,,CARL-B.CO
Balanced Growth,Listed Equity,Carlyle Group Inc/The,US14316J1088,ISIN,United States,,,CG
Balanced Growth,Listed Equity,Carnival Corp,PA1436583006,ISIN,United States,,,CCL
Balanced Growth,Listed Equity,Carrefour SA,FR0000120172,ISIN,France,,,CA.PA
Balanced Growth,Listed Equity,Carrier Global Corp,US14448C1045,ISIN,United States,,,CARR
Balanced Growth,Listed Equity,Carvana Co,US1468691027,ISIN,United States,,,CVNA
Balanced Growth,Listed Equity,Caterpillar Inc,US1491231015,ISIN,United States,,,CAT
Balanced Growth,Listed Equity,Cboe Global Markets Inc,US12503M1080,ISIN,United States,,,CBOE
Balanced Growth,Listed Equity,Celanese Corp,US1508701034,ISIN,United States,,,CE
Balanced Growth,Listed Equity,Celestica Inc,CA15101Q2071,ISIN,Canada,,,CLS.TO
Balanced Growth,Listed Equity,Cellnex Telecom SA,ES0105066007,ISIN,Spain,,,CLNX.MC
Balanced Growth,Listed Equity,Celsius Holdings Inc,US15118V2079,ISIN,United States,,,CELH
Balanced Growth,Listed Equity,Cencora Inc,US03073E1055,ISIN,United States,,,COR
Balanced Growth,Listed Equity,Cenovus Energy Inc,CA15135U1093,ISIN,Canada,,,CVE.TO
Balanced Growth,Listed Equity,Centene Corp,US15135B1017,ISIN,United States,,,CNC
Balanced Growth,Listed Equity,CenterPoint Energy Inc,US15189T1079,ISIN,United States,,,CNP
Balanced Growth,Listed Equity,Central Japan Railway Co,JP3566800003,ISIN,Japan,,,9022.T
Balanced Growth,Listed Equity,Centrica PLC,GB00B033F229,ISIN,United Kingdom,,,CNA.L
Balanced Growth,Listed Equity,Cettire Ltd,AU0000122210,ISIN,Australia,,,CTT.AX
Balanced Growth,Listed Equity,Chalice Mining Ltd,AU000000CHN7,ISIN,Australia,,,CHN.AX
Balanced Growth,Listed Equity,Challenger Ltd,AU000000CGF5,ISIN,Australia,,,CGF.AX
Balanced Growth,Listed Equity,Champion Iron Ltd,AU000000CIA2,ISIN,Australia,,,CIA.AX
Balanced Growth,Listed Equity,Charles River Laboratories International,US1598641074,ISIN,United States,,,CRL
Balanced Growth,Listed Equity,Charles Schwab Corp/The,US8085131055,ISIN,United States,,,SCHW
Balanced Growth,Listed Equity,Charter Communications Inc,US16119P1084,ISIN,United States,,,CHTR
Balanced Growth,Listed Equity,Check Point Software Technologies Ltd,IL0010824113,ISIN,United States,,,CHKP
Balanced Growth,Listed Equity,Cheniere Energy Inc,US16411R2085,ISIN,United States,,,LNG
Balanced Growth,Listed Equity,Chevron Corp,US1667641005,ISIN,United States,,,CVX
Balanced Growth,Listed Equity,Chiba Bank Ltd/The,JP3511800009,ISIN,Japan,,,8331.T
Balanced Growth,Listed Equity,China Resources Mixc Lifestyle Services,KYG2122G1064,ISIN,Hong Kong,,,1209.HK
Balanced Growth,Listed Equity,Chipotle Mexican Grill Inc,US1696561059,ISIN,United States,,,CMG
Balanced Growth,Listed Equity,Chocoladefabriken Lindt & Spruengli AG,CH0010570759,ISIN,Switzerland,,,LISN.SW
Balanced Growth,Listed Equity,Chocoladefabriken Lindt & Spruengli AG,CH0010570767,ISIN,Switzerland,,,LISP.SW
Balanced Growth,Listed Equity,Chorus Ltd,NZCNUE0001S2,ISIN,New Zealand,,,CNU.NZ
Balanced Growth,Listed Equity,Chrysos Corp Ltd,AU0000218190,ISIN,Australia,,,C79.AX
Balanced Growth,Listed Equity,Chubb Ltd,CH0044328745,ISIN,United States,,,CB
Balanced Growth,Listed Equity,Chubu Electric Power Co Inc,JP3526600006,ISIN,Japan,,,9502.T
Balanced Growth,Listed Equity,Chugai Pharmaceutical Co Ltd,JP3519400000,ISIN,Japan,,,4519.T
Balanced Growth,Listed Equity,Church & Dwight Co Inc,US1713401024,ISIN,United States,,,CHD
Balanced Growth,Listed Equity,Cie Financiere Richemont SA,CH0210483332,ISIN,Switzerland,,,CFR.SW
Balanced Growth,Listed Equity,Cie Generale des Etablissements Michelin,FR001400AJ45,ISIN,France,,,ML.PA
Balanced Growth,Listed Equity,Cie de Saint-Gobain SA,FR0000125007,ISIN,France,,,SGO.PA
Balanced Growth,Listed Equity,Cigna Group/The,US1255231003,ISIN,United States,,,CI
Balanced Growth,Listed Equity,Cincinnati Financial Corp,US1720621010,ISIN,United States,,,CINF
Balanced Growth,Listed Equity,Cintas Corp,US1729081059,ISIN,United States,,,CTAS
Balanced Growth,Listed Equity,Cisarua Mountain Dairy PT TBK,ID1000164700,ISIN,Indonesia,,,CMRY.JK
Balanced Growth,Listed Equity,Cisco Systems Inc,US17275R1023,ISIN,United States,,,CSCO
Balanced Growth,Listed Equity,Citigroup Inc,US1729674242,ISIN,United States,,,C
Balanced Growth,Listed Equity,Citizens Financial Group Inc,US1746101054,ISIN,United States,,,CFG
Balanced Growth,Listed Equity,Clariant AG,CH0012142631,ISIN,Switzerland,,,CLN.SW
Balanced Growth,Listed Equity,Clarity Pharmaceuticals Ltd,AU0000165375,ISIN,Australia,,,CU6.AX
Balanced Growth,Listed Equity,Cleanaway Waste Management Ltd,AU000000CWY3,ISIN,Australia,,,CWY.AX
Balanced Growth,Listed Equity,Clinuvel Pharmaceuticals Ltd,AU000000CUV3,ISIN,Australia,,,CUV.AX
Balanced Growth,Listed Equity,Clorox Co/The,US1890541097,ISIN,United States,,,CLX
Balanced Growth,Listed Equity,Cloudflare Inc,US18915M1071,ISIN,United States,,,NET
Balanced Growth,Listed Equity,CoStar Group Inc,US22160N1090,ISIN,United States,,,CSGP
Balanced Growth,Listed Equity,Coca-Cola Co/The,US1912161007,ISIN,United States,,,KO
Balanced Growth,Listed Equity,Coca-Cola Consolidated Inc,US1910981026,ISIN,United States,,,COKE
Balanced Growth,Listed Equity,Coca-Cola Europacific Partners PLC,GB00BDCPN049,ISIN,Netherlands,,,CCEP.AS
Balanced Growth,Listed Equity,Coca-Cola HBC AG,CH0198251305,ISIN,United Kingdom,,,CCH.L
Balanced Growth,Listed Equity,Cochlear Ltd,AU000000COH5,ISIN,Australia,,,COH.AX
Balanced Growth,Listed Equity,Codan Ltd,AU000000CDA3,ISIN,Australia,,,CDA.AX
Balanced Growth,Listed Equity,Cognizant Technology Solutions Corp,US1924461023,ISIN,United States,,,CTSH
Balanced Growth,Listed Equity,Coinbase Global Inc,US19260Q1076,ISIN,United States,,,COIN
Balanced Growth,Listed Equity,Coles Group Ltd,AU0000030678,ISIN,Australia,,,COL.AX
Balanced Growth,Listed Equity,Colgate-Palmolive Co,US1941621039,ISIN,United States,,,CL
Balanced Growth,Listed Equity,Collins Foods Ltd,AU000000CKF7,ISIN,Australia,,,CKF.AX
Balanced Growth,Listed Equity,Coloplast A/S,DK0060448595,ISIN,Denmark,,,COLO-B.CO
Balanced Growth,Listed Equity,Comcast Corp,US20030N1019,ISIN,United States,,,CMCSA
Balanced Growth,Listed Equity,Commerzbank AG,DE000CBK1001,ISIN,Germany,,,CBK.DE
Balanced Growth,Listed Equity,Commonwealth Bank of Australia,AU000000CBA7,ISIN,Australia,,,CBA.AX
Balanced Growth,Listed Equity,Compass Group PLC,GB00BD6K4575,ISIN,United Kingdom,,,CPG.L
Balanced Growth,Listed Equity,Computershare Ltd,AU000000CPU5,ISIN,Australia,,,CPU.AX
Balanced Growth,Listed Equity,Conagra Brands Inc,US2058871029,ISIN,United States,,,CAG
Balanced Growth,Listed Equity,Concordia Financial Group Ltd,JP3305990008,ISIN,Japan,,,7186.T
Balanced Growth,Listed Equity,ConocoPhillips,US20825C1045,ISIN,United States,,,COP
Balanced Growth,Listed Equity,Consolidated Edison Inc,US2091151041,ISIN,United States,,,ED
Balanced Growth,Listed Equity,Constellation Brands Inc,US21036P1084,ISIN,United States,,,STZ
Balanced Growth,Listed Equity,Constellation Energy Corp,US21037T1097,ISIN,United States,,,CEG
Balanced Growth,Listed Equity,Constellation Software Inc/Canada,CA21037X1006,ISIN,Canada,,,CSU.TO
Balanced Growth,Listed Equity,Container Corp Of India Ltd,INE111A01025,ISIN,India,,,CONCOR.NS
Balanced Growth,Listed Equity,Contemporary Amperex Technology Co Ltd,CNE100003662,ISIN,China,,,300750.SZ
Balanced Growth,Listed Equity,Continental AG,DE0005439004,ISIN,Germany,,,CON.DE
Balanced Growth,Listed Equity,Cooper Cos Inc/The,US2166485019,ISIN,United States,,,COO
Balanced Growth,Listed Equity,Copa Holdings SA,PAP310761054,ISIN,United States,,,CPA
Balanced Growth,Listed Equity,Copart Inc,US2172041061,ISIN,United States,,,CPRT
Balanced Growth,Listed Equity,Corebridge Financial Inc,US21871X1090,ISIN,United States,,,CRBG
Balanced Growth,Listed Equity,Corning Inc,US2193501051,ISIN,United States,,,GLW
Balanced Growth,Listed Equity,Coronado Global Resources Inc,AU0000026122,ISIN,Australia,,,CRN.AX
Balanced Growth,Listed Equity,Corp Inmobiliaria Vesta SAB de CV,MX01VE0M0003,ISIN,Mexico,,,VESTA.MX
Balanced Growth,Listed Equity,Corpay Inc,US2199481068,ISIN,United States,,,CPAY
Balanced Growth,Listed Equity,Corporate Travel Management Ltd,AU000000CTD3,ISIN,Australia,,,CTD.AX
Balanced Growth,Listed Equity,Corteva Inc,US22052L1044,ISIN,United States,,,CTVA
Balanced Growth,Listed Equity,Costco Wholesale Corp,US22160K1051,ISIN,United States,,,COST
Balanced Growth,Listed Equity,Coterra Energy Inc,US1270971039,ISIN,United States,,,CTRA
Balanced Growth,Listed Equity,Coupang Inc,US22266T1097,ISIN,United States,,,CPNG
Balanced Growth,Listed Equity,Covestro AG,DE000A40KY26,ISIN,Germany,,,1CO.DE
Balanced Growth,Listed Equity,Coway Co Ltd,KR7021240007,ISIN,South Korea,,,021240.KS
Balanced Growth,Listed Equity,Credicorp Ltd,AU000000BAP9,ISIN,Australia,,,BAP.AX
Balanced Growth,Listed Equity,Credit Agricole SA,FR0000045072,ISIN,France,,,ACA.PA
Balanced Growth,Listed Equity,Credit Corp Group Ltd,AU000000CCP3,ISIN,Australia,,,CCP.AX
Balanced Growth,Listed Equity,Croda International PLC,GB00BJFFLV09,ISIN,United Kingdom,,,CRDA.L
Balanced Growth,Listed Equity,Crowdstrike Holdings Inc,US22788C1053,ISIN,United States,,,CRWD
Balanced Growth,Listed Equity,Crown Holdings Inc,US2283681060,ISIN,United States,,,CCK
Balanced Growth,Listed Equity,Cummins Inc,US2310211063,ISIN,United States,,,CMI
Balanced Growth,Listed Equity,Cuscal Ltd,PA1436583006,ISIN,United States,,,CCL
Balanced Growth,Listed Equity,CyberArk Software Ltd,IL0011334468,ISIN,United States,,,CYBR
Balanced Growth,Listed Equity,D'ieteren Group,BE0974259880,ISIN,Belgium,,,DIE.BR
Balanced Growth,Listed Equity,DBS Group Holdings Ltd,SG1L01001701,ISIN,Singapore,,,D05.SI
Balanced Growth,Listed Equity,DCC PLC,IE0002424939,ISIN,United Kingdom,,,DCC.L
Balanced Growth,Listed Equity,DNB Bank ASA,NO0010161896,ISIN,Norway,,,DNB.OL
Balanced Growth,Listed Equity,DR Horton Inc,US23331A1097,ISIN,United States,,,DHI
Balanced Growth,Listed Equity,DSM-Firmenich AG,CH1216478797,ISIN,Netherlands,,,DSFIR.AS
Balanced Growth,Listed Equity,DSV A/S,DK0060079531,ISIN,Denmark,,,DSV.CO
Balanced Growth,Listed Equity,DTE Energy Co,US2333311072,ISIN,United States,,,DTE
Balanced Growth,Listed Equity,DaVita Inc,US23918K1088,ISIN,United States,,,DVA
Balanced Growth,Listed Equity,Dai Nippon Printing Co Ltd,JP3493800001,ISIN,Japan,,,7912.T
Balanced Growth,Listed Equity,Dai-ichi Life Holdings Inc,JP3476480003,ISIN,Japan,,,8750.T
Balanced Growth,Listed Equity,Daifuku Co Ltd,JP3497400006,ISIN,Japan,,,6383.T
Balanced Growth,Listed Equity,Daiichi Sankyo Co Ltd,JP3475350009,ISIN,Japan,,,4568.T
Balanced Growth,Listed Equity,Daikin Industries Ltd,JP3481800005,ISIN,Japan,,,6367.T
Balanced Growth,Listed Equity,Daimler Truck Holding AG,DE000DTR0CK8,ISIN,Germany,,,DTG.DE
Balanced Growth,Listed Equity,Daito Trust Construction Co Ltd,JP3486800000,ISIN,Japan,,,1878.T
Balanced Growth,Listed Equity,Daiwa House Industry Co Ltd,JP3505000004,ISIN,Japan,,,1925.T
Balanced Growth,Listed Equity,Daiwa Securities Group Inc,JP3502200003,ISIN,Japan,,,8601.T
Balanced Growth,Listed Equity,Danaher Corp,US2358511028,ISIN,United States,,,DHR
Balanced Growth,Listed Equity,Danone SA,CA11271J1075,ISIN,Canada,,,BN.TO
Balanced Growth,Listed Equity,Danske Bank A/S,DK0010274414,ISIN,Denmark,,,DANSKE.CO
Balanced Growth,Listed Equity,Darden Restaurants Inc,US2371941053,ISIN,United States,,,DRI
Balanced Growth,Listed Equity,Darling Ingredients Inc,US2372661015,ISIN,United States,,,DAR
Balanced Growth,Listed Equity,Dassault Aviation SA,FR0014004L86,ISIN,France,,,AM.PA
Balanced Growth,Listed Equity,Dassault Systemes SE,FR0014003TT8,ISIN,France,,,DSY.PA
Balanced Growth,Listed Equity,Data#3 Ltd,AU000000DTL4,ISIN,Australia,,,DTL.AX
Balanced Growth,Listed Equity,Datadog Inc,US23804L1035,ISIN,United States,,,DDOG
Balanced Growth,Listed Equity,Davide Campari-Milano NV,NL0015435975,ISIN,Italy,,,CPR.MI
Balanced Growth,Listed Equity,Dayforce Inc,US15677J1088,ISIN,United States,,,DAY
Balanced Growth,Listed Equity,De Grey Mining Ltd,AU000000DEG6,ISIN,AU,,,
Balanced Growth,Listed Equity,Deckers Outdoor Corp,US2435371073,ISIN,United States,,,DECK
Balanced Growth,Listed Equity,Deep Yellow Ltd,AU000000DYL4,ISIN,Australia,,,DYL.AX
Balanced Growth,Listed Equity,Deere & Co,US2441991054,ISIN,United States,,,DE
Balanced Growth,Listed Equity,Delivery Hero SE,DE000A2E4K43,ISIN,Germany,,,DHER.DE
Balanced Growth,Listed Equity,Dell Technologies Inc,US24703L2025,ISIN,United States,,,DELL
Balanced Growth,Listed Equity,Delta Air Lines Inc,US2473617023,ISIN,United States,,,DAL
Balanced Growth,Listed Equity,Delta Electronics Inc,TW0002308004,ISIN,Taiwan,,,2308.TW
Balanced Growth,Listed Equity,Demant A/S,DK0060738599,ISIN,Denmark,,,DEMANT.CO
Balanced Growth,Listed Equity,Denso Corp,JP3551500006,ISIN,Japan,,,6902.T
Balanced Growth,Listed Equity,Dentsu Group Inc,JP3551520004,ISIN,Japan,,,4324.T
Balanced Growth,Listed Equity,Descartes Systems Group Inc/The,CA2499061083,ISIN,Canada,,,DSG.TO
Balanced Growth,Listed Equity,Deterra Royalties Ltd,AU0000107484,ISIN,Australia,,,DRR.AX
Balanced Growth,Listed Equity,Deutsche Bank AG,DE0005140008,ISIN,Germany,,,DBK.DE
Balanced Growth,Listed Equity,Deutsche Boerse AG,DE0005810055,ISIN,Germany,,,DB1.DE
Balanced Growth,Listed Equity,Deutsche Lufthansa AG,DE0008232125,ISIN,Germany,,,LHA.DE
Balanced Growth,Listed Equity,Deutsche Post AG,DE0005552004,ISIN,Germany,,,DHL.DE
Balanced Growth,Listed Equity,Deutsche Telekom AG,US2333311072,ISIN,United States,,,DTE
Balanced Growth,Listed Equity,Develop Global Ltd,AU0000179707,ISIN,Australia,,,DVP.AX
Balanced Growth,Listed Equity,Devon Energy Corp,US25179M1036,ISIN,United States,,,DVN
Balanced Growth,Listed Equity,Dexcom Inc,US2521311074,ISIN,United States,,,DXCM
Balanced Growth,Listed Equity,Dexerials Corp,JP3548770001,ISIN,Japan,,,4980.T
Balanced Growth,Listed Equity,DiaSorin SpA,IT0003492391,ISIN,Italy,,,DIA.MI
Balanced Growth,Listed Equity,Diageo PLC,GB0002374006,ISIN,United Kingdom,,,DGE.L
Balanced Growth,Listed Equity,Diamondback Energy Inc,US25278X1090,ISIN,United States,,,FANG
Balanced Growth,Listed Equity,Dick's Sporting Goods Inc,US2533931026,ISIN,United States,,,DKS
Balanced Growth,Listed Equity,Dicker Data Ltd,AU000000DDR5,ISIN,Australia,,,DDR.AX
Balanced Growth,Listed Equity,Dino Polska SA,PLDINPL00011,ISIN,Poland,,,DNP.WA
Balanced Growth,Listed Equity,Disco Corp,JP3548600000,ISIN,Japan,,,6146.T
Balanced Growth,Listed Equity,Discover Financial Services,US2547091080,ISIN,US,,,
Balanced Growth,Listed Equity,DocuSign Inc,US2561631068,ISIN,United States,,,DOCU
Balanced Growth,Listed Equity,Dollar General Corp,US2566771059,ISIN,United States,,,DG
Balanced Growth,Listed Equity,Dollar Tree Inc,US2567461080,ISIN,United States,,,DLTR
Balanced Growth,Listed Equity,Dollarama Inc,CA25675T1075,ISIN,Canada,,,DOL.TO
Balanced Growth,Listed Equity,Domain Holdings Australia Ltd,AU000000DHG9,ISIN,AU,,,
Balanced Growth,Listed Equity,Dominion Energy Inc,US25746U1097,ISIN,United States,,,D
Balanced Growth,Listed Equity,Domino's Pizza Enterprises Ltd,AU000000DMP0,ISIN,Australia,,,DMP.AX
Balanced Growth,Listed Equity,Domino's Pizza Inc,US25754A2015,ISIN,United States,,,DPZ
Balanced Growth,Listed Equity,DoorDash Inc,US25809K1051,ISIN,United States,,,DASH
Balanced Growth,Listed Equity,Dorman Products Inc,US2582781009,ISIN,United States,,,DORM
Balanced Growth,Listed Equity,Dover Corp,US2600031080,ISIN,United States,,,DOV
Balanced Growth,Listed Equity,Dow Inc,US2605571031,ISIN,United States,,,DOW
Balanced Growth,Listed Equity,Downer EDI Ltd,US2605571031,ISIN,United States,,,DOW
Balanced Growth,Listed Equity,Dr Ing hc F Porsche AG,DE000PAG9113,ISIN,Germany,,,P911.DE
Balanced Growth,Listed Equity,DraftKings Inc,US26142V1052,ISIN,United States,,,DKNG
Balanced Growth,Listed Equity,DroneShield Ltd,AU000000DRO2,ISIN,Australia,,,DRO.AX
Balanced Growth,Listed Equity,DuPont de Nemours Inc,US26614N1028,ISIN,United States,,,DD
Balanced Growth,Listed Equity,Duke Energy Corp,US26441C2044,ISIN,United States,,,DUK
Balanced Growth,Listed Equity,Dynatrace Inc,US2681501092,ISIN,United States,,,DT
Balanced Growth,Listed Equity,E Ink Holdings Inc,TW0008069006,ISIN,Taiwan,,,8069.TWO
Balanced Growth,Listed Equity,E.ON SE,DE000ENAG999,ISIN,Germany,,,EOAN.DE
Balanced Growth,Listed Equity,EBOS Group Ltd,NZEBOE0001S6,ISIN,New Zealand,,,EBO.NZ
Balanced Growth,Listed Equity,EDP Renovaveis SA,ES0127797019,ISIN,Portugal,,,EDPR.LS
Balanced Growth,Listed Equity,EDP SA,PTEDP0AM0009,ISIN,Portugal,,,EDP.LS
Balanced Growth,Listed Equity,EMCOR Group Inc,US29084Q1004,ISIN,United States,,,EME
Balanced Growth,Listed Equity,EMS-Chemie Holding AG,CH0016440353,ISIN,Switzerland,,,EMSN.SW
Balanced Growth,Listed Equity,ENEOS Holdings Inc,JP3386450005,ISIN,Japan,,,5020.T
Balanced Growth,Listed Equity,EOG Resources Inc,US26875P1012,ISIN,United States,,,EOG
Balanced Growth,Listed Equity,EPAM Systems Inc,US29414B1044,ISIN,United States,,,EPAM
Balanced Growth,Listed Equity,EQT AB,SE0012853455,ISIN,SE,,,
Balanced Growth,Listed Equity,EQT Corp,SE0012853455,ISIN,SE,,,
Balanced Growth,Listed Equity,ERO Copper Corp,CA2960061091,ISIN,Canada,,,ERO.TO
Balanced Growth,Listed Equity,EVT Ltd,AU000000EVT1,ISIN,Australia,,,EVT.AX
Balanced Growth,Listed Equity,EXOR NV,NL0012059018,ISIN,Netherlands,,,EXO.AS
Balanced Growth,Listed Equity,Eagers Automotive Ltd,AU000000APE3,ISIN,Australia,,,APE.AX
Balanced Growth,Listed Equity,East Japan Railway Co,JP3783600004,ISIN,Japan,,,9020.T
Balanced Growth,Listed Equity,Eastman Chemical Co,US2774321002,ISIN,United States,,,EMN
Balanced Growth,Listed Equity,Eaton Corp PLC,IE00B8KQN827,ISIN,United States,,,ETN
Balanced Growth,Listed Equity,Ecolab Inc,US2788651006,ISIN,United States,,,ECL
Balanced Growth,Listed Equity,Edenred SE,FR0010908533,ISIN,France,,,EDEN.PA
Balanced Growth,Listed Equity,Edison International,US2810201077,ISIN,United States,,,EIX
Balanced Growth,Listed Equity,Edwards Lifesciences Corp,US28176E1082,ISIN,United States,,,EW
Balanced Growth,Listed Equity,Eiffage SA,FR0000130452,ISIN,France,,,FGR.PA
Balanced Growth,Listed Equity,Eisai Co Ltd,JP3160400002,ISIN,Japan,,,4523.T
Balanced Growth,Listed Equity,Elbit Systems Ltd,IL0010811243,ISIN,Israel,,,ESLT.TA
Balanced Growth,Listed Equity,Elders Ltd,AU000000ELD6,ISIN,AU,,,
Balanced Growth,Listed Equity,Electronic Arts Inc,US2855121099,ISIN,United States,,,EA
Balanced Growth,Listed Equity,Element Fleet Management Corp,CA2861812014,ISIN,Canada,,,EFN.TO
Balanced Growth,Listed Equity,Elevance Health Inc,US0367521038,ISIN,United States,,,ELV
Balanced Growth,Listed Equity,Eli Lilly & Co,US5324571083,ISIN,United States,,,LLY
Balanced Growth,Listed Equity,Elia Group SA/NV,BE0003822393,ISIN,Belgium,,,ELI.BR
Balanced Growth,Listed Equity,Elisa Oyj,FI0009007884,ISIN,Finland,,,ELISA.HE
Balanced Growth,Listed Equity,Emera Inc,CA2908761018,ISIN,Canada,,,EMA.TO
Balanced Growth,Listed Equity,Emerald Resources NL,AU000000EMR4,ISIN,Australia,,,EMR.AX
Balanced Growth,Listed Equity,Emerson Electric Co,AU000000EMR4,ISIN,Australia,,,EMR.AX
Balanced Growth,Listed Equity,Empire Co Ltd,CA2918434077,ISIN,Canada,,,EMP-A.TO
Balanced Growth,Listed Equity,Enbridge Inc,CA29250N1050,ISIN,Canada,,,ENB.TO
Balanced Growth,Listed Equity,Endeavour Group Ltd/Australia,AU0000154833,ISIN,AU,,,
Balanced Growth,Listed Equity,Endeavour Mining PLC,AU0000154833,ISIN,AU,,,
Balanced Growth,Listed Equity,Endesa SA,ES0130670112,ISIN,Spain,,,ELE.MC
Balanced Growth,Listed Equity,Enel SpA,IT0003128367,ISIN,Italy,,,ENEL.MI
Balanced Growth,Listed Equity,Engie SA,FR0010208488,ISIN,France,,,ENGI.PA
Balanced Growth,Listed Equity,Eni SpA,IT0003132476,ISIN,Italy,,,ENI.MI
Balanced Growth,Listed Equity,Enphase Energy Inc,US29355A1079,ISIN,United States,,,ENPH
Balanced Growth,Listed Equity,Entain PLC,IM00B5VQMV65,ISIN,United Kingdom,,,ENT.L
Balanced Growth,Listed Equity,Entegris Inc,US29362U1043,ISIN,United States,,,ENTG
Balanced Growth,Listed Equity,Entergy Corp,US29364G1031,ISIN,United States,,,ETR
Balanced Growth,Listed Equity,Epiroc AB,SE0015658109,ISIN,SE,,,
Balanced Growth,Listed Equity,Epiroc AB,SE0015658117,ISIN,SE,,,
Balanced Growth,Listed Equity,Equifax Inc,US2944291051,ISIN,United States,,,EFX
Balanced Growth,Listed Equity,Equinor ASA,NO0010096985,ISIN,Norway,,,EQNR.OL
Balanced Growth,Listed Equity,Equitable Holdings Inc,US29452E1010,ISIN,United States,,,EQH
Balanced Growth,Listed Equity,Erie Indemnity Co,US29530P1021,ISIN,United States,,,ERIE
Balanced Growth,Listed Equity,Erste Group Bank AG,AT0000652011,ISIN,Austria,,,EBS.VI
Balanced Growth,Listed Equity,Essential Utilities Inc,US29670G1022,ISIN,United States,,,WTRG
Balanced Growth,Listed Equity,EssilorLuxottica SA,FR0000121667,ISIN,France,,,EL.PA
Balanced Growth,Listed Equity,Essity AB,SE0009922164,ISIN,Sweden,,,ESSITY-B.ST
Balanced Growth,Listed Equity,Estee Lauder Cos Inc/The,FR0000121667,ISIN,France,,,EL.PA
Balanced Growth,Listed Equity,Eurazeo SE,FR0000121121,ISIN,France,,,RF.PA
Balanced Growth,Listed Equity,Eurobank Ergasias Services and Holdings,GRS323003012,ISIN,Greece,,,EUROB.AT
Balanced Growth,Listed Equity,Eurofins Scientific SE,FR0014000MR3,ISIN,France,,,ERF.PA
Balanced Growth,Listed Equity,Euronext NV,NL0006294274,ISIN,France,,,ENX.PA
Balanced Growth,Listed Equity,Evercore Inc,US29977A1051,ISIN,United States,,,EVR
Balanced Growth,Listed Equity,Everest Group Ltd,BMG3223R1088,ISIN,United States,,,EG
Balanced Growth,Listed Equity,Evergy Inc,US30034W1062,ISIN,United States,,,EVRG
Balanced Growth,Listed Equity,Eversource Energy,US30040W1080,ISIN,United States,,,ES
Balanced Growth,Listed Equity,Evolution AB,SE0012673267,ISIN,Sweden,,,EVO.ST
Balanced Growth,Listed Equity,Evolution Mining Ltd,AU000000EVN4,ISIN,Australia,,,EVN.AX
Balanced Growth,Listed Equity,Evonik Industries AG,DE000EVNK013,ISIN,Germany,,,EVK.DE
Balanced Growth,Listed Equity,Exact Sciences Corp,US30063P1057,ISIN,United States,,,EXAS
Balanced Growth,Listed Equity,Exelixis Inc,US30161Q1040,ISIN,United States,,,EXEL
Balanced Growth,Listed Equity,Exelon Corp,US30161N1019,ISIN,United States,,,EXC
Balanced Growth,Listed Equity,Expand Energy Corp,US1651677353,ISIN,United States,,,EXE
Balanced Growth,Listed Equity,Expedia Group Inc,US30212P3038,ISIN,United States,,,EXPE
Balanced Growth,Listed Equity,Expeditors International of Washington Inc,US3021301094,ISIN,United States,,,EXPD
Balanced Growth,Listed Equity,Experian PLC,GB00B19NLV48,ISIN,United Kingdom,,,EXPN.L
Balanced Growth,Listed Equity,Exxon Mobil Corp,US30231G1022,ISIN,United States,,,XOM
Balanced Growth,Listed Equity,F5 Inc,US3156161024,ISIN,United States,,,FFIV
Balanced Growth,Listed Equity,FANUC Corp,JP3802400006,ISIN,Japan,,,6954.T
Balanced Growth,Listed Equity,FUJIFILM Holdings Corp,JP3814000000,ISIN,Japan,,,4901.T
Balanced Growth,Listed Equity,Fabrinet,KYG3323L1005,ISIN,United States,,,FN
Balanced Growth,Listed Equity,FactSet Research Systems Inc,US3030751057,ISIN,United States,,,FDS
Balanced Growth,Listed Equity,Fair Isaac Corp,US3032501047,ISIN,United States,,,FICO
Balanced Growth,Listed Equity,Fairfax Financial Holdings Ltd,CA3039011026,ISIN,Canada,,,FFH.TO
Balanced Growth,Listed Equity,Fast Retailing Co Ltd,JP3802300008,ISIN,Japan,,,9983.T
Balanced Growth,Listed Equity,Fastenal Co,US3119001044,ISIN,United States,,,FAST
Balanced Growth,Listed Equity,Fastighets AB Balder,SE0017832488,ISIN,Sweden,,,BALD-B.ST
Balanced Growth,Listed Equity,FedEx Corp,US31428X1063,ISIN,United States,,,FDX
Balanced Growth,Listed Equity,Ferguson Enterprises Inc,US31488V1070,ISIN,United States,,,FERG
Balanced Growth,Listed Equity,Ferrari NV,NL0011585146,ISIN,Italy,,,RACE.MI
Balanced Growth,Listed Equity,Ferrovial SE,NL0015001FS8,ISIN,Spain,,,FER.MC
Balanced Growth,Listed Equity,Fidelity National Financial Inc,US31620R3030,ISIN,United States,,,FNF
Balanced Growth,Listed Equity,Fidelity National Information Services Inc,US31620M1062,ISIN,United States,,,FIS
Balanced Growth,Listed Equity,Fifth Third Bancorp,US3167731005,ISIN,United States,,,FITB
Balanced Growth,Listed Equity,FinecoBank Banca Fineco SpA,IT0000072170,ISIN,Italy,,,FBK.MI
Balanced Growth,Listed Equity,Firefinch Ltd,AU0000114522,ISIN,AU,,,
Balanced Growth,Listed Equity,First Citizens BancShares Inc/NC,US31946M1036,ISIN,United States,,,FCNCA
Balanced Growth,Listed Equity,First Horizon Corp,US3205171057,ISIN,United States,,,FHN
Balanced Growth,Listed Equity,First Quantum Minerals Ltd,CA3359341052,ISIN,Canada,,,FM.TO
Balanced Growth,Listed Equity,First Solar Inc,US3364331070,ISIN,United States,,,FSLR
Balanced Growth,Listed Equity,FirstEnergy Corp,US3379321074,ISIN,United States,,,FE
Balanced Growth,Listed Equity,FirstService Corp,CA33767E2024,ISIN,Canada,,,FSV.TO
Balanced Growth,Listed Equity,Fiserv Inc,US3377381088,ISIN,United States,,,FI
Balanced Growth,Listed Equity,Fisher & Paykel Healthcare Corp Ltd,NZFAPE0001S2,ISIN,New Zealand,,,FPH.NZ
Balanced Growth,Listed Equity,FleetPartners Group Ltd,AU0000272924,ISIN,Australia,,,FPR.AX
Balanced Growth,Listed Equity,Fletcher Building Ltd,NZFBUE0001S0,ISIN,New Zealand,,,FBU.NZ
Balanced Growth,Listed Equity,Flight Centre Travel Group Ltd,AU000000FLT9,ISIN,Australia,,,FLT.AX
Balanced Growth,Listed Equity,Flutter Entertainment PLC,IE00BWT6H894,ISIN,United States,,,FLUT
Balanced Growth,Listed Equity,Fomento Economico Mexicano SAB de CV,MXP320321310,ISIN,Mexico,,,FEMSAUBD.MX
Balanced Growth,Listed Equity,Ford Motor Co,US3453708600,ISIN,United States,,,F
Balanced Growth,Listed Equity,Fortescue Ltd,AU000000FMG4,ISIN,Australia,,,FMG.AX
Balanced Growth,Listed Equity,Fortinet Inc,US34959E1091,ISIN,United States,,,FTNT
Balanced Growth,Listed Equity,Fortis Inc/Canada,CA3495531079,ISIN,Canada,,,FTS.TO
Balanced Growth,Listed Equity,Fortive Corp,US34959J1088,ISIN,United States,,,FTV
Balanced Growth,Listed Equity,Fortum Oyj,FI0009007132,ISIN,Finland,,,FORTUM.HE
Balanced Growth,Listed Equity,Fortune Brands Innovations Inc,US34964C1062,ISIN,United States,,,FBIN
Balanced Growth,Listed Equity,Fox Corp,US35137L2043,ISIN,United States,,,FOX
Balanced Growth,Listed Equity,Fox Corp,US35137L1052,ISIN,United States,,,FOXA
Balanced Growth,Listed Equity,Franco-Nevada Corp,CA3518581051,ISIN,Canada,,,FNV.TO
Balanced Growth,Listed Equity,Franklin Resources Inc,AU000000BEN6,ISIN,Australia,,,BEN.AX
Balanced Growth,Listed Equity,Freeport-McMoRan Inc,US35671D8570,ISIN,United States,,,FCX
Balanced Growth,Listed Equity,Fresenius Medical Care AG,DE0005785802,ISIN,Germany,,,FME.DE
Balanced Growth,Listed Equity,Fresenius SE & Co KGaA,DE0005785604,ISIN,Germany,,,FRE.DE
Balanced Growth,Listed Equity,Fuji Electric Co Ltd,JP3820000002,ISIN,Japan,,,6504.T
Balanced Growth,Listed Equity,Fujikura Ltd,JP3811000003,ISIN,Japan,,,5803.T
Balanced Growth,Listed Equity,Fujitsu Ltd,JP3818000006,ISIN,Japan,,,6702.T
Balanced Growth,Listed Equity,Furukawa Electric Co Ltd,JP3827200001,ISIN,Japan,,,5801.T
Balanced Growth,Listed Equity,Futu Holdings Ltd,US36118L1061,ISIN,US,,,
Balanced Growth,Listed Equity,G8 Education Ltd,AU000000GEM7,ISIN,Australia,,,GEM.AX
Balanced Growth,Listed Equity,GE HealthCare Technologies Inc,US36266G1076,ISIN,United States,,,GEHC
Balanced Growth,Listed Equity,GE Vernova Inc,US36828A1016,ISIN,United States,,,GEV
Balanced Growth,Listed Equity,GEA Group AG,DE0006602006,ISIN,Germany,,,G1A.F
Balanced Growth,Listed Equity,GFL Environmental Inc,CA36168Q1046,ISIN,CA,,,
Balanced Growth,Listed Equity,GSK PLC,GB00BN7SWP63,ISIN,United Kingdom,,,GSK.L
Balanced Growth,Listed Equity,GWA Group Ltd,AU000000GWA4,ISIN,Australia,,,GWA.AX
Balanced Growth,Listed Equity,GXO Logistics Inc,US36262G1013,ISIN,United States,,,GXO
Balanced Growth,Listed Equity,Galaxy Entertainment Group Ltd,HK0027032686,ISIN,Hong Kong,,,0027.HK
Balanced Growth,Listed Equity,Galderma Group AG,CH1335392721,ISIN,Switzerland,,,GALD.SW
Balanced Growth,Listed Equity,Galp Energia SGPS SA,PTGAL0AM0009,ISIN,Portugal,,,GALP.LS
Balanced Growth,Listed Equity,Garmin Ltd,CH0114405324,ISIN,United States,,,GRMN
Balanced Growth,Listed Equity,Gartner Inc,US3666511072,ISIN,United States,,,IT
Balanced Growth,Listed Equity,Gates Industrial Corp PLC,GB00BD9G2S12,ISIN,United States,,,GTES
Balanced Growth,Listed Equity,Gaztransport Et Technigaz SA,FR0011726835,ISIN,France,,,GTT.PA
Balanced Growth,Listed Equity,Geberit AG,CH0030170408,ISIN,Switzerland,,,GEBN.SW
Balanced Growth,Listed Equity,Gen Digital Inc,US6687711084,ISIN,United States,,,GEN
Balanced Growth,Listed Equity,General Dynamics Corp,US3695501086,ISIN,United States,,,GD
Balanced Growth,Listed Equity,General Electric Co,US3696043013,ISIN,United States,,,GE
Balanced Growth,Listed Equity,General Mills Inc,US3703341046,ISIN,United States,,,GIS
Balanced Growth,Listed Equity,General Motors Co,US37045V1008,ISIN,United States,,,GM
Balanced Growth,Listed Equity,Generali,IT0000062072,ISIN,Italy,,,G.MI
Balanced Growth,Listed Equity,Genesis Minerals Ltd,AU000000GMD9,ISIN,Australia,,,GMD.AX
Balanced Growth,Listed Equity,Genmab A/S,DK0010272202,ISIN,Denmark,,,GMAB.CO
Balanced Growth,Listed Equity,Genting Singapore Ltd,SGXE21576413,ISIN,Singapore,,,G13.SI
Balanced Growth,Listed Equity,Gentrack Group Ltd,NZGTKE0002S9,ISIN,New Zealand,,,GTK.NZ
Balanced Growth,Listed Equity,Genuine Parts Co,US3724601055,ISIN,United States,,,GPC
Balanced Growth,Listed Equity,George Weston Ltd,CA9611485090,ISIN,Canada,,,WN.TO
Balanced Growth,Listed Equity,Getinge AB,SE0000202624,ISIN,Sweden,,,GETI-B.ST
Balanced Growth,Listed Equity,Getlink SE,FR0010533075,ISIN,France,,,GET.PA
Balanced Growth,Listed Equity,Gildan Activewear Inc,CA3759161035,ISIN,CA,,,
Balanced Growth,Listed Equity,Gilead Sciences Inc,US3755581036,ISIN,United States,,,GILD
Balanced Growth,Listed Equity,Givaudan SA,CH0010645932,ISIN,Switzerland,,,GIVN.SW
Balanced Growth,Listed Equity,Gjensidige Forsikring ASA,NO0010582521,ISIN,Norway,,,GJF.OL
Balanced Growth,Listed Equity,Glencore PLC,JE00B4T3BW64,ISIN,United Kingdom,,,GLEN.L
Balanced Growth,Listed Equity,Global Payments Inc,US37940X1028,ISIN,United States,,,GPN
Balanced Growth,Listed Equity,Global-e Online Ltd,IL0011741688,ISIN,United States,,,GLBE
Balanced Growth,Listed Equity,GoDaddy Inc,US3802371076,ISIN,United States,,,GDDY
Balanced Growth,Listed Equity,Godrej Consumer Products Ltd,INE102D01028,ISIN,India,,,GODREJCP.NS
Balanced Growth,Listed Equity,Gold Road Resources Ltd,AU000000GOR5,ISIN,Australia,,,GOR.AX
Balanced Growth,Listed Equity,Goldman Sachs Group Inc/The,US38141G1040,ISIN,United States,,,GS
Balanced Growth,Listed Equity,Grab Holdings Ltd,KYG4124C1096,ISIN,United States,,,GRAB
Balanced Growth,Listed Equity,Graco Inc,US3841091040,ISIN,United States,,,GGG
Balanced Growth,Listed Equity,GrainCorp Ltd,AU000000GNC9,ISIN,Australia,,,GNC.AX
Balanced Growth,Listed Equity,Graphic Packaging Holding Co,US3886891015,ISIN,United States,,,GPK
Balanced Growth,Listed Equity,Great-West Lifeco Inc,CA39138C1068,ISIN,Canada,,,GWO.TO
Balanced Growth,Listed Equity,Greatland Gold PLC,GB00B15XDH89,ISIN,GB,,,
Balanced Growth,Listed Equity,Grifols SA,ES0171996087,ISIN,Spain,,,GRF.MC
Balanced Growth,Listed Equity,Groupe Bruxelles Lambert NV,BE0003797140,ISIN,Belgium,,,GBLB.BR
Balanced Growth,Listed Equity,Grupo Aeroportuario del Pacifico SAB de,MX01GA000004,ISIN,Mexico,,,GAPB.MX
Balanced Growth,Listed Equity,Grupo Financiero Banorte SAB de CV,MXP370711014,ISIN,Mexico,,,GFNORTEO.MX
Balanced Growth,Listed Equity,Grupo Financiero Galicia SA,US3999091008,ISIN,United States,,,GGAL
Balanced Growth,Listed Equity,Grupo Mexico SAB de CV,MXP370841019,ISIN,Mexico,,,GMEXICOB.MX
Balanced Growth,Listed Equity,Gulfport Energy Corp,US4026355028,ISIN,United States,,,GPOR
Balanced Growth,Listed Equity,Guzman y Gomez Ltd,AU0000336679,ISIN,Australia,,,GYG.AX
Balanced Growth,Listed Equity,H & M Hennes & Mauritz AB,SE0000106270,ISIN,Sweden,,,HM-B.ST
Balanced Growth,Listed Equity,H&R Block Inc,US0936711052,ISIN,United States,,,HRB
Balanced Growth,Listed Equity,HCA Healthcare Inc,US40412C1018,ISIN,United States,,,HCA
Balanced Growth,Listed Equity,HD Hyundai Electric Co Ltd,KR7267260008,ISIN,South Korea,,,267260.KS
Balanced Growth,Listed Equity,HDFC Bank Ltd,US40415F1012,ISIN,United States,,,HDB
Balanced Growth,Listed Equity,HDFC Bank Ltd,INE040A01034,ISIN,India,,,HDFCBANK.NS
Balanced Growth,Listed Equity,HEICO Corp,US4228061093,ISIN,United States,,,HEI
Balanced Growth,Listed Equity,HEICO Corp,US4228062083,ISIN,United States,,,HEI-A
Balanced Growth,Listed Equity,HF Sinclair Corp,US4039491000,ISIN,United States,,,DINO
Balanced Growth,Listed Equity,HMC Capital Ltd,AU0000058943,ISIN,Australia,,,HMC.AX
Balanced Growth,Listed Equity,HOCHTIEF AG,DE0006070006,ISIN,Germany,,,HOT.DE
Balanced Growth,Listed Equity,HP Inc,US40434L1052,ISIN,United States,,,HPQ
Balanced Growth,Listed Equity,HSBC Holdings PLC,GB0005405286,ISIN,United Kingdom,,,HSBA.L
Balanced Growth,Listed Equity,HSBC Holdings PLC,GB0005405286,ISIN,United Kingdom,,,HSBA.L
Balanced Growth,Listed Equity,HUB24 Ltd,AU000000HUB4,ISIN,Australia,,,HUB.AX
Balanced Growth,Listed Equity,Haitian International Holdings Ltd,KYG4232C1087,ISIN,Hong Kong,,,1882.HK
Balanced Growth,Listed Equity,Haleon PLC,GB00BMX86B70,ISIN,United Kingdom,,,HLN.L
Balanced Growth,Listed Equity,Halliburton Co,US4062161017,ISIN,United States,,,HAL
Balanced Growth,Listed Equity,Halma PLC,GB0004052071,ISIN,United Kingdom,,,HLMA.L
Balanced Growth,Listed Equity,Hang Seng Bank Ltd,HK0011000095,ISIN,Hong Kong,,,0011.HK
Balanced Growth,Listed Equity,Hankyu Hanshin Holdings Inc,JP3774200004,ISIN,Japan,,,9042.T
Balanced Growth,Listed Equity,Hannover Rueck SE,DE0008402215,ISIN,Germany,,,HNR1.DE
Balanced Growth,Listed Equity,Hansen Technologies Ltd,AU000000HSN3,ISIN,Australia,,,HSN.AX
Balanced Growth,Listed Equity,Hargreaves Lansdown PLC,GB00B1VZ0M25,ISIN,GB,,,
Balanced Growth,Listed Equity,Harmoney Corp Ltd,NZHMYE0001S5,ISIN,Australia,,,HMY.AX
Balanced Growth,Listed Equity,Harmony Biosciences Holdings Inc,US4131971040,ISIN,United States,,,HRMY
Balanced Growth,Listed Equity,Hartford Financial Services Group Inc,US4165151048,ISIN,United States,,,HIG
Balanced Growth,Listed Equity,Harvey Norman Holdings Ltd,AU000000HVN7,ISIN,Australia,,,HVN.AX
Balanced Growth,Listed Equity,Healius Ltd,AU0000033359,ISIN,Australia,,,HLS.AX
Balanced Growth,Listed Equity,Heidelberg Materials AG,US4228061093,ISIN,United States,,,HEI
Balanced Growth,Listed Equity,Heineken Holding NV,NL0000008977,ISIN,Netherlands,,,HEIO.AS
Balanced Growth,Listed Equity,Heineken NV,NL0000009165,ISIN,Netherlands,,,HEIA.AS
Balanced Growth,Listed Equity,Helia Group Ltd,AU0000251498,ISIN,Australia,,,HLI.AX
Balanced Growth,Listed Equity,Helvetia Holding AG,CH0466642201,ISIN,Switzerland,,,HELN.SW
Balanced Growth,Listed Equity,Henkel AG & Co KGaA,DE0006048408,ISIN,Germany,,,HEN.DE
Balanced Growth,Listed Equity,Henkel AG & Co KGaA,DE0006048432,ISIN,Germany,,,HEN3.DE
Balanced Growth,Listed Equity,Henry Schein Inc,US8064071025,ISIN,United States,,,HSIC
Balanced Growth,Listed Equity,Herc Holdings Inc,US42704L1044,ISIN,United States,,,HRI
Balanced Growth,Listed Equity,Hermes International SCA,FR0000052292,ISIN,France,,,RMS.PA
Balanced Growth,Listed Equity,Hershey Co/The,US4278661081,ISIN,United States,,,HSY
Balanced Growth,Listed Equity,Hess Corp,US42809H1077,ISIN,US,,,
Balanced Growth,Listed Equity,Hess Midstream LP,US4281031058,ISIN,United States,,,HESM
Balanced Growth,Listed Equity,Hewlett Packard Enterprise Co,US42824C1099,ISIN,United States,,,HPE
Balanced Growth,Listed Equity,Hexagon AB,SE0015961909,ISIN,Sweden,,,HEXA-B.ST
Balanced Growth,Listed Equity,Hikari Tsushin Inc,JP3783420007,ISIN,Japan,,,9435.T
Balanced Growth,Listed Equity,Hikma Pharmaceuticals PLC,GB00B0LCW083,ISIN,United Kingdom,,,HIK.L
Balanced Growth,Listed Equity,Hilton Worldwide Holdings Inc,US43300A2033,ISIN,United States,,,HLT
Balanced Growth,Listed Equity,Hims & Hers Health Inc,US4330001060,ISIN,United States,,,HIMS
Balanced Growth,Listed Equity,Hitachi Construction Machinery Co Ltd,JP3787000003,ISIN,Japan,,,6305.T
Balanced Growth,Listed Equity,Hitachi Ltd,JP3788600009,ISIN,Japan,,,6501.T
Balanced Growth,Listed Equity,Holcim AG,CH0012214059,ISIN,Switzerland,,,HOLN.SW
Balanced Growth,Listed Equity,Holmen AB,SE0011090018,ISIN,Sweden,,,HOLM-B.ST
Balanced Growth,Listed Equity,Hologic Inc,US4364401012,ISIN,United States,,,HOLX
Balanced Growth,Listed Equity,Home Depot Inc/The,US4370761029,ISIN,United States,,,HD
Balanced Growth,Listed Equity,Honda Motor Co Ltd,JP3854600008,ISIN,Japan,,,7267.T
Balanced Growth,Listed Equity,Honeywell International Inc,US4385161066,ISIN,United States,,,HON
Balanced Growth,Listed Equity,Hong Kong & China Gas Co Ltd,HK0003000038,ISIN,Hong Kong,,,0003.HK
Balanced Growth,Listed Equity,Hong Kong Exchanges & Clearing Ltd,HK0388045442,ISIN,Hong Kong,,,0388.HK
Balanced Growth,Listed Equity,Hongkong Land Holdings Ltd,BMG4587L1090,ISIN,Singapore,,,H78.SI
Balanced Growth,Listed Equity,Horizon Robotics Inc,KYG4602S1057,ISIN,Hong Kong,,,9660.HK
Balanced Growth,Listed Equity,Hormel Foods Corp,US4404521001,ISIN,United States,,,HRL
Balanced Growth,Listed Equity,Hoshizaki Corp,JP3845770001,ISIN,Japan,,,6465.T
Balanced Growth,Listed Equity,Howmet Aerospace Inc,US4432011082,ISIN,United States,,,HWM
Balanced Growth,Listed Equity,Hoya Corp,JP3837800006,ISIN,Japan,,,7741.T
Balanced Growth,Listed Equity,HubSpot Inc,US4435731009,ISIN,United States,,,HUBS
Balanced Growth,Listed Equity,Hubbell Inc,US4435106079,ISIN,United States,,,HUBB
Balanced Growth,Listed Equity,Hulic Co Ltd,JP3360800001,ISIN,Japan,,,3003.T
Balanced Growth,Listed Equity,Humana Inc,US4448591028,ISIN,United States,,,HUM
Balanced Growth,Listed Equity,Humm Group Ltd,US4448591028,ISIN,United States,,,HUM
Balanced Growth,Listed Equity,Huntington Bancshares Inc/OH,US4461501045,ISIN,United States,,,HBAN
Balanced Growth,Listed Equity,Huntington Ingalls Industries Inc,US4464131063,ISIN,United States,,,HII
Balanced Growth,Listed Equity,Hyatt Hotels Corp,US4485791028,ISIN,United States,,,H
Balanced Growth,Listed Equity,Hydro One Ltd,US4485791028,ISIN,United States,,,H
Balanced Growth,Listed Equity,ICL Group Ltd,IL0002810146,ISIN,United States,,,ICL
Balanced Growth,Listed Equity,IDEX Corp,US45167R1041,ISIN,United States,,,IEX
Balanced Growth,Listed Equity,IDEXX Laboratories Inc,US45168D1046,ISIN,United States,,,IDXX
Balanced Growth,Listed Equity,IDP Education Ltd,AU000000IEL5,ISIN,Australia,,,IEL.AX
Balanced Growth,Listed Equity,IGM Financial Inc,CA4495861060,ISIN,Canada,,,IGM.TO
Balanced Growth,Listed Equity,IGO Ltd,AU000000IGO4,ISIN,Australia,,,IGO.AX
Balanced Growth,Listed Equity,IMCD NV,NL0010801007,ISIN,Netherlands,,,IMCD.AS
Balanced Growth,Listed Equity,ING Groep NV,NL0011821202,ISIN,Netherlands,,,INGA.AS
Balanced Growth,Listed Equity,IPH Ltd,AU000000IPH9,ISIN,Australia,,,IPH.AX
Balanced Growth,Listed Equity,IQVIA Holdings Inc,US46266C1053,ISIN,United States,,,IQV
Balanced Growth,Listed Equity,IRESS Ltd,AU000000IRE2,ISIN,Australia,,,IRE.AX
Balanced Growth,Listed Equity,ITOCHU Corp,JP3143600009,ISIN,Japan,,,8001.T
Balanced Growth,Listed Equity,Iberdrola SA,ES0144580Y14,ISIN,Spain,,,IBE.MC
Balanced Growth,Listed Equity,Idemitsu Kosan Co Ltd,JP3142500002,ISIN,Japan,,,5019.T
Balanced Growth,Listed Equity,Illinois Tool Works Inc,US4523081093,ISIN,United States,,,ITW
Balanced Growth,Listed Equity,Illumina Inc,US4523271090,ISIN,United States,,,ILMN
Balanced Growth,Listed Equity,Iluka Resources Ltd,AU000000ILU1,ISIN,Australia,,,ILU.AX
Balanced Growth,Listed Equity,Imdex Ltd,AU000000IMD5,ISIN,Australia,,,IMD.AX
Balanced Growth,Listed Equity,Immutep Ltd,AU000000IMM6,ISIN,Australia,,,IMM.AX
Balanced Growth,Listed Equity,Imperial Oil Ltd,CA4530384086,ISIN,Canada,,,IMO.TO
Balanced Growth,Listed Equity,InPost SA,LU2290522684,ISIN,Netherlands,,,INPST.AS
Balanced Growth,Listed Equity,InRetail Peru Corp,PAL1801171A1,ISIN,PA,,,
Balanced Growth,Listed Equity,InRetail Peru Corp,PAL1801171A1,ISIN,PA,,,
Balanced Growth,Listed Equity,Incitec Pivot Ltd,AU000000IPL1,ISIN,Australia,,,DNL.AX
Balanced Growth,Listed Equity,Incyte Corp,US45337C1027,ISIN,United States,,,INCY
Balanced Growth,Listed Equity,Indraprastha Gas Ltd,INE203G01027,ISIN,India,,,IGL.NS
Balanced Growth,Listed Equity,Industria de Diseno Textil SA,ES0148396007,ISIN,Spain,,,ITX.MC
Balanced Growth,Listed Equity,Industrivarden AB,SE0000190126,ISIN,Sweden,,,INDU-A.ST
Balanced Growth,Listed Equity,Industrivarden AB,SE0000107203,ISIN,Sweden,,,INDU-C.ST
Balanced Growth,Listed Equity,Indutrade AB,SE0001515552,ISIN,Sweden,,,INDT.ST
Balanced Growth,Listed Equity,Infineon Technologies AG,DE0006231004,ISIN,Germany,,,IFX.DE
Balanced Growth,Listed Equity,Infomedia Ltd,AU000000IFM0,ISIN,Australia,,,IFM.AX
Balanced Growth,Listed Equity,Informa PLC,GB00BMJ6DW54,ISIN,United Kingdom,,,INF.L
Balanced Growth,Listed Equity,Infrastrutture Wireless Italiane SpA,IT0005090300,ISIN,Italy,,,INW.MI
Balanced Growth,Listed Equity,Infratil Ltd,NZIFTE0003S3,ISIN,New Zealand,,,IFT.NZ
Balanced Growth,Listed Equity,Ingersoll Rand Inc,US45687V1061,ISIN,United States,,,IR
Balanced Growth,Listed Equity,Inghams Group Ltd,AU000000ING6,ISIN,Australia,,,ING.AX
Balanced Growth,Listed Equity,Inpex Corp,JP3294460005,ISIN,Japan,,,1605.T
Balanced Growth,Listed Equity,Insignia Financial Ltd,AU000000IFL2,ISIN,Australia,,,IFL.AX
Balanced Growth,Listed Equity,Insulet Corp,US45784P1012,ISIN,United States,,,PODD
Balanced Growth,Listed Equity,Insurance Australia Group Ltd,AU000000IAG3,ISIN,Australia,,,IAG.AX
Balanced Growth,Listed Equity,Intact Financial Corp,CA45823T1066,ISIN,Canada,,,IFC.TO
Balanced Growth,Listed Equity,Integral Diagnostics Ltd,AU000000IDX2,ISIN,Australia,,,IDX.AX
Balanced Growth,Listed Equity,Intel Corp,US4581401001,ISIN,United States,,,INTC
Balanced Growth,Listed Equity,Intelligent Monitoring Group Ltd,AU0000199713,ISIN,Australia,,,IMB.AX
Balanced Growth,Listed Equity,InterContinental Hotels Group PLC,GB00BHJYC057,ISIN,United Kingdom,,,IHG.L
Balanced Growth,Listed Equity,Interactive Brokers Group Inc,US45841N1072,ISIN,United States,,,IBKR
Balanced Growth,Listed Equity,Intercontinental Exchange Inc,US45866F1049,ISIN,United States,,,ICE
Balanced Growth,Listed Equity,International Business Machines Corp,US4592001014,ISIN,United States,,,IBM
Balanced Growth,Listed Equity,International Flavors & Fragrances Inc,US4595061015,ISIN,United States,,,IFF
Balanced Growth,Listed Equity,International Paper Co,US4601461035,ISIN,United States,,,IP
Balanced Growth,Listed Equity,Interpublic Group of Cos Inc/The,US4606901001,ISIN,United States,,,IPG
Balanced Growth,Listed Equity,Intertek Group PLC,GB0031638363,ISIN,United Kingdom,,,ITRK.L
Balanced Growth,Listed Equity,Intesa Sanpaolo SpA,IT0000072618,ISIN,Italy,,,ISP.MI
Balanced Growth,Listed Equity,Intuit Inc,US4612021034,ISIN,United States,,,INTU
Balanced Growth,Listed Equity,Intuitive Surgical Inc,US46120E6023,ISIN,United States,,,ISRG
Balanced Growth,Listed Equity,Investment AB Latour,SE0010100958,ISIN,Sweden,,,LATO-B.ST
Balanced Growth,Listed Equity,Investor AB,SE0015811963,ISIN,Sweden,,,INVE-B.ST
Balanced Growth,Listed Equity,IperionX Ltd,AU0000208910,ISIN,Australia,,,IPX.AX
Balanced Growth,Listed Equity,Ipsen SA,FR0010259150,ISIN,France,,,IPN.PA
Balanced Growth,Listed Equity,Israel Discount Bank Ltd,IL0006912120,ISIN,Israel,,,DSCT.TA
Balanced Growth,Listed Equity,Isuzu Motors Ltd,JP3137200006,ISIN,Japan,,,7202.T
Balanced Growth,Listed Equity,Itau Unibanco Holding SA,US4655621062,ISIN,Germany,,,BVXB.SG
Balanced Growth,Listed Equity,Ivanhoe Mines Ltd,CA46579R1047,ISIN,Canada,,,IVN.TO
Balanced Growth,Listed Equity,J M Smucker Co/The,US8326964058,ISIN,United States,,,SJM
Balanced Growth,Listed Equity,J Sainsbury PLC,GB00B019KW72,ISIN,United Kingdom,,,SBRY.L
Balanced Growth,Listed Equity,JB Hi-Fi Ltd,AU000000JBH7,ISIN,Australia,,,JBH.AX
Balanced Growth,Listed Equity,JB Hunt Transport Services Inc,US4456581077,ISIN,United States,,,JBHT
Balanced Growth,Listed Equity,JD Sports Fashion PLC,GB00BM8Q5M07,ISIN,United Kingdom,,,JD.L
Balanced Growth,Listed Equity,JD.com Inc,KYG8208B1014,ISIN,Hong Kong,,,9618.HK
Balanced Growth,Listed Equity,JDE Peet's NV,NL0014332678,ISIN,NL,,,
Balanced Growth,Listed Equity,JFE Holdings Inc,JP3386030005,ISIN,Japan,,,5411.T
Balanced Growth,Listed Equity,JPMorgan Chase & Co,US46625H1005,ISIN,United States,,,JPM
Balanced Growth,Listed Equity,JSW Energy Ltd,INE121E01018,ISIN,India,,,JSWENERGY.BO
Balanced Growth,Listed Equity,Jabil Inc,US4663131039,ISIN,United States,,,JBL
Balanced Growth,Listed Equity,Jack Henry & Associates Inc,US4262811015,ISIN,United States,,,JKHY
Balanced Growth,Listed Equity,Jacobs Solutions Inc,US46982L1089,ISIN,United States,,,J
Balanced Growth,Listed Equity,James Hardie Industries PLC,AU000000JHX1,ISIN,Australia,,,JHX.AX
Balanced Growth,Listed Equity,Japan Airlines Co Ltd,JP3705200008,ISIN,Japan,,,9201.T
Balanced Growth,Listed Equity,Japan Exchange Group Inc,JP3183200009,ISIN,Japan,,,8697.T
Balanced Growth,Listed Equity,Japan Post Bank Co Ltd,JP3946750001,ISIN,Japan,,,7182.T
Balanced Growth,Listed Equity,Japan Post Holdings Co Ltd,JP3752900005,ISIN,Japan,,,6178.T
Balanced Growth,Listed Equity,Japan Post Insurance Co Ltd,JP3233250004,ISIN,Japan,,,7181.T
Balanced Growth,Listed Equity,Jardine Matheson Holdings Ltd,BMG507361001,ISIN,Singapore,,,J36.SI
Balanced Growth,Listed Equity,Jazz Pharmaceuticals PLC,IE00B4Q5ZN47,ISIN,United States,,,JAZZ
Balanced Growth,Listed Equity,Jeronimo Martins SGPS SA,PTJMT0AE0001,ISIN,Portugal,,,JMT.LS
Balanced Growth,Listed Equity,Joby Aviation Inc,KYG651631007,ISIN,United States,,,JOBY
Balanced Growth,Listed Equity,Johns Lyng Group Ltd,AU000000JLG8,ISIN,Australia,,,JLG.AX
Balanced Growth,Listed Equity,Johnson & Johnson,US4781601046,ISIN,United States,,,JNJ
Balanced Growth,Listed Equity,Johnson Controls International plc,IE00BY7QL619,ISIN,United States,,,JCI
Balanced Growth,Listed Equity,Judo Capital Holdings Ltd,AU0000182271,ISIN,Australia,,,JDO.AX
Balanced Growth,Listed Equity,Julius Baer Group Ltd,CH0102484968,ISIN,Switzerland,,,BAER.SW
Balanced Growth,Listed Equity,Juniper Networks Inc,US48203R1041,ISIN,US,,,
Balanced Growth,Listed Equity,Jupiter Mines Ltd,AU0000005159,ISIN,AU,,,
Balanced Growth,Listed Equity,KB Home,US48666K1097,ISIN,United States,,,KBH
Balanced Growth,Listed Equity,KBC Group NV,BE0003565737,ISIN,Belgium,,,KBC.BR
Balanced Growth,Listed Equity,KDDI Corp,JP3496400007,ISIN,Japan,,,9433.T
Balanced Growth,Listed Equity,KE Holdings Inc,US4824971042,ISIN,United States,,,BEKE
Balanced Growth,Listed Equity,KKR & Co Inc,US48251W1045,ISIN,United States,,,KKR
Balanced Growth,Listed Equity,KLA Corp,US4824801009,ISIN,United States,,,KLAC
Balanced Growth,Listed Equity,KMD Brands Ltd,NZKMDE0001S3,ISIN,New Zealand,,,KMD.NZ
Balanced Growth,Listed Equity,KPIT Technologies Ltd,INE04I401011,ISIN,India,,,KPITTECH.NS
Balanced Growth,Listed Equity,Kajima Corp,JP3210200006,ISIN,Japan,,,1812.T
Balanced Growth,Listed Equity,Kansai Electric Power Co Inc/The,JP3228600007,ISIN,Japan,,,9503.T
Balanced Growth,Listed Equity,Kao Corp,JP3205800000,ISIN,Japan,,,4452.T
Balanced Growth,Listed Equity,Karoon Energy Ltd,AU000000KAR6,ISIN,Australia,,,KAR.AX
Balanced Growth,Listed Equity,Kawasaki Kisen Kaisha Ltd,JP3223800008,ISIN,Japan,,,9107.T
Balanced Growth,Listed Equity,Kellanova,US4878361082,ISIN,United States,,,K
Balanced Growth,Listed Equity,Kelsian Group Ltd,AU0000186678,ISIN,Australia,,,KLS.AX
Balanced Growth,Listed Equity,Kenvue Inc,US49177J1025,ISIN,United States,,,KVUE
Balanced Growth,Listed Equity,Keppel Ltd,SG1U68934629,ISIN,Singapore,,,BN4.SI
Balanced Growth,Listed Equity,Kering SA,FR0000121485,ISIN,France,,,KER.PA
Balanced Growth,Listed Equity,Kerry Group PLC,IE0004906560,ISIN,Ireland,,,KRZ.IR
Balanced Growth,Listed Equity,Kesko Oyj,FI0009000202,ISIN,FI,,,
Balanced Growth,Listed Equity,Keurig Dr Pepper Inc,US49271V1008,ISIN,United States,,,KDP
Balanced Growth,Listed Equity,KeyCorp,US4932671088,ISIN,United States,,,KEY
Balanced Growth,Listed Equity,Keyence Corp,JP3236200006,ISIN,Japan,,,6861.T
Balanced Growth,Listed Equity,Keyera Corp,US4932671088,ISIN,United States,,,KEY
Balanced Growth,Listed Equity,Keysight Technologies Inc,US49338L1035,ISIN,United States,,,KEYS
Balanced Growth,Listed Equity,Kikkoman Corp,JP3240400006,ISIN,Japan,,,2801.T
Balanced Growth,Listed Equity,Kimberly-Clark Corp,US4943681035,ISIN,United States,,,KMB
Balanced Growth,Listed Equity,Kinder Morgan Inc,US49456B1017,ISIN,United States,,,KMI
Balanced Growth,Listed Equity,Kingfisher PLC,GB0033195214,ISIN,United Kingdom,,,KGF.L
Balanced Growth,Listed Equity,Kingspan Group PLC,IE0004927939,ISIN,Ireland,,,KRX.IR
Balanced Growth,Listed Equity,Kinross Gold Corp,US4878361082,ISIN,United States,,,K
Balanced Growth,Listed Equity,Kirin Holdings Co Ltd,JP3258000003,ISIN,Japan,,,2503.T
Balanced Growth,Listed Equity,Knight-Swift Transportation Holdings Inc,US4990491049,ISIN,United States,,,KNX
Balanced Growth,Listed Equity,Knorr-Bremse AG,DE000KBX1006,ISIN,Germany,,,KBX.DE
Balanced Growth,Listed Equity,Kobe Bussan Co Ltd,JP3291200008,ISIN,Japan,,,3038.T
Balanced Growth,Listed Equity,Kogan.com Ltd,AU000000KGN2,ISIN,Australia,,,KGN.AX
Balanced Growth,Listed Equity,Kokusai Electric Corp,JP3293330001,ISIN,Japan,,,6525.T
Balanced Growth,Listed Equity,Komatsu Ltd,JP3304200003,ISIN,Japan,,,6301.T
Balanced Growth,Listed Equity,Konami Group Corp,JP3300200007,ISIN,Japan,,,9766.T
Balanced Growth,Listed Equity,Kone Oyj,FI0009013403,ISIN,Finland,,,KNEBV.HE
Balanced Growth,Listed Equity,Kongsberg Gruppen ASA,NO0003043309,ISIN,NO,,,
Balanced Growth,Listed Equity,Koninklijke Ahold Delhaize NV,NL0011794037,ISIN,Netherlands,,,AD.AS
Balanced Growth,Listed Equity,Koninklijke KPN NV,NL0000009082,ISIN,Netherlands,,,KPN.AS
Balanced Growth,Listed Equity,Koninklijke Philips NV,NL0000009538,ISIN,Netherlands,,,PHIA.AS
Balanced Growth,Listed Equity,Kotak Mahindra Bank Ltd,US4943681035,ISIN,United States,,,KMB
Balanced Growth,Listed Equity,Kraft Heinz Co/The,US5007541064,ISIN,United States,,,KHC
Balanced Growth,Listed Equity,Kroger Co/The,US5010441013,ISIN,United States,,,KR
Balanced Growth,Listed Equity,Kubota Corp,JP3266400005,ISIN,Japan,,,6326.T
Balanced Growth,Listed Equity,Kuehne + Nagel International AG,CH0025238863,ISIN,Switzerland,,,KNIN.SW
Balanced Growth,Listed Equity,Kweichow Moutai Co Ltd,CNE0000018R8,ISIN,China,,,600519.SS
Balanced Growth,Listed Equity,Kyocera Corp,JP3249600002,ISIN,Japan,,,6971.T
Balanced Growth,Listed Equity,Kyowa Kirin Co Ltd,JP3256000005,ISIN,Japan,,,4151.T
Balanced Growth,Listed Equity,L E Lundbergforetagen AB,SE0000108847,ISIN,Sweden,,,LUND-B.ST
Balanced Growth,Listed Equity,L'Oreal SA,FR0000120321,ISIN,France,,,OR.PA
Balanced Growth,Listed Equity,L3Harris Technologies Inc,US5024311095,ISIN,United States,,,LHX
Balanced Growth,Listed Equity,LEG Immobilien SE,DE000LEG1110,ISIN,Germany,,,LEG.DE
Balanced Growth,Listed Equity,LKQ Corp,US5018892084,ISIN,United States,,,LKQ
Balanced Growth,Listed Equity,LPL Financial Holdings Inc,US50212V1008,ISIN,United States,,,LPLA
Balanced Growth,Listed Equity,LVMH Moet Hennessy Louis Vuitton SE,FR0000121014,ISIN,France,,,MC.PA
Balanced Growth,Listed Equity,LY Corp,JP3933800009,ISIN,Japan,,,4689.T
Balanced Growth,Listed Equity,La Francaise des Jeux SACA,FR0013451333,ISIN,France,,,FDJU.PA
Balanced Growth,Listed Equity,Labcorp Holdings Inc,US5049221055,ISIN,United States,,,LH
Balanced Growth,Listed Equity,Lam Research Corp,US5128073062,ISIN,United States,,,LRCX
Balanced Growth,Listed Equity,Lamb Weston Holdings Inc,US5132721045,ISIN,United States,,,LW
Balanced Growth,Listed Equity,Las Vegas Sands Corp,US5178341070,ISIN,United States,,,LVS
Balanced Growth,Listed Equity,Lasertec Corp,JP3979200007,ISIN,Japan,,,6920.T
Balanced Growth,Listed Equity,Latin Resources Ltd,AU000000LRS6,ISIN,AU,,,
Balanced Growth,Listed Equity,Legal & General Group PLC,GB0005603997,ISIN,United Kingdom,,,LGEN.L
Balanced Growth,Listed Equity,Legrand SA,FR0010307819,ISIN,France,,,LR.PA
Balanced Growth,Listed Equity,Leidos Holdings Inc,US5253271028,ISIN,United States,,,LDOS
Balanced Growth,Listed Equity,Lennar Corp,US5260571048,ISIN,United States,,,LEN
Balanced Growth,Listed Equity,Lennox International Inc,US5261071071,ISIN,United States,,,LII
Balanced Growth,Listed Equity,Leo Lithium Ltd,AU0000221251,ISIN,United States,,,LLLAF
Balanced Growth,Listed Equity,Leonardo SpA,IT0003856405,ISIN,Italy,,,LDO.MI
Balanced Growth,Listed Equity,Liberty Media Corp-Liberty Formula One,US5312297550,ISIN,United States,,,FWONK
Balanced Growth,Listed Equity,Lifco AB,SE0015949201,ISIN,SE,,,
Balanced Growth,Listed Equity,Life360 Inc,AU0000045098,ISIN,Australia,,,360.AX
Balanced Growth,Listed Equity,Lifestyle Communities Ltd,AU000000LIC9,ISIN,Australia,,,LIC.AX
Balanced Growth,Listed Equity,Light & Wonder Inc,AU0000278103,ISIN,Australia,,,LNW.AX
Balanced Growth,Listed Equity,Linde PLC,IE000S9YS762,ISIN,United States,,,LIN
Balanced Growth,Listed Equity,Liontown Resources Ltd,AU000000LTR4,ISIN,Australia,,,LTR.AX
Balanced Growth,Listed Equity,LivaNova PLC,GB00BYMT0J19,ISIN,United States,,,LIVN
Balanced Growth,Listed Equity,Live Nation Entertainment Inc,US5380341090,ISIN,United States,,,LYV
Balanced Growth,Listed Equity,Lloyds Banking Group PLC,GB0008706128,ISIN,United Kingdom,,,LLOY.L
Balanced Growth,Listed Equity,Loblaw Cos Ltd,CA5394811015,ISIN,Canada,,,L.TO
Balanced Growth,Listed Equity,Lockheed Martin Corp,US5398301094,ISIN,United States,,,LMT
Balanced Growth,Listed Equity,Loews Corp,CA5394811015,ISIN,Canada,,,L.TO
Balanced Growth,Listed Equity,Logitech International SA,CH0025751329,ISIN,Switzerland,,,LOGN.SW
Balanced Growth,Listed Equity,London Stock Exchange Group PLC,GB00B0SWJX34,ISIN,United Kingdom,,,LSEG.L
Balanced Growth,Listed Equity,Lonza Group AG,CH0013841017,ISIN,Switzerland,,,LONN.SW
Balanced Growth,Listed Equity,Lotes Co Ltd,TW0003533006,ISIN,Taiwan,,,3533.TW
Balanced Growth,Listed Equity,Lottery Corp Ltd/The,AU0000219529,ISIN,Australia,,,TLC.AX
Balanced Growth,Listed Equity,Lotus Bakeries NV,BE0003604155,ISIN,Belgium,,,LOTB.BR
Balanced Growth,Listed Equity,Lovisa Holdings Ltd,AU000000LOV7,ISIN,Australia,,,LOV.AX
Balanced Growth,Listed Equity,Lowe's Cos Inc,US5486611073,ISIN,United States,,,LOW
Balanced Growth,Listed Equity,Lululemon Athletica Inc,US5500211090,ISIN,United States,,,LULU
Balanced Growth,Listed Equity,Lundin Mining Corp,CA5503721063,ISIN,Canada,,,LUN.TO
Balanced Growth,Listed Equity,Lynas Rare Earths Ltd,AU000000LYC6,ISIN,Australia,,,LYC.AX
Balanced Growth,Listed Equity,Lynch Group Holdings Ltd,AU0000140477,ISIN,Australia,,,LGL.AX
Balanced Growth,Listed Equity,LyondellBasell Industries NV,NL0009434992,ISIN,United States,,,LYB
Balanced Growth,Listed Equity,M&G PLC,GB00BKFB1C65,ISIN,United Kingdom,,,MNG.L
Balanced Growth,Listed Equity,M&T Bank Corp,US55261F1049,ISIN,United States,,,MTB
Balanced Growth,Listed Equity,M3 Inc,JP3435750009,ISIN,Japan,,,2413.T
Balanced Growth,Listed Equity,MA Financial Group Ltd,AU0000156218,ISIN,Australia,,,MAF.AX
Balanced Growth,Listed Equity,MAC Copper Ltd,AU0000319733,ISIN,Australia,,,MAC.AX
Balanced Growth,Listed Equity,MEG Energy Corp,CA5527041084,ISIN,Canada,,,MEG.TO
Balanced Growth,Listed Equity,MEIJI Holdings Co Ltd,JP3918000005,ISIN,Japan,,,2269.T
Balanced Growth,Listed Equity,MGM Resorts International,US5529531015,ISIN,United States,,,MGM
Balanced Growth,Listed Equity,MINEBEA MITSUMI Inc,JP3906000009,ISIN,Japan,,,6479.T
Balanced Growth,Listed Equity,MS&AD Insurance Group Holdings Inc,JP3890310000,ISIN,Japan,,,8725.T
Balanced Growth,Listed Equity,MSCI Inc,US55354G1004,ISIN,United States,,,MSCI
Balanced Growth,Listed Equity,MTR Corp Ltd,HK0066009694,ISIN,Hong Kong,,,0066.HK
Balanced Growth,Listed Equity,MTU Aero Engines AG,DE000A0D9PT0,ISIN,Germany,,,MTX.DE
Balanced Growth,Listed Equity,Maas Group Holdings Ltd,AU0000118564,ISIN,Australia,,,MGH.AX
Balanced Growth,Listed Equity,Macquarie Group Ltd,AU000000MQG1,ISIN,Australia,,,MQG.AX
Balanced Growth,Listed Equity,Macquarie Technology Group Ltd,AU000000MAQ4,ISIN,Australia,,,MAQ.AX
Balanced Growth,Listed Equity,Magellan Financial Group Ltd,AU000000MFG4,ISIN,Australia,,,MFG.AX
Balanced Growth,Listed Equity,Magna International Inc,CA5592224011,ISIN,Canada,,,MG.TO
Balanced Growth,Listed Equity,Magontec Ltd,AU000000MGL2,ISIN,Australia,,,MGL.AX
Balanced Growth,Listed Equity,Makita Corp,JP3862400003,ISIN,Japan,,,6586.T
Balanced Growth,Listed Equity,Malaysia Airports Holdings Bhd,MYL5014OO005,ISIN,MY,,,
Balanced Growth,Listed Equity,Manhattan Associates Inc,US5627501092,ISIN,United States,,,MANH
Balanced Growth,Listed Equity,Manulife Financial Corp,CA56501R1064,ISIN,Canada,,,MFC.TO
Balanced Growth,Listed Equity,Marathon Petroleum Corp,US56585A1025,ISIN,United States,,,MPC
Balanced Growth,Listed Equity,Markel Group Inc,US5705351048,ISIN,United States,,,MKL
Balanced Growth,Listed Equity,MarketAxess Holdings Inc,US57060D1081,ISIN,United States,,,MKTX
Balanced Growth,Listed Equity,Marks & Spencer Group PLC,GB0031274896,ISIN,United Kingdom,,,MKS.L
Balanced Growth,Listed Equity,Marriott International Inc/MD,US5719032022,ISIN,United States,,,MAR
Balanced Growth,Listed Equity,Marsh & McLennan Cos Inc,US5717481023,ISIN,United States,,,MMC
Balanced Growth,Listed Equity,Martin Marietta Materials Inc,US5732841060,ISIN,United States,,,MLM
Balanced Growth,Listed Equity,Marubeni Corp,JP3877600001,ISIN,Japan,,,8002.T
Balanced Growth,Listed Equity,Maruti Suzuki India Ltd,INE585B01010,ISIN,India,,,MARUTI.NS
Balanced Growth,Listed Equity,Marvell Technology Inc,US5738741041,ISIN,United States,,,MRVL
Balanced Growth,Listed Equity,Masco Corp,US5745991068,ISIN,United States,,,MAS
Balanced Growth,Listed Equity,Mastercard Inc,US57636Q1040,ISIN,United States,,,MA
Balanced Growth,Listed Equity,Match Group Inc,US57667L1070,ISIN,United States,,,MTCH
Balanced Growth,Listed Equity,MatsukiyoCocokara & Co,JP3869010003,ISIN,Japan,,,3088.T
Balanced Growth,Listed Equity,Maximus Inc,US5779331041,ISIN,United States,,,MMS
Balanced Growth,Listed Equity,Mayne Pharma Group Ltd,AU000000MYX0,ISIN,Australia,,,MYX.AX
Balanced Growth,Listed Equity,Mayora Indah Tbk PT,ID1000060007,ISIN,Indonesia,,,MYOR.JK
Balanced Growth,Listed Equity,McCormick & Co Inc/MD,US5797802064,ISIN,United States,,,MKC
Balanced Growth,Listed Equity,McDonald's Corp,US5801351017,ISIN,United States,,,MCD
Balanced Growth,Listed Equity,McDonald's Holdings Co Japan Ltd,JP3750500005,ISIN,Japan,,,2702.T
Balanced Growth,Listed Equity,McKesson Corp,US58155Q1031,ISIN,United States,,,MCK
Balanced Growth,Listed Equity,McMillan Shakespeare Ltd,US5779331041,ISIN,United States,,,MMS
Balanced Growth,Listed Equity,Medibank Pvt Ltd,AU000000MPL3,ISIN,Australia,,,MPL.AX
Balanced Growth,Listed Equity,Mediobanca Banca di Credito Finanziario,IT0000062957,ISIN,Italy,,,MB.MI
Balanced Growth,Listed Equity,Medtronic PLC,IE00BTN1Y115,ISIN,United States,,,MDT
Balanced Growth,Listed Equity,Megaport Ltd,AU000000MP15,ISIN,Australia,,,MP1.AX
Balanced Growth,Listed Equity,Meituan,KYG596691041,ISIN,Hong Kong,,,3690.HK
Balanced Growth,Listed Equity,Melrose Industries PLC,GB00BNGDN821,ISIN,United Kingdom,,,MRO.L
Balanced Growth,Listed Equity,MercadoLibre Inc,US58733R1023,ISIN,United States,,,MELI
Balanced Growth,Listed Equity,Mercedes-Benz Group AG,DE0007100000,ISIN,Germany,,,MBG.DE
Balanced Growth,Listed Equity,Merck & Co Inc,US58933Y1055,ISIN,United States,,,MRK
Balanced Growth,Listed Equity,Merck KGaA,US58933Y1055,ISIN,United States,,,MRK
Balanced Growth,Listed Equity,Mercury NZ Ltd,NZMRPE0001S2,ISIN,New Zealand,,,MCY.NZ
Balanced Growth,Listed Equity,Meridian Energy Ltd,NZMELE0002S7,ISIN,New Zealand,,,MEL.NZ
Balanced Growth,Listed Equity,Mesoblast Ltd,AU000000MSB8,ISIN,Australia,,,MSB.AX
Balanced Growth,Listed Equity,MetLife Inc,US59156R1086,ISIN,United States,,,MET
Balanced Growth,Listed Equity,Meta Platforms Inc,US30303M1027,ISIN,United States,,,META
Balanced Growth,Listed Equity,Metcash Ltd,AU000000MTS0,ISIN,Australia,,,MTS.AX
Balanced Growth,Listed Equity,Metro Inc/CN,CA59162N1096,ISIN,Canada,,,MRU.TO
Balanced Growth,Listed Equity,Metso Oyj,FI0009014575,ISIN,Finland,,,METSO.HE
Balanced Growth,Listed Equity,Mettler-Toledo International Inc,US5926881054,ISIN,United States,,,MTD
Balanced Growth,Listed Equity,MicroStrategy Inc,US5949724083,ISIN,United States,,,MSTR
Balanced Growth,Listed Equity,Microchip Technology Inc,US5950171042,ISIN,United States,,,MCHP
Balanced Growth,Listed Equity,Micron Technology Inc,US5951121038,ISIN,United States,,,MU
Balanced Growth,Listed Equity,Microsoft Corp,US5949181045,ISIN,United States,,,MSFT
Balanced Growth,Listed Equity,Midway Ltd,AU000000MWY2,ISIN,AU,,,
Balanced Growth,Listed Equity,Mineral Resources Ltd,AU000000MIN4,ISIN,Australia,,,MIN.AX
Balanced Growth,Listed Equity,Mitsubishi Chemical Group Corp,JP3897700005,ISIN,Japan,,,4188.T
Balanced Growth,Listed Equity,Mitsubishi Corp,JP3898400001,ISIN,Japan,,,8058.T
Balanced Growth,Listed Equity,Mitsubishi Electric Corp,JP3902400005,ISIN,Japan,,,6503.T
Balanced Growth,Listed Equity,Mitsubishi Estate Co Ltd,JP3899600005,ISIN,Japan,,,8802.T
Balanced Growth,Listed Equity,Mitsubishi HC Capital Inc,JP3499800005,ISIN,Japan,,,8593.T
Balanced Growth,Listed Equity,Mitsubishi Heavy Industries Ltd,JP3900000005,ISIN,Japan,,,7011.T
Balanced Growth,Listed Equity,Mitsubishi UFJ Financial Group Inc,JP3902900004,ISIN,Japan,,,8306.T
Balanced Growth,Listed Equity,Mitsui & Co Ltd,JP3893600001,ISIN,Japan,,,8031.T
Balanced Growth,Listed Equity,Mitsui Chemicals Inc,JP3888300005,ISIN,Japan,,,4183.T
Balanced Growth,Listed Equity,Mitsui Fudosan Co Ltd,JP3893200000,ISIN,Japan,,,8801.T
Balanced Growth,Listed Equity,Mitsui Mining & Smelting Co Ltd,JP3888400003,ISIN,Japan,,,5706.T
Balanced Growth,Listed Equity,Mitsui OSK Lines Ltd,JP3362700001,ISIN,Japan,,,9104.T
Balanced Growth,Listed Equity,Mizrahi Tefahot Bank Ltd,IL0006954379,ISIN,Israel,,,MZTF.TA
Balanced Growth,Listed Equity,Mizuho Financial Group Inc,JP3885780001,ISIN,Japan,,,8411.T
Balanced Growth,Listed Equity,Moderna Inc,US60770K1079,ISIN,United States,,,MRNA
Balanced Growth,Listed Equity,Molina Healthcare Inc,US60855R1005,ISIN,United States,,,MOH
Balanced Growth,Listed Equity,Molson Coors Beverage Co,US60871R2094,ISIN,United States,,,TAP
Balanced Growth,Listed Equity,Monadelphous Group Ltd,AU000000MND5,ISIN,Australia,,,MND.AX
Balanced Growth,Listed Equity,Moncler SpA,IT0004965148,ISIN,Italy,,,MONC.MI
Balanced Growth,Listed Equity,Monday.com Ltd,IL0011762130,ISIN,United States,,,MNDY
Balanced Growth,Listed Equity,Mondelez International Inc,US6092071058,ISIN,United States,,,MDLZ
Balanced Growth,Listed Equity,Mondi PLC,GB00BMWC6P49,ISIN,United Kingdom,,,MNDI.L
Balanced Growth,Listed Equity,MongoDB Inc,US60937P1066,ISIN,United States,,,MDB
Balanced Growth,Listed Equity,Monolithic Power Systems Inc,US6098391054,ISIN,United States,,,MPWR
Balanced Growth,Listed Equity,MonotaRO Co Ltd,JP3922950005,ISIN,Japan,,,3064.T
Balanced Growth,Listed Equity,Monster Beverage Corp,US61174X1090,ISIN,United States,,,MNST
Balanced Growth,Listed Equity,Moody's Corp,US6153691059,ISIN,United States,,,MCO
Balanced Growth,Listed Equity,Morgan Stanley,US6174464486,ISIN,United States,,,MS
Balanced Growth,Listed Equity,Mosaic Co/The,US61945C1036,ISIN,United States,,,MOS
Balanced Growth,Listed Equity,Motorola Solutions Inc,US6200763075,ISIN,United States,,,MSI
Balanced Growth,Listed Equity,Mowi ASA,NO0003054108,ISIN,Norway,,,MOWI.OL
Balanced Growth,Listed Equity,Muenchener Rueckversicherungs-Gesellschaft,DE0008430026,ISIN,Germany,,,MUV2.DE
Balanced Growth,Listed Equity,Murata Manufacturing Co Ltd,JP3914400001,ISIN,Japan,,,6981.T
Balanced Growth,Listed Equity,NAVER Corp,KR7035420009,ISIN,South Korea,,,035420.KS
Balanced Growth,Listed Equity,NEC Corp,JP3733000008,ISIN,Japan,,,6701.T
Balanced Growth,Listed Equity,NEXTDC Ltd,AU000000NXT8,ISIN,Australia,,,NXT.AX
Balanced Growth,Listed Equity,NEXTracker Inc,AU000000NXT8,ISIN,Australia,,,NXT.AX
Balanced Growth,Listed Equity,NGK Insulators Ltd,JP3695200000,ISIN,Japan,,,5333.T
Balanced Growth,Listed Equity,NIDEC CORP,JP3734800000,ISIN,Japan,,,6594.T
Balanced Growth,Listed Equity,NIKE Inc,US6541061031,ISIN,United States,,,NKE
Balanced Growth,Listed Equity,NN Group NV,NL0010773842,ISIN,Netherlands,,,NN.AS
Balanced Growth,Listed Equity,NRG Energy Inc,US6293775085,ISIN,United States,,,NRG
Balanced Growth,Listed Equity,NRW Holdings Ltd,AU000000NWH5,ISIN,Australia,,,NWH.AX
Balanced Growth,Listed Equity,NTT Data Group Corp,JP3165700000,ISIN,Japan,,,9613.T
Balanced Growth,Listed Equity,NU Holdings Ltd/Cayman Islands,KYG6683N1034,ISIN,United States,,,NU
Balanced Growth,Listed Equity,NVIDIA Corp,US67066G1040,ISIN,United States,,,NVDA
Balanced Growth,Listed Equity,NVR Inc,US62944T1051,ISIN,United States,,,NVR
Balanced Growth,Listed Equity,NXP Semiconductors NV,NL0009538784,ISIN,United States,,,NXPI
Balanced Growth,Listed Equity,Nanosonics Ltd,AU000000NAN9,ISIN,Australia,,,NAN.AX
Balanced Growth,Listed Equity,Nasdaq Inc,US6311031081,ISIN,United States,,,NDAQ
Balanced Growth,Listed Equity,Naspers Ltd,ZAE000325783,ISIN,South Africa,,,NPN.JO
Balanced Growth,Listed Equity,NatWest Group PLC,GB00BM8PJY71,ISIN,United Kingdom,,,NWG.L
Balanced Growth,Listed Equity,National Australia Bank Ltd,AU000000NAB4,ISIN,Australia,,,NAB.AX
Balanced Growth,Listed Equity,National Bank of Canada,CA6330671034,ISIN,Canada,,,NA.TO
Balanced Growth,Listed Equity,National Bank of Greece SA,GRS003003035,ISIN,Greece,,,ETE.AT
Balanced Growth,Listed Equity,National Grid PLC,GB00BDR05C01,ISIN,United Kingdom,,,NG.L
Balanced Growth,Listed Equity,Nemetschek SE,DE0006452907,ISIN,Germany,,,NEM.DE
Balanced Growth,Listed Equity,Neste Oyj,FI0009013296,ISIN,Finland,,,NESTE.HE
Balanced Growth,Listed Equity,Nestle SA,CH0038863350,ISIN,Switzerland,,,NESN.SW
Balanced Growth,Listed Equity,NetApp Inc,US64110D1046,ISIN,United States,,,NTAP
Balanced Growth,Listed Equity,Netflix Inc,US64110L1061,ISIN,United States,,,NFLX
Balanced Growth,Listed Equity,Netwealth Group Ltd,AU000000NWL7,ISIN,Australia,,,NWL.AX
Balanced Growth,Listed Equity,Neuren Pharmaceuticals Ltd,NZNEUE0001S8,ISIN,Australia,,,NEU.AX
Balanced Growth,Listed Equity,Neurocrine Biosciences Inc,US64125C1099,ISIN,United States,,,NBIX
Balanced Growth,Listed Equity,Newmont Corp,DE0006452907,ISIN,Germany,,,NEM.DE
Balanced Growth,Listed Equity,News Corp,AU000000NWS2,ISIN,Australia,,,NWS.AX
Balanced Growth,Listed Equity,News Corp,US65249B1098,ISIN,United States,,,NWSA
Balanced Growth,Listed Equity,NexGen Energy Ltd,AU0000159329,ISIN,Australia,,,NXG.AX
Balanced Growth,Listed Equity,Nexi SpA,IT0005366767,ISIN,Italy,,,NEXI.MI
Balanced Growth,Listed Equity,Nexon Co Ltd,JP3758190007,ISIN,Japan,,,3659.T
Balanced Growth,Listed Equity,Next PLC,AU000000NXT8,ISIN,Australia,,,NXT.AX
Balanced Growth,Listed Equity,NextEra Energy Inc,US65339F1012,ISIN,United States,,,NEE
Balanced Growth,Listed Equity,NiSource Inc,US65473P1057,ISIN,United States,,,NI
Balanced Growth,Listed Equity,Nibe Industrier AB,SE0015988019,ISIN,Sweden,,,NIBE-B.ST
Balanced Growth,Listed Equity,Nice Ltd,IL0002730112,ISIN,Israel,,,NICE.TA
Balanced Growth,Listed Equity,Nick Scali Ltd,AU000000NCK1,ISIN,Australia,,,NCK.AX
Balanced Growth,Listed Equity,Nickel Industries Ltd,AU0000018236,ISIN,Australia,,,NIC.AX
Balanced Growth,Listed Equity,Nine Entertainment Co Holdings Ltd,AU000000NEC4,ISIN,Australia,,,NEC.AX
Balanced Growth,Listed Equity,Nintendo Co Ltd,JP3756600007,ISIN,Japan,,,7974.T
Balanced Growth,Listed Equity,Nippon Paint Holdings Co Ltd,JP3749400002,ISIN,Japan,,,4612.T
Balanced Growth,Listed Equity,Nippon Sanso Holdings Corp,JP3711600001,ISIN,Japan,,,4091.T
Balanced Growth,Listed Equity,Nippon Steel Corp,JP3381000003,ISIN,Japan,,,5401.T
Balanced Growth,Listed Equity,Nippon Telegraph & Telephone Corp,JP3735400008,ISIN,Japan,,,9432.T
Balanced Growth,Listed Equity,Nippon Yusen KK,JP3753000003,ISIN,Japan,,,9101.T
Balanced Growth,Listed Equity,Nissan Motor Co Ltd,JP3672400003,ISIN,Japan,,,7201.T
Balanced Growth,Listed Equity,Nissin Foods Holdings Co Ltd,JP3675600005,ISIN,Japan,,,2897.T
Balanced Growth,Listed Equity,Nitori Holdings Co Ltd,JP3756100008,ISIN,Japan,,,9843.T
Balanced Growth,Listed Equity,Nitto Denko Corp,JP3684000007,ISIN,Japan,,,6988.T
Balanced Growth,Listed Equity,Nokia Oyj,FI0009000681,ISIN,Finland,,,NOKIA.HE
Balanced Growth,Listed Equity,Nomura Holdings Inc,JP3762600009,ISIN,Japan,,,8604.T
Balanced Growth,Listed Equity,Nomura Research Institute Ltd,JP3762800005,ISIN,Japan,,,4307.T
Balanced Growth,Listed Equity,Nordea Bank Abp,FI4000297767,ISIN,Finland,,,NDA-FI.HE
Balanced Growth,Listed Equity,Nordson Corp,US6556631025,ISIN,United States,,,NDSN
Balanced Growth,Listed Equity,Norfolk Southern Corp,US6558441084,ISIN,United States,,,NSC
Balanced Growth,Listed Equity,Norsk Hydro ASA,NO0005052605,ISIN,Norway,,,NHY.OL
Balanced Growth,Listed Equity,Northern Star Resources Ltd,AU000000NST8,ISIN,Australia,,,NST.AX
Balanced Growth,Listed Equity,Northern Trust Corp,US6658591044,ISIN,United States,,,NTRS
Balanced Growth,Listed Equity,Northrop Grumman Corp,US6668071029,ISIN,United States,,,NOC
Balanced Growth,Listed Equity,Novartis AG,CH0012005267,ISIN,Switzerland,,,NOVN.SW
Balanced Growth,Listed Equity,Novo Nordisk A/S,DK0062498333,ISIN,Denmark,,,NOVO-B.CO
Balanced Growth,Listed Equity,Novo Nordisk A/S,US6701002056,ISIN,United States,,,NVO
Balanced Growth,Listed Equity,Novonesis (Novozymes) B,DK0060336014,ISIN,Denmark,,,NSIS-B.CO
Balanced Growth,Listed Equity,Novonix Ltd,AU000000NVX4,ISIN,Australia,,,NVX.AX
Balanced Growth,Listed Equity,Nucor Corp,US6703461052,ISIN,United States,,,NUE
Balanced Growth,Listed Equity,Nufarm Ltd,AU000000NUF3,ISIN,Australia,,,NUF.AX
Balanced Growth,Listed Equity,Nuix Ltd,AU0000119307,ISIN,Australia,,,NXL.AX
Balanced Growth,Listed Equity,Nutanix Inc,US67059N1081,ISIN,United States,,,NTNX
Balanced Growth,Listed Equity,Nutrien Ltd,CA67077M1086,ISIN,Canada,,,NTR.TO
Balanced Growth,Listed Equity,O'Reilly Automotive Inc,US67103H1077,ISIN,United States,,,ORLY
Balanced Growth,Listed Equity,OFX Group Ltd,AU000000OFX5,ISIN,Australia,,,OFX.AX
Balanced Growth,Listed Equity,OMV AG,AT0000743059,ISIN,Austria,,,OMV.VI
Balanced Growth,Listed Equity,ON Semiconductor Corp,US6821891057,ISIN,United States,,,ON
Balanced Growth,Listed Equity,ONEOK Inc,US6826801036,ISIN,United States,,,OKE
Balanced Growth,Listed Equity,ORIX Corp,JP3200450009,ISIN,Japan,,,8591.T
Balanced Growth,Listed Equity,Obayashi Corp,JP3190000004,ISIN,Japan,,,1802.T
Balanced Growth,Listed Equity,Obic Co Ltd,JP3173400007,ISIN,Japan,,,4684.T
Balanced Growth,Listed Equity,Occidental Petroleum Corp,US6745991058,ISIN,United States,,,OXY
Balanced Growth,Listed Equity,Okta Inc,US6792951054,ISIN,United States,,,OKTA
Balanced Growth,Listed Equity,Old Dominion Freight Line Inc,US6795801009,ISIN,United States,,,ODFL
Balanced Growth,Listed Equity,Olympus Corp,JP3201200007,ISIN,Japan,,,7733.T
Balanced Growth,Listed Equity,Omnicom Group Inc,US6819191064,ISIN,United States,,,OMC
Balanced Growth,Listed Equity,Omron Corp,JP3197800000,ISIN,Japan,,,6645.T
Balanced Growth,Listed Equity,Onex Corp,CA68272K1030,ISIN,Canada,,,ONEX.TO
Balanced Growth,Listed Equity,Ono Pharmaceutical Co Ltd,JP3197600004,ISIN,JP,,,
Balanced Growth,Listed Equity,Open Text Corp,CA6837151068,ISIN,United States,,,OTEX
Balanced Growth,Listed Equity,Opthea Ltd,AU000000OPT2,ISIN,AU,,,
Balanced Growth,Listed Equity,Oracle Corp,US68389X1054,ISIN,United States,,,ORCL
Balanced Growth,Listed Equity,Oracle Corp Japan,JP3689500001,ISIN,Japan,,,4716.T
Balanced Growth,Listed Equity,Orange SA,FR0000133308,ISIN,France,,,ORA.PA
Balanced Growth,Listed Equity,Orica Ltd,AU000000ORI1,ISIN,Australia,,,ORI.AX
Balanced Growth,Listed Equity,Oriental Land Co Ltd/Japan,JP3198900007,ISIN,Japan,,,4661.T
Balanced Growth,Listed Equity,Origin Energy Ltd,AU000000ORG5,ISIN,Australia,,,ORG.AX
Balanced Growth,Listed Equity,Orion Oyj,FI0009014377,ISIN,Finland,,,ORNBV.HE
Balanced Growth,Listed Equity,Orkla ASA,NO0003733800,ISIN,Norway,,,ORK.OL
Balanced Growth,Listed Equity,Orora Ltd,FR0000133308,ISIN,France,,,ORA.PA
Balanced Growth,Listed Equity,Orsted AS,DK0060094928,ISIN,Denmark,,,ORSTED.CO
Balanced Growth,Listed Equity,Osaka Gas Co Ltd,JP3180400008,ISIN,Japan,,,9532.T
Balanced Growth,Listed Equity,Otis Worldwide Corp,US68902V1070,ISIN,United States,,,OTIS
Balanced Growth,Listed Equity,Otsuka Corp,JP3188200004,ISIN,Japan,,,4768.T
Balanced Growth,Listed Equity,Otsuka Holdings Co Ltd,JP3188220002,ISIN,Japan,,,4578.T
Balanced Growth,Listed Equity,Oversea-Chinese Banking Corp Ltd,SG1S04926220,ISIN,Singapore,,,O39.SI
Balanced Growth,Listed Equity,Ovintiv Inc,US69047Q1022,ISIN,United States,,,OVV
Balanced Growth,Listed Equity,Owens Corning,US6907421019,ISIN,United States,,,OC
Balanced Growth,Listed Equity,PACCAR Inc,US6937181088,ISIN,United States,,,PCAR
Balanced Growth,Listed Equity,PDD Holdings Inc,US7223041028,ISIN,Germany,,,9PDA.SG
Balanced Growth,Listed Equity,PEXA Group Ltd,AU0000158594,ISIN,Australia,,,PXA.AX
Balanced Growth,Listed Equity,PG&E Corp,US69331C1080,ISIN,United States,,,PCG
Balanced Growth,Listed Equity,PNC Financial Services Group Inc/The,US6934751057,ISIN,United States,,,PNC
Balanced Growth,Listed Equity,PPG Industries Inc,US6935061076,ISIN,United States,,,PPG
Balanced Growth,Listed Equity,PPL Corp,US69351T1060,ISIN,United States,,,PPL
Balanced Growth,Listed Equity,PRADA SpA,IT0003874101,ISIN,Hong Kong,,,1913.HK
Balanced Growth,Listed Equity,PTC Inc,US69370C1009,ISIN,United States,,,PTC
Balanced Growth,Listed Equity,PWR Holdings Ltd,AU000000PWH0,ISIN,Australia,,,PWH.AX
Balanced Growth,Listed Equity,Pacific Current Group Ltd,AU000000PAC7,ISIN,Australia,,,PAC.AX
Balanced Growth,Listed Equity,Packaging Corp of America,US6951561090,ISIN,United States,,,PKG
Balanced Growth,Listed Equity,Pagseguro Digital Ltd,KYG687071012,ISIN,United States,,,PAGS
Balanced Growth,Listed Equity,Paladin Energy Ltd,AU000000PDN8,ISIN,Australia,,,PDN.AX
Balanced Growth,Listed Equity,Palantir Technologies Inc,US69608A1088,ISIN,United States,,,PLTR
Balanced Growth,Listed Equity,Palo Alto Networks Inc,US6974351057,ISIN,United States,,,PANW
Balanced Growth,Listed Equity,Pan American Silver Corp,CA6979001089,ISIN,Canada,,,PAAS.TO
Balanced Growth,Listed Equity,Pan Pacific International Holdings Corp,JP3639650005,ISIN,Japan,,,7532.T
Balanced Growth,Listed Equity,Panasonic Holdings Corp,JP3866800000,ISIN,Japan,,,6752.T
Balanced Growth,Listed Equity,Pandora A/S,DK0060252690,ISIN,Denmark,,,PNDORA.CO
Balanced Growth,Listed Equity,Pantoro Ltd,AU000000PNR8,ISIN,Australia,,,PNR.AX
Balanced Growth,Listed Equity,Parker-Hannifin Corp,US7010941042,ISIN,United States,,,PH
Balanced Growth,Listed Equity,Parkland Corp,CA70137W1086,ISIN,Canada,,,PKI.TO
Balanced Growth,Listed Equity,Partners Group Holding AG,CH0024608827,ISIN,Switzerland,,,PGHN.SW
Balanced Growth,Listed Equity,Patriot Battery Metals Inc,AU0000251258,ISIN,Australia,,,PMT.AX
Balanced Growth,Listed Equity,PayPal Holdings Inc,US70450Y1038,ISIN,United States,,,PYPL
Balanced Growth,Listed Equity,Paychex Inc,US7043261079,ISIN,United States,,,PAYX
Balanced Growth,Listed Equity,Paycom Software Inc,US70432V1026,ISIN,United States,,,PAYC
Balanced Growth,Listed Equity,Pearson PLC,GB0006776081,ISIN,United Kingdom,,,PSON.L
Balanced Growth,Listed Equity,Peet Ltd,AU000000PPC5,ISIN,Australia,,,PPC.AX
Balanced Growth,Listed Equity,Pembina Pipeline Corp,US69351T1060,ISIN,United States,,,PPL
Balanced Growth,Listed Equity,Pentair PLC,AU000000PNR8,ISIN,Australia,,,PNR.AX
Balanced Growth,Listed Equity,Pepper Money Ltd/Australia,AU0000150898,ISIN,Australia,,,PPM.AX
Balanced Growth,Listed Equity,PepsiCo Inc,US7134481081,ISIN,United States,,,PEP
Balanced Growth,Listed Equity,Perenti Ltd,AU0000061897,ISIN,Australia,,,PRN.AX
Balanced Growth,Listed Equity,Pernod Ricard SA,FR0000120693,ISIN,France,,,RI.PA
Balanced Growth,Listed Equity,Perpetual Ltd,AU000000PPT9,ISIN,Australia,,,PPT.AX
Balanced Growth,Listed Equity,Perseus Mining Ltd,AU000000PRU3,ISIN,Australia,,,PRU.AX
Balanced Growth,Listed Equity,Persimmon PLC,GB0006825383,ISIN,United Kingdom,,,PSN.L
Balanced Growth,Listed Equity,Pfizer Inc,US7170811035,ISIN,United States,,,PFE
Balanced Growth,Listed Equity,Phillips 66,US7185461040,ISIN,United States,,,PSX
Balanced Growth,Listed Equity,Phoenix Group Holdings PLC,GB00BGXQNP29,ISIN,United Kingdom,,,PHNX.L
Balanced Growth,Listed Equity,Piedmont Lithium Inc,AU000000PLL5,ISIN,Australia,,,PLL.AX
Balanced Growth,Listed Equity,Pilbara Minerals Ltd,AU000000PLS0,ISIN,Australia,,,PLS.AX
Balanced Growth,Listed Equity,Pilgrim's Pride Corp,AU000000PPC5,ISIN,Australia,,,PPC.AX
Balanced Growth,Listed Equity,Pinnacle Investment Management Group Ltd,AU000000PNI7,ISIN,Australia,,,PNI.AX
Balanced Growth,Listed Equity,Pinterest Inc,US72352L1061,ISIN,United States,,,PINS
Balanced Growth,Listed Equity,Platinum Asset Management Ltd,AU000000PTM6,ISIN,Australia,,,PTM.AX
Balanced Growth,Listed Equity,PolyNovo Ltd,AU000000PNV0,ISIN,Australia,,,PNV.AX
Balanced Growth,Listed Equity,Pool Corp,US73278L1052,ISIN,United States,,,POOL
Balanced Growth,Listed Equity,Popular Inc,PR7331747001,ISIN,United States,,,BPOP
Balanced Growth,Listed Equity,Porsche Automobil Holding SE,DE000PAH0038,ISIN,Germany,,,PAH3.DE
Balanced Growth,Listed Equity,Poste Italiane SpA,IT0003796171,ISIN,Italy,,,PST.MI
Balanced Growth,Listed Equity,Power Assets Holdings Ltd,HK0006000050,ISIN,Hong Kong,,,0006.HK
Balanced Growth,Listed Equity,Power Corp of Canada,CA7392391016,ISIN,Canada,,,POW.TO
Balanced Growth,Listed Equity,Predictive Discovery Ltd,AU000000PDI8,ISIN,Australia,,,PDI.AX
Balanced Growth,Listed Equity,Premier Investments Ltd,AU000000PMV2,ISIN,Australia,,,PMV.AX
Balanced Growth,Listed Equity,Primerica Inc,US74164M1080,ISIN,United States,,,PRI
Balanced Growth,Listed Equity,Principal Financial Group Inc,US74251V1026,ISIN,United States,,,PFG
Balanced Growth,Listed Equity,Pro Medicus Ltd,AU000000PME8,ISIN,Australia,,,PME.AX
Balanced Growth,Listed Equity,Procter & Gamble Co/The,US7427181091,ISIN,United States,,,PG
Balanced Growth,Listed Equity,Progress Software Corp,US7433121008,ISIN,United States,,,PRGS
Balanced Growth,Listed Equity,Progressive Corp/The,US7433151039,ISIN,United States,,,PGR
Balanced Growth,Listed Equity,Propel Funeral Partners Ltd,AU000000PFP8,ISIN,Australia,,,PFP.AX
Balanced Growth,Listed Equity,Prosus NV,NL0013654783,ISIN,Netherlands,,,PRX.AS
Balanced Growth,Listed Equity,Prudential Financial Inc,AU000000PRU3,ISIN,Australia,,,PRU.AX
Balanced Growth,Listed Equity,Prudential PLC,AU000000PRU3,ISIN,Australia,,,PRU.AX
Balanced Growth,Listed Equity,Prysmian SpA,IT0004176001,ISIN,Italy,,,PRY.MI
Balanced Growth,Listed Equity,Public Service Enterprise Group Inc,US7445731067,ISIN,United States,,,PEG
Balanced Growth,Listed Equity,Publicis Groupe SA,FR0000130577,ISIN,France,,,PUB.PA
Balanced Growth,Listed Equity,PulteGroup Inc,US7458671010,ISIN,United States,,,PHM
Balanced Growth,Listed Equity,Puma SE,DE0006969603,ISIN,Germany,,,PUM.DE
Balanced Growth,Listed Equity,Pure Storage Inc,US74624M1027,ISIN,United States,,,PSTG
Balanced Growth,Listed Equity,QBE Insurance Group Ltd,AU000000QBE9,ISIN,Australia,,,QBE.AX
Balanced Growth,Listed Equity,QIAGEN NV,NL0015001WM6,ISIN,Italy,,,1QGEN.MI
Balanced Growth,Listed Equity,QUALCOMM Inc,US7475251036,ISIN,United States,,,QCOM
Balanced Growth,Listed Equity,Qantas Airways Ltd,AU000000QAN2,ISIN,Australia,,,QAN.AX
Balanced Growth,Listed Equity,Qorvo Inc,US74736K1016,ISIN,United States,,,QRVO
Balanced Growth,Listed Equity,Qualitas Real Estate Income Fund,AU0000027310,ISIN,Australia,,,QRI.AX
Balanced Growth,Listed Equity,Quanta Services Inc,US74762E1029,ISIN,United States,,,PWR
Balanced Growth,Listed Equity,Qube Holdings Ltd,AU000000QUB5,ISIN,Australia,,,QUB.AX
Balanced Growth,Listed Equity,Quebecor Inc,CA7481932084,ISIN,Canada,,,QBR-B.TO
Balanced Growth,Listed Equity,Quest Diagnostics Inc,US74834L1008,ISIN,United States,,,DGX
Balanced Growth,Listed Equity,RB Global Inc,CA74935Q1072,ISIN,United States,,,RBA
Balanced Growth,Listed Equity,REA Group Ltd,AU000000REA9,ISIN,Australia,,,REA.AX
Balanced Growth,Listed Equity,RELX PLC,GB00B2B0DG97,ISIN,United Kingdom,,,REL.L
Balanced Growth,Listed Equity,ROBLOX Corp,US7710491033,ISIN,United States,,,RBLX
Balanced Growth,Listed Equity,ROCKWOOL A/S,DK0010219153,ISIN,United Kingdom,,,0M0A.IL
Balanced Growth,Listed Equity,RPM International Inc,US7496851038,ISIN,United States,,,RPM
Balanced Growth,Listed Equity,RPMGlobal Holdings Ltd,AU000000RUL2,ISIN,Australia,,,RUL.AX
Balanced Growth,Listed Equity,RTX Corp,US75513E1010,ISIN,United States,,,RTX
Balanced Growth,Listed Equity,RWE AG,DE0007037129,ISIN,Germany,,,RWE.DE
Balanced Growth,Listed Equity,Radian Group Inc,US7502361014,ISIN,United States,,,RDN
Balanced Growth,Listed Equity,Raia Drogasil SA,BRRADLACNOR0,ISIN,Brazil,,,RADL3.SA
Balanced Growth,Listed Equity,Rakuten Group Inc,JP3967200001,ISIN,Japan,,,4755.T
Balanced Growth,Listed Equity,Ramelius Resources Ltd,FR0000052292,ISIN,France,,,RMS.PA
Balanced Growth,Listed Equity,Ramsay Health Care Ltd,AU000000RHC8,ISIN,Australia,,,RHC.AX
Balanced Growth,Listed Equity,Randstad NV,NL0000379121,ISIN,Netherlands,,,RAND.AS
Balanced Growth,Listed Equity,Rational AG,DE0007010803,ISIN,Germany,,,RAA.DE
Balanced Growth,Listed Equity,Raymond James Financial Inc,US7547301090,ISIN,United States,,,RJF
Balanced Growth,Listed Equity,Reckitt Benckiser Group PLC,GB00B24CGK77,ISIN,United Kingdom,,,RKT.L
Balanced Growth,Listed Equity,Recordati Industria Chimica e Farmaceutical,IT0003828271,ISIN,Italy,,,REC.MI
Balanced Growth,Listed Equity,Recruit Holdings Co Ltd,JP3970300004,ISIN,Japan,,,6098.T
Balanced Growth,Listed Equity,Rede D'Or Sao Luiz SA,BRRDORACNOR8,ISIN,Brazil,,,RDOR3.SA
Balanced Growth,Listed Equity,Redeia Corp SA,ES0173093024,ISIN,Spain,,,RED.MC
Balanced Growth,Listed Equity,Reece Ltd,AU000000REH4,ISIN,Australia,,,REH.AX
Balanced Growth,Listed Equity,Regeneron Pharmaceuticals Inc,US75886F1075,ISIN,United States,,,REGN
Balanced Growth,Listed Equity,Regions Financial Corp,FR0000121121,ISIN,France,,,RF.PA
Balanced Growth,Listed Equity,Regis Healthcare Ltd,AU000000REG6,ISIN,Australia,,,REG.AX
Balanced Growth,Listed Equity,Regis Resources Ltd,AU000000RRL8,ISIN,Australia,,,RRL.AX
Balanced Growth,Listed Equity,Reinsurance Group of America Inc,US7593516047,ISIN,United States,,,RGA
Balanced Growth,Listed Equity,Reliance Inc,US7595091023,ISIN,United States,,,RS
Balanced Growth,Listed Equity,Reliance Industries Ltd,INE002A01018,ISIN,India,,,RELIANCE.NS
Balanced Growth,Listed Equity,Reliance Worldwide Corp Ltd,AU000000RWC7,ISIN,Australia,,,RWC.AX
Balanced Growth,Listed Equity,Renault SA,FR0000131906,ISIN,France,,,RNO.PA
Balanced Growth,Listed Equity,Renesas Electronics Corp,JP3164720009,ISIN,Japan,,,6723.T
Balanced Growth,Listed Equity,Rentokil Initial PLC,GB00B082RF11,ISIN,United Kingdom,,,RTO.L
Balanced Growth,Listed Equity,Repsol SA,ES0173516115,ISIN,Spain,,,REP.MC
Balanced Growth,Listed Equity,Republic Services Inc,US7607591002,ISIN,United States,,,RSG
Balanced Growth,Listed Equity,ResMed Inc,US7611521078,ISIN,United States,,,RMD
Balanced Growth,Listed Equity,Resolute Mining Ltd,US7607591002,ISIN,United States,,,RSG
Balanced Growth,Listed Equity,Resona Holdings Inc,JP3500610005,ISIN,Japan,,,8308.T
Balanced Growth,Listed Equity,Resonac Holdings Corp,JP3368000000,ISIN,Japan,,,4004.T
Balanced Growth,Listed Equity,Restaurant Brands International Inc,CA76131D1033,ISIN,United States,,,QSR
Balanced Growth,Listed Equity,Revelyst Inc,US6900451096,ISIN,US,,,
Balanced Growth,Listed Equity,Revvity Inc,US7140461093,ISIN,United States,,,RVTY
Balanced Growth,Listed Equity,Rexel SA,FR0010451203,ISIN,France,,,RXL.PA
Balanced Growth,Listed Equity,Rheinmetall AG,DE0007030009,ISIN,Germany,,,RHM.DE
Balanced Growth,Listed Equity,Ricoh Co Ltd,JP3973400009,ISIN,Japan,,,7752.T
Balanced Growth,Listed Equity,Ridley Corp Ltd,AU000000RIC6,ISIN,AU,,,
Balanced Growth,Listed Equity,Rightmove PLC,GB00BGDT3G23,ISIN,United Kingdom,,,RMV.L
Balanced Growth,Listed Equity,Rio Tinto Ltd,AU000000RIO1,ISIN,Australia,,,RIO.AX
Balanced Growth,Listed Equity,Rio Tinto PLC,AU000000RIO1,ISIN,Australia,,,RIO.AX
Balanced Growth,Listed Equity,Rivian Automotive Inc,US76954A1034,ISIN,United States,,,RIVN
Balanced Growth,Listed Equity,Robinhood Markets Inc,US7707001027,ISIN,United States,,,HOOD
Balanced Growth,Listed Equity,Roche Holding AG,CH0012032113,ISIN,Switzerland,,,RO.SW
Balanced Growth,Listed Equity,Roche Holding AG,CH0012032048,ISIN,Switzerland,,,ROG.SW
Balanced Growth,Listed Equity,Rockwell Automation Inc,US7739031091,ISIN,United States,,,ROK
Balanced Growth,Listed Equity,Rogers Communications Inc,CA7751092007,ISIN,Canada,,,RCI-B.TO
Balanced Growth,Listed Equity,Roku Inc,US77543R1023,ISIN,United States,,,ROKU
Balanced Growth,Listed Equity,Rollins Inc,US7757111049,ISIN,United States,,,ROL
Balanced Growth,Listed Equity,Rolls-Royce Holdings PLC,GB00B63H8491,ISIN,United Kingdom,,,RR.L
Balanced Growth,Listed Equity,Roper Technologies Inc,US7766961061,ISIN,United States,,,ROP
Balanced Growth,Listed Equity,Ross Stores Inc,US7782961038,ISIN,United States,,,ROST
Balanced Growth,Listed Equity,Royal Bank of Canada,CA7800871021,ISIN,Canada,,,RY.TO
Balanced Growth,Listed Equity,Royal Caribbean Cruises Ltd,LR0008862868,ISIN,United States,,,RCL
Balanced Growth,Listed Equity,Royalty Pharma PLC,GB00BMVP7Y09,ISIN,United States,,,RPRX
Balanced Growth,Listed Equity,Ryan Specialty Holdings Inc,US78351F1075,ISIN,United States,,,RYAN
Balanced Growth,Listed Equity,Ryanair Holdings PLC,US7835132033,ISIN,United States,,,RYAAY
Balanced Growth,Listed Equity,S&P Global Inc,US78409V1044,ISIN,United States,,,SPGI
Balanced Growth,Listed Equity,SAP SE,DE0007164600,ISIN,Germany,,,SAP.DE
Balanced Growth,Listed Equity,SBI Holdings Inc,JP3436120004,ISIN,Japan,,,8473.T
Balanced Growth,Listed Equity,SCREEN Holdings Co Ltd,JP3494600004,ISIN,Japan,,,7735.T
Balanced Growth,Listed Equity,SCSK Corp,JP3400400002,ISIN,Japan,,,9719.T
Balanced Growth,Listed Equity,SEB SA,FR0000121709,ISIN,France,,,SK.PA
Balanced Growth,Listed Equity,SEEK Ltd,AU000000SEK6,ISIN,Australia,,,SEK.AX
Balanced Growth,Listed Equity,SEI Investments Co,US7841171033,ISIN,United States,,,SEIC
Balanced Growth,Listed Equity,SG Holdings Co Ltd,JP3162770006,ISIN,Japan,,,9143.T
Balanced Growth,Listed Equity,SGH Ltd,AU0000364754,ISIN,Australia,,,SGH.AX
Balanced Growth,Listed Equity,SGS SA,CH1256740924,ISIN,Switzerland,,,SGSN.SW
Balanced Growth,Listed Equity,SIG Group AG,CH0435377954,ISIN,Switzerland,,,SIGN.SW
Balanced Growth,Listed Equity,SITC International Holdings Co Ltd,KYG8187G1055,ISIN,Hong Kong,,,1308.HK
Balanced Growth,Listed Equity,SK Hynix Inc,KR7000660001,ISIN,South Korea,,,000660.KS
Balanced Growth,Listed Equity,SKF AB,SE0000108227,ISIN,Sweden,,,SKF-B.ST
Balanced Growth,Listed Equity,SKYCITY Entertainment Group Ltd,NZSKCE0001S2,ISIN,New Zealand,,,SKC.NZ
Balanced Growth,Listed Equity,SM Investments Corp,PHY806761029,ISIN,PH,,,
Balanced Growth,Listed Equity,SMC Corp,JP3162600005,ISIN,Japan,,,6273.T
Balanced Growth,Listed Equity,SS&C Technologies Holdings Inc,US78467J1007,ISIN,United States,,,SSNC
Balanced Growth,Listed Equity,SSE PLC,GB0007908733,ISIN,United Kingdom,,,SSE.L
Balanced Growth,Listed Equity,STERIS PLC,IE00BFY8C754,ISIN,United States,,,STE
Balanced Growth,Listed Equity,STMicroelectronics NV,NL0000226223,ISIN,France,,,STMPA.PA
Balanced Growth,Listed Equity,Saab AB,SE0021921269,ISIN,Sweden,,,SAAB-B.ST
Balanced Growth,Listed Equity,Safran SA,FR0000073272,ISIN,France,,,SAF.PA
Balanced Growth,Listed Equity,Sagax AB,SE0005127818,ISIN,SE,,,
Balanced Growth,Listed Equity,Sage Group PLC/The,GB00B8C3BL03,ISIN,United Kingdom,,,SGE.L
Balanced Growth,Listed Equity,Saipem SpA,IT0005495657,ISIN,Italy,,,SPM.MI
Balanced Growth,Listed Equity,Salesforce Inc,US79466L3024,ISIN,United States,,,CRM
Balanced Growth,Listed Equity,Salmar ASA,NO0010310956,ISIN,Norway,,,SALM.OL
Balanced Growth,Listed Equity,Salt Lake Potash Ltd,AU000000SO44,ISIN,AU,,,
Balanced Growth,Listed Equity,Sampo Oyj,FI4000552500,ISIN,Finland,,,SAMPO.HE
Balanced Growth,Listed Equity,Samsara Inc,US79589L1061,ISIN,United States,,,IOT
Balanced Growth,Listed Equity,Samsung Electronics Co Ltd,KR7005930003,ISIN,South Korea,,,005930.KS
Balanced Growth,Listed Equity,Samsung Electronics Co Ltd,KR7005931001,ISIN,South Korea,,,005935.KS
Balanced Growth,Listed Equity,Samsung SDI Co Ltd,KR7006400006,ISIN,South Korea,,,006400.KS
Balanced Growth,Listed Equity,Sandfire Resources Ltd,AU000000SFR8,ISIN,Australia,,,SFR.AX
Balanced Growth,Listed Equity,Sandoz Group AG,CH1243598427,ISIN,Switzerland,,,SDZ.SW
Balanced Growth,Listed Equity,Sands China Ltd,KYG7800X1079,ISIN,Hong Kong,,,1928.HK
Balanced Growth,Listed Equity,Sandvik AB,SE0000667891,ISIN,Sweden,,,SAND.ST
Balanced Growth,Listed Equity,Sanofi SA,ES0113900J37,ISIN,Spain,,,SAN.MC
Balanced Growth,Listed Equity,Santos Ltd,AU000000STO6,ISIN,Australia,,,STO.AX
Balanced Growth,Listed Equity,Sanwa Holdings Corp,JP3344400001,ISIN,Japan,,,5929.T
Balanced Growth,Listed Equity,Saputo Inc,DE0007164600,ISIN,Germany,,,SAP.DE
Balanced Growth,Listed Equity,Sartorius AG,DE0007165631,ISIN,Germany,,,SRT3.DE
Balanced Growth,Listed Equity,Sartorius Stedim Biotech,FR0013154002,ISIN,France,,,DIM.PA
Balanced Growth,Listed Equity,Sayona Mining Ltd,AU000000SYA5,ISIN,Australia,,,SYA.AX
Balanced Growth,Listed Equity,Schindler Holding AG,CH0024638212,ISIN,Switzerland,,,SCHN.SW
Balanced Growth,Listed Equity,Schindler Holding AG,CH0024638196,ISIN,Switzerland,,,SCHP.SW
Balanced Growth,Listed Equity,Schlumberger NV,AN8068571086,ISIN,United States,,,SLB
Balanced Growth,Listed Equity,Schneider Electric SE,FR0000121972,ISIN,France,,,SU.PA
Balanced Growth,Listed Equity,Schroders PLC,GB00BP9LHF23,ISIN,United Kingdom,,,SDR.L
Balanced Growth,Listed Equity,Scout24 SE,DE000A12DM80,ISIN,Germany,,,G24.DE
Balanced Growth,Listed Equity,Sea Ltd,US81141R1005,ISIN,United States,,,SE
Balanced Growth,Listed Equity,Seagate Technology Holdings PLC,IE00BKVD2N49,ISIN,United States,,,STX
Balanced Growth,Listed Equity,Secom Co Ltd,JP3421800008,ISIN,Japan,,,9735.T
Balanced Growth,Listed Equity,Securitas AB,SE0000163594,ISIN,Sweden,,,SECU-B.ST
Balanced Growth,Listed Equity,Seiko Epson Corp,JP3414750004,ISIN,Japan,,,6724.T
Balanced Growth,Listed Equity,Sekisui Chemical Co Ltd,JP3419400001,ISIN,Japan,,,4204.T
Balanced Growth,Listed Equity,Sekisui House Ltd,KYG7800X1079,ISIN,Hong Kong,,,1928.HK
Balanced Growth,Listed Equity,Select Harvests Ltd,AU000000SHV6,ISIN,AU,,,
Balanced Growth,Listed Equity,Sembcorp Industries Ltd,SG1R50925390,ISIN,Singapore,,,U96.SI
Balanced Growth,Listed Equity,Sempra,US8168511090,ISIN,United States,,,SRE
Balanced Growth,Listed Equity,Service Stream Ltd,AU000000SSM2,ISIN,Australia,,,SSM.AX
Balanced Growth,Listed Equity,ServiceNow Inc,US81762P1021,ISIN,United States,,,NOW
Balanced Growth,Listed Equity,Seven & i Holdings Co Ltd,JP3422950000,ISIN,Japan,,,3382.T
Balanced Growth,Listed Equity,Severn Trent PLC,GB00B1FH8J72,ISIN,United Kingdom,,,SVT.L
Balanced Growth,Listed Equity,Shaver Shop Group Ltd,AU000000SSG4,ISIN,Australia,,,SSG.AX
Balanced Growth,Listed Equity,Shell PLC,GB00BP6MXD84,ISIN,United Kingdom,,,SHEL.L
Balanced Growth,Listed Equity,Shell PLC,GB00BP6MXD84,ISIN,United Kingdom,,,SHEL.L
Balanced Growth,Listed Equity,Sherwin-Williams Co/The,US8243481061,ISIN,United States,,,SHW
Balanced Growth,Listed Equity,Shimadzu Corp,JP3357200009,ISIN,Japan,,,7701.T
Balanced Growth,Listed Equity,Shimano Inc,JP3358000002,ISIN,Japan,,,7309.T
Balanced Growth,Listed Equity,Shin-Etsu Chemical Co Ltd,JP3371200001,ISIN,Japan,,,4063.T
Balanced Growth,Listed Equity,Shionogi & Co Ltd,JP3347200002,ISIN,Japan,,,4507.T
Balanced Growth,Listed Equity,Shiseido Co Ltd,JP3351600006,ISIN,Japan,,,4911.T
Balanced Growth,Listed Equity,Shizuoka Financial Group Inc,JP3351500008,ISIN,Japan,,,5831.T
Balanced Growth,Listed Equity,Shopify Inc,CA82509L1076,ISIN,United States,,,SHOP
Balanced Growth,Listed Equity,Siemens AG,DE0007236101,ISIN,Germany,,,SIE.DE
Balanced Growth,Listed Equity,Siemens Energy AG,DE000ENER6Y0,ISIN,Germany,,,ENR.DE
Balanced Growth,Listed Equity,Siemens Healthineers AG,DE000SHL1006,ISIN,Germany,,,SHL.DE
Balanced Growth,Listed Equity,Sigma Healthcare Ltd,AU000000SIG5,ISIN,Australia,,,SIG.AX
Balanced Growth,Listed Equity,Sika AG,CH0418792922,ISIN,Switzerland,,,SIKA.SW
Balanced Growth,Listed Equity,Silex Systems Ltd,AU000000SLX4,ISIN,Australia,,,SLX.AX
Balanced Growth,Listed Equity,Sims Ltd,AU000000SGM7,ISIN,Australia,,,SGM.AX
Balanced Growth,Listed Equity,Singapore Airlines Ltd,SG1V61937297,ISIN,Singapore,,,C6L.SI
Balanced Growth,Listed Equity,Singapore Exchange Ltd,SG1J26887955,ISIN,Singapore,,,S68.SI
Balanced Growth,Listed Equity,Singapore Technologies Engineering Ltd,IE00BFY8C754,ISIN,United States,,,STE
Balanced Growth,Listed Equity,Singapore Telecommunications Ltd,SG1T75931496,ISIN,Singapore,,,Z74.SI
Balanced Growth,Listed Equity,Sino Land Co Ltd,HK0083000502,ISIN,Hong Kong,,,0083.HK
Balanced Growth,Listed Equity,SiteMinder Ltd,GB00BP9LHF23,ISIN,United Kingdom,,,SDR.L
Balanced Growth,Listed Equity,Skandinaviska Enskilda Banken AB,SE0000148884,ISIN,Sweden,,,SEB-A.ST
Balanced Growth,Listed Equity,Skanska AB,SE0000113250,ISIN,Sweden,,,SKA-B.ST
Balanced Growth,Listed Equity,Skyworks Solutions Inc,US83088M1027,ISIN,United States,,,SWKS
Balanced Growth,Listed Equity,SmartGroup Corp Ltd,AU000000SIQ4,ISIN,Australia,,,SIQ.AX
Balanced Growth,Listed Equity,Smith & Nephew PLC,GB0009223206,ISIN,United Kingdom,,,SN.L
Balanced Growth,Listed Equity,Smiths Group PLC,GB00B1WY2338,ISIN,United Kingdom,,,SMIN.L
Balanced Growth,Listed Equity,Smurfit WestRock PLC,IE00028FXN24,ISIN,United States,,,SW
Balanced Growth,Listed Equity,Smurfit WestRock PLC,IE00028FXN24,ISIN,United States,,,SW
Balanced Growth,Listed Equity,Snam SpA,IT0003153415,ISIN,Italy,,,SRG.MI
Balanced Growth,Listed Equity,Snap Inc,US83304A1060,ISIN,United States,,,SNAP
Balanced Growth,Listed Equity,Snap-on Inc,US8330341012,ISIN,United States,,,SNA
Balanced Growth,Listed Equity,Snowflake Inc,US8334451098,ISIN,United States,,,SNOW
Balanced Growth,Listed Equity,Societe Generale SA,FR0000130809,ISIN,France,,,GLE.PA
Balanced Growth,Listed Equity,Sodexo SA,IE00028FXN24,ISIN,United States,,,SW
Balanced Growth,Listed Equity,Sofina SA,BE0003717312,ISIN,Belgium,,,SOF.BR
Balanced Growth,Listed Equity,SoftBank Corp,JP3732000009,ISIN,Japan,,,9434.T
Balanced Growth,Listed Equity,SoftBank Group Corp,JP3436100006,ISIN,Japan,,,9984.T
Balanced Growth,Listed Equity,Solvar Ltd,AU0000258782,ISIN,Australia,,,SVR.AX
Balanced Growth,Listed Equity,Solventum Corp,US83444M1018,ISIN,United States,,,SOLV
Balanced Growth,Listed Equity,Sompo Holdings Inc,JP3165000005,ISIN,Japan,,,8630.T
Balanced Growth,Listed Equity,Sonic Healthcare Ltd,DE000SHL1006,ISIN,Germany,,,SHL.DE
Balanced Growth,Listed Equity,Sonova Holding AG,CH0012549785,ISIN,Switzerland,,,SOON.SW
Balanced Growth,Listed Equity,Sony Group Corp,JP3435000009,ISIN,Japan,,,6758.T
Balanced Growth,Listed Equity,South32 Ltd,AU000000S320,ISIN,Australia,,,S32.AX
Balanced Growth,Listed Equity,Southern Co/The,US8425871071,ISIN,United States,,,SO
Balanced Growth,Listed Equity,Southwest Airlines Co,US8447411088,ISIN,United States,,,LUV
Balanced Growth,Listed Equity,Spark New Zealand Ltd,NZTELE0001S4,ISIN,New Zealand,,,SPK.NZ
Balanced Growth,Listed Equity,Spartan Resources Ltd/Australia,AU0000294233,ISIN,AU,,,
Balanced Growth,Listed Equity,Spirax Group PLC,GB00BWFGQN14,ISIN,United Kingdom,,,SPX.L
Balanced Growth,Listed Equity,Spotify Technology SA,LU1778762911,ISIN,United States,,,SPOT
Balanced Growth,Listed Equity,Standard Chartered PLC,GB0004082847,ISIN,United Kingdom,,,STAN.L
Balanced Growth,Listed Equity,Stanley Black & Decker Inc,US8545021011,ISIN,United States,,,SWK
Balanced Growth,Listed Equity,Stanmore Resources Ltd,AU000000SMR4,ISIN,Australia,,,SMR.AX
Balanced Growth,Listed Equity,Stantec Inc,CA85472N1096,ISIN,Canada,,,STN.TO
Balanced Growth,Listed Equity,Star Entertainment Grp Ltd/The,AU000000SGR6,ISIN,Australia,,,SGR.AX
Balanced Growth,Listed Equity,Starbucks Corp,US8552441094,ISIN,United States,,,SBUX
Balanced Growth,Listed Equity,State Street Corp,US8574771031,ISIN,United States,,,STT
Balanced Growth,Listed Equity,Steadfast Group Ltd,AU000000SDF8,ISIN,Australia,,,SDF.AX
Balanced Growth,Listed Equity,Steel Dynamics Inc,US8581191009,ISIN,United States,,,STLD
Balanced Growth,Listed Equity,Stellantis NV,NL00150001Q9,ISIN,Italy,,,STLAM.MI
Balanced Growth,Listed Equity,Stifel Financial Corp,US8606301021,ISIN,United States,,,SF
Balanced Growth,Listed Equity,Stora Enso Oyj,FI0009005961,ISIN,Finland,,,STERV.HE
Balanced Growth,Listed Equity,Straumann Holding AG,CH1175448666,ISIN,Switzerland,,,STMN.SW
Balanced Growth,Listed Equity,Stride Inc,US86333M1080,ISIN,United States,,,LRN
Balanced Growth,Listed Equity,Stryker Corp,US8636671013,ISIN,United States,,,SYK
Balanced Growth,Listed Equity,Subaru Corp,JP3814800003,ISIN,Japan,,,7270.T
Balanced Growth,Listed Equity,Sumber Alfaria Trijaya Tbk PT,ID1000128705,ISIN,Indonesia,,,AMRT.JK
Balanced Growth,Listed Equity,Sumitomo Corp,JP3404600003,ISIN,Japan,,,8053.T
Balanced Growth,Listed Equity,Sumitomo Electric Industries Ltd,JP3407400005,ISIN,Japan,,,5802.T
Balanced Growth,Listed Equity,Sumitomo Forestry Co Ltd,JP3409800004,ISIN,Japan,,,1911.T
Balanced Growth,Listed Equity,Sumitomo Metal Mining Co Ltd,JP3402600005,ISIN,Japan,,,5713.T
Balanced Growth,Listed Equity,Sumitomo Mitsui Financial Group Inc,JP3890350006,ISIN,Japan,,,8316.T
Balanced Growth,Listed Equity,Sumitomo Mitsui Trust Group Inc,JP3892100003,ISIN,Japan,,,8309.T
Balanced Growth,Listed Equity,Sumitomo Realty & Development Co Ltd,JP3409000001,ISIN,Japan,,,8830.T
Balanced Growth,Listed Equity,Sun Hung Kai Properties Ltd,HK0016000132,ISIN,Hong Kong,,,0016.HK
Balanced Growth,Listed Equity,Sun Life Financial Inc,CA8667961053,ISIN,Canada,,,SLF.TO
Balanced Growth,Listed Equity,Suncor Energy Inc,FR0000121972,ISIN,France,,,SU.PA
Balanced Growth,Listed Equity,Suncorp Group Ltd,AU000000SUN6,ISIN,Australia,,,SUN.AX
Balanced Growth,Listed Equity,Suntory Beverage & Food Ltd,JP3336560002,ISIN,Japan,,,2587.T
Balanced Growth,Listed Equity,Super Micro Computer Inc,US86800U3023,ISIN,United States,,,SMCI
Balanced Growth,Listed Equity,Super Retail Group Ltd,AU000000SUL0,ISIN,Australia,,,SUL.AX
Balanced Growth,Listed Equity,Superloop Ltd,AU000000SLC8,ISIN,Australia,,,SLC.AX
Balanced Growth,Listed Equity,Suzuki Motor Corp,JP3397200001,ISIN,Japan,,,7269.T
Balanced Growth,Listed Equity,Svenska Cellulosa AB SCA,SE0000112724,ISIN,Sweden,,,SCA-B.ST
Balanced Growth,Listed Equity,Svenska Handelsbanken AB,SE0007100599,ISIN,Sweden,,,SHB-A.ST
Balanced Growth,Listed Equity,Swatch Group AG/The,CH0012255151,ISIN,Switzerland,,,UHR.SW
Balanced Growth,Listed Equity,Swedbank AB,SE0000242455,ISIN,Sweden,,,SWED-A.ST
Balanced Growth,Listed Equity,Swedish Orphan Biovitrum AB,SE0000872095,ISIN,Sweden,,,SOBI.ST
Balanced Growth,Listed Equity,Swire Pacific Ltd,HK0019000162,ISIN,Hong Kong,,,0019.HK
Balanced Growth,Listed Equity,Swiss Life Holding AG,CH0014852781,ISIN,Switzerland,,,SLHN.SW
Balanced Growth,Listed Equity,Swiss Prime Site AG,CH0008038389,ISIN,Switzerland,,,SPSN.SW
Balanced Growth,Listed Equity,Swiss Re AG,CH0126881561,ISIN,Switzerland,,,SREN.SW
Balanced Growth,Listed Equity,Swisscom AG,CH0008742519,ISIN,Switzerland,,,SCMN.SW
Balanced Growth,Listed Equity,Swissquote Group Holding SA,CH0010675863,ISIN,Switzerland,,,SQN.SW
Balanced Growth,Listed Equity,Syensqo SA,BE0974464977,ISIN,Belgium,,,SYENS.BR
Balanced Growth,Listed Equity,Symal Group Ltd,AU0000361883,ISIN,Australia,,,SYL.AX
Balanced Growth,Listed Equity,Symbotic Inc,US87151X1019,ISIN,United States,,,SYM
Balanced Growth,Listed Equity,Symrise AG,DE000SYM9999,ISIN,Germany,,,SY1.DE
Balanced Growth,Listed Equity,Synchrony Financial,US87165B1035,ISIN,United States,,,SYF
Balanced Growth,Listed Equity,Synopsys Inc,US8716071076,ISIN,United States,,,SNPS
Balanced Growth,Listed Equity,Syrah Resources Ltd,AU000000SYR9,ISIN,Australia,,,SYR.AX
Balanced Growth,Listed Equity,Sysco Corp,US8718291078,ISIN,United States,,,SYY
Balanced Growth,Listed Equity,Sysmex Corp,JP3351100007,ISIN,Japan,,,6869.T
Balanced Growth,Listed Equity,T Rowe Price Group Inc,US74144T1088,ISIN,United States,,,TROW
Balanced Growth,Listed Equity,T&D Holdings Inc,JP3539220008,ISIN,Japan,,,8795.T
Balanced Growth,Listed Equity,T-Mobile US Inc,US8725901040,ISIN,United States,,,TMUS
Balanced Growth,Listed Equity,TAG Immobilien AG,DE0008303504,ISIN,Germany,,,TEG.DE
Balanced Growth,Listed Equity,TC Energy Corp,CA87807B1076,ISIN,Canada,,,TRP.TO
Balanced Growth,Listed Equity,TD SYNNEX Corp,US87162W1009,ISIN,United States,,,SNX
Balanced Growth,Listed Equity,TDK Corp,JP3538800008,ISIN,Japan,,,6762.T
Balanced Growth,Listed Equity,TE Connectivity PLC,IE000IVNQZ81,ISIN,United States,,,TEL
Balanced Growth,Listed Equity,TELUS Corp,CA87971M9969,ISIN,CA,,,
Balanced Growth,Listed Equity,TFI International Inc,CA87241L1094,ISIN,Canada,,,TFII.TO
Balanced Growth,Listed Equity,TIS Inc,JP3104890003,ISIN,Japan,,,3626.T
Balanced Growth,Listed Equity,TJX Cos Inc/The,US8725401090,ISIN,United States,,,TJX
Balanced Growth,Listed Equity,TMX Group Ltd,CA87262K1057,ISIN,Canada,,,X.TO
Balanced Growth,Listed Equity,TOPPAN Holdings Inc,JP3629000005,ISIN,Japan,,,7911.T
Balanced Growth,Listed Equity,TOTO Ltd,JP3596200000,ISIN,Japan,,,5332.T
Balanced Growth,Listed Equity,TPG Telecom Ltd,AU0000090128,ISIN,Australia,,,TPG.AX
Balanced Growth,Listed Equity,Tabcorp Holdings Ltd,AU000000TAH8,ISIN,Australia,,,TAH.AX
Balanced Growth,Listed Equity,Taisei Corp,JP3443600006,ISIN,Japan,,,1801.T
Balanced Growth,Listed Equity,Taiwan Semiconductor Manufacturing Co Lt,TW0002330008,ISIN,Taiwan,,,2330.TW
Balanced Growth,Listed Equity,Taiwan Semiconductor Manufacturing Co Ltd,US8740391003,ISIN,United States,,,TSM
Balanced Growth,Listed Equity,Take-Two Interactive Software Inc,US8740541094,ISIN,United States,,,TTWO
Balanced Growth,Listed Equity,Takeda Pharmaceutical Co Ltd,JP3463000004,ISIN,Japan,,,4502.T
Balanced Growth,Listed Equity,Talanx AG,DE000TLX1005,ISIN,Germany,,,TLX.DE
Balanced Growth,Listed Equity,Targa Resources Corp,US87612G1013,ISIN,United States,,,TRGP
Balanced Growth,Listed Equity,Target Corp,US87612E1064,ISIN,United States,,,TGT
Balanced Growth,Listed Equity,Tata Consultancy Services Ltd,INE467B01029,ISIN,India,,,TCS.NS
Balanced Growth,Listed Equity,Taylor Morrison Home Corp,US87724P1066,ISIN,United States,,,TMHC
Balanced Growth,Listed Equity,Taylor Wimpey PLC,GB0008782301,ISIN,United Kingdom,,,TW.L
Balanced Growth,Listed Equity,TechnipFMC PLC,GB00BDSFG982,ISIN,United States,,,FTI
Balanced Growth,Listed Equity,Technology One Ltd,AU000000TNE8,ISIN,Australia,,,TNE.AX
Balanced Growth,Listed Equity,Techtronic Industries Co Ltd,HK0669013440,ISIN,Hong Kong,,,0669.HK
Balanced Growth,Listed Equity,Teck Resources Ltd,CA8787422044,ISIN,Canada,,,TECK-B.TO
Balanced Growth,Listed Equity,Tele2 AB,SE0005190238,ISIN,Sweden,,,TEL2-B.ST
Balanced Growth,Listed Equity,Telecom Italia SpA/Milano,IT0003497168,ISIN,Italy,,,TIT.MI
Balanced Growth,Listed Equity,Teledyne Technologies Inc,US8793601050,ISIN,United States,,,TDY
Balanced Growth,Listed Equity,Teleflex Inc,US8793691069,ISIN,United States,,,TFX
Balanced Growth,Listed Equity,Telefonaktiebolaget LM Ericsson,SE0000108656,ISIN,Sweden,,,ERIC-B.ST
Balanced Growth,Listed Equity,Telefonica SA,ES0178430E18,ISIN,Spain,,,TEF.MC
Balanced Growth,Listed Equity,Telenor ASA,IE000IVNQZ81,ISIN,United States,,,TEL
Balanced Growth,Listed Equity,Teleperformance SE,FR0000051807,ISIN,France,,,TEP.PA
Balanced Growth,Listed Equity,Telia Co AB,SE0000667925,ISIN,Sweden,,,TELIA.ST
Balanced Growth,Listed Equity,Telix Pharmaceuticals Ltd,DE000TLX1005,ISIN,Germany,,,TLX.DE
Balanced Growth,Listed Equity,Telkom Indonesia Persero Tbk PT,ID1000129000,ISIN,Indonesia,,,TLKM.JK
Balanced Growth,Listed Equity,Telstra Group Ltd,AU000000TLS2,ISIN,Australia,,,TLS.AX
Balanced Growth,Listed Equity,Temenos AG,CH0012453913,ISIN,Switzerland,,,TEMN.SW
Balanced Growth,Listed Equity,Temple & Webster Group Ltd,AU000000TPW5,ISIN,Australia,,,TPW.AX
Balanced Growth,Listed Equity,Tenable Holdings Inc,US88025T1025,ISIN,United States,,,TENB
Balanced Growth,Listed Equity,Tenaris SA,LU2598331598,ISIN,Italy,,,TEN.MI
Balanced Growth,Listed Equity,Tencent Holdings Ltd,KYG875721634,ISIN,Hong Kong,,,0700.HK
Balanced Growth,Listed Equity,Teradyne Inc,US8807701029,ISIN,United States,,,TER
Balanced Growth,Listed Equity,Terna - Rete Elettrica Nazionale,IT0003242622,ISIN,Italy,,,TRN.MI
Balanced Growth,Listed Equity,Terumo Corp,JP3546800008,ISIN,Japan,,,4543.T
Balanced Growth,Listed Equity,Tesco PLC,GB00BLGZ9862,ISIN,United Kingdom,,,TSCO.L
Balanced Growth,Listed Equity,Tesla Inc,US88160R1014,ISIN,United States,,,TSLA
Balanced Growth,Listed Equity,Teva Pharmaceutical Industries Ltd,US8816242098,ISIN,United States,,,TEVA
Balanced Growth,Listed Equity,Texas Instruments Inc,US8825081040,ISIN,United States,,,TXN
Balanced Growth,Listed Equity,Texas Pacific Land Corp,US88262P1021,ISIN,United States,,,TPL
Balanced Growth,Listed Equity,Textron Inc,US8832031012,ISIN,United States,,,TXT
Balanced Growth,Listed Equity,Thales SA,FR0000121329,ISIN,France,,,HO.PA
Balanced Growth,Listed Equity,The Campbell's Company,US1344291091,ISIN,United States,,,CPB
Balanced Growth,Listed Equity,Thermo Fisher Scientific Inc,US8835561023,ISIN,United States,,,TMO
Balanced Growth,Listed Equity,Thomson Reuters Corp,CA8849038085,ISIN,Canada,,,TRI.TO
Balanced Growth,Listed Equity,Titan Co Ltd,INE280A01028,ISIN,India,,,TITAN.BO
Balanced Growth,Listed Equity,Toast Inc,US8887871080,ISIN,United States,,,TOST
Balanced Growth,Listed Equity,Toho Co Ltd/Tokyo,JP3598600009,ISIN,Japan,,,9602.T
Balanced Growth,Listed Equity,Tokio Marine Holdings Inc,JP3910660004,ISIN,Japan,,,8766.T
Balanced Growth,Listed Equity,Tokyo Electric Power Co Holdings Inc,JP3585800000,ISIN,Japan,,,9501.T
Balanced Growth,Listed Equity,Tokyo Electron Ltd,JP3571400005,ISIN,Japan,,,8035.T
Balanced Growth,Listed Equity,Tokyo Gas Co Ltd,JP3573000001,ISIN,Japan,,,9531.T
Balanced Growth,Listed Equity,Tokyo Seimitsu Co Ltd,JP3580200008,ISIN,Japan,,,7729.T
Balanced Growth,Listed Equity,Tokyu Corp,JP3574200006,ISIN,Japan,,,9005.T
Balanced Growth,Listed Equity,Toll Brothers Inc,US8894781033,ISIN,United States,,,TOL
Balanced Growth,Listed Equity,Top Glove Corp Bhd,MYL7113OO003,ISIN,Malaysia,,,7113.KL
Balanced Growth,Listed Equity,Toray Industries Inc,JP3621000003,ISIN,Japan,,,3402.T
Balanced Growth,Listed Equity,Toro Co/The,US8910921084,ISIN,United States,,,TTC
Balanced Growth,Listed Equity,Toromont Industries Ltd,CA8911021050,ISIN,Canada,,,TIH.TO
Balanced Growth,Listed Equity,Toronto-Dominion Bank/The,CA8911605092,ISIN,United States,,,TD
Balanced Growth,Listed Equity,TotalEnergies SE,FR0000120271,ISIN,France,,,TTE.PA
Balanced Growth,Listed Equity,Tourmaline Oil Corp,CA89156V1067,ISIN,Canada,,,TOU.TO
Balanced Growth,Listed Equity,Toyota Industries Corp,JP3634600005,ISIN,JP,,,
Balanced Growth,Listed Equity,Toyota Motor Corp,JP3633400001,ISIN,Japan,,,7203.T
Balanced Growth,Listed Equity,Toyota Tsusho Corp,JP3635000007,ISIN,Japan,,,8015.T
Balanced Growth,Listed Equity,Tractor Supply Co,GB00BLGZ9862,ISIN,United Kingdom,,,TSCO.L
Balanced Growth,Listed Equity,Trade Desk Inc/The,US88339J1051,ISIN,United States,,,TTD
Balanced Growth,Listed Equity,Tradeweb Markets Inc,US8926721064,ISIN,United States,,,TW
Balanced Growth,Listed Equity,Trane Technologies PLC,IE00BK9ZQ967,ISIN,United States,,,TT
Balanced Growth,Listed Equity,TransDigm Group Inc,US8936411003,ISIN,United States,,,TDG
Balanced Growth,Listed Equity,TransMedics Group Inc,US89377M1099,ISIN,United States,,,TMDX
Balanced Growth,Listed Equity,TransUnion,US89400J1079,ISIN,United States,,,TRU
Balanced Growth,Listed Equity,Travelers Cos Inc/The,US89417E1091,ISIN,United States,,,TRV
Balanced Growth,Listed Equity,Treasury Wine Estates Ltd,AU000000TWE9,ISIN,Australia,,,TWE.AX
Balanced Growth,Listed Equity,Trelleborg AB,SE0000114837,ISIN,Sweden,,,TREL-B.ST
Balanced Growth,Listed Equity,Trend Micro Inc/Japan,JP3637300009,ISIN,Japan,,,4704.T
Balanced Growth,Listed Equity,Trimble Inc,US8962391004,ISIN,United States,,,TRMB
Balanced Growth,Listed Equity,Trip.com Group Ltd,US89677Q1076,ISIN,US,,,
Balanced Growth,Listed Equity,Truist Financial Corp,US89832Q1094,ISIN,United States,,,TFC
Balanced Growth,Listed Equity,Tryg A/S,DK0060636678,ISIN,Denmark,,,TRYG.CO
Balanced Growth,Listed Equity,Tuas Ltd,AU0000089724,ISIN,Australia,,,TUA.AX
Balanced Growth,Listed Equity,Twilio Inc,US90138F1021,ISIN,United States,,,TWLO
Balanced Growth,Listed Equity,Tyler Technologies Inc,US9022521051,ISIN,United States,,,TYL
Balanced Growth,Listed Equity,Tyro Payments Ltd,AU0000066508,ISIN,Australia,,,TYR.AX
Balanced Growth,Listed Equity,Tyson Foods Inc,US9024941034,ISIN,United States,,,TSN
Balanced Growth,Listed Equity,U-Haul Holding Co,US0235865062,ISIN,United States,,,UHAL-B
Balanced Growth,Listed Equity,UBS Group AG,CH0244767585,ISIN,Switzerland,,,UBSG.SW
Balanced Growth,Listed Equity,UCB SA,BE0003739530,ISIN,Belgium,,,UCB.BR
Balanced Growth,Listed Equity,UPM-Kymmene Oyj,FI0009005987,ISIN,Finland,,,UPM.HE
Balanced Growth,Listed Equity,US Bancorp,US9029733048,ISIN,United States,,,USB
Balanced Growth,Listed Equity,Uber Technologies Inc,US90353T1007,ISIN,United States,,,UBER
Balanced Growth,Listed Equity,Ulta Beauty Inc,US90384S3031,ISIN,United States,,,ULTA
Balanced Growth,Listed Equity,UniCredit SpA,IT0005239360,ISIN,Italy,,,UCG.MI
Balanced Growth,Listed Equity,Unibail-Rodamco-Westfield,AU0000009771,ISIN,United States,,,UNIRF
Balanced Growth,Listed Equity,Unicharm Corp,JP3951600000,ISIN,Japan,,,8113.T
Balanced Growth,Listed Equity,Unilever PLC,US9047677045,ISIN,United States,,,UL
Balanced Growth,Listed Equity,Unilever PLC,GB00B10RZP78,ISIN,United Kingdom,,,ULVR.L
Balanced Growth,Listed Equity,Union Pacific Corp,US9078181081,ISIN,United States,,,UNP
Balanced Growth,Listed Equity,Unipol Gruppo SpA,IT0004810054,ISIN,Italy,,,UNI.MI
Balanced Growth,Listed Equity,United Overseas Bank Ltd,SG1M31001969,ISIN,Singapore,,,U11.SI
Balanced Growth,Listed Equity,United Parcel Service Inc,US9113121068,ISIN,United States,,,UPS
Balanced Growth,Listed Equity,United Rentals Inc,US9113631090,ISIN,United States,,,URI
Balanced Growth,Listed Equity,United Spirits Ltd,INE854D01024,ISIN,India,,,UNITDSPR.NS
Balanced Growth,Listed Equity,United Therapeutics Corp,US91307C1027,ISIN,United States,,,UTHR
Balanced Growth,Listed Equity,United Utilities Group PLC,GB00B39J2M42,ISIN,United Kingdom,,,UU.L
Balanced Growth,Listed Equity,UnitedHealth Group Inc,US91324P1021,ISIN,United States,,,UNH
Balanced Growth,Listed Equity,Universal Health Services Inc,US9139031002,ISIN,United States,,,UHS
Balanced Growth,Listed Equity,Universal Music Group NV,NL0015000IY2,ISIN,Netherlands,,,UMG.AS
Balanced Growth,Listed Equity,Unum Group,US91529Y1064,ISIN,United States,,,UNM
Balanced Growth,Listed Equity,VAT Group AG,CH0311864901,ISIN,Switzerland,,,VACN.SW
Balanced Growth,Listed Equity,Valero Energy Corp,US91913Y1001,ISIN,United States,,,VLO
Balanced Growth,Listed Equity,Vallourec SACA,FR0013506730,ISIN,France,,,VK.PA
Balanced Growth,Listed Equity,Vault Minerals Ltd,AU0000355588,ISIN,Australia,,,VAU.AX
Balanced Growth,Listed Equity,Veeva Systems Inc,US9224751084,ISIN,United States,,,VEEV
Balanced Growth,Listed Equity,Ventia Services Group Pty Ltd,AU0000184459,ISIN,Australia,,,VNT.AX
Balanced Growth,Listed Equity,Veolia Environnement SA,FR0000124141,ISIN,France,,,VIE.PA
Balanced Growth,Listed Equity,Veralto Corp,US92338C1036,ISIN,United States,,,VLTO
Balanced Growth,Listed Equity,Verbund AG,AT0000746409,ISIN,Austria,,,VER.VI
Balanced Growth,Listed Equity,VeriSign Inc,US92343E1029,ISIN,United States,,,VRSN
Balanced Growth,Listed Equity,Verisk Analytics Inc,US92345Y1064,ISIN,United States,,,VRSK
Balanced Growth,Listed Equity,Verizon Communications Inc,US92343V1044,ISIN,United States,,,VZ
Balanced Growth,Listed Equity,Vertex Pharmaceuticals Inc,US92532F1003,ISIN,United States,,,VRTX
Balanced Growth,Listed Equity,Vertiv Holdings Co,US92537N1081,ISIN,United States,,,VRT
Balanced Growth,Listed Equity,Vestas Wind Systems A/S,DK0061539921,ISIN,Denmark,,,VWS.CO
Balanced Growth,Listed Equity,Viatris Inc,US92556V1061,ISIN,United States,,,VTRS
Balanced Growth,Listed Equity,Vinci SA,US2566771059,ISIN,United States,,,DG
Balanced Growth,Listed Equity,Visa Inc,US92826C8394,ISIN,United States,,,V
Balanced Growth,Listed Equity,Vistra Corp,US92840M1027,ISIN,United States,,,VST
Balanced Growth,Listed Equity,Viva Energy Group Ltd,AU0000016875,ISIN,Australia,,,VEA.AX
Balanced Growth,Listed Equity,Vodafone Group PLC,GB00BH4HKS39,ISIN,United Kingdom,,,VOD.L
Balanced Growth,Listed Equity,Volkswagen AG,DE0007664039,ISIN,Germany,,,VOW3.DE
Balanced Growth,Listed Equity,Voltronic Power Technology Corp,TW0006409006,ISIN,Taiwan,,,6409.TW
Balanced Growth,Listed Equity,Volvo AB,SE0000115420,ISIN,Sweden,,,VOLV-A.ST
Balanced Growth,Listed Equity,Volvo AB,SE0000115446,ISIN,Italy,,,1VOLVB.MI
Balanced Growth,Listed Equity,Vonovia SE,DE000A1ML7J1,ISIN,Germany,,,VNA.DE
Balanced Growth,Listed Equity,Vulcan Energy Resources Ltd,AU0000066086,ISIN,AU,,,
Balanced Growth,Listed Equity,Vulcan Materials Co,US9291601097,ISIN,United States,,,VMC
Balanced Growth,Listed Equity,Vulcan Steel Ltd,AU0000181984,ISIN,Australia,,,VSL.AX
Balanced Growth,Listed Equity,W R Berkley Corp,US0844231029,ISIN,United States,,,WRB
Balanced Growth,Listed Equity,WA1 Resources Ltd,AU0000196594,ISIN,Australia,,,WA1.AX
Balanced Growth,Listed Equity,WEB Travel Group Ltd,AU000000WEB7,ISIN,Australia,,,WEB.AX
Balanced Growth,Listed Equity,WEC Energy Group Inc,US92939U1060,ISIN,United States,,,WEC
Balanced Growth,Listed Equity,WH Group Ltd,KYG960071028,ISIN,Hong Kong,,,0288.HK
Balanced Growth,Listed Equity,WPP PLC,JE00B8KF9B49,ISIN,United Kingdom,,,WPP.L
Balanced Growth,Listed Equity,WSP Global Inc,CA92938W2022,ISIN,Canada,,,WSP.TO
Balanced Growth,Listed Equity,WW Grainger Inc,US3848021040,ISIN,United States,,,GWW
Balanced Growth,Listed Equity,Wal-Mart de Mexico SAB de CV,MX01WA000038,ISIN,Mexico,,,WALMEX.MX
Balanced Growth,Listed Equity,Walgreens Boots Alliance Inc,US9314271084,ISIN,US,,,
Balanced Growth,Listed Equity,Walmart Inc,US9311421039,ISIN,United States,,,WMT
Balanced Growth,Listed Equity,Walt Disney Co/The,US2546871060,ISIN,United States,,,DIS
Balanced Growth,Listed Equity,Warner Bros Discovery Inc,US9344231041,ISIN,United States,,,WBD
Balanced Growth,Listed Equity,Wartsila OYJ Abp,FI0009003727,ISIN,Finland,,,WRT1V.HE
Balanced Growth,Listed Equity,Waste Connections Inc,CA94106B1013,ISIN,United States,,,WCN
Balanced Growth,Listed Equity,Waste Management Inc,US94106L1098,ISIN,United States,,,WM
Balanced Growth,Listed Equity,Waters Corp,US9418481035,ISIN,United States,,,WAT
Balanced Growth,Listed Equity,Watsco Inc,US9426222009,ISIN,United States,,,WSO
Balanced Growth,Listed Equity,Webjet Group Ltd,AU0000350118,ISIN,Australia,,,WJL.AX
Balanced Growth,Listed Equity,Weebit Nano Ltd,AU000000WBT5,ISIN,Australia,,,WBT.AX
Balanced Growth,Listed Equity,Wells Fargo & Co,US9497461015,ISIN,United States,,,WFC
Balanced Growth,Listed Equity,Wesfarmers Ltd,AU000000WES1,ISIN,Australia,,,WES.AX
Balanced Growth,Listed Equity,West African Resources Ltd,AU000000WAF6,ISIN,Australia,,,WAF.AX
Balanced Growth,Listed Equity,West Fraser Timber Co Ltd,CA9528451052,ISIN,Canada,,,WFG.TO
Balanced Growth,Listed Equity,West Japan Railway Co,JP3659000008,ISIN,Japan,,,9021.T
Balanced Growth,Listed Equity,West Pharmaceutical Services Inc,US9553061055,ISIN,United States,,,WST
Balanced Growth,Listed Equity,Western Digital Corp,US9581021055,ISIN,United States,,,WDC
Balanced Growth,Listed Equity,Westgold Resources Ltd,AU000000WGX6,ISIN,Australia,,,WGX.AX
Balanced Growth,Listed Equity,Westinghouse Air Brake Technologies Corp,US9297401088,ISIN,United States,,,WAB
Balanced Growth,Listed Equity,Westlake Corp,US9604131022,ISIN,United States,,,WLK
Balanced Growth,Listed Equity,Westpac Banking Corp,AU000000WBC1,ISIN,Australia,,,WBC.AX
Balanced Growth,Listed Equity,Wharf Holdings Ltd/The,HK0004000045,ISIN,Hong Kong,,,0004.HK
Balanced Growth,Listed Equity,Wharf Real Estate Investment Co Ltd,KYG9593A1040,ISIN,Hong Kong,,,1997.HK
Balanced Growth,Listed Equity,Wheaton Precious Metals Corp,CA9628791027,ISIN,Canada,,,WPM.TO
Balanced Growth,Listed Equity,Whitbread PLC,GB00B1KJJ408,ISIN,United Kingdom,,,WTB.L
Balanced Growth,Listed Equity,Williams Cos Inc/The,US9694571004,ISIN,United States,,,WMB
Balanced Growth,Listed Equity,Williams-Sonoma Inc,US9699041011,ISIN,United States,,,WSM
Balanced Growth,Listed Equity,Willis Towers Watson PLC,IE00BDB6Q211,ISIN,United States,,,WTW
Balanced Growth,Listed Equity,Wilmar International Ltd,SG1T56930848,ISIN,Singapore,,,F34.SI
Balanced Growth,Listed Equity,Wise PLC,GB00BL9YR756,ISIN,United Kingdom,,,WISE.L
Balanced Growth,Listed Equity,WiseTech Global Ltd,AU000000WTC3,ISIN,AU,,,
Balanced Growth,Listed Equity,Wix.com Ltd,IL0011301780,ISIN,United States,,,WIX
Balanced Growth,Listed Equity,Wolters Kluwer NV,NL0000395903,ISIN,Netherlands,,,WKL.AS
Balanced Growth,Listed Equity,Woodside Energy Group Ltd,AU0000224040,ISIN,Australia,,,WDS.AX
Balanced Growth,Listed Equity,Woolworths Group Ltd,AU000000WOW2,ISIN,Australia,,,WOW.AX
Balanced Growth,Listed Equity,Workday Inc,US98138H1014,ISIN,United States,,,WDAY
Balanced Growth,Listed Equity,Worley Ltd,AU000000WOR2,ISIN,Australia,,,WOR.AX
Balanced Growth,Listed Equity,Wynn Resorts Ltd,US9831341071,ISIN,United States,,,WYNN
Balanced Growth,Listed Equity,Xcel Energy Inc,US98389B1008,ISIN,United States,,,XEL
Balanced Growth,Listed Equity,Xero Ltd,NZXROE0001S2,ISIN,Australia,,,XRO.AX
Balanced Growth,Listed Equity,Xiaomi Corp,KYG9830T1067,ISIN,Hong Kong,,,1810.HK
Balanced Growth,Listed Equity,Xylem Inc/NY,US98419M1009,ISIN,United States,,,XYL
Balanced Growth,Listed Equity,Yakult Honsha Co Ltd,JP3931600005,ISIN,Japan,,,2267.T
Balanced Growth,Listed Equity,Yamaha Motor Co Ltd,JP3942800008,ISIN,Japan,,,7272.T
Balanced Growth,Listed Equity,Yangzijiang Shipbuilding Holdings Ltd,SG1U76934819,ISIN,Singapore,,,BS6.SI
Balanced Growth,Listed Equity,Yara International ASA,NO0010208051,ISIN,Norway,,,YAR.OL
Balanced Growth,Listed Equity,Yaskawa Electric Corp,JP3932000007,ISIN,Japan,,,6506.T
Balanced Growth,Listed Equity,Yokogawa Electric Corp,JP3955000009,ISIN,Japan,,,6841.T
Balanced Growth,Listed Equity,Yum! Brands Inc,US9884981013,ISIN,United States,,,YUM
Balanced Growth,Listed Equity,ZOZO Inc,JP3399310006,ISIN,Japan,,,3092.T
Balanced Growth,Listed Equity,Zalando SE,DE000ZAL1111,ISIN,Germany,,,ZAL.DE
Balanced Growth,Listed Equity,Zealand Pharma A/S,DK0060257814,ISIN,Denmark,,,ZEAL.CO
Balanced Growth,Listed Equity,Zebra Technologies Corp,US9892071054,ISIN,United States,,,ZBRA
Balanced Growth,Listed Equity,Zensho Holdings Co Ltd,JP3429300001,ISIN,Japan,,,7550.T
Balanced Growth,Listed Equity,Ziff Davis Inc,US48123V1026,ISIN,United States,,,ZD
Balanced Growth,Listed Equity,Zillow Group Inc,US98954M2008,ISIN,United States,,,Z
Balanced Growth,Listed Equity,Zimmer Biomet Holdings Inc,US98956P1021,ISIN,United States,,,ZBH
Balanced Growth,Listed Equity,Zip Co Ltd,AU0000218307,ISIN,Australia,,,ZIP.AX
Balanced Growth,Listed Equity,Zoetis Inc,US98978V1035,ISIN,United States,,,ZTS
Balanced Growth,Listed Equity,Zomato Ltd,INE758T01015,ISIN,India,,,ETERNAL.NS
Balanced Growth,Listed Equity,Zoom Communications Inc,US98980L1017,ISIN,United States,,,ZM
Balanced Growth,Listed Equity,Zscaler Inc,US98980G1022,ISIN,United States,,,ZS
Balanced Growth,Listed Equity,Zurich Insurance Group AG,CH0011075394,ISIN,Switzerland,,,ZURN.SW
Balanced Growth,Listed Equity,a2 Milk Co Ltd/The,NZATME0002S8,ISIN,New Zealand,,,ATM.NZ
Balanced Growth,Listed Equity,adidas AG,DE000A1EWWW0,ISIN,Germany,,,ADS.DE
Balanced Growth,Listed Equity,eBay Inc,US2786421030,ISIN,United States,,,EBAY
Balanced Growth,Listed Equity,elf Beauty Inc,US26856L1035,ISIN,United States,,,ELF
Balanced Growth,Listed Equity,iA Financial Corp Inc,AU000000IAG3,ISIN,Australia,,,IAG.AX
Balanced Growth,Listed Equity,iShares MSCI China A UCITS ETF,IE00099GAJC6,ISIN,Italy,,,CNYE.MI
Balanced Growth,Listed Equity,ioneer Ltd,AU0000028946,ISIN,Australia,,,INR.AX
Balanced Growth,Listed Equity,nib holdings Ltd/Australia,AU000000NHF0,ISIN,Australia,,,NHF.AX
Balanced Growth,Listed Equity,oOh!media Ltd,AU000000OML6,ISIN,Australia,,,OML.AX
Balanced Growth,Listed Property,AGNC Investment Corp,US00123Q1040,ISIN,United States,,,AGNC
Balanced Growth,Listed Property,Abacus Group,AU0000291882,ISIN,Australia,,,ABG.AX
Balanced Growth,Listed Property,Abacus Storage King,AU0000286213,ISIN,Australia,,,ASK.AX
Balanced Growth,Listed Property,Agree Realty Corp,US0084921008,ISIN,United States,,,ADC
Balanced Growth,Listed Property,Alexandria Real Estate Equities Inc,US0152711091,ISIN,United States,,,ARE
Balanced Growth,Listed Property,American Homes 4 Rent,US02665T3068,ISIN,United States,,,AMH
Balanced Growth,Listed Property,Annaly Capital Management Inc,US0357108390,ISIN,United States,,,NLY
Balanced Growth,Listed Property,Arena REIT,AU000000ARF6,ISIN,Australia,,,ARF.AX
Balanced Growth,Listed Property,AvalonBay Communities Inc,US0534841012,ISIN,United States,,,AVB
Balanced Growth,Listed Property,BWP Trust,AU000000BWP3,ISIN,Australia,,,BWP.AX
Balanced Growth,Listed Property,BXP Inc,US1011211018,ISIN,United States,,,BXP
Balanced Growth,Listed Property,Big Yellow Group PLC,GB0002869419,ISIN,United Kingdom,,,BYG.L
Balanced Growth,Listed Property,British Land Co PLC/The,GB0001367019,ISIN,United Kingdom,,,BLND.L
Balanced Growth,Listed Property,Camden Property Trust,US1331311027,ISIN,United States,,,CPT
Balanced Growth,Listed Property,Canadian Apartment Properties REIT,CA1349211054,ISIN,Canada,,,CAR-UN.TO
Balanced Growth,Listed Property,CapitaLand Ascendas REIT,SG1M77906915,ISIN,Singapore,,,A17U.SI
Balanced Growth,Listed Property,CapitaLand Integrated Commercial Trust,SG1M51904654,ISIN,Singapore,,,C38U.SI
Balanced Growth,Listed Property,Centuria Capital Group,AU000000CNI5,ISIN,Australia,,,CNI.AX
Balanced Growth,Listed Property,Centuria Industrial REIT,AU000000CIP0,ISIN,Australia,,,CIP.AX
Balanced Growth,Listed Property,Centuria Office REIT,US14040H1059,ISIN,United States,,,COF
Balanced Growth,Listed Property,Charter Hall Group,AU000000CHC0,ISIN,Australia,,,CHC.AX
Balanced Growth,Listed Property,Charter Hall Long Wale REIT,AU000000CLW0,ISIN,Australia,,,CLW.AX
Balanced Growth,Listed Property,Charter Hall Retail REIT,AU000000CQR9,ISIN,Australia,,,CQR.AX
Balanced Growth,Listed Property,Charter Hall Social Infrastructure REIT,AU0000030645,ISIN,Australia,,,CQE.AX
Balanced Growth,Listed Property,Cousins Properties Inc,US2227955026,ISIN,United States,,,CUZ
Balanced Growth,Listed Property,Covivio SA/France,FR0000064578,ISIN,France,,,COV.PA
Balanced Growth,Listed Property,Cromwell Property Group,AU000000CMW8,ISIN,Australia,,,CMW.AX
Balanced Growth,Listed Property,CubeSmart,US2296631094,ISIN,United States,,,CUBE
Balanced Growth,Listed Property,Derwent London PLC,GB0002652740,ISIN,United Kingdom,,,DLN.L
Balanced Growth,Listed Property,Dexus,AU000000DXS1,ISIN,Australia,,,DXS.AX
Balanced Growth,Listed Property,Dexus Industria REIT,AU0000192833,ISIN,Australia,,,DXI.AX
Balanced Growth,Listed Property,DigiCo Infrastructure REIT,AU0000367088,ISIN,Australia,,,DGT.AX
Balanced Growth,Listed Property,Digital Realty Trust Inc,US2538681030,ISIN,United States,,,DLR
Balanced Growth,Listed Property,Equinix Inc,US29444U7000,ISIN,United States,,,EQIX
Balanced Growth,Listed Property,Equity LifeStyle Properties Inc,US29472R1086,ISIN,United States,,,ELS
Balanced Growth,Listed Property,Equity Residential,US29476L1070,ISIN,United States,,,EQR
Balanced Growth,Listed Property,Essential Properties Realty Trust Inc,US29670E1073,ISIN,United States,,,EPRT
Balanced Growth,Listed Property,Essex Property Trust Inc,US2971781057,ISIN,United States,,,ESS
Balanced Growth,Listed Property,Extra Space Storage Inc,US30225T1025,ISIN,United States,,,EXR
Balanced Growth,Listed Property,Federal Realty Investment Trust,US3137451015,ISIN,United States,,,FRT
Balanced Growth,Listed Property,GDI Property Group Partnership,AU000000GDI7,ISIN,Australia,,,GDI.AX
Balanced Growth,Listed Property,GPT Group/The,AU000000GPT8,ISIN,Australia,,,GPT.AX
Balanced Growth,Listed Property,Gaming and Leisure Properties Inc,US36467J1088,ISIN,United States,,,GLPI
Balanced Growth,Listed Property,Gecina SA,FR0010040865,ISIN,France,,,GFC.PA
Balanced Growth,Listed Property,Goodman Group,AU000000GMG2,ISIN,Australia,,,GMG.AX
Balanced Growth,Listed Property,Growthpoint Properties Australia Ltd,AU000000GOZ8,ISIN,Australia,,,GOZ.AX
Balanced Growth,Listed Property,HomeCo Daily Needs REIT,AU0000113136,ISIN,Australia,,,HDN.AX
Balanced Growth,Listed Property,Host Hotels & Resorts Inc,US44107P1049,ISIN,United States,,,HST
Balanced Growth,Listed Property,Hotel Property Investments Ltd,AU000000HPI9,ISIN,AU,,,
Balanced Growth,Listed Property,Ingenia Communities Group,AU000000INA9,ISIN,Australia,,,INA.AX
Balanced Growth,Listed Property,Invitation Homes Inc,US46187W1071,ISIN,United States,,,INVH
Balanced Growth,Listed Property,Iron Mountain Inc,US46284V1017,ISIN,United States,,,IRM
Balanced Growth,Listed Property,Japan Real Estate Investment Corp,JP3027680002,ISIN,Japan,,,8952.T
Balanced Growth,Listed Property,Kilroy Realty Corp,US49427F1084,ISIN,United States,,,KRC
Balanced Growth,Listed Property,Kimco Realty Corp,US49446R1095,ISIN,United States,,,KIM
Balanced Growth,Listed Property,Klepierre SA,FR0000121964,ISIN,France,,,LI.PA
Balanced Growth,Listed Property,Land Securities Group PLC,GB00BYW0PQ60,ISIN,United Kingdom,,,LAND.L
Balanced Growth,Listed Property,Lendlease Corp Ltd,AU000000LLC3,ISIN,Australia,,,LLC.AX
Balanced Growth,Listed Property,Link REIT,HK0823032773,ISIN,Hong Kong,,,0823.HK
Balanced Growth,Listed Property,Mid-America Apartment Communities Inc,US59522J1034,ISIN,United States,,,MAA
Balanced Growth,Listed Property,Mirvac Group,AU000000MGR9,ISIN,Australia,,,MGR.AX
Balanced Growth,Listed Property,National Storage REIT,AU000000NSR2,ISIN,Australia,,,NSR.AX
Balanced Growth,Listed Property,Nippon Building Fund Inc,JP3027670003,ISIN,Japan,,,8951.T
Balanced Growth,Listed Property,Prologis Inc,US74340W1036,ISIN,United States,,,PLD
Balanced Growth,Listed Property,Public Storage,US74460D1090,ISIN,United States,,,PSA
Balanced Growth,Listed Property,Rayonier Inc,US7549071030,ISIN,United States,,,RYN
Balanced Growth,Listed Property,Realty Income Corp,US7561091049,ISIN,United States,,,O
Balanced Growth,Listed Property,Regency Centers Corp,AU000000REG6,ISIN,Australia,,,REG.AX
Balanced Growth,Listed Property,Region RE Ltd,AU0000253502,ISIN,Australia,,,RGN.AX
Balanced Growth,Listed Property,Rexford Industrial Realty Inc,US76169C1009,ISIN,United States,,,REXR
Balanced Growth,Listed Property,Rural Funds Trust,AU000000RFF5,ISIN,Australia,,,RFF.AX
Balanced Growth,Listed Property,Safestore Holdings PLC,GB00B1N7Z094,ISIN,United Kingdom,,,SAFE.L
Balanced Growth,Listed Property,Scentre Group,AU000000SCG8,ISIN,Australia,,,SCG.AX
Balanced Growth,Listed Property,Segro PLC,GB00B5ZN1N88,ISIN,United Kingdom,,,SGRO.L
Balanced Growth,Listed Property,Shaftesbury Capital PLC,GB00B62G9D36,ISIN,United Kingdom,,,SHC.L
Balanced Growth,Listed Property,Shurgard Self Storage Ltd,GG00BQZCBZ44,ISIN,Belgium,,,SHUR.BR
Balanced Growth,Listed Property,Simon Property Group Inc,US8288061091,ISIN,United States,,,SPG
Balanced Growth,Listed Property,Sirius Real Estate Ltd,US8168511090,ISIN,United States,,,SRE
Balanced Growth,Listed Property,Stockland,AU000000SGP0,ISIN,Australia,,,SGP.AX
Balanced Growth,Listed Property,Sun Communities Inc,US8666741041,ISIN,United States,,,SUI
Balanced Growth,Listed Property,Terreno Realty Corp,US88146M1018,ISIN,United States,,,TRNO
Balanced Growth,Listed Property,UDR Inc,US9026531049,ISIN,United States,,,UDR
Balanced Growth,Listed Property,UNITE Group PLC/The,GB0006928617,ISIN,United Kingdom,,,UTG.L
Balanced Growth,Listed Property,Unibail-Rodamco-Westfield,AU0000009771,ISIN,United States,,,UNIRF
Balanced Growth,Listed Property,Urban Edge Properties,US91704F1049,ISIN,United States,,,UE
Balanced Growth,Listed Property,VICI Properties Inc,US9256521090,ISIN,United States,,,VICI
Balanced Growth,Listed Property,Vicinity Ltd,AU000000VCX7,ISIN,Australia,,,VCX.AX
Balanced Growth,Listed Property,WP Carey Inc,US92936U1097,ISIN,United States,,,WPC
Balanced Growth,Listed Property,Warehouses De Pauw CVA,BE0974349814,ISIN,Belgium,,,WDP.BR
Balanced Growth,Listed Property,Waypoint REIT Ltd,AU0000088064,ISIN,Australia,,,WPR.AX
Balanced Growth,Listed Property,Weyerhaeuser Co,US9621661043,ISIN,United States,,,WY
Balanced Growth,Listed Infrastructure,APA Group,US03743Q1085,ISIN,United States,,,APA
Balanced Growth,Listed Infrastructure,American Tower Corp,US03027X1000,ISIN,United States,,,AMT
Balanced Growth,Listed Infrastructure,Atlas Arteria Ltd,AU0000013559,ISIN,Australia,,,ALX.AX
Balanced Growth,Listed Infrastructure,Chartwell Retirement Residences,CA16141A1030,ISIN,Canada,,,CSH-UN.TO
Balanced Growth,Listed Infrastructure,Crown Castle Inc,US22822V1017,ISIN,United States,,,CCI
Balanced Growth,Listed Infrastructure,Dalrymple Bay Infrastructure Ltd,AU0000120628,ISIN,Australia,,,DBI.AX
Balanced Growth,Listed Infrastructure,HKT Trust & HKT Ltd,HK0000093390,ISIN,Hong Kong,,,6823.HK
Balanced Growth,Listed Infrastructure,HealthCo REIT,AU0000169302,ISIN,Australia,,,HCW.AX
Balanced Growth,Listed Infrastructure,Healthpeak Properties Inc,US42250P1030,ISIN,United States,,,DOC
Balanced Growth,Listed Infrastructure,Omega Healthcare Investors Inc,US6819361006,ISIN,United States,,,OHI
Balanced Growth,Listed Infrastructure,SBA Communications Corp,US78410G1040,ISIN,United States,,,SBAC
Balanced Growth,Listed Infrastructure,Transurban Group,AU000000TCL6,ISIN,Australia,,,TCL.AX
Balanced Growth,Listed Infrastructure,Ventas Inc,US92276F1003,ISIN,United States,,,VTR
Balanced Growth,Listed Infrastructure,Welltower Inc,US95040Q1040,ISIN,United States,,,WELL
Balanced Growth,Listed Alternatives,WisdomTree Brent Crude Oil,JE00B78CGV99,ISIN,United Kingdom,,,BRNG.L
Balanced Growth,Listed Alternatives,WisdomTree Copper,GB00B15KXQ89,ISIN,GB,,,
Balanced Growth,Listed Alternatives,iShares Physical Platinum ETC,IE00B4LHWP62,ISIN,United Kingdom,,,IPLT.L
