Option Name,Asset Class Name,Name/Kind of Investment Item,Stock ID,ID_Type,Listed Country,Exchange Code,Ticker,Yahoo Ticker
Balanced Growth,LISTED EQUITY,BHP GROUP LTD.,BHP AU,BB Ticker,Australia,,,
Balanced Growth,LISTED EQUITY,COMMONWEALTH BANK OF AUSTRALIA LTD.,CBA AU,BB Ticker,Australia,,,
Balanced Growth,LISTED EQUITY,"APPLE, INC.",AAPL US,BB Ticker,United States,,,
Balanced Growth,LISTED EQUITY,CSL LTD.,CSL AU,BB Ticker,Australia,,,
Balanced Growth,LISTED EQUITY,NVIDIA CORP.,NVDA US,BB Ticker,United States,,,
Balanced Growth,LISTED EQUITY,MICROSOFT CORP.,MSFT US,BB Ticker,United States,,,
Balanced Growth,LISTED EQUITY,NATIONAL AUSTRALIA BANK LTD.,NAB AU,BB Ticker,Australia,,,
Balanced Growth,LISTED EQUITY,"AMAZON.COM, INC.",AMZN US,BB Ticker,United States,,,
Balanced Growth,LISTED EQUITY,MACQUARIE GROUP LTD.,MQG AU,BB Ticker,Australia,,,
Balanced Growth,LISTED EQUITY,ANZ GROUP HOLDINGS LTD.,ANZ AU,BB Ticker,Australia,,,
Balanced Growth,LISTED EQUITY,WESTPAC BANKING CORP.,WBC AU,BB Ticker,Australia,,,
Balanced Growth,LISTED EQUITY,"META PLATFORMS, INC.",META US,BB Ticker,United States,,,
Balanced Growth,LISTED EQUITY,"ALPHABET, INC.",GOOGL US,BB Ticker,United States,,,
Balanced Growth,LISTED EQUITY,QBE INSURANCE GROUP LTD.,QBE AU,BB Ticker,Australia,,,
Balanced Growth,LISTED EQUITY,RIO TINTO LTD.,RIO AU,BB Ticker,Australia,,,
Balanced Growth,LISTED EQUITY,WESFARMERS LTD.,WES AU,BB Ticker,Australia,,,
Balanced Growth,LISTED EQUITY,"TESLA, INC.",TSLA US,BB Ticker,United States,,,
Balanced Growth,LISTED EQUITY,TELSTRA GROUP LTD.,TLS AU,BB Ticker,Australia,,,
Balanced Growth,LISTED EQUITY,WISETECH GLOBAL LTD.,WTC AU,BB Ticker,Australia,,,
Balanced Growth,LISTED EQUITY,"RESMED, INC.",RMD AU,BB Ticker,Australia,,,
Balanced Growth,LISTED EQUITY,TAIWAN SEMICONDUCTOR MANUFACTURING CO. LTD.,2330 TT,BB Ticker,Taiwan,,,
Balanced Growth,LISTED EQUITY,"BROADCOM, INC.",AVGO US,BB Ticker,United States,,,
Balanced Growth,LISTED EQUITY,ARISTOCRAT LEISURE LTD.,ALL AU,BB Ticker,Australia,,,
Balanced Growth,LISTED EQUITY,XERO LTD.,XRO AU,BB Ticker,Australia,,,
Balanced Growth,LISTED EQUITY,SANTOS LTD.,STO AU,BB Ticker,Australia,,,
Balanced Growth,LISTED EQUITY,ELI LILLY & CO.,LLY US,BB Ticker,United States,,,
Balanced Growth,LISTED EQUITY,COLES GROUP LTD.,COL AU,BB Ticker,Australia,,,
Balanced Growth,LISTED EQUITY,"ALPHABET, INC.",GOOG US,BB Ticker,United States,,,
Balanced Growth,LISTED EQUITY,"BLOCK, INC.",SQ2 AU,BB Ticker,Australia,,,
Balanced Growth,LISTED EQUITY,ALCOA CORP.,AAI AU,BB Ticker,Australia,,,
Balanced Growth,LISTED EQUITY,NORTHERN STAR RESOURCES LTD.,NST AU,BB Ticker,Australia,,,
Balanced Growth,LISTED EQUITY,ORICA LTD.,ORI AU,BB Ticker,Australia,,,
Balanced Growth,LISTED EQUITY,INCITEC PIVOT LTD.,IPL AU,BB Ticker,Australia,,,
Balanced Growth,LISTED EQUITY,WOOLWORTHS GROUP LTD.,WOW AU,BB Ticker,Australia,,,
Balanced Growth,LISTED EQUITY,WOODSIDE ENERGY GROUP LTD.,WDS AU,BB Ticker,Australia,,,
Balanced Growth,LISTED EQUITY,AMCOR PLC,AMC AU,BB Ticker,Australia,,,
Balanced Growth,LISTED EQUITY,"VISA, INC.",V US,BB Ticker,United States,,,
Balanced Growth,LISTED EQUITY,JPMORGAN CHASE & CO.,JPM US,BB Ticker,United States,,,
Balanced Growth,LISTED EQUITY,TENCENT HOLDINGS LTD.,700 HK,BB Ticker,Hong Kong,,,
Balanced Growth,LISTED EQUITY,ORIGIN ENERGY LTD.,ORG AU,BB Ticker,Australia,,,
Balanced Growth,LISTED EQUITY,TRANSURBAN GROUP,TCL AU,BB Ticker,Australia,,,
Balanced Growth,LISTED EQUITY,WORLEY LTD.,WOR AU,BB Ticker,Australia,,,
Balanced Growth,LISTED EQUITY,BANK OF AMERICA CORP.,BAC US,BB Ticker,United States,,,
Balanced Growth,LISTED EQUITY,BRAMBLES LTD.,BXB AU,BB Ticker,Australia,,,
Balanced Growth,LISTED EQUITY,INSURANCE AUSTRALIA GROUP LTD.,IAG AU,BB Ticker,Australia,,,
Balanced Growth,LISTED EQUITY,PRO MEDICUS LTD.,PME AU,BB Ticker,Australia,,,
Balanced Growth,LISTED EQUITY,NEWMONT CORP.,NEM AU,BB Ticker,Australia,,,
Balanced Growth,LISTED EQUITY,PROCTER & GAMBLE CO.,PG US,BB Ticker,United States,,,
Balanced Growth,LISTED EQUITY,"NETFLIX, INC.",NFLX US,BB Ticker,United States,,,
Balanced Growth,LISTED EQUITY,SGH LTD.,SGH AU,BB Ticker,Australia,,,
Balanced Growth,LISTED EQUITY,"LIGHT & WONDER, INC.",LNW AU,BB Ticker,Australia,,,
Balanced Growth,LISTED EQUITY,DOWNER EDI LTD.,DOW AU,BB Ticker,Australia,,,
Balanced Growth,LISTED EQUITY,LENDLEASE CORP. LTD.,LLC AU,BB Ticker,Australia,,,
Balanced Growth,LISTED EQUITY,CLEANAWAY WASTE MANAGEMENT LTD.,CWY AU,BB Ticker,Australia,,,
Balanced Growth,LISTED EQUITY,SIGMA HEALTHCARE LTD.,SIG AU,BB Ticker,Australia,,,
Balanced Growth,LISTED EQUITY,COSTCO WHOLESALE CORP.,COST US,BB Ticker,United States,,,
Balanced Growth,LISTED EQUITY,SOUTH32 LTD.,S32 AU,BB Ticker,Australia,,,
Balanced Growth,LISTED EQUITY,STEADFAST GROUP LTD.,SDF AU,BB Ticker,Australia,,,
Balanced Growth,LISTED EQUITY,"MERCK & CO., INC.",MRK US,BB Ticker,United States,,,
Balanced Growth,LISTED EQUITY,SEEK LTD.,SEK AU,BB Ticker,Australia,,,
Balanced Growth,LISTED EQUITY,JAMES HARDIE INDUSTRIES PLC,JHX AU,BB Ticker,Australia,,,
Balanced Growth,LISTED EQUITY,"SERVICENOW, INC.",NOW US,BB Ticker,United States,,,
Balanced Growth,LISTED EQUITY,"BERKSHIRE HATHAWAY, INC.",BRKB US,BB Ticker,United States,,,
Balanced Growth,LISTED EQUITY,"MERCADOLIBRE, INC.",MELI US,BB Ticker,United States,,,
Balanced Growth,LISTED EQUITY,FORTESCUE METALS GROUP LTD.,FMG AU,BB Ticker,Australia,,,
Balanced Growth,LISTED EQUITY,EXXON MOBIL CORP.,XOM US,BB Ticker,United States,,,
Balanced Growth,LISTED EQUITY,AIA GROUP LTD.,1299 HK,BB Ticker,Hong Kong,,,
Balanced Growth,LISTED EQUITY,REA GROUP LTD.,REA AU,BB Ticker,Australia,,,
Balanced Growth,LISTED EQUITY,"ABBVIE, INC.",ABBV US,BB Ticker,United States,,,
Balanced Growth,LISTED EQUITY,QANTAS AIRWAYS LTD.,QAN AU,BB Ticker,Australia,,,
Balanced Growth,LISTED EQUITY,ACCENTURE PLC,ACN US,BB Ticker,United States,,,
Balanced Growth,LISTED EQUITY,TREASURY WINE ESTATES LTD.,TWE AU,BB Ticker,Australia,,,
Balanced Growth,LISTED EQUITY,NOVARTIS AG,NOVN SW,BB Ticker,Switzerland,,,
Balanced Growth,LISTED EQUITY,"HOME DEPOT, INC.",HD US,BB Ticker,United States,,,
Balanced Growth,LISTED EQUITY,ASML HOLDING NV,ASML NA,BB Ticker,Netherlands,,,
Balanced Growth,LISTED EQUITY,"PFIZER, INC.",PFE US,BB Ticker,United States,,,
Balanced Growth,LISTED EQUITY,MORGAN STANLEY,MS US,BB Ticker,United States,,,
Balanced Growth,LISTED EQUITY,DEERE & CO.,DE US,BB Ticker,United States,,,
Balanced Growth,LISTED EQUITY,ANSELL LTD.,ANN AU,BB Ticker,Australia,,,
Balanced Growth,LISTED EQUITY,"QUALCOMM, INC.",QCOM US,BB Ticker,United States,,,
Balanced Growth,LISTED EQUITY,IGO LTD.,IGO AU,BB Ticker,Australia,,,
Balanced Growth,LISTED EQUITY,"MASTERCARD, INC.",MA US,BB Ticker,United States,,,
Balanced Growth,LISTED EQUITY,"WALMART, INC.",WMT US,BB Ticker,United States,,,
Balanced Growth,LISTED EQUITY,"UNITEDHEALTH GROUP, INC.",UNH US,BB Ticker,United States,,,
Balanced Growth,LISTED EQUITY,"ADOBE, INC.",ADBE US,BB Ticker,United States,,,
Balanced Growth,LISTED EQUITY,JOHNSON & JOHNSON,JNJ US,BB Ticker,United States,,,
Balanced Growth,LISTED EQUITY,CARSALES.COM LTD.,CAR AU,BB Ticker,Australia,,,
Balanced Growth,LISTED EQUITY,ENGIE SA,ENGI FP,BB Ticker,France,,,
Balanced Growth,LISTED EQUITY,CONOCOPHILLIPS,COP US,BB Ticker,United States,,,
Balanced Growth,LISTED EQUITY,INFRATIL LTD.,IFT AU,BB Ticker,Australia,,,
Balanced Growth,LISTED EQUITY,UNILEVER PLC,ULVR LN,BB Ticker,United Kingdom,,,
Balanced Growth,LISTED EQUITY,RAMSAY HEALTH CARE LTD.,RHC AU,BB Ticker,Australia,,,
Balanced Growth,LISTED EQUITY,CHEVRON CORP.,CVX US,BB Ticker,United States,,,
Balanced Growth,LISTED EQUITY,VIVA ENERGY GROUP LTD.,VEA AU,BB Ticker,Australia,,,
Balanced Growth,LISTED EQUITY,RECRUIT HOLDINGS CO. LTD.,6098 JP,BB Ticker,Japan,,,
Balanced Growth,LISTED EQUITY,"SALESFORCE, INC.",CRM US,BB Ticker,United States,,,
Balanced Growth,LISTED EQUITY,"CITIGROUP, INC.",C US,BB Ticker,United States,,,
Balanced Growth,LISTED EQUITY,COLGATE-PALMOLIVE CO.,CL US,BB Ticker,United States,,,
Balanced Growth,LISTED EQUITY,"CME GROUP, INC.",CME US,BB Ticker,United States,,,
Balanced Growth,LISTED EQUITY,"BOOKING HOLDINGS, INC.",BKNG US,BB Ticker,United States,,,
Balanced Growth,LISTED EQUITY,"UBER TECHNOLOGIES, INC.",UBER US,BB Ticker,United States,,,
Balanced Growth,LISTED EQUITY,BRISTOL-MYERS SQUIBB CO.,BMY US,BB Ticker,United States,,,
Balanced Growth,LISTED EQUITY,COCHLEAR LTD.,COH AU,BB Ticker,Australia,,,
Balanced Growth,LISTED EQUITY,SAP SE,SAP GR,BB Ticker,Germany,,,
Balanced Growth,LISTED EQUITY,ORORA LTD.,ORA AU,BB Ticker,Australia,,,
Balanced Growth,LISTED EQUITY,TRANE TECHNOLOGIES PLC,TT US,BB Ticker,United States,,,
Balanced Growth,LISTED EQUITY,"AUTOMATIC DATA PROCESSING, INC.",ADP US,BB Ticker,United States,,,
Balanced Growth,LISTED EQUITY,TPG TELECOM LTD.,TPG AU,BB Ticker,Australia,,,
Balanced Growth,LISTED EQUITY,ICICI BANK LTD.,ICICIBC IN,BB Ticker,India,,,
Balanced Growth,LISTED EQUITY,AUB GROUP LTD.,AUB AU,BB Ticker,Australia,,,
Balanced Growth,LISTED EQUITY,INTACT FINANCIAL CORP.,IFC CN,BB Ticker,Canada,,,
Balanced Growth,LISTED EQUITY,FINECOBANK BANCA FINECO SPA,FBK IM,BB Ticker,Italy,,,
Balanced Growth,LISTED EQUITY,AMPOL LTD.,ALD AU,BB Ticker,Australia,,,
Balanced Growth,LISTED EQUITY,ADYEN NV,ADYEN NA,BB Ticker,Netherlands,,,
Balanced Growth,LISTED EQUITY,NOVO NORDISK AS,NOVOB DC,BB Ticker,Denmark,,,
Balanced Growth,LISTED EQUITY,LOTTERY CORP. LTD.,TLC AU,BB Ticker,Australia,,,
Balanced Growth,LISTED EQUITY,"INTUITIVE SURGICAL, INC.",ISRG US,BB Ticker,United States,,,
Balanced Growth,LISTED EQUITY,DBS GROUP HOLDINGS LTD.,DBS SP,BB Ticker,Singapore,,,
Balanced Growth,LISTED EQUITY,ENDEAVOUR GROUP LTD.,EDV AU,BB Ticker,Australia,,,
Balanced Growth,LISTED EQUITY,PILBARA MINERALS LTD.,PLS AU,BB Ticker,Australia,,,
Balanced Growth,LISTED EQUITY,"MOTOROLA SOLUTIONS, INC.",MSI US,BB Ticker,United States,,,
Balanced Growth,LISTED EQUITY,"MITSUBISHI UFJ FINANCIAL GROUP, INC.",8306 JP,BB Ticker,Japan,,,
Balanced Growth,LISTED EQUITY,"VERIZON COMMUNICATIONS, INC.",VZ US,BB Ticker,United States,,,
Balanced Growth,LISTED EQUITY,ILUKA RESOURCES LTD.,ILU AU,BB Ticker,Australia,,,
Balanced Growth,LISTED EQUITY,LYNAS RARE EARTHS LTD.,LYC AU,BB Ticker,Australia,,,
Balanced Growth,LISTED EQUITY,GENERAL ELECTRIC CO.,GE US,BB Ticker,United States,,,
Balanced Growth,LISTED EQUITY,HUB24 LTD.,HUB AU,BB Ticker,Australia,,,
Balanced Growth,LISTED EQUITY,AURIZON HOLDINGS LTD.,AZJ AU,BB Ticker,Australia,,,
Balanced Growth,LISTED EQUITY,"CONSTELLATION SOFTWARE, INC.",CSU CN,BB Ticker,Canada,,,
Balanced Growth,LISTED EQUITY,SCHNEIDER ELECTRIC SE,SU FP,BB Ticker,France,,,
Balanced Growth,LISTED EQUITY,"GOLDMAN SACHS GROUP, INC.",GS US,BB Ticker,United States,,,
Balanced Growth,LISTED EQUITY,"S&P GLOBAL, INC.",SPGI US,BB Ticker,United States,,,
Balanced Growth,LISTED EQUITY,HDFC BANK LTD.,HDFCB IN,BB Ticker,India,,,
Balanced Growth,LISTED EQUITY,EDWARDS LIFESCIENCES CORP.,EW US,BB Ticker,United States,,,
Balanced Growth,LISTED EQUITY,WELLS FARGO & CO.,WFC US,BB Ticker,United States,,,
Balanced Growth,LISTED EQUITY,MEDTRONIC PLC,MDT US,BB Ticker,United States,,,
Balanced Growth,LISTED EQUITY,"KENVUE, INC.",KVUE US,BB Ticker,United States,,,
Balanced Growth,LISTED EQUITY,"TJX COS., INC.",TJX US,BB Ticker,United States,,,
Balanced Growth,LISTED EQUITY,METCASH LTD.,MTS AU,BB Ticker,Australia,,,
Balanced Growth,LISTED EQUITY,IBERDROLA SA,IBE SM,BB Ticker,Spain,,,
Balanced Growth,LISTED EQUITY,MEITUAN,3690 HK,BB Ticker,Hong Kong,,,
Balanced Growth,LISTED EQUITY,"ADVANCED MICRO DEVICES, INC.",AMD US,BB Ticker,United States,,,
Balanced Growth,LISTED EQUITY,AMERICAN EXPRESS CO.,AXP US,BB Ticker,United States,,,
Balanced Growth,LISTED EQUITY,REECE LTD.,REH AU,BB Ticker,Australia,,,
Balanced Growth,LISTED EQUITY,"APPLIED MATERIALS, INC.",AMAT US,BB Ticker,United States,,,
Balanced Growth,LISTED EQUITY,NORTHERN TRUST CORP.,NTRS US,BB Ticker,United States,,,
Balanced Growth,LISTED EQUITY,INDUSTRIA DE DISENO TEXTIL SA,ITX SM,BB Ticker,Spain,,,
Balanced Growth,LISTED EQUITY,SONIC HEALTHCARE LTD.,SHL AU,BB Ticker,Australia,,,
Balanced Growth,LISTED EQUITY,RYMAN HEALTHCARE LTD.,RYM NZ,BB Ticker,New Zealand,,,
Balanced Growth,LISTED EQUITY,"GILEAD SCIENCES, INC.",GILD US,BB Ticker,United States,,,
Balanced Growth,LISTED EQUITY,SANDFIRE RESOURCES LTD.,SFR AU,BB Ticker,Australia,,,
Balanced Growth,LISTED EQUITY,ORACLE CORP.,ORCL US,BB Ticker,United States,,,
Balanced Growth,LISTED EQUITY,CHARLES SCHWAB CORP.,SCHW US,BB Ticker,United States,,,
Balanced Growth,LISTED EQUITY,PROGRESSIVE CORP.,PGR US,BB Ticker,United States,,,
Balanced Growth,LISTED EQUITY,"TEXAS INSTRUMENTS, INC.",TXN US,BB Ticker,United States,,,
Balanced Growth,LISTED EQUITY,"HCA HEALTHCARE, INC.",HCA US,BB Ticker,United States,,,
Balanced Growth,LISTED EQUITY,ING GROEP NV,INGA NA,BB Ticker,Netherlands,,,
Balanced Growth,LISTED EQUITY,ABB LTD.,ABBN SW,BB Ticker,Switzerland,,,
Balanced Growth,LISTED EQUITY,A2 MILK CO. LTD.,A2M AU,BB Ticker,Australia,,,
Balanced Growth,LISTED EQUITY,RTX CORP.,RTX US,BB Ticker,United States,,,
Balanced Growth,LISTED EQUITY,"LIFE360, INC.",360 AU,BB Ticker,Australia,,,
Balanced Growth,LISTED EQUITY,ASTRAZENECA PLC,AZN LN,BB Ticker,United Kingdom,,,
Balanced Growth,LISTED EQUITY,"SHOPIFY, INC.",SHOP US,BB Ticker,United States,,,
Balanced Growth,LISTED EQUITY,VAULT MINERALS LTD.,VAU AU,BB Ticker,Australia,,,
Balanced Growth,LISTED EQUITY,SPOTIFY TECHNOLOGY SA,SPOT US,BB Ticker,United States,,,
Balanced Growth,LISTED EQUITY,"TYSON FOODS, INC.",TSN US,BB Ticker,United States,,,
Balanced Growth,LISTED EQUITY,DSM-FIRMENICH AG,DSFIR NA,BB Ticker,Netherlands,,,
Balanced Growth,LISTED EQUITY,MONADELPHOUS GROUP LTD.,MND AU,BB Ticker,Australia,,,
Balanced Growth,LISTED EQUITY,GENESIS MINERALS LTD.,GMD AU,BB Ticker,Australia,,,
Balanced Growth,LISTED EQUITY,"FREEPORT-MCMORAN, INC.",FCX US,BB Ticker,United States,,,
Balanced Growth,LISTED EQUITY,PERFORMANCE FOOD GROUP CO.,PFGC US,BB Ticker,United States,,,
Balanced Growth,LISTED EQUITY,WEBJET LTD.,WEB AU,BB Ticker,Australia,,,
Balanced Growth,LISTED EQUITY,LONDON STOCK EXCHANGE GROUP PLC,LSEG LN,BB Ticker,United Kingdom,,,
Balanced Growth,LISTED EQUITY,ROCHE HOLDING AG,ROG SW,BB Ticker,Switzerland,,,
Balanced Growth,LISTED EQUITY,EATON CORP. PLC,ETN US,BB Ticker,United States,,,
Balanced Growth,LISTED EQUITY,CONTEMPORARY AMPEREX TECHNOLOGY CO. LTD.,300750 C2,BB Ticker,China,,,
Balanced Growth,LISTED EQUITY,CAPRICORN METALS LTD.,CMM AU,BB Ticker,Australia,,,
Balanced Growth,LISTED EQUITY,MEDIBANK PVT LTD.,MPL AU,BB Ticker,Australia,,,
Balanced Growth,LISTED EQUITY,LAM RESEARCH CORP.,LRCX US,BB Ticker,United States,,,
Balanced Growth,LISTED EQUITY,DIAGEO PLC,DGE LN,BB Ticker,United Kingdom,,,
Balanced Growth,LISTED EQUITY,"AT&T, INC.",T US,BB Ticker,United States,,,
Balanced Growth,LISTED EQUITY,ANTA SPORTS PRODUCTS LTD.,2020 HK,BB Ticker,Hong Kong,,,
Balanced Growth,LISTED EQUITY,"CATERPILLAR, INC.",CAT US,BB Ticker,United States,,,
Balanced Growth,LISTED EQUITY,QUBE HOLDINGS LTD.,QUB AU,BB Ticker,Australia,,,
Balanced Growth,LISTED EQUITY,"GLOBE LIFE, INC.",GL US,BB Ticker,United States,,,
Balanced Growth,LISTED EQUITY,PROSUS NV,PRX SJ,BB Ticker,South Africa,,,
Balanced Growth,LISTED EQUITY,BOSTON SCIENTIFIC CORP.,BSX US,BB Ticker,United States,,,
Balanced Growth,LISTED EQUITY,PEET LTD.,PPC AU,BB Ticker,Australia,,,
Balanced Growth,LISTED EQUITY,"CISCO SYSTEMS, INC.",CSCO US,BB Ticker,United States,,,
Balanced Growth,LISTED EQUITY,SUNCORP GROUP LTD.,SUN AU,BB Ticker,Australia,,,
Balanced Growth,LISTED EQUITY,SEA LTD.,SE US,BB Ticker,United States,,,
Balanced Growth,LISTED EQUITY,APPLOVIN CORP.,APP US,BB Ticker,United States,,,
Balanced Growth,LISTED EQUITY,BANK CENTRAL ASIA TBK PT,BBCA IJ,BB Ticker,Indonesia,,,
Balanced Growth,LISTED EQUITY,INTERMEDIATE CAPITAL GROUP PLC,ICG LN,BB Ticker,United Kingdom,,,
Balanced Growth,LISTED EQUITY,"MOLINA HEALTHCARE, INC.",MOH US,BB Ticker,United States,,,
Balanced Growth,LISTED EQUITY,HDFC BANK LTD.,HDB US,BB Ticker,United States,,,
Balanced Growth,LISTED EQUITY,CIE GENERALE DES ETABLISSEMENTS MICHELIN SCA,ML FP,BB Ticker,France,,,
Balanced Growth,LISTED EQUITY,ALSEA SAB DE CV,ALSEA MM,BB Ticker,Mexico,,,
Balanced Growth,LISTED EQUITY,SHELL PLC,SHEL LN,BB Ticker,United Kingdom,,,
Balanced Growth,LISTED EQUITY,CAPITEC BANK HOLDINGS LTD.,CPI SJ,BB Ticker,South Africa,,,
Balanced Growth,LISTED EQUITY,"PAYPAL HOLDINGS, INC.",PYPL US,BB Ticker,United States,,,
Balanced Growth,LISTED EQUITY,ARTHUR J GALLAGHER & CO.,AJG US,BB Ticker,United States,,,
Balanced Growth,LISTED EQUITY,"MICRON TECHNOLOGY, INC.",MU US,BB Ticker,United States,,,
Balanced Growth,LISTED EQUITY,MOODY'S CORP.,MCO US,BB Ticker,United States,,,
Balanced Growth,LISTED EQUITY,"INTUIT, INC.",INTU US,BB Ticker,United States,,,
Balanced Growth,LISTED EQUITY,"SK HYNIX, INC.",000660 KS,BB Ticker,South Korea,,,
Balanced Growth,LISTED EQUITY,WOLTERS KLUWER NV,WKL NA,BB Ticker,Netherlands,,,
Balanced Growth,LISTED EQUITY,"COPART, INC.",CPRT US,BB Ticker,United States,,,
Balanced Growth,LISTED EQUITY,COMCAST CORP.,CMCSA US,BB Ticker,United States,,,
Balanced Growth,LISTED EQUITY,"RELIANCE, INC.",RS US,BB Ticker,United States,,,
Balanced Growth,LISTED EQUITY,VALERO ENERGY CORP.,VLO US,BB Ticker,United States,,,
Balanced Growth,LISTED EQUITY,"TRADE DESK, INC.",TTD US,BB Ticker,United States,,,
Balanced Growth,LISTED EQUITY,SONY GROUP CORP.,6758 JP,BB Ticker,Japan,,,
Balanced Growth,LISTED EQUITY,"OLD DOMINION FREIGHT LINE, INC.",ODFL US,BB Ticker,United States,,,
Balanced Growth,LISTED EQUITY,SIMS LTD.,SGM AU,BB Ticker,Australia,,,
Balanced Growth,LISTED EQUITY,TOKYO ELECTRON LTD.,8035 JP,BB Ticker,Japan,,,
Balanced Growth,LISTED EQUITY,CHUGAI PHARMACEUTICAL CO. LTD.,4519 JP,BB Ticker,Japan,,,
Balanced Growth,LISTED EQUITY,NINTENDO CO. LTD.,7974 JP,BB Ticker,Japan,,,
Balanced Growth,LISTED EQUITY,FLETCHER BUILDING LTD.,FBU AU,BB Ticker,Australia,,,
Balanced Growth,LISTED EQUITY,"MEDIATEK, INC.",2454 TT,BB Ticker,Taiwan,,,
Balanced Growth,LISTED EQUITY,WALT DISNEY CO.,DIS US,BB Ticker,United States,,,
Balanced Growth,LISTED EQUITY,SHELL PLC,SHELL NA,BB Ticker,Netherlands,,,
Balanced Growth,LISTED EQUITY,"ARISTA NETWORKS, INC.",ANET US,BB Ticker,United States,,,
Balanced Growth,LISTED EQUITY,COCA-COLA CO.,KO US,BB Ticker,United States,,,
Balanced Growth,LISTED EQUITY,CIE FINANCIERE RICHEMONT SA,CFR SW,BB Ticker,Switzerland,,,
Balanced Growth,LISTED EQUITY,TSINGTAO BREWERY CO. LTD.,168 HK,BB Ticker,Hong Kong,,,
Balanced Growth,LISTED EQUITY,"PALANTIR TECHNOLOGIES, INC.",PLTR US,BB Ticker,United States,,,
Balanced Growth,LISTED EQUITY,SANOFI,SAN FP,BB Ticker,France,,,
Balanced Growth,LISTED EQUITY,GSK PLC,GSK LN,BB Ticker,United Kingdom,,,
Balanced Growth,LISTED EQUITY,OMNI BRIDGEWAY LTD.,OBL AU,BB Ticker,Australia,,,
Balanced Growth,LISTED EQUITY,L'OREAL SA,OR FP,BB Ticker,France,,,
Balanced Growth,LISTED EQUITY,DANAHER CORP.,DHR US,BB Ticker,United States,,,
Balanced Growth,LISTED EQUITY,CREDICORP LTD.,BAP US,BB Ticker,United States,,,
Balanced Growth,LISTED EQUITY,"EOG RESOURCES, INC.",EOG US,BB Ticker,United States,,,
Balanced Growth,LISTED EQUITY,TAIWAN SEMICONDUCTOR MANUFACTURING CO. LTD.,TSM US,BB Ticker,United States,,,
Balanced Growth,LISTED EQUITY,INTESA SANPAOLO SPA,ISP IM,BB Ticker,Italy,,,
Balanced Growth,LISTED EQUITY,INTERNATIONAL BUSINESS MACHINES CORP.,IBM US,BB Ticker,United States,,,
Balanced Growth,LISTED EQUITY,ABBOTT LABORATORIES,ABT US,BB Ticker,United States,,,
Balanced Growth,LISTED EQUITY,"CLOUDFLARE, INC.",NET US,BB Ticker,United States,,,
Balanced Growth,LISTED EQUITY,KLA CORP.,KLAC US,BB Ticker,United States,,,
Balanced Growth,LISTED EQUITY,"THERMO FISHER SCIENTIFIC, INC.",TMO US,BB Ticker,United States,,,
Balanced Growth,LISTED EQUITY,"KEURIG DR PEPPER, INC.",KDP US,BB Ticker,United States,,,
Balanced Growth,LISTED EQUITY,NEXGEN ENERGY LTD.,NXG AU,BB Ticker,Australia,,,
Balanced Growth,LISTED EQUITY,DESPEGAR.COM CORP.,DESP US,BB Ticker,United States,,,
Balanced Growth,LISTED EQUITY,"ECOLAB, INC.",ECL US,BB Ticker,United States,,,
Balanced Growth,LISTED EQUITY,ATLASSIAN CORP.,TEAM US,BB Ticker,United States,,,
Balanced Growth,LISTED EQUITY,NRW HOLDINGS LTD.,NWH AU,BB Ticker,Australia,,,
Balanced Growth,LISTED EQUITY,"MARRIOTT INTERNATIONAL, INC.",MAR US,BB Ticker,United States,,,
Balanced Growth,LISTED EQUITY,"WORKDAY, INC.",WDAY US,BB Ticker,United States,,,
Balanced Growth,LISTED EQUITY,3M CO.,MMM US,BB Ticker,United States,,,
Balanced Growth,LISTED EQUITY,AIRBUS SE,AIR FP,BB Ticker,France,,,
Balanced Growth,LISTED EQUITY,DEUTSCHE TELEKOM AG,DTE GR,BB Ticker,Germany,,,
Balanced Growth,LISTED EQUITY,ASICS CORP.,7936 JP,BB Ticker,Japan,,,
Balanced Growth,LISTED EQUITY,"PTC, INC.",PTC US,BB Ticker,United States,,,
Balanced Growth,LISTED EQUITY,COMPASS GROUP PLC,CPG LN,BB Ticker,United Kingdom,,,
Balanced Growth,LISTED EQUITY,"HUBSPOT, INC.",HUBS US,BB Ticker,United States,,,
Balanced Growth,LISTED EQUITY,"TRAVELERS COS., INC.",TRV US,BB Ticker,United States,,,
Balanced Growth,LISTED EQUITY,"CLEAN HARBORS, INC.",CLH US,BB Ticker,United States,,,
Balanced Growth,LISTED EQUITY,"FORTINET, INC.",FTNT US,BB Ticker,United States,,,
Balanced Growth,LISTED EQUITY,ICON PLC,ICLR US,BB Ticker,United States,,,
Balanced Growth,LISTED EQUITY,"NETAPP, INC.",NTAP US,BB Ticker,United States,,,
Balanced Growth,LISTED EQUITY,EVERSOURCE ENERGY,ES US,BB Ticker,United States,,,
Balanced Growth,LISTED EQUITY,HITACHI LTD.,6501 JP,BB Ticker,Japan,,,
Balanced Growth,LISTED EQUITY,TE CONNECTIVITY PLC,TEL US,BB Ticker,United States,,,
Balanced Growth,LISTED EQUITY,SCHLUMBERGER NV,SLB US,BB Ticker,United States,,,
Balanced Growth,LISTED EQUITY,ATMOS ENERGY CORP.,ATO US,BB Ticker,United States,,,
Balanced Growth,LISTED EQUITY,COMPUTERSHARE LTD.,CPU AU,BB Ticker,Australia,,,
Balanced Growth,LISTED EQUITY,RS GROUP PLC,RS1 LN,BB Ticker,United Kingdom,,,
Balanced Growth,LISTED EQUITY,BEACH ENERGY LTD.,BPT AU,BB Ticker,Australia,,,
Balanced Growth,LISTED EQUITY,NEWS CORP.,NWSLV AU,BB Ticker,Australia,,,
Balanced Growth,LISTED EQUITY,BNP PARIBAS SA,BNP FP,BB Ticker,France,,,
Balanced Growth,LISTED EQUITY,"RAYMOND JAMES FINANCIAL, INC.",RJF US,BB Ticker,United States,,,
Balanced Growth,LISTED EQUITY,INFINEON TECHNOLOGIES AG,IFX GR,BB Ticker,Germany,,,
Balanced Growth,LISTED EQUITY,"AMGEN, INC.",AMGN US,BB Ticker,United States,,,
Balanced Growth,LISTED EQUITY,"LOWE'S COS., INC.",LOW US,BB Ticker,United States,,,
Balanced Growth,LISTED EQUITY,"AIRBNB, INC.",ABNB US,BB Ticker,United States,,,
Balanced Growth,LISTED EQUITY,ITOCHU CORP.,8001 JP,BB Ticker,Japan,,,
Balanced Growth,LISTED EQUITY,"VERTEX PHARMACEUTICALS, INC.",VRTX US,BB Ticker,United States,,,
Balanced Growth,LISTED EQUITY,"WASTE CONNECTIONS, INC.",WCN US,BB Ticker,United States,,,
Balanced Growth,LISTED EQUITY,BANCO BILBAO VIZCAYA ARGENTARIA SA,BBVA SM,BB Ticker,Spain,,,
Balanced Growth,LISTED EQUITY,"HARTFORD FINANCIAL SERVICES GROUP, INC.",HIG US,BB Ticker,United States,,,
Balanced Growth,LISTED EQUITY,RECKITT BENCKISER GROUP PLC,RKT LN,BB Ticker,United Kingdom,,,
Balanced Growth,LISTED EQUITY,"ELECTRONIC ARTS, INC.",EA US,BB Ticker,United States,,,
Balanced Growth,LISTED EQUITY,DANONE SA,BN FP,BB Ticker,France,,,
Balanced Growth,LISTED EQUITY,KROGER CO.,KR US,BB Ticker,United States,,,
Balanced Growth,LISTED EQUITY,TELEFONAKTIEBOLAGET LM ERICSSON,ERICB SS,BB Ticker,Sweden,,,
Balanced Growth,LISTED EQUITY,PARKER-HANNIFIN CORP.,PH US,BB Ticker,United States,,,
Balanced Growth,LISTED EQUITY,STARBUCKS CORP.,SBUX US,BB Ticker,United States,,,
Balanced Growth,LISTED EQUITY,"NASDAQ, INC.",NDAQ US,BB Ticker,United States,,,
Balanced Growth,LISTED EQUITY,WESTINGHOUSE AIR BRAKE TECHNOLOGIES CORP.,WAB US,BB Ticker,United States,,,
Balanced Growth,LISTED EQUITY,ALS LTD.,ALQ AU,BB Ticker,Australia,,,
Balanced Growth,LISTED EQUITY,"AGILENT TECHNOLOGIES, INC.",A US,BB Ticker,United States,,,
Balanced Growth,LISTED EQUITY,PING AN INSURANCE GROUP CO. OF CHINA LTD.,2318 HK,BB Ticker,Hong Kong,,,
Balanced Growth,LISTED EQUITY,"FISERV, INC.",FI US,BB Ticker,United States,,,
Balanced Growth,LISTED EQUITY,METALS ACQUISITION LTD.,MAC AU,BB Ticker,Australia,,,
Balanced Growth,LISTED EQUITY,NATIONAL GRID PLC,NG LN,BB Ticker,United Kingdom,,,
Balanced Growth,LISTED EQUITY,"SYNOPSYS, INC.",SNPS US,BB Ticker,United States,,,
Balanced Growth,LISTED EQUITY,TOTALENERGIES SE,TTE FP,BB Ticker,France,,,
Balanced Growth,LISTED EQUITY,CONSTELLATION ENERGY CORP.,CEG US,BB Ticker,United States,,,
Balanced Growth,LISTED EQUITY,"PNC FINANCIAL SERVICES GROUP, INC.",PNC US,BB Ticker,United States,,,
Balanced Growth,LISTED EQUITY,ADIDAS AG,ADS GR,BB Ticker,Germany,,,
Balanced Growth,LISTED EQUITY,EXELON CORP.,EXC US,BB Ticker,United States,,,
Balanced Growth,LISTED EQUITY,NXP SEMICONDUCTORS NV,NXPI US,BB Ticker,United States,,,
Balanced Growth,LISTED EQUITY,CENTENE CORP.,CNC US,BB Ticker,United States,,,
Balanced Growth,LISTED EQUITY,UNICREDIT SPA,UCG IM,BB Ticker,Italy,,,
Balanced Growth,LISTED EQUITY,GUZMAN Y GOMEZ LTD.,GYG AU,BB Ticker,Australia,,,
Balanced Growth,LISTED EQUITY,"MARSH & MCLENNAN COS., INC.",MMC US,BB Ticker,United States,,,
Balanced Growth,LISTED EQUITY,SICHUAN SWELLFUN CO. LTD.,600779 C1,BB Ticker,China,,,
Balanced Growth,LISTED EQUITY,ORA BANDA MINING LTD.,OBM AU,BB Ticker,Australia,,,
Balanced Growth,LISTED EQUITY,"AUTODESK, INC.",ADSK US,BB Ticker,United States,,,
Balanced Growth,LISTED EQUITY,IDP EDUCATION LTD.,IEL AU,BB Ticker,Australia,,,
Balanced Growth,LISTED EQUITY,SARTORIUS AG,SRT3 GR,BB Ticker,Germany,,,
Balanced Growth,LISTED EQUITY,AERCAP HOLDINGS NV,AER US,BB Ticker,United States,,,
Balanced Growth,LISTED EQUITY,TECHNOLOGY ONE LTD.,TNE AU,BB Ticker,Australia,,,
Balanced Growth,LISTED EQUITY,ICICI LOMBARD GENERAL INSURANCE CO. LTD.,ICICIGI IN,BB Ticker,India,,,
Balanced Growth,LISTED EQUITY,GENERAL MOTORS CO.,GM US,BB Ticker,United States,,,
Balanced Growth,LISTED EQUITY,"NEXTERA ENERGY, INC.",NEE US,BB Ticker,United States,,,
Balanced Growth,LISTED EQUITY,BRENNTAG SE,BNR GR,BB Ticker,Germany,,,
Balanced Growth,LISTED EQUITY,KIMBERLY-CLARK CORP.,KMB US,BB Ticker,United States,,,
Balanced Growth,LISTED EQUITY,SONOVA HOLDING AG,SOON SW,BB Ticker,Switzerland,,,
Balanced Growth,LISTED EQUITY,AMPLITUDE ENERGY LTD.,AEL AU,BB Ticker,Australia,,,
Balanced Growth,LISTED EQUITY,EDISON INTERNATIONAL,EIX US,BB Ticker,United States,,,
Balanced Growth,LISTED EQUITY,EMERSON ELECTRIC CO.,EMR US,BB Ticker,United States,,,
Balanced Growth,LISTED EQUITY,"BWX TECHNOLOGIES, INC.",BWXT US,BB Ticker,United States,,,
Balanced Growth,LISTED EQUITY,"T-MOBILE U.S., INC.",TMUS US,BB Ticker,United States,,,
Balanced Growth,LISTED EQUITY,"SUNCOR ENERGY, INC.",SU CN,BB Ticker,Canada,,,
Balanced Growth,LISTED EQUITY,"HOWMET AEROSPACE, INC.",HWM US,BB Ticker,United States,,,
Balanced Growth,LISTED EQUITY,"NIKE, INC.",NKE US,BB Ticker,United States,,,
Balanced Growth,LISTED EQUITY,NESTLE SA,NESN SW,BB Ticker,Switzerland,,,
Balanced Growth,LISTED EQUITY,"BLOCK, INC.",XYZ US,BB Ticker,United States,,,
Balanced Growth,LISTED EQUITY,JB HI-FI LTD.,JBH AU,BB Ticker,Australia,,,
Balanced Growth,LISTED EQUITY,DOMINO'S PIZZA ENTERPRISES LTD.,DMP AU,BB Ticker,Australia,,,
Balanced Growth,LISTED EQUITY,TESCO PLC,TSCO LN,BB Ticker,United Kingdom,,,
Balanced Growth,LISTED EQUITY,REPLIGEN CORP.,RGEN US,BB Ticker,United States,,,
Balanced Growth,LISTED EQUITY,STRYKER CORP.,SYK US,BB Ticker,United States,,,
Balanced Growth,LISTED EQUITY,ROBLOX CORP.,RBLX US,BB Ticker,United States,,,
Balanced Growth,LISTED EQUITY,"PINDUODUO, INC.",PDD US,BB Ticker,United States,,,
Balanced Growth,LISTED EQUITY,"EXPEDIA GROUP, INC.",EXPE US,BB Ticker,United States,,,
Balanced Growth,LISTED EQUITY,"DATADOG, INC.",DDOG US,BB Ticker,United States,,,
Balanced Growth,LISTED EQUITY,CINTAS CORP.,CTAS US,BB Ticker,United States,,,
Balanced Growth,LISTED EQUITY,DEEP YELLOW LTD.,DYL AU,BB Ticker,Australia,,,
Balanced Growth,LISTED EQUITY,ALIBABA GROUP HOLDING LTD.,9988 HK,BB Ticker,Hong Kong,,,
Balanced Growth,LISTED EQUITY,NOMURA RESEARCH INSTITUTE LTD.,4307 JP,BB Ticker,Japan,,,
Balanced Growth,LISTED EQUITY,KUAISHOU TECHNOLOGY,1024 HK,BB Ticker,Hong Kong,,,
Balanced Growth,LISTED EQUITY,BANCO SANTANDER SA,SAN SM,BB Ticker,Spain,,,
Balanced Growth,LISTED EQUITY,"DROPBOX, INC.",DBX US,BB Ticker,United States,,,
Balanced Growth,LISTED EQUITY,LENNAR CORP.,LEN US,BB Ticker,United States,,,
Balanced Growth,LISTED EQUITY,BANK OF NEW YORK MELLON CORP.,BK US,BB Ticker,United States,,,
Balanced Growth,LISTED EQUITY,UNITED OVERSEAS BANK LTD.,UOB SP,BB Ticker,Singapore,,,
Balanced Growth,LISTED EQUITY,SYNCHRONY FINANCIAL,SYF US,BB Ticker,United States,,,
Balanced Growth,LISTED EQUITY,SAMSUNG ELECTRONICS CO. LTD.,005930 KS,BB Ticker,South Korea,,,
Balanced Growth,LISTED EQUITY,"VERISK ANALYTICS, INC.",VRSK US,BB Ticker,United States,,,
Balanced Growth,LISTED EQUITY,CRH PLC,CRH LN,BB Ticker,United Kingdom,,,
Balanced Growth,LISTED EQUITY,"TWILIO, INC.",TWLO US,BB Ticker,United States,,,
Balanced Growth,LISTED EQUITY,"COUPANG, INC.",CPNG US,BB Ticker,United States,,,
Balanced Growth,LISTED EQUITY,HSBC HOLDINGS PLC,HSBA LN,BB Ticker,United Kingdom,,,
Balanced Growth,LISTED EQUITY,ALLIANZ SE,ALV GR,BB Ticker,Germany,,,
Balanced Growth,LISTED EQUITY,LONGFOR GROUP HOLDINGS LTD.,960 HK,BB Ticker,Hong Kong,,,
Balanced Growth,LISTED EQUITY,"DUPONT DE NEMOURS, INC.",DD US,BB Ticker,United States,,,
Balanced Growth,LISTED EQUITY,"APOLLO GLOBAL MANAGEMENT, INC.",APO US,BB Ticker,United States,,,
Balanced Growth,LISTED EQUITY,INTEL CORP.,INTC US,BB Ticker,United States,,,
Balanced Growth,LISTED EQUITY,BECTON DICKINSON & CO.,BDX US,BB Ticker,United States,,,
Balanced Growth,LISTED EQUITY,BAPCOR LTD.,BAP AU,BB Ticker,Australia,,,
Balanced Growth,LISTED EQUITY,"SAMSARA, INC.",IOT US,BB Ticker,United States,,,
Balanced Growth,LISTED EQUITY,"DOORDASH, INC.",DASH US,BB Ticker,United States,,,
Balanced Growth,LISTED EQUITY,CIGNA GROUP,CI US,BB Ticker,United States,,,
Balanced Growth,LISTED EQUITY,BLUESCOPE STEEL LTD.,BSL AU,BB Ticker,Australia,,,
Balanced Growth,LISTED EQUITY,BANK RAKYAT INDONESIA PERSERO TBK. PT,BBRI IJ,BB Ticker,Indonesia,,,
Balanced Growth,LISTED EQUITY,MERCEDES-BENZ GROUP AG,MBG GR,BB Ticker,Germany,,,
Balanced Growth,LISTED EQUITY,"TRADEWEB MARKETS, INC.",TW US,BB Ticker,United States,,,
Balanced Growth,LISTED EQUITY,NORTHROP GRUMMAN CORP.,NOC US,BB Ticker,United States,,,
Balanced Growth,LISTED EQUITY,"CBRE GROUP, INC.",CBRE US,BB Ticker,United States,,,
Balanced Growth,LISTED EQUITY,"CADENCE DESIGN SYSTEMS, INC.",CDNS US,BB Ticker,United States,,,
Balanced Growth,LISTED EQUITY,UNION PACIFIC CORP.,UNP US,BB Ticker,United States,,,
Balanced Growth,LISTED EQUITY,"NOMURA HOLDINGS, INC.",8604 JP,BB Ticker,Japan,,,
Balanced Growth,LISTED EQUITY,"REGENERON PHARMACEUTICALS, INC.",REGN US,BB Ticker,United States,,,
Balanced Growth,LISTED EQUITY,SHENZHEN MINDRAY BIO-MEDICAL ELECTRONICS CO. LTD.,300760 C2,BB Ticker,China,,,
Balanced Growth,LISTED EQUITY,BE SEMICONDUCTOR INDUSTRIES NV,BESI NA,BB Ticker,Netherlands,,,
Balanced Growth,LISTED EQUITY,KOTAK MAHINDRA BANK LTD.,KMB IN,BB Ticker,India,,,
Balanced Growth,LISTED EQUITY,PRADA SPA,1913 HK,BB Ticker,Hong Kong,,,
Balanced Growth,LISTED EQUITY,DECKERS OUTDOOR CORP.,DECK US,BB Ticker,United States,,,
Balanced Growth,LISTED EQUITY,CAPGEMINI SE,CAP FP,BB Ticker,France,,,
Balanced Growth,LISTED EQUITY,BENDIGO AND ADELAIDE BANK LTD.,BEN AU,BB Ticker,Australia,,,
Balanced Growth,LISTED EQUITY,"ZOOM VIDEO COMMUNICATIONS, INC.",ZM US,BB Ticker,United States,,,
Balanced Growth,LISTED EQUITY,ALLSTATE CORP.,ALL US,BB Ticker,United States,,,
Balanced Growth,LISTED EQUITY,"CHENIERE ENERGY, INC.",LNG US,BB Ticker,United States,,,
Balanced Growth,LISTED EQUITY,FLIGHT CENTRE TRAVEL GROUP LTD.,FLT AU,BB Ticker,Australia,,,
Balanced Growth,LISTED EQUITY,EVEREST GROUP LTD.,EG US,BB Ticker,United States,,,
Balanced Growth,LISTED EQUITY,NOKIA OYJ,NOKIA FH,BB Ticker,Finland,,,
Balanced Growth,LISTED EQUITY,KEYENCE CORP.,6861 JP,BB Ticker,Japan,,,
Balanced Growth,LISTED EQUITY,REGIONAL SAB DE CV,RA MM,BB Ticker,Mexico,,,
Balanced Growth,LISTED EQUITY,MCKESSON CORP.,MCK US,BB Ticker,United States,,,
Balanced Growth,LISTED EQUITY,"HOULIHAN LOKEY, INC.",HLI US,BB Ticker,United States,,,
Balanced Growth,LISTED EQUITY,H WORLD GROUP LTD.,1179 HK,BB Ticker,Hong Kong,,,
Balanced Growth,LISTED EQUITY,IVANHOE MINES LTD.,IVN CN,BB Ticker,Canada,,,
Balanced Growth,LISTED EQUITY,GARMIN LTD.,GRMN US,BB Ticker,United States,,,
Balanced Growth,LISTED EQUITY,DINO POLSKA SA,DNP PW,BB Ticker,Poland,,,
Balanced Growth,LISTED EQUITY,"SKYWORKS SOLUTIONS, INC.",SWKS US,BB Ticker,United States,,,
Balanced Growth,LISTED EQUITY,"CONSOLIDATED EDISON, INC.",ED US,BB Ticker,United States,,,
Balanced Growth,LISTED EQUITY,MCDONALD'S CORP.,MCD US,BB Ticker,United States,,,
Balanced Growth,LISTED EQUITY,"PEPSICO, INC.",PEP US,BB Ticker,United States,,,
Balanced Growth,LISTED EQUITY,"ENPHASE ENERGY, INC.",ENPH US,BB Ticker,United States,,,
Balanced Growth,LISTED EQUITY,EAGERS AUTOMOTIVE LTD.,APE AU,BB Ticker,Australia,,,
Balanced Growth,LISTED EQUITY,"GODADDY, INC.",GDDY US,BB Ticker,United States,,,
Balanced Growth,LISTED EQUITY,FIRST QUANTUM MINERALS LTD.,FM CN,BB Ticker,Canada,,,
Balanced Growth,LISTED EQUITY,HERMES INTERNATIONAL,RMS FP,BB Ticker,France,,,
Balanced Growth,LISTED EQUITY,"DELTA AIR LINES, INC.",DAL US,BB Ticker,United States,,,
Balanced Growth,LISTED EQUITY,AECOM,ACM US,BB Ticker,United States,,,
Balanced Growth,LISTED EQUITY,BAE SYSTEMS PLC,BA LN,BB Ticker,United Kingdom,,,
Balanced Growth,LISTED EQUITY,"EMCOR GROUP, INC.",EME US,BB Ticker,United States,,,
Balanced Growth,LISTED EQUITY,GIVAUDAN SA,GIVN SW,BB Ticker,Switzerland,,,
Balanced Growth,LISTED EQUITY,"CONSTELLATION BRANDS, INC.",STZ US,BB Ticker,United States,,,
Balanced Growth,LISTED EQUITY,"TRANSDIGM GROUP, INC.",TDG US,BB Ticker,United States,,,
Balanced Growth,LISTED EQUITY,UNITED THERAPEUTICS CORP.,UTHR US,BB Ticker,United States,,,
Balanced Growth,LISTED EQUITY,ACCTON TECHNOLOGY CORP.,2345 TT,BB Ticker,Taiwan,,,
Balanced Growth,LISTED EQUITY,AMPHENOL CORP.,APH US,BB Ticker,United States,,,
Balanced Growth,LISTED EQUITY,NETWEALTH GROUP LTD.,NWL AU,BB Ticker,Australia,,,
Balanced Growth,LISTED EQUITY,U.S. BANCORP,USB US,BB Ticker,United States,,,
Balanced Growth,LISTED EQUITY,"DEXCOM, INC.",DXCM US,BB Ticker,United States,,,
Balanced Growth,LISTED EQUITY,"LIVE NATION ENTERTAINMENT, INC.",LYV US,BB Ticker,United States,,,
Balanced Growth,LISTED EQUITY,"CARDINAL HEALTH, INC.",CAH US,BB Ticker,United States,,,
Balanced Growth,LISTED EQUITY,"EBAY, INC.",EBAY US,BB Ticker,United States,,,
Balanced Growth,LISTED EQUITY,"LEIDOS HOLDINGS, INC.",LDOS US,BB Ticker,United States,,,
Balanced Growth,LISTED EQUITY,CIENA CORP.,CIEN US,BB Ticker,United States,,,
Balanced Growth,LISTED EQUITY,"WYNDHAM HOTELS & RESORTS, INC.",WH US,BB Ticker,United States,,,
Balanced Growth,LISTED EQUITY,"DIAMONDBACK ENERGY, INC.",FANG US,BB Ticker,United States,,,
Balanced Growth,LISTED EQUITY,BARCLAYS PLC,BARC LN,BB Ticker,United Kingdom,,,
Balanced Growth,LISTED EQUITY,NUFARM LTD.,NUF AU,BB Ticker,Australia,,,
Balanced Growth,LISTED EQUITY,SOCIETE GENERALE SA,GLE FP,BB Ticker,France,,,
Balanced Growth,LISTED EQUITY,MARATHON PETROLEUM CORP.,MPC US,BB Ticker,United States,,,
Balanced Growth,LISTED EQUITY,DAIKIN INDUSTRIES LTD.,6367 JP,BB Ticker,Japan,,,
Balanced Growth,LISTED EQUITY,SUPER RETAIL GROUP LTD.,SUL AU,BB Ticker,Australia,,,
Balanced Growth,LISTED EQUITY,TECHTRONIC INDUSTRIES CO. LTD.,669 HK,BB Ticker,Hong Kong,,,
Balanced Growth,LISTED EQUITY,TOTVS SA,TOTS3 BZ,BB Ticker,Brazil,,,
Balanced Growth,LISTED EQUITY,"MISUMI GROUP, INC.",9962 JP,BB Ticker,Japan,,,
Balanced Growth,LISTED EQUITY,BARRICK GOLD CORP.,ABX CN,BB Ticker,Canada,,,
Balanced Growth,LISTED EQUITY,"SS&C TECHNOLOGIES HOLDINGS, INC.",SSNC US,BB Ticker,United States,,,
Balanced Growth,LISTED EQUITY,"WASTE MANAGEMENT, INC.",WM US,BB Ticker,United States,,,
Balanced Growth,LISTED EQUITY,"MIZUHO FINANCIAL GROUP, INC.",8411 JP,BB Ticker,Japan,,,
Balanced Growth,LISTED EQUITY,CHUBB LTD.,CB US,BB Ticker,United States,,,
Balanced Growth,LISTED EQUITY,NORDEA BANK ABP,NDA FH,BB Ticker,Finland,,,
Balanced Growth,LISTED EQUITY,PETROLEO BRASILEIRO SA,PBR US,BB Ticker,United States,,,
Balanced Growth,LISTED EQUITY,"UNITED PARCEL SERVICE, INC.",UPS US,BB Ticker,United States,,,
Balanced Growth,LISTED EQUITY,BP PLC,BP LN,BB Ticker,United Kingdom,,,
Balanced Growth,LISTED EQUITY,PINNACLE INVESTMENT MANAGEMENT GROUP LTD.,PNI AU,BB Ticker,Australia,,,
Balanced Growth,LISTED EQUITY,ZIP CO. LTD.,ZIP AU,BB Ticker,Australia,,,
Balanced Growth,LISTED EQUITY,DAIICHI SANKYO CO. LTD.,4568 JP,BB Ticker,Japan,,,
Balanced Growth,LISTED EQUITY,LLOYDS BANKING GROUP PLC,LLOY LN,BB Ticker,United Kingdom,,,
Balanced Growth,LISTED EQUITY,SITEMINDER LTD.,SDR AU,BB Ticker,Australia,,,
Balanced Growth,LISTED EQUITY,RELIANCE WORLDWIDE CORP. LTD.,RWC AU,BB Ticker,Australia,,,
Balanced Growth,LISTED EQUITY,UNITED BREWERIES LTD.,UBBL IN,BB Ticker,India,,,
Balanced Growth,LISTED EQUITY,AEGON LTD.,AGN NA,BB Ticker,Netherlands,,,
Balanced Growth,LISTED EQUITY,BAKER HUGHES CO.,BKR US,BB Ticker,United States,,,
Balanced Growth,LISTED EQUITY,"ROCKWELL AUTOMATION, INC.",ROK US,BB Ticker,United States,,,
Balanced Growth,LISTED EQUITY,LOBLAW COS. LTD.,L CN,BB Ticker,Canada,,,
Balanced Growth,LISTED EQUITY,"AXON ENTERPRISE, INC.",AXON US,BB Ticker,United States,,,
Balanced Growth,LISTED EQUITY,ROYAL BANK OF CANADA,RY CN,BB Ticker,Canada,,,
Balanced Growth,LISTED EQUITY,HONDA MOTOR CO. LTD.,7267 JP,BB Ticker,Japan,,,
Balanced Growth,LISTED EQUITY,WAL-MART DE MEXICO SAB DE CV,WALMEX MM,BB Ticker,Mexico,,,
Balanced Growth,LISTED EQUITY,SANDVIK AB,SAND SS,BB Ticker,Sweden,,,
Balanced Growth,LISTED EQUITY,"KB FINANCIAL GROUP, INC.",105560 KS,BB Ticker,South Korea,,,
Balanced Growth,LISTED EQUITY,"ELF BEAUTY, INC.",ELF US,BB Ticker,United States,,,
Balanced Growth,LISTED EQUITY,"ILLUMINA, INC.",ILMN US,BB Ticker,United States,,,
Balanced Growth,LISTED EQUITY,"VEEVA SYSTEMS, INC.",VEEV US,BB Ticker,United States,,,
Balanced Growth,LISTED EQUITY,"INTERCONTINENTAL EXCHANGE, INC.",ICE US,BB Ticker,United States,,,
Balanced Growth,LISTED EQUITY,STATE STREET CORP.,STT US,BB Ticker,United States,,,
Balanced Growth,LISTED EQUITY,CARVANA CO.,CVNA US,BB Ticker,United States,,,
Balanced Growth,LISTED EQUITY,COMPUTER AGE MANAGEMENT SERVICES LTD.,CAMS IN,BB Ticker,India,,,
Balanced Growth,LISTED EQUITY,"CUMMINS, INC.",CMI US,BB Ticker,United States,,,
Balanced Growth,LISTED EQUITY,"CORNING, INC.",GLW US,BB Ticker,United States,,,
Balanced Growth,LISTED EQUITY,"ILLINOIS TOOL WORKS, INC.",ITW US,BB Ticker,United States,,,
Balanced Growth,LISTED EQUITY,AXA SA,CS FP,BB Ticker,France,,,
Balanced Growth,LISTED EQUITY,TOYOTA MOTOR CORP.,7203 JP,BB Ticker,Japan,,,
Balanced Growth,LISTED EQUITY,"PALO ALTO NETWORKS, INC.",PANW US,BB Ticker,United States,,,
Balanced Growth,LISTED EQUITY,KRAFT HEINZ CO.,KHC US,BB Ticker,United States,,,
Balanced Growth,LISTED EQUITY,MONCLER SPA,MONC IM,BB Ticker,Italy,,,
Balanced Growth,LISTED EQUITY,AUCKLAND INTERNATIONAL AIRPORT LTD.,AIA AU,BB Ticker,Australia,,,
Balanced Growth,LISTED EQUITY,"PPG INDUSTRIES, INC.",PPG US,BB Ticker,United States,,,
Balanced Growth,LISTED EQUITY,"CENOVUS ENERGY, INC.",CVE CN,BB Ticker,Canada,,,
Balanced Growth,LISTED EQUITY,NOVARTIS AG,NVS US,BB Ticker,United States,,,
Balanced Growth,LISTED EQUITY,"FIDELITY NATIONAL INFORMATION SERVICES, INC.",FIS US,BB Ticker,United States,,,
Balanced Growth,LISTED EQUITY,ROLLS-ROYCE HOLDINGS PLC,RR LN,BB Ticker,United Kingdom,,,
Balanced Growth,LISTED EQUITY,NU HOLDINGS LTD.,NU US,BB Ticker,United States,,,
Balanced Growth,LISTED EQUITY,TAKEDA PHARMACEUTICAL CO. LTD.,4502 JP,BB Ticker,Japan,,,
Balanced Growth,LISTED EQUITY,ASML HOLDING NV,ASML US,BB Ticker,United States,,,
Balanced Growth,LISTED EQUITY,G8 EDUCATION LTD.,GEM AU,BB Ticker,Australia,,,
Balanced Growth,LISTED EQUITY,INCYTE CORP.,INCY US,BB Ticker,United States,,,
Balanced Growth,LISTED EQUITY,SUBARU CORP.,7270 JP,BB Ticker,Japan,,,
Balanced Growth,LISTED EQUITY,"SUMITOMO MITSUI FINANCIAL GROUP, INC.",8316 JP,BB Ticker,Japan,,,
Balanced Growth,LISTED EQUITY,BROOKFIELD CORP.,BN CN,BB Ticker,Canada,,,
Balanced Growth,LISTED EQUITY,"KNIGHT-SWIFT TRANSPORTATION HOLDINGS, INC.",KNX US,BB Ticker,United States,,,
Balanced Growth,LISTED EQUITY,GOLD FIELDS LTD.,GFI US,BB Ticker,United States,,,
Balanced Growth,LISTED EQUITY,TONGWEI CO. LTD.,600438 C1,BB Ticker,China,,,
Balanced Growth,LISTED EQUITY,CAPITAL ONE FINANCIAL CORP.,COF US,BB Ticker,United States,,,
Balanced Growth,LISTED EQUITY,SILERGY CORP.,6415 TT,BB Ticker,Taiwan,,,
Balanced Growth,LISTED EQUITY,LVMH MOET HENNESSY LOUIS VUITTON SE,MC FP,BB Ticker,France,,,
Balanced Growth,LISTED EQUITY,KIA CORP.,000270 KS,BB Ticker,South Korea,,,
Balanced Growth,LISTED EQUITY,BIM BIRLESIK MAGAZALAR AS,BIMAS TI,BB Ticker,Turkey,,,
Balanced Growth,LISTED EQUITY,"CHARLES RIVER LABORATORIES INTERNATIONAL, INC.",CRL US,BB Ticker,United States,,,
Balanced Growth,LISTED EQUITY,TRUIST FINANCIAL CORP.,TFC US,BB Ticker,United States,,,
Balanced Growth,LISTED EQUITY,ENEL SPA,ENEL IM,BB Ticker,Italy,,,
Balanced Growth,LISTED EQUITY,AKBANK TAS,AKBNK TI,BB Ticker,Turkey,,,
Balanced Growth,LISTED EQUITY,VODAFONE GROUP PLC,VOD LN,BB Ticker,United Kingdom,,,
Balanced Growth,LISTED EQUITY,BIONTECH SE,BNTX US,BB Ticker,United States,,,
Balanced Growth,LISTED EQUITY,QUALITAS CONTROLADORA SAB DE CV,Q MM,BB Ticker,Mexico,,,
Balanced Growth,LISTED EQUITY,"HASBRO, INC.",HAS US,BB Ticker,United States,,,
Balanced Growth,LISTED EQUITY,HALLIBURTON CO.,HAL US,BB Ticker,United States,,,
Balanced Growth,LISTED EQUITY,M&T BANK CORP.,MTB US,BB Ticker,United States,,,
Balanced Growth,LISTED EQUITY,FISHER & PAYKEL HEALTHCARE CORP. LTD.,FPH AU,BB Ticker,Australia,,,
Balanced Growth,LISTED EQUITY,INTERGLOBE AVIATION LTD.,INDIGO IN,BB Ticker,India,,,
Balanced Growth,LISTED EQUITY,PERSEUS MINING LTD.,PRU AU,BB Ticker,Australia,,,
Balanced Growth,LISTED EQUITY,"VOYA FINANCIAL, INC.",VOYA US,BB Ticker,United States,,,
Balanced Growth,LISTED EQUITY,KINROSS GOLD CORP.,K CN,BB Ticker,Canada,,,
Balanced Growth,LISTED EQUITY,MANULIFE FINANCIAL CORP.,MFC CN,BB Ticker,Canada,,,
Balanced Growth,LISTED EQUITY,"BIOGEN, INC.",BIIB US,BB Ticker,United States,,,
Balanced Growth,LISTED EQUITY,WILLIS TOWERS WATSON PLC,WTW US,BB Ticker,United States,,,
Balanced Growth,LISTED EQUITY,"CBOE GLOBAL MARKETS, INC.",CBOE US,BB Ticker,United States,,,
Balanced Growth,LISTED EQUITY,MERCK KGAA,MRK GR,BB Ticker,Germany,,,
Balanced Growth,LISTED EQUITY,"CHIPOTLE MEXICAN GRILL, INC.",CMG US,BB Ticker,United States,,,
Balanced Growth,LISTED EQUITY,TARGA RESOURCES CORP.,TRGP US,BB Ticker,United States,,,
Balanced Growth,LISTED EQUITY,ZIJIN MINING GROUP CO. LTD.,2899 HK,BB Ticker,Hong Kong,,,
Balanced Growth,LISTED EQUITY,HYUNDAI MOTOR CO.,005380 KS,BB Ticker,South Korea,,,
Balanced Growth,LISTED EQUITY,MACMAHON HOLDINGS LTD.,MAH AU,BB Ticker,Australia,,,
Balanced Growth,LISTED EQUITY,CANADIAN IMPERIAL BANK OF COMMERCE,CM CN,BB Ticker,Canada,,,
Balanced Growth,LISTED EQUITY,VENTIA SERVICES GROUP PTY. LTD.,VNT AU,BB Ticker,Australia,,,
Balanced Growth,LISTED EQUITY,PREMIER INVESTMENTS LTD.,PMV AU,BB Ticker,Australia,,,
Balanced Growth,LISTED EQUITY,"SILGAN HOLDINGS, INC.",SLGN US,BB Ticker,United States,,,
Balanced Growth,LISTED EQUITY,"HONEYWELL INTERNATIONAL, INC.",HON US,BB Ticker,United States,,,
Balanced Growth,LISTED EQUITY,"BORGWARNER, INC.",BWA US,BB Ticker,United States,,,
Balanced Growth,LISTED EQUITY,GLENCORE PLC,GLEN LN,BB Ticker,United Kingdom,,,
Balanced Growth,LISTED EQUITY,"LI AUTO, INC.",LI US,BB Ticker,United States,,,
Balanced Growth,LISTED EQUITY,KONINKLIJKE PHILIPS NV,PHIA NA,BB Ticker,Netherlands,,,
Balanced Growth,LISTED EQUITY,GOLD ROAD RESOURCES LTD.,GOR AU,BB Ticker,Australia,,,
Balanced Growth,LISTED EQUITY,ADVANTEST CORP.,6857 JP,BB Ticker,Japan,,,
Balanced Growth,LISTED EQUITY,RAMELIUS RESOURCES LTD.,RMS AU,BB Ticker,Australia,,,
Balanced Growth,LISTED EQUITY,"FIRST SOLAR, INC.",FSLR US,BB Ticker,United States,,,
Balanced Growth,LISTED EQUITY,"MCCORMICK & CO., INC.",MKC US,BB Ticker,United States,,,
Balanced Growth,LISTED EQUITY,UBS GROUP AG,UBSG SW,BB Ticker,Switzerland,,,
Balanced Growth,LISTED EQUITY,THOMSON REUTERS CORP.,TRI CN,BB Ticker,Canada,,,
Balanced Growth,LISTED EQUITY,"GE VERNOVA, INC.",GEV US,BB Ticker,United States,,,
Balanced Growth,LISTED EQUITY,GENTEX CORP.,GNTX US,BB Ticker,United States,,,
Balanced Growth,LISTED EQUITY,ARCH CAPITAL GROUP LTD.,ACGL US,BB Ticker,United States,,,
Balanced Growth,LISTED EQUITY,FEDEX CORP.,FDX US,BB Ticker,United States,,,
Balanced Growth,LISTED EQUITY,CHINA INTERNATIONAL CAPITAL CORP. LTD.,3908 HK,BB Ticker,Hong Kong,,,
Balanced Growth,LISTED EQUITY,CHAMPION IRON LTD.,CIA AU,BB Ticker,Australia,,,
Balanced Growth,LISTED EQUITY,"NVR, INC.",NVR US,BB Ticker,United States,,,
Balanced Growth,LISTED EQUITY,"LI AUTO, INC.",2015 HK,BB Ticker,Hong Kong,,,
Balanced Growth,LISTED EQUITY,EQUINOR ASA,EQNR NO,BB Ticker,Belgium,,,
Balanced Growth,LISTED EQUITY,"ALLY FINANCIAL, INC.",ALLY US,BB Ticker,United States,,,
Balanced Growth,LISTED EQUITY,"WARNER BROS DISCOVERY, INC.",WBD US,BB Ticker,United States,,,
Balanced Growth,LISTED EQUITY,"METLIFE, INC.",MET US,BB Ticker,United States,,,
Balanced Growth,LISTED EQUITY,TITAN CO. LTD.,TTAN IN,BB Ticker,India,,,
Balanced Growth,LISTED EQUITY,CEMEX SAB DE CV,CX US,BB Ticker,United States,,,
Balanced Growth,LISTED EQUITY,ARCHER-DANIELS-MIDLAND CO.,ADM US,BB Ticker,United States,,,
Balanced Growth,LISTED EQUITY,CLOROX CO.,CLX US,BB Ticker,United States,,,
Balanced Growth,LISTED EQUITY,"NEUROCRINE BIOSCIENCES, INC.",NBIX US,BB Ticker,United States,,,
Balanced Growth,LISTED EQUITY,CANADIAN NATURAL RESOURCES LTD.,CNQ US,BB Ticker,United States,,,
Balanced Growth,LISTED EQUITY,AGNICO EAGLE MINES LTD.,AEM CN,BB Ticker,Canada,,,
Balanced Growth,LISTED EQUITY,"PULTEGROUP, INC.",PHM US,BB Ticker,United States,,,
Balanced Growth,LISTED EQUITY,"INTERNATIONAL FLAVORS & FRAGRANCES, INC.",IFF US,BB Ticker,United States,,,
Balanced Growth,LISTED EQUITY,"BLACKROCK, INC.",BLK US,BB Ticker,United States,,,
Balanced Growth,LISTED EQUITY,"MONDELEZ INTERNATIONAL, INC.",MDLZ US,BB Ticker,United States,,,
Balanced Growth,LISTED EQUITY,EQT CORP.,EQT US,BB Ticker,United States,,,
Balanced Growth,LISTED EQUITY,UNIMICRON TECHNOLOGY CORP.,3037 TT,BB Ticker,Taiwan,,,
Balanced Growth,LISTED EQUITY,GRUPO FINANCIERO BANORTE SAB DE CV,GFNORTEO MM,BB Ticker,Mexico,,,
Balanced Growth,LISTED EQUITY,BANK OF IRELAND GROUP PLC,BIRG LN,BB Ticker,United Kingdom,,,
Balanced Growth,LISTED EQUITY,EVONIK INDUSTRIES AG,EVK GR,BB Ticker,Germany,,,
Balanced Growth,LISTED EQUITY,"RESMED, INC.",RMD US,BB Ticker,United States,,,
Balanced Growth,LISTED EQUITY,"ZOETIS, INC.",ZTS US,BB Ticker,United States,,,
Balanced Growth,LISTED EQUITY,HOA PHAT GROUP JSC,HPG VN,BB Ticker,Vietnam,,,
Balanced Growth,LISTED EQUITY,SPARTAN RESOURCES LTD.,SPR AU,BB Ticker,Australia,,,
Balanced Growth,LISTED EQUITY,BANK OF QUEENSLAND LTD.,BOQ AU,BB Ticker,Australia,,,
Balanced Growth,LISTED EQUITY,DOVER CORP.,DOV US,BB Ticker,United States,,,
Balanced Growth,LISTED EQUITY,"CARLISLE COS., INC.",CSL US,BB Ticker,United States,,,
Balanced Growth,LISTED EQUITY,"ROBINHOOD MARKETS, INC.",HOOD US,BB Ticker,United States,,,
Balanced Growth,LISTED EQUITY,SWEDBANK AB,SWEDA SS,BB Ticker,Sweden,,,
Balanced Growth,LISTED EQUITY,BREVILLE GROUP LTD.,BRG AU,BB Ticker,Australia,,,
Balanced Growth,LISTED EQUITY,"QORVO, INC.",QRVO US,BB Ticker,United States,,,
Balanced Growth,LISTED EQUITY,KONINKLIJKE AHOLD DELHAIZE NV,AD NA,BB Ticker,Netherlands,,,
Balanced Growth,LISTED EQUITY,HARVEY NORMAN HOLDINGS LTD.,HVN AU,BB Ticker,Australia,,,
Balanced Growth,LISTED EQUITY,"TPG, INC.",TPG US,BB Ticker,United States,,,
Balanced Growth,LISTED EQUITY,BOOZ ALLEN HAMILTON HOLDING CORP.,BAH US,BB Ticker,United States,,,
Balanced Growth,LISTED EQUITY,ALIBABA GROUP HOLDING LTD.,BABA US,BB Ticker,United States,,,
Balanced Growth,LISTED EQUITY,WIX.COM LTD.,WIX US,BB Ticker,United States,,,
Balanced Growth,LISTED EQUITY,PALADIN ENERGY LTD.,PDN AU,BB Ticker,Australia,,,
Balanced Growth,LISTED EQUITY,SKYCITY ENTERTAINMENT GROUP LTD.,SKC AU,BB Ticker,Australia,,,
Balanced Growth,LISTED EQUITY,CODAN LTD.,CDA AU,BB Ticker,Australia,,,
Balanced Growth,LISTED EQUITY,RAIA DROGASIL SA,RADL3 BZ,BB Ticker,Brazil,,,
Balanced Growth,LISTED EQUITY,"TOKIO MARINE HOLDINGS, INC.",8766 JP,BB Ticker,Japan,,,
Balanced Growth,LISTED EQUITY,INFORMA PLC,INF LN,BB Ticker,United Kingdom,,,
Balanced Growth,LISTED EQUITY,HALEON PLC,HLN LN,BB Ticker,United Kingdom,,,
Balanced Growth,LISTED EQUITY,"ANSYS, INC.",ANSS US,BB Ticker,United States,,,
Balanced Growth,LISTED EQUITY,FAIR ISAAC CORP.,FICO US,BB Ticker,United States,,,
Balanced Growth,LISTED EQUITY,FRESENIUS SE & CO. KGAA,FRE GR,BB Ticker,Germany,,,
Balanced Growth,LISTED EQUITY,"ASSURANT, INC.",AIZ US,BB Ticker,United States,,,
Balanced Growth,LISTED EQUITY,KWEICHOW MOUTAI CO. LTD.,600519 C1,BB Ticker,China,,,
Balanced Growth,LISTED EQUITY,BEIGENE LTD.,ONC US,BB Ticker,United States,,,
Balanced Growth,LISTED EQUITY,"CROWDSTRIKE HOLDINGS, INC.",CRWD US,BB Ticker,United States,,,
Balanced Growth,LISTED EQUITY,FORD MOTOR CO.,F US,BB Ticker,United States,,,
Balanced Growth,LISTED EQUITY,MATSUKIYOCOCOKARA & CO.,3088 JP,BB Ticker,Japan,,,
Balanced Growth,LISTED EQUITY,CANADIAN NATURAL RESOURCES LTD.,CNQ CN,BB Ticker,Canada,,,
Balanced Growth,LISTED EQUITY,SANDS CHINA LTD.,1928 HK,BB Ticker,Hong Kong,,,
Balanced Growth,LISTED EQUITY,BALL CORP.,BALL US,BB Ticker,United States,,,
Balanced Growth,LISTED EQUITY,"NRG ENERGY, INC.",NRG US,BB Ticker,United States,,,
Balanced Growth,LISTED EQUITY,BANK MANDIRI PERSERO TBK PT,BMRI IJ,BB Ticker,Indonesia,,,
Balanced Growth,LISTED EQUITY,"TEXTRON, INC.",TXT US,BB Ticker,United States,,,
Balanced Growth,LISTED EQUITY,AMP LTD.,AMP AU,BB Ticker,Australia,,,
Balanced Growth,LISTED EQUITY,"ACUITY BRANDS, INC.",AYI US,BB Ticker,United States,,,
Balanced Growth,LISTED EQUITY,FAIRFAX FINANCIAL HOLDINGS LTD.,FFH CN,BB Ticker,Canada,,,
Balanced Growth,LISTED EQUITY,TARGET CORP.,TGT US,BB Ticker,United States,,,
Balanced Growth,LISTED EQUITY,MITSUBISHI ELECTRIC CORP.,6503 JP,BB Ticker,Japan,,,
Balanced Growth,LISTED EQUITY,HACI OMER SABANCI HOLDING AS,SAHOL TI,BB Ticker,Turkey,,,
Balanced Growth,LISTED EQUITY,MACROTECH DEVELOPERS LTD.,LODHA IN,BB Ticker,India,,,
Balanced Growth,LISTED EQUITY,"YUM CHINA HOLDINGS, INC.",YUMC US,BB Ticker,United States,,,
Balanced Growth,LISTED EQUITY,"BROWN & BROWN, INC.",BRO US,BB Ticker,United States,,,
Balanced Growth,LISTED EQUITY,WH GROUP LTD.,288 HK,BB Ticker,Hong Kong,,,
Balanced Growth,LISTED EQUITY,AXIS BANK LTD.,AXSB IN,BB Ticker,India,,,
Balanced Growth,LISTED EQUITY,NAVER CORP.,035420 KS,BB Ticker,South Korea,,,
Balanced Growth,LISTED EQUITY,"FERGUSON ENTERPRISES, INC.",FERG US,BB Ticker,United States,,,
Balanced Growth,LISTED EQUITY,CHINA CONSTRUCTION BANK CORP.,939 HK,BB Ticker,Hong Kong,,,
Balanced Growth,LISTED EQUITY,"DELTA ELECTRONICS, INC.",2308 TT,BB Ticker,Taiwan,,,
Balanced Growth,LISTED EQUITY,"FORTIS, INC.",FTS CN,BB Ticker,Canada,,,
Balanced Growth,LISTED EQUITY,"RIVIAN AUTOMOTIVE, INC.",RIVN US,BB Ticker,United States,,,
Balanced Growth,LISTED EQUITY,"QUEST DIAGNOSTICS, INC.",DGX US,BB Ticker,United States,,,
Balanced Growth,LISTED EQUITY,"HP, INC.",HPQ US,BB Ticker,United States,,,
Balanced Growth,LISTED EQUITY,CHINA RESOURCES BEER HOLDINGS CO. LTD.,291 HK,BB Ticker,Hong Kong,,,
Balanced Growth,LISTED EQUITY,"BEST BUY CO., INC.",BBY US,BB Ticker,United States,,,
Balanced Growth,LISTED EQUITY,RENTOKIL INITIAL PLC,RTO LN,BB Ticker,United Kingdom,,,
Balanced Growth,LISTED EQUITY,CHALLENGER LTD.,CGF AU,BB Ticker,Australia,,,
Balanced Growth,LISTED EQUITY,KONGSBERG GRUPPEN ASA,KOG NO,BB Ticker,Belgium,,,
Balanced Growth,LISTED EQUITY,"CONAGRA BRANDS, INC.",CAG US,BB Ticker,United States,,,
Balanced Growth,LISTED EQUITY,POWER GRID CORP. OF INDIA LTD.,PWGR IN,BB Ticker,India,,,
Balanced Growth,LISTED EQUITY,PANASONIC HOLDINGS CORP.,6752 JP,BB Ticker,Japan,,,
Balanced Growth,LISTED EQUITY,SKANDINAVISKA ENSKILDA BANKEN AB,SEBA SS,BB Ticker,Sweden,,,
Balanced Growth,LISTED EQUITY,KAROON ENERGY LTD.,KAR AU,BB Ticker,Australia,,,
Balanced Growth,LISTED EQUITY,XIAOMI CORP.,1810 HK,BB Ticker,Hong Kong,,,
Balanced Growth,LISTED EQUITY,DEUTSCHE POST AG,DHL GR,BB Ticker,Germany,,,
Balanced Growth,LISTED EQUITY,"ETSY, INC.",ETSY US,BB Ticker,United States,,,
Balanced Growth,LISTED EQUITY,OWENS CORNING,OC US,BB Ticker,United States,,,
Balanced Growth,LISTED EQUITY,WESTGOLD RESOURCES LTD.,WGX AU,BB Ticker,Australia,,,
Balanced Growth,LISTED EQUITY,PIRAEUS FINANCIAL HOLDINGS SA,TPEIR GA,BB Ticker,Greece,,,
Balanced Growth,LISTED EQUITY,RH,RH US,BB Ticker,United States,,,
Balanced Growth,LISTED EQUITY,"BLACKSTONE, INC.",BX US,BB Ticker,United States,,,
Balanced Growth,LISTED EQUITY,UNILEVER PLC,UNA NA,BB Ticker,Netherlands,,,
Balanced Growth,LISTED EQUITY,BARRICK GOLD CORP.,GOLD US,BB Ticker,United States,,,
Balanced Growth,LISTED EQUITY,ITAU UNIBANCO HOLDING SA,ITUB4 BZ,BB Ticker,Brazil,,,
Balanced Growth,LISTED EQUITY,DLF LTD.,DLFU IN,BB Ticker,India,,,
Balanced Growth,LISTED EQUITY,KAO CORP.,4452 JP,BB Ticker,Japan,,,
Balanced Growth,LISTED EQUITY,SERVICE STREAM LTD.,SSM AU,BB Ticker,Australia,,,
Balanced Growth,LISTED EQUITY,"CORTEVA, INC.",CTVA US,BB Ticker,United States,,,
Balanced Growth,LISTED EQUITY,SAFRAN SA,SAF FP,BB Ticker,France,,,
Balanced Growth,LISTED EQUITY,WEST AFRICAN RESOURCES LTD.,WAF AU,BB Ticker,Australia,,,
Balanced Growth,LISTED EQUITY,"DOCUSIGN, INC.",DOCU US,BB Ticker,United States,,,
Balanced Growth,LISTED EQUITY,MITSUBISHI ESTATE CO. LTD.,8802 JP,BB Ticker,Japan,,,
Balanced Growth,LISTED EQUITY,SPARK NEW ZEALAND LTD.,SPK AU,BB Ticker,Australia,,,
Balanced Growth,LISTED EQUITY,PEXA GROUP LTD.,PXA AU,BB Ticker,Australia,,,
Balanced Growth,LISTED EQUITY,"DR HORTON, INC.",DHI US,BB Ticker,United States,,,
Balanced Growth,LISTED EQUITY,INSIGNIA FINANCIAL LTD.,IFL AU,BB Ticker,Australia,,,
Balanced Growth,LISTED EQUITY,SELECT HARVESTS LTD.,SHV AU,BB Ticker,Australia,,,
Balanced Growth,LISTED EQUITY,GRAINCORP LTD.,GNC AU,BB Ticker,Australia,,,
Balanced Growth,LISTED EQUITY,"METTLER-TOLEDO INTERNATIONAL, INC.",MTD US,BB Ticker,United States,,,
Balanced Growth,LISTED EQUITY,J SAINSBURY PLC,SBRY LN,BB Ticker,United Kingdom,,,
Balanced Growth,LISTED EQUITY,LOTUS RESOURCES LTD.,LOT AU,BB Ticker,Australia,,,
Balanced Growth,LISTED EQUITY,NATIONAL BANK OF GREECE SA,ETE GA,BB Ticker,Greece,,,
Balanced Growth,LISTED EQUITY,E.ON SE,EOAN GR,BB Ticker,Germany,,,
Balanced Growth,LISTED EQUITY,COCA-COLA HBC AG,CCH LN,BB Ticker,United Kingdom,,,
Balanced Growth,LISTED EQUITY,INFOSYS LTD.,INFY US,BB Ticker,United States,,,
Balanced Growth,LISTED EQUITY,"GUIDEWIRE SOFTWARE, INC.",GWRE US,BB Ticker,United States,,,
Balanced Growth,LISTED EQUITY,"ELEVANCE HEALTH, INC.",ELV US,BB Ticker,United States,,,
Balanced Growth,LISTED EQUITY,AMBEV SA,ABEV3 BZ,BB Ticker,Brazil,,,
Balanced Growth,LISTED EQUITY,EMECO HOLDINGS LTD.,EHL AU,BB Ticker,Australia,,,
Balanced Growth,LISTED EQUITY,EQUINOR ASA,EQNR US,BB Ticker,United States,,,
Balanced Growth,LISTED EQUITY,"NETEASE, INC.",9999 HK,BB Ticker,Hong Kong,,,
Balanced Growth,LISTED EQUITY,NEWS CORP.,NWS AU,BB Ticker,Australia,,,
Balanced Growth,LISTED EQUITY,"MANPOWERGROUP, INC.",MAN US,BB Ticker,United States,,,
Balanced Growth,LISTED EQUITY,HENKEL AG & CO. KGAA,HEN3 GR,BB Ticker,Germany,,,
Balanced Growth,LISTED EQUITY,JAZZ PHARMACEUTICALS PLC,JAZZ US,BB Ticker,United States,,,
Balanced Growth,LISTED EQUITY,TELEFONICA SA,TEF SM,BB Ticker,Spain,,,
Balanced Growth,LISTED EQUITY,"YUM CHINA HOLDINGS, INC.",9987 HK,BB Ticker,Hong Kong,,,
Balanced Growth,LISTED EQUITY,GENMAB AS,GMAB DC,BB Ticker,Denmark,,,
Balanced Growth,LISTED EQUITY,HYDRO ONE LTD.,H CN,BB Ticker,Canada,,,
Balanced Growth,LISTED EQUITY,"COINBASE GLOBAL, INC.",COIN US,BB Ticker,United States,,,
Balanced Growth,LISTED EQUITY,"SHOPIFY, INC.",SHOP CN,BB Ticker,Canada,,,
Balanced Growth,LISTED EQUITY,THK CO. LTD.,6481 JP,BB Ticker,Japan,,,
Balanced Growth,LISTED EQUITY,AGL ENERGY LTD.,AGL AU,BB Ticker,Australia,,,
Balanced Growth,LISTED EQUITY,"LENNOX INTERNATIONAL, INC.",LII US,BB Ticker,United States,,,
Balanced Growth,LISTED EQUITY,"ANALOG DEVICES, INC.",ADI US,BB Ticker,United States,,,
Balanced Growth,LISTED EQUITY,HERA SPA,HER IM,BB Ticker,Italy,,,
Balanced Growth,LISTED EQUITY,"CROWN HOLDINGS, INC.",CCK US,BB Ticker,United States,,,
Balanced Growth,LISTED EQUITY,AMADEUS IT GROUP SA,AMS SM,BB Ticker,Spain,,,
Balanced Growth,LISTED EQUITY,DAIWA HOUSE INDUSTRY CO. LTD.,1925 JP,BB Ticker,Japan,,,
Balanced Growth,LISTED EQUITY,TORONTO-DOMINION BANK,TD CN,BB Ticker,Canada,,,
Balanced Growth,LISTED EQUITY,FMC CORP.,FMC US,BB Ticker,United States,,,
Balanced Growth,LISTED EQUITY,SUMITOMO ELECTRIC INDUSTRIES LTD.,5802 JP,BB Ticker,Japan,,,
Balanced Growth,LISTED EQUITY,WEBJET GROUP LTD.,WJL AU,BB Ticker,Australia,,,
Balanced Growth,LISTED EQUITY,"OVINTIV, INC.",OVV US,BB Ticker,United States,,,
Balanced Growth,LISTED EQUITY,"GARTNER, INC.",IT US,BB Ticker,United States,,,
Balanced Growth,LISTED EQUITY,"CANON, INC.",7751 JP,BB Ticker,Japan,,,
Balanced Growth,LISTED EQUITY,KOMATSU LTD.,6301 JP,BB Ticker,Japan,,,
Balanced Growth,LISTED EQUITY,INDUSTRIAL & COMMERCIAL BANK OF CHINA LTD.,1398 HK,BB Ticker,Hong Kong,,,
Balanced Growth,LISTED EQUITY,KOGAN.COM LTD.,KGN AU,BB Ticker,Australia,,,
Balanced Growth,LISTED EQUITY,"H&R BLOCK, INC.",HRB US,BB Ticker,United States,,,
Balanced Growth,LISTED EQUITY,"VERISIGN, INC.",VRSN US,BB Ticker,United States,,,
Balanced Growth,LISTED EQUITY,"MODERNA, INC.",MRNA US,BB Ticker,United States,,,
Balanced Growth,LISTED EQUITY,CENTRICA PLC,CNA LN,BB Ticker,United Kingdom,,,
Balanced Growth,LISTED EQUITY,"COTERRA ENERGY, INC.",CTRA US,BB Ticker,United States,,,
Balanced Growth,LISTED EQUITY,VERALTO CORP.,VLTO US,BB Ticker,United States,,,
Balanced Growth,LISTED EQUITY,"GENERAC HOLDINGS, INC.",GNRC US,BB Ticker,United States,,,
Balanced Growth,LISTED EQUITY,"MASTEC, INC.",MTZ US,BB Ticker,United States,,,
Balanced Growth,LISTED EQUITY,"INGREDION, INC.",INGR US,BB Ticker,United States,,,
Balanced Growth,LISTED EQUITY,HOLCIM AG,HOLN SW,BB Ticker,Switzerland,,,
Balanced Growth,LISTED EQUITY,JOHNSON CONTROLS INTERNATIONAL PLC,JCI US,BB Ticker,United States,,,
Balanced Growth,LISTED EQUITY,"PACCAR, INC.",PCAR US,BB Ticker,United States,,,
Balanced Growth,LISTED EQUITY,EVOLUTION MINING LTD.,EVN AU,BB Ticker,Australia,,,
Balanced Growth,LISTED EQUITY,VOLVO AB,VOLVB SS,BB Ticker,Sweden,,,
Balanced Growth,LISTED EQUITY,STANDARD CHARTERED PLC,STAN LN,BB Ticker,United Kingdom,,,
Balanced Growth,LISTED EQUITY,AUSTAL LTD.,ASB AU,BB Ticker,Australia,,,
Balanced Growth,LISTED EQUITY,MTN GROUP LTD.,MTN SJ,BB Ticker,South Africa,,,
Balanced Growth,LISTED EQUITY,"MARVELL TECHNOLOGY, INC.",MRVL US,BB Ticker,United States,,,
Balanced Growth,LISTED EQUITY,REGIS RESOURCES LTD.,RRL AU,BB Ticker,Australia,,,
Balanced Growth,LISTED EQUITY,BANK OF CHINA LTD.,3988 HK,BB Ticker,Hong Kong,,,
Balanced Growth,LISTED EQUITY,SMARTGROUP CORP. LTD.,SIQ AU,BB Ticker,Australia,,,
Balanced Growth,LISTED EQUITY,"AMETEK, INC.",AME US,BB Ticker,United States,,,
Balanced Growth,LISTED EQUITY,EQT HOLDINGS LTD.,EQT AU,BB Ticker,Australia,,,
Balanced Growth,LISTED EQUITY,"IQVIA HOLDINGS, INC.",IQV US,BB Ticker,United States,,,
Balanced Growth,LISTED EQUITY,CAIXABANK SA,CABK SM,BB Ticker,Spain,,,
Balanced Growth,LISTED EQUITY,ADAIRS LTD.,ADH AU,BB Ticker,Australia,,,
Balanced Growth,LISTED EQUITY,NATWEST GROUP PLC,NWG LN,BB Ticker,United Kingdom,,,
Balanced Growth,LISTED EQUITY,"DAIWA SECURITIES GROUP, INC.",8601 JP,BB Ticker,Japan,,,
Balanced Growth,LISTED EQUITY,PG&E CORP.,PCG US,BB Ticker,United States,,,
Balanced Growth,LISTED EQUITY,"ONEOK, INC.",OKE US,BB Ticker,United States,,,
Balanced Growth,LISTED EQUITY,MOUNT GIBSON IRON LTD.,MGX AU,BB Ticker,Australia,,,
Balanced Growth,LISTED EQUITY,ZABKA GROUP SA,ZAB PW,BB Ticker,Poland,,,
Balanced Growth,LISTED EQUITY,THALES SA,HO FP,BB Ticker,France,,,
Balanced Growth,LISTED EQUITY,"JD.COM, INC.",9618 HK,BB Ticker,Hong Kong,,,
Balanced Growth,LISTED EQUITY,CREDIT AGRICOLE SA,ACA FP,BB Ticker,France,,,
Balanced Growth,LISTED EQUITY,TRIP.COM GROUP LTD.,9961 HK,BB Ticker,Hong Kong,,,
Balanced Growth,LISTED EQUITY,SHERWIN-WILLIAMS CO.,SHW US,BB Ticker,United States,,,
Balanced Growth,LISTED EQUITY,"COMFORT SYSTEMS USA, INC.",FIX US,BB Ticker,United States,,,
Balanced Growth,LISTED EQUITY,MITSUI FUDOSAN CO. LTD.,8801 JP,BB Ticker,Japan,,,
Balanced Growth,LISTED EQUITY,"ROPER TECHNOLOGIES, INC.",ROP US,BB Ticker,United States,,,
Balanced Growth,LISTED EQUITY,"KKR & CO., INC.",KKR US,BB Ticker,United States,,,
Balanced Growth,LISTED EQUITY,"AMERICAN WATER WORKS CO., INC.",AWK US,BB Ticker,United States,,,
Balanced Growth,LISTED EQUITY,"MANHATTAN ASSOCIATES, INC.",MANH US,BB Ticker,United States,,,
Balanced Growth,LISTED EQUITY,NOVOZYMES AS,NSISB DC,BB Ticker,Denmark,,,
Balanced Growth,LISTED EQUITY,ZEBRA TECHNOLOGIES CORP.,ZBRA US,BB Ticker,United States,,,
Balanced Growth,LISTED EQUITY,KONAMI GROUP CORP.,9766 JP,BB Ticker,Japan,,,
Balanced Growth,LISTED EQUITY,MEIJI HOLDINGS CO. LTD.,2269 JP,BB Ticker,Japan,,,
Balanced Growth,LISTED EQUITY,SIEMENS AG,SIE GR,BB Ticker,Germany,,,
Balanced Growth,LISTED EQUITY,ANGLOGOLD ASHANTI PLC,AU US,BB Ticker,United States,,,
Balanced Growth,LISTED EQUITY,PACKAGING CORP. OF AMERICA,PKG US,BB Ticker,United States,,,
Balanced Growth,LISTED EQUITY,LOEWS CORP.,L US,BB Ticker,United States,,,
Balanced Growth,LISTED EQUITY,CHINA MENGNIU DAIRY CO. LTD.,2319 HK,BB Ticker,Hong Kong,,,
Balanced Growth,LISTED EQUITY,"ROSS STORES, INC.",ROST US,BB Ticker,United States,,,
Balanced Growth,LISTED EQUITY,CONTINENTAL AG,CON GR,BB Ticker,Germany,,,
Balanced Growth,LISTED EQUITY,MGIC INVESTMENT CORP.,MTG US,BB Ticker,United States,,,
Balanced Growth,LISTED EQUITY,"VIATRIS, INC.",VTRS US,BB Ticker,United States,,,
Balanced Growth,LISTED EQUITY,GRAB HOLDINGS LTD.,GRAB US,BB Ticker,United States,,,
Balanced Growth,LISTED EQUITY,DEVON ENERGY CORP.,DVN US,BB Ticker,United States,,,
Balanced Growth,LISTED EQUITY,BROTHER INDUSTRIES LTD.,6448 JP,BB Ticker,Japan,,,
Balanced Growth,LISTED EQUITY,"JACOBS SOLUTIONS, INC.",J US,BB Ticker,United States,,,
Balanced Growth,LISTED EQUITY,COUNTRY GARDEN SERVICES HOLDINGS CO. LTD.,6098 HK,BB Ticker,Hong Kong,,,
Balanced Growth,LISTED EQUITY,ZURICH INSURANCE GROUP AG,ZURN SW,BB Ticker,Switzerland,,,
Balanced Growth,LISTED EQUITY,"HOLOGIC, INC.",HOLX US,BB Ticker,United States,,,
Balanced Growth,LISTED EQUITY,BAYERISCHE MOTOREN WERKE AG,BMW GR,BB Ticker,Germany,,,
Balanced Growth,LISTED EQUITY,EVT LTD.,EVT AU,BB Ticker,Australia,,,
Balanced Growth,LISTED EQUITY,VULCAN MATERIALS CO.,VMC US,BB Ticker,United States,,,
Balanced Growth,LISTED EQUITY,"MICROSTRATEGY, INC.",MSTR US,BB Ticker,United States,,,
Balanced Growth,LISTED EQUITY,BANCO BTG PACTUAL SA,BPAC11 BZ,BB Ticker,Brazil,,,
Balanced Growth,LISTED EQUITY,DOLLAR GENERAL CORP.,DG US,BB Ticker,United States,,,
Balanced Growth,LISTED EQUITY,FLUTTER ENTERTAINMENT PLC,FLUT US,BB Ticker,United States,,,
Balanced Growth,LISTED EQUITY,KDDI CORP.,9433 JP,BB Ticker,Japan,,,
Balanced Growth,LISTED EQUITY,CANADIAN UTILITIES LTD.,CU CN,BB Ticker,Canada,,,
Balanced Growth,LISTED EQUITY,SMITHS GROUP PLC,SMIN LN,BB Ticker,United Kingdom,,,
Balanced Growth,LISTED EQUITY,"PRUDENTIAL FINANCIAL, INC.",PRU US,BB Ticker,United States,,,
Balanced Growth,LISTED EQUITY,"COREBRIDGE FINANCIAL, INC.",CRBG US,BB Ticker,United States,,,
Balanced Growth,LISTED EQUITY,LG ENERGY SOLUTION LTD.,373220 KS,BB Ticker,South Korea,,,
Balanced Growth,LISTED EQUITY,"INTERACTIVE BROKERS GROUP, INC.",IBKR US,BB Ticker,United States,,,
Balanced Growth,LISTED EQUITY,COLLINS FOODS LTD.,CKF AU,BB Ticker,Australia,,,
Balanced Growth,LISTED EQUITY,ENI SPA,ENI IM,BB Ticker,Italy,,,
Balanced Growth,LISTED EQUITY,SANKYO CO. LTD.,6417 JP,BB Ticker,Japan,,,
Balanced Growth,LISTED EQUITY,SVENSKA HANDELSBANKEN AB,SHBA SS,BB Ticker,Sweden,,,
Balanced Growth,LISTED EQUITY,MAGELLAN FINANCIAL GROUP LTD.,MFG AU,BB Ticker,Australia,,,
Balanced Growth,LISTED EQUITY,SINGAPORE TELECOMMUNICATIONS LTD.,ST SP,BB Ticker,Singapore,,,
Balanced Growth,LISTED EQUITY,EIFFAGE SA,FGR FP,BB Ticker,France,,,
Balanced Growth,LISTED EQUITY,HCL TECHNOLOGIES LTD.,HCLT IN,BB Ticker,India,,,
Balanced Growth,LISTED EQUITY,"PUBLIC SERVICE ENTERPRISE GROUP, INC.",PEG US,BB Ticker,United States,,,
Balanced Growth,LISTED EQUITY,SYNGENE INTERNATIONAL LTD.,SYNG IN,BB Ticker,India,,,
Balanced Growth,LISTED EQUITY,"WW GRAINGER, INC.",GWW US,BB Ticker,United States,,,
Balanced Growth,LISTED EQUITY,STELLANTIS NV,STLAM IM,BB Ticker,Italy,,,
Balanced Growth,LISTED EQUITY,CHINA RESOURCES LAND LTD.,1109 HK,BB Ticker,Hong Kong,,,
Balanced Growth,LISTED EQUITY,ACCENT GROUP LTD.,AX1 AU,BB Ticker,Australia,,,
Balanced Growth,LISTED EQUITY,FPT CORP.,FPT VN,BB Ticker,Vietnam,,,
Balanced Growth,LISTED EQUITY,TECHNIPFMC PLC,FTI US,BB Ticker,United States,,,
Balanced Growth,LISTED EQUITY,TELIX PHARMACEUTICALS LTD.,TLX AU,BB Ticker,Australia,,,
Balanced Growth,LISTED EQUITY,BUNGE GLOBAL SA,BG US,BB Ticker,United States,,,
Balanced Growth,LISTED EQUITY,COLGATE-PALMOLIVE INDIA LTD.,CLGT IN,BB Ticker,India,,,
Balanced Growth,LISTED EQUITY,VEOLIA ENVIRONNEMENT SA,VIE FP,BB Ticker,France,,,
Balanced Growth,LISTED EQUITY,BANNERMAN ENERGY LTD.,BMN AU,BB Ticker,Australia,,,
Balanced Growth,LISTED EQUITY,CETTIRE LTD.,CTT AU,BB Ticker,Australia,,,
Balanced Growth,LISTED EQUITY,MAHINDRA & MAHINDRA LTD.,MM IN,BB Ticker,India,,,
Balanced Growth,LISTED EQUITY,"SNOWFLAKE, INC.",SNOW US,BB Ticker,United States,,,
Balanced Growth,LISTED EQUITY,YPF SA,YPF US,BB Ticker,United States,,,
Balanced Growth,LISTED EQUITY,"QUANTA COMPUTER, INC.",2382 TT,BB Ticker,Taiwan,,,
Balanced Growth,LISTED EQUITY,"ENEOS HOLDINGS, INC.",5020 JP,BB Ticker,Japan,,,
Balanced Growth,LISTED EQUITY,BASF SE,BAS GR,BB Ticker,Germany,,,
Balanced Growth,LISTED EQUITY,TENET HEALTHCARE CORP.,THC US,BB Ticker,United States,,,
Balanced Growth,LISTED EQUITY,PHILLIPS 66,PSX US,BB Ticker,United States,,,
Balanced Growth,LISTED EQUITY,"BUILDERS FIRSTSOURCE, INC.",BLDR US,BB Ticker,United States,,,
Balanced Growth,LISTED EQUITY,IMDEX LTD.,IMD AU,BB Ticker,Australia,,,
Balanced Growth,LISTED EQUITY,"HUMANA, INC.",HUM US,BB Ticker,United States,,,
Balanced Growth,LISTED EQUITY,KINGFISHER PLC,KGF LN,BB Ticker,United Kingdom,,,
Balanced Growth,LISTED EQUITY,VALE SA,VALE US,BB Ticker,United States,,,
Balanced Growth,LISTED EQUITY,CHINA MERCHANTS SHEKOU INDUSTRIAL ZONE HOLDINGS CO. LTD.,001979 C2,BB Ticker,China,,,
Balanced Growth,LISTED EQUITY,"CGI, INC.",GIBA CN,BB Ticker,Canada,,,
Balanced Growth,LISTED EQUITY,ASSOCIATED BRITISH FOODS PLC,ABF LN,BB Ticker,United Kingdom,,,
Balanced Growth,LISTED EQUITY,AON PLC,AON US,BB Ticker,United States,,,
Balanced Growth,LISTED EQUITY,GMR AIRPORTS INFRASTRUCTURE LTD.,GMRAIRPO IN,BB Ticker,India,,,
Balanced Growth,LISTED EQUITY,MOLSON COORS BEVERAGE CO.,TAP US,BB Ticker,United States,,,
Balanced Growth,LISTED EQUITY,DISCOVER FINANCIAL SERVICES,DFS US,BB Ticker,United States,,,
Balanced Growth,LISTED EQUITY,AGRICULTURAL BANK OF CHINA LTD.,1288 HK,BB Ticker,Hong Kong,,,
Balanced Growth,LISTED EQUITY,UNUM GROUP,UNM US,BB Ticker,United States,,,
Balanced Growth,LISTED EQUITY,CHALICE MINING LTD.,CHN AU,BB Ticker,Australia,,,
Balanced Growth,LISTED EQUITY,"AMERIPRISE FINANCIAL, INC.",AMP US,BB Ticker,United States,,,
Balanced Growth,LISTED EQUITY,"BREAD FINANCIAL HOLDINGS, INC.",BFH US,BB Ticker,United States,,,
Balanced Growth,LISTED EQUITY,TERUMO CORP.,4543 JP,BB Ticker,Japan,,,
Balanced Growth,LISTED EQUITY,ROYALTY PHARMA PLC,RPRX US,BB Ticker,United States,,,
Balanced Growth,LISTED EQUITY,MURATA MANUFACTURING CO. LTD.,6981 JP,BB Ticker,Japan,,,
Balanced Growth,LISTED EQUITY,COSCO SHIPPING HOLDINGS CO. LTD.,1919 HK,BB Ticker,Hong Kong,,,
Balanced Growth,LISTED EQUITY,"TOLL BROTHERS, INC.",TOL US,BB Ticker,United States,,,
Balanced Growth,LISTED EQUITY,BHARAT FORGE LTD.,BHFC IN,BB Ticker,India,,,
Balanced Growth,LISTED EQUITY,FAST RETAILING CO. LTD.,9983 JP,BB Ticker,Japan,,,
Balanced Growth,LISTED EQUITY,"JACKSON FINANCIAL, INC.",JXN US,BB Ticker,United States,,,
Balanced Growth,LISTED EQUITY,LYONDELLBASELL INDUSTRIES NV,LYB US,BB Ticker,United States,,,
Balanced Growth,LISTED EQUITY,ORSTED AS,ORSTED DC,BB Ticker,Denmark,,,
Balanced Growth,LISTED EQUITY,OVERSEAS-CHINESE BANKING CORP. LTD.,OCBC SP,BB Ticker,Singapore,,,
Balanced Growth,LISTED EQUITY,RICOH CO. LTD.,7752 JP,BB Ticker,Japan,,,
Balanced Growth,LISTED EQUITY,"TEXAS ROADHOUSE, INC.",TXRH US,BB Ticker,United States,,,
Balanced Growth,LISTED EQUITY,ORANGE SA,ORA FP,BB Ticker,France,,,
Balanced Growth,LISTED EQUITY,"STEEL DYNAMICS, INC.",STLD US,BB Ticker,United States,,,
Balanced Growth,LISTED EQUITY,APTIV PLC,APTV US,BB Ticker,United States,,,
Balanced Growth,LISTED EQUITY,PETROLEO BRASILEIRO SA,PBRA US,BB Ticker,United States,,,
Balanced Growth,LISTED EQUITY,EURONEXT NV,ENX FP,BB Ticker,France,,,
Balanced Growth,LISTED EQUITY,"MARKETAXESS HOLDINGS, INC.",MKTX US,BB Ticker,United States,,,
Balanced Growth,LISTED EQUITY,UOL GROUP LTD.,UOL SP,BB Ticker,Singapore,,,
Balanced Growth,LISTED EQUITY,ZALANDO SE,ZAL GR,BB Ticker,Germany,,,
Balanced Growth,LISTED EQUITY,AMDOCS LTD.,DOX US,BB Ticker,United States,,,
Balanced Growth,LISTED EQUITY,"REINSURANCE GROUP OF AMERICA, INC.",RGA US,BB Ticker,United States,,,
Balanced Growth,LISTED EQUITY,NUIX LTD.,NXL AU,BB Ticker,Australia,,,
Balanced Growth,LISTED EQUITY,"JOBY AVIATION, INC.",JOBY US,BB Ticker,United States,,,
Balanced Growth,LISTED EQUITY,SF HOLDING CO. LTD.,6936 HK,BB Ticker,Hong Kong,,,
Balanced Growth,LISTED EQUITY,"NORTHLAND POWER, INC.",NPI CN,BB Ticker,Canada,,,
Balanced Growth,LISTED EQUITY,"TEGNA, INC.",TGNA US,BB Ticker,United States,,,
Balanced Growth,LISTED EQUITY,FOX CORP.,FOXA US,BB Ticker,United States,,,
Balanced Growth,LISTED EQUITY,TEMPLE & WEBSTER GROUP LTD.,TPW AU,BB Ticker,Australia,,,
Balanced Growth,LISTED EQUITY,EVA AIRWAYS CORP.,2618 TT,BB Ticker,Taiwan,,,
Balanced Growth,LISTED EQUITY,"SYMBOTIC, INC.",SYM US,BB Ticker,United States,,,
Balanced Growth,LISTED EQUITY,VERTIV HOLDINGS CO.,VRT US,BB Ticker,United States,,,
Balanced Growth,LISTED EQUITY,H WORLD GROUP LTD.,HTHT US,BB Ticker,United States,,,
Balanced Growth,LISTED EQUITY,JANUS HENDERSON GROUP PLC,JHG US,BB Ticker,United States,,,
Balanced Growth,LISTED EQUITY,TERADATA CORP.,TDC US,BB Ticker,United States,,,
Balanced Growth,LISTED EQUITY,"F5, INC.",FFIV US,BB Ticker,United States,,,
Balanced Growth,LISTED EQUITY,ZHEJIANG SANHUA INTELLIGENT CONTROLS CO. LTD.,002050 C2,BB Ticker,China,,,
Balanced Growth,LISTED EQUITY,SEIKO EPSON CORP.,6724 JP,BB Ticker,Japan,,,
Balanced Growth,LISTED EQUITY,REALTEK SEMICONDUCTOR CORP.,2379 TT,BB Ticker,Taiwan,,,
Balanced Growth,LISTED EQUITY,"GENERAL MILLS, INC.",GIS US,BB Ticker,United States,,,
Balanced Growth,LISTED EQUITY,DETERRA ROYALTIES LTD.,DRR AU,BB Ticker,Australia,,,
Balanced Growth,LISTED EQUITY,SIEMENS ENERGY AG,ENR GR,BB Ticker,Germany,,,
Balanced Growth,LISTED EQUITY,"MONOLITHIC POWER SYSTEMS, INC.",MPWR US,BB Ticker,United States,,,
Balanced Growth,LISTED EQUITY,"TELADOC HEALTH, INC.",TDOC US,BB Ticker,United States,,,
Balanced Growth,LISTED EQUITY,SOFTBANK GROUP CORP.,9984 JP,BB Ticker,Japan,,,
Balanced Growth,LISTED EQUITY,"SONOS, INC.",SONO US,BB Ticker,United States,,,
Balanced Growth,LISTED EQUITY,JUMBO INTERACTIVE LTD.,JIN AU,BB Ticker,Australia,,,
Balanced Growth,LISTED EQUITY,LEGRAND SA,LR FP,BB Ticker,France,,,
Balanced Growth,LISTED EQUITY,YADEA GROUP HOLDINGS LTD.,1585 HK,BB Ticker,Hong Kong,,,
Balanced Growth,LISTED EQUITY,AP MOLLER - MAERSK AS,MAERSKB DC,BB Ticker,Denmark,,,
Balanced Growth,LISTED EQUITY,EMERALD RESOURCES NL,EMR AU,BB Ticker,Australia,,,
Balanced Growth,LISTED EQUITY,FIRSTSERVICE CORP.,FSV CN,BB Ticker,Canada,,,
Balanced Growth,LISTED EQUITY,"CARTER'S, INC.",CRI US,BB Ticker,United States,,,
Balanced Growth,LISTED EQUITY,SOUTHERN CROSS MEDIA GROUP LTD.,SXL AU,BB Ticker,Australia,,,
Balanced Growth,LISTED EQUITY,DR REDDY'S LABORATORIES LTD.,RDY US,BB Ticker,United States,,,
Balanced Growth,LISTED EQUITY,EVERGREEN MARINE CORP. TAIWAN LTD.,2603 TT,BB Ticker,Taiwan,,,
Balanced Growth,LISTED EQUITY,FLEX LTD.,FLEX US,BB Ticker,United States,,,
Balanced Growth,LISTED EQUITY,PERPETUAL LTD.,PPT AU,BB Ticker,Australia,,,
Balanced Growth,LISTED EQUITY,"O'REILLY AUTOMOTIVE, INC.",ORLY US,BB Ticker,United States,,,
Balanced Growth,LISTED EQUITY,"YELP, INC.",YELP US,BB Ticker,United States,,,
Balanced Growth,LISTED EQUITY,"DICK'S SPORTING GOODS, INC.",DKS US,BB Ticker,United States,,,
Balanced Growth,LISTED EQUITY,PUBLICIS GROUPE SA,PUB FP,BB Ticker,France,,,
Balanced Growth,LISTED EQUITY,"AFLAC, INC.",AFL US,BB Ticker,United States,,,
Balanced Growth,LISTED EQUITY,ARB CORP. LTD.,ARB AU,BB Ticker,Australia,,,
Balanced Growth,LISTED EQUITY,BEGA CHEESE LTD.,BGA AU,BB Ticker,Australia,,,
Balanced Growth,LISTED EQUITY,"PAYCHEX, INC.",PAYX US,BB Ticker,United States,,,
Balanced Growth,LISTED EQUITY,"CELSIUS HOLDINGS, INC.",CELH US,BB Ticker,United States,,,
Balanced Growth,LISTED EQUITY,COCA-COLA FEMSA SAB DE CV,KOF US,BB Ticker,United States,,,
Balanced Growth,LISTED EQUITY,"NUTANIX, INC.",NTNX US,BB Ticker,United States,,,
Balanced Growth,LISTED EQUITY,"DAI-ICHI LIFE HOLDINGS, INC.",8750 JP,BB Ticker,Japan,,,
Balanced Growth,LISTED EQUITY,SAGE GROUP PLC,SGE LN,BB Ticker,United Kingdom,,,
Balanced Growth,LISTED EQUITY,JBS SA,JBSS3 BZ,BB Ticker,Brazil,,,
Balanced Growth,LISTED EQUITY,INVESCO LTD.,IVZ US,BB Ticker,United States,,,
Balanced Growth,LISTED EQUITY,CHONGQING BREWERY CO. LTD.,600132 C1,BB Ticker,China,,,
Balanced Growth,LISTED EQUITY,HEICO CORP.,HEI US,BB Ticker,United States,,,
Balanced Growth,LISTED EQUITY,LOVISA HOLDINGS LTD.,LOV AU,BB Ticker,Australia,,,
Balanced Growth,LISTED EQUITY,"ONEMAIN HOLDINGS, INC.",OMF US,BB Ticker,United States,,,
Balanced Growth,LISTED EQUITY,"ALNYLAM PHARMACEUTICALS, INC.",ALNY US,BB Ticker,United States,,,
Balanced Growth,LISTED EQUITY,RESOLUTE MINING LTD.,RSG AU,BB Ticker,Australia,,,
Balanced Growth,LISTED EQUITY,LOGITECH INTERNATIONAL SA,LOGN SW,BB Ticker,Switzerland,,,
Balanced Growth,LISTED EQUITY,MEDIOBANCA BANCA DI CREDITO FINANZIARIO SPA,MB IM,BB Ticker,Italy,,,
Balanced Growth,LISTED EQUITY,LEONARDO SPA,LDO IM,BB Ticker,Italy,,,
Balanced Growth,LISTED EQUITY,CYBERARK SOFTWARE LTD.,CYBR US,BB Ticker,United States,,,
Balanced Growth,LISTED EQUITY,ASAHI KASEI CORP.,3407 JP,BB Ticker,Japan,,,
Balanced Growth,LISTED EQUITY,CHORUS LTD.,CNU AU,BB Ticker,Australia,,,
Balanced Growth,LISTED EQUITY,DXC TECHNOLOGY CO.,DXC US,BB Ticker,United States,,,
Balanced Growth,LISTED EQUITY,KEYERA CORP.,KEY CN,BB Ticker,Canada,,,
Balanced Growth,LISTED EQUITY,CMS ENERGY CORP.,CMS US,BB Ticker,United States,,,
Balanced Growth,LISTED EQUITY,INDUSTRIAL BANK CO. LTD.,601166 C1,BB Ticker,China,,,
Balanced Growth,LISTED EQUITY,MITSUBISHI HEAVY INDUSTRIES LTD.,7011 JP,BB Ticker,Japan,,,
Balanced Growth,LISTED EQUITY,VESTAS WIND SYSTEMS AS,VWS DC,BB Ticker,Denmark,,,
Balanced Growth,LISTED EQUITY,AUSTRALIAN CLINICAL LABS LTD.,ACL AU,BB Ticker,Australia,,,
Balanced Growth,LISTED EQUITY,"NETSCOUT SYSTEMS, INC.",NTCT US,BB Ticker,United States,,,
Balanced Growth,LISTED EQUITY,LINCOLN NATIONAL CORP.,LNC US,BB Ticker,United States,,,
Balanced Growth,LISTED EQUITY,CVS HEALTH CORP.,CVS US,BB Ticker,United States,,,
Balanced Growth,LISTED EQUITY,"PREMIER, INC.",PINC US,BB Ticker,United States,,,
Balanced Growth,LISTED EQUITY,TATA MOTORS LTD.,TTMT IN,BB Ticker,India,,,
Balanced Growth,LISTED EQUITY,INTERNATIONAL GAMES SYSTEM CO. LTD.,3293 TT,BB Ticker,Taiwan,,,
Balanced Growth,LISTED EQUITY,"STANTEC, INC.",STN CN,BB Ticker,Canada,,,
Balanced Growth,LISTED EQUITY,BANCA MEDIOLANUM SPA,BMED IM,BB Ticker,Italy,,,
Balanced Growth,LISTED EQUITY,POWSZECHNY ZAKLAD UBEZPIECZEN SA,PZU PW,BB Ticker,Poland,,,
Balanced Growth,LISTED EQUITY,SHANGHAI PUDONG DEVELOPMENT BANK CO. LTD.,600000 C1,BB Ticker,China,,,
Balanced Growth,LISTED EQUITY,"CIRRUS LOGIC, INC.",CRUS US,BB Ticker,United States,,,
Balanced Growth,LISTED EQUITY,FUJITSU LTD.,6702 JP,BB Ticker,Japan,,,
Balanced Growth,LISTED EQUITY,FLOWSERVE CORP.,FLS US,BB Ticker,United States,,,
Balanced Growth,LISTED EQUITY,NIB HOLDINGS LTD.,NHF AU,BB Ticker,Australia,,,
Balanced Growth,LISTED EQUITY,"TETRA TECH, INC.",TTEK US,BB Ticker,United States,,,
Balanced Growth,LISTED EQUITY,ARAB NATIONAL BANK,ARNB AB,BB Ticker,Saudi Arabia,,,
Balanced Growth,LISTED EQUITY,EMPIRE CO. LTD.,EMPA CN,BB Ticker,Canada,,,
Balanced Growth,LISTED EQUITY,NEXT PLC,NXT LN,BB Ticker,United Kingdom,,,
Balanced Growth,LISTED EQUITY,CARRIER GLOBAL CORP.,CARR US,BB Ticker,United States,,,
Balanced Growth,LISTED EQUITY,STANDARD BANK GROUP LTD.,SBK SJ,BB Ticker,South Africa,,,
Balanced Growth,LISTED EQUITY,"UNIVERSAL HEALTH SERVICES, INC.",UHS US,BB Ticker,United States,,,
Balanced Growth,LISTED EQUITY,INTERTEK GROUP PLC,ITRK LN,BB Ticker,United Kingdom,,,
Balanced Growth,LISTED EQUITY,HON HAI PRECISION INDUSTRY CO. LTD.,2317 TT,BB Ticker,Taiwan,,,
Balanced Growth,LISTED EQUITY,VINCOM RETAIL JSC,VRE VN,BB Ticker,Vietnam,,,
Balanced Growth,LISTED EQUITY,"RESIDEO TECHNOLOGIES, INC.",REZI US,BB Ticker,United States,,,
Balanced Growth,LISTED EQUITY,HERO MOTOCORP LTD.,HMCL IN,BB Ticker,India,,,
Balanced Growth,LISTED EQUITY,SANTEN PHARMACEUTICAL CO. LTD.,4536 JP,BB Ticker,Japan,,,
Balanced Growth,LISTED EQUITY,CRH PLC,CRH US,BB Ticker,United States,,,
Balanced Growth,LISTED EQUITY,MONSTER BEVERAGE CORP.,MNST US,BB Ticker,United States,,,
Balanced Growth,LISTED EQUITY,CUMMINS INDIA LTD.,KKC IN,BB Ticker,India,,,
Balanced Growth,LISTED EQUITY,SUMCO CORP.,3436 JP,BB Ticker,Japan,,,
Balanced Growth,LISTED EQUITY,SIGNIFY NV,LIGHT NA,BB Ticker,Netherlands,,,
Balanced Growth,LISTED EQUITY,"PURE STORAGE, INC.",PSTG US,BB Ticker,United States,,,
Balanced Growth,LISTED EQUITY,ALLEGION PLC,ALLE US,BB Ticker,United States,,,
Balanced Growth,LISTED EQUITY,SUN PHARMACEUTICAL INDUSTRIES LTD.,SUNP IN,BB Ticker,India,,,
Balanced Growth,LISTED EQUITY,SAMSONITE INTERNATIONAL SA,1910 HK,BB Ticker,Hong Kong,,,
Balanced Growth,LISTED EQUITY,NATIONAL BANK OF CANADA,NA CN,BB Ticker,Canada,,,
Balanced Growth,LISTED EQUITY,SUZUKEN CO. LTD.,9987 JP,BB Ticker,Japan,,,
Balanced Growth,LISTED EQUITY,"AUTOZONE, INC.",AZO US,BB Ticker,United States,,,
Balanced Growth,LISTED EQUITY,SYMRISE AG,SY1 GR,BB Ticker,Germany,,,
Balanced Growth,LISTED EQUITY,OOH!MEDIA LTD.,OML AU,BB Ticker,Australia,,,
Balanced Growth,LISTED EQUITY,CHINA CITIC BANK CORP. LTD.,998 HK,BB Ticker,Hong Kong,,,
Balanced Growth,LISTED EQUITY,"EXELIXIS, INC.",EXEL US,BB Ticker,United States,,,
Balanced Growth,LISTED EQUITY,PRIMO BRANDS CORP.,PRMB US,BB Ticker,United States,,,
Balanced Growth,LISTED EQUITY,SUMITOMO CORP.,8053 JP,BB Ticker,Japan,,,
Balanced Growth,LISTED EQUITY,"WILLIAMS COS., INC.",WMB US,BB Ticker,United States,,,
Balanced Growth,LISTED EQUITY,"BROADRIDGE FINANCIAL SOLUTIONS, INC.",BR US,BB Ticker,United States,,,
Balanced Growth,LISTED EQUITY,ENCOMPASS HEALTH CORP.,EHC US,BB Ticker,United States,,,
Balanced Growth,LISTED EQUITY,KAMIGUMI CO. LTD.,9364 JP,BB Ticker,Japan,,,
Balanced Growth,LISTED EQUITY,SEAGATE TECHNOLOGY HOLDINGS PLC,STX US,BB Ticker,United States,,,
Balanced Growth,LISTED EQUITY,CIA ENERGETICA DE MINAS GERAIS,CMIG4 BZ,BB Ticker,Brazil,,,
Balanced Growth,LISTED EQUITY,"ANA HOLDINGS, INC.",9202 JP,BB Ticker,Japan,,,
Balanced Growth,LISTED EQUITY,OTIS WORLDWIDE CORP.,OTIS US,BB Ticker,United States,,,
Balanced Growth,LISTED EQUITY,"AMERICAN INTERNATIONAL GROUP, INC.",AIG US,BB Ticker,United States,,,
Balanced Growth,LISTED EQUITY,PRUDENTIAL PLC,PRU LN,BB Ticker,United Kingdom,,,
Balanced Growth,LISTED EQUITY,EXPERIAN PLC,EXPN LN,BB Ticker,United Kingdom,,,
Balanced Growth,LISTED EQUITY,"MSCI, INC.",MSCI US,BB Ticker,United States,,,
Balanced Growth,LISTED EQUITY,DEVELOP GLOBAL LTD.,DVP AU,BB Ticker,Australia,,,
Balanced Growth,LISTED EQUITY,WESTERN UNION CO.,WU US,BB Ticker,United States,,,
Balanced Growth,LISTED EQUITY,CURTISS-WRIGHT CORP.,CW US,BB Ticker,United States,,,
Balanced Growth,LISTED EQUITY,NEWMONT CORP.,NEM US,BB Ticker,United States,,,
Balanced Growth,LISTED EQUITY,ARAMARK,ARMK US,BB Ticker,United States,,,
Balanced Growth,LISTED EQUITY,NIPPON TELEGRAPH & TELEPHONE CORP.,9432 JP,BB Ticker,Japan,,,
Balanced Growth,LISTED EQUITY,BANK OF COMMUNICATIONS CO. LTD.,3328 HK,BB Ticker,Hong Kong,,,
Balanced Growth,LISTED EQUITY,TEXAS PACIFIC LAND CORP.,TPL US,BB Ticker,United States,,,
Balanced Growth,LISTED EQUITY,DENSO CORP.,6902 JP,BB Ticker,Japan,,,
Balanced Growth,LISTED EQUITY,NICKEL INDUSTRIES LTD.,NIC AU,BB Ticker,Australia,,,
Balanced Growth,LISTED EQUITY,MCMILLAN SHAKESPEARE LTD.,MMS AU,BB Ticker,Australia,,,
Balanced Growth,LISTED EQUITY,OBAYASHI CORP.,1802 JP,BB Ticker,Japan,,,
Balanced Growth,LISTED EQUITY,"CENCORA, INC.",COR US,BB Ticker,United States,,,
Balanced Growth,LISTED EQUITY,"ARROW ELECTRONICS, INC.",ARW US,BB Ticker,United States,,,
Balanced Growth,LISTED EQUITY,APA GROUP,APA AU,BB Ticker,Australia,,,
Balanced Growth,LISTED EQUITY,CSX CORP.,CSX US,BB Ticker,United States,,,
Balanced Growth,LISTED EQUITY,MGM RESORTS INTERNATIONAL,MGM US,BB Ticker,United States,,,
Balanced Growth,LISTED EQUITY,GRUPO FINANCIERO GALICIA SA,GGAL US,BB Ticker,United States,,,
Balanced Growth,LISTED EQUITY,"QUANTA SERVICES, INC.",PWR US,BB Ticker,United States,,,
Balanced Growth,LISTED EQUITY,TELEFONICA BRASIL SA,VIV US,BB Ticker,United States,,,
Balanced Growth,LISTED EQUITY,IMPALA PLATINUM HOLDINGS LTD.,IMP SJ,BB Ticker,South Africa,,,
Balanced Growth,LISTED EQUITY,BANCO DO BRASIL SA,BBAS3 BZ,BB Ticker,Brazil,,,
Balanced Growth,LISTED EQUITY,SILEX SYSTEMS LTD.,SLX AU,BB Ticker,Australia,,,
Balanced Growth,LISTED EQUITY,KUEHNE & NAGEL INTERNATIONAL AG,KNIN SW,BB Ticker,Switzerland,,,
Balanced Growth,LISTED EQUITY,"STEELCASE, INC.",SCS US,BB Ticker,United States,,,
Balanced Growth,LISTED EQUITY,"ASTELLAS PHARMA, INC.",4503 JP,BB Ticker,Japan,,,
Balanced Growth,LISTED EQUITY,HANSEN TECHNOLOGIES LTD.,HSN AU,BB Ticker,Australia,,,
Balanced Growth,LISTED EQUITY,ANHEUSER-BUSCH INBEV SA,ABI BB,BB Ticker,Belgium,,,
Balanced Growth,LISTED EQUITY,HF SINCLAIR CORP.,DINO US,BB Ticker,United States,,,
Balanced Growth,LISTED EQUITY,RENAISSANCERE HOLDINGS LTD.,RNR US,BB Ticker,United States,,,
Balanced Growth,LISTED EQUITY,"ESSENTIAL UTILITIES, INC.",WTRG US,BB Ticker,United States,,,
Balanced Growth,LISTED EQUITY,LEAR CORP.,LEA US,BB Ticker,United States,,,
Balanced Growth,LISTED EQUITY,HELIA GROUP LTD.,HLI AU,BB Ticker,Australia,,,
Balanced Growth,LISTED EQUITY,COMMERCIAL INTERNATIONAL BANK EGYPT SAE,CBKD LI,BB Ticker,United Kingdom,,,
Balanced Growth,LISTED EQUITY,PROSUS NV,PRX NA,BB Ticker,Netherlands,,,
Balanced Growth,LISTED EQUITY,OFX GROUP LTD.,OFX AU,BB Ticker,Australia,,,
Balanced Growth,LISTED EQUITY,STERIS PLC,STE US,BB Ticker,United States,,,
Balanced Growth,LISTED EQUITY,MORINAGA & CO. LTD.,2201 JP,BB Ticker,Japan,,,
Balanced Growth,LISTED EQUITY,"QUALYS, INC.",QLYS US,BB Ticker,United States,,,
Balanced Growth,LISTED EQUITY,MASCO CORP.,MAS US,BB Ticker,United States,,,
Balanced Growth,LISTED EQUITY,"UNITED RENTALS, INC.",URI US,BB Ticker,United States,,,
Balanced Growth,LISTED EQUITY,"HUNTINGTON INGALLS INDUSTRIES, INC.",HII US,BB Ticker,United States,,,
Balanced Growth,LISTED EQUITY,SCREEN HOLDINGS CO. LTD.,7735 JP,BB Ticker,Japan,,,
Balanced Growth,LISTED EQUITY,"EQUIFAX, INC.",EFX US,BB Ticker,United States,,,
Balanced Growth,LISTED EQUITY,RHEINMETALL AG,RHM GR,BB Ticker,Germany,,,
Balanced Growth,LISTED EQUITY,AMOTIV LTD.,AOV AU,BB Ticker,Australia,,,
Balanced Growth,LISTED EQUITY,CAPRAL LTD.,CAA AU,BB Ticker,Australia,,,
Balanced Growth,LISTED EQUITY,SHIMADZU CORP.,7701 JP,BB Ticker,Japan,,,
Balanced Growth,LISTED EQUITY,G-III APPAREL GROUP LTD.,GIII US,BB Ticker,United States,,,
Balanced Growth,LISTED EQUITY,MASAN GROUP CORP.,MSN VN,BB Ticker,Vietnam,,,
Balanced Growth,LISTED EQUITY,BANCO BPM SPA,BAMI IM,BB Ticker,Italy,,,
Balanced Growth,LISTED EQUITY,"RPM INTERNATIONAL, INC.",RPM US,BB Ticker,United States,,,
Balanced Growth,LISTED EQUITY,YANGZIJIANG SHIPBUILDING HOLDINGS LTD.,YZJSGD SP,BB Ticker,Singapore,,,
Balanced Growth,LISTED EQUITY,AIR NEW ZEALAND LTD.,AIZ AU,BB Ticker,Australia,,,
Balanced Growth,LISTED EQUITY,ORIENT OVERSEAS INTERNATIONAL LTD.,316 HK,BB Ticker,Hong Kong,,,
Balanced Growth,LISTED EQUITY,CHESAPEAKE ENERGY CORP.,EXE US,BB Ticker,United States,,,
Balanced Growth,LISTED EQUITY,NORDEA BANK ABP,NDA SS,BB Ticker,Sweden,,,
Balanced Growth,LISTED EQUITY,IPH LTD.,IPH AU,BB Ticker,Australia,,,
Balanced Growth,LISTED EQUITY,PERENTI LTD.,PRN AU,BB Ticker,Australia,,,
Balanced Growth,LISTED EQUITY,"BIOMARIN PHARMACEUTICAL, INC.",BMRN US,BB Ticker,United States,,,
Balanced Growth,LISTED EQUITY,"BURLINGTON STORES, INC.",BURL US,BB Ticker,United States,,,
Balanced Growth,LISTED EQUITY,KMD BRANDS LTD.,KMD AU,BB Ticker,Australia,,,
Balanced Growth,LISTED EQUITY,"LULULEMON ATHLETICA, INC.",LULU US,BB Ticker,United States,,,
Balanced Growth,LISTED EQUITY,CK HUTCHISON HOLDINGS LTD.,1 HK,BB Ticker,Hong Kong,,,
Balanced Growth,LISTED EQUITY,ESSENT GROUP LTD.,ESNT US,BB Ticker,United States,,,
Balanced Growth,LISTED EQUITY,ASX LTD.,ASX AU,BB Ticker,Australia,,,
Balanced Growth,LISTED EQUITY,VALEO SE,FR FP,BB Ticker,France,,,
Balanced Growth,LISTED EQUITY,SHINHAN FINANCIAL GROUP CO. LTD.,055550 KS,BB Ticker,South Korea,,,
Balanced Growth,LISTED EQUITY,CLINUVEL PHARMACEUTICALS LTD.,CUV AU,BB Ticker,Australia,,,
Balanced Growth,LISTED EQUITY,ARES MANAGEMENT CORP.,ARES US,BB Ticker,United States,,,
Balanced Growth,LISTED EQUITY,FASTENAL CO.,FAST US,BB Ticker,United States,,,
Balanced Growth,LISTED EQUITY,INTERNATIONAL CONSOLIDATED AIRLINES GROUP SA,IAG LN,BB Ticker,United Kingdom,,,
Balanced Growth,LISTED EQUITY,"XYLEM, INC.",XYL US,BB Ticker,United States,,,
Balanced Growth,LISTED EQUITY,"PATTERSON-UTI ENERGY, INC.",PTEN US,BB Ticker,United States,,,
Balanced Growth,LISTED EQUITY,HEWLETT PACKARD ENTERPRISE CO.,HPE US,BB Ticker,United States,,,
Balanced Growth,LISTED EQUITY,SYSCO CORP.,SYY US,BB Ticker,United States,,,
Balanced Growth,LISTED EQUITY,"HORIZON ROBOTICS, INC.",9660 HK,BB Ticker,Hong Kong,,,
Balanced Growth,LISTED EQUITY,OSHKOSH CORP.,OSK US,BB Ticker,United States,,,
Balanced Growth,LISTED EQUITY,NEXTDC LTD.,NXT AU,BB Ticker,Australia,,,
Balanced Growth,LISTED EQUITY,"INGERSOLL RAND, INC.",IR US,BB Ticker,United States,,,
Balanced Growth,LISTED EQUITY,SOFTBANK CORP.,9434 JP,BB Ticker,Japan,,,
Balanced Growth,LISTED EQUITY,CREDIT CORP. GROUP LTD.,CCP AU,BB Ticker,Australia,,,
Balanced Growth,LISTED EQUITY,"NEW ORIENTAL EDUCATION & TECHNOLOGY GROUP, INC.",EDU US,BB Ticker,United States,,,
Balanced Growth,LISTED EQUITY,TDK CORP.,6762 JP,BB Ticker,Japan,,,
Balanced Growth,LISTED EQUITY,MACQUARIE TECHNOLOGY GROUP LTD.,MAQ AU,BB Ticker,Australia,,,
Balanced Growth,LISTED EQUITY,AMOREPACIFIC CORP.,090430 KS,BB Ticker,South Korea,,,
Balanced Growth,LISTED EQUITY,"YUM! BRANDS, INC.",YUM US,BB Ticker,United States,,,
Balanced Growth,LISTED EQUITY,"DYNATRACE, INC.",DT US,BB Ticker,United States,,,
Balanced Growth,LISTED EQUITY,FUJIKURA LTD.,5803 JP,BB Ticker,Japan,,,
Balanced Growth,LISTED EQUITY,TAYLOR MORRISON HOME CORP.,TMHC US,BB Ticker,United States,,,
Balanced Growth,LISTED EQUITY,NICE LTD.,NICE IT,BB Ticker,Israel,,,
Balanced Growth,LISTED EQUITY,DWS GROUP GMBH & CO. KGAA,DWS GR,BB Ticker,Germany,,,
Balanced Growth,LISTED EQUITY,AVERY DENNISON CORP.,AVY US,BB Ticker,United States,,,
Balanced Growth,LISTED EQUITY,"CITIZENS FINANCIAL GROUP, INC.",CFG US,BB Ticker,United States,,,
Balanced Growth,LISTED EQUITY,MITSUBISHI CORP.,8058 JP,BB Ticker,Japan,,,
Balanced Growth,LISTED EQUITY,TABCORP HOLDINGS LTD.,TAH AU,BB Ticker,Australia,,,
Balanced Growth,LISTED EQUITY,HESS CORP.,HES US,BB Ticker,United States,,,
Balanced Growth,LISTED EQUITY,"HEIDRICK & STRUGGLES INTERNATIONAL, INC.",HSII US,BB Ticker,United States,,,
Balanced Growth,LISTED EQUITY,PAN PACIFIC INTERNATIONAL HOLDINGS CORP.,7532 JP,BB Ticker,Japan,,,
Balanced Growth,LISTED EQUITY,POWER CORP. OF CANADA,POW CN,BB Ticker,Canada,,,
Balanced Growth,LISTED EQUITY,SYRAH RESOURCES LTD.,SYR AU,BB Ticker,Australia,,,
Balanced Growth,LISTED EQUITY,"UNITED AIRLINES HOLDINGS, INC.",UAL US,BB Ticker,United States,,,
Balanced Growth,LISTED EQUITY,HINDUSTAN AERONAUTICS LTD.,HNAL IN,BB Ticker,India,,,
Balanced Growth,LISTED EQUITY,DALRYMPLE BAY INFRASTRUCTURE LTD.,DBI AU,BB Ticker,Australia,,,
Balanced Growth,LISTED EQUITY,OLYMPUS CORP.,7733 JP,BB Ticker,Japan,,,
Balanced Growth,LISTED EQUITY,CIE DE SAINT-GOBAIN,SGO FP,BB Ticker,France,,,
Balanced Growth,LISTED EQUITY,UCB SA,UCB BB,BB Ticker,Belgium,,,
Balanced Growth,LISTED EQUITY,"PINTEREST, INC.",PINS US,BB Ticker,United States,,,
Balanced Growth,LISTED EQUITY,"WILLIAMS-SONOMA, INC.",WSM US,BB Ticker,United States,,,
Balanced Growth,LISTED EQUITY,A2A SPA,A2A IM,BB Ticker,Italy,,,
Balanced Growth,LISTED EQUITY,"JD LOGISTICS, INC.",2618 HK,BB Ticker,Hong Kong,,,
Balanced Growth,LISTED EQUITY,CIPLA LTD.,CIPLA IN,BB Ticker,India,,,
Balanced Growth,LISTED EQUITY,COGNIZANT TECHNOLOGY SOLUTIONS CORP.,CTSH US,BB Ticker,United States,,,
Balanced Growth,LISTED EQUITY,REGIS HEALTHCARE LTD.,REG AU,BB Ticker,Australia,,,
Balanced Growth,LISTED EQUITY,"ASUSTEK COMPUTER, INC.",2357 TT,BB Ticker,Taiwan,,,
Balanced Growth,LISTED EQUITY,LOUISIANA-PACIFIC CORP.,LPX US,BB Ticker,United States,,,
Balanced Growth,LISTED EQUITY,360 ONE WAM LTD.,360ONE IN,BB Ticker,India,,,
Balanced Growth,LISTED EQUITY,VISTRA CORP.,VST US,BB Ticker,United States,,,
Balanced Growth,LISTED EQUITY,ISUZU MOTORS LTD.,7202 JP,BB Ticker,Japan,,,
Balanced Growth,LISTED EQUITY,TUAS LTD.,TUA AU,BB Ticker,Australia,,,
Balanced Growth,LISTED EQUITY,POLYNOVO LTD.,PNV AU,BB Ticker,Australia,,,
Balanced Growth,LISTED EQUITY,KUMBA IRON ORE LTD.,KIO SJ,BB Ticker,South Africa,,,
Balanced Growth,LISTED EQUITY,LEO LITHIUM LTD.,LLL AU,BB Ticker,Australia,,,
Balanced Growth,LISTED EQUITY,TECK RESOURCES LTD.,TECKB CN,BB Ticker,Canada,,,
Balanced Growth,LISTED EQUITY,UNIBAIL-RODAMCO-WESTFIELD,URW AU,BB Ticker,Australia,,,
Balanced Growth,LISTED EQUITY,NORFOLK SOUTHERN CORP.,NSC US,BB Ticker,United States,,,
Balanced Growth,LISTED EQUITY,YANG MING MARINE TRANSPORT CORP.,2609 TT,BB Ticker,Taiwan,,,
Balanced Growth,LISTED EQUITY,LINDE PLC,LIN US,BB Ticker,United States,,,
Balanced Growth,LISTED EQUITY,ABN AMRO BANK NV,ABN NA,BB Ticker,Netherlands,,,
Balanced Growth,LISTED EQUITY,"GILDAN ACTIVEWEAR, INC.",GIL CN,BB Ticker,Canada,,,
Balanced Growth,LISTED EQUITY,ENDESA SA,ELE SM,BB Ticker,Spain,,,
Balanced Growth,LISTED EQUITY,"ALCON, INC.",ALC SW,BB Ticker,Switzerland,,,
Balanced Growth,LISTED EQUITY,NUCOR CORP.,NUE US,BB Ticker,United States,,,
Balanced Growth,LISTED EQUITY,ALKERMES PLC,ALKS US,BB Ticker,United States,,,
Balanced Growth,LISTED EQUITY,"CHARTER COMMUNICATIONS, INC.",CHTR US,BB Ticker,United States,,,
Balanced Growth,LISTED EQUITY,TULLOW OIL PLC,TLW LN,BB Ticker,United Kingdom,,,
Balanced Growth,LISTED EQUITY,MORINAGA MILK INDUSTRY CO. LTD.,2264 JP,BB Ticker,Japan,,,
Balanced Growth,LISTED EQUITY,"SUMITOMO MITSUI TRUST HOLDINGS, INC.",8309 JP,BB Ticker,Japan,,,
Balanced Growth,LISTED EQUITY,CHOCOLADEFABRIKEN LINDT & SPRUENGLI AG,LISP SW,BB Ticker,Switzerland,,,
Balanced Growth,LISTED EQUITY,"ROBERT HALF, INC.",RHI US,BB Ticker,United States,,,
Balanced Growth,LISTED EQUITY,KOSMOS ENERGY LTD.,KOS US,BB Ticker,United States,,,
Balanced Growth,LISTED EQUITY,DAITO TRUST CONSTRUCTION CO. LTD.,1878 JP,BB Ticker,Japan,,,
Balanced Growth,LISTED EQUITY,WARTSILA OYJ ABP,WRT1V FH,BB Ticker,Finland,,,
Balanced Growth,LISTED EQUITY,NIDEC CORP.,6594 JP,BB Ticker,Japan,,,
Balanced Growth,LISTED EQUITY,SUMITOMO CHEMICAL CO. LTD.,4005 JP,BB Ticker,Japan,,,
Balanced Growth,LISTED EQUITY,"IONIS PHARMACEUTICALS, INC.",IONS US,BB Ticker,United States,,,
Balanced Growth,LISTED EQUITY,ETIHAD ETISALAT CO.,EEC AB,BB Ticker,Saudi Arabia,,,
Balanced Growth,LISTED EQUITY,ACS ACTIVIDADES DE CONSTRUCCION Y SERVICIOS SA,ACS SM,BB Ticker,Spain,,,
Balanced Growth,LISTED EQUITY,SPECTRIS PLC,SXS LN,BB Ticker,United Kingdom,,,
Balanced Growth,LISTED EQUITY,"CHURCH & DWIGHT CO., INC.",CHD US,BB Ticker,United States,,,
Balanced Growth,LISTED EQUITY,DEUTSCHE BANK AG,DBK GR,BB Ticker,Germany,,,
Balanced Growth,LISTED EQUITY,HUAXIA BANK CO. LTD.,600015 C1,BB Ticker,China,,,
Balanced Growth,LISTED EQUITY,ALFA LAVAL AB,ALFA SS,BB Ticker,Sweden,,,
Balanced Growth,LISTED EQUITY,TOYO SUISAN KAISHA LTD.,2875 JP,BB Ticker,Japan,,,
Balanced Growth,LISTED EQUITY,"DELL TECHNOLOGIES, INC.",DELL US,BB Ticker,United States,,,
Balanced Growth,LISTED EQUITY,"TELEFLEX, INC.",TFX US,BB Ticker,United States,,,
Balanced Growth,LISTED EQUITY,LAS VEGAS SANDS CORP.,LVS US,BB Ticker,United States,,,
Balanced Growth,LISTED EQUITY,LA FRANCAISE DES JEUX SAEM,FDJ FP,BB Ticker,France,,,
Balanced Growth,LISTED EQUITY,BHARAT PETROLEUM CORP. LTD.,BPCL IN,BB Ticker,India,,,
Balanced Growth,LISTED EQUITY,RADIANT OPTO-ELECTRONICS CORP.,6176 TT,BB Ticker,Taiwan,,,
Balanced Growth,LISTED EQUITY,DICKER DATA LTD.,DDR AU,BB Ticker,Australia,,,
Balanced Growth,LISTED EQUITY,DUKE ENERGY CORP.,DUK US,BB Ticker,United States,,,
Balanced Growth,LISTED EQUITY,"GE HEALTHCARE TECHNOLOGIES, INC.",GEHC US,BB Ticker,United States,,,
Balanced Growth,LISTED EQUITY,"FRANKLIN RESOURCES, INC.",BEN US,BB Ticker,United States,,,
Balanced Growth,LISTED EQUITY,"DONALDSON CO., INC.",DCI US,BB Ticker,United States,,,
Balanced Growth,LISTED EQUITY,"NATERA, INC.",NTRA US,BB Ticker,United States,,,
Balanced Growth,LISTED EQUITY,MAKITA CORP.,6586 JP,BB Ticker,Japan,,,
Balanced Growth,LISTED EQUITY,"AVNET, INC.",AVT US,BB Ticker,United States,,,
Balanced Growth,LISTED EQUITY,PERSOL HOLDINGS CO. LTD.,2181 JP,BB Ticker,Japan,,,
Balanced Growth,LISTED EQUITY,AINSWORTH GAME TECHNOLOGY LTD.,AGI AU,BB Ticker,Australia,,,
Balanced Growth,LISTED EQUITY,IRESS LTD.,IRE AU,BB Ticker,Australia,,,
Balanced Growth,LISTED EQUITY,SAUDI TELECOM CO.,STC AB,BB Ticker,Saudi Arabia,,,
Balanced Growth,LISTED EQUITY,NN GROUP NV,NN NA,BB Ticker,Netherlands,,,
Balanced Growth,LISTED EQUITY,HERSHEY CO.,HSY US,BB Ticker,United States,,,
Balanced Growth,LISTED EQUITY,JOHNSON MATTHEY PLC,JMAT LN,BB Ticker,United Kingdom,,,
Balanced Growth,LISTED EQUITY,CRODA INTERNATIONAL PLC,CRDA LN,BB Ticker,United Kingdom,,,
Balanced Growth,LISTED EQUITY,UGI CORP.,UGI US,BB Ticker,United States,,,
Balanced Growth,LISTED EQUITY,"COMPAL ELECTRONICS, INC.",2324 TT,BB Ticker,Taiwan,,,
Balanced Growth,LISTED EQUITY,IDEMITSU KOSAN CO. LTD.,5019 JP,BB Ticker,Japan,,,
Balanced Growth,LISTED EQUITY,HUGO BOSS AG,BOSS GR,BB Ticker,Germany,,,
Balanced Growth,LISTED EQUITY,VOLTRONIC POWER TECHNOLOGY CORP.,6409 TT,BB Ticker,Taiwan,,,
Balanced Growth,LISTED EQUITY,"TAKE-TWO INTERACTIVE SOFTWARE, INC.",TTWO US,BB Ticker,United States,,,
Balanced Growth,LISTED EQUITY,KEWPIE CORP.,2809 JP,BB Ticker,Japan,,,
Balanced Growth,LISTED EQUITY,BUREAU VERITAS SA,BVI FP,BB Ticker,France,,,
Balanced Growth,LISTED EQUITY,WEEBIT NANO LTD.,WBT AU,BB Ticker,Australia,,,
Balanced Growth,LISTED EQUITY,AGCO CORP.,AGCO US,BB Ticker,United States,,,
Balanced Growth,LISTED EQUITY,NANOSONICS LTD.,NAN AU,BB Ticker,Australia,,,
Balanced Growth,LISTED EQUITY,AMADA CO. LTD.,6113 JP,BB Ticker,Japan,,,
Balanced Growth,LISTED EQUITY,KBC GROUP NV,KBC BB,BB Ticker,Belgium,,,
Balanced Growth,LISTED EQUITY,"MATTEL, INC.",MAT US,BB Ticker,United States,,,
Balanced Growth,LISTED EQUITY,ROYAL CARIBBEAN CRUISES LTD.,RCL US,BB Ticker,United States,,,
Balanced Growth,LISTED EQUITY,LIBERTY MEDIA CORP.-LIBERTY FORMULA ONE,FWONK US,BB Ticker,United States,,,
Balanced Growth,LISTED EQUITY,"IDEXX LABORATORIES, INC.",IDXX US,BB Ticker,United States,,,
Balanced Growth,LISTED EQUITY,MITSUBISHI CHEMICAL GROUP CORP.,4188 JP,BB Ticker,Japan,,,
Balanced Growth,LISTED EQUITY,LIBERTY GLOBAL LTD.,LBTYK US,BB Ticker,United States,,,
Balanced Growth,LISTED EQUITY,"PHOTRONICS, INC.",PLAB US,BB Ticker,United States,,,
Balanced Growth,LISTED EQUITY,"COSTAR GROUP, INC.",CSGP US,BB Ticker,United States,,,
Balanced Growth,LISTED EQUITY,TURKIYE IS BANKASI AS,ISCTR TI,BB Ticker,Turkey,,,
Balanced Growth,LISTED EQUITY,NICK SCALI LTD.,NCK AU,BB Ticker,Australia,,,
Balanced Growth,LISTED EQUITY,FIREFLY METALS LTD.,FFM AU,BB Ticker,Australia,,,
Balanced Growth,LISTED EQUITY,CARAVEL MINERALS LTD.,CVV AU,BB Ticker,Australia,,,
Balanced Growth,LISTED EQUITY,RALPH LAUREN CORP.,RL US,BB Ticker,United States,,,
Balanced Growth,LISTED EQUITY,AVIVA PLC,AV LN,BB Ticker,United Kingdom,,,
Balanced Growth,LISTED EQUITY,SOUTHERN CO.,SO US,BB Ticker,United States,,,
Balanced Growth,LISTED EQUITY,BOSS ENERGY LTD.,BOE AU,BB Ticker,Australia,,,
Balanced Growth,LISTED EQUITY,OMV AG,OMV AV,BB Ticker,Austria,,,
Balanced Growth,LISTED EQUITY,"GLOBAL PAYMENTS, INC.",GPN US,BB Ticker,United States,,,
Balanced Growth,LISTED EQUITY,FORTIVE CORP.,FTV US,BB Ticker,United States,,,
Balanced Growth,LISTED EQUITY,TRACTOR SUPPLY CO.,TSCO US,BB Ticker,United States,,,
Balanced Growth,LISTED EQUITY,NASPERS LTD.,NPN SJ,BB Ticker,South Africa,,,
Balanced Growth,LISTED EQUITY,VOLKSWAGEN AG,VOW3 GR,BB Ticker,Germany,,,
Balanced Growth,LISTED EQUITY,"WINGSTOP, INC.",WING US,BB Ticker,United States,,,
Balanced Growth,LISTED EQUITY,H LUNDBECK AS,HLUNB DC,BB Ticker,Denmark,,,
Balanced Growth,LISTED EQUITY,"FRESHPET, INC.",FRPT US,BB Ticker,United States,,,
Balanced Growth,LISTED EQUITY,SAUDI BASIC INDUSTRIES CORP.,SABIC AB,BB Ticker,Saudi Arabia,,,
Balanced Growth,LISTED EQUITY,FRESENIUS MEDICAL CARE AG & CO. KGAA,FME GR,BB Ticker,Germany,,,
Balanced Growth,LISTED EQUITY,KELLANOVA,K US,BB Ticker,United States,,,
Balanced Growth,LISTED EQUITY,TELIA CO. AB,TELIA SS,BB Ticker,Sweden,,,
Balanced Growth,LISTED EQUITY,"EVERGY, INC.",EVRG US,BB Ticker,United States,,,
Balanced Growth,LISTED EQUITY,ORGANON & CO.,OGN US,BB Ticker,United States,,,
Balanced Growth,LISTED EQUITY,PSP SWISS PROPERTY AG,PSPN SW,BB Ticker,Switzerland,,,
Balanced Growth,LISTED EQUITY,STANMORE RESOURCES LTD.,SMR AU,BB Ticker,Australia,,,
Balanced Growth,LISTED EQUITY,FANUC CORP.,6954 JP,BB Ticker,Japan,,,
Balanced Growth,LISTED EQUITY,"CH ROBINSON WORLDWIDE, INC.",CHRW US,BB Ticker,United States,,,
Balanced Growth,LISTED EQUITY,"ALIGN TECHNOLOGY, INC.",ALGN US,BB Ticker,United States,,,
Balanced Growth,LISTED EQUITY,SIME DARBY BHD.,SIME MK,BB Ticker,Malaysia,,,
Balanced Growth,LISTED EQUITY,"EXPEDITORS INTERNATIONAL OF WASHINGTON, INC.",EXPD US,BB Ticker,United States,,,
Balanced Growth,LISTED EQUITY,"MICROCHIP TECHNOLOGY, INC.",MCHP US,BB Ticker,United States,,,
Balanced Growth,LISTED EQUITY,"HUBBELL, INC.",HUBB US,BB Ticker,United States,,,
Balanced Growth,LISTED EQUITY,TELENOR ASA,TEL NO,BB Ticker,Belgium,,,
Balanced Growth,LISTED EQUITY,RIDLEY CORP. LTD.,RIC AU,BB Ticker,Australia,,,
Balanced Growth,LISTED EQUITY,AMCOR PLC,AMCR US,BB Ticker,United States,,,
Balanced Growth,LISTED EQUITY,"IRONWOOD PHARMACEUTICALS, INC.",IRWD US,BB Ticker,United States,,,
Balanced Growth,LISTED EQUITY,AVI LTD.,AVI SJ,BB Ticker,South Africa,,,
Balanced Growth,LISTED EQUITY,GEORGE WESTON LTD.,WN CN,BB Ticker,Canada,,,
Balanced Growth,LISTED EQUITY,"CORONADO GLOBAL RESOURCES, INC.",CRN AU,BB Ticker,Australia,,,
Balanced Growth,LISTED EQUITY,ALGONQUIN POWER & UTILITIES CORP.,AQN CN,BB Ticker,Canada,,,
Balanced Growth,LISTED EQUITY,"EQUITABLE HOLDINGS, INC.",EQH US,BB Ticker,United States,,,
Balanced Growth,LISTED EQUITY,CDW CORP.,CDW US,BB Ticker,United States,,,
Balanced Growth,LISTED EQUITY,M&G PLC,MNG LN,BB Ticker,United Kingdom,,,
Balanced Growth,LISTED EQUITY,TOYOTA TSUSHO CORP.,8015 JP,BB Ticker,Japan,,,
Balanced Growth,LISTED EQUITY,AKER BP ASA,AKRBP NO,BB Ticker,Belgium,,,
Balanced Growth,LISTED EQUITY,"KRAFTON, INC.",259960 KS,BB Ticker,South Korea,,,
Balanced Growth,LISTED EQUITY,"PIEDMONT LITHIUM, INC.",PLL AU,BB Ticker,Australia,,,
Balanced Growth,LISTED EQUITY,MAZDA MOTOR CORP.,7261 JP,BB Ticker,Japan,,,
Balanced Growth,LISTED EQUITY,INTELLIGENT MONITORING GROUP LTD.,IMB AU,BB Ticker,Australia,,,
Balanced Growth,LISTED EQUITY,INVESTOR AB,INVEB SS,BB Ticker,Sweden,,,
Balanced Growth,LISTED EQUITY,"DOLLARAMA, INC.",DOL CN,BB Ticker,Canada,,,
Balanced Growth,LISTED EQUITY,SAYONA MINING LTD.,SYA AU,BB Ticker,Australia,,,
Balanced Growth,LISTED EQUITY,CLP HOLDINGS LTD.,2 HK,BB Ticker,Hong Kong,,,
Balanced Growth,LISTED EQUITY,"CACI INTERNATIONAL, INC.",CACI US,BB Ticker,United States,,,
Balanced Growth,LISTED EQUITY,"CORPAY, INC.",CPAY US,BB Ticker,United States,,,
Balanced Growth,LISTED EQUITY,JUDO CAPITAL HOLDINGS LTD.,JDO AU,BB Ticker,Australia,,,
Balanced Growth,LISTED EQUITY,DE GREY MINING LTD.,DEG AU,BB Ticker,Australia,,,
Balanced Growth,LISTED EQUITY,BOC HONG KONG HOLDINGS LTD.,2388 HK,BB Ticker,Hong Kong,,,
Balanced Growth,LISTED EQUITY,"TYLER TECHNOLOGIES, INC.",TYL US,BB Ticker,United States,,,
Balanced Growth,LISTED EQUITY,BANQUE SAUDI FRANSI,BSF AB,BB Ticker,Saudi Arabia,,,
Balanced Growth,LISTED EQUITY,SF HOLDING CO. LTD.,002352 C2,BB Ticker,China,,,
Balanced Growth,LISTED EQUITY,"OKTA, INC.",OKTA US,BB Ticker,United States,,,
Balanced Growth,LISTED EQUITY,FIFTH THIRD BANCORP,FITB US,BB Ticker,United States,,,
Balanced Growth,LISTED EQUITY,SHIONOGI & CO. LTD.,4507 JP,BB Ticker,Japan,,,
Balanced Growth,LISTED EQUITY,"MS&AD INSURANCE GROUP HOLDINGS, INC.",8725 JP,BB Ticker,Japan,,,
Balanced Growth,LISTED EQUITY,"HUNTINGTON BANCSHARES, INC.",HBAN US,BB Ticker,United States,,,
Balanced Growth,LISTED EQUITY,INGHAMS GROUP LTD.,ING AU,BB Ticker,Australia,,,
Balanced Growth,LISTED EQUITY,TURK HAVA YOLLARI AO,THYAO TI,BB Ticker,Turkey,,,
Balanced Growth,LISTED EQUITY,VINCI SA,DG FP,BB Ticker,France,,,
Balanced Growth,LISTED EQUITY,"FIRST CITIZENS BANCSHARES, INC.",FCNCA US,BB Ticker,United States,,,
Balanced Growth,LISTED EQUITY,"ENACT HOLDINGS, INC.",ACT US,BB Ticker,United States,,,
Balanced Growth,LISTED EQUITY,"LPL FINANCIAL HOLDINGS, INC.",LPLA US,BB Ticker,United States,,,
Balanced Growth,LISTED EQUITY,HONG KONG EXCHANGES & CLEARING LTD.,388 HK,BB Ticker,Hong Kong,,,
Balanced Growth,LISTED EQUITY,"VIMEO, INC.",VMEO US,BB Ticker,United States,,,
Balanced Growth,LISTED EQUITY,KOITO MANUFACTURING CO. LTD.,7276 JP,BB Ticker,Japan,,,
Balanced Growth,LISTED EQUITY,KOC HOLDING AS,KCHOL TI,BB Ticker,Turkey,,,
Balanced Growth,LISTED EQUITY,MAYNE PHARMA GROUP LTD.,MYX AU,BB Ticker,Australia,,,
Balanced Growth,LISTED EQUITY,ERSTE GROUP BANK AG,EBS AV,BB Ticker,Austria,,,
Balanced Growth,LISTED EQUITY,FLEETPARTNERS GROUP LTD.,FPR AU,BB Ticker,Australia,,,
Balanced Growth,LISTED EQUITY,PWR HOLDINGS LTD.,PWH AU,BB Ticker,Australia,,,
Balanced Growth,LISTED EQUITY,MARKEL CORP.,MKL US,BB Ticker,United States,,,
Balanced Growth,LISTED EQUITY,ORIX CORP.,8591 JP,BB Ticker,Japan,,,
Balanced Growth,LISTED EQUITY,BHARAT ELECTRONICS LTD.,BHE IN,BB Ticker,India,,,
Balanced Growth,LISTED EQUITY,TEVA PHARMACEUTICAL INDUSTRIES LTD.,TEVA US,BB Ticker,United States,,,
Balanced Growth,LISTED EQUITY,"ZIFF DAVIS, INC.",ZD US,BB Ticker,United States,,,
Balanced Growth,LISTED EQUITY,"TELEDYNE TECHNOLOGIES, INC.",TDY US,BB Ticker,United States,,,
Balanced Growth,LISTED EQUITY,SAMSUNG ELECTRONICS CO. LTD.,005935 KS,BB Ticker,South Korea,,,
Balanced Growth,LISTED EQUITY,KURARAY CO. LTD.,3405 JP,BB Ticker,Japan,,,
Balanced Growth,LISTED EQUITY,"TAKARA HOLDINGS, INC.",2531 JP,BB Ticker,Japan,,,
Balanced Growth,LISTED EQUITY,"WEST PHARMACEUTICAL SERVICES, INC.",WST US,BB Ticker,United States,,,
Balanced Growth,LISTED EQUITY,CINCINNATI FINANCIAL CORP.,CINF US,BB Ticker,United States,,,
Balanced Growth,LISTED EQUITY,ROCHE HOLDING AG,RO SW,BB Ticker,Switzerland,,,
Balanced Growth,LISTED EQUITY,SEMPRA,SRE US,BB Ticker,United States,,,
Balanced Growth,LISTED EQUITY,TRANSUNION,TRU US,BB Ticker,United States,,,
Balanced Growth,LISTED EQUITY,TYRO PAYMENTS LTD.,TYR AU,BB Ticker,Australia,,,
Balanced Growth,LISTED EQUITY,AUTO TRADER GROUP PLC,AUTO LN,BB Ticker,United Kingdom,,,
Balanced Growth,LISTED EQUITY,SPIRAX-SARCO ENGINEERING PLC,SPX LN,BB Ticker,United Kingdom,,,
Balanced Growth,LISTED EQUITY,"DRAFTKINGS, INC.",DKNG US,BB Ticker,United States,,,
Balanced Growth,LISTED EQUITY,"PEGASYSTEMS, INC.",PEGA US,BB Ticker,United States,,,
Balanced Growth,LISTED EQUITY,"REVELYST, INC.",GEAR US,BB Ticker,United States,,,
Balanced Growth,LISTED EQUITY,FUBON FINANCIAL HOLDING CO. LTD.,2881 TT,BB Ticker,Taiwan,,,
Balanced Growth,LISTED EQUITY,"COMMVAULT SYSTEMS, INC.",CVLT US,BB Ticker,United States,,,
Balanced Growth,LISTED EQUITY,IMPEDIMED LTD.,IPD AU,BB Ticker,Australia,,,
Balanced Growth,LISTED EQUITY,KERING SA,KER FP,BB Ticker,France,,,
Balanced Growth,LISTED EQUITY,WESTERN DIGITAL CORP.,WDC US,BB Ticker,United States,,,
Balanced Growth,LISTED EQUITY,SK SQUARE CO. LTD.,402340 KS,BB Ticker,South Korea,,,
Balanced Growth,LISTED EQUITY,"DARDEN RESTAURANTS, INC.",DRI US,BB Ticker,United States,,,
Balanced Growth,LISTED EQUITY,"T ROWE PRICE GROUP, INC.",TROW US,BB Ticker,United States,,,
Balanced Growth,LISTED EQUITY,INSULET CORP.,PODD US,BB Ticker,United States,,,
Balanced Growth,LISTED EQUITY,GAIL INDIA LTD.,GAIL IN,BB Ticker,India,,,
Balanced Growth,LISTED EQUITY,"SNAP-ON, INC.",SNA US,BB Ticker,United States,,,
Balanced Growth,LISTED EQUITY,"KONICA MINOLTA, INC.",4902 JP,BB Ticker,Japan,,,
Balanced Growth,LISTED EQUITY,SUNRISE COMMUNICATIONS AG,SNRE US,BB Ticker,United States,,,
Balanced Growth,LISTED EQUITY,"JB HUNT TRANSPORT SERVICES, INC.",JBHT US,BB Ticker,United States,,,
Balanced Growth,LISTED EQUITY,DNB BANK ASA,DNB NO,BB Ticker,Belgium,,,
Balanced Growth,LISTED EQUITY,"FACTSET RESEARCH SYSTEMS, INC.",FDS US,BB Ticker,United States,,,
Balanced Growth,LISTED EQUITY,INFOMEDIA LTD.,IFM AU,BB Ticker,Australia,,,
Balanced Growth,LISTED EQUITY,"KEYSIGHT TECHNOLOGIES, INC.",KEYS US,BB Ticker,United States,,,
Balanced Growth,LISTED EQUITY,PENTAIR PLC,PNR US,BB Ticker,United States,,,
Balanced Growth,LISTED EQUITY,"OMNICOM GROUP, INC.",OMC US,BB Ticker,United States,,,
Balanced Growth,LISTED EQUITY,IDEX CORP.,IEX US,BB Ticker,United States,,,
Balanced Growth,LISTED EQUITY,AUDINATE GROUP LTD.,AD8 AU,BB Ticker,Australia,,,
Balanced Growth,LISTED EQUITY,"STANDARDAERO, INC.",SARO US,BB Ticker,United States,,,
Balanced Growth,LISTED EQUITY,"TOAST, INC.",TOST US,BB Ticker,United States,,,
Balanced Growth,LISTED EQUITY,ACCO BRANDS CORP.,ACCO US,BB Ticker,United States,,,
Balanced Growth,LISTED EQUITY,"ZIMMER BIOMET HOLDINGS, INC.",ZBH US,BB Ticker,United States,,,
Balanced Growth,LISTED EQUITY,ON SEMICONDUCTOR CORP.,ON US,BB Ticker,United States,,,
Balanced Growth,LISTED EQUITY,STRIKE ENERGY LTD.,STX AU,BB Ticker,Australia,,,
Balanced Growth,LISTED EQUITY,PLATINUM ASSET MANAGEMENT LTD.,PTM AU,BB Ticker,Australia,,,
Balanced Growth,LISTED EQUITY,W R BERKLEY CORP.,WRB US,BB Ticker,United States,,,
Balanced Growth,LISTED EQUITY,"WATSCO, INC.",WSO US,BB Ticker,United States,,,
Balanced Growth,LISTED EQUITY,"RADIAN GROUP, INC.",RDN US,BB Ticker,United States,,,
Balanced Growth,LISTED EQUITY,POU CHEN CORP.,9904 TT,BB Ticker,Taiwan,,,
Balanced Growth,LISTED EQUITY,"ESTEE LAUDER COS., INC.",EL US,BB Ticker,United States,,,
Balanced Growth,LISTED EQUITY,ATLAS COPCO AB,ATCOB SS,BB Ticker,Sweden,,,
Balanced Growth,LISTED EQUITY,"PRINCIPAL FINANCIAL GROUP, INC.",PFG US,BB Ticker,United States,,,
Balanced Growth,LISTED EQUITY,BANK NEGARA INDONESIA PERSERO TBK. PT,BBNI IJ,BB Ticker,Indonesia,,,
Balanced Growth,LISTED EQUITY,HOYA CORP.,7741 JP,BB Ticker,Japan,,,
Balanced Growth,LISTED EQUITY,HINDALCO INDUSTRIES LTD.,HNDL IN,BB Ticker,India,,,
Balanced Growth,LISTED EQUITY,"GEN DIGITAL, INC.",GEN US,BB Ticker,United States,,,
Balanced Growth,LISTED EQUITY,CATHAY FINANCIAL HOLDING CO. LTD.,2882 TT,BB Ticker,Taiwan,,,
Balanced Growth,LISTED EQUITY,"TRIMBLE, INC.",TRMB US,BB Ticker,United States,,,
Balanced Growth,LISTED EQUITY,"JABIL, INC.",JBL US,BB Ticker,United States,,,
Balanced Growth,LISTED EQUITY,"EPAM SYSTEMS, INC.",EPAM US,BB Ticker,United States,,,
Balanced Growth,LISTED EQUITY,PEOPLE'S INSURANCE CO. GROUP OF CHINA LTD.,1339 HK,BB Ticker,Hong Kong,,,
Balanced Growth,LISTED EQUITY,USS CO. LTD.,4732 JP,BB Ticker,Japan,,,
Balanced Growth,LISTED EQUITY,SANLAM LTD.,SLM SJ,BB Ticker,South Africa,,,
Balanced Growth,LISTED EQUITY,SSAB AB,SSABA SS,BB Ticker,Sweden,,,
Balanced Growth,LISTED EQUITY,KERRY GROUP PLC,KYGA ID,BB Ticker,Ireland,,,
Balanced Growth,LISTED EQUITY,GEA GROUP AG,G1A GR,BB Ticker,Germany,,,
Balanced Growth,LISTED EQUITY,"MONGODB, INC.",MDB US,BB Ticker,United States,,,
Balanced Growth,LISTED EQUITY,"CLEAR SECURE, INC.",YOU US,BB Ticker,United States,,,
Balanced Growth,LISTED EQUITY,HULIC CO. LTD.,3003 JP,BB Ticker,Japan,,,
Balanced Growth,LISTED EQUITY,"GAP, INC.",GAP US,BB Ticker,United States,,,
Balanced Growth,LISTED EQUITY,WATERS CORP.,WAT US,BB Ticker,United States,,,
Balanced Growth,LISTED EQUITY,CARNIVAL CORP.,CCL US,BB Ticker,United States,,,
Balanced Growth,LISTED EQUITY,"CARLYLE GROUP, INC.",CG US,BB Ticker,United States,,,
Balanced Growth,LISTED EQUITY,KEYCORP,KEY US,BB Ticker,United States,,,
Balanced Growth,LISTED EQUITY,GWA GROUP LTD.,GWA AU,BB Ticker,Australia,,,
Balanced Growth,LISTED EQUITY,"FINNING INTERNATIONAL, INC.",FTT CN,BB Ticker,Canada,,,
Balanced Growth,LISTED EQUITY,"ZSCALER, INC.",ZS US,BB Ticker,United States,,,
Balanced Growth,LISTED EQUITY,"SUPER MICRO COMPUTER, INC.",SMCI US,BB Ticker,United States,,,
Balanced Growth,LISTED EQUITY,SENSATA TECHNOLOGIES HOLDING PLC,ST US,BB Ticker,United States,,,
Balanced Growth,LISTED EQUITY,"DAYFORCE, INC.",DAY US,BB Ticker,United States,,,
Balanced Growth,LISTED EQUITY,"ULTA BEAUTY, INC.",ULTA US,BB Ticker,United States,,,
Balanced Growth,LISTED EQUITY,"LABCORP HOLDINGS, INC.",LH US,BB Ticker,United States,,,
Balanced Growth,LISTED EQUITY,"CARMAX, INC.",KMX US,BB Ticker,United States,,,
Balanced Growth,LISTED EQUITY,"POWERTECH TECHNOLOGY, INC.",6239 TT,BB Ticker,Taiwan,,,
Balanced Growth,LISTED EQUITY,LOJAS RENNER SA,LREN3 BZ,BB Ticker,Brazil,,,
Balanced Growth,LISTED EQUITY,"PAYCOM SOFTWARE, INC.",PAYC US,BB Ticker,United States,,,
Balanced Growth,LISTED EQUITY,CHINA LIFE INSURANCE CO. LTD.,2628 HK,BB Ticker,Hong Kong,,,
Balanced Growth,LISTED EQUITY,J M SMUCKER CO.,SJM US,BB Ticker,United States,,,
Balanced Growth,LISTED EQUITY,SAPPI LTD.,SAP SJ,BB Ticker,South Africa,,,
Balanced Growth,LISTED EQUITY,CHAROEN POKPHAND FOODS PCL,CPFR TB,BB Ticker,Thailand,,,
Balanced Growth,LISTED EQUITY,SAUDI AWWAL BANK,SABB AB,BB Ticker,Saudi Arabia,,,
Balanced Growth,LISTED EQUITY,"FIDELITY NATIONAL FINANCIAL, INC.",FNF US,BB Ticker,United States,,,
Balanced Growth,LISTED EQUITY,ALPS ALPINE CO. LTD.,6770 JP,BB Ticker,Japan,,,
Balanced Growth,LISTED EQUITY,EXACT SCIENCES CORP.,EXAS US,BB Ticker,United States,,,
Balanced Growth,LISTED EQUITY,"JUNIPER NETWORKS, INC.",JNPR US,BB Ticker,United States,,,
Balanced Growth,LISTED EQUITY,BUDWEISER BREWING CO. APAC LTD.,1876 HK,BB Ticker,Hong Kong,,,
Balanced Growth,LISTED EQUITY,MINERAL RESOURCES LTD.,MIN AU,BB Ticker,Australia,,,
Balanced Growth,LISTED EQUITY,CENTRAL JAPAN RAILWAY CO.,9022 JP,BB Ticker,Japan,,,
Balanced Growth,LISTED EQUITY,"AVANTOR, INC.",AVTR US,BB Ticker,United States,,,
Balanced Growth,LISTED EQUITY,"BAXTER INTERNATIONAL, INC.",BAX US,BB Ticker,United States,,,
Balanced Growth,LISTED EQUITY,GENUINE PARTS CO.,GPC US,BB Ticker,United States,,,
Balanced Growth,LISTED EQUITY,INTERNATIONAL PAPER CO.,IP US,BB Ticker,United States,,,
Balanced Growth,LISTED EQUITY,TRELLEBORG AB,TRELB SS,BB Ticker,Sweden,,,
Balanced Growth,LISTED EQUITY,"ENBRIDGE, INC.",ENB CN,BB Ticker,Canada,,,
Balanced Growth,LISTED EQUITY,"NETGEAR, INC.",NTGR US,BB Ticker,United States,,,
Balanced Growth,LISTED EQUITY,SUN HUNG KAI PROPERTIES LTD.,16 HK,BB Ticker,Hong Kong,,,
Balanced Growth,LISTED EQUITY,"DAVITA, INC.",DVA US,BB Ticker,United States,,,
Balanced Growth,LISTED EQUITY,"ITT, INC.",ITT US,BB Ticker,United States,,,
Balanced Growth,LISTED EQUITY,SOLVENTUM CORP.,SOLV US,BB Ticker,United States,,,
Balanced Growth,LISTED EQUITY,CNH INDUSTRIAL NV,CNH US,BB Ticker,United States,,,
Balanced Growth,LISTED EQUITY,"ROLLINS, INC.",ROL US,BB Ticker,United States,,,
Balanced Growth,LISTED EQUITY,"WSP GLOBAL, INC.",WSP CN,BB Ticker,Canada,,,
Balanced Growth,LISTED EQUITY,"DOLLAR TREE, INC.",DLTR US,BB Ticker,United States,,,
Balanced Growth,LISTED EQUITY,"MATCH GROUP, INC.",MTCH US,BB Ticker,United States,,,
Balanced Growth,LISTED EQUITY,"AKAMAI TECHNOLOGIES, INC.",AKAM US,BB Ticker,United States,,,
Balanced Growth,LISTED EQUITY,"JACK HENRY & ASSOCIATES, INC.",JKHY US,BB Ticker,United States,,,
Balanced Growth,LISTED EQUITY,ERIE INDEMNITY CO.,ERIE US,BB Ticker,United States,,,
Balanced Growth,LISTED EQUITY,"ZILLOW GROUP, INC.",Z US,BB Ticker,United States,,,
Balanced Growth,LISTED EQUITY,J FRONT RETAILING CO. LTD.,3086 JP,BB Ticker,Japan,,,
Balanced Growth,LISTED EQUITY,"DOLBY LABORATORIES, INC.",DLB US,BB Ticker,United States,,,
Balanced Growth,LISTED EQUITY,AIR LIQUIDE SA,AI FP,BB Ticker,France,,,
Balanced Growth,LISTED EQUITY,"PERKINELMER, INC.",RVTY US,BB Ticker,United States,,,
Balanced Growth,LISTED EQUITY,KGL RESOURCES LTD.,KGL AU,BB Ticker,Australia,,,
Balanced Growth,LISTED EQUITY,"TERADYNE, INC.",TER US,BB Ticker,United States,,,
Balanced Growth,LISTED EQUITY,NIPPON STEEL CORP.,5401 JP,BB Ticker,Japan,,,
Balanced Growth,LISTED EQUITY,BAJAJ AUTO LTD.,BJAUT IN,BB Ticker,India,,,
Balanced Growth,LISTED EQUITY,MOSAIC CO.,MOS US,BB Ticker,United States,,,
Balanced Growth,LISTED EQUITY,RELX PLC,REL LN,BB Ticker,United Kingdom,,,
Balanced Growth,LISTED EQUITY,SCOUT24 SE,G24 GR,BB Ticker,Germany,,,
Balanced Growth,LISTED EQUITY,SMURFIT WESTROCK PLC,SW US,BB Ticker,United States,,,
Balanced Growth,LISTED EQUITY,"STANLEY BLACK & DECKER, INC.",SWK US,BB Ticker,United States,,,
Balanced Growth,LISTED EQUITY,INPEX CORP.,1605 JP,BB Ticker,Japan,,,
Balanced Growth,LISTED EQUITY,JUST EAT TAKEAWAY.COM NV,TKWY NA,BB Ticker,Netherlands,,,
Balanced Growth,LISTED EQUITY,BETMAKERS TECHNOLOGY GROUP LTD.,BET AU,BB Ticker,Australia,,,
Balanced Growth,LISTED EQUITY,EASYJET PLC,EZJ LN,BB Ticker,United Kingdom,,,
Balanced Growth,LISTED EQUITY,METALS X LTD.,MLX AU,BB Ticker,Australia,,,
Balanced Growth,LISTED EQUITY,"COOPER COS., INC.",COO US,BB Ticker,United States,,,
Balanced Growth,LISTED EQUITY,U-HAUL HOLDING CO.,UHALB US,BB Ticker,United States,,,
Balanced Growth,LISTED EQUITY,"DOMINO'S PIZZA, INC.",DPZ US,BB Ticker,United States,,,
Balanced Growth,LISTED EQUITY,HORMEL FOODS CORP.,HRL US,BB Ticker,United States,,,
Balanced Growth,LISTED EQUITY,WYNN RESORTS LTD.,WYNN US,BB Ticker,United States,,,
Balanced Growth,LISTED EQUITY,"SPROUTS FARMERS MARKET, INC.",SFM US,BB Ticker,United States,,,
Balanced Growth,LISTED EQUITY,"ADEIA, INC.",ADEA US,BB Ticker,United States,,,
Balanced Growth,LISTED EQUITY,BRAVURA SOLUTIONS LTD.,BVS AU,BB Ticker,Australia,,,
Balanced Growth,LISTED EQUITY,"COLLIERS INTERNATIONAL GROUP, INC.",CIGI CN,BB Ticker,Canada,,,
Balanced Growth,LISTED EQUITY,POOL CORP.,POOL US,BB Ticker,United States,,,
Balanced Growth,LISTED EQUITY,CAMPBELL SOUP CO.,CPB US,BB Ticker,United States,,,
Balanced Growth,LISTED EQUITY,ARGENX SE,ARGX BB,BB Ticker,Belgium,,,
Balanced Growth,LISTED EQUITY,BANKINTER SA,BKT SM,BB Ticker,Spain,,,
Balanced Growth,LISTED EQUITY,"INTERPUBLIC GROUP OF COS., INC.",IPG US,BB Ticker,United States,,,
Balanced Growth,LISTED EQUITY,"PATRIOT BATTERY METALS, INC.",PMT AU,BB Ticker,Australia,,,
Balanced Growth,LISTED EQUITY,"KELLY SERVICES, INC.",KELYA US,BB Ticker,United States,,,
Balanced Growth,LISTED EQUITY,"HANA FINANCIAL GROUP, INC.",086790 KS,BB Ticker,South Korea,,,
Balanced Growth,LISTED EQUITY,TORO CO.,TTC US,BB Ticker,United States,,,
Balanced Growth,LISTED EQUITY,"PACIRA BIOSCIENCES, INC.",PCRX US,BB Ticker,United States,,,
Balanced Growth,LISTED EQUITY,SRG GLOBAL LTD.,SRG AU,BB Ticker,Australia,,,
Balanced Growth,LISTED EQUITY,BANK OF NOVA SCOTIA,BNS CN,BB Ticker,Canada,,,
Balanced Growth,LISTED EQUITY,INDIAN OIL CORP. LTD.,IOCL IN,BB Ticker,India,,,
Balanced Growth,LISTED EQUITY,TRENT LTD.,TRENT IN,BB Ticker,India,,,
Balanced Growth,LISTED EQUITY,"LAZARD, INC.",LAZ US,BB Ticker,United States,,,
Balanced Growth,LISTED EQUITY,ESSILORLUXOTTICA SA,EL FP,BB Ticker,France,,,
Balanced Growth,LISTED EQUITY,MARKS & SPENCER GROUP PLC,MKS LN,BB Ticker,United Kingdom,,,
Balanced Growth,LISTED EQUITY,JAPAN POST HOLDINGS CO. LTD.,6178 JP,BB Ticker,Japan,,,
Balanced Growth,LISTED EQUITY,"SNAP, INC.",SNAP US,BB Ticker,United States,,,
Balanced Growth,LISTED EQUITY,"ENTEGRIS, INC.",ENTG US,BB Ticker,United States,,,
Balanced Growth,LISTED EQUITY,BROWN-FORMAN CORP.,BFB US,BB Ticker,United States,,,
Balanced Growth,LISTED EQUITY,BANK OF MONTREAL,BMO CN,BB Ticker,Canada,,,
Balanced Growth,LISTED EQUITY,RIYAD BANK,RIBL AB,BB Ticker,Saudi Arabia,,,
Balanced Growth,LISTED EQUITY,MUENCHENER RUECKVERSICHERUNGS-GESELLSCHAFT AG IN MUENCHEN,MUV2 GR,BB Ticker,Germany,,,
Balanced Growth,LISTED EQUITY,"BRINKER INTERNATIONAL, INC.",EAT US,BB Ticker,United States,,,
Balanced Growth,LISTED EQUITY,BLUEPRINT MEDICINES CORP.,BPMC US,BB Ticker,United States,,,
Balanced Growth,LISTED EQUITY,BANK OF HANGZHOU CO. LTD.,600926 C1,BB Ticker,China,,,
Balanced Growth,LISTED EQUITY,MAAS GROUP HOLDINGS LTD.,MGH AU,BB Ticker,Australia,,,
Balanced Growth,LISTED EQUITY,ALBEMARLE CORP.,ALB US,BB Ticker,United States,,,
Balanced Growth,LISTED EQUITY,NORDSON CORP.,NDSN US,BB Ticker,United States,,,
Balanced Growth,LISTED EQUITY,"IGM FINANCIAL, INC.",IGM CN,BB Ticker,Canada,,,
Balanced Growth,LISTED EQUITY,RIO TINTO PLC,RIO LN,BB Ticker,United Kingdom,,,
Balanced Growth,LISTED EQUITY,NITTO DENKO CORP.,6988 JP,BB Ticker,Japan,,,
Balanced Growth,LISTED EQUITY,ARCA CONTINENTAL SAB DE CV,AC MM,BB Ticker,Mexico,,,
Balanced Growth,LISTED EQUITY,KIRIN HOLDINGS CO. LTD.,2503 JP,BB Ticker,Japan,,,
Balanced Growth,LISTED EQUITY,ALMARAI CO. JSC,ALMARAI AB,BB Ticker,Saudi Arabia,,,
Balanced Growth,LISTED EQUITY,TOWER SEMICONDUCTOR LTD.,TSEM US,BB Ticker,United States,,,
Balanced Growth,LISTED EQUITY,CANADIAN PACIFIC KANSAS CITY LTD.,CP CN,BB Ticker,Canada,,,
Balanced Growth,LISTED EQUITY,AGEAS SA,AGS BB,BB Ticker,Belgium,,,
Balanced Growth,LISTED EQUITY,"IA FINANCIAL CORP., INC.",IAG CN,BB Ticker,Canada,,,
Balanced Growth,LISTED EQUITY,TOKYO GAS CO. LTD.,9531 JP,BB Ticker,Japan,,,
Balanced Growth,LISTED EQUITY,TECH MAHINDRA LTD.,TECHM IN,BB Ticker,India,,,
Balanced Growth,LISTED EQUITY,SMURFIT WESTROCK PLC,SWR LN,BB Ticker,United Kingdom,,,
Balanced Growth,LISTED EQUITY,EUROBANK ERGASIAS SERVICES & HOLDINGS SA,EUROB GA,BB Ticker,Greece,,,
Balanced Growth,LISTED EQUITY,"GQG PARTNERS, INC.",GQG AU,BB Ticker,Australia,,,
Balanced Growth,LISTED EQUITY,CHINA PACIFIC INSURANCE GROUP CO. LTD.,2601 HK,BB Ticker,Hong Kong,,,
Balanced Growth,LISTED EQUITY,TATA CONSULTANCY SERVICES LTD.,TCS IN,BB Ticker,India,,,
Balanced Growth,LISTED EQUITY,SCHOLASTIC CORP.,SCHL US,BB Ticker,United States,,,
Balanced Growth,LISTED EQUITY,SHIN-ETSU CHEMICAL CO. LTD.,4063 JP,BB Ticker,Japan,,,
Balanced Growth,LISTED EQUITY,PETROCHINA CO. LTD.,857 HK,BB Ticker,Hong Kong,,,
Balanced Growth,LISTED EQUITY,GERDAU SA,GGBR4 BZ,BB Ticker,Brazil,,,
Balanced Growth,LISTED EQUITY,"BAIDU, INC.",9888 HK,BB Ticker,Hong Kong,,,
Balanced Growth,LISTED EQUITY,WEST JAPAN RAILWAY CO.,9021 JP,BB Ticker,Japan,,,
Balanced Growth,LISTED EQUITY,BOSIDENG INTERNATIONAL HOLDINGS LTD.,3998 HK,BB Ticker,Hong Kong,,,
Balanced Growth,LISTED EQUITY,"CELLTRION, INC.",068270 KS,BB Ticker,South Korea,,,
Balanced Growth,LISTED EQUITY,CIMB GROUP HOLDINGS BHD.,CIMB MK,BB Ticker,Malaysia,,,
Balanced Growth,LISTED EQUITY,MALAYSIA AIRPORTS HOLDINGS BHD.,MAHB MK,BB Ticker,Malaysia,,,
Balanced Growth,LISTED EQUITY,FUJI ELECTRIC CO. LTD.,6504 JP,BB Ticker,Japan,,,
Balanced Growth,LISTED EQUITY,AUSTRALIAN ETHICAL INVESTMENT LTD.,AEF AU,BB Ticker,Australia,,,
Balanced Growth,LISTED EQUITY,MITSUI & CO. LTD.,8031 JP,BB Ticker,Japan,,,
Balanced Growth,LISTED EQUITY,GENTERA SAB DE CV,GENTERA MM,BB Ticker,Mexico,,,
Balanced Growth,LISTED EQUITY,CANADIAN NATIONAL RAILWAY CO.,CNR CN,BB Ticker,Canada,,,
Balanced Growth,LISTED EQUITY,SEINO HOLDINGS CO. LTD.,9076 JP,BB Ticker,Japan,,,
Balanced Growth,LISTED EQUITY,HAIER SMART HOME CO. LTD.,6690 HK,BB Ticker,Hong Kong,,,
Balanced Growth,LISTED EQUITY,UNITED UTILITIES GROUP PLC,UU LN,BB Ticker,United Kingdom,,,
Balanced Growth,LISTED EQUITY,CTBC FINANCIAL HOLDING CO. LTD.,2891 TT,BB Ticker,Taiwan,,,
Balanced Growth,LISTED EQUITY,IPERIONX LTD.,IPX AU,BB Ticker,Australia,,,
Balanced Growth,LISTED EQUITY,BANK OF BEIJING CO. LTD.,601169 C1,BB Ticker,China,,,
Balanced Growth,LISTED EQUITY,REDOX LTD.,RDX AU,BB Ticker,Australia,,,
Balanced Growth,LISTED EQUITY,ADRIATIC METALS PLC,ADT AU,BB Ticker,Australia,,,
Balanced Growth,LISTED EQUITY,BANK OF BARODA,BOB IN,BB Ticker,India,,,
Balanced Growth,LISTED EQUITY,KYOWA KIRIN CO. LTD.,4151 JP,BB Ticker,Japan,,,
Balanced Growth,LISTED EQUITY,"CCL INDUSTRIES, INC.",CCLB CN,BB Ticker,Canada,,,
Balanced Growth,LISTED EQUITY,GENTRACK GROUP LTD.,GTK AU,BB Ticker,Australia,,,
Balanced Growth,LISTED EQUITY,FERRARI NV,RACE IM,BB Ticker,Italy,,,
Balanced Growth,LISTED EQUITY,DASSAULT AVIATION SA,AM FP,BB Ticker,France,,,
Balanced Growth,LISTED EQUITY,WHARF REAL ESTATE INVESTMENT CO. LTD.,1997 HK,BB Ticker,Hong Kong,,,
Balanced Growth,LISTED EQUITY,"LG ELECTRONICS, INC.",066570 KS,BB Ticker,South Korea,,,
Balanced Growth,LISTED EQUITY,YOKOGAWA ELECTRIC CORP.,6841 JP,BB Ticker,Japan,,,
Balanced Growth,LISTED EQUITY,ANGLOGOLD ASHANTI PLC,ANG SJ,BB Ticker,South Africa,,,
Balanced Growth,LISTED EQUITY,MYER HOLDINGS LTD.,MYR AU,BB Ticker,Australia,,,
Balanced Growth,LISTED EQUITY,"GUNGHO ONLINE ENTERTAINMENT, INC.",3765 JP,BB Ticker,Japan,,,
Balanced Growth,LISTED EQUITY,YAPI VE KREDI BANKASI AS,YKBNK TI,BB Ticker,Turkey,,,
Balanced Growth,LISTED EQUITY,OTP BANK NYRT,OTP HB,BB Ticker,Hungary,,,
Balanced Growth,LISTED EQUITY,CRRC CORP. LTD.,1766 HK,BB Ticker,Hong Kong,,,
Balanced Growth,LISTED EQUITY,"POST HOLDINGS, INC.",POST US,BB Ticker,United States,,,
Balanced Growth,LISTED EQUITY,TUI AG,TUI1 GR,BB Ticker,Germany,,,
Balanced Growth,LISTED EQUITY,CTS EVENTIM AG & CO. KGAA,EVD GR,BB Ticker,Germany,,,
Balanced Growth,LISTED EQUITY,DOWA HOLDINGS CO. LTD.,5714 JP,BB Ticker,Japan,,,
Balanced Growth,LISTED EQUITY,REDEIA CORP. SA,RED SM,BB Ticker,Spain,,,
Balanced Growth,LISTED EQUITY,ACCIONA SA,ANA SM,BB Ticker,Spain,,,
Balanced Growth,LISTED EQUITY,GROUPE BRUXELLES LAMBERT NV,GBLB BB,BB Ticker,Belgium,,,
Balanced Growth,LISTED EQUITY,GRUPO MEXICO SAB DE CV,GMEXICOB MM,BB Ticker,Mexico,,,
Balanced Growth,LISTED EQUITY,KURITA WATER INDUSTRIES LTD.,6370 JP,BB Ticker,Japan,,,
Balanced Growth,LISTED EQUITY,3I GROUP PLC,III LN,BB Ticker,United Kingdom,,,
Balanced Growth,LISTED EQUITY,HYUNDAI GLOVIS CO. LTD.,086280 KS,BB Ticker,South Korea,,,
Balanced Growth,LISTED EQUITY,YUANTA FINANCIAL HOLDING CO. LTD.,2885 TT,BB Ticker,Taiwan,,,
Balanced Growth,LISTED EQUITY,DEUTSCHE BOERSE AG,DB1 GR,BB Ticker,Germany,,,
Balanced Growth,LISTED EQUITY,OIL & NATURAL GAS CORP. LTD.,ONGC IN,BB Ticker,India,,,
Balanced Growth,LISTED EQUITY,NOVONIX LTD.,NVX AU,BB Ticker,Australia,,,
Balanced Growth,LISTED EQUITY,SWISS RE AG,SREN SW,BB Ticker,Switzerland,,,
Balanced Growth,LISTED EQUITY,EXOR NV,EXO NA,BB Ticker,Netherlands,,,
Balanced Growth,LISTED EQUITY,LONZA GROUP AG,LONN SW,BB Ticker,Switzerland,,,
Balanced Growth,LISTED EQUITY,INDUSTRIE DE NORA SPA,DNR IM,BB Ticker,Italy,,,
Balanced Growth,LISTED EQUITY,RPMGLOBAL HOLDINGS LTD.,RUL AU,BB Ticker,Australia,,,
Balanced Growth,LISTED EQUITY,PEGATRON CORP.,4938 TT,BB Ticker,Taiwan,,,
Balanced Growth,LISTED EQUITY,CLARITY PHARMACEUTICALS LTD.,CU6 AU,BB Ticker,Australia,,,
Balanced Growth,LISTED EQUITY,EDP - ENERGIAS DE PORTUGAL SA,EDP PL,BB Ticker,Portugal,,,
Balanced Growth,LISTED EQUITY,SIEMENS LTD.,SIEM IN,BB Ticker,India,,,
Balanced Growth,LISTED EQUITY,HYUNDAI MOBIS CO. LTD.,012330 KS,BB Ticker,South Korea,,,
Balanced Growth,LISTED EQUITY,"ALIMENTATION COUCHE-TARD, INC.",ATD CN,BB Ticker,Canada,,,
Balanced Growth,LISTED EQUITY,SUPERLOOP LTD.,SLC AU,BB Ticker,Australia,,,
Balanced Growth,LISTED EQUITY,DSV AS,DSV DC,BB Ticker,Denmark,,,
Balanced Growth,LISTED EQUITY,MESOBLAST LTD.,MSB AU,BB Ticker,Australia,,,
Balanced Growth,LISTED EQUITY,HELLOWORLD TRAVEL LTD.,HLO AU,BB Ticker,Australia,,,
Balanced Growth,LISTED EQUITY,ATLAS COPCO AB,ATCOA SS,BB Ticker,Sweden,,,
Balanced Growth,LISTED EQUITY,SEVEN & I HOLDINGS CO. LTD.,3382 JP,BB Ticker,Japan,,,
Balanced Growth,LISTED EQUITY,TC ENERGY CORP.,TRP CN,BB Ticker,Canada,,,
Balanced Growth,LISTED EQUITY,LENS TECHNOLOGY CO. LTD.,300433 C2,BB Ticker,China,,,
Balanced Growth,LISTED EQUITY,BARRATT DEVELOPMENTS PLC,BTRW LN,BB Ticker,United Kingdom,,,
Balanced Growth,LISTED EQUITY,SAVOLA GROUP,SAVOLA AB,BB Ticker,Saudi Arabia,,,
Balanced Growth,LISTED EQUITY,ANGLO AMERICAN PLC,AAL LN,BB Ticker,United Kingdom,,,
Balanced Growth,LISTED EQUITY,SIKA AG,SIKA SW,BB Ticker,Switzerland,,,
Balanced Growth,LISTED EQUITY,ELDERS LTD.,ELD AU,BB Ticker,Australia,,,
Balanced Growth,LISTED EQUITY,BELLEVUE GOLD LTD.,BGL AU,BB Ticker,Australia,,,
Balanced Growth,LISTED EQUITY,MEDIPAL HOLDINGS CORP.,7459 JP,BB Ticker,Japan,,,
Balanced Growth,LISTED EQUITY,FOXCONN INDUSTRIAL INTERNET CO. LTD.,601138 C1,BB Ticker,China,,,
Balanced Growth,LISTED EQUITY,DAI NIPPON PRINTING CO. LTD.,7912 JP,BB Ticker,Japan,,,
Balanced Growth,LISTED EQUITY,SAMSUNG C&T CORP.,028260 KS,BB Ticker,South Korea,,,
Balanced Growth,LISTED EQUITY,A O SMITH CORP.,AOS US,BB Ticker,United States,,,
Balanced Growth,LISTED EQUITY,AERIS RESOURCES LTD.,AIS AU,BB Ticker,Australia,,,
Balanced Growth,LISTED EQUITY,HEINEKEN HOLDING NV,HEIO NA,BB Ticker,Netherlands,,,
Balanced Growth,LISTED EQUITY,BANCOLOMBIA SA,CIB US,BB Ticker,United States,,,
Balanced Growth,LISTED EQUITY,OPTHEA LTD.,OPT AU,BB Ticker,Australia,,,
Balanced Growth,LISTED EQUITY,REC LTD.,RECL IN,BB Ticker,India,,,
Balanced Growth,LISTED EQUITY,"SUN LIFE FINANCIAL, INC.",SLF CN,BB Ticker,Canada,,,
Balanced Growth,LISTED EQUITY,ASSA ABLOY AB,ASSAB SS,BB Ticker,Sweden,,,
Balanced Growth,LISTED EQUITY,ITAUSA SA,ITSA4 BZ,BB Ticker,Brazil,,,
Balanced Growth,LISTED EQUITY,"AAC TECHNOLOGIES HOLDINGS, INC.",2018 HK,BB Ticker,Hong Kong,,,
Balanced Growth,LISTED EQUITY,CHECK POINT SOFTWARE TECHNOLOGIES LTD.,CHKP US,BB Ticker,United States,,,
Balanced Growth,LISTED EQUITY,"COLLEGIUM PHARMACEUTICAL, INC.",COLL US,BB Ticker,United States,,,
Balanced Growth,LISTED EQUITY,APPEN LTD.,APX AU,BB Ticker,Australia,,,
Balanced Growth,LISTED EQUITY,OM HOLDINGS LTD.,OMH AU,BB Ticker,Australia,,,
Balanced Growth,LISTED EQUITY,ARGENX SE,ARGXEUR X9,BB Ticker,Netherlands,,,
Balanced Growth,LISTED EQUITY,ASHTEAD GROUP PLC,AHT LN,BB Ticker,United Kingdom,,,
Balanced Growth,LISTED EQUITY,"SOMPO HOLDINGS, INC.",8630 JP,BB Ticker,Japan,,,
Balanced Growth,LISTED EQUITY,TIM SA,TIMB US,BB Ticker,United States,,,
Balanced Growth,LISTED EQUITY,SINO LAND CO. LTD.,83 HK,BB Ticker,Hong Kong,,,
Balanced Growth,LISTED EQUITY,PREDICTIVE DISCOVERY LTD.,PDI AU,BB Ticker,Australia,,,
Balanced Growth,LISTED EQUITY,PARTNERS GROUP HOLDING AG,PGHN SW,BB Ticker,Switzerland,,,
Balanced Growth,LISTED EQUITY,FUJIFILM HOLDINGS CORP.,4901 JP,BB Ticker,Japan,,,
Balanced Growth,LISTED EQUITY,SSE PLC,SSE LN,BB Ticker,United Kingdom,,,
Balanced Growth,LISTED EQUITY,VIBRA ENERGIA SA,VBBR3 BZ,BB Ticker,Brazil,,,
Balanced Growth,LISTED EQUITY,WHEATON PRECIOUS METALS CORP.,WPM CN,BB Ticker,Canada,,,
Balanced Growth,LISTED EQUITY,FRANCO-NEVADA CORP.,FNV CN,BB Ticker,Canada,,,
Balanced Growth,LISTED EQUITY,PERNOD RICARD SA,RI FP,BB Ticker,France,,,
Balanced Growth,LISTED EQUITY,VULCAN ENERGY RESOURCES LTD.,VUL AU,BB Ticker,Australia,,,
Balanced Growth,LISTED EQUITY,ASSICURAZIONI GENERALI SPA,G IM,BB Ticker,Italy,,,
Balanced Growth,LISTED EQUITY,DISCO CORP.,6146 JP,BB Ticker,Japan,,,
Balanced Growth,LISTED EQUITY,ASM INTERNATIONAL NV,ASM NA,BB Ticker,Netherlands,,,
Balanced Growth,LISTED EQUITY,MARUBENI CORP.,8002 JP,BB Ticker,Japan,,,
Balanced Growth,LISTED EQUITY,SMC CORP.,6273 JP,BB Ticker,Japan,,,
Balanced Growth,LISTED EQUITY,CEZ AS,CEZ CP,BB Ticker,Czech Republic,,,
Balanced Growth,LISTED EQUITY,CEDAR WOODS PROPERTIES LTD.,CWP AU,BB Ticker,Australia,,,
Balanced Growth,LISTED EQUITY,VONOVIA SE,VNA GR,BB Ticker,Germany,,,
Balanced Growth,LISTED EQUITY,DASSAULT SYSTEMES SE,DSY FP,BB Ticker,France,,,
Balanced Growth,LISTED EQUITY,NEC CORP.,6701 JP,BB Ticker,Japan,,,
Balanced Growth,LISTED EQUITY,SWISS LIFE HOLDING AG,SLHN SW,BB Ticker,Switzerland,,,
Balanced Growth,LISTED EQUITY,OTSUKA HOLDINGS CO. LTD.,4578 JP,BB Ticker,Japan,,,
Balanced Growth,LISTED EQUITY,BANK LEUMI LE-ISRAEL BM,LUMI IT,BB Ticker,Israel,,,
Balanced Growth,LISTED EQUITY,ORIENTAL LAND CO. LTD.,4661 JP,BB Ticker,Japan,,,
Balanced Growth,LISTED EQUITY,BRIDGESTONE CORP.,5108 JP,BB Ticker,Japan,,,
Balanced Growth,LISTED EQUITY,FERROVIAL SE,FER SM,BB Ticker,Spain,,,
Balanced Growth,LISTED EQUITY,RENESAS ELECTRONICS CORP.,6723 JP,BB Ticker,Japan,,,
Balanced Growth,LISTED EQUITY,NUTRIEN LTD.,NTR CN,BB Ticker,Canada,,,
Balanced Growth,LISTED EQUITY,COCA-COLA EUROPACIFIC PARTNERS PLC,CCEP US,BB Ticker,United States,,,
Balanced Growth,LISTED EQUITY,INTERCONTINENTAL HOTELS GROUP PLC,IHG LN,BB Ticker,United Kingdom,,,
Balanced Growth,LISTED EQUITY,CENTRAIS ELETRICAS BRASILEIRAS SA,ELET3 BZ,BB Ticker,Brazil,,,
Balanced Growth,LISTED EQUITY,HEXAGON AB,HEXAB SS,BB Ticker,Sweden,,,
Balanced Growth,LISTED EQUITY,PEMBINA PIPELINE CORP.,PPL CN,BB Ticker,Canada,,,
Balanced Growth,LISTED EQUITY,CAMECO CORP.,CCO CN,BB Ticker,Canada,,,
Balanced Growth,LISTED EQUITY,SEKISUI HOUSE LTD.,1928 JP,BB Ticker,Japan,,,
Balanced Growth,LISTED EQUITY,ASAHI GROUP HOLDINGS LTD.,2502 JP,BB Ticker,Japan,,,
Balanced Growth,LISTED EQUITY,PTT EXPLORATION & PRODUCTION PCL,PTTEPR TB,BB Ticker,Thailand,,,
Balanced Growth,LISTED EQUITY,DANSKE BANK AS,DANSKE DC,BB Ticker,Denmark,,,
Balanced Growth,LISTED EQUITY,EAST JAPAN RAILWAY CO.,9020 JP,BB Ticker,Japan,,,
Balanced Growth,LISTED EQUITY,SUZUKI MOTOR CORP.,7269 JP,BB Ticker,Japan,,,
Balanced Growth,LISTED EQUITY,HEINEKEN NV,HEIA NA,BB Ticker,Netherlands,,,
Balanced Growth,LISTED EQUITY,GR ENGINEERING SERVICES LTD.,GNG AU,BB Ticker,Australia,,,
Balanced Growth,LISTED EQUITY,LEGAL & GENERAL GROUP PLC,LGEN LN,BB Ticker,United Kingdom,,,
Balanced Growth,LISTED EQUITY,"RESTAURANT BRANDS INTERNATIONAL, INC.",QSR CN,BB Ticker,Canada,,,
Balanced Growth,LISTED EQUITY,UNIVERSAL MUSIC GROUP NV,UMG NA,BB Ticker,Netherlands,,,
Balanced Growth,LISTED EQUITY,DAIMLER TRUCK HOLDING AG,DTG GR,BB Ticker,Germany,,,
Balanced Growth,LISTED EQUITY,BROOKFIELD ASSET MANAGEMENT LTD.,BAM CN,BB Ticker,Canada,,,
Balanced Growth,LISTED EQUITY,AEON CO. LTD.,8267 JP,BB Ticker,Japan,,,
Balanced Growth,LISTED EQUITY,COMMERZBANK AG,CBK GR,BB Ticker,Germany,,,
Balanced Growth,LISTED EQUITY,SANDOZ GROUP AG,SDZ SW,BB Ticker,Switzerland,,,
Balanced Growth,LISTED EQUITY,PORSCHE AUTOMOBIL HOLDING SE,PAH3 GR,BB Ticker,Germany,,,
Balanced Growth,LISTED EQUITY,BAYER AG,BAYN GR,BB Ticker,Germany,,,
Balanced Growth,LISTED EQUITY,PENINSULA ENERGY LTD.,PEN AU,BB Ticker,Australia,,,
Balanced Growth,LISTED EQUITY,"RESONA HOLDINGS, INC.",8308 JP,BB Ticker,Japan,,,
Balanced Growth,LISTED EQUITY,CELLNEX TELECOM SA,CLNX SM,BB Ticker,Spain,,,
Balanced Growth,LISTED EQUITY,"AJINOMOTO CO., INC.",2802 JP,BB Ticker,Japan,,,
Balanced Growth,LISTED EQUITY,SGS SA,SGSN SW,BB Ticker,Switzerland,,,
Balanced Growth,LISTED EQUITY,ESSITY AB,ESSITYB SS,BB Ticker,Sweden,,,
Balanced Growth,LISTED EQUITY,JAPAN POST BANK CO. LTD.,7182 JP,BB Ticker,Japan,,,
Balanced Growth,LISTED EQUITY,"BANDAI NAMCO HOLDINGS, INC.",7832 JP,BB Ticker,Japan,,,
Balanced Growth,LISTED EQUITY,UNIVERSAL STORE HOLDINGS LTD.,UNI AU,BB Ticker,Australia,,,
Balanced Growth,LISTED EQUITY,PRYSMIAN SPA,PRY IM,BB Ticker,Italy,,,
Balanced Growth,LISTED EQUITY,HANNOVER RUECK SE,HNR1 GR,BB Ticker,Germany,,,
Balanced Growth,LISTED EQUITY,TECHNICOLOR CREATIVE STUDIOS SA,TCHCS FP,BB Ticker,France,,,
Balanced Growth,LISTED EQUITY,GEBERIT AG,GEBN SW,BB Ticker,Switzerland,,,
Balanced Growth,LISTED EQUITY,MTU AERO ENGINES AG,MTX GR,BB Ticker,Germany,,,
Balanced Growth,LISTED EQUITY,SAMPO OYJ,SAMPO FH,BB Ticker,Finland,,,
Balanced Growth,LISTED EQUITY,STMICROELECTRONICS NV,STMPA FP,BB Ticker,France,,,
Balanced Growth,LISTED EQUITY,KONE OYJ,KNEBV FH,BB Ticker,Finland,,,
Balanced Growth,LISTED EQUITY,MYSTATE LTD.,MYS AU,BB Ticker,Australia,,,
Balanced Growth,LISTED EQUITY,TOURMALINE OIL CORP.,TOU CN,BB Ticker,Canada,,,
Balanced Growth,LISTED EQUITY,PANDORA AS,PNDORA DC,BB Ticker,Denmark,,,
Balanced Growth,LISTED EQUITY,NIPPON YUSEN KK,9101 JP,BB Ticker,Japan,,,
Balanced Growth,LISTED EQUITY,SIEMENS HEALTHINEERS AG,SHL GR,BB Ticker,Germany,,,
Balanced Growth,LISTED EQUITY,"RB GLOBAL, INC.",RBA CN,BB Ticker,Canada,,,
Balanced Growth,LISTED EQUITY,AENA SME SA,AENA SM,BB Ticker,Spain,,,
Balanced Growth,LISTED EQUITY,BANK HAPOALIM BM,POLI IT,BB Ticker,Israel,,,
Balanced Growth,LISTED EQUITY,EVOLUTION AB,EVO SS,BB Ticker,Sweden,,,
Balanced Growth,LISTED EQUITY,UPM-KYMMENE OYJ,UPM FH,BB Ticker,Finland,,,
Balanced Growth,LISTED EQUITY,JULIUS BAER GROUP LTD.,BAER SW,BB Ticker,Switzerland,,,
Balanced Growth,LISTED EQUITY,SECOM CO. LTD.,9735 JP,BB Ticker,Japan,,,
Balanced Growth,LISTED EQUITY,KYOCERA CORP.,6971 JP,BB Ticker,Japan,,,
Balanced Growth,LISTED EQUITY,NTT DATA CORP.,9613 JP,BB Ticker,Japan,,,
Balanced Growth,LISTED EQUITY,MITSUI OSK LINES LTD.,9104 JP,BB Ticker,Japan,,,
Balanced Growth,LISTED EQUITY,IMPERIAL OIL LTD.,IMO CN,BB Ticker,Canada,,,
Balanced Growth,LISTED EQUITY,KUBOTA CORP.,6326 JP,BB Ticker,Japan,,,
Balanced Growth,LISTED EQUITY,"JAPAN EXCHANGE GROUP, INC.",8697 JP,BB Ticker,Japan,,,
Balanced Growth,LISTED EQUITY,EPIROC AB,EPIA SS,BB Ticker,Sweden,,,
Balanced Growth,LISTED EQUITY,COVESTRO AG,1CO GR,BB Ticker,Germany,,,
Balanced Growth,LISTED EQUITY,SCHINDLER HOLDING AG,SCHP SW,BB Ticker,Switzerland,,,
Balanced Growth,LISTED EQUITY,BT GROUP PLC,BTA LN,BB Ticker,United Kingdom,,,
Balanced Growth,LISTED EQUITY,COLOPLAST AS,COLOB DC,BB Ticker,Denmark,,,
Balanced Growth,LISTED EQUITY,REPSOL SA,REP SM,BB Ticker,Spain,,,
Balanced Growth,LISTED EQUITY,SWISSCOM AG,SCMN SW,BB Ticker,Switzerland,,,
Balanced Growth,LISTED EQUITY,BANK OF IRELAND GROUP PLC,BIRG ID,BB Ticker,Ireland,,,
Balanced Growth,LISTED EQUITY,MONASH IVF GROUP LTD.,MVF AU,BB Ticker,Australia,,,
Balanced Growth,LISTED EQUITY,STRAUMANN HOLDING AG,STMN SW,BB Ticker,Switzerland,,,
Balanced Growth,LISTED EQUITY,UNICHARM CORP.,8113 JP,BB Ticker,Japan,,,
Balanced Growth,LISTED EQUITY,NITORI HOLDINGS CO. LTD.,9843 JP,BB Ticker,Japan,,,
Balanced Growth,LISTED EQUITY,RWE AG,RWE GR,BB Ticker,Germany,,,
Balanced Growth,LISTED EQUITY,"TFI INTERNATIONAL, INC.",TFII CN,BB Ticker,Canada,,,
Balanced Growth,LISTED EQUITY,BEIERSDORF AG,BEI GR,BB Ticker,Germany,,,
Balanced Growth,LISTED EQUITY,BUNZL PLC,BNZL LN,BB Ticker,United Kingdom,,,
Balanced Growth,LISTED EQUITY,SWISS PRIME SITE AG,SPSN SW,BB Ticker,Switzerland,,,
Balanced Growth,LISTED EQUITY,"T&D HOLDINGS, INC.",8795 JP,BB Ticker,Japan,,,
Balanced Growth,LISTED EQUITY,MELROSE INDUSTRIES PLC,MRO LN,BB Ticker,United Kingdom,,,
Balanced Growth,LISTED EQUITY,CARLSBERG AS,CARLB DC,BB Ticker,Denmark,,,
Balanced Growth,LISTED EQUITY,SEKISUI CHEMICAL CO. LTD.,4204 JP,BB Ticker,Japan,,,
Balanced Growth,LISTED EQUITY,CHOCOLADEFABRIKEN LINDT & SPRUENGLI AG,LISN SW,BB Ticker,Switzerland,,,
Balanced Growth,LISTED EQUITY,CATAPULT GROUP INTERNATIONAL LTD.,CAT AU,BB Ticker,Australia,,,
Balanced Growth,LISTED EQUITY,RENAULT SA,RNO FP,BB Ticker,France,,,
Balanced Growth,LISTED EQUITY,FISHER & PAYKEL HEALTHCARE CORP. LTD.,FPH NZ,BB Ticker,New Zealand,,,
Balanced Growth,LISTED EQUITY,PEARSON PLC,PSON LN,BB Ticker,United Kingdom,,,
Balanced Growth,LISTED EQUITY,KONINKLIJKE KPN NV,KPN NA,BB Ticker,Netherlands,,,
Balanced Growth,LISTED EQUITY,ELECTRO OPTIC SYSTEMS HOLDINGS LTD.,EOS AU,BB Ticker,Australia,,,
Balanced Growth,LISTED EQUITY,DOMAIN HOLDINGS AUSTRALIA LTD.,DHG AU,BB Ticker,Australia,,,
Balanced Growth,LISTED EQUITY,TOYOTA INDUSTRIES CORP.,6201 JP,BB Ticker,Japan,,,
Balanced Growth,LISTED EQUITY,GALAXY ENTERTAINMENT GROUP LTD.,27 HK,BB Ticker,Hong Kong,,,
Balanced Growth,LISTED EQUITY,POWER ASSETS HOLDINGS LTD.,6 HK,BB Ticker,Hong Kong,,,
Balanced Growth,LISTED EQUITY,KINGSPAN GROUP PLC,KSP ID,BB Ticker,Ireland,,,
Balanced Growth,LISTED EQUITY,EQT AB,EQT SS,BB Ticker,Sweden,,,
Balanced Growth,LISTED EQUITY,"METRO, INC.",MRU CN,BB Ticker,Canada,,,
Balanced Growth,LISTED EQUITY,HONGKONG LAND HOLDINGS LTD.,HKL SP,BB Ticker,Singapore,,,
Balanced Growth,LISTED EQUITY,"TORAY INDUSTRIES, INC.",3402 JP,BB Ticker,Japan,,,
Balanced Growth,LISTED EQUITY,AUCKLAND INTERNATIONAL AIRPORT LTD.,AIA NZ,BB Ticker,New Zealand,,,
Balanced Growth,LISTED EQUITY,INDUSTRIVARDEN AB,INDUA SS,BB Ticker,Sweden,,,
Balanced Growth,LISTED EQUITY,TERNA - RETE ELETTRICA NAZIONALE,TRN IM,BB Ticker,Italy,,,
Balanced Growth,LISTED EQUITY,"ROGERS COMMUNICATIONS, INC.",RCIB CN,BB Ticker,Canada,,,
Balanced Growth,LISTED EQUITY,VAT GROUP AG,VACN SW,BB Ticker,Switzerland,,,
Balanced Growth,LISTED EQUITY,GENUSPLUS GROUP LTD.,GNP AU,BB Ticker,Australia,,,
Balanced Growth,LISTED EQUITY,"RAKUTEN GROUP, INC.",4755 JP,BB Ticker,Japan,,,
Balanced Growth,LISTED EQUITY,"SHIMANO, INC.",7309 JP,BB Ticker,Japan,,,
Balanced Growth,LISTED EQUITY,SOUTHERN CROSS ELECTRICAL ENGINEERING LTD.,SXE AU,BB Ticker,Australia,,,
Balanced Growth,LISTED EQUITY,"GFL ENVIRONMENTAL, INC.",GFL CN,BB Ticker,Canada,,,
Balanced Growth,LISTED EQUITY,SNAM SPA,SRG IM,BB Ticker,Italy,,,
Balanced Growth,LISTED EQUITY,TMX GROUP LTD.,X CN,BB Ticker,Canada,,,
Balanced Growth,LISTED EQUITY,"DESCARTES SYSTEMS GROUP, INC.",DSG CN,BB Ticker,Canada,,,
Balanced Growth,LISTED EQUITY,GALDERMA GROUP AG,GALD SW,BB Ticker,Switzerland,,,
Balanced Growth,LISTED EQUITY,HEIDELBERGCEMENT AG,HEI GR,BB Ticker,Germany,,,
Balanced Growth,LISTED EQUITY,OTSUKA CORP.,4768 JP,BB Ticker,Japan,,,
Balanced Growth,LISTED EQUITY,SECURITAS AB,SECUB SS,BB Ticker,Sweden,,,
Balanced Growth,LISTED EQUITY,EDENRED,EDEN FP,BB Ticker,France,,,
Balanced Growth,LISTED EQUITY,ISRAEL DISCOUNT BANK LTD.,DSCT IT,BB Ticker,Israel,,,
Balanced Growth,LISTED EQUITY,BANCO DE SABADELL SA,SAB SM,BB Ticker,Spain,,,
Balanced Growth,LISTED EQUITY,INDUSTRIVARDEN AB,INDUC SS,BB Ticker,Sweden,,,
Balanced Growth,LISTED EQUITY,"GREAT-WEST LIFECO, INC.",GWO CN,BB Ticker,Canada,,,
Balanced Growth,LISTED EQUITY,OBIC CO. LTD.,4684 JP,BB Ticker,Japan,,,
Balanced Growth,LISTED EQUITY,ELBIT SYSTEMS LTD.,ESLT IT,BB Ticker,Israel,,,
Balanced Growth,LISTED EQUITY,BROOKFIELD RENEWABLE CORP.,BEPC CN,BB Ticker,Canada,,,
Balanced Growth,LISTED EQUITY,HENKEL AG & CO. KGAA,HEN GR,BB Ticker,Germany,,,
Balanced Growth,LISTED EQUITY,ACCOR SA,AC FP,BB Ticker,France,,,
Balanced Growth,LISTED EQUITY,H & M HENNES & MAURITZ AB,HMB SS,BB Ticker,Sweden,,,
Balanced Growth,LISTED EQUITY,SEVERN TRENT PLC,SVT LN,BB Ticker,United Kingdom,,,
Balanced Growth,LISTED EQUITY,HALMA PLC,HLMA LN,BB Ticker,United Kingdom,,,
Balanced Growth,LISTED EQUITY,PAN AMERICAN SILVER CORP.,PAAS CN,BB Ticker,Canada,,,
Balanced Growth,LISTED EQUITY,SMITH & NEPHEW PLC,SN LN,BB Ticker,United Kingdom,,,
Balanced Growth,LISTED EQUITY,LIFCO AB,LIFCOB SS,BB Ticker,Sweden,,,
Balanced Growth,LISTED EQUITY,QIAGEN NV,QIA GR,BB Ticker,Germany,,,
Balanced Growth,LISTED EQUITY,BALOISE HOLDING AG,BALN SW,BB Ticker,Switzerland,,,
Balanced Growth,LISTED EQUITY,ORKLA ASA,ORK NO,BB Ticker,Belgium,,,
Balanced Growth,LISTED EQUITY,REGAL PARTNERS LTD.,RPL AU,BB Ticker,Australia,,,
Balanced Growth,LISTED EQUITY,HONG KONG & CHINA GAS CO. LTD.,3 HK,BB Ticker,Hong Kong,,,
Balanced Growth,LISTED EQUITY,ALTAGAS LTD.,ALA CN,BB Ticker,Canada,,,
Balanced Growth,LISTED EQUITY,CK ASSET HOLDINGS LTD.,1113 HK,BB Ticker,Hong Kong,,,
Balanced Growth,LISTED EQUITY,CANADIAN TIRE CORP. LTD.,CTCA CN,BB Ticker,Canada,,,
Balanced Growth,LISTED EQUITY,CATALYST METALS LTD.,CYL AU,BB Ticker,Australia,,,
Balanced Growth,LISTED EQUITY,TELUS CORP.,T CN,BB Ticker,Canada,,,
Balanced Growth,LISTED EQUITY,"TIS, INC.",3626 JP,BB Ticker,Japan,,,
Balanced Growth,LISTED EQUITY,TALANX AG,TLX GR,BB Ticker,Germany,,,
Balanced Growth,LISTED EQUITY,EISAI CO. LTD.,4523 JP,BB Ticker,Japan,,,
Balanced Growth,LISTED EQUITY,"KANSAI ELECTRIC POWER CO., INC.",9503 JP,BB Ticker,Japan,,,
Balanced Growth,LISTED EQUITY,"MAGNA INTERNATIONAL, INC.",MG CN,BB Ticker,Canada,,,
Balanced Growth,LISTED EQUITY,POSTE ITALIANE SPA,PST IM,BB Ticker,Italy,,,
Balanced Growth,LISTED EQUITY,KEPPEL CORP. LTD.,KEP SP,BB Ticker,Singapore,,,
Balanced Growth,LISTED EQUITY,"SBI HOLDINGS, INC.",8473 JP,BB Ticker,Japan,,,
Balanced Growth,LISTED EQUITY,WHITBREAD PLC,WTB LN,BB Ticker,United Kingdom,,,
Balanced Growth,LISTED EQUITY,SKANSKA AB,SKAB SS,BB Ticker,Sweden,,,
Balanced Growth,LISTED EQUITY,ELEMENT FLEET MANAGEMENT CORP.,EFN CN,BB Ticker,Canada,,,
Balanced Growth,LISTED EQUITY,"CAE, INC.",CAE CN,BB Ticker,Canada,,,
Balanced Growth,LISTED EQUITY,SYSMEX CORP.,6869 JP,BB Ticker,Japan,,,
Balanced Growth,LISTED EQUITY,EDP RENOVAVEIS SA,EDPR PL,BB Ticker,Portugal,,,
Balanced Growth,LISTED EQUITY,PHOENIX GROUP HOLDINGS PLC,PHNX LN,BB Ticker,United Kingdom,,,
Balanced Growth,LISTED EQUITY,"HANKYU HANSHIN HOLDINGS, INC.",9042 JP,BB Ticker,Japan,,,
Balanced Growth,LISTED EQUITY,MIZRAHI TEFAHOT BANK LTD.,MZTF IT,BB Ticker,Israel,,,
Balanced Growth,LISTED EQUITY,TOHO CO. LTD.,9602 JP,BB Ticker,Japan,,,
Balanced Growth,LISTED EQUITY,LASERTEC CORP.,6920 JP,BB Ticker,Japan,,,
Balanced Growth,LISTED EQUITY,WILMAR INTERNATIONAL LTD.,WIL SP,BB Ticker,Singapore,,,
Balanced Growth,LISTED EQUITY,SIG GROUP AG,SIGN SW,BB Ticker,Switzerland,,,
Balanced Growth,LISTED EQUITY,TENARIS SA,TEN IM,BB Ticker,Italy,,,
Balanced Growth,LISTED EQUITY,ARCELORMITTAL SA,MT NA,BB Ticker,Netherlands,,,
Balanced Growth,LISTED EQUITY,GALP ENERGIA SGPS SA,GALP PL,BB Ticker,Portugal,,,
Balanced Growth,LISTED EQUITY,HENDERSON LAND DEVELOPMENT CO. LTD.,12 HK,BB Ticker,Hong Kong,,,
Balanced Growth,LISTED EQUITY,JAPAN POST INSURANCE CO. LTD.,7181 JP,BB Ticker,Japan,,,
Balanced Growth,LISTED EQUITY,AKZO NOBEL NV,AKZA NA,BB Ticker,Netherlands,,,
Balanced Growth,LISTED EQUITY,WPP PLC,WPP LN,BB Ticker,United Kingdom,,,
Balanced Growth,LISTED EQUITY,TRYG AS,TRYG DC,BB Ticker,Denmark,,,
Balanced Growth,LISTED EQUITY,MONDAY.COM LTD.,MNDY US,BB Ticker,United States,,,
Balanced Growth,LISTED EQUITY,AIB GROUP PLC,AIBG ID,BB Ticker,Ireland,,,
Balanced Growth,LISTED EQUITY,ONEX CORP.,ONEX CN,BB Ticker,Canada,,,
Balanced Growth,LISTED EQUITY,CARREFOUR SA,CA FP,BB Ticker,France,,,
Balanced Growth,LISTED EQUITY,TOKYU CORP.,9005 JP,BB Ticker,Japan,,,
Balanced Growth,LISTED EQUITY,ARC RESOURCES LTD.,ARX CN,BB Ticker,Canada,,,
Balanced Growth,LISTED EQUITY,CAPCOM CO. LTD.,9697 JP,BB Ticker,Japan,,,
Balanced Growth,LISTED EQUITY,ADDTECH AB,ADDTB SS,BB Ticker,Sweden,,,
Balanced Growth,LISTED EQUITY,GENERATION DEVELOPMENT GROUP LTD.,GDG AU,BB Ticker,Australia,,,
Balanced Growth,LISTED EQUITY,SINGAPORE AIRLINES LTD.,SIA SP,BB Ticker,Singapore,,,
Balanced Growth,LISTED EQUITY,OSAKA GAS CO. LTD.,9532 JP,BB Ticker,Japan,,,
Balanced Growth,LISTED EQUITY,HELVETIA HOLDING AG,HELN SW,BB Ticker,Switzerland,,,
Balanced Growth,LISTED EQUITY,TOROMONT INDUSTRIES LTD.,TIH CN,BB Ticker,Canada,,,
Balanced Growth,LISTED EQUITY,DCC PLC,DCC LN,BB Ticker,United Kingdom,,,
Balanced Growth,LISTED EQUITY,HOSHIZAKI CORP.,6465 JP,BB Ticker,Japan,,,
Balanced Growth,LISTED EQUITY,BOLLORE SE,BOL FP,BB Ticker,France,,,
Balanced Growth,LISTED EQUITY,GETLINK SE,GET FP,BB Ticker,France,,,
Balanced Growth,LISTED EQUITY,"TREND MICRO, INC.",4704 JP,BB Ticker,Japan,,,
Balanced Growth,LISTED EQUITY,KIKKOMAN CORP.,2801 JP,BB Ticker,Japan,,,
Balanced Growth,LISTED EQUITY,MERIDIAN ENERGY LTD.,MEL NZ,BB Ticker,New Zealand,,,
Balanced Growth,LISTED EQUITY,YAKULT HONSHA CO. LTD.,2267 JP,BB Ticker,Japan,,,
Balanced Growth,LISTED EQUITY,"SAPUTO, INC.",SAP CN,BB Ticker,Canada,,,
Balanced Growth,LISTED EQUITY,Z HOLDINGS CORP.,4689 JP,BB Ticker,Japan,,,
Balanced Growth,LISTED EQUITY,DAIFUKU CO. LTD.,6383 JP,BB Ticker,Japan,,,
Balanced Growth,LISTED EQUITY,TELE2 AB,TEL2B SS,BB Ticker,Sweden,,,
Balanced Growth,LISTED EQUITY,ALSTOM SA,ALO FP,BB Ticker,France,,,
Balanced Growth,LISTED EQUITY,HORIZON OIL LTD.,HZN AU,BB Ticker,Australia,,,
Balanced Growth,LISTED EQUITY,BAYERISCHE MOTOREN WERKE AG,BMW3 GR,BB Ticker,Germany,,,
Balanced Growth,LISTED EQUITY,IMCD NV,IMCD NA,BB Ticker,Netherlands,,,
Balanced Growth,LISTED EQUITY,SWIRE PACIFIC LTD.,19 HK,BB Ticker,Hong Kong,,,
Balanced Growth,LISTED EQUITY,MOWI ASA,MOWI NO,BB Ticker,Belgium,,,
Balanced Growth,LISTED EQUITY,KAJIMA CORP.,1812 JP,BB Ticker,Japan,,,
Balanced Growth,LISTED EQUITY,LOTUS BAKERIES NV,LOTB BB,BB Ticker,Belgium,,,
Balanced Growth,LISTED EQUITY,INDUTRADE AB,INDT SS,BB Ticker,Sweden,,,
Balanced Growth,LISTED EQUITY,HANG SENG BANK LTD.,11 HK,BB Ticker,Hong Kong,,,
Balanced Growth,LISTED EQUITY,TAYLOR WIMPEY PLC,TW LN,BB Ticker,United Kingdom,,,
Balanced Growth,LISTED EQUITY,YAMAHA MOTOR CO. LTD.,7272 JP,BB Ticker,Japan,,,
Balanced Growth,LISTED EQUITY,SUMITOMO REALTY & DEVELOPMENT CO. LTD.,8830 JP,BB Ticker,Japan,,,
Balanced Growth,LISTED EQUITY,ZEALAND PHARMA AS,ZEAL DC,BB Ticker,Denmark,,,
Balanced Growth,LISTED EQUITY,SHISEIDO CO. LTD.,4911 JP,BB Ticker,Japan,,,
Balanced Growth,LISTED EQUITY,HKT TRUST & HKT LTD.,6823 HK,BB Ticker,Hong Kong,,,
Balanced Growth,LISTED EQUITY,SINGAPORE EXCHANGE LTD.,SGX SP,BB Ticker,Singapore,,,
Balanced Growth,LISTED EQUITY,ASR NEDERLAND NV,ASRNL NA,BB Ticker,Netherlands,,,
Balanced Growth,LISTED EQUITY,MONOTARO CO. LTD.,3064 JP,BB Ticker,Japan,,,
Balanced Growth,LISTED EQUITY,GLOBAL-E ONLINE LTD.,GLBE US,BB Ticker,United States,,,
Balanced Growth,LISTED EQUITY,RATIONAL AG,RAA GR,BB Ticker,Germany,,,
Balanced Growth,LISTED EQUITY,CONCORDIA FINANCIAL GROUP LTD.,7186 JP,BB Ticker,Japan,,,
Balanced Growth,LISTED EQUITY,TOTO LTD.,5332 JP,BB Ticker,Japan,,,
Balanced Growth,LISTED EQUITY,WEST FRASER TIMBER CO. LTD.,WFG CN,BB Ticker,Canada,,,
Balanced Growth,LISTED EQUITY,EPIROC AB,EPIB SS,BB Ticker,Sweden,,,
Balanced Growth,LISTED EQUITY,SODEXO SA,SW FP,BB Ticker,France,,,
Balanced Growth,LISTED EQUITY,ZENSHO HOLDINGS CO. LTD.,7550 JP,BB Ticker,Japan,,,
Balanced Growth,LISTED EQUITY,WISE PLC,WISE LN,BB Ticker,United Kingdom,,,
Balanced Growth,LISTED EQUITY,KNORR-BREMSE AG,KBX GR,BB Ticker,Germany,,,
Balanced Growth,LISTED EQUITY,SVENSKA CELLULOSA AB SCA,SCAB SS,BB Ticker,Sweden,,,
Balanced Growth,LISTED EQUITY,BOUYGUES SA,EN FP,BB Ticker,France,,,
Balanced Growth,LISTED EQUITY,AISIN CORP.,7259 JP,BB Ticker,Japan,,,
Balanced Growth,LISTED EQUITY,SWATCH GROUP AG,UHR SW,BB Ticker,Switzerland,,,
Balanced Growth,LISTED EQUITY,RANDSTAD NV,RAND NA,BB Ticker,Netherlands,,,
Balanced Growth,LISTED EQUITY,"DENTSU GROUP, INC.",4324 JP,BB Ticker,Japan,,,
Balanced Growth,LISTED EQUITY,FASTIGHETS AB BALDER,BALDB SS,BB Ticker,Sweden,,,
Balanced Growth,LISTED EQUITY,SUNTORY BEVERAGE & FOOD LTD.,2587 JP,BB Ticker,Japan,,,
Balanced Growth,LISTED EQUITY,FORTUM OYJ,FORTUM FH,BB Ticker,Finland,,,
Balanced Growth,LISTED EQUITY,SAGAX AB,SAGAB SS,BB Ticker,Sweden,,,
Balanced Growth,LISTED EQUITY,ADMIRAL GROUP PLC,ADM LN,BB Ticker,United Kingdom,,,
Balanced Growth,LISTED EQUITY,SKF AB,SKFB SS,BB Ticker,Sweden,,,
Balanced Growth,LISTED EQUITY,TAISEI CORP.,1801 JP,BB Ticker,Japan,,,
Balanced Growth,LISTED EQUITY,ARKEMA SA,AKE FP,BB Ticker,France,,,
Balanced Growth,LISTED EQUITY,EUROFINS SCIENTIFIC SE,ERF FP,BB Ticker,France,,,
Balanced Growth,LISTED EQUITY,NEMETSCHEK SE,NEM GR,BB Ticker,Germany,,,
Balanced Growth,LISTED EQUITY,BOLIDEN AB,BOL SS,BB Ticker,Sweden,,,
Balanced Growth,LISTED EQUITY,DELIVERY HERO SE,DHER GR,BB Ticker,Germany,,,
Balanced Growth,LISTED EQUITY,JUPITER MINES LTD.,JMS AU,BB Ticker,Australia,,,
Balanced Growth,LISTED EQUITY,NISSIN FOODS HOLDINGS CO. LTD.,2897 JP,BB Ticker,Japan,,,
Balanced Growth,LISTED EQUITY,NORSK HYDRO ASA,NHY NO,BB Ticker,Belgium,,,
Balanced Growth,LISTED EQUITY,OPEN TEXT CORP.,OTEX CN,BB Ticker,Canada,,,
Balanced Growth,LISTED EQUITY,OMRON CORP.,6645 JP,BB Ticker,Japan,,,
Balanced Growth,LISTED EQUITY,JERONIMO MARTINS SGPS SA,JMT PL,BB Ticker,Portugal,,,
Balanced Growth,LISTED EQUITY,BERKELEY GROUP HOLDINGS PLC,BKG LN,BB Ticker,United Kingdom,,,
Balanced Growth,LISTED EQUITY,REXEL SA,RXL FP,BB Ticker,France,,,
Balanced Growth,LISTED EQUITY,SWEDISH ORPHAN BIOVITRUM AB,SOBI SS,BB Ticker,Sweden,,,
Balanced Growth,LISTED EQUITY,"TOPPAN, INC.",7911 JP,BB Ticker,Japan,,,
Balanced Growth,LISTED EQUITY,ONO PHARMACEUTICAL CO. LTD.,4528 JP,BB Ticker,Japan,,,
Balanced Growth,LISTED EQUITY,"ZOZO, INC.",3092 JP,BB Ticker,Japan,,,
Balanced Growth,LISTED EQUITY,VERBUND AG,VER AV,BB Ticker,Austria,,,
Balanced Growth,LISTED EQUITY,SOLVAR LTD.,SVR AU,BB Ticker,Australia,,,
Balanced Growth,LISTED EQUITY,TEMENOS AG,TEMN SW,BB Ticker,Switzerland,,,
Balanced Growth,LISTED EQUITY,CHIBA BANK LTD.,8331 JP,BB Ticker,Japan,,,
Balanced Growth,LISTED EQUITY,"MITSUI CHEMICALS, INC.",4183 JP,BB Ticker,Japan,,,
Balanced Growth,LISTED EQUITY,"SHIZUOKA FINANCIAL GROUP, INC.",5831 JP,BB Ticker,Japan,,,
Balanced Growth,LISTED EQUITY,KOBE BUSSAN CO. LTD.,3038 JP,BB Ticker,Japan,,,
Balanced Growth,LISTED EQUITY,NESTE OYJ,NESTE FH,BB Ticker,Finland,,,
Balanced Growth,LISTED EQUITY,MONDI PLC,MNDI LN,BB Ticker,United Kingdom,,,
Balanced Growth,LISTED EQUITY,NISSAN MOTOR CO. LTD.,7201 JP,BB Ticker,Japan,,,
Balanced Growth,LISTED EQUITY,NIPPON SANSO HOLDINGS CORP.,4091 JP,BB Ticker,Japan,,,
Balanced Growth,LISTED EQUITY,BARRY CALLEBAUT AG,BARN SW,BB Ticker,Switzerland,,,
Balanced Growth,LISTED EQUITY,AUSTRALIAN FINANCE GROUP LTD.,AFG AU,BB Ticker,Australia,,,
Balanced Growth,LISTED EQUITY,METSO OUTOTEC OYJ,METSO FH,BB Ticker,Finland,,,
Balanced Growth,LISTED EQUITY,NIPPON PAINT HOLDINGS CO. LTD.,4612 JP,BB Ticker,Japan,,,
Balanced Growth,LISTED EQUITY,PARKLAND CORP.,PKI CN,BB Ticker,Canada,,,
Balanced Growth,LISTED EQUITY,"CHUBU ELECTRIC POWER CO., INC.",9502 JP,BB Ticker,Japan,,,
Balanced Growth,LISTED EQUITY,ANTOFAGASTA PLC,ANTO LN,BB Ticker,United Kingdom,,,
Balanced Growth,LISTED EQUITY,LEG IMMOBILIEN SE,LEG GR,BB Ticker,Germany,,,
Balanced Growth,LISTED EQUITY,HARGREAVES LANSDOWN PLC,HL LN,BB Ticker,United Kingdom,,,
Balanced Growth,LISTED EQUITY,SAAB AB,SAABB SS,BB Ticker,Sweden,,,
Balanced Growth,LISTED EQUITY,SUMITOMO METAL MINING CO. LTD.,5713 JP,BB Ticker,Japan,,,
Balanced Growth,LISTED EQUITY,ALKANE RESOURCES LTD.,ALK AU,BB Ticker,Australia,,,
Balanced Growth,LISTED EQUITY,STORA ENSO OYJ,STERV FH,BB Ticker,Finland,,,
Balanced Growth,LISTED EQUITY,D'IETEREN GROUP,DIE BB,BB Ticker,Belgium,,,
Balanced Growth,LISTED EQUITY,SYENSQO SA,SYENS BB,BB Ticker,Belgium,,,
Balanced Growth,LISTED EQUITY,MTR CORP. LTD.,66 HK,BB Ticker,Hong Kong,,,
Balanced Growth,LISTED EQUITY,PERSIMMON PLC,PSN LN,BB Ticker,United Kingdom,,,
Balanced Growth,LISTED EQUITY,DR ING HC F PORSCHE AG,P911 GR,BB Ticker,Germany,,,
Balanced Growth,LISTED EQUITY,"MINEBEA MITSUMI, INC.",6479 JP,BB Ticker,Japan,,,
Balanced Growth,LISTED EQUITY,NEXI SPA,NEXI IM,BB Ticker,Italy,,,
Balanced Growth,LISTED EQUITY,INPOST SA,INPST NA,BB Ticker,Netherlands,,,
Balanced Growth,LISTED EQUITY,AMPLIFON SPA,AMP IM,BB Ticker,Italy,,,
Balanced Growth,LISTED EQUITY,BPER BANCA SPA,BPE IM,BB Ticker,Italy,,,
Balanced Growth,LISTED EQUITY,SARTORIUS STEDIM BIOTECH,DIM FP,BB Ticker,France,,,
Balanced Growth,LISTED EQUITY,SITC INTERNATIONAL HOLDINGS CO. LTD.,1308 HK,BB Ticker,Hong Kong,,,
Balanced Growth,LISTED EQUITY,SALMAR ASA,SALM NO,BB Ticker,Belgium,,,
Balanced Growth,LISTED EQUITY,WHARF HOLDINGS LTD.,4 HK,BB Ticker,Hong Kong,,,
Balanced Growth,LISTED EQUITY,ADECCO GROUP AG,ADEN SW,BB Ticker,Switzerland,,,
Balanced Growth,LISTED EQUITY,YASKAWA ELECTRIC CORP.,6506 JP,BB Ticker,Japan,,,
Balanced Growth,LISTED EQUITY,DEMANT AS,DEMANT DC,BB Ticker,Denmark,,,
Balanced Growth,LISTED EQUITY,"TOKYO ELECTRIC POWER CO. HOLDINGS, INC.",9501 JP,BB Ticker,Japan,,,
Balanced Growth,LISTED EQUITY,BEIJER REF AB,BEIJB SS,BB Ticker,Sweden,,,
Balanced Growth,LISTED EQUITY,ENTAIN PLC,ENT LN,BB Ticker,United Kingdom,,,
Balanced Growth,LISTED EQUITY,DAVIDE CAMPARI-MILANO NV,CPR IM,BB Ticker,Italy,,,
Balanced Growth,LISTED EQUITY,FUTU HOLDINGS LTD.,FUTU US,BB Ticker,United States,,,
Balanced Growth,LISTED EQUITY,NEXON CO. LTD.,3659 JP,BB Ticker,Japan,,,
Balanced Growth,LISTED EQUITY,GETINGE AB,GETIB SS,BB Ticker,Sweden,,,
Balanced Growth,LISTED EQUITY,PUMA SE,PUM GR,BB Ticker,Germany,,,
Balanced Growth,LISTED EQUITY,"M3, INC.",2413 JP,BB Ticker,Japan,,,
Balanced Growth,LISTED EQUITY,KAWASAKI KISEN KAISHA LTD.,9107 JP,BB Ticker,Japan,,,
Balanced Growth,LISTED EQUITY,MEG ENERGY CORP.,MEG CN,BB Ticker,Canada,,,
Balanced Growth,LISTED EQUITY,NIBE INDUSTRIER AB,NIBEB SS,BB Ticker,Sweden,,,
Balanced Growth,LISTED EQUITY,LUNDIN MINING CORP.,LUN CN,BB Ticker,Canada,,,
Balanced Growth,LISTED EQUITY,BANQUE CANTONALE VAUDOISE,BCVN SW,BB Ticker,Switzerland,,,
Balanced Growth,LISTED EQUITY,AEROPORTS DE PARIS,ADP FP,BB Ticker,France,,,
Balanced Growth,LISTED EQUITY,"JFE HOLDINGS, INC.",5411 JP,BB Ticker,Japan,,,
Balanced Growth,LISTED EQUITY,MERCURY NZ LTD.,MCY NZ,BB Ticker,New Zealand,,,
Balanced Growth,LISTED EQUITY,HUMM GROUP LTD.,HUM AU,BB Ticker,Australia,,,
Balanced Growth,LISTED EQUITY,MCDONALD'S HOLDINGS CO. JAPAN LTD.,2702 JP,BB Ticker,Japan,,,
Balanced Growth,LISTED EQUITY,INFRATIL LTD.,IFT NZ,BB Ticker,New Zealand,,,
Balanced Growth,LISTED EQUITY,"AGC, INC.",5201 JP,BB Ticker,Japan,,,
Balanced Growth,LISTED EQUITY,GENTING SINGAPORE LTD.,GENS SP,BB Ticker,Singapore,,,
Balanced Growth,LISTED EQUITY,PANTORO LTD.,PNR AU,BB Ticker,Australia,,,
Balanced Growth,LISTED EQUITY,BACHEM HOLDING AG,BANB SW,BB Ticker,Switzerland,,,
Balanced Growth,LISTED EQUITY,YARA INTERNATIONAL ASA,YAR NO,BB Ticker,Belgium,,,
Balanced Growth,LISTED EQUITY,GRIFOLS SA,GRF SM,BB Ticker,Spain,,,
Balanced Growth,LISTED EQUITY,AVOLTA AG,AVOL SW,BB Ticker,Switzerland,,,
Balanced Growth,LISTED EQUITY,JDE PEET'S NV,JDEP NA,BB Ticker,Netherlands,,,
Balanced Growth,LISTED EQUITY,JD SPORTS FASHION PLC,JD LN,BB Ticker,United Kingdom,,,
Balanced Growth,LISTED EQUITY,TELEPERFORMANCE,TEP FP,BB Ticker,France,,,
Balanced Growth,LISTED EQUITY,AUTOSPORTS GROUP LTD.,ASG AU,BB Ticker,Australia,,,
Balanced Growth,LISTED EQUITY,CARL ZEISS MEDITEC AG,AFX GR,BB Ticker,Germany,,,
Balanced Growth,LISTED EQUITY,POINTSBET HOLDINGS LTD.,PBH AU,BB Ticker,Australia,,,
Balanced Growth,LISTED EQUITY,AURELIA METALS LTD.,AMI AU,BB Ticker,Australia,,,
Balanced Growth,LISTED EQUITY,BECHTLE AG,BC8 GR,BB Ticker,Germany,,,
Balanced Growth,LISTED EQUITY,AIC MINES LTD.,A1M AU,BB Ticker,Australia,,,
Balanced Growth,LISTED EQUITY,ELIA GROUP SA,ELI BB,BB Ticker,Belgium,,,
Balanced Growth,LISTED EQUITY,"HIKARI TSUSHIN, INC.",9435 JP,BB Ticker,Japan,,,
Balanced Growth,LISTED EQUITY,FALCON METALS LTD.,FAL AU,BB Ticker,Australia,,,
Balanced Growth,LISTED EQUITY,CANAL & FRANCE SA,YA3 GR,BB Ticker,Germany,,,
Balanced Growth,LISTED EQUITY,STEP ONE CLOTHING LTD.,STP AU,BB Ticker,Australia,,,
Balanced Growth,LISTED EQUITY,KOKUSAI ELECTRIC CORP.,6525 JP,BB Ticker,Japan,,,
Balanced Growth,LISTED EQUITY,GLOBAL DATA CENTRE GROUP,GDC AU,BB Ticker,Australia,,,
Balanced Growth,LISTED EQUITY,SOLSTICE MINERALS LTD.,SLS AU,BB Ticker,Australia,,,
Balanced Growth,LISTED EQUITY,SCHINDLER HOLDING AG,SCHN SW,BB Ticker,Switzerland,,,
Balanced Growth,LISTED EQUITY,ELISA OYJ,ELISA FH,BB Ticker,Finland,,,
Balanced Growth,LISTED EQUITY,VOLVO AB,VOLVA SS,BB Ticker,Sweden,,,
Balanced Growth,LISTED EQUITY,RECORDATI INDUSTRIA CHIMICA E FARMACEUTICA SPA,REC IM,BB Ticker,Italy,,,
Balanced Growth,LISTED EQUITY,SG HOLDINGS CO. LTD.,9143 JP,BB Ticker,Japan,,,
Balanced Growth,LISTED EQUITY,SINGAPORE TECHNOLOGIES ENGINEERING LTD.,STE SP,BB Ticker,Singapore,,,
Balanced Growth,LISTED EQUITY,DGL GROUP LTD.,DGL AU,BB Ticker,Australia,,,
Balanced Growth,LISTED EQUITY,EMS-CHEMIE HOLDING AG,EMSN SW,BB Ticker,Switzerland,,,
Balanced Growth,LISTED EQUITY,KESKO OYJ,KESKOB FH,BB Ticker,Finland,,,
Balanced Growth,LISTED EQUITY,ORION OYJ,ORNBV FH,BB Ticker,Finland,,,
Balanced Growth,LISTED EQUITY,AP MOLLER - MAERSK AS,MAERSKA DC,BB Ticker,Denmark,,,
Balanced Growth,LISTED EQUITY,HAVAS NV,HAVAS NA,BB Ticker,Netherlands,,,
Balanced Growth,LISTED EQUITY,BIOMERIEUX,BIM FP,BB Ticker,France,,,
Balanced Growth,LISTED EQUITY,IPSEN SA,IPN FP,BB Ticker,France,,,
Balanced Growth,LISTED EQUITY,HIKMA PHARMACEUTICALS PLC,HIK LN,BB Ticker,United Kingdom,,,
Balanced Growth,LISTED EQUITY,AMUNDI SA,AMUN FP,BB Ticker,France,,,
Balanced Growth,LISTED EQUITY,INVESTMENT AB LATOUR,LATOB SS,BB Ticker,Sweden,,,
Balanced Growth,LISTED EQUITY,AZRIELI GROUP LTD.,AZRG IT,BB Ticker,Israel,,,
Balanced Growth,LISTED EQUITY,SCSK CORP.,9719 JP,BB Ticker,Japan,,,
Balanced Growth,LISTED EQUITY,GJENSIDIGE FORSIKRING ASA,GJF NO,BB Ticker,Belgium,,,
Balanced Growth,LISTED EQUITY,BKW AG,BKW SW,BB Ticker,Switzerland,,,
Balanced Growth,LISTED EQUITY,SOFINA SA,SOF BB,BB Ticker,Belgium,,,
Balanced Growth,LISTED EQUITY,L E LUNDBERGFORETAGEN AB,LUNDB SS,BB Ticker,Sweden,,,
Balanced Growth,LISTED EQUITY,SCHRODERS PLC,SDR LN,BB Ticker,United Kingdom,,,
Balanced Growth,LISTED EQUITY,HOLMEN AB,HOLMB SS,BB Ticker,Sweden,,,
Balanced Growth,LISTED EQUITY,"QUEBECOR, INC.",QBRB CN,BB Ticker,Canada,,,
Balanced Growth,LISTED EQUITY,ICL GROUP LTD.,ICL IT,BB Ticker,Israel,,,
Balanced Growth,LISTED EQUITY,ORACLE CORP. JAPAN,4716 JP,BB Ticker,Japan,,,
Balanced Growth,LISTED EQUITY,TELECOM ITALIA SPA,TIT IM,BB Ticker,Italy,,,
Balanced Growth,LISTED EQUITY,CLARIANT AG,CLN SW,BB Ticker,Switzerland,,,
Balanced Growth,LISTED EQUITY,SEB SA,SK FP,BB Ticker,France,,,
Balanced Growth,LISTED EQUITY,HITACHI CONSTRUCTION MACHINERY CO. LTD.,6305 JP,BB Ticker,Japan,,,
Balanced Growth,LISTED EQUITY,"BCE, INC.",BCE CN,BB Ticker,Canada,,,
Balanced Growth,LISTED EQUITY,PPK MINING EQUIPMENT GROUP PTY LTD.,PPK AU,BB Ticker,Australia,,,
Balanced Growth,LISTED EQUITY,TRAVIS PERKINS PLC,TPK LN,BB Ticker,United Kingdom,,,
Balanced Growth,LISTED EQUITY,ATLANTIC LITHIUM LTD.,A11 AU,BB Ticker,Australia,,,
Balanced Growth,LISTED EQUITY,BELUGA GROUP PJSC,BELU RM,BB Ticker,Russia,,,
Balanced Growth,LISTED PROPERTY,GOODMAN GROUP,GMG AU,BB Ticker,Australia,,,
Balanced Growth,LISTED PROPERTY,MIRVAC GROUP,MGR AU,BB Ticker,Australia,,,
Balanced Growth,LISTED PROPERTY,DEXUS,DXS AU,BB Ticker,Australia,,,
Balanced Growth,LISTED PROPERTY,HMC CAPITAL LTD.,HMC AU,BB Ticker,Australia,,,
Balanced Growth,LISTED PROPERTY,STOCKLAND,SGP AU,BB Ticker,Australia,,,
Balanced Growth,LISTED PROPERTY,CHARTER HALL GROUP,CHC AU,BB Ticker,Australia,,,
Balanced Growth,LISTED PROPERTY,"PROLOGIS, INC.",PLD US,BB Ticker,United States,,,
Balanced Growth,LISTED PROPERTY,DIGICO INFRASTRUCTURE REIT,DGT AU,BB Ticker,Australia,,,
Balanced Growth,LISTED PROPERTY,"EQUINIX, INC.",EQIX US,BB Ticker,United States,,,
Balanced Growth,LISTED PROPERTY,SCENTRE GROUP,SCG AU,BB Ticker,Australia,,,
Balanced Growth,LISTED PROPERTY,CHARTER HALL SOCIAL INFRASTRUCTURE REIT,CQE AU,BB Ticker,Australia,,,
Balanced Growth,LISTED PROPERTY,"SIMON PROPERTY GROUP, INC.",SPG US,BB Ticker,United States,,,
Balanced Growth,LISTED PROPERTY,AMERICAN TOWER CORP.,AMT US,BB Ticker,United States,,,
Balanced Growth,LISTED PROPERTY,WEYERHAEUSER CO.,WY US,BB Ticker,United States,,,
Balanced Growth,LISTED PROPERTY,"AVALONBAY COMMUNITIES, INC.",AVB US,BB Ticker,United States,,,
Balanced Growth,LISTED PROPERTY,CHARTER HALL RETAIL REIT,CQR AU,BB Ticker,Australia,,,
Balanced Growth,LISTED PROPERTY,WAYPOINT REIT LTD.,WPR AU,BB Ticker,Australia,,,
Balanced Growth,LISTED PROPERTY,"UDR, INC.",UDR US,BB Ticker,United States,,,
Balanced Growth,LISTED PROPERTY,"VICI PROPERTIES, INC.",VICI US,BB Ticker,United States,,,
Balanced Growth,LISTED PROPERTY,"CROWN CASTLE, INC.",CCI US,BB Ticker,United States,,,
Balanced Growth,LISTED PROPERTY,CAMDEN PROPERTY TRUST,CPT US,BB Ticker,United States,,,
Balanced Growth,LISTED PROPERTY,VICINITY LTD.,VCX AU,BB Ticker,Australia,,,
Balanced Growth,LISTED PROPERTY,GPT GROUP,GPT AU,BB Ticker,Australia,,,
Balanced Growth,LISTED PROPERTY,"ESSEX PROPERTY TRUST, INC.",ESS US,BB Ticker,United States,,,
Balanced Growth,LISTED PROPERTY,EQUITY RESIDENTIAL,EQR US,BB Ticker,United States,,,
Balanced Growth,LISTED PROPERTY,CHARTER HALL LONG WALE REIT,CLW AU,BB Ticker,Australia,,,
Balanced Growth,LISTED PROPERTY,REGENCY CENTERS CORP.,REG US,BB Ticker,United States,,,
Balanced Growth,LISTED PROPERTY,"WELLTOWER, INC.",WELL US,BB Ticker,United States,,,
Balanced Growth,LISTED PROPERTY,"WP CAREY, INC.",WPC US,BB Ticker,United States,,,
Balanced Growth,LISTED PROPERTY,BRITISH LAND CO. PLC,BLND LN,BB Ticker,United Kingdom,,,
Balanced Growth,LISTED PROPERTY,HOMECO DAILY NEEDS REIT,HDN AU,BB Ticker,Australia,,,
Balanced Growth,LISTED PROPERTY,GDI PROPERTY GROUP PARTNERSHIP,GDI AU,BB Ticker,Australia,,,
Balanced Growth,LISTED PROPERTY,REALTY INCOME CORP.,O US,BB Ticker,United States,,,
Balanced Growth,LISTED PROPERTY,SITE CENTERS CORP.,SITC US,BB Ticker,United States,,,
Balanced Growth,LISTED PROPERTY,ARENA REIT,ARF AU,BB Ticker,Australia,,,
Balanced Growth,LISTED PROPERTY,PUBLIC STORAGE,PSA US,BB Ticker,United States,,,
Balanced Growth,LISTED PROPERTY,"PIEDMONT OFFICE REALTY TRUST, INC.",PDM US,BB Ticker,United States,,,
Balanced Growth,LISTED PROPERTY,COVIVIO,COV FP,BB Ticker,France,,,
Balanced Growth,LISTED PROPERTY,SBA COMMUNICATIONS CORP.,SBAC US,BB Ticker,United States,,,
Balanced Growth,LISTED PROPERTY,"COUSINS PROPERTIES, INC.",CUZ US,BB Ticker,United States,,,
Balanced Growth,LISTED PROPERTY,LINK REIT,823 HK,BB Ticker,Hong Kong,,,
Balanced Growth,LISTED PROPERTY,"BRIXMOR PROPERTY GROUP, INC.",BRX US,BB Ticker,United States,,,
Balanced Growth,LISTED PROPERTY,LAMAR ADVERTISING CO.,LAMR US,BB Ticker,United States,,,
Balanced Growth,LISTED PROPERTY,KILROY REALTY CORP.,KRC US,BB Ticker,United States,,,
Balanced Growth,LISTED PROPERTY,CENTURIA CAPITAL GROUP,CNI AU,BB Ticker,Australia,,,
Balanced Growth,LISTED PROPERTY,"EXTRA SPACE STORAGE, INC.",EXR US,BB Ticker,United States,,,
Balanced Growth,LISTED PROPERTY,"GAMING & LEISURE PROPERTIES, INC.",GLPI US,BB Ticker,United States,,,
Balanced Growth,LISTED PROPERTY,"IRON MOUNTAIN, INC.",IRM US,BB Ticker,United States,,,
Balanced Growth,LISTED PROPERTY,"INVITATION HOMES, INC.",INVH US,BB Ticker,United States,,,
Balanced Growth,LISTED PROPERTY,GROWTHPOINT PROPERTIES AUSTRALIA LTD.,GOZ AU,BB Ticker,Australia,,,
Balanced Growth,LISTED PROPERTY,"EQUITY LIFESTYLE PROPERTIES, INC.",ELS US,BB Ticker,United States,,,
Balanced Growth,LISTED PROPERTY,BRANDYWINE REALTY TRUST,BDN US,BB Ticker,United States,,,
Balanced Growth,LISTED PROPERTY,CROMWELL PROPERTY GROUP,CMW AU,BB Ticker,Australia,,,
Balanced Growth,LISTED PROPERTY,BWP TRUST,BWP AU,BB Ticker,Australia,,,
Balanced Growth,LISTED PROPERTY,KIMCO REALTY CORP.,KIM US,BB Ticker,United States,,,
Balanced Growth,LISTED PROPERTY,CENTURIA INDUSTRIAL REIT,CIP AU,BB Ticker,Australia,,,
Balanced Growth,LISTED PROPERTY,AMERICAN HOMES 4 RENT,AMH US,BB Ticker,United States,,,
Balanced Growth,LISTED PROPERTY,ABACUS STORAGE KING,ASK AU,BB Ticker,Australia,,,
Balanced Growth,LISTED PROPERTY,"HEALTHCARE REALTY TRUST, INC.",HR US,BB Ticker,United States,,,
Balanced Growth,LISTED PROPERTY,"BOSTON PROPERTIES, INC.",BXP US,BB Ticker,United States,,,
Balanced Growth,LISTED PROPERTY,HOTEL PROPERTY INVESTMENTS LTD.,HPI AU,BB Ticker,Australia,,,
Balanced Growth,LISTED PROPERTY,"VENTAS, INC.",VTR US,BB Ticker,United States,,,
Balanced Growth,LISTED PROPERTY,"ANNALY CAPITAL MANAGEMENT, INC.",NLY US,BB Ticker,United States,,,
Balanced Growth,LISTED PROPERTY,"HIGHWOODS PROPERTIES, INC.",HIW US,BB Ticker,United States,,,
Balanced Growth,LISTED PROPERTY,"SUN COMMUNITIES, INC.",SUI US,BB Ticker,United States,,,
Balanced Growth,LISTED PROPERTY,GECINA SA,GFC FP,BB Ticker,France,,,
Balanced Growth,LISTED PROPERTY,"HOST HOTELS & RESORTS, INC.",HST US,BB Ticker,United States,,,
Balanced Growth,LISTED PROPERTY,HEALTHCO REIT,HCW AU,BB Ticker,Australia,,,
Balanced Growth,LISTED PROPERTY,"ALEXANDRIA REAL ESTATE EQUITIES, INC.",ARE US,BB Ticker,United States,,,
Balanced Growth,LISTED PROPERTY,UNIBAIL-RODAMCO-WESTFIELD,URW FP,BB Ticker,France,,,
Balanced Growth,LISTED PROPERTY,KLEPIERRE SA,LI FP,BB Ticker,France,,,
Balanced Growth,LISTED PROPERTY,REGION RE LTD.,RGN AU,BB Ticker,Australia,,,
Balanced Growth,LISTED PROPERTY,CENTURIA OFFICE REIT,COF AU,BB Ticker,Australia,,,
Balanced Growth,LISTED PROPERTY,H&R REAL ESTATE INVESTMENT TRUST,HRU CN,BB Ticker,Canada,,,
Balanced Growth,LISTED PROPERTY,NATIONAL STORAGE REIT,NSR AU,BB Ticker,Australia,,,
Balanced Growth,LISTED PROPERTY,SEGRO PLC,SGRO LN,BB Ticker,United Kingdom,,,
Balanced Growth,LISTED PROPERTY,DEXUS INDUSTRIA REIT,DXI AU,BB Ticker,Australia,,,
Balanced Growth,LISTED PROPERTY,CAPITALAND INTEGRATED COMMERCIAL TRUST,CICT SP,BB Ticker,Singapore,,,
Balanced Growth,LISTED PROPERTY,CAPITALAND ASCENDAS REIT,CLAR SP,BB Ticker,Singapore,,,
Balanced Growth,LISTED PROPERTY,"NIPPON BUILDING FUND, INC.",8951 JP,BB Ticker,Japan,,,
Balanced Growth,LISTED PROPERTY,LAND SECURITIES GROUP PLC,LAND LN,BB Ticker,United Kingdom,,,
Balanced Growth,LISTED PROPERTY,ABACUS GROUP,ABG AU,BB Ticker,Australia,,,
Balanced Growth,LISTED PROPERTY,JAPAN REAL ESTATE INVESTMENT CORP.,8952 JP,BB Ticker,Japan,,,
Balanced Growth,LISTED PROPERTY,WAREHOUSES DE PAUW CVA,WDP BB,BB Ticker,Belgium,,,
